,ts_code,trade_date,close,turnover_rate,turnover_rate_f,volume_ratio,pe,pe_ttm,pb,ps,ps_ttm,dv_ratio,dv_ttm,total_share,float_share,free_share,total_mv,circ_mv,limit_status
0,300329.SZ,20230106,7.14,2.2658,4.0839,0.63,,,1.962,3.4602,4.2104,0.0,,25288.878,25214.0431,13989.2231,180562.5889,180028.2677,0
1,600249.SH,20230106,5.23,1.7638,2.9504,1.33,332.2262,,1.375,4.0089,4.0918,0.0,,55000.0,55000.0,32880.6163,287650.0,287650.0,0
2,300707.SZ,20230106,15.86,2.8809,3.6022,1.39,51.0585,35.8303,3.2473,3.4515,2.877,0.2523,0.2523,15699.0727,11842.8872,9471.3452,248987.293,187828.191,0
3,603826.SH,20230106,51.56,0.1728,0.637,1.12,167.8858,252.4455,13.4559,27.0186,27.4896,0.0,,46800.0,46800.0,12696.179,2413008.0,2413008.0,0
4,600397.SH,20230106,3.04,1.1116,1.8326,1.04,54.5717,,6.0596,0.3207,0.3746,0.0,,98995.9882,98995.9882,60047.3792,300947.8041,300947.8041,0
5,000428.SZ,20230106,5.9,6.7836,15.1415,0.58,71.3721,45.6986,3.1077,10.1181,11.6662,0.0,,101892.6,101888.25,45647.358,601166.34,601140.675,0
6,600866.SH,20230106,6.39,1.607,2.0142,1.08,99.7166,73.6661,1.6466,8.5963,7.622,0.0,,166147.2616,73901.9166,58959.6746,1061681.0016,472233.2471,0
7,002146.SZ,20230106,2.2,1.2518,2.1296,1.16,,,0.2642,0.2025,0.3788,0.0,,434816.3851,390027.1351,229262.7583,956596.0472,858059.6972,0
8,600321.SH,20230106,1.83,0.614,1.1512,1.02,63.3873,,1.532,2.1885,2.5239,0.0,,151055.0,151055.0,80564.4137,276430.65,276430.65,0
9,300976.SZ,20230106,43.49,0.7908,0.9747,1.06,18.486,25.4571,1.3343,3.3831,3.3343,2.7457,2.7457,9445.14,3725.0714,3022.3107,410769.1386,162003.3552,0
10,600648.SH,20230106,12.08,0.209,0.5872,0.8,14.6355,11.5665,1.1859,1.5686,1.3673,6.8328,6.8328,113534.9124,93479.1624,33266.4508,1371501.7418,1129228.2818,0
11,300911.SZ,20230106,52.22,5.3898,5.3898,1.11,26.7857,26.1083,4.3962,4.5647,4.0573,1.1555,1.1555,10748.82,4201.549,4201.549,561303.3804,219404.8888,0
12,920879.BJ,20230106,5.68,0.7007,0.7007,0.69,15.9945,13.0411,1.4533,3.1099,2.812,,,14188.1412,5447.9255,5447.9255,80588.642,30944.2168,0
13,688114.SH,20230106,104.8,4.4883,4.4883,2.03,89.7898,21.2244,4.596,11.0528,9.9324,,,41433.473,3189.211,3189.211,4342227.9704,334229.3128,0
14,600967.SH,20230106,8.48,0.4473,1.0521,1.26,19.3578,17.5563,1.3517,1.046,0.8897,2.0637,2.0637,170425.1817,168963.1817,71830.9318,1445205.5408,1432807.7808,0
15,600039.SH,20230106,10.8,0.2161,0.7516,0.62,12.0465,8.2713,1.6884,0.7907,0.6746,3.3584,3.3584,622633.6775,474235.6089,136364.2123,6724443.717,5121744.5761,0
16,000031.SZ,20230106,3.81,0.6571,2.5453,1.13,151.9005,,0.8883,0.3832,0.3602,0.0,,428631.3339,400288.7169,103339.4287,1633085.3822,1525100.0114,0
17,000738.SZ,20230106,26.29,0.4099,0.7731,0.89,70.9089,54.6903,3.1339,8.318,7.099,0.1712,0.1712,131518.4001,124307.1343,65904.221,3457618.7386,3268034.5607,0
18,600888.SH,20230106,8.38,1.0149,1.7626,1.28,13.2622,7.4636,1.413,1.3754,1.4135,2.2629,2.2629,135002.4855,133233.7255,76719.663,1131320.8285,1116498.6197,0
19,600340.SH,20230106,2.47,1.0364,1.2124,0.73,,,7.803,0.2239,0.2631,0.0,,391372.0342,389335.5062,332811.958,966688.9245,961658.7003,0
20,688489.SH,20230106,116.96,6.8526,6.8526,0.7,119.8743,102.336,4.9735,33.1226,29.3026,,,7655.6268,1625.0197,1625.0197,895402.1105,190062.3041,0
21,603209.SH,20230106,33.9,3.2182,3.2182,0.99,34.0558,32.9933,3.411,11.9606,9.5966,0.4425,0.4425,20000.0,5000.0,5000.0,678000.0,169500.0,0
22,603159.SH,20230106,13.24,0.2117,0.567,0.8,49.2435,67.2092,3.9691,2.7321,2.8629,0.7553,0.7553,14000.0,14000.0,5227.82,185360.0,185360.0,0
23,600812.SH,20230106,6.43,0.8492,1.7937,0.6,589.0897,283.7103,1.8289,1.0624,1.0954,0.9331,0.9331,171573.037,163080.4729,77203.1554,1103214.6279,1048607.4407,0
24,688561.SH,20230106,68.25,0.7933,1.5391,1.1,,,5.3167,8.0138,7.3586,,,68208.9523,46060.0963,23741.1138,4655260.9945,3143601.5725,0
25,600955.SH,20230106,21.32,0.2767,0.5049,0.9,5.4547,14.3354,1.3749,1.2171,1.4334,1.834,1.834,55000.0,36490.0,20000.0,1172600.0,777966.8,0
26,002712.SZ,20230106,5.14,9.9368,17.1072,1.22,47.1453,195.0599,1.6205,0.6286,0.7116,0.0,,54427.6198,53764.3644,31229.2755,279757.9658,276348.833,0
27,603566.SH,20230106,28.54,0.6671,1.0028,0.94,41.2564,68.8183,3.6544,9.1685,9.1295,0.6248,0.6248,35291.6573,32149.6,21387.6328,1007223.8993,917549.584,0
28,000061.SZ,20230106,5.5,0.4718,0.7149,1.41,24.9427,44.3739,1.6458,2.2808,2.4144,1.2727,1.2727,169696.4131,169693.6756,112001.9093,933330.2721,933315.2158,0
29,605507.SH,20230106,26.8,1.4289,1.4289,1.52,21.2122,16.5301,2.1532,3.3242,2.7706,0.7463,0.7463,55882.35,17853.9463,17853.9463,1497646.98,478485.7608,0
30,002082.SZ,20230106,9.06,1.7911,2.0464,0.94,33.6383,34.4585,2.0466,2.9012,3.0801,0.0,,61822.2829,36021.2237,31526.8877,560109.8831,326352.2867,0
31,601108.SH,20230106,7.23,0.3808,0.5634,0.97,13.0834,16.3671,1.0456,5.2397,6.2821,2.7663,2.7663,464373.1888,464373.1888,313895.3432,3357418.155,3357418.155,0
32,301229.SZ,20230106,28.88,3.3235,3.3235,1.26,43.9967,58.0298,3.0342,4.2105,3.6573,0.3463,0.3463,8000.0,2000.0,2000.0,231040.0,57760.0,0
33,920981.BJ,20230106,12.2,0.1338,0.1338,0.89,14.2433,16.323,1.7955,1.9645,2.1132,,,7646.8,3899.959,3899.959,93290.96,47579.4998,0
34,601100.SH,20230106,63.99,0.2614,0.8313,0.8,31.0105,33.9962,8.3121,8.9728,10.3813,1.1408,1.1408,130536.0,130536.0,41052.8522,8352998.64,8352998.64,0
35,002632.SZ,20230106,6.75,0.8254,1.9113,1.24,76.7342,97.547,1.9581,3.284,3.3038,0.7407,0.7407,62459.909,58843.8288,25412.257,421604.3858,397195.8444,0
36,600290.SH,20230106,2.2,0.2416,0.3373,1.13,,,8.3096,4.5385,5.2074,0.0,,75990.3511,75990.3511,54430.9749,167178.7724,167178.7724,0
37,301277.SZ,20230106,28.97,7.0717,7.0717,0.61,33.6015,30.3295,2.9466,7.5188,6.0836,,,13336.0,3163.8772,3163.8772,386343.92,91657.5225,0
38,300142.SZ,20230106,39.98,0.8032,0.8032,0.75,150.0371,107.9039,7.212,18.5334,12.7341,0.0674,0.0674,160525.3184,155799.8706,155799.8706,6417802.2296,6228878.8266,0
39,920508.BJ,20230106,6.25,0.0524,0.0922,0.52,38.9982,59.6416,1.4804,3.4419,4.8094,,,5000.0,2603.75,1478.9,31250.0,16273.4375,0
40,002332.SZ,20230106,11.2,1.2692,1.623,0.48,17.9872,16.152,2.1363,2.5545,2.4769,1.3393,1.3393,98920.4866,97811.0991,76488.9183,1107909.4499,1095484.3099,0
41,002762.SZ,20230106,9.01,23.2023,29.1779,0.83,227.7338,180.0957,3.2752,10.6567,11.8127,0.5549,0.5549,35402.5,20111.8396,15992.9734,318976.525,181207.6748,0
42,603232.SH,20230106,17.1,5.0029,7.1043,0.8,49.941,76.6572,2.9864,6.5143,5.0455,0.7567,0.7567,23279.0328,23279.0328,16393.1919,398071.4609,398071.4609,0
43,300025.SZ,20230106,4.9,1.0827,1.2131,0.96,,,3.7123,3.4442,3.4913,0.0,,50365.0562,42853.0562,38245.6552,246788.7754,209979.9754,0
44,300605.SZ,20230106,14.32,6.9078,8.4332,0.67,50.0617,41.4148,4.1974,3.8461,3.7117,0.3494,0.3494,16446.2984,11266.2975,9228.5123,235510.9931,161333.3802,0
45,300033.SZ,20230106,104.44,1.7755,2.4741,1.29,29.3778,31.141,8.7112,15.9969,15.5941,1.7235,1.7235,53760.0,27149.0081,19483.657,5614694.4,2835442.406,0
46,301223.SZ,20230106,19.3,1.3483,1.3483,0.7,17.5775,17.4873,1.4154,1.4653,1.4983,,,19312.756,4581.1268,4581.1268,372736.1908,88415.7472,0
47,000655.SZ,20230106,6.73,0.4696,1.1292,0.68,31.3116,,1.3089,2.1982,2.7651,0.7429,0.7429,59534.023,59534.023,24760.0085,400663.9748,400663.9748,0
48,605009.SH,20230106,50.02,3.12,3.1425,0.77,21.4093,19.5511,2.6915,3.1537,2.7723,2.0043,2.0043,15522.6949,5165.5821,5128.5536,776445.1989,258382.4166,0
49,600674.SH,20230106,12.23,0.1223,0.4189,0.53,17.6696,16.9057,1.7052,43.1817,43.5142,3.2317,3.2317,446058.1221,446058.1221,130260.8509,5455290.8333,5455290.8333,0
50,603198.SH,20230106,67.92,1.35,5.4506,1.44,39.3163,33.4784,8.4479,11.8719,10.2739,1.3251,1.3251,80000.0,80000.0,19814.115,5433600.0,5433600.0,0
51,002603.SZ,20230106,29.28,4.2614,7.8451,0.76,36.4014,31.8787,4.8994,4.8354,4.9159,1.0246,1.0246,167070.5376,137599.0295,74742.2615,4891825.3409,4028899.5838,0
52,002351.SZ,20230106,9.31,4.496,5.8028,1.6,26.231,35.5121,3.7004,3.5932,3.816,1.9334,1.9334,88910.7,49190.737,38112.5422,827758.617,457965.7615,0
53,300816.SZ,20230106,25.98,4.4817,4.823,1.26,29.8956,64.4449,2.514,2.4048,2.3608,0.6714,0.6714,8017.3,3909.0485,3632.3504,208289.454,101557.08,0
54,001266.SZ,20230106,28.46,12.8373,12.8373,2.13,22.4643,37.127,2.897,5.8234,7.3923,1.5059,1.5059,10281.6,2570.4,2570.4,292614.336,73153.584,0
55,002190.SZ,20230106,26.31,1.0197,2.0845,1.61,169.36,154.4768,1.731,7.4427,6.6355,0.19,0.19,35872.9343,35872.9343,17547.96,943816.9014,943816.9014,0
56,002728.SZ,20230106,22.93,13.2478,17.3057,1.0,41.4052,43.1394,4.2488,6.9313,6.442,2.7417,2.7417,22917.7293,15979.1043,12232.2509,525503.5328,366400.8616,0
57,300963.SZ,20230106,16.19,3.6346,4.6479,2.51,54.7757,34.5514,2.7886,3.6878,3.1912,0.7127,0.7127,15600.0,6721.1625,5255.76,252564.0,108815.6209,0
58,002444.SZ,20230106,20.36,0.8534,1.4359,0.89,19.2779,17.7111,1.8421,2.2421,1.8726,0.0,,120250.1992,115557.9906,68680.5437,2448294.0557,2352760.6886,0
59,603648.SH,20230106,8.85,1.734,3.4336,1.47,22.0418,21.7786,1.8095,2.0135,1.9775,3.3898,3.3898,36241.28,36241.28,18301.9174,320735.328,320735.328,0
60,601825.SH,20230106,5.94,0.1781,0.1799,0.8,5.9073,5.2033,0.57,2.3708,2.2423,5.0505,5.0505,964444.4445,462176.3445,457517.8669,5728800.0003,2745327.4863,0
61,000753.SZ,20230106,4.18,1.0468,1.705,1.21,30.5681,32.1937,1.5687,1.354,1.2837,0.7177,0.7177,99148.1071,99148.1071,60874.3723,414439.0877,414439.0877,0
62,603569.SH,20230106,8.81,0.6455,2.3702,1.23,57.9143,122.611,2.2946,1.1003,1.2084,0.0,,56034.8771,56034.8771,15260.3766,493667.2673,493667.2673,0
63,002291.SZ,20230106,13.68,1.8373,2.2444,0.79,,,2.1867,4.4344,2.9849,0.0,,91126.3304,84270.5089,68982.2956,1246608.1999,1152820.5618,0
64,300721.SZ,20230106,43.42,1.0621,1.5479,1.1,28.2449,23.0509,2.9361,2.5674,2.3825,0.2303,0.2303,8576.1967,7127.5547,4890.5441,372378.4607,309478.4251,0
65,002167.SZ,20230106,6.09,1.3298,1.8333,0.94,31.3636,30.3131,3.206,3.6699,3.5906,0.0,,77513.4,68114.3713,49405.7895,472056.606,414816.5212,0
66,920641.BJ,20230106,10.65,1.5843,1.6562,1.2,21.9421,12.1645,2.0384,1.5873,1.1694,,,7507.5,2361.467,2258.967,79954.875,25149.6236,0
67,300169.SZ,20230106,4.33,0.7997,0.9263,0.68,,,3.3339,1.8548,2.3624,0.0,,32598.434,30173.5782,26049.0315,141151.2192,130651.5936,0
68,603721.SH,20230106,16.64,10.5964,21.3553,0.73,96.4175,100.5981,4.0343,7.9133,7.8192,0.9014,0.9014,13000.0,13000.0,6450.5215,216320.0,216320.0,0
69,300171.SZ,20230106,26.12,1.4908,2.6753,0.57,20.0502,18.9884,3.5192,3.9588,3.2371,1.4765,1.4765,63541.504,43423.6801,24198.1543,1659704.0845,1134226.5242,0
70,301087.SZ,20230106,36.84,3.5035,3.5035,0.67,17.9097,26.3103,1.5741,3.3752,3.1278,3.3409,3.3409,20848.75,8653.915,8653.915,768067.95,318810.2286,0
71,002690.SZ,20230106,24.13,0.3424,0.4967,0.55,41.6646,33.315,8.6502,11.7461,10.9804,2.5482,2.5482,88248.29,43233.4723,29796.8998,2129431.2377,1043223.6866,0
72,002244.SZ,20230106,10.31,2.2278,5.2171,1.02,10.5965,8.5343,1.4661,0.8447,0.9602,2.192,2.192,311144.389,268235.374,114540.1218,3207898.6506,2765506.7059,0
73,300753.SZ,20230106,17.83,5.4022,6.3323,0.43,41.5701,,3.0316,4.8729,6.3962,0.0,,12604.8,7501.2506,6399.5071,224743.584,133747.2982,0
74,605155.SH,20230106,13.81,1.5213,1.5213,0.98,20.7371,22.3821,1.6635,3.9874,3.7418,1.4482,1.4482,13440.0,4683.7,4683.7,185606.4,64681.897,0
75,300037.SZ,20230106,48.13,2.7149,3.1799,1.22,27.4676,19.0807,4.5411,5.1631,3.6582,0.7815,0.7815,74569.4013,53531.504,45703.4624,3589025.2846,2576471.2875,0
76,002403.SZ,20230106,8.29,1.3715,3.1072,1.03,,,1.3253,0.8049,0.8648,0.0,,34063.8579,30593.6454,13504.0093,282389.382,253621.3204,0
77,001217.SZ,20230106,13.66,6.2011,7.6669,0.91,10.9082,15.956,2.229,2.3939,2.0822,1.4641,1.4641,33187.0,14320.38,11582.48,453334.42,195616.3908,0
78,000680.SZ,20230106,4.21,0.799,0.9636,1.05,30.172,12.1789,1.3303,0.69,0.7489,0.3563,0.3563,150125.3212,105696.8303,87635.5904,632027.6023,444983.6556,0
79,605318.SH,20230106,14.19,1.8243,1.8243,1.02,31.187,53.4041,2.3003,2.7641,2.5563,2.1111,2.1111,12917.1152,3917.1152,3917.1152,183293.8647,55583.8647,0
80,300967.SZ,20230106,16.83,5.8078,8.5172,1.32,39.1134,141.2831,3.961,4.4812,4.3073,1.1884,1.1884,19021.15,10450.4,7125.9805,320125.9545,175880.232,0
81,301328.SZ,20230106,81.75,5.4315,5.4315,0.95,59.7824,57.1665,3.3229,14.6593,12.9844,,,7326.2396,1651.0762,1651.0762,598920.0873,134975.4794,0
82,301027.SZ,20230106,13.96,1.8681,1.8681,1.06,16.0892,23.3486,2.1908,1.777,2.19,1.1533,1.1533,14700.0,10132.44,10132.44,205212.0,141448.8624,0
83,300969.SZ,20230106,70.1,6.372,6.372,1.48,48.5135,42.2084,6.3866,9.5954,8.1823,0.3566,0.3566,8000.0,2000.0,2000.0,560800.0,140200.0,0
84,301039.SZ,20230106,8.07,1.0693,1.6682,0.91,18.0761,21.0061,1.3397,0.5889,0.7239,2.4783,2.4783,201760.0,72523.6525,46485.9795,1628203.2,585265.8757,0
85,600371.SH,20230106,14.13,3.7947,7.4052,0.5,108.9429,59.2418,7.4285,18.6476,17.2407,0.7077,0.7077,29257.8,29257.8,14992.7865,413412.714,413412.714,0
86,300674.SZ,20230106,14.5,0.6958,0.9555,0.64,26.049,29.2041,2.7482,2.7671,2.391,1.3803,1.3803,71109.1802,70325.7065,51211.1169,1031083.1129,1019722.7443,0
87,600704.SH,20230106,4.72,0.6214,1.1039,1.0,6.153,6.1359,0.7888,0.0436,0.0428,3.3898,3.3898,519487.204,506218.204,284945.443,2451979.6029,2389349.9229,0
88,300539.SZ,20230106,10.3,1.342,2.6549,1.58,103.7341,92.4264,4.5505,3.2871,3.4324,0.7769,0.7769,22212.238,17056.9683,8621.9411,228786.0514,175686.7735,0
89,000581.SZ,20230106,18.15,0.3037,0.4957,1.01,7.1082,9.1917,0.9577,1.3379,1.6053,8.7844,8.7844,100860.3293,82420.1457,50488.1459,1830614.9768,1495925.6445,0
90,003002.SZ,20230106,19.63,4.257,4.257,1.11,48.3438,37.5098,3.5964,5.3212,4.0976,0.7641,0.7641,20000.0,7830.4425,7830.4425,392600.0,153711.5863,0
91,603709.SH,20230106,16.08,0.9553,3.8096,1.26,,,2.123,1.2597,1.5865,0.0,,8000.0,8000.0,2006.0,128640.0,128640.0,0
92,002092.SZ,20230106,7.41,0.7657,0.9806,0.82,7.1307,13.8334,0.736,0.3085,0.3141,1.6038,1.6038,260081.9517,248979.0764,194412.1879,1927207.2621,1844934.9561,0
93,603661.SH,20230106,28.93,0.167,0.5862,0.76,11.9148,10.9568,1.2515,0.6963,0.625,2.4276,2.4276,13906.7031,13906.7031,3960.9165,402320.9207,402320.9207,0
94,601992.SH,20230106,2.55,0.243,0.5726,0.81,9.2834,10.6945,0.5646,0.2202,0.2351,4.0784,4.0784,1067777.1134,833415.8264,353680.0692,2722831.6392,2125210.3573,0
95,688550.SH,20230106,48.76,0.602,0.7105,0.96,20.0099,17.0991,1.6443,3.145,3.0342,,,9839.8696,7283.0884,6170.4941,479792.0417,355123.3904,0
96,600393.SH,20230106,1.7,4.3563,4.7326,0.81,,,1.218,4.8514,2.4774,0.0,,253624.787,100610.5552,92610.5552,431162.1379,171037.9438,0
97,920396.BJ,20230106,6.66,0.0242,0.0425,0.33,12.7889,19.175,1.5332,1.715,2.0496,,,5859.028,3966.3812,2256.4059,39021.1265,26416.0988,0
98,001215.SZ,20230106,66.83,2.8568,2.8568,0.73,65.4539,57.0188,5.7361,4.5454,4.0886,0.2244,0.2244,8664.2436,4522.1261,4522.1261,579031.3998,302213.6873,0
99,300211.SZ,20230106,7.49,1.7835,3.5536,0.47,79.648,61.3394,4.3906,9.0798,6.1315,0.1869,0.1869,30267.5973,29697.6427,14904.3956,226704.3038,222435.3438,0
100,300071.SZ,20230106,4.15,8.2903,10.9966,0.6,16.6769,11.0823,27.3069,3.6969,3.433,0.0,,92234.7736,89146.9856,67208.0089,382774.3104,369959.9902,0
101,000608.SZ,20230106,3.41,3.5493,5.0688,1.4,39.789,50.671,0.8262,4.5057,4.7594,0.0,,74991.3309,74980.1859,52503.0859,255720.4384,255682.4339,0
102,002687.SZ,20230106,4.61,3.2744,4.4822,0.49,12.5221,14.3313,1.7667,1.7946,1.7621,2.992,2.992,50750.0,40218.1019,29380.2799,233957.5,185405.4498,0
103,300785.SZ,20230106,31.64,9.3409,13.7421,0.98,23.4378,41.2306,2.3888,2.9988,3.2497,1.4764,1.4764,13298.6531,7526.4298,5115.9402,420769.3841,238136.2389,0
104,600831.SH,20230106,5.74,2.1757,3.0737,1.01,63.8523,77.7603,1.0754,1.3571,1.2986,0.5226,0.5226,71050.9667,71050.9667,50291.9019,407832.5489,407832.5489,0
105,603800.SH,20230106,27.7,1.9113,5.5798,2.03,,73.6635,6.1344,4.9046,3.0605,0.0,,20800.0,20800.0,7125.0,576160.0,576160.0,0
106,300354.SZ,20230106,40.67,1.2033,1.5805,1.01,70.2975,58.5228,10.4921,21.8854,17.8835,0.4303,0.4303,13832.0201,7994.0607,6086.0849,562548.2575,325118.4487,0
107,600455.SH,20230106,23.08,3.418,4.3049,0.84,40.5821,53.6315,6.1709,6.0629,6.0816,0.0,,6245.8,6245.8,4958.9938,144153.064,144153.064,0
108,600525.SH,20230106,4.89,0.9169,1.3203,1.46,,,1.3758,1.0605,0.9032,0.0,,131492.5152,130577.5152,90680.6744,642998.3993,638524.0493,0
109,600380.SH,20230106,11.53,0.7153,1.3131,1.02,16.7434,15.3787,1.7227,1.3986,1.3098,1.2478,1.2478,192918.9374,192918.9374,105091.6621,2224355.3482,2224355.3482,0
110,603191.SH,20230106,24.17,10.9028,10.9028,2.37,45.2024,30.5391,3.7162,4.1651,3.4917,0.0,,33316.7407,8329.1852,8329.1852,805265.6227,201316.4063,0
111,300633.SZ,20230106,53.18,0.9456,1.7113,0.92,92.0291,64.406,8.7429,15.7509,12.9595,0.2351,0.2351,42786.1745,42786.1745,23641.1345,2275368.7599,2275368.7599,0
112,002500.SZ,20230106,5.37,0.2226,0.4289,0.9,23.9881,34.1661,1.1177,4.8266,4.658,2.2346,2.2346,358977.1547,358977.1547,186273.6933,1927707.3207,1927707.3207,0
113,002312.SZ,20230106,10.84,0.8345,1.1143,0.98,20.2059,16.6131,2.2694,3.0897,2.1661,0.0,,189394.6394,134620.3186,100819.7167,2053037.8911,1459284.2536,0
114,920415.BJ,20230106,4.02,0.184,0.2048,1.15,24.9113,34.6341,1.072,2.8835,2.8205,,,14051.1487,8319.9717,7475.3772,56485.6178,33446.2862,0
115,601330.SH,20230106,6.81,0.277,0.8818,1.27,13.5993,14.0616,1.364,1.8765,1.4646,1.4684,1.4684,139344.7763,98908.7971,31073.6457,948937.9266,673568.9083,0
116,603365.SH,20230106,13.44,0.2958,0.734,0.87,9.2881,11.259,1.3339,0.9433,0.9331,3.6997,3.6997,26667.0,26667.0,10746.616,358404.48,358404.48,0
117,300005.SZ,20230106,7.37,0.5856,0.8696,1.02,119.5788,180.0107,3.0259,5.241,4.8866,0.0,,88370.2186,88370.2186,59514.3111,651288.5111,651288.5111,0
118,002280.SZ,20230106,2.76,2.4683,2.4684,0.59,,,5.6761,0.3631,0.4534,0.0,,217714.9675,188869.5823,188863.4235,600893.3103,521280.0471,0
119,002938.SZ,20230106,26.96,0.3121,1.2464,0.73,18.8644,12.7616,2.3889,1.8784,1.6871,1.8546,1.8546,232115.5816,223932.9664,56067.7079,6257836.0799,6037232.7741,0
120,002659.SZ,20230106,4.91,4.0337,5.6665,0.52,,,1.2846,10.3325,21.9553,0.0,,59828.0384,58829.1419,41877.8665,293755.6685,288851.0867,0
121,002883.SZ,20230106,11.37,3.8656,5.4021,1.08,29.3729,30.592,2.8264,2.9295,2.3648,0.8433,0.8433,15622.7282,12362.4308,8846.0756,177630.4196,140560.8382,0
122,300713.SZ,20230106,13.19,1.1693,1.7459,1.23,232.9237,,2.8807,8.1526,6.6349,0.0,,15778.125,8514.8451,5702.8586,208113.4688,112310.8069,0
123,603610.SH,20230106,12.34,1.0755,1.5065,1.08,12.3874,16.2359,1.3489,1.4911,1.5249,2.5324,2.5324,35848.9251,20820.7767,14864.5774,442375.7357,256928.3845,0
124,688139.SH,20230106,65.25,0.3871,0.7941,0.87,24.5509,34.1057,5.2687,9.7591,7.7383,,,31795.2508,31795.2508,15498.701,2074640.1147,2074640.1147,0
125,002521.SZ,20230106,5.44,1.5704,1.7685,0.94,16.286,272.8384,0.7601,0.7269,0.8149,1.8382,1.8382,49468.5819,40282.9782,35772.0107,269109.0855,219139.4014,0
126,603358.SH,20230106,20.1,0.9644,2.7132,2.21,24.6276,24.2342,2.8067,1.871,1.7419,1.4925,1.4925,43904.0,43904.0,15605.8624,882470.4,882470.4,0
127,300731.SZ,20230106,18.32,1.852,2.5688,1.71,,,3.7829,4.0749,4.7337,0.0,,12643.1804,11803.9992,8510.054,231623.0649,216249.2653,0
128,000910.SZ,20230106,9.03,2.5875,4.833,2.48,8.3057,11.2529,0.7767,0.5649,0.626,1.7719,1.7719,54739.75,54712.6,29292.52,494299.9425,494054.778,0
129,002933.SZ,20230106,28.12,13.9189,42.916,0.7,,,2.2782,13.4115,12.8129,0.0,,11735.0,6721.9561,2180.1176,329988.2,189021.4055,0
130,600867.SH,20230106,9.67,1.1418,1.8874,1.87,14.7363,11.7309,3.2926,5.8995,6.6206,5.6839,5.6839,199367.8653,198985.0653,120376.372,1927887.2575,1924185.5815,0
131,600389.SH,20230106,44.51,1.2357,2.0591,1.14,16.6475,6.8626,4.4142,2.0963,1.5463,6.7401,6.7401,30536.71,29700.0,17822.8707,1359188.9621,1321947.0,0
132,002172.SZ,20230106,4.44,7.33,10.9398,0.77,,,38.6368,1.1225,1.4921,0.0,,76573.236,76527.198,51275.6381,339985.1678,339780.7591,0
133,300985.SZ,20230106,21.68,1.6305,1.6305,1.0,149.634,,2.377,7.3434,16.6153,0.5535,0.5535,13333.34,3633.34,3633.34,289066.8112,78770.8112,0
134,600495.SH,20230106,3.62,0.6101,0.8843,1.08,404.7496,43.9514,1.3558,3.6228,2.7006,0.2762,0.2762,120819.0886,120819.0886,83353.4978,437365.1007,437365.1007,0
135,301263.SZ,20230106,33.5,3.9332,3.9332,1.41,65.9553,47.1774,4.3823,12.115,10.4354,1.0448,1.0448,23638.75,5366.4978,5366.4978,791898.125,179777.6763,0
136,301103.SZ,20230106,34.03,9.3315,9.3315,0.82,62.2669,86.4155,2.4369,5.5874,5.436,1.3563,1.3563,15802.6471,3965.0,3965.0,537764.0808,134928.95,0
137,300201.SZ,20230106,3.09,1.1466,1.5749,0.5,24.6158,21.8436,2.386,1.9307,2.4685,0.0,,104092.1518,103782.0911,75555.866,321644.7491,320686.6615,0
138,605218.SH,20230106,14.65,1.5254,2.3696,0.72,59.5081,35.2806,2.6344,2.5972,2.3128,0.3413,0.3413,21283.346,8825.7078,5681.6267,311801.0189,129296.6193,0
139,002245.SZ,20230106,15.1,2.3837,2.8327,1.49,25.9593,30.5895,2.733,2.604,2.4578,0.4168,0.4168,115204.6537,96946.8718,81580.424,1739590.2709,1463897.7642,0
140,000703.SZ,20230106,7.22,0.9955,1.909,1.7,7.7671,16.1152,0.9781,0.2052,0.1701,2.7097,2.7097,366628.0806,364710.9381,190183.7626,2647054.7419,2633212.9731,0
141,300465.SZ,20230106,8.05,1.4292,2.0747,1.09,29.0065,84.0225,5.2214,1.5781,2.4182,0.0,,44676.2257,44676.2257,30777.4201,359643.6169,359643.6169,0
142,600112.SH,20230106,4.81,1.3054,1.4851,1.01,13.5519,12.6935,22.9109,20.7645,16.9967,0.0,,50920.4846,50920.4846,44760.4846,244927.5309,244927.5309,0
143,600689.SH,20230106,8.73,2.8048,4.2671,0.53,148.574,380.8631,3.9835,2.0052,1.6963,0.0,,20099.1343,15220.4143,10004.52,175465.4424,132874.2168,0
144,603615.SH,20230106,8.1,0.7138,1.9828,0.93,,,1.6125,2.4521,2.8097,0.0,,24182.0,24182.0,8705.4385,195874.2,195874.2,0
145,300346.SZ,20230106,30.2,1.781,2.0925,1.41,120.5331,73.49,7.7423,16.6792,10.6987,0.1274,0.1274,54370.255,51322.8054,43684.0973,1641981.701,1549948.7231,0
146,601857.SH,20230106,4.97,0.0396,0.4322,0.74,9.8698,6.6248,0.6772,0.3479,0.2852,6.0121,6.0121,18302097.7818,16192207.7818,1481846.071,90961425.9755,80475272.6755,0
147,603707.SH,20230106,18.07,0.1926,0.6086,0.55,27.5849,26.0516,4.8971,7.9259,7.7764,0.6385,0.6385,161707.4876,161462.8614,51107.3625,2922054.3009,2917633.9055,0
148,601500.SH,20230106,3.77,0.2395,0.6514,0.84,418.4178,1783.0067,1.1561,1.1416,1.1257,1.7699,1.7699,128859.44,128433.2,47222.2489,485800.0888,484193.164,0
149,001205.SZ,20230106,26.32,2.3224,2.8444,1.53,34.6433,27.2632,3.1271,7.3482,5.6343,0.352,0.352,17106.1333,11666.4833,9525.3133,450233.4285,307061.8405,0
150,300486.SZ,20230106,8.28,0.2701,0.3925,0.83,47.1903,51.9136,2.1287,2.5897,2.664,0.2174,0.2174,40650.9381,38350.1426,26384.1486,336589.7675,317539.1807,0
151,688389.SH,20230106,19.38,0.5308,1.0183,1.13,42.9859,36.9948,6.1025,10.5156,9.0163,,,42220.0,42220.0,22004.752,818223.6,818223.6,0
152,600977.SH,20230106,12.87,1.4559,4.461,0.95,101.6457,,2.1799,4.1317,5.6929,0.3108,0.3108,186700.0,186700.0,60931.75,2402829.0,2402829.0,0
153,601218.SH,20230106,4.1,1.0018,1.5418,1.6,19.1797,23.1992,1.4589,2.156,2.2623,1.2592,1.2592,97736.0,97531.1195,63369.6607,400717.6,399877.59,0
154,300926.SZ,20230106,22.69,5.4395,5.4395,1.86,41.7307,33.5121,2.9104,4.3635,3.0986,0.4853,0.4853,15490.53,3903.34,3903.34,351480.1257,88566.7846,0
155,300046.SZ,20230106,15.28,1.4511,1.9694,1.25,82.1992,183.3315,3.4073,11.0148,10.7988,0.0,,23717.1371,23653.1371,17427.3371,362397.8549,361419.9349,0
156,300282.SZ,20230106,5.02,0.7316,1.0049,1.03,,,1.3093,4.7796,6.588,0.0,,37430.6455,37430.6455,27250.6137,187901.8404,187901.8404,0
157,600053.SH,20230106,15.32,0.4872,1.8405,0.95,106.9512,60.5709,2.32,32.2587,15.6938,0.0,,43354.08,43354.08,11476.495,664184.5056,664184.5056,0
158,300224.SZ,20230106,13.27,2.9033,5.336,2.79,41.0663,28.1557,3.4844,3.23,1.9695,0.0,,82021.6556,81383.5804,44279.8356,1088427.3698,1079960.1119,0
159,002514.SZ,20230106,11.82,18.3843,30.9049,3.34,690.1474,661.7302,7.6199,13.4139,11.8614,0.0,,72003.4264,55403.4264,32957.7356,851080.5,654868.5,0
160,600880.SH,20230106,5.41,12.5764,19.5289,1.02,75.3821,100.4704,1.967,9.2063,11.049,0.4621,0.4621,109333.2092,109303.0175,70389.7562,591492.6618,591329.3247,0
161,300140.SZ,20230106,7.43,2.603,4.1584,1.21,,,2.1599,2.799,3.1118,0.0,,42724.4052,42339.5434,26502.9061,317442.3306,314582.8075,0
162,300100.SZ,20230106,7.82,2.8822,5.4658,3.42,24.403,26.0476,1.4879,0.854,0.836,8.9514,8.9514,40214.9793,38151.026,20117.4009,314481.1381,298341.0233,0
163,688196.SH,20230106,61.56,1.6354,1.6354,0.86,21.4273,12.8518,2.6743,2.3957,1.5628,,,12000.0,3000.0,3000.0,738720.0,184680.0,0
164,300483.SZ,20230106,13.0,1.3982,1.9605,1.36,54.1968,38.5861,0.9858,1.9144,1.7021,0.0,,26853.5293,22316.8802,15916.5576,349095.8809,290119.4426,0
165,600367.SH,20230106,16.18,2.1544,3.3574,1.81,18.0353,13.6749,2.572,2.1611,1.8351,0.618,0.618,29323.66,29323.66,18816.9264,474456.8188,474456.8188,0
166,600251.SH,20230106,8.46,0.5636,1.0344,0.99,21.9256,19.6667,2.2169,1.5234,1.6601,0.4728,0.4728,78099.7683,77699.3583,42339.7666,660724.0398,657336.5712,0
167,002943.SZ,20230106,58.93,9.4497,9.9542,1.95,,96.8898,5.9561,15.477,9.3106,0.0,,12000.0,6246.8251,5930.2026,707160.0,368125.4031,0
168,688314.SH,20230106,51.18,1.1961,1.54,1.07,36.3837,35.0962,5.5754,13.9727,12.3758,,,5802.798,2548.006,1979.006,296987.2016,130406.9471,0
169,002991.SZ,20230106,73.45,2.3168,2.3988,1.05,44.5597,41.2734,4.6614,5.2911,4.8645,1.4803,1.4803,9321.5831,3641.9936,3517.5431,684670.2787,267504.4299,0
170,002002.SZ,20230106,2.77,9.8062,11.5621,10.5,10.1522,,0.8499,1.3258,1.8439,0.0,,312203.7848,309506.5444,262503.1736,864804.4839,857333.128,0
171,300428.SZ,20230106,26.21,1.84,4.296,1.27,35.9311,31.5478,2.9212,0.8678,0.7518,0.2862,0.2862,61695.6965,46412.4665,19878.211,1617044.2053,1216470.747,0
172,600935.SH,20230106,4.54,0.2401,0.8309,1.14,20.2736,24.1822,2.4465,2.3628,2.1359,1.7401,1.7401,350740.1812,185470.1224,53599.0,1592360.4226,842034.3557,0
173,002591.SZ,20230106,7.89,33.6199,38.667,0.85,128.8329,,3.0694,4.4846,6.7096,0.0,,30019.9484,21667.9971,18839.7178,236857.3929,170960.4971,0
174,600820.SH,20230106,5.31,0.3306,0.5479,0.79,6.9766,6.966,0.6503,0.2683,0.2765,4.3315,4.3315,314409.6094,314409.6094,189725.9363,1669515.0259,1669515.0259,0
175,301169.SZ,20230106,33.65,5.6051,6.5896,0.52,54.4855,70.5376,3.757,6.2181,6.7463,0.8915,0.8915,7223.9774,2812.2128,2392.0448,243086.8395,94630.9607,0
176,002969.SZ,20230106,4.32,2.2109,4.0752,0.7,25.3574,59.3427,1.8407,1.2042,1.2914,0.2546,0.2546,96220.8334,53044.2945,28778.3719,415674.0003,229151.3522,0
177,688337.SH,20230106,95.51,4.71,4.71,2.26,,153.3074,4.6173,23.9415,20.3617,,,12130.9554,2666.9595,2666.9595,1158627.5503,254721.3018,0
178,688091.SH,20230106,77.24,1.557,2.2861,0.78,,92.3903,8.6847,2725.6432,2725.6432,,,14388.8,10418.824,7096.208,1111390.912,804749.9658,0
179,002662.SZ,20230106,3.44,0.8169,1.4823,1.03,50.5352,44.2283,1.4381,1.4705,1.4716,0.0,,150000.0,149998.11,82667.8028,516000.0,515993.4984,0
180,600482.SH,20230106,15.47,0.1405,0.2905,1.21,54.5238,86.4321,0.9418,1.1849,0.9725,0.5559,0.5559,216068.2115,202743.2396,98085.5641,3342575.2319,3136437.9166,0
181,603713.SH,20230106,118.33,0.4992,0.947,1.07,45.0485,32.0548,5.4023,2.2501,1.6501,0.3293,0.3293,16438.4686,16303.8586,8594.1659,1945163.9894,1929235.5881,0
182,300798.SZ,20230106,6.59,1.3179,20.9587,0.48,52.4989,117.0832,2.1828,2.7711,2.7664,0.4552,0.4552,41775.0666,31799.2488,1999.5549,275297.6889,209557.0496,0
183,688538.SH,20230106,2.69,0.3623,0.5736,1.59,,,2.274,9.293,8.3726,,,1388963.3185,569860.684,359906.184,3736311.3268,1532925.24,0
184,002888.SZ,20230106,14.18,32.3958,48.8943,4.94,81.7386,451.2799,5.1125,7.3288,8.6236,0.0,,14961.168,7519.1926,4981.9721,212149.3622,106622.1511,0
185,000791.SZ,20230106,5.38,0.7552,2.0001,1.0,28.0944,23.0463,1.03,3.6346,3.5543,0.7435,0.7435,135957.668,135956.093,51335.5909,731452.2538,731443.7803,0
186,002625.SZ,20230106,17.61,0.5443,0.7401,1.09,139.8671,84.6172,4.6494,44.1523,28.9777,0.7666,0.7666,215458.7862,177722.161,130707.7102,3794229.225,3129687.2552,0
187,600373.SH,20230106,9.45,0.4656,1.0524,1.08,6.2666,8.2823,0.7638,1.1951,1.1863,7.1958,7.1958,135506.3719,135506.3719,59952.2687,1280535.2145,1280535.2145,0
188,300507.SZ,20230106,5.77,1.6272,1.876,1.58,46.4114,46.9223,2.7194,5.3273,4.6482,0.6499,0.6499,79152.8907,54877.8002,47599.7826,456712.1793,316644.9072,0
189,605338.SH,20230106,31.14,2.0701,2.0701,1.19,24.5987,34.792,3.905,5.6147,5.1389,0.8349,0.8349,24800.0,8626.37,8626.37,772272.0,268625.1618,0
190,603489.SH,20230106,111.61,0.6,2.2174,1.01,22.1332,20.7546,4.7166,5.0719,4.2919,1.791,1.791,12029.7135,12009.8075,3249.8004,1342636.3237,1340414.6151,0
191,002158.SZ,20230106,25.49,0.8772,2.2781,1.32,27.9891,22.8221,4.7445,4.5721,4.3624,1.4123,1.4123,53472.4139,53332.7847,20535.0357,1363011.8303,1359452.682,0
192,688356.SH,20230106,162.99,0.9182,1.1109,0.6,55.9013,49.4764,8.2364,27.9801,23.9477,,,6028.8,3627.5543,2998.2362,982634.112,591255.0754,0
193,002637.SZ,20230106,12.52,0.9395,1.3272,1.56,7.3985,22.009,1.552,0.5258,0.4664,1.5401,1.5401,47040.1,39560.2375,28004.5115,588942.052,495294.1735,0
194,601005.SH,20230106,1.6,0.2575,0.3562,0.92,6.2741,,0.6457,0.3581,0.4228,0.0,,891860.2267,838047.5067,605866.1724,1426976.3627,1340876.0107,0
195,920171.BJ,20230106,4.34,0.0949,0.1005,0.73,10.9116,122.1082,1.2545,1.5503,1.654,,,10023.3235,6716.3233,6341.4733,43501.224,29148.8431,0
196,300029.SZ,20230106,8.4,2.8607,3.7956,1.82,,26.7016,32.8984,5.3102,4.5631,0.0,,20050.65,20050.65,15111.94,168425.46,168425.46,0
197,002910.SZ,20230106,13.18,9.0483,19.1098,0.72,48.4278,50.2603,1.95,2.5381,2.4392,0.3582,0.3582,19669.8691,17106.195,8099.6235,259248.8747,225459.6501,0
198,603357.SH,20230106,9.24,0.4195,0.8165,0.77,11.126,10.5508,1.4298,1.833,1.7396,4.9784,4.9784,46757.6378,45454.2698,23351.0698,432040.5733,419997.453,0
199,688233.SH,20230106,43.33,1.6854,1.9136,1.6,31.7374,37.5499,4.4871,14.6296,13.4572,,,16000.0,8335.8153,7341.6448,693280.0,361190.8769,0
200,600563.SH,20230106,156.52,1.4184,2.4706,1.61,42.3985,36.2824,9.353,12.5303,9.7654,1.0222,1.0222,22500.0,22500.0,12917.9776,3521700.0,3521700.0,0
201,600242.SH,20230106,1.4,13.4773,14.853,5.46,,,,1.3404,19.7506,0.0,,45666.5122,45129.4545,40949.4545,63933.1171,63181.2363,1
202,688016.SH,20230106,202.0,3.8446,3.8446,2.13,46.0324,39.6439,8.75,21.2371,17.3355,,,7197.8147,3862.5214,3862.5214,1453958.5694,780229.3228,0
203,603630.SH,20230106,14.88,4.4384,12.0166,0.87,48.5894,48.6933,1.7343,3.0473,3.4939,0.0,,22547.3,22520.458,8318.1318,335503.824,335104.415,0
204,300709.SZ,20230106,28.15,1.5137,1.7523,1.0,28.4878,25.0489,2.2868,2.1791,1.976,0.5332,0.5332,18610.6707,14845.2009,12824.0083,523890.3802,417892.4053,0
205,600981.SH,20230106,2.8,0.5873,1.8019,1.23,25.2519,,1.1817,0.1387,0.1448,1.25,1.25,224243.3192,224243.3192,73085.2181,627881.2938,627881.2938,0
206,300888.SZ,20230106,71.52,1.1243,1.3544,0.72,24.6125,22.0146,2.6825,3.7951,3.0936,1.2385,1.2385,42649.2308,13599.6985,11288.7832,3050272.9868,972650.4367,0
207,600176.SH,20230106,14.0,0.4687,0.8161,0.83,9.2965,7.7396,2.1086,2.8439,2.5506,3.4286,3.4286,400313.6728,400313.6728,229917.2063,5604391.4192,5604391.4192,0
208,600637.SH,20230106,6.67,0.4736,0.8767,1.09,12.2424,19.4936,0.7755,2.5112,3.1156,3.9856,3.9856,341450.0201,341450.0201,184466.977,2277471.6341,2277471.6341,0
209,300857.SZ,20230106,19.74,1.6377,2.9331,0.55,32.2905,29.4707,2.8937,1.3776,1.4367,0.3546,0.3546,20655.7782,14173.8782,7913.7999,407745.0617,279792.3557,0
210,600032.SH,20230106,12.0,3.3698,3.3698,1.79,54.8621,27.4942,2.8759,8.5787,5.6917,0.375,0.375,208000.0,20800.0,20800.0,2496000.0,249600.0,0
211,600080.SH,20230106,8.23,1.485,2.6842,0.79,,,1.8235,5.7524,5.426,0.0,,37327.0285,37327.0285,20650.741,307201.4446,307201.4446,0
212,601908.SH,20230106,6.88,1.3837,2.561,1.58,20.0595,17.3739,1.4423,3.0065,1.6132,0.8721,0.8721,241460.2861,241460.2861,130460.4193,1661246.7684,1661246.7684,0
213,300074.SZ,20230106,3.87,1.6858,1.9986,0.82,226.036,,1.8531,4.5807,4.2502,0.0,,53102.09,53057.9625,44751.7847,205505.0883,205334.3149,0
214,600179.SH,20230106,3.28,0.521,0.5999,0.97,7.8577,5.1744,1.5826,1.7807,1.4748,0.0,,423152.6979,366248.6495,318034.3637,1387940.8491,1201295.5704,0
215,300937.SZ,20230106,28.2,6.1083,7.3394,0.67,421.5294,221.2189,3.4139,0.7933,0.7337,0.0,,9566.6682,4071.6682,3388.7182,269780.0432,114821.0432,0
216,603960.SH,20230106,18.42,0.6162,0.9942,0.98,97.4274,189.5396,4.9414,8.653,8.4319,0.3118,0.3118,26349.85,26016.9835,16124.6426,485364.237,479232.8361,0
217,603689.SH,20230106,8.02,0.922,2.928,1.0,18.2805,14.866,1.4196,0.7642,0.6632,1.6922,1.6922,47040.4802,47040.4802,14812.9794,377264.6512,377264.6512,0
218,603002.SH,20230106,5.09,0.3812,0.7436,0.85,12.283,7.7588,1.9683,1.0332,1.3029,5.6974,5.6974,90387.5195,61441.17,31498.6205,460072.4743,312735.5553,0
219,600584.SH,20230106,23.98,0.9742,1.3195,1.19,14.4231,12.9489,1.7884,1.399,1.2791,0.834,0.834,177955.3,177955.3,131382.1098,4267368.094,4267368.094,0
220,688606.SH,20230106,105.94,1.412,1.5986,1.02,7.4581,3.4738,1.3168,3.0482,1.4693,,,5390.4145,2519.6134,2225.5429,571060.5121,266927.8436,0
221,688621.SH,20230106,104.49,0.7775,0.8415,0.84,79.1123,55.9388,9.6121,16.9336,12.9042,,,8000.0,5693.05,5259.6799,835920.0,594866.7945,0
222,600535.SH,20230106,11.25,0.4271,0.8138,0.82,7.1524,31.0498,1.3814,2.1217,2.037,2.9221,2.9221,149970.013,149970.013,78704.3256,1687162.6463,1687162.6463,0
223,920305.BJ,20230106,10.66,0.099,0.1382,0.47,21.4521,20.2684,1.5406,2.9607,2.9218,,,13237.6125,6400.9125,4585.1718,141112.9493,68233.7273,0
224,002779.SZ,20230106,24.16,0.2405,0.5921,0.53,255.1361,111.1999,4.8493,5.9039,5.8736,0.0828,0.0828,13200.0,11843.4525,4809.8,318912.0,286137.8124,0
225,002962.SZ,20230106,10.66,2.7949,3.7208,1.13,36.9889,40.9464,1.7439,3.9701,2.8997,1.8798,1.8798,29347.9151,20448.9682,15360.5142,312848.775,217986.001,0
226,300770.SZ,20230106,37.33,0.9848,1.8014,0.68,12.6893,13.3166,2.622,6.1214,5.752,3.1878,3.1878,23105.8146,23105.6121,12631.7826,862540.059,862532.4997,0
227,688381.SH,20230106,43.12,2.4318,2.4318,0.7,65.8943,50.8774,3.5083,21.422,19.8289,,,25220.0,5693.684,5693.684,1087486.4,245511.6541,0
228,002564.SZ,20230106,5.84,6.4338,9.2893,1.28,,,3.1116,0.7369,1.0275,0.0,,85890.4477,85800.6399,59425.7511,501600.2146,501075.737,0
229,688159.SH,20230106,15.63,1.0176,1.0315,0.94,,,1.7723,1.3986,1.5543,,,9167.9495,6510.2041,6422.0097,143295.0507,101754.4901,0
230,600889.SH,20230106,5.05,1.0277,2.0071,1.27,,,1.6229,3.9393,3.7622,0.0,,36634.601,36634.601,18758.6391,185004.7351,185004.7351,0
231,000593.SZ,20230106,7.83,4.3306,7.5738,1.37,55.6139,62.343,2.5857,1.8627,1.896,0.0,,35863.1009,35845.6319,20496.1963,280808.08,280671.2978,0
232,688183.SH,20230106,9.78,0.3965,0.5222,1.3,30.7833,25.6117,2.0302,2.2304,2.2251,,,83182.1175,30334.808,23031.597,813521.1092,296674.4222,0
233,300533.SZ,20230106,27.88,4.8128,5.6238,2.15,,137.7553,2.3985,8.3849,2.9488,0.0,,15238.8,10625.7047,9093.3162,424857.744,296244.647,0
234,603256.SH,20230106,6.69,0.2452,1.5699,1.02,47.6138,90.7037,3.9537,7.3209,8.9071,1.4709,1.4709,88437.0,87780.0,13709.4333,591643.53,587248.2,0
235,600316.SH,20230106,25.25,0.7023,1.3545,0.95,119.5916,181.1002,3.4693,2.5099,3.2061,0.2653,0.2653,71711.4512,71711.4512,37180.2292,1810714.1428,1810714.1428,0
236,300502.SZ,20230106,25.22,1.6991,1.7746,0.97,19.3205,13.3286,2.7411,4.3972,3.8712,0.4467,0.4467,50708.6219,43870.5612,42004.7568,1278871.4443,1106415.5535,0
237,601888.SH,20230106,224.67,0.3954,0.8466,0.75,48.1482,80.2666,9.6483,6.8682,8.0779,0.6676,0.6676,206885.9044,195247.5544,91183.2854,46481056.1415,43866268.047,0
238,002402.SZ,20230106,15.3,0.896,0.9395,0.76,25.2807,31.2905,3.5071,2.3371,2.3203,0.6534,0.6534,91434.0685,80207.0711,76495.1961,1398941.2481,1227168.1878,0
239,920089.BJ,20230106,9.24,0.3618,0.3618,2.57,12.2084,11.5208,1.1198,1.0179,0.9208,,,10762.0,6343.9011,6343.8911,99440.88,58617.6462,0
240,000790.SZ,20230106,4.56,1.9773,2.4114,0.91,40.7598,49.9756,2.9343,3.0321,2.8504,0.2183,0.2183,62857.3564,61905.5164,50762.3883,286629.5452,282289.1548,0
241,603229.SH,20230106,24.47,1.2301,2.8159,0.77,67.3862,46.2338,7.0096,17.2612,13.6973,0.2977,0.2977,40186.6704,40186.6704,17554.7621,983367.8247,983367.8247,0
242,600818.SH,20230106,30.9,1.0768,1.6982,0.61,267.575,247.9348,14.4297,13.755,11.3147,0.2136,0.2136,32144.791,23795.791,15088.8876,993274.0419,735289.9419,0
243,002317.SZ,20230106,26.12,6.8749,8.2211,0.54,76.623,100.0608,5.8584,8.7576,8.1923,0.7605,0.7605,81443.1076,70721.5405,59141.478,2127293.9705,1847246.6379,0
244,601137.SH,20230106,15.34,1.9733,3.54,1.51,39.0629,25.8299,2.0563,1.2073,0.9757,0.7809,0.7809,79004.4972,74064.9167,41285.2072,1211928.987,1136155.8222,0
245,603898.SH,20230106,11.99,0.5947,1.8066,1.19,57.1508,17.5881,1.2902,1.1072,1.2182,0.5308,0.5308,31128.33,31128.33,10246.9439,373228.6767,373228.6767,0
246,000553.SZ,20230106,9.13,0.1389,0.8669,0.83,135.1435,22.8856,0.9025,0.6853,0.5807,0.0876,0.0876,232981.1766,217706.7461,34892.95,2127118.1424,1987662.5919,0
247,601600.SH,20230106,4.5,0.4976,0.8355,1.0,15.2035,17.7985,1.3249,0.2863,0.2749,0.7052,0.7052,1716159.1551,1307870.6983,778995.2218,7722716.198,5885418.1424,0
248,300631.SZ,20230106,30.27,3.4302,4.6677,2.07,52.9399,54.1344,3.1458,6.8777,5.157,0.4955,0.4955,12264.2024,12069.4556,8869.4556,371237.4066,365342.421,0
249,603199.SH,20230106,26.04,4.1259,7.8324,1.05,47.6198,259.4068,2.2898,6.7708,8.0724,0.6528,0.6528,11068.0,11068.0,5830.3286,288210.72,288210.72,0
250,688189.SH,20230106,15.8,2.1754,2.789,0.42,,,2.1999,4.523,4.6447,,,19600.0,14000.0,10920.0,309680.0,221200.0,0
251,002429.SZ,20230106,3.62,0.2577,0.6293,1.06,49.2115,,1.2164,0.7271,1.0705,0.0,,452694.0607,449630.141,184142.7783,1638752.4997,1627661.1104,0
252,002411.SZ,20230106,8.01,1.6369,3.0862,1.48,,,1.5426,1.6016,1.489,0.0,,153228.3909,153225.8409,81269.2457,1227359.4111,1227338.9856,0
253,000869.SZ,20230106,29.92,0.3125,1.3124,1.14,41.0098,42.4717,1.9408,5.1881,5.0109,1.504,1.504,68546.4,45346.08,10798.6944,2050908.288,1356754.7136,0
254,603166.SH,20230106,6.43,0.4222,1.1649,1.12,19.9452,42.3233,1.7581,2.2898,3.3546,7.776,7.776,64620.8651,64620.8651,23418.4466,415512.1626,415512.1626,0
255,600156.SH,20230106,4.79,0.8448,1.4154,0.77,,,4.0979,2.0703,1.9868,0.0,,40211.0702,40211.0702,24000.639,192611.0263,192611.0263,0
256,002549.SZ,20230106,15.82,1.8054,4.2053,0.78,72.7985,66.4022,7.7863,15.1385,13.9144,0.3086,0.3086,63875.0,62071.1625,26648.3877,1010502.5,981965.7908,0
257,002373.SZ,20230106,9.92,1.0524,1.4811,1.09,21.6506,,1.2721,1.5247,1.8721,0.0,,158018.8215,137350.7601,97597.1498,1567546.7093,1362519.5402,0
258,603860.SH,20230106,23.94,1.8731,3.4842,1.28,42.2493,37.0584,2.3079,7.8522,7.694,0.4737,0.4737,6668.0,6668.0,3584.8,159631.92,159631.92,0
259,002003.SZ,20230106,10.0,0.5397,0.8808,0.87,23.1188,18.2074,3.5566,3.0909,2.7271,3.8462,3.8462,103720.5556,85202.7441,52205.9879,1037205.556,852027.441,0
260,603230.SH,20230106,11.21,1.4295,1.4295,0.79,17.3428,15.4294,1.695,2.4897,2.3829,0.5798,0.5798,35352.3,8940.1,8940.1,396299.283,100218.521,0
261,301289.SZ,20230106,43.79,1.1804,1.1804,0.78,35.8863,38.6259,3.0076,12.0221,12.8918,0.0,,6000.0,1500.0,1500.0,262740.0,65685.0,0
262,000920.SZ,20230106,9.56,2.1872,4.0108,1.46,37.2235,36.0754,2.5913,3.2722,3.5357,0.9433,0.9433,47262.1118,42197.75,23011.3304,451825.7888,403410.49,0
263,300019.SZ,20230106,16.93,1.7877,2.7824,2.14,24.7358,24.354,3.103,2.5908,2.2889,1.7722,1.7722,39109.02,32430.9959,20837.1874,662115.7086,549056.7606,0
264,300024.SZ,20230106,9.21,0.5029,0.6812,0.93,,,3.6317,4.3289,4.275,0.0,,155021.195,150649.1443,111221.9272,1427745.206,1387478.619,0
265,300772.SZ,20230106,15.92,3.6677,4.249,1.13,22.8182,16.1439,2.3804,0.6968,0.6249,0.7582,0.7582,70207.8355,47363.0355,40883.0355,1117708.7412,754019.5252,0
266,600392.SH,20230106,14.84,2.3505,3.1867,1.84,24.1736,15.0375,2.7538,2.4502,1.6564,0.6739,0.6739,175282.657,175282.657,129288.376,2601194.6299,2601194.6299,0
267,600475.SH,20230106,9.26,0.6739,2.6754,1.55,11.5713,11.7296,1.1698,1.0434,0.9464,2.9105,2.9105,94389.4086,92697.847,23350.3845,874045.9236,858382.0632,0
268,000898.SZ,20230106,2.72,0.2429,0.9271,1.15,3.6933,,0.4395,0.1871,0.1983,8.1246,8.1246,940302.0451,794125.2719,208014.119,2557621.5627,2160020.7396,0
269,600546.SH,20230106,14.16,1.8517,4.3993,1.28,5.6851,3.2729,2.0689,0.5842,0.528,14.2444,14.2444,198245.614,198245.614,83444.9858,2807157.8942,2807157.8942,0
270,301231.SZ,20230106,21.09,4.9689,4.9689,0.83,43.8037,50.2633,1.9345,4.6983,4.7991,,,8440.0,2001.1163,2001.1163,177999.6,42203.5428,0
271,600961.SH,20230106,7.1,0.6651,1.1661,0.48,22.8462,42.4261,,0.2274,0.2364,0.0,,52745.7914,52745.7914,30085.4099,374495.1189,374495.1189,0
272,603596.SH,20230106,84.36,1.8672,3.1045,1.72,68.8598,56.5816,9.0238,9.9481,7.1661,0.1503,0.1503,41182.6975,41003.1975,24661.1786,3474172.3611,3459029.7411,0
273,301137.SZ,20230106,13.63,1.9691,1.9691,1.15,32.2183,69.0386,1.9634,1.4445,1.5676,0.6236,0.6236,18181.34,4545.34,4545.34,247811.6642,61952.9842,0
274,605122.SH,20230106,14.93,1.0878,1.0878,1.15,19.223,32.4165,1.0947,1.9059,1.4833,0.5358,0.5358,17235.4,5867.4,5867.4,257324.522,87600.282,0
275,301012.SZ,20230106,37.72,5.0948,5.5768,1.93,61.459,41.6838,5.1298,6.1928,4.6106,0.2651,0.2651,8400.0,4200.0,3837.0,316848.0,158424.0,0
276,600828.SH,20230106,3.61,0.4306,3.1866,0.57,15.2738,49.4242,0.9048,1.5002,1.855,4.1551,4.1551,173198.2546,173136.0181,23397.9684,625245.6991,625021.0253,0
277,600077.SH,20230106,2.67,1.5742,1.9732,1.28,,,0.8554,0.4772,0.3724,0.0,,134012.2326,134012.2326,106913.8828,357812.661,357812.661,0
278,600165.SH,20230106,6.81,1.3442,1.8986,1.14,,,6.2604,24.2431,7.117,0.0,,68488.3775,68488.3775,48488.3775,466405.8508,466405.8508,0
279,000682.SZ,20230106,8.47,0.695,1.1869,0.98,32.6527,27.7941,2.8332,2.5317,2.2207,0.7084,0.7084,134072.7007,134059.5407,78497.0169,1135595.7749,1135484.3097,0
280,920110.BJ,20230106,16.03,0.1321,0.1827,0.24,14.4624,14.4418,2.0007,4.1256,3.5616,,,3900.0,1082.7,782.7,62517.0,17355.681,0
281,688565.SH,20230106,8.33,7.1856,7.1856,1.86,76.2485,,2.1132,3.9629,3.3847,,,15785.7,9559.55,9559.55,131494.881,79631.0515,0
282,603817.SH,20230106,5.99,1.0203,2.0423,1.6,21.8543,20.3134,1.308,3.598,2.9674,0.9283,0.9283,53434.7495,51751.5812,25854.5224,320074.1495,309991.9714,0
283,002620.SZ,20230106,5.54,4.3972,6.2375,2.62,,,3.5691,0.5946,0.8009,0.0,,37749.4,31469.4056,22184.75,209131.676,174340.507,0
284,603228.SH,20230106,20.53,0.2394,0.7923,0.89,18.5982,17.8758,2.327,1.8247,1.6583,1.4618,1.4618,84725.0298,84187.2128,25440.9898,1739404.8618,1728363.4788,0
285,600100.SH,20230106,4.43,0.3774,0.4777,0.77,,,0.9855,0.5216,0.6048,0.0,,335029.7713,296389.8951,234148.0171,1484181.8869,1313007.2353,0
286,600162.SH,20230106,1.86,0.4452,1.3267,1.09,32.3942,55.7887,0.8683,1.0657,1.2255,6.9892,6.9892,326843.8122,326843.8122,109676.068,607929.4907,607929.4907,0
287,920195.BJ,20230106,7.16,3.9434,3.9434,,8.6644,9.2189,1.1326,1.1461,1.0055,,,9803.0,3638.3,3638.3,70189.48,26050.228,0
288,002889.SZ,20230106,22.3,1.0106,2.4649,1.12,13.0176,14.3881,1.4915,1.117,1.0797,0.7615,0.7615,13810.1429,8982.9254,3682.9404,307966.1867,200319.2364,0
289,000012.SZ,20230106,6.85,1.5936,1.6092,1.47,13.7539,12.5952,1.6862,1.5433,1.4827,2.9197,2.9197,307069.2107,195677.4751,193779.1304,2103424.0933,1340390.7044,0
290,301121.SZ,20230106,54.16,4.7584,4.7584,1.32,38.0759,63.7953,2.3403,4.7992,4.3216,0.0,,7080.3184,1678.7084,1678.7084,383470.0445,90918.8469,0
291,301056.SZ,20230106,7.8,0.804,0.804,0.66,28.322,36.209,2.8348,3.6136,3.2955,2.5641,2.5641,26678.6667,6669.6667,6669.6667,208093.6003,52023.4003,0
292,600278.SH,20230106,6.88,0.7441,1.4397,1.48,15.9413,15.0502,0.8745,0.1394,0.1503,1.8922,1.8922,88226.0201,67891.426,35086.8539,606995.0183,467093.0109,0
293,601098.SH,20230106,9.99,0.3389,0.9598,1.01,11.8398,11.3887,1.2542,1.5834,1.4692,6.5065,6.5065,179600.0,179600.0,63411.652,1794204.0,1794204.0,0
294,000897.SZ,20230106,2.34,1.0645,1.3461,1.18,7.7471,44.1556,1.8742,1.6787,6.3925,0.0,,161727.2234,161724.4634,127893.2294,378441.7028,378435.2444,0
295,600567.SH,20230106,2.5,0.2424,0.3574,0.63,7.6141,43.7534,0.7603,0.3494,0.3352,4.2036,4.2036,461617.895,461617.895,313168.5994,1154044.7375,1154044.7375,0
296,920475.BJ,20230106,6.57,0.1818,0.2211,1.45,23.3693,19.9674,2.011,2.3549,2.2379,,,10296.0,3454.0814,2840.2997,67644.72,22693.3148,0
297,301280.SZ,20230106,48.12,9.4703,9.4703,0.78,22.8456,27.8385,1.9281,2.9822,2.9752,,,6513.34,1473.4111,1473.4111,313421.9208,70900.5421,0
298,301139.SZ,20230106,26.23,1.2413,1.2413,0.86,29.8892,26.3343,1.7776,1.9631,1.5805,0.0,,12158.08,2883.1328,2883.1328,318906.4384,75624.5733,0
299,301218.SZ,20230106,19.47,2.4279,2.4279,0.82,37.0075,45.0026,2.5324,4.2343,4.5852,0.428,0.428,11404.0,2851.0,2851.0,222035.88,55508.97,0
300,920866.BJ,20230106,6.22,0.4996,0.4996,1.18,17.9604,18.134,1.5427,2.8597,2.8499,,,18020.59,5017.796,5017.796,112088.0698,31210.6911,0
301,002484.SZ,20230106,24.78,1.0311,1.6852,0.78,47.7065,34.9083,4.4389,5.8452,4.9115,0.4832,0.4832,83731.4241,78747.0296,48182.133,2074864.6892,1951351.3935,0
302,688051.SH,20230106,34.69,9.7578,9.7578,0.72,,,2.174,5.516,7.8363,,,7733.4,2382.8842,2382.8842,268271.646,82662.2529,0
303,601138.SH,20230106,9.38,0.0602,0.3479,0.77,9.3096,8.9564,1.5424,0.4238,0.3761,5.3096,5.3096,1985959.2893,1979549.6215,342700.1873,18628298.1336,18568175.4497,0
304,300813.SZ,20230106,44.67,8.5977,8.7204,0.9,58.4782,54.3028,6.9218,13.1161,11.1064,0.4197,0.4197,8316.7935,2652.3775,2615.0655,371511.1656,118481.7029,0
305,600238.SH,20230106,15.05,12.8567,19.0578,0.8,,,14.0315,8.0936,9.2635,0.0,,44820.0,44500.158,30020.4267,674541.0,669727.3779,0
306,601975.SH,20230106,4.11,3.1271,4.3416,1.18,67.2813,20.1891,2.8687,5.1641,3.6694,0.0,,485278.3848,485278.3848,349535.8087,1994494.1615,1994494.1615,0
307,300618.SZ,20230106,41.78,1.3312,1.6806,1.13,19.5061,30.0384,2.4961,2.9739,2.5335,1.0292,1.0292,30961.7139,27261.2906,21592.6027,1293580.4067,1138976.7213,0
308,002671.SZ,20230106,4.45,0.9418,1.3154,0.76,142.5898,,1.2062,1.8297,2.2606,0.0,,56572.5368,45787.1827,32783.8159,251747.7888,203752.963,0
309,000923.SZ,20230106,12.74,0.9079,1.4177,0.84,6.3902,21.9542,0.9905,1.2663,1.8306,2.3548,2.3548,65272.8961,62788.6354,40210.6055,831576.6963,799927.215,0
310,002427.SZ,20230106,6.48,0.3489,0.6729,0.77,,,,2.2042,2.5286,0.0,,98543.2777,98543.2777,51102.8704,638560.4395,638560.4395,0
311,601799.SH,20230106,133.89,0.576,1.2602,1.09,40.2864,39.6412,4.6085,4.8359,4.6559,0.8216,0.8216,28567.9419,28567.9419,13056.7792,3824961.741,3824961.741,0
312,300357.SZ,20230106,54.5,0.4683,0.8393,0.98,84.4262,73.0524,14.5732,35.3295,32.1289,0.3688,0.3688,52358.4,47129.0205,26295.1808,2853532.8,2568531.6173,0
313,002639.SZ,20230106,8.73,1.8078,1.9226,1.11,,,2.5089,3.3579,3.1783,0.0,,77260.2178,65058.3906,61172.0899,674481.7014,567959.7499,0
314,688630.SH,20230106,88.4,4.3886,4.8089,2.18,100.5934,81.6841,10.7023,21.6939,17.4506,,,12080.0,6808.2388,6213.1698,1067872.0,601848.3099,0
315,300391.SZ,20230106,9.78,1.0323,1.3126,0.82,69.7754,,4.0151,1.4506,1.7425,0.0,,35033.6112,35033.6112,27552.1259,342628.7175,342628.7175,0
316,002947.SZ,20230106,20.9,1.3075,1.5901,0.94,153.8698,23.727,2.6435,4.2565,3.377,0.7311,0.7311,23017.1765,15188.3931,12488.6956,481058.9889,317437.4158,0
317,688075.SH,20230106,86.5,3.1298,3.1298,0.82,10.6319,2.1891,1.4143,4.9405,1.1163,,,9077.3432,2178.5695,2178.5695,785190.1868,188446.2618,0
318,600478.SH,20230106,9.95,2.938,4.1708,2.11,390.6615,96.3618,5.9734,5.3877,5.166,0.0,,165615.8416,165615.8416,116662.1479,1647877.6239,1647877.6239,0
319,688600.SH,20230106,26.61,1.6714,1.6714,0.97,74.9671,52.4675,4.1316,6.3289,5.398,,,13377.263,6882.674,6882.674,355968.9684,183147.9551,0
320,301336.SZ,20230106,44.89,4.0591,4.0591,0.86,26.2303,37.8351,2.3083,3.7986,4.6497,0.0,,4000.0,1000.0,1000.0,179560.0,44890.0,0
321,301285.SZ,20230106,13.61,4.6305,4.6305,0.91,44.9153,43.5892,2.7016,4.5495,4.4691,,,20667.0,4875.5174,4875.5174,281277.87,66355.7918,0
322,603266.SH,20230106,13.15,1.4335,4.1379,1.69,26.6988,22.2653,2.0282,2.2073,2.0317,0.8365,0.8365,19888.675,19888.675,6889.899,261536.0763,261536.0763,0
323,603076.SH,20230106,37.35,1.5002,3.0772,0.78,97.4647,143.1078,3.3605,4.5566,3.001,0.2142,0.2142,12070.1344,12070.1344,5884.6001,450819.5198,450819.5198,0
324,300880.SZ,20230106,15.1,1.5232,1.7514,1.22,27.3303,22.1843,3.6234,4.3348,3.4428,1.6556,1.6556,19203.84,8401.68,7307.0304,289977.984,126865.368,0
325,300175.SZ,20230106,3.84,3.8999,5.128,0.82,,,3.4372,7.3208,8.0023,0.0,,47080.0,47080.0,35804.704,180787.2,180787.2,0
326,300508.SZ,20230106,22.29,1.2865,1.934,1.19,41.1392,66.679,3.82,5.881,6.0968,0.5571,0.5571,10909.44,5646.7977,3756.2581,243171.4176,125867.1207,0
327,000046.SZ,20230106,1.26,0.8202,1.9703,1.0,,,1.6329,0.7757,0.9059,0.0,,519620.0656,519383.6456,216228.1105,654721.2827,654423.3935,0
328,002058.SZ,20230106,11.2,0.404,0.7291,0.76,109.8694,1287.808,9.3551,6.5611,6.0925,0.0,,14344.8332,14311.7781,7930.2424,160662.1318,160291.9147,0
329,688303.SH,20230106,49.05,2.694,2.694,1.79,18.3162,6.4178,2.5322,9.6788,3.8538,,,213739.6215,28702.001,28702.001,10483928.4346,1407833.1491,0
330,600262.SH,20230106,16.41,0.3394,0.7287,0.93,29.9359,25.7025,2.0827,1.6949,1.3422,1.0055,1.0055,17000.0,17000.0,7917.8501,278970.0,278970.0,0
331,002375.SZ,20230106,4.52,0.4749,1.0206,0.87,,,0.779,0.5015,0.5042,0.5531,0.5531,133999.6498,133099.3508,61930.548,605678.4171,601609.0656,0
332,000799.SZ,20230106,138.77,2.2418,3.249,1.01,50.4655,39.3667,11.064,13.2061,10.5835,0.9368,0.9368,32492.898,32492.898,22420.1689,4509039.4555,4509039.4555,0
333,300333.SZ,20230106,6.06,1.3114,1.5551,0.9,76.6061,,2.6608,10.1642,12.69,0.0,,33600.0,33383.5067,28152.1971,203616.0,202304.0506,0
334,301230.SZ,20230106,55.73,6.243,6.243,0.48,58.2271,59.7648,3.963,9.5583,8.8271,,,7687.3333,1642.813,1642.813,428415.0848,91553.9685,0
335,002386.SZ,20230106,7.01,1.2219,1.5832,1.73,11.1001,10.9059,1.197,0.378,0.3536,3.0177,3.0177,101511.4122,101477.9482,78316.4833,711594.9995,711360.4169,0
336,300720.SZ,20230106,13.89,0.8784,2.183,0.81,35.2046,45.6789,4.678,10.7129,11.7735,1.4399,1.4399,19487.7256,17231.8351,6933.4956,270684.5086,239350.1895,0
337,600006.SH,20230106,5.67,0.7431,1.8624,1.1,30.5046,,1.4161,0.7293,0.9093,0.9841,0.9841,200000.0,200000.0,79800.0,1134000.0,1134000.0,0
338,603520.SH,20230106,20.56,3.0657,5.192,0.77,21.7767,56.9475,3.8048,3.5253,3.412,1.7376,1.7376,34291.4439,34251.4501,20224.2901,705032.0866,704209.8141,0
339,300703.SZ,20230106,10.22,1.4244,2.1446,0.83,196.4815,23.5331,2.3867,1.345,1.3416,0.4871,0.4871,18199.964,16731.3981,11113.1856,186003.6321,170994.8886,0
340,002983.SZ,20230106,17.7,1.9989,1.9989,1.47,39.4321,31.1429,2.9182,3.9712,3.484,1.1299,1.1299,18418.4,5233.9572,5233.9572,326005.68,92641.0424,0
341,002668.SZ,20230106,5.58,0.655,1.5692,0.67,,17.2507,8.2594,0.5976,0.7243,0.0,,108411.1428,108411.1428,45250.6196,604934.1768,604934.1768,0
342,600960.SH,20230106,3.51,0.7531,1.3632,1.18,,,0.7267,0.7557,0.8369,0.0,,95051.5518,95051.5518,52508.6638,333630.9468,333630.9468,0
343,601099.SH,20230106,2.59,0.5038,0.5655,0.88,145.5257,,1.8332,10.8283,13.0314,0.0,,681631.637,681631.637,607227.6395,1765425.9398,1765425.9398,0
344,600526.SH,20230106,5.47,0.4974,0.8776,0.75,86.6357,40.9461,1.2616,1.3965,1.1487,0.0,,86394.314,54740.4672,31026.1974,472576.8976,299430.3556,0
345,600836.SH,20230106,6.46,0.9272,1.1532,0.99,21.025,144.2267,3.7142,5.2167,7.1294,0.0,,67275.3072,66524.3072,53489.802,434598.4845,429747.0245,0
346,300938.SZ,20230106,37.65,1.7683,1.7683,0.63,53.5153,37.3617,3.907,10.8542,8.0185,0.4674,0.4674,11379.02,5176.8798,5176.8798,428420.103,194909.5245,0
347,002968.SZ,20230106,24.5,0.9054,2.1463,0.83,33.7974,28.5283,5.256,2.6878,2.1933,1.4492,1.4492,22909.1083,22159.6621,9347.9695,561273.1534,542911.7215,0
348,300793.SZ,20230106,16.38,1.7071,3.1946,0.89,105.5699,43.8914,2.2886,2.0276,2.2836,0.0,,33838.88,32986.5275,17626.5275,554280.8544,540319.3205,0
349,002378.SZ,20230106,7.14,1.3894,3.7001,0.82,39.9911,26.4462,3.3548,2.4765,2.1056,1.4006,1.4006,92416.7436,92159.0354,34606.2657,659855.5493,658015.5128,0
350,600488.SH,20230106,4.49,0.584,1.3414,0.51,101.1479,105.0146,1.6167,1.3132,1.2928,0.3129,0.3129,109636.268,109188.668,47533.7429,492266.8433,490257.1193,0
351,001268.SZ,20230106,23.07,4.3164,4.3164,0.68,27.1659,29.2209,2.6872,3.8177,3.5876,1.0837,1.0837,10793.3334,2698.3334,2698.3334,249002.2015,62250.5515,0
352,300959.SZ,20230106,28.62,2.3395,2.3395,1.14,26.9692,37.658,1.9846,1.7686,1.2369,1.153,1.153,8000.0,3717.5196,3717.5196,228960.0,106395.411,0
353,688661.SH,20230106,63.1,1.2788,1.2909,1.21,54.874,87.7649,4.4865,15.3231,17.7655,,,8987.4453,2500.0,2476.6851,567107.7984,157750.0,0
354,600166.SH,20230106,3.0,1.5331,2.2535,1.35,,,1.7417,0.4368,0.5252,0.0,,800376.3475,657519.2047,447327.6713,2401129.0425,1972557.6141,0
355,002955.SZ,20230106,26.58,1.6051,3.5355,0.69,36.8106,15.0305,1.7392,1.0702,1.1877,0.0,,23399.3066,18574.6247,8432.889,621953.5694,493713.5245,0
356,301097.SZ,20230106,59.49,1.6258,1.6258,0.66,44.791,32.1246,2.836,8.4555,8.8488,0.4202,0.4202,5894.7368,1473.6842,1473.6842,350677.8922,87669.4731,0
357,601838.SH,20230106,15.13,0.622,1.1945,1.12,7.2179,5.98,1.0885,3.1593,2.8258,4.0263,4.0263,373572.8369,372540.0345,193988.5022,5652157.0223,5636530.722,0
358,002456.SZ,20230106,4.91,0.6211,0.7905,1.51,,,3.1107,0.7002,0.9712,0.0,,325781.749,288571.4137,226750.8365,1599588.3876,1416885.6413,0
359,000802.SZ,20230106,4.75,5.6438,8.455,0.69,,,2.1828,11.4126,21.4357,0.0,,71590.0255,71546.5255,47757.8198,340052.6211,339845.9961,0
360,002207.SZ,20230106,7.24,1.8431,2.6414,1.15,247.4555,57.1154,15.4619,9.885,9.5321,0.0,,26205.5378,26010.6125,18148.9847,189728.0937,188316.8345,0
361,600784.SH,20230106,6.38,0.5114,0.6705,0.81,18.825,14.2264,1.7048,1.4274,1.174,0.5486,0.5486,67565.2277,56817.7846,43334.9276,431066.1527,362497.4657,0
362,601996.SH,20230106,2.72,0.9862,1.6453,1.22,18.5956,27.3435,1.1104,1.5081,1.5746,2.1583,2.1583,114562.28,114562.28,68667.68,311609.4016,311609.4016,0
363,001212.SZ,20230106,27.9,7.6149,8.6797,2.94,23.2893,31.5964,2.3585,4.5385,4.6503,0.8271,0.8271,11787.1,5573.75,4889.95,328860.09,155507.625,0
364,688296.SH,20230106,27.79,1.595,1.595,0.96,29.7796,29.5533,4.0362,5.8832,5.3076,,,10739.316,5869.5124,5869.5124,298445.5916,163113.7496,0
365,002673.SZ,20230106,6.16,0.2972,0.5205,0.9,19.5268,30.0278,1.0165,4.0783,4.354,1.737,1.737,446958.1705,410919.4608,234655.1379,2753262.3303,2531263.8785,0
366,603926.SH,20230106,9.3,0.4162,0.7506,1.13,12.092,22.5134,1.3667,1.1363,0.9852,1.4061,1.4061,22953.2531,20826.208,11546.8442,213465.2538,193683.7344,0
367,002448.SZ,20230106,5.52,0.8282,0.8578,1.23,15.3827,19.1794,1.118,1.3264,1.4679,1.8116,1.8116,58840.9646,47242.355,45607.7434,324802.1246,260777.7996,0
368,300347.SZ,20230106,109.54,1.241,1.3696,0.92,33.2496,35.4236,4.9796,18.3301,13.2278,0.4565,0.4565,87241.822,56575.9376,51265.9047,9556469.1819,6197328.2047,0
369,600370.SH,20230106,2.97,3.0577,4.8877,2.43,18.3765,12.0503,1.7263,0.5941,0.5222,5.0505,5.0505,389633.9676,116511.3996,72888.4093,1157212.8838,346038.8568,0
370,603690.SH,20230106,37.02,2.9066,4.1149,1.76,42.1855,46.3817,2.79,5.7034,4.3586,0.0,,32107.9574,31971.9574,22583.3171,1188636.5829,1183601.8629,0
371,600783.SH,20230106,13.02,0.5604,1.8416,1.25,19.0344,28.1364,2.3383,71.7491,80.4843,1.6129,1.6129,74435.9294,74435.9294,22649.7417,969155.8008,969155.8008,0
372,600511.SH,20230106,28.59,0.6816,1.1039,0.67,12.2977,11.4491,1.5767,0.4642,0.4617,2.4484,2.4484,75450.2998,55334.6424,34166.1253,2157124.0713,1582017.4262,0
373,002660.SZ,20230106,8.16,1.2512,1.7523,1.08,43.7422,30.7726,2.3536,1.7898,1.8503,0.0,,35662.6019,27432.7707,19588.3275,291006.8315,223851.4089,0
374,600288.SH,20230106,12.24,0.2254,0.3209,0.93,58.1535,41.6924,2.8936,2.1073,2.1707,0.5163,0.5163,43680.0,43680.0,30684.0,534643.2,534643.2,0
375,603122.SH,20230106,11.57,4.7634,4.7634,0.9,57.403,57.081,3.9978,3.8667,3.6893,1.5557,1.5557,39805.2633,9951.32,9951.32,460546.8964,115136.7724,0
376,600079.SH,20230106,23.98,1.8613,2.6431,1.19,29.7253,15.9939,2.6049,1.9053,1.7842,0.6252,0.6252,163271.5541,145738.5914,102626.6038,3915251.8673,3494811.4218,0
377,300996.SZ,20230106,43.76,2.1325,2.1424,1.21,44.8302,57.0394,6.656,10.6754,9.9307,0.681,0.681,14196.4567,8520.4894,8481.0819,621236.9452,372856.6161,0
378,300384.SZ,20230106,15.74,0.6526,0.954,1.01,26.353,22.9633,2.2664,5.9745,5.064,2.0187,2.0187,31900.7265,22001.1103,15050.017,502117.4351,346297.4761,0
379,603776.SH,20230106,12.98,0.6295,1.1111,1.23,68.8768,100.2512,0.9256,3.4581,4.0604,0.7639,0.7639,23265.4955,23222.1705,13156.7069,301986.1316,301423.7731,0
380,603538.SH,20230106,25.89,2.6777,3.677,0.75,38.7602,24.9819,2.9277,4.3909,3.5184,0.5478,0.5478,21337.7812,21103.5939,15368.0025,552435.1553,546372.0461,0
381,002302.SZ,20230106,7.54,0.5722,1.4588,0.69,11.2673,11.0014,1.0573,0.3535,0.3698,1.2599,1.2599,126235.4304,126235.4304,49510.6378,951815.1452,951815.1452,0
382,688739.SH,20230106,31.61,0.8373,0.8564,0.69,14.7497,20.1589,1.3821,6.3045,7.6835,,,41645.0,17520.2268,17129.2576,1316398.45,553814.3691,0
383,301219.SZ,20230106,70.7,1.9602,1.9602,1.35,13.9351,19.7299,1.8511,3.8526,3.2753,3.1353,3.1353,22670.5525,4581.3128,4581.3128,1602808.0618,323898.815,0
384,920871.BJ,20230106,4.93,0.7601,0.7601,1.85,12.3568,18.6644,1.5841,2.1089,2.3976,,,7373.7616,1811.5448,1811.5448,36352.6447,8930.9159,0
385,002356.SZ,20230106,5.71,0.4136,0.7136,0.67,8.3206,7.1382,11.6133,22.4982,35.4867,0.0,,131125.4521,131051.3884,75947.7195,748726.3315,748303.4278,0
386,300160.SZ,20230106,6.51,1.4985,2.7583,2.13,36.7279,25.5351,2.2779,3.4517,3.1698,1.2285,1.2285,77294.6292,60060.8267,32629.2433,503188.0361,390995.9818,0
387,300740.SZ,20230106,13.99,5.1194,8.8586,0.98,23.0152,26.0688,3.1139,1.0861,1.0796,0.0,,38893.8617,35553.8647,20546.478,544125.1252,497398.5672,0
388,603822.SH,20230106,35.58,2.086,3.7779,1.68,26.9864,41.2955,2.4827,1.4373,0.9208,0.7432,0.7432,7740.7531,7682.5886,4241.9188,275415.9953,273346.5024,0
389,300834.SZ,20230106,25.21,0.4733,0.4733,0.89,16.7206,31.0583,1.6543,2.4717,2.5675,8.7267,8.7267,19371.2353,4842.81,4842.81,488348.8419,122087.2401,0
390,002876.SZ,20230106,40.32,3.3933,3.8679,1.35,20.7722,28.4312,3.1089,3.043,3.1844,0.7351,0.7351,17388.4932,14873.3963,13048.3452,701104.0458,599695.3388,0
391,301313.SZ,20230106,33.16,22.53,22.53,0.69,48.1384,54.1713,3.2257,4.7521,4.9534,,,10233.34,2426.2576,2426.2576,339337.5544,80454.702,0
392,301163.SZ,20230106,28.53,6.4002,6.4002,1.6,35.4573,46.0395,2.1577,3.0802,2.9677,0.0,,8160.0,2040.0,2040.0,232804.8,58201.2,0
393,300172.SZ,20230106,4.53,0.5727,0.6336,0.84,28.7687,25.7754,1.7091,3.5059,2.7701,1.1038,1.1038,67671.0,49703.1046,44928.4645,306549.63,225155.0638,0
394,300666.SZ,20230106,71.35,3.3786,4.1794,1.07,177.7042,80.7608,4.8707,11.8877,8.7894,0.1201,0.1201,26556.436,17564.3032,14198.6466,1894801.7086,1253213.0333,0
395,000514.SZ,20230106,4.33,2.0246,5.4997,1.01,22.5359,22.7211,1.0521,3.0783,3.2894,0.4619,0.4619,84377.0965,84377.0965,31062.1866,365352.8278,365352.8278,0
396,600282.SH,20230106,3.15,0.4757,0.8427,1.87,4.747,7.1949,0.7467,0.2566,0.2808,9.5018,9.5018,616509.1011,446692.7238,252150.3927,1942003.6685,1407082.08,0
397,000166.SZ,20230106,4.01,0.1454,0.3303,0.91,10.6838,16.0197,1.0361,2.9268,3.6549,2.4938,2.4938,2503994.456,2253550.7316,991959.3842,10041017.7686,9036738.4337,0
398,688566.SH,20230106,21.88,0.903,1.4446,0.99,35.5982,34.6901,2.617,8.025,7.183,,,18694.16,8073.54,5046.54,409028.2208,176649.0552,0
399,600741.SH,20230106,17.26,0.4514,1.0831,1.01,8.4119,8.1892,1.0772,0.3888,0.3558,4.9247,4.9247,315272.3984,315272.3984,131406.0855,5441601.5964,5441601.5964,0
400,001317.SZ,20230106,44.6,11.2768,11.2768,0.7,75.106,171.02,4.4609,3.8687,4.217,0.8969,0.8969,8004.0,2964.0,2964.0,356978.4,132194.4,0
401,605305.SH,20230106,38.16,2.7697,3.0144,2.58,25.0,31.6085,2.7028,6.5614,7.0614,1.2001,1.2001,15180.0,10626.0,9763.5,579268.8,405488.16,0
402,300558.SZ,20230106,53.43,0.8904,1.5578,1.37,58.1046,160.1058,4.6167,9.9107,10.1907,0.4666,0.4666,41658.2531,41520.918,23731.0588,2225800.4631,2218462.6487,0
403,000707.SZ,20230106,10.04,3.8552,5.148,1.42,11.0265,4.4525,3.467,1.521,1.0511,0.0,,46414.5765,46414.5765,34758.2555,466002.3481,466002.3481,0
404,603138.SH,20230106,23.37,2.963,5.6861,0.55,586.9667,,7.4577,15.7319,20.2202,0.1113,0.1113,28314.299,27983.5927,14582.086,661705.1676,653976.5614,0
405,600732.SH,20230106,40.58,1.8901,2.5127,0.83,,35.299,7.1204,2.99,1.5367,0.0,,113987.4146,84295.1181,63409.2909,4625609.2845,3420695.8925,1
406,002599.SZ,20230106,5.25,2.822,3.5087,0.77,41.7446,,1.9973,1.1735,1.2458,0.0,,53758.6717,39585.6241,31838.3073,282233.0264,207824.5265,0
407,600705.SH,20230106,3.3,0.4395,0.8513,1.06,6.5177,8.5749,0.7825,2.7598,2.6956,4.6061,4.6061,883069.2012,879776.0537,454228.4069,2914128.364,2903260.9772,0
408,002423.SZ,20230106,7.47,1.6482,5.4552,1.33,12.542,25.1656,0.9381,2.7116,8.8694,2.3963,2.3963,230410.5575,230410.5575,69616.3942,1721166.8645,1721166.8645,0
409,600855.SH,20230106,12.24,2.7518,4.2756,0.76,46.9626,861.3902,3.1989,1.9794,2.437,0.6454,0.6454,45042.6801,35154.3342,22625.6245,551322.4044,430289.0506,0
410,600379.SH,20230106,12.18,2.638,4.483,0.91,79.1952,69.6832,6.365,3.9823,3.6823,0.509,0.509,33020.1564,33020.1564,19430.7154,402185.505,402185.505,0
411,301175.SZ,20230106,6.12,2.4357,2.4357,1.53,52.2207,45.4201,2.8384,5.9663,5.6637,0.0,,147188.0,31978.789,31978.789,900790.56,195710.1887,0
412,920985.BJ,20230106,8.7,2.2399,2.6183,6.68,18.3371,15.3113,2.2336,0.5946,0.4177,,,30947.62,11832.9079,10122.9079,269244.294,102946.2987,0
413,600838.SH,20230106,7.03,4.3315,6.3633,0.63,27.5079,57.2545,2.0438,28.5714,43.2863,1.0953,1.0953,40088.1981,40088.1981,27287.708,281820.0326,281820.0326,0
414,300300.SZ,20230106,4.1,1.6623,2.3486,0.86,,,5.8199,5.8065,11.9112,0.0,,67139.691,67130.346,47513.2717,275272.7331,275234.4186,0
415,002305.SZ,20230106,2.9,7.4823,12.5812,0.99,,,2.0698,1.5365,1.1704,0.0,,173421.577,173265.7031,103045.4734,502922.5733,502470.539,0
416,300769.SZ,20230106,232.22,3.7628,4.6843,1.6,50.3985,16.9237,4.8714,8.3333,2.3753,0.222,0.222,17375.1943,15433.7295,12397.7945,4034867.6203,3584020.6645,0
417,688768.SH,20230106,114.0,0.7495,0.7495,0.5,76.9942,65.9187,9.1815,15.751,12.9259,,,5486.5491,3255.1273,3255.1273,625466.5974,371084.5122,0
418,688349.SH,20230106,33.79,5.0424,5.0424,1.79,25.2603,26.001,3.7896,3.9503,3.6899,,,118948.4215,13857.6102,13857.6102,4019267.1625,468248.6487,0
419,920564.BJ,20230106,6.38,0.2785,0.2785,1.18,13.9615,12.5131,1.5948,2.3879,2.5082,,,7390.5018,1587.0523,1587.0523,47151.4015,10125.3937,0
420,002833.SZ,20230106,13.74,8.1784,10.3156,7.54,11.2075,12.2591,2.5196,2.4587,2.7696,2.7033,2.7033,42423.0016,25536.9135,20246.1313,582892.042,350877.1915,0
421,600320.SH,20230106,3.24,0.1825,0.3362,0.83,38.8084,46.5877,1.188,0.6571,0.5892,1.5432,1.5432,526835.3501,332199.7661,180323.2242,1706946.5343,1076327.2422,0
422,688005.SH,20230106,73.1,2.4622,2.554,1.43,36.1779,25.7407,5.1328,3.2127,1.4153,,,45088.3265,28041.9083,27034.4593,3295956.6672,2049863.4967,0
423,920039.BJ,20230106,4.77,0.0553,0.2361,1.93,9.64,11.4731,1.2979,3.1761,3.3787,,,15382.0,15381.99,3601.29,73372.14,73372.0923,0
424,601398.SH,20230106,4.34,0.0626,0.4977,0.72,4.4405,4.2689,0.5062,1.6407,1.6419,6.7581,6.7581,35640625.7089,26961221.2539,3389563.121,154680315.5766,117011700.2419,0
425,002031.SZ,20230106,3.44,18.5699,20.5649,0.98,,,3.1084,3.4254,5.7441,0.0,,219939.567,193382.1229,174622.0582,756592.1105,665234.5028,0
426,300341.SZ,20230106,9.04,0.9059,2.0251,0.95,26.068,19.36,3.1913,3.1685,2.7079,0.7695,0.7695,51339.3236,51296.7086,22947.9042,464107.4853,463722.2457,0
427,605123.SH,20230106,142.27,1.7032,2.2219,0.51,56.691,37.1959,4.6253,9.9455,6.4958,0.1804,0.1804,12117.0892,4145.0,3177.32,1723898.2805,589709.15,0
428,600717.SH,20230106,4.1,0.3979,0.9213,0.84,12.1968,11.275,0.6616,0.8201,1.0085,2.4634,2.4634,289400.1038,289400.1038,124978.7419,1186540.4256,1186540.4256,0
429,605068.SH,20230106,31.21,1.0124,1.0132,0.47,31.8243,69.1089,2.9869,6.335,6.6644,0.9612,0.9612,16660.1584,5650.1584,5645.2584,519963.5437,176341.4437,0
430,688033.SH,20230106,24.15,3.013,4.401,3.24,77.4828,68.254,2.6998,20.1964,14.2387,,,56136.8496,44992.9688,30803.0416,1355704.9178,1086580.1965,0
431,603280.SH,20230106,24.42,5.4891,5.4891,0.61,17.025,19.1482,2.3132,2.0611,2.0366,,,10840.6667,2710.1667,2710.1667,264729.0808,66182.2708,0
432,600481.SH,20230106,13.07,1.4097,2.799,1.29,78.8367,25.3805,3.649,6.3841,2.3719,0.0,,187066.1251,162725.5808,81955.4378,2444954.2551,2126823.3411,0
433,002845.SZ,20230106,15.99,11.8965,16.0297,1.52,14.4877,62.2803,1.9146,0.4079,0.5125,0.7147,0.7147,32804.0025,22366.4351,16599.4033,524536.0,357639.2972,0
434,002615.SZ,20230106,7.21,40.9297,44.3019,4.69,24.8434,15.039,2.5756,1.4092,1.2819,1.8432,1.8432,46690.1732,28460.8707,26294.5211,336636.1488,205202.8777,-1
435,301030.SZ,20230106,44.4,7.0008,8.8624,2.48,101.7381,71.0762,5.4331,7.4508,4.3782,0.0,,13333.3334,10426.1434,8236.1434,592000.003,462920.767,0
436,920223.BJ,20230106,3.22,1.0395,1.0395,0.85,22.0331,22.9479,1.5302,1.9403,1.8658,,,15728.5,4838.5,4838.5,50645.77,15579.97,0
437,002056.SZ,20230106,21.11,5.105,10.6284,4.03,30.6485,23.7985,4.6962,2.7238,1.9374,1.1369,1.1369,162671.2074,159705.8744,76709.7178,3433989.1882,3371391.0086,0
438,600188.SH,20230106,32.93,0.6505,2.684,1.12,10.0229,5.1157,2.0947,1.0722,0.8218,6.0735,6.0735,494870.364,298696.364,72391.6352,16296081.0865,9836071.2665,0
439,002459.SZ,20230106,64.93,1.4721,3.3696,2.15,75.0193,38.0836,6.0798,3.7029,2.3701,0.1645,0.1645,235540.5055,234350.312,102385.1454,15293645.0221,15216365.7582,0
440,688188.SH,20230106,220.25,0.2589,0.7893,1.34,58.4352,67.6604,7.7207,35.1977,37.3893,,,14597.4775,14597.4775,4788.8675,3215094.4194,3215094.4194,0
441,600416.SH,20230106,18.3,1.7795,3.592,1.09,305.1982,125.8521,3.4449,6.0252,5.4364,0.0,,132540.6445,62863.1202,31142.8079,2425493.7944,1150395.0997,0
442,300897.SZ,20230106,27.43,0.3686,0.5339,0.69,20.7766,19.8028,2.065,3.8535,3.3345,2.552,2.552,6800.0,2954.7277,2039.6578,186524.0,81048.1808,0
443,300119.SZ,20230106,18.79,0.7131,0.8928,1.1,21.3043,24.8692,2.1393,4.3814,4.4304,1.863,1.863,46801.8786,32583.3958,26024.844,879407.2989,612242.0071,0
444,603937.SH,20230106,12.15,0.9882,2.6756,1.67,19.2069,22.5767,1.6202,1.4547,1.5014,1.6461,1.6461,20888.0,20888.0,7714.4602,253789.2,253789.2,0
445,600580.SH,20230106,13.06,2.979,4.8557,2.66,17.3817,15.5769,1.9358,1.2265,1.1623,1.1431,1.1431,131469.9126,130829.1126,80264.3177,1716997.0586,1708628.2106,0
446,600682.SH,20230106,8.9,0.8914,1.5702,1.26,10.9794,14.5937,0.7005,1.9396,1.878,0.3371,0.3371,134613.2221,116506.0275,66142.9194,1198057.6767,1036903.6448,0
447,603298.SH,20230106,17.73,0.3526,1.0572,0.97,16.9089,16.7643,2.6187,1.0601,1.0344,2.2561,2.2561,86639.7337,86639.7337,28892.9731,1536122.4785,1536122.4785,0
448,300745.SZ,20230106,39.01,3.7488,4.0261,1.32,193.9133,248.209,4.0744,5.2847,3.6576,0.0,,12659.9368,9881.7904,9201.1321,493864.1346,385488.6435,0
449,603936.SH,20230106,13.89,2.6828,3.7903,1.03,29.3459,42.4816,1.8999,2.0161,2.2718,0.0,,51101.2097,51101.2097,36169.8778,709795.8027,709795.8027,0
450,600898.SH,20230106,5.8,8.6156,12.1356,4.05,,,18.5302,7.0229,9.7382,0.0,,28538.0986,25252.382,17927.8753,165520.9719,146463.8156,0
451,002090.SZ,20230106,13.6,7.7643,11.7316,2.1,37.9256,45.9356,4.4615,3.3509,3.3964,0.173,0.173,40426.4936,39947.4085,26438.3097,549800.313,543284.7556,0
452,920640.BJ,20230106,15.81,0.0997,0.2727,0.73,29.1131,20.4784,4.1011,4.9198,3.796,,,18772.8,17392.7911,6359.6864,296797.968,274980.0273,0
453,002536.SZ,20230106,7.77,1.3415,2.273,1.19,27.4089,135.8564,1.7124,1.2487,1.2547,1.287,1.287,50071.1814,47112.2852,27806.0122,389053.0795,366062.456,0
454,688273.SH,20230106,32.69,3.7125,3.7125,1.05,27.6138,23.5341,2.445,9.5685,7.9858,,,10000.0,2235.7374,2235.7374,326900.0,73086.2556,0
455,301001.SZ,20230106,21.51,7.4852,9.4665,1.13,35.5522,,2.133,2.0717,2.2214,0.5811,0.5811,8000.0,3440.0,2720.0,172080.0,73994.4,0
456,601226.SH,20230106,5.96,0.5558,1.5073,1.03,22.9351,22.7361,1.7275,0.6734,0.6483,1.4262,1.4262,116701.0,115500.0,42587.9644,695537.96,688380.0,0
457,600139.SH,20230106,1.26,9.6618,12.1888,1.7,,,,8.85,9090.4042,0.0,,66189.0508,66189.0508,52466.8471,83398.204,83398.204,0
458,000690.SZ,20230106,6.62,0.5579,0.6642,0.69,17.4731,74.2874,1.28,1.5306,1.524,0.7553,0.7553,217588.7862,217447.1375,182632.9317,1440437.7646,1439500.0503,0
459,000733.SZ,20230106,114.95,0.8579,1.2729,1.18,40.1228,24.9376,6.5146,10.5767,8.4154,0.2598,0.2598,52041.3168,52005.0168,35047.6824,5982149.3662,5977976.6812,0
460,600551.SH,20230106,10.37,0.2844,0.8771,0.91,13.9793,16.7415,0.9773,0.6363,0.6651,1.5815,1.5815,48432.5171,48432.5171,15702.8108,502245.2023,502245.2023,0
461,002020.SZ,20230106,12.91,1.5671,1.8899,0.7,18.104,16.9309,2.2378,3.3321,3.0306,2.3238,2.3238,86102.914,65640.0768,54430.2753,1111588.6197,847413.3915,0
462,300757.SZ,20230106,61.39,4.5325,9.2947,1.54,,,8.0123,6.2484,8.8302,0.0,,11053.0936,10400.0,5071.4308,678549.4161,638456.0,0
463,603011.SH,20230106,8.71,2.1803,3.6597,1.08,66.9348,30.9413,1.8746,3.5699,2.5813,0.3444,0.3444,49441.4437,49441.4437,29455.2425,430634.9746,430634.9746,0
464,300484.SZ,20230106,11.22,2.3375,2.6208,2.36,37.7528,30.6737,3.5998,4.5659,5.1841,2.3039,2.3039,20832.09,15501.1353,13825.4204,233736.0498,173922.7381,0
465,605198.SH,20230106,18.82,1.1278,4.7225,0.94,42.0705,27.6174,2.8568,7.7237,6.3246,0.2657,0.2657,35770.0,8374.604,2000.0,673191.4,157610.0473,0
466,605050.SH,20230106,13.09,1.0974,2.2109,1.2,16.8371,19.1509,1.7799,0.5721,0.546,2.7502,2.7502,43500.0,15150.0,7520.0,569415.0,198313.5,0
467,300166.SZ,20230106,8.51,1.7946,2.0004,0.7,32.4767,49.3083,1.4063,3.9709,4.0781,0.0,,115238.1437,91941.0291,82480.4875,980676.6029,782418.1576,0
468,600571.SH,20230106,9.93,4.9282,6.4049,0.98,16.3933,,4.1574,3.1022,2.7255,2.499,2.499,48015.8629,44564.0503,34289.0345,476797.5186,442521.0195,0
469,002091.SZ,20230106,8.55,0.6664,1.1683,1.25,11.2573,7.5009,1.0479,0.3537,0.2976,2.8686,2.8686,162759.7512,157282.2128,89711.8806,1391595.8728,1344762.9194,0
470,920914.BJ,20230106,10.84,0.3191,0.3191,1.06,12.8536,12.9127,1.2698,1.2044,1.0993,,,10000.0,5519.975,5519.975,108400.0,59836.529,0
471,300321.SZ,20230106,15.25,0.3324,0.7082,0.62,426.8324,1030.3625,2.1602,2.6039,2.6149,0.2098,0.2098,8880.0,8418.4616,3950.7694,135420.0,128381.5394,0
472,002861.SZ,20230106,10.43,1.1808,1.7493,0.87,,,1.6174,1.5501,2.0606,0.0,,15555.0619,10831.0077,7310.8718,162239.2956,112967.4103,0
473,300668.SZ,20230106,20.18,1.8373,2.5598,0.84,141.9513,129.9418,3.4544,6.3673,5.9836,0.494,0.494,12038.1273,7894.5996,5666.525,242929.4089,159313.0199,0
474,920634.BJ,20230106,7.89,0.2225,0.2225,0.95,16.4569,19.07,1.9266,0.8179,0.805,,,6232.2,1352.612,1352.612,49172.058,10672.1087,0
475,688158.SH,20230106,13.72,2.3252,2.7178,0.74,,,2.04,2.1427,3.0357,,,45309.5081,35540.6836,30406.9483,621646.4511,487618.179,0
476,000671.SZ,20230106,1.92,2.1975,3.9744,0.88,,,0.6684,0.1869,0.3986,0.0,,414038.295,405522.4578,224218.6131,794953.5264,778603.119,0
477,600241.SH,20230106,9.75,1.0296,2.0045,1.11,,,2.715,3.6747,2.8818,0.0,,29430.2115,29430.2115,15116.8642,286944.5621,286944.5621,0
478,601766.SH,20230106,5.14,0.1487,0.3703,1.13,14.3179,14.9465,0.9878,0.6535,0.6803,3.5019,3.5019,2869886.4088,2432779.8048,976940.8598,14751216.1412,12504488.1967,0
479,688420.SH,20230106,42.84,2.6064,2.6064,0.48,44.0788,32.6711,2.7008,9.8774,8.0833,,,8843.0,2028.9441,2028.9441,378834.12,86919.9652,0
480,300960.SZ,20230106,17.57,1.8759,1.8759,0.86,39.6525,45.0545,2.9346,6.1107,6.0355,1.7075,1.7075,10238.5812,2560.0,2560.0,179891.8717,44979.2,0
481,688048.SH,20230106,102.0,3.4056,3.4056,1.15,119.9412,104.1136,4.3099,32.2339,32.3188,,,13559.9956,3122.2984,3122.2984,1383119.5512,318474.4368,0
482,601169.SH,20230106,4.28,0.2352,0.3373,0.99,4.0714,3.8665,0.3943,1.3654,1.3331,7.1262,7.1262,2114298.4272,2114298.4272,1474719.1845,9049197.2684,9049197.2684,0
483,001896.SZ,20230106,5.31,6.8753,15.6005,3.05,,,1.7943,0.6805,0.5793,0.0,,152578.133,132078.133,58208.0646,810189.8862,701334.8862,0
484,603787.SH,20230106,20.59,2.4428,9.0668,1.2,369.4016,32.416,3.6941,0.9812,0.8429,0.2428,0.2428,20400.0,20400.0,5496.08,420036.0,420036.0,0
485,300323.SZ,20230106,6.68,0.6814,0.8503,1.18,88.4903,275.3609,1.297,2.6249,3.2723,0.0,,124023.6453,91798.671,73567.3667,828477.9506,613215.1223,0
486,688499.SH,20230106,168.28,1.5051,1.5051,1.06,69.7415,43.6878,6.2818,6.352,4.1037,,,8800.0,3417.1347,3417.1347,1480864.0,575035.4273,0
487,601963.SH,20230106,6.86,0.3287,0.3316,0.85,5.1108,4.9287,0.5295,1.6421,1.7044,5.685,5.685,347453.9844,69139.2582,68533.7327,2383534.333,474295.3113,0
488,002454.SZ,20230106,7.28,1.8634,3.327,1.54,40.6489,67.127,1.2299,1.1097,1.1262,0.5495,0.5495,62858.16,62621.2428,35074.1619,457607.4048,455882.6476,0
489,603949.SH,20230106,18.18,5.839,5.839,1.62,29.7438,61.1645,3.8138,8.0655,12.2396,1.6502,1.6502,20980.61,5245.8,5245.8,381427.4898,95368.644,0
490,300513.SZ,20230106,11.95,3.2399,3.2931,1.42,,,1.5614,3.0597,2.7472,0.0,,31369.1155,27021.3491,26585.2316,374860.9302,322905.1217,0
491,600258.SH,20230106,24.07,0.9851,1.7896,1.14,483.7003,,2.5043,4.3768,5.1151,0.1083,0.1083,111885.8874,107043.2056,58924.7047,2693093.3097,2576529.9588,0
492,300848.SZ,20230106,27.18,3.2548,3.5379,1.06,45.6267,43.8368,5.7641,4.189,3.4834,0.4906,0.4906,20001.0,6935.7,6380.7,543627.18,188512.326,0
493,300138.SZ,20230106,18.69,1.5018,1.6027,0.93,28.3276,23.2293,3.2366,2.0432,1.5402,0.6956,0.6956,53277.3991,42712.4244,40022.439,995754.5892,798295.212,0
494,300868.SZ,20230106,15.62,0.7128,0.7357,0.92,75.6755,,1.1665,2.7963,2.5976,0.0,,12800.0,6154.6903,5962.8319,199936.0,96136.2625,0
495,688078.SH,20230106,36.04,1.1885,2.3811,0.5,40.8005,33.919,4.1842,8.8481,7.7226,,,7141.0,7141.0,3564.4124,257361.64,257361.64,0
496,002230.SZ,20230106,33.94,0.735,0.9192,0.98,50.6714,63.199,4.9491,4.3065,3.9225,0.2946,0.2946,232375.2783,211894.0554,169436.5184,7886816.9455,7191684.2403,0
497,300984.SZ,20230106,21.39,1.6529,2.2124,0.92,26.1233,29.014,2.5703,1.8343,1.5373,2.3375,2.3375,7680.0,2972.1792,2220.4992,164275.2,63574.9131,0
498,002387.SZ,20230106,5.91,1.2031,2.031,0.98,,,0.6917,1.7988,1.2303,0.0,,138319.0446,137150.7842,81242.7207,817465.5536,810561.1346,0
499,603918.SH,20230106,8.19,4.0269,5.8513,0.72,33.9764,59.192,2.8244,2.6839,3.067,1.4623,1.4623,36775.9038,36558.5438,25159.6545,301194.6521,299414.4737,0
500,001229.SZ,20230106,27.58,2.8202,2.8202,0.87,28.4891,29.0801,3.0954,11.6938,12.4188,0.0,,10000.0,2500.0,2500.0,275800.0,68950.0,0
501,002540.SZ,20230106,5.26,0.82,1.1636,1.47,14.3563,13.7553,1.2718,1.0929,1.0006,1.8854,1.8854,125016.9663,87469.9276,61644.9744,657589.2427,460091.8192,0
502,600186.SH,20230106,2.65,0.8743,1.1589,0.91,107.1544,84.1846,3.3486,2.6193,2.6404,0.0,,179390.1141,175190.1141,132160.2474,475383.8024,464253.8024,0
503,300737.SZ,20230106,13.49,1.4476,2.1157,1.03,23.6836,59.544,2.7937,2.05,1.9802,0.0,,118087.8627,88836.2359,60786.3655,1593005.2678,1198400.8223,0
504,600708.SH,20230106,2.4,1.238,2.5828,1.44,76.3208,157.8363,0.4967,0.2067,0.207,0.625,0.625,222863.6743,222527.7771,106661.6507,534872.8183,534066.665,0
505,003012.SZ,20230106,8.6,1.919,3.0649,1.41,65.6673,,1.4054,1.2643,1.3826,2.3353,2.3353,117300.0,64261.8647,40235.5936,1008780.0,552652.0364,0
506,002941.SZ,20230106,12.3,0.8427,2.3841,0.89,31.3875,26.3252,2.8482,0.6829,0.8245,0.813,0.813,64505.6973,63999.4474,22621.9828,793420.0768,787193.203,0
507,000063.SZ,20230106,26.0,0.4916,0.6578,0.8,18.0743,15.8276,2.1486,1.0752,0.9991,1.1532,1.1532,473611.2508,397988.1731,297404.1331,12313892.5208,10347692.5006,0
508,600918.SH,20230106,6.46,0.4859,0.5659,0.97,14.0679,28.4232,1.2625,3.4235,3.893,0.9752,0.9752,696862.5756,260906.9526,224005.7626,4501732.2384,1685458.9138,0
509,600520.SH,20230106,17.01,25.7664,33.0925,0.92,306.0362,62.6628,6.1994,6.0704,5.6897,0.0,,15843.0,15843.0,12335.6667,269489.43,269489.43,0
510,600483.SH,20230106,11.17,1.0289,2.9422,1.39,17.214,11.8954,1.1762,1.8077,1.7831,1.88,1.88,195456.9056,174602.81,61062.5194,2183253.6356,1950313.3877,0
511,688480.SH,20230106,24.2,5.8079,5.8079,1.11,51.4194,36.8675,2.6597,5.9662,4.6179,,,9482.6667,1929.6017,1929.6017,229480.5341,46696.3611,0
512,600528.SH,20230106,7.86,0.2636,0.583,0.72,9.4064,9.3737,0.8327,0.643,0.6377,1.8448,1.8448,222155.1588,222155.1588,100431.1424,1746139.5482,1746139.5482,0
513,600903.SH,20230106,7.92,0.4382,2.2399,1.3,51.13,,3.3995,1.7719,1.5402,0.5934,0.5934,113825.8808,113825.8808,22270.2377,901500.9759,901500.9759,0
514,301298.SZ,20230106,15.6,2.9833,2.9833,1.27,38.9714,47.246,2.7407,4.7338,4.5719,1.9231,1.9231,14680.0,3680.0,3680.0,229008.0,57408.0,0
515,605056.SH,20230106,12.58,0.3283,0.7401,1.02,25.9779,26.6339,3.3919,2.5926,2.5633,2.7102,2.7102,41064.0,15626.4825,6931.3776,516585.12,196581.1499,0
516,300284.SZ,20230106,5.78,2.2618,3.0164,2.2,15.4673,14.8307,0.9314,1.4258,1.4015,2.0415,2.0415,126282.7774,87083.439,65297.4777,729914.4534,503342.2774,0
517,603555.SH,20230106,3.54,0.7171,1.0995,1.06,15.426,,3.0806,3.9203,3.6318,0.0,,157150.5358,157150.5358,102498.5358,556312.8967,556312.8967,0
518,603677.SH,20230106,11.12,0.6333,2.4308,1.49,24.0326,30.2445,2.068,1.0655,1.1324,2.6978,2.6978,19214.3072,19214.3072,5005.7072,213663.0961,213663.0961,0
519,002567.SZ,20230106,7.04,2.2014,2.7551,0.73,,,1.4541,0.4473,0.4021,0.0,,138134.3588,118791.3383,94917.7273,972465.886,836291.0216,0
520,601618.SH,20230106,3.21,0.2781,0.7716,1.09,7.9431,7.426,0.7492,0.1329,0.1214,2.4299,2.4299,2072361.917,1785261.917,643390.387,6652281.7536,5730690.7536,0
521,002203.SZ,20230106,11.86,0.1577,0.2825,0.83,21.2432,21.0379,2.0098,0.3715,0.3302,0.6271,0.6271,198319.6441,194040.1874,108311.771,2352070.979,2301316.6226,0
522,300398.SZ,20230106,17.74,1.704,2.4119,1.37,24.3045,21.4997,2.7277,3.5698,3.147,0.3917,0.3917,52865.2031,52495.1456,37086.7742,937828.703,931263.8829,0
523,301020.SZ,20230106,17.44,0.7662,1.4153,1.27,27.5585,45.8517,3.0313,5.2236,6.426,1.5482,1.5482,14640.0,7292.184,3947.9,255321.6,127175.689,0
524,002331.SZ,20230106,6.83,4.0034,5.6738,2.31,,,1.6012,2.7818,3.1589,0.0,,41024.5949,38931.7237,27470.389,280197.9832,265903.6729,0
525,688318.SH,20230106,102.36,12.0555,12.0555,4.04,33.9163,59.1451,3.1,29.2785,28.6345,,,9333.8,2881.6705,2881.6705,955407.768,294967.7924,0
526,603869.SH,20230106,8.6,0.5919,1.4937,0.76,195.3787,82.8689,1.086,4.6324,3.4717,0.172,0.172,50450.0508,50450.0508,19991.3609,433870.4369,433870.4369,0
527,000807.SZ,20230106,11.0,1.4806,2.5306,1.49,11.4936,9.9071,1.7673,0.9155,0.81,1.0273,1.0273,346795.7405,343166.9911,200780.1053,3814753.1455,3774836.9021,0
528,600666.SH,20230106,2.61,2.7108,3.6025,1.05,,,,4.5782,4.872,0.0,,122732.624,88356.6332,66485.5532,320332.1486,230610.8127,0
529,603909.SH,20230106,10.91,0.5538,0.9638,0.66,54.1137,51.2378,2.421,2.6001,2.2613,0.385,0.385,20051.78,20051.78,11521.6346,218764.9198,218764.9198,0
530,601066.SH,20230106,24.41,0.2915,1.0657,1.02,18.4927,20.1055,2.783,6.3384,5.9235,1.6182,1.6182,775669.4797,381136.2018,104246.0291,18934091.9995,9303534.6859,0
531,605086.SH,20230106,19.84,0.9708,1.3512,0.92,30.0588,25.7768,2.3298,9.4426,8.8088,1.6633,1.6633,12800.0,5115.2,3675.2,253952.0,101485.568,0
532,688223.SH,20230106,16.43,6.9959,6.9959,2.6,143.9448,78.3829,6.4581,4.0498,2.3788,,,1000000.0,140000.0,140000.0,16430000.0,2300200.0,0
533,601399.SH,20230106,3.06,0.271,0.3163,0.86,55.9562,53.474,1.6557,2.3215,2.2587,0.0,,721355.589,314877.7895,269849.5069,2207348.1023,963526.0359,0
534,002820.SZ,20230106,13.81,37.1972,56.4274,1.52,130.3161,,2.8393,6.8473,10.2764,1.0862,1.0862,20086.8295,20033.5578,13206.2264,277399.1154,276663.4332,0
535,920167.BJ,20230106,14.2,1.2786,2.5536,4.28,28.7596,31.4244,3.487,1.9341,1.3692,,,10932.0,5910.75,2959.54,155234.4,83932.65,0
536,002198.SZ,20230106,6.56,1.4338,1.9456,0.74,2253.6606,173.0207,4.7107,5.7929,5.6759,0.0,,50750.9848,50750.9848,37402.6152,332926.4603,332926.4603,0
537,601866.SH,20230106,2.44,0.3228,0.7027,0.98,5.4429,5.6963,1.1406,0.8931,1.0658,9.2623,9.2623,1358647.7301,824516.8478,378697.3303,3315100.4614,2011821.1086,0
538,688599.SH,20230106,70.48,1.9016,2.6232,1.88,84.7419,50.1271,6.2534,3.4373,2.1409,,,216932.5273,132425.8751,95994.8978,15289404.5241,9333375.677,0
539,600714.SH,20230106,8.93,0.2951,0.5877,0.85,33.2653,30.376,3.5237,7.1216,6.0417,1.1198,1.1198,28817.6273,28817.6273,14471.6519,257341.4118,257341.4118,0
540,603665.SH,20230106,36.14,0.9785,2.1251,0.79,,,5.0714,5.6253,5.0415,0.0,,16383.9077,16068.3077,7398.6811,592114.4243,580708.6403,0
541,603121.SH,20230106,6.85,0.639,1.3855,1.13,34.4206,129.6207,2.0874,2.5472,2.7865,2.2546,2.2546,34258.7115,33853.3715,15612.6971,234672.1738,231895.5948,0
542,002937.SZ,20230106,24.69,0.5564,1.5824,0.59,64.8503,43.7508,6.2314,5.8746,4.5508,0.7279,0.7279,29785.3,28955.3822,10180.6478,735399.057,714908.3865,0
543,300358.SZ,20230106,15.02,1.6749,2.8124,2.16,15.2492,13.7562,2.1478,1.6421,1.4224,0.7989,0.7989,57505.2984,51684.9606,30780.8018,863729.582,776308.1082,0
544,600369.SH,20230106,3.76,0.2767,0.4618,0.88,24.0674,69.289,0.9984,8.0701,14.453,2.1277,2.1277,664510.9124,564510.9124,338187.2449,2498561.0306,2122561.0306,0
545,301015.SZ,20230106,25.45,3.0878,3.2365,2.47,31.6074,29.1823,6.2326,1.8952,1.8218,2.6208,2.6208,52510.0,11837.5,11293.5,1336379.5,301264.375,0
546,300450.SZ,20230106,40.06,2.1523,3.2715,2.01,39.5921,27.9326,6.0309,6.2512,4.4531,1.2462,1.2462,156616.3034,145419.7525,95670.1879,6274049.1142,5825515.2852,0
547,600359.SH,20230106,8.42,2.93,4.9093,0.84,78.5192,68.2394,5.5972,4.6871,3.8218,0.0,,38151.282,38151.282,22769.7245,321233.7944,321233.7944,0
548,601949.SH,20230106,4.87,0.6637,2.7708,0.98,11.3799,13.4897,1.1375,1.4079,1.4637,2.6489,2.6489,182250.0,182250.0,43654.2902,887557.5,887557.5,0
549,603899.SH,20230106,53.93,0.3228,0.8997,1.23,32.9341,37.4187,7.5278,2.8391,2.6056,1.1135,1.1135,92693.305,92382.842,33145.3362,4998949.9387,4982206.6691,0
550,000862.SZ,20230106,6.56,5.6355,6.6947,0.82,49.4904,59.0583,1.6078,3.4073,3.5902,0.0,,70611.8997,50135.289,42202.9097,463214.062,328887.4958,0
551,300048.SZ,20230106,5.16,1.6939,2.0876,3.65,113.7874,636.6401,3.1007,4.7491,4.567,0.0,,110830.1357,110672.1157,89803.5739,571883.5002,571068.117,0
552,002976.SZ,20230106,24.13,3.1711,3.1711,1.07,63.4616,40.0088,3.3907,3.8358,2.8927,0.0,,12000.0,3526.5,3526.5,289560.0,85094.445,0
553,300030.SZ,20230106,6.79,1.7172,2.2467,1.0,113.0613,,2.2578,2.6248,2.8381,0.5891,0.5891,30918.7315,26840.9982,20515.8479,209938.1869,182250.3778,0
554,300387.SZ,20230106,6.73,1.4292,2.4517,1.11,49.3075,44.1927,1.6158,2.8482,2.5384,0.7448,0.7448,28905.7018,28839.7104,16811.4076,194535.3731,194091.251,0
555,603687.SH,20230106,8.83,0.7172,1.9999,1.11,37.971,29.3788,1.9161,2.2254,1.883,0.2716,0.2716,41946.6264,41946.6264,15042.3564,370388.7111,370388.7111,0
556,002722.SZ,20230106,13.52,1.4406,2.7903,0.58,18.4977,30.2131,1.1795,0.7533,0.8116,1.1094,1.1094,17548.7174,17546.9974,9059.6813,237258.6592,237235.4048,0
557,301297.SZ,20230106,16.76,49.8913,49.8913,,64.5608,64.2343,4.2427,9.9628,9.2021,,,33839.0,7009.6567,7009.6567,567141.64,117481.8463,0
558,002111.SZ,20230106,10.08,1.6582,2.5186,0.96,105.1563,,1.8589,1.7497,2.2571,2.9719,2.9719,53447.4505,47541.1206,31301.1871,538750.301,479214.4956,0
559,600229.SH,20230106,6.87,0.5741,1.4709,0.78,16.5589,14.9501,1.5867,1.9093,1.8514,2.4072,2.4072,67120.8,67120.8,26198.1719,461119.896,461119.896,0
560,920351.BJ,20230106,5.75,0.9935,0.9935,0.12,12.7083,9.7084,1.0998,0.2909,0.2256,,,9113.5439,3380.3667,3380.3667,52402.8774,19437.1085,0
561,688099.SH,20230106,69.5,1.3311,2.009,1.72,35.4091,29.0292,5.9645,6.0159,4.835,,,41349.988,41349.988,27397.0545,2873824.166,2873824.166,0
562,300352.SZ,20230106,4.26,1.3051,1.3963,0.9,,,3.5404,9.1479,10.6377,0.0,,144982.4087,120310.9875,112453.7036,617625.0611,512524.8068,0
563,002721.SZ,20230106,3.3,4.8029,8.9747,1.32,,,4.7036,1.0735,1.7963,0.0,,95992.5877,95992.5877,51371.0885,316775.5394,316775.5394,0
564,603583.SH,20230106,26.51,0.5357,1.1052,1.34,37.6592,28.9026,2.6304,3.8627,3.3882,0.8249,0.8249,38422.6985,38035.9167,18437.0298,1018585.7372,1008332.1517,0
565,600108.SH,20230106,3.09,1.4931,1.9796,1.65,83.7744,90.7228,1.4855,1.8051,1.6799,0.1294,0.1294,194691.5121,194691.5121,146842.1956,601596.7724,601596.7724,0
566,600583.SH,20230106,6.26,0.3502,0.7786,0.68,74.8452,42.2185,1.2013,1.3982,1.013,1.278,1.278,442135.48,442135.48,198880.9938,2767768.1048,2767768.1048,0
567,603308.SH,20230106,21.91,1.3067,1.9593,1.06,64.744,48.5845,3.6594,7.3368,6.8827,0.4655,0.4655,68314.6921,68314.6921,45562.0403,1496774.9039,1496774.9039,0
568,688135.SH,20230106,28.15,0.8699,0.9433,1.02,36.5032,71.5357,3.63,9.8762,8.4583,,,13724.912,8889.632,8197.792,386356.2728,250243.1408,0
569,300626.SZ,20230106,8.12,0.741,1.4615,1.19,34.9368,42.7553,2.414,1.4869,2.1459,0.3695,0.3695,18000.0,17730.15,8989.6505,146160.0,143968.818,0
570,600523.SH,20230106,20.16,0.607,1.1307,0.7,53.3104,70.4573,2.9389,3.4043,3.6657,0.6597,0.6597,40431.132,40404.462,21689.7277,815091.6211,814553.9539,0
571,603895.SH,20230106,25.09,0.3977,1.353,0.97,375.7075,,4.4944,5.383,4.6548,0.0399,0.0399,10808.0,10808.0,3176.604,271172.72,271172.72,0
572,002602.SZ,20230106,3.85,0.5474,0.7312,0.64,12.3317,99.7719,0.891,2.0599,2.3356,0.0,,745255.6968,687809.7826,514854.7043,2869234.4327,2648067.663,0
573,002631.SZ,20230106,5.96,0.778,2.1482,1.5,51.5579,90.5939,1.2753,1.9304,1.9255,0.5033,0.5033,65864.4997,65492.3593,23718.2123,392552.4182,390334.4614,0
574,301091.SZ,20230106,25.13,5.0707,9.3896,0.97,32.6304,39.3851,2.6787,4.5093,4.4893,0.9214,0.9214,20800.0,9671.9999,5223.1499,522704.0,243057.3575,0
575,600058.SH,20230106,8.77,0.371,0.991,0.92,19.6273,19.5168,1.9077,0.1074,0.1187,0.0,,107191.0711,107191.0711,40130.5789,940065.6935,940065.6935,0
576,002015.SZ,20230106,13.14,2.1812,5.0756,2.08,21.2417,24.8348,2.0831,1.8853,1.9992,1.5221,1.5221,162332.4614,162332.4614,69759.2454,2133048.5428,2133048.5428,0
577,688200.SH,20230106,261.33,0.7512,0.9719,0.8,54.2427,46.7483,8.126,27.099,23.3524,,,9107.3591,5975.3587,4618.2489,2380026.1536,1561540.4891,0
578,002643.SZ,20230106,15.61,0.7329,1.2199,0.86,23.1694,18.6631,2.3312,3.3313,2.9172,1.6339,1.6339,93013.0215,89583.321,53821.8964,1451933.2656,1398395.6408,0
579,001211.SZ,20230106,22.35,1.5162,1.8744,0.8,22.8935,35.5945,1.7903,1.6493,1.6109,2.2371,2.2371,7200.0,3939.9866,3187.0798,160920.0,88058.7005,0
580,002466.SZ,20230106,84.25,3.2228,4.8023,1.64,66.5139,7.8876,3.3695,18.0435,4.8625,0.0,,164122.1583,147458.5201,98958.8892,13827291.8368,12423380.3184,0
581,603005.SH,20230106,19.22,1.6615,2.0791,0.95,21.7947,32.7592,3.1723,8.8967,10.4008,0.9203,0.9203,65321.2346,65209.4906,52112.5106,1255474.129,1253326.4093,0
582,002956.SZ,20230106,14.89,6.0585,13.9784,1.96,31.8858,41.0031,2.407,2.8821,2.5681,1.7999,1.7999,22327.7669,22195.6,9619.9932,332460.4491,330492.484,0
583,600975.SH,20230106,6.98,1.854,2.7703,0.85,,,2.8443,2.8056,1.815,0.0,,80504.0967,65267.5584,43679.6145,561918.595,455567.5576,0
584,000710.SZ,20230106,11.75,1.1989,1.6663,0.99,,,1.6736,2.9297,3.0569,0.0,,35460.5865,30652.079,22053.2232,416661.8914,360161.9283,0
585,300147.SZ,20230106,5.96,4.0937,5.39,0.89,,,1.488,1.3268,1.5894,0.0,,66127.9045,65611.4168,49831.049,394122.3108,391044.0441,0
586,603380.SH,20230106,27.9,0.1454,0.3086,0.49,19.803,23.2584,3.7368,2.5709,2.2849,0.6722,0.6722,16140.36,16044.12,7557.336,450316.044,447630.948,0
587,002753.SZ,20230106,8.49,1.3261,2.0504,1.23,10.0507,31.0113,1.5117,0.848,0.7474,2.4969,2.4969,37546.5702,24257.5078,15688.0952,318770.381,205946.2412,0
588,002655.SZ,20230106,11.35,1.3498,1.5931,0.98,63.3903,57.3661,5.8759,4.436,4.4558,0.0,,36612.0,35988.705,30490.705,415546.2,408471.8018,0
589,600585.SH,20230106,28.58,0.3478,0.6717,0.95,4.5527,6.5014,0.8385,0.9018,1.1511,8.3275,8.3275,529930.2579,399970.2579,207083.2565,15145406.7708,11431149.9708,0
590,300451.SZ,20230106,8.26,0.7374,0.8376,0.49,30.9838,36.1567,2.7245,6.7392,7.0006,0.3633,0.3633,154933.5292,129659.0244,114158.7157,1279750.9512,1070983.5415,0
591,605369.SH,20230106,110.41,1.5883,1.5883,0.57,39.9861,33.8385,7.9119,10.4125,8.1426,1.2499,1.2499,11262.712,2823.7648,2823.7648,1243516.0319,311771.8716,0
592,002364.SZ,20230106,7.23,0.8723,1.4469,1.81,45.6272,141.8426,1.7773,2.2402,2.3104,1.3831,1.3831,56356.496,52529.7376,31668.0901,407457.4661,379790.0028,0
593,300747.SZ,20230106,23.74,1.447,2.4793,1.06,28.3705,127.1084,4.3866,3.9462,4.1736,0.0,,56675.606,50734.591,29611.1538,1345478.8864,1204439.1903,0
594,002501.SZ,20230106,1.87,0.2259,0.2936,0.7,,,4.5581,18.0906,15.1635,0.0,,355000.0,347024.4006,267024.4006,663850.0,648935.6291,0
595,300540.SZ,20230106,17.56,0.8829,1.3454,1.65,,,2.8218,5.2917,6.5614,0.0,,16069.1993,10861.1929,7127.0684,282175.1397,190722.5473,0
596,603856.SH,20230106,11.73,1.3939,4.1737,0.53,22.6941,21.3945,1.4256,1.3668,1.1388,1.3247,1.3247,25738.66,25641.46,8563.6097,301914.4818,300774.3258,0
597,301090.SZ,20230106,10.32,1.0424,1.0424,0.95,31.6588,18.616,2.2589,1.2131,0.9332,0.4748,0.4748,147941.6553,22191.2483,22191.2483,1526757.8827,229013.6825,0
598,603015.SH,20230106,6.93,1.5474,3.3425,1.33,31.5349,53.6337,2.1347,2.9961,3.5805,1.443,1.443,40421.9,40421.9,18712.97,280123.767,280123.767,0
599,301176.SZ,20230106,17.8,2.3219,2.3219,1.23,18.4805,28.3931,1.8038,2.3676,2.2361,,,16906.6667,3847.5854,3847.5854,300938.6673,68487.0201,0
600,301059.SZ,20230106,22.7,8.8849,8.8849,0.97,54.5846,48.2784,5.0153,13.6064,10.8358,1.1013,1.1013,12166.0,3455.6348,3455.6348,276168.2,78442.91,0
601,600768.SH,20230106,9.37,0.9978,1.5901,1.05,353.0054,428.1245,5.6613,3.0055,4.1012,0.0,,13374.72,13374.72,8392.7118,125321.1264,125321.1264,0
602,300051.SZ,20230106,10.79,12.5416,16.9698,0.8,,,19.2835,21.4112,21.7614,0.0,,36569.869,36564.694,27023.2356,394588.8865,394533.0483,0
603,002028.SZ,20230106,40.4,1.3745,1.5194,2.04,25.9562,28.4004,3.4782,3.5751,3.2467,0.4928,0.4928,76947.8732,59703.6286,54007.932,3108694.0773,2412026.5954,0
604,002965.SZ,20230106,66.5,5.723,6.1956,0.67,185.0114,67.1198,4.5251,5.001,3.1527,0.1631,0.1631,17828.8038,11554.5538,10673.3017,1185615.4527,768377.8277,0
605,300635.SZ,20230106,13.02,0.6518,0.7415,1.09,53.1093,74.8378,2.5952,2.9348,3.0077,0.192,0.192,13632.2,11601.1055,10197.9794,177491.244,151046.3936,0
606,300643.SZ,20230106,15.39,1.7054,3.4384,1.0,32.1041,24.6377,3.8637,3.4606,3.3019,0.5718,0.5718,23000.0,22939.25,11377.6254,353970.0,353035.0575,0
607,300207.SZ,20230106,21.71,1.4777,2.1695,1.17,44.1577,43.2958,2.4322,1.0823,0.8361,0.2976,0.2976,186242.1656,171461.7011,116792.2886,4043317.4152,3722433.5309,0
608,601995.SH,20230106,38.84,0.8437,1.2556,2.03,17.3961,20.0824,2.2969,6.2225,6.735,0.7724,0.7724,482725.6868,92962.1281,62467.1281,18749065.6753,3610649.0554,0
609,603019.SH,20230106,23.0,0.7798,0.9788,0.87,29.0835,25.0494,2.1117,3.0064,2.7841,0.6953,0.6953,146401.3974,145072.8974,115575.4093,3367232.1402,3336676.6402,0
610,601288.SH,20230106,2.92,0.121,0.6659,1.12,4.2372,4.0557,0.4676,1.4195,1.3817,7.0822,7.0822,34998303.3873,29928453.8234,5438614.4486,102195045.8909,87391085.1643,0
611,600612.SH,20230106,44.98,0.3845,1.2577,0.59,12.5405,13.5681,2.4068,0.4009,0.3768,3.2237,3.2237,52311.7764,31710.963,9693.7837,2352983.7025,1426359.1157,0
612,002248.SZ,20230106,9.86,7.0039,8.49,0.82,213.6341,185.8537,39.892,9.6226,10.8605,0.0,,30749.56,30749.56,25366.98,303190.6616,303190.6616,0
613,300376.SZ,20230106,7.06,0.8174,1.9102,1.73,31.8775,29.8067,2.5224,3.8235,3.0715,0.4804,0.4804,232716.5876,232433.6014,99456.3586,1642979.1085,1640981.2259,0
614,600686.SH,20230106,6.08,1.9604,3.7596,1.08,,,1.326,0.2828,0.2721,0.0,,71704.7417,67457.5721,35175.3199,435964.8295,410142.0384,0
615,000623.SZ,20230106,14.81,0.8106,1.1292,1.56,9.6745,17.7871,0.6968,7.4771,6.5791,1.9801,1.9801,116310.097,115930.6918,83222.6169,1722552.5366,1716933.5456,0
616,300045.SZ,20230106,6.64,0.9406,1.0724,1.29,,,2.4342,6.6163,9.8106,0.0,,66267.5236,44300.1277,38855.3807,440016.3567,294152.8479,0
617,000518.SZ,20230106,3.14,1.2061,1.9293,1.01,,,5.6649,9.2113,10.3822,0.0,,102955.6222,102953.5693,64362.7693,323280.6537,323274.2076,0
618,600167.SH,20230106,6.48,0.1627,0.5322,0.59,14.1716,15.6512,1.4453,4.2754,4.1975,1.984,1.984,228811.9475,228811.9475,69934.1733,1482701.4198,1482701.4198,0
619,603299.SH,20230106,10.34,0.6882,1.9004,0.99,24.1933,10.1476,1.614,1.6987,1.3982,1.4526,1.4526,78220.8869,77011.8869,27886.8353,808803.9705,796302.9105,0
620,002108.SZ,20230106,4.72,0.6532,0.9184,1.42,21.5734,28.0068,1.5501,2.7326,2.7406,0.898,0.898,167269.7766,141792.4199,100852.9174,789513.3456,669260.2219,0
621,300079.SZ,20230106,5.0,1.4215,1.4764,0.85,68.1875,66.9061,1.712,6.9524,7.3042,0.1996,0.1996,142900.8862,126701.4189,121987.6359,714504.431,633507.0945,0
622,600025.SH,20230106,6.77,0.0959,0.9593,0.86,20.8752,17.5588,2.2563,6.0322,5.6761,2.5111,2.5111,1800000.0,1800000.0,180000.0,12186000.0,12186000.0,0
623,688132.SH,20230106,25.88,3.2164,3.2164,1.09,49.6993,77.414,2.5947,12.7783,10.7352,,,15222.5204,3333.426,3333.426,393958.828,86269.0649,0
624,688259.SH,20230106,74.86,4.5712,4.5712,0.83,76.1074,66.7651,4.083,9.3478,6.1513,,,8000.0,1778.0671,1778.0671,598880.0,133106.1031,0
625,301316.SZ,20230106,19.97,7.4435,7.4435,0.68,104.4153,85.2855,8.5401,8.6992,7.0123,,,40001.0,3439.9256,3439.9256,798819.97,68695.3142,0
626,601116.SH,20230106,10.47,1.6438,5.1125,0.71,64.9458,44.5968,1.8518,1.4611,1.4152,1.9102,1.9102,54767.84,54767.84,17609.195,573419.2848,573419.2848,0
627,605016.SH,20230106,23.41,2.7308,3.9797,1.58,39.7758,28.1882,3.1647,6.3606,5.6808,0.2594,0.2594,17752.0,8922.2,6122.2,415574.32,208868.702,0
628,600148.SH,20230106,13.78,0.4761,1.0482,0.98,47.2693,628.6417,4.0577,1.736,3.2226,0.635,0.635,14151.645,14151.645,6427.33,195009.6681,195009.6681,0
629,002352.SZ,20230106,59.61,0.2751,0.566,0.7,68.3524,42.0259,3.4392,1.4084,1.0789,0.2997,0.2997,489520.2373,484428.9538,235436.2399,29180301.3455,28876809.936,0
630,688312.SH,20230106,15.85,0.5727,0.5727,1.0,18.7584,21.2123,1.7242,5.3697,5.8195,,,14484.8536,6949.6623,6949.6623,229584.9296,110152.1475,0
631,300577.SZ,20230106,16.1,0.9476,1.2778,1.06,21.4364,39.132,2.2436,1.6866,1.3431,0.6198,0.6198,23979.1152,12927.4387,9586.7978,386063.7547,208131.7631,0
632,000912.SZ,20230106,4.89,1.1514,2.3597,3.63,17.1857,22.9716,1.2325,1.1354,1.0463,0.0,,156800.0,156800.0,76509.5361,766752.0,766752.0,0
633,601198.SH,20230106,7.87,0.2963,0.5387,0.93,15.3968,24.963,0.96,4.7322,5.8424,3.3037,3.3037,323244.552,323244.552,177784.5036,2543934.6242,2543934.6242,0
634,600276.SH,20230106,39.31,0.3137,0.5147,0.64,55.3524,71.7189,6.8228,9.6797,11.5814,0.407,0.407,637900.2274,637900.2274,388806.5783,25075857.9391,25075857.9391,0
635,605333.SH,20230106,22.19,1.3807,1.3807,1.27,,,6.6368,3.9594,3.0919,0.0,,43677.6081,6257.0,6257.0,969206.1237,138842.83,0
636,002035.SZ,20230106,5.76,1.7113,2.1542,1.01,23.55,23.2093,1.4199,0.8738,0.8301,1.7361,1.7361,84765.3618,75490.4844,59969.5969,488248.484,434825.1901,0
637,605081.SH,20230106,16.06,0.4591,0.5017,0.75,19.9985,35.0011,1.0241,3.9514,4.8081,4.2942,4.2942,11324.7072,8540.9175,7815.9175,181874.7976,137167.1351,0
638,301306.SZ,20230106,44.7,2.3212,2.3212,1.31,56.2957,45.8775,3.1089,15.3653,14.3708,0.0,,8440.0,2001.0027,2001.0027,377268.0,89444.8207,0
639,688348.SH,20230106,562.0,3.5389,3.5389,1.09,436.8356,150.8979,12.5352,67.6128,38.3792,,,8000.0,1916.4869,1916.4869,4496000.0,1077065.6378,0
640,002114.SZ,20230106,6.75,1.4457,1.9912,0.58,71.3966,,1.615,1.1963,1.2846,0.0,,32339.5267,32339.0823,23479.3223,218291.8052,218288.8055,0
641,688590.SH,20230106,10.63,1.5908,1.8348,0.67,17.9696,22.7894,2.2123,1.9787,1.958,,,23872.3764,16089.682,13949.9496,253763.3611,171033.3197,0
642,002301.SZ,20230106,7.01,0.7242,1.2605,0.93,,,1.6976,0.6139,0.6217,0.0,,72130.7933,71799.0223,41254.5126,505636.861,503311.1463,0
643,603639.SH,20230106,26.47,0.3503,1.0215,1.35,20.0502,15.8416,2.8342,2.4379,1.8335,3.7779,3.7779,34066.7866,33459.5666,11475.6827,901747.8413,885674.7279,0
644,600130.SH,20230106,4.8,11.3845,13.6177,1.79,85.9637,126.7651,3.7068,4.6817,6.4027,0.0,,76800.0,76800.0,64205.36,368640.0,368640.0,0
645,605377.SH,20230106,24.5,6.8575,6.8575,2.0,18.1461,17.7245,2.3207,2.7685,2.3759,2.1219,2.1219,33224.144,16851.274,16851.274,813991.528,412856.213,0
646,300094.SZ,20230106,5.78,6.9047,9.7015,0.88,,243.3393,2.0698,1.4644,1.2788,0.0,,113353.1253,88386.5961,62906.5118,655181.0642,510874.5255,0
647,300862.SZ,20230106,23.53,0.3793,0.5384,0.79,19.3754,25.6925,1.6065,3.5809,3.5107,1.7,1.7,13186.993,8586.4658,6049.2988,310289.9453,202039.5403,0
648,000692.SZ,20230106,3.33,1.2878,1.8395,1.3,,,,0.8928,0.8333,0.0,,53283.2976,53282.5851,37302.9243,177433.381,177431.0084,0
649,600299.SH,20230106,8.5,0.1308,0.3606,0.9,15.4902,16.7046,1.5908,1.7714,1.5912,2.0941,2.0941,268190.1273,268190.1273,97251.4113,2279616.0821,2279616.0821,0
650,688408.SH,20230106,109.55,10.4815,10.4815,2.53,989.0487,,6.0807,6.1555,5.0271,,,13571.548,7304.2751,7304.2751,1486763.0834,800183.3372,0
651,300596.SZ,20230106,53.95,0.4096,0.6309,0.33,29.6651,22.4035,3.3218,3.5963,2.7446,0.5064,0.5064,22961.9667,20895.6078,13565.1139,1238798.1035,1127318.0408,0
652,000587.SZ,20230106,0.93,5.9328,8.1845,1.53,,,39.2799,19.885,29.1052,0.0,,212374.933,121301.185,87928.8146,197508.6877,112810.1021,1
653,920092.BJ,20230106,13.71,0.0873,0.0873,0.66,13.5644,21.6702,1.7142,2.4174,2.5561,,,4789.6,1282.0929,1282.0929,65665.416,17577.4937,0
654,920185.BJ,20230106,42.25,0.075,0.3178,1.21,21.3474,18.0069,3.4366,2.9321,1.4504,,,72807.9225,71579.9645,16884.6356,3076134.7256,3024253.5001,0
655,688529.SH,20230106,23.45,2.8718,2.9036,2.04,42.778,27.6786,2.5427,2.5152,1.9787,,,12800.0,4702.439,4650.8271,300160.0,110272.1946,0
656,688616.SH,20230106,11.3,1.5041,1.5041,1.03,24.1166,23.9727,2.2864,4.1263,3.1942,,,15000.0,5419.5,5419.5,169500.0,61240.35,0
657,603289.SH,20230106,9.84,3.4709,9.2257,2.35,20.4615,25.8666,2.1473,2.6512,2.5387,2.0153,2.0153,29572.12,26572.12,9997.0081,290989.6608,261469.6608,0
658,000029.SZ,20230106,13.27,1.4846,5.033,0.85,60.7904,73.5934,3.3837,10.1642,15.247,0.6631,0.6631,101166.0,89166.0,26301.7736,1342472.82,1183232.82,0
659,002016.SZ,20230106,6.18,0.898,7.0563,1.22,7.066,11.2418,1.0957,2.1005,2.7577,4.8544,4.8544,80909.5632,68684.5632,8740.5632,500021.1006,424470.6006,0
660,300760.SZ,20230106,318.1,0.36,0.982,1.1,48.2003,40.8513,12.7702,15.2625,13.22,1.0975,1.0975,121244.1394,121244.0419,44446.8749,38567760.7431,38567729.7284,0
661,301216.SZ,20230106,29.71,3.3279,3.3279,1.73,23.0871,9.7137,1.8481,1.0642,0.5741,0.6732,0.6732,34339.54,7548.0047,7548.0047,1020227.7334,224251.2196,0
662,601899.SH,20230106,10.43,0.5145,0.7317,0.66,17.5217,13.0535,3.2563,1.22,1.0549,1.9175,1.9175,2632931.224,2049468.164,1441116.3936,27461472.6663,21375952.9505,0
663,002887.SZ,20230106,8.72,1.167,1.6555,1.01,16.3854,14.421,1.2188,4.65,4.6299,0.0,,31200.0,16549.2435,11666.3655,272064.0,144309.4033,0
664,002392.SZ,20230106,3.58,0.4737,0.5156,0.86,10.7149,14.0797,0.8671,0.8679,0.88,0.0,,119049.0839,88374.6666,81195.0698,426195.7204,316381.3064,0
665,300573.SZ,20230106,132.77,3.9814,4.3873,0.9,60.3868,48.692,7.6909,11.4382,9.3177,0.6743,0.6743,8855.5082,6802.959,6173.5715,1175745.8237,903228.8664,0
666,002713.SZ,20230106,6.06,2.2068,4.958,1.05,32.7869,,5.266,0.5924,0.7676,0.0,,41953.698,40460.6399,18009.3919,254239.4099,245191.4778,0
667,000963.SZ,20230106,47.3,0.4762,1.1401,0.66,36.0457,34.7462,4.5651,2.4003,2.2733,0.6116,0.6116,175399.5348,174969.3388,73075.5231,8296397.996,8276049.7252,0
668,600223.SH,20230106,11.4,4.2568,9.3104,1.11,32.0223,925.4744,3.0117,0.9374,0.7969,0.9579,0.9579,101656.8775,101656.8775,46478.3575,1158888.4035,1158888.4035,0
669,002685.SZ,20230106,3.91,1.862,2.2782,1.02,,,1.6194,0.5581,4.3147,0.0,,100769.0641,81385.5134,66516.1096,394007.0406,318217.3574,0
670,688315.SH,20230106,30.27,2.0738,2.0738,1.47,53.8436,58.0267,6.351,6.4906,6.1957,,,40020.0,10789.7517,10789.7517,1211405.4,326605.784,0
671,603027.SH,20230106,20.48,1.0562,2.0219,0.52,89.3074,71.416,8.7853,10.2701,9.3112,0.3393,0.3393,96546.859,95853.859,50069.7869,1977279.6723,1963087.0323,0
672,603990.SH,20230106,21.78,6.7031,8.3178,3.69,122.4366,113.8375,3.8253,14.5165,15.0399,0.0,,23584.1478,21440.1344,17278.0344,513662.7391,466966.1272,0
673,603666.SH,20230106,34.68,1.1861,2.2165,0.95,14.9279,26.1495,2.7709,5.6123,6.0959,0.4592,0.4592,20794.07,20608.392,11027.882,721138.3476,714699.0346,0
674,001339.SZ,20230106,22.17,10.1791,10.1791,1.08,27.7715,37.2966,2.9904,2.0279,1.8676,0.0,,24696.5,6175.0,6175.0,547521.405,136899.75,0
675,002006.SZ,20230106,26.08,0.8001,1.1687,1.4,110.0768,65.5237,9.7688,6.8679,6.4739,0.0,,45516.0,45516.0,31160.003,1187057.28,1187057.28,0
676,603353.SH,20230106,18.19,1.6817,1.9658,0.65,34.4859,31.9006,1.8735,0.8019,0.6555,1.0938,1.0938,17339.4,6180.2,5287.1,315403.686,112417.838,0
677,002958.SZ,20230106,2.9,0.2638,0.3521,0.77,5.2556,5.1446,0.5235,1.5647,1.6298,3.4483,3.4483,555561.0389,482107.5381,361215.7881,1611127.0128,1398111.8605,0
678,002982.SZ,20230106,42.35,4.4708,5.5245,0.97,168.0254,32.4369,2.5295,1.4356,1.2193,0.0,,10188.0986,4718.8486,3818.8036,431465.9757,199843.2382,0
679,002300.SZ,20230106,7.95,1.054,2.3765,0.92,32.927,26.3741,3.0248,0.4651,0.4096,1.761,1.761,65666.7,65661.6552,29120.1303,522050.265,522010.1588,0
680,600657.SH,20230106,5.28,2.1122,7.8445,1.36,18.4703,21.6176,0.6245,0.6812,0.5816,1.3258,1.3258,285187.8595,285187.8595,76789.1751,1505791.8982,1505791.8982,0
681,002867.SZ,20230106,15.0,0.6907,1.8971,0.85,13.4238,14.3018,2.6952,1.7956,1.4149,3.302,3.302,109592.6265,108357.7719,39450.6721,1643889.3975,1625366.5785,0
682,300369.SZ,20230106,11.42,1.285,1.717,0.64,26.4695,75.4598,2.668,3.4955,3.2987,0.575,0.575,79858.4413,73457.1552,54977.0171,911983.3996,838880.7124,0
683,600858.SH,20230106,5.92,2.4177,4.0178,0.83,85.0488,38.6029,1.2707,0.5429,0.5401,0.0,,52006.6589,51754.8029,31142.7085,307879.4207,306388.4332,0
684,603095.SH,20230106,23.88,2.7171,2.7171,1.1,9.7308,5.3067,1.2455,2.0334,2.0778,3.3501,3.3501,13200.0,3739.99,3739.99,315216.0,89310.9612,0
685,600150.SH,20230106,22.64,1.3762,1.9347,1.35,473.5681,79.9657,2.1382,1.6949,1.6846,0.1325,0.1325,447242.8758,244330.7764,173794.7098,10125578.7081,5531648.7777,0
686,300536.SZ,20230106,15.45,3.5164,4.518,1.76,,2073.0821,7.3946,14.7309,11.7081,0.0,,29328.8133,29324.874,22823.944,453130.1655,453069.3033,0
687,605319.SH,20230106,13.4,1.1995,1.6561,1.14,29.4518,37.0516,1.5105,1.6943,1.5069,1.1194,1.1194,20000.0,7000.0,5070.0,268000.0,93800.0,0
688,300595.SZ,20230106,35.56,1.3963,1.9388,0.64,57.3606,51.5709,7.7533,24.5706,21.0722,0.3909,0.3909,89482.6637,66810.6743,48115.3515,3182003.5212,2375787.5781,0
689,603255.SH,20230106,48.1,40.3749,40.3749,1.21,48.8115,48.2192,4.3318,8.7804,7.3878,,,13346.6667,3336.6667,3336.6667,641974.6683,160493.6683,1
690,000561.SZ,20230106,9.21,4.0083,7.6882,1.14,50.2952,51.352,3.2653,3.7069,3.7207,0.0,,60469.2321,60215.4921,31393.7936,556921.6276,554584.6822,0
691,600428.SH,20230106,6.23,1.8563,3.7833,1.47,44.5302,20.375,1.2614,1.5278,1.1148,0.8026,0.8026,214665.0771,214665.0771,105324.7126,1337363.4303,1337363.4303,0
692,300546.SZ,20230106,23.24,9.1222,10.3857,1.33,304.2144,64.1029,3.0452,7.0119,5.764,0.0,,14271.1301,9768.7601,8580.2773,331661.0635,227025.9847,0
693,600531.SH,20230106,5.27,0.8282,1.3043,1.04,14.3686,15.3214,1.3659,0.2137,0.1945,2.1442,2.1442,109024.2634,109024.2634,69229.0765,574557.8681,574557.8681,0
694,002498.SZ,20230106,4.33,0.5439,1.6266,1.13,18.5356,19.3657,2.1011,1.6039,1.4429,0.8314,0.8314,332679.6,332679.6,111238.7984,1440502.668,1440502.668,0
695,000599.SZ,20230106,4.3,1.3147,2.0431,1.06,,,1.3658,0.8949,0.9114,0.2326,0.2326,81679.2487,81674.4457,52558.0357,351220.7694,351200.1165,0
696,688560.SH,20230106,54.91,11.7692,11.7692,2.78,89.9211,65.009,3.4884,8.5748,6.5287,,,20130.1918,9031.7736,9031.7736,1105348.8317,495934.6884,0
697,002863.SZ,20230106,6.14,12.2523,19.8392,3.85,22.6558,22.7784,1.5408,0.7744,0.7073,0.2395,0.2395,49884.4181,49884.4031,30807.6831,306290.3271,306290.235,1
698,002743.SZ,20230106,5.53,0.4971,0.7451,0.82,14.4901,21.2235,0.7776,0.4195,0.4988,1.3924,1.3924,43526.8478,43445.0978,28983.4664,240703.4683,240251.3908,0
699,601700.SH,20230106,5.55,2.8575,5.7942,3.52,67.8909,129.9204,2.3853,1.9818,2.2106,0.9003,0.9003,114183.87,114183.87,56311.6,633720.4785,633720.4785,0
700,603378.SH,20230106,12.88,3.1009,9.4022,1.27,,,3.2574,1.1793,1.6509,0.0,,43173.6425,42859.6642,14135.1697,556076.5154,552032.4749,0
701,000413.SZ,20230106,1.83,0.56,0.6682,1.36,,,0.4458,1.8303,1.6575,0.0,,563274.9948,502931.3594,421459.0823,1030793.2405,920364.3877,0
702,002919.SZ,20230106,37.38,1.0875,2.1758,0.55,47.8794,,9.1894,8.5892,8.7046,0.5733,0.5733,17099.0043,16866.2193,8430.0993,639160.7807,630459.2774,0
703,603116.SH,20230106,5.08,0.6059,1.3876,1.48,129.9467,554.2579,0.9051,1.1657,1.2269,4.9213,4.9213,57620.08,57620.08,25158.6792,292710.0064,292710.0064,0
704,000060.SZ,20230106,4.12,0.485,0.7546,1.2,13.1423,12.5469,1.0738,0.3464,0.2599,2.2992,2.2992,373754.373,373728.498,240222.4282,1539868.0168,1539761.4118,0
705,688120.SH,20230106,230.5,2.3904,2.3904,0.81,124.0019,62.5619,5.2967,30.547,17.6321,,,10666.67,2509.3526,2509.3526,2458667.435,578405.7743,0
706,300873.SZ,20230106,26.94,1.488,1.7657,1.86,20.0856,15.848,2.3765,4.233,3.5756,0.9658,0.9658,23060.1779,10749.3654,9059.059,621241.1926,289587.9039,0
707,300641.SZ,20230106,5.2,0.2777,0.6795,0.8,24.368,26.1645,1.6906,1.4471,1.2503,0.9615,0.9615,48960.4488,48960.4488,20008.9348,254594.3338,254594.3338,0
708,300232.SZ,20230106,5.77,0.9816,1.0954,1.39,34.6354,27.5931,1.3047,0.8733,0.8634,0.4321,0.4321,109408.9477,87553.5313,78459.3916,631289.6282,505183.8756,0
709,002367.SZ,20230106,7.59,0.6742,0.8467,0.81,14.9343,20.5023,1.921,1.1715,1.1218,3.899,3.899,79796.8677,52480.4348,41787.6521,605658.2258,398326.5001,0
710,300913.SZ,20230106,16.8,2.8544,2.8544,1.15,34.9734,24.1257,3.2767,2.1072,1.8429,0.5159,0.5159,18375.0,4593.75,4593.75,308700.0,77175.0,0
711,603858.SH,20230106,21.54,0.9996,2.1597,0.85,18.4791,18.581,1.5587,1.5114,1.5184,1.6713,1.6713,110604.2645,110604.2645,51193.463,2382415.8573,2382415.8573,0
712,002124.SZ,20230106,6.07,1.5527,1.625,0.9,,,2.5209,1.0626,1.2525,0.0,,183919.2626,153745.5557,146905.6286,1116389.924,933235.5231,0
713,000582.SZ,20230106,7.3,0.607,1.8046,1.05,12.5815,12.258,1.0368,2.1933,2.0433,2.5209,2.5209,177215.7366,140990.4957,47422.7924,1293674.8772,1029230.6186,0
714,002422.SZ,20230106,28.12,1.701,2.11,0.63,36.2736,24.0171,2.7239,2.3148,2.1677,1.4947,1.4947,142224.7156,112535.6473,90719.4835,3999359.0027,3164502.4021,0
715,300505.SZ,20230106,23.94,6.0776,6.8263,2.03,28.4511,14.4576,3.0617,3.5023,2.3323,0.5569,0.5569,22469.1099,16495.5431,14686.4306,537910.491,394903.3018,0
716,002053.SZ,20230106,11.88,1.1651,5.2796,1.72,43.4526,32.1756,1.6931,4.8424,4.3959,0.1391,0.1391,92072.9464,76097.3566,16793.4263,1093826.6032,904036.5964,0
717,603237.SH,20230106,45.97,7.2607,7.2607,0.65,23.9142,33.2558,2.6184,1.6012,1.8612,1.5227,1.5227,10074.3,2518.575,2518.575,463115.571,115778.8928,0
718,300440.SZ,20230106,7.3,0.7313,1.4456,0.77,34.0191,33.0905,2.3484,3.5818,3.533,0.533,0.533,44471.3,44333.0715,22428.9097,324640.49,323631.422,0
719,301199.SZ,20230106,21.1,3.5351,3.5351,1.44,38.9821,109.9266,1.6192,3.4687,3.7529,0.3791,0.3791,13334.0,3334.0,3334.0,281347.4,70347.4,0
720,000632.SZ,20230106,4.58,3.7168,5.3857,0.93,83.5106,133.9726,1.486,0.2479,0.1863,0.0,,46551.957,46543.1606,32120.6447,213207.9631,213167.6755,0
721,000504.SZ,20230106,12.32,0.5992,0.9529,1.24,,,223.4192,24.5092,18.2449,0.0,,31157.3901,31067.3201,19537.1546,383859.046,382749.3836,0
722,002001.SZ,20230106,19.25,0.5942,1.1894,1.57,13.7599,14.9908,2.5889,4.0208,3.6747,3.0148,3.0148,309090.7356,305453.3154,152604.0896,5949996.6603,5879976.3215,0
723,688131.SH,20230106,122.58,2.9807,3.4155,1.34,68.3685,63.7398,5.8342,13.4716,10.5018,,,10651.8106,6029.521,5262.055,1305698.9433,739098.6842,0
724,300905.SZ,20230106,15.57,0.7245,0.7245,1.1,21.7147,36.8171,1.7673,2.9026,2.8011,2.569,2.569,14400.0,4785.5344,4785.5344,224208.0,74510.7706,0
725,605366.SH,20230106,15.81,3.0584,4.2078,3.11,41.1486,17.3101,3.5056,5.3768,3.8316,0.7785,0.7785,43631.9,21030.5069,15285.6527,689820.339,332492.3141,0
726,688558.SH,20230106,37.14,2.4687,2.4687,0.77,24.4523,24.7015,3.3167,4.3124,4.182,,,13200.0,3912.2368,3912.2368,490248.0,145300.4748,0
727,603007.SH,20230106,4.04,0.4595,0.8604,0.48,,,3.0876,8.1035,9.077,0.0,,33341.0786,33341.0786,17804.8636,134697.9575,134697.9575,0
728,300189.SZ,20230106,4.01,1.9956,2.287,0.7,,,4.8384,27.7762,30.5431,0.0,,102400.0,96304.9673,84033.3824,410624.0,386182.9189,0
729,002266.SZ,20230106,4.03,0.4199,0.6088,1.89,9.3606,14.6134,2.109,1.531,1.404,1.9759,1.9759,536979.5962,319663.8658,220483.9137,2164027.7727,1288245.3792,0
730,300623.SZ,20230106,21.06,0.9649,1.7486,1.12,31.2102,38.6269,4.8504,8.7507,9.0638,0.5983,0.5983,73662.0742,64176.6654,35413.7639,1551323.2827,1351560.5733,0
731,300585.SZ,20230106,25.3,17.8564,28.4218,2.14,125.7168,179.4526,6.0066,9.6019,11.5012,0.0,,17111.1111,15999.0625,10051.6425,432911.1108,404776.2813,0
732,601717.SH,20230106,11.79,1.3437,2.2049,1.56,10.7662,8.9903,1.2247,0.7163,0.6749,3.6916,3.6916,177864.567,151076.347,92064.4413,2097023.2449,1781190.1311,0
733,603030.SH,20230106,2.69,1.469,2.179,0.83,,,4.3926,0.3861,0.7241,0.0,,58007.0382,58007.0382,39105.2381,156038.9328,156038.9328,0
734,300735.SZ,20230106,9.28,0.5867,1.237,0.97,20.2727,21.8229,1.6132,1.9833,1.6193,2.161,2.161,77013.9176,75269.9538,35700.7878,714689.1553,698505.1713,0
735,600699.SH,20230106,14.73,1.528,2.4386,1.55,,,1.7017,0.4412,0.426,0.0,,136808.4624,136808.4624,85718.6883,2015188.6512,2015188.6512,0
736,600538.SH,20230106,4.62,1.2611,1.7591,0.95,230.9435,68.1567,2.5505,5.7021,5.2818,0.0,,52419.8348,51017.9981,36575.1118,242179.6368,235703.1512,0
737,301318.SZ,20230106,44.17,2.1283,2.1283,1.06,20.4794,22.9725,1.8372,5.108,5.1241,1.132,1.132,6941.2,1646.1456,1646.1456,306592.804,72710.2512,0
738,688265.SH,20230106,50.27,0.298,0.572,0.79,64.3964,130.9943,2.2176,14.2378,13.0215,,,7796.3513,4867.9461,2535.5115,391922.5799,244711.6504,0
739,300112.SZ,20230106,9.47,1.2572,1.4149,1.03,29.2468,32.5504,2.4228,2.8561,2.4891,2.1118,2.1118,28580.127,22894.0544,20343.2079,270653.8027,216806.6952,0
740,002104.SZ,20230106,7.74,3.9886,4.2474,1.11,101.9811,58.4538,2.7921,5.6397,5.3302,0.0,,69940.9754,59057.1379,55459.0092,541343.1496,457102.2473,0
741,002415.SZ,20230106,33.75,0.2959,0.7289,0.82,18.9456,21.6895,4.8765,3.9093,3.7222,2.6673,2.6673,943092.0624,917567.2118,372408.7879,31829357.106,30967893.3983,0
742,300016.SZ,20230106,6.53,0.7925,1.1342,1.28,25.7018,63.634,1.9042,3.8067,4.4595,1.0736,1.0736,49195.6552,49116.1052,34315.8939,321247.6285,320728.167,0
743,002516.SZ,20230106,5.1,1.8846,2.4641,1.03,39.5939,37.5699,2.1436,4.3522,4.144,0.9639,0.9639,147083.8682,95297.7539,72882.8268,750127.7278,486018.5449,0
744,002335.SZ,20230106,52.35,4.1731,5.7834,1.14,55.0798,54.5852,6.4033,4.966,4.7651,0.1719,0.1719,46156.7391,39770.9045,28697.2822,2416305.2919,2082006.8506,0
745,603811.SH,20230106,14.3,0.9375,1.2641,0.82,19.574,21.537,3.2497,4.8175,5.1716,1.7483,1.7483,23378.88,23378.88,17338.312,334317.984,334317.984,0
746,301268.SZ,20230106,62.54,6.6501,6.6501,0.72,168.8236,93.5239,12.5761,13.6127,9.3627,0.1599,0.1599,40001.0,3600.9,3600.9,2501662.54,225200.286,0
747,002586.SZ,20230106,4.76,0.3197,0.4595,0.77,,,1.213,2.1105,1.8794,0.0,,114422.3714,89421.5856,62213.5856,544650.4879,425646.7475,0
748,600190.SH,20230106,3.44,3.9178,12.8328,0.64,54.5871,107.2411,1.0412,2.3488,2.3919,0.5814,0.5814,200229.15,177948.453,54326.8026,688788.276,612142.6783,0
749,301165.SZ,20230106,36.78,6.4563,6.4563,0.69,45.6531,42.1523,4.9643,2.2743,2.0209,,,56818.1818,5768.423,5768.423,2089772.7266,212162.5979,0
750,000850.SZ,20230106,3.64,3.0938,5.7735,7.19,7.1456,,0.7668,0.9818,0.9816,1.3736,1.3736,94366.5009,94337.7912,50551.7344,343494.0633,343389.56,0
751,300241.SZ,20230106,4.9,1.2713,1.474,1.09,34.5843,44.6463,1.5571,2.2824,2.3872,0.4073,0.4073,68576.1103,57039.8617,49198.3925,336022.9405,279495.3223,0
752,688378.SH,20230106,49.74,5.0285,5.0354,2.14,37.5305,50.5267,3.0475,12.5789,12.2517,,,10266.1216,6689.1594,6680.0195,510636.8884,332718.7886,0
753,920000.BJ,20230106,4.94,0.0282,0.035,0.11,11.4398,13.2554,0.9337,1.1958,1.17,,,9436.0,3273.9381,2631.9381,46613.84,16173.2542,0
754,300221.SZ,20230106,5.37,2.078,2.2258,0.81,34.693,,2.0666,1.1309,1.2095,0.0,,47455.7935,44700.1378,41730.1293,254837.6111,240039.74,0
755,002426.SZ,20230106,2.67,1.6999,1.7479,0.97,237.0631,112.2887,2.013,1.8361,2.0771,0.0,,344151.7719,315054.2709,306402.8724,918885.231,841194.9033,0
756,603919.SH,20230106,26.38,1.9545,5.3694,0.89,41.1938,45.2881,4.3398,7.4824,6.662,0.834,0.834,50725.9997,50725.9997,18464.626,1338151.8721,1338151.8721,0
757,300778.SZ,20230106,13.14,0.3909,1.5267,0.76,24.2496,26.3708,1.8791,4.9526,4.5837,1.2595,1.2595,15106.4325,14983.4774,3836.7921,198498.5231,196882.893,0
758,600027.SH,20230106,6.38,0.9558,2.6774,0.76,,,1.6327,0.603,0.5937,3.9185,3.9185,986985.8215,815262.4615,291054.7645,6296969.5412,5201374.5044,0
759,300353.SZ,20230106,9.86,1.8199,1.934,0.69,1013.2564,,5.5552,5.5861,5.4388,0.0,,53311.7181,43892.6847,41303.4468,525653.5405,432781.8711,0
760,603755.SH,20230106,37.01,1.2729,3.6705,0.9,44.8984,55.1564,5.3941,10.7818,11.0114,0.8106,0.8106,9861.3681,9861.3681,3420.0024,364969.2334,364969.2334,0
761,301023.SZ,20230106,41.6,8.5274,9.5063,6.78,35.5514,27.4811,2.784,11.2854,11.795,1.5224,1.5224,5600.025,2312.025,2073.955,232961.04,96180.24,0
762,600959.SH,20230106,2.97,0.4558,0.8647,0.79,47.139,45.3532,0.6766,1.9913,2.0088,0.6734,0.6734,500071.7686,500071.7686,263620.3557,1485213.1527,1485213.1527,0
763,002163.SZ,20230106,11.65,1.3179,1.8084,1.36,94.4201,,6.9445,2.255,2.404,0.0,,84495.7867,80355.0,58561.5797,984375.9151,936135.75,0
764,002065.SZ,20230106,5.99,0.4075,0.5834,0.63,41.7842,73.1374,1.7058,1.7641,1.6804,0.8347,0.8347,320548.2375,290419.0146,202848.7696,1920083.9426,1739609.8975,0
765,688041.SH,20230106,42.37,5.1285,5.1285,1.66,301.068,115.2103,5.849,42.6253,20.6448,,,232433.8091,19960.5793,19960.5793,9848220.4916,845729.7449,0
766,603016.SH,20230106,19.36,0.2748,0.6184,0.71,54.1395,46.3726,3.6296,5.1711,4.851,1.6012,1.6012,14816.0,14816.0,6585.16,286837.76,286837.76,0
767,920856.BJ,20230106,5.28,0.0986,0.2117,0.68,18.0181,14.4955,0.98,1.013,0.9427,,,7918.6549,5051.8274,2352.0065,41810.4979,26673.6487,0
768,002926.SZ,20230106,7.7,0.6676,1.2473,1.13,12.3842,35.7696,0.9077,3.9462,5.4752,1.2987,1.2987,262500.0,262500.0,140506.6526,2021250.0,2021250.0,0
769,000776.SZ,20230106,15.66,0.7946,1.7228,0.81,10.9955,16.0249,1.1141,3.4846,4.7941,3.1846,3.1846,762108.7664,591929.1464,273008.5293,11934623.2818,9269610.4326,0
770,600265.SH,20230106,14.88,0.0664,0.1861,0.66,,,11.7829,14.095,14.0154,0.0,,12980.0,12980.0,4633.1947,193142.4,193142.4,0
771,600702.SH,20230106,161.8,2.0816,2.9928,1.33,43.2793,36.5244,9.2478,10.8489,9.0167,0.4927,0.4927,33319.5979,33073.7559,23004.1791,5391110.9402,5351333.7046,0
772,002201.SZ,20230106,12.92,0.8203,1.4644,0.8,203.7435,227.7799,8.1299,5.6215,5.7308,0.094,0.094,65163.6241,65025.1938,36425.1484,841914.0234,840125.5039,0
773,300972.SZ,20230106,11.71,5.1134,5.2765,1.76,74.0341,21.7473,2.7346,4.2242,3.3495,1.8787,1.8787,15350.0,7481.6,7250.2561,179748.5,87609.536,0
774,600446.SH,20230106,11.11,3.7833,5.5186,2.92,41.9171,62.7617,2.925,1.5728,1.5339,0.2405,0.2405,94081.5005,94081.5005,64498.6093,1045245.4706,1045245.4706,0
775,300197.SZ,20230106,2.26,0.4623,0.6841,0.89,,,0.9958,2.396,2.539,0.0,,282287.2279,194116.0985,131186.6125,637969.1351,438702.3826,0
776,300401.SZ,20230106,14.43,1.1945,1.699,1.06,16.5705,14.2668,3.0762,7.1176,4.5705,1.2847,1.2847,55100.7557,54222.3558,38119.7144,795103.9048,782428.5942,0
777,002532.SZ,20230106,7.85,1.2481,1.3879,0.99,9.527,12.1545,1.6134,1.2704,1.1526,2.5478,2.5478,465188.5415,231039.4936,207774.352,3651730.0508,1813660.0248,0
778,002807.SZ,20230106,4.05,0.6158,0.6158,0.64,6.9066,6.1032,0.6642,2.6129,2.2561,4.4444,4.4444,217205.1204,216946.5271,216946.5271,879680.7376,878633.4348,0
779,601688.SH,20230106,12.0,0.7202,1.0155,0.67,8.1602,10.763,0.7625,2.8731,3.1461,4.1826,4.1826,907558.9027,731211.632,518575.9146,10890706.8324,8774539.584,0
780,300251.SZ,20230106,8.93,1.0591,2.8514,1.04,,,2.9285,22.4352,29.9378,2.2327,2.2327,293360.8432,278722.3354,103531.1408,2619712.3298,2488990.4551,0
781,300454.SZ,20230106,129.21,1.1426,1.3858,0.91,196.8144,,8.0325,7.8917,7.4832,0.054,0.054,41562.0716,27195.8789,22422.2789,5370235.2714,3513979.5127,0
782,688229.SH,20230106,36.23,0.8098,0.8098,0.6,,,2.3434,12.085,11.908,,,4440.0,2106.282,2106.282,160861.2,76310.5969,0
783,000056.SZ,20230106,4.41,3.2161,6.3285,1.87,,,1.7034,6.8659,7.3848,0.0,,117452.872,90338.5876,45909.1225,517967.1655,398393.1713,0
784,920145.BJ,20230106,4.65,1.5496,1.5496,2.39,20.057,29.855,1.163,4.8352,5.703,,,7055.0,2834.175,2834.175,32805.75,13178.9138,0
785,600309.SH,20230106,93.68,0.2988,0.5735,1.2,11.9329,15.7161,3.9734,2.021,1.7441,2.6687,2.6687,313974.6626,313974.6626,163559.4595,29413146.3924,29413146.3924,0
786,300106.SZ,20230106,8.8,3.4176,5.8741,0.8,129.0677,127.8718,3.0633,1.6488,1.454,0.0,,21133.231,21133.231,12295.4139,185972.4328,185972.4328,0
787,600271.SH,20230106,10.76,0.2943,0.5556,0.87,19.456,23.3181,1.4834,0.8478,0.8802,1.5428,1.5428,185288.4638,185288.4638,98160.8244,1993703.8705,1993703.8705,0
788,600095.SH,20230106,8.43,8.91,13.8787,1.86,49.5493,,1.9871,9.4451,11.651,1.5788,1.5788,285512.3959,112977.6192,72530.9639,2406869.4974,952401.3299,0
789,301083.SZ,20230106,11.36,0.8611,0.8611,0.75,32.8226,32.979,2.6278,3.8477,4.3392,0.3081,0.3081,17786.6667,5264.3334,5264.3334,202056.5337,59802.8274,0
790,002033.SZ,20230106,11.06,4.2938,7.8071,0.67,,,2.492,16.9594,18.7255,0.0,,54949.0711,54948.0181,30220.5046,607736.7264,607725.0802,0
791,688195.SH,20230106,23.86,1.9496,1.9496,1.39,59.0319,52.9291,3.5657,10.1942,8.9271,,,12935.0,8022.25,8022.25,308629.1,191410.885,0
792,002856.SZ,20230106,10.1,2.8509,4.7862,1.07,,,2.045,2.3246,1.1178,0.0,,13531.2808,10700.4283,6373.7808,136665.9361,108074.3258,0
793,002600.SZ,20230106,4.72,0.629,1.5971,1.89,28.1525,29.2288,1.9739,1.0934,0.9939,0.0,,703867.4975,688881.6723,271315.849,3322254.5882,3251521.4933,0
794,600754.SH,20230106,56.53,0.6462,1.3672,1.3,601.1626,1322.2683,3.6602,5.3346,5.4574,0.0938,0.0938,107004.4063,91404.4063,43203.6838,6048959.0881,5167091.0881,0
795,002789.SZ,20230106,15.0,3.3536,5.2292,0.98,,,13.6129,1.2292,1.3393,0.0,,15962.3514,9899.6414,6348.7537,239435.271,148494.621,0
796,688072.SH,20230106,208.02,4.294,4.294,0.83,384.1652,106.0825,7.3877,34.7117,19.1264,,,12647.8797,2759.0232,2759.0232,2631011.9352,573932.0061,0
797,600277.SH,20230106,4.1,1.1285,2.1447,1.39,18.2106,15.1612,0.8474,1.1736,1.2632,0.0,,356062.2194,356062.2194,187342.2194,1459855.0995,1459855.0995,0
798,300240.SZ,20230106,7.25,2.8396,5.2478,1.69,14.2997,21.5168,1.882,0.3848,0.358,0.8255,0.8255,36915.475,36216.3868,19597.1765,267637.1938,262568.8043,0
799,300405.SZ,20230106,5.45,0.8174,0.9059,0.44,132.182,,2.1692,1.4477,1.6662,0.4234,0.4234,28920.9902,21885.8008,19747.0295,157619.3966,119277.6144,0
800,002393.SZ,20230106,21.76,1.0196,2.0963,0.97,32.7888,29.2214,0.8912,3.6666,3.4565,1.3672,1.3672,18399.2992,18245.4992,8874.4384,400368.7506,397022.0626,0
801,300116.SZ,20230106,1.68,0.6839,0.8963,1.06,,,19.0962,45.4725,37.771,0.0,,442559.1367,410384.8637,313145.7302,743499.3497,689446.571,0
802,920826.BJ,20230106,9.41,0.4329,0.4329,0.66,21.4877,22.5424,3.1615,2.6745,2.3867,,,9783.4656,3312.0462,3312.0462,92062.4113,31166.3547,0
803,300724.SZ,20230106,117.91,5.714,6.6411,2.33,57.2348,43.742,5.8879,8.1352,7.3868,0.1527,0.1527,34823.3546,26979.9144,23213.4069,4106021.7409,3181201.7069,0
804,001288.SZ,20230106,14.91,1.4532,1.6163,2.02,27.9672,26.2056,1.3196,3.0276,2.778,0.6707,0.6707,16000.0,5573.34,5010.84,238560.0,83098.4994,0
805,603214.SH,20230106,18.55,2.0668,4.4064,0.73,35.4744,30.7553,2.5082,0.9827,0.72,1.0858,1.0858,14051.6936,14051.6936,6590.9477,260658.9163,260658.9163,0
806,688677.SH,20230106,120.6,3.258,3.258,1.74,89.1,63.2334,8.9542,33.8735,24.3223,,,8698.0,5272.1,5272.1,1048978.8,635815.26,0
807,300780.SZ,20230106,14.53,2.9493,3.7637,1.25,29.9997,16.2239,1.7783,3.6737,3.0339,0.6882,0.6882,14667.0,8808.0735,6902.2438,213111.51,127981.308,0
808,600438.SH,20230106,40.5,2.357,4.1975,2.37,22.2138,7.5991,3.3294,2.8717,1.5338,2.2517,2.2517,450194.6097,450194.6097,252792.3582,18232881.6929,18232881.6929,0
809,603012.SH,20230106,5.59,0.7715,0.9458,0.85,11.8175,11.0457,1.1654,1.3932,1.4093,1.3982,1.3982,65156.0,63656.0,51925.7727,364222.04,355837.04,0
810,002488.SZ,20230106,6.27,1.0854,1.4677,1.73,92.9955,7.429,1.3008,2.3028,2.0191,0.0,,100191.4821,91014.3483,67306.7242,628200.5928,570659.9638,0
811,002345.SZ,20230106,5.41,1.9866,3.249,0.56,13.7074,16.0027,1.3404,1.0367,1.0523,3.6969,3.6969,88851.2707,86782.9365,53063.0902,480685.3745,469495.6865,0
812,300087.SZ,20230106,16.71,2.3531,3.3158,1.05,66.8879,54.4053,8.1844,4.4856,3.9569,0.3937,0.3937,67666.5537,63917.5297,45359.2842,1130708.1123,1068061.9213,0
813,688683.SH,20230106,20.71,1.1478,1.21,2.56,47.0289,59.5798,3.2695,7.0015,6.8438,,,15383.6929,5470.3,5189.1057,318596.28,113289.913,0
814,600283.SH,20230106,12.5,0.4522,1.115,0.62,29.2685,33.6615,2.0468,2.868,2.5828,1.2,1.2,35299.5758,35299.5758,14315.6825,441244.6975,441244.6975,0
815,600063.SH,20230106,6.05,1.8669,2.6954,1.7,13.3012,8.3962,1.7016,1.6121,1.4206,1.4743,1.4743,215924.9374,192589.4692,133392.9574,1306345.8713,1165166.2887,0
816,002961.SZ,20230106,13.76,0.3943,1.7176,1.22,12.1515,16.4988,2.6033,2.8778,2.5358,2.3982,2.3982,44502.9223,44502.9223,10215.2543,612360.2108,612360.2108,0
817,002670.SZ,20230106,7.63,0.4857,1.4639,0.64,192.027,,1.3126,28090.2053,18605.4925,0.0,,193508.4653,162335.0634,53860.679,1476469.5902,1238616.5337,0
818,920146.BJ,20230106,3.13,0.2709,0.355,1.27,19.1207,,1.4693,1.5163,2.2477,,,13499.0443,7978.1271,6087.6843,42252.0087,24971.5378,0
819,688076.SH,20230106,23.63,0.8612,0.9933,0.73,43.6572,52.8593,2.7466,7.8238,8.7422,,,21318.38,14380.4919,12468.0425,503753.3194,339811.0236,0
820,300519.SZ,20230106,15.9,1.9138,3.2213,0.85,22.261,21.9881,3.0311,7.9283,7.5477,3.7736,3.7736,16000.0,11410.0,6778.84,254400.0,181419.0,0
821,300468.SZ,20230106,10.3,2.4164,3.4032,0.93,81.8743,78.9108,3.3826,8.5196,8.1007,0.5183,0.5183,53064.9275,52908.3264,37567.1341,546568.7533,544955.7619,0
822,300123.SZ,20230106,6.07,1.3149,1.6754,1.05,,,1.6335,3.8519,4.2254,0.0,,100763.0823,98767.6743,77512.9466,611631.9096,599519.783,0
823,920924.BJ,20230106,5.99,0.4357,0.4357,1.32,16.1511,17.9467,1.9542,1.3157,1.4408,,,8300.0,4906.2111,4906.2111,49717.0,29388.2045,0
824,300188.SZ,20230106,13.72,0.8811,1.4491,0.91,37.9524,168.8355,3.0967,4.6513,4.9182,0.8211,0.8211,85947.731,72424.5555,44037.0121,1179202.8693,993664.9015,0
825,603118.SH,20230106,8.4,0.6584,1.1972,0.82,16.8002,14.6052,1.2672,0.6149,0.5999,1.788,1.788,79112.8243,78191.3203,42998.8672,664547.7241,656807.0905,0
826,300781.SZ,20230106,18.4,1.0958,2.0801,0.75,34.4587,49.4526,2.9739,3.24,3.6449,0.8696,0.8696,10990.3846,7857.6122,4139.528,202223.0766,144580.0645,0
827,002999.SZ,20230106,10.24,22.4257,24.6528,1.35,36.3109,33.8894,3.1142,0.2738,0.2159,0.9766,0.9766,34759.2,21777.14,19809.84,355934.208,222997.9136,0
828,603021.SH,20230106,6.36,2.5553,4.4908,1.02,,,2.6787,2.3756,2.7918,0.0,,31994.807,31994.807,18205.4794,203486.9725,203486.9725,0
829,000936.SZ,20230106,5.14,0.5718,0.9626,1.07,13.33,25.6635,0.9094,1.8834,1.5999,0.9728,0.9728,88601.2887,88577.2139,52614.2656,455410.6239,455286.8794,0
830,300356.SZ,20230106,5.13,1.2635,1.6788,0.5,,,3.0263,5.4468,6.7679,0.0,,40790.462,39199.2793,29501.4766,209255.0701,201092.3028,0
831,605287.SH,20230106,22.93,0.8235,1.1578,1.11,16.4117,17.7603,1.3808,0.455,0.4416,0.6542,0.6542,10000.0,6282.5909,4468.9545,229300.0,144059.8093,0
832,002593.SZ,20230106,3.76,1.7403,2.5087,0.96,28.5577,51.3599,1.2879,0.7999,0.8474,1.3298,1.3298,80385.8029,57033.1909,39563.5009,302250.6189,214444.7978,0
833,688589.SH,20230106,36.4,3.4911,3.4911,1.83,86.7583,47.9346,4.6104,10.1287,7.1514,,,10019.477,5667.1437,5667.1437,364708.9628,206284.0307,0
834,000032.SZ,20230106,24.51,10.0768,18.5095,1.33,76.9987,,5.2258,0.6531,0.582,0.4083,0.4083,113795.9234,64476.3811,35101.6061,2789138.0825,1580316.1008,0
835,600518.SH,20230106,2.16,0.4633,0.6723,0.61,3.7821,3.7169,3.3153,7.2115,7.9049,0.0,,1386386.669,1361292.8105,938033.764,2994595.205,2940392.4707,0
836,603036.SH,20230106,10.73,1.2741,1.5865,0.85,39.9248,35.9251,1.8875,8.2192,7.8537,1.1184,1.1184,20663.84,20600.6025,16544.5873,221723.0032,221044.4648,0
837,600178.SH,20230106,6.23,0.674,1.3874,1.38,32.6896,59.9724,1.1504,0.4501,0.4674,0.9197,0.9197,47578.39,46208.0,22448.7,296413.3697,287875.84,0
838,002474.SZ,20230106,9.54,23.78,25.3765,1.1,198.2679,316.0322,3.656,8.2762,9.0791,0.1048,0.1048,62220.0,49789.7578,46657.3233,593578.8,474994.2894,0
839,300238.SZ,20230106,10.32,1.0191,1.3876,1.16,37.1355,,4.9355,5.5961,6.6583,0.0,,26515.5701,26513.4082,19472.2994,273640.6834,273618.3726,0
840,002162.SZ,20230106,4.67,3.4063,7.3519,0.57,93.7115,,3.6084,3.4317,3.5784,0.0,,92650.0,92618.8563,42912.0043,432675.5,432530.0589,0
841,002554.SZ,20230106,3.89,4.1015,4.711,0.93,58.7422,63.9983,2.1451,3.2863,2.5731,0.1799,0.1799,134685.7772,85385.4399,74338.2985,523927.6733,332149.3612,0
842,300726.SZ,20230106,43.93,1.1416,1.9202,0.58,22.1699,21.5654,4.2375,9.0445,8.4307,1.3658,1.3658,41183.9845,21357.2173,12697.3595,1809212.4391,938222.556,0
843,600248.SH,20230106,4.24,1.179,1.444,0.97,4.4987,4.8773,0.858,0.0981,0.0923,2.6179,2.6179,368888.2286,145066.3046,118445.6771,1564086.0893,615081.1315,0
844,605066.SH,20230106,7.76,1.0274,1.0391,1.55,28.5635,66.1844,1.7118,1.065,1.2865,0.0,,40100.0,22826.15,22568.07,311176.0,177130.924,0
845,003018.SZ,20230106,9.6,1.5651,1.5799,1.1,20.5725,22.7306,1.8038,3.7853,3.4693,0.7292,0.7292,26000.0,7552.17,7481.56,249600.0,72500.832,0
846,603556.SH,20230106,18.4,0.6017,1.8251,1.11,28.657,14.8439,1.5552,3.3413,2.7294,1.6224,1.6224,48868.404,48868.404,16112.0728,899178.6336,899178.6336,0
847,002727.SZ,20230106,32.9,1.629,2.1832,0.56,21.2794,23.4846,2.7596,1.3444,1.217,0.912,0.912,59607.0525,39831.8708,29721.4244,1961072.0273,1310468.5493,0
848,002959.SZ,20230106,65.1,1.2954,4.6963,1.5,35.835,30.327,4.7309,2.816,2.5774,0.9238,0.9238,15600.0,15586.1675,4299.316,1015560.0,1014659.5043,0
849,001270.SZ,20230106,124.5,4.1055,4.1055,0.91,87.0179,78.5123,10.9883,65.9957,54.7083,0.0,,11181.2946,2795.35,2795.35,1392071.1777,348021.075,0
850,002159.SZ,20230106,15.89,16.6948,24.8889,0.81,,,2.4031,6.483,9.4568,0.0,,17730.1325,13802.8985,9258.5685,281731.8054,219328.0572,-1
851,688127.SH,20230106,17.87,1.7724,1.7724,2.09,51.4193,75.4952,4.8579,17.3264,18.2,,,40284.5,17102.88,17102.88,719884.015,305628.4656,0
852,603192.SH,20230106,21.6,1.9146,6.4492,0.43,25.4352,32.9661,2.1446,0.9385,0.9109,1.193,1.193,13866.6667,13866.6667,4116.6667,299520.0007,299520.0007,0
853,603893.SH,20230106,71.57,1.0208,1.2167,1.34,49.6629,63.5783,10.4881,10.9932,13.3906,1.187,1.187,41757.81,19117.57,16039.796,2988606.4617,1368244.4849,0
854,688257.SH,20230106,39.18,1.8784,1.8784,1.17,26.6867,25.1298,1.8044,4.0651,3.286,,,9280.0,5550.2,5550.2,363590.4,217456.836,0
855,300340.SZ,20230106,11.4,5.6044,6.4516,5.02,174.106,,3.7026,0.731,0.6632,0.0,,21357.412,18704.3979,16248.3213,243474.4968,213230.1361,0
856,000880.SZ,20230106,9.52,1.5979,1.5979,1.32,23.0597,22.9712,1.7557,0.9248,0.947,0.2626,0.2626,33132.06,16216.2,16216.2,315417.2112,154378.224,0
857,605286.SH,20230106,52.6,8.4654,8.4654,1.41,62.1311,64.6215,5.9665,4.0785,3.867,0.2153,0.2153,17800.0,4800.0,4800.0,936280.0,252480.0,0
858,000779.SZ,20230106,11.14,3.6109,10.5183,1.06,12.9512,16.0208,1.6645,1.6399,1.5729,1.3468,1.3468,38009.5146,37606.1274,12910.2249,423425.9926,418932.2592,0
859,301024.SZ,20230106,22.53,1.6878,1.7355,0.64,30.5516,,1.9749,4.1982,7.0073,1.4795,1.4795,6358.5,1635.0,1590.0,143257.005,36836.55,0
860,300063.SZ,20230106,3.75,1.5037,1.7179,0.82,22.6668,26.4969,1.8534,0.2655,0.2856,0.0,,75331.395,61792.1825,54086.5592,282492.7313,231720.6844,0
861,002864.SZ,20230106,37.05,9.3008,11.275,0.66,34.4826,32.7726,3.7533,3.6201,3.3526,0.4793,0.4793,8671.3634,5412.3322,4464.6822,321274.014,200526.908,0
862,300055.SZ,20230106,8.44,0.4031,0.4457,0.72,31.9671,72.7058,1.354,3.3733,2.6618,0.3555,0.3555,80309.576,62197.7183,56249.209,677812.8214,524948.7425,0
863,603983.SH,20230106,33.65,0.4561,2.3751,1.18,54.4875,59.7916,4.3187,7.5593,7.534,0.5646,0.5646,40144.478,40100.0,7700.0,1350861.6847,1349365.0,0
864,688517.SH,20230106,12.18,1.0847,1.7509,1.37,23.9751,22.8697,2.401,3.1171,2.8083,,,13610.9184,8329.7531,5160.5419,165780.9861,101456.3928,0
865,300494.SZ,20230106,15.36,2.6155,2.6977,0.55,33.3521,20.4215,2.7759,3.418,2.8896,0.0,,27166.5598,21135.3325,20491.3325,417278.3585,324638.7072,0
866,300010.SZ,20230106,4.2,9.2985,10.3591,0.61,,,,3.2501,3.4351,0.0,,86832.4647,81549.3379,73199.9012,364696.3517,342507.2192,0
867,688286.SH,20230106,50.71,1.7407,2.2999,0.69,218.7444,,2.5257,7.726,8.8637,,,5359.2634,3562.7069,2696.4197,271768.247,180664.8669,0
868,603179.SH,20230106,40.47,1.4244,2.3786,1.98,69.437,52.1875,5.0319,4.2754,3.249,0.5702,0.5702,48730.1971,48730.1971,29182.2219,1972111.0766,1972111.0766,0
869,002414.SZ,20230106,11.18,0.4162,0.9098,1.19,33.0606,51.1107,5.2807,10.4948,13.2325,2.2361,2.2361,328518.1622,261387.2358,119576.7967,3672833.0534,2922309.2962,0
870,002021.SZ,20230106,2.0,0.5839,0.7789,0.86,,,10.1137,1.4339,1.5462,0.0,,68781.504,68779.254,51566.2654,137563.008,137558.508,0
871,002755.SZ,20230106,8.08,0.1739,0.7384,0.9,19.7404,,2.3942,2.414,3.4582,1.2376,1.2376,92816.0351,92814.4526,21855.8499,749953.5636,749940.777,0
872,300278.SZ,20230106,4.06,0.3243,0.5154,1.02,168.1859,17.8726,3.3313,2.6787,1.6114,0.0,,142150.6508,129256.7484,81318.1329,577131.6422,524782.3985,0
873,688069.SH,20230106,27.29,0.9914,1.4315,2.57,20.8696,19.9172,1.5287,4.6201,4.3513,,,8320.36,5100.36,3532.36,227062.6244,139188.8244,0
874,688601.SH,20230106,59.64,1.9531,2.6923,1.13,33.5569,26.8694,4.8327,6.9079,6.5644,,,8960.0,4648.0,3371.9485,534374.4,277206.72,0
875,603315.SH,20230106,18.27,0.7662,2.0699,1.75,74.7871,95.0327,3.9195,5.8968,5.3646,0.0,,30702.6264,30702.6264,11364.8081,560936.9843,560936.9843,0
876,688299.SH,20230106,17.97,1.2736,1.5769,1.2,27.5952,33.8934,2.4751,3.9751,4.3297,,,28683.3913,28683.3913,23165.0764,515440.5417,515440.5417,0
877,300975.SZ,20230106,6.35,0.7495,1.0477,0.87,16.9316,23.9741,2.3817,0.746,0.6797,0.378,0.378,63000.0,32193.165,23028.765,400050.0,204426.5978,0
878,002152.SZ,20230106,10.04,1.0005,2.0026,0.79,30.2493,28.138,2.1904,3.6765,3.4206,1.494,1.494,248338.2898,248213.1213,124008.6959,2493316.4296,2492059.7379,0
879,002369.SZ,20230106,5.01,2.2433,2.7092,0.88,,,2.5575,1.1384,1.4825,0.0,,56695.628,56594.9874,46863.2702,284045.0963,283540.8869,0
880,688109.SH,20230106,29.51,0.5949,0.7954,0.92,25.5997,,1.9325,3.3745,3.5902,,,5437.4,2600.3908,1945.143,160457.674,76737.5325,0
881,600679.SH,20230106,8.77,0.2343,0.5495,0.82,43.455,56.108,1.813,2.196,2.9289,0.6956,0.6956,51529.4257,29471.3416,12567.8392,451913.0634,258463.6658,0
882,603260.SH,20230106,88.33,1.5613,8.9322,3.57,11.5545,12.222,4.1022,4.4455,3.7203,1.7095,1.7095,107416.5577,107416.5577,18776.037,9488104.5416,9488104.5416,0
883,300970.SZ,20230106,17.47,3.9816,4.6293,1.43,131.4934,23.5585,1.3629,3.5267,2.8141,0.0,,11670.0,6833.9496,5877.8228,203874.9,119389.0995,0
884,601339.SH,20230106,5.6,0.4643,1.8045,1.17,6.1279,5.1935,0.8697,1.0805,1.0573,8.7738,8.7738,150000.0,150000.0,38591.3228,840000.0,840000.0,0
885,002019.SZ,20230106,12.21,0.6576,0.7698,1.32,53.7709,78.4202,1.7047,3.3952,4.0022,0.0,,122602.4827,85173.8597,72760.702,1496976.3138,1039972.8269,0
886,600439.SH,20230106,2.64,1.1658,1.7585,1.22,49.637,55.78,1.073,1.9088,2.1613,0.0,,113198.544,113198.544,75044.7223,298844.1562,298844.1562,0
887,002304.SZ,20230106,166.64,0.4361,1.1355,1.14,33.449,26.8095,5.3282,9.9062,8.4015,1.7996,1.7996,150698.8,150271.0014,57715.1012,25112448.032,25041159.6733,0
888,300771.SZ,20230106,15.32,10.2167,11.4262,1.18,21.7377,14.079,1.8213,2.923,3.2012,1.3055,1.3055,24000.0,18229.6045,16299.9231,367680.0,279277.5409,0
889,688639.SH,20230106,150.0,0.8206,0.8206,0.87,96.6502,57.4175,11.8823,17.0423,12.3489,,,10840.0,6854.5251,6854.5251,1626000.0,1028178.765,0
890,002559.SZ,20230106,7.55,1.3198,1.5938,0.98,32.3254,43.0282,2.3155,2.0965,2.0928,1.9907,1.9907,55512.8024,48394.8606,40075.0911,419121.6581,365381.1975,0
891,600421.SH,20230106,11.3,0.3989,0.8589,0.73,,,98.9425,16.9561,19.0973,0.0,,19560.0,19560.0,9085.2748,221028.0,221028.0,0
892,002897.SZ,20230106,67.58,2.4327,4.6249,0.77,85.0329,44.7841,7.0453,2.5691,2.1548,0.148,0.148,17067.2,15847.1799,8335.5551,1153401.376,1070952.4176,1
893,600462.SH,20230106,2.01,0.2549,0.3116,0.69,,,46.2582,4.6226,4.111,0.0,,61708.0,55881.5,45707.8096,124033.08,112321.815,0
894,300150.SZ,20230106,3.77,0.9751,1.3865,0.81,77.1586,69.2773,1.1569,2.3457,2.4709,0.7958,0.7958,58510.6053,51168.6161,35986.5095,220584.982,192905.6827,0
895,603101.SH,20230106,5.9,0.8983,2.3928,0.9,52.9224,136.0529,1.8661,1.1595,1.2136,0.0,,47040.0,47040.0,17659.22,277536.0,277536.0,0
896,002095.SZ,20230106,23.83,10.9854,22.4397,0.53,264.7774,256.9795,6.5191,12.8946,15.2804,0.0,,25272.0,25170.8415,12322.4073,602231.76,599821.1529,0
897,301237.SZ,20230106,30.8,3.1233,3.1233,2.52,19.9199,30.041,1.6502,3.8523,4.2272,2.2727,2.2727,8000.0,2000.0,2000.0,246400.0,61600.0,0
898,600879.SH,20230106,6.91,1.0533,1.4714,0.78,34.2136,30.1082,1.3557,1.1752,1.088,0.0,,271927.1284,271927.1284,194653.7428,1879016.4572,1879016.4572,0
899,300461.SZ,20230106,14.03,0.5057,0.8662,0.98,70.3684,,3.2922,6.5286,9.4053,0.0,,16002.2492,7975.6935,4655.7657,224511.5563,111898.9798,0
900,603836.SH,20230106,16.05,2.2036,2.2036,1.36,6.8772,8.9645,1.4916,0.2765,0.2375,4.9844,4.9844,20523.5237,8572.8973,8572.8973,329402.5554,137595.0017,0
901,300316.SZ,20230106,64.58,0.8521,1.8137,1.41,49.3755,32.3812,8.5923,14.1775,8.9602,0.426,0.426,130871.6101,120938.4129,56819.1141,8451688.5803,7810202.7051,0
902,600808.SH,20230106,2.81,0.2688,0.6965,0.99,4.0977,,0.7117,0.1919,0.2035,12.4555,12.4555,777573.1186,596775.1086,230300.1471,2184980.4633,1676938.0552,0
903,605288.SH,20230106,40.6,16.4117,16.4117,2.03,24.5754,39.8642,1.3836,1.6671,2.0287,1.2227,1.2227,7056.553,1769.8912,1769.8912,286496.0518,71857.5827,0
904,688391.SH,20230106,109.16,6.1866,6.1866,1.03,62.0087,34.3356,3.2307,12.5918,9.311,,,5760.0,1220.797,1220.797,628761.6,133262.2005,0
905,002051.SZ,20230106,8.02,0.4863,1.3295,0.99,35.1367,26.0985,0.9055,1.1486,1.0278,1.2469,1.2469,123740.8937,123709.0423,45247.1102,992401.9675,992146.5192,0
906,301369.SZ,20230106,95.43,5.6535,5.6535,0.91,34.6572,28.4745,2.6513,12.8899,11.1571,,,4640.0179,1160.0045,1160.0045,442796.9082,110699.2294,0
907,688363.SH,20230106,131.48,1.8884,2.2869,0.88,80.8517,69.9337,10.0431,12.7842,10.1109,,,48108.5277,19758.5277,16315.1991,6325309.222,2597851.222,0
908,600877.SH,20230106,13.83,0.4185,0.5159,0.69,117.786,78.2441,7.9647,9.8952,9.6677,0.0,,118416.7119,81353.4918,65996.8745,1637703.1256,1125118.7916,0
909,300841.SZ,20230106,87.72,1.7704,2.5989,1.43,14.2397,16.1928,3.9847,9.1389,7.5796,1.1326,1.1326,13465.0449,9158.0446,6238.6255,1181153.7386,803343.6723,0
910,002801.SZ,20230106,26.4,0.7991,1.3574,1.13,23.827,18.1358,4.1225,5.4536,4.8498,1.8939,1.8939,22963.2,11580.27,6817.2,606228.48,305719.128,0
911,300839.SZ,20230106,18.58,2.2913,2.2913,0.78,77.422,26.8648,3.5226,2.2396,0.9996,0.3312,0.3312,17576.0,7918.7609,7918.7609,326562.08,147130.5775,0
912,002731.SZ,20230106,16.39,0.8493,1.1661,0.59,123.1639,189.0479,3.1759,1.1408,0.9736,0.061,0.061,25615.6,23922.094,17423.7158,419839.684,392083.1207,0
913,600094.SH,20230106,3.15,0.5923,0.8885,1.08,,,0.6381,1.0178,1.3087,0.0,,247532.5057,227660.4962,151764.2523,779727.393,717130.563,0
914,002778.SZ,20230106,14.31,0.5974,0.9641,1.0,20.8998,292.7489,3.3594,1.7304,2.2114,1.0482,1.0482,12475.33,12475.33,7731.183,178521.9723,178521.9723,0
915,300894.SZ,20230106,29.97,4.4537,5.459,1.09,32.3046,37.7885,8.3493,5.2348,5.1386,2.002,2.002,40500.0,11250.0,9178.2008,1213785.0,337162.5,0
916,000011.SZ,20230106,11.43,1.797,5.0584,0.89,6.7851,9.9439,1.5749,1.5165,1.5305,5.9493,5.9493,59597.9092,52647.5543,18702.6342,681204.1022,601761.5456,0
917,600941.SH,20230106,73.46,1.0415,1.0787,0.79,13.5359,12.3077,1.2704,1.85,1.7,5.4289,5.4289,2136282.6764,75862.2867,73241.4657,156931325.4083,5572843.581,0
918,002918.SZ,20230106,20.51,5.2323,7.9686,1.65,27.0457,,2.8572,1.2188,1.2609,1.2162,1.2162,41517.9242,21946.1793,14410.1168,851532.6253,450116.1374,0
919,002592.SZ,20230106,5.58,1.6551,2.292,1.34,98.129,,2.0608,2.6084,2.7148,0.0,,28333.1157,26127.703,18867.1874,158098.7856,145792.5827,0
920,002396.SZ,20230106,19.84,0.7404,1.0073,0.78,21.3693,18.7782,2.2203,0.8541,0.7625,0.504,0.504,58328.0278,58328.0278,42872.8328,1157228.0716,1157228.0716,0
921,300304.SZ,20230106,4.39,0.5466,0.9479,1.01,16.3969,27.6603,1.5519,3.4804,3.2988,0.9054,0.9054,87155.4818,84914.0534,48965.2893,382612.5651,372772.6944,0
922,300935.SZ,20230106,26.11,1.4427,1.4427,1.08,34.4083,87.0201,2.2158,8.9494,8.7171,2.1885,2.1885,7910.7,3951.2284,3951.2284,206548.377,103166.5735,0
923,920932.BJ,20230106,11.24,0.2767,0.3133,0.85,21.7541,19.4239,1.4219,3.2744,2.7242,,,7672.25,4182.7447,3694.0869,86236.09,47014.0504,0
924,301107.SZ,20230106,28.5,6.067,6.067,3.23,25.4739,25.6261,2.3398,3.1936,3.3441,0.0,,7340.0,1837.0,1837.0,209190.0,52354.5,0
925,300877.SZ,20230106,16.03,1.8986,1.8986,1.14,21.7232,,1.2103,2.1644,2.2923,1.0917,1.0917,12000.0,5679.895,5679.895,192360.0,91048.7169,0
926,600822.SH,20230106,7.99,0.5901,1.4836,1.02,26.8273,164.2186,4.1716,0.6035,0.774,0.0,,49597.2914,39614.7908,15757.1946,396282.3583,316522.1785,0
927,000637.SZ,20230106,6.03,6.8417,8.6419,0.73,38.2027,60.9134,3.0099,0.5626,0.4475,0.0,,51987.5356,36800.4142,29134.6141,313484.8397,221906.4976,1
928,688513.SH,20230106,60.62,1.2323,1.4605,1.15,31.321,30.1014,3.0415,7.1166,6.3464,,,12009.0,6079.0,5129.0,727985.58,368508.98,0
929,688556.SH,20230106,82.08,3.5757,3.5757,1.23,108.3352,38.235,11.9015,11.9422,6.7195,,,22793.176,16985.143,16985.143,1870863.8861,1394140.5374,0
930,603277.SH,20230106,16.93,0.1689,0.8821,1.18,17.2831,15.5994,3.0764,2.8964,2.4903,4.7257,4.7257,42064.8,41410.3,7930.3,712157.064,701076.379,0
931,001965.SZ,20230106,7.66,0.0629,0.3307,0.96,9.5168,10.2996,0.8867,5.4864,5.8089,4.5169,4.5169,617826.9886,617826.9886,117568.9088,4732554.7327,4732554.7327,0
932,600120.SH,20230106,3.6,0.3312,0.6433,0.96,18.738,25.9173,0.8159,0.7248,0.6698,1.4605,1.4605,341538.1492,289632.3121,149107.0412,1229537.3371,1042676.3236,0
933,688175.SH,20230106,36.79,1.781,1.8111,0.4,28.7398,30.2945,1.9029,6.9016,6.6962,,,9290.6379,1858.1276,1827.2972,341802.5683,68360.5144,0
934,603098.SH,20230106,28.29,0.512,1.4732,2.48,464.515,318.8472,5.5877,4.855,4.0259,0.1767,0.1767,53879.9978,53879.9978,18724.5546,1524265.1378,1524265.1378,0
935,600603.SH,20230106,8.41,1.2539,2.6233,0.72,18.4204,36.6409,1.9177,3.1812,6.8552,0.0,,125482.0847,125482.0847,59980.8437,1055304.3323,1055304.3323,0
936,000925.SZ,20230106,7.1,0.9705,0.9705,1.25,19.7755,28.7398,1.4697,1.3653,1.4606,0.6865,0.6865,55882.0262,54706.8167,54706.8167,396762.386,388418.3986,0
937,688326.SH,20230106,165.79,3.4936,3.4947,1.3,136.0911,80.6561,3.8241,6.0983,5.1442,,,12000.0,2467.3554,2466.5638,1989480.0,409062.8518,0
938,605222.SH,20230106,27.75,2.5983,3.3091,0.91,16.9668,24.0286,2.9902,0.6147,0.5646,0.8831,0.8831,41813.4401,10708.1401,8408.0901,1160322.9628,297150.8878,0
939,688536.SH,20230106,260.99,1.3058,1.3058,1.59,70.7267,76.7434,8.3677,23.6584,16.4795,,,12019.5477,6562.2782,6562.2782,3136981.7542,1712688.9874,0
940,000505.SZ,20230106,7.99,1.7322,3.7884,1.05,28.4082,34.5953,1.9305,0.4938,0.4505,0.0,,72695.0251,62081.5364,28386.5343,580833.2505,496031.4758,0
941,688203.SH,20230106,16.66,2.9699,2.9699,1.67,95.7232,69.4148,2.3337,5.7719,5.3154,,,20267.8068,4620.7172,4620.7172,337661.6613,76981.1486,0
942,300722.SZ,20230106,26.77,0.9435,2.6323,1.66,82.7997,72.747,9.7681,17.5412,14.6626,0.5773,0.5773,19219.2,19219.2,6888.8555,514497.984,514497.984,0
943,688981.SH,20230106,41.68,0.664,0.7396,1.52,30.7274,25.7569,2.4834,9.2561,6.8675,,,791266.4696,195740.272,175747.3745,32979986.4529,8158454.537,0
944,300584.SZ,20230106,30.86,6.251,7.8553,0.54,12.9538,13.3339,3.9456,6.4034,7.3475,0.8101,0.8101,12000.0,6404.5251,5096.5524,370320.0,197643.6446,0
945,003040.SZ,20230106,18.6,3.8086,5.5025,1.06,136.6987,53.3405,5.7978,6.5535,5.0488,0.3226,0.3226,46113.5972,21656.4408,14989.7128,857712.9079,402809.7989,0
946,688032.SH,20230106,910.08,2.0289,2.9027,1.28,252.6248,115.2388,8.1839,64.0913,41.6238,,,5600.0,2792.003,1951.4926,5096448.0,2540946.0902,0
947,002776.SZ,20230106,3.0,3.684,5.7778,1.13,,,9.7193,10.8615,14.9968,0.0,,53798.9106,53798.9106,34303.1117,161396.7318,161396.7318,0
948,605128.SH,20230106,56.56,2.0628,2.0628,1.21,64.1988,78.5878,4.2866,5.4746,4.4661,0.1768,0.1768,8000.0,4171.0,4171.0,452480.0,235911.76,0
949,600230.SH,20230106,17.07,1.5007,2.7917,1.13,32.4192,32.8373,1.8059,2.9913,1.7285,0.3515,0.3515,41835.5802,41186.3502,22139.6078,714133.354,703050.9979,0
950,688528.SH,20230106,10.5,0.4399,0.4399,0.83,60.4041,367.1196,2.3662,5.7708,5.3163,,,16800.0,5192.7,5192.7,176400.0,54523.35,0
951,605028.SH,20230106,17.2,2.277,2.277,1.78,15.6875,14.2818,2.5068,6.9719,6.6438,2.907,2.907,16000.0,4000.0,4000.0,275200.0,68800.0,0
952,600237.SH,20230106,6.91,2.5,3.117,0.84,76.6843,55.545,3.2422,3.8994,3.7511,0.0,,56436.9565,56436.9565,45266.3586,389979.3694,389979.3694,0
953,002465.SZ,20230106,8.46,0.3101,0.4247,0.63,29.8276,29.2352,1.8856,3.5614,3.4646,1.773,1.773,230444.8671,226505.8769,165351.2252,1949563.5757,1916239.7186,0
954,300732.SZ,20230106,9.23,0.4145,0.7999,0.7,9.32,10.3713,1.1034,1.459,1.2918,2.265,2.265,32436.989,32246.8511,16710.3066,299393.4085,297638.4357,0
955,002428.SZ,20230106,9.94,2.1777,2.7317,3.2,464.9794,,4.4379,11.6662,11.005,0.0,,65312.0,64431.4218,51365.5818,649201.28,640448.3327,0
956,600007.SH,20230106,16.17,0.5365,2.7723,1.32,15.9092,14.581,1.8304,4.5421,4.6294,3.7106,3.7106,100728.2534,100728.2534,19492.2293,1628775.8575,1628775.8575,0
957,688701.SH,20230106,8.27,2.181,2.5077,1.48,64.6576,,2.383,2.6876,3.2838,,,13427.7372,6562.9288,5708.0383,111047.3866,54275.4212,0
958,000756.SZ,20230106,29.33,6.7017,12.8633,0.66,56.3484,55.0676,4.9437,2.9939,2.7767,0.5114,0.5114,66962.7235,43633.272,22732.546,1964016.6803,1279763.8678,0
959,688118.SH,20230106,18.97,1.0724,1.0724,0.87,46.2537,130.2634,2.1452,4.1467,3.8507,,,9540.0,9540.0,9540.0,180973.8,180973.8,0
960,300068.SZ,20230106,23.28,4.9303,5.9703,1.02,,,3.7546,1.6994,1.9671,0.0,,86487.0893,83418.1538,68887.5698,2013419.4389,1941974.6205,0
961,920491.BJ,20230106,9.45,0.3862,0.3862,0.95,22.3201,25.3951,1.5066,3.2064,3.6241,,,14115.9348,8939.9637,8939.9637,133395.5839,84482.657,0
962,603829.SH,20230106,10.97,0.5903,2.3408,1.41,23.8875,25.5758,2.1446,1.3683,1.1046,0.9116,0.9116,16000.0,16000.0,4035.03,175520.0,175520.0,0
963,002646.SZ,20230106,14.87,2.666,4.8179,1.26,111.1433,90.4601,2.5217,6.6661,6.9481,0.3362,0.3362,47256.2974,47251.2518,26146.9078,702701.1423,702626.1143,0
964,003025.SZ,20230106,22.29,7.4062,8.709,1.78,29.4632,25.6299,3.7406,7.6156,7.2091,1.3923,1.3923,16319.17,7755.7044,6595.483,363754.2993,172874.6511,0
965,300552.SZ,20230106,18.67,1.0573,1.3523,0.95,93.4343,,1.5176,4.2114,5.0418,0.2142,0.2142,21313.3112,12585.3595,9839.5607,397919.5201,234968.6619,0
966,300801.SZ,20230106,21.9,1.9363,1.9518,2.55,17.0975,9.7713,1.9974,2.1553,1.6321,1.8146,1.8146,21741.0,13486.9035,13379.3035,476127.9,295363.1867,0
967,601369.SH,20230106,12.08,0.6947,1.9256,0.92,24.3381,22.5828,2.6226,2.0144,1.9415,2.5645,2.5645,172775.4279,166337.9079,60007.2556,2087127.169,2009361.9274,0
968,002518.SZ,20230106,60.8,2.6323,6.649,1.07,94.8892,65.7443,10.5295,12.6207,9.5768,0.411,0.411,58244.5394,56535.6814,22382.0716,3541267.9955,3437369.4291,0
969,600597.SH,20230106,10.51,1.1873,2.3132,1.2,24.4616,28.0399,1.8982,0.4961,0.5078,1.5224,1.5224,137864.0863,129871.1833,66659.4767,1448951.547,1364946.1365,0
970,603515.SH,20230106,15.88,0.1856,1.0331,1.05,13.198,15.1611,2.0678,1.3538,1.5172,3.0854,3.0854,75421.0692,75375.8682,13538.6546,1197686.5789,1196968.787,0
971,603105.SH,20230106,18.51,5.8766,9.3446,1.08,84.1277,52.732,5.3358,20.7916,14.9618,0.3782,0.3782,50000.0,50000.0,31444.0,925500.0,925500.0,1
972,603132.SH,20230106,12.15,0.7474,0.7474,0.83,25.6707,26.6837,3.9898,9.4875,9.6543,4.4115,4.4115,97800.0,9800.0,9800.0,1188270.0,119070.0,0
973,002913.SZ,20230106,25.48,0.2182,0.6824,0.87,16.7345,15.5184,2.2385,1.8493,1.7861,3.3359,3.3359,32192.1936,26562.554,8493.554,820257.0929,676813.8759,0
974,600956.SH,20230106,10.0,2.5168,2.5168,1.88,19.3835,18.2462,2.227,2.6193,2.2841,1.67,1.67,418709.3073,28924.7424,28924.7424,4187093.073,289247.424,0
975,601818.SH,20230106,3.08,0.1729,0.4353,0.68,3.8339,3.7054,0.4236,1.0895,1.0859,6.526,6.526,5403198.0091,4135324.4591,1642109.9162,16641849.868,12736799.334,0
976,600926.SH,20230106,13.55,0.2623,0.4686,0.77,8.6767,6.9874,1.0201,2.7368,2.4316,2.583,2.583,593027.8337,506682.1084,283611.4557,8035527.1466,6865542.5688,0
977,002166.SZ,20230106,10.31,3.5158,4.0809,0.98,64.598,37.0227,2.4449,7.2642,5.7967,0.0,,74208.2425,46643.9617,40184.1034,765086.9802,480899.2451,0
978,920047.BJ,20230106,14.68,0.243,0.2714,0.52,,,18.136,66.542,48.6994,,,25771.8203,14925.9448,13367.119,378330.322,219112.8697,0
979,000529.SZ,20230106,8.42,5.8775,13.265,0.49,14.8467,5.9715,1.6578,1.3513,1.2323,1.7815,1.7815,58379.033,56988.4377,25250.7268,491551.4579,479842.6454,0
980,300559.SZ,20230106,10.87,3.4914,5.5969,0.86,52.5536,54.0749,4.115,11.7467,9.9459,0.8995,0.8995,39951.4567,30197.5083,18837.1492,434272.3343,328246.9152,0
981,600715.SH,20230106,2.31,1.7712,2.5437,0.81,,,2.3417,5.5209,5.4089,0.0,,185485.35,185485.35,129155.7753,428471.1585,428471.1585,0
982,300650.SZ,20230106,9.88,2.2552,2.5745,1.1,17.5331,33.5673,1.9264,0.4359,0.6395,1.1886,1.1886,21829.6126,14946.774,13092.5567,215676.5725,147674.1271,0
983,000666.SZ,20230106,10.87,9.6566,9.9487,1.55,12.7316,12.6185,0.7773,1.0235,0.9515,0.7912,0.7912,70413.0,29349.7261,28488.2013,765389.31,319031.5227,0
984,688173.SH,20230106,24.13,1.9334,1.9334,0.85,381.3439,522.9769,5.3832,21.1277,16.9176,,,40530.7014,3280.82,3280.82,978005.8248,79166.1866,0
985,002511.SZ,20230106,13.44,1.1866,2.3591,1.01,30.4075,47.604,3.4696,1.9311,1.9657,0.7279,0.7279,131471.1825,129511.0527,65141.0168,1766972.6928,1740628.5483,0
986,300061.SZ,20230106,6.8,2.0653,2.4119,1.05,,,3.6205,4.2501,3.7554,0.0,,65899.3677,56704.3429,48553.9462,448115.7004,385589.5317,0
987,603367.SH,20230106,15.58,6.363,15.4817,2.68,21.1363,20.713,1.3474,1.8671,1.7938,1.9235,1.9235,45331.3,45027.2,18506.2409,706261.654,701523.776,0
988,002966.SZ,20230106,7.98,0.6596,0.7752,0.71,9.4186,7.8136,0.8443,2.7019,2.4882,3.1898,3.1898,366673.1275,354210.4979,301410.4979,2926051.5575,2826599.7732,0
989,000758.SZ,20230106,4.78,1.6543,2.4969,1.67,227.093,30.4386,1.8198,1.441,1.347,0.0,,196937.8424,196932.9094,130471.5862,941362.8867,941339.3069,0
990,920225.BJ,20230106,6.08,0.2617,0.2951,0.63,21.3348,11.0004,1.4221,1.9395,1.8047,,,10576.5745,5763.9355,5112.4435,64305.573,35044.7278,0
991,688379.SH,20230106,18.18,4.3783,5.0587,1.14,35.6909,,1.8285,1.3324,1.3594,,,8874.752,4661.752,4034.752,161342.9914,84750.6514,0
992,000507.SZ,20230106,5.89,4.8591,6.9974,2.02,12.149,14.4241,1.034,0.8489,0.9349,2.0374,2.0374,91973.4895,90233.7753,62659.0603,541723.8532,531476.9365,0
993,000757.SZ,20230106,4.4,1.5746,2.5909,0.37,32.5256,193.2384,1.5712,0.6213,0.7527,0.0,,64020.588,51116.7338,31065.1006,281690.5872,224913.6287,0
994,000876.SZ,20230106,12.66,0.4961,1.0931,0.99,,,2.3097,0.4551,0.4346,0.0,,453875.8095,450221.1016,204337.4139,5746067.7483,5699799.1463,0
995,688087.SH,20230106,38.66,1.7189,1.7189,1.3,21.7065,20.3856,2.5236,2.6154,2.5027,,,13462.7593,6896.5611,6896.5611,520470.2745,266621.0521,0
996,002747.SZ,20230106,22.7,1.52,2.3753,1.05,161.6724,127.7467,7.4067,6.5319,6.0502,0.1308,0.1308,86911.5493,78423.8298,50185.3556,1972892.1691,1780220.9365,0
997,600300.SH,20230106,3.43,1.9305,3.0834,1.14,24.8396,38.0206,1.8074,1.2142,1.1915,0.8746,0.8746,161714.218,161714.218,101248.2702,554679.7677,554679.7677,0
998,000609.SZ,20230106,6.57,2.0071,2.7873,0.8,,,2.5633,2.5058,1.7101,0.0,,29926.5522,29208.9147,21032.3499,196617.448,191902.5696,0
999,002705.SZ,20230106,17.39,0.6488,1.8162,0.57,18.1421,13.8057,2.0988,0.9641,0.9632,1.1342,1.1342,82672.778,82296.8403,29401.1742,1437679.6094,1431142.0528,0
1000,601368.SH,20230106,5.21,0.3707,0.86,0.98,15.6105,13.528,0.9885,2.2101,1.8524,1.9578,1.9578,88297.3077,88297.3077,38062.6493,460028.9731,460028.9731,0
1001,603348.SH,20230106,65.16,3.0345,7.129,1.62,176.7182,59.833,5.7359,4.1759,3.4103,0.229,0.229,26352.6408,26116.8408,11116.8408,1717138.0745,1701773.3465,1
1002,920046.BJ,20230106,5.04,0.5948,0.5948,0.57,13.8303,13.6534,1.6033,1.7731,1.7727,,,7225.0,1756.1955,1756.1955,36414.0,8851.2253,0
1003,601919.SH,20230106,10.26,0.3924,0.9238,0.95,1.8493,1.3886,0.8725,0.4949,0.3943,28.0167,28.0167,1609486.1636,1274008.1636,541148.1626,16513328.0385,13071323.7585,0
1004,300052.SZ,20230106,19.88,6.86,8.2527,0.61,,,8.0326,14.6673,16.1148,0.0,,26201.371,26100.0092,21695.5214,520883.2555,518868.1829,0
1005,688004.SH,20230106,21.96,0.5467,0.7454,0.68,25.3696,913.7499,1.7521,4.3439,5.9281,,,5680.0,3984.332,2922.3791,124732.8,87495.9307,0
1006,600624.SH,20230106,5.77,1.2891,1.8119,1.46,,,4.4794,3.794,4.7185,0.0,,68471.201,68471.201,48716.6874,395078.8298,395078.8298,0
1007,300923.SZ,20230106,20.47,1.5219,1.5219,1.17,21.3573,26.9,1.4179,3.9366,3.951,1.3569,1.3569,7860.0,3119.075,3119.075,160894.2,63847.4653,0
1008,600720.SH,20230106,10.09,1.5824,2.1598,0.53,8.2666,9.368,0.8951,1.0209,0.9425,4.4599,4.4599,77629.0282,77616.2687,56867.2258,783276.8945,783148.1512,0
1009,300555.SZ,20230106,6.34,1.5193,1.877,1.36,,,2.0438,6.5952,5.618,0.0,,20000.0,19756.7713,15991.583,126800.0,125257.93,0
1010,600989.SH,20230106,12.43,1.512,1.6011,0.97,12.8922,12.7936,2.7675,3.9122,3.1884,3.3697,3.3697,733336.0,217289.0,205198.3287,9115366.48,2700902.27,0
1011,600562.SH,20230106,16.79,1.0377,1.7081,1.19,39.6453,33.2444,4.2406,6.0751,6.7577,0.7624,0.7624,124185.784,66073.8434,40142.9805,2085079.3134,1109379.8307,0
1012,300388.SZ,20230106,6.26,0.309,0.7765,1.25,11.9319,12.163,1.1711,0.9773,1.0096,1.8675,1.8675,69896.2023,69747.5842,27759.8518,437550.2264,436619.8771,0
1013,601058.SH,20230106,10.13,0.6562,0.9628,0.71,23.6359,22.561,2.6198,1.7242,1.4453,1.4808,1.4808,306348.4772,306258.4772,208715.9934,3103310.074,3102398.374,0
1014,601798.SH,20230106,7.1,0.7644,1.9856,0.73,,,1.6122,3.0258,2.6326,0.0,,35452.8198,35452.8198,13647.5461,251715.0206,251715.0206,0
1015,301055.SZ,20230106,15.53,5.7097,5.7097,0.55,30.7709,42.5555,3.5338,3.1876,2.6885,3.2196,3.2196,15600.0,5845.0,5845.0,242268.0,90772.85,0
1016,601319.SH,20230106,5.26,0.1146,1.3629,0.62,10.7504,9.55,1.0523,0.3892,0.3713,2.7947,2.7947,4422399.0583,3549775.6583,298560.3196,23261819.0467,18671819.9627,0
1017,600610.SH,20230106,16.25,0.8623,0.9987,0.96,415.5928,417.0712,101.1195,12.4878,12.3473,0.0,,107127.4605,44867.5225,38738.5225,1740821.2331,729097.2406,0
1018,002215.SZ,20230106,5.39,0.7866,1.0036,0.79,17.5652,19.4092,1.6725,1.1917,1.2177,3.691,3.691,99504.1427,79074.3829,61975.8576,536327.3292,426210.9238,0
1019,600694.SH,20230106,17.37,1.4143,2.282,1.05,7.2658,9.1402,0.6392,0.6432,0.6785,11.1564,11.1564,29371.8653,29371.8653,18203.86,510189.3003,510189.3003,0
1020,600121.SH,20230106,5.16,2.9068,6.8641,2.21,,,3.7251,1.9572,1.4622,0.0,,121841.2038,121841.2038,51597.2758,628700.6116,628700.6116,0
1021,000752.SZ,20230106,4.0,1.042,1.5035,1.2,,,,2.6856,3.4951,0.0,,26375.8491,26375.8491,18280.2895,105503.3964,105503.3964,0
1022,601162.SH,20230106,2.9,0.7729,0.998,0.71,42.8592,7140.194,1.0073,5.7041,7.5812,0.2053,0.2053,866575.7464,866575.7464,671088.6832,2513069.6646,2513069.6646,0
1023,603216.SH,20230106,14.52,4.0984,4.0984,1.32,17.7831,15.7378,1.9386,2.1411,2.1722,1.7006,1.7006,22412.0,5536.0,5536.0,325422.24,80382.72,0
1024,920808.BJ,20230106,28.8,0.1456,0.1456,0.37,24.4672,23.5793,4.3089,5.6267,5.2992,,,7962.0,2576.4012,2576.4012,229305.6,74200.3546,0
1025,601881.SH,20230106,9.24,0.2161,1.0834,0.78,8.9805,9.8911,1.074,2.6031,2.5207,3.355,3.355,1013727.9676,644629.5043,128568.4179,9366846.4206,5956376.6197,0
1026,002837.SZ,20230106,36.1,2.3306,3.6062,1.3,76.5137,92.0239,8.1242,7.041,7.1003,0.3835,0.3835,43459.723,35459.5977,22917.1138,1568896.0003,1280091.477,0
1027,600503.SH,20230106,2.73,0.8131,0.9318,1.27,45.42,156.7749,1.1583,8.3346,27.3192,0.1832,0.1832,160229.0,160229.0,139827.0,437425.17,437425.17,0
1028,688008.SH,20230106,64.05,0.6366,0.9496,0.85,87.6056,55.2103,7.5291,28.3515,18.866,,,113406.8231,113406.8231,76026.7981,7263707.0196,7263707.0196,0
1029,603181.SH,20230106,14.2,0.2904,0.5257,0.64,18.643,18.1258,3.3289,3.5778,3.659,0.6944,0.6944,58870.0,58870.0,32520.65,835954.0,835954.0,0
1030,688669.SH,20230106,22.06,1.0575,1.0575,1.05,24.7838,37.3031,1.347,0.8101,0.5279,,,9333.3334,4574.6929,4574.6929,205893.3348,100917.7254,0
1031,300242.SZ,20230106,3.36,2.3328,2.9739,0.73,,,4.0932,0.3266,0.7459,0.0,,63455.5224,62730.085,49207.495,213210.5553,210773.0856,0
1032,002366.SZ,20230106,5.05,0.5318,0.5318,1.08,,,,25.738,25.7554,0.0,,208093.764,89754.4192,89754.4192,1050873.5082,453259.817,0
1033,600031.SH,20230106,16.5,0.6918,1.0291,1.05,11.6459,45.7444,2.1751,1.3207,1.821,2.7116,2.7116,849328.6021,847089.9771,569460.0658,14013921.9347,13976984.6222,0
1034,603033.SH,20230106,17.72,0.2444,0.8058,1.54,112.8802,110.3216,4.1661,4.1708,3.5735,0.0,,79187.6334,77565.7434,23528.5648,1403204.8638,1374464.973,0
1035,603499.SH,20230106,8.26,0.8005,1.9159,0.86,,,2.957,2.5652,2.5674,0.0,,20115.3443,20115.3443,8404.6943,166152.7439,166152.7439,0
1036,603201.SH,20230106,31.13,1.7139,1.7139,0.97,17.4081,14.3499,1.9926,0.8098,0.8606,0.0,,7949.3334,1987.3334,1987.3334,247462.7487,61865.6887,0
1037,002541.SZ,20230106,33.85,1.0005,1.3706,1.2,20.3083,19.4641,3.0414,1.1969,1.1359,0.7499,0.7499,69001.116,49175.6225,35895.9924,2335687.7766,1664594.8216,0
1038,002478.SZ,20230106,5.98,1.6579,2.2514,0.89,39.3745,14.0246,1.1983,1.2654,0.9255,1.3278,1.3278,89434.8407,61896.2028,45580.6534,534820.3474,370139.2927,0
1039,300638.SZ,20230106,19.79,2.3236,2.8036,2.59,31.1496,34.358,5.2904,3.0423,2.5123,0.6624,0.6624,63172.1135,40661.9421,33701.004,1250176.1262,804699.8342,0
1040,600660.SH,20230106,36.0,0.5637,0.7959,1.27,29.862,21.1067,3.3009,3.9804,3.4939,2.7778,2.7778,260974.3532,200298.6332,141881.6828,9395076.7152,7210750.7952,0
1041,600016.SH,20230106,3.47,0.1411,0.1411,0.96,4.4189,4.65,0.3017,0.9,1.0352,6.1383,6.1383,4378241.8502,3546212.3213,3546212.3213,15192499.2202,12305356.7549,0
1042,601619.SH,20230106,3.87,0.5004,0.9999,1.64,12.5315,11.2588,1.6452,6.6225,5.8627,2.5838,2.5838,243441.4469,239312.2469,119779.5401,942118.3995,926138.3955,0
1043,300162.SZ,20230106,6.6,1.3187,1.7259,0.77,48.6131,52.2961,3.3556,1.7699,1.8324,0.0,,34951.003,26431.678,20195.153,230676.6198,174449.0748,0
1044,301079.SZ,20230106,19.22,1.5826,1.5826,0.86,31.6609,36.9046,3.4862,4.2966,5.0363,0.5203,0.5203,8389.3334,4489.8099,4489.8099,161242.9879,86294.1463,0
1045,601595.SH,20230106,10.47,1.4997,4.8718,1.55,214.5553,,2.6549,6.4188,9.519,0.0,,44820.0,44820.0,13797.1683,469265.4,469265.4,0
1046,600398.SH,20230106,5.32,0.2832,0.8459,0.97,9.2244,10.4785,1.6379,1.1383,1.1661,9.5865,9.5865,431960.7279,431960.7279,144603.1348,2298031.0724,2298031.0724,0
1047,920885.BJ,20230106,11.2,0.0765,0.1348,0.95,22.1368,21.4904,2.6213,6.7667,6.7491,,,8570.9,4345.4019,2464.3001,95994.08,48668.5013,0
1048,000883.SZ,20230106,4.26,0.1773,0.6462,1.0,11.9643,19.1587,0.8872,1.2372,1.0496,3.5215,3.5215,656897.2986,650558.1954,178535.8554,2798382.492,2771377.9124,0
1049,600408.SH,20230106,2.66,1.3547,1.9795,0.61,9.4505,,0.9731,0.2062,0.1954,0.0,,100680.0,100680.0,68899.2884,267808.8,267808.8,0
1050,688096.SH,20230106,12.27,0.6729,0.7702,1.47,23.5256,23.6869,1.6686,3.1392,2.7694,,,10799.55,8028.8,7014.8,132510.4785,98513.376,0
1051,603269.SH,20230106,13.2,1.2672,1.7042,0.96,28.0584,25.5594,1.6506,1.3145,1.1782,1.6667,1.6667,11251.8866,11251.8866,8366.5966,148524.9031,148524.9031,0
1052,300474.SZ,20230106,55.88,1.0604,1.59,0.89,86.7684,117.3743,8.1033,23.2351,25.1738,0.2253,0.2253,45455.7284,31706.4377,21145.0256,2540066.103,1771755.7387,0
1053,300473.SZ,20230106,15.5,1.1699,1.9319,1.5,98.9724,,1.0292,0.6365,0.6081,0.2893,0.2893,15044.7691,13402.5378,8115.8061,233193.9211,207739.3359,0
1054,600727.SH,20230106,6.86,1.266,1.6745,1.68,7.3535,29.5406,1.2031,0.8004,0.6737,1.4577,1.4577,52858.3135,43961.8037,33236.4133,362608.0306,301577.9734,0
1055,002417.SZ,20230106,6.61,1.0054,1.1466,0.47,,,13.8278,16.8771,54.824,0.0,,27027.28,23585.6328,20680.6418,178650.3208,155901.0328,0
1056,002871.SZ,20230106,13.74,1.8874,2.9382,1.1,38.0429,16.8444,3.2627,5.5891,4.389,2.5432,2.5432,16887.7148,8882.2657,5705.7735,232037.2014,122042.3307,0
1057,600846.SH,20230106,9.29,1.3235,2.1002,1.05,10.0556,16.0661,1.7086,0.9465,1.5443,3.014,3.014,62476.1516,62476.1516,39372.4688,580403.4484,580403.4484,0
1058,600928.SH,20230106,3.49,0.3134,0.7436,0.79,5.5311,6.0753,0.5393,2.1534,2.2953,5.4441,5.4441,444444.4445,302522.7733,127530.5226,1551111.1113,1055804.4788,0
1059,002902.SZ,20230106,13.66,4.668,5.6398,2.48,,,2.6808,1.2933,1.2664,0.0,,21152.0,14948.8472,12372.9575,288936.32,204201.2528,0
1060,301019.SZ,20230106,19.8,0.2782,0.2782,0.97,21.8221,22.3518,2.3357,4.8259,4.9374,1.6835,1.6835,12000.0,7188.1644,7188.1644,237600.0,142325.6551,0
1061,300640.SZ,20230106,5.91,2.8044,3.6352,1.35,88.8682,40.7781,2.2486,2.2891,2.0862,0.7687,0.7687,31245.2427,20176.8924,15565.6288,184659.3844,119245.4341,0
1062,002460.SZ,20230106,71.56,2.5142,2.8173,1.34,27.6067,8.2242,3.7193,12.931,4.5504,0.2992,0.2992,201703.6179,120768.6975,107777.7904,14433910.8969,8642207.9931,0
1063,002520.SZ,20230106,7.56,7.9158,9.5299,0.86,118.6052,,2.4748,2.7691,2.7598,0.0,,80024.5171,62532.6448,51941.185,604985.3493,472746.7947,0
1064,000040.SZ,20230106,4.43,12.5084,14.6782,3.32,,,0.5769,1.6991,1.7349,0.0,,148687.387,106034.067,90359.3956,658685.1244,469730.9168,1
1065,688111.SH,20230106,278.49,0.5099,1.3519,0.89,123.3566,127.6188,15.3181,39.1595,34.6862,,,46122.1529,46122.1529,17397.5173,12844558.3611,12844558.3611,0
1066,600905.SH,20230106,5.97,2.7687,2.7687,1.73,30.2814,21.8652,2.2537,11.0345,7.8583,0.3555,0.3555,2861953.0,857100.0,857100.0,17085859.41,5116887.0,0
1067,600346.SH,20230106,16.05,0.1786,0.4533,1.11,7.2743,12.6858,1.9843,0.5707,0.521,6.2928,6.2928,703909.9786,703909.9786,277324.2681,11297755.1565,11297755.1565,0
1068,920870.BJ,20230106,16.56,0.6602,0.6602,1.77,20.4169,16.4594,2.538,7.8526,6.3626,,,6700.0,1526.38,1526.38,110952.0,25276.8528,0
1069,600104.SH,20230106,14.47,0.145,0.4605,1.09,6.8911,10.0437,0.6196,0.2225,0.231,4.6415,4.6415,1168346.1365,1168346.1365,368003.2086,16905968.5952,16905968.5952,0
1070,300319.SZ,20230106,8.18,0.847,1.0642,0.92,23.1507,29.7045,1.8006,2.1207,2.1655,0.7342,0.7342,86029.0749,74356.7455,59181.0103,703717.8327,608238.1782,0
1071,603220.SH,20230106,11.01,1.2379,1.8687,0.94,20.3872,25.0115,2.147,1.402,1.444,1.4584,1.4584,33636.8576,33382.1919,22114.3228,370341.8022,367537.9328,0
1072,300695.SZ,20230106,44.2,0.2197,0.7444,0.97,24.8568,19.6272,1.3656,4.3644,5.16,0.4072,0.4072,7092.9872,7092.9872,2092.9872,313510.0342,313510.0342,0
1073,300214.SZ,20230106,6.72,0.6801,0.8735,0.67,16.4953,14.4321,1.2812,1.1313,1.0632,1.1263,1.1263,46680.2614,40356.3836,31420.6386,313691.3566,271194.8978,0
1074,600735.SH,20230106,6.43,1.6443,3.0041,0.93,41.7916,41.0055,1.9754,1.7513,1.4241,0.7309,0.7309,42877.8219,42101.6635,23044.1174,275704.3948,270713.6963,0
1075,300446.SZ,20230106,10.09,0.7249,1.0561,0.86,409.9492,1388.0855,3.1424,13.3541,13.5605,0.0,,20262.0,19779.2567,13576.8813,204443.58,199572.7001,0
1076,601989.SH,20230106,3.52,0.1482,0.305,0.96,364.984,,0.9531,2.03,1.9743,0.0852,0.0852,2280203.5324,2208380.3282,1072993.2012,8026316.434,7773498.7553,0
1077,688272.SH,20230106,20.13,1.0285,1.3575,0.63,20.0132,,2.521,4.812,10.7453,,,7600.0,2418.3212,1832.2231,152988.0,48680.8058,0
1078,605001.SH,20230106,8.04,2.3076,3.0847,0.79,,,1.2634,5.1368,5.0429,0.0,,39288.6,23933.8667,17904.5367,315880.344,192428.2883,0
1079,600796.SH,20230106,5.42,0.5306,0.8018,0.89,31.749,17.3476,1.5996,2.3127,1.5605,1.845,1.845,86658.5766,30140.2144,19945.6541,469689.4852,163359.962,0
1080,002979.SZ,20230106,24.1,2.0101,2.0101,0.73,34.1217,30.8791,6.6081,6.1915,6.1393,0.7992,0.7992,30910.0,15761.3108,15761.3108,744931.0,379847.5903,0
1081,600760.SH,20230106,60.03,0.3232,1.0483,0.7,69.4044,59.3824,9.5547,3.4525,2.9832,0.583,0.583,196052.6295,196052.6295,60447.1176,11769039.3489,11769039.3489,0
1082,002907.SZ,20230106,20.88,2.025,7.2379,1.04,95.003,115.9633,5.6846,10.3049,11.4354,0.23,0.23,41759.6314,30222.5305,8455.4635,871941.1036,631046.4368,0
1083,002951.SZ,20230106,9.35,0.4503,2.5448,1.19,67.9402,925.8948,1.6693,9.7851,17.6639,0.5348,0.5348,40500.0,40499.955,7166.6216,378675.0,378674.5793,0
1084,688101.SH,20230106,13.22,0.2315,0.7954,1.14,17.8612,19.2431,1.2529,3.8358,3.672,,,33388.0,33388.0,9715.42,441389.36,441389.36,0
1085,605589.SH,20230106,23.09,1.7113,1.7113,1.59,26.2903,28.2841,2.1659,2.0484,1.895,0.8572,0.8572,78287.68,61521.1809,61521.1809,1807662.5312,1420524.067,0
1086,920149.BJ,20230106,3.95,0.054,0.0645,0.47,14.4881,,1.5591,0.6169,0.8503,,,7375.8,4787.4941,4013.4194,29134.41,18910.6017,0
1087,603722.SH,20230106,41.78,1.12,2.0681,2.18,36.5806,26.9836,4.98,4.1739,4.4916,0.8377,0.8377,8793.75,8754.15,4741.02,367402.875,365748.387,0
1088,301398.SZ,20230106,31.88,24.8884,24.8884,1.22,47.5416,50.7424,2.5819,11.645,9.7341,,,8000.0,1823.005,1823.005,255040.0,58117.3994,0
1089,600824.SH,20230106,3.59,1.1668,1.9339,0.65,40.979,,1.4366,3.7874,5.0713,0.7521,0.7521,105402.7073,105402.7073,63593.0544,378395.7192,378395.7192,0
1090,600011.SH,20230106,7.83,0.6066,1.5245,0.78,,,2.3939,0.6007,0.5047,0.0,,1569809.3359,1099770.9919,437592.3252,12291607.1001,8611206.8666,0
1091,301208.SZ,20230106,61.89,8.7444,8.7444,0.88,33.7099,31.8109,3.2532,3.4889,3.4217,0.5817,0.5817,6666.67,1666.67,1666.67,412600.2063,103150.2063,0
1092,600305.SH,20230106,11.88,1.0931,1.9742,0.92,100.1965,85.8992,5.3874,6.2931,5.3778,0.8417,0.8417,100295.6032,100295.6032,55534.2139,1191511.766,1191511.766,0
1093,600292.SH,20230106,5.72,0.2062,0.4324,0.63,84.6228,330.4092,0.8674,1.0063,1.0606,0.3671,0.3671,78081.689,78081.689,37230.0764,446627.2611,446627.2611,0
1094,920781.BJ,20230106,6.73,0.3003,0.3003,0.22,19.0286,13.0871,1.9708,2.7147,2.1515,,,11709.6254,7102.4618,7102.4618,78805.7789,47799.5679,0
1095,600406.SH,20230106,24.56,0.4877,1.1467,1.35,29.1408,26.9327,4.1502,3.877,3.6706,1.3911,1.3911,669484.9118,662762.3212,281882.4514,16442549.4338,16277442.6087,0
1096,000055.SZ,20230106,4.86,1.0336,1.2921,0.7,23.4913,20.1324,0.9185,1.467,1.3978,1.0288,1.0288,107387.4227,67587.6179,54068.2724,521902.8743,328475.823,0
1097,000997.SZ,20230106,13.61,0.4384,0.6271,0.72,19.9456,24.1817,2.2048,1.9975,1.9861,1.8031,1.8031,103206.2937,102636.1151,71748.1711,1404637.6573,1396877.5265,0
1098,000049.SZ,20230106,45.9,4.2727,7.7649,1.38,17.3122,15.1317,3.6023,0.7058,0.6146,1.639,1.639,29938.6862,29928.1741,16468.2534,1374185.6966,1373703.1912,0
1099,301213.SZ,20230106,35.25,2.1931,2.1931,0.84,48.378,46.8358,3.5054,17.9217,19.4808,0.8511,0.8511,7999.9999,2875.6399,2875.6399,281999.9965,101366.3065,0
1100,002440.SZ,20230106,7.27,0.3768,0.5598,1.0,10.0095,11.6641,0.8707,1.501,1.3518,4.7034,4.7034,115050.0,96287.8589,64807.4612,836413.5,700012.7342,0
1101,920892.BJ,20230106,8.58,0.0075,0.0087,0.35,12.3745,11.3792,2.4338,1.9158,1.7538,,,9927.2351,2926.0615,2525.795,85175.6772,25105.6077,0
1102,605196.SH,20230106,7.24,2.3204,2.3204,1.07,31.4419,16.6212,1.5446,0.8421,0.7472,0.3285,0.3285,51144.2098,32387.1098,32387.1098,370284.079,234482.675,0
1103,002534.SZ,20230106,15.82,1.2017,4.9835,1.62,27.8241,70.5794,3.3892,1.7777,1.4562,1.229,1.229,73920.2363,72559.0518,17495.9544,1169418.1383,1147884.1995,0
1104,600881.SH,20230106,2.38,0.3887,0.4727,1.1,,,0.6406,0.3934,0.5381,0.0,,324891.3588,324891.3588,267165.6347,773241.4339,773241.4339,0
1105,688231.SH,20230106,36.5,2.1636,2.1636,1.56,128.3369,79.7398,3.2435,12.4147,9.6183,,,24685.7143,5058.9844,5058.9844,901028.572,184652.9306,0
1106,003037.SZ,20230106,11.82,2.008,2.008,0.73,76.0717,40.7476,3.3677,0.729,0.9007,0.6768,0.6768,50383.6583,9102.1583,9102.1583,595534.8411,107587.5111,0
1107,688386.SH,20230106,65.0,3.7248,5.4722,1.76,68.526,69.172,7.1276,14.3708,12.951,,,7000.0,4736.1488,3223.7462,455000.0,307849.672,0
1108,603111.SH,20230106,4.16,0.2228,0.2964,0.88,11.1557,19.6268,1.178,1.1721,1.2696,0.0,,99327.5484,83598.325,62853.2657,413202.6013,347769.032,0
1109,002984.SZ,20230106,28.5,2.056,2.1234,0.7,24.5774,21.977,2.5429,3.5763,3.0541,0.5965,0.5965,64967.0707,29502.1955,28565.273,1851561.515,840812.5718,0
1110,600372.SH,20230106,16.5,0.4768,1.4339,1.06,39.6191,34.4482,2.6963,3.2161,2.9292,0.7576,0.7576,191779.8835,191776.5835,63765.0222,3164368.0778,3164313.6278,0
1111,301098.SZ,20230106,16.3,1.8369,2.3053,0.84,20.2809,26.8086,1.589,1.796,2.0305,0.6135,0.6135,10560.0,7123.25,5675.76,172128.0,116108.975,0
1112,688012.SH,20230106,99.49,0.7057,1.0816,1.03,60.6177,48.5611,4.0685,19.7257,15.0328,,,61624.448,61624.448,40208.2744,6131016.3315,6131016.3315,0
1113,600971.SH,20230106,7.26,0.9786,2.1729,1.09,6.2805,3.9938,0.7862,1.2908,1.0011,6.8871,6.8871,120000.4884,120000.4884,54046.5995,871203.5458,871203.5458,0
1114,300992.SZ,20230106,18.79,0.8692,1.0156,0.96,27.9141,25.0269,2.3207,3.0395,2.9338,0.3672,0.3672,9080.0,4353.2325,3725.8925,170613.2,81797.2387,0
1115,002192.SZ,20230106,103.72,3.2804,4.3651,1.57,394.372,20.7817,14.1436,29.2543,13.0876,0.0,,25965.5203,25912.0228,19473.2319,2693143.7655,2687595.0048,0
1116,688373.SH,20230106,8.91,3.0883,3.0883,0.65,,,4.6497,762.1296,157.6694,,,65521.0084,11868.7659,11868.7659,583792.1848,105750.7042,0
1117,300736.SZ,20230106,15.6,3.9699,7.8077,1.65,311.7542,,15.7422,6.5024,7.9292,0.0,,13006.5904,12823.4592,6520.2551,202902.8102,200045.9635,0
1118,688212.SH,20230106,71.0,0.9717,1.0805,0.52,165.9821,210.9963,7.6155,27.2786,23.7443,,,13334.0,8985.02,8080.56,946714.0,637936.42,0
1119,002022.SZ,20230106,12.39,0.6847,0.8416,0.63,7.493,4.8518,1.7635,1.3127,0.9789,0.5246,0.5246,51429.6809,51414.756,41828.4522,637213.7464,637028.8268,0
1120,300236.SZ,20230106,28.65,0.5984,1.0394,1.48,86.2341,270.9254,2.1591,8.8339,7.5981,0.5201,0.5201,31338.1402,31003.1374,17849.5037,897837.7167,888239.8865,0
1121,300909.SZ,20230106,30.53,2.0777,2.0777,1.28,31.0081,32.4695,3.4295,5.5863,5.5012,1.0918,1.0918,15135.9994,6059.3436,6059.3436,462102.0617,184991.7601,0
1122,300365.SZ,20230106,8.57,3.1569,3.8146,1.31,88.7528,273.5425,2.3711,5.8942,6.4582,0.2334,0.2334,59985.5469,43459.0454,35966.4183,514076.1369,372444.0191,0
1123,300948.SZ,20230106,12.8,1.3657,1.665,0.7,22.9386,25.8798,2.1536,4.4577,4.1785,0.4297,0.4297,14001.0,6966.0,5713.8826,179212.8,89164.8,0
1124,920454.BJ,20230106,5.82,0.1378,0.2321,0.93,25.6934,35.648,2.1189,4.6178,5.0216,,,10510.0,5954.883,3536.7705,61168.2,34657.4191,0
1125,605299.SH,20230106,10.75,6.658,8.1499,0.63,38.2028,43.662,3.5617,2.832,3.1544,2.1395,2.1395,41149.9,11355.1184,9276.4123,442361.425,122067.5228,0
1126,300663.SZ,20230106,13.38,1.9157,2.0833,0.92,165.4995,161.6246,5.6305,4.7625,4.7082,0.0,,46217.8442,38536.7373,35435.878,618394.7554,515621.5451,0
1127,688597.SH,20230106,15.28,3.2562,3.75,2.62,74.2357,27.5073,3.2403,6.892,4.6658,,,17647.298,12055.2602,10467.8047,269650.7134,184204.3759,0
1128,600035.SH,20230106,3.34,0.6941,1.5078,0.82,7.2653,7.1886,0.7263,1.6476,1.7374,4.1916,4.1916,161011.5901,161011.5901,74122.5182,537778.7109,537778.7109,0
1129,300293.SZ,20230106,8.79,0.6901,1.1318,1.28,,,5.2738,2.2256,2.2293,0.0,,28033.5917,28033.5917,17092.4617,246415.271,246415.271,0
1130,002336.SZ,20230106,17.43,11.6029,40.3599,0.79,,,38.0842,1.5051,1.8105,0.0,,44000.0,37317.5,10728.2034,766920.0,650444.025,0
1131,002970.SZ,20230106,20.07,1.0146,1.8784,0.99,110.7034,,2.4846,2.0272,2.4919,0.4986,0.4986,17299.6,10691.3511,5774.6011,347202.972,214575.4166,0
1132,600183.SH,20230106,15.12,0.1968,0.4052,0.62,12.4363,20.861,2.6663,1.7357,1.8948,3.9475,3.9475,232743.9904,232743.9904,113043.6163,3519089.1348,3519089.1348,0
1133,688555.SH,20230106,3.71,4.1909,4.6546,0.76,6.6922,,0.3836,0.9372,1.6813,,,8311.0,4184.2,3767.31,30833.81,15523.382,0
1134,688216.SH,20230106,26.82,3.0791,3.0791,0.94,21.177,1880.7223,3.0615,3.5215,4.5754,,,10627.0,4247.15,4247.15,285016.14,113908.563,0
1135,600470.SH,20230106,6.19,0.9086,1.2195,0.88,13.6066,16.5529,1.7827,0.5395,0.4102,0.0,,52160.0,52160.0,38862.8256,322870.4,322870.4,0
1136,301368.SZ,20230106,20.54,8.4453,8.4453,0.69,40.5782,41.2099,2.5727,4.3405,4.8367,,,12010.0,2689.1515,2689.1515,246685.4,55235.1718,0
1137,600847.SH,20230106,15.47,1.7654,2.3106,1.02,,,3.4263,4.1517,4.9475,0.0,,15328.74,15328.74,11711.8214,237135.6078,237135.6078,0
1138,300414.SZ,20230106,7.61,0.4384,0.7873,0.96,85.1948,93.3487,2.5472,4.1919,4.346,0.2234,0.2234,32601.9466,31126.0935,17334.629,248100.8136,236869.5715,0
1139,000415.SZ,20230106,2.23,0.3977,0.6489,0.78,,,0.4532,0.5148,0.435,0.0,,618452.1282,425600.1005,260841.4769,1379148.2459,949088.2241,0
1140,002610.SZ,20230106,2.96,2.555,2.7928,2.32,,,3.9832,5.2387,2.7465,0.0,,447953.2523,438323.6147,401002.4869,1325941.6268,1297437.8995,0
1141,000429.SZ,20230106,7.75,0.1272,0.3357,0.62,9.5293,10.8178,1.8122,3.0642,3.5208,7.3548,7.3548,209080.6126,130332.4056,49389.1256,1620374.7477,1010076.1434,0
1142,601952.SH,20230106,11.95,0.5429,1.6884,0.85,22.3419,20.6244,2.743,1.5477,1.3278,2.0084,2.0084,137800.0,137800.0,44310.3574,1646710.0,1646710.0,0
1143,300192.SZ,20230106,7.0,5.5154,6.3688,0.75,,,3.2062,2.6866,2.8825,0.0,,32914.3329,21556.732,18668.3652,230400.3303,150897.124,0
1144,300693.SZ,20230106,60.57,7.2937,8.3501,1.25,109.595,75.1549,12.9349,12.1732,9.5802,0.1981,0.1981,20527.5493,16040.6211,14011.3193,1243353.6611,971580.42,0
1145,688110.SH,20230106,26.9,0.9574,1.2301,0.93,45.4419,32.6114,2.9615,10.4882,9.173,,,44224.9758,25318.5963,19704.5613,1189651.849,681070.2405,0
1146,002005.SZ,20230106,1.49,0.3871,0.5387,0.88,,,2.0293,1.2563,1.7184,0.0,,175242.4858,175242.4858,125945.4311,261111.3038,261111.3038,0
1147,002151.SZ,20230106,28.55,0.5752,0.6763,0.91,72.2706,89.7192,3.4205,3.8019,4.1689,0.2029,0.2029,51278.4757,39008.3086,33179.3862,1464000.4812,1113687.2105,0
1148,300393.SZ,20230106,17.18,7.4306,9.2892,2.37,,,4.931,3.2167,2.0106,0.0,,108962.7358,95389.2219,76303.8633,1871979.801,1638786.8322,0
1149,300675.SZ,20230106,15.06,2.8026,5.6066,1.47,49.6284,34.7479,4.0504,4.3927,4.2223,0.664,0.664,14666.67,14666.67,7331.5757,220880.0502,220880.0502,0
1150,002859.SZ,20230106,28.5,1.147,2.4271,1.8,30.0439,55.9174,5.3777,6.2778,8.3688,0.7018,0.7018,41002.1346,39937.7469,18873.6618,1168560.8361,1138225.7867,0
1151,000557.SZ,20230106,4.96,0.6992,1.349,1.25,32.053,28.1054,1.2894,5.8494,3.4993,0.0,,145837.4735,145791.6198,75562.1039,723353.8686,723126.4342,0
1152,688500.SH,20230106,22.73,3.188,3.7974,0.69,,,1.5009,3.5469,3.5359,,,7427.451,4254.627,3571.877,168825.9612,96707.6717,0
1153,002255.SZ,20230106,4.73,1.222,1.2849,0.65,12.0872,11.68,1.187,1.5729,1.4201,0.0,,84227.1055,64241.1363,61099.0325,398394.209,303860.5747,0
1154,002059.SZ,20230106,7.34,3.3773,7.0721,0.73,,,3.5845,5.2413,8.4017,0.0,,101243.4813,73079.2576,34899.819,743127.1527,536401.7508,0
1155,301006.SZ,20230106,16.73,1.2621,1.5869,1.24,16.6276,17.3905,2.0279,5.7024,5.6898,1.1955,1.1955,13928.0,6407.02,5095.44,233015.44,107189.4446,0
1156,002793.SZ,20230106,8.2,2.8145,4.0087,0.96,21.9609,,2.2834,1.3767,1.73,0.4924,0.4924,108758.8486,59674.0772,41896.439,891822.5585,489327.433,0
1157,300279.SZ,20230106,5.09,0.6308,0.8888,0.9,40.7496,,2.335,1.2119,1.2689,0.0,,49055.585,44169.1757,31346.547,249692.9277,224821.1043,0
1158,300619.SZ,20230106,63.67,0.9998,1.4435,1.08,187.93,97.5752,6.5833,4.9093,3.3824,0.0628,0.0628,8865.5041,6503.0275,4504.1943,564466.646,414047.7609,0
1159,300562.SZ,20230106,10.45,10.3525,11.4485,0.48,252.9794,,2.0942,1.232,1.6202,0.0957,0.0957,21470.1188,14386.9492,13009.7348,224362.7415,150343.6191,0
1160,300958.SZ,20230106,17.55,0.9909,1.7156,0.73,28.1486,25.7244,2.2952,2.3168,2.2917,0.8832,0.8832,14265.6479,7696.9327,4445.8008,250362.1206,135081.1689,0
1161,603888.SH,20230106,17.7,1.4107,3.7923,0.64,43.6396,39.4701,2.8922,5.3286,5.0422,0.9209,0.9209,51902.936,51902.936,19307.895,918681.9672,918681.9672,0
1162,300802.SZ,20230106,19.58,0.8974,1.4479,1.13,50.5168,51.6993,4.439,8.6549,7.465,0.4788,0.4788,25992.3971,19081.6032,11827.0797,508931.1352,373617.7907,0
1163,000401.SZ,20230106,8.42,0.4155,0.6582,1.13,7.9646,8.5308,0.7292,0.616,0.5971,8.9074,8.9074,265821.372,154729.887,97677.3555,2238215.9522,1302825.6485,0
1164,600191.SH,20230106,5.26,0.6459,1.4143,0.89,255.9188,,1.6072,60.395,18.1981,0.1901,0.1901,48493.2,48493.2,22147.6387,255074.232,255074.232,0
1165,300355.SZ,20230106,3.16,1.3407,1.4247,0.81,16.3956,23.1395,1.1808,1.7412,2.009,0.8544,0.8544,160424.2081,131874.7384,124102.2763,506940.4976,416724.1733,0
1166,920299.BJ,20230106,4.36,0.1615,0.1704,0.86,15.3412,15.1092,1.4959,4.3694,3.9896,,,9010.9276,2308.8199,2188.7747,39287.6443,10066.4548,0
1167,300476.SZ,20230106,13.38,0.6701,1.0168,1.07,17.2171,16.7782,1.7464,1.5531,1.4406,1.4216,1.4216,86268.8641,85632.2463,56432.3986,1154277.4017,1145759.4555,0
1168,300416.SZ,20230106,31.88,1.4948,2.1985,1.45,64.9216,51.9921,6.4169,8.2157,7.2374,0.346,0.346,38698.5742,38443.8067,26138.9667,1233710.5455,1225588.5576,0
1169,600250.SH,20230106,5.59,1.871,3.6568,0.96,,,3.6555,2.1026,1.9177,0.0,,31059.3879,28412.204,14537.4566,173621.9784,158824.2204,0
1170,605358.SH,20230106,43.57,2.1899,2.3499,2.15,49.1256,35.2138,3.7168,11.6062,9.618,0.8529,0.8529,67684.8359,50247.1633,46826.9909,2949028.3002,2189268.905,0
1171,603682.SH,20230106,5.36,2.143,2.143,1.25,20.4136,22.1682,2.2744,2.7869,2.6944,4.1045,4.1045,47250.0,17955.0,17955.0,253260.0,96238.8,0
1172,605289.SH,20230106,22.6,4.569,4.569,0.66,20.8825,47.2863,1.938,3.3279,5.6721,2.1239,2.1239,10833.75,5061.0,5061.0,244842.75,114378.6,0
1173,688298.SH,20230106,77.33,2.5497,2.8182,0.83,2.6404,3.2058,1.406,1.2775,1.2226,,,16800.0,8641.8528,7818.5899,1299144.0,668274.477,0
1174,603505.SH,20230106,39.17,0.7629,1.684,1.01,69.5375,74.6793,13.359,16.3264,16.1849,0.4341,0.4341,43482.6162,43340.547,19634.9785,1703214.0766,1697649.226,0
1175,600573.SH,20230106,10.42,3.5034,7.0177,1.29,83.9462,65.9783,2.1337,4.4757,4.2766,0.3647,0.3647,25000.0,25000.0,12480.5422,260500.0,260500.0,0
1176,300249.SZ,20230106,9.1,6.8461,8.8582,0.84,132.7292,129.7148,5.6266,2.7664,3.3113,0.2183,0.2183,44048.7994,36842.1925,28473.8427,400844.0745,335263.9518,0
1177,000059.SZ,20230106,6.91,1.428,2.6962,1.58,12.3642,12.4863,0.7656,0.2867,0.2246,3.1548,3.1548,159944.2537,159944.2537,84712.3362,1105214.7931,1105214.7931,0
1178,600830.SH,20230106,6.0,2.5453,3.7145,1.22,164.0324,,1.2896,16.923,17.0537,0.1833,0.1833,45432.2747,45432.2747,31131.0133,272593.6482,272593.6482,0
1179,688061.SH,20230106,98.4,2.7024,2.7024,0.79,60.6979,41.3353,2.9369,14.124,11.3401,,,7710.6974,1748.042,1748.042,758732.6242,172007.3328,0
1180,600868.SH,20230106,2.7,0.6871,0.7399,0.94,569.8418,101.5447,2.1423,14.7077,9.5466,0.0741,0.0741,189814.8679,189814.8679,176264.8506,512500.1433,512500.1433,0
1181,605168.SH,20230106,104.0,14.1776,14.3076,2.54,20.8847,19.3021,4.9245,2.9534,2.1102,1.982,1.982,10140.7289,4451.9535,4411.5048,1054635.8056,463003.164,0
1182,920971.BJ,20230106,16.09,0.1779,0.1791,0.64,17.0926,18.1436,2.1379,4.4598,4.3648,,,5762.6668,1498.5932,1488.5932,92721.3088,24112.3646,0
1183,002202.SZ,20230106,11.28,0.7575,1.0107,1.42,13.7864,16.9666,1.3612,0.9424,1.1036,2.2163,2.2163,422506.7647,339359.5067,254336.0936,4765876.3058,3827975.2356,0
1184,600052.SH,20230106,5.33,0.5221,1.0275,0.76,,,1.3923,19.2735,16.3288,0.0,,84419.4741,84419.4741,42892.7744,449955.797,449955.797,0
1185,601577.SH,20230106,6.86,0.3684,0.4461,0.76,4.376,4.1697,0.5183,1.322,1.2278,5.102,5.102,402155.3754,206760.6477,170755.7966,2758785.8752,1418378.0432,0
1186,301035.SZ,20230106,87.78,1.8972,1.8972,1.51,30.4172,14.693,4.017,2.4829,1.6266,0.9458,0.9458,27711.5744,8790.7017,8790.7017,2432522.0008,771647.7952,0
1187,600125.SH,20230106,5.5,1.4993,2.1421,0.79,21.2872,17.9703,1.0686,0.4013,0.5404,1.4545,1.4545,130552.1874,130552.1874,91377.407,718037.0307,718037.0307,0
1188,002535.SZ,20230106,2.49,1.6637,1.9919,0.9,,,4.9449,4.3935,2.4332,0.0,,80168.3074,57089.2553,47682.4649,199619.0854,142152.2457,0
1189,002242.SZ,20230106,17.11,0.7141,2.1762,0.92,17.6014,22.3557,3.962,1.2451,1.2578,8.7281,8.7281,76701.7,76568.5725,25123.7889,1312366.087,1310088.2755,0
1190,603217.SH,20230106,33.49,1.4316,3.8747,1.56,19.363,14.4154,2.4067,2.9754,2.5249,1.493,1.493,20820.64,20564.032,7597.6891,697283.2336,688689.4317,0
1191,600308.SH,20230106,5.18,0.2969,0.4821,0.6,6.9458,11.7423,0.6201,0.3766,0.3666,4.3271,4.3271,108347.8697,108347.8697,66732.3395,561241.965,561241.965,0
1192,300941.SZ,20230106,21.4,5.1041,5.526,1.31,41.325,40.6661,3.6422,10.4234,11.4918,0.7165,0.7165,20475.0,8520.5253,7869.994,438165.0,182339.2414,0
1193,600426.SH,20230106,32.79,0.7095,1.0475,1.45,9.5977,9.7015,2.6635,2.6139,2.2166,2.4388,2.4388,212331.9999,210917.1597,142843.3764,6962366.2767,6915973.6666,0
1194,002942.SZ,20230106,16.66,0.4037,1.1986,0.79,18.8503,18.627,2.1847,2.2355,1.9818,2.9475,2.9475,15600.0,13793.4149,4645.4774,259896.0,229798.2922,0
1195,002040.SZ,20230106,7.11,1.6141,4.9959,0.93,23.5874,22.1907,1.1413,4.3189,4.1959,0.7595,0.7595,48396.68,48396.68,15636.2129,344100.3948,344100.3948,0
1196,688185.SH,20230106,149.71,6.3926,6.3926,1.37,19.3512,349.2137,5.1335,8.6159,19.2814,,,24744.9899,6731.2707,6731.2707,3704572.4379,1007738.5365,0
1197,300006.SZ,20230106,3.9,1.2638,1.5861,0.91,,,1.9243,3.3611,4.1001,0.0,,105591.1205,81215.2773,64713.782,411805.37,316739.5815,0
1198,300694.SZ,20230106,9.61,1.2182,1.912,1.07,,177.011,1.6496,1.4844,1.4119,0.0,,21531.6977,20616.035,13134.607,206919.6149,198120.0964,0
1199,002822.SZ,20230106,4.65,4.2149,6.0089,1.24,31.1944,,0.9706,0.5286,0.6107,0.4295,0.4295,71364.2031,65083.0061,45651.9795,331843.5444,302635.9784,0
1200,688165.SH,20230106,8.18,0.4195,0.8507,1.08,,,2.3756,3.7209,3.3327,,,52178.0,32449.495,15999.4788,426816.04,265436.8691,0
1201,600791.SH,20230106,4.85,2.546,4.656,1.08,381.9697,,1.7192,1.0298,0.9908,0.2062,0.2062,45288.0,45231.3696,24733.0051,219646.8,219372.1426,0
1202,000544.SZ,20230106,6.4,0.3973,1.2703,1.01,12.2634,13.8082,0.9357,1.0159,0.9348,3.9063,3.9063,97468.4488,97468.4488,30482.9341,623798.0723,623798.0723,0
1203,000681.SZ,20230106,12.58,3.732,4.8781,0.57,57.6584,107.0229,2.6051,13.4093,13.3371,0.1749,0.1749,70057.7436,58426.4941,44699.9509,881326.4145,735005.2958,0
1204,603603.SH,20230106,5.29,1.4695,1.7522,1.45,,,,4.4646,11.0776,0.0,,96849.5801,81754.2723,68561.0816,512334.2787,432480.1005,0
1205,600210.SH,20230106,5.18,0.6169,0.8387,0.9,14.2028,14.1449,1.4035,0.8245,0.8264,4.8263,4.8263,151673.6158,151673.6158,111552.7982,785669.3298,785669.3298,0
1206,600137.SH,20230106,14.99,1.4209,3.7916,1.14,72.231,103.4703,2.8131,3.6207,4.1173,1.1341,1.1341,9721.7588,9721.7588,3643.3345,145729.1644,145729.1644,0
1207,300250.SZ,20230106,11.3,1.8668,2.044,0.76,31.5252,48.754,3.514,5.1051,5.316,0.0,,21998.9902,15933.5636,14552.1824,248588.5893,180049.2687,0
1208,600909.SH,20230106,4.63,0.5721,1.0872,0.96,15.2733,15.3899,1.1151,6.2439,6.0053,2.1598,2.1598,469766.2644,469766.2644,247182.1709,2175017.8042,2175017.8042,0
1209,603017.SH,20230106,9.33,0.5566,0.9926,0.74,,,1.9167,1.4352,1.4414,2.6268,2.6268,27590.5778,27590.5778,15470.0056,257420.0909,257420.0909,0
1210,300194.SZ,20230106,3.63,1.9237,2.0772,0.89,,,1.1111,1.7605,1.7915,0.0,,118971.2382,96612.3559,89474.8704,431865.5947,350702.8519,0
1211,300350.SZ,20230106,4.91,1.6603,1.7717,1.27,56.6264,,3.218,5.1128,4.7445,0.0,,56286.3279,46726.4781,43788.5202,276365.87,229427.0075,0
1212,000639.SZ,20230106,4.58,0.7451,1.5626,0.93,26.9334,,1.2512,0.778,0.8097,0.0,,107942.8095,107942.6772,51472.7026,494378.0675,494377.4616,0
1213,300152.SZ,20230106,3.41,1.0001,1.268,0.75,,,4.9433,13.7789,12.9124,0.0,,71280.0,71246.8575,56195.396,243064.8,242951.7841,0
1214,600302.SH,20230106,5.94,3.9654,6.9291,1.01,,,1.9239,1.2207,1.686,0.0,,34600.9804,34600.9804,19801.8356,205529.8236,205529.8236,0
1215,300448.SZ,20230106,4.83,0.65,0.7149,0.75,223.0979,411.1877,2.3015,5.7853,6.6594,0.3106,0.3106,67651.7079,47757.6227,43427.4424,326757.7492,230669.3176,0
1216,000971.SZ,20230106,1.87,0.5024,0.6059,1.86,,,3.2423,2.7273,3.8726,0.0,,104859.0126,84283.1409,69882.7827,196086.3536,157609.4735,0
1217,002383.SZ,20230106,7.16,3.0995,4.1944,1.08,,78.9429,3.2833,2.5152,2.4068,0.0,,74036.0305,57093.247,42190.0893,530097.9784,408787.6485,0
1218,603681.SH,20230106,22.8,0.648,1.2621,0.83,19.3239,16.181,1.7912,1.1348,0.8839,0.8772,0.8772,19112.9871,19112.9871,9813.2451,435776.1059,435776.1059,0
1219,300426.SZ,20230106,7.02,0.8249,1.3588,0.65,152.3514,59.3085,125.0546,6.0269,6.9417,0.0,,40900.46,39694.3418,24097.0469,287121.2292,278654.2794,0
1220,688045.SH,20230106,56.4,3.5394,3.5394,1.09,16.2465,45.2795,2.8632,4.3907,6.1505,,,6904.8939,1531.014,1531.014,389436.016,86349.1896,0
1221,920946.BJ,20230106,9.12,0.2706,1.1951,0.79,29.6575,22.8659,3.6581,6.909,5.86,,,42691.834,42669.334,9662.3083,389349.5261,389144.3261,0
1222,300787.SZ,20230106,29.84,3.0236,6.3206,1.82,24.583,11.9262,3.0045,2.1984,1.7438,1.6756,1.6756,15326.192,8913.952,4264.176,457333.5693,265992.3277,0
1223,002296.SZ,20230106,8.34,4.1686,4.3351,0.75,27.0489,26.2976,1.8585,4.4078,4.326,0.0,,38960.442,34584.1444,33255.7119,324930.0863,288431.7643,0
1224,300406.SZ,20230106,16.94,0.7672,1.0397,0.72,24.59,27.3883,3.3247,6.2368,6.634,0.5896,0.5896,58884.1905,33459.4304,24690.3949,997498.1871,566802.751,0
1225,300625.SZ,20230106,10.71,0.5046,0.6729,0.69,113.7431,,1.4115,1.1068,1.2127,6.5359,6.5359,27991.1,13772.6802,10328.1703,299784.681,147505.4049,0
1226,688448.SH,20230106,24.05,1.9627,1.9627,1.32,28.6789,29.8809,1.878,5.5,5.2416,,,7126.11,1621.2163,1621.2163,171382.9455,38990.252,0
1227,300883.SZ,20230106,6.08,1.1951,1.46,0.74,40.9147,55.9402,1.4635,2.7834,3.0457,0.1645,0.1645,34600.0,23631.585,19343.805,210368.0,143680.0368,0
1228,002102.SZ,20230106,3.05,0.2679,0.3414,0.85,79.4685,16.2105,1.968,0.5936,0.6273,0.0,,263383.629,240346.3424,188630.1615,803320.0685,733056.3443,0
1229,603131.SH,20230106,11.2,0.8174,1.8233,1.22,24.6886,30.8714,2.486,2.7156,3.0781,0.1786,0.1786,31798.4668,31798.4668,14255.1953,356142.8282,356142.8282,0
1230,000975.SZ,20230106,11.3,1.9627,2.654,0.93,24.6415,26.9223,2.9213,3.4708,3.2613,2.2124,2.2124,277672.2265,244619.4295,180902.0891,3137696.1595,2764199.5534,0
1231,002037.SZ,20230106,12.32,6.1898,11.152,1.38,57.4017,,1.7008,0.9889,0.9523,0.349,0.349,48388.3566,48388.3566,26857.6012,596144.5533,596144.5533,0
1232,600289.SH,20230106,2.79,0.1501,0.218,0.59,,,1.1174,4.4825,8.5352,0.0,,63105.2069,56592.2684,38956.2787,176063.5273,157892.4288,0
1233,300395.SZ,20230106,52.69,0.7995,0.958,0.79,72.1651,58.8395,9.273,21.8298,16.6018,0.291,0.291,50692.3266,47447.821,39595.5814,2670978.6886,2500025.6885,0
1234,601607.SH,20230106,18.25,0.6124,1.1949,0.68,13.2484,12.443,1.0194,0.3127,0.2941,2.3004,2.3004,369754.6172,192576.5072,98694.7235,6748021.7639,3514521.2564,0
1235,002458.SZ,20230106,13.04,2.3433,2.76,1.03,455.0423,,4.6781,6.1952,7.1428,0.0,,99290.998,67645.0783,57433.3801,1294754.6139,882091.821,0
1236,600882.SH,20230106,32.87,1.9639,3.2293,0.94,109.8462,109.6294,3.7575,3.7879,3.2855,0.0,,51607.5147,41107.7545,24999.8052,1696339.0082,1351211.8904,0
1237,001283.SZ,20230106,54.19,3.0008,3.0008,1.47,17.0757,19.7741,1.9346,1.3066,1.2029,,,8000.0,2000.0,2000.0,433520.0,108380.0,0
1238,000718.SZ,20230106,3.22,1.565,2.5156,1.49,15.5531,25.1258,1.0617,3.2639,4.1284,2.0599,2.0599,303463.6384,228975.4222,142443.3411,977152.9156,737300.8595,0
1239,002141.SZ,20230106,4.34,0.8322,1.3883,0.55,168.7005,18.9536,4.5403,3.3506,4.0461,0.0,,113465.6519,113465.6519,68014.5872,492440.9292,492440.9292,0
1240,920174.BJ,20230106,7.87,0.1722,0.2462,1.24,7.1681,9.1764,1.2649,1.0261,1.2373,,,9000.8718,5286.5861,3697.5883,70836.8611,41605.4326,0
1241,600500.SH,20230106,6.73,0.4883,1.093,1.2,11.1163,23.0197,1.4038,0.2999,0.2739,0.9144,0.9144,359329.0573,272475.6372,121735.6875,2418284.5556,1833761.0384,0
1242,300542.SZ,20230106,12.01,2.0098,3.8235,0.99,56.6721,55.1519,6.1729,3.3958,2.7377,0.8327,0.8327,30002.8059,24208.3394,12724.7967,360333.6989,290742.1562,0
1243,000423.SZ,20230106,39.78,0.7615,1.1199,0.95,59.0704,39.8993,2.5845,6.7594,6.393,1.634,1.634,65402.1537,65402.1537,44473.469,2601697.6742,2601697.6742,0
1244,300015.SZ,20230106,30.79,0.6339,1.2687,0.97,95.1065,82.545,13.6097,14.7302,13.4276,0.2936,0.2936,717652.5335,580301.5681,289933.0504,22096521.5065,17867485.2818,0
1245,300699.SZ,20230106,72.9,0.5851,0.9433,0.84,49.8267,42.4369,8.07,14.493,14.6188,0.6859,0.6859,51835.0,50972.8536,31620.2596,3778771.5,3715921.0274,0
1246,600460.SH,20230106,32.88,1.9127,3.3973,1.76,30.6778,29.76,6.573,6.472,5.6666,0.3041,0.3041,141607.1845,141607.1845,79725.4849,4656044.2264,4656044.2264,0
1247,002389.SZ,20230106,20.88,1.2132,2.0265,0.81,91.4765,90.0185,2.6795,7.1442,6.1937,0.2874,0.2874,99698.5,92675.9077,55483.4009,2081704.68,1935072.9528,0
1248,688625.SH,20230106,51.22,0.5698,1.1728,1.16,43.4915,37.026,6.7951,11.852,10.1912,,,13333.34,8061.673,3916.673,682933.6748,412918.8911,0
1249,000650.SZ,20230106,6.29,3.264,4.3908,0.79,13.241,14.7556,1.5665,1.784,1.7192,1.5898,1.5898,139993.8234,134231.8959,99781.8948,880561.1492,844318.6252,0
1250,605058.SH,20230106,19.57,2.2076,2.2076,1.6,19.5979,18.5274,1.8473,2.6123,2.5136,1.533,1.533,14292.395,4292.395,4292.395,279702.1702,84002.1702,0
1251,300809.SZ,20230106,19.83,2.4593,3.9165,0.93,65.3031,198.0664,3.5061,12.2129,15.4088,0.6304,0.6304,25217.6,11825.72,7425.72,500065.008,234504.0276,0
1252,002279.SZ,20230106,8.27,45.6485,59.4638,1.73,,,4.8973,2.6434,2.4722,0.0,,86576.8624,78806.4167,60497.2685,715990.652,651729.0661,0
1253,002957.SZ,20230106,15.89,0.7153,2.4113,1.09,186.2667,88.7405,2.4373,3.0201,2.4893,0.214,0.214,41076.217,41075.317,12184.5338,652701.0881,652686.7871,0
1254,301067.SZ,20230106,39.11,1.2894,1.2894,0.73,39.4896,26.3153,2.5113,3.7111,2.9135,2.5569,2.5569,5402.0,2327.4,2327.4,211272.22,91024.614,0
1255,000917.SZ,20230106,5.18,0.65,0.7799,0.85,22.2226,,0.7198,1.692,1.4955,0.3861,0.3861,141755.6338,141729.6852,118115.4872,734294.1831,734159.7693,0
1256,600604.SH,20230106,5.02,0.6882,1.3584,1.03,81.7663,39.7956,1.4413,8.4408,6.1118,0.1394,0.1394,187330.4804,140745.4804,71298.9292,940399.0116,706542.3116,0
1257,688267.SH,20230106,38.54,0.7907,0.7907,0.71,50.8017,65.2073,2.6424,12.1083,12.6674,,,17620.0,3840.282,3840.282,679074.8,148004.4683,0
1258,301150.SZ,20230106,69.05,3.6971,3.6971,1.55,18.2894,17.2794,1.8228,3.1756,2.5139,1.931,1.931,10102.0762,2156.7315,2156.7315,697548.3616,148922.3101,0
1259,600685.SH,20230106,21.3,0.8159,1.9706,1.06,379.2502,310.2758,2.0096,2.5796,2.4826,0.6479,0.6479,141350.6378,82143.5181,34009.7481,3010768.5851,1749656.9355,0
1260,600099.SH,20230106,8.76,1.5361,2.6531,1.15,201.7539,164.9148,3.8341,2.2812,2.3786,0.0,,21912.0,21912.0,12686.308,191949.12,191949.12,0
1261,920819.BJ,20230106,5.36,0.0353,0.0861,1.09,13.6602,5.9562,1.1314,0.8935,0.7489,,,122580.0,120807.0,49543.6846,657028.8,647525.52,0
1262,000983.SZ,20230106,11.0,1.2516,2.7446,0.96,10.8171,4.8516,1.603,0.9951,0.7937,7.2727,7.2727,409656.0,409656.0,186808.0359,4506216.0,4506216.0,0
1263,688338.SH,20230106,33.1,0.6698,0.7437,0.95,27.7558,24.8951,1.8277,11.2646,11.2602,,,8164.8,4898.9677,4412.4812,270254.88,162155.8309,0
1264,002638.SZ,20230106,2.24,2.2673,3.0473,0.87,,,1.2085,3.2127,5.2745,0.0,,150615.6686,99617.4723,74120.9353,337379.0977,223143.138,0
1265,301195.SZ,20230106,76.77,0.9426,0.9426,0.32,45.6619,36.1788,3.248,11.6424,9.3671,0.0,,8768.116,2020.7656,2020.7656,673128.2653,155134.1751,0
1266,002081.SZ,20230106,5.24,0.6853,1.3585,1.27,,,1.1237,0.5483,0.6029,0.0,,265532.3689,263595.3454,132977.8142,1391389.613,1381239.6099,0
1267,300423.SZ,20230106,9.64,0.8583,1.1129,0.93,22.9594,27.4346,1.1137,1.7699,1.8494,0.3637,0.3637,49751.129,31608.4412,24378.772,479600.8836,304705.3732,0
1268,603102.SH,20230106,43.42,17.8582,17.8582,2.03,18.7712,20.3238,1.9981,4.1985,3.908,1.1515,1.1515,6400.0,1600.0,1600.0,277888.0,69472.0,0
1269,300359.SZ,20230106,7.18,13.2196,21.6058,0.75,541.3436,74.097,6.2161,6.2968,6.7722,0.0,,63333.3422,63325.8422,38746.3794,454733.397,454679.547,0
1270,002452.SZ,20230106,6.62,2.963,3.0887,1.97,16.3286,28.5697,1.9325,2.6995,3.3858,1.0574,1.0574,62033.2085,51207.155,49122.254,410659.8403,338991.3661,0
1271,688088.SH,20230106,23.53,0.7875,1.0441,1.28,67.8556,133.2431,3.7328,16.6715,18.4695,,,40600.0,26770.618,20192.6361,955318.0,629912.6415,0
1272,002853.SZ,20230106,22.1,10.3264,13.0691,2.69,,,3.3722,2.2606,2.7722,0.0,,18654.2748,11443.8885,9042.2457,412259.4731,252909.9359,0
1273,002044.SZ,20230106,6.12,1.9214,2.6866,0.56,373.5067,,3.1554,2.6165,2.6426,0.0,,391425.3923,387124.1182,276874.6682,2395523.4009,2369199.6034,0
1274,000151.SZ,20230106,13.11,10.1852,16.923,1.28,554.765,200.2265,5.1889,2.048,1.0854,0.0,,33737.0728,26654.3967,16042.0467,442293.0244,349439.1407,0
1275,603189.SH,20230106,15.37,1.8029,3.4519,0.74,63.1955,73.7712,2.429,11.4368,12.2078,0.6506,0.6506,26954.8349,26954.8349,14078.5504,414295.8124,414295.8124,0
1276,688426.SH,20230106,37.33,2.9209,2.9209,0.74,27.7416,18.9052,1.9791,10.3149,6.9751,,,9352.2973,2004.5402,2004.5402,349121.2582,74829.4857,0
1277,600841.SH,20230106,6.2,0.5422,0.8328,1.34,14.5971,,1.1296,0.4145,0.8917,2.0565,2.0565,163153.5732,50369.1588,32790.941,1011552.1538,312288.7846,0
1278,300968.SZ,20230106,8.34,1.3241,1.5036,1.17,38.6758,28.8664,1.812,2.4222,2.1571,2.3981,2.3981,41338.0,17312.5748,15245.679,344758.92,144386.8738,0
1279,300634.SZ,20230106,16.54,2.708,5.7629,1.16,49.246,35.8421,3.3209,8.2761,5.9573,0.3628,0.3628,44401.11,41991.5785,19731.6501,734394.3594,694540.7084,0
1280,300295.SZ,20230106,9.02,3.8412,4.1119,1.13,63.6904,,1.3066,6.2954,9.5687,0.0,,19082.4714,16588.4124,15496.5878,172123.892,149627.4798,0
1281,688370.SH,20230106,35.95,0.6359,0.6359,0.81,20.2088,20.7057,1.3615,5.7375,5.3419,,,10640.0,2369.1364,2369.1364,382508.0,85170.4536,0
1282,301106.SZ,20230106,28.4,1.5204,1.5204,0.73,26.2387,23.5056,1.86,3.6502,3.2755,1.0563,1.0563,7258.6668,1814.6667,1814.6667,206146.1371,51536.5343,0
1283,300126.SZ,20230106,5.81,0.7516,1.1038,0.97,172.6821,173.7341,1.601,2.8214,3.8574,0.1721,0.1721,30395.76,21066.2529,14344.4497,176599.3656,122394.9293,0
1284,301093.SZ,20230106,27.23,0.9169,1.1872,0.61,16.9752,33.8387,1.5286,4.4672,6.2607,2.5707,2.5707,13466.6667,9643.8821,7448.2299,366697.3342,262602.9096,0
1285,600827.SH,20230106,11.54,0.5574,1.3635,0.79,27.3605,,1.2316,0.5942,0.6193,1.2998,1.2998,178416.8117,160444.992,65589.7364,2058930.007,1851535.2077,0
1286,300718.SZ,20230106,25.1,3.4497,5.8017,1.72,48.2434,45.4546,5.3762,7.5942,7.0654,1.3907,1.3907,29801.0549,18526.7902,11015.8457,748006.478,465022.434,0
1287,600330.SH,20230106,10.97,2.3664,3.0598,1.85,32.6034,18.7545,1.7463,3.3124,3.0658,0.3683,0.3683,123343.4416,99656.573,77072.174,1353077.5544,1093232.6058,0
1288,300378.SZ,20230106,16.33,1.2996,1.6683,0.68,38.8679,46.9478,2.5528,2.4387,2.3018,0.6064,0.6064,26703.423,26646.798,20758.4473,436066.8976,435142.2113,0
1289,000708.SZ,20230106,18.09,0.142,0.8794,1.46,11.4809,12.2811,2.6682,0.9381,0.9257,4.4223,4.4223,504715.4263,504715.4263,81506.1563,9130302.0618,9130302.0618,0
1290,603501.SH,20230106,81.57,1.1663,1.9321,1.51,21.6013,31.1229,4.9804,4.0115,4.567,0.4717,0.4717,118538.2449,117973.1167,71212.6255,9669164.6365,9623067.1292,0
1291,603399.SH,20230106,14.56,2.4914,4.5093,1.18,458.7414,62.7946,3.9014,1.9559,1.5982,0.0,,51865.0649,50805.0649,28069.4122,755155.3449,739721.7449,0
1292,603288.SH,20230106,79.3,0.1139,0.4444,0.98,55.0856,55.4225,14.7771,14.6962,14.0769,0.8713,0.8713,463383.3787,463383.3787,118818.5448,36746301.9309,36746301.9309,0
1293,300158.SZ,20230106,7.18,4.4443,6.3052,0.63,2.8186,3.1811,1.3838,1.4483,1.9209,37.6045,37.6045,102749.466,102405.815,72182.7959,737741.1659,735273.7517,0
1294,688017.SH,20230106,110.0,3.064,3.5498,1.1,98.0221,105.8191,9.7949,41.8273,39.594,,,16858.338,9359.5816,8078.5365,1854417.18,1029553.976,0
1295,002626.SZ,20230106,22.61,4.6459,10.3186,1.97,17.4818,29.2003,3.3967,3.8136,4.2875,2.6537,2.6537,60993.4771,60984.4771,27457.7446,1379062.5172,1378859.0272,1
1296,600816.SH,20230106,3.83,0.2577,0.4584,0.66,,,,,,0.0,,546913.7919,526429.052,295929.052,2094679.823,2016223.2692,0
1297,688670.SH,20230106,44.24,1.9894,1.9894,0.69,47.2121,102.4487,2.6428,9.9245,14.7595,,,8800.0,3064.5418,3064.5418,389312.0,135575.3292,0
1298,301179.SZ,20230106,43.88,12.067,12.067,2.39,31.1456,24.0528,2.8042,8.2351,7.3745,1.0711,1.0711,13200.0,3300.0,3300.0,579216.0,144804.0,0
1299,002909.SZ,20230106,9.35,5.0601,8.9346,0.78,68.7569,109.6478,4.321,2.0801,2.2426,0.5277,0.5277,37275.2452,36154.6154,20476.0189,348523.5426,338045.654,0
1300,002043.SZ,20230106,12.96,17.7317,30.1245,3.52,14.0751,17.3454,4.3916,1.0626,1.1149,3.6265,3.6265,77284.1781,69336.1311,40812.2117,1001602.9482,898596.2591,0
1301,000833.SZ,20230106,6.95,1.4377,1.7593,0.91,17.8821,14.9874,1.3899,1.5186,1.4008,1.9568,1.9568,66840.1851,37808.5022,30896.5315,464539.2864,262769.0903,0
1302,600833.SH,20230106,11.05,2.6882,4.883,0.78,49.8816,28.0163,2.9115,1.7629,1.1304,0.6335,0.6335,22308.6347,22308.6347,12281.1613,246510.4134,246510.4134,0
1303,603680.SH,20230106,8.07,0.0678,0.5552,0.92,18.3513,25.8285,1.3246,1.6669,1.7907,1.8587,1.8587,78371.8767,78371.8767,9575.8767,632461.045,632461.045,0
1304,002188.SZ,20230106,7.52,11.0303,14.6901,0.98,14.7235,11.5528,22.0272,8.0303,6.7356,0.0,,29253.8575,24088.3257,18087.0255,219989.0084,181144.2093,0
1305,000778.SZ,20230106,3.69,0.4287,0.7046,0.94,7.3371,10.0143,0.6035,0.2762,0.2961,4.0622,4.0622,399005.8776,389621.2554,237091.8815,1472331.6883,1437702.4324,0
1306,300593.SZ,20230106,42.27,1.1931,1.2778,0.86,63.9092,47.9864,5.8711,11.8366,9.6847,0.1597,0.1597,41379.6402,30449.609,28431.1877,1749117.3913,1287104.9724,0
1307,603530.SH,20230106,17.15,4.2862,25.6392,1.17,73.7118,120.8602,4.7336,10.1389,9.3869,0.5831,0.5831,43226.3327,43226.3327,7226.3327,741331.6058,741331.6058,0
1308,688357.SH,20230106,110.33,0.7714,1.2703,0.49,23.8161,31.2251,4.4471,7.4735,7.3786,,,5944.9847,5944.9847,3609.9847,655910.162,655910.162,0
1309,301389.SZ,20230106,19.21,4.0933,4.0933,1.0,27.5502,29.9558,2.3746,12.7143,13.0473,,,28350.0,6722.3489,6722.3489,544603.5,129136.3224,0
1310,000009.SZ,20230106,12.28,1.0584,1.6907,1.47,30.584,44.0777,3.6824,1.8044,1.1366,0.285,0.285,257921.3965,255143.0324,159723.0947,3167274.749,3133156.4379,0
1311,002848.SZ,20230106,9.73,3.7872,5.9934,1.72,,,6.3494,2.82,3.9561,0.0,,16715.0,16077.6244,10159.4344,162636.95,156435.2854,0
1312,002221.SZ,20230106,8.5,2.4482,4.0661,4.92,11.7525,39.3908,1.304,0.5081,0.4975,2.5529,2.5529,157612.7767,145842.2913,87810.6886,1339708.602,1239659.4761,0
1313,603322.SH,20230106,17.91,1.5014,2.0612,0.93,,,11.6308,1.9039,1.7264,0.0,,15771.9,15568.5,11340.0,282474.729,278831.835,0
1314,688113.SH,20230106,43.07,0.1604,0.2212,0.48,35.8587,30.1268,3.6809,8.095,7.9507,,,6370.0,4028.3,2921.7,274355.9,173498.881,0
1315,300765.SZ,20230106,16.16,0.6996,2.7982,0.74,31.5445,18.6867,2.4191,6.9846,5.1758,0.8188,0.8188,61892.6162,54600.0,13650.0,1000184.6778,882336.0,0
1316,301010.SZ,20230106,18.23,1.8239,2.5927,1.19,29.3415,30.4955,2.5175,2.154,2.2352,1.0971,1.0971,10800.0,5066.172,3564.0,196884.0,92356.3156,0
1317,688205.SH,20230106,50.33,0.6483,0.6483,0.66,38.7215,42.9901,2.6289,6.6969,6.6263,,,9728.0,2236.0408,2236.0408,489610.24,112539.9335,0
1318,300375.SZ,20230106,3.66,1.1089,1.3458,1.2,38.9958,43.4449,1.2695,1.4685,1.4368,1.3661,1.3661,66479.4403,50511.8225,41621.9266,243314.7515,184873.2704,0
1319,002316.SZ,20230106,3.73,1.677,1.8273,0.62,,,,0.75,1.0486,0.0,,39312.0,29173.9815,26774.9009,146633.76,108818.951,0
1320,603305.SH,20230106,35.46,2.0097,5.7366,1.77,57.2013,41.7143,4.3817,7.8181,5.5279,0.227,0.227,66658.2095,66658.2095,23352.4929,2363700.1089,2363700.1089,0
1321,001230.SZ,20230106,26.55,3.5887,3.5887,1.12,16.7064,20.7399,1.8755,2.16,2.2654,0.0,,11139.3348,2784.8337,2784.8337,295749.3389,73937.3347,0
1322,600737.SH,20230106,6.96,0.5687,1.1542,0.77,28.6539,28.3129,1.3989,0.5917,0.5619,1.5805,1.5805,213884.8228,213884.8228,105381.5155,1488638.3667,1488638.3667,0
1323,688390.SH,20230106,355.0,4.5797,4.9733,2.23,156.4598,128.8041,23.4685,16.3309,11.2866,,,12320.0,8073.8,7434.7812,4373600.0,2866199.0,0
1324,300394.SZ,20230106,26.46,1.4549,2.7247,1.58,33.9184,28.0443,4.1898,10.0663,8.9891,1.5024,1.5024,39275.6513,35643.3691,19032.5139,1039233.7334,943123.5464,0
1325,920682.BJ,20230106,5.19,0.1385,0.1385,1.11,13.163,10.5372,1.1181,0.4016,0.4056,,,20800.0,7993.31,7993.31,107952.0,41485.2789,0
1326,688302.SH,20230106,40.66,2.5111,2.5111,0.55,,,2.4597,,952.5441,,,9901.5598,2376.96,2376.96,402597.4215,96647.1936,0
1327,300564.SZ,20230106,11.92,0.6413,1.2924,0.99,11.4421,11.3962,1.5074,1.9118,2.016,3.146,3.146,16459.2,10882.0,5400.0,196193.664,129713.44,0
1328,601009.SH,20230106,10.76,0.2775,0.5449,1.04,7.019,6.0213,0.9083,2.7196,2.4295,4.2744,4.2744,1034371.8208,881890.9159,449123.1871,11129840.7918,9489146.2551,0
1329,603300.SH,20230106,6.4,1.1188,1.2911,1.17,17.8282,14.7753,1.7772,3.4067,2.8307,1.2897,1.2897,138760.9407,126257.2307,109407.8947,888070.0205,808046.2765,0
1330,002195.SZ,20230106,2.08,1.1084,1.2287,1.04,29.9679,29.6525,1.2509,12.7709,16.8037,0.9394,0.9394,572484.7663,565556.8155,510164.3721,1190768.3139,1176358.1762,0
1331,002573.SZ,20230106,5.6,0.4976,0.9105,1.14,14.1374,13.6209,1.252,1.1676,0.9316,1.7474,1.7474,143448.6079,107916.5388,58980.2818,803312.2042,604332.6173,0
1332,002374.SZ,20230106,5.49,11.2471,13.7295,1.1,,,2.8991,8.7502,7.237,0.0,,108795.3783,106648.3393,87365.9614,597286.6269,585499.3828,0
1333,300792.SZ,20230106,28.45,2.3698,4.6905,1.12,20.7704,25.1263,2.5053,5.9797,4.776,0.8747,0.8747,23857.1459,20170.9115,10191.2085,678735.8009,573862.4322,0
1334,688155.SH,20230106,55.39,1.6822,2.0135,1.17,60.6177,,3.5337,3.8541,2.8412,,,7667.6136,3325.57,2778.4105,424709.1173,184203.3223,0
1335,603332.SH,20230106,10.95,0.5845,1.4616,0.81,49.3576,,1.427,1.7006,1.6319,1.9569,1.9569,16651.32,16651.32,6658.938,182331.954,182331.954,0
1336,002645.SZ,20230106,16.07,1.33,2.4246,2.33,17.578,17.2126,2.4108,1.38,1.1104,0.6224,0.6224,58195.1198,47461.8723,26035.1049,935195.5752,762712.2879,0
1337,300527.SZ,20230106,6.79,0.4379,1.0658,0.9,96.922,115.1295,2.4617,3.8509,4.297,0.3095,0.3095,96323.5752,96323.5752,39578.3859,654037.0756,654037.0756,0
1338,000717.SZ,20230106,2.78,0.8049,1.711,1.39,3.5057,,0.6865,0.1482,0.1714,7.1939,7.1939,242384.319,242352.144,114000.855,673828.4068,673738.9603,0
1339,688793.SH,20230106,51.75,4.9572,5.8215,1.34,34.7246,,5.7118,2.6816,3.1113,,,6164.0,2315.0343,1971.3557,318987.0,119803.025,0
1340,300908.SZ,20230106,35.2,5.9412,6.1191,1.43,29.6828,30.7653,2.2248,4.3659,4.1227,1.4205,1.4205,10000.0,3868.875,3756.375,352000.0,136184.4,0
1341,601089.SH,20230106,15.84,2.1145,2.1145,1.02,23.9003,19.5551,2.4773,2.6793,2.4061,0.0,,48000.0,12000.0,12000.0,760320.0,190080.0,0
1342,002168.SZ,20230106,3.94,2.6316,3.1635,0.5,,,183.032,9.5443,12.3524,0.0,,79916.9568,79415.7693,66063.2618,314872.8098,312898.131,0
1343,300230.SZ,20230106,3.91,1.4201,1.6436,1.46,15.9018,12.9518,1.2263,0.9932,1.5024,0.0,,81620.6041,63281.5099,54673.7886,319136.562,247430.7037,0
1344,000782.SZ,20230106,4.33,1.1421,1.5825,1.09,40.6451,211.3338,1.5526,0.6888,0.7148,0.6928,0.6928,52813.9623,52813.9623,38114.8499,228684.4568,228684.4568,0
1345,600055.SH,20230106,19.66,0.631,0.8898,1.14,75.4514,83.2631,3.0524,11.9551,12.7027,0.5086,0.5086,70306.1058,54081.6199,38348.1077,1382218.04,1063244.6472,0
1346,001322.SZ,20230106,18.15,17.0735,17.0735,3.1,30.3663,25.9516,3.8434,2.093,2.1843,,,96561.28,9660.9517,9660.9517,1752587.232,175346.2734,0
1347,002669.SZ,20230106,13.7,3.9138,5.228,2.4,190.2181,,1.4237,1.8419,1.6872,0.0,,30540.2973,25099.1271,18789.6071,418402.073,343858.0413,0
1348,002510.SZ,20230106,4.0,1.3027,1.5766,1.3,,,1.9191,2.0045,1.5776,0.0,,94164.529,93134.8728,76956.9536,376658.116,372539.4912,0
1349,002041.SZ,20230106,19.87,0.9776,2.4773,1.16,75.1104,76.5745,5.513,15.8855,15.1785,0.1812,0.1812,88000.0,88000.0,34726.398,1748560.0,1748560.0,0
1350,002370.SZ,20230106,4.98,2.4522,2.991,0.65,,,18.0123,8.4812,8.0733,0.0,,53668.6959,53668.6959,44001.1393,267270.1056,267270.1056,0
1351,603339.SH,20230106,12.72,0.6315,1.1309,0.86,23.3226,14.2562,1.864,2.3856,1.9677,1.0692,1.0692,30944.1175,30944.1175,17277.9339,393609.1746,393609.1746,0
1352,603508.SH,20230106,18.66,2.8202,6.7879,1.51,18.4557,22.4002,1.6957,6.6835,7.2362,3.2474,3.2474,38127.4377,38127.4377,15841.1596,711457.9875,711457.9875,0
1353,000878.SZ,20230106,11.68,0.7679,1.2287,1.01,36.0507,14.5437,1.7827,0.1842,0.1771,1.4526,1.4526,200362.831,169958.9216,106211.9498,2340237.8661,1985120.2043,0
1354,920768.BJ,20230106,5.4,0.0761,0.1221,0.76,9.2076,20.5489,0.8476,0.4233,0.5145,,,11097.0,7682.847,4791.6093,59923.8,41487.3738,0
1355,000888.SZ,20230106,8.8,10.2804,17.0199,1.15,256.3974,,1.9914,7.3751,9.6836,0.6818,0.6818,52691.3102,52691.3102,31826.6608,463683.5298,463683.5298,0
1356,600725.SH,20230106,3.15,0.372,0.5328,1.03,241.9195,188.3194,11.021,2.2877,3.3898,0.0,,123247.0,123247.0,86041.7573,388228.05,388228.05,0
1357,002616.SZ,20230106,4.88,0.7922,1.3848,1.06,,,1.5968,1.3657,1.1116,0.0,,74195.2074,47021.5974,26897.6074,362072.6121,229465.3953,0
1358,002875.SZ,20230106,25.8,20.3205,24.8749,0.66,,,5.4346,4.6278,5.2462,0.0,,21264.8252,12247.627,10005.1958,548632.4902,315988.7766,0
1359,300034.SZ,20230106,45.62,0.5758,1.0264,0.85,72.7819,82.6199,7.3386,11.0701,8.9546,0.3288,0.3288,48595.7096,45293.0118,25409.7542,2216936.272,2066267.1983,0
1360,688636.SH,20230106,113.01,1.2821,1.7025,0.71,51.1758,64.9765,5.9598,12.698,10.9826,,,5049.832,2935.98,2211.0342,570681.5143,331795.0998,0
1361,000620.SZ,20230106,3.52,13.9775,33.8021,0.74,,,5.6838,0.7764,0.8466,0.0,,189669.042,189662.4195,78427.1608,667635.0278,667611.7166,0
1362,300130.SZ,20230106,12.57,2.1766,2.5992,0.84,31.611,18.0671,2.0804,1.7563,1.4658,0.0,,50464.017,37074.0241,31046.6399,634332.6937,466020.4829,0
1363,600851.SH,20230106,5.98,1.0011,1.5549,0.62,54.6453,47.1997,1.8856,4.7763,4.928,0.5853,0.5853,120705.6692,73820.611,47530.7099,721819.9018,441447.2538,0
1364,920239.BJ,20230106,23.85,0.2731,0.2731,1.16,12.266,16.3041,2.9832,1.0099,0.9406,,,13005.3003,4941.1831,4941.1831,310176.4122,117847.2169,0
1365,301236.SZ,20230106,38.82,4.3178,4.3178,0.9,26.1036,27.3567,2.6056,1.4836,1.3095,1.288,1.288,63529.4118,8197.965,8197.965,2466211.7661,318245.0013,0
1366,600726.SH,20230106,2.76,0.2451,0.5755,0.82,,,2.8597,1.8851,1.8912,0.0,,669466.6527,153467.5151,65354.8686,1847727.9615,423570.3417,0
1367,600933.SH,20230106,19.77,2.3688,6.5444,1.98,56.3521,39.8353,3.4575,5.4472,4.5003,0.9887,0.9887,88325.86,88325.86,31970.1993,1746202.2522,1746202.2522,0
1368,603767.SH,20230106,7.41,0.5552,1.6488,1.11,35.789,38.015,1.5604,2.0335,2.1265,4.0293,4.0293,30744.5,30744.5,10353.5,227816.745,227816.745,0
1369,300940.SZ,20230106,18.94,2.6576,2.6576,0.87,85.8582,,4.2293,3.8286,4.9436,0.4987,0.4987,19057.2083,7577.5379,7577.5379,360943.5252,143518.5678,0
1370,601778.SH,20230106,6.06,7.8864,9.8689,1.41,48.5852,57.467,1.4552,4.7728,5.1296,0.2058,0.2058,289437.5577,204097.5577,163097.3977,1753991.5997,1236831.1997,0
1371,688317.SH,20230106,33.8,1.7746,1.7746,0.82,8.6761,8.3928,1.6153,3.2598,2.7181,,,19470.435,12227.2508,12227.2508,658100.703,413281.077,0
1372,600378.SH,20230106,41.5,0.1031,0.3496,0.39,42.4317,37.5457,4.9156,5.0949,4.3804,0.7072,0.7072,91147.3807,90328.6881,26628.4648,3782616.2991,3748640.5562,0
1373,603697.SH,20230106,11.69,1.3714,4.8411,1.2,16.4062,25.3703,1.9877,2.9571,3.5006,5.5696,5.5696,30852.9015,30549.4356,8653.9678,360670.4185,357122.9022,0
1374,301270.SZ,20230106,31.93,4.7732,4.7732,0.74,47.0247,46.3743,2.9584,14.5299,14.206,,,10000.0,1905.7042,1905.7042,319300.0,60849.1351,0
1375,002118.SZ,20230106,2.28,4.2262,4.8669,2.35,,,1.3309,11.8324,20.2057,0.0,,128075.9826,128065.1764,111205.3276,292013.2403,291988.6022,0
1376,601900.SH,20230106,8.25,0.4088,0.9026,1.02,9.1435,11.3057,1.0667,0.9727,0.8872,3.9379,3.9379,89587.6566,89587.6566,40574.0187,739098.167,739098.167,0
1377,600906.SH,20230106,7.77,2.1444,2.2836,1.15,37.053,49.5602,2.2494,9.9884,12.6344,1.287,1.287,324500.0,131245.44,123245.44,2521365.0,1019777.0688,0
1378,000058.SZ,20230106,7.48,3.0712,10.4816,0.65,198.5522,758.661,4.7517,4.617,4.8734,0.1337,0.1337,123120.0672,98468.3779,28852.0597,920938.1027,736543.4667,0
1379,600522.SH,20230106,16.48,2.5273,3.2687,0.89,326.8321,26.1057,1.9446,1.2184,1.4586,0.6068,0.6068,341294.9652,341294.9652,263883.1769,5624541.0265,5624541.0265,0
1380,000589.SZ,20230106,4.92,1.0444,1.4547,1.18,15.2697,14.9246,0.9075,0.7692,0.6888,1.6937,1.6937,114750.7235,112967.6435,81108.541,564573.5596,555800.806,0
1381,603396.SH,20230106,87.7,6.549,13.1896,2.39,167.5343,273.2456,7.0745,6.3289,5.0786,0.1826,0.1826,11616.8002,11599.9882,5759.689,1018793.3775,1017318.9651,0
1382,688392.SH,20230106,151.0,4.1409,4.1409,1.18,178.7974,115.3412,7.1735,33.4077,25.3454,,,8200.0,1744.7348,1744.7348,1238200.0,263454.9548,0
1383,000676.SZ,20230106,5.43,1.0741,1.582,0.84,51.9242,271.1121,1.6828,1.2199,2.159,0.0,,127650.6972,126207.4702,85691.131,693143.2858,685306.5632,0
1384,300989.SZ,20230106,18.76,1.8188,1.8188,0.8,19.7088,24.5353,2.0031,3.8551,4.2041,0.6219,0.6219,10800.0,2700.0,2700.0,202608.0,50652.0,0
1385,300819.SZ,20230106,14.32,5.0222,5.0222,1.3,69.6648,46.8394,2.597,4.4482,3.4555,1.3966,1.3966,14920.5,4420.5,4420.5,213661.56,63301.56,0
1386,300309.SZ,20230106,0.84,23.7652,28.2491,4.23,,,,10.2539,11.9086,0.0,,88612.3765,83741.6718,70449.8153,74434.3963,70343.0043,0
1387,688505.SH,20230106,8.62,0.6232,0.6232,0.97,41.5854,67.4496,4.0022,7.7785,7.6567,,,102900.0,26864.2098,26864.2098,886998.0,231569.4885,0
1388,605158.SH,20230106,6.59,1.035,1.0979,0.87,22.789,24.9351,1.5698,0.3962,0.3958,1.5175,1.5175,51142.0,14431.3,13604.5,337025.78,95102.267,0
1389,688193.SH,20230106,47.48,1.8187,1.8187,1.66,29.3908,51.1189,1.9655,6.4973,6.1494,,,4000.0,854.127,854.127,189920.0,40553.95,0
1390,300612.SZ,20230106,18.73,7.2549,9.9708,0.82,304.4133,44.9474,8.7991,3.2469,2.9418,0.0,,15903.9975,15903.9975,11571.99,297881.8732,297881.8732,0
1391,300235.SZ,20230106,10.97,3.2123,4.1725,0.8,80.5073,73.2499,2.6797,16.5138,17.7201,0.1823,0.1823,16783.109,13427.7762,10337.7309,184110.7057,147302.7049,0
1392,600360.SH,20230106,6.75,0.8527,1.0977,1.1,56.0206,71.279,2.0117,2.933,3.0219,0.5481,0.5481,96029.5304,96029.5304,74596.8648,648199.3302,648199.3302,0
1393,300161.SZ,20230106,25.75,3.1507,4.4085,0.86,163.8368,759.6715,3.2462,3.1316,3.262,0.0777,0.0777,19869.6906,16860.7095,12050.0387,511644.533,434163.2696,0
1394,300779.SZ,20230106,31.81,5.3623,7.1335,1.15,277.1793,,4.6771,11.4371,10.5803,0.1535,0.1535,10242.0937,8962.575,6737.2137,325801.0006,285099.5108,0
1395,300434.SZ,20230106,12.74,3.683,6.2511,0.74,76.9879,55.3055,2.3668,4.8583,4.9546,0.0,,40174.3872,33202.7121,19562.3654,511821.6929,423002.5522,0
1396,000695.SZ,20230106,14.97,3.0379,4.0532,2.0,,,13.4023,6.7645,7.4897,0.0,,22214.7539,22172.1339,16618.4454,332554.8659,331916.8445,0
1397,000905.SZ,20230106,7.26,0.8815,1.9645,1.08,22.4883,22.1108,1.1203,0.2284,0.2132,0.6385,0.6385,74180.9597,53099.85,23828.25,538553.7674,385504.911,0
1398,301278.SZ,20230106,117.4,9.3517,9.3517,1.47,115.8595,72.5383,7.7052,10.2105,7.418,0.0,,6400.0,1600.0,1600.0,751360.0,187840.0,0
1399,920725.BJ,20230106,17.95,1.8561,1.8561,1.68,29.579,21.5694,2.8927,7.5537,4.2924,,,9230.0,2200.4,2200.4,165678.5,39497.18,0
1400,000573.SZ,20230106,4.12,7.9465,9.9483,0.8,18.701,49.0305,1.5842,2.1702,2.5981,2.4272,2.4272,63828.0604,63293.0025,50557.0318,262971.6088,260767.1703,0
1401,300521.SZ,20230106,10.93,1.6031,2.9368,0.96,314.1695,196.4419,3.0815,10.2603,10.7878,0.0,,14400.0,14399.9055,7860.5392,157392.0,157390.9671,0
1402,600639.SH,20230106,11.19,0.5593,1.6056,1.27,7.7386,6.0255,1.0345,2.7202,1.9705,4.4683,4.4683,112241.2893,85023.6703,29615.5246,1255980.0273,951414.8707,0
1403,301149.SZ,20230106,11.05,1.7424,1.7424,1.6,24.4909,36.1152,2.959,1.1114,1.2958,0.905,0.905,43000.0018,18516.1417,18516.1417,475150.0199,204603.3658,0
1404,600835.SH,20230106,11.48,0.2842,0.7266,1.1,14.4787,18.301,0.9184,0.475,0.5014,2.5261,2.5261,102273.9308,80650.43,31543.0714,1174104.7256,925866.9364,0
1405,000973.SZ,20230106,4.49,0.5709,0.7793,1.0,35.6274,36.9544,1.7078,1.7677,1.6736,0.8463,0.8463,96742.3171,96739.9968,70863.9456,434373.0038,434362.5856,0
1406,000501.SZ,20230106,10.6,1.7541,3.0778,1.07,10.8334,15.2035,0.747,1.1438,1.2162,1.5094,1.5094,76899.2731,76807.3142,43772.9079,815132.2949,814157.5305,0
1407,000822.SZ,20230106,8.11,2.2481,3.768,1.56,12.0046,5.9007,1.773,1.2407,0.7984,0.6165,0.6165,89509.1926,89509.1926,53404.3048,725919.552,725919.552,0
1408,688588.SH,20230106,11.12,1.8883,3.1281,1.06,30.468,36.3646,3.5024,6.8153,6.7883,,,40001.0003,25390.126,15326.9349,444811.1233,282338.2011,0
1409,300812.SZ,20230106,19.22,16.5374,16.5778,0.88,38.3265,57.1945,3.1346,5.5539,4.2542,0.5192,0.5192,13982.1029,5901.9899,5887.5899,268736.0177,113436.2459,0
1410,301205.SZ,20230106,39.38,3.273,3.273,0.98,26.804,22.6675,2.0489,4.0642,3.4182,,,7208.0,1802.0,1802.0,283851.04,70962.76,0
1411,002433.SZ,20230106,4.59,1.052,1.3434,0.7,,,0.8195,1.5544,2.3212,0.0,,76677.32,74438.5625,58293.3993,351948.8988,341673.0019,0
1412,600386.SH,20230106,4.11,1.1924,2.6499,1.38,24.968,49.2845,1.8455,0.7692,0.8795,1.9465,1.9465,80640.0,80640.0,36288.0,331430.4,331430.4,0
1413,605116.SH,20230106,24.63,1.5051,1.5051,0.47,59.2991,45.1486,5.8848,12.4534,10.1752,0.5211,0.5211,40619.5,7733.12,7733.12,1000458.285,190466.7456,0
1414,002651.SZ,20230106,6.68,0.7424,1.4206,0.93,34.5352,42.4775,2.7473,7.1991,8.4176,0.4491,0.4491,103346.0,56227.1641,29385.305,690351.28,375597.4562,0
1415,300971.SZ,20230106,20.59,1.102,1.2972,1.08,20.1643,33.1569,1.9046,4.4066,4.3493,1.9427,1.9427,8400.0,5538.0,4704.6,172956.0,114027.42,0
1416,600622.SH,20230106,3.26,1.7197,3.1995,0.89,13.3833,19.285,0.6928,1.194,0.7832,2.2699,2.2699,149968.5402,149968.5402,80605.9747,488897.4411,488897.4411,0
1417,603588.SH,20230106,9.89,0.2979,0.3832,0.81,20.7743,20.2463,1.7123,1.9277,1.7684,0.4943,0.4943,152551.8882,124834.4816,97034.4366,1508738.1743,1234613.023,0
1418,002432.SZ,20230106,51.2,3.678,4.8967,1.05,27.1399,1.4584,1.2411,10.2876,0.9414,1.2874,1.2874,48165.0022,48145.0022,36163.2517,2466048.1126,2465024.1126,0
1419,688050.SH,20230106,234.79,0.7382,0.821,0.73,144.1218,107.3552,13.3595,57.0217,44.9407,,,10517.6712,6965.674,6262.9689,2469444.021,1635470.5985,0
1420,300592.SZ,20230106,15.7,3.091,3.5549,0.98,,62.1742,2.0918,2.1881,1.1169,0.0,,28917.5621,15747.023,13692.0073,454005.725,247228.2611,0
1421,600684.SH,20230106,3.99,1.8254,2.8352,0.72,51.7639,,5.029,0.944,1.6445,0.0,,85346.0723,85346.0723,54948.1812,340530.8285,340530.8285,0
1422,920378.BJ,20230106,3.17,0.2075,0.2075,0.67,14.4671,18.8321,1.2679,1.604,1.693,,,14320.6,6008.8147,6008.8147,45396.302,19047.9426,0
1423,002815.SZ,20230106,10.18,1.4814,2.2065,1.56,16.3391,15.3377,1.9016,1.5094,1.5079,2.9995,2.9995,88897.7116,43242.3331,29033.0151,904978.7041,440206.951,0
1424,688068.SH,20230106,60.54,2.6414,4.2637,1.04,2.5496,3.0773,1.5744,1.0379,1.216,,,9205.0585,9205.0585,5702.5912,557274.2416,557274.2416,0
1425,002862.SZ,20230106,16.79,14.5244,23.46,2.28,,,3.8796,5.5141,5.6526,0.0,,12000.0,9017.7083,5582.9761,201480.0,151407.3224,0
1426,300408.SZ,20230106,30.15,0.5967,0.9265,0.77,28.7359,37.3591,3.4388,9.2927,10.3453,1.0614,1.0614,191649.7371,185040.918,119165.3324,5778239.5736,5578983.6777,0
1427,600819.SH,20230106,4.73,0.3745,1.1664,1.17,41.4371,,1.2663,0.9512,0.9385,0.74,0.74,93491.6069,74741.6067,24001.0914,442215.3006,353527.7997,0
1428,300580.SZ,20230106,19.2,0.6688,2.0582,0.95,19.5234,20.0289,1.9936,3.6329,3.5734,0.9375,0.9375,20001.6457,18653.3332,6061.6457,384031.5974,358143.9974,0
1429,603086.SH,20230106,13.59,1.1093,1.9442,0.85,23.7976,10.0899,1.9931,1.9165,1.3349,1.3141,1.3141,31061.296,30930.368,17647.334,422123.0126,420343.7011,0
1430,300103.SZ,20230106,6.12,0.4509,0.8107,0.74,72.2325,,2.4624,1.9287,2.9966,0.0,,31760.1,24542.3476,13648.9702,194371.812,150199.1673,0
1431,603982.SH,20230106,21.35,5.584,5.584,1.98,46.2198,,1.9973,3.4881,3.4222,0.2643,0.2643,26383.7041,8213.3602,8213.3602,563292.0825,175355.2403,0
1432,603022.SH,20230106,9.11,0.3941,0.9068,0.66,88.494,62.8899,2.5325,2.501,2.4232,0.0,,20000.0,20000.0,8690.75,182200.0,182200.0,0
1433,300009.SZ,20230106,10.34,1.674,1.8963,1.35,83.7319,46.5665,5.386,7.9776,7.4318,1.8931,1.8931,167325.7958,117189.7981,103453.0948,1730148.7286,1211742.5124,0
1434,603079.SH,20230106,12.85,0.4439,0.9878,0.85,29.0375,38.0726,1.6386,2.7855,2.949,1.0895,1.0895,17118.8958,17118.8958,7692.9742,219977.811,219977.811,0
1435,300681.SZ,20230106,42.32,3.341,4.0006,1.99,151.2892,113.593,4.164,7.2622,3.7341,0.0649,0.0649,16745.0304,9482.7585,7919.4575,708649.6865,401310.3397,0
1436,002560.SZ,20230106,7.07,2.802,3.5065,1.0,153.0897,58.6587,1.5235,1.5873,0.8065,0.0,,52861.967,45007.6902,35965.2509,373734.1067,318204.3697,0
1437,300299.SZ,20230106,5.16,0.9244,1.226,0.71,47.5309,93.2434,6.481,6.3029,8.15,0.0,,69122.9485,64740.0182,48815.6425,356674.4143,334058.4939,0
1438,002879.SZ,20230106,14.52,0.9637,1.1148,1.0,19.9737,54.0074,1.6851,2.6508,2.8221,1.4838,1.4838,19310.764,13552.0182,11714.8333,280392.2933,196775.3043,0
1439,920267.BJ,20230106,9.13,0.0267,0.0267,0.2,12.8654,18.5046,1.8071,0.6153,0.6722,,,4998.2941,2021.2293,2021.2293,45634.4251,18453.8235,0
1440,300399.SZ,20230106,10.54,0.7244,1.4116,0.73,308.0384,262.0003,4.3926,4.0966,3.9653,0.0949,0.0949,19760.0,19465.5168,9989.4591,208270.4,205166.5471,0
1441,688201.SH,20230106,60.42,1.3917,1.3917,0.54,54.031,52.3699,8.0354,15.8741,14.413,,,13782.9078,6117.4132,6117.4132,832763.2893,369614.1055,0
1442,603387.SH,20230106,12.57,1.1641,2.0926,0.86,15.9776,10.2643,2.5927,4.548,3.4334,1.932,1.932,50715.3517,50715.3517,28212.062,637491.9709,637491.9709,0
1443,300767.SZ,20230106,48.64,0.5886,0.8449,0.95,137.4857,136.9174,7.9801,17.9393,13.9247,0.1513,0.1513,24722.7929,20438.2415,14237.0963,1202516.6467,994116.0666,0
1444,300758.SZ,20230106,12.3,2.7663,4.4705,1.5,28.0373,94.9742,3.0963,3.7463,3.7573,1.5986,1.5986,41023.737,31627.4532,19570.5024,504591.9651,389017.6744,0
1445,000528.SZ,20230106,5.99,0.3781,0.3781,0.81,11.7657,16.9181,0.7449,0.408,0.4042,2.6711,2.6711,195501.9991,95889.5183,95889.5183,1171056.9746,574378.2146,0
1446,300133.SZ,20230106,5.26,2.6086,3.4729,0.97,24.9745,26.4971,1.4856,2.6267,3.8951,0.4148,0.4148,190107.3701,161850.3861,121570.5155,999964.7667,851333.0309,0
1447,300956.SZ,20230106,15.47,9.8392,9.8392,8.26,32.1472,62.7913,1.8609,1.2086,1.2706,0.6464,0.6464,13200.0,5700.3982,5700.3982,204204.0,88185.1602,0
1448,600348.SH,20230106,14.6,1.3697,3.0767,1.18,9.9365,5.662,1.4798,0.9239,0.9655,3.4247,3.4247,240500.0,240500.0,107066.4122,3511300.0,3511300.0,0
1449,002471.SZ,20230106,2.7,1.2445,1.5287,0.95,124.9749,111.8867,2.5297,0.5823,0.5802,0.0,,126800.0,126618.9719,103078.334,342360.0,341871.2241,0
1450,300193.SZ,20230106,7.48,0.4403,0.5979,1.13,18.1809,22.8142,1.7324,2.9174,3.2206,6.5305,6.5305,48727.2604,43217.3804,31825.3187,364479.9078,323266.0054,0
1451,688025.SH,20230106,48.6,2.3068,2.3109,1.44,49.9564,55.7741,2.5445,3.8016,4.0005,,,9381.7333,5516.7253,5506.7254,455952.2384,268112.8496,0
1452,002830.SZ,20230106,11.97,1.8144,2.7859,0.98,54.7683,56.5972,2.4466,1.8046,1.9505,1.2531,1.2531,13334.0,6685.25,4354.0,159607.98,80022.4425,0
1453,002341.SZ,20230106,3.65,0.695,0.7364,0.97,,,1.8395,3.1571,4.3741,0.0,,115221.4592,95696.3136,90319.1328,420558.3261,349291.5446,0
1454,601515.SH,20230106,4.36,0.405,1.0207,1.01,10.2354,16.6628,1.4567,2.1117,2.0502,8.6007,8.6007,184295.6582,184295.6582,73124.5543,803529.0698,803529.0698,0
1455,002696.SZ,20230106,7.42,20.2388,31.3869,1.53,96.6194,41.4512,1.8137,0.8923,0.8039,0.0,,34938.691,34588.6486,22303.3505,259245.0872,256647.7726,-1
1456,002900.SZ,20230106,13.35,3.4224,5.0515,0.56,12.0433,,2.0886,4.4688,4.2265,2.3454,2.3454,31660.005,16525.1492,11195.8367,422661.0668,220610.7418,0
1457,002741.SZ,20230106,18.75,0.6853,1.0322,1.25,119.7125,62.0183,4.2375,2.8904,2.1836,0.1582,0.1582,39773.9893,34248.9373,22736.1233,745762.2994,642167.5744,0
1458,603656.SH,20230106,11.33,0.4666,0.8104,0.52,45.1168,40.4245,1.7663,3.3413,3.5801,0.874,0.874,15293.01,15204.56,8753.4868,173269.8033,172267.6648,0
1459,600844.SH,20230106,3.14,1.0495,1.471,1.1,,,2.6933,2.9351,2.9268,0.0,,101652.424,82273.0634,58695.4202,319188.6114,258337.4191,0
1460,600033.SH,20230106,2.87,0.307,0.6662,0.98,9.4986,9.2866,0.7379,2.6456,2.8095,5.2265,5.2265,274440.0,274440.0,126491.9499,787642.8,787642.8,0
1461,688398.SH,20230106,38.2,1.9287,1.97,0.8,26.9083,55.3013,3.336,4.2964,4.825,,,8000.0,3670.0,3593.02,305600.0,140194.0,0
1462,300498.SZ,20230106,18.91,0.8302,0.8669,0.97,,,3.5766,1.9081,1.6693,0.5282,0.5282,655414.1037,534753.0853,512110.623,12393880.701,10112180.843,0
1463,601168.SH,20230106,10.28,0.5718,0.7545,0.99,8.3537,7.9825,1.6261,0.6379,0.6746,1.9455,1.9455,238300.0,238300.0,180610.0102,2449724.0,2449724.0,0
1464,301388.SZ,20230106,24.8,10.0533,10.0533,2.89,30.9281,35.6302,2.5533,4.8753,4.9224,,,10244.76,2429.2,2429.2,254070.048,60244.16,0
1465,688133.SH,20230106,145.19,0.605,0.6053,0.47,84.7933,79.1085,4.5524,5.64,4.6832,,,8407.1656,5169.03,5166.71,1220636.3735,750491.4657,0
1466,002648.SZ,20230106,16.41,1.1908,2.4046,1.98,9.2041,11.5968,2.7443,1.9359,1.5226,2.8279,2.8279,336897.0122,336322.1967,166559.9746,5528479.9702,5519047.2478,0
1467,603151.SH,20230106,20.91,3.1264,3.1264,0.52,24.09,26.101,2.9409,1.7263,2.1541,,,16800.0,4200.0,4200.0,351288.0,87822.0,0
1468,002785.SZ,20230106,31.7,2.6803,2.8309,1.42,,,10.1509,5.5189,5.138,0.0,,20115.0,16669.2053,15782.7729,637645.5,528413.808,0
1469,300209.SZ,20230106,5.43,2.7471,2.7926,1.18,,,7.0565,1.2994,2.5109,0.0,,42210.733,39017.3856,38381.4414,229204.2802,211864.4038,0
1470,600037.SH,20230106,8.16,0.7033,1.1432,1.02,54.3751,24.8451,0.8673,4.451,4.592,0.5637,0.5637,139177.7884,139177.7884,85620.9691,1135690.7533,1135690.7533,0
1471,920262.BJ,20230106,13.39,1.6008,1.6008,,13.0582,13.3041,1.5802,1.2725,1.354,,,3544.3172,873.1285,873.1285,47458.4073,11691.1906,0
1472,002247.SZ,20230106,2.57,1.3567,1.6958,0.88,27.1089,38.138,2.9876,1.8785,2.1793,0.0,,85087.0049,64354.0672,51484.5522,218673.6026,165389.9527,0
1473,688232.SH,20230106,61.01,0.9252,1.1163,0.63,39.9388,34.1038,3.8557,7.2048,7.0791,,,33000.0,9705.0415,8043.772,2013330.0,592104.5819,0
1474,601689.SH,20230106,63.8,1.7018,4.739,1.84,69.118,47.746,6.1167,6.1339,4.769,0.4357,0.4357,110204.6572,110204.6572,39574.8634,7031057.1294,7031057.1294,0
1475,300705.SZ,20230106,23.6,1.247,1.5533,0.66,39.6253,33.2478,5.5305,4.9723,3.859,0.7568,0.7568,34293.6227,21341.2563,17133.0061,809329.4957,503653.6487,0
1476,002624.SZ,20230106,13.33,2.0619,2.8746,0.85,70.0515,25.5736,2.7743,3.0359,3.4526,8.8549,8.8549,193996.8404,182736.0892,131070.369,2585977.8825,2435872.069,0
1477,000987.SZ,20230106,6.12,0.205,0.9581,0.83,12.3793,12.669,1.1604,4.8657,4.1088,2.4207,2.4207,501713.2462,501660.4518,107356.4875,3070485.0667,3070161.965,0
1478,002265.SZ,20230106,13.74,1.6863,3.7991,1.0,2091.5863,2155.1159,2.5381,16.6131,17.5561,0.0,,94850.9554,31856.6172,14140.0113,1303252.1272,437709.9203,0
1479,603901.SH,20230106,16.0,0.2456,0.4952,0.92,29.9092,21.9203,3.2326,2.8851,2.6938,1.0069,1.0069,48815.8811,48316.8377,23965.4677,781054.0976,773069.4032,0
1480,601608.SH,20230106,3.53,0.14,0.428,0.98,67.5999,83.8881,2.0003,2.0289,1.7346,0.4674,0.4674,433941.9293,433941.9293,142009.7299,1531815.0104,1531815.0104,0
1481,000886.SZ,20230106,4.8,2.1069,2.8582,0.78,92.3897,39.9919,1.6354,37.4229,24.3559,1.0417,1.0417,98882.83,97550.2198,71909.0662,474637.584,468241.055,0
1482,601968.SH,20230106,6.64,0.3054,0.7668,0.67,27.8129,27.0996,2.0227,1.0797,0.9143,1.8072,1.8072,113303.9174,90513.2435,36048.942,752338.0115,601007.9368,0
1483,000801.SZ,20230106,6.66,0.6342,1.2494,1.12,46.9945,39.4962,2.4396,1.9221,1.7935,0.7658,0.7658,102280.6646,102280.6646,51916.5938,681189.2262,681189.2262,0
1484,601021.SH,20230106,62.15,0.6104,1.5488,1.23,1554.9436,,4.0916,5.6011,6.8916,0.0,,97854.8805,91646.2713,36116.8254,6081680.8231,5695815.7613,0
1485,000665.SZ,20230106,6.64,12.0801,21.1592,1.14,,,1.2488,3.4675,3.5368,0.0,,113422.47,113417.9235,64751.9572,753125.2008,753095.012,0
1486,605188.SH,20230106,9.43,22.7396,22.7396,0.71,155.1334,351.3281,4.2259,2.181,2.0858,0.3181,0.3181,49558.0,6037.9998,6037.9998,467331.94,56938.3381,0
1487,002699.SZ,20230106,3.31,3.141,3.5314,1.0,,,1.4013,2.9221,1.6692,0.0,,90957.2725,90949.7725,80894.7903,301068.572,301043.747,0
1488,000656.SZ,20230106,1.92,2.1699,2.7978,1.14,2.8474,,0.3377,0.0913,0.1114,0.0,,533971.5816,531211.7992,411989.5566,1025225.4367,1019926.6545,0
1489,002931.SZ,20230106,10.6,0.924,2.2896,1.13,26.6518,40.8458,3.3034,2.9337,3.2839,0.9432,0.9432,19917.2306,17982.0292,7256.8479,211122.6444,190609.5095,0
1490,600391.SH,20230106,18.29,0.6086,0.9513,0.69,283.6675,85.7643,4.0456,1.7229,1.7162,0.0,,33012.9367,33012.9367,21122.2062,603806.6122,603806.6122,0
1491,300065.SZ,20230106,13.9,4.187,4.2623,1.22,205.893,217.8034,3.7834,11.1597,10.6418,0.0,,72448.0225,61670.8254,60581.4892,1007027.5128,857224.4731,0
1492,600698.SH,20230106,4.76,0.6386,1.2268,0.92,578.0448,571.6606,6.4151,8.9116,14.3396,0.0,,106441.0032,83016.7821,43210.0241,506659.1752,395159.8828,0
1493,002836.SZ,20230106,10.11,2.0523,6.7766,0.93,173.6721,20.5027,4.4273,13.4407,13.274,0.8243,0.8243,19200.0,19200.0,5814.6,194112.0,194112.0,0
1494,300673.SZ,20230106,17.81,1.9161,2.6113,0.95,75.2008,32.4157,2.5153,3.5514,2.639,0.1665,0.1665,25342.028,16337.528,11988.028,451341.5187,290971.3737,0
1495,603009.SH,20230106,6.17,0.6539,1.0859,1.0,34.0029,43.1907,1.3126,1.2736,1.315,1.0373,1.0373,35873.0089,33840.897,20377.6115,221336.4649,208798.3345,0
1496,600662.SH,20230106,5.86,0.9174,1.5291,0.95,25.1676,23.4006,3.5248,1.1682,0.9851,3.413,3.413,228329.675,105336.2191,63201.7315,1338011.8955,617270.2439,0
1497,002562.SZ,20230106,4.9,2.1532,2.5894,1.28,183.8252,17.3739,1.5685,1.9057,1.4971,0.0,,106290.7707,69987.7209,58198.2749,520824.7764,342939.8324,0
1498,300459.SZ,20230106,3.12,1.7117,2.1978,0.79,15.4902,21.5842,2.8569,5.6501,6.0983,0.0,,351581.0939,300078.3208,233712.54,1096933.013,936244.3609,0
1499,002180.SZ,20230106,51.91,0.8859,1.342,1.24,63.1922,36.0279,4.59,3.2252,2.7486,0.1923,0.1923,141604.6938,120648.7082,79639.3166,7350699.6552,6262874.4427,0
1500,300833.SZ,20230106,92.85,4.021,4.021,1.82,57.5889,22.665,3.7554,12.6667,6.7871,0.8616,0.8616,8432.7,2108.2,2108.2,782976.195,195746.37,0
1501,600218.SH,20230106,8.92,0.6193,0.8931,1.27,25.5453,34.1771,1.262,0.7054,0.7148,1.1771,1.1771,43559.9919,41265.8743,28611.6243,388555.1277,368091.5988,0
1502,601106.SH,20230106,2.94,0.1351,0.3739,0.83,119.7445,117.9184,1.7662,0.8717,0.8037,0.0,,685778.2927,685778.2927,247721.9039,2016188.1805,2016188.1805,0
1503,002598.SZ,20230106,11.99,5.8782,9.3164,1.7,35.6624,35.4373,3.5451,2.2058,1.9847,0.834,0.834,31200.0,27220.1051,17174.6363,374088.0,326369.0601,0
1504,688197.SH,20230106,28.19,2.7563,2.7563,0.9,,,3.3242,321.6868,1098.1286,,,14871.9343,3569.28,3569.28,419239.8279,100618.0032,0
1505,600785.SH,20230106,18.65,6.8571,11.8474,2.57,81.7796,28.5699,2.03,0.7376,0.7177,0.0,,22563.128,22563.128,13059.2086,420802.3372,420802.3372,0
1506,603123.SH,20230106,14.2,9.037,18.1689,0.85,68.6085,105.0714,2.9073,3.2431,2.8782,0.4577,0.4577,79873.6665,65227.5949,32443.4516,1134206.0643,926231.8476,0
1507,600633.SH,20230106,8.58,3.1569,6.1994,0.57,21.021,26.7824,1.1874,3.5444,2.2816,0.9324,0.9324,126573.0523,126573.0523,64454.2159,1085996.7887,1085996.7887,0
1508,003038.SZ,20230106,49.72,6.5053,7.6302,1.75,60.6554,43.2814,4.0183,2.8267,1.8647,0.435,0.435,14762.2137,6813.4639,5809.0231,733977.2652,338765.4251,1
1509,301301.SZ,20230106,8.74,21.6856,21.6856,0.72,174.4756,71.4916,3.1717,6.0109,5.3464,,,222280.0,20920.7795,20920.7795,1942727.2,182847.6128,0
1510,688292.SH,20230106,17.5,4.1295,4.1295,0.7,47.0449,51.2901,2.8627,6.7116,6.5458,,,15714.6667,3453.8079,3453.8079,275006.6673,60441.6383,0
1511,603912.SH,20230106,13.31,14.3392,35.4477,1.24,47.4811,123.8617,4.3038,6.0612,7.2258,1.3417,1.3417,30374.529,30374.529,12286.9809,404284.981,404284.981,0
1512,688276.SH,20230106,67.43,0.4056,0.9286,1.3,114.2988,125.2146,7.7662,23.1591,24.7993,,,41284.0698,23353.3452,10199.9086,2783784.8266,1574716.0668,0
1513,002901.SZ,20230106,34.96,0.5266,3.4052,0.97,21.659,33.7412,4.674,7.3123,7.5784,1.4302,1.4302,41713.982,35058.0299,5421.6581,1458320.8107,1225628.7253,0
1514,002544.SZ,20230106,17.82,0.4941,0.8804,0.8,85.9308,92.3791,3.3121,1.8566,1.8527,0.5837,0.5837,68269.4505,66627.788,37394.4878,1216561.6079,1187307.1822,0
1515,603330.SH,20230106,14.4,10.5751,21.8252,1.71,43.5059,94.7369,4.4751,4.4886,3.4165,0.6895,0.6895,33282.5884,33282.5884,16126.6473,479269.273,479269.273,0
1516,601375.SH,20230106,3.67,0.7357,0.9664,0.94,33.2016,143.4616,1.2396,3.8543,7.1152,0.5722,0.5722,464288.47,344751.97,262453.5853,1703938.6849,1265239.7299,0
1517,688082.SH,20230106,81.46,3.1362,3.1362,1.07,132.649,63.251,6.6843,21.7893,14.0635,,,43355.71,7468.8322,7468.8322,3531756.1366,608411.071,0
1518,002462.SZ,20230106,14.5,1.6743,2.3427,0.64,11.9526,12.6118,1.0494,0.1651,0.1593,2.5517,2.5517,29170.712,29108.3574,20802.6338,422975.324,422071.1823,0
1519,603659.SH,20230106,52.1,0.7773,1.7867,1.03,41.4371,25.962,5.7518,8.055,5.1339,0.4837,0.4837,139082.9959,138744.0933,60360.5377,7246224.0864,7228567.2609,0
1520,300499.SZ,20230106,10.66,4.1872,4.3491,1.28,50.9681,108.7113,2.7988,1.9591,1.6136,0.0,,30862.0124,27191.1505,26178.9629,328989.0522,289857.6643,0
1521,688595.SH,20230106,41.66,2.6077,2.6358,0.89,61.9334,372.4725,5.586,8.9856,8.6822,,,14215.6346,7904.5991,7820.5991,592223.3374,329305.5985,0
1522,600618.SH,20230106,9.97,0.4811,1.7095,1.17,6.5075,6.5214,1.5303,1.73,1.6532,4.012,4.012,115639.9976,74983.9976,21103.4329,1152930.7761,747590.4561,0
1523,688778.SH,20230106,83.42,3.653,3.653,1.91,45.1463,24.6938,3.1508,1.6107,0.919,,,30055.0715,9440.6344,9440.6344,2507194.0645,787537.7216,0
1524,605169.SH,20230106,11.26,1.533,1.5331,1.02,15.9201,15.7461,1.8518,2.6446,2.039,3.2651,3.2651,28288.0,7072.0,7071.728,318522.88,79630.72,0
1525,688366.SH,20230106,99.18,3.9673,3.9673,1.11,49.0303,84.8702,3.1089,9.7738,8.324,,,17413.0,5808.0,5808.0,1727021.34,576037.44,0
1526,000670.SZ,20230106,7.41,4.7478,4.9892,0.82,1868.9612,1031.5683,86.9023,2.0938,2.1627,0.0,,81662.736,60984.7112,58034.4376,605120.8738,451896.71,0
1527,000800.SZ,20230106,7.82,0.6137,1.1332,1.01,9.3309,,1.6033,0.3685,0.8962,8.3134,8.3134,465332.4902,141175.4078,76451.6311,3638900.0734,1103991.689,0
1528,002672.SZ,20230106,5.71,0.3378,0.5707,1.01,31.2334,,1.1239,1.2504,1.1893,0.9632,0.9632,87926.7102,67901.8377,40196.7376,502061.5152,387719.4933,0
1529,300628.SZ,20230106,59.03,0.5081,0.7465,0.71,32.9333,24.4262,7.1861,14.4461,11.2856,1.3563,1.3563,90162.3135,51359.727,34958.9372,5322281.3659,3031764.6848,0
1530,603324.SH,20230106,36.51,2.364,2.364,0.76,29.9724,26.2472,3.3058,3.7033,3.2558,1.0028,1.0028,12507.07,4437.9801,4437.9801,456633.1257,162030.6535,0
1531,002975.SZ,20230106,33.33,1.0202,1.0202,1.01,19.0968,26.3984,2.9722,3.8265,3.9708,1.0473,1.0473,13938.011,3893.485,3893.485,464553.9066,129769.8551,0
1532,605378.SH,20230106,22.0,3.0255,3.0255,1.43,38.6799,34.7111,2.5197,2.4723,2.6723,1.5909,1.5909,13334.0,3334.0,3334.0,293348.0,73348.0,0
1533,603090.SH,20230106,30.18,0.8735,1.955,1.1,205.7964,79.8184,5.7834,5.3958,4.257,0.994,0.994,10000.0,10000.0,4468.13,301800.0,301800.0,0
1534,600217.SH,20230106,4.95,1.416,2.7704,1.43,22.2345,60.5541,2.7884,1.9814,2.0523,0.202,0.202,138865.9782,138865.9782,70980.187,687386.5921,687386.5921,0
1535,002490.SZ,20230106,4.26,1.883,3.4321,1.36,,,2.9651,0.9101,1.1292,0.0,,79784.84,54161.7375,29714.5464,339883.4184,230729.0018,0
1536,300383.SZ,20230106,9.13,1.9576,2.6449,1.32,19.6267,29.0348,1.2246,2.1315,2.2676,0.2191,0.2191,179759.2847,178113.2945,131831.0951,1641202.2693,1626174.3788,0
1537,688047.SH,20230106,85.59,4.9548,4.9548,1.05,144.9362,179.8093,8.7932,28.5715,37.7027,,,40100.0,3280.0,3280.0,3432159.0,280735.2,0
1538,605003.SH,20230106,18.38,4.3501,4.3501,1.47,13.7364,17.0842,1.8049,3.4443,4.1304,2.2307,2.2307,11000.0,2750.0,2750.0,202180.0,50545.0,0
1539,002550.SZ,20230106,6.63,4.2832,4.9784,0.77,46.8583,32.6908,3.5547,4.5255,3.9367,1.7675,1.7675,127980.0,92151.4154,79282.9343,848507.4,610963.8841,0
1540,600834.SH,20230106,8.18,0.388,0.9334,1.06,53.9445,54.4665,2.4135,11.2051,11.3422,0.5623,0.5623,47738.1905,47738.1905,19843.8106,390498.3983,390498.3983,0
1541,688676.SH,20230106,43.76,3.361,4.9687,1.42,79.6462,79.4499,7.3019,5.6581,4.4463,,,42701.974,18854.8389,12753.9737,1868638.3822,825087.7503,0
1542,300613.SZ,20230106,51.7,1.4172,2.8089,1.31,32.6258,26.8514,5.5927,6.9141,5.4983,0.3145,0.3145,22962.2136,21641.711,10919.3617,1187146.4431,1118876.4587,0
1543,601022.SH,20230106,13.46,19.8418,19.8418,0.95,33.8344,25.0088,3.4979,4.6177,3.8513,,,130863.3334,13086.3334,13086.3334,1761420.4676,176142.0476,0
1544,600883.SH,20230106,7.39,0.6952,1.2921,1.12,32.0109,21.9514,2.2005,47.2218,93.4461,0.9472,0.9472,23608.8,23608.8,12702.9695,174469.032,174469.032,0
1545,600368.SH,20230106,3.73,0.6072,1.2219,0.8,5.9832,7.304,0.7525,2.2935,2.7233,5.0402,5.0402,112563.2068,112563.2068,55934.6286,419860.7614,419860.7614,0
1546,003023.SZ,20230106,23.76,7.8173,7.8173,0.94,22.5757,30.4371,1.82,2.1876,2.373,1.295,1.295,10534.16,5139.6697,5139.6697,250291.6416,122118.5521,0
1547,920476.BJ,20230106,15.32,0.3931,0.4224,1.01,23.3721,20.7615,2.2634,5.0508,4.482,,,8143.528,5871.234,5464.0576,124758.849,89947.3049,0
1548,300165.SZ,20230106,4.78,3.7572,4.0046,0.89,,,1.5263,2.4715,2.7075,0.0,,49551.1725,38848.7329,36448.9329,236854.6046,185696.9433,0
1549,002868.SZ,20230106,56.67,3.1183,10.6416,1.25,,,13.553,24.2371,25.5062,0.0,,15541.5837,15202.5178,4454.7318,880741.5483,861526.6837,0
1550,002527.SZ,20230106,6.5,2.1766,2.5573,1.53,28.6935,,1.428,1.0105,1.2066,1.0721,1.0721,66292.9791,52409.2308,44606.3511,430904.3642,340660.0002,0
1551,002133.SZ,20230106,3.57,2.4501,3.7104,1.05,8.4708,9.826,0.6905,0.3753,0.3367,1.4006,1.4006,77414.4175,76987.0201,50837.7811,276369.4705,274843.6618,0
1552,920395.BJ,20230106,14.27,0.1176,0.1211,1.35,13.311,16.9157,3.1789,4.5419,5.9812,,,4578.0,1241.9182,1205.9182,65328.06,17722.1727,0
1553,001338.SZ,20230106,20.32,23.7078,23.7078,1.1,68.4553,82.563,3.1932,3.3705,2.6729,,,50173.0834,12543.2708,12543.2708,1019517.0547,254879.2627,0
1554,002457.SZ,20230106,8.19,0.7044,1.0473,0.66,19.1808,19.0877,1.2387,1.1269,1.0795,2.1879,2.1879,33499.2,33483.8099,22521.518,274358.448,274232.4031,0
1555,000510.SZ,20230106,6.06,2.8521,3.2046,1.28,12.3246,38.3589,2.6081,1.2396,1.2036,0.0,,60918.2254,56847.5282,50595.8679,369164.4459,344496.0209,0
1556,688466.SH,20230106,15.73,0.4443,0.7189,0.94,25.9487,25.5329,1.5536,2.889,2.9709,,,10276.0,4613.5,2851.0,161641.48,72570.355,0
1557,603815.SH,20230106,7.82,0.6842,1.3225,0.7,32.5706,25.6642,2.2835,0.944,0.7808,1.2788,1.2788,61892.4235,61892.4235,32021.1845,483998.7518,483998.7518,0
1558,300443.SZ,20230106,42.31,3.518,4.0868,1.49,22.3112,34.2112,3.1753,6.7086,6.9168,0.0,,26175.3484,18439.2931,15872.7347,1107478.9908,780166.4911,0
1559,300108.SZ,20230106,2.11,3.1676,3.4277,0.85,,,,2.0523,2.4985,0.0,,66601.4674,53921.4437,49830.8703,140529.0962,113774.2462,0
1560,002502.SZ,20230106,3.53,1.9731,2.8346,0.9,755.9822,,2.5799,4.9667,5.8666,0.0,,91999.4639,83300.5764,57983.0735,324758.1076,294051.0347,0
1561,603938.SH,20230106,36.82,1.9407,5.5365,1.83,29.9802,14.1423,4.6849,6.2938,3.9928,0.3337,0.3337,27330.3212,27330.3212,9580.1412,1006302.4266,1006302.4266,0
1562,688208.SH,20230106,35.77,1.633,1.6531,0.76,36.8408,81.3543,5.4918,7.1719,7.4728,,,45186.9675,27477.4675,27142.8069,1616337.8275,982869.0125,0
1563,300422.SZ,20230106,5.7,1.3342,1.9398,0.54,,,1.1423,1.0796,1.4152,0.0,,50487.2716,38404.2684,26414.3426,287777.4481,218904.3299,0
1564,300127.SZ,20230106,16.0,2.0184,4.4484,2.55,26.686,27.6079,3.7697,6.004,5.2956,2.8125,2.8125,32314.636,22841.614,10364.3399,517034.176,365465.824,0
1565,002653.SZ,20230106,22.35,0.7639,2.2437,0.86,69.6688,138.9498,8.5001,8.6683,8.1248,0.8286,0.8286,107560.747,47677.227,16232.1576,2403982.6955,1065586.0235,0
1566,600169.SH,20230106,2.39,0.2605,0.3922,0.86,49.1405,201.148,1.6291,0.9686,0.9352,0.0,,337197.54,256395.5,170288.7275,805902.1206,612785.245,0
1567,002692.SZ,20230106,3.87,0.1651,0.2568,0.38,60.4229,41.0174,2.6842,0.926,0.9157,0.0,,71814.6,69047.4184,44396.3044,277922.502,267213.5092,0
1568,000688.SZ,20230106,16.94,0.1633,0.5475,0.56,91.2248,89.4503,7.2609,11.0753,7.8703,0.0,,111764.7825,111764.3505,33334.3753,1893295.4156,1893288.0975,0
1569,688066.SH,20230106,87.6,1.9172,2.8237,1.72,81.3276,71.6998,6.8612,11.0741,7.9345,,,18563.6281,18563.6281,12603.85,1626173.8216,1626173.8216,0
1570,688628.SH,20230106,33.3,2.7925,2.7925,0.63,33.8217,36.366,3.5566,4.3664,4.271,,,11042.4,4330.5,4330.5,367711.92,144205.65,0
1571,603696.SH,20230106,10.25,3.4403,9.2218,0.8,53.1099,93.9632,4.4702,4.3915,4.3711,1.2195,1.2195,23520.0,23520.0,8774.3565,241080.0,241080.0,0
1572,300429.SZ,20230106,7.49,0.6905,0.7864,0.94,33.6035,70.4926,2.0911,3.7155,3.7848,0.6008,0.6008,51526.1048,37571.5354,32990.7417,385930.525,281410.8001,0
1573,000425.SZ,20230106,5.27,0.6095,1.5896,0.92,11.0909,10.9609,1.1916,0.7384,0.6951,4.3643,4.3643,1181616.6093,483675.0652,185449.2034,6227119.531,2548967.5936,0
1574,600325.SH,20230106,10.04,1.3558,1.8449,0.91,6.6535,6.5332,1.2212,0.4148,0.3838,4.5817,4.5817,211716.1116,211715.2116,155589.5753,2125629.7605,2125620.7245,0
1575,605376.SH,20230106,45.2,2.3541,3.1087,2.48,49.7162,60.3647,7.0767,12.1931,13.4105,0.4425,0.4425,26160.0,17504.7,13255.18,1182432.0,791212.44,0
1576,600996.SH,20230106,14.57,8.1118,17.5236,1.02,,,3.5245,6.3103,5.9707,0.0,,120573.845,120573.845,55814.5234,1756760.9217,1756760.9217,0
1577,600132.SH,20230106,125.84,0.7943,1.9857,1.16,52.2215,46.6763,30.912,4.6422,4.3145,1.5893,1.5893,48397.1198,48397.1198,19358.848,6090293.5556,6090293.5556,0
1578,002096.SZ,20230106,14.76,8.4124,23.9805,1.61,111.8495,104.882,2.922,2.8381,2.4797,0.2081,0.2081,37128.7,37128.7,13024.8188,548019.612,548019.612,0
1579,600845.SH,20230106,45.6,0.2495,0.7829,0.38,49.5448,46.6207,9.737,7.6632,7.5049,1.6869,1.6869,197618.0107,143746.24,45820.2526,9011381.2879,6554828.544,0
1580,000153.SZ,20230106,10.72,10.595,14.8067,0.75,31.0673,23.596,2.0778,1.0167,0.95,0.8767,0.8767,33211.123,31197.723,22323.6605,356023.2386,334439.5906,0
1581,002086.SZ,20230106,2.69,0.8615,1.1002,0.75,,,5.0366,5.2307,3.4055,0.0,,75635.0,62976.9241,49311.924,203458.15,169407.9258,0
1582,300020.SZ,20230106,6.64,1.2357,1.4266,0.71,43.9961,59.7653,1.2394,2.1776,2.4319,0.5271,0.5271,65578.9086,62728.8765,54335.0298,435443.9531,416519.74,0
1583,605567.SH,20230106,14.71,3.6128,6.1873,0.96,51.9959,44.4742,2.5623,1.4469,1.2801,0.6798,0.6798,20000.0,12358.805,7216.355,294200.0,181798.0216,0
1584,000506.SZ,20230106,3.31,1.6454,2.6156,0.89,,27.0619,5.2114,3.3925,9.5021,0.0,,92901.7761,92867.0961,58418.9526,307504.8789,307390.0881,0
1585,603527.SH,20230106,15.17,3.6609,8.3212,1.31,26.8923,25.4132,3.2941,0.5456,0.5078,1.3184,1.3184,24382.4,24382.4,10727.1065,369881.008,369881.008,0
1586,688655.SH,20230106,11.92,2.1558,2.7036,1.83,24.8147,32.0455,2.3355,2.8188,3.4936,,,13339.0,6889.92,5493.98,159000.88,82127.8464,0
1587,600988.SH,20230106,18.75,1.3418,1.5701,0.71,53.5518,72.9361,5.6802,8.2478,5.5809,0.0,,166391.1378,166391.1378,142198.5632,3119833.8338,3119833.8338,0
1588,600647.SH,20230106,13.66,1.7317,2.9194,0.72,324.1919,978.2516,6.1493,19.5439,21.4095,0.0,,13914.355,13914.355,8253.7095,190070.0893,190070.0893,0
1589,002548.SZ,20230106,5.67,3.7525,4.8375,1.11,,,2.1114,0.9391,1.0883,0.0,,80610.3205,54483.8006,42263.8006,457060.5172,308923.1494,0
1590,301131.SZ,20230106,47.76,37.5854,37.5854,2.84,35.5618,68.885,2.9823,1.7512,1.7009,1.0469,1.0469,4778.0,1195.2152,1195.2152,228197.28,57083.478,0
1591,002107.SZ,20230106,6.14,1.2248,2.5271,0.66,21.6906,33.5497,4.7269,3.7596,3.6,4.2345,4.2345,57720.96,56301.9322,27287.2959,354406.6944,345693.8637,0
1592,603833.SH,20230106,124.1,0.4202,1.6582,1.56,28.3599,29.7317,4.908,3.6981,3.3887,1.4102,1.4102,60915.1954,60915.1954,15437.3638,7559575.7491,7559575.7491,0
1593,600545.SH,20230106,2.85,0.38,0.7163,1.1,,50.0035,1.51,0.9875,1.0936,0.0,,189541.2995,189541.2995,100565.3318,540192.7036,540192.7036,0
1594,002676.SZ,20230106,4.13,2.1414,3.0219,0.8,87.1149,134.1023,2.6224,1.3943,1.5061,0.0,,72000.0,71996.0959,51017.5618,297360.0,297343.8761,0
1595,600758.SH,20230106,3.87,0.9279,2.0307,1.7,192.1777,21.9139,0.9455,0.865,0.814,0.0,,132201.7394,132074.3394,60352.7003,511620.7315,511127.6935,0
1596,000524.SZ,20230106,11.34,1.8813,6.9314,0.82,,,3.5909,4.9794,6.3938,0.0,,67020.8597,67008.1621,18187.2955,760016.549,759872.5582,0
1597,000566.SZ,20230106,4.23,1.2315,1.6645,1.11,,,2.6286,2.6652,2.6984,0.0,,129736.5126,116539.0241,86225.9665,548785.4483,492960.0719,0
1598,920753.BJ,20230106,7.57,0.6432,0.6656,1.33,16.6764,16.2321,1.5462,3.9513,4.163,,,8140.4368,1350.0,1304.5365,61623.1066,10219.5,0
1599,002320.SZ,20230106,5.3,0.55,2.0346,1.09,44.4305,111.2677,3.0244,8.4435,4.6075,1.8868,1.8868,222893.3187,222893.3187,60249.2426,1181334.5891,1181334.5891,0
1600,600499.SH,20230106,14.8,1.3991,1.9566,1.39,28.6715,7.4938,2.6082,2.9435,2.5276,1.1788,1.1788,194841.9929,163720.5702,117068.5166,2883661.4949,2423064.439,0
1601,002852.SZ,20230106,12.69,3.6469,4.925,1.51,,,2.02,0.836,0.6791,0.0,,35900.0,28621.8537,21194.5421,455571.0,363211.3235,-1
1602,002503.SZ,20230106,1.26,1.8176,2.1129,1.34,,,,0.7429,1.638,0.0,,305186.6294,260233.4715,223866.6101,384535.153,327894.1741,0
1603,600871.SH,20230106,1.99,0.167,0.7977,0.78,210.1264,278.1455,4.9538,0.5433,0.5121,0.0,,1898434.0033,1356937.8551,284148.2187,3777883.6666,2700306.3316,0
1604,002067.SZ,20230106,3.53,2.8345,2.9593,2.35,9.5543,21.2522,0.7803,0.6771,0.6666,0.0,,119394.536,105635.966,101180.966,421462.7121,372894.96,0
1605,601225.SH,20230106,18.96,0.4835,1.3864,1.35,8.6954,5.2237,1.8122,1.2072,1.1368,7.1203,7.1203,969500.0,969500.0,338117.48,18381720.0,18381720.0,0
1606,688800.SH,20230106,112.2,2.028,2.4109,0.8,111.5034,53.0205,6.9384,14.0799,8.657,,,11315.7052,6962.8,5856.8,1269622.1234,781226.16,0
1607,002398.SZ,20230106,5.95,0.993,1.0518,0.75,15.6814,17.1252,1.2018,0.867,0.9661,1.3513,1.3513,71660.6226,57677.0088,54452.408,426380.7045,343178.2024,0
1608,003010.SZ,20230106,20.1,24.0143,30.3191,1.88,83.7868,,2.3074,1.8985,2.0037,0.995,0.995,12169.984,7168.2792,5677.6359,244616.6784,144082.4119,-1
1609,000958.SZ,20230106,4.3,1.9361,3.2087,1.12,17.8611,16.8058,1.2712,3.5223,5.6124,1.3953,1.3953,538341.852,110217.9201,66505.2005,2314869.9636,473937.0564,0
1610,000050.SZ,20230106,8.9,0.2252,0.482,1.04,14.1812,44.2843,0.7225,0.6872,0.6819,0.7865,0.7865,245774.7661,237577.6352,110983.9756,2187395.4183,2114440.9533,0
1611,300837.SZ,20230106,43.7,1.9949,1.9949,1.45,27.7283,24.4256,3.7057,7.6232,6.5043,0.6865,0.6865,10000.0,3325.0,3325.0,437000.0,145302.5,0
1612,601990.SH,20230106,7.99,0.4058,0.7472,1.09,30.1389,46.7737,1.7701,10.7432,13.6225,1.2516,1.2516,368636.1034,361993.0567,196607.5343,2945402.4662,2892324.523,0
1613,000048.SZ,20230106,18.16,0.3178,0.9907,0.74,24.4055,,5.2712,2.9496,3.7602,7.1586,7.1586,52323.925,52323.925,16786.4301,950202.478,950202.478,0
1614,002075.SZ,20230106,4.01,0.474,0.6461,1.01,7.9556,12.4316,1.3869,0.4787,0.4826,1.9833,1.9833,220677.1772,220676.8247,161889.6521,884915.4806,884914.067,0
1615,300669.SZ,20230106,8.3,0.5399,1.1266,0.87,31.7117,31.5584,1.8852,3.9498,3.8935,1.8474,1.8474,19270.5526,17942.9819,8598.7081,159945.5866,148926.7498,0
1616,301265.SZ,20230106,12.15,6.439,6.439,0.88,23.5351,30.8668,1.8353,4.709,4.9835,,,30297.3182,7184.4308,7184.4308,368112.4161,87290.8342,0
1617,600332.SH,20230106,29.6,0.7481,1.5614,1.0,12.9368,12.3949,1.5312,0.6973,0.6847,2.3209,2.3209,162579.0949,140589.0949,67358.5846,4812341.209,4161437.209,0
1618,600234.SH,20230106,6.98,0.6483,0.9459,0.82,145.2413,1082.6056,2.9837,3.1,9.2868,0.0,,26252.0973,20244.588,13875.9388,183239.6392,141307.2242,0
1619,603881.SH,20230106,27.13,3.5586,7.0348,0.66,80.3915,109.3337,3.017,7.4005,6.1776,0.1253,0.1253,32892.7197,32892.7197,16638.7734,892379.4855,892379.4855,0
1620,002025.SZ,20230106,63.88,1.2762,2.2051,1.49,59.3464,53.9269,5.1937,5.7398,4.7629,0.3131,0.3131,45266.2256,45256.1028,26191.6257,2891606.4913,2890959.8469,0
1621,002915.SZ,20230106,19.85,2.3175,4.2509,1.04,37.4836,41.0474,3.9017,4.2658,4.1881,0.8996,0.8996,32795.7575,27148.1227,14800.9319,650995.7864,538890.2356,0
1622,000725.SZ,20230106,3.62,1.8309,2.179,3.05,5.3529,12.4494,1.1046,0.6305,0.7325,5.7204,5.7204,3819636.3421,3646924.2604,3064388.5736,13827083.5584,13201865.8226,0
1623,600113.SH,20230106,8.15,6.7305,13.2734,0.49,5.1401,5.0095,1.5774,5.1955,3.617,2.9448,2.9448,41143.116,41143.116,20862.336,335316.3954,335316.3954,0
1624,000543.SZ,20230106,4.55,0.7746,1.7905,0.83,,,0.8197,0.4904,0.4181,0.0,,226686.3331,226686.3331,98063.3989,1031422.8156,1031422.8156,0
1625,603089.SH,20230106,8.6,0.809,2.3916,1.14,30.541,22.8772,1.7272,1.188,1.0627,1.1628,1.1628,22250.1003,22250.1003,7526.7406,191350.8626,191350.8626,0
1626,300600.SZ,20230106,7.6,0.5912,1.0959,0.92,,,2.6941,10.1603,12.4508,0.0,,29423.448,24453.4061,13192.658,223618.2048,185845.8864,0
1627,002774.SZ,20230106,6.66,0.5988,1.7167,0.88,7.9868,35.291,1.9069,1.1301,1.5142,10.5105,10.5105,33668.79,28178.3185,9829.3692,224234.1414,187667.6012,0
1628,000972.SZ,20230106,3.3,5.0647,7.8691,2.83,,,56.9793,14.5899,7.9226,0.0,,77128.3579,77128.3579,49641.076,254523.5811,254523.5811,0
1629,000856.SZ,20230106,8.43,1.4213,2.0304,1.0,91.4382,231.4309,4.9657,0.5547,0.6507,0.0,,22700.0,22700.0,15890.0001,191361.0,191361.0,0
1630,603896.SH,20230106,41.78,1.8194,2.9815,0.81,41.0262,33.7794,4.9393,10.7401,10.3632,0.7321,0.7321,19720.3347,19720.3347,12033.6297,823915.5838,823915.5838,0
1631,002430.SZ,20230106,40.52,0.4234,1.0605,1.11,33.4132,28.2343,4.9083,3.3587,3.1457,1.4792,1.4792,98454.1504,96428.8434,38499.2382,3989362.1742,3907296.7346,0
1632,920152.BJ,20230106,15.5,3.309,3.309,2.82,54.3828,43.1005,3.9882,2.9712,2.9516,,,10859.17,5021.9945,5021.9945,168317.135,77840.9148,0
1633,688376.SH,20230106,33.19,4.09,4.09,0.62,41.2097,33.8018,3.0974,3.8799,3.6504,,,13440.0,3085.8639,3085.8639,446073.6,102419.8228,0
1634,002971.SZ,20230106,18.87,0.769,1.1588,0.67,33.4615,36.5596,2.5635,3.0442,2.4905,0.5299,0.5299,16000.0,10514.3987,6978.1987,301920.0,198406.7035,0
1635,301299.SZ,20230106,50.75,16.0715,16.0715,0.9,60.8881,50.3182,4.4577,12.1543,11.2775,,,6000.0,1500.0,1500.0,304500.0,76125.0,0
1636,688221.SH,20230106,16.91,2.9188,2.9188,0.74,,,3.5162,156.387,99.7251,,,37457.8653,19090.55,19090.55,633412.5022,322821.2005,0
1637,603931.SH,20230106,30.39,2.0047,3.7556,0.6,43.151,33.9692,4.6015,7.7789,6.8141,0.7051,0.7051,19955.838,11550.2534,6165.5316,606457.9168,351012.2008,0
1638,688567.SH,20230106,27.22,1.5366,1.9188,1.37,,,2.6286,9.4698,3.2606,,,121767.6361,81214.5377,65037.5727,3314515.0546,2210659.7162,0
1639,301363.SZ,20230106,42.25,3.5165,3.5165,0.76,55.4057,42.8226,5.847,15.1052,12.4438,,,40666.0,3778.8813,3778.8813,1718138.5,159657.7349,0
1640,920533.BJ,20230106,16.8,0.3384,0.3421,0.75,33.0471,15.76,3.7706,2.6848,1.7931,,,5520.0,1865.7325,1845.568,92736.0,31344.306,0
1641,600301.SH,20230106,13.86,1.3342,1.962,0.79,60.0722,54.7068,9.6834,8.4236,105.4549,0.0,,23514.814,23514.814,15990.0082,325915.322,325915.322,0
1642,600170.SH,20230106,2.6,0.2798,0.5494,0.81,6.143,23.5412,0.8068,0.0824,0.09,5.5654,5.5654,890439.7728,890439.7728,453420.1018,2315143.4093,2315143.4093,0
1643,603589.SH,20230106,59.09,2.1779,3.5648,1.09,20.5282,19.9352,4.1439,7.0505,6.8686,2.5252,2.5252,60000.0,60000.0,36657.282,3545400.0,3545400.0,0
1644,002442.SZ,20230106,5.34,1.4597,1.8752,1.8,15.2707,21.2831,1.6608,0.7622,0.6026,1.8727,1.8727,49082.0,48229.32,37542.9585,262097.88,257544.5688,0
1645,688169.SH,20230106,270.96,1.1701,1.6141,1.03,18.1013,20.4494,2.7613,4.3492,3.9651,,,9369.1616,7199.7517,5219.2837,2538668.0271,1950844.7206,0
1646,600149.SH,20230106,6.28,1.878,2.9027,0.93,1176.0586,5849.6988,15.004,10.8119,10.0849,0.0,,38016.0,38016.0,24595.425,238740.48,238740.48,0
1647,300478.SZ,20230106,9.45,0.453,0.7367,0.68,82.1364,,16.2597,3.1428,3.2008,0.0,,12874.8,12403.465,7626.7592,121666.86,117212.7443,0
1648,002209.SZ,20230106,8.42,2.2076,2.8539,0.93,,,2.7118,1.5468,1.4819,0.0,,19524.405,15452.4582,11953.072,164395.4901,130109.698,0
1649,601019.SH,20230106,6.28,0.2216,1.0249,0.92,8.5504,8.379,1.0258,1.2034,1.1594,5.5732,5.5732,208690.0,208690.0,45124.128,1310573.2,1310573.2,0
1650,300237.SZ,20230106,2.26,1.3776,1.8905,0.97,,,1.7386,1.5701,1.9641,0.0,,144191.493,143845.4805,104822.1126,325872.7742,325090.7859,0
1651,002212.SZ,20230106,10.38,1.1268,1.3036,0.89,53.483,,1.328,3.6702,3.5919,0.1909,0.1909,118506.0769,116776.8158,100946.5192,1230093.0782,1212143.348,0
1652,002347.SZ,20230106,4.66,1.9662,2.2481,1.15,129.2893,,1.8376,2.2201,2.0937,0.0,,50470.2276,37445.7599,32750.4873,235191.2606,174497.2411,0
1653,688322.SH,20230106,24.75,8.7355,8.7355,4.34,,,2.9982,20.8794,24.2444,,,40000.1,3094.3744,3094.3744,990002.475,76585.7664,0
1654,688225.SH,20230106,17.61,1.0743,1.0743,0.81,39.4223,,2.9314,4.2245,4.1021,,,40001.0,3440.86,3440.86,704417.61,60593.5446,0
1655,300692.SZ,20230106,6.56,0.571,0.7456,0.72,13.7686,12.4819,1.3461,2.3849,2.1113,0.7622,0.7622,42375.2503,37457.8428,28683.8769,277981.642,245723.4488,0
1656,300768.SZ,20230106,13.81,0.6352,1.3153,0.72,28.7493,51.4468,2.8446,8.6302,9.9375,0.6757,0.6757,64382.9039,38519.003,18602.3569,889127.9029,531947.4314,0
1657,600865.SH,20230106,9.07,0.6419,1.7523,0.92,30.2769,35.304,1.4694,12.8232,13.5799,2.2051,2.2051,37624.0316,37624.0316,13781.8935,341249.9666,341249.9666,0
1658,601898.SH,20230106,8.46,0.282,1.6686,1.01,8.4452,5.4046,0.8528,0.4853,0.4583,3.5579,3.5579,1325866.34,915200.04,154679.2792,11216829.2364,7742592.3384,0
1659,301075.SZ,20230106,32.48,8.202,10.3099,0.63,37.9285,62.3843,3.4439,4.9062,5.964,1.9243,1.9243,8000.0,2742.3729,2181.6949,259840.0,89072.2718,0
1660,603170.SH,20230106,28.52,3.8394,3.8394,0.85,61.529,59.1331,9.9979,7.2309,5.9915,0.0,,40001.0,4001.0,4001.0,1140828.52,114108.52,0
1661,688010.SH,20230106,20.75,0.2359,0.5375,0.99,70.7574,98.0331,1.7872,4.7237,4.4362,,,15358.1943,15298.7743,6713.3062,318682.5317,317449.5667,0
1662,603185.SH,20230106,110.7,2.6791,5.7786,2.46,26.5753,14.4995,3.7149,4.1667,2.185,1.2103,1.2103,41085.0539,40806.0181,18918.6981,4548115.4667,4517226.2037,0
1663,300725.SZ,20230106,81.87,1.2364,1.3855,0.68,33.5961,55.6381,6.7346,13.6036,11.0196,0.1221,0.1221,19966.4217,16845.2878,15032.2782,1634650.9446,1379123.7122,0
1664,600753.SH,20230106,13.66,2.3877,3.9454,0.46,,,11.308,1.9512,1.5938,0.0,,23030.7175,21504.0,13013.85,314599.6011,293744.64,0
1665,002972.SZ,20230106,17.28,3.1674,4.342,0.85,20.1227,20.8756,2.4553,7.601,7.107,2.8591,2.8591,17632.0,8202.6395,5983.6048,304680.96,141741.6106,0
1666,300670.SZ,20230106,7.65,0.8792,1.1642,1.37,57.9765,,2.6061,4.7259,6.6503,0.0,,31692.0479,21222.1986,16027.9741,242444.1664,162349.8193,0
1667,000926.SZ,20230106,4.3,1.608,2.1571,1.17,23.8963,35.3912,0.3645,0.3254,0.3064,0.0,,94932.2474,93503.6861,69703.4079,408208.6638,402065.8502,0
1668,603900.SH,20230106,6.48,1.0512,3.3478,1.61,57.3835,,0.9833,1.6661,2.1789,0.6173,0.6173,34047.384,34047.384,10690.63,220627.0483,220627.0483,0
1669,688697.SH,20230106,25.48,4.4126,4.4126,0.85,49.385,34.2068,6.1619,4.8601,4.6694,,,32666.67,7758.3365,7758.3365,832346.7516,197682.414,0
1670,603797.SH,20230106,5.63,0.1652,0.3827,0.68,10.8373,9.7464,1.2096,4.189,3.4562,3.5122,3.5122,58411.2398,58411.2398,25212.5587,328855.2801,328855.2801,0
1671,688067.SH,20230106,19.08,1.5566,1.993,1.4,41.4848,46.9076,2.6975,6.1587,6.221,,,6800.0,4016.7142,3137.2816,129744.0,76638.9069,0
1672,603738.SH,20230106,20.97,1.5282,2.2468,1.09,23.8395,23.1096,3.2843,4.7006,5.4227,1.2945,1.2945,27810.2394,27583.5444,18761.4616,583180.7202,578426.9261,0
1673,002497.SZ,20230106,24.45,1.7261,2.0077,1.45,30.0869,7.3221,2.7583,5.3765,2.3657,0.1227,0.1227,115256.252,103417.8414,88913.8909,2818015.3614,2528566.2222,0
1674,000711.SZ,20230106,2.83,3.8202,6.9692,0.54,,,5.9143,3.9254,9.2236,0.0,,102366.7816,82040.0095,44970.2144,289697.9919,232173.2269,0
1675,002073.SZ,20230106,6.94,3.0346,3.5885,0.74,47.2973,37.878,1.432,1.2335,1.0956,0.0,,96950.6674,94145.2074,79614.3588,672837.6318,653367.7394,0
1676,300252.SZ,20230106,7.57,1.0177,1.3353,0.97,93.8212,82.5338,1.8604,1.5982,1.6473,0.0,,57715.3834,44230.923,33712.1023,436905.4523,334828.0871,0
1677,603928.SH,20230106,10.98,0.4446,1.3985,1.29,17.0703,16.7842,1.5695,1.1223,1.1495,9.1075,9.1075,20160.0,20160.0,6408.62,221356.8,221356.8,0
1678,301257.SZ,20230106,52.3,3.4387,3.4387,0.52,55.2025,61.2833,3.4888,6.3404,5.8823,0.0,,6097.5,1500.0,1500.0,318899.25,78450.0,0
1679,600843.SH,20230106,4.92,0.5601,0.7223,0.98,56.8895,55.3282,1.1084,1.123,1.1015,1.0038,1.0038,71316.648,46922.273,36382.7372,350877.9082,230857.5832,0
1680,600135.SH,20230106,7.8,2.0577,3.7884,1.12,79.4264,124.5758,1.6398,1.931,2.0248,0.3846,0.3846,55330.7099,55330.7099,30053.0656,431579.5372,431579.5372,0
1681,002239.SZ,20230106,2.52,1.4525,2.1954,0.64,,,1.5168,1.5909,1.3878,0.0,,324325.8144,324310.2469,214576.3074,817301.0523,817261.8222,0
1682,603668.SH,20230106,19.56,1.8133,2.489,1.14,102.085,35.4377,3.9852,1.5742,1.2674,0.2013,0.2013,43613.4976,40523.8425,29522.4393,853080.0131,792646.3593,0
1683,300227.SZ,20230106,6.74,0.736,0.7889,0.59,36.7964,34.1538,2.2089,3.621,3.2178,0.0,,49978.0023,40742.2752,38012.2747,336851.7355,274602.9348,0
1684,002149.SZ,20230106,16.28,0.6744,1.0491,0.59,59.7372,48.235,2.8947,3.3192,2.8418,0.6143,0.6143,48821.4274,48813.9274,31377.9182,794812.8381,794690.7381,0
1685,600543.SH,20230106,6.05,4.4514,6.8194,0.85,,,1.8835,13.8373,17.3166,0.0,,32112.0,32112.0,20961.0483,194277.6,194277.6,0
1686,000908.SZ,20230106,3.14,2.1192,2.5691,1.09,,,9.9828,3.4055,3.2001,0.0,,87977.4351,78197.7163,64501.7975,276249.1462,245540.8292,0
1687,301326.SZ,20230106,40.1,1.8413,1.8413,0.99,30.3824,30.7382,2.0671,2.8914,2.7211,,,7219.2828,1596.7268,1596.7268,289493.2403,64028.7447,0
1688,600339.SH,20230106,3.0,0.4894,1.7604,0.79,36.461,31.7946,0.6553,0.2098,0.197,0.8333,0.8333,558314.7471,558314.7471,155218.0662,1674944.2413,1674944.2413,0
1689,002307.SZ,20230106,5.18,1.3696,2.1958,0.9,115.7051,114.2082,1.8238,0.5332,0.5146,0.0,,126829.1582,109103.0717,68051.5931,656975.0395,565153.9114,0
1690,301065.SZ,20230106,31.74,0.9936,0.9936,0.78,40.919,36.7785,1.8113,3.6119,3.0296,1.1027,1.1027,7068.0,3029.25,3029.25,224338.32,96148.395,0
1691,300265.SZ,20230106,8.35,0.6491,1.4697,1.43,67.8187,55.3081,2.2814,1.5848,1.4467,0.2395,0.2395,36497.821,36463.2835,16103.6735,304756.8054,304468.4172,0
1692,600605.SH,20230106,10.23,3.9625,9.7081,2.24,35.0151,80.6455,1.8815,18.6958,21.3347,0.8602,0.8602,20628.2429,20628.2429,8419.8236,211026.9249,211026.9249,0
1693,688521.SH,20230106,45.61,1.0372,1.0372,1.14,1707.9294,334.4366,7.9866,10.612,9.0721,,,49775.0682,20740.5858,20740.5858,2270240.8606,945978.1183,0
1694,688187.SH,20230106,56.0,2.6819,2.6819,1.95,39.3069,33.3514,2.3597,5.2449,4.5395,,,141623.6912,20984.4493,20984.4493,7930926.7072,1175129.1608,0
1695,300200.SZ,20230106,7.39,0.3688,0.6622,0.81,19.7529,25.8257,1.6582,2.8597,3.1581,2.0298,2.0298,42549.0833,41641.7347,23193.8325,314437.7256,307732.4194,0
1696,002866.SZ,20230106,46.93,10.2269,13.5654,0.83,82.6393,106.281,6.6831,7.075,6.6621,0.127,0.127,28952.2256,18061.4381,13616.4131,1358727.9474,847623.29,0
1697,300808.SZ,20230106,13.37,0.8145,0.9706,0.74,256.7146,,2.0053,3.4016,3.9544,0.0,,16000.0,16000.0,13426.38,213920.0,213920.0,0
1698,603809.SH,20230106,11.15,1.1977,2.0148,3.23,21.9969,23.1103,2.246,3.04,3.0242,1.3798,1.3798,39375.3724,38978.1574,23171.1176,439035.4023,434606.455,0
1699,603010.SH,20230106,12.59,1.06,1.4852,2.43,9.0031,15.3123,1.8929,1.804,2.0187,3.336,3.336,58957.8593,48527.2654,34633.7083,742279.4486,610958.2714,0
1700,600107.SH,20230106,6.31,2.2742,2.8566,2.13,99.4049,,3.1292,4.6785,4.8618,0.0,,36000.0,36000.0,28661.1262,227160.0,227160.0,0
1701,603279.SH,20230106,30.95,0.2141,0.4027,0.76,27.586,22.7441,4.8695,3.8374,3.2735,1.8463,1.8463,57668.31,56525.234,30046.4702,1784834.1945,1749455.9923,0
1702,002737.SZ,20230106,25.78,2.4529,5.8063,0.46,21.3633,18.516,3.9428,3.375,3.2203,2.7016,2.7016,58400.0,58400.0,24671.5624,1505552.0,1505552.0,0
1703,002193.SZ,20230106,10.73,25.6669,44.9668,1.36,2825.7939,45.6628,1.0322,4.0714,3.3902,0.1025,0.1025,26171.555,26093.0713,14893.8565,280820.7852,279978.655,0
1704,603393.SH,20230106,22.21,0.6574,1.0346,0.95,9.1549,11.1724,1.8832,3.5978,2.8508,2.4682,2.4682,42392.1327,37612.7962,23900.4129,941529.2673,835380.2036,0
1705,301009.SZ,20230106,12.6,8.4237,8.4237,0.65,86.1847,,2.4286,2.8872,2.9304,0.5556,0.5556,27186.0,9956.6765,9956.6765,342543.6,125454.1239,0
1706,002313.SZ,20230106,5.62,0.445,0.8014,0.94,,,1.7815,0.4431,0.5116,0.0,,37440.0,37382.4524,20755.1974,210412.8,210089.3825,0
1707,002385.SZ,20230106,8.9,2.8503,3.0732,0.94,,,3.5335,1.1763,1.2292,0.0,,414074.1853,329447.0964,305547.788,3685260.2492,2932079.158,0
1708,300652.SZ,20230106,22.01,1.1265,2.2444,1.19,23.5426,18.4053,1.8413,3.8203,3.3121,1.2498,1.2498,10260.8133,9209.0714,4622.0643,225840.5007,202691.6615,0
1709,603609.SH,20230106,11.82,0.8702,2.1947,0.94,91.6867,25.8733,1.5895,0.3688,0.348,0.0,,91943.045,91943.045,36456.3746,1086766.7919,1086766.7919,0
1710,002238.SZ,20230106,6.73,1.3926,4.0549,0.81,38.0279,43.7719,2.3828,3.0353,3.3505,1.4859,1.4859,80255.916,80255.916,27562.3499,540122.3147,540122.3147,0
1711,300799.SZ,20230106,136.15,0.7684,1.4494,0.61,2452.8656,,20.7012,117.4111,253.7767,0.0073,0.0073,10206.0,6688.65,3546.15,1389546.9,910659.6975,0
1712,605183.SH,20230106,20.8,2.5856,2.5856,1.92,28.9365,21.6258,3.3843,5.7774,4.8306,2.3997,2.3997,41745.69,13561.256,13561.256,868310.352,282074.1248,0
1713,688038.SH,20230106,12.39,1.0354,1.2745,0.88,39.3669,50.7016,1.9658,3.3696,3.4851,,,11637.34,7995.748,6495.748,144186.6426,99067.3177,0
1714,603128.SH,20230106,10.44,1.6103,2.9707,1.2,16.3381,15.1639,2.4251,0.5542,0.5258,2.1672,2.1672,130946.2971,130946.2971,70981.8144,1367079.3417,1367079.3417,0
1715,688163.SH,20230106,22.21,1.2066,1.2066,0.49,31.4262,35.823,2.1462,11.5172,12.6399,,,10822.0,2584.898,2584.898,240356.62,57410.5846,0
1716,300920.SZ,20230106,16.44,1.3896,1.5777,0.91,18.2525,45.9846,1.446,3.2782,3.7095,4.8662,4.8662,10000.0,4950.9334,4360.9063,164400.0,81393.3451,0
1717,600536.SH,20230106,61.59,2.5362,3.636,0.56,537.8154,287.4986,19.9154,3.9268,3.521,0.0624,0.0624,65999.4117,64293.1617,44845.8837,4064903.7666,3959815.8291,0
1718,600268.SH,20230106,8.19,3.4008,7.4832,3.14,22.3912,30.9416,2.1983,0.9814,0.8688,1.4427,1.4427,70611.1684,69526.5184,31596.9712,578305.4692,569422.1857,0
1719,300588.SZ,20230106,9.56,1.6442,1.8997,0.82,,,4.2363,12.6537,11.7761,0.0,,19237.103,13638.803,11804.303,183906.7047,130386.9567,0
1720,600009.SH,20230106,57.0,1.6924,1.7869,1.12,,,3.4939,38.0502,27.7589,0.0,,248848.134,109347.6397,103566.7644,14184343.638,6232815.4629,0
1721,920419.BJ,20230106,5.79,0.2703,0.2717,2.04,19.7542,16.1784,1.4804,1.3081,1.1896,,,10367.64,4701.6692,4678.5654,60028.6356,27222.6647,0
1722,603028.SH,20230106,9.19,1.9622,3.7526,1.63,46.3114,60.742,3.3657,2.8812,3.1655,0.6529,0.6529,28704.0,28704.0,15009.1364,263789.76,263789.76,0
1723,603112.SH,20230106,11.98,0.558,0.7822,0.95,15.9665,16.5704,2.3223,1.5956,1.5754,1.8864,1.8864,43716.6751,15829.2333,11291.7333,523725.7677,189634.2149,0
1724,002421.SZ,20230106,3.65,1.5117,1.8736,0.74,,,2.616,2.2038,2.2125,0.0,,191037.1429,178046.698,143655.5841,697285.5716,649870.4477,0
1725,600736.SH,20230106,4.76,1.338,2.3805,0.9,13.5159,18.2727,0.7599,0.4607,0.4218,1.4706,1.4706,115129.2907,115129.2907,64709.8013,548015.4237,548015.4237,0
1726,688311.SH,20230106,81.12,1.0504,1.0504,0.64,69.4233,100.2354,5.4385,19.6152,19.6786,,,11504.8,6712.548,6712.548,933269.376,544521.8938,0
1727,601007.SH,20230106,10.75,5.4712,9.6843,0.55,149.526,90.7827,2.6938,3.0514,2.8086,0.7442,0.7442,39000.0,39000.0,22033.2082,419250.0,419250.0,0
1728,600059.SH,20230106,9.53,1.8504,2.9236,1.13,43.3331,42.7063,1.6031,5.5099,5.431,0.8395,0.8395,91154.2413,91154.2413,57691.8296,868699.9196,868699.9196,0
1729,000932.SZ,20230106,4.73,0.783,1.1524,1.54,3.3759,4.6372,0.6707,0.1909,0.2038,6.1311,6.1311,690863.2499,571791.2186,388521.1108,3267783.172,2704572.464,0
1730,002841.SZ,20230106,59.96,0.5415,0.7863,1.29,24.7479,20.3148,3.6248,1.9809,1.912,1.4267,1.4267,70123.9045,44432.2357,30595.9957,4204629.3138,2664156.8526,0
1731,688475.SH,20230106,28.93,12.6276,12.6276,0.74,36.1053,44.5037,3.4209,3.8399,3.7871,,,56250.0,8377.3538,8377.3538,1627312.5,242356.8454,0
1732,300783.SZ,20230106,20.72,1.7682,2.7942,0.84,20.2105,133.2492,3.6025,0.8504,1.0343,1.0618,1.0618,40100.0,40100.0,25376.268,830872.0,830872.0,0
1733,300700.SZ,20230106,37.7,5.1354,5.6724,1.49,,408.1351,6.453,16.9255,8.6449,0.0,,12153.2581,9213.139,8340.9404,458177.8304,347335.3403,0
1734,600873.SH,20230106,10.23,0.5996,0.8617,0.92,13.2383,6.9668,2.483,1.3629,1.137,3.9101,3.9101,304246.5447,304246.5447,211704.614,3112442.1523,3112442.1523,0
1735,002932.SZ,20230106,58.35,3.5235,4.4018,0.93,6.449,2.1464,1.4937,3.2206,1.09,6.0213,6.0213,15619.3021,10347.061,8282.3857,911386.2775,603751.0094,0
1736,002597.SZ,20230106,32.87,3.308,6.0858,2.34,15.6634,10.2643,2.8386,3.1542,2.507,1.9578,1.9578,56091.8198,55715.6696,30285.3423,1843738.1168,1831374.0598,0
1737,601869.SH,20230106,34.25,0.5552,2.117,0.91,36.638,25.4548,2.6391,2.7221,1.9983,0.8204,0.8204,75790.5108,40633.8314,10657.351,2595824.9949,1391708.7255,0
1738,600777.SH,20230106,2.19,1.0524,1.3388,1.04,40.7861,5.942,0.8709,3.089,1.8132,0.0,,680049.5825,636615.2391,500396.3841,1489308.5857,1394187.3736,0
1739,600759.SH,20230106,2.33,0.5983,0.8549,0.71,,,1.1103,2.1498,1.8982,0.0,,226350.7518,225818.4018,158050.356,527397.2517,526156.8762,0
1740,603059.SH,20230106,19.32,0.4636,1.8544,0.6,25.8349,24.9546,1.7361,1.8602,1.8092,0.8282,0.8282,10000.0,10000.0,2500.0,193200.0,193200.0,0
1741,000150.SZ,20230106,1.33,2.894,4.6447,1.04,,,,0.8748,1.107,0.0,,87769.7557,80599.0242,50218.5179,116733.7751,107196.7022,0
1742,600096.SH,20230106,20.93,2.555,3.9634,1.52,10.5442,6.4735,2.4455,0.6071,0.5328,0.0,,183475.4087,171455.8117,110530.3825,3840140.3041,3588570.1389,0
1743,601811.SH,20230106,9.94,0.1739,0.6917,0.87,9.3912,8.9463,1.0336,1.1725,1.1426,3.2193,3.2193,123384.1,79190.39,19909.4375,1226437.954,787152.4766,0
1744,600355.SH,20230106,3.38,2.4467,2.9097,0.72,,,7.3372,6.302,9.1784,0.0,,49208.92,49208.92,41378.92,166326.1496,166326.1496,0
1745,300534.SZ,20230106,9.04,3.1113,5.0053,0.65,,605.4352,3.7788,9.5278,7.9572,0.0,,30334.5,30051.3166,18680.1139,274223.88,271663.9021,0
1746,300525.SZ,20230106,21.53,1.2913,1.5267,0.53,57.5139,55.594,7.1593,8.4241,7.3583,0.3051,0.3051,61198.9707,49324.6421,41718.653,1317613.8392,1061959.5444,0
1747,300763.SZ,20230106,182.8,2.5874,4.5088,1.79,145.5201,84.689,17.7296,20.8163,13.3234,0.0,,37720.0685,29995.1086,17212.7964,6895228.5218,5483105.8521,0
1748,000088.SZ,20230106,5.02,0.2972,0.9128,1.0,24.47,23.0674,1.2071,16.6073,14.4517,0.5976,0.5976,224916.1747,224916.1747,73222.3147,1129079.197,1129079.197,0
1749,300630.SZ,20230106,24.97,1.8886,2.3945,1.26,26.1537,22.6103,4.0165,7.2213,6.2516,0.766,0.766,43635.2407,32208.4701,25403.728,1089571.9603,804245.4984,0
1750,300548.SZ,20230106,17.9,2.3736,2.8664,2.22,28.8908,27.4233,2.9194,4.0655,3.5009,1.4827,1.4827,26213.2768,21537.2168,17834.3069,469217.6547,385516.1807,0
1751,001336.SZ,20230106,25.53,2.4331,2.4331,1.03,24.366,23.8756,2.8369,3.4983,3.1845,0.0,,8037.35,2009.35,2009.35,205193.5455,51298.7055,0
1752,002072.SZ,20230106,7.91,5.6316,5.6316,0.49,340.2672,423.5328,51.8454,22.8706,7.8271,0.0,,36768.0,25760.54,25760.54,290834.88,203765.8714,0
1753,000155.SZ,20230106,18.78,1.5332,2.5652,2.31,81.529,50.4156,5.409,6.2881,6.1127,0.0,,147592.6818,129693.1295,77519.1213,2771790.5642,2435636.972,0
1754,600327.SH,20230106,4.82,1.7856,3.2548,0.85,6.6574,10.3774,1.2566,0.6176,1.3446,7.2614,7.2614,88477.9518,88477.9518,48539.7346,426463.7277,426463.7277,0
1755,600859.SH,20230106,27.9,2.631,4.1292,1.57,23.6285,27.1569,1.6372,2.4832,2.2286,1.4337,1.4337,113504.9451,109346.9526,69673.3477,3166787.9683,3050779.9775,0
1756,601718.SH,20230106,2.93,0.5316,1.0621,1.11,,2102.9311,0.7529,0.8305,0.7528,0.0,,439162.9404,439162.9404,219811.6813,1286747.4154,1286747.4154,0
1757,002311.SZ,20230106,61.84,0.2379,0.5274,0.91,64.3629,52.6445,6.2808,1.1945,1.0207,0.2411,0.2411,166116.1061,165834.6564,74797.7205,10272620.0012,10255215.1518,0
1758,688001.SH,20230106,27.96,0.3282,2.6232,1.65,39.2358,35.4156,3.3375,6.0979,5.4537,,,44059.1727,41250.5309,5160.5309,1231894.4687,1153364.844,0
1759,600266.SH,20230106,4.54,2.5614,4.4059,1.45,15.976,,0.5001,0.4236,0.4832,2.0262,2.0262,225653.76,225653.76,131187.4339,1024468.0704,1024468.0704,0
1760,603655.SH,20230106,27.52,1.4718,4.5484,0.78,117.9236,235.2989,5.6079,15.098,16.8535,0.3634,0.3634,10600.0,10600.0,3430.0,291712.0,291712.0,0
1761,603267.SH,20230106,101.25,0.4403,0.7095,0.7,28.4619,28.0603,6.0673,9.7917,9.5421,0.3846,0.3846,23240.0,23184.56,14388.9856,2353050.0,2347436.7,0
1762,603008.SH,20230106,32.29,2.0597,3.0965,1.84,22.3886,21.7951,3.4303,1.6096,1.4769,0.852,0.852,38741.7787,38741.7787,25770.3153,1250972.0342,1250972.0342,0
1763,301359.SZ,20230106,22.58,4.4074,4.4074,1.19,32.1518,42.9203,2.3437,6.4147,7.3879,,,8584.0,2035.2223,2035.2223,193826.72,45955.3195,0
1764,000732.SZ,20230106,1.34,1.9841,3.9521,0.53,,,0.4995,0.6791,0.3881,0.0,,248890.144,248568.5071,124788.6805,333512.793,333081.7995,0
1765,002555.SZ,20230106,19.79,2.466,3.0762,0.74,15.2636,12.8672,3.7848,2.7066,2.7808,3.6245,3.6245,221786.4281,163552.5373,131109.7184,4389153.4121,3236704.7132,0
1766,300830.SZ,20230106,8.16,1.2471,1.3941,0.8,53.3553,131.7642,3.0293,5.8551,5.7574,0.6127,0.6127,43012.5,24042.5,21507.27,350982.0,196186.8,0
1767,688295.SH,20230106,46.78,2.5572,2.5572,1.08,151.0546,83.7649,9.4917,35.8792,21.9157,,,90000.0,7271.7516,7271.7516,4210200.0,340172.5398,0
1768,688626.SH,20230106,33.4,1.1957,1.4532,0.78,26.4689,32.7104,2.82,10.2083,10.1012,,,16000.0,5090.88,4188.768,534400.0,170035.392,0
1769,300900.SZ,20230106,28.9,1.6224,1.6224,0.79,159.2579,82.8419,3.9757,25.7438,13.7658,0.0,,21147.0,12226.655,12226.655,611148.3,353350.3295,0
1770,603798.SH,20230106,11.09,1.9339,4.0374,1.09,20.9938,45.2878,2.0245,2.0015,2.6387,1.4764,1.4764,20000.0,20000.0,9579.5931,221800.0,221800.0,0
1771,600862.SH,20230106,23.15,0.4422,0.8071,0.78,54.5292,46.4672,6.0397,8.4696,7.463,0.5529,0.5529,139304.9107,139304.9107,76317.3878,3224908.6827,3224908.6827,0
1772,300159.SZ,20230106,2.24,1.0206,1.1595,0.92,,14.81,13.4209,2.4494,1.8471,0.0,,149036.0202,142046.8655,125034.2065,333840.6852,318184.9787,0
1773,000034.SZ,20230106,23.03,3.2706,4.2523,0.96,64.6551,17.6262,2.1665,0.1258,0.1274,0.7953,0.7953,66842.942,54821.9252,42164.9866,1539392.9543,1262548.9374,0
1774,600721.SH,20230106,6.33,0.9706,1.2947,0.96,39.9595,150.0968,3.364,8.497,6.7661,0.0,,37767.1585,37767.1585,28314.6498,239066.1133,239066.1133,0
1775,000616.SZ,20230106,1.84,0.5569,0.696,0.73,58.3072,32.6065,0.5317,74.0883,55.8638,0.0,,143023.4425,143023.4425,114445.8002,263163.1342,263163.1342,0
1776,002608.SZ,20230106,6.03,0.0803,0.5076,1.05,,,0.7839,0.8133,0.7113,0.0,,377807.9704,377807.9704,59760.8727,2278182.0615,2278182.0615,0
1777,920509.BJ,20230106,13.53,0.0566,0.0833,0.69,35.0177,30.7762,4.5576,9.9472,8.6427,,,10874.8114,5392.2564,3665.3214,147136.1982,72957.2291,0
1778,600641.SH,20230106,18.24,2.1259,3.7589,1.24,46.4061,141.8137,2.2358,19.8574,36.1139,0.6498,0.6498,95793.0404,95793.0404,54176.0782,1747265.0569,1747265.0569,0
1779,600993.SH,20230106,22.9,1.0171,1.5721,1.29,21.2469,19.2458,2.8736,2.9161,2.7119,1.5284,1.5284,43105.3891,43030.7016,27838.0112,987113.4104,985403.0666,0
1780,601139.SH,20230106,6.79,0.9937,5.3981,4.9,14.4267,19.2983,1.5321,0.9121,0.6647,2.3564,2.3564,287676.7544,287673.0494,52956.7484,1953325.1624,1953300.0054,0
1781,002288.SZ,20230106,4.85,0.5764,0.716,0.89,62.8561,1286.5796,2.666,1.8276,2.1428,0.0,,93164.3744,80116.4189,64496.1524,451847.2158,388564.6317,0
1782,300410.SZ,20230106,11.01,4.009,6.2246,1.79,31.191,287.5256,4.949,2.7727,3.2429,0.0,,36765.4697,36743.4332,23665.1411,404787.8214,404545.1995,0
1783,300301.SZ,20230106,1.88,0.916,1.3842,1.1,,,2.1371,0.9289,1.5583,0.0,,79010.8769,79010.8769,52285.0233,148540.4486,148540.4486,0
1784,300285.SZ,20230106,28.53,0.2563,0.2694,0.56,36.0163,44.0116,4.9248,9.0579,8.5965,0.3836,0.3836,100381.0338,78829.6186,74999.9276,2863870.8943,2249009.0187,0
1785,300458.SZ,20230106,20.99,2.2051,2.6091,1.47,26.7445,40.3936,4.5014,6.4028,7.9882,1.2515,1.2515,63001.6738,50755.1733,42895.5778,1322405.1331,1065351.0876,0
1786,605090.SH,20230106,21.29,1.8193,2.1257,1.2,21.4847,13.994,2.0154,0.7202,0.4921,0.8317,0.8317,62541.4024,25980.9789,22236.9068,1331506.4571,553135.0408,0
1787,688686.SH,20230106,135.51,1.1534,1.1534,0.89,54.6148,45.3635,6.0676,18.9027,14.4872,,,12206.3992,3415.1991,3415.1991,1654089.1556,462793.63,0
1788,002057.SZ,20230106,10.95,4.5923,6.6429,2.17,38.8958,24.4972,2.9164,3.2118,2.9182,1.2694,1.2694,75904.7776,74618.7776,51584.171,831157.3147,817075.6147,0
1789,002233.SZ,20230106,7.25,0.2778,0.4621,0.88,4.7072,13.7519,0.7712,1.1206,1.3129,8.541,8.541,119227.5016,119186.036,71649.3566,864399.3866,864098.761,0
1790,688332.SH,20230106,51.8,0.9843,0.9843,0.77,27.1012,37.1698,1.7988,5.5325,5.8577,,,12000.0,2783.3223,2783.3223,621600.0,144176.0951,0
1791,300488.SZ,20230106,23.0,0.6089,1.8428,0.8,24.639,24.7945,2.9772,7.4818,7.2253,0.7826,0.7826,16567.9281,13669.6623,4516.7254,381062.3463,314402.2329,0
1792,301185.SZ,20230106,15.6,0.937,0.937,0.93,29.6498,33.2181,2.4994,11.4086,12.1835,1.2821,1.2821,15341.76,10615.3656,10615.3656,239331.456,165599.7034,0
1793,600029.SH,20230106,7.64,0.6486,1.6276,1.29,,,2.4681,1.362,1.4837,0.0,,1812089.271,1021988.9517,407242.6466,13844362.0304,7807995.591,0
1794,000519.SZ,20230106,19.94,1.8379,3.1593,1.16,57.2133,36.5531,2.8199,3.6956,3.6999,0.2508,0.2508,139255.8982,139150.0582,80949.1826,2776762.6101,2774652.1605,0
1795,002379.SZ,20230106,4.19,0.9317,1.2974,0.79,,,2.7661,1.2166,1.0493,0.0,,92640.0,92639.7356,66530.0751,388161.6,388160.4922,0
1796,300649.SZ,20230106,20.16,9.1602,13.7243,2.74,81.7243,77.5445,4.6955,3.5664,3.3677,0.2976,0.2976,13241.6609,10327.145,6892.802,266951.8837,208195.2432,0
1797,688418.SH,20230106,12.04,1.156,1.2743,0.69,,,2.2293,5.0207,4.1713,,,19361.0,13260.7538,12030.4438,233106.44,159659.4758,0
1798,605008.SH,20230106,15.93,1.2497,2.244,0.94,55.3193,48.8323,5.0812,5.9037,4.1442,0.0,,64238.0414,20289.032,11298.8249,1023311.9995,323204.2798,0
1799,603777.SH,20230106,21.09,1.4068,4.169,0.76,228.9618,79.8307,3.9892,1.7012,1.6237,0.0,,33655.9908,33655.9908,11356.6696,709804.846,709804.846,0
1800,000596.SZ,20230106,291.45,0.9289,2.7589,2.03,67.0442,52.1947,8.5609,11.6098,9.6698,0.7548,0.7548,52860.0,40860.0,13757.4378,15406047.0,11908647.0,0
1801,600195.SH,20230106,12.07,1.3199,2.7133,1.52,23.9856,27.4098,2.348,2.3248,2.2322,1.2525,1.2525,102114.826,102114.826,49674.7358,1232525.9498,1232525.9498,0
1802,688026.SH,20230106,24.71,1.5888,1.9764,1.05,20.2642,32.7734,3.4172,4.0535,4.9283,,,14036.316,7482.3109,6015.07,346837.3684,184887.9023,0
1803,301181.SZ,20230106,37.7,8.4822,8.4822,1.31,33.4762,29.0518,2.6517,7.0876,6.5364,1.5915,1.5915,9000.0,2250.0,2250.0,339300.0,84825.0,0
1804,300943.SZ,20230106,12.46,1.5132,1.5132,1.16,35.18,40.3232,2.8877,4.7844,5.2295,0.5886,0.5886,20382.0,9862.402,9862.402,253959.72,122885.5289,0
1805,688179.SH,20230106,38.4,2.3647,2.3647,1.21,60.7231,56.9015,6.0841,18.8634,15.2541,,,14130.897,7353.217,7353.217,542626.4448,282363.5328,0
1806,300858.SZ,20230106,33.9,6.765,6.9975,0.75,46.0891,45.3333,5.1206,13.8462,14.0074,1.4749,1.4749,14892.5445,5337.6432,5160.2896,504857.2586,180946.1045,0
1807,002605.SZ,20230106,15.36,3.7002,5.7332,1.91,10.8827,15.3958,2.3574,1.6398,1.6855,1.9462,1.9462,40646.149,32775.2662,21153.2002,624324.8486,503428.0888,0
1808,300887.SZ,20230106,34.18,5.8138,5.8138,2.62,44.5333,31.8616,2.8937,4.8887,2.9311,0.6501,0.6501,28701.3456,10188.0261,10188.0261,981011.9926,348226.7321,0
1809,600076.SH,20230106,3.01,0.3121,0.456,0.81,132.8886,,0.8615,3.1465,6.828,0.0,,134454.3367,103426.4129,70789.6157,404707.5535,311313.5028,0
1810,300277.SZ,20230106,7.13,0.6169,0.8794,0.67,167.2482,218.6721,4.9666,9.2645,8.7946,0.4208,0.4208,33500.0,33443.4875,23460.4875,238855.0,238452.0659,0
1811,002204.SZ,20230106,5.46,1.3326,3.5234,1.19,91.3891,40.831,1.5637,1.1577,1.0282,0.5495,0.5495,193137.0032,193137.0032,73048.9274,1054528.0375,1054528.0375,0
1812,300366.SZ,20230106,11.66,12.8864,14.3027,1.56,,,3.023,3.7948,4.284,0.0,,60757.615,49566.2267,44658.0663,708433.7909,577942.2033,0
1813,601390.SH,20230106,5.62,0.2747,0.6281,0.74,5.0369,4.6389,0.5625,0.13,0.1209,3.4858,3.4858,2475219.5983,2036353.9283,890481.3393,13910734.1424,11444309.077,0
1814,603225.SH,20230106,11.01,0.8249,2.3025,1.19,7.471,27.8942,1.0555,0.3761,0.3649,2.018,2.018,152946.9778,152946.9778,54795.314,1683946.2256,1683946.2256,0
1815,300551.SZ,20230106,14.97,9.2056,9.6367,1.51,335.0095,206.1362,4.6797,29.8327,12.8601,0.0672,0.0672,34575.2939,23567.6659,22513.4717,517592.1497,352807.9585,0
1816,000890.SZ,20230106,3.98,0.694,1.2047,1.27,41.7256,138.6262,456.6748,2.5014,2.2877,0.0,,41950.3968,41950.3968,24166.5258,166962.5793,166962.5793,0
1817,920433.BJ,20230106,3.54,0.1512,0.2842,0.72,14.9164,17.2777,1.9667,3.9173,4.1137,,,26101.7281,16913.2685,8997.9678,92400.1175,59872.9705,0
1818,003015.SZ,20230106,9.0,1.318,1.318,1.4,30.7131,51.4242,2.4164,5.18,5.1846,2.1546,2.1546,28106.6667,19113.9371,19113.9371,252960.0003,172025.4339,0
1819,301082.SZ,20230106,16.23,1.9487,1.9487,1.16,29.8354,32.3945,2.4537,1.3428,1.3134,1.8484,1.8484,16164.941,6223.6368,6223.6368,262356.9924,101009.6253,0
1820,920729.BJ,20230106,8.08,0.1553,0.1587,1.38,24.1801,28.6648,3.2488,6.0757,6.6581,,,27335.0,8024.4567,7854.7659,220866.8,64837.6101,0
1821,688028.SH,20230106,33.53,0.5499,1.1033,1.08,67.4793,94.8564,1.9753,11.2773,10.0962,,,10958.096,8032.746,4003.628,367424.9589,269337.9734,0
1822,002319.SZ,20230106,12.01,1.2087,1.6334,0.69,,,26.4375,6.1949,5.9465,0.0,,20000.0,20000.0,14800.0041,240200.0,240200.0,0
1823,603032.SH,20230106,88.31,0.5118,1.1815,0.8,210.0118,100.7261,15.3379,54.7491,27.3242,0.0,,16818.3,16000.8,6931.736,1485224.073,1413030.648,0
1824,600549.SH,20230106,20.76,1.2203,2.2464,1.34,24.944,19.7453,3.0111,0.9245,0.632,1.2524,1.2524,141845.92,141101.14,76650.0011,2944721.2992,2929259.6664,0
1825,600917.SH,20230106,8.02,0.1264,1.2085,0.62,27.6157,24.247,2.566,1.6136,1.4558,1.8454,1.8454,157134.0,155600.0,16273.067,1260214.68,1247912.0,0
1826,000683.SZ,20230106,8.45,2.0315,2.6759,2.16,6.1809,5.8667,2.5012,2.5191,2.7519,1.1834,1.1834,362175.856,327682.9798,248781.339,3060385.9832,2768921.1793,0
1827,600874.SH,20230106,6.12,0.242,0.7079,0.78,13.8648,12.2993,1.1498,2.119,2.1334,2.108,2.108,157041.8085,108722.843,37166.3244,961095.868,665383.7992,0
1828,688372.SH,20230106,104.81,4.3865,4.3865,0.62,69.1546,43.1994,3.9696,18.5353,13.1484,,,8721.07,1796.1243,1796.1243,914055.3467,188251.7879,0
1829,300825.SZ,20230106,11.52,1.2683,1.3423,1.84,28.1278,36.587,2.3867,4.5401,5.2355,0.0,,50141.7333,40852.9945,38600.3435,577632.7676,470626.4966,0
1830,600067.SH,20230106,3.16,1.2339,1.9769,1.35,,,0.6264,0.465,0.3636,0.0,,139166.8739,139166.8739,86862.8371,439767.3215,439767.3215,0
1831,002039.SZ,20230106,15.17,1.1417,1.8496,0.69,27.6616,13.6659,1.7005,3.1855,2.4305,0.9417,0.9417,42755.8126,42755.3402,26391.0457,648605.6771,648598.5108,0
1832,301186.SZ,20230106,29.13,7.5268,8.8057,2.29,44.1511,38.9873,1.8858,4.8428,4.4403,1.0299,1.0299,7275.8822,2160.0734,1846.348,211946.4485,62922.9381,0
1833,300409.SZ,20230106,15.31,2.1634,2.4585,1.53,15.8445,33.2571,1.6668,1.3548,1.2269,0.3253,0.3253,58131.163,47771.5742,42037.7018,889988.1055,731382.801,0
1834,000930.SZ,20230106,8.4,0.6412,1.4537,1.16,13.8266,13.533,1.31,0.6676,0.7715,2.9167,2.9167,186527.3596,185211.1676,81687.8414,1566829.8206,1555773.8078,0
1835,002346.SZ,20230106,13.34,0.9242,1.8977,1.65,13.1539,13.7252,2.2979,8.55,7.8669,1.4919,1.4919,44157.5416,39476.4635,19224.6908,589061.6049,526616.0231,0
1836,600351.SH,20230106,5.98,1.1086,1.2633,0.76,24.6118,30.9735,1.5491,1.6659,1.8193,1.3378,1.3378,77000.0023,77000.0023,67570.0023,460460.0138,460460.0138,0
1837,300723.SZ,20230106,38.0,4.5518,6.7232,1.79,35.6682,38.4675,5.5833,4.9777,5.066,0.517,0.517,28808.1836,13219.1531,8949.7036,1094710.9768,502327.8178,0
1838,601231.SH,20230106,16.04,0.4393,1.9998,1.02,19.0521,12.1801,2.4505,0.6401,0.5182,1.6007,1.6007,220686.4239,218092.4267,47907.6665,3539810.2394,3498202.5243,0
1839,600207.SH,20230106,6.62,2.3685,6.6339,1.98,27.2273,53.627,2.8712,1.7112,1.5781,0.0,,86295.5974,86295.5974,30810.7747,571276.8548,571276.8548,0
1840,600226.SH,20230106,2.38,0.131,0.2069,0.81,19.7693,15.5939,2.3472,10.8832,11.91,0.0,,311516.5266,311516.5266,197238.7307,741409.3333,741409.3333,0
1841,688161.SH,20230106,56.67,0.8133,1.4436,0.52,32.837,35.5144,4.7536,10.5259,11.4717,,,40000.0,7501.0124,4225.7657,2266800.0,425082.3727,0
1842,000069.SZ,20230106,5.44,0.77,1.2866,0.84,11.7443,88.2003,0.5803,0.4349,0.5413,1.8015,1.8015,820179.3915,705640.3594,422312.6217,4461775.8898,3838683.5551,0
1843,601360.SH,20230106,6.73,0.2674,0.6825,0.68,53.2988,,1.5434,4.4175,5.1812,1.4556,1.4556,714536.3197,714536.3197,279915.6233,4808829.4316,4808829.4316,0
1844,600109.SH,20230106,9.05,1.0788,1.4641,1.12,14.545,21.044,1.0953,4.7295,5.3656,0.7735,0.7735,372435.931,321135.6772,236622.4705,3370545.1756,2906277.8787,0
1845,001203.SZ,20230106,13.15,2.0277,2.2018,1.03,12.2034,17.4625,3.3429,4.0512,4.1884,0.0,,150800.0,43613.2361,40165.5861,1983020.0,573514.0547,0
1846,000955.SZ,20230106,5.47,2.7093,3.6115,0.97,298.0926,,4.2146,2.8967,3.5304,0.0,,53839.5,53756.445,40327.6749,294502.065,294047.7542,0
1847,600527.SH,20230106,2.09,0.6899,1.0817,0.86,35.2867,39.1564,1.5584,4.1373,4.2464,3.3493,3.3493,173176.0902,173176.0902,110448.7295,361938.0285,361938.0285,0
1848,002719.SZ,20230106,13.95,26.1354,49.0287,1.1,131.6126,,4.1072,2.1193,2.0728,0.1384,0.1384,17413.9457,16187.2295,8628.8182,242924.5425,225811.8515,0
1849,688772.SH,20230106,19.36,1.374,1.7875,1.47,22.9631,100.4251,3.4531,2.1005,1.9702,,,112185.5747,75668.3437,58164.3437,2171912.7262,1464939.134,0
1850,301209.SZ,20230106,23.65,4.1905,4.1905,1.18,28.1492,26.3022,2.8874,3.4279,3.1576,0.0,,8000.0,2000.0,2000.0,189200.0,47300.0,0
1851,000008.SZ,20230106,2.41,0.7424,1.2257,1.08,,,1.3317,3.0259,3.1625,0.0,,278079.5346,269449.1711,163207.3254,670171.6784,649372.5024,0
1852,300134.SZ,20230106,8.09,0.3658,0.7174,0.7,,,1.3656,2.6238,2.335,0.0,,76749.8006,71241.8006,36320.918,620905.8869,576346.1669,0
1853,301138.SZ,20230106,24.63,1.7673,1.7673,1.17,29.9893,33.8429,2.72,5.2901,5.5111,2.4361,2.4361,12000.0,3000.0,3000.0,295560.0,73890.0,0
1854,603323.SH,20230106,4.74,0.8751,0.9612,0.73,7.3655,6.2171,0.6002,2.229,2.1226,3.3755,3.3755,180307.3107,154373.0308,140543.0471,854656.6527,731728.166,0
1855,300528.SZ,20230106,7.83,1.9075,4.8241,0.94,,,7.7764,3.0794,3.1719,0.0,,37260.8054,37260.8054,14733.1068,291752.1063,291752.1063,0
1856,000691.SZ,20230106,4.91,6.3421,8.3373,1.37,97.9508,573.2611,11.2152,3.0433,3.0011,0.0,,32327.0,32327.0,24590.9005,158725.57,158725.57,0
1857,000976.SZ,20230106,3.81,0.6307,0.8425,1.05,15.4012,17.9561,1.2784,3.0563,3.3182,0.0,,159567.8796,159454.4847,119375.7786,607953.6213,607521.5867,0
1858,002551.SZ,20230106,4.69,3.2287,3.7922,0.86,66.8282,,1.2871,2.213,2.5101,0.0,,84475.832,61032.3255,51963.8421,396191.6521,286241.6066,0
1859,301361.SZ,20230106,23.26,6.8921,6.8921,1.38,39.7211,44.7778,2.7236,13.3035,13.0891,,,11633.6,2758.5017,2758.5017,270597.536,64162.7495,0
1860,000096.SZ,20230106,8.12,0.1426,0.3104,0.67,63.3247,137.8847,1.6587,2.647,2.0794,8.6207,8.6207,52800.0,51084.8,23472.9623,428736.0,414808.576,0
1861,600766.SH,20230106,17.29,1.7337,2.4373,0.55,1303.2341,55934.7829,65.3109,17.2282,9.5921,0.0,,22422.6822,22393.2072,15929.2072,387688.1752,387178.5525,0
1862,300698.SZ,20230106,24.65,1.5206,3.3991,1.64,813.6379,336.8622,8.449,6.6297,6.1075,0.0,,13400.0,12357.0943,5528.239,330310.0,304602.3745,0
1863,600712.SH,20230106,4.22,8.5778,14.4185,0.69,871.0468,,2.6421,2.845,3.2107,0.0,,54465.536,53864.8371,32044.8995,229844.5619,227309.6126,0
1864,300167.SZ,20230106,4.97,1.524,2.1525,1.16,,,9.4409,5.6554,4.3259,0.0,,36055.0,31085.75,22008.7724,179193.35,154496.1775,0
1865,600773.SH,20230106,19.05,1.2588,2.4104,1.41,131.8126,131.5374,4.1731,6.2099,5.7852,0.0945,0.0945,81966.0744,81966.0744,42804.3039,1561453.7173,1561453.7173,0
1866,920790.BJ,20230106,5.6,0.369,0.3692,0.67,14.6707,19.2339,1.3689,1.9145,1.9329,,,7896.702,1963.1978,1962.2478,44221.5312,10993.9077,0
1867,605398.SH,20230106,28.8,4.4857,5.2616,0.66,34.6398,37.5501,2.4128,4.0562,3.7485,0.62,0.62,8329.7492,2699.0821,2301.0964,239896.777,77733.5645,0
1868,603855.SH,20230106,23.76,0.3114,0.5978,0.9,21.0458,21.9339,4.663,2.6494,2.4065,4.126,4.126,33755.9,33579.5,17494.1,802040.184,797848.92,0
1869,002824.SZ,20230106,31.66,5.4954,8.5782,2.13,30.6538,28.5243,4.2161,2.6234,2.1264,0.5902,0.5902,19971.3017,13063.9182,8368.9626,632291.4118,413603.6502,0
1870,603278.SH,20230106,7.08,0.5104,1.2794,0.85,18.8465,,1.2381,0.4952,0.4528,0.0,,28981.2177,28829.5427,11501.2987,205187.0213,204113.1623,0
1871,300246.SZ,20230106,15.18,4.0662,4.6012,0.5,41.8305,579.2624,1.9825,2.4459,2.2697,1.3167,1.3167,17578.8934,13861.4831,12249.9113,266847.6018,210417.3135,0
1872,300314.SZ,20230106,13.28,1.0044,1.9776,0.75,47.6848,43.0775,3.6856,8.0666,7.6783,0.753,0.753,28800.0,18935.4048,9617.6998,382464.0,251462.1757,0
1873,688569.SH,20230106,18.2,0.2082,0.5204,0.71,22.8198,15.0711,1.5584,2.8386,2.4781,,,21066.67,13166.67,5266.67,383413.394,239633.394,0
1874,000605.SZ,20230106,6.2,0.752,1.2624,0.87,191.1147,417.2381,1.0424,1.2065,1.2219,0.3226,0.3226,35265.86,33764.3688,20112.5221,218648.332,209339.0866,0
1875,000913.SZ,20230106,20.74,1.8761,3.204,1.37,40.9314,26.0926,2.84,2.2568,1.8201,0.0,,46893.1,45353.6,26556.4603,972562.894,940633.664,0
1876,601233.SH,20230106,14.67,0.5786,0.8878,1.21,4.8241,11.3865,0.9724,0.5982,0.6319,2.219,2.219,241111.9493,228753.1037,149076.7287,3537112.2962,3355808.0313,0
1877,920357.BJ,20230106,11.76,0.4826,0.4826,0.72,15.4865,11.8514,2.1017,3.769,3.0417,,,6160.0,1526.13,1526.13,72441.6,17947.2888,0
1878,000967.SZ,20230106,4.71,0.1836,0.5682,1.07,20.5575,21.6703,0.874,1.2677,1.1913,2.0838,2.0838,317950.5559,317766.7419,102690.7119,1497547.1183,1496681.3543,0
1879,600062.SH,20230106,19.15,2.4949,6.4114,0.74,21.3495,19.483,2.0344,2.1924,2.1264,4.0007,4.0007,104315.431,102444.811,39865.2486,1997640.5037,1961818.1307,0
1880,601111.SH,20230106,10.62,0.7454,2.7737,1.13,,,4.3885,2.0696,2.6073,0.0,,1452481.5185,996213.1821,267741.2204,15425353.7265,10579783.9939,0
1881,601216.SH,20230106,4.23,0.5101,1.3578,1.09,7.8687,8.8425,1.4665,1.8499,1.6432,3.8298,3.8298,843801.739,843801.739,316969.099,3569281.356,3569281.356,0
1882,002175.SZ,20230106,3.54,1.8964,2.4433,1.45,11.0403,7.9066,11.7347,19.3313,16.124,0.0,,127678.0727,127677.3227,99097.0716,451980.3774,451977.7224,0
1883,301040.SZ,20230106,20.6,2.401,2.9199,1.09,28.4573,406.3624,2.1304,1.9272,1.9189,0.9709,0.9709,10000.0,6936.575,5703.675,206000.0,142893.445,0
1884,605186.SH,20230106,34.08,2.0934,2.0934,0.62,39.4062,36.941,4.7542,9.4637,9.6545,0.2641,0.2641,13600.0,6663.1778,6663.1778,463488.0,227081.0994,0
1885,688321.SH,20230106,22.4,0.4191,0.6589,1.0,418.9826,2298.8814,6.367,21.3733,18.792,,,41072.05,41072.05,26125.2732,920013.92,920013.92,0
1886,605368.SH,20230106,12.59,1.0118,1.063,1.16,14.8028,10.2399,1.7568,1.5971,1.3416,3.7134,3.7134,49485.634,17732.2,16878.17,623024.1321,223248.398,0
1887,600532.SH,20230106,11.81,2.2661,3.3422,1.24,,,3.5123,8.7387,6.3084,0.0,,51606.572,51606.572,34990.8355,609473.6153,609473.6153,-1
1888,688359.SH,20230106,67.06,2.7934,2.7934,0.7,117.2281,,13.2104,16.5677,16.5935,,,9280.75,4870.3181,4870.3181,622367.095,326603.5318,0
1889,603058.SH,20230106,7.53,0.4203,0.9001,0.79,22.9376,,3.5819,7.2381,5.8525,3.2853,3.2853,41907.8858,41907.8858,19566.6758,315566.3801,315566.3801,0
1890,002922.SZ,20230106,16.4,3.4318,5.1404,1.92,25.2017,31.5587,2.8673,2.2012,1.7851,1.2073,1.2073,29932.0455,28060.7797,18733.5026,490885.5462,460196.7871,0
1891,603786.SH,20230106,66.66,0.3842,1.3418,1.49,69.2659,56.3094,6.43,9.5981,8.4646,0.7427,0.7427,40409.8,40010.0,11456.6704,2693717.268,2667066.6,0
1892,920271.BJ,20230106,8.68,1.991,2.9145,0.65,28.3562,15.7008,2.4356,4.4656,3.2209,,,11893.0,2966.81,2026.81,103231.24,25751.9108,0
1893,003003.SZ,20230106,11.8,18.8447,18.8447,0.94,80.534,201.9933,1.7252,1.6206,1.4184,0.8461,0.8461,17700.27,9149.0938,9149.0938,208863.186,107959.3068,0
1894,300424.SZ,20230106,12.11,0.688,0.9262,0.64,113.7857,95.3998,4.0868,2.5041,2.2871,0.0991,0.0991,23989.3853,23904.0978,17754.7549,290511.456,289478.6244,0
1895,002533.SZ,20230106,6.48,2.5468,3.6826,2.06,14.3532,14.238,1.3778,0.3706,0.3625,4.6303,4.6303,73394.1062,60203.632,41635.2562,475593.8082,390119.5354,0
1896,000761.SZ,20230106,3.0,0.1071,0.7075,0.89,4.9287,,0.6529,0.1582,0.1916,19.9999,19.9999,410821.2217,370821.2217,56121.2591,1232463.6651,1112463.6651,0
1897,300712.SZ,20230106,52.77,5.0106,10.9217,1.27,239.8024,124.6488,7.9292,6.2349,4.674,0.1863,0.1863,18525.216,18469.566,8473.2983,977575.6483,974638.9978,0
1898,000935.SZ,20230106,22.75,0.8103,2.6195,1.87,17.5662,15.7271,2.6985,14.192,13.6912,1.0549,1.0549,76344.0333,76344.0333,23616.4516,1736826.7576,1736826.7576,0
1899,002150.SZ,20230106,22.87,16.492,36.5972,2.17,56.6699,47.8467,5.2824,4.2442,4.2739,0.6559,0.6559,35651.7053,35514.9728,16004.3021,815354.5002,812227.4279,0
1900,301191.SZ,20230106,75.78,4.9796,4.9796,1.13,23.9375,18.9505,2.6231,1.8308,1.5464,0.0,,5334.0,1334.0,1334.0,404210.52,101090.52,0
1901,688439.SH,20230106,117.73,3.6348,3.6348,2.67,133.0852,94.9383,5.7348,46.8738,34.4108,,,20000.0,4278.0738,4278.0738,2354600.0,503657.6285,0
1902,000915.SZ,20230106,43.65,0.8998,1.1538,0.56,26.8987,19.5206,4.0595,5.0458,4.4991,1.8328,1.8328,23433.1485,23420.7235,18266.2895,1022856.932,1022314.5808,0
1903,600243.SH,20230106,4.15,2.7769,3.0466,0.59,,,1.7727,2.7644,2.8674,0.0,,43885.0,43885.0,40000.7,182122.75,182122.75,0
1904,300759.SZ,20230106,71.95,1.0111,1.9213,0.78,51.5929,54.1677,8.3991,11.5126,8.9782,0.417,0.417,119106.7629,94191.1119,49566.8633,8569731.5907,6777050.5012,0
1905,600054.SH,20230106,11.94,3.171,7.511,0.96,200.3358,,2.0975,9.7283,10.5355,0.8543,0.8543,72937.944,51330.0,21670.425,870879.0514,612880.2,0
1906,603579.SH,20230106,20.5,0.4081,0.7625,0.72,12.1414,16.5476,1.6179,1.0983,1.2423,3.3337,3.3337,13997.3433,13897.3433,7437.3333,286945.5377,284895.5377,0
1907,002528.SZ,20230106,10.99,19.3642,44.2899,1.13,,,6.2541,4.4874,6.3749,0.0,,119867.5082,104643.9251,45751.9101,1317343.9151,1150036.7368,0
1908,002271.SZ,20230106,36.08,1.342,1.4468,0.8,21.6106,28.5594,3.4617,2.8454,2.7847,0.8282,0.8282,251846.4191,198619.7671,184232.9412,9086618.8011,7166201.197,0
1909,601860.SH,20230106,2.6,0.7252,0.8754,0.98,6.282,5.9447,0.5767,2.1142,2.083,3.8462,3.8462,366097.6125,347496.8427,287898.6581,951853.7925,903491.791,0
1910,600131.SH,20230106,16.56,0.878,2.2549,1.09,29.4143,27.4708,3.6772,2.6677,2.5436,1.0204,1.0204,120266.9044,109892.832,42791.3024,1991619.9369,1819825.2979,0
1911,920263.BJ,20230106,5.14,0.0614,0.1139,0.85,43.1103,17.3848,1.5243,1.2914,1.1957,,,13996.0,10182.6212,5489.7,71939.44,52338.673,0
1912,002799.SZ,20230106,13.64,3.9112,10.1492,0.72,41.0442,49.7168,2.7648,1.4867,1.4408,0.0,,32004.0,25199.58,9711.136,436534.56,343722.2712,0
1913,603390.SH,20230106,8.05,3.3579,8.9521,4.74,,,1.7536,5.2395,5.5813,0.0,,35168.6984,35168.6984,13191.5384,283108.0221,283108.0221,1
1914,002628.SZ,20230106,3.59,1.5361,1.937,0.95,34.4005,,0.92,1.5188,1.7923,0.0,,75719.4315,75199.5052,59636.7574,271832.7591,269966.2237,0
1915,301132.SZ,20230106,26.52,4.2527,4.2527,0.97,36.8579,33.2009,2.4216,3.2883,3.4349,,,14747.0,3496.77,3496.77,391090.44,92734.3404,0
1916,688662.SH,20230106,27.8,1.1168,1.4924,1.22,27.7588,31.7523,3.3356,3.5212,4.0393,,,8824.0,5312.703,3975.867,245307.2,147693.1434,0
1917,002576.SZ,20230106,14.59,2.6186,3.6893,1.37,23.4766,39.965,2.1912,1.1991,1.2793,0.5483,0.5483,16510.0,16190.2771,11491.5277,240880.9,236216.1429,1
1918,600665.SH,20230106,3.66,1.5792,3.7172,1.07,8.3934,19.9346,0.7689,0.4556,0.4354,3.5792,3.5792,86412.2521,86412.2521,36712.1583,316268.8427,316268.8427,0
1919,000540.SZ,20230106,1.53,1.0476,1.7228,0.9,,,1.4701,1.8679,3.4134,0.0,,700525.4679,696876.2396,423742.2441,1071803.9659,1066220.6466,0
1920,300629.SZ,20230106,27.3,2.8658,3.2581,1.28,51.2992,38.3993,4.1298,13.8152,12.021,0.281,0.281,18232.9226,14610.2339,12850.7991,497758.787,398859.3855,0
1921,600568.SH,20230106,1.9,0.4347,0.7523,1.45,,,1.0661,6.5165,6.7417,0.0,,199286.9681,156494.8288,90433.0505,378645.2394,297340.1747,0
1922,002601.SZ,20230106,19.38,0.8051,0.9197,1.52,9.9052,11.526,2.2545,2.2523,1.9857,6.1727,6.1727,239014.5256,164871.4612,144331.0494,4632101.5061,3195208.9181,0
1923,300382.SZ,20230106,19.15,1.4543,2.9361,1.44,111.6902,54.0098,5.1904,11.9566,7.4191,0.2419,0.2419,62654.5825,58037.2385,28747.8305,1199835.2549,1111413.1173,0
1924,600774.SH,20230106,11.29,0.7898,1.8517,0.81,38.8766,35.74,2.027,2.2579,2.3974,0.8857,0.8857,29503.2402,29484.2131,12575.3218,333091.5819,332876.7659,0
1925,600318.SH,20230106,6.88,2.7552,3.8634,1.12,,,3.0872,8.9215,10.3749,0.0,,51272.7632,51272.7632,36565.7075,352756.6108,352756.6108,0
1926,603318.SH,20230106,8.93,4.1389,7.2193,1.22,100.6087,91.8134,2.5644,1.5901,1.0867,0.2247,0.2247,46437.4926,37801.1155,21671.5749,414686.8089,337563.9614,0
1927,300110.SZ,20230106,4.24,2.0008,3.1178,0.84,38.4386,36.77,2.0267,3.2114,3.27,0.4245,0.4245,118221.2982,118051.3107,75757.8944,501258.3044,500537.5574,0
1928,301129.SZ,20230106,75.02,1.0646,1.0646,0.71,32.586,28.7215,3.7673,10.538,9.6772,0.9239,0.9239,7439.0,1842.0,1842.0,558073.78,138186.84,0
1929,002171.SZ,20230106,7.47,0.755,1.1312,1.4,17.5792,38.3932,1.6693,0.2669,0.2493,3.3209,3.3209,133453.3577,129817.3736,86643.4176,996896.582,969735.7808,0
1930,002775.SZ,20230106,4.1,1.204,1.8598,0.8,,,5.5679,1.0914,2.5363,0.0,,51276.7053,44419.4278,28757.1878,210234.4917,182119.654,0
1931,001227.SZ,20230106,3.81,1.7945,1.7945,0.95,13.8569,13.0851,0.8134,2.7693,2.8786,2.6247,2.6247,569569.7168,56956.9717,56956.9717,2170060.621,217006.0622,0
1932,000750.SZ,20230106,3.36,0.3979,0.6398,0.98,23.9251,63.9151,0.9804,3.5382,4.5368,1.0417,1.0417,544452.5514,544452.5514,338597.1056,1829360.5727,1829360.5727,0
1933,300190.SZ,20230106,4.22,0.4006,0.6211,1.2,17.7089,57.6035,0.76,1.046,1.4652,2.3697,2.3697,78158.8507,77616.4404,50059.2148,329830.35,327541.3785,0
1934,600678.SH,20230106,5.82,3.4643,4.3578,0.59,29.9643,117.6167,7.881,5.4452,5.6949,0.0,,34899.0,34899.0,27743.6516,203112.18,203112.18,0
1935,300973.SZ,20230106,94.51,1.1006,1.1681,0.7,56.5319,86.0393,7.7699,5.6814,5.5057,0.529,0.529,16934.0,7104.575,6694.3,1600432.34,671453.3833,0
1936,603908.SH,20230106,62.3,2.871,7.2571,1.27,52.8505,30.2275,7.7113,4.5001,3.0611,1.4446,1.4446,6669.0,6669.0,2638.3347,415478.7,415478.7,0
1937,300287.SZ,20230106,3.57,1.5554,1.6064,0.86,,,2.495,2.9966,3.7926,0.0,,143527.3808,128425.8918,124348.5758,512392.7495,458480.4337,0
1938,603169.SH,20230106,6.45,0.7924,1.6539,1.14,68.6522,49.6987,2.7106,2.0871,1.9294,0.0,,130629.1798,130629.1798,62585.2094,842558.2097,842558.2097,0
1939,920523.BJ,20230106,12.19,0.2307,0.2673,1.15,20.5809,21.4565,2.4678,4.2906,3.5879,,,7792.413,4710.1341,4065.003,94989.5145,57416.5347,0
1940,002199.SZ,20230106,6.69,1.5466,2.1488,0.8,52.6408,,4.0795,5.3503,8.2225,0.0,,24344.2363,24344.2363,17521.255,162862.9408,162862.9408,0
1941,002758.SZ,20230106,15.32,15.9869,22.4183,3.96,11.684,11.338,1.9988,0.2189,0.195,1.9603,1.9603,50212.3615,19215.0215,13702.5215,769253.3782,294374.1294,0
1942,688553.SH,20230106,15.92,0.6047,1.0936,1.06,15.1252,22.9258,1.8199,3.6978,4.0825,,,42360.0,28922.7369,15993.1855,674371.2,460449.9714,0
1943,300109.SZ,20230106,24.95,1.4645,1.5665,0.98,27.5704,17.1731,2.7544,6.6226,5.4562,2.0775,2.0775,32390.5337,26152.739,24448.9555,808143.8158,652510.8381,0
1944,688119.SH,20230106,6.44,2.2396,2.2396,1.37,32.2997,34.7497,2.3547,2.7293,2.6382,,,112500.0,15750.0,15750.0,724500.0,101430.0,0
1945,600781.SH,20230106,2.14,2.47,2.5862,0.87,,,6.153,0.8874,1.0003,0.0,,62715.7512,37426.3222,35744.3667,134211.7076,80092.3295,0
1946,600502.SH,20230106,4.92,1.3869,2.0437,1.03,7.7071,7.2991,0.9932,0.1184,0.1118,5.095,5.095,171653.3938,171653.3938,116489.5154,844534.6975,844534.6975,0
1947,601010.SH,20230106,2.7,0.7032,1.2199,0.84,21.0927,,1.1551,2.0169,2.0369,4.7141,4.7141,184800.0,184800.0,106523.5433,498960.0,498960.0,0
1948,301126.SZ,20230106,15.32,2.3926,2.515,0.84,46.3481,44.6169,1.834,1.2205,1.0749,0.2219,0.2219,20650.57,10836.9214,10309.7125,316366.7324,166021.6358,0
1949,688019.SH,20230106,180.0,1.2427,2.2577,1.02,107.4981,57.3155,9.543,19.5822,13.3147,,,7470.164,7470.164,4111.8636,1344629.52,1344629.52,0
1950,300125.SZ,20230106,22.19,6.9734,8.9606,2.71,,,9.1235,5.6036,4.6019,0.0,,26549.9995,26356.9923,20511.6663,589144.4889,584861.6591,0
1951,002524.SZ,20230106,7.35,3.3387,4.4736,1.18,102.5786,30.7587,7.831,3.6266,4.5201,0.0,,51536.642,50915.282,37998.4112,378794.3187,374227.3227,0
1952,603099.SH,20230106,10.07,6.9397,17.1136,1.33,,,2.8525,13.9471,13.7696,0.0,,26667.0,26667.0,10813.694,268536.69,268536.69,0
1953,600333.SH,20230106,5.18,0.8762,2.1242,1.16,128.8053,,1.5776,1.7558,1.6458,0.0,,60903.0684,60903.0684,25121.9808,315477.8943,315477.8943,0
1954,002594.SZ,20230106,266.2,1.1921,1.689,1.51,254.4822,78.1705,7.5594,3.5854,2.2884,0.0394,0.0394,291114.2855,116476.4604,82212.4884,77494622.8001,31006033.7585,0
1955,002950.SZ,20230106,12.09,1.3338,4.3033,1.37,17.7549,25.6097,2.6331,2.617,2.0887,1.737,1.737,63326.5407,34408.8595,10665.0159,765617.8771,416003.1114,0
1956,300418.SZ,20230106,14.43,1.2041,1.8069,0.66,11.0288,193.9462,1.4262,3.5175,3.6441,0.4544,0.4544,118224.9678,107361.6434,71545.0468,1705986.2854,1549228.5143,0
1957,002048.SZ,20230106,14.73,0.6716,0.7769,0.96,9.4828,10.5408,1.1114,0.6818,0.6422,0.835,0.835,81409.5508,55850.6924,48278.5139,1199162.6833,822680.6991,0
1958,300438.SZ,20230106,81.66,3.4369,4.1287,1.06,206.4833,81.6133,10.0468,6.6169,4.5391,0.0576,0.0576,46129.1966,35861.4584,29852.8295,3766910.1944,2928446.6929,0
1959,601636.SH,20230106,11.94,0.8982,1.5074,0.83,7.5684,17.6236,2.649,2.1987,2.3482,6.6734,6.6734,268349.9506,268349.9506,159889.0105,3204098.4102,3204098.4102,0
1960,002715.SZ,20230106,18.87,0.3004,0.5809,0.93,378.1655,,5.3292,5.3637,5.1343,0.0,,13800.0,13800.0,7135.8072,260406.0,260406.0,0
1961,002858.SZ,20230106,13.45,6.8006,7.7341,0.62,675.7216,,3.0323,7.6579,8.6935,0.0,,15992.5838,14006.6138,12316.0838,215100.2521,188388.9556,0
1962,600900.SH,20230106,20.89,0.2148,0.4895,1.17,18.0823,18.5216,2.5989,8.5375,8.4133,3.9028,3.9028,2274185.923,2274185.923,997971.923,47507743.9315,47507743.9315,0
1963,301017.SZ,20230106,17.78,1.4347,2.7579,0.41,62.7104,53.4235,3.6216,1.3543,1.0515,0.4106,0.4106,40534.0,10930.0,5686.0,720694.52,194335.4,0
1964,600073.SH,20230106,7.85,3.8931,6.258,1.23,24.3117,19.4625,1.586,0.3117,0.3011,1.2739,1.2739,93772.9472,93772.9472,58336.4598,736117.6355,736117.6355,0
1965,603916.SH,20230106,16.54,0.4914,0.9824,0.71,13.0474,17.3158,1.7332,1.5374,1.7363,2.1765,2.1765,42030.8798,42030.8798,21024.8798,695190.7519,695190.7519,0
1966,688328.SH,20230106,21.59,2.0746,2.0746,0.81,31.3868,66.5316,2.2973,1.9208,2.6588,,,8104.0,4709.5315,4709.5315,174965.36,101678.7851,0
1967,002579.SZ,20230106,11.07,10.994,17.5491,0.72,45.806,,2.4677,2.3029,2.1756,0.7068,0.7068,61261.862,58205.2144,36463.9628,678168.8123,644331.7234,0
1968,605088.SH,20230106,18.03,6.0464,6.0464,1.26,25.4951,15.5336,1.8323,1.2019,1.0523,1.6639,1.6639,16579.5,7691.8,7691.8,298928.385,138683.154,0
1969,002568.SZ,20230106,36.75,1.3576,1.9093,1.38,57.9425,94.6221,11.2183,14.8759,16.5999,0.969,0.969,105015.9955,71727.9566,51004.1042,3859337.8346,2636002.4051,0
1970,001300.SZ,20230106,15.26,6.8716,6.8716,0.63,28.9481,38.3514,3.2843,3.0823,5.0438,,,24377.5914,6094.3979,6094.3979,372002.0448,93000.512,0
1971,300462.SZ,20230106,8.72,0.9977,1.1088,0.75,,,1.1392,2.7655,2.8792,0.0,,18826.5025,13657.91,12290.31,164167.1018,119096.9752,0
1972,603536.SH,20230106,7.22,2.6701,7.1653,1.19,,,3.3753,1.0702,1.0842,0.0,,24471.86,24044.23,8959.7993,176686.8292,173599.3406,0
1973,600235.SH,20230106,5.66,1.5279,2.3459,0.64,34.0987,103.1905,1.4137,1.303,1.2024,0.3534,0.3534,35130.0,35130.0,22880.0,198835.8,198835.8,0
1974,300820.SZ,20230106,80.59,13.0524,14.6261,1.87,73.5909,47.4082,8.4331,17.5484,12.0652,0.4116,0.4116,14370.525,4535.6563,4047.6559,1158120.6098,365528.5412,0
1975,003000.SZ,20230106,11.69,4.9246,5.8447,1.88,55.4918,42.3509,5.0582,4.2423,3.4391,1.2831,1.2831,40320.0,22229.4268,18730.1178,471340.8,259861.9993,0
1976,920402.BJ,20230106,13.49,2.9368,2.9368,1.1,57.7796,28.7886,3.3671,6.0712,4.7186,,,32466.159,6769.6654,6769.6654,437968.4849,91322.7862,0
1977,001236.SZ,20230106,13.32,10.7406,10.7406,0.41,167.3526,235.6386,7.117,8.1858,11.2356,,,100777.7778,10077.7778,10077.7778,1342360.0003,134236.0003,0
1978,002179.SZ,20230106,58.52,0.5701,1.1104,1.32,47.9391,35.9871,5.2303,7.418,6.1802,0.6543,0.6543,163100.816,155337.8813,79752.3658,9544659.7523,9090372.8137,0
1979,002647.SZ,20230106,6.82,3.16,4.01,1.06,,,14.5728,2.2098,2.2718,0.0,,55993.665,55993.665,44124.3575,381876.7953,381876.7953,0
1980,002890.SZ,20230106,18.45,1.2859,2.1925,1.55,69.5934,70.1547,3.0006,4.1982,4.1354,0.542,0.542,9333.8,7204.0797,4225.1189,172208.61,132915.2705,0
1981,600129.SH,20230106,30.86,0.9993,1.6034,0.59,,,5.7762,1.4145,1.3096,0.0,,55689.0744,55689.0744,34708.7759,1718564.836,1718564.836,0
1982,603029.SH,20230106,29.14,12.7989,31.8923,0.75,97.8514,81.8429,4.6827,6.7782,6.3178,0.2904,0.2904,12134.2,12134.2,4869.6518,353590.588,353590.588,0
1983,688166.SH,20230106,22.27,0.3874,0.6774,0.46,38.5663,35.5428,4.4676,8.9398,8.7414,,,42246.5078,41000.0112,23444.5526,940829.7287,913070.2494,0
1984,000957.SZ,20230106,12.34,4.3858,6.5504,1.07,,163.412,2.8027,1.5952,1.4092,0.0,,59290.3936,59289.2704,39696.9824,731643.457,731629.5967,0
1985,002905.SZ,20230106,9.57,3.336,12.391,0.71,,,15.7652,2.6434,3.2978,0.0,,37632.0,34944.0,9408.0,360138.24,334414.08,0
1986,300878.SZ,20230106,24.64,7.0041,7.0225,0.48,36.9721,36.5132,2.4642,5.6365,5.8882,1.2175,1.2175,14479.0322,3982.5974,3972.1574,356763.3534,98131.1999,0
1987,688228.SH,20230106,34.75,1.3424,1.4816,0.81,38.3349,37.4454,1.9486,5.0649,4.7654,,,6713.344,2957.264,2679.344,233288.704,102764.924,0
1988,600987.SH,20230106,7.61,1.1792,2.1781,2.12,11.9962,11.5829,1.4308,0.8425,0.8008,3.9422,3.9422,105081.8859,96941.2995,52484.0076,799673.1517,737723.2892,0
1989,603158.SH,20230106,7.44,1.7483,2.9515,2.39,40.3658,39.6264,1.8611,1.6548,1.4601,0.9601,0.9601,49079.9306,49079.9306,29071.9958,365154.6837,365154.6837,0
1990,301177.SZ,20230106,61.63,5.8633,5.8633,0.86,18.9378,22.7455,3.6004,5.3329,5.7944,3.2452,3.2452,40001.0,4001.0,4001.0,2465261.63,246581.63,0
1991,603221.SH,20230106,8.1,1.1668,1.1668,0.85,330.6232,,1.3849,1.8026,2.1212,0.3704,0.3704,24000.0,6072.0,6072.0,194400.0,49183.2,0
1992,600116.SH,20230106,8.6,0.4565,0.809,1.03,19.0119,32.7761,1.4822,1.6159,1.4563,1.7442,1.7442,191214.2904,157614.8643,88928.9048,1644442.8974,1355487.833,0
1993,605555.SH,20230106,21.41,1.2486,1.2486,1.38,18.939,16.556,2.2731,2.004,2.6486,1.1677,1.1677,26597.2,9692.7439,9692.7439,569446.052,207521.6469,0
1994,002100.SZ,20230106,8.2,1.8543,2.5123,0.72,,,1.4074,0.7054,0.6813,0.0,,135433.9175,135429.2156,99960.8137,1110558.1235,1110519.5679,0
1995,920807.BJ,20230106,5.72,0.3245,0.3245,0.58,11.9856,17.2687,1.0505,1.3456,1.4468,,,18188.0,7118.1812,7118.1812,104035.36,40715.9965,0
1996,600172.SH,20230106,5.04,2.0968,2.6228,1.1,168.9404,87.524,2.1752,2.7405,2.8361,0.0,,144218.4476,127625.575,102030.8405,726860.9759,643232.898,0
1997,920163.BJ,20230106,5.41,0.056,0.0996,1.17,18.7759,16.9712,1.6585,1.8798,1.7719,,,12600.0,6085.2375,3422.0,68166.0,32921.1349,0
1998,605300.SH,20230106,16.86,7.7431,7.7431,0.8,44.7467,67.01,3.4344,2.8107,2.9678,0.7117,0.7117,40001.0,5757.5921,5757.5921,674416.86,97073.0028,0
1999,920207.BJ,20230106,6.03,0.7349,0.7349,0.55,12.9754,12.769,1.5056,1.0804,1.0675,,,9219.5,3201.23,3201.23,55593.585,19303.4169,0
2000,002074.SZ,20230106,30.14,1.7359,2.3352,1.27,526.2067,291.0092,2.3086,5.1772,2.8133,0.3105,0.3105,177887.4835,123853.1625,92067.56,5361528.7527,3732934.3178,0
2001,002693.SZ,20230106,7.49,4.6942,9.2921,0.79,,,6.2229,9.6985,11.6197,0.0,,41473.7,40814.3821,20618.4069,310638.013,305699.7219,0
2002,600215.SH,20230106,6.1,2.3714,3.5609,1.64,21.5785,51.9106,1.8936,1.9956,2.8942,0.6957,0.6957,46503.288,46503.288,30968.9968,283670.0568,283670.0568,0
2003,603718.SH,20230106,9.92,0.478,1.0711,1.02,118.62,101.7219,6.1029,18.3953,18.1304,0.0,,64400.0,64400.0,28742.9892,638848.0,638848.0,0
2004,600273.SH,20230106,8.47,0.6252,1.0117,1.58,6.567,6.3428,1.2512,1.3258,0.9854,6.4892,6.4892,140194.5207,140194.5207,86629.2792,1187447.5903,1187447.5903,0
2005,920230.BJ,20230106,10.32,0.2349,0.2349,0.45,18.6209,19.2075,2.0255,2.5943,2.4867,,,7563.1404,1570.5531,1570.5531,78051.6089,16208.108,0
2006,300481.SZ,20230106,28.19,2.1932,3.379,1.09,33.0668,21.0348,3.7814,5.9967,5.1455,1.418,1.418,29638.2447,29311.0135,19025.1924,835502.1181,826277.4706,0
2007,920765.BJ,20230106,5.9,0.1794,0.1794,0.7,40.693,20.5398,1.1837,0.8182,0.7779,,,6961.3044,2045.8713,2045.8713,41071.696,12070.6407,0
2008,920030.BJ,20230106,3.16,0.2778,0.3587,1.9,9.7807,15.8523,1.1803,0.2059,0.2064,,,17883.9681,7707.6354,5968.2361,56513.3392,24356.1279,0
2009,603206.SH,20230106,15.66,1.1963,1.1963,0.88,22.7162,21.6628,2.4112,1.3445,1.1926,1.341,1.341,30519.9988,7630.0,7630.0,477943.1812,119485.8,0
2010,601077.SH,20230106,3.55,0.3218,0.3218,0.6,4.2174,4.0116,0.3787,1.3072,1.3292,7.1127,7.1127,1135700.0,589027.5713,589027.5713,4031735.0,2091047.8781,0
2011,300738.SZ,20230106,9.55,1.6045,2.8613,1.0,45.637,49.8715,4.1806,5.4765,5.959,0.2603,0.2603,69098.057,68441.201,38380.3654,659886.4444,653613.4696,0
2012,603977.SH,20230106,8.65,1.5869,3.5918,0.88,22.3846,18.9364,1.8403,2.7029,2.436,1.4153,1.4153,62124.1828,62124.1828,27448.1264,537374.1812,537374.1812,0
2013,600801.SH,20230106,15.64,0.9715,2.311,1.67,6.1137,8.1471,1.2019,1.0101,1.0305,6.3861,6.3861,209659.9855,136187.9855,57248.5915,3279082.1732,2129980.0932,0
2014,603335.SH,20230106,6.56,1.1201,2.3095,1.09,84.2526,,5.0513,2.1538,1.6651,0.3659,0.3659,42814.46,42814.46,20765.46,280862.8576,280862.8576,0
2015,300987.SZ,20230106,15.35,2.2334,2.4567,0.59,32.2138,36.3765,3.3408,14.0402,13.5488,1.0023,1.0023,17336.8,9536.8,8669.967,266119.88,146389.88,0
2016,688138.SH,20230106,18.95,0.8103,2.7451,0.83,113.549,61.1361,4.0386,9.2954,7.1778,,,26680.0,26680.0,7875.0,505586.0,505586.0,0
2017,688018.SH,20230106,91.41,0.5012,0.8823,0.98,37.0699,54.8492,4.0479,5.3057,5.418,,,8046.9285,8046.9285,4570.9285,735569.7342,735569.7342,0
2018,603920.SH,20230106,14.85,0.8973,2.4517,0.99,37.6912,22.4839,2.9062,2.1023,1.7588,4.041,4.041,53217.5355,53217.5355,19477.8509,790280.4022,790280.4022,0
2019,601377.SH,20230106,5.81,0.5214,0.736,0.94,10.5786,16.7227,0.9702,2.6447,4.076,3.0981,3.0981,863598.7294,863598.7294,611797.9963,5017508.6178,5017508.6178,0
2020,300916.SZ,20230106,48.55,11.9411,12.0405,2.2,33.0038,26.5098,4.2607,4.845,3.8657,0.4119,0.4119,9580.5,2604.2985,2582.808,465133.275,126438.6922,0
2021,300039.SZ,20230106,8.05,7.9715,11.6989,0.71,60.0962,58.7898,2.2779,7.6508,7.6158,0.6211,0.6211,104600.0,91655.8369,62453.448,842030.0,737829.487,0
2022,003026.SZ,20230106,49.07,7.551,9.0201,0.82,37.7424,117.6245,6.6389,11.3441,13.0727,1.2075,1.2075,10101.788,5525.7258,4625.7258,495694.7372,271147.365,0
2023,688351.SH,20230106,26.7,5.2984,5.2984,1.09,,,7.5114,66.1213,51.3737,,,47060.0,6246.9171,6246.9171,1256502.0,166792.6866,0
2024,301099.SZ,20230106,70.73,3.7219,4.0082,1.06,61.2337,36.119,5.9733,3.9908,2.7415,0.4241,0.4241,8000.0,2800.0,2600.0,565840.0,198044.0,0
2025,300132.SZ,20230106,7.46,1.3989,1.6703,0.82,,,2.6268,1.0434,1.2154,0.0,,51658.0886,49202.4055,41205.7465,385369.341,367049.945,0
2026,605166.SH,20230106,12.39,0.7354,0.7355,1.1,16.3696,16.0877,2.58,0.7234,0.6086,1.6553,1.6553,31555.323,18761.1342,18758.6042,390970.452,232450.4527,0
2027,600326.SH,20230106,4.57,0.5428,0.6903,1.08,105.1546,,1.0334,0.7285,0.9091,1.7505,1.7505,92088.6924,91855.891,72235.8318,420845.3243,419781.4219,0
2028,300390.SZ,20230106,60.56,4.7573,5.3993,2.27,42.5858,7.0318,3.7675,11.4149,2.8415,0.7515,0.7515,64040.2868,42748.7268,37665.897,3878279.7686,2588862.895,0
2029,301100.SZ,20230106,24.57,20.4256,20.4256,2.65,41.8189,58.7613,2.3516,6.5202,6.219,4.07,4.07,20000.0,5000.0,5000.0,491400.0,122850.0,0
2030,300706.SZ,20230106,24.85,7.408,10.8989,3.02,215.0746,175.8267,5.111,6.2231,5.5968,0.0402,0.0402,15285.2499,9635.6929,6549.4003,379838.46,239446.9686,0
2031,300069.SZ,20230106,13.33,0.4238,0.7464,0.37,,,5.9194,6.794,9.8036,0.0,,11700.0,11700.0,6643.7463,155961.0,155961.0,0
2032,600730.SH,20230106,6.29,1.6774,2.0975,0.77,263.9628,382.1012,1.9831,35.4014,29.1632,0.1145,0.1145,58665.6002,58665.6002,46917.3018,369006.6253,369006.6253,0
2033,300604.SZ,20230106,41.93,3.8514,5.2988,1.23,116.1102,61.1741,11.9675,16.7675,11.5383,0.2385,0.2385,60432.8728,44802.8776,32564.907,2533950.3565,1878584.6578,0
2034,920675.BJ,20230106,4.8,0.0957,0.1608,0.57,13.6377,13.6642,1.5648,2.7348,2.1915,,,17219.8,7806.207,4645.767,82655.04,37469.7936,0
2035,301127.SZ,20230106,9.6,1.1566,1.5459,0.68,25.074,23.9461,2.0016,5.2857,3.7044,0.4593,0.4593,41840.58,24444.5216,18288.5216,401669.568,234667.4074,0
2036,601298.SH,20230106,5.61,0.1343,1.0891,0.71,9.1863,8.3922,1.0009,2.2619,1.9423,4.5704,4.5704,649110.0,539207.5,66486.6,3641507.1,3024954.075,0
2037,601117.SH,20230106,8.25,0.9818,1.5049,1.75,10.8782,9.2396,0.9881,0.3671,0.3012,1.7697,1.7697,610947.0588,569656.9412,371633.9785,5040313.2351,4699669.7649,0
2038,688209.SH,20230106,19.37,2.3292,2.3292,0.9,51.4008,47.6254,4.7912,10.4204,9.9035,,,42000.0,3866.9976,3866.9976,813540.0,74903.7435,0
2039,000722.SZ,20230106,13.69,4.1163,8.4927,1.05,53.0715,60.4032,2.0119,13.2826,12.0941,0.7305,0.7305,46415.8282,46415.8282,22496.9877,635432.6881,635432.6881,0
2040,300710.SZ,20230106,25.58,1.5884,1.7176,0.85,81.0955,215.8267,3.7683,3.4927,3.9843,0.0,,9949.03,6549.0617,6056.5156,254496.1874,167524.9983,0
2041,600734.SH,20230106,4.46,0.0621,0.0913,0.19,14.0815,11.5916,26.635,10.5392,22.6402,0.0,,217830.3106,209087.4601,142145.5104,971523.1853,932530.072,1
2042,603607.SH,20230106,13.31,0.3349,0.6447,0.62,21.369,19.9179,2.4341,2.7102,2.58,3.7566,3.7566,17851.68,17851.68,9274.2066,237605.8608,237605.8608,0
2043,300144.SZ,20230106,14.36,1.3517,2.1945,1.19,119.1474,,4.9079,31.6889,67.3626,0.3482,0.3482,261469.404,228768.6866,140911.6705,3754700.6414,3285118.3396,0
2044,000402.SZ,20230106,5.31,0.9205,1.3369,0.93,9.6611,8.3167,0.4128,0.657,0.5291,0.565,0.565,298892.9907,298782.9036,205712.0883,1587121.7806,1586537.2181,0
2045,605162.SH,20230106,8.72,0.8757,0.8757,1.0,30.7152,27.0858,3.1918,4.53,3.7159,4.0138,4.0138,40045.1,10142.995,10142.995,349193.272,88446.9164,0
2046,603392.SH,20230106,135.18,0.8966,0.8966,0.68,60.5909,25.6397,10.6007,21.3001,11.3359,0.0991,0.0991,90607.0705,21868.0699,21868.0699,12248263.7902,2956125.6891,0
2047,600362.SH,20230106,17.34,0.3991,0.9515,0.99,10.6544,10.2512,0.8674,0.1356,0.1268,2.8835,2.8835,346272.9405,207524.7405,87034.8295,6004372.7883,3598479.0003,0
2048,603041.SH,20230106,11.38,0.6736,1.2777,1.29,32.6598,29.1104,1.5189,4.2109,4.06,0.9666,0.9666,18314.7692,18314.7692,9655.9792,208422.0735,208422.0735,0
2049,002835.SZ,20230106,10.74,1.0844,1.6668,0.83,26.1011,22.8249,2.6889,2.3486,2.4361,1.1173,1.1173,21949.3931,12728.1965,8281.1995,235736.4819,136700.8304,0
2050,688080.SH,20230106,44.01,0.9991,1.1926,1.01,22.0461,36.4075,2.8686,5.1469,5.8285,,,5257.2516,3791.8516,3176.7,231371.6429,166879.3889,0
2051,002811.SZ,20230106,7.43,0.5094,1.4373,0.96,114.4591,,1.6721,1.0611,1.633,6.7294,6.7294,27204.2826,24718.9571,8761.556,202127.8197,183661.8513,0
2052,002667.SZ,20230106,25.05,3.4115,5.7003,1.31,,1242.6467,6.5304,26.6095,9.0039,0.0,,24322.2,23092.6725,13820.4125,609271.11,578471.4461,0
2053,002523.SZ,20230106,3.04,0.8366,1.186,1.03,71.5857,80.4319,1.8402,2.4274,2.4885,0.6579,0.6579,141664.08,139807.701,98617.3044,430658.8032,425015.411,0
2054,600272.SH,20230106,9.37,3.2112,5.7918,0.76,104.8438,47.5127,4.0509,3.3992,2.5899,0.2882,0.2882,24300.0,16000.0,8871.0217,227691.0,149920.0,0
2055,600969.SH,20230106,7.58,0.7389,1.2851,0.88,61.0882,36.6221,0.7644,0.8223,0.7773,0.5953,0.5953,37005.0484,37005.0484,21276.0016,280498.2669,280498.2669,0
2056,300439.SZ,20230106,11.94,1.2562,1.7216,0.81,25.4781,21.7477,1.8181,2.0311,1.8808,0.7956,0.7956,38299.9815,27735.2933,20237.5642,457301.7791,331159.402,0
2057,600022.SH,20230106,1.5,0.3738,0.8293,0.96,13.0667,,0.7555,0.1448,0.1602,4.0,4.0,1069884.9554,1069884.9554,482198.748,1604827.4331,1604827.4331,0
2058,688698.SH,20230106,22.68,2.9838,2.9838,1.96,32.2096,29.0002,4.2894,4.9854,4.7002,,,18000.0,4500.0,4500.0,408240.0,102060.0,0
2059,603363.SH,20230106,12.65,2.822,5.2007,1.05,,,3.6535,0.6109,0.5477,0.0,,87105.8222,72679.9678,39438.2721,1101888.6508,919401.5927,0
2060,300007.SZ,20230106,17.83,1.9332,2.1757,1.14,22.1039,20.4701,2.1737,2.5116,2.3379,0.4461,0.4461,32627.2755,28237.4152,25090.2641,581744.3222,503473.113,0
2061,000595.SZ,20230106,6.78,1.4609,4.0985,0.61,,,10.8253,44.1736,36.231,0.0,,113865.6366,113808.4204,40566.828,772009.0161,771621.0903,0
2062,300856.SZ,20230106,53.99,2.4835,2.5299,0.47,68.803,33.2101,5.0405,8.3836,5.728,0.3704,0.3704,16932.0,5898.0,5789.6775,914158.68,318433.02,0
2063,603283.SH,20230106,32.7,4.2825,8.2639,1.1,34.8013,24.6094,4.0106,2.692,2.2477,0.9615,0.9615,19087.3778,18172.0648,9417.1535,624157.2541,594226.519,0
2064,002340.SZ,20230106,7.69,0.7969,0.9336,1.39,42.7742,32.5666,2.1878,2.0461,1.4214,0.3513,0.3513,513558.6557,507478.7744,433192.2481,3949266.0623,3902511.7751,0
2065,688330.SH,20230106,67.2,1.0933,1.2426,1.83,16.2756,18.1136,1.9197,5.9361,5.7367,,,10000.0,5719.9572,5032.4001,672000.0,384381.1238,0
2066,002927.SZ,20230106,10.54,0.9323,2.6413,1.41,24.5521,24.3323,2.4082,2.4677,2.5144,1.1385,1.1385,22320.909,22017.292,7771.5676,235262.3809,232062.2577,0
2067,002014.SZ,20230106,8.36,0.8256,2.2644,1.65,16.2084,14.5372,2.4517,1.6934,1.562,4.9841,4.9841,61249.1866,60182.121,21942.8914,512043.2,503122.5316,0
2068,300902.SZ,20230106,30.36,2.2536,2.2653,1.11,146.9306,169.826,4.7875,15.3219,13.4477,0.6588,0.6588,12798.0,5166.1625,5139.5825,388547.28,156844.6935,0
2069,001213.SZ,20230106,4.35,1.0002,1.3665,1.26,49.4782,35.6125,1.0504,2.186,2.0273,0.5356,0.5356,444444.4444,104444.4444,76444.4444,1933333.3331,454333.3331,0
2070,002851.SZ,20230106,26.19,0.542,0.6346,1.19,33.5127,34.9999,3.914,3.1357,2.4966,0.6071,0.6071,49756.9343,41045.6095,35051.9834,1303134.1093,1074984.5128,0
2071,300447.SZ,20230106,16.1,0.9093,1.166,0.8,30.771,25.5316,2.7142,5.3495,4.4759,0.6211,0.6211,31232.8375,19943.4459,15553.4259,502848.6838,321089.479,0
2072,002761.SZ,20230106,21.72,2.9104,6.2302,0.99,22.4452,20.1285,3.6279,0.2464,0.2436,0.9208,0.9208,108134.0098,49259.6336,23011.513,2348670.6929,1069919.2418,0
2073,600072.SH,20230106,12.07,0.6549,1.1153,0.95,111.0153,157.0489,2.2389,3.6882,3.2783,0.4971,0.4971,73624.9883,73624.9883,43231.7636,888653.6088,888653.6088,0
2074,002343.SZ,20230106,6.57,19.5632,27.7079,1.54,,,3.2946,7.6992,7.7549,0.0,,47494.9686,47328.0299,33415.9946,312041.9437,310945.1564,-1
2075,002334.SZ,20230106,8.9,7.4855,7.6189,1.4,38.1901,38.4823,3.2407,2.314,1.8438,0.0,,78228.681,68639.3178,67436.8281,696235.2609,610889.9284,0
2076,600745.SH,20230106,54.26,1.0005,1.6081,1.11,25.8953,26.903,1.9788,1.2825,1.204,0.3756,0.3756,124634.4564,124280.6484,77322.7134,6762665.6043,6743467.9822,0
2077,000777.SZ,20230106,10.64,0.8816,1.2117,1.51,34.1437,37.0411,2.4645,2.6334,3.1634,0.8835,0.8835,38549.4593,38340.6551,27893.7372,410166.247,407944.5703,0
2078,300208.SZ,20230106,10.15,1.1138,2.3416,1.34,,,6.6139,4.7971,9.3303,0.0,,74947.5,68739.4322,32697.5126,760717.125,697705.2368,0
2079,600740.SH,20230106,5.48,0.6814,1.5829,1.36,11.1405,6.6212,0.9628,1.2506,1.1282,2.7372,2.7372,256212.1154,256212.1154,110300.67,1404042.3924,1404042.3924,0
2080,000811.SZ,20230106,11.4,0.7994,1.3676,0.82,28.2622,21.3642,1.7453,1.5794,1.4699,1.7544,1.7544,74583.7804,74582.2631,43597.8766,850255.0966,850237.7993,0
2081,603500.SH,20230106,11.62,0.2358,0.6653,1.07,45.4726,43.6128,3.1916,5.8417,5.1225,1.1027,1.1027,24554.8776,24554.8776,8704.5904,285327.6777,285327.6777,0
2082,600354.SH,20230106,7.93,12.8677,18.0224,1.15,462.4246,,7.1581,4.5389,4.7332,0.0,,52780.208,52780.208,37684.3036,418547.0494,418547.0494,0
2083,605006.SH,20230106,8.37,0.4746,0.655,1.15,9.1974,9.3583,1.9037,1.8271,1.7654,1.0952,1.0952,60000.5625,28356.3992,20544.9901,502204.7081,237343.0613,0
2084,300512.SZ,20230106,7.12,0.3541,0.9678,1.04,22.0746,31.5357,1.8375,2.7528,3.1065,0.1867,0.1867,41097.725,32607.9873,11929.6049,292615.802,232168.8696,0
2085,300191.SZ,20230106,17.28,0.7874,1.0381,1.04,161.2899,108.1844,4.363,13.6068,11.7954,0.1157,0.1157,32000.0,22007.0,16692.0,552960.0,380280.96,0
2086,600456.SH,20230106,40.68,1.0692,2.047,0.89,34.6898,32.4763,3.1644,3.7049,3.3923,2.0895,2.0895,47777.7539,47777.7539,24955.0241,1943599.0287,1943599.0287,0
2087,300680.SZ,20230106,26.24,1.991,2.252,2.84,62.0821,64.7142,3.6717,6.5205,5.4182,0.333,0.333,23102.4278,14360.9671,12696.9873,606207.7055,376831.7767,0
2088,603213.SH,20230106,16.18,10.7265,20.4111,2.63,14.1709,12.6007,4.2595,3.4431,2.5716,3.56,3.56,43480.0,15579.4713,8187.3779,703506.4,252075.8456,1
2089,000895.SZ,20230106,25.66,0.2221,0.7489,0.75,18.2705,16.2269,4.3807,1.3332,1.4754,7.3967,7.3967,346466.1213,346412.3744,102739.638,8890320.6726,8888941.5271,0
2090,603882.SH,20230106,77.12,0.4396,0.7615,0.58,16.2304,12.0256,4.3213,3.0164,2.3192,1.655,1.655,46713.8775,46401.5077,26789.1003,3602574.2328,3578484.2738,0
2091,000590.SZ,20230106,9.01,5.7759,10.7299,0.95,60.8838,178.7341,3.1,7.1736,4.7297,0.0,,23947.1267,23937.6227,12885.7492,215763.6116,215677.9805,0
2092,301380.SZ,20230106,35.78,6.4655,6.4655,0.66,37.3463,39.3585,2.7174,3.6421,3.6378,,,6800.0,1700.0,1700.0,243304.0,60826.0,0
2093,600219.SH,20230106,3.33,0.3485,0.6031,1.04,11.4311,10.4244,0.882,1.3573,1.1182,1.9117,1.9117,1170855.2848,1170855.2848,676635.3193,3898948.0984,3898948.0984,0
2094,000731.SZ,20230106,8.24,1.5906,1.8137,2.13,8.483,6.7042,1.2547,1.1798,0.9836,2.0631,2.0631,58572.3752,58572.3752,51367.02,482636.3716,482636.3716,0
2095,688046.SH,20230106,27.3,7.8423,7.8423,1.55,89.596,66.7692,5.7679,28.424,22.3713,,,41000.0,4497.7828,4497.7828,1119300.0,122789.4704,0
2096,000818.SZ,20230106,31.5,3.1821,4.3757,4.05,29.2138,76.7042,6.0049,4.4032,4.7389,0.3175,0.3175,67915.6,67638.344,49188.124,2139341.4,2130607.836,0
2097,603155.SH,20230106,27.41,1.5454,1.5454,1.35,19.3544,17.4249,2.6769,7.0258,5.2077,2.5161,2.5161,22556.2,5639.05,5639.05,618265.442,154566.3605,0
2098,301327.SZ,20230106,203.09,4.1305,4.1305,1.45,69.8036,60.6924,3.0605,8.4213,6.4987,,,9600.0,2327.4405,2327.4405,1949664.0,472679.8911,0
2099,002080.SZ,20230106,23.0,0.4824,1.2131,0.72,11.4415,12.2766,2.5511,1.9018,1.8962,2.7609,2.7609,167812.3584,167812.3584,66724.898,3859684.2432,3859684.2432,0
2100,300715.SZ,20230106,14.18,0.3874,0.8158,0.83,75.8865,,2.1453,2.1108,2.4846,4.1708,4.1708,38490.9628,27793.6103,13200.3353,545801.8525,394113.3941,0
2101,603968.SH,20230106,22.17,0.9903,2.0317,1.05,26.045,11.3845,2.2535,1.5115,1.2372,2.2553,2.2553,20448.0,20448.0,9966.8794,453332.16,453332.16,0
2102,688081.SH,20230106,17.36,0.4005,0.9277,0.81,,,2.0139,8.1564,9.3607,,,7360.0,7360.0,3177.15,127769.6,127769.6,0
2103,600876.SH,20230106,20.84,1.5819,3.8844,2.39,50.8545,67.7456,3.2853,3.7319,3.2267,0.0,,64567.4963,38244.5239,15575.2067,1345586.6229,797015.8781,0
2104,300990.SZ,20230106,109.5,8.5292,8.5292,1.11,85.4464,92.0578,6.4607,12.3569,11.3402,0.5074,0.5074,9360.0,2340.0,2340.0,1024920.0,256230.0,0
2105,603633.SH,20230106,14.38,1.2238,2.0516,1.02,98.925,70.4487,2.5501,6.8868,5.4497,0.0,,32831.6014,26350.12,15717.7332,472118.4281,378914.7256,0
2106,001323.SZ,20230106,36.0,2.9915,2.9915,1.51,20.9782,20.6101,3.5314,2.2219,2.2632,2.7778,2.7778,40001.0,4001.0,4001.0,1440036.0,144036.0,0
2107,000404.SZ,20230106,5.59,3.2761,4.7214,0.54,20.9812,16.6542,1.1192,0.2948,0.2997,2.6834,2.6834,69599.5979,69576.6772,48277.18,389061.7523,388933.6255,0
2108,002052.SZ,20230106,2.71,0.7355,0.9548,1.53,,,19.7782,14.518,11.2927,0.0,,74595.9694,74595.9694,57459.3035,202155.0771,202155.0771,0
2109,002034.SZ,20230106,18.39,0.391,0.8382,0.95,12.1888,11.213,1.3981,2.6613,2.7839,1.6313,1.6313,42949.591,42639.7122,19891.7586,789842.9785,784144.3074,0
2110,300814.SZ,20230106,19.94,16.1689,16.1689,1.74,36.4011,37.6638,3.1848,2.4337,2.2111,0.8024,0.8024,17579.6,5079.6,5079.6,350537.224,101287.224,0
2111,000065.SZ,20230106,8.45,0.7412,1.7116,0.69,13.5712,13.43,1.1099,0.6486,0.5841,0.7369,0.7369,100170.9414,90528.5828,39204.7551,846444.4548,764966.5247,0
2112,300824.SZ,20230106,9.6,1.2484,1.5261,0.6,28.8773,47.1274,4.4975,3.6992,3.7358,1.7359,1.7359,32634.1682,14530.6307,11885.8226,313288.0147,139494.0547,0
2113,000766.SZ,20230106,5.37,0.7042,0.9203,0.61,147.1392,162.4199,2.2379,3.4247,3.5899,0.0,,96649.4707,84856.4434,64927.3033,519007.6577,455679.1011,0
2114,000591.SZ,20230106,7.88,4.6549,7.128,1.19,26.087,26.6109,1.4552,4.3908,4.0003,1.3832,1.3832,390922.7441,300706.2557,196375.417,3080471.2235,2369565.2949,0
2115,002993.SZ,20230106,36.18,3.221,3.2279,1.24,29.0738,21.0524,2.2128,2.3525,2.1579,0.4707,0.4707,27604.0,6036.725,6023.725,998712.72,218408.7105,0
2116,603259.SH,20230106,87.57,0.9687,1.3373,1.05,50.8515,29.0814,5.784,11.3175,7.4534,0.5907,0.5907,295989.2386,255874.1252,185350.4737,25919777.6242,22406897.1438,0
2117,000541.SZ,20230106,5.04,0.6583,1.3498,1.01,27.4477,24.6187,1.3244,1.4383,0.8651,1.9598,1.9598,136199.4647,105648.8844,51523.2413,686445.3021,532470.3774,0
2118,688152.SH,20230106,192.38,4.1942,4.1942,0.67,91.1385,71.7147,8.0264,30.0776,24.915,,,5284.4724,1131.3388,1131.3388,1016626.8003,217646.9583,0
2119,600222.SH,20230106,6.29,3.6239,5.111,0.79,602.0882,,2.3076,2.2497,2.0235,0.156,0.156,57388.6283,57388.6283,40690.8619,360974.472,360974.472,0
2120,601318.SH,20230106,49.74,0.7204,0.7906,1.21,8.9478,9.4279,1.106,0.7703,0.7934,4.7878,4.7878,1828024.141,1083266.4498,986994.5396,90925920.7733,53881673.2131,0
2121,600070.SH,20230106,6.14,9.485,12.6414,3.75,,,1.9927,2.3744,5.2857,0.0,,50742.0732,50672.0732,38020.0024,311556.3294,311126.5294,0
2122,002178.SZ,20230106,4.52,1.6033,2.5196,0.63,357.5336,,5.7538,3.9393,5.2012,0.0,,71215.3001,71152.4366,45276.2372,321893.1565,321609.0134,0
2123,003035.SZ,20230106,5.84,0.9907,1.5957,2.85,46.6766,40.111,3.5097,8.5078,7.5677,0.2158,0.2158,378787.8787,163606.0605,101575.7575,2212121.2116,955459.3933,0
2124,600803.SH,20230106,16.8,1.891,3.2773,3.08,12.6919,12.8525,3.6909,0.4491,0.3644,1.6775,1.6775,309866.2607,146128.1888,84317.9498,5205753.1798,2454953.5718,0
2125,605055.SH,20230106,6.04,2.2127,2.2127,0.72,31.9257,270.359,2.3335,2.1064,1.8306,0.0,,44000.0,9894.7368,9894.7368,265760.0,59764.2103,0
2126,603338.SH,20230106,45.84,1.1762,2.742,2.34,26.243,22.5125,3.4713,4.6992,4.5405,0.7417,0.7417,50634.7879,50634.7879,21719.4099,2321098.6773,2321098.6773,0
2127,605111.SH,20230106,84.21,9.1115,9.1115,5.13,43.7027,41.0087,5.4948,11.9726,10.3934,0.4578,0.4578,21301.8309,14206.864,14206.864,1793827.1801,1196360.0174,0
2128,301029.SZ,20230106,67.57,0.7802,1.6022,1.89,81.2158,63.6547,12.7105,18.0489,14.1055,0.3688,0.3688,48155.76,24784.6476,12069.1444,3253884.7032,1674698.6383,0
2129,688611.SH,20230106,46.58,0.7207,0.7207,0.75,25.8718,27.4946,3.3234,10.7127,10.6256,,,5590.0,1327.625,1327.625,260382.2,61840.7725,0
2130,003022.SZ,20230106,35.24,4.5245,4.5245,1.04,43.1567,44.9824,6.8729,6.2085,5.649,0.5675,0.5675,133556.8,30669.6,30669.6,4706541.632,1080796.704,1
2131,000558.SZ,20230106,2.8,1.6313,2.8443,0.93,,,3.2691,25.657,39.269,0.0,,128922.3949,128862.1496,73906.3535,360982.7057,360814.0189,0
2132,300334.SZ,20230106,6.33,0.513,0.8811,0.7,67.5748,,2.6229,4.0396,5.6003,0.0,,30206.5356,30202.9761,17586.6096,191207.3703,191184.8387,0
2133,688518.SH,20230106,31.15,1.7908,1.7919,1.14,101.8885,42.051,5.5277,6.6976,3.9424,,,30096.22,25147.9685,25132.9685,937497.253,783359.2188,0
2134,301016.SZ,20230106,20.2,6.3316,6.3316,1.47,19.102,28.9484,2.5532,4.7508,5.8931,0.7426,0.7426,12000.0,3000.0,3000.0,242400.0,60600.0,0
2135,600661.SH,20230106,10.35,6.3991,12.0775,1.31,,,8.4844,1.8683,3.7083,0.0,,28654.883,28654.883,15182.432,296578.0391,296578.0391,0
2136,603466.SH,20230106,13.6,5.2491,11.6818,0.58,18.5474,135.3484,3.8547,2.7686,4.1313,2.4789,2.4789,59847.8111,59634.9311,26796.5411,813930.231,811035.063,0
2137,300294.SZ,20230106,36.08,1.9543,3.0342,0.76,52.8063,41.4096,2.5368,6.864,6.6843,0.4157,0.4157,50424.8738,42594.0163,27434.6173,1819329.4467,1536792.1081,0
2138,002595.SZ,20230106,23.23,0.3126,0.4249,0.79,17.6457,17.2073,2.6887,3.093,2.9546,1.6077,1.6077,80000.0,53338.4526,39238.1601,1858400.0,1239052.2539,0
2139,688285.SH,20230106,7.83,0.9016,0.9016,0.81,20.8679,25.5285,1.9382,2.0822,2.4741,,,37628.9913,8939.5,8939.5,294635.0019,69996.285,0
2140,600973.SH,20230106,4.87,1.0969,1.8644,0.79,,,1.9329,0.1558,0.1573,0.0,,137136.6248,125196.3263,73661.741,667855.3628,609706.1091,0
2141,600645.SH,20230106,17.62,1.1428,1.4838,1.47,53.0856,104.3074,2.3252,5.3704,5.3135,0.0,,46794.889,46777.0165,36027.7493,824525.9442,824211.0307,0
2142,600180.SH,20230106,5.79,0.3701,1.0708,0.8,7.4332,9.4178,0.8066,0.1278,0.118,3.0484,3.0484,105190.2464,105190.2464,36353.0628,609051.5267,609051.5267,0
2143,689009.SH,20230106,30.31,0.8446,1.2646,1.31,52.6317,51.9572,4.5168,2.3628,2.2568,,,71298.314,51170.043,34175.51,2161051.8973,1550964.0033,0
2144,002469.SZ,20230106,6.1,1.6859,2.2107,1.02,10.4853,12.7,1.5699,1.5041,1.4185,4.0984,4.0984,64886.263,61866.7289,47179.8581,395806.2043,377387.0463,0
2145,600999.SH,20230106,13.5,0.1896,0.4665,1.32,10.0818,12.4575,1.1902,3.9894,5.1168,4.0,4.0,869652.6806,742200.5272,301633.7568,11740311.1881,10019707.1172,0
2146,002936.SZ,20230106,2.38,0.32,0.3801,0.84,6.0976,5.9651,0.4517,1.3291,1.2227,0.0,,826553.7599,608471.3155,512304.3618,1967197.9486,1448161.7309,0
2147,300430.SZ,20230106,12.35,1.0006,1.8024,1.11,32.8214,28.7037,1.7568,3.6865,3.3937,0.1618,0.1618,27320.2096,25639.5903,14233.7419,337404.5886,316648.9402,0
2148,301062.SZ,20230106,9.32,6.3583,8.0246,3.93,25.7877,33.1953,3.4593,3.3314,3.1912,0.6438,0.6438,40039.18,26135.8324,20708.6766,373165.1576,243585.958,0
2149,300463.SZ,20230106,17.85,0.804,0.9418,0.77,11.4285,14.3645,1.7677,2.7464,2.963,2.6218,2.6218,61246.959,49534.9783,42289.3838,1093258.2182,884199.3627,0
2150,601177.SH,20230106,8.15,0.3739,0.7633,1.15,23.7907,22.7414,1.5754,1.5236,1.4836,0.2699,0.2699,40006.0,40006.0,19598.855,326048.9,326048.9,0
2151,600671.SH,20230106,8.95,0.6528,1.2054,0.47,,,69.8799,7.4109,8.6819,0.0,,12177.8885,12172.0533,6592.1045,108992.1021,108939.877,0
2152,603985.SH,20230106,27.55,1.2213,2.3082,0.63,27.4846,75.2638,3.6144,5.2957,6.3256,0.2792,0.2792,44085.8003,34448.96,18227.2129,1214563.7983,949068.848,0
2153,000403.SZ,20230106,22.64,1.5169,2.1656,0.54,42.3988,37.9684,2.5111,8.4092,7.81,0.2476,0.2476,73236.0101,60317.4941,42251.3067,1658063.2687,1365588.0664,0
2154,300620.SZ,20230106,41.05,0.7893,1.8642,1.26,51.4914,54.6501,4.1711,10.0862,9.9852,0.4872,0.4872,16408.1215,16033.4262,6788.3492,673553.3876,658172.1455,0
2155,601880.SH,20230106,1.62,0.1186,0.3416,0.39,20.2805,23.8773,1.01,3.1471,3.1566,1.6667,1.6667,2398706.5816,1882834.9817,653460.0053,3885904.6622,3050192.6704,0
2156,600805.SH,20230106,4.48,0.4867,0.7356,0.74,,,0.8706,0.9807,1.125,0.0,,85089.4494,85027.5368,56258.3231,381200.7333,380923.3649,0
2157,688246.SH,20230106,33.3,2.0497,3.6141,0.81,92.4981,62.3046,2.6322,7.0425,6.3501,,,13787.7502,9986.5166,5663.7531,459132.0817,332551.0028,0
2158,603766.SH,20230106,5.05,0.3813,0.7637,0.73,26.9499,22.18,1.2837,0.7942,0.7841,1.1881,1.1881,205354.185,205354.185,102530.5795,1037038.6343,1037038.6343,0
2159,603408.SH,20230106,11.09,1.3186,1.3186,0.99,13.2369,11.5211,1.8066,1.0571,1.094,3.5486,3.5486,44918.0,11601.8633,11601.8633,498140.62,128664.664,0
2160,000004.SZ,20230106,9.61,1.314,1.851,1.23,,,1.433,4.4184,6.1688,0.0,,13284.8008,11632.8474,8258.3399,127666.9357,111791.6635,0
2161,601628.SH,20230106,37.03,0.0481,0.6674,0.79,20.5542,31.2095,2.3082,1.2191,1.2583,1.7553,1.7553,2826470.5,2082353.0,150000.0,104664202.615,77109531.59,0
2162,301042.SZ,20230106,34.01,1.1535,2.0021,1.66,32.3935,22.1551,2.0394,2.6979,2.7882,2.9403,2.9403,6885.0,4041.8,2328.65,234158.85,137461.618,0
2163,002350.SZ,20230106,7.04,2.332,3.8004,1.96,35.1842,85.2939,2.1033,1.6365,1.6158,0.1398,0.1398,54236.9011,52921.68,32473.6576,381827.7837,372568.6272,0
2164,600505.SH,20230106,7.97,1.0299,2.3324,1.12,68.3213,74.0815,2.3217,2.6867,2.5409,0.4391,0.4391,36456.75,36456.75,16096.8977,290560.2975,290560.2975,0
2165,688172.SH,20230106,19.18,5.6931,5.6931,0.78,41.7822,35.3776,1.6056,11.3033,9.736,,,119910.4111,11964.48,11964.48,2299881.6849,229478.7264,0
2166,300750.SZ,20230106,416.66,0.879,1.3756,1.25,63.8803,39.4889,6.7751,7.8071,3.8068,0.1565,0.1565,244251.4524,209246.6281,133709.7877,101769810.157,87184700.0641,0
2167,300315.SZ,20230106,3.25,1.1914,1.2798,0.76,,,1.9176,6.0873,7.2319,0.0,,275748.4192,260651.6357,242647.7994,896182.3624,847117.816,0
2168,000938.SZ,20230106,23.46,3.5922,4.9893,1.98,31.2423,30.6971,2.1409,0.992,0.9079,0.4263,0.4263,286007.9874,286007.9874,205920.914,6709747.3844,6709747.3844,0
2169,001231.SZ,20230106,23.17,4.2792,4.2792,0.99,28.0798,26.9867,2.65,4.257,3.7603,0.0,,10000.0,2500.0,2500.0,231700.0,57925.0,0
2170,600887.SH,20230106,31.5,0.535,0.585,0.98,23.157,22.8502,4.1992,1.8301,1.6944,3.048,3.048,639934.5318,630798.8972,576945.3146,20157937.7517,19870165.2618,0
2171,002354.SZ,20230106,3.95,3.2913,3.3096,0.96,152.9846,,2.5021,3.7048,3.4286,0.0,,165458.582,146868.3984,146057.274,653561.3989,580130.1737,0
2172,300307.SZ,20230106,5.03,0.9478,1.5383,0.62,44.5282,79.5108,1.4375,1.8423,1.9848,0.0,,78054.1776,77176.5047,47549.7506,392612.5133,388197.8186,0
2173,300637.SZ,20230106,6.83,0.6973,1.1547,0.8,242.926,149.2457,2.084,2.2242,1.9104,0.0,,23475.013,23420.407,14142.247,160334.3388,159961.3798,0
2174,300762.SZ,20230106,13.38,1.0533,1.4204,1.01,35.7508,34.5555,3.1191,11.5226,11.4032,0.2803,0.2803,62801.4412,62731.9244,46518.6058,840283.2833,839353.1485,0
2175,000625.SZ,20230106,12.51,2.1304,3.6656,1.19,34.9396,16.638,2.0077,1.1805,1.1153,1.4327,1.4327,992179.9422,760442.0121,441965.1304,12412171.0769,9513129.5714,0
2176,301136.SZ,20230106,12.86,1.3211,1.3211,0.63,45.864,54.314,2.378,5.3092,5.1548,0.7776,0.7776,27520.482,5929.5502,5929.5502,353913.3985,76254.0156,0
2177,300273.SZ,20230106,2.14,1.4426,1.531,0.65,,,0.9233,2.3026,5.2319,0.0,,78983.0936,68127.8517,64192.629,169023.8203,145793.6026,0
2178,002681.SZ,20230106,3.77,0.9642,2.2102,0.67,133.9129,20.4576,2.8846,1.6505,1.9169,0.0,,182466.762,126901.2348,55362.4089,687899.6927,478417.6552,0
2179,301234.SZ,20230106,29.97,3.4124,3.4124,0.71,29.7981,31.1783,2.9053,3.9729,3.7403,0.0,,6800.0,1700.0,1700.0,203796.0,50949.0,0
2180,000922.SZ,20230106,9.37,2.3511,3.7049,1.93,26.1931,20.8847,1.933,1.8353,1.6257,0.8575,0.8575,59654.0053,58487.7053,37115.9214,558958.0297,548029.7987,0
2181,000005.SZ,20230106,1.89,0.5401,0.6573,1.13,14.3893,,1.4463,5.2163,7.525,0.0,,105853.6842,105794.6242,86921.9742,200063.4631,199951.8397,0
2182,688585.SH,20230106,8.4,0.9846,1.728,1.26,269.2891,44.2829,3.0465,1.6341,1.6843,,,40320.0,8368.2878,4768.5378,338688.0,70293.6175,0
2183,688226.SH,20230106,31.19,8.3141,11.8252,2.87,81.3912,74.1871,5.4896,3.8799,3.3401,,,15600.0,8231.2,5787.2,486564.0,256731.128,0
2184,600256.SH,20230106,9.34,2.3108,3.6292,1.5,12.2572,5.761,2.3147,2.4663,1.3426,4.2797,4.2797,656575.5139,656575.5139,418061.9515,6132415.2998,6132415.2998,0
2185,600030.SH,20230106,20.41,0.4428,0.5551,0.87,13.0949,13.7357,1.287,3.9529,4.4137,2.6458,2.6458,1482054.6829,1136668.3345,906703.3237,30248736.078,23199400.7071,0
2186,603057.SH,20230106,30.51,7.3444,7.3444,1.11,38.3708,48.0443,6.2011,4.0652,3.6327,,,41200.0,4200.0,4200.0,1257012.0,128142.0,0
2187,000828.SZ,20230106,9.02,0.2439,0.8082,1.02,10.0862,10.939,1.0565,1.7622,1.3907,2.9933,2.9933,103951.6992,103951.5642,31367.3048,937644.3268,937643.1091,0
2188,002183.SZ,20230106,6.26,3.0262,4.2507,0.6,32.0997,52.8535,1.823,0.2316,0.2312,0.639,0.639,259700.9091,238308.946,169660.566,1625727.691,1491814.002,0
2189,002617.SZ,20230106,9.53,1.9606,2.3382,1.43,274.5475,,2.9905,5.1576,5.2841,0.0,,192300.5903,129363.8417,108472.9826,1832624.6256,1232837.4114,0
2190,301089.SZ,20230106,74.72,3.7391,7.5172,0.9,143.2747,86.1284,7.889,18.7364,17.533,0.1338,0.1338,12600.0,7708.105,3834.0451,941472.0,575949.6056,0
2191,301152.SZ,20230106,49.46,6.7635,6.7635,1.21,71.1048,29.8587,2.3879,3.6285,2.4135,,,12198.2307,2644.1307,2644.1307,603324.4904,130778.7044,0
2192,688520.SH,20230106,64.76,2.3004,2.3311,0.8,,,,214.5944,37.2278,,,44533.5714,9142.8154,9022.3852,2883994.0839,592088.7253,0
2193,002823.SZ,20230106,9.61,4.3793,5.2207,2.84,216.5036,74.3171,2.2056,1.1274,1.0757,0.1051,0.1051,28710.4308,15783.6155,13239.7472,275907.24,151680.545,0
2194,301070.SZ,20230106,25.19,2.1613,2.6973,1.62,30.225,48.8444,2.0493,4.7387,5.1969,1.9849,1.9849,6455.52,3529.338,2828.04,162614.5488,88904.0242,0
2195,000545.SZ,20230106,3.58,0.8185,1.246,1.14,32.9211,,1.8184,1.3484,1.3235,0.0,,98683.3096,98540.3096,64730.1648,353286.2484,352774.3084,0
2196,920062.BJ,20230106,5.42,0.4194,0.4629,1.11,22.461,15.5917,1.6893,1.4905,1.1489,,,17908.6277,9949.5863,9013.1577,97064.7621,53926.7577,0
2197,600643.SH,20230106,5.56,0.221,0.4295,0.87,7.827,13.619,0.7099,4.7143,6.0509,3.933,3.933,162192.2452,161910.339,83323.6092,901788.8833,900221.4848,0
2198,600875.SH,20230106,22.46,1.3645,2.652,1.15,30.6017,23.9655,2.0357,1.4982,1.3025,1.024,1.024,311880.7797,200628.1598,103226.4835,7004842.3121,4506108.4691,0
2199,002299.SZ,20230106,22.76,0.8136,1.7584,1.14,63.1537,104.0727,2.9162,1.9552,1.7301,1.3127,1.3127,124375.3169,122969.5272,56899.7171,2830782.2126,2798786.4391,0
2200,603613.SH,20230106,97.0,0.8253,1.2594,1.1,83.6246,52.4334,9.7673,1.2992,0.8056,0.1202,0.1202,49865.5409,49865.5409,32677.6618,4836957.4673,4836957.4673,0
2201,600688.SH,20230106,3.15,0.1606,0.6298,0.95,17.0432,,1.2507,0.3819,0.4002,3.1746,3.1746,1082381.35,732881.35,186935.85,3409501.2525,2308576.2525,0
2202,688153.SH,20230106,37.93,3.9856,3.9856,1.38,,,4.0643,4.4175,6.1139,,,40861.9418,3215.4463,3215.4463,1549893.4525,121961.8782,0
2203,002806.SZ,20230106,10.68,2.0806,2.7997,1.77,32.2302,67.3144,1.7647,2.9381,2.9854,0.0,,18930.0141,14543.5882,10808.4545,202172.5506,155325.522,0
2204,000020.SZ,20230106,9.2,0.4082,1.1951,0.6,361.7216,342.1602,7.4013,3.4026,3.8326,0.0,,28316.1227,18116.5391,6187.5497,260508.3288,166672.1597,0
2205,300927.SZ,20230106,16.64,3.9049,7.9223,0.71,31.6798,33.3704,3.8494,3.3834,3.2307,0.9615,0.9615,14436.0,8554.5788,4216.5788,240215.04,142348.1912,0
2206,600257.SH,20230106,5.59,9.4917,12.1288,0.92,,,2.8254,2.0816,2.271,0.0,,48123.7188,48123.7188,37660.5977,269011.5881,269011.5881,0
2207,002061.SZ,20230106,5.42,0.8358,1.4498,1.01,10.3903,7.7647,0.7948,0.2185,0.2084,2.7343,2.7343,185652.7072,185652.7072,107030.6096,1006237.673,1006237.673,0
2208,603816.SH,20230106,44.71,1.2114,2.0429,2.31,22.0774,20.0834,4.3135,2.0034,1.9465,2.271,2.271,82189.1519,82189.1519,48739.2592,3674676.9814,3674676.9814,0
2209,002878.SZ,20230106,15.95,3.0238,6.7319,0.85,30.796,16.8662,3.4892,1.5572,1.0759,2.2571,2.2571,22317.0841,19338.3056,8686.2708,355957.4914,308445.9743,0
2210,605136.SH,20230106,13.97,7.1488,11.1055,0.74,13.6204,50.5923,2.1712,1.3465,1.491,1.5086,1.5086,40045.85,19610.1451,12623.3292,559440.5245,273953.727,0
2211,300291.SZ,20230106,4.62,1.5925,2.6084,0.85,63.9997,,1.1446,5.2886,8.8672,0.0,,91882.1518,77858.5244,47532.4446,424495.5413,359706.3827,0
2212,002232.SZ,20230106,13.63,2.4726,5.5839,1.19,137.8184,87.7812,4.0464,5.2973,3.7355,0.3668,0.3668,40854.8455,40854.8455,18090.8732,556851.5442,556851.5442,0
2213,688279.SH,20230106,88.4,2.4376,2.4376,0.83,60.3609,60.5814,3.6663,24.7125,26.6404,,,9236.338,2198.5645,2198.5645,816492.2792,194353.1018,0
2214,000546.SZ,20230106,12.51,2.4448,3.6271,1.24,113.1815,,1.8487,1.1177,1.6462,0.1592,0.1592,78078.1962,71147.0371,47956.2743,976758.2345,890049.4341,0
2215,002169.SZ,20230106,8.72,8.0928,10.4245,4.63,20.4545,,2.0983,3.6363,3.318,1.1206,1.1206,78779.1994,76376.1867,59292.9496,686954.6188,666000.348,0
2216,002977.SZ,20230106,36.7,1.333,1.8202,0.79,32.9917,41.4309,3.4703,13.195,11.2731,0.5839,0.5839,10010.0,4511.4034,3303.9034,367367.0,165568.5048,0
2217,688065.SH,20230106,62.08,0.3452,0.5352,1.26,59.5663,59.9417,3.3277,16.4781,15.0723,,,58327.8195,26375.4043,17010.6535,3620991.0346,1637385.0989,0
2218,002563.SZ,20230106,5.29,0.3724,1.0026,0.84,9.5876,17.4844,1.3451,0.9242,0.9937,9.4518,9.4518,269409.016,188298.014,69949.5215,1425173.6946,996096.4941,0
2219,300044.SZ,20230106,2.93,2.1645,2.1997,0.75,,,2.2472,2.1858,3.8762,0.0,,77016.1228,66919.9139,65848.895,225657.2398,196075.3477,0
2220,603219.SH,20230106,15.98,2.1795,3.7429,2.16,27.6565,20.7962,4.5359,2.4641,2.3793,2.5031,2.5031,40100.0,11091.8032,6458.815,640798.0,177247.0151,0
2221,002264.SZ,20230106,6.1,3.634,7.9527,0.55,230.1322,19.4155,2.9288,0.8728,1.2398,0.0,,71998.9783,61699.7289,28193.9276,439193.7676,376368.3463,0
2222,688687.SH,20230106,23.04,1.8094,1.8094,0.5,36.7019,40.2363,2.318,3.441,3.0894,,,17090.8422,11608.9519,11608.9519,393773.0043,267470.2518,0
2223,300615.SZ,20230106,11.34,1.0822,1.532,0.77,310.9584,59.341,4.0895,7.7832,5.4992,0.4376,0.4376,18994.72,12866.5472,9089.1117,215400.1248,145906.6452,0
2224,688459.SH,20230106,9.06,1.1521,1.1521,0.6,40.4513,31.1703,1.3566,4.9886,4.7674,,,48000.0,8284.8105,8284.8105,434880.0,75060.3831,0
2225,603688.SH,20230106,140.01,2.5837,5.5396,1.93,180.0243,74.8858,18.1838,52.6527,33.3937,0.1669,0.1669,36127.7126,36127.7126,16850.144,5058241.0411,5058241.0411,0
2226,000070.SZ,20230106,7.1,1.8027,2.9568,0.64,,,3.3614,1.3062,1.3526,0.0,,84458.8171,83281.8628,50775.4371,599657.6014,591301.2259,0
2227,300566.SZ,20230106,29.75,8.3294,10.1261,2.45,65.8133,155.2522,4.6352,4.077,3.6986,0.334,0.334,26374.155,20477.2085,16843.7596,784631.1113,609196.9529,0
2228,600227.SH,20230106,3.06,0.5369,0.6519,0.46,,,1.7603,2.3751,2.1106,0.0,,169313.4201,127817.9547,105260.5445,518099.0655,391122.9414,0
2229,688177.SH,20230106,24.62,1.239,1.5486,1.67,124.4213,,5.5646,12.1861,12.6962,,,41408.0,10754.3423,8604.3952,1019464.96,264771.9074,0
2230,601186.SH,20230106,7.82,0.504,1.2712,1.0,4.3009,4.1537,0.482,0.1041,0.0981,3.1458,3.1458,1357954.15,1150324.55,456050.891,10619201.453,8995537.981,0
2231,600506.SH,20230106,11.73,2.9484,3.8736,0.4,,,5.0602,6.4439,1.203,0.0,,19201.8934,14770.6873,11242.8858,225238.2096,173260.162,0
2232,600892.SH,20230106,5.15,7.1467,14.1629,0.89,,,16.5032,13.4475,13.3452,0.0,,55946.4188,55931.9536,28223.55,288124.0568,288049.561,0
2233,002290.SZ,20230106,8.61,2.3294,4.6898,0.92,26.0594,29.6175,3.4617,0.9416,0.9534,0.0,,24811.233,21902.4046,10878.6247,213624.7161,188579.7036,0
2234,600787.SH,20230106,4.95,0.7789,2.0516,1.31,12.2946,15.5601,0.8447,0.144,0.1349,3.2559,3.2559,218807.2878,217007.9582,82392.1217,1083096.0746,1074189.3931,0
2235,600985.SH,20230106,12.94,0.3832,1.0829,0.86,6.7159,5.0517,1.0171,0.4942,0.4353,5.4096,5.4096,248103.5925,248103.5925,87800.063,3210460.487,3210460.487,0
2236,002581.SZ,20230106,15.36,0.6731,0.8682,0.9,37.3929,,4.1317,25.1632,27.9584,0.0,,65973.5586,40079.1161,31069.8101,1013353.8601,615615.2233,0
2237,002803.SZ,20230106,16.57,8.2989,11.0717,0.84,27.5885,35.1928,3.0233,1.211,1.1904,0.0,,37840.9288,28384.3153,21275.7056,627024.1902,470328.1045,0
2238,603077.SH,20230106,3.06,0.803,1.1958,1.24,8.9384,6.0899,1.4519,2.7388,2.0331,0.4843,0.4843,883125.0228,883125.0228,593047.9879,2702362.5698,2702362.5698,0
2239,000919.SZ,20230106,7.86,2.1171,3.87,0.93,33.2577,34.5676,1.334,1.4283,1.458,1.2723,1.2723,51040.0,50326.4468,27532.0629,401174.4,395565.8718,0
2240,603629.SH,20230106,17.65,0.5321,1.0272,0.83,55.6548,41.1665,1.991,1.7802,1.781,0.7001,0.7001,18200.0,18200.0,9427.43,321230.0,321230.0,0
2241,300581.SZ,20230106,17.57,1.1372,2.5851,0.82,212.7612,282.8435,5.7142,25.3619,28.6168,0.0,,32359.3851,32359.3851,14234.7969,568554.3962,568554.3962,0
2242,603733.SH,20230106,30.52,0.2563,1.16,0.63,21.193,31.6637,3.3334,3.5809,3.0072,1.1468,1.1468,70597.5004,70597.5004,15597.4404,2154635.7122,2154635.7122,0
2243,688660.SH,20230106,6.25,1.4633,1.4633,1.78,16.436,241.6761,1.1121,0.3476,0.7459,,,133333.34,51733.3398,51733.3398,833333.375,323333.3738,0
2244,920021.BJ,20230106,3.01,0.2688,0.3335,1.23,12.4865,14.5458,1.422,1.115,0.9857,,,31499.9983,23689.7965,19095.0983,94814.9949,71306.2875,0
2245,300616.SZ,20230106,22.29,4.9798,6.4915,1.32,49.3672,,1.2527,0.6058,0.7498,0.6702,0.6702,19867.5,13012.5262,9982.2933,442846.575,290049.209,0
2246,300561.SZ,20230106,9.28,1.1996,1.5284,1.03,214.6814,289.4528,4.6593,18.2074,19.982,0.7004,0.7004,32810.7975,18118.8873,14221.5106,304484.2008,168143.2741,0
2247,688227.SH,20230106,23.04,2.5157,3.421,0.92,46.8329,45.6886,1.8914,5.5303,5.4609,,,11305.5275,6203.1095,4561.6202,260479.3536,142919.6429,0
2248,002826.SZ,20230106,10.36,5.4419,7.8419,0.96,46.5073,42.4018,2.7435,2.7231,2.4722,0.9653,0.9653,19068.225,17620.4634,12227.8526,197546.811,182548.0008,0
2249,002027.SZ,20230106,6.88,1.9661,2.9173,2.32,16.3879,26.3471,5.3132,6.6972,8.9851,1.8895,1.8895,1444219.9726,1444219.9726,973320.6673,9936233.4115,9936233.4115,0
2250,688092.SH,20230106,25.02,1.6055,1.6154,1.22,27.8753,28.9398,2.7949,4.6535,4.8658,,,5929.8731,2623.806,2607.6976,148365.425,65647.6261,0
2251,002121.SZ,20230106,10.18,5.3683,7.2233,1.56,,,21.7399,4.4829,4.6779,0.0,,140834.9147,133046.8886,98878.3595,1433699.4316,1354417.3259,0
2252,002282.SZ,20230106,7.51,0.4787,0.8126,1.35,18.0473,24.9156,1.2034,2.5799,2.7587,1.9973,1.9973,54394.4364,40412.1853,23808.11,408502.2174,303495.5116,0
2253,001223.SZ,20230106,70.78,40.2282,40.2282,2.05,20.6434,22.3411,2.6865,8.4511,8.301,,,6668.0,1668.0,1668.0,471961.04,118061.04,0
2254,300460.SZ,20230106,11.62,3.2534,4.0524,0.73,27.9227,,2.6902,4.9756,6.9549,0.7701,0.7701,28062.4251,28062.4251,22529.6871,326085.3797,326085.3797,0
2255,000638.SZ,20230106,7.19,5.01,8.0596,0.61,36.5637,45.2504,13.9756,6.8993,8.1396,0.0,,30940.0,30815.905,19155.905,222458.6,221566.357,0
2256,002069.SZ,20230106,3.61,0.4446,0.6947,1.04,349.5551,64.1709,43.0179,1.2325,1.2638,0.0,,71111.2194,69434.0173,44437.8828,256711.502,250656.8025,0
2257,300099.SZ,20230106,6.19,0.5667,0.7272,0.63,24.0138,30.0245,1.9105,6.0525,6.3825,0.0,,73726.5255,50882.2004,39652.4387,456367.1928,314960.8205,0
2258,301051.SZ,20230106,51.21,2.4667,2.8791,2.46,26.2895,,1.5578,2.1829,2.4613,1.9527,1.9527,8000.0,4701.6,4028.25,409680.0,240768.936,0
2259,603109.SH,20230106,15.23,1.142,3.5288,1.32,16.4527,17.5576,2.0038,1.3095,1.2531,1.876,1.876,20958.154,20698.3056,6698.3056,319192.6854,315235.1943,0
2260,002873.SZ,20230106,14.3,2.3619,3.6948,0.56,32.972,28.459,3.5567,3.4203,3.0327,0.5995,0.5995,23196.9454,22228.4085,14209.6919,331716.3192,317866.2416,0
2261,688222.SH,20230106,14.13,0.3573,0.635,0.61,89.3226,128.3241,4.4006,18.2011,18.7525,,,40068.0,28015.1889,15763.6453,566160.84,395854.6192,0
2262,601702.SH,20230106,15.6,5.6591,5.6591,1.58,31.144,23.8646,4.3413,2.4156,1.916,0.4872,0.4872,99853.06,27793.0,27793.0,1557707.736,433570.8,0
2263,300421.SZ,20230106,11.92,5.2847,6.0033,1.68,32.6712,65.7679,2.3551,3.0303,3.1741,1.2584,1.2584,24758.5404,19028.4526,16750.8177,295121.8016,226819.155,0
2264,600755.SH,20230106,7.22,0.7162,1.0901,1.24,4.6579,5.5517,0.7848,0.0342,0.0311,6.9252,6.9252,220098.2757,203005.8373,133376.8691,1589109.5506,1465702.1453,0
2265,600415.SH,20230106,5.11,1.4827,3.5749,0.8,21.0134,16.0678,1.7784,4.6461,3.4069,1.4299,1.4299,548607.4176,544321.4176,225756.8256,2803383.9039,2781482.4439,0
2266,600486.SH,20230106,106.19,0.1947,0.3337,0.62,26.9292,17.8379,3.919,2.7791,2.0958,0.6121,0.6121,30989.8907,30989.8907,18080.2082,3290816.4934,3290816.4934,0
2267,002513.SZ,20230106,5.34,1.0147,1.7805,0.83,,,2.9327,1.3829,1.2506,0.0,,37393.6278,31441.5832,17917.419,199681.9725,167898.0543,0
2268,300682.SZ,20230106,23.26,0.7544,1.6494,1.0,29.1381,25.9888,3.7673,5.3189,4.8765,0.5046,0.5046,106090.0419,102656.279,46952.4562,2467654.3746,2387785.0495,0
2269,002714.SZ,20230106,47.49,0.6044,0.9242,0.91,37.643,,4.4048,3.2942,2.5138,0.5079,0.5079,547228.3869,360111.717,235504.7663,25987876.0939,17101705.4403,0
2270,688419.SH,20230106,33.57,4.1552,4.1552,0.71,51.8129,36.9726,2.9616,11.0749,8.5276,,,8200.0,1864.8671,1864.8671,275274.0,62603.5885,0
2271,300225.SZ,20230106,5.4,1.0358,1.2165,0.92,,,3.3262,3.0791,3.8009,0.0,,48920.53,47374.5593,40339.2853,264170.862,255822.6202,0
2272,300988.SZ,20230106,22.28,5.453,5.453,1.53,40.4695,35.3404,3.2415,2.2092,2.0939,0.7481,0.7481,13298.4,4962.753,4962.753,296288.352,110570.1368,0
2273,002494.SZ,20230106,4.79,13.2789,14.8407,0.73,103.7348,,1.2134,4.3549,4.8654,0.0,,37731.0718,28677.0438,25659.0344,180731.8339,137363.0398,0
2274,601512.SH,20230106,8.12,0.0753,0.3961,0.7,7.9975,8.4439,0.9545,3.107,2.7705,3.7562,3.7562,149889.0,149889.0,28479.0,1217098.68,1217098.68,0
2275,688571.SH,20230106,7.13,0.4237,0.9915,1.83,20.2066,29.0771,1.6698,1.9863,1.9665,,,32000.0,18720.8,8000.0,228160.0,133479.304,0
2276,002575.SZ,20230106,6.24,3.6566,3.9995,0.77,196.1752,359.3245,4.8843,75.371,44.5297,0.0,,61872.0,58872.0,53825.0,386081.28,367361.28,0
2277,600650.SH,20230106,10.51,0.9821,2.2221,0.8,44.4245,10.4159,1.5043,2.1356,2.7899,0.6851,0.6851,55161.0107,39056.0075,17261.2122,579742.2225,410478.6388,0
2278,300157.SZ,20230106,3.31,1.1124,1.4866,1.55,,,43.1986,5.6047,4.7662,0.0,,71211.3257,69786.2357,52217.4135,235709.4881,230992.4402,0
2279,600651.SH,20230106,3.29,0.3857,0.5514,0.94,,436.4208,3.4661,1.8043,2.089,0.0,,250702.8015,124158.4875,86850.8184,824812.2169,408481.4239,0
2280,605033.SH,20230106,17.49,2.2121,2.2121,1.52,19.1661,13.8674,2.2254,2.8606,2.4691,1.0659,1.0659,13779.3,3380.0,3380.0,240999.957,59116.2,0
2281,000816.SZ,20230106,3.71,1.0015,1.2719,0.96,115.7298,124.6107,2.4268,2.3417,3.6545,0.0,,144038.6318,135110.2972,106389.8272,534383.324,501259.2026,0
2282,300538.SZ,20230106,10.77,0.9385,1.1992,1.02,,,1.8694,0.6714,0.7568,0.2786,0.2786,18191.8573,11170.598,8742.7265,195926.3031,120307.3405,0
2283,300766.SZ,20230106,11.1,2.3834,2.991,0.67,38.9309,96.7816,2.6189,7.3953,7.9014,0.4415,0.4415,40010.0,34265.0609,27303.7564,444111.0,380342.176,0
2284,688021.SH,20230106,24.88,0.2398,0.3996,0.64,29.2111,465.4205,2.0829,4.8554,7.4988,,,7728.3584,7728.3584,4636.9711,192281.557,192281.557,0
2285,001210.SZ,20230106,26.5,3.1807,4.145,0.85,18.5809,18.8307,1.9457,3.0428,2.8221,2.0755,2.0755,9074.8077,4328.657,3321.6314,240482.4041,114709.4105,0
2286,688468.SH,20230106,10.16,1.0906,2.3739,0.57,28.5391,26.5929,3.0354,8.6542,8.5731,,,40100.0,27294.9994,12539.2046,407416.0,277317.1939,0
2287,600663.SH,20230106,9.99,0.245,1.0932,0.62,9.3488,13.9582,1.8661,2.9052,3.1664,5.3554,5.3554,403419.744,293346.144,65745.5777,4030163.2426,2930527.9786,0
2288,002552.SZ,20230106,15.75,0.4987,1.2955,0.86,1077.5597,961.9885,3.1645,19.4269,10.9695,0.0,,43561.2051,23134.4046,8904.4168,686088.9803,364366.8725,0
2289,300344.SZ,20230106,4.33,1.1851,1.6975,0.56,107.7814,,4.9584,4.9751,4.6456,0.0,,64170.6416,49011.6016,34215.8735,277858.8781,212220.2349,0
2290,688401.SH,20230106,49.8,4.2147,4.2147,0.76,126.9446,66.3485,5.074,13.4524,10.5479,,,13333.36,2846.2274,2846.2274,664001.328,141742.1245,0
2291,300226.SZ,20230106,30.57,5.3408,7.3354,1.1,45.9117,51.6265,4.7845,0.1242,0.1041,0.2337,0.2337,26730.2868,25742.3722,18742.4797,817144.8675,786944.3182,0
2292,300627.SZ,20230106,28.81,0.5135,0.8811,0.59,52.3783,45.6508,6.4897,8.1006,7.3997,0.7403,0.7403,53512.109,42232.1052,24612.1396,1541683.8603,1216706.9508,0
2293,600082.SH,20230106,3.34,1.8225,2.594,0.96,214.3475,117.4055,1.2607,2.3674,3.338,0.0,,64611.5826,63433.5412,44566.648,215802.6859,211868.0276,0
2294,603958.SH,20230106,6.7,0.7871,2.2822,0.74,,,1.7332,1.4985,1.7176,0.0,,22136.0,21936.0,7564.9696,148311.2,146971.2,0
2295,605180.SH,20230106,15.94,1.1666,1.1666,1.06,11.4861,25.085,1.8897,3.2246,5.7575,4.8258,4.8258,13000.0,3737.5,3737.5,207220.0,59575.75,0
2296,603759.SH,20230106,9.14,0.7217,0.9072,1.22,19.7447,17.0538,1.8349,3.8952,3.53,1.5229,1.5229,46176.0,19524.5404,15531.0692,422048.64,178454.2993,0
2297,002004.SZ,20230106,5.16,0.8899,1.174,0.95,15.2472,11.7909,0.9751,0.8266,0.7344,4.2636,4.2636,197991.9191,187968.2754,142489.9054,1021638.3026,969916.3011,0
2298,300244.SZ,20230106,25.26,0.9602,1.0701,0.78,13.6174,6.7158,1.8847,1.2104,0.8174,0.529,0.529,62689.8036,50300.3411,45135.4788,1583544.4389,1270586.6162,0
2299,300896.SZ,20230106,569.19,1.0512,1.0833,0.45,128.576,99.2283,22.178,85.0558,64.3343,0.3689,0.3689,21636.0,8857.6453,8595.5196,12314994.84,5041683.1283,0
2300,300687.SZ,20230106,31.59,1.78,3.1783,1.05,56.8066,52.1003,5.6176,6.5921,5.7103,0.3529,0.3529,40377.7449,31010.7785,17367.6727,1275532.9614,979630.4928,0
2301,603203.SH,20230106,29.88,0.651,1.8044,1.13,27.8696,27.8018,5.6228,9.5565,8.4682,3.3266,3.3266,24964.8907,24693.0507,8908.1236,745950.9341,737828.3549,0
2302,600850.SH,20230106,21.08,0.683,1.0867,0.78,44.6672,40.8567,3.7326,1.6114,1.5626,1.1232,1.1232,68507.4346,55490.7896,34873.9349,1444136.7214,1169745.8448,0
2303,603703.SH,20230106,15.84,0.7734,1.1746,0.67,453.2406,280.9136,5.6173,4.8503,5.7013,0.0,,29861.0,29861.0,19660.5051,472998.24,472998.24,0
2304,605151.SH,20230106,19.15,1.6996,3.0391,0.79,25.1283,22.3599,2.0474,2.4142,2.0847,1.4964,1.4964,13494.0,6350.183,3551.226,258410.1,121606.0045,0
2305,300281.SZ,20230106,5.06,0.356,0.6899,0.66,53.5126,110.1912,1.6522,4.0509,4.167,0.7905,0.7905,41892.358,39732.5912,20502.512,211975.3315,201046.9115,0
2306,300677.SZ,20230106,21.87,1.9772,2.2504,1.07,1.9414,12.809,0.9065,0.8882,1.8479,2.8576,2.8576,65955.3085,47609.9572,41829.417,1442442.5969,1041229.764,0
2307,300058.SZ,20230106,5.14,1.6832,1.8424,0.86,24.5376,2011.6257,1.3171,0.3195,0.3641,0.8201,0.8201,249103.7834,231901.252,211858.7461,1280393.4467,1191972.4353,0
2308,002032.SZ,20230106,51.3,0.1535,0.8903,1.13,21.3401,20.6203,6.63,1.9219,1.9848,6.1897,6.1897,80865.4476,80554.4403,13886.2499,4148397.4619,4132442.7874,0
2309,002614.SZ,20230106,8.96,9.3727,10.8496,0.49,12.1876,26.5912,1.2309,0.7047,0.8172,3.3481,3.3481,62346.8814,44085.5221,38084.5198,558628.0573,395006.278,0
2310,002816.SZ,20230106,13.25,1.5832,2.1855,0.61,99.7971,,3.4456,6.6187,8.3028,0.0,,10000.0,9850.8412,7136.2065,132500.0,130523.6459,0
2311,000713.SZ,20230106,8.89,3.4002,4.8053,0.87,29.8295,28.0221,2.9182,2.0856,2.0337,0.225,0.225,61401.498,61401.498,43447.2078,545859.3172,545859.3172,0
2312,600420.SH,20230106,9.32,0.8146,1.958,0.59,16.8429,26.3531,1.1056,0.6864,0.7389,1.073,1.073,102698.3252,102698.3252,42725.4429,957148.3909,957148.3909,0
2313,301286.SZ,20230106,26.86,13.5154,13.5154,1.2,59.5302,82.7529,6.9312,12.9078,12.0726,0.0,,40010.0,3600.9,3600.9,1074668.6,96720.174,0
2314,600423.SH,20230106,3.4,0.3351,0.5182,0.87,94.2417,243.0844,6.3205,21.3336,19.0613,0.0,,79869.5026,79869.5026,51653.7613,271556.3088,271556.3088,0
2315,600491.SH,20230106,6.48,2.9886,4.4418,3.13,14.8553,9.6134,0.7654,0.5071,0.6196,0.6481,0.6481,152975.7955,152975.7955,102927.2015,991283.1548,991283.1548,0
2316,300746.SZ,20230106,9.14,0.6023,1.4754,1.41,20.5868,50.3528,1.5685,0.7365,0.8172,1.4551,1.4551,22573.8328,22113.2794,9027.2494,206324.8318,202115.3737,0
2317,002504.SZ,20230106,1.57,0.5347,0.5347,0.46,,,13.6182,9.3269,12.9585,0.0,,102580.0523,41447.3971,41447.3971,161050.6821,65072.4134,-1
2318,688282.SH,20230106,48.24,2.908,2.908,0.86,58.0944,57.2374,2.8068,13.34,16.1498,,,8800.0,2065.2624,2065.2624,424512.0,99628.2582,0
2319,301033.SZ,20230106,38.47,0.9221,1.1804,0.88,56.8125,59.3654,4.2673,16.5259,13.3973,0.2599,0.2599,6606.2951,3703.626,2893.1848,254144.1725,142478.4922,0
2320,002278.SZ,20230106,5.34,1.3902,1.8549,0.88,45.2132,54.1153,1.7563,2.5061,2.8531,0.9327,0.9327,36390.9648,34085.1406,25545.6033,194327.752,182014.6508,0
2321,301128.SZ,20230106,32.24,15.284,15.284,2.08,43.1773,44.513,2.8966,5.6385,5.0921,1.5509,1.5509,7388.6622,2725.6749,2725.6749,238210.4693,87875.7588,0
2322,300869.SZ,20230106,30.34,8.6416,9.2071,0.64,34.5974,51.1162,6.4896,13.4152,18.7087,0.9888,0.9888,40179.68,16007.3934,15024.2169,1219051.4912,485664.3158,0
2323,601633.SH,20230106,29.32,0.2584,1.5578,0.85,38.2058,25.8486,3.6214,1.8839,1.7712,0.2381,0.2381,876451.2467,613229.5772,101729.5772,25697550.5532,17979891.2035,0
2324,603922.SH,20230106,21.29,0.3544,0.4641,0.84,142.3404,92.386,2.6088,5.2903,5.2094,0.2349,0.2349,12800.0,12800.0,9775.5746,272512.0,272512.0,0
2325,600789.SH,20230106,6.83,4.5862,6.0396,0.64,73.2584,66.8517,1.8108,1.2386,1.1232,0.7282,0.7282,88688.3536,88688.3536,67346.6109,605741.4551,605741.4551,0
2326,600767.SH,20230106,4.83,0.822,1.0865,1.53,121.23,120.2014,6.7427,31.7556,25.2584,0.0,,34101.0182,34091.0182,25793.0254,164707.9179,164659.6179,0
2327,600916.SH,20230106,12.89,1.4502,1.7534,0.84,27.2587,25.4774,3.2002,0.4266,0.4372,1.8619,1.8619,168000.0,82215.0,67997.0,2165520.0,1059751.35,0
2328,003016.SZ,20230106,9.08,3.297,3.8009,0.96,13.6507,22.9004,1.3782,1.8648,2.0643,6.5101,6.5101,43164.9588,14737.4612,12783.5732,391937.8259,133816.1477,0
2329,605189.SH,20230106,18.66,1.3178,1.3178,1.19,10.0061,11.0722,1.4443,1.0707,1.0207,1.0718,1.0718,12480.0051,4160.0051,4160.0051,232876.8952,77625.6952,0
2330,300213.SZ,20230106,5.02,0.7579,0.8224,1.04,25.2682,35.8385,1.3519,2.8863,2.9785,0.976,0.976,59371.8564,55071.936,50753.3934,298046.7191,276461.1187,0
2331,688077.SH,20230106,53.59,5.6423,6.1982,1.53,28.4902,23.0381,3.7136,2.6163,2.0983,,,8077.8,4505.1,4101.1,432889.302,241428.309,0
2332,688178.SH,20230106,17.76,0.5002,0.6136,1.08,20.8456,28.7162,1.2102,1.4454,1.6192,,,8525.0476,4443.9926,3622.9803,151404.8454,78925.3086,0
2333,600565.SH,20230106,2.15,1.2266,2.1566,1.17,,,0.611,0.2618,0.1878,0.0,,249150.6284,249150.6284,141705.6001,535673.8511,535673.8511,0
2334,688396.SH,20230106,53.61,0.9612,0.9612,1.6,31.2049,26.7929,3.6523,7.6515,7.1101,,,132009.1861,44110.9715,44110.9715,7077012.4668,2364789.1821,0
2335,002531.SZ,20230106,16.24,1.6255,3.3127,0.88,22.354,44.2002,3.6497,3.5847,4.3414,0.4911,0.4911,180250.9062,178074.627,87380.9583,2927274.7167,2891931.9425,0
2336,603533.SH,20230106,15.03,0.6786,1.6924,0.95,43.8009,164.3122,2.5784,3.1856,2.8226,0.2661,0.2661,43889.6835,43889.6835,17598.3388,659661.943,659661.943,0
2337,300298.SZ,20230106,35.85,0.4291,0.6604,0.64,188.0404,73.7908,6.8661,8.5662,7.8015,0.5515,0.5515,56422.1837,45530.2179,29582.3824,2022735.2856,1632258.3117,0
2338,603388.SH,20230106,9.0,2.765,4.3005,1.9,59.8842,80.6495,2.0416,5.1169,6.2061,0.0,,32573.3572,28514.206,18333.534,293160.2148,256627.854,0
2339,600452.SH,20230106,18.22,3.1831,5.455,0.85,32.9865,24.0655,3.6106,5.2977,4.71,0.7318,0.7318,91460.8128,91460.8128,53369.0233,1666416.0092,1666416.0092,0
2340,688516.SH,20230106,222.41,2.9696,2.9696,2.19,92.6717,55.663,14.8849,16.7857,11.3849,,,15447.001,7548.0014,7548.0014,3435567.4924,1678750.9914,0
2341,920821.BJ,20230106,8.89,0.3252,0.3255,0.47,19.0762,24.3155,1.3118,1.8904,1.8499,,,7059.2806,1611.3406,1610.0417,62757.0045,14324.8179,0
2342,600206.SH,20230106,13.21,1.1367,1.6987,1.18,46.8377,38.9724,3.0967,0.6964,0.7204,0.6435,0.6435,84655.3332,84655.3332,56645.4964,1118296.9516,1118296.9516,0
2343,000559.SZ,20230106,5.01,0.2812,0.6505,0.91,24.1109,21.035,1.9468,1.1557,1.1096,3.5928,3.5928,330379.1344,275303.7624,119023.4888,1655199.4633,1379271.8496,0
2344,002981.SZ,20230106,28.49,5.5792,5.5792,0.88,,,3.273,2.0884,1.9278,0.0,,9600.0,2400.0,2400.0,273504.0,68376.0,0
2345,301053.SZ,20230106,20.86,0.7624,0.8101,0.89,20.0013,18.9306,2.9946,2.9532,2.8091,1.4382,1.4382,8175.25,2565.7173,2414.49,170535.715,53520.8629,0
2346,603093.SH,20230106,9.35,0.2406,1.0448,0.77,23.416,27.8317,1.7763,0.5425,0.6446,0.4278,0.4278,61006.5893,61006.5893,14046.4993,570411.61,570411.61,0
2347,600269.SH,20230106,3.37,0.3906,0.7489,1.01,8.8221,8.0381,0.4683,1.2241,1.1753,3.5608,3.5608,233540.7014,233540.7014,121825.2829,787032.1637,787032.1637,0
2348,300875.SZ,20230106,30.75,0.7769,0.7769,0.82,99.0462,,2.3048,15.4925,20.5921,0.7505,0.7505,9983.4751,4614.908,4614.908,306991.8593,141908.421,0
2349,300557.SZ,20230106,32.64,2.4721,4.5278,1.77,172.3005,82.8338,2.5298,5.2424,4.3752,0.4786,0.4786,7127.6123,6523.6123,3561.7725,232645.2655,212930.7055,0
2350,300691.SZ,20230106,13.6,2.5004,3.4764,1.46,49.0567,67.9711,2.3045,2.228,2.4203,0.8764,0.8764,26788.0679,19754.5275,14208.5826,364317.7234,268661.574,0
2351,300563.SZ,20230106,11.34,0.9715,1.1426,0.76,29.0963,32.412,2.0956,2.4151,2.4046,0.7937,0.7937,17882.2526,12276.3159,10438.5542,202784.7445,139213.4223,0
2352,002725.SZ,20230106,8.27,1.5363,2.3791,1.41,299.8683,96.801,2.0165,2.2426,2.4048,0.3023,0.3023,25600.0,20087.5647,12971.5547,211712.0,166124.1601,0
2353,000010.SZ,20230106,3.88,4.4386,4.7225,3.01,175.1049,,3.3158,2.338,3.2607,0.0,,105869.2292,52217.1273,49077.6673,410772.6093,202602.4539,0
2354,603218.SH,20230106,21.51,1.2524,2.9143,1.46,33.0565,82.6139,2.344,4.6816,4.8468,1.0965,1.0965,102558.0,96759.3089,41581.0312,2206022.58,2081292.7344,0
2355,301312.SZ,20230106,96.2,15.3613,15.3613,2.13,34.2655,37.2825,3.5884,7.1806,8.2024,0.0,,4094.2762,1023.5691,1023.5691,393869.3704,98467.3474,0
2356,600036.SH,20230106,38.38,0.286,0.5035,0.95,8.0714,7.2652,1.2112,2.922,2.8083,3.9656,3.9656,2521984.5601,2062894.4429,1171836.1832,96793767.4166,79173888.7185,0
2357,603790.SH,20230106,11.72,3.0168,7.5669,1.85,32.7746,33.919,1.8548,2.4126,2.6114,1.0089,1.0089,19136.0,19136.0,7629.284,224273.92,224273.92,0
2358,600853.SH,20230106,3.72,10.7853,19.4158,0.76,14.0436,13.1412,1.6487,0.2484,0.2437,0.9409,0.9409,101490.2546,100490.1546,55821.1516,377543.7471,373823.3751,0
2359,002596.SZ,20230106,3.36,3.7147,5.3919,0.67,,,1.918,1.3878,1.6961,0.0,,114758.0518,104139.6268,71746.1678,385587.054,349909.146,0
2360,603658.SH,20230106,64.99,0.6364,2.0106,0.89,39.1325,32.9608,5.0703,10.1175,8.7547,1.0995,1.0995,58627.2256,58627.2256,18555.8767,3810183.3917,3810183.3917,0
2361,002912.SZ,20230106,35.94,1.553,2.6573,0.52,109.7533,246.0126,3.9112,8.9002,14.1883,0.0,,17183.1718,16222.2011,9480.9216,617563.1945,583025.9075,0
2362,002227.SZ,20230106,13.15,2.7775,5.9332,4.7,,,2.9009,11.3149,11.6282,0.0,,24780.617,24526.4819,11481.5174,325865.1136,322523.237,0
2363,300822.SZ,20230106,15.05,1.4431,1.4431,0.88,18.903,37.8276,1.9196,2.2277,2.3283,0.9967,0.9967,16000.5,4182.5663,4182.5663,240807.525,62947.6228,0
2364,601188.SH,20230106,3.22,0.913,2.7745,0.69,25.2089,27.2702,0.9313,7.8942,9.2762,2.3724,2.3724,131587.8571,131587.8571,43300.0,423712.8999,423712.8999,0
2365,300983.SZ,20230106,28.35,0.4632,0.4653,0.94,11.9367,40.7525,1.1874,3.7983,5.9704,2.9762,2.9762,12800.0,3200.0,3185.808,362880.0,90720.0,0
2366,300807.SZ,20230106,22.04,1.1489,1.8677,0.78,,,2.5503,6.4249,5.1938,0.0,,6785.1,4863.8559,2991.9339,149543.604,107199.384,0
2367,300582.SZ,20230106,13.28,1.1741,1.3289,0.9,21.6818,23.418,2.4505,2.786,2.598,0.594,0.594,29710.893,21915.8668,19363.9709,394560.659,291042.7111,0
2368,600895.SH,20230106,11.74,0.2819,0.5724,0.67,24.5491,29.5576,1.5619,8.67,8.9043,1.2777,1.2777,154868.955,154868.955,76265.295,1818161.5317,1818161.5317,0
2369,603933.SH,20230106,12.68,4.9237,17.7014,1.66,31.1521,50.3511,2.1905,1.28,1.2316,1.027,1.027,21050.82,20491.92,5699.92,266924.3976,259837.5456,0
2370,605566.SH,20230106,24.11,3.0438,4.9993,6.69,18.3218,29.7457,1.5961,2.7217,2.8302,3.1107,3.1107,13334.0,6228.7972,3792.4002,321482.74,150176.3005,0
2371,300219.SZ,20230106,6.9,0.802,1.4723,1.09,18.3656,24.7411,2.0916,1.1987,1.3137,0.0,,70794.3506,70664.8891,38493.0867,488481.0191,487587.7348,0
2372,002338.SZ,20230106,23.39,1.1622,2.0176,1.05,105.3872,73.8575,5.4907,10.2654,10.2913,0.171,0.171,24000.0,23999.4,13823.9216,561360.0,561345.966,0
2373,301396.SZ,20230106,35.7,5.8157,5.8157,0.72,37.0104,32.8751,2.6374,4.464,3.9336,,,9137.9493,2166.7128,2166.7128,326224.79,77351.647,0
2374,000783.SZ,20230106,5.38,0.2031,0.3064,0.92,12.3472,25.5109,0.9926,3.4501,4.8875,5.5762,5.5762,552995.761,552995.761,366608.9997,2975117.1942,2975117.1942,0
2375,600193.SH,20230106,5.87,0.767,1.1514,0.89,125.9779,367.7425,7.773,3.6168,6.2014,0.0,,42537.3,42537.3,28337.5082,249693.951,249693.951,0
2376,000416.SZ,20230106,3.84,2.5216,3.2566,1.14,150.08,,2.3331,307.3315,548.1358,0.7813,0.7813,53187.1494,53164.1098,41165.967,204238.6537,204150.1816,0
2377,600690.SH,20230106,25.64,0.519,0.8887,1.18,18.536,16.3678,2.6431,1.0644,0.9995,1.7755,1.7755,944659.8493,630855.2654,368438.209,24221078.5361,16175129.0049,0
2378,002029.SZ,20230106,5.51,0.6983,1.1133,1.17,18.0077,17.3618,0.6812,1.1848,1.2272,0.0,,75567.0,72370.2668,45395.945,416374.17,398760.1701,0
2379,301197.SZ,20230106,21.1,1.4336,1.4336,0.94,29.5408,31.9297,1.9956,6.3058,7.4331,0.0,,12054.0,2857.903,2857.903,254339.4,60301.7533,0
2380,300821.SZ,20230106,12.71,3.6967,4.7593,3.39,13.2553,16.0179,2.9055,3.5198,2.2954,2.9898,2.9898,120000.0,41700.0,32390.0,1525200.0,530007.0,0
2381,300457.SZ,20230106,18.39,2.2153,3.6118,1.72,38.3601,24.0852,2.1197,2.2964,1.3896,0.5438,0.5438,64953.7963,55685.2532,34155.2946,1194500.314,1024051.8063,0
2382,920339.BJ,20230106,5.13,0.1537,0.1537,0.51,14.1469,8.9252,2.009,1.4726,1.5852,,,22020.38,5679.2987,5679.2987,112964.5494,29134.8023,0
2383,688291.SH,20230106,27.26,2.7672,2.7672,1.12,53.0281,63.7136,3.1302,13.7993,14.0802,,,10266.67,2336.5052,2336.5052,279869.4242,63693.1318,0
2384,000960.SZ,20230106,13.81,0.9652,1.7279,0.74,8.0684,9.6037,1.4346,0.4221,0.4305,0.7965,0.7965,164580.1952,164580.1952,91936.2186,2272852.4957,2272852.4957,0
2385,300651.SZ,20230106,22.44,1.0174,1.4024,0.63,110.9562,111.5369,4.0518,5.2789,5.1348,0.4456,0.4456,12874.7242,7581.1888,5499.7776,288908.811,170121.8767,0
2386,002308.SZ,20230106,4.81,3.8842,5.9422,0.85,,,2.1736,6.3297,6.9403,0.0,,90621.4651,89651.1431,58600.9322,435889.2471,431221.9983,0
2387,601872.SH,20230106,5.85,0.8679,2.5702,1.62,13.172,8.0653,1.4808,1.9473,1.4435,1.8761,1.8761,812625.0017,767848.8823,259282.022,4753856.2599,4491915.9615,0
2388,002526.SZ,20230106,2.25,0.816,1.0335,0.88,65.7022,54.799,1.3805,1.755,1.6286,0.0,,178279.3836,176090.6886,139027.3964,401128.6131,396204.0494,0
2389,300442.SZ,20230106,46.58,3.4751,5.2323,3.63,,47.6281,14.9398,55.2526,17.8545,2.1468,2.1468,82042.0678,9919.5625,6588.25,3821519.5181,462053.2213,0
2390,688278.SH,20230106,39.22,0.9813,1.3877,1.2,88.0497,62.8341,12.0779,14.0914,10.8859,,,40680.0,22265.0444,15745.033,1595469.6,873235.0414,0
2391,920414.BJ,20230106,20.42,0.5575,0.5575,2.96,22.4212,21.1264,2.2501,5.5157,5.0113,,,3357.59,1968.0159,1968.0159,68561.9878,40186.8847,0
2392,000686.SZ,20230106,6.54,0.4151,0.7233,0.72,9.4253,22.3731,0.8463,2.0469,2.4048,1.5291,1.5291,234045.2915,234045.2915,134321.0589,1530656.2064,1530656.2064,0
2393,000893.SZ,20230106,27.44,0.6397,1.1269,0.95,28.4837,15.0183,2.6288,30.6082,9.0821,0.0,,92913.8953,75679.0772,42961.5633,2549557.287,2076633.8784,0
2394,920680.BJ,20230106,12.38,0.3243,0.3243,0.7,15.399,14.175,1.3888,2.8575,2.8661,,,6699.99,3806.1327,3806.1327,82945.8762,47119.9228,0
2395,600208.SH,20230106,2.6,0.4484,1.0452,0.94,9.9954,12.5407,0.5434,1.3237,1.533,0.0,,859934.3536,859817.1921,368896.8065,2235829.3194,2235524.6995,0
2396,000036.SZ,20230106,4.07,0.8665,1.2084,1.22,14.8643,18.9288,1.2222,3.2093,3.8757,1.6708,1.6708,148393.4025,147967.5252,106100.4293,603961.1482,602227.8276,0
2397,600872.SH,20230106,36.35,1.6853,2.3461,1.46,38.4768,35.9564,7.1015,5.5806,5.044,0.8102,0.8102,78537.595,78537.595,56417.2545,2854841.5783,2854841.5783,0
2398,601008.SH,20230106,4.63,2.3824,5.777,0.67,52.6979,35.2785,1.3872,2.8256,2.5732,0.6479,0.6479,124063.8006,124063.8006,51163.7271,574415.3968,574415.3968,0
2399,603383.SH,20230106,47.5,3.5587,6.9483,1.46,59.2013,60.255,6.5105,16.1767,14.1815,1.1555,1.1555,17127.9516,16886.8516,8648.8526,813577.701,802125.451,0
2400,300565.SZ,20230106,24.5,12.5014,13.7667,1.81,,,8.7837,7.2289,5.9353,0.0,,20800.0,18829.1935,17098.6043,509600.0,461315.2408,0
2401,300531.SZ,20230106,13.32,0.8786,1.5336,0.73,28.5987,29.3315,2.5158,3.1024,3.1346,0.3755,0.3755,32993.7375,31440.7456,18012.1656,439476.5835,418790.7314,0
2402,300696.SZ,20230106,26.98,1.6322,2.0145,0.84,31.0146,28.1764,4.2265,12.8815,10.6513,0.6177,0.6177,29315.6493,18569.8814,15045.7708,790936.2181,501015.4002,0
2403,600479.SH,20230106,9.8,1.3834,1.9355,0.59,13.9445,14.0387,2.005,1.1496,1.0826,6.1224,6.1224,42980.7117,41850.7117,29912.5981,421210.9747,410136.9747,0
2404,688218.SH,20230106,16.32,5.1834,7.4369,1.95,88.3042,579.0389,2.2693,3.2726,3.674,,,11779.57,11779.57,8210.1374,192242.5824,192242.5824,0
2405,920122.BJ,20230106,11.51,2.0367,2.0367,0.47,31.1239,28.3254,3.3488,5.8607,5.6133,,,9252.0108,879.25,879.25,106490.6443,10120.1675,0
2406,603309.SH,20230106,21.0,1.6009,3.2453,1.79,58.0599,38.0617,3.6759,5.5068,4.536,0.6431,0.6431,29332.2218,28963.2218,14287.7962,615976.6578,608227.6578,0
2407,002381.SZ,20230106,6.4,1.3447,1.7915,0.76,17.6987,27.9573,1.3775,1.3746,1.1559,3.125,3.125,41157.3959,32200.7539,24169.7991,263407.3338,206084.825,0
2408,600983.SH,20230106,6.94,0.075,0.3295,0.64,,,1.8429,1.0787,1.1651,0.0,,76643.9,76643.9,17445.7839,531908.666,531908.666,0
2409,600064.SH,20230106,6.74,0.6278,0.9619,1.19,4.9584,5.1012,0.722,2.3711,4.3482,6.3586,6.3586,173033.9644,173033.9644,112925.6424,1166248.9201,1166248.9201,0
2410,002355.SZ,20230106,4.31,0.8203,1.0975,0.69,,,1.6153,1.8856,3.0632,0.0,,62057.04,61716.665,46131.865,267465.8424,265998.8262,0
2411,002609.SZ,20230106,8.78,2.3259,3.4264,1.35,35.3032,53.4683,2.4323,3.785,3.9006,0.342,0.342,64874.2941,44901.4716,30479.7192,569596.3022,394234.9206,0
2412,000950.SZ,20230106,5.16,0.719,1.6673,0.97,8.9471,8.1506,0.8577,0.1439,0.1346,1.2597,1.2597,174336.7337,172818.4696,74520.8195,899577.5459,891743.3031,0
2413,688333.SH,20230106,147.06,0.4541,0.7211,0.79,,373.1187,11.9558,30.1338,19.9531,,,11310.775,11310.775,7122.1493,1663362.5715,1663362.5715,0
2414,688062.SH,20230106,15.34,1.187,1.187,0.73,,,1.6347,377.7748,236.291,,,39960.0,9457.6618,9457.6618,612986.4,145080.532,0
2415,688003.SH,20230106,33.02,0.3548,0.8925,0.79,47.9328,45.3269,4.1454,5.0813,4.3559,,,19470.1,19470.1,7740.3,642902.702,642902.702,0
2416,605199.SH,20230106,16.08,4.2204,4.2204,0.7,89.1869,96.5116,6.4332,4.7524,4.2896,0.0,,40010.8752,9334.0752,9334.0752,643374.8732,150091.9292,0
2417,300114.SZ,20230106,10.65,0.489,1.0583,0.77,20.4933,26.8542,2.7369,3.2384,3.3971,0.4658,0.4658,59076.0499,59076.0499,27295.9497,629159.9314,629159.9314,0
2418,002023.SZ,20230106,8.41,0.6898,0.7774,1.38,8.6496,86.6005,1.5134,7.5695,6.8385,0.0,,75679.1003,68365.8067,60665.4667,636461.2335,574956.4343,0
2419,603998.SH,20230106,8.27,7.0382,11.6707,0.77,51.9058,13.5979,2.6724,2.3201,2.0067,2.8615,2.8615,43960.212,42942.972,25897.5345,363550.9532,355138.3784,0
2420,001206.SZ,20230106,25.5,2.4664,3.1864,1.17,29.5191,24.5107,1.8854,2.5707,2.2359,1.9608,1.9608,13206.7006,6405.1998,4957.9829,336770.8653,163332.5949,0
2421,000792.SZ,20230106,23.35,0.4639,0.729,1.31,28.3266,9.8758,5.7504,8.584,4.6094,0.0,,543287.6672,542888.6112,345477.6921,12685767.0291,12676449.0715,0
2422,601865.SH,20230106,36.69,1.4656,4.2825,5.49,37.1569,41.2976,6.0961,9.0402,5.7958,0.6269,0.6269,214689.3967,169357.3967,57960.1967,7876953.9649,6213722.8849,1
2423,603558.SH,20230106,8.42,0.9556,1.5507,1.18,19.1966,12.6051,1.2628,1.5647,1.3674,1.7815,1.7815,38126.2949,38126.2949,23495.0687,321023.4031,321023.4031,0
2424,301377.SZ,20230106,21.45,16.489,16.489,3.41,37.0022,37.9103,4.1193,7.1942,7.1757,,,41000.0,4694.7468,4694.7468,879450.0,100702.3189,0
2425,688316.SH,20230106,30.03,1.1734,1.4715,1.04,,,3.6414,3.3628,3.9383,,,4746.2175,3500.6707,2791.4272,142528.9115,105125.1411,0
2426,603126.SH,20230106,7.1,1.0923,2.2836,1.21,30.9974,27.486,2.1763,1.4739,1.491,1.1972,1.1972,61050.0,61050.0,29201.4214,433455.0,433455.0,0
2427,920090.BJ,20230106,2.74,0.2597,0.2687,0.47,20.8687,175.8881,1.7651,0.9635,1.2887,,,19933.3546,14041.4663,13572.5065,54617.3916,38473.6177,0
2428,601878.SH,20230106,10.12,0.5453,1.2061,1.06,17.8747,22.2523,1.6156,2.3905,2.4647,1.6798,1.6798,387817.9036,387817.9036,175335.3877,3924717.1844,3924717.1844,0
2429,688375.SH,20230106,97.24,2.2548,2.2548,1.55,105.651,81.3741,7.3255,15.5041,11.1013,,,40001.0,3042.8118,3042.8118,3889697.24,295883.0194,0
2430,688255.SH,20230106,32.99,8.6012,11.0164,4.03,43.2239,54.2906,2.3231,4.7703,6.2794,,,7841.4611,4918.8435,3840.4535,258689.8017,162272.6471,0
2431,300717.SZ,20230106,15.13,1.0145,2.3538,1.0,74.169,38.9225,2.396,4.8057,4.3331,0.3293,0.3293,10277.5,10185.34,4389.87,155498.575,154104.1942,0
2432,603196.SH,20230106,7.49,1.038,3.6472,1.26,22.0956,35.8309,2.2196,1.7516,1.7654,4.378,4.378,23964.2512,23784.7312,6769.2312,179492.2415,178147.6367,0
2433,600490.SH,20230106,3.01,0.5345,0.7323,0.92,89.5758,,1.0335,0.7757,0.9171,0.0,,221288.7079,199262.1386,145433.6969,666079.0108,599779.0372,0
2434,300302.SZ,20230106,7.11,0.9445,1.2057,0.74,,,2.3159,8.8127,7.8387,0.0,,48452.5798,36130.8406,28302.9463,344497.8424,256890.2767,0
2435,002694.SZ,20230106,4.89,0.8094,1.1698,0.59,,,43.9366,1.9562,2.438,0.0,,59719.68,53414.1585,36958.2818,292029.2352,261195.2351,0
2436,920670.BJ,20230106,8.2,0.8977,1.1448,2.77,54.624,,3.7493,10.4004,13.2379,,,10618.24,6489.4821,5088.9541,87069.568,53213.7532,0
2437,300836.SZ,20230106,21.05,2.1083,2.2924,1.21,,,2.2407,3.2281,2.7574,1.1146,1.1146,6403.2436,3866.2741,3555.8326,134788.2778,81385.0698,0
2438,300348.SZ,20230106,10.61,1.3151,1.4834,0.84,61.5206,68.4967,5.2597,4.9369,4.1958,0.3252,0.3252,73147.1562,61097.6307,54167.7721,776091.3273,648245.8617,0
2439,002210.SZ,20230106,2.3,1.5537,2.217,1.01,1245.2617,957.5702,33.3754,23.0342,24.9613,0.0,,266123.2774,265944.8079,186377.5222,612083.538,611673.0582,0
2440,300381.SZ,20230106,7.8,0.5141,0.7314,0.89,,,1.4062,2.0202,2.4529,1.282,1.282,49007.9795,47662.7324,33501.223,382262.2401,371769.3127,0
2441,002748.SZ,20230106,10.36,1.2039,2.6011,1.41,12.7122,10.8108,1.9246,1.1434,0.8999,0.0,,24000.0,24000.0,11108.5,248640.0,248640.0,0
2442,300918.SZ,20230106,9.81,5.4407,5.4407,0.74,23.1712,21.7764,2.0487,2.367,2.1302,1.2844,1.2844,36000.0,10842.75,10842.75,353160.0,106367.3775,0
2443,002395.SZ,20230106,10.07,1.2531,3.5317,1.09,53.4991,147.5806,2.9195,1.8374,1.93,0.0,,26820.9,26820.9,9516.3715,270086.463,270086.463,0
2444,300843.SZ,20230106,18.7,2.4899,3.1067,1.12,26.951,30.018,2.7955,2.1472,2.277,0.3726,0.3726,14958.9439,4914.9189,3939.1389,279732.2509,91908.9834,0
2445,300684.SZ,20230106,15.51,1.6547,1.9641,1.12,33.0808,27.6499,2.6027,3.4915,3.0578,2.7724,2.7724,28085.2507,17713.8527,14923.3323,435602.2384,274741.8554,0
2446,603667.SH,20230106,14.14,1.6888,3.0465,1.15,37.6062,31.2615,2.0285,1.9168,1.4653,1.2738,1.2738,32848.3621,32365.7581,17941.8066,464475.8401,457651.8195,0
2447,688779.SH,20230106,15.67,1.1499,1.5541,1.1,43.1472,22.7778,4.0706,4.4189,2.0153,,,192920.6272,101360.6974,74996.2974,3023066.2282,1588322.1283,0
2448,300267.SZ,20230106,3.47,1.5259,2.0177,0.75,,,1.4149,3.2019,3.6306,0.0,,206260.487,142099.8504,107465.3773,715723.8899,493086.4809,0
2449,300553.SZ,20230106,66.25,2.2312,2.6913,1.24,167.0468,248.0646,6.0807,18.324,18.6443,0.0,,6240.0,3578.7881,2967.0099,413400.0,237094.7116,0
2450,601933.SH,20230106,3.47,0.7015,1.6565,0.97,,,3.3019,0.3458,0.3418,0.5764,0.5764,907503.6993,907503.6993,384288.2448,3149037.8366,3149037.8366,0
2451,920942.BJ,20230106,10.67,0.2382,0.2382,0.52,13.4827,14.7541,1.4533,3.0182,3.2106,,,6132.71,2373.9487,2373.9487,65436.0157,25330.0326,0
2452,601658.SH,20230106,4.73,0.6457,0.7031,0.68,5.7369,5.1101,0.646,1.3709,1.2954,5.2304,5.2304,9238396.7605,1127446.1418,1035295.1325,43697616.6772,5332820.2507,0
2453,002819.SZ,20230106,25.29,0.827,1.5282,0.6,44.9993,73.2099,2.0313,4.1839,2.9988,0.5923,0.5923,30579.3868,19474.4151,10539.0974,773352.6922,492507.9579,0
2454,688718.SH,20230106,21.08,2.1674,2.1674,1.25,72.5597,115.8612,5.1743,9.6595,10.8378,,,17375.4389,5444.8386,5444.8386,366274.252,114777.1977,0
2455,603306.SH,20230106,37.4,0.9138,1.3269,1.05,68.0688,72.5462,3.8445,9.9405,7.9789,0.2937,0.2937,32054.1556,32054.1556,22074.4306,1198825.4194,1198825.4194,0
2456,002424.SZ,20230106,8.07,5.4093,5.4664,0.88,91.6891,109.7895,2.8302,3.6599,3.5235,0.0,,141120.0,107765.2735,106638.4685,1138838.4,869665.7571,0
2457,603328.SH,20230106,6.81,0.445,1.0849,0.9,45.1464,26.4485,1.9255,2.3381,2.2265,0.9985,0.9985,99844.2611,99844.2611,40955.5563,679939.4181,679939.4181,0
2458,603989.SH,20230106,26.07,0.2839,0.8015,1.12,21.4422,22.2061,3.3182,3.231,3.013,1.144,1.144,40082.0172,40082.0172,14197.7871,1044938.1884,1044938.1884,0
2459,600884.SH,20230106,18.4,1.684,2.6207,1.07,12.4733,15.014,1.8024,2.0125,2.0,1.6976,1.6976,226397.3358,175723.6492,112915.7023,4165710.9787,3233315.1453,0
2460,688325.SH,20230106,42.47,1.7924,1.7924,1.09,38.0828,64.3595,2.1,10.017,14.3106,,,8000.0,1920.0,1920.0,339760.0,81542.4,0
2461,002237.SZ,20230106,10.8,0.7907,1.3477,0.81,27.2605,24.2859,1.5161,0.2996,0.2811,0.3704,0.3704,114801.44,91039.7469,53409.1503,1239855.552,983229.2665,0
2462,300113.SZ,20230106,10.78,2.3237,5.1305,0.9,122.3471,,3.1301,6.5539,6.8576,0.638,0.638,69428.724,44571.9472,20187.681,748441.6447,480485.5908,0
2463,601808.SH,20230106,16.63,0.1304,0.7023,0.77,253.3773,85.8953,2.0299,2.7172,2.364,0.902,0.902,477159.2,296046.8,54962.07,7935157.496,4923258.284,0
2464,603488.SH,20230106,6.91,0.2469,0.4748,0.6,28.0063,32.6062,2.0891,4.158,4.114,2.8944,2.8944,29199.044,29199.044,15183.4066,201765.394,201765.394,0
2465,603006.SH,20230106,9.22,0.6625,1.8139,1.09,17.0988,18.7871,1.6895,1.9221,1.9593,4.1215,4.1215,25425.425,19107.8186,6978.9398,234422.4185,176174.0875,0
2466,600797.SH,20230106,6.16,1.2111,1.434,0.78,,,1.8943,1.4909,1.4564,0.0,,102752.7102,102752.7102,86778.8604,632956.6948,632956.6948,0
2467,300041.SZ,20230106,18.57,4.4352,5.2705,4.21,35.1921,29.637,3.1467,2.7084,2.234,0.5205,0.5205,43088.8395,41935.0089,35288.9016,800159.7495,778733.1153,0
2468,300678.SZ,20230106,17.12,2.4196,4.6807,0.78,78.4499,63.9744,4.1897,6.8282,6.3518,0.2921,0.2921,19759.0862,12486.7681,6454.9247,338275.5557,213773.4699,0
2469,688180.SH,20230106,63.81,3.4731,4.2322,0.82,,,6.0799,15.5825,24.8401,,,98287.164,42978.0104,35268.9054,6271703.9348,2742426.8436,0
2470,920242.BJ,20230106,8.5,0.0541,0.0781,0.73,12.692,10.7972,1.1627,1.0981,1.147,,,6217.2,3330.06,2305.705,52846.2,28305.51,0
2471,688251.SH,20230106,30.63,2.4149,2.4149,1.21,26.6559,19.637,2.5144,3.3794,2.91,,,5942.8464,1411.4261,1411.4261,182029.3852,43231.9814,0
2472,300688.SZ,20230106,18.45,7.3572,9.7333,0.93,270.2869,,5.3023,9.0862,6.7277,0.2122,0.2122,16737.9464,13560.5575,10250.0996,308815.1111,250192.2859,0
2473,688682.SH,20230106,81.4,0.6074,0.9586,0.64,69.4137,70.6897,6.8374,12.8317,11.5376,,,5194.777,3030.027,1919.862,422854.8478,246644.1978,0
2474,688167.SH,20230106,102.49,4.1097,4.4311,1.46,136.0654,78.2046,3.838,19.3777,17.3296,,,8996.0,6481.5858,6011.4858,922000.04,664297.7286,0
2475,688689.SH,20230106,23.61,2.2306,2.2306,0.95,21.6028,30.5133,2.7437,3.6561,4.1248,,,12889.5,3549.0,3549.0,304321.095,83791.89,0
2476,300644.SZ,20230106,14.42,0.8634,1.2187,1.02,48.985,52.5969,2.0601,0.9383,0.8979,1.3957,1.3957,10796.98,8499.6924,6022.1346,155692.4516,122565.5644,0
2477,300222.SZ,20230106,6.55,0.8245,0.8927,1.21,,,2.5567,1.769,1.5156,0.0,,78024.2234,62633.0011,57848.8545,511058.6633,410246.1572,0
2478,920184.BJ,20230106,4.79,0.1348,0.1886,2.23,119.0074,,1.0229,2.1977,2.6623,,,13379.0,8817.9923,6302.9253,64085.41,42238.1831,0
2479,600533.SH,20230106,3.88,1.9553,3.6333,1.06,11.019,17.6271,0.8968,1.2779,1.0509,3.0928,3.0928,105000.0,105000.0,56505.636,407400.0,407400.0,0
2480,002736.SZ,20230106,8.96,0.0825,0.2744,1.06,8.515,12.1701,1.1393,3.6161,4.2794,5.5804,5.5804,961242.9377,882711.8644,265318.9213,8612736.7218,7909098.305,0
2481,688220.SH,20230106,62.85,1.3331,1.3331,1.71,,,3.4846,12.303,11.4937,,,41830.0889,3554.6376,3554.6376,2629021.0874,223408.9732,0
2482,920418.BJ,20230106,9.61,0.0862,0.0862,1.31,14.7106,13.1513,1.5708,1.7467,1.7026,,,9672.0,5121.6271,5121.6271,92947.92,49218.8364,0
2483,300337.SZ,20230106,8.23,2.1079,3.4717,1.16,166.5095,79.2441,4.3032,2.117,1.7372,0.243,0.243,82192.0,71000.6057,43107.9068,676440.16,584334.9849,0
2484,300871.SZ,20230106,20.8,1.942,2.2227,0.87,25.9957,87.3471,2.4528,3.4671,3.747,1.5932,1.5932,16605.4539,8296.1739,7248.5676,345393.4411,172560.4171,0
2485,300500.SZ,20230106,14.52,4.358,8.2464,5.34,18.4482,22.0592,1.5674,1.0977,1.2518,0.7576,0.7576,17397.4869,16431.6105,8683.6105,252611.5098,238586.9845,0
2486,688300.SH,20230106,54.08,0.4512,1.1538,1.21,38.9991,38.4806,5.7475,10.7917,10.2581,,,12466.143,12466.143,4875.3495,674169.0134,674169.0134,0
2487,000851.SZ,20230106,4.95,1.7837,2.0033,0.84,375.3956,28.4467,1.2424,0.6745,0.8039,0.0,,116475.222,109892.1522,97846.6393,576552.3489,543966.1534,0
2488,300664.SZ,20230106,5.17,0.5754,0.8382,0.85,12.8418,12.6558,0.9254,1.9111,1.9169,1.1526,1.1526,77371.5232,70442.43,48358.507,400010.7749,364187.3631,0
2489,003006.SZ,20230106,14.32,3.5339,4.8224,1.02,27.0367,34.0975,5.0445,4.212,4.0841,2.095,2.095,43033.03,21546.78,15789.5615,616232.9896,308549.8896,0
2490,300066.SZ,20230106,5.15,0.3901,0.6788,1.01,28.2944,30.029,2.4906,5.7167,5.1249,0.5825,0.5825,104003.3262,100260.0735,57623.1856,535617.1299,516339.3785,0
2491,002691.SZ,20230106,5.58,0.7496,1.9989,0.74,113.9973,104.4914,2.1256,5.3259,5.8069,0.1434,0.1434,34000.0,33929.0736,12722.7881,189720.0,189324.2307,0
2492,600968.SH,20230106,2.94,0.2136,1.164,0.76,23.2842,16.7692,1.3712,0.7714,0.6701,1.8707,1.8707,1016510.4199,1016510.4199,186510.4199,2988540.6345,2988540.6345,0
2493,000831.SZ,20230106,34.44,3.0303,5.0574,1.1,172.8798,92.4057,11.3706,11.3615,8.1613,0.0,,98088.8981,98088.8981,58773.557,3378181.6506,3378181.6506,0
2494,603917.SH,20230106,26.79,4.0417,7.3853,2.37,64.7235,78.3306,3.9823,5.9664,6.1192,0.4853,0.4853,15680.0,15680.0,8581.1471,420067.2,420067.2,0
2495,002788.SZ,20230106,8.46,1.6419,2.6799,0.97,10.7459,10.015,1.2514,0.1873,0.1742,3.5461,3.5461,38851.6736,37937.3981,23242.7387,328685.1587,320950.3879,0
2496,000848.SZ,20230106,8.67,2.0618,3.476,0.82,16.3872,15.8245,3.6211,3.6977,3.5337,0.0,,107641.9,107639.2496,63846.063,933255.273,933232.294,0
2497,600168.SH,20230106,6.09,0.1693,0.4241,0.84,10.832,15.5017,0.8408,2.1479,1.7056,2.775,2.775,70956.9692,70956.9692,28326.5276,432127.9424,432127.9424,0
2498,601568.SH,20230106,5.71,0.1611,0.3104,0.97,12.257,13.2696,1.6693,1.7243,1.6696,5.5724,5.5724,397222.2224,254577.889,132083.7224,2268138.8899,1453639.7462,0
2499,601086.SH,20230106,4.05,1.8015,7.3601,0.62,31.1805,54.4134,1.7932,2.7864,3.1833,2.4691,2.4691,66600.0,66600.0,16301.3,269730.0,269730.0,0
2500,002189.SZ,20230106,15.01,0.7612,1.3169,1.15,26.7545,238.1624,2.6113,0.9515,1.1005,1.4962,1.4962,26172.6953,26115.7236,15095.3329,392852.1565,391997.0112,0
2501,688613.SH,20230106,23.76,1.2308,1.6348,0.88,26.2289,31.4131,2.4882,13.4201,12.3135,,,13333.3334,10359.2538,7799.0721,316800.0016,246135.8703,0
2502,300933.SZ,20230106,8.41,5.9807,6.7607,2.44,47.1994,41.1351,2.727,1.5237,1.4837,0.3567,0.3567,45850.7641,23475.7641,20767.2641,385604.9261,197431.1761,0
2503,600510.SH,20230106,6.74,0.9017,2.3116,0.9,10.628,27.3949,0.7355,0.7166,0.8801,3.4125,3.4125,104478.8426,101497.1426,39591.9728,704187.3991,684090.7411,0
2504,002157.SZ,20230106,4.1,2.6247,4.1229,0.99,,,,0.2739,0.6196,0.0,,318468.8415,243331.705,154910.1627,1305722.2502,997659.9905,0
2505,301319.SZ,20230106,66.8,9.5848,9.5848,1.59,47.5881,47.1268,3.635,4.539,3.5201,,,5864.0,1390.2885,1390.2885,391715.2,92871.2718,0
2506,301283.SZ,20230106,61.5,2.8254,2.8254,1.0,89.8252,56.2011,3.5691,4.6688,3.7156,,,8000.0,1896.6513,1896.6513,492000.0,116644.055,0
2507,300489.SZ,20230106,18.83,2.095,3.5837,0.64,606.6145,,7.4531,3.5402,2.786,0.0,,13612.5,13542.75,7917.0,256323.375,255009.9825,0
2508,600000.SH,20230106,7.34,0.0692,0.1324,0.81,4.0648,4.1488,0.3719,1.1281,1.1269,5.5858,5.5858,2935217.417,2935217.417,1534481.866,21544495.8408,21544495.8408,0
2509,301156.SZ,20230106,22.27,2.6795,2.6795,1.45,25.2502,33.651,2.3266,3.2615,3.7676,0.0,,8000.0,2000.0,2000.0,178160.0,44540.0,0
2510,601901.SH,20230106,6.48,0.2776,0.5616,1.13,29.2732,29.0764,1.2423,6.1875,6.6118,0.6173,0.6173,823210.1395,823210.1395,406927.3217,5334401.704,5334401.704,0
2511,002026.SZ,20230106,9.85,1.1476,1.7238,1.71,11.6463,14.3815,1.3329,1.324,1.5441,1.5086,1.5086,44488.4761,42728.1171,28444.8745,438211.4896,420871.9534,0
2512,002412.SZ,20230106,6.08,2.375,4.1629,0.43,22.688,20.2038,1.6345,3.4305,3.3507,0.0,,50320.0,49363.75,28163.1311,305945.6,300131.6,0
2513,601777.SH,20230106,4.04,0.4419,0.6094,0.91,331.9243,116.6762,1.7506,4.6437,2.7457,0.0,,457152.3,225045.0,163190.7344,1846895.292,909181.8,0
2514,000333.SZ,20230106,54.01,0.2845,0.4163,1.01,13.2252,12.7716,2.7166,1.1074,1.0789,3.0902,3.0902,699669.5896,685308.088,468390.2167,37789154.5343,37013489.8329,0
2515,000996.SZ,20230106,6.28,0.8833,1.0965,1.18,1078.0329,,4.4497,43.7856,52.7637,0.0,,34500.0,34500.0,27792.24,216660.0,216660.0,0
2516,605228.SH,20230106,8.74,10.3953,10.3953,1.73,38.7196,57.9128,2.5328,2.6914,2.6702,0.8009,0.8009,42455.0,9704.8385,9704.8385,371056.7,84820.2885,0
2517,300511.SZ,20230106,6.35,2.6488,2.8332,0.85,,,1.6086,1.5485,1.3993,0.0,,50304.4448,40449.3018,37816.5505,319433.2245,256853.0664,0
2518,301148.SZ,20230106,21.72,1.4598,1.4598,0.42,17.0206,20.9087,1.4935,3.7468,3.2726,2.3941,2.3941,11649.708,2508.5362,2508.5362,253031.6578,54485.4063,0
2519,000610.SZ,20230106,17.0,26.85,37.1131,0.98,,,5.4577,7.1786,7.7384,0.0,,23674.7901,23542.1894,17031.9749,402471.4317,400217.2198,0
2520,300497.SZ,20230106,13.22,2.0143,2.1975,0.81,148.9037,,2.5384,5.0863,4.5565,0.0,,55000.4834,44551.5682,40837.578,727106.3905,588971.7316,0
2521,002570.SZ,20230106,5.11,5.9371,7.2569,0.89,75.2786,70.0256,3.0823,2.1732,1.6731,0.0,,108004.3333,107999.9833,88358.1333,551902.1432,551879.9147,0
2522,600793.SH,20230106,13.41,1.4046,3.6514,0.81,83.7546,77.3244,3.6183,1.1206,1.0383,0.0,,17690.4002,17690.4002,6805.1482,237228.2667,237228.2667,0
2523,920580.BJ,20230106,4.21,0.2633,0.2633,0.36,13.6612,17.7801,1.1073,2.9717,3.2788,,,8600.0,2380.7973,2380.7973,36206.0,10023.1566,0
2524,002229.SZ,20230106,6.92,1.6692,2.1545,0.9,377.3418,,2.0999,6.0034,6.308,0.0,,49834.4263,49397.7535,38271.375,344854.23,341832.4542,0
2525,000619.SZ,20230106,6.6,1.9912,2.9915,1.37,,,1.0379,0.4895,0.4704,0.0,,36000.0,36000.0,23962.0607,237600.0,237600.0,0
2526,002790.SZ,20230106,9.74,2.0762,3.8357,1.03,29.2144,22.3676,2.179,2.1792,2.0934,1.54,1.54,41801.15,25783.255,13956.055,407143.201,251128.9037,0
2527,300097.SZ,20230106,5.42,0.9343,1.1557,1.19,,,2.3175,2.2037,2.6731,0.0,,28854.9669,27001.8948,21827.8658,156393.9206,146350.2698,0
2528,601918.SH,20230106,4.18,0.7044,1.2382,1.48,4.449,4.4069,0.9593,0.8671,0.8396,1.6746,1.6746,259054.18,259054.18,147363.8996,1082846.4724,1082846.4724,0
2529,002985.SZ,20230106,45.81,0.9474,0.994,0.99,35.9979,35.9411,5.1259,13.4251,12.9209,0.3358,0.3358,33185.36,17910.4002,17071.0477,1520221.3416,820475.4332,0
2530,002538.SZ,20230106,8.06,0.8084,1.1769,1.56,15.0669,12.0024,1.2969,1.7242,1.6007,3.2258,3.2258,85355.5763,82747.1413,56841.0613,687965.945,666941.9589,0
2531,603053.SH,20230106,9.3,0.1222,0.6429,0.91,16.9131,17.5914,2.0274,1.8867,1.8128,3.2258,3.2258,88889.0,88889.0,16889.0,826667.7,826667.7,0
2532,603679.SH,20230106,12.93,1.1728,2.0992,1.16,,,2.4119,3.5756,4.6723,0.0,,16317.7886,14157.2948,7909.4942,210989.0066,183053.8218,0
2533,600619.SH,20230106,5.67,0.5579,0.9632,0.68,19.0403,24.5415,1.0126,0.3899,0.3783,2.6455,2.6455,108441.9906,71744.1984,41551.8286,614866.0867,406789.6049,0
2534,300679.SZ,20230106,37.86,1.7001,2.4609,1.89,43.0125,31.8989,3.9036,4.9243,5.2779,0.9441,0.9441,42215.7,35591.1818,24587.2488,1598286.402,1347482.1429,0
2535,603757.SH,20230106,21.3,1.9977,5.5029,1.67,24.1302,17.4499,2.5575,2.3933,2.2501,1.6438,1.6438,16677.72,16554.4,6009.6,355235.436,352608.72,0
2536,603516.SH,20230106,14.53,1.4024,2.4157,0.62,32.3779,50.1811,2.8751,5.7483,6.5828,1.385,1.385,18518.7562,18518.7562,10750.9227,269077.5276,269077.5276,0
2537,600771.SH,20230106,28.28,1.3507,1.5817,1.37,,,6.9251,16.2051,12.8084,0.0,,48949.1141,48949.1141,41798.2173,1384280.9467,1384280.9467,0
2538,000962.SZ,20230106,9.46,0.7288,1.3447,0.81,47.219,32.1198,2.8923,5.2474,4.5976,0.0,,44083.2644,44083.106,23891.426,417027.6812,417026.1828,0
2539,002920.SZ,20230106,123.26,1.9109,4.5743,1.98,82.1722,66.2025,11.6066,7.1523,5.1163,0.3651,0.3651,55527.4,54985.0,22969.3,6844307.324,6777451.1,0
2540,605500.SH,20230106,10.52,1.2268,1.2268,0.73,11.0314,15.2572,1.3452,1.0534,1.0818,2.7618,2.7618,29600.0,7622.0,7622.0,311392.0,80183.44,0
2541,688039.SH,20230106,37.65,0.8496,1.586,0.98,49.2916,453.2459,2.1217,7.2308,6.3079,,,8031.65,8031.65,4302.5074,302391.6225,302391.6225,0
2542,300852.SZ,20230106,33.03,1.6058,1.6058,1.18,18.2734,16.6879,2.8906,3.2074,2.8591,0.9991,0.9991,10193.076,3559.5419,3559.5419,336677.3003,117571.669,0
2543,688190.SH,20230106,88.46,0.4298,0.7848,0.5,88.6444,58.3932,5.4617,11.3441,8.1722,,,12000.0,5511.6,3018.6,1061520.0,487556.136,0
2544,920139.BJ,20230106,9.95,0.4901,0.5419,1.94,29.4562,31.033,1.7546,9.3334,9.3739,,,26680.0,12458.2216,11267.8971,265466.0,123959.3049,0
2545,002310.SZ,20230106,2.08,0.5593,0.7904,0.72,,,0.612,0.5327,0.895,0.0,,268546.2004,260525.9137,184338.1359,558576.0968,541893.9005,0
2546,300415.SZ,20230106,18.28,2.4077,3.6256,1.84,16.6061,20.7443,3.7303,2.4256,2.3089,2.7374,2.7374,46877.2684,42059.9044,27930.6225,856916.4664,768855.0524,0
2547,002569.SZ,20230106,6.62,0.7274,1.0104,1.31,29.2827,,5.3502,3.4169,5.0797,0.0,,14401.0,13967.535,10055.535,95334.62,92465.0817,0
2548,600279.SH,20230106,4.07,0.8698,1.845,0.8,71.7597,69.291,0.8671,0.8812,1.0488,0.4914,0.4914,118686.6283,86992.419,41013.9003,483054.5772,354059.1453,0
2549,002682.SZ,20230106,4.82,6.753,9.114,0.8,205.6313,,1.4444,0.5457,0.5632,0.0,,56236.8594,55812.2993,41354.0178,271061.6623,269015.2826,0
2550,600802.SH,20230106,5.39,0.8017,1.1781,1.1,6.1978,,1.527,0.683,0.7744,1.6327,1.6327,45824.84,45824.84,31183.1693,246995.8876,246995.8876,0
2551,300805.SZ,20230106,7.01,0.3883,1.2114,0.77,,,1.8394,1.0421,1.2612,0.0,,42323.0,42323.0,13564.98,296684.23,296684.23,0
2552,300520.SZ,20230106,16.71,1.5183,2.2413,0.87,39.3548,37.8829,2.6647,2.3933,2.0549,0.5925,0.5925,24632.226,23174.1797,15698.4964,411604.4965,387240.5428,0
2553,002330.SZ,20230106,7.47,7.0372,11.9237,0.91,108.7443,89.6722,1.9676,1.5197,2.0436,0.1339,0.1339,63679.479,63517.8715,37487.4674,475685.7081,474478.5001,0
2554,688577.SH,20230106,45.32,1.7005,1.7005,1.04,33.5767,35.1593,2.8555,4.5327,4.1941,,,5408.932,1908.932,1908.932,245132.7982,86512.7982,0
2555,301151.SZ,20230106,17.3,0.6605,0.6605,0.74,15.0835,20.0187,1.4604,2.771,2.9251,2.1965,2.1965,16767.429,4200.0,4200.0,290076.5217,72660.0,0
2556,603599.SH,20230106,29.67,0.621,1.1231,0.95,13.0413,8.3998,2.3601,3.4763,2.4004,3.4191,3.4191,65025.5389,64903.8113,35884.854,1929307.7392,1925696.0813,0
2557,000547.SZ,20230106,9.77,0.8704,1.0858,0.85,24.3216,41.5856,1.7045,3.781,4.5983,0.2456,0.2456,160368.5112,157714.7685,126420.5559,1566800.3544,1540873.2882,0
2558,002453.SZ,20230106,10.57,1.228,1.7315,1.2,,,4.436,2.3681,2.4876,0.0,,88323.8589,62550.3286,44362.728,933583.1886,661156.9733,0
2559,002493.SZ,20230106,12.6,0.2932,0.9377,1.49,9.949,15.6497,2.5752,0.7207,0.4677,1.1815,1.1815,1012552.5,949828.125,296988.5019,12758161.5,11967834.375,0
2560,002810.SZ,20230106,24.09,2.5086,4.0179,1.61,25.0338,22.9963,4.523,5.2865,4.7919,0.4153,0.4153,34244.604,31642.207,19755.9868,824952.5104,762260.7666,0
2561,605080.SH,20230106,46.42,0.8596,0.8596,0.76,21.3845,19.9166,2.6471,5.5721,4.7855,0.9694,0.9694,10112.36,3362.36,3362.36,469415.7512,156080.7512,0
2562,300590.SZ,20230106,10.26,1.554,2.3851,1.15,30.1964,25.6741,2.8339,5.1015,4.4869,0.9725,0.9725,45780.8473,33801.1855,22023.4375,469711.4933,346800.1632,0
2563,300697.SZ,20230106,9.77,1.1145,1.8011,1.37,30.5773,30.8949,3.4723,1.4957,1.4253,1.6377,1.6377,33280.0,15058.9975,9318.13,325145.6,147126.4056,0
2564,300400.SZ,20230106,17.34,2.2116,2.4838,1.6,52.6051,94.0002,5.9016,4.2532,5.2214,2.8483,2.8483,24262.58,18192.0143,16198.7888,420713.1372,315449.528,0
2565,600365.SH,20230106,4.18,0.4669,0.5587,0.99,472.3571,,5.076,2.6213,2.4704,0.0,,42540.0,40000.0,33421.6792,177817.2,167200.0,0
2566,603606.SH,20230106,69.95,1.1016,1.8176,0.91,40.4649,49.924,9.3306,6.0646,6.1488,0.5004,0.5004,68771.5368,68771.5368,41682.4194,4810568.9992,4810568.9992,0
2567,002140.SZ,20230106,9.4,1.05,2.572,1.75,26.7812,24.5879,1.8406,1.1098,1.1402,1.2275,1.2275,70874.8872,53561.67,21865.4299,666223.9397,503479.698,0
2568,002472.SZ,20230106,27.23,3.6066,4.3518,1.57,70.96,45.4681,2.5415,4.2954,3.7648,0.2015,0.2015,85039.7292,68204.68,56525.8624,2315631.8261,1857213.4364,0
2569,300751.SZ,20230106,433.7,1.6768,2.3251,1.7,117.4313,86.3994,12.0405,24.3863,19.2278,0.2148,0.2148,17404.9047,11950.4052,8618.2088,7548507.1684,5182890.7352,0
2570,002200.SZ,20230106,7.91,0.2862,0.5142,0.73,,,56.678,3.7132,5.8812,0.0,,18413.289,18413.289,10247.9983,145649.116,145649.116,0
2571,002068.SZ,20230106,12.97,3.9172,7.2212,1.9,22.4921,,2.9326,1.2235,1.03,0.0,,74811.9596,73402.3596,39817.3259,970311.116,952028.604,0
2572,002128.SZ,20230106,12.44,0.3523,0.8956,0.74,6.7148,6.0579,1.0428,0.9698,0.9013,4.0193,4.0193,192157.3493,192157.2931,75588.7904,2390437.4253,2390436.7262,0
2573,002236.SZ,20230106,11.6,0.9736,1.1593,0.96,10.4146,13.1656,1.4006,1.0715,1.0819,2.298,2.298,303316.117,195925.8043,164533.0722,3518466.9572,2272739.3299,0
2574,300254.SZ,20230106,7.33,7.4433,8.1378,0.58,,,2.6508,1.9036,2.0915,0.0,,24161.8563,22407.0047,20494.7165,177106.4067,164243.3445,0
2575,603486.SH,20230106,75.53,0.5585,1.7233,0.89,21.5477,24.0379,7.4444,3.3101,2.8943,1.4574,1.4574,57350.0074,56504.4929,18312.0912,4331646.0589,4267784.3487,0
2576,301288.SZ,20230106,17.12,2.2023,2.2023,1.17,26.0385,74.9473,2.2902,8.6233,13.4265,0.771,0.771,10801.0,2481.482,2481.482,184913.12,42482.9718,0
2577,600122.SH,20230106,1.56,0.4961,0.6989,0.58,,,,1.281,1.546,0.0,,115825.835,115825.835,82207.0279,180688.3026,180688.3026,0
2578,002103.SZ,20230106,5.57,5.0277,8.1186,0.72,161.6407,183.7603,3.5925,1.0467,1.2898,0.0,,53427.2953,42147.6412,26101.3583,297590.0348,234762.3615,0
2579,300609.SZ,20230106,16.36,1.5403,1.6424,0.69,56.3587,,1.8668,5.1562,4.5565,1.462,1.462,12243.949,9502.788,8911.9533,200311.0056,155465.6117,0
2580,002479.SZ,20230106,4.45,0.4014,0.6189,0.79,11.5892,22.7207,0.9944,0.8423,0.7676,4.4944,4.4944,86500.0,86130.6351,55867.0993,384925.0,383281.3262,0
2581,601921.SH,20230106,7.41,0.5351,0.5351,0.94,12.5025,11.6361,1.3605,1.4451,1.3855,4.3185,4.3185,222222.2223,42222.1962,42222.1962,1646666.6672,312866.4738,0
2582,002925.SZ,20230106,17.23,0.2708,0.7741,0.68,12.3392,18.1846,2.6149,1.9101,2.7981,5.7667,5.7667,78278.9273,73380.7241,25669.0204,1348745.9174,1264349.8762,0
2583,002123.SZ,20230106,12.6,2.3694,2.4684,0.77,,,2.3903,3.1833,2.7185,0.0,,80219.628,66829.2038,64148.7694,1010767.3128,842047.9679,0
2584,603799.SH,20230106,59.76,1.8955,2.4759,1.47,24.5008,21.0494,4.1156,2.7039,1.5595,0.3837,0.3837,159792.3353,157992.1089,120960.0661,9549189.9575,9441608.4279,0
2585,002049.SZ,20230106,126.8,3.2634,4.41,3.62,55.1393,42.4609,12.05,20.1662,16.6025,0.1831,0.1831,84960.8551,84960.6901,62870.5575,10773036.4267,10773015.5047,0
2586,301300.SZ,20230106,31.67,4.3005,4.3005,1.7,26.4294,33.9578,2.4824,5.017,5.3996,1.263,1.263,6415.0,1522.1538,1522.1538,203163.05,48206.6108,0
2587,000565.SZ,20230106,6.11,0.8059,1.3556,1.01,37.173,31.4372,1.9808,5.4142,5.5122,0.4092,0.4092,43359.222,43359.222,25778.3238,264924.8464,264924.8464,0
2588,605138.SH,20230106,10.65,0.9337,3.7996,1.27,20.3072,15.9647,2.4662,1.1472,0.9996,1.0141,1.0141,55556.0,29732.15,7306.0,591671.4,316647.3975,0
2589,605365.SH,20230106,16.46,1.6184,1.6184,0.95,27.503,17.1042,2.502,1.2794,1.054,0.7482,0.7482,50345.0,5726.75,5726.75,828678.7,94262.305,0
2590,002434.SZ,20230106,8.88,2.9781,4.5304,2.69,,,2.099,2.1289,2.435,0.0,,131260.0,131154.04,86215.04,1165588.8,1164647.8752,0
2591,000523.SZ,20230106,3.61,2.9778,3.5488,0.84,3.9994,3.8022,5.8127,2.2513,2.3302,0.0,,161242.0134,137683.5812,115533.342,582083.6684,497037.7281,0
2592,002530.SZ,20230106,7.61,3.6957,5.1442,0.79,,,3.669,4.9336,4.8413,0.0,,77919.8175,66010.0457,47423.2194,592969.8112,502336.4478,0
2593,688219.SH,20230106,8.89,0.4815,0.7776,1.75,75.541,73.5386,2.4578,0.8331,0.7757,,,45928.3632,31871.2204,19737.2965,408303.1488,283335.1494,0
2594,688575.SH,20230106,19.29,2.4268,2.4268,1.07,53.4191,11.8497,4.8201,9.2856,3.1705,,,56700.0,26370.6296,26370.6296,1093743.0,508689.445,0
2595,688186.SH,20230106,26.0,1.3457,1.3457,0.85,31.6312,84.7565,1.7664,2.035,1.7577,,,21424.0,15059.0,15059.0,557024.0,391534.0,0
2596,603226.SH,20230106,5.11,0.6183,2.3416,1.27,89.3482,,1.8322,2.3246,3.0035,0.4516,0.4516,35549.177,35549.177,9387.1607,181656.2945,181656.2945,0
2597,300986.SZ,20230106,41.98,2.7541,2.7541,1.32,41.8433,36.7067,5.1334,4.6451,3.8756,0.2552,0.2552,16389.3333,7000.3777,7000.3777,688024.2119,293875.8558,0
2598,000430.SZ,20230106,8.13,10.9302,13.8435,0.73,,,2.69,16.5627,23.9673,0.0,,40481.7686,33173.88,26192.4635,329116.7787,269703.6444,0
2599,601238.SH,20230106,11.24,0.6256,2.1635,1.14,16.0705,11.6553,1.1713,1.5694,1.1791,2.0398,2.0398,1048716.3691,732484.3103,211791.1034,11787571.9887,8233123.6478,0
2600,600929.SH,20230106,8.02,1.992,4.5858,2.3,29.4374,12.6209,1.951,2.4738,1.5261,2.2849,2.2849,147448.049,104272.9757,45293.7021,1182533.353,836269.2651,0
2601,300008.SZ,20230106,4.01,0.9694,1.1898,0.83,266.8152,78.7102,4.0366,4.8739,2.8294,0.0,,172802.9133,143117.0071,116612.9108,692939.6823,573899.1985,0
2602,600028.SH,20230106,4.38,0.1127,0.8641,1.33,7.3748,7.7255,0.6738,0.1916,0.1646,10.7805,10.7805,11989640.7646,9511547.1046,1240624.3653,52514626.5489,41660576.3181,0
2603,002348.SZ,20230106,3.84,10.6058,14.7986,1.55,,,6.0306,8.2724,10.1969,0.0,,94720.0,88897.6369,63710.3431,363724.8,341366.9257,0
2604,300331.SZ,20230106,19.85,5.9078,6.9738,2.28,,,2.5511,2.9677,2.743,0.0,,25966.2286,20097.0465,17025.0219,515429.6377,398926.373,0
2605,603389.SH,20230106,5.34,0.557,1.7661,0.71,,,2.6565,5.0845,5.945,0.0,,26275.2,26275.2,8285.9467,140309.568,140309.568,0
2606,002825.SZ,20230106,12.49,2.7989,3.786,1.8,49.5613,8.0933,2.1604,1.7375,1.6491,1.4022,1.4022,24466.0327,15993.6609,11823.8205,305580.7484,199760.8246,0
2607,605018.SH,20230106,10.67,2.3186,2.3186,1.04,32.2727,46.1719,1.8904,3.3623,2.9014,3.9928,3.9928,47150.5353,9348.6353,9348.6353,503096.2117,99749.9387,0
2608,002132.SZ,20230106,4.7,6.0896,8.0271,2.71,46.9127,37.2353,1.7987,1.9396,1.5257,0.0,,140154.4698,139918.6411,106145.8922,658726.0081,657617.6132,0
2609,688020.SH,20230106,54.38,0.603,1.3057,0.69,124.3755,,2.7916,15.2411,12.8076,,,8021.05,8021.05,3704.1056,436184.699,436184.699,0
2610,300659.SZ,20230106,26.45,2.3106,2.7006,0.45,51.233,,4.6076,4.7146,5.7451,0.3783,0.3783,22637.9797,15383.9013,13162.0881,598774.5631,406904.1894,0
2611,600118.SH,20230106,22.15,0.3626,0.7472,0.79,112.2956,86.4964,4.1862,3.7105,3.2377,0.2709,0.2709,118248.9135,118248.9135,57394.7959,2619213.434,2619213.434,0
2612,300036.SZ,20230106,20.08,1.5797,1.6276,0.65,34.1806,61.6725,3.057,5.2425,5.7235,0.2988,0.2988,48955.0063,42951.8035,41688.2515,983016.5265,862472.2143,0
2613,002491.SZ,20230106,4.65,0.6607,1.1298,0.94,,,2.7211,1.9211,1.7773,0.0,,122999.45,117643.9621,68796.5157,571947.4425,547044.4238,0
2614,688234.SH,20230106,78.5,5.5333,5.5333,1.16,375.0056,,6.3545,68.3038,85.7809,,,42971.1044,3550.7881,3550.7881,3373231.6954,278736.8659,0
2615,600213.SH,20230106,12.27,18.0305,36.7969,0.93,1855.1497,967.8383,13.5887,3.5861,2.7715,0.0,,28600.0,22000.0,10780.0,350922.0,269940.0,0
2616,301255.SZ,20230106,37.43,13.3516,13.3516,0.6,28.1082,24.9562,2.5322,5.4466,5.4202,,,6800.0,1700.0,1700.0,254524.0,63631.0,0
2617,002766.SZ,20230106,5.3,3.3043,6.5886,1.04,,,6.9605,5.893,5.9883,0.0,,84720.8028,74725.0156,37476.3425,449020.2548,396042.5827,0
2618,002115.SZ,20230106,4.87,2.5904,2.8129,0.74,,,1.6759,0.3848,0.3978,0.0,,81099.1332,69376.937,63887.274,394952.7787,337865.6832,0
2619,688700.SH,20230106,144.0,1.4639,1.4639,0.87,131.7568,108.2042,24.3471,26.3436,22.9658,,,14720.0,8934.771,8934.771,2119680.0,1286607.024,0
2620,002408.SZ,20230106,7.08,0.3539,0.6828,1.12,8.412,15.735,1.4612,0.5768,0.6209,0.0,,284278.8828,276386.3613,143239.1955,2012694.4902,1956815.438,0
2621,603208.SH,20230106,64.79,1.4588,3.8254,1.25,34.4468,,5.1749,2.8028,2.8705,0.8786,0.8786,13658.5243,13658.5243,5208.5243,884935.7894,884935.7894,0
2622,688122.SH,20230106,98.19,0.6573,0.9876,0.98,61.4511,42.9072,7.9057,15.5659,11.1048,,,46404.6069,46404.6069,30883.206,4556468.3515,4556468.3515,0
2623,920227.BJ,20230106,18.83,0.8287,0.8287,0.33,15.1628,17.0497,1.7258,6.1716,6.3299,,,3894.15,893.7674,893.7674,73326.8445,16829.6401,0
2624,688681.SH,20230106,13.8,0.9585,1.051,0.86,26.4465,72.768,2.5332,3.9111,4.2679,,,10467.0,6568.3185,5990.1726,144444.6,90642.7953,0
2625,002935.SZ,20230106,25.93,0.9311,1.6649,0.93,60.2174,61.4116,4.9764,6.8361,6.7892,0.4376,0.4376,27495.904,25958.9202,14517.7899,712968.7907,673114.8008,0
2626,600496.SH,20230106,4.15,1.7937,2.4464,1.41,12.1627,10.6972,1.0617,0.5517,0.5285,0.8675,0.8675,201288.1391,201288.1391,147581.1787,835345.7773,835345.7773,0
2627,300966.SZ,20230106,26.23,6.855,7.3318,0.69,38.602,47.111,3.6374,5.1173,5.1097,0.5185,0.5185,11527.7,5908.6025,5524.3275,302371.571,154982.6436,0
2628,920685.BJ,20230106,15.34,0.1361,0.1509,0.25,28.9978,26.3084,2.577,8.3484,7.2502,,,9151.5941,3745.6441,3378.4141,140385.4535,57458.1805,0
2629,300504.SZ,20230106,16.69,0.5036,0.964,0.7,25.2013,18.5402,2.049,1.8989,1.5086,1.1994,1.1994,27284.628,21381.8563,11170.2268,455380.4413,356863.1816,0
2630,002223.SZ,20230106,32.49,1.768,2.9138,0.65,21.9711,25.7212,3.5508,4.7243,4.861,0.9176,0.9176,100247.6929,93780.8658,56903.9211,3257047.5423,3046940.3298,0
2631,002036.SZ,20230106,13.05,1.6211,1.7773,1.31,124.5752,109.1976,3.3916,1.3267,1.2352,0.0835,0.0835,107334.7092,105031.131,95801.0324,1400717.9551,1370656.2596,0
2632,688207.SH,20230106,24.8,1.4044,1.4044,0.6,,,1.9899,15.6271,13.097,,,18498.0819,4472.5834,4472.5834,458752.4311,110920.0683,0
2633,002401.SZ,20230106,14.61,16.0711,32.0468,4.19,34.662,28.9727,3.8471,3.1834,2.9788,0.8218,0.8218,37190.456,36550.7418,18329.7885,543352.5622,534006.3377,0
2634,688137.SH,20230106,84.25,5.8003,5.8003,0.75,39.6782,53.1229,2.6911,17.2926,21.3484,,,7017.5439,1626.4059,1626.4059,591228.0736,137024.6971,0
2635,600644.SH,20230106,8.1,4.8456,13.196,1.35,37.0794,77.5969,2.382,1.6961,1.5649,0.0,,53840.0659,53840.0659,19770.2085,436104.5338,436104.5338,0
2636,301160.SZ,20230106,36.77,5.4757,5.4757,1.0,22.7627,21.7004,2.4622,2.5828,2.2766,2.8556,2.8556,7466.6667,1866.5667,1866.5667,274549.3346,68633.6576,0
2637,600160.SH,20230106,16.4,0.7022,1.5576,0.99,39.9207,17.3665,3.0071,2.4617,2.0366,0.7927,0.7927,269974.6081,269974.6081,121717.8066,4427583.5728,4427583.5728,0
2638,002843.SZ,20230106,21.29,1.8373,4.4612,1.55,64.5447,37.8527,6.5975,8.5564,7.5724,0.6989,0.6989,21168.0,21167.6625,8717.6625,450666.72,450659.5346,0
2639,603803.SH,20230106,6.33,0.8231,1.4707,0.99,,,1.4364,1.483,1.3845,0.0,,43417.5557,42105.5557,23566.4352,274833.1276,266528.1676,0
2640,600617.SH,20230106,4.14,0.6008,1.1836,0.87,125.7646,53.2248,1.6068,0.4525,0.3384,0.4831,0.4831,137799.4126,97491.4344,49485.0282,570489.5682,403614.5384,0
2641,600382.SH,20230106,4.19,0.5854,1.0369,0.82,3.5671,2.9424,0.8783,1.8961,1.4757,20.9426,20.9426,78893.3815,78893.3815,44541.1446,330563.2685,330563.2685,0
2642,603725.SH,20230106,7.12,0.9341,1.5497,1.13,,,2.0831,0.7165,0.535,0.0,,20777.0,20535.2,12377.4617,147932.24,146210.624,0
2643,300689.SZ,20230106,16.81,1.4636,3.619,1.03,115.2883,53.5541,2.9453,4.5935,3.8241,0.5057,0.5057,11560.0,9848.7274,3982.9979,194323.6,165557.1076,0
2644,002046.SZ,20230106,11.53,0.9384,1.8788,0.89,47.8941,40.3149,2.0015,1.8333,1.7281,0.8767,0.8767,52912.9329,52434.9078,26189.642,610086.1163,604574.4869,0
2645,000598.SZ,20230106,4.92,0.2663,0.6309,0.85,9.8313,8.9979,1.0109,2.1823,2.0534,2.0727,2.0727,298621.8602,296922.8602,125328.5811,1469219.5522,1460860.4722,0
2646,920374.BJ,20230106,8.89,0.1535,0.3452,0.69,16.1341,23.1102,3.1253,3.5044,4.1674,,,8151.8,2799.4202,1244.8802,72469.502,24886.8456,0
2647,002706.SZ,20230106,14.62,1.0387,1.222,1.04,39.2328,38.9873,4.2324,4.0773,3.9405,1.3637,1.3637,112312.502,80699.6607,68600.4286,1642008.7792,1179829.0394,0
2648,301122.SZ,20230106,56.03,2.012,2.012,0.52,40.3177,30.27,3.0837,11.9189,10.3074,0.6247,0.6247,9403.5122,2350.88,2350.88,526878.7886,131719.8064,0
2649,002010.SZ,20230106,5.9,5.345,12.4068,8.92,7.351,8.6197,0.9629,0.4672,0.4318,1.6804,1.6804,280264.9508,269951.6312,116297.0577,1653563.2097,1592714.6241,0
2650,601611.SH,20230106,7.72,0.3454,1.2957,1.26,13.3385,11.5546,1.4498,0.2442,0.2113,0.9328,0.9328,264807.4755,263263.9156,70176.9156,2044313.7109,2032397.4284,0
2651,600693.SH,20230106,4.4,3.8332,12.0015,0.65,30.5138,25.0758,1.082,2.0201,2.1231,0.0,,86984.6246,86886.4692,27751.2853,382732.3482,382300.4645,0
2652,002940.SZ,20230106,28.77,1.1374,1.995,0.53,33.3981,26.1732,2.7943,2.8996,2.7479,0.7037,0.7037,13912.2887,12777.6186,7285.0911,400256.5459,367612.0871,0
2653,000039.SZ,20230106,7.04,0.3313,0.4293,0.88,5.6956,38.591,0.8339,0.2319,0.2456,6.5341,6.5341,539252.0385,230140.7142,177640.7142,3796334.351,1620190.628,0
2654,002508.SZ,20230106,30.67,1.5045,3.1671,1.64,21.8565,23.8036,3.0977,2.8683,2.8221,1.6218,1.6218,94902.405,93697.0781,44509.9908,2910656.7614,2873689.3853,0
2655,603020.SH,20230106,9.88,0.7175,1.0765,1.44,20.0695,26.785,1.2307,1.1321,1.1943,1.5182,1.5182,38323.7774,37944.3508,25290.3508,378638.9207,374890.1859,0
2656,300515.SZ,20230106,13.11,2.1772,4.0464,1.12,31.2528,30.9696,4.0311,7.017,7.1923,1.2587,1.2587,20580.05,18042.9725,9708.0515,269804.4555,236543.3695,0
2657,301338.SZ,20230106,54.02,5.5944,5.5944,0.86,36.626,32.845,2.9999,5.1489,5.075,0.0,,7600.0,1665.7132,1665.7132,410552.0,89981.8271,0
2658,000911.SZ,20230106,7.92,2.1574,3.7326,0.74,,,16.9703,0.9806,1.0757,0.0,,40031.9818,32408.0937,18731.2137,317053.2959,256672.1021,0
2659,601555.SH,20230106,6.61,0.3557,0.4925,0.85,13.8389,19.2193,0.878,3.5801,2.8603,2.5219,2.5219,500750.2651,500750.2651,361620.503,3309959.2523,3309959.2523,0
2660,002980.SZ,20230106,35.72,12.8727,12.8727,0.74,31.9883,41.7443,4.688,6.4356,7.2688,3.0795,3.0795,13333.34,3333.34,3333.34,476266.9048,119066.9048,0
2661,600425.SH,20230106,3.77,0.7892,1.1138,0.87,16.5055,11.7114,0.9902,1.3288,1.2543,4.244,4.244,137879.0086,137879.0086,97694.7988,519803.8624,519803.8624,0
2662,002606.SZ,20230106,10.12,4.0689,5.7216,2.16,28.3818,25.0177,2.9732,4.7605,3.8551,0.3557,0.3557,43939.122,41607.1218,29588.2909,444663.9146,421064.0726,0
2663,002543.SZ,20230106,9.08,1.3158,4.1393,1.19,18.8465,17.8765,1.5659,0.897,0.9672,3.6344,3.6344,74360.0,63083.9399,20053.2322,675188.8,572802.1743,0
2664,002642.SZ,20230106,7.96,8.0216,10.1986,0.68,93.9858,92.7425,3.5005,1.4772,1.3645,0.0,,66482.0313,60005.8007,47196.5249,529196.9691,477646.1736,0
2665,688123.SH,20230106,110.53,3.4832,6.4877,1.63,123.4512,47.0497,7.4907,24.5632,15.373,,,12090.5867,12090.5867,6491.2664,1336372.548,1336372.548,0
2666,688777.SH,20230106,91.56,0.8683,0.8683,1.04,78.205,62.9141,9.3186,10.0653,7.8109,,,49682.3,32636.8139,32636.8139,4548911.388,2988226.6807,0
2667,301339.SZ,20230106,17.55,7.3277,7.3277,1.16,38.0481,45.5275,2.9579,12.036,11.8995,,,40700.0,5633.699,5633.699,714285.0,98871.4175,0
2668,603808.SH,20230106,9.22,0.6234,1.3872,1.54,11.1992,24.004,1.2266,1.4403,1.3972,2.7115,2.7115,36909.2878,36909.2878,16588.2378,340303.6335,340303.6335,0
2669,688280.SH,20230106,8.21,0.6921,1.1166,1.79,,,2.8421,6.581,5.1272,,,59022.1667,45523.3396,28217.8628,484571.9886,373746.6181,0
2670,600048.SH,20230106,16.13,0.762,1.2804,0.91,7.05,10.5493,1.0853,0.6776,0.6869,3.5957,3.5957,1197044.3418,1197044.3418,712348.11,19308325.2332,19308325.2332,0
2671,000881.SZ,20230106,7.89,0.5646,0.9179,0.84,42.2096,40.5727,1.1759,0.9326,0.8283,0.4436,0.4436,94542.5815,77599.4673,47731.0859,745940.968,612259.797,0
2672,300335.SZ,20230106,4.61,2.5971,2.8362,0.99,,,1.2157,1.7978,2.068,0.0,,48711.2388,39613.1413,36273.3532,224558.8109,182616.5814,0
2673,300811.SZ,20230106,88.0,1.5829,2.8765,1.64,80.3833,57.7604,7.5845,13.3184,10.2061,0.2157,0.2157,10986.016,8620.591,4743.7669,966769.408,758612.008,0
2674,601020.SH,20230106,12.5,3.0645,4.1781,4.43,46.6586,50.5349,2.4057,4.9913,7.8758,0.0,,56232.5556,56232.5556,41244.1267,702906.945,702906.945,0
2675,603578.SH,20230106,12.46,0.4442,1.0237,0.85,22.8151,20.9943,2.3152,2.7209,2.7114,1.3471,1.3471,18035.7032,18035.7032,7825.5032,224724.8619,224724.8619,0
2676,000838.SZ,20230106,5.17,1.9361,3.9177,1.36,,,5.7304,1.1256,1.1225,0.0,,110046.217,105306.5855,52041.5909,568938.9419,544435.047,0
2677,603052.SH,20230106,49.23,8.4227,8.4227,1.58,32.6422,21.9028,2.1338,4.5165,3.7624,,,6880.0,1720.0,1720.0,338702.4,84675.6,0
2678,300748.SZ,20230106,31.68,3.7197,7.0869,2.5,58.5918,33.6722,3.9307,6.5064,4.1639,0.7875,0.7875,83795.6198,70560.083,37034.691,2654645.2353,2235343.4294,0
2679,002126.SZ,20230106,14.27,5.089,5.4232,2.36,51.2939,47.8644,2.5482,1.4462,1.4156,0.5606,0.5606,79214.1137,74497.2497,69906.8542,1130385.4025,1063075.7532,0
2680,920735.BJ,20230106,18.2,0.2146,0.4481,1.35,15.2441,12.8131,1.6204,2.3109,1.9558,,,6524.05,4489.5944,2149.889,118737.71,81710.6181,0
2681,600366.SH,20230106,11.35,3.6883,5.5929,2.58,24.3618,26.5507,2.0031,3.3632,2.0503,0.7744,0.7744,111236.8051,98911.3721,65228.34,1262537.7379,1122644.0733,0
2682,600350.SH,20230106,5.8,0.1799,1.3738,1.15,9.1727,8.574,0.9621,1.7279,1.5311,6.8736,6.8736,482721.2433,482721.2433,63197.2067,2799783.2111,2799783.2111,0
2683,688277.SH,20230106,12.22,0.754,0.9091,0.87,,,5.5441,32.8834,37.8665,,,41984.6848,29918.3088,24813.6264,513052.8483,365601.7335,0
2684,600615.SH,20230106,9.16,0.3318,0.587,0.76,,,2.7635,10.9669,8.5377,0.0,,18802.0508,18762.4508,10605.4832,172226.7853,171864.0493,0
2685,002482.SZ,20230106,1.99,0.678,1.67,1.3,,,34.0641,0.3807,0.8745,0.0,,153727.9657,152929.9596,62091.1359,305918.6517,304330.6196,0
2686,300541.SZ,20230106,12.19,3.0713,3.1615,0.76,24.1343,33.7337,3.1635,0.9607,1.3417,0.6542,0.6542,30842.9398,25487.3491,24759.6888,375975.4362,310690.7855,0
2687,688663.SH,20230106,52.49,8.4921,9.283,2.07,63.2826,62.3804,6.7251,7.7916,6.6712,,,13995.0,8292.14,7585.6334,734597.55,435254.4286,0
2688,600141.SH,20230106,29.4,1.4543,2.2096,1.18,7.7137,4.9068,1.7092,1.3787,1.0219,1.7008,1.7008,111167.0663,110541.5663,72753.9726,3268311.7492,3249922.0492,0
2689,600280.SH,20230106,2.92,2.1341,4.9635,1.07,72.6351,68.5112,3.45,1.1437,1.3267,0.0,,112833.4788,112833.4788,48514.7372,329473.7581,329473.7581,0
2690,688400.SH,20230106,26.25,4.3227,4.3227,1.65,70.7935,54.6735,3.1764,4.9944,4.4442,,,46350.0,8739.7205,8739.7205,1216687.5,229417.6631,0
2691,300117.SZ,20230106,3.94,9.9795,16.2198,4.2,,,16.9425,1.9754,1.7253,0.0,,71676.0,71676.0,44099.8394,282403.44,282403.44,0
2692,300271.SZ,20230106,7.38,4.019,4.2835,1.31,20.6574,,0.9374,1.058,1.5907,0.0,,82456.1023,69137.7405,64869.4479,608526.035,510236.5249,0
2693,603728.SH,20230106,38.36,3.3898,9.8273,2.35,57.6233,68.2715,6.1435,5.9367,5.6857,0.2608,0.2608,42006.3,41764.8,14406.0974,1611361.668,1602097.728,0
2694,600613.SH,20230106,8.33,3.0912,6.3414,0.87,63.8991,61.7515,1.9068,1.9317,1.9236,1.2005,1.2005,53407.1628,47931.9978,23364.8662,444881.6661,399273.5417,0
2695,300518.SZ,20230106,41.37,0.7429,1.2758,0.56,28.1484,527.907,4.8121,12.2806,10.587,0.3453,0.3453,14243.684,13652.6779,7949.5605,589261.2071,564811.2847,0
2696,600018.SH,20230106,5.33,0.0601,0.481,0.72,8.4528,6.7125,1.1223,3.6194,3.3284,3.564,3.564,2328414.475,2317367.465,289336.0009,12410449.1518,12351568.5885,0
2697,600199.SH,20230106,27.16,3.3575,4.6056,1.59,,,6.8684,14.7494,14.6532,0.0,,65779.6824,65779.6824,47953.974,1786576.174,1786576.174,0
2698,000597.SZ,20230106,6.32,3.0811,7.4586,0.54,91.5394,44.9494,2.0962,1.1129,1.0529,0.2082,0.2082,143431.6265,133665.4741,55216.5456,906487.8795,844765.7963,0
2699,002857.SZ,20230106,14.88,0.9991,1.69,1.1,97.649,97.5099,3.7031,8.677,8.0196,0.0,,12800.0,12800.0,7567.5301,190464.0,190464.0,0
2700,002275.SZ,20230106,13.37,0.5438,2.0183,0.77,22.8553,20.9374,2.9145,4.5116,4.0819,6.7315,6.7315,58756.86,55368.7966,14917.1859,785579.2182,740280.8105,0
2701,600869.SH,20230106,5.31,0.8394,1.8643,1.28,22.1978,19.7302,2.7878,0.5646,0.5388,0.0,,221935.2746,221935.2746,99931.9003,1178476.3081,1178476.3081,0
2702,002234.SZ,20230106,18.07,3.2902,3.8136,0.83,132.446,,2.2571,3.5516,4.4771,0.0,,34896.0212,25627.0389,22109.9152,630571.1031,463080.5929,0
2703,600570.SH,20230106,42.21,1.1498,1.4504,1.43,54.7982,101.3644,14.0345,14.5908,13.1199,0.1822,0.1822,190000.6442,190000.6442,150626.3355,8019927.1917,8019927.1917,0
2704,600628.SH,20230106,7.12,0.8034,1.5933,0.92,66.3092,,1.0753,3.9516,5.1008,0.7725,0.7725,64687.5384,64687.5384,32620.0446,460575.2734,460575.2734,0
2705,300021.SZ,20230106,4.56,0.8687,1.2953,0.72,29.0618,33.0614,2.1759,1.1186,1.0148,2.6218,2.6218,86229.8975,70098.9622,47015.5842,393208.3326,319651.2676,0
2706,603167.SH,20230106,7.37,0.9146,1.5004,0.8,17.156,21.054,0.9642,2.4683,2.4856,2.0502,2.0502,46914.4503,46914.4503,28598.5798,345759.4987,345759.4987,0
2707,600159.SH,20230106,2.99,1.7842,3.4115,1.04,24.4988,315.3468,1.0232,1.4586,1.4976,1.6722,1.6722,83000.3232,83000.3232,43408.6677,248170.9664,248170.9664,0
2708,688618.SH,20230106,81.02,3.2558,3.2558,1.18,67.752,51.1046,5.4116,16.1265,13.576,,,5052.7495,1705.5273,1705.5273,409373.7645,138181.8218,0
2709,301117.SZ,20230106,80.73,3.2895,3.2895,0.79,80.5226,88.7933,5.7734,23.5084,23.1608,0.4955,0.4955,9226.33,2088.9685,2088.9685,744841.6209,168642.427,0
2710,002805.SZ,20230106,43.96,3.9165,4.8619,1.36,165.6418,53.3325,4.1589,10.9507,5.9841,0.0607,0.0607,20004.4649,13246.922,10671.1107,879396.277,582334.6911,0
2711,688168.SH,20230106,34.59,0.5864,1.0713,0.63,36.462,358.993,2.2187,6.725,5.9561,,,7610.0908,7181.16,3930.8609,263233.0408,248396.3244,0
2712,300550.SZ,20230106,15.88,1.0917,2.1843,0.7,119.8682,171.4305,3.629,8.9881,9.0465,0.127,0.127,26273.8501,26126.9483,13057.3703,417228.7396,414895.939,0
2713,600260.SH,20230106,0.87,7.571,8.6074,0.9,,,,0.9031,,0.0,,99488.6058,99488.6058,87509.2999,86555.087,86555.087,0
2714,605020.SH,20230106,41.17,0.794,0.9323,0.64,40.124,33.7465,4.9826,3.8482,3.1177,0.6046,0.6046,27093.9654,12434.4537,10589.4485,1115458.5555,511926.4588,0
2715,300490.SZ,20230106,13.55,7.7298,10.5901,2.2,108.2131,,1.8372,1.9694,1.8168,0.2201,0.2201,32970.0007,32311.943,23584.6399,446743.5095,437826.8277,0
2716,688176.SH,20230106,11.51,1.978,1.978,1.78,,,2.3007,1434070.4018,1434070.4018,,,57000.0,10670.0,10670.0,656070.0,122811.7,0
2717,603130.SH,20230106,27.62,12.5053,12.5053,0.99,32.2026,37.6077,3.1469,2.2609,2.0189,,,14000.0,3500.0,3500.0,386680.0,96670.0,0
2718,688057.SH,20230106,14.2,0.2832,0.2832,1.01,10.2318,15.3139,1.2632,4.2945,5.8979,,,27600.0,14000.8,14000.8,391920.0,198811.36,0
2719,600310.SH,20230106,3.15,0.8424,1.4252,0.65,58.6376,,1.5525,0.2703,0.3178,0.5291,0.5291,146571.0722,121533.0,71835.2412,461698.8774,382828.95,0
2720,603587.SH,20230106,15.22,0.2211,0.9532,1.03,10.6195,14.3627,2.0239,2.5269,2.8235,6.5541,6.5541,48107.76,47807.46,11087.46,732200.1072,727629.5412,0
2721,300187.SZ,20230106,5.95,0.5302,1.2262,1.56,54.773,53.4002,2.7511,3.8452,4.2872,1.3422,1.3422,64562.2165,64486.9992,27886.6239,384145.1882,383697.6452,0
2722,300774.SZ,20230106,11.92,2.3607,2.3607,1.41,27.9349,25.8713,3.3039,6.836,5.4692,1.6779,1.6779,40876.366,12375.1025,12375.1025,487246.2827,147511.2218,0
2723,000933.SZ,20230106,14.78,1.5266,2.3077,1.16,10.2871,4.8999,2.301,0.9657,0.7966,3.0447,3.0447,225098.6609,223146.0309,147615.3567,3326958.2081,3298098.3367,0
2724,600396.SH,20230106,2.82,1.7096,3.8936,0.4,,,,0.6317,0.5874,0.0,,147270.6817,147270.6817,64662.6238,415303.3224,415303.3224,0
2725,300411.SZ,20230106,6.48,0.5512,0.5996,0.86,,,2.8428,5.3714,5.9536,0.0,,40652.0007,25983.9691,23885.6179,263424.9645,168376.1198,0
2726,000419.SZ,20230106,6.62,14.7556,26.5167,0.99,25.9875,20.8565,1.206,1.6703,1.7689,2.4169,2.4169,54358.2655,54329.9845,30232.7361,359851.7176,359664.4974,0
2727,300470.SZ,20230106,40.56,0.4787,0.6246,1.02,29.3726,26.9721,3.641,7.4615,7.1551,1.2287,1.2287,20817.1277,19677.0073,15079.9808,844342.6995,798099.4161,0
2728,002654.SZ,20230106,4.63,6.6491,9.8244,1.0,,,2.4638,0.8975,1.1552,0.0,,85512.5963,76425.269,51724.1233,395923.3209,353848.9955,0
2729,603706.SH,20230106,14.12,0.3287,1.0547,1.1,17.162,16.5836,1.7452,2.7056,2.6918,5.6657,5.6657,18938.2714,18938.2714,5902.231,267408.3922,267408.3922,0
2730,600513.SH,20230106,9.32,2.3685,3.8255,0.69,22.5195,20.249,2.1893,1.6261,1.4174,1.3412,1.3412,28714.5674,28545.627,17673.7754,267619.7682,266045.2436,0
2731,300672.SZ,20230106,88.0,2.9426,5.5334,1.27,65.2517,83.2439,4.8965,8.2363,5.6907,0.3809,0.3809,21731.6212,17427.0678,9267.592,1912382.6656,1533581.9664,0
2732,603979.SH,20230106,24.93,1.3955,2.5198,1.71,31.8562,26.7767,2.583,3.3311,2.9409,0.3969,0.3969,60179.2695,60179.2695,33328.9235,1500269.1886,1500269.1886,0
2733,300603.SZ,20230106,9.64,2.0593,2.5015,1.12,,,3.6823,3.5654,4.4085,0.0,,35793.4999,25054.9913,20625.3412,345049.339,241530.1161,0
2734,600885.SH,20230106,34.68,0.7838,1.0789,1.41,34.0311,29.883,5.2624,3.6078,3.1671,0.8836,0.8836,104267.4252,104267.4252,75751.9758,3615994.3059,3615994.3059,0
2735,600071.SH,20230106,21.89,1.1354,2.2393,0.78,581.5019,,12.0655,3.8698,3.4098,0.0,,28157.3889,28157.3889,14277.0761,616365.243,616365.243,0
2736,601599.SH,20230106,3.14,1.6041,1.937,1.34,42.7287,36.1623,2.8053,1.4861,1.3448,0.0,,116054.2453,89272.4964,73930.5538,364410.3302,280315.6387,0
2737,603043.SH,20230106,25.2,0.8643,2.6485,0.66,25.6845,24.5141,4.3818,3.682,3.3989,1.5841,1.5841,56835.5942,56835.5942,18547.1398,1432256.9738,1432256.9738,0
2738,301227.SZ,20230106,34.88,4.925,4.925,0.84,25.7423,27.3951,1.8718,3.4565,3.5267,,,9480.0,2101.7921,2101.7921,330662.4,73310.5084,0
2739,603188.SH,20230106,3.74,0.5971,0.8909,0.78,,,1.0555,2.5368,1.7764,0.0,,57017.0,57017.0,38215.8,213243.58,213243.58,0
2740,300032.SZ,20230106,5.05,0.5148,0.6393,1.1,,,3.4751,2.1478,1.2443,0.0,,80316.9608,80316.8108,64673.6395,405600.652,405599.8945,0
2741,603978.SH,20230106,19.67,1.4935,3.1546,2.14,113.413,166.3419,1.9335,2.3728,2.2307,0.0,,16595.1873,16595.1873,7856.7824,326427.3342,326427.3342,0
2742,002272.SZ,20230106,6.3,3.6695,4.2525,1.55,53.8845,,1.9143,1.8029,1.8673,0.7937,0.7937,43826.0,33308.7563,28742.4375,276103.8,209845.1647,0
2743,601668.SH,20230106,5.52,0.3985,0.9458,0.86,4.5028,4.0545,0.6403,0.1224,0.1108,4.5297,4.5297,4193443.2844,4083536.6844,1720467.0847,23147806.9299,22541122.4979,0
2744,002297.SZ,20230106,7.28,0.7283,1.014,0.9,220.7206,189.7454,2.0108,8.7187,7.6825,0.0,,57310.4819,54891.1271,39425.626,417220.3082,399607.4053,0
2745,601163.SH,20230106,13.29,1.2991,3.5148,1.35,17.708,18.1685,0.93,1.1874,1.1674,1.7306,1.7306,80000.0,80000.0,29569.4275,1063200.0,1063200.0,0
2746,688031.SH,20230106,90.61,4.3878,4.3878,1.1,,,6.2366,33.0939,30.0068,,,12084.2068,2654.1205,2654.1205,1094949.9781,240489.8585,0
2747,000417.SZ,20230106,4.82,4.5807,7.3937,0.81,20.7855,16.9956,0.8687,0.5931,0.5655,1.2448,1.2448,77988.42,77902.7451,48263.6984,375904.1844,375491.2314,0
2748,688143.SH,20230106,50.2,5.516,5.516,0.63,61.7003,52.1405,3.8727,18.0422,15.0602,,,9413.4174,1919.6749,1919.6749,472553.5535,96367.68,0
2749,003032.SZ,20230106,17.05,4.7491,4.9903,1.08,89.2936,38.3421,5.1945,10.3362,8.6116,0.1122,0.1122,40244.75,16466.0636,15670.0012,686172.9875,280746.3844,0
2750,600020.SH,20230106,2.89,0.3019,0.7646,0.92,8.736,17.2308,0.6084,1.1584,0.8304,3.4602,3.4602,224737.1832,224737.1832,88735.3659,649490.4594,649490.4594,0
2751,300782.SZ,20230106,115.49,1.2854,1.6689,1.31,28.8752,38.7052,7.1418,13.3037,14.795,0.3788,0.3788,53375.7954,42035.6688,32376.7251,6164370.6107,4854699.3897,0
2752,603127.SH,20230106,62.43,0.974,1.8454,0.67,59.9907,35.5209,4.3323,22.0498,17.2716,0.4105,0.4105,53567.8676,45016.5987,23759.2912,3344241.9743,2810386.2568,0
2753,000929.SZ,20230106,12.76,26.5647,37.4769,1.52,124.0129,,3.6401,7.6825,9.0852,0.0,,18576.6,18575.4223,13166.8096,237037.416,237022.3885,0
2754,002191.SZ,20230106,7.54,0.6768,1.0437,0.85,10.8758,14.0673,1.4048,2.1887,2.0695,4.6221,4.6221,147088.755,142973.9105,92719.9396,1109049.2127,1078023.2852,0
2755,600582.SH,20230106,5.22,0.3679,0.929,0.63,13.3364,10.4093,1.0809,0.9165,0.8086,3.4483,3.4483,413858.8892,413858.8892,163894.4614,2160343.4016,2160343.4016,0
2756,300845.SZ,20230106,18.75,2.4305,2.8028,0.67,58.2644,61.0596,2.8282,7.7489,7.4529,1.3333,1.3333,11082.72,6991.681,6063.0044,207801.0,131094.0188,0
2757,603565.SH,20230106,14.95,1.9274,1.9523,1.51,8.8232,6.9582,2.422,1.7259,1.4645,14.8061,14.8061,141896.1556,43443.3123,42889.9111,2121347.5262,649477.5189,0
2758,002076.SZ,20230106,2.54,1.3924,1.8258,0.86,,,,18.2085,21.1638,0.0,,111462.4491,109664.7433,83630.6605,283114.6207,278548.448,0
2759,688409.SH,20230106,106.6,4.4123,4.4123,1.5,176.1781,107.416,4.8331,26.4314,17.3743,,,20905.3334,4451.5298,4451.5298,2228508.5404,474533.0767,0
2760,601028.SH,20230106,11.32,4.3699,8.438,0.49,24.3292,45.8744,3.3375,0.7808,0.8245,0.5654,0.5654,78302.576,78302.576,40551.0302,886385.1603,886385.1603,0
2761,688503.SH,20230106,158.36,13.252,13.252,1.97,71.8148,48.0956,3.975,3.4859,2.8198,,,11191.0734,2375.0621,2375.0621,1772218.3836,376114.8342,0
2762,002270.SZ,20230106,8.25,1.3937,2.0909,1.47,17.7335,23.1291,2.2302,4.8251,4.508,4.8485,4.8485,89622.5431,75922.4768,50608.0234,739385.9806,626360.4336,0
2763,301112.SZ,20230106,32.61,11.369,11.369,0.82,44.5744,64.8172,3.0432,6.953,6.9782,1.1125,1.1125,11026.66,2506.3018,2506.3018,359579.3826,81730.5017,0
2764,301109.SZ,20230106,16.05,0.9531,0.9531,0.86,14.9816,14.1812,1.356,3.203,4.0754,1.5784,1.5784,41001.0,8937.3692,8937.3692,658066.05,143444.7757,0
2765,002908.SZ,20230106,16.45,3.7779,4.8497,1.03,55.4537,43.6119,4.7146,6.8358,5.3574,0.4341,0.4341,30860.3933,21384.4311,16658.3338,507653.4698,351773.8916,0
2766,300195.SZ,20230106,5.47,0.7547,0.8103,0.69,67.1325,,0.8522,1.5784,1.4601,0.0,,42338.7356,31346.2931,29195.8681,231592.8837,171464.2233,0
2767,603165.SH,20230106,11.4,1.0092,2.044,1.02,11.1601,13.2101,1.6209,1.3145,1.1786,2.916,2.916,27843.1276,27843.1276,13747.8389,317411.6546,317411.6546,0
2768,300085.SZ,20230106,9.67,1.0099,1.5143,1.09,,,7.9376,5.7512,6.4261,0.0,,70664.0535,52709.2707,35152.3832,683321.3973,509698.6477,0
2769,688112.SH,20230106,90.09,2.1809,2.1809,0.92,118.5515,79.3427,6.6442,31.6289,26.5002,,,10666.67,2959.2032,2959.2032,960960.3003,266594.6163,0
2770,300806.SZ,20230106,24.36,2.6452,2.6452,1.65,37.5957,32.2165,3.6596,3.978,3.6621,0.2888,0.2888,32401.3402,17124.0952,17124.0952,789296.6473,417142.9591,0
2771,605399.SH,20230106,34.52,3.1445,3.1445,2.73,15.448,10.417,3.9334,4.8859,3.8109,1.1142,1.1142,24025.3,8502.2392,8502.2392,829353.356,293497.2972,0
2772,600388.SH,20230106,15.67,0.9115,1.3448,1.2,19.5152,20.9006,2.414,1.4863,1.5933,1.5919,1.5919,107146.4473,107146.4473,72619.5978,1678984.8292,1678984.8292,0
2773,300364.SZ,20230106,9.73,5.2809,6.0769,0.58,72.4639,,4.7255,6.0216,5.7401,0.0,,73574.6509,65005.1306,56490.467,715881.3533,632499.9207,0
2774,000592.SZ,20230106,2.6,1.5988,1.9331,1.32,,,1.9257,3.1264,3.9197,0.0,,193178.0892,191393.6915,158296.2092,502263.0319,497623.5979,0
2775,600061.SH,20230106,6.23,0.3304,0.9078,0.55,8.352,13.3426,0.8422,33.6063,23.7218,2.4077,2.4077,642530.6159,642530.6159,233836.4878,4002965.7371,4002965.7371,0
2776,688252.SH,20230106,16.89,5.1617,5.1617,1.48,20.8,28.8031,3.7262,6.1394,5.3614,,,40555.56,3426.6646,3426.6646,684983.4084,57876.3651,0
2777,002467.SZ,20230106,5.83,21.8765,26.4322,1.44,241.9256,643.2081,3.4677,9.0616,9.1017,0.0,,138551.1873,135848.7624,112434.736,807753.422,791998.2848,0
2778,300164.SZ,20230106,4.04,1.6082,1.6518,0.97,150.7584,144.5645,1.9825,2.942,3.0373,0.0,,54426.1399,48501.6367,47222.2514,219881.6052,195946.6123,0
2779,601236.SH,20230106,7.46,0.2734,1.6169,1.03,22.3237,64.3961,1.5382,5.2255,18.1876,1.344,1.344,471678.7742,471678.7742,79764.2216,3518723.6555,3518723.6555,0
2780,300487.SZ,20230106,74.6,0.9073,1.164,0.82,80.4174,64.6211,10.1473,20.9207,16.8758,0.3779,0.3779,33509.7673,20114.3139,15678.2736,2499828.6406,1500527.8169,0
2781,605011.SH,20230106,15.54,1.0548,3.1854,1.2,26.6311,29.664,3.1258,1.9536,1.6804,1.1583,1.1583,40010.0,12110.0,4010.0,621755.4,188189.4,0
2782,600345.SH,20230106,16.4,0.6043,1.1475,0.8,35.507,22.6799,1.5269,29.5521,17.1994,0.3049,0.3049,19800.0,19800.0,10427.6962,324720.0,324720.0,0
2783,000931.SZ,20230106,6.28,0.8954,1.3951,0.57,,,2.9586,2.4182,2.3258,0.0,,75312.6982,74617.6007,47891.0313,472963.7447,468598.5324,0
2784,605580.SH,20230106,12.21,1.6024,1.6024,1.05,19.6048,18.7654,2.8978,3.1689,2.763,4.095,4.095,20000.0,5111.0,5111.0,244200.0,62405.31,0
2785,688084.SH,20230106,79.55,8.7831,8.7831,1.29,99.4727,72.9682,3.6085,14.2612,15.1367,,,7565.9066,1745.8759,1745.8759,601867.87,138884.4278,0
2786,603235.SH,20230106,29.62,1.13,1.13,1.14,17.4315,17.3249,3.2543,5.1407,5.1581,0.0,,43778.0,4378.0,4378.0,1296704.36,129676.36,0
2787,300957.SZ,20230106,144.78,2.6328,4.7057,1.16,71.071,59.8344,12.2209,15.2468,12.7632,0.4144,0.4144,42360.0,21739.3711,12163.022,6132880.8,3147426.1479,0
2788,600623.SH,20230106,6.4,0.2833,0.9236,0.93,4.5965,8.5046,0.6315,0.3437,0.3671,6.5625,6.5625,213144.9598,186219.6763,57117.0673,1364127.7427,1191805.9283,0
2789,301115.SZ,20230106,25.44,1.5698,1.5698,1.4,29.1005,25.3099,1.7871,4.2969,3.9474,1.338,1.338,18508.5,4082.9742,4082.9742,470856.24,103870.8636,0
2790,002277.SZ,20230106,4.1,4.2601,6.267,0.49,43.7276,96.8882,0.8484,2.2275,2.6711,0.0,,139417.28,139417.28,94772.406,571610.848,571610.848,0
2791,002781.SZ,20230106,6.39,2.1788,4.2554,0.57,,,,0.9892,0.813,0.0,,22500.0,22392.1439,11464.9985,143775.0,143085.7995,0
2792,002219.SZ,20230106,4.06,0.5394,0.9932,0.82,,,7.958,4.394,4.2497,0.0,,326416.3753,324309.9495,176143.1326,1325250.4837,1316698.395,0
2793,600681.SH,20230106,4.28,0.1256,0.4536,0.99,10.8561,14.6347,1.6265,1.2615,1.1985,9.2712,9.2712,136301.0801,136129.5934,37676.2953,583368.6228,582634.6598,0
2794,000089.SZ,20230106,7.57,1.1424,2.6548,2.24,,,1.4193,4.6963,5.1889,0.3963,0.3963,205076.9509,205074.2403,88244.6871,1552432.5183,1552411.9991,0
2795,300479.SZ,20230106,17.59,2.6133,3.9265,1.1,,,4.7507,9.4661,9.3519,0.0,,19704.0865,19704.0865,13114.3619,346594.8815,346594.8815,0
2796,600319.SH,20230106,6.08,2.4853,3.733,0.79,12.2122,8.1219,3.9863,12.2328,3.3118,0.0,,38770.9384,31559.4,21010.7241,235727.3055,191881.152,0
2797,002891.SZ,20230106,22.1,1.0577,2.235,0.95,56.22,46.9196,3.4058,2.2557,1.9627,0.2262,0.2262,29411.2698,29410.3473,13918.5629,649989.0626,649968.6753,0
2798,301133.SZ,20230106,21.93,1.5573,1.5573,1.06,55.9617,38.7278,2.8028,4.2344,3.3596,0.456,0.456,10609.6616,3320.808,3320.808,232669.8789,72825.3194,0
2799,300982.SZ,20230106,65.09,17.6037,17.6037,2.85,36.9592,36.8214,3.7453,5.9972,5.1445,0.7564,0.7564,17099.9455,3507.9567,3507.9567,1113035.4526,228332.9016,0
2800,600081.SH,20230106,10.59,0.4255,1.2156,0.95,20.7002,25.5904,1.5861,0.6337,0.686,1.4542,1.4542,47041.8905,31356.0,10974.6,498173.6204,332060.04,0
2801,603662.SH,20230106,17.23,0.7647,1.6146,1.15,19.4077,18.936,2.1969,4.7289,4.5442,1.5622,1.5622,28299.8292,28082.9868,13299.8554,487606.0571,483869.8626,0
2802,300716.SZ,20230106,14.98,5.8658,8.6377,1.02,,,5.6246,1.2604,1.6747,0.0,,16002.0,16002.0,10866.8105,239709.96,239709.96,0
2803,601016.SH,20230106,3.92,0.9877,1.7649,1.35,33.0698,19.0082,1.6763,7.1724,5.2839,1.0863,1.0863,647507.8278,594324.7959,332619.4063,2538230.685,2329753.1999,0
2804,600769.SH,20230106,8.13,1.0,1.2512,0.76,440.4525,348.2461,40.7261,57.5339,59.7357,0.0,,37497.72,37497.72,29968.6023,304856.4636,304856.4636,0
2805,688015.SH,20230106,26.36,1.0511,2.137,1.0,17.0243,19.802,2.087,1.9186,2.1309,,,18794.3462,18794.3462,9243.8109,495418.9658,495418.9658,0
2806,003041.SZ,20230106,17.55,4.6982,5.7494,0.96,19.5821,18.7014,1.745,2.2571,2.2257,0.7123,0.7123,12000.0,3818.1,3120.0,210600.0,67007.655,0
2807,002174.SZ,20230106,10.32,5.7401,7.9941,0.97,56.3026,,1.8645,2.9496,4.393,0.0,,91587.1166,91417.5941,65641.9314,945179.0433,943429.5711,0
2808,002214.SZ,20230106,14.4,2.176,2.375,4.39,50.4139,,3.5595,10.7136,21.7279,0.5492,0.5492,59923.7935,47786.1127,43782.1356,862902.6264,688120.0229,0
2809,000697.SZ,20230106,7.17,0.8155,1.1159,1.01,,,65.2546,4.8838,4.0841,0.0,,67161.6059,57688.8733,42159.8005,481548.7143,413629.2216,0
2810,000026.SZ,20230106,10.55,0.7959,1.456,0.75,11.3603,16.0181,1.4551,0.8402,0.9695,2.847,2.847,41762.796,35946.3953,19648.6626,440597.4978,379234.4704,0
2811,603636.SH,20230106,14.89,1.8703,3.1426,0.71,66.2392,80.2289,3.4921,5.1254,5.2605,0.5608,0.5608,59079.3578,59079.3578,35161.2149,879691.6376,879691.6376,0
2812,920571.BJ,20230106,4.2,0.3354,0.3354,0.78,6.3406,8.9463,1.5507,1.6215,1.8857,,,55540.7453,18666.0513,18666.0513,233271.1303,78397.4155,0
2813,002640.SZ,20230106,5.33,19.3788,24.0918,0.96,12.3305,44.3851,5.7695,0.9418,1.2041,0.0,,155804.133,154811.973,124526.8695,830436.0289,825147.8161,0
2814,600021.SH,20230106,10.59,1.5418,3.3573,0.73,,,1.8664,0.9738,0.8188,0.0,,281674.3645,261716.4197,120186.3406,2982931.5201,2771576.8846,0
2815,001226.SZ,20230106,28.47,2.4504,2.4504,0.81,24.645,29.7403,2.9995,2.3974,2.7754,1.8827,1.8827,7466.67,1866.67,1866.67,212576.0949,53144.0949,0
2816,300910.SZ,20230106,135.13,2.7057,3.5931,0.62,100.8195,47.2456,8.189,18.7489,8.2825,0.592,0.592,15000.0,9110.0983,6860.0983,2026950.0,1231047.5833,0
2817,000978.SZ,20230106,8.52,6.1088,9.3074,0.87,,,2.8548,16.7063,29.6392,0.0,,46813.0,36005.1925,23631.5452,398846.76,306764.2401,0
2818,603683.SH,20230106,8.43,0.7436,1.6384,0.94,57.7784,443.7507,1.8844,1.3125,1.2949,0.5515,0.5515,21715.488,21472.836,9745.452,183061.5638,181016.0075,0
2819,000037.SZ,20230106,8.27,2.2428,3.7981,0.97,,,3.3848,6.5835,7.182,0.0,,60276.2596,33889.5156,20012.2202,498484.6669,280266.294,0
2820,601606.SH,20230106,10.62,0.7064,1.7184,0.7,56.3544,52.3676,3.0607,4.5343,3.9847,0.3578,0.3578,72422.84,72422.84,29772.6841,769130.5608,769130.5608,0
2821,600084.SH,20230106,7.36,0.2623,0.5345,1.1,489.243,2986.9688,3.8429,38.0731,41.8395,0.0,,112372.683,112372.683,55137.6932,827062.9469,827062.9469,0
2822,002652.SZ,20230106,2.71,2.1049,3.0082,0.59,,,5.751,2.1132,20.7801,0.0,,51206.4,51151.6724,35791.6724,138769.344,138621.0322,0
2823,920662.BJ,20230106,6.93,0.8278,0.8278,0.36,16.6192,13.0774,1.5003,2.0509,1.7211,,,8755.0002,1999.3687,1999.3687,60672.1514,13855.6251,0
2824,600575.SH,20230106,2.4,0.5449,1.4837,0.98,21.3694,13.4585,0.8863,0.4095,0.3418,0.0,,388626.1065,388626.1065,142729.1911,932702.6556,932702.6556,0
2825,000509.SZ,20230106,3.8,0.5591,0.958,1.19,,,28.8056,13.8426,4.4333,0.0,,107312.8052,107310.9808,62625.8953,407788.6598,407781.727,0
2826,603081.SH,20230106,13.3,1.1187,2.119,0.83,13.9419,14.2791,2.0451,1.8419,1.8369,1.5014,1.5014,40973.5512,40396.3512,21326.2862,544948.231,537271.471,0
2827,600200.SH,20230106,7.68,3.4428,4.1648,0.49,240.8469,,2.9922,3.0816,3.2411,0.0,,71238.8832,70827.9529,58548.3767,547114.623,543958.6783,0
2828,601698.SH,20230106,11.8,0.1196,1.174,0.79,87.1,68.7654,3.3485,18.923,18.4483,0.2327,0.2327,422438.5412,400000.0,40763.7548,4984774.7862,4720000.0,0
2829,002847.SZ,20230106,104.17,0.6252,1.7092,0.75,88.9314,45.8987,12.8426,5.8757,5.1098,0.965,0.965,12868.899,11465.276,4194.1567,1340553.2088,1194337.8009,0
2830,300977.SZ,20230106,19.36,1.2463,1.2463,0.68,16.6091,51.083,1.4521,2.5427,3.0127,2.4189,2.4189,10220.9704,2560.7918,2560.7918,197877.9869,49576.9292,0
2831,300185.SZ,20230106,2.44,0.4587,0.5958,1.07,33.4069,48.9368,1.4479,1.654,1.6329,1.2295,1.2295,389680.9318,370514.2646,285233.6833,950821.4736,904054.8056,0
2832,002746.SZ,20230106,9.09,1.0038,1.4973,0.75,95.2258,130.0973,1.7698,2.362,1.7505,1.1001,1.1001,86053.8727,70967.6227,47578.8727,782229.7028,645095.6903,0
2833,301003.SZ,20230106,23.66,0.8656,1.7253,1.03,17.3633,17.6241,2.1577,3.3406,3.9773,3.7542,3.7542,9905.3333,6874.9276,3449.3235,234360.1859,162660.787,0
2834,600066.SH,20230106,7.87,3.2605,5.588,6.05,28.3873,36.0744,1.252,0.7499,0.8424,6.3532,6.3532,221393.9223,221393.9223,129179.8708,1742370.1685,1742370.1685,0
2835,301068.SZ,20230106,27.75,1.304,1.304,1.41,45.1757,41.2064,3.041,4.4191,3.0527,0.4324,0.4324,8400.0,3964.6093,3964.6093,233100.0,110017.9081,0
2836,300870.SZ,20230106,50.0,2.2318,2.2318,1.34,45.8054,107.4104,3.1301,1.9785,1.8844,0.2596,0.2596,10177.0,3909.6723,3909.6723,508850.0,195483.615,0
2837,600782.SH,20230106,4.09,0.7572,1.372,1.18,3.0019,5.279,0.4845,0.1243,0.1366,11.992,11.992,318872.2696,318872.2696,175992.3199,1304187.5827,1304187.5827,0
2838,301018.SZ,20230106,41.18,9.3877,12.19,1.83,70.4355,51.1454,6.4011,5.4966,4.2361,0.4371,0.4371,24001.0,8539.0,6576.0,988361.18,351636.02,0
2839,300259.SZ,20230106,3.39,0.614,0.8174,1.03,9.5927,14.438,1.4073,3.3236,3.3971,4.4248,4.4248,116980.1516,81146.8284,60951.7374,396562.7139,275087.7483,0
2840,603676.SH,20230106,16.54,0.8454,3.7242,0.55,75.0442,43.7435,5.967,6.9634,5.3354,0.969,0.969,43516.15,42910.2,9741.028,719757.121,709734.708,0
2841,605303.SH,20230106,10.96,0.8217,0.9353,1.23,28.6235,,1.1489,1.4441,2.0134,1.8248,1.8248,16123.7408,6798.4808,5972.6893,176716.1992,74511.3496,0
2842,000552.SZ,20230106,3.18,0.752,1.3917,1.09,11.0159,8.226,0.8741,1.6473,1.4219,1.4789,1.4789,250782.6471,250457.5364,135336.9784,797488.8178,796454.9658,0
2843,002709.SZ,20230106,44.91,2.6172,3.1424,0.87,39.1816,17.2531,7.9753,7.8016,4.1407,0.5561,0.5561,192665.6122,138140.3582,115049.9216,8652612.6439,6203883.4868,0
2844,920857.BJ,20230106,8.44,0.098,0.1154,0.81,15.4611,15.4884,1.7257,1.188,1.31,,,7400.7152,2234.6252,1897.8286,62462.0363,18860.2367,0
2845,000068.SZ,20230106,3.94,1.149,2.0535,1.19,,,17.7612,4.2382,3.2689,0.0,,100667.1464,100667.1464,56326.7969,396628.5568,396628.5568,0
2846,301135.SZ,20230106,23.73,2.5623,2.5623,0.86,30.267,45.13,1.921,1.8486,2.1378,1.2496,1.2496,10314.6,2383.0715,2383.0715,244765.458,56550.2867,0
2847,603026.SH,20230106,99.63,1.0018,1.5834,1.18,17.1359,15.5467,5.1471,2.8617,2.2945,0.3011,0.3011,20268.0,20268.0,12822.4285,2019300.84,2019300.84,0
2848,002079.SZ,20230106,14.47,9.0809,12.1877,1.58,53.6947,50.6679,4.6123,4.722,3.9569,0.3041,0.3041,80788.6616,79831.0131,59480.8179,1169011.9334,1155154.7596,0
2849,688335.SH,20230106,21.7,0.4029,0.717,1.15,34.1296,22.0275,1.874,7.0384,3.5168,,,10153.0111,6923.9647,3890.4141,220320.3409,150250.034,0
2850,002558.SZ,20230106,8.09,0.7775,1.252,0.9,16.3095,18.1055,1.3366,7.6355,7.5281,1.8989,1.8989,200493.7008,200493.7008,124515.7217,1621994.0395,1621994.0395,0
2851,600458.SH,20230106,9.61,2.1236,4.27,2.68,42.5201,32.3917,1.534,0.5491,0.5573,0.8325,0.8325,80279.8152,80279.8152,39925.9312,771489.0241,771489.0241,0
2852,002584.SZ,20230106,6.86,4.9981,5.3018,1.02,19.6912,27.1869,1.7139,0.5871,0.5412,0.0,,58521.6422,40632.6096,38305.5372,401458.4655,278739.7019,0
2853,002318.SZ,20230106,16.19,0.6271,0.9738,1.12,19.923,14.9351,2.7268,2.6483,2.5356,2.4282,2.4282,97717.072,95381.8553,61430.238,1582039.3957,1544232.2373,0
2854,000823.SZ,20230106,9.58,0.5391,0.7736,1.06,13.6927,13.6394,1.2021,0.7643,0.7561,1.0438,1.0438,53698.9163,53694.3675,37420.1875,514435.6182,514392.0407,0
2855,920429.BJ,20230106,7.21,0.214,0.214,0.39,19.7718,15.1145,1.1997,1.8335,1.4426,,,12450.0,4682.724,4682.724,89764.5,33762.44,0
2856,000551.SZ,20230106,8.84,0.8245,1.2866,1.27,32.7944,26.1806,1.6238,0.9659,0.8789,0.0,,40398.4805,40008.0405,25637.9351,357122.5676,353671.078,0
2857,600083.SH,20230106,7.5,0.4547,0.6852,0.89,138.7929,22.6635,23.2711,2.966,3.363,0.0,,23000.0,22799.3326,15130.8232,172500.0,170994.9945,0
2858,301118.SZ,20230106,32.63,8.8467,11.3358,1.52,14.4059,14.9147,2.4197,3.7302,3.2105,2.2985,2.2985,10667.0,5264.525,4108.525,348064.21,171781.4508,0
2859,300597.SZ,20230106,7.86,0.9047,1.1531,0.75,63.3487,61.9407,2.0077,4.1667,3.9978,0.2801,0.2801,27257.003,22274.814,17474.814,214240.0436,175080.038,0
2860,002435.SZ,20230106,4.69,1.1774,3.0359,0.68,,,1.2578,1.3265,1.5472,0.0,,123598.302,120255.2947,46636.2771,579676.0364,563997.3321,0
2861,002161.SZ,20230106,5.0,0.9118,1.1736,0.75,,,2.697,7.5141,7.069,0.0,,73975.74,71242.0633,55353.1438,369878.7,356210.3165,0
2862,688217.SH,20230106,37.57,1.2768,1.7001,1.23,44.114,50.6583,2.2392,7.1766,5.8917,,,5557.706,3653.0628,2743.3969,208803.0144,137245.5694,0
2863,601088.SH,20230106,27.62,0.128,0.7882,0.94,10.9166,7.9938,1.4073,1.6371,1.5557,9.1962,9.1962,1986851.9955,1649103.7955,267832.8759,54876852.1157,45548246.8317,0
2864,603638.SH,20230106,15.25,0.1812,0.6323,1.34,27.2746,52.3095,4.4279,4.7738,6.3662,0.7882,0.7882,84016.6791,83833.3995,24020.4115,1281254.3563,1278459.3424,0
2865,600860.SH,20230106,14.18,1.0113,2.3384,1.21,,1728.1365,7.2055,6.5017,5.6195,0.0,,54226.5988,32200.0,13926.4948,768933.171,456596.0,0
2866,603317.SH,20230106,27.05,0.6811,2.3501,1.23,111.813,59.1881,5.2508,10.1902,8.1366,0.1827,0.1827,76305.409,75418.169,21857.9974,2064061.3135,2040061.4715,0
2867,600765.SH,20230106,31.2,1.3922,2.2567,1.66,51.5673,38.347,4.5439,5.2251,4.5992,0.3893,0.3893,147204.909,146653.7803,90473.045,4592793.1608,4575597.9454,0
2868,600729.SH,20230106,23.15,1.0892,2.27,0.92,9.6042,9.6242,1.8327,0.4455,0.4885,15.9543,15.9543,40652.8465,40179.6465,19279.9458,941113.3965,930158.8165,0
2869,300467.SZ,20230106,12.36,3.5766,4.1262,0.65,,,4.2184,5.3072,6.9296,0.0,,20320.4897,16259.4878,14093.7431,251161.2527,200967.2692,0
2870,002529.SZ,20230106,18.95,11.793,14.7679,2.72,,,7.1883,19.4024,14.8155,0.0,,26000.0,26000.0,20762.5,492700.0,492700.0,0
2871,300928.SZ,20230106,39.04,3.2336,3.8572,1.67,57.2368,56.2938,2.4112,4.3081,4.1142,0.5123,0.5123,8000.0,4321.7902,3623.0883,312320.0,168722.6894,0
2872,300773.SZ,20230106,16.98,2.6565,3.9972,0.77,12.5481,21.1934,2.6106,2.0595,2.2597,0.0,,80002.0,75739.375,50335.4085,1358433.96,1286054.5875,0
2873,001301.SZ,20230106,75.81,38.7428,38.7428,1.89,36.2363,15.7344,3.9755,8.4302,4.4238,,,25977.46,6494.37,6494.37,1969351.2426,492338.1897,0
2874,301050.SZ,20230106,81.06,1.5586,1.7645,0.59,70.0911,51.5749,6.1532,19.2157,16.4187,0.133,0.133,17424.0,13416.0666,11850.1497,1412389.44,1087506.3586,0
2875,000829.SZ,20230106,10.14,1.8072,2.7753,0.75,50.2578,47.1291,4.0088,0.1464,0.1431,0.6016,0.6016,102510.0438,102412.9669,66690.1551,1039451.8441,1038467.4844,0
2876,688498.SH,20230106,131.3,8.8385,8.8385,0.93,82.6759,72.2074,3.7987,33.9413,28.9924,,,6000.0,1267.035,1267.035,787800.0,166361.6955,0
2877,920510.BJ,20230106,9.04,0.0617,0.1292,2.28,24.3116,32.4028,3.4234,4.5184,4.6087,,,13158.1378,6292.6378,3004.1878,118949.5657,56885.4457,0
2878,603261.SH,20230106,34.8,2.521,2.521,0.87,39.0926,42.7932,3.0757,8.9459,8.7136,0.7895,0.7895,7843.0822,1925.0,1925.0,272939.2606,66990.0,0
2879,688211.SH,20230106,42.5,0.5768,0.731,1.05,21.5788,31.8749,1.4644,2.5314,2.4268,,,13160.8698,6401.8698,5051.8698,559336.9665,272079.4665,0
2880,002726.SZ,20230106,8.98,0.3426,0.5721,0.49,,,3.0638,0.4967,0.6279,0.0,,107912.8488,107737.3488,64509.7488,969057.3822,967481.3922,0
2881,600143.SH,20230106,9.88,0.6718,0.932,1.21,15.8009,23.1582,1.6727,0.6531,0.6576,1.9606,1.9606,265719.7236,257362.2343,185514.0391,2625310.8692,2542738.8749,0
2882,600569.SH,20230106,2.11,0.388,1.1681,0.93,5.8937,,0.6976,0.1165,0.1375,5.2133,5.2133,287242.1386,287242.1386,95411.29,606080.9124,606080.9124,0
2883,002585.SZ,20230106,13.52,5.0685,6.5236,1.84,11.2838,13.2473,1.6085,2.6357,2.4051,2.2189,2.2189,115627.8085,88342.3457,68637.8405,1563287.9709,1194388.5139,0
2884,600809.SH,20230106,287.5,0.4382,1.3968,1.13,66.0137,46.5022,17.362,17.564,14.111,0.6261,0.6261,122007.3422,121771.3022,38203.3103,35077110.8825,35009249.3825,0
2885,301228.SZ,20230106,15.87,1.6545,1.6545,0.73,37.7616,,2.124,4.4824,5.1442,1.2602,1.2602,12000.0,2742.6295,2742.6295,190440.0,43525.5302,0
2886,002700.SZ,20230106,4.53,0.2519,0.4352,0.46,,,2.7429,3.2308,2.8192,0.0,,42242.688,31595.5455,18285.8455,191359.3766,143127.8211,0
2887,688192.SH,20230106,39.44,0.5935,0.5935,0.41,,,8.1474,1561.2737,4380.0051,,,40716.0297,3880.0097,3880.0097,1605840.2114,153027.5826,0
2888,300945.SZ,20230106,14.16,8.5002,8.7945,0.8,41.2137,49.1868,3.5989,2.3128,1.985,0.7394,0.7394,20457.8,7666.3431,7409.8097,289682.448,108555.4183,0
2889,002110.SZ,20230106,4.74,0.257,0.5915,1.01,2.9204,16.7107,0.5467,0.1852,0.2151,17.1408,17.1408,245157.6238,245157.6238,106524.7814,1162047.1368,1162047.1368,0
2890,002831.SZ,20230106,33.0,0.5801,0.8249,0.77,30.1871,22.4338,3.1469,2.0678,1.8244,0.6621,0.6621,93051.3553,52035.2682,36595.1347,3070694.7249,1717163.8506,0
2891,300739.SZ,20230106,13.36,0.6105,1.535,0.95,36.408,22.4406,2.2212,2.153,1.8936,1.9936,1.9936,29879.5704,28981.0064,11526.6601,399191.0605,387186.2455,0
2892,000837.SZ,20230106,10.49,7.102,10.2239,1.61,33.5961,41.0379,2.7445,1.8673,2.3122,0.0,,89937.091,69327.041,48157.4808,943440.0846,727240.6601,0
2893,688699.SH,20230106,48.08,2.9885,3.4204,1.37,8.1761,50.2831,3.3616,4.2295,7.3663,,,11006.464,5238.7264,4577.2693,529190.7891,251877.9653,0
2894,300413.SZ,20230106,33.19,1.8295,3.1332,0.83,29.3692,34.2583,3.3195,4.0434,4.4466,0.3917,0.3917,187072.0815,102169.9958,59658.274,6208922.385,3391022.1606,0
2895,920855.BJ,20230106,6.92,2.9605,2.9605,0.3,11.7188,12.0575,0.9826,1.7662,1.948,,,7473.3333,2026.0785,2026.0785,51715.4664,14020.4632,0
2896,002324.SZ,20230106,17.5,2.0163,2.6263,1.75,749.7445,193.1685,6.3893,3.6555,3.0924,0.2831,0.2831,101743.1917,67057.6881,51482.3087,1780505.8548,1173509.5418,0
2897,300004.SZ,20230106,5.5,0.461,0.7313,0.91,,,1.5556,3.1345,6.2793,0.0,,47999.3598,47674.2671,30052.6841,263996.4789,262208.4691,0
2898,300756.SZ,20230106,15.41,2.7063,2.9342,0.91,102.5835,,1.967,4.3307,5.0438,0.2086,0.2086,14160.9804,9213.5484,8498.0031,218220.708,141980.7808,0
2899,300915.SZ,20230106,41.6,4.6901,4.6901,1.48,33.299,38.4407,2.596,5.0125,4.4103,0.9615,0.9615,9000.0,2480.25,2480.25,374400.0,103178.4,0
2900,001318.SZ,20230106,17.68,20.024,20.024,0.54,36.8259,41.2613,4.0136,7.9247,8.5298,0.0,,28266.0,7070.0,7070.0,499742.88,124997.6,0
2901,300373.SZ,20230106,53.62,2.0876,4.3271,2.43,35.7958,24.3071,4.583,6.2537,4.933,0.409,0.409,51277.2787,51180.551,24692.779,2749487.6839,2744301.1446,0
2902,002303.SZ,20230106,3.83,2.6066,3.2688,1.14,59.2976,44.9549,1.1986,1.6268,1.4442,0.5222,0.5222,153132.3685,95211.6755,75923.6228,586496.9714,364660.7172,0
2903,605117.SH,20230106,352.15,4.6584,4.6584,1.37,145.4322,76.133,24.7126,20.1876,16.142,0.2434,0.2434,23893.38,8123.78,8123.78,8414053.767,2860789.127,0
2904,688162.SH,20230106,45.39,1.961,2.3345,1.6,47.7229,70.4281,2.4169,2.9368,2.1633,,,13734.75,4725.5653,3969.5653,623420.3025,214493.409,0
2905,301276.SZ,20230106,23.82,2.5392,2.5392,1.12,13.2139,13.8675,1.428,2.1183,2.1537,,,10800.0,2560.5786,2560.5786,257256.0,60992.9823,0
2906,920204.BJ,20230106,8.64,0.2857,0.2857,0.48,9.7959,16.5128,0.9828,1.2716,1.4435,,,4835.2717,1626.6068,1626.6068,41776.7475,14053.8828,0
2907,600595.SH,20230106,3.03,0.1921,0.2652,1.28,18.5418,9.3194,1.0002,0.7958,0.635,0.0,,401423.8114,392244.8114,284080.8358,1216314.1485,1188501.7785,0
2908,603398.SH,20230106,32.41,2.8135,5.332,2.07,,,11.6192,34.436,14.8332,0.0,,34263.4507,34263.4507,18079.6949,1110478.4372,1110478.4372,0
2909,002588.SZ,20230106,6.07,0.7976,1.0761,0.89,16.5143,13.9103,1.2989,1.0911,0.8302,1.1532,1.1532,115688.4,79603.895,59000.0059,702228.588,483195.6427,0
2910,002649.SZ,20230106,11.1,2.3301,2.3856,1.05,16.2574,16.9467,1.7032,1.1871,1.0188,2.7389,2.7389,59166.4848,52401.4954,51182.6375,656747.9813,581656.5989,0
2911,000672.SZ,20230106,11.5,2.0079,4.7461,2.1,5.1533,7.8244,1.3488,1.3488,1.4402,5.7627,5.7627,97518.5779,97518.5779,41256.1432,1121463.6459,1121463.6459,0
2912,688083.SH,20230106,194.9,1.0826,1.0848,0.8,92.9971,263.1394,6.2698,27.3048,27.6087,,,8667.4923,4847.3712,4837.5091,1689294.2493,944752.6469,0
2913,000892.SZ,20230106,4.28,8.6198,9.6657,0.47,,,2.6461,10.8262,5.6781,0.0,,98098.0473,53537.7741,47744.3866,419859.6424,229141.6731,0
2914,600839.SH,20230106,2.67,0.4104,0.5345,0.84,43.307,36.1014,0.9219,0.1237,0.1313,0.7491,0.7491,461624.4222,461495.8631,354314.5069,1232537.2073,1232193.9545,0
2915,603063.SH,20230106,31.69,2.4193,3.3142,1.17,50.0029,51.2662,4.1146,6.6534,5.4357,0.2184,0.2184,44171.6564,44171.6564,32244.7809,1399799.7913,1399799.7913,0
2916,000659.SZ,20230106,3.19,0.7823,1.0732,0.98,158.6631,,7.42,2.8358,3.037,0.0,,128570.252,128570.252,93726.8112,410139.1039,410139.1039,0
2917,300076.SZ,20230106,5.39,2.1616,3.4426,1.01,,,2.2472,17.2542,24.8245,0.0,,42400.0,42400.0,26622.2889,228536.0,228536.0,0
2918,600658.SH,20230106,3.95,0.4686,1.0106,0.93,139.9339,13.5721,0.6382,2.2491,1.3275,0.3797,0.3797,111858.5045,111858.5045,51866.1286,441841.0928,441841.0928,0
2919,002697.SZ,20230106,5.28,2.1001,3.2417,0.89,14.9186,14.6764,1.7854,0.7679,0.7236,0.2652,0.2652,136000.0,107773.0,69820.5,718080.0,569041.44,0
2920,002376.SZ,20230106,6.89,0.3367,0.5261,0.88,30.958,75.5356,1.4248,1.7063,1.8351,2.9027,2.9027,65520.3505,63211.1444,40454.9192,451435.2149,435524.7849,0
2921,300661.SZ,20230106,166.0,0.6087,0.9299,0.97,84.7733,59.3509,18.1402,26.4875,19.031,0.2003,0.2003,35716.6237,33771.7363,22107.1353,5928959.5342,5606108.2258,0
2922,002515.SZ,20230106,4.47,4.7156,6.4169,0.91,102.0458,113.0566,2.8671,8.6446,9.8881,0.4292,0.4292,97831.328,89324.0676,65642.2486,437306.0362,399278.5822,0
2923,002906.SZ,20230106,38.2,3.5093,10.6923,2.7,60.9106,50.8791,4.4673,4.0526,3.3898,0.522,0.522,47616.04,47495.7312,15588.5007,1818932.728,1814336.9318,0
2924,600939.SH,20230106,3.55,0.2568,1.0558,0.88,24.6971,34.7131,0.8586,0.1168,0.1247,1.2394,1.2394,190178.8174,190178.8174,46250.9428,675134.8018,675134.8018,0
2925,603103.SH,20230106,14.33,0.6513,5.5668,1.11,664.9396,,6.5604,3.841,5.1501,0.0,,63420.0,63420.0,7420.0,908808.6,908808.6,0
2926,301048.SZ,20230106,8.79,1.2779,1.2779,1.14,19.4121,18.6258,2.2568,1.5359,1.507,1.3554,1.3554,53333.34,13333.34,13333.34,468800.0586,117200.0586,0
2927,000488.SZ,20230106,5.12,0.7976,1.1023,0.92,7.3862,123.2734,0.8389,0.462,0.4678,0.0,,297974.22,168242.8185,121733.5255,1525628.0064,861403.2307,0
2928,603608.SH,20230106,4.37,1.1442,3.2436,1.49,,,1.349,0.9526,1.2075,0.0,,41969.8858,41969.8858,14805.4396,183408.4009,183408.4009,0
2929,002064.SZ,20230106,7.2,0.4784,1.4149,2.02,4.5019,8.455,1.5732,1.2596,1.3092,4.1667,4.1667,496254.3897,495199.0572,167420.2445,3573031.6058,3565433.2118,0
2930,002045.SZ,20230106,12.92,7.9216,11.3229,1.69,150.7722,66.8806,2.87,1.2567,0.9939,0.0,,46838.3913,46773.5913,32723.1168,605152.0156,604314.7996,0
2931,603223.SH,20230106,21.75,0.3471,0.6517,1.2,111.7772,133.7631,3.0602,1.5666,1.9872,0.2798,0.2798,51013.3604,39513.6,21044.0578,1109540.5887,859420.8,0
2932,600267.SH,20230106,10.98,0.9575,1.673,0.53,26.6475,40.735,1.8234,1.069,1.102,1.282,1.282,118163.4303,109236.4697,62516.2021,1297434.4647,1199416.4373,0
2933,001914.SZ,20230106,16.31,0.4581,1.2209,1.13,33.7205,28.6771,1.9155,1.6329,1.4202,0.6131,0.6131,106034.606,106023.926,39776.1007,1729424.4239,1729250.2331,0
2934,920247.BJ,20230106,6.36,0.8645,0.8645,0.87,13.4124,13.436,1.4376,1.6334,1.7153,,,9322.14,1864.452,1864.452,59288.8104,11857.9147,0
2935,603171.SH,20230106,41.2,2.9539,2.9539,0.81,72.4631,82.1683,6.9693,10.4207,10.0959,0.7282,0.7282,40589.0,9049.427,9049.427,1672266.8,372836.3924,0
2936,000735.SZ,20230106,6.74,2.9523,3.7579,1.21,,,1.8093,4.1465,3.3666,0.0,,115151.3578,115088.6809,90415.4287,776120.1516,775697.7093,0
2937,603303.SH,20230106,18.6,0.3535,1.4695,0.46,27.0685,33.6041,2.8147,1.6824,1.7217,1.8441,1.8441,47694.4575,47694.4575,11474.5139,887116.9095,887116.9095,0
2938,002099.SZ,20230106,7.35,0.7036,1.1713,0.82,124.9355,52.7177,1.9139,4.7881,4.3033,1.3605,1.3605,161871.5253,160972.386,96694.1273,1189755.711,1183147.0371,0
2939,920726.BJ,20230106,10.16,0.3077,0.3077,0.66,18.0274,16.347,2.3268,3.6847,3.4342,,,10215.0,2558.3025,2558.3025,103784.4,25992.3534,0
2940,300997.SZ,20230106,12.53,5.7633,5.7633,0.82,30.6726,31.865,4.4779,3.829,3.6228,1.5164,1.5164,45000.0,9000.0,9000.0,563850.0,112770.0,0
2941,600548.SH,20230106,8.98,0.161,0.6288,0.97,7.514,7.2762,1.0822,1.8013,1.7979,6.9042,6.9042,218077.0326,143327.0326,36703.0439,1958331.7527,1287076.7527,0
2942,600381.SH,20230106,11.22,4.8293,8.5773,1.0,,,3.7745,51.5546,37.6531,0.0,,58706.0741,58706.0741,33053.5901,658682.1514,658682.1514,0
2943,600602.SH,20230106,8.99,3.5412,6.3193,0.81,47.8981,51.4979,2.721,2.4625,2.7014,0.634,0.634,136767.3455,107430.299,60201.6978,1229538.436,965798.388,0
2944,002707.SZ,20230106,9.51,5.8843,7.1229,0.82,,,13.6641,13.6619,19.3486,0.0,,98271.5033,81430.7622,67271.2447,934561.9964,774406.5485,0
2945,000603.SZ,20230106,12.8,0.9953,1.6892,1.21,20.9435,21.9412,3.1122,5.3917,4.6681,0.0,,68996.9346,58880.9719,34695.7677,883160.7629,753676.4403,0
2946,301002.SZ,20230106,22.2,2.5967,3.3837,0.9,21.1286,26.6896,3.4043,2.478,3.2748,0.693,0.693,12287.6,5657.7469,4341.8733,272784.72,125601.9812,0
2947,000042.SZ,20230106,8.21,0.6685,2.1633,0.86,26.5056,33.5701,0.6565,0.6291,0.6249,0.3898,0.3898,66483.1139,66396.9764,20516.4721,545826.3651,545119.1762,0
2948,601069.SH,20230106,12.12,0.6347,1.9124,0.78,152.6183,70.4129,2.4114,2.6973,2.8493,0.2005,0.2005,92542.9336,63600.0,21108.7172,1121620.3552,770832.0,0
2949,002205.SZ,20230106,11.12,4.5999,6.5909,1.14,240.4739,,2.5293,1.796,2.1694,0.0899,0.0899,18584.3228,18584.3228,12970.4108,206657.6695,206657.6695,0
2950,002113.SZ,20230106,1.31,1.2435,1.5107,0.7,,,17.988,4.5444,6.8777,0.0,,151054.7023,97656.3907,80384.3908,197881.66,127929.8718,0
2951,301066.SZ,20230106,12.51,17.8994,22.2662,0.95,46.286,151.0314,3.5825,3.5188,4.1089,0.571,0.571,18835.2192,7204.858,5791.8493,235628.5922,90132.7736,0
2952,301238.SZ,20230106,23.65,3.8995,3.8995,1.11,28.7933,19.5293,2.6342,3.3333,2.5361,0.0,,73333.33,15457.2472,15457.2472,1734333.2545,365563.8963,0
2953,600980.SH,20230106,14.38,0.9887,1.6478,1.4,33.2477,29.9339,2.2877,3.8615,3.1483,0.3048,0.3048,18928.8006,15220.988,9132.5928,272196.1526,218877.8074,0
2954,300495.SZ,20230106,3.02,3.8163,3.9322,1.4,,,1.1666,9.5256,19.3444,0.0,,67427.9488,52054.0867,50520.2421,203632.4054,157203.3418,0
2955,600252.SH,20230106,2.65,0.5469,0.7604,0.82,30.0048,,1.4058,2.9126,3.8637,1.0149,1.0149,347510.7147,343158.2147,246798.5345,920903.394,909369.269,0
2956,002136.SZ,20230106,13.9,1.5208,2.2605,1.57,16.1309,11.6046,2.7411,1.4601,1.1569,1.0791,1.0791,21502.0,21420.296,14411.0511,298877.8,297742.1144,0
2957,300199.SZ,20230106,19.48,10.619,12.126,1.03,579.7799,8514.8396,11.9353,24.2696,23.5268,0.0,,91692.704,69971.9517,61276.268,1786173.8739,1363053.6191,0
2958,603080.SH,20230106,14.11,1.0192,1.7418,1.16,19.5467,17.4297,1.5179,2.2189,2.2024,2.5585,2.5585,14150.0,14150.0,8279.25,199656.5,199656.5,0
2959,002827.SZ,20230106,10.8,8.1784,20.5976,1.92,56.6827,47.5456,3.9024,3.196,2.6663,1.3889,1.3889,27600.0,27600.0,10958.7462,298080.0,298080.0,0
2960,603868.SH,20230106,68.95,0.1756,1.7548,0.84,46.8776,34.1339,8.9717,7.4988,6.1843,1.4503,1.4503,43560.0,43560.0,4360.0,3003462.0,3003462.0,0
2961,603506.SH,20230106,12.85,1.2564,3.2071,0.78,14.8242,14.1618,2.355,1.5148,1.3403,2.6984,2.6984,18777.7779,18777.7779,7356.4453,241294.446,241294.446,0
2962,688320.SH,20230106,53.99,7.4059,7.4059,1.73,74.109,73.228,5.3175,10.8499,8.9712,,,15101.3668,3229.3383,3229.3383,815322.7935,174351.9748,0
2963,688819.SH,20230106,37.99,1.9324,1.9324,1.41,26.9687,21.3626,2.8136,0.9539,0.8791,,,97210.0,12850.7084,12850.7084,3693007.9,488198.4121,0
2964,688170.SH,20230106,49.03,3.4364,3.4364,1.21,57.7759,69.9843,3.9688,9.2255,9.3354,,,10336.0,2196.4,2196.4,506774.08,107689.492,0
2965,600601.SH,20230106,2.61,0.311,0.3331,1.09,,,,2.0039,1.9626,0.0,,417029.3287,417029.3287,389395.9919,1088446.5479,1088446.5479,0
2966,603778.SH,20230106,7.53,9.4225,13.0693,1.4,,,4.1636,27.3798,39.8973,0.0,,64285.7142,64285.7142,46347.8835,484071.4279,484071.4279,0
2967,603927.SH,20230106,30.06,0.4951,0.8044,0.65,30.8992,29.8541,7.3576,2.8407,2.8671,1.8297,1.8297,59360.0,59360.0,36530.9168,1784361.6,1784361.6,0
2968,000006.SZ,20230106,5.74,6.6614,10.5723,0.65,14.3052,42.8711,1.0085,2.5089,3.4059,2.108,2.108,134999.5046,134999.5046,85060.6898,774897.1564,774897.1564,0
2969,600635.SH,20230106,2.97,0.2954,0.4038,0.85,28.9057,,1.0407,1.6186,1.5487,1.6835,1.6835,295243.4675,241879.1675,176981.5081,876873.0985,718381.1275,0
2970,000797.SZ,20230106,3.78,6.7327,14.9287,0.91,110.7442,153.8657,1.1381,0.6851,0.7136,0.2646,0.2646,157075.4217,157022.3013,70815.4365,593745.094,593544.2989,0
2971,002251.SZ,20230106,6.66,6.8322,11.5799,0.5,,,0.7872,0.434,0.5355,1.4532,1.4532,86390.3951,86390.3951,50970.4496,575360.0314,575360.0314,0
2972,605005.SH,20230106,15.6,0.5579,0.5579,0.8,32.3302,38.8529,4.0908,4.4324,4.3999,0.9615,0.9615,40413.65,5126.8051,5126.5051,630452.94,79978.1596,0
2973,002842.SZ,20230106,8.03,1.3559,1.9874,1.09,90.0906,336.969,2.3708,1.4627,1.3305,1.2453,1.2453,27767.6048,21598.9735,14736.2963,222973.8665,173439.7572,0
2974,600390.SH,20230106,5.05,0.5598,1.129,1.17,6.6768,10.6709,0.5601,11.4092,38.1449,2.6733,2.6733,449806.5459,449806.5459,223024.9462,2271523.0568,2271523.0568,0
2975,688617.SH,20230106,321.65,1.2388,1.5727,0.88,103.1372,69.9723,12.9536,25.8775,19.1021,,,6667.0,4431.7731,3490.7261,2144440.55,1425479.8176,0
2976,603369.SH,20230106,54.82,1.0123,1.8313,1.22,33.8922,28.5148,6.4618,10.7363,9.0623,1.0696,1.0696,125450.0,125450.0,69345.0962,6877169.0,6877169.0,0
2977,300657.SZ,20230106,11.0,0.9875,1.4019,0.91,,,2.7762,1.6814,1.7525,0.0,,48841.0056,42702.4055,30081.435,537251.0616,469726.4605,0
2978,600992.SH,20230106,24.71,13.2188,17.2697,1.17,195.1611,287.6191,4.1357,2.3945,2.413,0.1538,0.1538,24509.0,24509.0,18760.0182,605617.39,605617.39,0
2979,300012.SZ,20230106,23.3,0.4788,0.5353,1.1,52.5248,45.7932,7.5296,9.0535,7.9445,0.2573,0.2573,168211.8214,152293.4026,136222.3892,3919335.4386,3548436.2806,0
2980,601601.SH,20230106,24.83,0.3074,0.6112,0.74,8.9019,9.7819,1.0768,0.5421,0.5307,4.0274,4.0274,962034.1455,684504.1455,344262.1339,23887307.8328,16996237.9328,0
2981,002539.SZ,20230106,11.52,1.2646,1.4892,1.26,11.2955,7.9335,1.8602,0.9339,0.7034,2.8892,2.8892,120772.3762,68764.2188,58395.5951,1391297.7738,792163.8006,0
2982,300261.SZ,20230106,11.61,4.2043,6.6986,1.53,61.5016,52.5994,4.7372,5.3984,5.4083,0.0,,96330.9471,94954.5077,59596.9969,1118402.2958,1102421.8344,0
2983,001332.SZ,20230106,61.79,9.5371,9.5371,3.04,21.5586,20.4089,2.3867,4.8811,4.6127,4.046,4.046,8000.0,2000.0,2000.0,494320.0,123580.0,0
2984,002886.SZ,20230106,17.48,1.9998,2.9512,1.14,62.651,115.9917,3.364,2.5724,2.6245,0.3432,0.3432,22657.3529,17163.6003,11630.2251,396050.5287,300019.7332,0
2985,300437.SZ,20230106,17.86,2.6836,3.1856,1.26,51.3769,25.3857,2.6673,2.8248,2.2945,0.5599,0.5599,25906.3097,17781.0597,14979.3097,462686.6912,317569.7262,0
2986,603356.SH,20230106,13.83,0.6456,0.9318,0.8,908.9983,128.5273,2.351,0.8255,0.9643,0.0,,13334.0,13334.0,9238.84,184409.22,184409.22,0
2987,002869.SZ,20230106,26.35,7.9939,10.4748,3.44,,,2.1686,15.6897,11.3073,0.0,,17955.6341,15117.1479,11536.7066,473130.9585,398336.8472,0
2988,601518.SH,20230106,2.85,0.5574,1.7639,0.98,12.086,10.33,0.8755,3.0256,2.9748,0.8421,0.8421,135039.5121,135039.5121,42673.3506,384862.6095,384862.6095,0
2989,300308.SZ,20230106,28.42,0.9191,1.2393,0.86,25.9566,19.4661,1.9231,2.958,2.464,0.7671,0.7671,80096.1788,74834.091,55498.8002,2276333.4015,2126784.8662,0
2990,300425.SZ,20230106,4.3,0.4943,0.8575,0.81,16.111,22.0282,1.4346,1.9881,1.8989,1.2791,1.2791,67570.8786,67183.1472,38728.0502,290554.778,288887.533,0
2991,603182.SH,20230106,18.8,14.5118,14.5118,1.58,39.0851,24.6244,3.2846,2.5065,2.088,,,16455.0,4114.0,4114.0,309354.0,77343.2,0
2992,300003.SZ,20230106,22.75,0.7619,1.0436,0.74,24.8841,26.6026,3.164,4.0136,4.3715,1.1406,1.1406,188060.9691,161413.7794,117846.3169,4278387.047,3672163.4814,0
2993,002252.SZ,20230106,6.33,2.1839,2.4382,0.73,32.9617,28.4055,1.4823,9.9515,6.8902,0.4423,0.4423,674078.7907,497227.9699,445361.9281,4266918.7451,3147453.0495,0
2994,300946.SZ,20230106,30.03,1.9198,1.9198,0.78,33.4607,39.7606,3.4777,7.9133,7.426,0.777,0.777,12000.6,3414.6,3414.6,360378.018,102540.438,0
2995,000812.SZ,20230106,6.5,11.1434,13.9768,0.54,159.9774,66.8752,2.902,3.892,3.7039,0.0,,76869.2614,76815.8183,61243.3043,499650.1991,499302.819,0
2996,002612.SZ,20230106,26.12,6.1961,8.1483,0.71,61.6524,247.1054,3.9455,3.1531,3.1415,0.268,0.268,44244.5375,25193.8102,19157.6052,1155667.3195,658062.3224,0
2997,300306.SZ,20230106,9.66,2.2338,2.9889,1.12,24.6597,29.5085,1.7638,5.736,5.9898,3.1056,3.1056,26895.8778,15198.1154,11358.7874,259814.1795,146813.7948,0
2998,600794.SH,20230106,3.66,1.7504,3.0917,1.49,44.0346,32.3155,1.9282,2.3709,3.214,0.8197,0.8197,121215.2157,121215.2157,68629.5487,443647.6895,443647.6895,0
2999,300844.SZ,20230106,22.98,2.0487,2.069,1.26,28.6459,,1.6945,2.5188,3.6165,0.0,,6464.0,1632.0,1616.0,148542.72,37503.36,0
3000,300665.SZ,20230106,7.54,0.6452,0.6978,0.62,113.996,,2.4274,2.3005,2.3807,0.0,,19072.3885,13437.4791,12424.5063,143805.8093,101318.5924,0
3001,002196.SZ,20230106,8.15,11.0837,13.7903,7.14,161.5026,109.3454,2.6286,2.1505,1.7886,0.0,,49891.493,47702.4393,38339.8056,406615.668,388774.8803,0
3002,000090.SZ,20230106,5.52,1.1896,1.9689,1.29,5.335,5.2884,1.0245,0.4433,0.4217,5.9783,5.9783,186854.5434,186834.6092,112888.1864,1031437.0796,1031327.0428,0
3003,600429.SH,20230106,4.93,1.0885,4.0492,0.98,30.5054,53.0608,1.5044,0.9676,0.9234,1.001,1.001,151728.5426,149755.7426,40256.6929,748021.715,738295.811,0
3004,300077.SZ,20230106,14.47,1.6657,1.6657,0.92,39.3611,65.9402,4.7832,8.47,6.4196,0.0,,59565.6,55646.45,55646.45,861914.232,805204.1315,0
3005,300105.SZ,20230106,7.91,1.8352,3.1641,0.96,690.2434,40.6393,2.1782,7.5772,6.1478,0.0,,51898.044,51321.3525,29766.2805,410513.528,405951.8983,0
3006,603239.SH,20230106,14.75,0.3321,0.8627,0.74,28.154,31.5234,4.1137,5.0726,4.5307,3.3898,3.3898,27072.0,27072.0,10422.0,399312.0,399312.0,0
3007,000918.SZ,20230106,2.19,1.4705,2.5262,0.96,,,12.1987,2.8766,2.9907,0.0,,180419.15,180419.15,105024.7444,395117.9385,395117.9385,0
3008,603906.SH,20230106,24.28,2.1891,3.7623,2.54,39.1065,15.8652,2.9245,3.3848,1.175,0.7661,0.7661,56507.8903,56507.8903,32879.8059,1372011.5765,1372011.5765,0
3009,002765.SZ,20230106,9.46,3.9044,4.7104,1.21,26.2586,30.8563,2.5345,1.7568,1.8795,0.5282,0.5282,58304.529,44593.37,36963.742,551560.8443,421853.2802,0
3010,603929.SH,20230106,13.2,1.3732,4.0103,0.78,112.9408,38.0491,2.5893,1.2732,1.1235,0.7576,0.7576,21336.0,21336.0,7306.0,281635.2,281635.2,0
3011,300374.SZ,20230106,13.44,4.8295,8.687,1.01,,,3.1806,7.8245,8.1062,0.0,,24591.2337,18918.7869,10517.8527,330506.1809,254268.4959,0
3012,002718.SZ,20230106,14.12,1.9798,3.2636,0.76,,,1.7344,1.9007,1.9124,0.0,,13144.7829,6151.0611,3731.4285,185604.3345,86852.9827,0
3013,300835.SZ,20230106,40.35,14.0227,14.0227,2.28,37.0016,42.3178,4.8828,6.0243,5.5521,0.2916,0.2916,12013.9,6849.5126,6849.5126,484760.865,276377.8334,0
3014,300124.SZ,20230106,67.12,0.4362,0.5497,0.97,49.9348,42.8283,9.5218,9.9445,8.5637,0.4428,0.4428,265848.0871,230751.9415,183138.9169,17843723.6062,15488070.3135,0
3015,603700.SH,20230106,14.16,1.0098,1.9213,2.7,12.2271,21.2578,1.9482,1.6758,1.8109,5.6146,5.6146,20324.2,20324.2,10682.6893,287790.672,287790.672,0
3016,002960.SZ,20230106,29.67,0.5681,1.0175,1.04,31.5993,29.3029,2.9821,4.3335,3.5679,0.834,0.834,56427.7212,43872.8202,24495.3271,1674210.488,1301706.5753,0
3017,300594.SZ,20230106,20.16,4.9072,8.3091,1.86,332.0613,,2.0386,2.7127,2.3447,0.0,,9093.495,8984.695,5306.195,183324.8592,181131.4512,0
3018,002734.SZ,20230106,9.98,1.0563,1.4301,1.85,12.1145,17.2153,1.4347,0.7848,0.7322,2.9708,2.9708,37256.5078,32485.5293,23993.6838,371819.9478,324205.5824,0
3019,002729.SZ,20230106,25.21,1.0885,1.7525,0.86,191.0662,159.1497,10.0026,20.7229,19.5411,0.081,0.081,18296.992,17546.3709,10897.9498,461267.1683,442344.0104,0
3020,000045.SZ,20230106,11.24,8.1236,16.6523,1.08,93.0851,157.3293,1.9989,2.4821,2.0752,0.4448,0.4448,50652.1849,45702.1849,22295.2413,569330.5583,513692.5583,-1
3021,688622.SH,20230106,37.07,2.6803,5.587,0.88,33.0235,,4.7197,5.5894,6.9297,,,6999.7606,3796.7484,1821.4268,259481.1254,140745.4632,0
3022,000899.SZ,20230106,10.06,6.6583,22.1915,0.95,,,2.0408,3.6359,2.7734,0.0,,97567.776,97567.5649,29274.0418,981531.8266,981529.7029,0
3023,600719.SH,20230106,5.19,0.9731,1.4504,0.49,,,3.883,3.1832,3.2348,0.0,,40459.96,40459.96,27146.5816,209987.1924,209987.1924,0
3024,688656.SH,20230106,35.21,1.2562,1.2562,0.75,25.7595,39.7131,2.8307,6.9885,6.5995,,,6305.8328,1727.0099,1727.0099,222028.3729,60808.0186,0
3025,603693.SH,20230106,13.08,0.6555,3.2638,1.48,38.0069,39.2158,1.9507,6.2802,5.7934,0.5881,0.5881,89147.588,80340.0,16134.3,1166050.451,1050847.2,0
3026,600857.SH,20230106,10.47,1.4214,2.1631,0.96,65.4862,6.4492,3.0615,2.8161,2.8402,0.0,,22431.9919,22431.9919,14740.2798,234862.9552,234862.9552,0
3027,301000.SZ,20230106,27.09,0.6236,0.7676,0.78,22.3674,23.4352,2.3638,4.4502,4.7209,3.0762,3.0762,9600.03,3840.03,3120.03,260064.8127,104026.4127,0
3028,301061.SZ,20230106,29.76,1.3951,1.3951,1.31,12.764,11.9441,1.451,1.9789,2.4666,4.2003,4.2003,12800.0,3200.0,3200.0,380928.0,95232.0,0
3029,300601.SZ,20230106,33.74,0.9284,1.3512,0.77,29.9241,87.856,4.3002,10.3517,9.8454,1.5745,1.5745,112049.3735,85168.7906,58519.1734,3780545.8619,2873594.9948,0
3030,600418.SH,20230106,13.49,4.6957,5.6677,1.44,147.3119,,2.0412,0.7326,0.7956,0.2076,0.2076,218400.9791,189331.2117,156860.9089,2946229.2081,2554078.0458,0
3031,000030.SZ,20230106,4.67,0.336,1.0692,1.39,10.0486,17.3107,1.1651,0.6591,0.6642,6.0933,6.0933,181055.2111,176111.8487,55340.1454,845527.8358,822442.3334,0
3032,000636.SZ,20230106,15.21,0.6495,0.9386,0.99,18.6596,46.7313,1.483,3.4813,4.379,1.5115,1.5115,115701.3211,107847.618,74629.0719,1759817.0939,1640362.2698,0
3033,000826.SZ,20230106,3.47,1.0785,1.7874,0.83,,,0.7248,0.5853,0.6286,0.0,,143057.8784,143057.8784,86316.5061,496410.838,496410.838,0
3034,920392.BJ,20230106,7.07,1.6546,1.6546,,11.7119,14.8692,1.3387,1.0638,1.2312,,,5870.0,1213.24,1213.24,41500.9,8577.6068,0
3035,688290.SH,20230106,73.51,3.8903,3.8903,1.37,79.2848,61.2477,6.1638,17.3703,14.5209,,,8240.0,1751.0,1751.0,605722.4,128716.01,0
3036,688288.SH,20230106,18.35,0.5881,1.6069,1.1,62.2641,,2.1557,4.5398,6.9029,,,10034.392,10034.392,3672.4756,184131.0932,184131.0932,0
3037,605599.SH,20230106,10.03,0.5439,1.1011,0.62,21.4344,17.1646,2.3707,0.7497,0.6684,3.5892,3.5892,77777.78,58667.78,28977.5982,780111.1334,588437.8334,0
3038,920943.BJ,20230106,7.59,0.2783,0.2783,0.55,14.4005,10.8009,1.2839,0.8396,0.7522,,,7809.3368,1498.5571,1498.5571,59272.8663,11374.0484,0
3039,688331.SH,20230106,80.5,1.3757,1.3757,0.76,158.5952,158.5721,8.3172,30.7168,23.2864,,,54426.3003,4354.1041,4354.1041,4381317.1742,350505.3801,0
3040,300569.SZ,20230106,8.6,2.3685,3.1718,1.25,17.602,25.3641,1.8284,1.7055,1.547,1.7411,1.7411,80929.0549,58198.1779,43458.9008,695989.8721,500504.3299,0
3041,603385.SH,20230106,7.52,1.3767,2.9587,1.91,12.2544,27.8044,0.7444,0.7408,0.7821,2.4799,2.4799,38348.6298,37135.5444,17278.935,288381.6961,279259.2939,0
3042,002812.SZ,20230106,143.9,2.1879,3.3593,1.9,47.2537,30.6618,7.6307,16.0876,10.7706,0.2103,0.2103,89241.169,74204.4313,48330.2193,12841804.2191,10678017.6641,0
3043,000017.SZ,20230106,4.98,6.7104,8.49,0.92,,,11.4804,20.7698,14.8471,0.0,,68918.4933,30298.1008,23947.2261,343214.0966,150884.542,0
3044,600965.SH,20230106,8.48,3.1644,8.3139,0.59,46.1801,51.18,3.237,5.473,5.9845,1.4151,1.4151,81870.0955,81870.0955,31161.4226,694258.4098,694258.4098,0
3045,688559.SH,20230106,60.2,3.9653,3.9653,1.62,111.2379,41.3902,6.5977,6.1199,3.6486,,,20172.65,13070.525,13070.525,1214393.53,786845.605,0
3046,600780.SH,20230106,6.79,0.6411,1.5184,0.64,41.8315,8.7494,1.2036,0.9941,0.7347,0.0,,114650.2523,114650.2523,48405.771,778475.2131,778475.2131,0
3047,601166.SH,20230106,18.1,0.2543,0.3363,0.8,4.5478,4.1571,0.5867,1.6996,1.6489,5.7182,5.7182,2077425.2928,2077425.2928,1571060.4103,37601397.7997,37601397.7997,0
3048,600629.SH,20230106,4.49,0.5348,1.1825,0.81,13.3093,13.8763,0.9965,0.4815,0.5484,2.2644,2.2644,97094.2828,93786.0305,42412.4703,435953.3298,421099.2769,0
3049,600343.SH,20230106,8.84,0.5533,0.9843,0.99,,,3.0152,4.6018,4.266,0.0,,63820.6348,63820.6348,35876.5744,564174.4116,564174.4116,0
3050,920436.BJ,20230106,6.93,0.0802,0.0802,0.44,12.5824,445.6005,1.4605,0.8235,1.1719,,,9447.6,4467.975,4467.975,65471.868,30963.0668,0
3051,001296.SZ,20230106,19.82,2.0502,2.6239,0.85,21.9634,33.5714,1.371,2.2696,2.2458,1.5524,1.5524,10685.9233,3799.6214,2968.9357,211794.9998,75308.4961,0
3052,301052.SZ,20230106,22.86,2.5314,3.029,0.68,29.0307,36.6567,2.7989,3.5702,3.4667,0.4593,0.4593,7203.9937,5441.3487,4547.3887,164683.296,124389.2313,0
3053,002294.SZ,20230106,34.1,0.2937,0.7166,0.63,71.2261,55.8012,4.8603,12.4298,11.118,1.1507,1.1507,111481.6535,111450.2132,45675.68,3801524.3844,3800452.2701,0
3054,000014.SZ,20230106,10.16,6.5799,9.972,1.0,69.4225,9.7743,2.2295,3.8321,2.4884,0.4101,0.4101,24204.6224,24204.6224,15971.0154,245918.9636,245918.9636,0
3055,002055.SZ,20230106,9.09,0.7377,0.9246,0.61,,,1.8019,0.7243,0.7052,0.0,,60449.0017,58933.0254,47021.5552,549481.4255,535701.2009,0
3056,603586.SH,20230106,13.65,0.6099,1.5124,1.17,,23.0596,1.2492,1.921,1.4924,0.0,,19605.278,19605.278,7906.7263,267612.0447,267612.0447,0
3057,002054.SZ,20230106,7.63,1.1956,1.5668,1.21,17.8383,23.9052,1.4607,1.8419,1.5429,1.114,1.114,48211.5452,37692.2402,28762.8882,367854.0899,287591.7927,0
3058,600136.SH,20230106,2.11,0.3308,0.5198,0.25,,,2.887,0.7919,1.223,0.0,,58309.3123,48535.6686,30891.8323,123032.649,102410.2607,1
3059,002987.SZ,20230106,27.93,7.5872,7.5872,0.96,38.1391,37.8218,4.1207,2.8796,2.4858,0.2813,0.2813,31489.8267,13029.1653,13029.1653,879510.8597,363904.5868,0
3060,603602.SH,20230106,12.13,2.5861,4.0076,1.03,139.463,81.7622,3.3636,2.7978,2.2626,0.2473,0.2473,20384.9297,20384.9297,13154.4166,247269.1973,247269.1973,0
3061,688148.SH,20230106,15.35,0.8512,0.959,0.92,117.7257,492.039,5.6769,3.7954,3.2407,,,51171.8,38123.6,33835.318,785487.13,585197.26,0
3062,001207.SZ,20230106,14.1,1.5588,1.5588,1.53,15.8535,22.0901,1.9917,1.7915,1.5088,3.5461,3.5461,18386.0,6494.1619,6494.1619,259242.6,91567.6828,0
3063,002106.SZ,20230106,7.97,0.6928,0.9658,1.36,11.4539,12.7208,1.1319,0.7322,0.8047,1.2547,1.2547,70581.616,70413.2508,50505.8997,562535.4795,561193.6089,0
3064,300895.SZ,20230106,29.31,7.862,7.862,0.72,71.6674,135.2817,3.192,12.343,8.7381,0.1551,0.1551,12800.0598,6014.7898,6014.7898,375169.7527,176293.489,0
3065,600998.SH,20230106,13.52,0.1849,0.4187,0.63,10.3477,14.2153,1.1484,0.207,0.1901,2.1655,2.1655,187386.9441,187386.9441,82753.1966,2533471.4842,2533471.4842,0
3066,600158.SH,20230106,8.5,2.2462,2.3425,0.95,148.5051,191.7473,3.2957,5.3832,4.9712,0.2118,0.2118,95951.3067,72208.0395,69239.4885,815586.107,613768.3358,0
3067,603987.SH,20230106,14.7,1.8741,2.7828,1.48,22.2756,19.4071,2.9341,2.0959,1.9779,1.3588,1.3588,44156.9,43950.9,29599.999,649106.43,646078.23,0
3068,603379.SH,20230106,29.27,0.5763,1.5506,0.75,33.3267,23.6698,3.1467,4.4137,3.519,0.5808,0.5808,61047.9037,61047.9037,22688.9564,1786872.1413,1786872.1413,0
3069,000762.SZ,20230106,42.18,5.4238,6.906,2.12,156.8436,44.8336,8.3355,34.129,14.3374,0.0,,52117.124,52080.0618,40902.073,2198300.2903,2196737.0067,0
3070,002724.SZ,20230106,8.36,0.417,0.6932,0.69,16.6172,24.933,2.2939,3.0859,3.3358,2.3923,2.3923,77982.9726,36963.2736,22236.5436,651937.6509,309012.9673,0
3071,300163.SZ,20230106,3.17,1.0735,1.3152,0.69,,,2.501,4.9063,4.6842,0.0,,47400.0,47362.47,38658.0734,150258.0,150139.0299,0
3072,300205.SZ,20230106,11.55,1.5786,2.6129,0.96,,,3.3401,3.4728,2.8504,0.0,,43005.6,42599.1218,25737.4813,496714.68,492019.8568,0
3073,002828.SZ,20230106,9.14,8.7423,8.7423,1.54,85.9226,,2.5566,1.6067,1.7424,0.6565,0.6565,20098.76,15079.7811,15079.7811,183702.6664,137829.1993,0
3074,002362.SZ,20230106,16.5,6.3273,7.9949,0.77,74.5634,,2.7174,2.5002,2.8214,0.0,,24445.4646,20689.8296,16374.2148,403350.1659,341382.1884,0
3075,001216.SZ,20230106,14.76,3.0559,3.0559,0.45,27.1202,18.6272,2.5734,3.0883,2.4891,1.4228,1.4228,25186.67,6296.67,6296.67,371755.2492,92938.8492,0
3076,600703.SH,20230106,17.84,1.2311,2.1538,2.08,67.7857,87.7985,2.3285,7.0795,6.8189,0.499,0.499,498901.8727,407842.4928,233121.0821,8900409.409,7275910.0716,0
3077,002441.SZ,20230106,10.36,11.5939,17.0555,6.79,13.5748,13.5682,1.2551,0.4492,0.4513,3.3784,3.3784,54454.3609,39892.9729,27118.1644,564147.1789,413291.1992,1
3078,002607.SZ,20230106,4.74,5.6927,11.9217,1.3,,,27.4203,4.2295,6.49,0.0,,616739.9389,545538.3765,260499.0589,2923347.3104,2585851.9046,0
3079,600598.SH,20230106,13.83,0.4846,1.3515,0.83,28.6734,18.9898,3.1949,6.774,5.8147,2.8923,2.8923,177767.9909,177767.9909,63741.7788,2458531.3141,2458531.3141,0
3080,600281.SH,20230106,4.53,0.397,0.7024,0.84,,,4.8591,8.3208,6.5831,0.0,,51440.2025,51440.2025,29074.8686,233024.1173,233024.1173,0
3081,600008.SH,20230106,2.87,0.3841,0.7163,0.78,9.21,5.8109,1.1061,0.9476,0.9488,3.4843,3.4843,734059.0677,734059.0677,393643.2234,2106749.5243,2106749.5243,0
3082,000819.SZ,20230106,23.57,4.3975,7.0786,1.91,113.179,86.6871,7.5368,3.6981,2.3807,0.0,,30632.5255,29915.0255,18584.1827,722008.626,705097.151,0
3083,002661.SZ,20230106,11.46,1.898,2.983,1.02,57.3516,32.417,1.5162,0.8943,0.8016,1.6612,1.6612,33764.3608,33121.4279,21074.493,386939.5748,379571.5637,0
3084,300107.SZ,20230106,5.23,1.3407,1.6886,1.77,211.4998,53.4137,1.9981,4.5937,3.7931,1.912,1.912,55173.1068,33749.4299,26795.3828,288555.3486,176509.5184,0
3085,000001.SZ,20230106,14.62,0.6162,1.3903,0.79,7.8081,6.4686,0.7982,1.675,1.5722,1.5595,1.5595,1940591.8198,1940554.695,860090.6226,28371452.4055,28370909.6409,0
3086,002130.SZ,20230106,6.69,0.8282,1.0202,1.33,15.2498,15.2332,2.0244,1.559,1.5693,0.5232,0.5232,125989.8562,124822.468,101323.2625,842872.138,835062.3109,0
3087,603789.SH,20230106,8.68,1.419,3.2517,1.05,,,3.9119,5.6161,8.7133,0.0,,26000.0,26000.0,11345.6318,225680.0,225680.0,0
3088,002078.SZ,20230106,11.39,0.5718,1.0503,0.98,10.7661,12.9587,1.4159,0.9949,0.8394,1.6882,1.6882,279485.9119,274395.2588,149381.6806,3183344.5365,3125361.9977,0
3089,002361.SZ,20230106,4.08,0.7429,0.8222,1.12,46.0222,105.4489,1.7059,1.4974,1.4824,2.451,2.451,95103.4969,79542.7984,71875.8989,388022.2674,324534.6175,0
3090,600696.SH,20230106,25.53,0.6982,1.9108,1.0,137.8857,320.0593,16.4323,14.1536,9.1073,0.0,,33446.9431,33446.9431,12221.1686,853900.4573,853900.4573,0
3091,688403.SH,20230106,10.73,3.246,3.246,0.92,63.8405,47.5091,3.1296,11.258,9.7204,,,83485.3281,11598.2605,11598.2605,895797.5705,124449.3352,0
3092,601939.SH,20230106,5.67,0.5527,0.5957,0.95,4.686,4.4628,0.5347,1.7198,1.7071,6.4198,6.4198,25001097.7486,959365.7606,890107.583,141756224.2346,5439603.8626,0
3093,603727.SH,20230106,11.63,0.8247,1.5606,0.95,19.7166,72.0279,1.0145,0.8028,0.9446,2.1496,2.1496,28171.9277,28171.9277,14887.2977,327639.5192,327639.5192,0
3094,002066.SZ,20230106,11.63,1.3384,2.2355,0.9,56.2223,45.5007,4.5996,0.592,0.566,0.0,,23100.0,23100.0,13830.2535,268653.0,268653.0,0
3095,688313.SH,20230106,9.55,1.1766,1.2964,0.87,87.3443,48.24,3.616,5.3607,4.6742,,,45880.2328,32473.1489,29473.1429,438156.2232,310118.572,0
3096,688336.SH,20230106,12.96,0.9881,0.9881,1.22,442.6469,591.2192,1.7505,8.6062,9.6524,,,61678.5793,9274.1491,9274.1491,799354.3877,120192.9723,0
3097,002939.SZ,20230106,8.32,0.4499,1.5744,0.76,19.0112,34.3176,1.2326,4.3274,7.3067,1.3868,1.3868,403442.6956,310340.5351,88677.0778,3356643.2274,2582033.252,0
3098,603272.SH,20230106,17.92,2.7487,2.7487,1.23,27.697,37.4871,2.9224,6.6473,8.1025,1.6741,1.6741,10362.7,2590.675,2590.675,185699.584,46424.896,0
3099,000815.SZ,20230106,15.45,19.9271,35.2206,1.55,,,5.1991,8.7175,9.3624,0.0,,69526.3035,69526.3035,39336.5723,1074181.3891,1074181.3891,0
3100,601128.SH,20230106,7.63,0.8798,0.9704,0.93,9.5576,8.0217,0.9743,2.7317,2.4027,2.6212,2.6212,274085.5925,264334.5097,239644.8405,2091273.0708,2016872.309,0
3101,000002.SZ,20230106,19.22,0.7422,1.114,1.02,9.9246,9.7678,0.9271,0.4937,0.4307,5.0406,5.0406,1163070.9471,971736.074,647454.9949,22354223.6033,18676767.3423,0
3102,300170.SZ,20230106,8.94,4.0142,4.3631,1.27,39.3738,12.1756,2.0943,2.7607,2.5891,0.0,,86792.722,82710.0253,76094.9594,775926.9347,739427.6262,0
3103,002323.SZ,20230106,3.27,2.0011,2.8327,2.45,,,10.0685,55.3827,12.3559,0.0,,212085.5142,212049.0942,149792.8512,693519.6314,693400.538,0
3104,920405.BJ,20230106,7.82,0.3059,0.4271,0.64,11.9731,14.8127,1.4895,3.8374,4.7604,,,14026.0,5780.3,4139.6,109683.32,45201.946,0
3105,600409.SH,20230106,6.66,0.6379,1.1708,1.33,8.2277,12.5095,1.0374,0.5931,0.5721,3.6787,3.6787,206434.9448,206434.9448,112473.3154,1374856.7324,1374856.7324,0
3106,688260.SH,20230106,15.23,1.5618,1.6133,1.23,117.9144,65.6809,3.601,3.5166,3.301,,,12000.0,6661.626,6448.992,182760.0,101456.564,0
3107,300761.SZ,20230106,34.93,1.0275,2.7183,0.86,,18.6974,1.9665,1.4428,1.2096,0.0,,45980.2501,32160.9125,12156.785,1606090.136,1123380.6736,0
3108,300385.SZ,20230106,6.0,0.2905,0.5286,0.76,16.405,38.349,2.0607,1.1028,1.0998,0.0,,33314.5932,28730.2108,15790.1931,199887.5592,172381.2648,0
3109,601609.SH,20230106,6.85,0.7761,0.8111,1.45,13.6766,16.8783,1.3872,0.1249,0.1025,1.5773,1.5773,147990.8087,60652.4087,58032.1587,1013737.0396,415468.9996,0
3110,002177.SZ,20230106,3.14,1.1231,1.3388,0.66,,37.4649,1.4222,26.7164,28.2824,0.3185,0.3185,76119.1294,76119.1294,63854.972,239014.0663,239014.0663,0
3111,605268.SH,20230106,10.41,11.7632,11.7632,3.94,33.563,6943.1605,2.6935,1.7451,1.902,0.6046,0.6046,44338.5,7438.0,7438.0,461563.785,77429.58,1
3112,002486.SZ,20230106,3.37,1.7288,2.1913,0.9,140.732,31.9433,2.7462,2.4271,2.0186,0.0,,83200.0,83200.0,65638.6019,280384.0,280384.0,0
3113,300589.SZ,20230106,12.35,5.8711,7.597,0.94,113.2725,135.7052,6.1517,6.7531,6.5181,0.1429,0.1429,37766.7996,21986.7023,16991.8044,466419.9751,271535.7734,0
3114,301331.SZ,20230106,41.07,11.0359,11.0359,1.15,28.3146,33.6116,2.5387,4.238,4.2599,,,7013.8359,1754.0,1754.0,288058.2404,72036.78,0
3115,600550.SH,20230106,4.8,0.6217,1.7525,2.72,203.6269,296.9901,12.5912,2.1354,2.475,0.0,,184152.848,184152.848,65329.6826,883933.6704,883933.6704,0
3116,300270.SZ,20230106,5.43,0.6114,0.7601,0.69,,,2.3252,6.7656,9.2864,0.0,,30280.6028,22330.834,17963.6248,164423.6732,121256.4286,0
3117,000798.SZ,20230106,10.7,2.5572,6.4226,0.77,,,4.0511,8.4662,6.3578,0.0,,36585.8712,31941.75,12717.7454,391468.8218,341776.725,0
3118,301282.SZ,20230106,27.66,5.0034,5.0034,1.37,41.6862,33.1174,2.5404,3.1491,2.7752,,,15113.9968,3583.9611,3583.9311,418053.1515,99132.364,0
3119,603712.SH,20230106,35.4,0.5462,1.161,0.91,39.7049,36.6213,7.1236,7.9192,6.997,0.2825,0.2825,77200.0,77200.0,36323.25,2732880.0,2732880.0,0
3120,688079.SH,20230106,8.86,0.3655,0.5281,0.84,35.5861,94.7276,2.3149,8.0912,7.9888,,,40133.3334,17410.3301,12049.6315,355581.3339,154255.5247,0
3121,601686.SH,20230106,5.99,0.4112,0.4112,0.95,13.9531,77.6666,1.4301,0.1281,0.1227,2.5191,2.5191,143045.7488,56287.6888,56287.6888,856844.0353,337163.2559,0
3122,002860.SZ,20230106,14.38,8.4983,12.0065,2.44,30.6579,37.4239,3.2486,3.2228,2.8261,0.7436,0.7436,30672.6517,21926.6174,15519.9579,441072.7314,315304.7582,0
3123,000751.SZ,20230106,3.03,0.5287,0.692,1.15,18.5872,42.3262,1.4454,0.187,0.147,0.0,,140986.9279,140986.8779,107726.6753,427190.3915,427190.24,0
3124,002580.SZ,20230106,10.23,7.9298,8.0952,2.07,136.7565,47.8184,2.544,2.221,1.8334,0.0,,45386.8993,31444.2265,30801.6193,464307.9798,321674.4371,0
3125,605258.SH,20230106,24.52,4.4231,5.0621,0.64,27.6204,42.0797,1.9023,2.9395,2.9281,1.2235,1.2235,8800.0,3779.0,3302.0,215776.0,92661.08,0
3126,000028.SZ,20230106,34.26,0.5835,1.6774,0.64,10.9753,11.1974,0.9333,0.2146,0.2016,1.7513,1.7513,42812.6983,36773.3625,12791.6361,1466763.0438,1259855.3993,0
3127,301004.SZ,20230106,33.8,6.6521,6.6521,1.07,42.45,18.539,4.6999,5.9563,3.392,0.8601,0.8601,10320.0,2500.0,2500.0,348816.0,84500.0,0
3128,688268.SH,20230106,77.07,1.1224,3.8329,1.33,71.6813,43.654,6.0407,6.8805,5.2811,,,12027.824,12027.648,3521.998,926984.3957,926970.8314,0
3129,600742.SH,20230106,8.61,0.4439,0.7102,0.75,9.6439,11.2841,0.8232,0.3094,0.3033,3.2036,3.2036,73797.4327,67851.4253,42407.2417,635395.8955,584200.7718,0
3130,300642.SZ,20230106,21.36,0.5807,0.7773,0.8,21.7249,24.3837,2.448,5.3461,4.8681,1.1635,1.1635,16383.4581,13876.9806,10367.6609,349950.665,296412.3056,0
3131,600399.SH,20230106,15.2,1.9678,2.7814,1.88,38.2643,75.4521,4.8677,4.0429,3.9531,0.0,,197210.0,197210.0,139522.3556,2997592.0,2997592.0,0
3132,600015.SH,20230106,5.25,0.1109,0.279,0.72,3.5502,3.4221,0.3561,0.8715,0.8673,6.2246,6.2246,1591492.8468,1282268.6653,509783.4834,8355337.4457,6731910.4928,0
3133,688289.SH,20230106,22.39,0.6707,0.8902,0.82,5.8749,6.3225,1.8247,2.9185,2.4787,,,58845.9803,34922.5439,26310.6741,1317561.4989,781915.7579,0
3134,300823.SZ,20230106,16.62,0.9865,1.1921,0.72,17.1713,30.1603,1.6195,3.2317,3.5006,3.219,3.219,9355.9091,3817.4531,3159.1476,155495.2092,63446.0705,0
3135,600586.SH,20230106,9.78,5.9624,8.7721,2.43,10.6872,29.4265,2.5684,2.0188,1.8597,2.863,2.863,142877.0,142877.0,97113.4722,1397337.06,1397337.06,0
3136,300545.SZ,20230106,17.11,2.7361,3.4015,2.04,134.9028,60.2862,2.1226,3.4293,3.562,0.0877,0.0877,17774.2989,11192.5598,9002.9117,304118.2542,191504.6982,0
3137,603980.SH,20230106,4.72,0.2326,0.3663,0.86,24.2141,,0.761,1.4661,1.5741,3.178,3.178,70000.0,70000.0,44437.1134,330400.0,330400.0,0
3138,600792.SH,20230106,3.48,0.3766,1.2766,0.96,,,1.0543,0.5646,0.4627,0.0,,98992.36,98992.36,29199.9171,344493.4128,344493.4128,0
3139,300176.SZ,20230106,6.03,0.5118,0.7402,0.83,,,2.5979,1.8152,1.5538,0.0,,38728.08,38633.2097,26713.4061,233530.3224,232958.2545,0
3140,000016.SZ,20230106,4.62,0.4108,0.6113,0.83,12.2877,9.5301,1.2025,0.2265,0.2644,1.0823,1.0823,240794.5408,159656.78,107282.0868,1112470.7785,737614.3236,0
3141,300339.SZ,20230106,19.18,3.1618,3.3825,0.84,86.6817,83.0872,4.7628,5.5367,5.0664,0.0,,79641.0841,77146.3242,72112.8706,1527515.993,1479666.4982,0
3142,600287.SH,20230106,5.18,1.1898,2.4363,1.28,,,1.3591,0.5924,0.5057,0.0,,44328.2774,43679.6074,21331.3119,229620.4769,226260.3663,0
3143,688387.SH,20230106,5.1,0.9615,0.9615,0.83,,,2.393,3.0775,2.3886,,,341875.0,46003.8242,46003.8242,1743562.5,234619.5034,0
3144,600151.SH,20230106,8.66,0.5126,0.8232,1.01,207.0449,191.6144,2.3197,1.9737,1.5621,0.0,,143425.2287,143425.2287,89318.9076,1242062.4805,1242062.4805,0
3145,000536.SZ,20230106,1.9,0.3684,0.7157,1.31,,,1.1701,1.7438,1.9293,0.0,,276603.2803,276308.2516,142231.2221,525546.2326,524985.678,0
3146,688269.SH,20230106,84.07,0.9809,0.9809,1.24,67.5971,51.9597,11.9012,6.9138,6.5971,,,13070.4,6045.06,6045.06,1098828.528,508208.1942,0
3147,002885.SZ,20230106,34.29,7.6121,11.5067,2.59,312.1911,54.1017,6.7429,3.258,2.6378,0.0861,0.0861,18143.61,13902.4164,9196.9123,622144.3869,476713.8584,1
3148,002289.SZ,20230106,8.13,4.9441,8.0619,1.25,,,8.8763,12.3924,14.5168,0.0,,28025.3733,26419.9233,16202.5052,227846.2849,214793.9764,0
3149,600901.SH,20230106,5.79,0.6282,1.8301,1.28,8.3451,7.4503,1.1498,4.3889,4.0665,6.0442,6.0442,298702.2064,296726.5411,101853.3143,1729485.7751,1718046.673,0
3150,002353.SZ,20230106,28.6,1.4307,1.7303,1.28,18.5184,15.1765,1.7669,3.3467,2.8348,0.5851,0.5851,102695.2941,62086.1979,51339.0686,2937085.4113,1775665.2599,0
3151,300435.SZ,20230106,13.84,0.9519,1.5541,1.55,21.471,18.893,1.918,2.1886,1.6707,0.5743,0.5743,38063.31,33632.7267,20600.732,526796.2104,465476.9375,0
3152,300084.SZ,20230106,4.67,4.0916,4.3634,1.03,,,1.8254,2.9523,3.1292,0.0,,38476.5738,32975.2181,30921.5882,179685.5996,153994.2685,0
3153,002365.SZ,20230106,10.76,1.8332,2.0553,0.8,28.459,16.6306,1.5556,2.0255,2.0284,0.0,,29468.25,24427.0439,21787.4207,317078.37,262834.9924,0
3154,300653.SZ,20230106,43.6,1.1433,2.0898,0.78,46.5611,39.7444,9.3965,19.6114,17.8189,1.3456,1.3456,18000.0,18000.0,9847.1626,784800.0,784800.0,0
3155,002206.SZ,20230106,6.34,2.7112,3.2596,4.04,12.8765,18.0479,2.1221,1.461,1.3215,1.5776,1.5776,116775.722,90984.7436,75676.015,740358.0775,576843.2744,0
3156,603045.SH,20230106,14.43,1.5772,2.2332,1.42,34.7832,78.6076,2.2571,0.6775,0.8346,0.0,,13762.0,13762.0,9719.5094,198585.66,198585.66,0
3157,002363.SZ,20230106,7.46,4.2265,7.3176,1.93,98.2323,80.9782,1.4622,1.584,1.3609,2.681,2.681,41610.0301,41610.0301,24032.8861,310410.8245,310410.8245,0
3158,600640.SH,20230106,9.79,0.4453,1.4542,0.72,,,1.9214,1.6894,1.7353,0.0,,79569.594,79569.594,24363.2395,778986.3253,778986.3253,0
3159,300297.SZ,20230106,1.29,2.0263,2.8198,0.91,,,5.186,5.6014,12.1011,0.0,,124990.3788,124784.7788,89669.4169,161237.5887,160972.3647,0
3160,002695.SZ,20230106,12.64,4.5614,11.4787,1.16,44.7886,142.2305,2.7228,2.7688,3.2008,0.4713,0.4713,51230.4224,46435.3507,18452.471,647552.5391,586942.8328,0
3161,000628.SZ,20230106,11.83,1.573,1.8295,1.49,25.5128,32.2839,2.5427,0.6303,0.6607,0.2536,0.2536,35228.0,19207.404,16515.174,416747.24,227223.5893,0
3162,003029.SZ,20230106,37.2,4.61,5.6147,0.62,47.4549,134.5982,5.2054,8.4934,9.7446,0.4571,0.4571,18634.7,11346.4841,9316.1741,693210.84,422089.2085,0
3163,300571.SZ,20230106,29.18,0.9467,1.2092,0.94,16.7094,21.8641,2.4205,1.1305,0.9394,0.377,0.377,13952.8294,11559.1264,9049.8764,407143.5619,337295.3084,0
3164,000338.SZ,20230106,10.65,0.4527,0.461,0.82,10.0425,19.9183,1.3231,0.4566,0.5544,2.6069,2.6069,872655.6821,504871.5137,495735.9468,9293783.0144,5376881.6209,0
3165,002735.SZ,20230106,22.8,0.8398,1.1032,0.84,57.597,52.3169,5.9932,2.8026,2.7371,0.0,,21328.538,13693.6325,10424.6027,486290.6664,312214.821,0
3166,603096.SH,20230106,19.77,0.7594,1.7875,0.8,24.5905,25.4528,1.6288,3.4859,3.4015,2.9589,2.9589,16250.3585,16250.3585,6903.7585,321269.5875,321269.5875,0
3167,688596.SH,20230106,35.8,1.9557,2.2469,1.09,58.1869,49.4546,4.5062,5.3348,4.0736,,,27371.0606,21098.3992,18364.1204,979883.9695,755322.6914,0
3168,600220.SH,20230106,2.77,0.6718,1.0215,1.54,42.9603,33.1732,2.2945,2.4793,2.3825,0.722,0.722,178334.0326,178334.0326,117289.8872,493985.2703,493985.2703,0
3169,300547.SZ,20230106,15.46,1.4557,1.6843,1.19,31.9396,27.7339,3.4967,4.3186,3.8456,1.7917,1.7917,21690.6174,17663.3031,15265.9274,335336.945,273074.6659,0
3170,003043.SZ,20230106,62.85,4.3278,4.7866,0.96,45.2639,33.9399,5.2614,9.4848,8.2409,0.4773,0.4773,8000.0,2859.9818,2585.884,502800.0,179749.8561,0
3171,300062.SZ,20230106,6.13,3.9997,4.7451,2.45,151.0353,109.4459,2.7854,3.3198,2.8324,0.102,0.102,55757.7326,37881.3206,31930.5166,341794.9008,232212.4953,0
3172,600761.SH,20230106,13.9,1.1111,1.8206,1.36,16.2294,12.7136,1.6497,0.6674,0.6618,2.518,2.518,74018.0802,74018.0802,45173.2327,1028851.3148,1028851.3148,0
3173,600894.SH,20230106,6.54,0.2551,0.5872,0.88,8.7168,10.4506,0.6502,0.7241,0.7644,3.5168,3.5168,85994.6895,85994.6895,37358.4966,562405.2693,562405.2693,0
3174,002623.SZ,20230106,32.0,6.6969,13.1349,2.28,117.9653,87.6236,1.9408,3.1349,2.1938,0.1875,0.1875,19906.25,19863.6125,10127.5675,637000.0,635635.6,0
3175,688036.SH,20230106,77.44,0.5568,2.0008,1.94,15.9259,18.9495,4.0083,1.26,1.2534,,,80395.035,80395.035,22373.5873,6225791.5104,6225791.5104,0
3176,920346.BJ,20230106,7.03,0.2185,0.2185,0.51,16.5336,17.2032,1.3604,2.5531,2.8318,,,8068.2603,2470.7473,2470.7473,56719.8699,17369.3535,0
3177,300939.SZ,20230106,28.21,1.9447,1.9447,1.29,30.8689,21.0187,2.6886,3.0457,2.916,1.4179,1.4179,12000.0,6589.2,6589.2,338520.0,185881.332,0
3178,603236.SH,20230106,107.6,1.3859,1.9874,1.17,56.7906,36.5293,5.76,1.8056,1.4606,0.529,0.529,18898.2076,18898.2076,13178.3235,2033447.1378,2033447.1378,0
3179,920033.BJ,20230106,19.8,3.6105,4.5188,0.72,34.739,16.5837,3.4466,7.859,4.7695,,,8939.25,2910.392,2325.392,176997.15,57625.7616,0
3180,000576.SZ,20230106,10.62,3.3796,6.0952,4.29,147.6286,677.5828,2.7522,8.7156,12.7225,0.0,,44286.1324,42948.9267,23813.9267,470318.7261,456117.6016,0
3181,301076.SZ,20230106,26.67,2.1153,2.7481,0.72,41.6297,31.5015,2.6363,8.0689,7.2097,1.4421,1.4421,10348.0,5214.3,4013.6,275981.16,139065.381,0
3182,920957.BJ,20230106,5.48,0.2897,0.2897,0.65,17.849,16.0941,1.4536,1.1184,1.1506,,,10730.1334,2371.0908,2371.0908,58801.131,12993.5776,0
3183,000786.SZ,20230106,27.49,0.5213,0.9664,0.84,13.2314,14.8321,2.3029,2.2027,2.2685,2.3827,2.3827,168950.7842,163245.0635,88051.2397,4644457.0577,4487606.7956,0
3184,600467.SH,20230106,2.64,2.6604,4.4525,0.87,58.2842,65.0131,1.1534,3.0766,3.2476,0.5303,0.5303,146099.4304,146099.4304,87296.9114,385702.4963,385702.4963,0
3185,603336.SH,20230106,6.6,3.7719,7.3297,0.91,61.6279,46.0362,2.6263,2.9721,2.7558,0.0,,43872.9118,43872.9118,22577.3215,289561.2179,289561.2179,0
3186,300962.SZ,20230106,16.06,2.6943,3.4093,4.18,48.6672,42.5447,4.8541,13.7181,12.7884,1.5567,1.5567,26400.1897,12090.1959,9554.8386,423987.0466,194168.5462,0
3187,001979.SZ,20230106,13.52,0.7282,2.0707,0.83,10.0877,14.9935,1.2698,0.6513,0.6214,3.9941,3.9941,773909.8182,773804.8134,272132.5025,10463260.7421,10461841.0772,0
3188,603626.SH,20230106,6.78,0.9437,1.5644,1.06,10.2411,89.3375,1.2376,0.9113,0.9594,0.0,,55740.884,55487.969,33471.3729,377923.1935,376208.4298,0
3189,688283.SH,20230106,60.33,2.9371,2.9371,1.84,99.9235,77.1538,6.0068,31.1107,25.8185,,,8400.0,1835.2662,1835.2662,506772.0,110721.6098,0
3190,002635.SZ,20230106,13.06,2.9366,3.7322,2.08,44.8172,27.6133,1.5142,2.2975,2.1066,1.5314,1.5314,68324.4203,41168.6315,32392.6511,892316.9291,537662.3274,0
3191,002463.SZ,20230106,12.43,0.8391,1.2621,0.66,22.1678,19.6547,3.0186,3.1778,3.0339,1.2068,1.2068,189665.8772,189566.067,126033.8507,2357546.8536,2356306.2128,0
3192,603959.SH,20230106,10.49,1.2688,1.8074,1.51,175.3874,60.1627,6.8132,4.9397,2.2964,0.0,,49029.8992,49029.8992,34418.4642,514323.6426,514323.6426,0
3193,300624.SZ,20230106,30.56,1.4498,1.9395,0.8,142.5631,130.8508,4.7133,3.8573,3.5738,0.0,,12990.0049,11254.9129,8413.5015,396974.5497,343950.1382,0
3194,000839.SZ,20230106,2.66,0.7174,1.1288,2.06,,,4.9659,3.9192,3.8061,0.0,,391982.6352,391982.6352,249133.8007,1042673.8096,1042673.8096,0
3195,300274.SZ,20230106,120.1,2.8783,3.3802,1.41,112.7002,83.4097,10.439,7.3901,5.7564,0.0916,0.0916,148519.0984,112884.7518,96122.9317,17837143.7178,13557458.6912,0
3196,301356.SZ,20230106,46.67,2.4018,2.4018,0.82,20.0479,10.8018,1.6643,1.7606,1.5064,,,12000.0,2844.7813,2844.7813,560040.0,132765.9433,0
3197,600152.SH,20230106,15.51,8.6453,13.9179,1.0,,,4.0514,3.9227,3.4244,0.0,,52490.4562,49064.6814,30477.3123,814126.9757,760993.2085,0
3198,300049.SZ,20230106,25.05,4.9111,5.7068,1.24,69.0223,67.2,4.2585,7.334,6.4779,0.0,,26305.31,23065.4834,19849.5179,658948.0155,577790.3592,0
3199,600540.SH,20230106,4.45,1.1077,1.9427,1.06,,,2.7224,2.3586,2.9693,0.0,,58137.696,58137.696,33149.195,258712.7472,258712.7472,0
3200,300741.SZ,20230106,24.17,0.1628,0.8614,0.69,14.8213,18.9555,2.0166,7.6677,7.6567,5.4613,5.4613,61588.0,61587.715,11637.715,1488581.96,1488575.0716,0
3201,002686.SZ,20230106,6.06,1.2846,1.6881,1.0,79.6213,62.9676,2.1263,1.7999,1.8123,0.33,0.33,56623.9133,39172.7239,29810.2227,343140.9146,237386.7068,0
3202,300810.SZ,20230106,17.57,0.4632,0.9111,0.85,181.1904,189.883,2.0285,10.2558,10.3078,0.1138,0.1138,11805.0,11805.0,6001.773,207413.85,207413.85,0
3203,920876.BJ,20230106,6.65,0.8984,0.9295,0.71,14.8101,13.7966,3.0662,0.97,0.9605,,,6418.0659,1842.6557,1781.1557,42680.1382,12253.6604,0
3204,600927.SH,20230106,16.4,0.3917,0.929,1.02,18.2703,26.4166,2.0285,0.6308,0.6101,1.7073,1.7073,145555.5556,52751.8004,22240.0587,2387111.1118,865129.5266,0
3205,688157.SH,20230106,89.5,0.83,0.83,1.34,73.3422,79.7947,5.767,14.0549,13.5128,,,7981.1776,3509.7776,3509.7776,714315.3952,314125.0952,0
3206,002587.SZ,20230106,5.27,1.2203,1.3579,0.72,101.256,80.095,2.4844,3.5553,3.3117,0.9462,0.9462,65154.4156,50894.6609,45736.7106,343363.7702,268214.8629,0
3207,920199.BJ,20230106,25.16,0.4327,0.4327,0.59,15.3368,13.5158,2.2166,3.7198,3.0756,,,4865.0,990.4,990.4,122403.4,24918.464,0
3208,603686.SH,20230106,8.77,0.4706,0.5772,1.13,10.7132,15.1564,1.1662,0.6393,0.7005,2.8491,2.8491,41565.5737,41565.5737,33887.3837,364530.0813,364530.0813,0
3209,603879.SH,20230106,5.99,0.6807,1.2529,1.09,337.6217,,4.1394,5.4772,7.2141,0.1002,0.1002,36231.444,35934.444,19523.8784,217026.3496,215247.3196,0
3210,300196.SZ,20230106,14.51,0.9184,1.1727,1.36,10.3605,7.8659,1.5068,2.3661,1.9971,1.0338,1.0338,40871.6044,24636.1679,19294.3076,593046.9798,357470.7962,0
3211,300336.SZ,20230106,1.84,2.6689,3.2264,0.69,,,,10.4145,14.1879,0.0,,80623.0192,73763.0287,61015.5557,148346.3553,135723.9728,0
3212,002768.SZ,20230106,31.55,6.4014,9.5684,1.43,13.3106,12.517,2.172,0.8763,0.6349,0.7924,0.7924,27125.0,17674.76,11824.76,855793.75,557638.678,0
3213,688306.SH,20230106,4.91,1.2098,1.2098,1.38,139.677,107.8915,3.0997,2.8184,3.42,,,122828.28,28546.6126,28546.6126,603086.8548,140163.8679,0
3214,002135.SZ,20230106,6.55,1.2707,2.1142,1.79,15.4891,22.0893,1.216,0.6764,0.6549,1.5058,1.5058,116554.974,109389.9322,65748.2824,763435.0797,716504.0559,0
3215,003013.SZ,20230106,15.56,0.7504,0.7504,1.15,17.4573,21.5453,3.0836,2.6145,2.7716,2.5707,2.5707,40001.0,6020.6896,6020.6896,622415.56,93681.9302,0
3216,000526.SZ,20230106,18.08,6.2011,8.3528,1.01,,,4.8102,0.8418,1.1545,0.0,,11776.2709,11776.2709,8742.6877,212914.9779,212914.9779,0
3217,600353.SH,20230106,14.94,1.7296,3.035,1.97,152.622,134.0063,4.9334,8.7852,7.7665,0.0,,59200.7971,54372.0,30986.9132,884459.9087,812317.68,0
3218,600750.SH,20230106,14.79,1.2038,2.1292,0.9,18.4136,16.6636,2.4556,3.2399,2.4436,7.7755,7.7755,62958.1958,62369.9958,35262.8472,931151.7159,922452.2379,0
3219,002921.SZ,20230106,13.48,1.0262,1.3708,0.81,23.9244,44.2952,1.5313,1.4664,1.4004,2.5705,2.5705,13169.3085,10774.059,8065.5094,177522.2786,145234.3153,0
3220,002328.SZ,20230106,5.17,1.4408,1.6322,1.23,9.9894,10.6305,1.3134,0.8451,0.6794,2.5145,2.5145,77177.0,56516.2896,49889.7896,399005.09,292189.2172,0
3221,002024.SZ,20230106,2.2,0.3666,0.9235,0.82,,,0.7066,0.1475,0.2597,0.0,,931003.9655,788345.4518,312977.6524,2048208.7241,1734359.994,0
3222,002013.SZ,20230106,10.35,0.697,1.4533,0.92,31.4509,28.1577,2.7804,2.6663,2.5379,0.9662,0.9662,386225.4784,386220.4769,185240.0469,3997433.7014,3997381.9359,0
3223,603806.SH,20230106,74.8,2.2379,5.8747,3.77,45.3437,41.6098,7.4528,7.7462,5.6997,0.3342,0.3342,133154.5247,133154.5247,50725.1224,9959958.4476,9959958.4476,1
3224,000563.SZ,20230106,3.06,0.387,0.8836,0.77,21.3715,20.5441,0.9653,8.1993,9.1755,0.7599,0.7599,511397.0358,396401.2846,173629.1422,1564874.9295,1212987.9309,0
3225,600078.SH,20230106,12.17,1.5345,2.6364,1.09,4.0014,3.2695,4.0917,2.419,1.7948,0.0,,66257.2861,66257.2861,38563.8247,806351.1718,806351.1718,0
3226,301080.SZ,20230106,119.37,4.8266,4.8266,1.72,54.8153,43.666,3.7882,24.8049,20.6958,1.2566,1.2566,8000.0,4095.7027,4095.7027,954960.0,488904.0313,0
3227,603663.SH,20230106,13.18,1.2059,2.8065,1.5,39.6455,25.1602,3.3573,5.048,4.4175,0.5419,0.5419,30227.0027,30093.3027,12930.0773,398391.8956,396629.7296,0
3228,600815.SH,20230106,2.67,0.1715,0.3627,0.83,,,3.9807,3.0535,4.0817,0.0,,177409.448,177409.448,83913.7582,473683.2262,473683.2262,0
3229,002050.SZ,20230106,21.08,1.0786,2.1066,1.04,44.9487,37.5005,6.5124,4.7248,3.8038,1.181,1.181,359086.9465,352760.3124,180622.4637,7569552.8322,7436187.3854,0
3230,300788.SZ,20230106,20.42,0.7578,2.8597,0.91,16.0717,21.6938,1.8717,2.0201,2.1052,2.4878,2.4878,19015.1515,19015.1515,5039.0151,388289.3936,388289.3936,0
3231,603788.SH,20230106,11.01,0.3678,0.8438,1.16,16.8836,21.2672,1.2711,2.6072,2.4674,4.5413,4.5413,22306.5068,22306.5068,9722.0468,245594.6399,245594.6399,0
3232,605259.SH,20230106,37.25,3.1616,4.0267,1.03,20.5943,16.418,2.313,2.0418,2.1002,2.6846,2.6846,8800.0,3835.54,3011.54,327800.0,142873.865,0
3233,002117.SZ,20230106,7.84,1.2544,1.7821,0.63,22.9399,26.652,2.8097,3.5622,4.0177,3.8265,3.8265,54566.6421,54549.1146,38398.7896,427802.4741,427665.0585,0
3234,920925.BJ,20230106,14.49,0.2463,0.3804,1.14,31.2042,19.696,2.0066,3.7198,3.662,,,4927.5,2766.7955,1791.4955,71399.475,40090.8668,0
3235,002634.SZ,20230106,9.7,4.4411,6.7553,1.65,80.1171,61.183,4.9322,7.2612,6.6187,0.0,,45935.2513,37065.3542,24367.5979,445571.9376,359533.9357,0
3236,600225.SH,20230106,6.98,3.8863,8.5607,1.17,30.5895,22.3846,13.7993,29.2522,26.6623,0.0,,341139.4363,340882.5415,154749.4864,2381153.2654,2379360.1397,0
3237,000859.SZ,20230106,5.47,0.4592,0.6478,0.93,17.3698,20.5814,1.7152,2.5659,2.1145,0.3656,0.3656,89597.6271,89585.4021,63501.2387,490099.0202,490032.1495,0
3238,688360.SH,20230106,25.51,0.668,0.668,0.79,28.445,25.1697,2.228,1.4741,1.539,,,8567.6599,4219.9623,4219.9623,218561.004,107651.2383,0
3239,688737.SH,20230106,37.47,0.3705,0.423,0.41,309.7013,,1.6976,3.3502,6.0458,,,8603.4976,4517.5837,3957.0419,322373.0551,169273.8612,0
3240,300286.SZ,20230106,33.45,1.4298,2.3117,1.94,42.2324,41.5805,6.5128,7.0623,6.8333,0.5893,0.5893,21471.6125,17464.0624,10801.3828,718225.4381,584172.8873,0
3241,603883.SH,20230106,42.56,0.666,1.3377,0.56,37.1968,33.3588,3.9331,1.586,1.3684,0.8997,0.8997,58490.2902,58234.4502,28992.6881,2489346.7509,2478458.2005,0
3242,300517.SZ,20230106,17.63,3.342,4.537,0.96,38.0912,55.9794,3.505,3.1028,5.128,0.2659,0.2659,19674.8168,12035.4368,8865.5185,346867.0202,212184.7508,0
3243,688358.SH,20230106,37.98,1.0795,4.061,0.87,37.8625,26.5662,3.1854,10.7048,9.1907,,,11212.4537,11212.4537,2980.4537,425848.9915,425848.9915,0
3244,605277.SH,20230106,16.05,1.2994,1.2994,1.89,18.0637,19.7352,2.6102,2.0649,2.087,4.4824,4.4824,18962.9916,7820.4238,7820.4238,304356.0152,125517.802,0
3245,600804.SH,20230106,3.26,1.0395,1.2105,0.99,,,3.8865,1.3673,1.6694,0.0,,165746.3906,139262.9959,119586.27,540333.2334,453997.3666,0
3246,605167.SH,20230106,8.6,1.2778,1.892,0.97,35.2843,35.2078,2.7311,1.9475,2.4284,0.0,,44907.0,22251.533,15027.8694,386200.2,191363.1838,0
3247,603650.SH,20230106,31.97,0.7167,2.5369,1.18,58.3566,65.4756,6.3704,8.2561,7.8077,0.2815,0.2815,59612.1643,59406.6131,16783.8008,1905800.8927,1899229.4208,0
3248,603963.SH,20230106,13.13,1.0934,4.1259,0.65,,,7.081,16.8208,20.1999,0.0,,21970.0,21970.0,5822.05,288466.1,288466.1,0
3249,601696.SH,20230106,10.67,1.0988,1.0988,0.94,30.8241,37.7759,1.8109,8.8919,10.0188,0.3374,0.3374,277800.0,145168.4209,145168.4209,2964126.0,1548947.051,0
3250,002582.SZ,20230106,8.19,14.1514,17.4108,0.73,58.8976,,0.8814,2.8335,2.4288,1.221,1.221,44323.5414,33993.777,27630.0649,363009.8041,278409.0336,0
3251,001298.SZ,20230106,36.65,7.1049,7.1049,0.95,18.8666,22.2291,2.3135,0.5143,0.5161,,,9600.0,2400.0,2400.0,351840.0,87960.0,0
3252,688510.SH,20230106,16.65,0.2139,0.3081,0.38,177.2507,195.7788,4.5594,13.7606,12.2548,,,25838.2608,16606.8565,11532.8849,430207.0423,276504.1607,0
3253,301167.SZ,20230106,23.01,1.177,1.177,1.12,27.3865,22.8876,2.1003,4.6809,4.4547,0.8692,0.8692,8000.0,5600.0,5600.0,184080.0,128856.0,0
3254,600203.SH,20230106,6.13,1.7036,2.2529,0.96,,,1.3624,0.1951,0.1978,0.0,,59298.8082,56567.989,42776.868,363501.6943,346761.7726,0
3255,000852.SZ,20230106,5.91,0.8427,1.7044,0.99,124.8815,80.6885,1.9166,0.8,0.7185,0.0,,94100.3689,90341.968,44666.338,556133.1802,533921.0309,0
3256,002390.SZ,20230106,4.81,0.962,1.5902,0.8,34.2652,30.7743,1.4802,1.4447,1.453,1.2474,1.2474,194385.1868,183024.4114,110722.6716,934992.7485,880347.4188,0
3257,300708.SZ,20230106,9.32,1.0121,1.1781,1.2,28.6684,69.0139,2.9908,2.5266,2.4509,0.4284,0.4284,54468.9246,37111.6697,31882.5202,507650.3773,345880.7616,0
3258,301171.SZ,20230106,19.25,12.0107,12.0107,0.99,35.1343,29.2569,2.8409,2.6523,3.2264,0.0,,47188.5905,7089.2813,7089.2813,908380.3671,136468.665,0
3259,001309.SZ,20230106,56.47,9.2475,9.2475,1.05,46.0186,48.7112,4.185,4.1838,3.7852,0.0,,8000.0,2000.0,2000.0,451760.0,112940.0,0
3260,603416.SH,20230106,47.38,1.1336,2.2462,1.32,21.9352,25.9714,3.4647,5.1255,4.99,0.5488,0.5488,14056.0,14056.0,7094.134,665973.28,665973.28,0
3261,000550.SZ,20230106,14.11,0.6895,2.176,0.76,21.2133,14.9649,1.3469,0.3458,0.3835,1.8852,1.8852,86321.4,51846.314,16428.714,1217994.954,731551.4905,0
3262,300173.SZ,20230106,4.52,1.7909,2.2829,1.16,,,2.8044,2.852,2.4724,0.0,,73472.5698,70825.3244,55560.9243,332096.0155,320130.4663,0
3263,002455.SZ,20230106,9.76,2.2633,2.46,2.34,25.3549,25.8977,2.7199,1.4398,1.4371,0.5123,0.5123,59316.5169,49777.3942,45797.6866,578929.2049,485827.3674,0
3264,600512.SH,20230106,2.6,0.6808,0.8305,0.91,5.0673,,0.7082,0.6003,0.6317,0.7613,0.7613,159890.2832,159890.2832,131058.1138,415714.7363,415714.7363,0
3265,601877.SH,20230106,30.25,3.7183,7.9114,3.67,19.1249,16.9491,1.9146,1.6734,1.4379,1.3089,1.3089,214997.3551,214997.3551,101048.2753,6503669.9918,6503669.9918,0
3266,600126.SH,20230106,4.26,0.3012,0.7459,1.26,8.7689,27.7931,0.712,0.288,0.3033,5.8685,5.8685,337718.9083,337718.9083,136368.9091,1438682.5494,1438682.5494,0
3267,300151.SZ,20230106,20.78,1.6923,1.9574,1.4,93.3656,74.9846,9.3531,9.2623,8.9239,0.856,0.856,50250.7912,31802.0199,27495.1324,1044211.4411,660845.9735,0
3268,000726.SZ,20230106,7.37,1.3647,1.8097,0.98,18.8195,8.2142,0.7495,1.2489,0.9511,0.9503,0.9503,88763.3151,57080.4568,43045.0985,654185.6323,420682.9666,0
3269,002813.SZ,20230106,26.43,0.8145,2.4916,1.06,604.7922,961.0629,8.0821,7.7289,8.1933,0.0,,12000.0,11735.3178,3836.4738,317160.0,310164.4495,0
3270,002274.SZ,20230106,7.44,0.5495,0.916,1.28,4.3379,7.4351,1.4556,0.7527,0.7584,4.0323,4.0323,95236.4646,93799.913,56264.5929,708559.2966,697871.3527,0
3271,601228.SH,20230106,3.14,0.2238,1.3685,1.06,20.8679,19.5646,1.229,1.9708,2.0373,1.4901,1.4901,754453.1351,619318.0,101289.2858,2368982.8442,1944658.52,0
3272,601326.SH,20230106,2.73,0.2047,0.8825,0.91,14.6896,12.88,0.8916,2.313,2.153,2.0513,2.0513,558741.2,475755.9,110357.5437,1525363.476,1298813.607,0
3273,300587.SZ,20230106,13.1,4.7374,5.5896,3.29,46.6484,40.0196,5.0004,8.2338,8.9259,0.3563,0.3563,107685.2536,92942.3083,78773.274,1410676.8222,1217544.2387,0
3274,688070.SH,20230106,42.26,0.6464,0.7928,0.73,,,5.3522,14.7844,11.8412,,,8758.0,3728.5,3039.66,370113.08,157566.41,0
3275,002997.SZ,20230106,27.4,10.8616,14.2149,2.05,43.659,37.5275,4.094,4.8155,4.1449,0.7299,0.7299,18360.5041,11445.5041,8745.5041,503077.8123,313606.8123,0
3276,002170.SZ,20230106,6.09,3.9665,5.2154,0.57,67.0819,51.3977,2.5231,2.1806,1.8965,0.1637,0.1637,88986.2627,70820.5702,53860.8825,541926.3398,431297.2725,0
3277,300075.SZ,20230106,18.99,5.6218,6.0193,0.85,46.7243,35.7416,2.5906,6.5234,5.9907,0.2312,0.2312,50861.6365,41516.1214,38774.851,965862.4771,788391.1454,0
3278,300047.SZ,20230106,6.34,2.2561,2.3157,0.75,100.8405,500.4238,1.2109,0.7202,0.735,0.2366,0.2366,63774.4672,53506.1003,52127.656,404330.122,339228.6759,0
3279,002802.SZ,20230106,14.98,0.9963,2.1366,1.03,24.4458,23.6357,3.1677,2.8037,3.4447,2.054,2.054,14023.23,13876.3175,6470.385,210067.9854,207867.2362,0
3280,300942.SZ,20230106,17.02,3.9825,4.226,0.96,28.8475,36.0584,6.5947,11.4179,9.2377,1.463,1.463,40086.0,10420.3843,9819.8484,682263.72,177354.9408,0
3281,000157.SZ,20230106,5.54,0.1612,0.222,0.75,7.6679,17.887,0.8926,0.7162,1.109,5.7762,5.7762,867799.2236,706872.6983,513321.0243,4807607.6987,3916074.7486,0
3282,300305.SZ,20230106,15.31,13.5933,19.7912,2.66,18.3252,24.9647,2.338,3.2384,2.5635,1.7374,1.7374,28875.3355,23259.5674,15975.4474,442081.3865,356103.9769,0
3283,688501.SH,20230106,28.08,3.5387,4.1167,1.11,47.5674,46.9823,3.5259,4.2336,3.8498,,,9467.0,6167.515,5301.655,265833.36,173183.8212,0
3284,688141.SH,20230106,50.9,7.5503,7.5503,0.65,160.2126,124.6268,7.3099,21.8386,16.051,,,44688.0,4945.5003,4945.5003,2274619.2,251725.9653,0
3285,300203.SZ,20230106,35.6,2.0866,2.9114,1.93,,,4.6186,4.2953,4.1974,0.0,,45251.74,45208.4125,32400.3778,1610961.944,1609419.485,0
3286,603825.SH,20230106,15.19,6.8405,12.4226,0.79,16.8052,24.2105,1.6696,0.2912,0.3685,1.8433,1.8433,25333.6552,25333.6552,13949.8528,384818.2225,384818.2225,0
3287,600668.SH,20230106,12.67,2.1656,2.5826,0.92,4.7177,6.3654,0.8526,1.1457,1.1423,3.9463,3.9463,34408.3828,34408.3828,28851.9725,435954.2101,435954.2101,0
3288,603848.SH,20230106,14.1,1.1873,10.5945,1.46,18.833,22.2495,2.8979,3.9665,3.8068,1.773,1.773,40100.0,40100.0,4494.0,565410.0,565410.0,0
3289,300290.SZ,20230106,4.9,2.2644,2.899,0.9,,,2.9344,3.8403,4.5225,0.0,,64055.7569,62369.9397,48717.0355,313873.2088,305612.7045,0
3290,603877.SH,20230106,18.07,0.2719,1.1861,1.5,12.7121,31.1892,2.1334,0.7884,0.8844,3.3106,3.3106,47644.8241,47120.2419,10801.2592,860941.9715,851462.7711,0
3291,920639.BJ,20230106,4.16,0.2319,0.2319,1.09,12.8211,10.9263,0.9504,0.3671,0.3905,,,18666.6667,7041.5085,7041.5085,77653.3335,29292.6754,0
3292,000909.SZ,20230106,11.01,33.6301,51.376,3.98,83.0004,158.6139,2.6979,2.8101,2.3086,0.0,,45382.86,38742.3864,25360.2923,499665.2886,426553.6743,1
3293,688060.SH,20230106,64.55,1.4799,2.4046,1.05,73.9669,133.3332,4.0251,12.5598,13.0544,,,6015.8568,2640.8568,1625.3368,388323.5564,170467.3064,0
3294,600331.SH,20230106,2.86,0.725,1.1158,0.89,19.006,53.7721,12.9527,1.9991,2.0673,0.0,,203200.0,203200.0,132032.5975,581152.0,581152.0,0
3295,688281.SH,20230106,302.6,0.3952,0.3952,0.6,121.1251,94.7456,7.6943,55.1774,44.6919,,,9333.3336,2263.3336,2263.3336,2824266.7474,684884.7474,0
3296,002675.SZ,20230106,17.75,1.6576,2.0635,1.52,96.5719,66.5089,2.94,3.7414,3.7938,0.8221,0.8221,82459.5705,73775.0749,59263.1625,1463657.3764,1309507.5795,0
3297,920001.BJ,20230106,7.2,0.633,0.633,0.51,16.0033,16.6805,1.4156,4.1388,4.2209,,,15365.6204,3074.1341,3074.1341,110632.4669,22133.7655,0
3298,603818.SH,20230106,6.68,2.2531,4.4587,1.98,22.0557,25.0183,1.8292,0.7734,0.7723,0.0,,58741.0546,58039.5546,29329.4874,392390.2447,387704.2247,0
3299,002485.SZ,20230106,3.07,0.1077,0.438,0.7,,,0.9723,0.8284,0.8615,0.0,,54400.0,54400.0,13377.7333,167008.0,167008.0,0
3300,600480.SH,20230106,8.56,0.6103,1.0359,1.24,28.538,27.0319,1.243,0.4984,0.4817,1.1682,1.1682,91696.541,86134.8059,50749.2248,784922.391,737313.9385,0
3301,002577.SZ,20230106,11.68,0.5013,1.1904,0.91,76.9022,61.008,2.9019,6.7872,7.3059,0.0,,28288.0,28286.5,11911.21,330403.84,330386.32,0
3302,002281.SZ,20230106,16.34,0.3807,0.6706,1.01,20.1108,18.9178,1.9035,1.7588,1.6211,1.0422,1.0422,69817.4918,67412.8828,38264.9884,1140817.816,1101526.505,0
3303,002556.SZ,20230106,8.95,1.8939,2.837,2.45,16.8738,14.8865,2.0739,0.4475,0.4631,2.2346,2.2346,95399.298,87563.7415,58456.204,853823.7171,783695.4864,0
3304,300245.SZ,20230106,7.98,1.1165,1.2846,0.78,62.4269,1299.4142,1.7509,4.6142,4.8221,0.3258,0.3258,31345.7493,31026.7194,26965.2572,250139.0794,247593.2208,0
3305,002630.SZ,20230106,3.09,6.2323,6.3664,0.94,,,3.0553,2.4048,3.1548,0.0,,118080.0,97138.2252,95092.2128,364867.2,300157.1159,0
3306,002703.SZ,20230106,9.7,6.3916,15.0205,1.21,224.2499,,5.5378,6.5026,6.1843,0.0,,78964.4637,55306.5952,23534.4759,765955.2979,536473.9734,0
3307,688350.SH,20230106,18.25,2.7509,3.3446,2.08,20.7848,21.0243,1.6248,1.5349,1.3492,,,12215.0,6118.419,5032.3213,222923.75,111661.1468,0
3308,300876.SZ,20230106,29.81,2.6769,2.6769,0.55,41.3652,54.3765,3.4912,7.2131,7.1062,1.0064,1.0064,9600.0,2832.0,2832.0,286176.0,84421.92,0
3309,603048.SH,20230106,15.08,2.1112,2.1112,1.57,22.3549,71.0097,1.7233,3.7189,4.2915,1.3594,1.3594,14688.0,3772.0,3772.0,221495.04,56881.76,0
3310,601015.SH,20230106,4.6,0.4351,1.1201,1.25,6.1516,17.2818,1.0743,0.4972,0.4134,0.0,,204249.7639,204249.7639,79341.5415,939548.9139,939548.9139,0
3311,301071.SZ,20230106,123.8,4.2782,4.2782,1.17,74.8793,41.8701,3.4891,35.9941,21.6486,0.3366,0.3366,14489.2752,4910.1462,4910.1462,1793772.2698,607876.0996,0
3312,601666.SH,20230106,10.63,1.1631,2.0554,0.84,8.4218,4.1844,1.1878,0.8287,0.6422,7.1496,7.1496,231521.5955,229424.3955,129825.6645,2461074.5602,2438781.3242,0
3313,600557.SH,20230106,19.88,2.8476,4.6713,0.68,36.2566,29.4405,2.5344,3.1853,2.7734,0.0,,58459.7952,57642.8952,35138.1686,1162180.7286,1145940.7566,0
3314,920075.BJ,20230106,9.49,0.705,0.705,2.17,14.5688,11.1205,1.6052,1.4427,1.2222,,,6481.5,2094.28,2094.28,61509.435,19874.7172,0
3315,000520.SZ,20230106,3.23,1.3134,1.7288,1.61,33.987,46.804,5.9317,3.4967,3.189,0.0,,101208.3455,101208.3455,76886.7903,326902.956,326902.956,0
3316,002884.SZ,20230106,16.52,0.2454,0.3606,0.89,12.226,12.5594,2.7837,2.8644,3.3213,6.0533,6.0533,35768.2509,27285.2329,18569.6967,590891.5049,450752.0475,0
3317,601012.SH,20230106,42.67,2.0941,2.8715,2.27,35.6058,25.8686,5.604,3.9973,2.8946,0.435,0.435,758166.5024,757802.5229,552653.4315,32350964.6574,32335433.6521,0
3318,300472.SZ,20230106,11.26,2.2039,2.7243,1.27,,,3.2489,4.3851,4.909,0.0,,26653.3621,25135.7714,20334.8747,300116.8572,283028.786,0
3319,605069.SH,20230106,9.35,1.5426,1.5426,2.41,18.3768,,1.1113,1.7449,3.1783,1.6454,1.6454,21169.7778,8416.1278,8416.1278,197937.4224,78690.7949,0
3320,603678.SH,20230106,41.63,0.5221,0.8958,0.81,20.0035,21.4356,3.7321,4.0388,4.8116,1.15,1.15,45929.5461,45888.8711,26741.9816,1912047.0041,1910353.7039,0
3321,300136.SZ,20230106,16.85,0.8066,0.8556,0.93,32.278,25.9397,2.4925,2.1505,1.9435,0.2967,0.2967,96756.8638,82356.4226,77643.8343,1630353.155,1387705.7208,0
3322,300449.SZ,20230106,5.07,1.8655,2.0252,1.08,,,14.7796,5.1711,13.153,0.0,,29825.8899,29617.0209,27282.6496,151217.2618,150158.296,0
3323,600383.SH,20230106,10.61,1.19,1.2906,0.65,5.0906,5.0757,0.75,0.4842,0.4876,5.9378,5.9378,451458.3572,451458.3572,416280.5943,4789973.1699,4789973.1699,0
3324,002636.SZ,20230106,7.96,0.5113,1.5565,0.99,8.3961,444.0556,1.6677,0.9837,1.4125,1.0678,1.0678,72800.0,72310.7222,23753.9296,579488.0,575593.3487,0
3325,300303.SZ,20230106,4.01,0.7459,0.8631,1.21,19.8143,22.9936,1.9053,2.2698,2.3377,2.4548,2.4548,134228.8504,125347.8038,108316.3484,538257.6901,502644.6932,0
3326,000863.SZ,20230106,5.0,15.2711,30.1995,1.68,53.0696,,1.3855,2.0031,10.6266,1.9607,1.9607,120437.046,118601.1318,59973.5211,602185.23,593005.659,0
3327,600683.SH,20230106,4.69,1.3511,3.192,1.02,10.5721,7.0984,1.1788,0.5135,0.6442,2.7719,2.7719,74077.7597,74077.7597,31356.187,347424.693,347424.693,0
3328,603859.SH,20230106,30.28,2.5963,3.6243,2.61,31.6337,30.9868,2.1022,4.421,4.3771,0.3303,0.3303,16656.8333,16656.8333,11931.9859,504368.9123,504368.9123,0
3329,000728.SZ,20230106,6.47,0.7558,1.2689,0.98,14.7876,16.199,0.8561,4.6211,4.5061,2.7821,2.7821,436377.7891,436376.7616,259914.8541,2823364.2955,2823357.6476,0
3330,920642.BJ,20230106,7.59,0.0914,0.1087,1.03,35.7668,33.0001,3.1128,7.5643,4.5921,,,10367.0278,5516.6158,4640.4678,78685.741,41871.1139,0
3331,688244.SH,20230106,57.1,7.2511,7.2511,1.43,56.8087,44.1274,2.7341,8.3521,8.2747,,,4683.1303,953.1308,953.1308,267406.7401,54423.7687,0
3332,002738.SZ,20230106,75.99,5.2106,6.3098,1.5,62.8395,15.2039,5.6804,14.6521,5.4064,0.0928,0.0928,46161.7925,42767.8111,35317.1983,3507834.6121,3249925.9655,0
3333,688009.SH,20230106,4.7,0.8178,0.8178,1.46,15.1991,14.3574,1.1959,1.2976,1.2453,,,1058981.9,201659.1576,201659.1576,4977214.93,947798.0407,0
3334,000420.SZ,20230106,4.85,1.4051,2.0809,1.16,,,2.7538,3.331,2.9866,0.0,,245886.8343,216727.7056,146342.4789,1192551.1464,1051129.3722,0
3335,920553.BJ,20230106,3.36,0.0357,0.0579,1.14,17.5793,19.5105,1.4554,1.2267,1.2462,,,14369.046,9262.1218,5718.6174,48279.9946,31120.7292,0
3336,688690.SH,20230106,53.0,2.7729,2.7729,1.44,113.6059,75.0298,14.7613,47.8733,33.6842,,,40317.1823,19869.104,19869.104,2136810.6619,1053062.512,0
3337,300995.SZ,20230106,18.05,1.6953,2.1816,1.1,46.9863,83.7229,2.3764,4.7488,5.2413,1.3075,1.3075,8416.0,2911.0,2262.11,151908.8,52543.55,0
3338,688533.SH,20230106,60.65,6.8947,6.8947,1.58,159.9589,129.4868,9.0585,7.4533,6.1188,,,16000.0,3800.0,3800.0,970400.0,230470.0,0
3339,301158.SZ,20230106,16.3,2.5027,2.5027,1.2,39.2761,31.3171,1.9871,5.506,4.8641,0.7362,0.7362,15037.051,3759.27,3759.27,245103.9313,61276.101,0
3340,601118.SH,20230106,4.4,0.2027,0.5272,0.76,124.8938,228.5705,1.9865,1.2281,1.2193,0.2409,0.2409,427942.7797,427942.7797,164552.5773,1882948.2307,1882948.2307,0
3341,000989.SZ,20230106,8.85,1.1793,1.6777,1.03,27.9837,19.34,1.8884,2.0018,2.3266,4.5198,4.5198,85594.2012,65799.0553,46253.7173,757508.6806,582321.6394,0
3342,601179.SH,20230106,4.77,0.3205,0.9676,1.15,44.9372,35.6939,1.1779,1.7242,1.5917,0.6709,0.6709,512588.2352,512588.2352,169808.5315,2445045.8819,2445045.8819,0
3343,300453.SZ,20230106,8.76,1.0735,1.2439,1.28,22.3269,18.9249,3.3745,2.9898,2.6324,1.6979,1.6979,39737.47,27571.7552,23794.124,348100.2372,241528.5756,0
3344,300991.SZ,20230106,14.3,19.5293,19.5293,1.79,28.5897,96.5025,3.232,4.125,4.7759,1.7045,1.7045,14400.0,6537.6,6537.6,205920.0,93487.68,0
3345,301008.SZ,20230106,24.2,0.57,0.57,0.54,28.4534,30.9794,1.9277,2.5214,2.3742,0.0,,8000.0,2464.4,2464.4,193600.0,59638.48,0
3346,002194.SZ,20230106,9.58,2.7226,3.9044,1.12,28.7521,21.4493,2.4573,3.5632,3.1576,0.5201,0.5201,68344.3306,50572.9661,35265.4112,654738.6871,484489.0152,0
3347,002322.SZ,20230106,9.36,0.99,1.4466,0.84,49.9481,302.7672,1.1845,3.2006,3.572,2.1368,2.1368,37914.797,35991.9679,24630.2293,354882.4999,336884.8195,0
3348,300155.SZ,20230106,4.76,0.695,0.9036,1.04,96.5832,,1.9045,3.5178,5.2883,0.7563,0.7563,56122.7744,33025.4842,25400.3918,267144.4061,157201.3048,0
3349,002226.SZ,20230106,5.07,0.8881,1.984,2.64,12.7581,9.8115,1.4495,2.0722,1.6019,1.1834,1.1834,264892.2855,178301.9856,79812.0279,1343003.8875,903991.067,0
3350,301005.SZ,20230106,25.51,1.8562,1.8562,1.01,35.0258,44.6499,3.3714,6.7447,6.0709,1.0749,1.0749,10416.3325,4433.303,4433.303,265720.6421,113093.5595,0
3351,002566.SZ,20230106,8.08,3.3804,3.9296,0.81,27.8492,29.3524,1.2541,3.0459,3.2322,0.3713,0.3713,33095.16,23137.4289,19903.7156,267408.8928,186950.4255,0
3352,301111.SZ,20230106,20.41,3.4657,4.6621,1.02,57.109,77.6744,4.3175,9.3359,10.7508,0.7839,0.7839,16000.0,7013.848,5213.848,326560.0,143152.6377,0
3353,000906.SZ,20230106,9.07,0.5742,1.0565,0.92,7.6205,7.0265,1.5661,0.035,0.0344,4.4282,4.4282,68823.2979,68261.2259,37098.8845,624227.312,619129.3189,0
3354,600979.SH,20230106,3.31,0.8149,1.1586,0.77,19.5205,24.2353,0.974,1.7037,1.6027,1.6616,1.6616,123225.979,123225.979,86671.5703,407877.9905,407877.9905,0
3355,002787.SZ,20230106,6.21,0.9352,1.2554,0.81,111.6175,598.1728,1.3409,0.8357,0.8366,0.0,,31597.7445,22075.4862,16444.6734,196221.9933,137088.7693,0
3356,000768.SZ,20230106,25.76,0.4947,1.0973,0.74,109.2343,101.6012,4.3969,2.1811,1.88,0.33,0.33,276864.5071,276864.0196,124821.0478,7132029.7029,7132017.1449,0
3357,688586.SH,20230106,16.59,0.7274,0.8658,0.83,40.5658,36.6962,4.1923,9.8369,8.4295,,,56524.2254,25331.0564,21281.7883,937736.8994,420242.2257,0
3358,600436.SH,20230106,288.0,0.2544,0.5626,0.75,71.4615,70.2757,15.9447,21.6611,20.3803,0.4201,0.4201,60331.721,60331.721,27277.6755,17375535.648,17375535.648,0
3359,601788.SH,20230106,15.13,1.0594,2.3106,0.87,20.0214,19.2019,1.2727,4.1757,5.2356,1.5069,1.5069,461078.7639,390669.8839,179122.5656,6976121.6978,5910835.3434,0
3360,300509.SZ,20230106,5.72,0.6453,1.3028,1.07,29.0893,30.2515,2.7031,2.3874,2.3182,1.7483,1.7483,29640.0,24488.3527,12130.5843,169540.8,140073.3774,0
3361,002751.SZ,20230106,8.01,1.711,1.8695,0.53,,,1.6642,1.5402,3.3075,0.0,,15452.9613,12980.0187,11879.6932,123778.22,103969.9498,0
3362,600707.SH,20230106,4.3,0.5744,1.5899,1.91,5.7812,,0.765,1.0169,1.6438,0.0,,358838.9732,358766.9732,129621.5326,1543007.5848,1542697.9848,0
3363,920087.BJ,20230106,5.57,0.5141,0.5141,0.48,22.9616,18.6168,1.988,2.7178,2.5798,,,16520.0,7115.01,7115.01,92016.4,39630.6057,0
3364,600153.SH,20230106,14.93,0.4782,0.9142,0.81,7.3576,7.1333,1.0368,0.0634,0.056,4.0205,4.0205,300517.103,284436.6082,148767.8097,4486720.3478,4246638.5604,0
3365,603839.SH,20230106,6.84,0.7087,2.5944,1.11,39.2471,,1.1039,0.8892,1.0697,7.0456,7.0456,40010.222,40010.222,10928.9502,273669.9185,273669.9185,0
3366,002698.SZ,20230106,14.5,0.3446,0.6004,0.6,30.2389,29.8853,4.7704,7.0172,6.8065,1.7241,1.7241,102255.0,80392.6953,46138.8625,1482697.5,1165694.0819,0
3367,300671.SZ,20230106,42.52,1.9231,2.8178,1.18,20.2821,202.5726,3.8352,6.7578,11.7122,0.7022,0.7022,21772.4473,21701.8166,14810.8123,925764.4592,922761.2418,0
3368,000678.SZ,20230106,5.98,2.984,5.529,1.5,,,2.8357,2.0858,2.4092,0.0,,45961.1797,45961.1797,24805.2667,274847.8546,274847.8546,0
3369,002321.SZ,20230106,2.32,0.2257,0.3898,0.64,,,4.343,1.55,1.5761,0.0,,213289.0071,212858.2355,123251.1078,494830.4965,493831.1064,0
3370,002872.SZ,20230106,5.23,0.4608,0.4697,0.9,,,0.7523,2.2576,3.0822,0.0,,31800.0,21484.2684,21077.1245,166314.0,112362.7237,0
3371,688696.SH,20230106,193.01,2.6563,2.9531,1.31,27.9436,26.3455,4.531,3.3462,3.1596,,,7000.0,4504.2418,4051.5065,1351070.0,869363.7098,0
3372,301190.SZ,20230106,18.56,0.842,0.842,0.64,27.9806,27.7335,1.9537,7.2123,7.8616,0.8082,0.8082,21463.65,7104.69,7104.69,398365.344,131863.0464,0
3373,002156.SZ,20230106,17.19,2.8008,4.5376,0.96,27.1901,35.617,1.887,1.6451,1.3053,0.0,,151323.6649,132887.0788,82024.6616,2601253.7996,2284328.8846,0
3374,920190.BJ,20230106,18.98,0.4269,0.5118,0.81,15.2603,18.0079,1.4404,0.4489,0.465,,,6250.0001,2082.4586,1736.9714,118625.0019,39525.0642,0
3375,000062.SZ,20230106,12.12,0.4999,1.2215,1.17,14.349,14.5415,1.8572,0.555,0.5048,2.4752,2.4752,104590.9322,104454.7525,42750.2374,1267642.0983,1265991.6003,0
3376,300556.SZ,20230106,18.21,1.962,1.9655,0.8,30.3811,48.0562,2.6662,1.5714,1.6903,0.4378,0.4378,11985.3613,9516.2611,9499.4898,218253.4293,173291.1146,0
3377,600189.SH,20230106,6.78,1.3302,2.3396,1.08,46.0539,45.9147,2.8879,3.2965,3.9213,0.0,,71519.7812,69981.7425,39787.8481,484904.1165,474476.2142,0
3378,688136.SH,20230106,22.25,2.2099,2.2099,0.6,45.8315,,2.4037,3.4401,3.3168,,,19870.065,6692.2303,6692.2303,442108.9463,148902.1242,0
3379,600995.SH,20230106,14.85,1.2307,1.7749,0.78,3011.8739,40.177,2.4268,21.936,6.7614,0.0101,0.0101,319600.5805,47852.64,33180.74,4746068.6204,710611.704,0
3380,300233.SZ,20230106,23.34,1.5417,2.018,0.52,83.7362,36.751,2.5067,2.8811,2.4881,0.8491,0.8491,38741.0987,36129.5563,27602.6701,904217.2437,843263.844,0
3381,688579.SH,20230106,11.05,2.0783,2.598,0.89,42.872,42.3909,3.5022,6.9334,6.9873,,,40001.0,28166.76,22532.514,442011.05,311242.698,0
3382,300701.SZ,20230106,8.21,0.4494,0.9412,1.09,17.6523,33.6085,2.9757,7.1197,8.9069,1.3479,1.3479,27000.0,24084.0508,11500.5842,221670.0,197730.0571,0
3383,300929.SZ,20230106,11.58,1.4152,1.6645,1.24,20.8674,20.7676,1.819,2.4111,2.9126,0.7016,0.7016,13213.2956,9540.03,8111.1843,153009.963,110473.5474,0
3384,600182.SH,20230106,14.2,0.4154,0.4154,1.37,133.5823,205.8462,4.6853,1.4447,1.3696,0.2465,0.2465,34000.0,17000.0,17000.0,482800.0,241400.0,0
3385,603187.SH,20230106,29.01,1.3352,1.7267,1.5,35.568,26.7438,2.2173,3.0086,2.6844,0.916,0.916,27605.3456,24199.2118,18712.721,800831.0759,702019.1343,0
3386,301108.SZ,20230106,34.51,2.0028,2.763,1.05,12.7361,17.1075,1.589,2.8468,4.029,2.1733,2.1733,8120.9818,3476.3718,2519.8792,280255.0819,119969.5908,0
3387,688511.SH,20230106,29.48,0.6634,0.7784,1.19,20.59,42.8727,2.867,11.3355,20.6684,,,8000.0,4079.2259,3476.6677,235840.0,120255.5795,0
3388,002211.SZ,20230106,2.46,0.6081,0.9741,1.06,,,36.8498,1.8806,2.3922,0.0,,43247.5779,43228.8279,26983.5994,106389.0416,106342.9166,0
3389,301366.SZ,20230106,47.62,2.3406,2.3406,0.83,26.6048,26.2233,1.9367,5.5933,5.2162,0.987,0.987,8333.3334,1834.9287,1834.9287,396833.3365,87379.3047,0
3390,688799.SH,20230106,32.45,2.4975,3.2803,0.57,18.9338,16.7572,1.9791,2.6546,2.4018,,,9380.0,5531.3,4211.3,304381.0,179490.685,0
3391,002702.SZ,20230106,6.38,10.1765,14.5678,1.12,,61.6196,3.6677,1.9785,1.9628,0.0,,48076.0,38615.5,26975.33,306724.88,246366.89,0
3392,300800.SZ,20230106,11.9,0.4939,0.9157,0.91,11.1421,20.6364,1.3698,3.125,4.1298,1.2436,1.2436,23840.0,16819.0625,9071.5625,283696.0,200146.8438,0
3393,920266.BJ,20230106,6.98,0.0913,0.1443,0.31,10.7018,16.8828,0.8282,1.578,1.5607,,,12800.0,10171.865,6433.115,89344.0,70999.6177,0
3394,688393.SH,20230106,22.4,0.6849,1.0239,0.81,26.2087,42.7521,1.7027,4.7628,4.3,,,9334.0,6057.16,4051.5598,209081.6,135680.384,0
3395,603168.SH,20230106,8.29,1.7344,3.0982,0.45,86.6091,68.9817,1.8093,4.9036,5.4076,0.0,,37251.4005,32259.2499,18059.1506,308814.1101,267429.1817,0
3396,920010.BJ,20230106,3.81,0.0989,0.1756,0.65,12.3571,12.485,1.4417,1.9454,1.941,,,23450.0,16106.1228,9074.7079,89344.5,61364.3279,0
3397,002407.SZ,20230106,34.7,3.0748,3.3147,1.68,21.101,11.805,4.003,3.4085,2.255,0.8612,0.8612,76602.3589,68403.513,63454.1814,2658101.8538,2373601.9011,0
3398,002468.SZ,20230106,10.0,0.9814,2.3785,0.84,,,1.8951,0.6061,0.4722,0.0,,153080.2166,149204.5657,61565.2783,1530802.166,1492045.657,0
3399,300168.SZ,20230106,8.35,1.5809,1.5809,1.28,143.2136,,8.0354,2.8227,3.0854,0.0,,118758.4762,118321.013,118321.013,991633.2763,987980.4586,0
3400,688238.SH,20230106,22.45,3.7245,3.7245,0.94,204.0664,187.316,5.1209,43.4286,36.1447,,,49318.9,7268.4981,7268.4981,1107209.305,163177.7823,0
3401,688607.SH,20230106,20.85,2.415,3.5843,1.52,21.5947,102.8789,2.1779,5.373,7.8418,,,8812.9027,6540.7415,4407.0037,183749.0213,136374.4603,0
3402,002716.SZ,20230106,3.04,0.6616,0.8508,0.71,449.9134,,3.5251,3.3779,2.1698,0.0,,221047.9088,218106.5895,169619.2548,671985.6428,663044.0321,0
3403,002287.SZ,20230106,23.2,0.1285,1.033,0.73,17.1834,28.7391,3.9916,6.9479,6.1587,2.5431,2.5431,53022.376,52869.3852,6575.2164,1230119.1232,1226569.7366,0
3404,688239.SH,20230106,80.48,1.2573,1.2573,1.0,82.6655,63.0159,9.8382,11.9669,8.6837,,,14271.38,10100.9237,10100.9237,1148560.6624,812922.3394,0
3405,688383.SH,20230106,97.75,2.189,2.189,0.95,43.0309,35.2116,7.198,8.343,7.0986,,,10213.36,2858.5545,2858.5545,998355.94,279423.7024,0
3406,688093.SH,20230106,18.32,0.7895,0.7895,0.52,23.9658,22.0818,3.2124,10.3818,9.2444,,,24107.244,6245.904,6245.904,441644.7101,114424.9613,0
3407,600508.SH,20230106,14.57,1.1911,3.1704,1.35,28.2047,5.6265,0.8392,1.0368,0.8041,1.0638,1.0638,72271.8,72271.8,27152.6667,1053000.126,1053000.126,0
3408,603078.SH,20230106,21.82,2.4531,3.5459,2.18,114.5467,58.5537,3.3914,8.1712,6.831,0.2725,0.2725,29664.4037,25476.3913,17624.4337,647277.2887,555894.8582,0
3409,300455.SZ,20230106,7.69,0.334,0.7948,0.95,48.8966,50.9188,3.355,4.2844,4.0596,0.3901,0.3901,71776.7936,70862.2436,29782.7451,551963.5428,544930.6533,0
3410,603598.SH,20230106,9.34,4.3198,9.2452,0.66,,,9.056,0.4551,0.5367,0.0,,26786.29,26786.29,12515.81,250183.9486,250183.9486,0
3411,002797.SZ,20230106,5.7,0.5407,0.6534,0.91,32.1392,51.9897,1.6441,7.3597,8.7119,0.7018,0.7018,420240.0,413240.0,341964.8034,2395368.0,2355468.0,0
3412,301120.SZ,20230106,19.8,12.261,12.261,1.83,58.1656,46.1217,3.1889,12.0174,10.5349,1.0101,1.0101,24762.737,5532.7995,5532.7995,490302.1926,109549.4301,0
3413,000584.SZ,20230106,7.33,3.2409,4.2973,1.24,,,4.2028,3.2382,3.5707,0.0,,76093.7577,74597.8963,56259.4986,557767.2439,546802.5799,0
3414,688256.SH,20230106,56.65,0.7053,0.9679,0.99,,,4.3825,31.4906,29.7594,,,40081.465,24218.5645,17648.303,2270614.9923,1371981.6789,0
3415,002476.SZ,20230106,5.52,1.69,2.1496,1.0,188.2226,100.073,3.8657,5.1407,5.642,0.0,,61200.0,61194.8625,48110.5419,337824.0,337795.641,0
3416,300578.SZ,20230106,16.07,1.5452,2.5131,0.63,,,1.8887,4.7466,4.5667,0.0,,20034.974,19280.7383,11855.1546,321962.0322,309841.4645,0
3417,002495.SZ,20230106,2.7,10.0871,12.4716,0.67,94.5566,407.716,2.0765,9.0287,10.6413,0.0,,93562.56,71393.4903,57743.6991,252618.912,192762.4238,0
3418,002342.SZ,20230106,4.26,2.7591,3.7221,1.49,170.6923,267.9306,1.6439,1.6585,1.8568,0.0939,0.0939,96000.0,87978.75,65216.75,408960.0,374789.475,0
3419,000830.SZ,20230106,12.29,0.8287,1.2485,1.42,5.1081,5.7139,1.3648,0.742,0.741,16.2734,16.2734,191967.6011,146410.6137,97185.7673,2359281.8175,1799386.4424,0
3420,003030.SZ,20230106,28.45,11.8957,14.8541,1.14,63.7113,70.7631,3.4308,2.6548,2.3863,0.5272,0.5272,12478.0,5034.2125,4031.6,354999.1,143223.3456,0
3421,000156.SZ,20230106,7.47,0.3383,0.6366,0.83,15.2641,16.3429,0.9654,1.6315,1.499,2.6774,2.6774,185293.2442,156505.5111,83162.8209,1384140.5342,1169096.1679,0
3422,300098.SZ,20230106,3.2,0.883,0.9194,0.87,128.449,,1.6904,2.0804,2.0188,0.0,,173778.2275,152100.3714,146080.0335,556090.328,486721.1885,0
3423,002181.SZ,20230106,5.56,5.1235,15.7101,0.73,71.9912,119.5365,1.5158,11.8235,12.1254,0.8633,0.8633,116105.8174,113446.2472,36997.909,645548.3447,630761.1344,0
3424,000927.SZ,20230106,2.85,0.3472,0.8861,0.73,17.6455,20.7932,2.0693,0.2915,0.2966,0.0,,605035.3641,446044.9597,174784.6918,1724350.7877,1271228.1351,0
3425,603657.SH,20230106,16.82,1.4482,4.0299,1.05,20.8828,23.0629,2.1994,1.7814,1.3856,1.7842,1.7842,13710.85,13440.0,4830.0,230616.497,226060.8,0
3426,603612.SH,20230106,27.35,2.4901,3.7843,1.16,20.3176,11.3372,2.3143,1.332,0.7608,1.7159,1.7159,46061.7984,43547.1249,28654.5233,1259790.1862,1191013.866,0
3427,603779.SH,20230106,6.44,2.251,3.1832,1.37,,,3.0848,4.521,4.5511,0.0,,33274.9154,33274.9154,23530.6572,214290.4552,214290.4552,0
3428,300576.SZ,20230106,21.59,1.3039,1.6335,1.45,115.2064,149.2515,6.0982,5.8649,6.0908,0.1895,0.1895,21345.4755,12658.5271,10104.7632,460848.816,273297.6001,0
3429,600697.SH,20230106,13.05,1.6853,2.2514,0.82,73.3589,,0.8293,0.2486,0.2764,3.0651,3.0651,15908.8075,15515.6015,11614.2124,207609.9379,202478.5996,0
3430,300179.SZ,20230106,12.83,1.9696,2.5388,1.36,67.7427,41.3847,5.8217,14.9539,12.4778,0.0,,48590.883,37604.6523,29173.4958,623421.0289,482467.689,0
3431,301207.SZ,20230106,45.55,3.6924,3.6924,0.96,29.3418,30.4939,3.3267,9.9575,9.1246,0.4391,0.4391,40001.0,3600.9,3600.9,1822045.55,164020.995,0
3432,002629.SZ,20230106,4.19,1.9906,2.0751,0.67,,322.7305,54.5446,14.5213,11.2697,0.0,,43664.8,34459.4808,33055.5362,182955.512,144385.2246,0
3433,688557.SH,20230106,34.52,1.7588,2.22,1.96,31.1614,21.2041,2.6472,4.154,2.6123,,,7267.0,4416.183,3498.8259,250856.84,152446.6372,0
3434,002545.SZ,20230106,8.81,0.708,1.5696,0.81,27.1333,14.3154,1.3079,3.94,3.1235,2.8377,2.8377,124406.2083,112965.0851,50955.2867,1096018.6951,995222.3997,0
3435,002992.SZ,20230106,61.99,5.3906,5.3906,1.02,,,11.148,10.2801,11.0828,0.0,,18496.6135,7837.1735,7837.1735,1146605.0709,485826.3853,0
3436,000422.SZ,20230106,14.97,1.2333,1.6904,1.4,8.5665,6.0205,2.8905,0.7248,0.6986,0.0,,89786.6712,89781.7191,65505.4511,1344106.4679,1344032.3349,0
3437,300466.SZ,20230106,4.71,0.6108,1.0525,0.81,,,2.9515,4.294,3.7806,0.0,,53552.9908,41998.6257,24373.289,252234.5867,197813.527,0
3438,600173.SH,20230106,5.29,0.8294,2.0707,1.36,7.7697,8.8277,0.9858,1.4803,0.9795,2.8355,2.8355,70050.6244,70041.6244,28053.1999,370567.8031,370520.1931,0
3439,300892.SZ,20230106,26.85,11.4992,13.0782,1.07,28.1241,64.6125,2.3142,1.6266,1.597,0.7076,0.7076,10000.0,3062.5,2692.75,268500.0,82228.125,0
3440,603321.SH,20230106,7.25,0.4948,1.3084,0.75,50.6893,39.9164,1.9676,2.1005,1.8966,1.3793,1.3793,30700.0,30700.0,11610.0,222575.0,222575.0,0
3441,600303.SH,20230106,6.41,4.4902,6.1484,1.11,,,1.8829,1.7463,2.2956,0.0,,67560.4211,67560.4211,49339.6343,433062.2993,433062.2993,1
3442,000410.SZ,20230106,5.78,0.0663,0.106,0.38,,,12.0432,7.0252,7.1936,0.0,,206474.6603,168091.5944,105083.5705,1193423.5365,971569.4156,0
3443,300234.SZ,20230106,5.19,0.8197,0.9508,0.83,36.8566,46.006,2.7846,3.3706,3.3652,0.3057,0.3057,50745.1386,34072.234,29372.6454,263367.2693,176834.8945,0
3444,300599.SZ,20230106,7.44,0.3778,0.5063,0.86,23.9928,103.2617,1.1781,1.1301,1.3543,1.3441,1.3441,35813.1567,20693.4792,15438.2742,266449.8858,153959.4852,0
3445,000554.SZ,20230106,5.62,8.0611,8.0611,1.53,328.2354,229.7771,2.89,0.9652,0.818,0.0,,48079.3318,36264.7685,36264.7685,270205.8447,203807.999,0
3446,002038.SZ,20230106,8.39,0.6765,0.9254,0.87,20.2364,37.8134,1.5821,7.0953,7.6387,1.1919,1.1919,102735.0,85140.3144,62240.0064,861946.65,714327.2378,0
3447,000158.SZ,20230106,5.79,1.0621,1.764,0.96,70.6542,320.1728,1.538,0.8506,0.8746,0.0,,159861.6721,158122.5904,95201.6812,925599.0815,915529.7984,0
3448,002122.SZ,20230106,3.09,1.3232,1.6352,2.33,,,13.3193,7.3188,7.2056,0.0,,198400.7125,197508.2863,159817.611,613058.2016,610300.6047,-1
3449,300223.SZ,20230106,71.04,1.0214,1.7279,1.53,36.9374,33.4543,3.0513,6.4866,6.0018,0.2675,0.2675,48156.9911,41017.1306,24247.4295,3421072.6477,2913856.9578,0
3450,301183.SZ,20230106,23.2,2.4943,2.4943,0.99,26.8439,45.6245,2.1892,4.6004,5.4253,0.0,,8000.0,2000.0,2000.0,185600.0,46400.0,0
3451,600177.SH,20230106,6.39,0.1504,0.2715,1.12,5.7696,5.3384,0.8082,2.1738,1.8046,7.8157,7.8157,462890.2973,456579.5973,252898.4306,2957868.9997,2917543.6267,0
3452,002160.SZ,20230106,4.02,1.4756,1.8542,1.23,30.7714,,1.0479,0.5131,0.4736,0.0,,79558.1976,76341.0591,60751.7594,319823.9544,306891.0576,0
3453,300070.SZ,20230106,4.77,0.3942,0.6117,0.7,29.6116,38.7464,0.6635,1.8104,2.0112,0.5451,0.5451,362420.9363,272685.1318,175732.1493,1728747.8662,1300708.0787,0
3454,300981.SZ,20230106,18.82,1.8713,2.1188,0.95,2.4109,98.8546,0.926,1.1501,3.1449,8.8558,8.8558,30000.6,9450.0,8346.2141,564611.292,177849.0,0
3455,300407.SZ,20230106,7.52,1.07,1.4043,0.96,34.0491,31.9226,1.6145,1.2078,1.1864,0.3051,0.3051,30510.5075,21294.6016,16225.5869,229439.0164,160135.404,0
3456,601727.SH,20230106,3.99,0.1388,0.3966,1.09,,,1.0929,0.4757,0.5393,0.0,,1557980.9092,1265532.7092,442792.6624,6216343.8277,5049475.5097,0
3457,603133.SH,20230106,11.72,0.8246,1.2609,0.63,,,7.2544,7.586,18.5276,0.0,,20918.52,20918.52,13680.5847,245165.0544,245165.0544,0
3458,600897.SH,20230106,16.18,0.9815,3.0669,1.35,34.0002,1557.3483,1.2618,3.8639,4.8889,0.8838,0.8838,29781.0,29781.0,9531.0,481856.58,481856.58,0
3459,002131.SZ,20230106,1.8,1.0093,1.0612,1.02,,,1.0202,0.5995,0.5794,0.0,,675480.4205,583455.5384,554923.2671,1215864.7569,1050219.9691,0
3460,002008.SZ,20230106,26.39,1.2274,1.5149,1.61,13.9204,18.4166,1.9786,1.6999,1.8553,1.5152,1.5152,105207.0534,97920.6496,79335.3306,2776414.1392,2584125.9429,0
3461,002717.SZ,20230106,2.82,1.9703,2.0988,1.23,100.7809,,1.1095,0.9867,1.4084,0.0,,167930.6845,137600.28,129174.28,473564.5303,388032.7896,0
3462,601211.SH,20230106,13.61,0.2412,0.422,0.75,8.0741,10.2675,0.8745,2.8311,3.2218,4.9963,4.9963,890667.2636,745252.3649,425991.5753,12121981.4576,10142884.6863,0
3463,300258.SZ,20230106,11.88,0.8316,1.5168,0.87,33.3147,26.8982,1.7505,4.0211,3.4295,0.8256,0.8256,48177.0753,46372.4536,25425.5771,572343.6546,550904.7488,0
3464,001255.SZ,20230106,34.4,15.452,15.452,1.3,36.2057,31.0504,3.8229,7.2127,6.2433,,,8000.0,2000.0,2000.0,275200.0,68800.0,0
3465,300978.SZ,20230106,11.67,2.1204,2.2197,1.2,42.5788,51.532,3.1761,3.0147,2.8358,0.8569,0.8569,42270.2739,13202.7391,12612.1445,493294.0964,154075.9653,0
3466,688786.SH,20230106,44.49,1.9386,2.561,2.8,42.8956,37.2162,5.9863,9.4697,8.6073,,,8544.08,5231.654,3960.154,380126.1192,232756.2865,0
3467,600711.SH,20230106,5.96,0.7597,0.9475,1.28,18.1507,59.7418,1.2096,0.4139,0.6907,0.574,0.574,314120.328,279995.6616,224515.6719,1872157.1549,1668774.1431,0
3468,603719.SH,20230106,35.3,1.0668,2.9863,0.9,50.2791,55.8004,6.0269,1.5182,1.4506,0.596,0.596,40100.0,22369.6635,7991.0088,1415530.0,789649.1216,0
3469,300730.SZ,20230106,12.74,8.8406,11.4816,0.67,79.4496,76.8466,6.3195,6.1656,6.1256,0.3131,0.3131,24041.9437,17554.7168,13516.837,306294.3627,223647.092,0
3470,000100.SZ,20230106,3.86,1.3125,1.3674,1.67,6.5521,53.3092,1.3416,0.4029,0.3896,3.1109,3.1109,1707189.1607,1365220.7633,1310366.8435,6589750.1603,5269752.1463,0
3471,300272.SZ,20230106,5.33,0.6541,0.7842,0.79,29.3375,28.1194,2.4788,2.0353,1.8647,1.8437,1.8437,57717.1949,41112.2721,34291.6382,307632.6488,219128.4103,0
3472,600239.SH,20230106,1.85,0.3655,0.6204,0.75,,,8.1991,0.4912,0.6152,0.0,,160568.6909,160568.6909,94602.2647,297052.0782,297052.0782,0
3473,000759.SZ,20230106,5.29,8.9967,17.9278,0.92,,,1.218,0.2922,0.2952,0.0,,68102.15,68069.8039,34159.518,360260.3735,360089.2626,0
3474,000539.SZ,20230106,6.04,1.5367,4.816,1.36,,,1.471,0.718,0.5788,0.0,,525028.3986,255391.2699,81488.2694,3171171.5275,1542563.2702,0
3475,002818.SZ,20230106,12.25,1.0182,2.0464,1.04,9.9855,11.0657,1.5932,5.966,6.119,9.7959,9.7959,74845.894,29835.8406,14845.5344,916862.2015,365489.0474,0
3476,000548.SZ,20230106,5.43,7.8291,11.5668,0.67,52.2419,72.1964,1.4657,6.3237,6.7527,0.3683,0.3683,49921.5811,49918.8811,33788.2354,271074.1854,271059.5244,0
3477,301211.SZ,20230106,31.75,12.4763,12.4763,0.56,62.639,75.5591,3.4181,14.0949,16.2843,0.9449,0.9449,24000.0,5767.4419,5767.4419,762000.0,183116.2803,0
3478,920368.BJ,20230106,52.88,0.1753,0.1758,0.7,35.6714,29.0175,4.4082,6.0523,4.0691,,,23349.964,12131.6199,12095.6883,1234746.0963,641520.0603,0
3479,002339.SZ,20230106,7.51,10.6918,12.8511,1.43,,,2.2415,1.8861,1.8994,0.0,,51180.48,48164.403,40071.6192,384365.4048,361714.6665,0
3480,300522.SZ,20230106,10.61,2.1784,3.1813,1.89,30.6645,55.7599,3.4855,4.2771,4.4122,1.1311,1.1311,27014.0605,18203.9033,12465.1902,286619.1819,193143.414,0
3481,301096.SZ,20230106,71.38,1.9195,1.9195,0.63,69.5027,40.257,3.194,20.627,13.4805,0.8406,0.8406,10816.6667,6856.6667,6856.6667,772093.669,489428.869,0
3482,920961.BJ,20230106,10.85,0.1848,0.1902,1.16,30.0412,44.4519,2.2007,3.6776,4.3454,,,14284.0508,8263.3846,8027.008,154981.9512,89657.7229,0
3483,688353.SH,20230106,68.95,2.8559,2.8559,1.4,18.0397,19.9799,1.9773,7.4818,7.3973,,,11000.0,2518.635,2518.635,758450.0,173659.8833,0
3484,002989.SZ,20230106,17.08,12.6611,24.4037,1.35,28.6299,83.9902,1.8894,1.2087,1.3365,2.9272,2.9272,18169.0492,9161.8492,4753.3292,310327.3603,156484.3843,0
3485,301153.SZ,20230106,118.49,13.5644,13.5644,0.85,82.0037,65.1422,9.056,17.3353,15.5895,0.844,0.844,10800.0,2430.0,2430.0,1279692.0,287930.7,0
3486,002880.SZ,20230106,30.6,0.8863,3.2228,0.49,33.7821,49.3837,3.8639,7.648,9.8846,0.6536,0.6536,22680.0,22680.0,6237.0,694008.0,694008.0,0
3487,603031.SH,20230106,48.29,0.9756,2.3723,1.5,,119.5371,9.558,3.2247,1.848,0.0,,11200.0,11200.0,4606.0004,540848.0,540848.0,0
3488,603327.SH,20230106,15.99,1.0429,4.3663,0.71,28.4278,20.8494,4.6082,4.3175,3.6955,2.0205,2.0205,52130.0,52130.0,12451.27,833558.7,833558.7,0
3489,601311.SH,20230106,8.45,0.8329,1.3656,1.27,11.9178,21.6951,1.1547,0.7992,0.7723,2.6036,2.6036,117314.6118,117314.6118,71550.2078,991308.4697,991308.4697,0
3490,002512.SZ,20230106,3.62,1.9823,2.7615,0.66,,,4.2704,1.8529,2.7952,0.0,,114709.4532,104938.9308,75328.0086,415248.2206,379878.9295,0
3491,600966.SH,20230106,8.72,0.6302,1.2317,0.81,6.8344,29.0256,1.6893,0.7162,0.641,2.9264,2.9264,133684.4288,133684.4288,68397.8451,1165728.2191,1165728.2191,0
3492,002893.SZ,20230106,8.63,0.7715,1.2127,0.94,63.9126,59.3652,2.6782,1.7414,1.6963,0.0,,20280.0,20179.0045,12837.901,175016.4,174144.8088,0
3493,300648.SZ,20230106,38.3,4.6066,5.3982,1.6,74.4306,,5.4507,6.9818,5.0248,0.1436,0.1436,14778.3896,9455.1959,8068.7098,566012.3217,362134.003,0
3494,002382.SZ,20230106,7.98,0.8259,1.1855,1.23,6.9538,,0.7512,0.9911,1.5188,0.0,,100709.5048,100150.8084,69773.1571,803661.8483,799203.451,0
3495,002243.SZ,20230106,7.99,0.4474,1.0397,1.06,15.3343,21.6646,1.4792,3.2151,3.1699,1.0013,1.0013,121060.4219,121055.8319,52093.7212,967272.771,967236.0969,0
3496,688147.SH,20230106,27.81,15.3634,15.3634,0.93,274.0707,566.64,6.6346,29.5347,21.7108,,,45445.5359,3758.9098,3758.9098,1263840.3534,104535.2815,0
3497,002898.SZ,20230106,12.13,5.7898,9.6485,0.72,,,3.7762,8.6405,8.3889,0.0,,17600.0,10098.5061,6059.844,213488.0,122494.879,0
3498,002760.SZ,20230106,22.88,5.0091,7.0133,3.28,25.879,33.5571,2.5455,2.6145,2.908,0.0,,10798.8706,8798.093,6283.8073,247078.1593,201300.3678,0
3499,002963.SZ,20230106,14.33,0.5897,1.2851,0.87,162.1281,,1.3238,2.7345,4.6721,0.0,,15035.993,15035.993,6899.453,215465.7797,215465.7797,0
3500,688728.SH,20230106,17.98,0.2805,0.7284,1.42,35.7027,51.031,5.6007,6.4181,7.1148,,,249888.7173,76203.1166,29341.5219,4492999.1371,1370132.0365,0
3501,300059.SZ,20230106,20.37,1.5054,1.6714,0.95,31.4714,30.2009,4.2437,49.8024,54.9717,0.3273,0.3273,1321416.2544,1108867.1079,998699.0437,26917249.1021,22587622.9879,0
3502,600616.SH,20230106,6.69,3.033,4.7775,0.68,,,2.3726,6.8922,6.865,0.4484,0.4484,66900.495,66900.495,42471.3015,447564.3116,447564.3116,0
3503,300831.SZ,20230106,14.69,12.2671,14.4693,3.03,88.0663,80.8325,5.574,26.3819,26.3748,0.2042,0.2042,32000.0,18448.424,15640.6797,470080.0,271007.3486,0
3504,688126.SH,20230106,17.97,0.5188,0.677,1.14,335.96,286.3953,3.8159,19.8992,14.8945,,,273165.8657,158629.8399,121561.1583,4908790.6066,2850578.223,0
3505,301011.SZ,20230106,28.58,2.4831,2.7924,0.9,61.3871,122.1932,4.4081,5.1433,4.6066,0.5383,0.5383,11284.0,5938.725,5280.925,322496.72,169728.7605,0
3506,000661.SZ,20230106,190.63,2.7462,3.7901,1.32,20.5329,18.9334,4.442,7.1791,6.3476,0.4171,0.4171,40472.029,40202.0052,29129.7393,7715182.8883,7663708.2513,0
3507,301279.SZ,20230106,22.52,3.0002,3.0002,0.89,28.3085,27.3879,1.7381,3.52,3.4688,0.0,,10000.0,2320.6731,2320.6731,225200.0,52261.5582,0
3508,000889.SZ,20230106,1.91,1.2677,1.7116,1.11,,,5.7249,0.9166,1.1898,0.0,,93629.1116,86984.9676,64426.8183,178831.6032,166141.2881,0
3509,688679.SH,20230106,11.18,0.6547,0.6547,0.78,29.3709,26.1352,1.3419,1.53,1.2609,,,13168.9675,5968.9675,5968.9675,147229.0567,66733.0567,0
3510,603177.SH,20230106,16.32,1.1006,2.7196,0.82,,,9.2248,5.5,4.9629,0.0,,20756.0,20200.0,8174.8,338737.92,329664.0,0
3511,002967.SZ,20230106,17.8,0.3407,0.7447,0.67,56.2055,47.7722,3.0267,4.5568,4.0743,0.8427,0.8427,57522.5846,51510.5841,23563.4791,1023902.0059,916888.397,0
3512,688367.SH,20230106,16.63,0.221,0.2668,0.41,25.299,25.0455,2.6888,5.7831,5.2283,,,8710.164,6442.843,5338.559,144850.0273,107144.4791,0
3513,600017.SH,20230106,2.79,0.8365,1.6727,1.05,11.6439,10.4741,0.6306,1.3192,1.1664,1.4337,1.4337,307565.3888,307565.3888,153806.0315,858107.4348,858107.4348,0
3514,300570.SZ,20230106,15.4,1.268,1.9262,1.0,49.3605,22.3122,2.7795,5.4801,4.0275,1.8899,1.8899,22999.68,19383.111,12758.991,354195.072,298499.9094,0
3515,601038.SH,20230106,11.42,0.5869,1.9025,0.89,29.2829,18.9681,2.1952,1.3934,1.1366,1.0245,1.0245,112364.5275,59391.0,18321.9422,1283202.9041,678245.22,0
3516,600313.SH,20230106,10.17,2.3704,3.9019,0.85,303.1023,97.3774,6.9837,2.9237,2.3106,0.0,,108219.8663,106700.411,64821.769,1100596.0403,1085143.1799,0
3517,301081.SZ,20230106,11.71,0.9673,0.9673,0.54,24.4644,30.5361,2.1179,2.8202,2.6381,4.2699,4.2699,17067.0,7032.0,7032.0,199854.57,82344.72,0
3518,688608.SH,20230106,118.09,0.9328,1.1712,0.72,34.7565,53.71,2.3655,8.0272,8.3185,,,12000.0,7935.981,6320.6183,1417080.0,937159.9963,0
3519,601519.SH,20230106,6.36,4.7589,9.3014,6.39,806.7609,,7.8912,15.8162,13.3311,0.0,,203587.02,200386.56,102524.8541,1294813.4472,1274458.5216,0
3520,002094.SZ,20230106,4.13,6.6738,8.493,0.79,174.6054,584.4961,1.2607,0.905,0.9841,0.0,,69089.7549,69045.3549,54255.5227,285340.6877,285157.3157,0
3521,603067.SH,20230106,14.36,2.0438,3.6255,1.35,23.5281,19.1747,3.0233,2.442,2.2546,1.2798,1.2798,50901.6166,50278.8166,28343.6381,730947.2144,722003.8064,0
3522,600638.SH,20230106,5.68,0.6282,1.2198,1.37,34.7896,35.6999,0.8684,1.0666,0.8456,0.8803,0.8803,67339.6786,67339.6786,34679.7633,382489.3744,382489.3744,0
3523,688086.SH,20230106,2.36,1.877,2.0414,0.8,,,0.3257,0.9811,1.9377,,,19038.1503,13267.1658,12198.8033,44930.0347,31310.5113,0
3524,300417.SZ,20230106,9.99,0.8365,1.0282,0.94,111.112,412.7374,2.7288,7.4695,10.371,0.1978,0.1978,13619.0823,8586.8692,6986.0234,136054.6322,85782.8233,0
3525,002756.SZ,20230106,100.82,5.2328,7.0946,1.97,47.1314,9.0746,4.1033,5.8075,3.1811,0.4855,0.4855,41469.3493,27524.1499,20301.0613,4180939.7964,2774984.7929,0
3526,920245.BJ,20230106,10.89,0.1391,0.1391,1.07,12.5715,13.197,1.7335,1.6755,1.6,,,4875.0,1201.0829,1201.0829,53088.75,13079.7928,0
3527,688022.SH,20230106,52.44,0.8935,1.5583,1.42,93.6051,63.3573,5.5616,7.509,5.9022,,,10853.649,10853.649,6223.4874,569165.3536,569165.3536,0
3528,002404.SZ,20230106,6.7,2.4994,3.4896,0.89,29.6038,15.6198,2.0387,1.0475,0.8741,2.899,2.899,57767.3641,46370.9253,33212.2432,387041.3395,310685.1995,0
3529,600057.SH,20230106,10.33,0.9359,2.0338,1.92,10.7787,8.6963,1.6176,0.0503,0.0457,4.7212,4.7212,225409.3987,213595.1867,98296.0044,2328479.0886,2206438.2786,0
3530,000921.SZ,20230106,16.45,3.4587,8.0882,1.25,23.0488,20.0867,2.008,0.3318,0.3008,1.3009,1.3009,136272.537,90283.2292,38607.3622,2241683.2337,1485159.1203,0
3531,002496.SZ,20230106,2.3,0.9559,1.0262,1.12,11.2675,,1.4765,3.1652,7.8054,0.0,,150758.9677,114039.5282,106233.6782,346745.6257,262290.9149,0
3532,601018.SH,20230106,3.56,0.0793,0.4588,1.11,15.9886,15.7317,0.9779,2.9946,2.6712,2.0542,2.0542,1945438.8399,1317284.7809,227768.3788,6925762.27,4689533.82,0
3533,600749.SH,20230106,12.19,4.798,8.6309,0.96,,,2.7428,15.925,21.329,0.0,,22696.5517,22696.5517,12617.3559,276670.9652,276670.9652,0
3534,000023.SZ,20230106,11.82,5.5073,8.2569,1.89,,,5.1786,1.1083,2.5213,0.0,,13875.624,13875.2021,9254.5805,164009.8757,164004.8888,-1
3535,002657.SZ,20230106,16.8,7.1143,7.4504,0.8,,,2.6383,3.5311,3.9999,0.0,,33757.6686,29732.3923,28390.956,567128.8325,499504.1906,0
3536,001259.SZ,20230106,28.41,4.8645,4.8645,0.53,31.7226,29.4198,2.8666,3.1911,3.0649,,,7358.8888,1848.4443,1848.4443,209066.0308,52514.3026,0
3537,000981.SZ,20230106,1.89,1.153,1.5527,1.02,,,3.4787,4.752,5.0489,0.0,,999747.0888,557994.4555,414360.3937,1889521.9978,1054609.5209,0
3538,301032.SZ,20230106,7.65,1.3692,1.3692,0.97,23.1705,52.6948,1.7445,0.7431,0.8616,1.3072,1.3072,24113.34,9230.34,9230.34,184467.051,70612.101,0
3539,000408.SZ,20230106,26.5,0.5479,1.5199,1.12,29.3424,8.7838,3.8786,11.5612,5.7881,7.1623,7.1623,158043.5073,158043.5073,56974.0635,4188152.9435,4188152.9435,0
3540,600117.SH,20230106,3.1,0.489,1.2455,1.57,,,,0.2649,0.3154,0.0,,104511.8252,104511.8252,41033.0268,323986.6581,323986.6581,0
3541,000601.SZ,20230106,4.86,0.5087,0.8692,0.84,189.7888,402.6909,1.1065,1.3241,1.3765,1.0288,1.0288,108055.1669,107988.2262,63199.1573,525148.1111,524822.7793,0
3542,600919.SH,20230106,7.57,0.4546,0.6125,0.76,5.6771,4.5488,0.6839,1.7532,1.5807,5.284,5.284,1476965.67,1468805.4767,1090096.1423,11180630.1219,11118857.4586,0
3543,300980.SZ,20230106,18.25,1.2428,1.4925,1.04,22.5344,28.187,2.0957,4.322,4.7573,1.091,1.091,10833.3234,5101.2084,4247.9384,197708.1521,93097.0533,0
3544,605266.SH,20230106,87.56,1.9291,2.3315,0.47,28.8914,29.2357,3.6263,1.6586,1.3832,1.3848,1.3848,9916.2533,5846.0836,4837.0014,868267.1389,511883.08,0
3545,603326.SH,20230106,8.34,0.377,1.5348,1.09,,,2.6886,1.525,1.589,0.0,,31551.268,31551.268,7750.6927,263137.5751,263137.5751,0
3546,688236.SH,20230106,22.67,0.6095,0.6095,0.94,27.0245,26.5685,3.3229,7.8615,7.5772,,,38428.0,7775.7545,7775.7545,871162.76,176276.3545,0
3547,002241.SZ,20230106,18.26,8.4425,10.7337,1.87,14.6107,13.06,1.9766,0.7985,0.6272,1.0702,1.0702,342040.06,300815.5123,236603.9302,6245651.4956,5492891.2546,0
3548,300775.SZ,20230106,38.59,1.189,2.0343,1.14,46.7334,31.8345,7.0567,16.4353,10.3059,0.2315,0.2315,49929.1984,48061.1984,28090.8453,1926767.7663,1854681.6463,0
3549,300043.SZ,20230106,3.03,1.6885,2.0262,0.67,,,1.8395,2.6796,2.1484,0.0,,124419.8401,93774.8301,78142.1501,376992.1155,284137.7352,0
3550,603685.SH,20230106,9.65,0.2561,0.9993,0.65,16.2233,61.7039,1.4395,1.0534,1.2325,1.2435,1.2435,16900.1904,16900.1904,4330.5914,163086.8374,163086.8374,0
3551,688526.SH,20230106,21.69,3.3664,3.3664,2.23,17.7174,21.5948,3.0074,9.1676,9.9743,,,46620.7976,12112.6749,12112.6749,1011205.0999,262723.9186,0
3552,000301.SZ,20230106,14.54,1.0939,3.4717,2.31,21.1565,20.4954,2.6794,1.8585,1.3105,0.9279,0.9279,661118.9232,523294.3047,164885.6079,9612669.1433,7608699.1903,1
3553,002164.SZ,20230106,6.39,1.8063,2.8474,1.03,10.2225,3.8387,2.4871,2.1061,2.2999,0.0,,53217.3689,48090.0218,30505.8761,340058.9873,307295.2393,0
3554,301077.SZ,20230106,23.08,3.1593,3.1593,0.99,20.5173,28.7238,2.3312,3.4973,3.594,4.3328,4.3328,12000.0,3801.5002,3801.5002,276960.0,87738.6246,0
3555,300248.SZ,20230106,9.13,2.6813,2.809,1.11,27.2813,37.2791,2.3171,4.3204,4.1213,0.7049,0.7049,48109.2495,40477.2698,38636.8028,439237.4479,369557.4733,0
3556,605298.SH,20230106,13.33,0.6718,0.6952,0.96,22.1415,32.0231,1.958,6.2239,8.013,2.3083,2.3083,14040.0,4290.0,4145.7,187153.2,57185.7,0
3557,000820.SZ,20230106,4.85,7.2615,7.2628,1.32,1.5529,362.6373,38.3147,25.7216,17.2709,0.0,,63724.5222,28765.692,28760.292,309063.9327,139513.6062,0
3558,000901.SZ,20230106,8.31,0.5625,0.8641,1.06,207.8037,174.5358,1.5922,1.1427,1.1434,0.361,0.361,79820.1406,79820.1406,51958.7701,663305.3684,663305.3684,0
3559,300264.SZ,20230106,6.13,4.7831,5.0472,0.82,,,20.9083,18.5816,14.4977,0.0,,41310.0,35638.6582,33773.3915,253230.3,218464.9748,0
3560,688456.SH,20230106,33.8,1.0831,1.0831,0.51,43.1331,49.7739,3.1866,1.26,1.1938,,,10366.0,6290.875,6290.875,350370.8,212631.575,0
3561,300796.SZ,20230106,20.76,0.9792,1.6,1.08,73.8589,32.729,2.6533,7.8586,5.8016,0.2064,0.2064,20063.4929,20063.4929,12278.9718,416518.1126,416518.1126,0
3562,688506.SH,20230106,32.05,67.3191,67.3191,,,,13.1629,16.131,19.3779,,,40100.0,3306.3298,3306.3298,1285205.0,105967.8701,0
3563,605007.SH,20230106,18.99,4.5244,4.5244,1.01,19.4796,25.3316,3.6809,2.0599,1.3679,1.579,1.579,40021.9528,8256.9991,8256.9991,760016.8837,156800.4129,0
3564,601678.SH,20230106,5.27,0.4632,0.5523,1.13,6.6706,8.8194,0.9699,1.1702,1.1403,2.8341,2.8341,205803.6276,205803.6276,172604.5566,1084585.1175,1084585.1175,0
3565,002235.SZ,20230106,8.57,50.0267,60.5516,2.49,219.7178,,4.1531,12.6144,11.1065,0.0,,57957.2284,54823.6951,45294.3894,496693.4474,469839.067,-1
3566,002688.SZ,20230106,5.24,0.4826,0.7463,0.67,43.5079,47.4561,1.6712,1.968,1.8,0.0,,78042.2398,76612.5717,49536.1619,408941.3366,401449.8757,0
3567,300506.SZ,20230106,6.14,0.6491,0.8044,0.41,,,4.2779,7.7044,18.3343,0.0,,69559.6569,57251.7456,46202.026,427096.2934,351525.718,0
3568,688129.SH,20230106,13.92,0.4678,0.4678,0.61,17.7842,32.6048,1.937,3.3834,3.8481,,,12000.0,4143.0,4143.0,167040.0,57670.56,0
3569,300018.SZ,20230106,6.32,2.0764,2.2627,1.19,33.9121,83.8579,2.5361,7.2266,7.1087,0.0,,48083.1536,40509.1589,37173.6301,303885.5308,256017.8842,0
3570,601858.SH,20230106,11.63,4.3288,16.9097,1.65,18.903,19.5063,1.9884,3.4914,3.5525,2.184,2.184,79050.0,79050.0,20236.3636,919351.5,919351.5,0
3571,001313.SZ,20230106,9.36,3.3429,3.3429,1.2,34.9022,90.7505,2.4069,0.9743,0.9293,0.5876,0.5876,70000.0,10000.0,10000.0,655200.0,93600.0,0
3572,000702.SZ,20230106,5.68,2.5951,3.4664,0.92,,,5.746,1.0579,1.2314,0.0,,26663.4576,26663.4576,19961.696,151448.4392,151448.4392,0
3573,301007.SZ,20230106,11.43,1.4575,1.5425,1.54,35.4714,39.1047,2.8652,3.4222,3.2003,0.8749,0.8749,15334.0,12360.775,11680.1,175267.62,141283.6583,0
3574,300622.SZ,20230106,21.02,1.2021,1.3531,1.23,38.4026,46.5264,5.554,4.1015,3.8081,2.3684,2.3684,17316.5428,10766.7038,9565.4585,363993.7297,226316.1139,0
3575,002829.SZ,20230106,34.93,1.9014,2.2803,1.46,33.898,29.7153,4.502,7.1086,5.6785,0.425,0.425,15631.1,10265.7815,8560.0229,545994.323,358583.7478,0
3576,300229.SZ,20230106,13.01,1.6685,2.7464,0.68,37.8427,37.169,3.8275,9.0401,8.7838,0.3843,0.3843,71480.9034,71342.5043,43342.8467,929966.5532,928165.9809,0
3577,300360.SZ,20230106,14.6,3.1099,4.3646,1.37,23.1686,18.7135,2.5681,6.0849,4.9893,1.0274,1.0274,50438.7126,43594.2632,31062.4522,736405.204,636476.2427,0
3578,601789.SH,20230106,4.49,2.0682,2.828,0.7,11.7373,13.6952,1.2202,0.2289,0.233,2.6726,2.6726,108679.859,108679.859,79479.859,487972.5669,487972.5669,0
3579,300115.SZ,20230106,11.08,1.7134,2.7252,1.12,,,2.4045,1.2047,0.9057,0.0,,120102.7716,119635.1844,75216.3733,1330738.7093,1325557.8432,0
3580,300859.SZ,20230106,30.95,6.6721,13.5344,0.91,177.9991,,7.6211,32.0998,45.7362,0.3231,0.3231,15500.0,9571.25,4718.4,479725.0,296230.1875,0
3581,300392.SZ,20230106,3.82,1.0634,1.8561,0.53,,,9.1536,4.2686,10.8862,0.0,,38400.0,29552.0,16931.312,146688.0,112888.64,0
3582,688551.SH,20230106,50.89,0.6475,1.1111,0.99,71.7454,77.062,4.048,16.4974,12.4128,,,8024.111,5308.8383,3093.611,408347.0088,270166.7811,0
3583,688380.SH,20230106,28.03,3.3746,3.3746,1.46,14.295,30.1257,3.5158,10.119,16.8257,,,40036.5,5394.0251,5394.0251,1122223.095,151194.5236,0
3584,688722.SH,20230106,19.79,3.2127,5.7728,1.26,84.6437,30.5599,3.9106,13.4365,8.0799,,,22466.67,12224.003,6803.003,444615.3993,241913.0194,0
3585,601336.SH,20230106,32.11,0.8285,2.4596,1.29,6.7016,12.2411,1.0011,0.4504,0.478,4.4846,4.4846,311954.66,208543.934,70249.7025,10016864.1326,6696345.7207,0
3586,601615.SH,20230106,26.7,1.3237,1.8237,1.03,19.5622,13.4668,2.1522,2.2338,1.9961,0.7669,0.7669,227208.5706,210899.6912,153070.8969,6066468.835,5631021.755,0
3587,000727.SZ,20230106,1.97,0.4664,0.6669,1.09,16.7669,,3.3766,0.1264,0.1358,0.0,,452956.698,341922.2152,239144.4982,892324.6951,673586.7639,0
3588,600114.SH,20230106,8.99,1.072,1.4063,0.87,214.6142,158.0722,2.2467,1.543,1.5217,0.5562,0.5562,61638.3477,61638.3477,46983.7261,554128.7458,554128.7458,0
3589,002285.SZ,20230106,3.25,2.4487,4.5555,1.35,,,1.7937,1.0866,1.4484,0.0,,203357.9072,201498.6917,108309.5434,660913.1984,654870.748,0
3590,002882.SZ,20230106,11.67,1.8522,8.0305,1.69,97.8934,81.7642,2.5694,1.1007,1.1451,1.7138,1.7138,43290.0,43113.75,9944.16,505194.3,503137.4625,0
3591,600611.SH,20230106,3.03,0.6194,0.8882,1.67,21.8096,,0.7751,3.3297,3.7464,0.9241,0.9241,236412.2864,156331.6364,109013.029,716329.2278,473684.8583,0
3592,002506.SZ,20230106,3.05,1.0631,1.535,1.79,,,8.3074,3.7953,2.836,0.0,,585031.6427,584950.3615,405133.147,1784346.5102,1784098.6026,0
3593,300789.SZ,20230106,18.18,0.6554,1.4892,0.93,22.7974,27.5311,1.8318,4.3108,4.2642,1.3152,1.3152,8342.8306,5487.4186,2414.842,151672.6603,99761.2701,0
3594,301192.SZ,20230106,18.95,3.5353,3.5353,1.29,26.8893,35.2501,3.37,11.804,13.6996,2.6385,2.6385,9990.0,2497.5,2497.5,189310.5,47327.625,0
3595,003001.SZ,20230106,15.13,1.7254,1.7339,0.89,17.3331,,1.4889,1.4033,1.9482,1.2954,1.2954,12775.0726,4905.0199,4880.8098,193286.8484,74212.9511,0
3596,603730.SH,20230106,16.57,0.1237,0.6244,0.48,37.5049,33.2143,3.7399,3.7077,3.357,2.3212,2.3212,94174.0157,94174.0157,18655.4812,1560463.4401,1560463.4401,0
3597,688707.SH,20230106,47.46,2.9103,3.3299,2.52,50.9519,18.1511,5.4991,3.8118,1.7702,,,44293.481,27873.865,24361.865,2102168.6083,1322893.6329,0
3598,300752.SZ,20230106,17.75,1.6952,2.6615,1.39,,,3.4827,1.8656,2.3962,0.0,,20767.9134,13397.2931,8533.2993,368630.4629,237801.9525,0
3599,920873.BJ,20230106,3.27,0.0789,0.0789,0.45,18.3089,51.9379,1.1319,2.198,2.2718,,,15338.7002,11615.8471,11615.8471,50157.5497,37983.82,0
3600,300445.SZ,20230106,12.87,1.271,1.8865,0.91,39.0289,34.557,2.7816,7.7371,6.729,0.4662,0.4662,21243.0013,13820.8783,9311.7718,273397.4267,177874.7037,0
3601,000025.SZ,20230106,17.7,1.435,3.8232,0.96,58.233,61.9536,5.1404,15.0038,9.6026,0.1412,0.1412,43105.832,39277.832,14742.5567,762973.2264,695217.6264,0
3602,300017.SZ,20230106,5.63,1.0827,1.2551,0.96,83.0401,68.855,1.5414,2.9992,2.7107,0.5332,0.5332,243723.0675,226972.9539,195803.9858,1372160.87,1277857.7305,0
3603,300867.SZ,20230106,18.26,3.867,3.8809,3.73,10.523,25.0744,1.4815,2.1614,2.6908,0.9584,0.9584,27174.1053,15423.261,15367.9274,496199.1628,281628.7459,0
3604,300803.SZ,20230106,49.33,2.7637,4.8636,2.19,113.94,61.4773,11.9971,21.5309,15.6254,0.0,,40697.0449,39155.3671,22249.6144,2007585.2249,1931534.259,0
3605,002077.SZ,20230106,19.35,8.5256,16.7854,0.78,82.4897,840.7756,3.5412,16.4267,18.9166,0.0,,58034.8513,58034.8513,29476.9403,1122974.3727,1122974.3727,0
3606,300256.SZ,20230106,2.86,0.5743,0.7688,0.93,,6.6324,2.3787,2.0158,6.1684,0.0,,226839.3386,149330.4044,111549.3866,648760.5084,427084.9566,0
3607,002187.SZ,20230106,7.69,3.8329,8.4311,0.8,20.7801,275.0278,1.3382,0.9059,1.0182,5.3316,5.3316,70403.8932,51711.0966,23508.2766,541405.9387,397658.3329,0
3608,002895.SZ,20230106,26.82,1.7678,4.0488,1.4,36.596,18.0613,3.3562,5.3194,4.0606,0.736,0.736,50181.6371,49281.0871,21517.6171,1345871.507,1321718.756,0
3609,603129.SH,20230106,116.0,0.8137,1.3774,1.03,42.2347,26.2634,4.3809,2.2108,1.6089,0.7155,0.7155,14983.1963,14983.1963,8851.4331,1738050.7708,1738050.7708,0
3610,300469.SZ,20230106,13.97,3.4358,4.5837,1.88,,,16.7406,6.7927,12.2176,0.0,,20513.5376,18810.5857,14099.9243,286574.1203,262783.8822,0
3611,300532.SZ,20230106,15.53,2.0169,2.4889,0.78,52.0203,21.4513,3.5751,2.9839,1.9923,0.7647,0.7647,30703.4301,21127.7463,17121.0367,476824.2695,328113.9,0
3612,002154.SZ,20230106,4.26,0.9623,1.1952,0.79,13.3878,12.9057,1.6104,1.3966,1.3764,11.0329,11.0329,145933.3729,111417.4989,89709.6422,621676.1686,474638.5453,0
3613,600198.SH,20230106,6.03,0.5722,0.867,0.96,,,16.5646,6.0434,5.4194,0.0,,131370.8906,88045.4735,58108.3712,792166.4703,530914.2052,0
3614,600556.SH,20230106,6.85,1.9687,3.8074,0.67,34.9522,40.8308,3.2662,2.7447,2.8355,0.292,0.292,180774.7642,180774.7642,93471.6835,1238307.1348,1238307.1348,0
3615,603995.SH,20230106,28.37,1.1705,1.1705,1.16,16.2244,18.9875,2.528,0.3057,0.2444,1.9447,1.9447,33803.7311,16357.9069,16357.9069,959011.8513,464073.8188,0
3616,300475.SZ,20230106,17.41,0.1981,0.3311,1.19,32.6628,30.6462,4.1069,0.7943,0.4768,0.6146,0.6146,42000.0,42000.0,25133.904,731220.0,731220.0,0
3617,300253.SZ,20230106,10.41,0.8576,0.9246,0.53,59.1206,86.4956,4.4792,8.1295,7.8224,0.1908,0.1908,214772.9602,184858.7481,171478.6639,2235786.5157,1924379.5677,0
3618,000985.SZ,20230106,17.09,0.6844,1.8751,0.48,172.5128,100.6085,3.5959,1.0685,0.8596,0.2692,0.2692,12963.95,12963.95,4731.89,221553.9055,221553.9055,0
3619,002137.SZ,20230106,7.51,25.4374,29.5624,0.98,,440.5965,2.8795,4.7072,5.7354,0.0,,57750.4854,39056.6767,33606.8784,433706.1454,293315.642,0
3620,603183.SH,20230106,4.55,1.2844,1.6877,0.59,16.4151,26.8382,1.6387,2.5226,2.8286,1.2198,1.2198,50084.5351,49153.3041,37407.2981,227884.6347,223647.5337,0
3621,000498.SZ,20230106,6.97,0.67,1.6716,0.98,5.0951,4.6399,0.9212,0.1891,0.1772,1.7927,1.7927,156062.9303,145753.457,58421.9536,1087758.6242,1015901.5953,0
3622,603115.SH,20230106,16.51,0.6833,1.9645,1.46,17.8545,15.8421,1.9794,2.4002,2.2576,4.5427,4.5427,23920.0,23920.0,8320.0,394919.2,394919.2,0
3623,000555.SZ,20230106,11.33,0.979,1.7744,0.79,29.626,37.2893,1.8862,0.9814,0.9743,0.3484,0.3484,98365.3713,97995.9063,54071.0673,1114479.6568,1110293.6184,0
3624,603986.SH,20230106,102.88,1.6509,1.8479,1.49,29.3665,24.6801,4.5124,8.0637,7.668,1.031,1.031,66702.5148,66327.9874,59256.7461,6862354.7226,6823823.3437,0
3625,301058.SZ,20230106,15.27,1.129,1.7034,0.77,48.4405,42.7829,4.3642,3.6055,2.9398,0.9823,0.9823,51227.4245,20341.36,13482.01,782242.7721,310612.5672,0
3626,600587.SH,20230106,22.8,1.1337,1.5965,0.68,16.8789,17.4425,1.776,0.9906,1.0701,0.6579,0.6579,41197.4891,40346.6668,28651.9026,939302.7515,919904.003,0
3627,688058.SH,20230106,42.88,0.6594,1.5707,0.64,89.5311,,2.7852,12.016,10.2839,,,5600.0,5600.0,2350.9883,240128.0,240128.0,0
3628,300056.SZ,20230106,6.8,1.0228,1.5737,1.02,,,5.3247,2.2953,2.2422,0.0,,38549.0443,38549.0443,25054.619,262133.5012,262133.5012,0
3629,300567.SZ,20230106,51.95,1.0482,1.1804,0.92,75.1455,94.1219,4.628,5.9983,5.8709,0.5655,0.5655,27814.44,20681.8989,18365.8536,1444960.158,1074424.6479,0
3630,002231.SZ,20230106,9.72,32.7509,49.2006,2.13,144.5123,830.2172,8.4581,6.0054,9.1689,0.0,,34685.0017,29481.7267,19624.8517,337138.2165,286562.3835,0
3631,600795.SH,20230106,4.34,0.6209,1.4017,0.82,,56.8091,1.6587,0.4602,0.3971,0.0,,1783561.9082,1783561.9082,789997.4544,7740658.6816,7740658.6816,0
3632,300965.SZ,20230106,44.61,0.9715,1.064,1.05,39.4395,304.4259,1.9916,14.0166,18.6177,0.4595,0.4595,6000.0,1642.875,1500.0,267660.0,73288.6538,0
3633,300922.SZ,20230106,14.06,1.5628,1.5628,0.76,27.3308,46.6192,2.5583,9.1475,11.8918,1.7781,1.7781,15681.12,8573.2586,8573.2586,220476.5472,120540.0159,0
3634,300614.SZ,20230106,27.76,2.9562,2.9562,0.86,40.856,69.3437,2.9508,8.9194,9.542,0.245,0.245,16043.4469,8900.4065,8900.4065,445366.0859,247075.2844,0
3635,001696.SZ,20230106,6.15,0.5386,0.7049,1.19,14.6536,14.0674,1.4818,0.7674,0.8161,4.065,4.065,114502.692,87923.7974,67185.3274,704191.5558,540731.354,0
3636,000712.SZ,20230106,12.88,0.3049,0.6108,0.8,,,3.7992,11.4663,75.3208,0.0776,0.0776,89600.0,89524.0775,44683.0271,1154048.0,1153070.1182,0
3637,000679.SZ,20230106,6.24,8.4541,11.7513,0.69,,,5.7791,12.612,14.1968,0.0,,35640.0,35640.0,25640.0,222393.6,222393.6,0
3638,603290.SH,20230106,336.05,1.8119,2.409,1.78,144.0459,79.4785,10.4698,33.6247,24.0707,0.2084,0.2084,17076.4534,8972.1766,6748.3565,5738542.1651,3015099.9464,0
3639,603039.SH,20230106,52.97,0.1281,0.2656,0.58,44.7172,52.095,7.62,6.8922,6.2342,0.2792,0.2792,26060.3073,26060.3073,12569.0389,1380414.4777,1380414.4777,0
3640,601929.SH,20230106,1.94,1.5008,2.2333,0.91,241.2229,,0.9122,3.0794,3.2181,0.0,,330128.4568,330128.4568,221847.4704,640449.2062,640449.2062,0
3641,002101.SZ,20230106,22.99,7.5776,15.3211,1.97,40.5227,26.1224,2.4925,2.0254,1.8814,1.3049,1.3049,52887.8866,52879.0366,26153.2841,1215892.5129,1215689.0514,0
3642,688633.SH,20230106,47.63,2.254,2.254,1.6,28.923,24.6923,2.6822,6.8497,5.9809,,,7399.3334,2313.2068,2313.2068,352430.2498,110178.0399,0
3643,300269.SZ,20230106,4.09,1.5623,2.0532,0.81,37.1869,,13.9516,2.2065,1.8459,0.0,,55608.9174,51766.8402,39390.0294,227440.4722,211726.3764,0
3644,601828.SH,20230106,4.68,0.5389,1.0451,0.94,9.9542,18.9017,0.3755,1.3138,1.3919,2.1368,2.1368,435473.2673,361344.7039,186327.469,2038014.891,1691093.2143,0
3645,001228.SZ,20230106,50.38,2.49,2.49,0.89,31.232,17.3295,3.2778,2.44,1.6614,0.5955,0.5955,10386.4609,2597.0,2597.0,523269.9001,130836.86,0
3646,600507.SH,20230106,6.05,0.2669,0.5064,1.04,5.1638,8.4142,1.7695,0.6507,0.5915,18.3471,18.3471,233180.5223,215595.0223,113645.2857,1410742.1599,1304349.8849,0
3647,601187.SH,20230106,5.83,0.4949,0.4967,0.7,7.095,6.2646,0.7221,2.8946,2.6036,4.2882,4.2882,263912.7888,119121.7875,118699.3175,1538611.5587,694480.0211,0
3648,600469.SH,20230106,4.91,1.112,2.0065,1.34,,,1.287,0.6459,0.7131,0.4064,0.4064,73113.7184,56241.3222,31170.1648,358988.3573,276144.892,0
3649,603708.SH,20230106,11.76,1.1413,3.5073,1.28,,,3.1692,0.4104,0.3933,0.0,,60840.232,60840.232,19798.0454,715481.1283,715481.1283,0
3650,600552.SH,20230106,9.7,1.4969,2.1314,1.61,58.198,77.7136,2.1922,1.4488,1.7748,0.8337,0.8337,94460.6894,76388.4003,53650.3438,916268.6872,740967.4829,0
3651,603139.SH,20230106,18.17,1.0289,2.5223,1.08,49.7463,58.3194,1.7193,4.0989,3.7589,0.4073,0.4073,9988.0,9988.0,4074.4863,181481.96,181481.96,0
3652,301222.SZ,20230106,26.25,2.7578,2.7578,1.5,29.6628,24.3124,2.1714,4.8638,4.5448,2.2857,2.2857,10133.34,2533.34,2533.34,266000.175,66500.175,0
3653,300891.SZ,20230106,9.82,0.5914,0.9162,1.3,19.9415,63.7811,3.0204,2.5298,2.5645,1.0183,1.0183,40000.0,23072.0,14892.33,392800.0,226567.04,0
3654,601616.SH,20230106,3.49,1.1179,1.5006,1.41,43.8652,38.2026,1.3288,3.2499,3.0633,0.0,,93557.5,93557.5,69699.993,326515.675,326515.675,0
3655,301022.SZ,20230106,29.05,2.5514,3.8356,4.43,30.8206,28.5705,2.0816,3.1388,3.6269,1.0327,1.0327,6400.0,3262.9302,2170.4626,185920.0,94788.1223,0
3656,003039.SZ,20230106,17.24,2.0668,2.9707,1.18,38.9464,41.8932,4.547,7.956,7.9297,0.7367,0.7367,61751.873,12251.873,8524.0807,1064602.2905,211222.2905,0
3657,002553.SZ,20230106,11.97,4.341,5.2646,1.18,21.2325,20.694,3.4292,6.9868,7.0835,1.6708,1.6708,34800.0,23515.8126,19390.1398,416556.0,281484.2768,0
3658,002665.SZ,20230106,3.73,2.6062,2.9,1.5,,,1.7602,13.1788,20.4794,0.0,,253872.0737,247944.4137,222823.1389,946942.8349,924832.6631,0
3659,603286.SH,20230106,16.17,2.3147,4.3984,1.62,131.5709,,2.9202,2.4485,2.056,0.0,,8807.6,8807.6,4635.1,142418.892,142418.892,0
3660,600764.SH,20230106,23.93,0.5991,2.1773,2.08,20.0324,26.9336,2.2903,3.4889,3.8173,1.5002,1.5002,71062.9386,71062.9386,19551.974,1700536.1207,1700536.1207,0
3661,300632.SZ,20230106,12.33,3.0681,3.4954,1.26,46.6907,39.9461,1.8279,3.7102,4.0446,0.4068,0.4068,30518.162,20501.2193,17994.9358,376288.9375,252780.034,0
3662,002093.SZ,20230106,7.86,12.1291,26.8561,0.85,80.9617,100.2209,2.244,16.4815,18.8761,0.1272,0.1272,100750.0,100377.5125,45333.7519,791895.0,788967.2483,0
3663,300847.SZ,20230106,16.58,4.3549,5.8601,0.79,44.7581,40.7936,3.9889,4.8798,4.5314,0.4524,0.4524,29601.0,15102.6388,11223.4138,490784.58,250401.7513,0
3664,002153.SZ,20230106,15.16,0.4689,0.9698,0.86,,,3.9674,9.9003,11.0196,0.1413,0.1413,209937.9878,123028.7542,59487.7744,3182659.895,1865115.9137,0
3665,002410.SZ,20230106,63.17,0.6388,0.671,1.14,113.8536,91.3388,12.9491,13.5296,11.6776,0.4688,0.4688,119129.8268,99068.0808,94316.4597,7525431.159,6258130.6641,0
3666,002929.SZ,20230106,45.42,6.078,11.3145,2.87,29.854,22.8961,2.5585,1.5961,1.2992,0.4341,0.4341,23201.22,16034.031,8613.2721,1053799.4124,728265.688,0
3667,002489.SZ,20230106,3.67,2.0925,4.075,0.75,63.7867,,2.4018,0.9797,0.9267,0.9507,0.9507,217573.6503,188146.1876,96613.5648,798495.2966,690496.5085,0
3668,002283.SZ,20230106,4.92,0.6242,0.8443,1.0,10.3571,21.6335,1.0041,1.1876,1.8456,1.9943,1.9943,113945.7178,99532.2826,73592.0046,560612.9316,489698.8304,0
3669,600255.SH,20230106,2.64,0.5769,0.6517,0.83,81.0072,48.5497,3.3808,1.4682,1.4858,0.0,,180598.7355,179101.2355,158549.47,476780.6617,472827.2617,0
3670,002583.SZ,20230106,5.36,0.7349,0.9614,0.61,,,1.5875,1.7021,1.6611,0.0,,181607.9691,122724.3526,93813.421,973418.7144,657802.5299,0
3671,300040.SZ,20230106,6.1,1.8633,2.0488,1.92,19.6681,18.2956,1.3112,2.5424,2.5979,0.8197,0.8197,58765.6102,46164.7961,41985.733,358470.2222,281605.2562,0
3672,920445.BJ,20230106,6.75,0.0956,0.0985,0.74,14.3614,17.2834,2.6054,2.8628,2.6256,,,14803.0025,9094.4882,8829.6463,99920.2669,61387.7954,0
3673,688310.SH,20230106,24.61,0.6322,1.8807,0.7,32.0229,46.4101,2.6829,6.544,6.4588,,,8390.1218,8390.1218,2820.5218,206480.8975,206480.8975,0
3674,000796.SZ,20230106,5.91,2.766,4.9182,1.05,,,208.7736,5.049,10.657,0.0,,80300.0258,80252.6933,45134.0137,474573.1525,474293.4174,0
3675,002948.SZ,20230106,3.39,0.5324,0.9098,0.82,6.751,6.3665,0.6616,1.7718,1.5821,4.7198,4.7198,582035.4724,301491.0313,176419.2829,1973100.2514,1022054.5961,0
3676,300611.SZ,20230106,8.37,1.3038,1.5145,0.91,79.9891,,1.737,2.1629,1.7199,0.5022,0.5022,21107.468,15352.3581,13216.098,176669.5072,128499.2373,0
3677,300951.SZ,20230106,49.11,0.9564,1.8171,0.98,25.0325,19.2498,2.9046,7.0894,5.48,2.0249,2.0249,12067.2,5700.0,3000.0,592620.192,279927.0,0
3678,688011.SH,20230106,22.49,0.8425,1.1147,1.07,1231.9612,733.0595,1.8278,15.6397,14.1437,,,10000.0,5534.6,4183.1543,224900.0,124473.154,0
3679,688668.SH,20230106,65.6,2.0923,2.4846,1.41,59.278,40.6205,3.8226,11.4155,7.9699,,,9883.9104,3322.7391,2798.2,648384.5222,217971.685,0
3680,000723.SZ,20230106,9.13,0.4942,0.8211,1.14,15.3881,17.5268,2.9561,1.8556,1.6302,2.1621,2.1621,432644.7467,397071.0906,238993.5111,3950046.5374,3625259.0572,0
3681,688037.SH,20230106,152.35,1.8126,2.7304,0.84,182.4241,84.347,6.8812,17.0277,11.9765,,,9261.8399,9261.8399,6148.5796,1411041.3088,1411041.3088,0
3682,603590.SH,20230106,25.59,0.3238,0.6213,0.92,27.6675,35.7782,1.4151,5.0562,5.1105,1.1466,1.1466,16000.0,16000.0,8336.764,409440.0,409440.0,0
3683,002258.SZ,20230106,18.63,0.7923,1.3472,0.99,13.9056,7.6361,2.1862,2.2962,1.4976,1.7722,1.7722,80043.7228,79746.6124,46903.2631,1491214.5558,1485679.389,0
3684,688369.SH,20230106,73.01,0.5407,0.6894,0.73,43.8026,62.7433,4.0563,5.4705,5.0214,,,7726.7683,7726.7683,6059.7683,564131.3536,564131.3536,0
3685,601107.SH,20230106,3.77,0.1435,0.6714,0.93,6.1698,7.3174,0.652,1.2675,1.3082,2.9178,2.9178,305806.0,216274.0,46233.7162,1152888.62,815352.98,0
3686,000980.SZ,20230106,4.48,2.3615,3.2093,0.76,,,7.5066,27.5215,32.4791,0.0,,506917.822,428745.1645,315492.7845,2270991.8426,1920778.337,0
3687,920198.BJ,20230106,4.68,0.1113,0.1507,2.19,17.961,,1.2208,4.9156,5.7628,,,16136.3872,6490.9431,4793.0847,75518.2921,30377.6137,0
3688,300994.SZ,20230106,20.22,2.1263,2.5087,0.94,19.1394,18.5399,3.5171,1.0587,1.3148,3.363,3.363,19424.0,6488.0,5499.0,392753.28,131187.36,0
3689,000521.SZ,20230106,4.31,2.0753,2.8972,0.51,85.532,29.2351,0.8971,0.2462,0.2277,1.1601,1.1601,102992.3715,87580.8809,62735.1085,443897.1212,377473.5967,0
3690,688509.SH,20230106,4.19,0.4357,0.5418,0.65,66.0686,83.6013,2.2261,2.0583,2.3038,,,77000.0,37629.22,30256.36,322630.0,157666.4318,0
3691,300863.SZ,20230106,98.72,10.4279,10.4279,1.62,63.4986,47.5178,7.3568,2.4174,1.9932,0.3022,0.3022,5553.621,1872.621,1872.621,548253.4651,184865.1451,0
3692,300427.SZ,20230106,18.0,0.9896,1.5244,1.31,,,3.8019,4.6699,3.6525,0.0,,36175.7316,32323.6897,20985.3048,651163.1688,581826.4146,0
3693,300743.SZ,20230106,12.14,1.3793,1.9664,0.98,64.6057,43.1515,4.1693,3.1007,2.8315,1.2338,1.2338,13836.9482,10009.191,7020.8226,167980.5511,121511.5787,0
3694,002449.SZ,20230106,8.9,3.2317,4.1266,1.1,27.1714,40.7549,1.4395,1.4461,1.5756,0.5618,0.5618,61847.7169,61244.0359,47962.0464,550444.6804,545071.9195,0
3695,002846.SZ,20230106,10.79,6.7263,13.7125,1.48,96.9491,,4.3775,1.8779,1.7743,0.0,,31842.098,22281.4993,10929.6133,343576.2374,240417.3774,1
3696,003033.SZ,20230106,44.33,2.1742,2.3051,1.32,46.0118,26.0591,3.4851,2.6601,2.3167,0.9023,0.9023,8175.0,2408.7725,2271.9625,362397.75,106780.8849,0
3697,002798.SZ,20230106,8.4,2.4156,2.8169,1.31,46.7872,,0.8787,0.5261,0.6942,2.3656,2.3656,38496.9672,26256.1286,22515.5513,323374.5245,220551.4802,0
3698,688776.SH,20230106,196.27,1.0491,1.0491,0.67,92.1669,82.7927,8.9045,25.7381,16.6851,,,7741.6728,2384.7068,2384.7068,1519458.1205,468046.4036,0
3699,603023.SH,20230106,4.04,0.629,1.3141,0.93,339.3786,291.7721,2.9686,31.9845,27.8116,0.0,,56207.9807,56207.9807,26904.8327,227080.242,227080.242,0
3700,002327.SZ,20230106,7.15,1.4066,1.8344,0.69,10.8646,10.664,1.669,1.8654,1.8696,8.3916,8.3916,82945.9027,48439.0464,37143.4431,593063.2043,346339.1818,0
3701,688305.SH,20230106,100.44,2.2822,3.1771,0.81,128.4365,157.0739,9.3186,36.9053,31.2568,,,9317.7757,4958.6,3561.901,935877.3913,498041.784,0
3702,001872.SZ,20230106,14.51,0.0649,0.5074,0.73,13.5011,12.0674,0.6878,2.3725,2.2638,2.2265,2.2265,249907.4661,174246.9043,22294.2395,3626157.3331,2528322.5814,0
3703,000877.SZ,20230106,8.87,0.5094,0.628,0.8,6.1328,11.4719,0.9394,0.4521,0.5119,3.7204,3.7204,866342.2814,165351.8947,134113.7338,7684456.036,1466671.306,0
3704,600664.SH,20230106,3.09,1.5917,2.9815,0.57,21.0329,190.4262,1.9388,0.6097,0.5979,0.0,,252587.7076,251680.8876,134357.1853,780496.0165,777693.9427,0
3705,002505.SZ,20230106,2.5,0.5345,1.148,0.56,136.1284,295.8932,3.1017,1.1141,0.8531,0.0,,637426.1088,637426.1088,296802.1556,1593565.272,1593565.272,0
3706,603085.SH,20230106,11.73,1.2447,2.2434,2.17,165.1547,757.2217,3.8474,2.734,2.9452,0.0,,39710.0,37022.5434,20542.1621,465798.3,434274.4341,0
3707,002978.SZ,20230106,34.51,1.2962,1.784,2.18,9.6428,12.3957,2.6445,6.008,7.0347,3.1875,3.1875,40100.0,9500.0,6902.0,1383851.0,327845.0,0
3708,688098.SH,20230106,8.14,0.2565,0.4662,0.84,30.332,36.8639,2.1991,9.3258,8.9712,,,41064.4,41064.4,22593.4601,334264.216,334264.216,0
3709,600297.SH,20230106,2.11,0.4231,0.8714,1.08,10.6401,22.6265,0.4125,0.108,0.1234,0.0,,811126.2925,811126.2925,393821.1213,1711476.4772,1711476.4772,0
3710,300432.SZ,20230106,15.04,2.6432,4.5426,1.27,45.9472,24.1195,3.9605,6.9031,3.2296,0.0,,121922.3766,118847.2849,69153.4575,1833712.5441,1787463.1649,0
3711,301221.SZ,20230106,42.76,3.8894,4.5929,1.47,54.0619,135.9797,1.973,9.1637,8.2552,0.9355,0.9355,9262.23,4331.73,3668.23,396052.9548,185224.7748,0
3712,002246.SZ,20230106,9.97,4.1088,7.6898,1.49,45.0403,40.8663,1.9204,2.0786,2.1658,0.4514,0.4514,54903.4794,54903.4794,29336.1431,547387.6896,547387.6896,0
3713,000952.SZ,20230106,7.52,1.681,2.0092,0.8,24.1754,47.6776,1.8056,3.1799,2.5712,0.7949,0.7949,35397.3939,30644.8512,25639.555,266188.4021,230449.281,0
3714,603215.SH,20230106,15.12,1.893,1.893,0.61,23.5452,17.1752,2.9699,1.7276,1.906,1.7725,1.7725,18666.0,4666.5,4666.5,282229.92,70557.48,0
3715,301130.SZ,20230106,29.39,3.4518,3.4518,0.84,45.653,47.5094,2.5354,8.3136,9.027,0.4423,0.4423,8080.3943,2020.0986,2020.0986,237482.7885,59370.6979,0
3716,920344.BJ,20230106,17.23,0.1009,0.3028,1.08,51.9314,73.261,3.8128,10.4104,11.3097,,,12181.0,11356.0796,3785.6277,209878.63,195665.2515,0
3717,002832.SZ,20230106,25.66,0.6837,0.8433,0.85,23.4482,19.8168,3.7228,5.384,4.9205,1.1691,1.1691,57070.7084,38941.8284,31572.3584,1464434.3775,999247.3167,0
3718,605499.SH,20230106,176.0,0.6891,1.2825,0.85,59.0143,51.6736,14.656,10.0894,8.7326,0.8523,0.8523,40001.0,7601.0,4083.7501,7040176.0,1337776.0,0
3719,600630.SH,20230106,5.5,2.7287,3.9027,1.83,,,2.0244,0.7922,0.8838,0.0,,42486.1597,42486.1597,29705.04,233673.8784,233673.8784,0
3720,600807.SH,20230106,3.45,0.8233,1.119,0.99,207.8298,,16.6077,2.3815,1.8018,0.0,,88463.4731,78701.8464,57900.8706,305198.9822,271521.3701,0
3721,601328.SH,20230106,4.81,0.1469,0.2212,0.66,4.0786,3.9208,0.433,1.326,1.278,7.3805,7.3805,7426272.6645,3925086.4015,2607243.9569,35720371.5162,18879665.5912,0
3722,600559.SH,20230106,28.24,2.3091,3.1046,1.01,66.3722,38.3755,6.2207,6.4146,5.4807,0.5312,0.5312,91474.7444,89728.7444,66739.3412,2583246.7819,2533939.7419,0
3723,300420.SZ,20230106,2.75,0.7106,0.8092,0.9,,,1.2777,1.9731,2.1006,0.0,,111638.3561,106466.1953,93487.828,307005.4793,292782.0371,0
3724,600466.SH,20230106,1.18,3.035,3.7071,1.02,,,,0.178,0.178,0.0,,303493.0435,303493.0435,248473.3174,358121.7913,358121.7913,0
3725,300639.SZ,20230106,17.32,0.6683,1.0926,0.71,8.9331,4.4953,1.6275,2.8479,1.541,1.3391,1.3391,43951.6016,43191.5043,26416.3218,761241.7397,748076.8545,0
3726,688382.SH,20230106,14.71,3.4241,3.4241,0.86,,,3.6703,,152.9521,,,57500.0,9949.3017,9949.3017,845825.0,146354.228,0
3727,301258.SZ,20230106,40.8,4.3175,4.3175,0.96,31.1156,23.2081,2.0366,7.1692,6.596,0.9804,0.9804,9167.0,2292.0,2292.0,374013.6,93513.6,0
3728,688100.SH,20230106,24.29,1.586,2.11,1.48,35.5704,32.1832,4.4061,6.6525,6.0363,,,50000.0,16695.2867,12548.7192,1214500.0,405528.5139,0
3729,600596.SH,20230106,15.81,1.7352,2.1817,1.88,6.824,4.6202,1.5768,0.9546,0.7615,2.259,2.259,114574.654,102926.654,81859.183,1811425.2797,1627270.3997,0
3730,300961.SZ,20230106,10.54,0.7399,1.0347,0.96,47.8696,323.1375,1.7655,3.4038,3.6977,0.2182,0.2182,17728.0,12296.3769,8793.045,186853.12,129603.8125,0
3731,600519.SH,20230106,1803.77,0.1982,0.4527,0.88,43.1926,38.0223,12.6455,21.3381,19.0879,2.4163,2.4163,125619.78,125619.78,55009.3757,226589190.5706,226589190.5706,0
3732,300296.SZ,20230106,5.8,0.875,0.9402,1.69,24.0148,28.1046,1.8306,1.6572,1.6688,0.8614,0.8614,252939.6015,207172.1603,192797.0103,1467049.6887,1201598.5297,0
3733,002817.SZ,20230106,8.78,2.8195,4.7876,0.97,46.1625,42.1672,3.1228,6.9127,6.5169,0.6508,0.6508,29909.817,29003.9295,17080.9722,262608.1933,254654.501,0
3734,603876.SH,20230106,46.53,2.3699,4.9829,1.78,53.0663,19.0103,3.8832,1.2561,1.0397,0.4292,0.4292,49045.9198,48667.8498,23146.7212,2282106.6483,2264515.0512,0
3735,603611.SH,20230106,16.76,0.8564,1.3714,0.86,14.916,12.5944,1.9907,0.7607,0.7106,3.1639,3.1639,26718.4734,26718.4734,16683.9491,447801.6142,447801.6142,0
3736,688053.SH,20230106,65.28,1.1222,1.1222,0.44,67.2569,60.8985,3.9492,29.3977,24.8836,,,10000.0,2187.4776,2187.4776,652800.0,142798.5377,0
3737,601229.SH,20230106,5.96,0.1011,0.1584,0.72,3.8413,3.7523,0.4314,1.5058,1.5,6.7114,6.7114,1420666.2988,1384761.227,883673.8043,8467171.1408,8253176.9129,0
3738,603160.SH,20230106,51.67,0.4058,0.7385,0.85,27.5243,163.2565,2.793,4.143,5.7819,0.4227,0.4227,45807.4341,45799.3141,25169.6765,2366870.1199,2366450.5595,0
3739,301217.SZ,20230106,12.75,1.3712,1.3712,1.13,28.7615,33.9181,1.8845,2.5896,2.8036,1.1765,1.1765,82901.5544,20312.9741,20312.9741,1056994.8186,258990.4198,0
3740,300419.SZ,20230106,5.4,1.2002,1.4121,0.72,,,3.4015,3.2177,2.4565,0.0,,36775.377,36775.1895,31257.1895,198587.0358,198586.0233,0
3741,301073.SZ,20230106,67.71,2.9578,3.6382,0.91,237.7598,301.3319,9.0534,31.6295,28.0348,0.4588,0.4588,12963.4031,4795.008,3898.3126,877752.0239,324669.9917,0
3742,603991.SH,20230106,36.47,0.161,0.2205,0.19,,,8.8369,21.2141,27.6959,0.0,,7453.4998,7453.4998,5441.0548,271829.1377,271829.1377,0
3743,000803.SZ,20230106,12.59,2.6024,3.3664,1.35,55.0467,26.8594,3.0837,5.3604,2.6961,0.0,,35199.4105,28334.2488,21904.1894,443160.5782,356728.1924,0
3744,688105.SH,20230106,56.15,0.8933,1.3071,0.6,33.1135,25.5871,4.716,12.0198,7.7853,,,40001.0,16666.1612,11389.9762,2246056.15,935804.9514,0
3745,601868.SH,20230106,2.31,0.8332,0.8332,0.9,14.8071,13.1542,1.0781,0.2988,0.2717,0.974,0.974,4169116.3636,1422250.0963,1422250.0963,9630658.7999,3285397.7225,0
3746,600779.SH,20230106,83.7,1.9455,5.2814,1.02,34.0895,32.6039,12.4197,8.8249,8.209,0.8945,0.8945,48836.1398,48836.1398,17989.5178,4087584.9013,4087584.9013,0
3747,601456.SH,20230106,11.25,3.2067,3.2067,0.75,35.8497,36.3972,1.9097,10.7386,10.7353,0.8889,0.8889,283177.3168,98897.4314,98897.4314,3185744.814,1112596.1033,0
3748,002664.SZ,20230106,13.7,1.1129,1.5178,2.3,27.123,33.2805,1.8291,1.6489,1.5672,0.438,0.438,40388.0,39563.4913,29008.2975,553315.6,542019.8308,0
3749,603301.SH,20230106,38.36,1.2095,2.5279,0.92,17.1534,17.9829,1.9045,2.0074,1.8836,1.3337,1.3337,26645.1202,22720.4736,10870.3136,1022106.8109,871557.3673,0
3750,300377.SZ,20230106,8.64,1.9906,2.2521,1.21,24.6964,105.7397,2.2191,6.3017,5.2566,1.158,1.158,75116.508,66838.8007,59077.0602,649006.6291,577487.238,0
3751,000517.SZ,20230106,3.1,0.8146,2.7459,0.99,9.0858,7.7438,1.0411,0.5429,0.5861,5.1613,5.1613,318392.2485,249658.0466,74060.0171,987015.9704,773939.9445,0
3752,002546.SZ,20230106,3.74,0.753,1.2839,1.08,13.9731,26.2566,0.9762,6.7108,5.3387,3.2086,3.2086,83404.9096,78884.0596,46265.3928,311934.3619,295026.3829,0
3753,300899.SZ,20230106,20.3,1.3109,1.5505,0.82,26.9395,39.3221,1.997,5.6808,7.5662,1.6256,1.6256,6378.3466,3181.7702,2690.1393,129480.436,64589.9351,0
3754,600497.SH,20230106,4.99,0.9301,1.5047,1.21,43.4716,28.3327,1.6252,1.1699,1.164,2.4048,2.4048,509129.1568,509129.1568,314714.8784,2540554.4924,2540554.4924,0
3755,002917.SZ,20230106,13.41,5.7186,8.3563,1.21,116.8311,113.7754,3.1486,5.7189,3.9178,0.4474,0.4474,34761.4197,25654.9617,17556.9217,466150.6382,344033.0364,0
3756,002641.SZ,20230106,4.53,0.9515,2.2457,1.13,9.6994,19.8232,1.1051,0.63,0.6682,1.5894,1.5894,123515.3866,113437.5849,48064.3471,559524.7013,513872.2596,0
3757,600127.SH,20230106,7.64,1.4219,1.8075,1.13,,,7.2846,0.7311,0.7172,0.0,,64178.3218,64178.3218,50485.0967,490322.3786,490322.3786,0
3758,601011.SH,20230106,3.5,0.571,0.8246,0.98,44.3297,48.0804,0.8743,1.8736,1.8107,0.0,,191566.4539,191566.4539,132642.1449,670482.5887,670482.5887,0
3759,300129.SZ,20230106,7.59,2.155,2.2979,1.29,27.4466,32.2952,1.806,1.8418,1.9542,0.7905,0.7905,93489.9232,57937.4636,54334.0708,709588.5171,439745.3487,0
3760,600185.SH,20230106,10.35,5.5458,10.0646,0.71,60.8621,,2.2164,2.7351,5.247,0.9662,0.9662,188500.5795,188500.5795,103867.4415,1950980.9978,1950980.9978,0
3761,600738.SH,20230106,7.15,1.0036,2.0118,0.49,35.1608,37.511,2.8036,8.4702,7.0359,0.9657,0.9657,76133.5236,76066.6196,37944.0435,544354.6937,543876.3301,0
3762,603999.SH,20230106,5.69,1.4507,3.4409,0.53,38.5327,38.188,1.7264,2.6815,2.6178,0.7909,0.7909,57600.0,57600.0,24285.4056,327744.0,327744.0,0
3763,600751.SH,20230106,2.32,0.3982,0.5959,1.0,2.1838,2.0694,0.9411,0.0392,,0.0,,289933.7783,257318.9052,171974.5767,672646.3657,596979.8601,0
3764,920270.BJ,20230106,13.13,0.2163,0.217,0.84,15.9235,12.6228,1.5971,3.0149,3.433,,,4359.0,910.56,907.5578,57233.67,11955.6528,0
3765,002622.SZ,20230106,3.77,1.1492,1.5447,1.01,,,3.7468,18.838,6.3002,0.0,,84000.0,83997.525,62491.4284,316680.0,316670.6693,0
3766,002916.SZ,20230106,73.75,0.289,0.8158,1.17,25.5462,23.1223,3.2086,2.7129,2.5779,1.2881,1.2881,51287.7535,50809.7849,18002.9179,3782471.8206,3747221.6364,0
3767,600576.SH,20230106,7.42,3.9241,5.8907,0.52,437.0766,628.3951,2.6573,32.1121,32.4176,0.0,,106732.4206,61940.2409,41261.4151,791954.5609,459596.5875,0
3768,002792.SZ,20230106,11.03,0.7931,1.0176,1.0,107.847,154.1018,1.6119,3.1979,3.5709,0.1813,0.1813,40205.6966,24163.6121,18832.6945,443468.8335,266524.6415,0
3769,603040.SH,20230106,18.52,1.0595,2.3329,2.04,17.7914,16.1865,2.3695,5.7963,5.3606,1.5928,1.5928,13522.2509,13398.9109,6085.3609,250432.0867,248147.8299,0
3770,300617.SZ,20230106,37.15,1.2194,1.6521,1.81,31.2412,33.3092,2.4292,7.7473,9.0533,1.3459,1.3459,16799.6636,10426.5386,7695.6286,624107.5027,387345.909,0
3771,600863.SH,20230106,3.58,0.6904,1.3988,1.07,51.6667,12.9389,1.6349,1.2341,1.0156,2.7933,2.7933,652688.7811,652688.7811,322141.4008,2336625.8363,2336625.8363,0
3772,301159.SZ,20230106,28.24,7.238,7.238,0.79,39.5783,,2.6594,6.8303,7.4441,0.2833,0.2833,7735.0,1935.0,1935.0,218436.4,54644.4,0
3773,688659.SH,20230106,18.59,10.9621,10.9621,1.85,42.2217,67.097,4.5707,5.9251,5.4113,,,16000.0,8596.688,8596.688,297440.0,159812.4299,0
3774,301021.SZ,20230106,27.5,5.19,6.9859,1.91,55.6216,132.1731,4.211,10.6568,12.3264,0.4367,0.4367,15151.1482,6996.1482,5197.6582,416656.5755,192394.0755,0
3775,300102.SZ,20230106,6.42,0.5724,0.716,0.66,31.0481,11803.1725,1.4117,3.087,3.5595,0.2335,0.2335,90357.9111,90146.1261,72074.5429,580097.7893,578738.1296,0
3776,300088.SZ,20230106,6.13,1.0524,1.3081,1.46,16.6423,21.8735,1.8519,2.1442,2.1154,0.8157,0.8157,245491.68,244268.9568,196505.9843,1504863.9984,1497368.7052,0
3777,002261.SZ,20230106,7.05,2.2544,2.5756,0.77,107.2773,90.6898,2.4337,3.9697,3.5021,0.0,,125582.7674,111592.9088,97675.9967,885358.5102,786730.007,0
3778,000719.SZ,20230106,9.52,2.8564,4.6595,1.38,9.9897,9.6993,0.9935,1.0518,1.0975,3.4664,3.4664,102320.3749,66714.7543,40897.2065,974089.969,635124.4609,1
3779,300568.SZ,20230106,23.37,3.3193,3.5412,1.34,105.8075,45.4584,3.5921,16.0881,11.3439,0.1284,0.1284,128080.6267,102088.9581,95693.5233,2993244.246,2385818.9508,0
3780,603068.SH,20230106,29.08,1.5725,2.611,0.94,75.2471,,2.3209,4.0176,5.3729,0.6878,0.6878,15127.9966,15042.4966,9059.2353,439922.1411,437435.8011,0
3781,000882.SZ,20230106,1.81,1.7601,2.781,0.49,,,0.6999,4.0676,3.7885,0.0,,273735.1947,273734.8016,173251.0601,495460.7024,495459.9909,0
3782,001238.SZ,20230106,29.18,26.5442,26.5442,1.81,29.8425,41.7669,2.9413,2.5886,2.2773,,,11000.0,2750.0,2750.0,320980.0,80245.0,0
3783,600493.SH,20230106,5.92,5.0521,7.5426,0.97,21.9994,59.1983,1.9145,1.2368,1.2663,1.3649,1.3649,27200.0,27200.0,18218.6406,161024.0,161024.0,0
3784,920489.BJ,20230106,6.0,0.3533,0.3533,1.43,13.1594,12.3699,1.6194,1.7076,1.4685,,,13645.92,8418.3902,8418.3902,81875.52,50510.3412,0
3785,300797.SZ,20230106,15.59,0.7622,2.4771,1.63,47.2207,45.047,4.4131,5.6662,5.337,0.6368,0.6368,25501.0,24820.0,7636.6983,397560.59,386943.8,0
3786,600537.SH,20230106,5.95,5.6472,7.2078,3.11,,,2.9748,1.7382,0.9903,0.0,,119285.9268,117635.9268,92166.3054,709751.2645,699933.7645,0
3787,301333.SZ,20230106,97.02,7.1105,7.1105,1.45,58.6596,51.768,3.736,9.5676,9.178,0.0,,6000.0,1500.0,1500.0,582120.0,145530.0,0
3788,688368.SH,20230106,121.0,1.7358,5.425,1.63,11.2358,,4.6685,3.3059,5.9264,,,6290.378,6290.378,2012.6645,761135.738,761135.738,0
3789,301200.SZ,20230106,40.08,2.2325,2.2325,1.28,24.0861,25.9901,2.9484,4.1253,5.0108,0.998,0.998,42000.0,4200.0,4200.0,1683360.0,168336.0,0
3790,002372.SZ,20230106,23.13,0.683,1.7797,1.21,30.1022,30.1991,7.7687,5.7651,5.6443,2.594,2.594,159211.2988,145852.9652,55977.7421,3682557.3412,3373579.0851,0
3791,300002.SZ,20230106,4.52,1.3517,1.3855,0.86,23.0526,15.9546,1.8841,2.0546,1.9344,0.5531,0.5531,196109.1984,176494.8069,172190.0296,886413.5768,797756.5272,0
3792,002063.SZ,20230106,7.78,0.9102,1.1949,0.56,40.4449,39.8947,4.1952,6.4489,5.8409,0.5356,0.5356,158758.0,146217.9456,111371.3928,1235137.24,1137575.6168,0
3793,300311.SZ,20230106,6.37,2.1471,2.4152,0.78,,264.7859,5.0815,6.1714,5.7157,0.0,,67363.015,53510.534,47571.0087,429102.4056,340862.1016,0
3794,003009.SZ,20230106,40.75,1.4371,1.4371,0.82,51.7539,56.9855,4.3808,6.2382,5.5861,0.1939,0.1939,15539.2313,4401.2667,4401.2667,633223.6755,179351.618,0
3795,002689.SZ,20230106,4.86,6.3985,13.168,0.73,389.9592,,3.9223,5.2308,5.4059,0.0,,104331.0725,104079.6524,50573.8554,507049.0124,505827.1107,0
3796,600578.SH,20230106,3.27,0.1404,0.5218,0.95,,,1.0498,0.9843,0.7539,0.0,,669374.3851,669374.3851,180155.9609,2188854.2393,2188854.2393,0
3797,300685.SZ,20230106,26.8,0.4842,0.7469,0.41,44.5399,37.157,7.2019,11.636,12.2572,0.476,0.476,39815.6535,39758.7005,25776.088,1067059.5138,1065533.1734,0
3798,600621.SH,20230106,10.49,0.6953,1.6267,0.99,22.4953,44.1785,1.5177,85.3919,99.9148,1.3346,1.3346,106089.9292,106089.9292,45346.5504,1112883.3573,1112883.3573,0
3799,688090.SH,20230106,25.97,1.6189,2.0943,1.42,63.0344,77.7896,1.8293,1.8301,1.6297,,,6736.0588,4627.09,3576.6092,174935.447,120165.5273,0
3800,300404.SZ,20230106,7.87,2.6012,2.9519,1.06,74.5568,107.3744,3.419,8.9417,7.4746,0.1815,0.1815,36835.2343,26940.9596,23740.1749,289893.2939,212025.3521,0
3801,601155.SH,20230106,22.49,1.4752,4.4976,1.35,4.0267,5.0411,0.828,0.3015,0.4197,0.0,,225562.2856,225562.2856,73982.2856,5072895.8031,5072895.8031,0
3802,603366.SH,20230106,6.34,2.0045,5.1391,1.07,24.4897,31.5055,1.4566,1.2375,1.2858,1.2333,1.2333,82086.9546,80613.9761,31444.2455,520431.2922,511092.6085,0
3803,601677.SH,20230106,16.68,2.5757,3.1995,1.32,8.7346,9.1405,1.3797,0.6572,0.5468,1.1941,1.1941,96981.2678,96981.2678,78072.751,1617647.5469,1617647.5469,0
3804,300379.SZ,20230106,21.67,2.0769,2.1212,0.87,40.2387,342.2304,4.8149,11.566,13.0115,0.4146,0.4146,46069.8732,43314.1793,42409.4087,998334.1522,938618.2654,0
3805,000836.SZ,20230106,3.03,15.3138,18.9386,5.02,561.6469,52.6937,2.7397,2.5614,2.6793,0.0,,120845.5224,120826.8324,97700.8485,366161.9329,366105.3022,0
3806,001289.SZ,20230106,19.6,7.7836,7.7836,1.62,25.653,24.0081,2.5669,4.4153,3.9215,0.75,0.75,838196.3164,13333.6024,13333.6024,16428647.8014,261338.607,0
3807,000685.SZ,20230106,7.01,0.3264,0.6356,1.14,7.0553,10.6324,0.6722,4.3618,4.3659,4.2796,4.2796,147511.1351,125322.9908,64348.6792,1034053.0571,878514.1655,0
3808,002986.SZ,20230106,21.94,0.6298,0.7909,0.72,35.5028,14.5765,2.069,1.5633,0.8675,0.317,0.317,22815.14,14925.89,11885.254,500564.1716,327474.0266,0
3809,300268.SZ,20230106,23.94,3.5662,5.094,0.98,,,,0.9071,0.801,0.0,,17420.0,13358.8181,9352.2262,417034.8,319810.1053,0
3810,600202.SH,20230106,5.29,1.154,1.7493,0.99,30.6571,42.9603,2.5137,2.3779,2.2635,0.0,,38334.0672,38334.0672,25289.1287,202787.2155,202787.2155,0
3811,600675.SH,20230106,2.98,0.5549,1.9426,1.55,22.5592,,1.2317,1.893,5.398,1.7639,1.7639,609613.5252,609613.5252,174128.066,1816648.3051,1816648.3051,0
3812,603018.SH,20230106,7.67,0.9383,1.0075,1.24,8.4834,8.0053,1.2962,0.9008,0.8676,3.3898,3.3898,68378.0952,66862.0952,62269.4944,524459.9902,512832.2702,0
3813,301187.SZ,20230106,17.35,3.0776,3.0776,0.98,27.3265,21.0171,2.2182,2.4102,2.4637,2.8818,2.8818,18260.7661,4565.2,4565.2,316824.2918,79206.22,0
3814,002795.SZ,20230106,9.33,3.7285,5.1389,0.9,154.2366,101.2234,3.3932,2.8573,2.6513,0.0,,30885.197,24182.697,17545.9154,288158.888,225624.563,0
3815,300575.SZ,20230106,22.22,1.378,1.565,1.06,32.2522,17.8181,3.5809,3.1419,2.4178,0.9001,0.9001,31005.9,22444.0505,19763.3655,688951.098,498706.8021,0
3816,300247.SZ,20230106,3.55,1.4773,1.8484,0.81,117.9327,21.6046,2.8252,5.4213,5.8326,0.0,,80404.0313,80327.5313,64198.6409,285434.3111,285162.7361,0
3817,603038.SH,20230106,7.6,1.1137,2.0536,0.88,72.7522,,1.1791,1.3552,1.5524,0.9211,0.9211,20667.4697,20667.4697,11208.7197,157072.7697,157072.7697,0
3818,002030.SZ,20230106,15.9,0.5981,0.8875,0.87,6.1674,3.7164,2.0578,2.9115,1.9638,6.9811,6.9811,140344.6032,136131.0934,91741.703,2231479.1909,2164484.3851,0
3819,600157.SH,20230106,1.53,0.8563,1.0459,0.91,31.9455,17.9912,0.7785,1.2553,0.9573,0.0,,2221776.4145,2221776.4145,1819047.1763,3399317.9142,3399317.9142,0
3820,001208.SZ,20230106,10.05,2.6665,4.6407,2.19,39.9126,48.6148,3.704,2.1119,1.8527,0.2985,0.2985,53442.4,24962.88,14343.2157,537096.12,250876.944,0
3821,002772.SZ,20230106,8.36,1.9223,2.9604,0.72,61.9696,15.3198,1.0473,2.189,1.7541,1.1534,1.1534,40745.7329,40287.2364,26160.3993,340634.327,336801.2963,0
3822,603212.SH,20230106,34.05,9.7673,13.0617,2.4,88.1541,54.124,5.002,4.9695,3.6164,0.3369,0.3369,44036.2036,29272.2612,21889.196,1499432.7326,996720.4939,0
3823,002394.SZ,20230106,7.77,8.814,16.3832,1.26,13.8214,36.5876,0.6469,0.6454,0.6769,0.0,,32370.0,32314.7474,17384.9174,251514.9,251085.5873,0
3824,002723.SZ,20230106,12.99,6.7415,11.0491,1.45,229.7141,160.6119,3.307,3.1295,2.8485,0.0,,31813.5676,30852.2565,18824.3016,413258.2431,400770.8119,-1
3825,300050.SZ,20230106,3.88,1.9876,2.4477,0.65,,,2.188,5.7658,6.1588,0.0,,56003.6718,50943.5187,41369.0487,217294.2466,197660.8526,0
3826,603819.SH,20230106,15.76,1.292,2.7735,3.53,106.0836,70.2603,4.1106,2.3799,2.2104,0.2855,0.2855,21773.0187,21773.0187,10142.6187,343142.7747,343142.7747,0
3827,000612.SZ,20230106,5.26,0.7178,1.0948,1.4,15.8111,28.1588,1.1718,1.2751,1.0444,1.711,1.711,119219.9394,119078.2269,78079.3802,627096.8812,626351.4735,0
3828,301101.SZ,20230106,62.5,2.1284,2.1284,1.41,102.277,73.2249,5.9113,14.5879,13.5342,0.848,0.848,13434.14,4977.54,4977.54,839633.75,311096.25,0
3829,605337.SH,20230106,22.35,3.9226,3.9226,1.17,25.8336,30.4568,4.0777,4.6139,4.5944,1.4382,1.4382,30340.8,11872.5432,11872.5432,678116.88,265351.3405,0
3830,300239.SZ,20230106,7.51,1.4577,1.8726,0.68,122.189,40.3347,2.9584,7.2823,4.9208,0.0799,0.0799,59360.2983,51408.9194,40017.3968,445795.8402,386080.9847,0
3831,601333.SH,20230106,2.17,0.7914,1.4799,1.18,,,0.5837,0.7607,0.7498,0.0,,708353.7,565223.7,302278.57,1537127.529,1226535.429,0
3832,688678.SH,20230106,21.12,2.96,2.96,1.61,29.9753,26.6216,2.588,5.0395,4.1408,,,17335.0,8997.1138,8997.1138,366115.2,190019.0435,0
3833,301391.SZ,20230106,93.93,4.8178,4.8178,1.18,59.3681,52.9265,3.1773,10.9664,10.1953,,,6800.0,1510.5208,1510.5208,638724.0,141883.2187,0
3834,300583.SZ,20230106,22.94,0.6671,1.7578,1.01,67.7467,53.404,1.4245,2.0395,1.9568,0.0654,0.0654,10692.2067,10438.6942,3961.2822,245279.2217,239463.6449,0
3835,300636.SZ,20230106,14.35,0.8705,1.1637,0.57,61.9483,56.4257,4.0036,8.4868,7.2577,0.2584,0.2584,35019.0483,28958.4134,21660.4401,502523.3431,415553.2323,0
3836,002952.SZ,20230106,16.44,2.7261,7.5535,1.05,58.7629,28.6415,3.0975,4.4261,3.3232,0.9732,0.9732,16434.0,13063.4282,4714.7042,270174.96,214762.7596,0
3837,601969.SH,20230106,7.27,0.8467,2.0717,0.44,16.9147,29.9141,2.3376,3.5908,3.129,0.0,,203449.6729,202170.1729,82630.6617,1479079.122,1469777.157,0
3838,603948.SH,20230106,22.48,0.9439,1.7173,1.15,12.5979,7.9617,1.8803,1.3051,1.2569,2.4085,2.4085,16253.0,7505.2847,4125.003,365367.44,168718.8001,0
3839,002796.SZ,20230106,9.19,3.4788,5.0386,0.95,,,2.7576,1.787,2.016,0.0,,25242.6948,23183.5783,16006.9461,231980.3652,213057.0846,0
3840,600655.SH,20230106,7.56,0.2565,0.61,1.1,7.637,9.9491,0.8639,0.5774,0.5642,4.5946,4.5946,389993.0914,388752.4715,163454.787,2948347.771,2938968.6845,0
3841,600307.SH,20230106,1.67,0.2513,0.5559,0.63,7.0311,,0.8532,0.2149,0.2335,0.0,,626335.7424,626335.7424,283175.6474,1045980.6898,1045980.6898,0
3842,601006.SH,20230106,6.58,0.2311,0.6284,1.22,8.0307,7.6792,0.7838,1.2433,1.2257,7.2948,7.2948,1486694.5907,1486694.5907,546646.5327,9782450.4068,9782450.4068,0
3843,603828.SH,20230106,3.37,0.7389,1.2044,0.68,,,1.6995,0.798,0.8754,0.0,,61046.0158,59593.9625,36559.0748,205725.0732,200831.6536,0
3844,603955.SH,20230106,20.01,1.6318,2.8335,1.48,46.33,103.8266,1.6773,4.8808,7.2544,0.0,,13572.0,13572.0,7815.9521,271575.72,271575.72,0
3845,002763.SZ,20230106,7.76,1.3361,2.0124,0.8,11.523,17.8164,1.5401,1.1639,1.2278,0.0,,40992.4,20207.3525,13416.5025,318101.024,156809.0554,0
3846,603711.SH,20230106,14.3,0.542,3.4119,0.75,26.3932,54.33,2.0734,1.6945,1.9433,1.1888,1.1888,41074.58,41074.58,6524.846,587366.494,587366.494,0
3847,600982.SH,20230106,4.3,0.5557,1.1543,1.11,10.1487,9.476,1.2502,0.6952,0.4457,3.9535,3.9535,111776.8211,109694.9502,52808.9394,480640.3307,471688.2859,0
3848,300921.SZ,20230106,18.26,2.7219,3.2101,0.81,38.2402,39.0523,2.8962,4.1653,4.2474,1.2608,1.2608,13155.777,6154.137,5218.137,240224.488,112374.5416,0
3849,920275.BJ,20230106,3.26,0.1379,0.271,3.85,13.0571,21.8379,2.2718,3.8085,3.5871,,,16027.76,8893.9645,4524.0129,52250.4976,28994.3243,0
3850,300953.SZ,20230106,87.51,5.2688,5.2688,2.33,52.8459,48.0618,3.7048,2.9645,1.7601,0.1894,0.1894,10278.285,4558.0,4558.0,899452.7204,398870.58,0
3851,600246.SH,20230106,6.57,1.1378,2.7246,0.77,73.0144,,2.214,16.5929,32.4178,0.0,,205400.9302,205400.9302,85777.9441,1349484.1114,1349484.1114,0
3852,600739.SH,20230106,12.68,0.3478,0.5897,1.22,8.9828,13.1739,0.6726,1.0557,1.1538,1.735,1.735,152970.9816,152970.9816,90219.7439,1939672.0467,1939672.0467,0
3853,300790.SZ,20230106,16.52,0.8052,1.2547,0.57,23.0365,49.8853,3.1445,2.7113,3.0259,0.8037,0.8037,33838.0666,25007.9318,16049.6485,559004.8602,413131.0333,0
3854,300054.SZ,20230106,21.75,1.1746,1.2966,1.3,96.5303,57.6217,5.0434,8.7488,7.7485,0.0905,0.0905,94764.4165,73684.062,66752.0387,2061126.0589,1602628.3485,0
3855,601258.SH,20230106,1.09,0.4951,0.6392,0.76,12.4113,85.9197,0.965,0.3893,0.4034,0.0,,1022722.507,1022722.507,792171.733,1114767.5326,1114767.5326,0
3856,688049.SH,20230106,27.94,0.6432,0.6432,1.09,40.6048,49.7011,1.9317,6.4771,7.9437,,,12200.0,8966.54,8966.54,340868.0,250525.1276,0
3857,301069.SZ,20230106,28.42,1.8825,2.6503,1.26,61.8195,49.6986,8.7411,13.5911,11.5093,0.8797,0.8797,42064.0,14044.0,9975.26,1195458.88,399130.48,0
3858,688130.SH,20230106,43.25,2.584,2.584,0.59,37.2161,51.3036,2.1666,16.6005,18.7116,,,6656.0,1483.5806,1483.5806,287872.0,64164.861,0
3859,688319.SH,20230106,14.73,0.3517,0.4345,0.48,55.2923,84.7133,6.7296,12.254,10.4151,,,40526.5,28605.495,23154.9115,596955.345,421358.9414,0
3860,688395.SH,20230106,19.0,0.6888,0.8203,1.01,22.3264,29.0882,2.4056,3.6682,4.6419,,,8600.0,3800.852,3191.74,163400.0,72216.188,0
3861,600963.SH,20230106,6.2,5.159,7.7449,2.51,37.5273,26.9748,1.2366,1.4272,1.3182,1.8712,1.8712,180421.3109,176505.3163,117571.5103,1118612.1276,1094332.9611,0
3862,600599.SH,20230106,15.8,5.4497,11.1671,1.7,36.4437,32.5421,3.4141,9.0684,7.7659,0.0,,16600.0,16600.0,8101.0515,262280.0,262280.0,0
3863,600284.SH,20230106,6.96,0.7887,1.2519,1.04,12.626,10.6203,0.9577,0.5926,0.5204,2.8017,2.8017,97025.6,97025.6,61126.3687,675298.176,675298.176,0
3864,000651.SZ,20230106,34.1,0.5533,0.7205,0.95,8.3261,7.4653,2.0063,1.0222,0.9737,8.6497,8.6497,563140.5741,558748.9552,429108.6559,19203093.5768,19053339.3723,0
3865,300931.SZ,20230106,6.87,0.9826,0.9826,0.68,34.8239,59.6924,2.1079,3.4963,3.3628,1.4556,1.4556,24014.6,10444.3,10444.3,164980.302,71752.341,0
3866,002809.SZ,20230106,9.77,1.2216,1.692,0.87,18.104,24.0989,1.3674,1.3155,1.8644,1.0216,1.0216,20893.3682,13627.1666,9838.3859,204128.2073,133137.4177,0
3867,688103.SH,20230106,63.82,1.2708,1.418,1.36,83.39,75.6942,6.225,11.9591,9.407,,,9539.0,6175.76,5534.6719,608778.98,394137.0032,0
3868,600826.SH,20230106,9.08,0.8498,1.8025,1.63,40.3129,133.2312,1.4279,5.2301,8.9777,1.2445,1.2445,53276.1055,41748.2448,19682.3528,483747.0379,379074.0628,0
3869,002182.SZ,20230106,20.49,2.3588,3.0038,0.86,26.8735,16.3882,3.394,1.6319,1.3836,0.488,0.488,64642.2538,55718.9836,43755.0707,1324519.7804,1141681.974,0
3870,001209.SZ,20230106,15.54,32.0271,32.0271,2.88,20.0358,62.2746,1.633,1.591,1.5322,0.0,,13152.272,3716.7626,3716.7626,204386.3069,57758.4908,0
3871,601200.SH,20230106,8.96,0.2248,0.5167,0.78,14.6419,19.5625,0.9851,1.4154,1.7214,1.1161,1.1161,112185.8543,112185.8543,48804.1723,1005185.2545,1005185.2545,0
3872,300866.SZ,20230106,61.15,1.0147,1.0147,0.85,25.3156,21.3082,3.8344,1.9765,1.816,1.3083,1.3083,40642.7207,15124.0045,15124.0045,2485302.3708,924832.8752,0
3873,002109.SZ,20230106,5.07,0.254,0.8291,0.89,9.911,10.0439,1.1148,1.8816,1.6811,2.9586,2.9586,105294.4789,105294.4789,32251.4745,533843.008,533843.008,0
3874,300035.SZ,20230106,21.45,2.8394,3.0601,1.85,42.454,28.6833,3.1324,7.072,3.4093,0.6993,0.6993,72331.0765,63534.2938,58952.6062,1551501.5909,1362810.602,0
3875,688128.SH,20230106,18.28,0.6492,3.5278,1.57,23.4693,22.2378,2.8961,2.17,2.1118,,,40450.0,40450.0,7443.6392,739426.0,739426.0,0
3876,300137.SZ,20230106,5.74,0.4605,0.466,0.77,43.9582,130.3629,1.5189,2.8173,3.1162,1.7141,1.7141,54537.401,48159.0604,47592.3124,313044.6817,276433.0067,0
3877,603890.SH,20230106,9.53,0.4577,0.6819,0.73,13.6687,15.2645,1.5613,1.0486,1.0179,1.0443,1.0443,43903.9005,43903.9005,29465.8125,418404.1718,418404.1718,0
3878,601827.SH,20230106,6.55,0.2974,0.4873,0.73,8.8769,10.9627,1.1813,1.8715,1.941,3.3893,3.3893,167826.8,79974.1,48803.7592,1099265.54,523830.355,0
3879,301267.SZ,20230106,73.88,2.3702,2.3702,0.64,90.9454,80.1894,8.2762,13.5009,12.5488,,,56000.0,5633.6329,5633.6329,4137280.0,416212.7987,0
3880,300514.SZ,20230106,11.03,1.7217,2.524,1.13,38.3222,20.5427,3.1317,2.5476,1.9605,0.9066,0.9066,20000.0,15399.2,10504.51,220600.0,169853.176,0
3881,600825.SH,20230106,3.85,0.8058,1.661,0.92,120.4109,640.6111,1.5516,3.1323,3.4578,0.2597,0.2597,104488.785,104488.785,50686.785,402281.8223,402281.8223,0
3882,688202.SH,20230106,228.09,1.8065,2.7786,0.92,70.3261,52.3191,12.8623,17.0036,12.2421,,,8701.6704,5943.1009,3863.931,1984764.0015,1355561.8843,0
3883,000633.SZ,20230106,8.31,1.6095,2.3504,2.14,956.895,400.332,18.3121,19.4475,14.7812,0.0,,38510.6373,38510.3523,26371.1248,320023.396,320021.0276,0
3884,002757.SZ,20230106,11.69,2.2709,4.0905,1.09,11.8541,13.9536,1.4933,1.2438,1.2424,3.4217,3.4217,29545.5913,27980.4293,15533.9087,345387.9623,327091.2185,0
3885,002621.SZ,20230106,4.27,5.0777,11.4695,0.81,,,4.187,10.4364,17.3519,0.0,,82223.793,79768.4672,35314.3938,351095.5961,340611.3549,0
3886,002007.SZ,20230106,22.46,1.5405,2.4813,0.63,31.5462,35.8571,4.0102,9.2366,8.7601,0.8905,0.8905,182436.6726,157184.0424,97587.594,4097527.6666,3530353.5923,0
3887,301367.SZ,20230106,227.09,5.3467,5.3467,1.09,99.7641,49.0062,5.8229,21.9377,11.8805,,,6400.0,1517.4395,1517.4395,1453376.0,344595.3361,0
3888,002325.SZ,20230106,1.98,1.4408,1.582,0.95,,,1.0008,1.3425,1.9267,0.0,,175651.4205,143286.9039,130492.9901,347789.8126,283708.0697,0
3889,002084.SZ,20230106,4.54,2.8848,4.895,0.71,34.513,46.9619,1.5421,0.7162,0.8121,0.0,,65085.9649,64741.1194,38153.7037,295490.2806,293924.6821,0
3890,300072.SZ,20230106,4.51,1.9275,2.9893,1.25,127.8135,50.7619,1.401,1.8428,1.4505,0.1109,0.1109,234972.0302,232989.5731,150235.4448,1059723.8562,1050782.9747,0
3891,000825.SZ,20230106,4.35,0.2667,0.7271,1.14,3.9515,47.4073,0.6986,0.2458,0.2481,1.3708,1.3708,573171.7796,569615.2156,208969.7822,2493297.2413,2477826.1879,0
3892,300332.SZ,20230106,12.18,0.702,0.8443,1.72,52.672,25.7803,2.8087,5.2347,3.0922,0.3845,0.3845,88189.8082,84272.2982,70068.0442,1074151.8639,1026436.5921,0
3893,301045.SZ,20230106,16.87,0.9187,1.1643,1.47,18.8463,31.2613,2.0043,1.9555,2.2272,0.0,,10315.4344,5737.8536,4527.3554,174021.3783,96797.5902,0
3894,688116.SH,20230106,82.51,1.3977,1.7072,1.4,64.8408,45.6759,8.2418,14.5348,10.3671,,,23252.1059,23252.1059,19037.3282,1918531.2578,1918531.2578,0
3895,300181.SZ,20230106,10.65,1.2412,1.4193,0.35,41.6357,29.6595,2.8991,5.1254,4.3345,1.6296,1.6296,70138.7335,50812.9901,44436.0464,746977.5118,541158.3446,0
3896,603637.SH,20230106,7.94,0.9277,1.3097,0.9,25.8354,23.6397,2.2899,1.7588,2.1348,1.4804,1.4804,24367.8373,24367.8373,17259.0224,193480.6282,193480.6282,0
3897,000968.SZ,20230106,8.74,0.6297,1.4713,0.85,27.7116,15.8296,1.6646,4.2758,3.4895,0.5721,0.5721,96750.266,96750.266,41407.4749,845597.3248,845597.3248,0
3898,605179.SH,20230106,12.02,6.64,6.64,0.9,237.9343,,4.2213,2.0808,1.978,0.1331,0.1331,40100.0,6100.0,6100.0,482002.0,73322.0,0
3899,600089.SH,20230106,20.19,1.4675,1.7906,1.36,10.8132,5.9793,1.5695,1.2802,0.9047,2.8027,2.8027,388546.5706,388546.5706,318431.7014,7844755.2604,7844755.2604,0
3900,600756.SH,20230106,14.29,2.6699,3.3,0.63,109.9294,100.0803,2.1713,2.5305,2.1512,0.0,,32409.8753,32409.8753,26221.7753,463137.118,463137.118,0
3901,300327.SZ,20230106,38.45,3.0389,3.7371,1.74,35.4817,31.8263,8.8619,8.8034,7.9393,1.1349,1.1349,34203.9282,33779.6143,27468.5967,1315141.0393,1298826.1698,0
3902,002679.SZ,20230106,11.83,2.5375,6.9766,0.95,215.6769,250.8922,3.8773,14.6877,15.3239,0.2959,0.2959,23575.6,23575.6,8574.8126,278899.348,278899.348,0
3903,603313.SH,20230106,11.08,0.6961,1.247,0.86,,1614.9867,1.787,0.6606,0.6641,0.0,,48529.9039,48529.9039,27089.8772,537711.3352,537711.3352,0
3904,000982.SZ,20230106,1.8,0.6527,0.7807,1.07,187.6821,794.9693,6.3265,17.6966,13.337,0.0,,426187.7053,426187.7053,356313.7894,767137.8695,767137.8695,0
3905,301047.SZ,20230106,105.86,0.8351,0.9126,0.68,18.9956,31.116,2.1571,14.1692,23.4756,4.9718,4.9718,12920.0,5846.341,5349.7315,1367711.2,618893.6583,0
3906,002176.SZ,20230106,18.25,2.6738,3.1136,1.63,80.7229,14.8559,8.0345,10.4418,5.5863,0.0,,170632.5581,170544.4883,146456.935,3114044.1853,3112436.9115,0
3907,300829.SZ,20230106,22.12,2.2608,2.8461,1.09,30.111,30.8544,2.6596,2.7782,2.5232,0.3391,0.3391,18065.4547,10300.6311,8182.0011,399607.858,227849.9599,0
3908,000737.SZ,20230106,5.23,0.8884,1.1023,1.56,11.0629,6.5488,2.1382,0.9303,0.5362,0.0,,177245.6167,72640.3647,58543.2879,926994.5753,379909.1074,0
3909,605208.SH,20230106,14.07,3.7942,3.7942,2.16,15.7087,28.3925,1.7501,1.0855,0.9594,0.9476,0.9476,25380.0,12962.7,12962.7,357096.6,182385.189,0
3910,300345.SZ,20230106,10.97,2.1883,2.8651,0.8,1342.9133,,6.1824,40.1321,26.8634,0.0,,57759.5483,44129.5483,33704.8388,633622.2449,484101.1449,0
3911,301168.SZ,20230106,81.26,8.6937,10.6184,3.05,122.2638,88.0745,5.0694,8.6114,8.1957,0.0849,0.0849,12000.0,4965.3,4065.3,975120.0,403480.278,0
3912,688293.SH,20230106,114.8,2.7398,2.7398,1.08,155.8333,96.7101,4.3538,44.2505,33.067,,,8198.0328,1692.4562,1692.4562,941134.1654,194293.9718,0
3913,300342.SZ,20230106,8.05,0.6684,1.1006,1.27,34.3421,55.0327,2.2464,3.2926,3.5188,1.2422,1.2422,42503.5113,41624.811,25278.8181,342153.266,335079.7286,0
3914,300964.SZ,20230106,27.99,1.1751,1.3532,0.89,40.1403,60.0881,2.1466,3.905,3.6149,1.0718,1.0718,7729.8284,3290.9034,2857.7034,216357.8969,92112.3862,0
3915,688184.SH,20230106,37.41,3.6223,3.6223,1.12,60.2658,38.8737,1.6315,5.8597,3.1453,,,13437.8228,2721.3962,2721.3962,502708.9509,101807.4318,0
3916,301043.SZ,20230106,24.42,3.7917,3.7917,2.35,31.4473,40.3952,2.1557,3.0112,3.1136,0.3276,0.3276,6800.0,1800.0,1800.0,166056.0,43956.0,0
3917,300828.SZ,20230106,14.2,2.4366,3.4147,1.46,31.1193,23.6441,2.8946,4.1005,3.1521,1.8725,1.8725,16590.0,8342.5642,5952.8992,235578.0,118464.4116,0
3918,603316.SH,20230106,5.95,1.3834,2.6763,1.12,71.6954,149.7112,1.7079,1.1967,1.4689,0.2521,0.2521,26426.4,26426.4,13659.9578,157237.08,157237.08,0
3919,600468.SH,20230106,4.14,0.5125,1.218,1.55,43.005,42.4375,2.3183,1.9247,1.9375,0.7005,0.7005,108773.5321,108773.5321,45769.6009,450322.4229,450322.4229,0
3920,300217.SZ,20230106,5.93,3.5132,4.5214,1.52,50.7736,26.8585,2.6745,3.1651,2.6207,0.3267,0.3267,148770.654,118537.0317,92105.6511,882209.9782,702924.598,0
3921,600864.SH,20230106,4.75,0.598,1.3706,1.14,41.5833,,0.8024,6.0005,6.2492,0.7368,0.7368,208057.052,208057.052,90776.9586,988270.997,988270.997,0
3922,688056.SH,20230106,42.85,1.2127,1.2127,0.84,41.5063,56.9235,3.5125,7.8108,8.253,,,6723.64,2644.14,2644.14,288107.974,113301.399,0
3923,600626.SH,20230106,3.6,0.4243,0.6156,0.82,112.665,,1.2957,0.3781,0.3788,0.2778,0.2778,110797.871,85229.1316,58746.4337,398872.3356,306824.8738,0
3924,002930.SZ,20230106,19.38,0.158,0.3383,0.65,32.1807,35.6654,3.8639,8.0523,7.1646,1.5348,1.5348,45204.3314,42865.7552,20015.1381,876059.9425,830738.3358,0
3925,688052.SH,20230106,335.98,1.3776,1.3776,0.76,151.7641,109.0057,5.3114,39.3873,21.779,,,10106.4,2280.5111,2280.5111,3395548.272,766206.1194,0
3926,000407.SZ,20230106,3.93,1.1688,1.5643,1.1,31.4336,55.1101,1.2669,0.7606,0.731,0.8906,0.8906,88008.4656,87576.7412,65435.3879,345873.2698,344176.5929,0
3927,000668.SZ,20230106,13.06,1.0677,1.8051,0.82,8.1399,7.5756,1.5602,7.6023,2.7284,0.0,,14684.189,14668.8393,8676.231,191775.5083,191575.0413,0
3928,603551.SH,20230106,9.4,2.1434,2.3365,1.06,121.6027,70.3568,2.6211,1.8347,1.9703,6.2731,6.2731,40170.0,13542.6339,12423.6359,377598.0,127300.7587,0
3929,603617.SH,20230106,9.17,0.5449,0.9696,1.13,36.2572,48.2155,2.6525,3.4335,3.7863,1.1683,1.1683,36520.8022,35711.5536,20069.8807,334895.7562,327474.9465,0
3930,603601.SH,20230106,5.39,0.5783,1.0081,1.01,22.0434,26.6349,2.6437,3.3952,3.3098,1.3853,1.3853,102025.8062,102025.8062,58530.0822,549919.0954,549919.0954,0
3931,600724.SH,20230106,3.78,0.5827,2.53,1.07,15.1498,17.8379,1.9439,2.3344,1.7142,6.6138,6.6138,144524.1071,144494.2664,33279.4209,546301.1248,546188.327,0
3932,300993.SZ,20230106,13.6,2.5422,2.5422,0.66,22.9724,21.1695,2.6141,6.1946,5.8896,0.817,0.817,23702.4,7650.9,7650.9,322352.64,104052.24,0
3933,600232.SH,20230106,5.61,0.3973,0.7726,0.59,41.6962,34.2686,1.9812,1.6925,1.5904,3.4897,3.4897,36471.8544,36471.8544,18754.5093,204607.1032,204607.1032,0
3934,603083.SH,20230106,11.83,1.5516,2.1736,0.8,44.953,30.0784,1.6602,1.0356,0.8159,0.0,,25558.1566,25222.0566,18004.769,302352.9926,298376.9296,0
3935,002749.SZ,20230106,9.04,0.1743,0.442,0.67,19.0937,21.6935,2.7579,2.8978,2.3908,2.4346,2.4346,43546.2583,39924.6462,15746.9028,393658.175,360918.8016,0
3936,001330.SZ,20230106,11.15,14.8954,14.8954,1.23,42.2576,40.9317,2.2308,4.9065,4.3508,,,137451.8984,27490.3797,27490.3797,1532588.6672,306517.7337,0
3937,603035.SH,20230106,20.94,2.0344,2.8503,1.06,18.9349,15.5381,1.7713,2.9886,2.3157,1.6695,1.6695,38003.0933,38003.0933,27123.7214,795784.7737,795784.7737,0
3938,600649.SH,20230106,3.94,0.6012,1.274,1.53,10.9337,21.5,0.4905,1.0841,0.9914,2.7919,2.7919,252957.5634,252957.5634,119364.2188,996652.7998,996652.7998,0
3939,002571.SZ,20230106,6.62,1.6073,2.3243,1.51,298.4185,,1.8049,2.7108,2.3961,0.0,,39195.07,29830.6188,20627.99,259471.3634,197478.6965,0
3940,600184.SH,20230106,11.44,0.5049,1.1702,0.57,93.1403,86.0319,2.3529,1.7574,1.7951,0.4371,0.4371,50876.0826,50876.0826,21950.926,582022.3849,582022.3849,0
3941,300212.SZ,20230106,25.62,5.9608,9.6626,0.79,,,4.3799,8.4442,11.71,0.0,,66581.4309,64072.3091,39525.3877,1705816.2597,1641532.5591,0
3942,000078.SZ,20230106,3.3,0.7972,1.4876,0.97,97.3013,788.5989,1.5274,0.2211,0.2314,0.0,,275083.3257,262119.9543,140475.4415,907774.9748,864995.8492,0
3943,300198.SZ,20230106,2.8,0.8399,1.1597,1.1,,,2.3189,4.2578,4.2137,0.0,,103154.854,90817.0477,65772.887,288833.5912,254287.7336,0
3944,300183.SZ,20230106,12.55,0.6137,0.9172,0.87,43.5386,37.2564,1.8892,6.4076,5.8142,1.1952,1.1952,46260.9137,33545.0912,22446.9137,580574.4669,420990.8946,0
3945,003019.SZ,20230106,22.46,2.1747,2.4493,0.98,21.9504,12.716,2.2362,2.08,1.7087,1.7378,1.7378,14746.4025,10175.1065,9034.4565,331204.2002,228532.892,0
3946,601928.SH,20230106,7.78,0.428,1.5738,1.17,8.0591,8.1932,1.1904,1.5818,1.4875,6.4267,6.4267,254490.0,254490.0,69211.9742,1979932.2,1979932.2,0
3947,002269.SZ,20230106,1.95,2.5795,4.5968,0.73,,,17.3318,1.8568,2.927,0.0,,251250.0,251250.0,140986.1941,489937.5,489937.5,0
3948,603887.SH,20230106,7.31,1.0467,1.5422,0.76,,,1.0651,1.1334,1.1596,0.0,,45075.4403,45075.4403,30592.0452,329501.4686,329501.4686,0
3949,300591.SZ,20230106,4.79,1.6598,1.7285,1.09,,,2.5686,5.7272,3.794,0.0,,40567.3777,30800.4652,29576.2277,194317.7392,147534.2283,0
3950,300057.SZ,20230106,9.63,4.5345,5.2977,2.0,,90.5706,1.5973,1.6114,1.5523,0.0,,90984.7671,55265.5591,47304.7054,876183.3072,532207.3341,0
3951,002769.SZ,20230106,8.24,1.9925,3.0557,1.23,83.8084,273.4674,2.1026,1.1959,1.7043,0.2427,0.2427,37331.8054,33239.825,21673.9304,307614.0765,273896.158,0
3952,600609.SH,20230106,4.34,0.5544,0.7129,1.1,29.1992,62.8971,6.2308,1.0963,1.0593,0.0,,131120.0558,109266.7132,84969.9787,569061.0422,474217.5353,0
3953,600075.SH,20230106,5.5,0.4851,0.7199,1.09,5.7318,8.949,0.912,0.7816,0.7206,1.8182,1.8182,170735.8596,126878.3348,85487.5392,939047.2278,697830.8414,0
3954,002377.SZ,20230106,2.7,2.327,3.2192,1.03,,,2.8612,0.6515,1.0641,0.0,,91632.5201,91599.6256,66212.3151,247407.8043,247318.9891,0
3955,300262.SZ,20230106,2.69,0.772,0.9808,1.04,,,4.3931,13.2251,136.6588,0.0,,66976.6999,52536.8511,41351.7345,180167.3227,141324.1295,0
3956,002911.SZ,20230106,13.51,3.4538,28.9052,4.76,21.471,21.128,3.4784,0.9437,0.7336,3.3309,3.3309,94520.0,94468.7338,11287.895,1276965.2,1276272.5936,0
3957,300349.SZ,20230106,9.85,0.5475,0.7641,1.11,15.8383,16.7904,1.1179,1.8365,1.5911,0.9957,0.9957,42905.4325,38126.1073,27318.0431,422618.5101,375542.1569,0
3958,300482.SZ,20230106,31.72,3.2726,4.3725,0.79,22.2246,11.3066,3.2057,4.1951,2.5404,0.9418,0.9418,44451.4668,32887.9315,24614.3709,1410000.5269,1043205.1872,0
3959,002557.SZ,20230106,47.78,1.1135,1.9256,1.1,26.0855,25.2065,5.0466,4.0475,3.7348,1.7721,1.7721,50700.2296,50699.8546,29316.5503,2422456.9703,2422439.0528,0
3960,300053.SZ,20230106,7.17,0.6048,0.7355,1.03,117.1904,,1.8105,7.1789,9.4159,0.0,,69687.4323,63211.8511,51976.6171,499658.8896,453228.9724,0
3961,001258.SZ,20230106,11.13,11.7142,11.7142,2.44,72.6806,56.9175,3.6354,12.9629,11.8736,0.0,,93333.3334,23333.3334,23333.3334,1038800.0007,259700.0007,0
3962,603628.SH,20230106,17.96,5.4197,13.0891,2.85,103.8101,72.0948,4.6011,4.8306,3.7833,0.1949,0.1949,27380.0,27380.0,11336.9555,491744.8,491744.8,1
3963,600459.SH,20230106,15.68,1.3214,2.1909,1.0,30.826,32.1376,2.0494,0.3283,0.3147,0.9907,0.9907,76106.759,73893.1225,44567.4906,1193353.9811,1158644.1608,0
3964,600962.SH,20230106,13.17,1.5148,2.7325,0.97,,,5.0393,2.3818,2.0672,0.0,,26221.0,26221.0,14535.4531,345330.57,345330.57,0
3965,601985.SH,20230106,6.06,0.312,0.7754,1.31,14.2115,11.9464,1.3968,1.8316,1.6568,2.4752,2.4752,1885040.1757,1885040.1757,758428.6994,11423343.4647,11423343.4647,0
3966,600642.SH,20230106,5.52,0.1357,0.4028,0.88,16.5029,70.3125,0.8764,1.0706,0.9535,3.6228,3.6228,490942.8286,486493.8286,163921.2503,2710004.4139,2685445.9339,0
3967,600295.SH,20230106,15.54,0.3116,1.3504,1.36,5.1005,4.5043,1.5372,0.8518,0.7726,9.1929,9.1929,199912.5896,141112.5896,32555.6756,3106641.6424,2192889.6424,0
3968,600444.SH,20230106,13.0,0.8122,1.468,1.32,39.1249,33.3206,2.9185,2.261,2.1996,1.0,1.0,14642.1932,14642.1932,8101.736,190348.5116,190348.5116,0
3969,605100.SH,20230106,13.48,0.9535,0.9535,0.93,13.9817,40.1539,1.2878,1.6914,2.9658,3.4443,3.4443,16993.2,7683.2,7683.2,229068.336,103569.536,0
3970,600606.SH,20230106,3.07,0.6212,2.2694,1.0,6.9827,21.989,0.4512,0.0793,0.1019,0.0,,1405421.8314,1405421.8314,384720.7311,4314645.0224,4314645.0224,0
3971,300320.SZ,20230106,11.12,3.7368,4.4987,3.05,45.0778,66.9447,3.259,2.65,2.5734,0.2248,0.2248,60123.4191,49547.3825,41155.7758,668572.4204,550966.8934,0
3972,003036.SZ,20230106,12.49,3.2039,3.2358,1.08,37.0939,19.9267,2.1771,2.1699,1.5639,0.5765,0.5765,21600.0,5670.625,5614.75,269784.0,70826.1063,0
3973,301233.SZ,20230106,35.59,5.5723,5.5723,3.21,27.9817,34.1418,2.1548,5.8746,6.079,0.0,,5147.0,1287.0,1287.0,183181.73,45804.33,0
3974,300313.SZ,20230106,6.14,1.3871,2.6866,0.92,,,21.8807,17.7973,20.5659,0.0,,31297.7396,18422.1477,9511.5479,192168.1211,113111.9869,0
3975,605118.SH,20230106,13.59,5.746,5.746,2.79,37.9672,32.4237,4.2139,11.0481,9.4615,0.8831,0.8831,40733.05,4171.22,4171.22,553562.1495,56686.8798,0
3976,300890.SZ,20230106,43.07,5.0302,5.4971,1.49,46.5211,28.623,2.9331,4.1535,2.2817,0.0,,10783.9341,7993.7117,7314.8145,464464.0417,344289.1629,0
3977,301309.SZ,20230106,25.8,1.3614,1.3614,0.8,24.1585,20.0827,1.8771,3.4567,3.2164,,,10000.0,2370.734,2370.734,258000.0,61164.9372,0
3978,002627.SZ,20230106,5.32,5.4399,8.7629,0.75,37.2843,86.1427,1.2817,1.8029,1.8428,1.8612,1.8612,73814.8117,69713.0465,43276.6005,392694.7982,370873.4074,0
3979,002384.SZ,20230106,23.58,1.4771,1.6759,0.7,21.6478,17.9584,2.5986,1.2682,1.2291,0.8462,0.8462,170986.7327,139027.534,122532.5701,4031867.1571,3278269.2517,0
3980,003020.SZ,20230106,34.29,1.8561,1.9378,0.57,24.3829,19.3134,2.9701,1.8473,1.678,1.5442,1.5442,12246.7,5087.1615,4872.6615,419939.343,174438.7678,0
3981,603992.SH,20230106,17.08,1.1092,9.9282,3.15,22.7325,21.3697,2.825,2.3007,1.9764,0.445,0.445,40100.9858,40100.9858,4480.0,684924.8375,684924.8375,0
3982,300662.SZ,20230106,51.9,1.0526,1.5158,1.01,40.4519,36.2538,4.6732,1.4572,1.1812,0.3988,0.3988,19683.7115,19589.5015,13603.2475,1021584.6269,1016695.1279,0
3983,001308.SZ,20230106,34.9,3.7472,3.7472,0.59,19.7828,12.2441,3.295,1.536,1.456,1.6531,1.6531,52323.375,5519.825,5519.825,1826085.7875,192641.8925,0
3984,300749.SZ,20230106,7.73,1.3453,2.1823,1.0,,,2.1337,1.2287,1.3669,0.0,,20635.555,15572.085,9599.465,159512.8402,120372.2171,0
3985,002228.SZ,20230106,3.27,0.3252,0.6234,0.87,18.5494,25.4427,1.2281,0.2308,0.2433,4.4275,4.4275,123863.1495,123456.7575,64404.7655,405032.4989,403703.597,0
3986,000635.SZ,20230106,8.82,1.0795,2.2141,1.27,625.5392,,1.0677,1.1707,1.394,0.0,,30461.0502,30308.7602,14776.4915,268666.4628,267323.265,0
3987,603070.SH,20230106,18.11,3.4053,3.4053,1.11,38.2174,36.6685,3.8817,3.3618,3.2311,0.8283,0.8283,40100.0,6000.0,6000.0,726211.0,108660.0,0
3988,002923.SZ,20230106,17.57,3.247,6.3601,0.71,30.071,27.5067,3.6799,3.5321,3.1854,1.7671,1.7671,23920.949,18399.1806,9393.2884,420291.0739,323273.6031,0
3989,603810.SH,20230106,18.12,5.9104,11.2098,2.63,25.6331,25.1259,1.9615,1.9371,1.6859,0.9772,0.9772,16229.388,16069.0796,8472.546,294076.5106,291171.7224,0
3990,300840.SZ,20230106,8.85,0.9698,1.2124,1.25,34.6024,26.3665,2.0093,3.5821,3.4514,0.3616,0.3616,24000.0,15431.3513,12343.6325,212400.0,136567.459,0
3991,003008.SZ,20230106,25.61,0.8476,0.8476,0.86,31.887,30.4123,1.9847,14.2381,13.128,1.9524,1.9524,8000.0,3490.9529,3490.9529,204880.0,89403.3038,0
3992,688198.SH,20230106,135.66,0.3806,1.4794,1.56,359.492,260.6079,17.5067,73.09,63.6668,,,13567.2588,13567.2588,3490.0496,1840534.3288,1840534.3288,0
3993,601126.SH,20230106,15.31,2.756,4.9594,1.79,27.5504,24.6106,3.1697,2.8965,2.5966,3.2658,3.2658,81317.2,81317.2,45189.4494,1244966.332,1244966.332,0
3994,688125.SH,20230106,47.73,1.8589,1.8589,0.48,25.2466,22.6323,2.0462,6.1406,5.5914,,,8080.808,1744.5467,1744.5467,385696.9658,83267.214,0
3995,002306.SZ,20230106,4.66,8.5819,11.1315,0.67,824.5991,990.3137,47.2944,12.3416,31.5287,0.0,,84000.0,81329.0137,62701.1707,391440.0,378993.2038,0
3996,920832.BJ,20230106,6.37,0.0491,0.0507,0.97,14.5765,15.3711,1.1543,1.5249,1.4494,,,13876.3865,12485.3604,12097.2161,88392.582,79531.7457,0
3997,600718.SH,20230106,10.35,0.5839,0.8329,0.82,10.7922,10.4678,1.3323,1.4496,1.4103,0.5828,0.5828,122337.2955,120370.3468,84385.2191,1266191.0084,1245833.0894,0
3998,300530.SZ,20230106,25.01,0.3453,0.8046,1.36,,,30.7341,27.0864,11.0584,0.0,,15813.945,11800.8158,5064.7565,395506.7645,295138.4032,0
3999,688115.SH,20230106,41.13,1.6679,1.6679,0.78,41.5227,36.0852,2.0569,12.3383,10.0756,,,6667.0,1600.32,1600.32,274213.71,65821.1616,0
4000,600814.SH,20230106,6.78,1.3762,4.3361,1.03,14.2331,15.9206,1.5407,2.3433,2.4622,2.8192,2.8192,73593.3058,71502.6758,22694.0342,498962.6133,484788.1419,0
4001,601212.SH,20230106,2.58,0.2205,0.6068,1.04,233.7191,,1.2688,0.2643,0.2279,0.1318,0.1318,740477.4511,740477.4511,269034.0933,1910431.8238,1910431.8238,0
4002,603211.SH,20230106,12.98,3.3153,3.3153,1.15,42.8661,43.5895,3.1848,3.8504,3.4768,0.0,,27180.8,6795.2,6795.2,352806.784,88201.696,0
4003,300317.SZ,20230106,5.24,3.877,7.6286,3.97,,,2.3684,7.4522,7.9306,0.0,,82428.3865,77565.7179,39420.1659,431924.7453,406444.3618,0
4004,300118.SZ,20230106,29.79,13.6718,15.1067,4.24,,75.6981,2.8927,1.4109,0.989,0.0,,89187.4906,69260.046,62681.3645,2656895.345,2063256.7703,0
4005,603518.SH,20230106,6.74,1.4159,2.1215,1.02,10.4465,15.0761,0.7663,0.5412,0.5555,0.0,,34720.5421,34720.5421,23172.0081,234016.4538,234016.4538,0
4006,600691.SH,20230106,3.18,0.2064,0.4149,0.97,17.5015,41.0137,1.2259,0.4032,0.4047,0.0,,237598.1952,237558.5952,118171.6306,755562.2607,755436.3327,0
4007,001269.SZ,20230106,112.42,17.287,17.287,1.34,115.7898,89.305,14.6049,18.21,13.4603,,,13742.5626,3435.6407,3435.6407,1544938.8875,386234.7275,1
4008,000789.SZ,20230106,8.7,0.4186,0.8123,1.09,4.3542,6.729,0.9943,0.4884,0.5354,9.1954,9.1954,79740.2578,79738.3671,41090.3667,693740.2429,693723.7938,0
4009,600435.SH,20230106,13.05,3.0395,4.979,0.94,145.5364,95.9276,7.9288,4.8686,4.3673,0.1916,0.1916,148932.0,148932.0,90918.043,1943562.6,1943562.6,0
4010,002184.SZ,20230106,14.85,27.1445,32.1968,2.75,38.8935,41.4694,4.2681,2.0979,2.1445,1.3468,1.3468,35190.837,24015.1004,20246.6587,522583.9295,356624.2409,0
4011,601988.SH,20230106,3.21,0.0597,0.6141,0.9,4.3636,4.1792,0.4695,1.5605,1.5308,6.8847,6.8847,29438779.1241,21076551.4846,2049395.6739,94498480.9884,67655730.2656,0
4012,920834.BJ,20230106,3.99,0.0611,0.0618,0.2,12.0529,13.3181,1.4693,1.6827,1.791,,,12000.0005,2653.6947,2623.4721,47880.002,10588.2419,0
4013,601567.SH,20230106,13.45,0.3811,0.8064,0.74,27.4436,26.1411,2.0394,2.6965,2.1469,2.3803,2.3803,140797.6553,138656.9053,65522.767,1893728.4638,1864935.3763,0
4014,605336.SH,20230106,16.73,9.4159,9.4159,1.46,12.5241,14.3979,1.6637,3.1592,3.0878,6.3926,6.3926,18460.9425,5861.245,5861.245,308851.568,98058.6289,0
4015,002445.SZ,20230106,2.45,1.4291,2.0238,0.52,28.2804,,2.9734,12.1681,9.9637,0.0,,239166.8331,238031.0872,168085.902,585958.7411,583176.1636,0
4016,002397.SZ,20230106,4.52,1.5254,2.1616,0.79,,,2.2924,1.3846,1.4643,0.0,,75438.1443,54948.2032,38775.4432,340980.4122,248365.8785,0
4017,688496.SH,20230106,9.38,16.0942,16.0942,0.44,71.4403,72.4925,3.3844,6.0797,4.2013,,,45000.0,7845.7008,7845.7008,422100.0,73592.6735,0
4018,300083.SZ,20230106,8.24,2.8068,3.1013,0.94,27.4754,25.8484,2.8751,2.6117,2.7352,0.0,,166774.0589,134474.5642,121706.4006,1374218.2453,1108070.409,0
4019,300854.SZ,20230106,15.74,0.8698,1.1667,0.66,15.3244,37.3044,1.6429,2.2318,2.0925,0.953,0.953,9909.4,4629.25,3451.5,155973.956,72864.395,0
4020,600560.SH,20230106,10.05,1.044,1.8505,1.26,48.5653,45.4908,2.6044,3.1801,3.3927,0.6269,0.6269,22364.55,22364.55,12617.8376,224763.7275,224763.7275,0
4021,301180.SZ,20230106,17.31,1.4799,1.4799,0.97,39.3695,32.9937,5.3431,5.2005,5.4135,0.2889,0.2889,40001.0,5441.0002,5441.0002,692417.31,94183.7135,0
4022,000903.SZ,20230106,2.62,0.4692,0.7093,1.07,71.6816,,0.9976,0.6431,0.8603,0.5578,0.5578,197080.0857,192026.1648,127011.9255,516349.8245,503108.5518,0
4023,301235.SZ,20230106,37.67,5.0504,5.0504,0.58,48.8923,37.6916,2.4936,4.6212,3.4753,0.2655,0.2655,10560.0,2455.5196,2455.5196,397795.2,92499.4233,0
4024,002547.SZ,20230106,4.87,3.6712,5.1849,1.94,,,8.3367,2.055,2.2707,0.0,,112805.7168,110400.8416,78169.8415,549363.8408,537652.0986,0
4025,601965.SH,20230106,18.93,0.2628,0.7505,0.82,27.5013,27.7919,3.3172,4.9599,5.5984,1.5597,1.5597,100484.7787,97674.6107,34203.1939,1902176.8608,1848980.3806,0
4026,600306.SH,20230106,8.72,0.3229,0.5724,0.6,,,,13.2571,15.4092,0.0,,23157.4918,17747.2546,10011.9273,201933.3285,154756.0601,0
4027,603729.SH,20230106,13.49,0.8927,1.5366,0.94,,,1.8394,1.7019,2.656,0.0,,9333.8,9333.8,5422.434,125912.962,125912.962,0
4028,000995.SZ,20230106,16.78,1.3123,1.8282,1.38,,449.7536,23.0684,32.6816,18.7904,0.0,,17740.8,17740.8,12734.2009,297690.624,297690.624,0
4029,002357.SZ,20230106,7.78,20.3115,28.9755,0.87,35.2635,50.9593,1.8318,3.5007,3.512,1.5424,1.5424,31348.9036,31347.7786,21974.4565,243894.47,243885.7175,0
4030,603701.SH,20230106,20.97,2.1722,4.3597,1.38,140.803,259.4787,7.3715,9.2496,10.9681,0.2384,0.2384,26136.1901,26136.1901,13022.6159,548075.9064,548075.9064,0
4031,300864.SZ,20230106,19.3,1.6061,1.6061,1.17,32.1823,25.2943,2.6247,5.7691,4.9119,2.4383,2.4383,15504.0,3876.0,3876.0,299227.2,74806.8,0
4032,600403.SH,20230106,4.61,0.2897,1.8685,1.34,8.5509,5.2012,1.4194,1.3933,1.2709,7.5922,7.5922,239081.2402,239081.2402,37065.1791,1102164.5173,1102164.5173,0
4033,601966.SH,20230106,21.21,0.7997,1.7272,0.99,39.7122,411.0653,1.6338,1.6858,1.8381,0.7582,0.7582,147673.1513,147352.2713,68225.4786,3132147.5391,3125341.6743,0
4034,603444.SH,20230106,354.6,0.786,1.3451,0.62,17.3537,19.9917,7.247,5.5171,5.1339,8.4602,8.4602,7186.6482,7186.6482,4199.6982,2548385.4517,2548385.4517,0
4035,300280.SZ,20230106,16.47,1.2563,1.5877,0.7,8.6017,30.282,1.1316,1.6175,2.083,0.0607,0.0607,16206.5744,16047.4169,12697.4169,266922.2804,264300.9563,0
4036,000035.SZ,20230106,5.26,0.5232,0.7814,1.04,18.2104,42.0977,1.2861,0.6447,1.8582,1.7989,1.7989,252377.7297,245334.5376,164270.1072,1327506.8582,1290459.6678,0
4037,600197.SH,20230106,23.95,1.6013,2.7733,1.1,36.1416,60.7749,3.1494,5.8333,6.3501,1.7119,1.7119,47196.1922,47196.1922,27250.3845,1130348.8032,1130348.8032,0
4038,603580.SH,20230106,17.66,3.483,10.5334,1.31,67.7277,402.7641,5.2085,9.14,12.2716,0.9287,0.9287,13067.32,13067.32,4320.82,230768.8712,230768.8712,0
4039,600516.SH,20230106,6.24,0.3581,0.6022,1.04,21.8969,35.0335,1.5561,5.1054,4.7423,0.0,,380597.0368,380597.0368,226307.6847,2374925.5096,2374925.5096,0
4040,300436.SZ,20230106,39.11,4.7873,7.5449,0.7,,,6.3212,16.8149,15.6961,0.0,,15926.7,13325.5751,8455.3208,622893.237,521163.2422,0
4041,603557.SH,20230106,3.42,1.0013,1.6417,1.02,,,1.6308,1.6092,3.1701,0.0,,49407.4613,49407.4613,30134.2679,168973.5176,168973.5176,0
4042,603861.SH,20230106,7.78,0.4395,1.3703,1.21,60.4565,184.9191,1.2909,0.9656,0.9572,0.5013,0.5013,43597.0555,42402.9078,13601.439,339185.0918,329894.6227,0
4043,601222.SH,20230106,9.4,4.2999,7.0024,2.42,20.8126,23.6532,1.3026,3.6563,4.0557,2.3372,2.3372,206016.9156,206016.9156,126507.5229,1936559.0066,1936559.0066,0
4044,600261.SH,20230106,3.3,0.3897,0.6939,0.66,14.7806,45.0372,1.3171,1.0948,1.1886,5.8915,5.8915,141465.963,141465.963,79457.5798,466837.6779,466837.6779,0
4045,688182.SH,20230106,11.89,1.3728,1.3728,1.04,54.3547,59.9328,2.2794,14.2573,14.2285,,,40000.0,9600.0,9600.0,475600.0,114144.0,0
4046,000629.SZ,20230106,4.97,1.6919,4.0952,1.81,32.2008,24.1197,4.8514,3.0408,2.949,0.0,,860244.7902,858943.1322,354852.4175,4275416.6073,4268947.367,0
4047,600775.SH,20230106,10.56,0.6849,1.048,0.81,230.1567,225.6295,2.7428,2.1294,2.3275,0.1326,0.1326,91383.8529,67183.8529,43905.6474,965013.4866,709461.4866,0
4048,300092.SZ,20230106,14.14,2.1442,3.0374,0.71,35.0372,29.8519,3.9994,3.4539,3.0866,0.389,0.389,23159.9,16748.1985,11823.2662,327480.986,236819.5268,0
4049,600710.SH,20230106,5.95,0.5834,1.5199,1.12,10.1362,8.639,1.2852,0.0461,0.0487,4.4538,4.4538,130674.9434,130674.9434,50158.035,777515.9132,777515.9132,0
4050,688519.SH,20230106,21.93,0.8636,0.8636,1.75,12.892,38.9965,1.9195,1.2237,1.3577,,,23475.16,9190.9705,9190.9705,514810.2588,201557.9831,0
4051,300818.SZ,20230106,30.87,1.5455,1.7672,0.9,11.7341,9.08,1.8433,2.0521,2.2206,0.0,,7000.1539,3187.9539,2787.9539,216094.7509,98412.1369,0
4052,600798.SH,20230106,3.79,0.9138,1.6559,0.94,14.5213,18.9869,1.1761,1.9511,2.0397,2.1108,2.1108,120653.4201,120653.4201,66578.8734,457276.4622,457276.4622,0
4053,300464.SZ,20230106,6.05,2.0429,3.095,0.97,,,6.3611,0.6102,0.8997,0.0,,36912.2175,31195.0766,20590.4896,223318.9159,188730.2134,0
4054,601528.SH,20230106,6.53,1.1976,1.1976,1.08,7.7538,6.7497,0.6777,2.9775,2.7604,2.7565,2.7565,150935.4919,60687.4317,60687.4317,985608.7621,396288.929,0
4055,601588.SH,20230106,2.02,0.7177,1.3898,1.02,33.5605,,0.5013,0.3078,0.4977,0.495,0.495,336702.0,266000.0,137369.9969,680138.04,537320.0,0
4056,301201.SZ,20230106,52.68,2.7957,2.7957,0.86,50.7186,41.7613,2.3157,12.2532,11.8049,0.8542,0.8542,9669.614,2326.607,2326.607,509395.2655,122565.6568,0
4057,603967.SH,20230106,9.86,1.2222,3.4929,1.3,16.4417,14.3266,1.5897,0.2753,0.2503,3.9008,3.9008,34666.671,34666.671,12129.871,341813.3761,341813.3761,0
4058,000159.SZ,20230106,7.52,2.0914,2.7099,0.86,130.6728,13.5735,1.4238,3.2299,3.0273,0.0,,48068.5993,48068.5993,37097.7105,361475.8667,361475.8667,0
4059,688030.SH,20230106,20.62,0.1968,0.4309,0.52,49.2058,64.4674,2.5344,3.6188,3.2662,,,18022.8872,18022.8872,8231.7871,371631.9341,371631.9341,0
4060,002418.SZ,20230106,3.02,1.9346,2.6736,1.52,91.7844,127.7395,2.2748,1.4436,1.2265,0.0,,113640.0,113596.725,82196.725,343192.8,343062.1095,0
4061,603660.SH,20230106,5.39,0.7191,0.9753,0.85,42.1901,,1.8637,1.0193,1.2133,0.7421,0.7421,49419.2811,49419.2811,36438.1183,266369.9251,266369.9251,0
4062,301189.SZ,20230106,29.15,0.6578,0.6578,1.34,26.9239,42.8422,1.4593,3.4974,4.4488,1.0292,1.0292,11489.6465,4117.6465,4117.6465,334923.1955,120029.3955,0
4063,600778.SH,20230106,6.3,1.4206,2.1869,0.83,,,4.0502,0.9947,1.1469,0.0,,31149.1352,31121.4882,20216.5487,196239.5518,196065.3757,0
4064,688665.SH,20230106,100.72,1.6182,1.6182,0.88,39.2387,44.9445,8.2774,12.8782,12.4529,,,7000.0,2067.5,2067.5,705040.0,208238.6,0
4065,300881.SZ,20230106,38.0,5.5988,5.5988,0.74,72.5959,56.4949,4.6757,3.3839,3.1839,0.2763,0.2763,10000.0,2650.0,2650.0,380000.0,100700.0,0
4066,002120.SZ,20230106,13.66,1.485,3.3418,2.36,26.8458,27.1402,2.4042,0.9501,0.8201,0.3807,0.3807,290226.35,281509.9141,125099.0119,3964491.941,3845425.4266,0
4067,688680.SH,20230106,220.1,7.4534,7.4534,2.1,73.3323,69.7564,7.7424,5.9553,3.5321,,,8402.0072,5123.5872,5123.5872,1849281.7847,1127701.5427,0
4068,600817.SH,20230106,9.18,0.6204,0.7949,1.28,12.761,17.0342,2.1944,1.3347,1.4867,3.7207,3.7207,54618.0037,18968.6631,14804.6663,501393.274,174132.3273,0
4069,920810.BJ,20230106,8.33,0.6579,0.6579,1.07,16.3232,12.0442,1.9283,3.1959,2.5335,,,6850.0,2275.32,2275.32,57060.5,18953.4156,0
4070,002542.SZ,20230106,3.14,1.8137,2.8721,0.68,,,1.7076,1.0958,1.8996,0.0,,180563.467,157209.8831,99273.8694,566969.2864,493639.0329,0
4071,300608.SZ,20230106,8.63,2.0936,2.3149,0.71,45.6061,98.1153,1.959,3.1218,3.3945,0.5199,0.5199,32713.3908,19555.4731,17685.9129,282316.5626,168763.7329,0
4072,300889.SZ,20230106,13.43,1.2357,1.5029,1.03,55.1189,89.95,1.324,1.8505,2.3771,0.2234,0.2234,15600.0,8888.5875,7307.9625,209508.0,119373.7301,0
4073,603108.SH,20230106,10.32,0.8485,1.498,0.61,15.7297,16.5785,1.6357,0.675,0.6152,0.0,,57954.3067,57954.3067,32825.8016,598088.4451,598088.4451,0
4074,002850.SZ,20230106,127.85,2.5334,3.1863,1.47,55.3215,39.396,5.8146,6.7067,4.0216,0.1554,0.1554,23435.8631,15657.5166,12449.4412,2996275.0973,2001813.4973,0
4075,002777.SZ,20230106,15.96,1.3358,2.1954,0.73,29.8183,29.2746,4.3909,4.9892,4.877,0.9639,0.9639,40823.1038,39942.5659,24303.3059,651536.7366,637483.3518,0
4076,600211.SH,20230106,36.58,0.6422,1.4312,0.91,43.4079,38.8852,2.92,4.2409,3.578,0.924,0.924,24793.7843,24793.7843,11124.7283,906956.6297,906956.6297,0
4077,688345.SH,20230106,55.03,4.3516,4.3516,1.57,43.7477,34.6734,4.4818,2.4824,2.2574,,,10000.0,2412.5,2412.5,550300.0,132759.875,0
4078,002388.SZ,20230106,6.61,5.2682,10.0192,1.49,55.5506,69.1849,2.3042,1.4468,1.8427,0.0,,50772.51,48330.568,25412.684,335606.2911,319465.0545,0
4079,688788.SH,20230106,38.8,0.7016,1.1192,0.85,23.3353,,1.4616,6.723,18.5658,,,10574.7925,6563.4184,4114.3036,410301.949,254660.6339,0
4080,002256.SZ,20230106,2.48,1.1815,1.1819,0.98,,,3.9867,13.7358,15.1274,0.0,,188241.1872,139602.9772,139563.0093,466838.1443,346215.3835,0
4081,002896.SZ,20230106,23.82,5.1102,10.0633,0.93,44.2586,65.6191,3.5093,3.7786,4.0923,0.8665,0.8665,15117.1285,15117.1285,7676.5875,360090.0009,360090.0009,0
4082,300480.SZ,20230106,15.84,1.4132,1.621,1.02,47.1648,54.4976,4.0088,10.4942,9.0962,0.4846,0.4846,35129.0715,22612.9356,19714.7197,556444.4926,358188.8999,0
4083,603616.SH,20230106,5.5,1.4055,2.2052,0.78,79.4705,,2.0819,1.3822,2.0965,0.3775,0.3775,38136.8,38136.8,24307.08,209752.4,209752.4,0
4084,688789.SH,20230106,163.82,0.6657,0.954,1.09,55.0272,49.8869,7.6274,13.2215,13.3031,,,7611.565,4101.3756,2862.1471,1246926.5783,671887.3508,0
4085,002087.SZ,20230106,3.2,3.9078,5.5917,2.9,53.3987,,0.6256,0.4928,0.655,0.25,0.25,81679.4335,81563.8642,57002.321,261374.1872,261004.3654,0
4086,301259.SZ,20230106,19.46,2.3569,2.3569,0.87,33.0552,28.3152,2.7972,4.4757,3.8973,1.5416,1.5416,12000.0,3000.0,3000.0,233520.0,58380.0,0
4087,300452.SZ,20230106,16.26,3.5616,4.5976,0.48,42.7249,34.2497,5.6015,6.1834,5.4816,1.4192,1.4192,23452.2691,18647.4724,14445.63,381333.8956,303207.9012,0
4088,000571.SZ,20230106,2.36,1.206,1.5382,1.46,,,4.0656,1.6179,1.3451,0.0,,81406.4,81403.6325,63824.4293,192119.104,192112.5727,0
4089,600581.SH,20230106,4.02,0.8743,1.7494,1.09,5.288,,1.6958,0.2023,0.2335,0.0,,155378.887,153289.787,76610.8606,624623.1257,616224.9437,0
4090,000721.SZ,20230106,17.14,31.0526,41.4378,0.94,,,15.9257,18.9429,19.1078,0.0,,57391.4308,43595.2795,32669.3545,983689.1239,747223.0906,0
4091,002165.SZ,20230106,4.17,1.6183,2.0258,1.24,103.107,,1.4532,0.8943,1.1279,0.7194,0.7194,73526.9837,72730.1446,58101.9867,306607.522,303284.703,0
4092,300842.SZ,20230106,56.01,6.92,9.3262,2.3,59.6259,348.9916,5.894,1.9901,1.7504,0.0,,10000.0,6951.1174,5157.73,560100.0,389332.0856,0
4093,000961.SZ,20230106,2.37,3.8244,7.7122,1.74,,,0.4218,0.1145,0.1728,0.0,,382655.8901,381102.2817,188983.5441,906894.4595,903212.4076,0
4094,002263.SZ,20230106,2.95,0.6095,0.8454,1.07,22.7784,29.6903,2.0174,3.3108,3.4042,0.0,,187836.01,187834.51,135418.708,554116.2295,554111.8045,0
4095,603885.SH,20230106,16.13,0.6779,2.1169,1.3,,,3.5849,3.0349,3.9133,0.0,,221400.5268,196614.4157,62959.6865,3571190.4973,3171390.5252,0
4096,603511.SH,20230106,15.56,1.2581,1.2581,1.46,18.053,24.0703,1.3993,1.7688,1.776,1.6067,1.6067,40001.0,5443.7828,5443.7828,622415.56,84705.2604,0
4097,300676.SZ,20230106,53.06,0.6505,1.198,1.51,15.0269,27.6379,2.2063,3.2459,3.5839,0.6533,0.6533,41391.4325,41092.4525,22310.9903,2196229.4085,2180365.5297,0
4098,000607.SZ,20230106,5.41,6.5325,13.226,0.46,46.9342,57.9947,3.5711,2.8017,3.019,0.0,,101769.841,88491.7794,43707.3881,550574.8398,478740.5266,0
4099,002870.SZ,20230106,26.67,1.2056,1.8271,0.92,70.314,123.7042,2.3125,0.7203,0.7246,0.0,,13207.5636,11028.658,7277.2711,352245.7212,294134.3089,0
4100,600501.SH,20230106,11.14,0.8395,1.5796,1.12,72.4124,69.558,2.1557,1.1796,1.2663,0.0,,43192.86,42128.36,22388.9828,481168.4604,469309.9304,0
4101,300579.SZ,20230106,25.89,1.3405,2.921,0.81,60.2467,59.6454,8.1445,6.8113,6.4131,0.2575,0.2575,27000.0,26187.0939,12017.9254,699030.0,677983.8611,0
4102,300080.SZ,20230106,4.96,1.3236,2.342,1.95,,412.8877,2.0529,1.8681,1.1985,0.0,,217614.9426,122180.2397,69050.6576,1079370.1153,606013.9889,0
4103,002990.SZ,20230106,27.96,3.0426,3.0426,1.02,40.2531,71.9758,3.4229,6.4029,6.6532,0.7155,0.7155,25804.175,6441.91,6441.91,721484.733,180115.8036,0
4104,600387.SH,20230106,7.32,1.6011,2.0595,0.77,44.7879,26.6002,1.0968,0.4138,0.2923,0.7104,0.7104,46814.4464,40404.8492,31411.4405,342681.7476,295763.4961,0
4105,300326.SZ,20230106,7.32,0.7823,0.8966,0.95,32.4444,32.9298,1.7674,4.1374,4.2875,0.686,0.686,71702.6333,71654.2473,62522.7253,524863.2758,524509.0902,0
4106,002656.SZ,20230106,2.71,1.2893,1.6269,1.44,,199.2058,2.4074,5.0125,6.937,0.0,,71251.9844,60945.7555,48299.4398,193092.8777,165162.9974,0
4107,002589.SZ,20230106,4.18,2.522,2.8884,0.89,47.9476,94.2011,0.9032,0.2987,0.4392,0.211,0.211,150471.0471,115812.8679,101120.814,628968.9769,484097.7878,0
4108,002945.SZ,20230106,13.4,0.3182,3.1817,1.45,74.7944,82.2515,5.7901,25.9289,26.6283,0.403,0.403,270000.0,270000.0,27000.0,3618000.0,3618000.0,0
4109,600328.SH,20230106,15.3,2.4737,3.1287,1.23,11.735,8.5171,1.5665,1.2921,0.9405,2.597,2.597,113277.7625,55961.162,44244.9064,1733149.7663,856205.7786,0
4110,600970.SH,20230106,8.75,0.9936,1.6549,2.18,10.951,10.1675,1.4014,0.547,0.5234,2.6286,2.6286,226563.2064,174259.8393,104620.3565,1982428.056,1524773.5939,0
4111,002892.SZ,20230106,11.71,3.8633,4.9049,1.67,35.9827,49.4831,2.9548,2.5723,2.9077,1.5854,1.5854,31511.7581,19166.5826,15096.2653,369002.6874,224440.6822,0
4112,000400.SZ,20230106,21.37,2.4976,4.0487,1.85,29.747,27.1579,2.1588,1.7971,1.5877,0.4679,0.4679,100832.7309,100826.984,62198.3386,2154795.4593,2154672.6481,0
4113,603359.SH,20230106,11.29,1.0349,1.9633,0.78,10.4752,16.157,1.3316,1.8579,2.342,0.4429,0.4429,44609.6,44609.6,23515.3156,503642.384,503642.384,0
4114,301028.SZ,20230106,9.19,0.909,0.909,1.09,19.2611,19.8572,2.991,3.8984,4.3118,2.1763,2.1763,37891.2,10809.32,10809.32,348220.128,99337.6508,0
4115,002148.SZ,20230106,5.67,6.4253,6.8807,0.9,56.8684,135.0157,2.6977,14.5679,14.1928,0.5291,0.5291,56089.943,45173.9461,42183.6064,318029.9768,256136.2744,0
4116,300220.SZ,20230106,10.9,0.8303,1.6871,0.58,,,13.4551,4.7505,5.7846,0.0,,15120.0,15101.9348,7432.116,164808.0,164611.0893,0
4117,000411.SZ,20230106,11.63,1.638,4.2851,0.68,21.4488,18.7004,1.8663,0.1346,0.1236,1.419,1.419,30948.5536,30080.9896,11498.5142,359931.6784,349841.909,0
4118,603238.SH,20230106,12.33,2.6763,6.8258,0.64,22.8426,73.2167,1.7011,1.4524,1.4946,0.4866,0.4866,17898.8,17750.9,6960.0,220692.204,218868.597,0
4119,603386.SH,20230106,10.56,0.3783,0.952,1.08,16.6145,23.6259,2.3629,1.2637,1.2796,2.7056,2.7056,32632.256,32632.256,12967.156,344596.6234,344596.6234,0
4120,300456.SZ,20230106,15.54,1.9702,2.5582,1.4,55.3903,97.7381,2.2898,12.2722,13.4761,0.2252,0.2252,73328.9072,57700.3163,44437.0757,1139531.2179,896662.9153,0
4121,000657.SZ,20230106,16.14,0.8894,1.6272,1.04,32.9029,32.8419,3.3196,1.4354,1.4027,0.8055,0.8055,107552.6842,94769.443,51797.2894,1735900.323,1529578.81,0
4122,688027.SH,20230106,106.97,0.663,0.7344,0.71,,,5.1869,47.8817,49.3286,,,8019.232,4694.232,4238.232,857817.247,502141.997,0
4123,603429.SH,20230106,12.14,1.3608,2.3085,1.73,46.5148,39.5652,4.8814,9.0487,8.3475,1.1944,1.1944,52448.5465,52448.5465,30918.0165,636725.3545,636725.3545,0
4124,300917.SZ,20230106,28.73,12.6421,24.9196,1.13,43.2162,43.879,5.3231,2.8711,2.5158,0.6694,0.6694,16900.0,8661.25,4393.998,485537.0,248837.7125,0
4125,301266.SZ,20230106,89.47,11.5976,11.5976,3.01,120.4025,101.0645,6.8617,7.5099,5.169,0.0,,10400.0,2600.0,2600.0,930488.0,232622.0,1
4126,688399.SH,20230106,88.21,0.9441,1.541,0.91,4.3336,2.8389,1.4466,1.8213,1.0424,,,5862.0,5862.0,3591.48,517087.02,517087.02,0
4127,603737.SH,20230106,124.95,0.2978,0.9115,0.77,,,20.9553,4.1156,4.1008,0.0,,37643.7486,37643.7486,12300.2264,4703586.3876,4703586.3876,0
4128,601158.SH,20230106,5.17,0.0536,0.4689,0.59,11.9448,14.0345,1.4735,3.4218,3.3646,4.971,4.971,480000.0,480000.0,54903.9311,2481600.0,2481600.0,0
4129,603897.SH,20230106,21.75,2.505,6.0135,1.89,13.163,31.8323,1.6862,0.4186,0.4408,2.2989,2.2989,20643.5681,20643.5681,8599.2381,448997.6062,448997.6062,0
4130,600539.SH,20230106,6.62,1.7547,3.1922,1.08,105.3489,254.0651,3.4851,3.2698,2.9069,0.0,,23000.0,23000.0,12642.6247,152260.0,152260.0,0
4131,001299.SZ,20230106,20.55,14.3292,14.3292,1.21,37.9797,41.1527,3.2162,8.0389,7.1784,,,18757.9697,4690.0,4690.0,385476.2773,96379.5,0
4132,002406.SZ,20230106,4.87,0.5513,0.6247,1.07,12.9389,34.5219,0.9191,1.5155,2.5785,1.6427,1.6427,62416.8167,49615.857,43787.9073,303969.8973,241629.2236,0
4133,300121.SZ,20230106,11.23,1.6097,2.5191,1.28,16.0098,9.5415,1.6883,1.6802,1.3195,0.8253,0.8253,40477.087,36621.8444,23400.9769,454557.687,411263.3126,0
4134,003011.SZ,20230106,22.55,2.6603,2.6603,1.3,23.8765,15.1024,1.6179,1.288,1.2003,1.3304,1.3304,10267.6,5528.0195,5528.0195,231534.38,124656.8397,0
4135,000021.SZ,20230106,11.25,0.4899,0.834,0.94,22.6422,21.0538,1.7043,1.0648,1.0816,1.3333,1.3333,156058.7588,155999.8402,91642.0244,1755661.0365,1754998.2023,0
4136,688371.SH,20230106,19.7,3.1633,3.1633,1.8,168.0962,158.7546,3.3569,16.1033,14.0622,,,33547.2356,7449.1628,7449.1628,660880.5413,146748.5072,0
4137,603360.SH,20230106,17.58,1.7911,4.3511,1.02,18.1738,10.677,3.2684,4.524,3.4532,0.0,,25895.2,25541.84,10513.8212,455237.616,449025.5472,0
4138,002928.SZ,20230106,12.68,0.9971,2.3624,1.09,,,3.589,4.0853,5.9665,0.0,,127824.155,101356.7569,42780.2224,1620810.2854,1285203.6775,0
4139,000806.SZ,20230106,2.0,1.1407,1.2172,1.03,,,,1.9228,1.4763,0.0,,109991.1762,69930.4718,65531.4566,219982.3524,139860.9436,0
4140,000875.SZ,20230106,6.15,1.4379,1.9411,1.36,38.1008,28.8266,1.5147,1.3022,1.115,0.0,,279020.8174,244567.5717,181166.5394,1715978.027,1504090.566,0
4141,600521.SH,20230106,22.98,1.9845,3.3823,0.65,69.9237,49.2324,4.9677,5.1313,4.3241,0.432,0.432,148347.4941,145461.3001,85346.1176,3409025.4144,3342700.6763,0
4142,300215.SZ,20230106,5.64,0.3271,0.7532,0.99,22.1954,41.9774,2.1583,4.9581,5.7471,0.0,,75832.2487,69974.7487,30386.6854,427693.8827,394657.5827,0
4143,300884.SZ,20230106,10.1,1.0461,1.1026,1.19,24.5901,28.8827,1.9346,2.7027,2.8474,1.4144,1.4144,25200.0,14498.5838,13755.2468,254520.0,146435.6964,0
4144,688488.SH,20230106,11.5,2.6933,2.6933,1.97,,,3.8827,18.8886,26.8063,,,42000.0,21574.032,21574.032,483000.0,248101.368,0
4145,002663.SZ,20230106,1.94,0.8242,0.9016,0.8,,,1.0955,1.2458,1.4048,0.0,,179589.0452,124787.4041,114078.9779,348402.7477,242087.564,0
4146,600221.SH,20230106,1.84,0.349,0.4984,1.17,16.8434,,,2.3386,3.1216,0.0,,4321563.2535,3287267.6656,2301983.5988,7951676.3864,6048572.5047,0
4147,002572.SZ,20230106,20.35,4.8697,5.679,2.64,151.4718,240.5724,3.1559,1.784,1.6731,2.9326,2.9326,91237.0038,63877.9338,54775.2438,1856673.0273,1299915.9528,0
4148,002112.SZ,20230106,7.9,5.6248,6.7139,1.76,111.5264,77.1679,4.7532,2.003,1.9066,0.1947,0.1947,26208.0,25844.3761,21651.9408,207043.2,204170.5712,0
4149,600187.SH,20230106,2.96,10.7069,14.5424,0.63,,,1.5195,12.4234,13.8519,0.0,,161378.1103,161378.1103,118815.7703,477679.2065,477679.2065,0
4150,002759.SZ,20230106,16.93,1.5446,2.3964,1.5,9.2839,8.2222,1.8115,3.0706,2.152,2.2094,2.2094,40855.2567,40212.0955,25919.0525,691679.4959,680790.7768,0
4151,000716.SZ,20230106,8.87,28.837,45.7896,0.96,,,2.5149,1.6397,2.0014,0.0,,74399.955,69592.6611,43827.4484,659927.6009,617286.904,1
4152,000729.SZ,20230106,10.54,0.9451,2.066,1.3,130.2893,88.1131,2.1267,2.4837,2.3034,0.3795,0.3795,281853.9341,250956.0118,114806.0527,2970740.4654,2645076.3644,0
4153,000538.SZ,20230106,55.04,0.236,0.6117,1.02,35.2756,37.2084,2.6145,2.719,2.8316,2.0757,2.0757,179686.2549,168459.468,64991.0399,9889931.4697,9272009.1187,0
4154,002134.SZ,20230106,8.55,1.2918,1.8323,1.29,78.0585,80.6161,4.7432,3.0026,3.3969,0.0,,24584.9768,24584.9768,17332.4014,210201.5516,210201.5516,0
4155,300727.SZ,20230106,26.37,3.3127,8.7868,1.85,35.9654,35.9236,4.4851,3.0313,2.7223,0.5688,0.5688,12688.0,11323.2032,4268.9389,334582.56,298592.8684,0
4156,000993.SZ,20230106,10.51,2.0136,4.3833,1.81,40.0611,23.3391,2.1434,8.255,7.4059,0.0,,45795.1455,43974.7572,20200.7007,481306.9792,462174.6982,0
4157,600315.SH,20230106,31.15,1.5631,3.2593,0.86,32.5712,39.0158,2.9958,2.7657,2.9495,0.9307,0.9307,67887.3194,67319.438,32285.0802,2114689.9993,2097000.4937,0
4158,301026.SZ,20230106,40.16,7.7928,7.7928,1.96,18.472,28.7933,3.3389,2.0348,1.5957,0.996,0.996,11333.3334,5574.5834,5574.5834,455146.6693,223875.2693,0
4159,000810.SZ,20230106,14.71,1.8886,4.1144,1.14,40.1147,19.6807,2.8427,1.5599,1.3808,0.6278,0.6278,115021.6072,111727.231,51285.9051,1691967.8419,1643507.568,0
4160,301078.SZ,20230106,12.41,1.1189,2.3946,0.65,68.4474,118.3154,4.4397,1.5251,1.5618,0.1577,0.1577,111204.45,61605.1292,28786.5225,1380047.2245,764519.6534,0
4161,000066.SZ,20230106,10.65,0.9964,1.6402,0.78,57.4855,973.6902,2.5943,1.9311,2.2292,0.4432,0.4432,322579.9087,314679.3276,191177.6114,3435476.0277,3351334.8389,0
4162,300930.SZ,20230106,26.24,3.8483,3.8483,1.98,27.277,27.0106,3.3689,5.0271,6.2551,0.3811,0.3811,10000.0,2950.0,2950.0,262400.0,77408.0,0
4163,605060.SH,20230106,27.76,1.1344,1.3775,0.73,41.7048,31.4425,3.3303,8.3843,6.5199,1.1969,1.1969,24125.6,8160.0,6720.0,669726.656,226521.6,0
4164,300903.SZ,20230106,12.66,2.2829,2.2829,0.72,73.998,73.1303,2.2205,2.3307,2.0628,0.2134,0.2134,41469.4422,25970.0059,25970.0059,525003.1383,328780.2747,0
4165,002042.SZ,20230106,3.06,1.2779,2.1998,1.17,9.1341,12.246,0.7432,0.3115,0.3009,5.8373,5.8373,170068.1355,170068.1355,98799.3593,520408.4946,520408.4946,0
4166,002650.SZ,20230106,4.72,3.7922,6.5714,0.68,,,2.33,3.0988,2.9686,1.806,1.806,115200.0,115196.25,66476.5647,543744.0,543726.3,0
4167,300289.SZ,20230106,5.82,1.3968,1.9994,1.02,141.2248,113.7628,1.7035,5.6132,4.5773,0.3436,0.3436,54401.1487,41779.8335,29187.8335,316614.6854,243158.631,0
4168,600566.SH,20230106,27.69,0.8546,2.2223,0.65,14.8474,12.5166,2.4016,3.3452,3.1454,2.3664,2.3664,92182.216,91574.816,35215.2342,2552525.561,2535706.655,0
4169,601886.SH,20230106,8.17,1.2474,3.8002,2.78,,,1.4621,0.4453,0.4902,1.224,1.224,113300.206,113300.206,37191.1394,925662.683,925662.683,0
4170,001234.SZ,20230106,23.68,3.4326,3.4326,1.1,25.7606,28.2846,2.8756,2.9055,3.0787,2.1115,2.1115,10666.67,2666.67,2666.67,252586.7456,63146.7456,0
4171,600529.SH,20230106,27.0,0.9485,1.212,0.77,30.3129,29.0773,2.6207,4.6235,4.4149,0.9962,0.9962,66361.4113,59496.7747,46558.6767,1791758.1051,1606412.9169,0
4172,300729.SZ,20230106,16.66,0.6557,1.3436,1.01,21.5752,18.1586,1.6767,1.3877,1.2922,1.1079,1.1079,23916.1729,20747.4368,10125.2378,398443.4405,345652.2971,0
4173,601388.SH,20230106,3.36,0.66,1.1344,1.11,8.6852,15.1208,1.8023,0.893,0.9101,2.381,2.381,220144.1946,202079.4826,117565.9926,739684.4939,678987.0615,0
4174,600449.SH,20230106,11.94,0.5306,1.041,0.55,7.1258,8.0699,0.8025,0.9873,0.7042,4.5226,4.5226,47818.1042,47818.1042,24370.5938,570948.1641,570948.1641,0
4175,920526.BJ,20230106,4.11,2.3994,2.3994,0.49,16.3279,17.793,1.7153,2.4135,2.6571,,,8000.0,2108.0068,2108.0068,32880.0,8663.9079,0
4176,301365.SZ,20230106,25.94,3.1444,3.1444,0.75,14.1587,14.9568,1.8039,3.5119,3.5878,,,12000.0,2845.3944,2845.3944,311280.0,73809.5307,0
4177,600608.SH,20230106,4.58,0.2722,0.3358,1.09,954.2499,462.7024,21.9901,4.6705,4.0496,0.0,,32886.1441,31837.1441,25809.9759,150618.54,145814.12,0
4178,688102.SH,20230106,17.05,9.3866,9.457,1.93,107.6378,88.2216,7.0206,7.0435,7.0341,,,40001.0,3459.1476,3433.3871,682017.05,58978.4666,0
4179,300081.SZ,20230106,6.89,2.6616,2.7534,0.81,,,1.9469,8.5601,13.8203,0.0,,60479.5417,49196.2895,47554.8365,416704.0423,338962.4347,0
4180,603051.SH,20230106,68.29,13.9187,13.9187,1.32,56.414,47.7406,4.6245,3.7637,2.5445,0.5775,0.5775,9331.9,2300.3,2300.3,637275.451,157087.487,1
4181,000966.SZ,20230106,4.91,2.1439,3.2898,1.05,,,1.3991,1.1098,0.9512,0.0,,274932.7699,130795.1301,85235.1244,1349919.9002,642204.0888,0
4182,600101.SH,20230106,9.05,3.9237,5.7217,1.7,30.9385,22.5875,1.4433,1.9781,1.6738,0.884,0.884,42143.267,42143.267,28900.219,381396.5664,381396.5664,0
4183,605296.SH,20230106,25.0,0.86,0.86,0.78,53.4368,271.4373,2.9495,4.7159,4.9698,0.7634,0.7634,52430.4516,6608.6759,6608.6759,1310761.29,165216.8975,0
4184,002144.SZ,20230106,10.46,1.6869,1.8234,0.95,28.5037,44.6897,0.9727,3.0762,3.0628,0.956,0.956,17676.2528,13789.9605,12757.6007,184893.6043,144242.9868,0
4185,300485.SZ,20230106,12.09,3.5206,4.6515,0.78,14.4762,11.2598,1.7027,5.5418,6.9279,1.3896,1.3896,48166.64,27025.4682,20455.2484,582334.6776,326737.9105,0
4186,688181.SH,20230106,38.65,0.6686,0.954,2.37,18.0384,17.5546,1.9112,4.2047,3.8815,,,9647.3014,9647.3014,6761.2633,372868.1991,372868.1991,0
4187,000970.SZ,20230106,14.15,7.5313,9.9484,2.09,43.1269,21.2466,2.7891,2.4074,1.7657,0.5654,0.5654,121572.5773,121572.5773,92034.4624,1720251.9688,1720251.9688,0
4188,600692.SH,20230106,6.15,5.5984,6.0131,3.24,47.4305,108.012,2.3652,1.4364,1.8772,0.0,,35176.4064,25501.0517,23742.2313,216334.8994,156831.468,0
4189,603113.SH,20230106,9.37,0.3207,0.645,0.77,8.5716,125.2345,0.9454,0.669,0.4413,3.7041,3.7041,85508.5489,85508.5489,42520.9323,801215.1032,801215.1032,0
4190,300089.SZ,20230106,2.12,2.229,3.3492,0.57,,,,13.4595,14.1191,0.0,,48105.687,40562.6932,26996.0529,101984.0564,85992.9096,0
4191,688237.SH,20230106,59.27,2.483,2.483,0.84,75.0842,74.6177,4.1483,37.5837,34.2237,,,8960.331,1881.5653,1881.5653,531078.8184,111520.3753,0
4192,000821.SZ,20230106,18.12,10.831,14.3312,2.74,77.3935,55.7221,3.5221,2.7625,2.5222,0.0,,62287.4778,57286.4098,43294.9032,1128649.0977,1038029.7456,0
4193,002782.SZ,20230106,19.45,3.438,9.7263,3.24,352.966,298.2765,6.0333,5.6232,3.7746,0.2571,0.2571,47672.3227,47434.2127,16766.9933,927226.6765,922595.437,0
4194,000567.SZ,20230106,15.04,0.7058,2.8743,1.05,36.4719,20.1002,2.7975,20.9768,13.1855,2.0497,2.0497,92965.1442,92767.2105,22780.6805,1398195.7688,1395218.8459,0
4195,300402.SZ,20230106,21.01,1.7824,5.5262,0.77,80.204,69.3715,6.4607,3.3773,3.0774,0.476,0.476,20200.0,20200.0,6515.0,424402.0,424402.0,0
4196,002849.SZ,20230106,19.88,1.2438,1.5841,0.7,60.2789,56.0551,2.5223,2.7351,3.3158,0.2112,0.2112,15759.5726,10891.4989,8551.7326,313300.3033,216522.9981,0
4197,002358.SZ,20230106,4.34,0.5005,0.5896,0.69,,,1.2979,2.3622,1.9268,0.0,,92975.6977,92886.4981,78863.2781,403514.528,403127.4018,0
4198,300141.SZ,20230106,8.45,1.7899,3.019,1.88,238.4498,583.9398,3.214,6.6004,8.5954,0.1775,0.1775,25388.46,19651.0668,11650.7521,214532.487,166051.5145,0
4199,600010.SH,20230106,1.93,0.4578,0.7165,0.8,30.6927,,1.6373,1.0208,1.0944,0.9806,0.9806,4558503.2648,3167721.1587,2023915.6811,8797911.3011,6113701.8363,0
4200,002089.SZ,20230106,2.22,1.7368,1.8704,1.64,646.4972,32.1741,2.4379,12.9788,15.3048,0.0,,137466.9616,124680.2926,115774.9057,305176.6548,276790.2496,0
4201,600861.SH,20230106,22.28,1.3383,2.035,1.28,,,3.425,10.1229,12.9146,0.0,,31680.4949,31680.4949,20835.2552,705841.4264,705841.4264,0
4202,300560.SZ,20230106,14.12,3.3549,5.0311,1.19,44.1026,63.3051,2.9228,3.2927,2.7567,0.619,0.619,22781.4392,17080.0289,11389.6776,321673.9215,241170.0081,0
4203,601958.SH,20230106,11.6,1.2959,4.7095,0.94,75.6453,35.748,2.9297,4.6939,4.1458,0.8621,0.8621,322660.44,322660.44,88781.936,3742861.104,3742861.104,0
4204,000701.SZ,20230106,5.99,1.5178,2.1591,0.68,74.0108,1103.8842,6.3901,0.0312,0.034,0.0,,56457.8376,41124.4056,28908.2448,338182.4472,246335.1895,0
4205,601208.SH,20230106,12.6,2.1475,2.8874,1.95,33.8882,27.9755,2.965,3.5726,3.313,0.7693,0.7693,91695.1112,88842.0612,66076.6237,1155358.4011,1119409.9711,0
4206,002425.SZ,20230106,4.83,1.4297,1.8692,0.59,56.6879,,0.9364,4.9534,6.1084,0.0,,95666.5066,95596.0898,73121.4689,462069.2269,461729.1137,0
4207,688271.SH,20230106,176.39,2.6558,2.6558,1.42,102.5789,94.0775,8.7032,20.0411,17.2123,,,82415.7988,4725.0542,4725.0542,14537322.7503,833452.3103,0
4208,600592.SH,20230106,7.07,0.8789,1.4141,1.27,9.4742,29.481,1.2813,1.9683,1.7627,1.7256,1.7256,39955.3571,39955.3571,24831.9771,282484.3747,282484.3747,0
4209,600997.SH,20230106,6.76,0.5206,1.6947,1.24,5.9127,5.294,0.762,0.4802,0.4188,6.8047,6.8047,158779.9851,158779.9851,48778.1263,1073352.6993,1073352.6993,0
4210,603176.SH,20230106,7.13,2.4644,2.4644,0.75,39.7233,50.3847,3.3372,1.405,1.3104,0.4208,0.4208,46666.0,14999.3334,14999.3334,332728.58,106945.2471,0
4211,600216.SH,20230106,12.1,1.3878,2.2203,1.33,11.1717,14.988,1.2741,1.2792,1.3834,2.7273,2.7273,96512.8,95829.6225,59897.6291,1167804.88,1159538.4323,0
4212,600419.SH,20230106,15.53,2.1196,3.1882,0.86,33.2233,26.0669,2.1941,2.3575,2.0816,0.9079,0.9079,32019.0246,30414.5474,20220.1412,497255.452,472337.9211,0
4213,603758.SH,20230106,9.07,2.9,8.4384,2.23,38.8237,34.6515,1.5353,2.8044,3.1709,5.2074,5.2074,43879.7049,43879.7049,15079.888,397988.9234,397988.9234,0
4214,300403.SZ,20230106,6.3,4.0117,4.7953,1.46,16.5319,17.6321,2.1251,3.3678,3.4766,1.2698,1.2698,60300.0,39216.6509,32808.635,379890.0,247064.9007,0
4215,301105.SZ,20230106,38.23,9.8201,9.8201,,28.5331,30.7484,2.069,5.9086,7.2177,,,5000.0,1250.0,1250.0,191150.0,47787.5,0
4216,000885.SZ,20230106,9.78,0.7028,2.0785,1.08,6.5222,6.0551,0.9913,1.1151,0.9998,1.5337,1.5337,64207.8255,64207.8255,21709.9109,627952.5334,627952.5334,0
4217,605098.SH,20230106,29.36,3.3595,4.0943,0.94,20.2964,22.2513,3.3197,6.2441,6.4253,3.6493,3.6493,11807.86,4395.5898,3606.7843,346678.7696,129054.5165,0
4218,301095.SZ,20230106,90.55,6.5362,6.5362,1.84,284.0909,252.6318,5.855,91.4063,69.4642,0.0,,20000.0,3989.5313,3989.5313,1811000.0,361252.0592,0
4219,002400.SZ,20230106,4.37,1.6537,2.0519,0.79,41.4346,40.5314,1.6214,0.5859,0.5741,0.3661,0.3661,174333.7128,168718.9081,135975.2846,761838.3249,737301.6284,0
4220,600984.SH,20230106,5.88,0.9798,1.5797,0.81,19.7299,,1.2305,1.5644,1.8038,0.6541,0.6541,125704.3925,117095.3405,72628.8182,739141.8279,688520.6021,0
4221,603605.SH,20230106,169.0,0.5686,1.1597,1.39,83.1682,67.7588,15.3209,10.3417,8.5823,0.3608,0.3608,28351.9469,28141.9469,13797.6258,4791479.0261,4755989.0261,0
4222,603970.SH,20230106,29.53,1.1685,2.8995,1.18,33.291,27.963,4.4306,0.6427,0.514,1.1852,1.1852,19200.0096,19200.0096,7737.6096,566976.2835,566976.2835,0
4223,300882.SZ,20230106,16.03,3.8906,3.8906,1.35,50.2777,33.5912,3.6214,5.9987,4.3742,0.3119,0.3119,20442.942,5760.6445,5760.6445,327700.3603,92343.1313,0
4224,300128.SZ,20230106,3.75,1.7508,2.5097,1.66,,,4.4669,4.2204,3.3085,0.0,,109411.5412,109302.2712,76249.7628,410293.2795,409883.517,0
4225,300491.SZ,20230106,14.43,1.6489,2.3929,1.09,76.9788,53.7303,2.5415,5.9442,4.3964,0.2079,0.2079,17345.3199,15386.5229,10602.3281,250292.9662,222027.5254,0
4226,002677.SZ,20230106,11.52,0.6999,1.2813,0.8,11.1971,12.6903,3.9493,3.4397,3.6707,5.7292,5.7292,64605.1647,43048.5344,23515.9212,744251.4973,495919.1163,0
4227,603717.SH,20230106,7.08,0.9066,1.3248,0.69,,,1.414,3.2194,2.4478,0.0,,29014.624,29014.624,19855.5611,205423.5379,205423.5379,0
4228,001202.SZ,20230106,14.51,4.716,5.6818,1.05,40.0885,50.1716,2.7259,2.5026,1.7747,4.1351,4.1351,12880.0,4022.2,3338.51,186888.8,58362.122,0
4229,603351.SH,20230106,23.31,0.9602,2.3395,1.26,31.1532,32.8684,2.1617,3.0298,2.797,1.287,1.287,13547.8432,13259.1412,5441.6483,315800.225,309070.5814,0
4230,600051.SH,20230106,7.58,2.4734,3.4879,0.86,9.4479,9.5529,0.7315,0.6325,0.5907,1.3193,1.3193,31088.0,31088.0,22046.24,235647.04,235647.04,0
4231,002988.SZ,20230106,14.92,4.4827,4.5278,1.35,24.9584,57.9982,1.5753,0.6202,0.6033,1.4745,1.4745,23277.0515,8043.5333,7963.4233,347293.6084,120009.5168,0
4232,600636.SH,20230106,9.64,2.5678,4.5033,0.68,,,1.648,9.5532,10.1898,0.4193,0.4193,44044.9035,44044.9035,25114.7349,424592.8697,424592.8697,0
4233,605089.SH,20230106,70.4,6.2206,6.2206,0.82,53.0777,50.1147,5.961,9.2069,8.783,1.4205,1.4205,10000.0,2650.0,2650.0,704000.0,186560.0,0
4234,000530.SZ,20230106,4.55,1.3641,1.9098,0.95,,,1.2803,1.8364,1.6111,0.2198,0.2198,84321.2507,59819.4679,42727.7745,383661.6907,272178.5789,0
4235,300950.SZ,20230106,18.01,3.1461,3.1461,0.88,62.9682,39.4606,4.392,9.1717,8.2667,0.3702,0.3702,15000.0,6000.0,6000.0,270150.0,108060.0,0
4236,002674.SZ,20230106,11.02,0.7138,1.5616,1.7,17.7393,23.6995,1.3745,1.8631,1.7004,2.7223,2.7223,29186.2944,28886.6652,13204.3102,321632.9643,318331.0505,0
4237,300777.SZ,20230106,49.75,0.753,0.9577,0.84,108.6566,58.0821,6.0514,53.1067,34.6826,0.1668,0.1668,43957.4787,40707.6517,32008.8344,2186884.5653,2025205.6721,0
4238,301060.SZ,20230106,20.01,2.5892,3.2839,0.92,39.3168,12.7051,3.9013,4.5067,2.2185,1.4993,1.4993,40051.7,18384.3692,14494.8792,801434.517,367871.2277,0
4239,688432.SH,20230106,13.9,4.404,4.404,1.04,116.8882,49.1366,4.4282,19.9526,14.389,,,124762.1058,13923.1744,13923.1744,1734193.2706,193532.1242,0
4240,000990.SZ,20230106,9.0,0.6372,1.3664,1.79,10.8456,,0.6369,0.8977,0.917,0.0,,121523.7535,121523.6635,56666.8406,1093713.7815,1093712.9715,0
4241,301198.SZ,20230106,25.1,6.6754,6.6754,0.96,53.7333,47.6281,3.5123,8.9899,7.8593,0.9194,0.9194,13000.0,5987.8,5987.8,326300.0,150293.78,0
4242,920718.BJ,20230106,5.15,0.7901,0.7901,0.93,10.609,9.8549,1.0088,0.5439,0.502,,,9066.67,1995.876,1995.876,46693.3505,10278.7614,0
4243,600676.SH,20230106,3.85,0.3453,0.6436,0.8,339.0538,,0.7553,0.5273,0.6741,0.0,,102849.2944,102849.2944,55189.9254,395969.7834,395969.7834,0
4244,300686.SZ,20230106,12.08,3.9801,4.4822,1.46,57.1069,,1.8912,1.4814,1.8025,0.3136,0.3136,26562.424,19836.6085,17614.4499,320874.0819,239626.2307,0
4245,688055.SH,20230106,4.11,0.1079,0.5623,0.79,15.0451,33.4053,2.8435,2.3897,2.9759,,,333333.34,180333.34,34611.34,1370000.0274,741170.0274,0
4246,002119.SZ,20230106,11.91,2.7165,3.929,1.03,24.6619,29.1196,3.6619,2.0366,2.4243,0.4198,0.4198,37528.4,36491.0,25230.4085,446963.244,434607.81,0
4247,000652.SZ,20230106,4.09,1.0894,1.6259,0.84,25.047,24.6537,1.1032,0.285,0.2771,0.2445,0.2445,147557.3852,147445.4109,98787.3598,603509.7055,603051.7306,0
4248,300231.SZ,20230106,7.95,2.0975,2.2629,0.71,19.5589,19.6974,2.5194,1.4182,1.4538,2.5157,2.5157,41896.2312,34358.4357,31846.5977,333075.038,273149.5638,0
4249,688247.SH,20230106,16.53,5.148,5.148,0.44,55.5435,53.136,6.518,23.7541,27.6326,,,45334.0,4090.992,4090.992,749371.02,67624.0978,0
4250,605488.SH,20230106,13.43,2.871,2.871,0.65,18.621,30.3922,2.2946,1.384,1.2264,2.5729,2.5729,17676.4425,4350.0,4350.0,237394.6228,58420.5,0
4251,300412.SZ,20230106,6.09,1.5941,2.3642,0.81,41.1322,56.1722,2.6308,2.8608,2.8477,0.5795,0.5795,49775.6637,47245.3146,31855.5349,303133.7919,287723.9659,0
4252,603056.SH,20230106,22.63,0.698,3.0273,0.87,162.6865,49.9219,3.7223,0.7411,0.735,0.0,,102695.747,96000.0,22133.3456,2324004.7546,2172480.0,0
4253,301196.SZ,20230106,34.25,0.6568,0.6568,1.11,22.286,28.7945,1.4667,3.6875,4.4898,1.7518,1.7518,12480.0,3120.0,3120.0,427440.0,106860.0,0
4254,300026.SZ,20230106,5.85,1.4489,2.1924,0.6,25.5694,33.7497,2.1581,2.2911,2.4807,0.6838,0.6838,300415.4837,269874.6067,178354.8903,1757430.5796,1578766.4492,0
4255,002973.SZ,20230106,10.99,0.3221,1.2363,0.97,17.6021,18.9786,2.4802,1.348,1.1786,0.9099,0.9099,40866.495,40865.16,10646.2622,449122.7801,449108.1084,0
4256,688210.SH,20230106,23.11,0.6124,0.7636,0.84,54.563,34.3075,2.1942,7.3006,5.7407,,,11200.0,7293.68,5850.2317,258832.0,168556.9448,0
4257,300932.SZ,20230106,15.09,1.6479,2.1929,1.39,22.6403,39.4295,1.5864,1.5682,1.3957,1.4201,1.4201,17588.1318,9069.234,6815.234,265404.9089,136854.7411,0
4258,002436.SZ,20230106,10.43,1.5399,1.6159,0.65,28.3544,27.1072,2.7437,3.4964,3.2187,0.8444,0.8444,168954.6322,129870.5362,123761.1224,1762196.8138,1354549.6926,0
4259,301290.SZ,20230106,38.0,6.8948,6.8948,0.77,34.5264,32.9175,1.7577,8.5254,8.3381,,,10017.3334,2263.1536,2263.1536,380658.6692,85999.8368,0
4260,002173.SZ,20230106,6.67,1.9654,2.7513,0.79,,,1.5286,4.2473,4.2085,0.0,,45307.9583,37528.7835,26807.9213,302204.0819,250316.9859,0
4261,300936.SZ,20230106,26.22,2.0789,2.0789,0.99,38.1181,47.5836,2.2361,9.0607,8.3814,1.5256,1.5256,7520.0,2655.875,2655.875,197174.4,69637.0425,0
4262,002268.SZ,20230106,30.53,5.6229,8.8341,2.37,108.4848,92.8428,5.2016,9.2596,7.7982,0.1638,0.1638,84587.6603,83832.0353,53358.5084,2582461.269,2559392.0377,0
4263,001316.SZ,20230106,38.65,4.4214,4.4214,0.77,23.9165,23.9792,2.9932,4.4381,5.3343,0.0,,8000.0,2000.0,2000.0,309200.0,77300.0,0
4264,603838.SH,20230106,5.8,0.6609,1.5932,1.11,57.5822,,1.7393,4.9102,7.3127,0.6897,0.6897,32001.6,28481.6,11815.4468,185609.28,165193.28,0
4265,002519.SZ,20230106,4.75,1.0094,1.3997,0.9,372.7693,31.6207,1.7643,3.7553,4.5831,0.0,,112643.0898,99124.7711,71482.2189,535054.6766,470842.6627,0
4266,603529.SH,20230106,56.85,7.527,9.2617,1.07,49.2045,22.3348,5.2693,2.1217,1.6243,0.6282,0.6282,57470.0004,14617.4004,11879.6938,3267169.5227,830999.2127,0
4267,000900.SZ,20230106,4.14,0.5117,0.9517,1.15,10.0694,13.1454,0.5986,0.3984,0.5014,3.8647,3.8647,151782.8334,151776.0834,81608.1949,628380.9303,628352.9853,0
4268,600958.SH,20230106,9.42,1.5108,2.1672,1.7,14.9006,26.2178,1.107,3.2842,4.5589,2.6539,2.6539,849664.5292,746948.2864,520705.4164,8003839.8651,7036252.8579,0
4269,601156.SH,20230106,15.5,0.9062,1.6149,0.93,6.7846,5.9359,1.9186,1.1071,0.9922,4.4516,4.4516,158755.5556,80171.5556,44988.1096,2460711.1118,1242659.1118,0
4270,600770.SH,20230106,7.22,0.4017,0.7191,0.78,156.7599,,2.8027,25.1412,24.9555,0.0,,130000.0,130000.0,72615.9262,938600.0,938600.0,0
4271,600097.SH,20230106,10.26,2.0878,4.7958,0.57,12.9427,61.1254,1.2283,1.2483,1.4506,2.3392,2.3392,24093.6559,24093.6559,10489.1162,247200.9095,247200.9095,0
4272,688089.SH,20230106,48.18,1.3151,1.3303,0.94,44.9654,54.8039,4.0467,16.4667,15.4404,,,12000.0,6523.4731,6448.5886,578160.0,314300.934,0
4273,603813.SH,20230106,14.45,0.6887,1.7149,0.67,49.8365,31.4557,2.2111,3.133,2.8175,0.6024,0.6024,10628.0,8878.2,3565.2,153574.6,128289.99,0
4274,300174.SZ,20230106,21.81,3.5573,5.1817,1.24,52.1266,35.6316,2.821,4.9284,4.0967,0.394,0.394,36336.1953,36233.0555,24874.1819,792492.4195,790242.9405,0
4275,688007.SH,20230106,27.84,1.0327,1.549,0.84,54.5322,112.251,4.8592,5.094,4.69,,,45710.7538,45710.7538,30475.9629,1272587.3858,1272587.3858,0
4276,002416.SZ,20230106,9.42,1.439,2.8195,1.84,12.6604,14.4962,2.0062,0.1228,0.1196,4.7771,4.7771,123928.1806,122373.4004,62455.1093,1167403.4613,1152757.4318,0
4277,000953.SZ,20230106,6.66,3.4186,5.9539,0.72,243.3912,923.3565,14.0202,15.0264,15.1659,0.0,,36612.2195,36612.2195,21021.9309,243837.3819,243837.3819,0
4278,600810.SH,20230106,7.78,0.4717,0.782,0.99,3.7887,7.8098,1.0675,0.6056,0.5738,7.7121,7.7121,104417.5874,71403.119,43071.3859,812368.83,555516.2658,0
4279,300073.SZ,20230106,58.97,3.8957,4.8825,1.69,27.3775,16.2187,2.7884,3.617,1.7392,0.719,0.719,50650.0774,48618.9152,38792.6524,2986835.0643,2867057.4293,0
4280,603477.SH,20230106,23.4,3.367,6.9994,1.17,45.7276,,3.7407,3.9701,3.4681,0.2222,0.2222,50609.4309,48173.0186,23173.1948,1184260.6831,1127248.6352,0
4281,301119.SZ,20230106,27.45,2.5629,2.6911,1.41,41.4251,25.0803,2.5993,6.2015,5.2709,0.2732,0.2732,8000.0,2100.0,2000.0,219600.0,57645.0,0
4282,000858.SZ,20230106,190.46,0.6013,1.3313,1.13,31.6246,28.3917,6.8884,11.166,10.2299,1.5872,1.5872,388160.8005,388144.524,175307.3877,73929106.0632,73926006.041,0
4283,300322.SZ,20230106,7.66,1.0039,1.2344,1.0,74.5233,,2.7563,1.8188,2.1147,0.3003,0.3003,46574.6427,43936.0356,35730.1083,356761.7631,336550.0327,0
4284,300371.SZ,20230106,11.73,0.6663,1.0295,1.09,12.6743,12.4129,2.0093,3.7569,3.3838,2.3727,2.3727,16768.108,10922.5652,7069.3921,196689.9068,128121.6898,0
4285,603180.SH,20230106,31.23,1.3598,4.292,1.83,14.2536,13.9877,1.9559,1.3973,1.296,3.3969,3.3969,15425.6882,15425.6882,4887.3972,481744.2425,481744.2425,0
4286,603001.SH,20230106,6.41,0.6021,1.4262,1.24,75.4808,,0.8056,0.8688,0.8793,7.8003,7.8003,40098.0,40098.0,16929.2283,257028.18,257028.18,0
4287,603161.SH,20230106,13.23,1.9238,3.7733,1.23,,,1.4721,0.9304,0.8848,0.0,,13340.0,13340.0,6801.26,176488.2,176488.2,0
4288,688323.SH,20230106,24.37,0.6964,0.8152,1.17,78.2617,93.1252,4.2669,13.759,14.5669,,,18000.0,9548.3882,8157.0882,438660.0,232694.2204,0
4289,002742.SZ,20230106,4.49,2.5589,4.0036,0.92,,,1.8523,0.7793,0.8952,0.0,,43200.0,41238.3292,26357.8846,193968.0,185160.0981,0
4290,920599.BJ,20230106,7.06,0.1702,0.1954,0.93,8.6408,6.7322,1.6735,0.7803,0.6006,,,45252.5,20978.4697,18271.6202,319482.65,148107.9961,0
4291,688365.SH,20230106,8.54,0.9596,1.3514,0.63,,,3.5422,6.2797,6.5991,,,40100.0,17031.272,12093.3136,342454.0,145447.0629,0
4292,000570.SZ,20230106,5.09,4.2907,6.5254,3.8,34.8714,26.9858,1.0879,1.4647,1.6365,0.5108,0.5108,70569.2507,49887.4326,32802.909,359197.4861,253927.0319,0
4293,600236.SH,20230106,5.76,0.0931,0.5768,0.69,33.5808,15.1013,2.7084,5.3959,4.2679,2.6042,2.6042,788237.7802,788237.7802,127265.6813,4540249.614,4540249.614,0
4294,688667.SH,20230106,95.36,3.4303,3.8903,2.38,35.9195,65.3992,3.263,5.9194,6.444,,,5181.214,2286.4829,2016.1355,494080.567,218039.0093,0
4295,002745.SZ,20230106,8.6,4.1222,5.0106,3.96,11.0129,20.6941,0.9366,0.6857,0.7352,1.6047,1.6047,148416.6399,96241.9562,79178.1612,1276383.1031,827680.8233,0
4296,603871.SH,20230106,20.07,1.9915,5.2792,1.89,29.2752,17.8705,2.5379,2.5813,1.9483,1.5792,1.5792,50004.8597,50004.8597,18863.5464,1003597.5342,1003597.5342,0
4297,300363.SZ,20230106,42.8,2.3413,3.2132,0.63,44.6064,13.4233,4.2002,7.5262,3.7137,0.4494,0.4494,54602.742,49974.8929,36414.056,2336997.3576,2138925.4161,0
4298,600620.SH,20230106,11.37,1.0491,1.4965,1.39,63.4418,,4.1911,186.7043,424.4998,0.4837,0.4837,68667.7113,68667.7113,48139.4369,780751.8775,780751.8775,0
4299,600056.SH,20230106,16.37,3.7092,7.8518,0.58,37.8445,42.3544,2.261,0.6758,0.6723,0.7927,0.7927,149587.9748,149535.1478,70639.8276,2448755.1475,2447890.3695,0
4300,002431.SZ,20230106,3.07,4.5378,6.6629,0.91,,,1.2324,1.3756,1.7832,0.0,,181281.6265,145830.9268,99319.0138,556534.5934,447700.9453,0
4301,603699.SH,20230106,10.86,0.5657,1.7098,1.44,21.5515,18.6749,2.5954,2.0533,2.0271,2.302,2.302,74906.2,74906.2,24782.1112,813481.332,813481.332,0
4302,002293.SZ,20230106,11.16,0.7196,1.6952,1.56,13.142,15.2627,2.3318,1.6273,1.7105,5.3667,5.3667,83988.2881,82651.9382,35083.1564,937309.2952,922395.6303,0
4303,600098.SH,20230106,5.63,0.4014,1.3497,0.93,98.4583,29.431,0.8283,0.5263,0.4405,1.7578,1.7578,354405.5525,320679.5539,95358.0418,1995303.2606,1805425.8885,0
4304,300654.SZ,20230106,9.91,0.6293,1.1711,0.55,60.6087,53.9779,2.7448,5.1043,4.8317,0.7568,0.7568,21187.558,18786.5582,10094.4332,209968.6998,186174.7918,0
4305,300288.SZ,20230106,11.15,3.461,4.0076,0.8,59.1816,59.2054,2.4727,9.2815,8.5865,0.1794,0.1794,33794.1402,25152.9316,21721.9147,376804.6632,280455.1873,0
4306,002437.SZ,20230106,2.53,1.2641,1.9997,0.7,123.4681,,2.8812,1.7681,1.7153,0.0,,219812.295,219080.0317,138486.9073,556125.1064,554272.4802,0
4307,002783.SZ,20230106,9.0,2.2737,2.7776,1.23,,,2.3344,1.2835,1.088,0.0,,39094.3834,33292.2922,27252.7276,351849.4506,299630.6298,0
4308,002732.SZ,20230106,21.15,6.4298,15.3708,0.67,21.098,39.7054,2.6969,1.6768,1.7552,0.9456,0.9456,15735.0,15606.9851,6528.6251,332795.25,330087.7349,0
4309,002752.SZ,20230106,5.29,0.9102,2.5225,0.48,30.3104,20.5184,1.8015,1.0003,0.7503,0.5671,0.5671,97691.8468,97536.523,35194.8357,516789.8696,515968.2067,0
4310,603997.SH,20230106,15.82,0.9893,2.3347,1.14,139.8076,,3.7762,1.0496,1.0176,0.0,,111678.6419,111678.6419,47324.534,1766756.1149,1766756.1149,0
4311,000998.SZ,20230106,16.14,2.1615,2.8602,1.05,340.3811,,4.172,6.0671,5.3677,0.0,,131697.0298,129598.4717,97940.5568,2125590.061,2091719.3332,0
4312,300135.SZ,20230106,2.87,3.9925,4.7579,2.78,,,2.2419,1.159,1.2674,0.0,,92160.0,70976.9304,59559.1872,264499.2,203703.7902,0
4313,600410.SH,20230106,5.49,2.3594,2.4917,0.85,260.5448,,1.3295,1.5846,1.5401,0.0778,0.0778,109649.4683,109649.4683,103827.2744,601975.581,601975.581,0
4314,600654.SH,20230106,2.58,0.2054,0.2054,0.66,,,,2.8769,3.0283,0.0,,281000.0,228202.2162,228202.2162,724980.0,588761.7178,0
4315,601566.SH,20230106,7.57,0.3034,0.9988,1.06,22.3551,162.9846,1.1634,1.426,1.5374,6.605,6.605,57463.715,57463.715,17456.901,435000.3226,435000.3226,0
4316,688023.SH,20230106,210.1,0.4994,0.729,0.61,1199.542,,6.2004,9.098,8.3042,,,7882.6395,7882.6395,5400.0363,1656142.559,1656142.559,0
4317,603496.SH,20230106,16.7,1.1629,1.6171,0.59,71.187,71.2626,3.1047,5.6093,5.9454,0.0,,22779.9938,22779.9938,16381.8307,380425.8965,380425.8965,0
4318,300177.SZ,20230106,6.26,0.827,0.8948,1.17,98.4804,1480.4362,1.9966,2.5943,3.0808,0.2396,0.2396,74416.9066,60625.5607,56034.7725,465849.8353,379516.01,0
4319,603966.SH,20230106,12.02,1.5052,2.9912,1.22,19.4862,19.177,2.6995,2.2718,2.0267,1.8216,1.8216,30032.6563,30032.6563,15112.5909,360992.5287,360992.5287,0
4320,002739.SZ,20230106,13.6,2.6067,5.093,1.77,278.7408,,3.5223,2.373,2.7094,0.0,,217936.881,210779.8132,107882.0885,2963941.5816,2866605.4595,0
4321,300572.SZ,20230106,12.04,2.2225,2.4241,1.79,268.8198,208.2327,1.2621,5.825,5.9164,0.0,,22898.8812,17701.2645,16229.0223,275702.5296,213123.2246,0
4322,002125.SZ,20230106,14.25,2.4775,3.9764,2.11,37.7276,18.4997,3.8729,4.7929,4.5966,0.3509,0.3509,62948.1713,59324.983,36962.487,897011.441,845381.0078,0
4323,003017.SZ,20230106,28.41,1.4047,1.4295,0.78,24.3482,33.6715,1.8561,2.1764,1.7931,2.0134,2.0134,6000.0,4239.384,4165.8526,170460.0,120440.8994,0
4324,600748.SH,20230106,3.38,0.638,1.5108,1.2,11.7276,146.2158,0.6394,0.6071,0.8086,2.574,2.574,184456.2892,184456.2892,77900.5391,623462.2575,623462.2575,0
4325,000965.SZ,20230106,4.91,3.4558,7.1178,0.87,110.0636,29.5351,0.9929,2.1452,1.8048,0.0,,110983.0895,110983.0895,53883.4999,544926.9694,544926.9694,0
4326,300838.SZ,20230106,16.19,3.014,3.014,0.73,25.8879,24.3381,2.4964,3.2067,2.4426,1.2353,1.2353,13634.0,5268.4,5268.4,220734.46,85295.396,0
4327,600323.SH,20230106,18.46,0.3094,0.5687,1.05,12.9376,13.6523,1.42,1.2781,1.0553,1.1918,1.1918,81534.7146,81534.7146,44354.4589,1505130.8315,1505130.8315,0
4328,300433.SZ,20230106,10.58,0.4931,1.3095,1.21,25.417,,1.2384,1.1624,1.226,0.9371,0.9371,497347.9998,496057.4811,186803.9378,5261941.8379,5248288.15,0
4329,000813.SZ,20230106,3.63,2.6786,7.06,1.12,,,1.4965,11.0034,12.6628,0.0,,222639.4464,221753.2072,84133.3848,808181.1904,804964.1421,0
4330,600722.SH,20230106,4.91,0.4182,0.9514,1.13,69.5115,59.8974,3.0422,5.8847,5.376,0.0,,68031.9676,68031.9676,29905.6699,334036.9609,334036.9609,0
4331,000600.SZ,20230106,5.39,2.5419,4.5007,1.22,,,0.9724,0.642,0.5321,0.0,,179162.6376,109004.4126,61563.3843,965686.6167,587533.7839,0
4332,600322.SH,20230106,2.25,2.7537,3.9311,1.07,,,4.6272,0.5333,0.374,0.0,,110570.0,110570.0,77454.031,248782.5,248782.5,0
4333,600448.SH,20230106,3.23,2.0686,2.5424,1.01,,,1.5013,0.5618,0.5236,0.0,,62981.9662,62981.9662,51245.5192,203431.7508,203431.7508,0
4334,688253.SH,20230106,22.7,6.0438,6.0438,0.58,25.6841,21.5918,1.8535,9.4479,8.2789,,,13606.0816,2858.9051,2858.9051,308858.0523,64897.1458,0
4335,603377.SH,20230106,6.22,1.3864,2.2849,1.54,29.4296,262.134,2.0535,3.7404,4.0956,0.0,,72074.4877,72074.4877,43733.5177,448303.3135,448303.3135,0
4336,002487.SZ,20230106,46.58,3.3196,6.0099,1.09,51.4483,62.7579,4.659,6.7027,5.9903,0.0412,0.0412,63774.9349,54728.0749,30229.3843,2970636.4676,2549233.7288,0
4337,300263.SZ,20230106,7.46,3.1898,3.9798,2.71,23.191,27.9101,2.2583,3.0538,2.8404,0.4691,0.4691,90430.7482,77188.1507,61864.8734,674613.3816,575823.6042,0
4338,603421.SH,20230106,8.93,0.7793,1.7838,1.91,37.1846,21.1783,1.7758,2.0643,1.759,0.8175,0.8175,65219.0511,65219.0511,28492.5174,582406.1263,582406.1263,0
4339,688006.SH,20230106,46.58,0.783,2.7738,1.82,80.2623,50.0843,5.813,7.5992,5.4073,,,40513.3,40513.3,11435.6199,1887109.514,1887109.514,0
4340,603258.SH,20230106,22.3,1.108,2.957,0.68,16.1763,22.0244,2.2883,5.5014,6.4603,3.6386,3.6386,24578.39,24476.81,9171.76,548098.097,545832.863,0
4341,300146.SZ,20230106,24.46,1.865,2.2132,1.67,23.7117,26.4397,3.8446,5.5966,5.4994,2.8618,2.8618,170032.2263,112946.3891,95181.0955,4158988.2553,2762668.6774,0
4342,920505.BJ,20230106,10.18,0.489,0.4898,0.51,14.6367,17.2092,1.546,2.9306,3.1502,,,4481.9,897.5367,896.0967,45625.742,9136.9236,0
4343,601801.SH,20230106,5.2,0.5914,2.5486,1.13,16.1696,14.665,0.9099,1.023,0.8878,3.2692,3.2692,198920.4737,198920.4737,46160.5872,1034386.4632,1034386.4632,0
4344,300879.SZ,20230106,17.45,1.5835,1.5835,1.24,50.2856,56.8107,2.79,1.7374,1.6031,0.745,0.745,16000.0,5500.0,5500.0,279200.0,95975.0,0
4345,688711.SH,20230106,88.43,1.8437,1.9682,1.24,177.1579,146.0111,12.9636,22.1447,15.3292,,,13789.0668,11086.2594,10384.8594,1219367.1771,980357.9187,0
4346,601991.SH,20230106,2.87,0.8597,3.2413,1.23,,,1.7997,0.5136,0.4598,0.0,,1850671.0504,1239608.9106,328776.1059,5311425.9146,3557677.5734,0
4347,002129.SZ,20230106,39.19,1.8495,2.6352,2.2,31.4302,20.2036,3.5011,3.0812,2.0474,0.2807,0.2807,323173.3699,323007.9947,226702.1985,12665164.3664,12658683.3123,0
4348,300645.SZ,20230106,25.91,1.2527,1.891,1.01,61.1852,45.0134,3.9076,3.7719,3.5577,0.2316,0.2316,13794.0362,13794.0362,9137.6135,357403.4779,357403.4779,0
4349,600572.SH,20230106,4.61,1.7906,2.7397,0.43,5.8967,5.8541,1.7456,1.9262,1.9686,3.4707,3.4707,257003.7319,256329.5466,167532.117,1184787.2041,1181679.2098,0
4350,300386.SZ,20230106,9.8,1.218,1.5767,0.99,,,2.2963,5.257,4.7074,0.0,,41804.4,24220.585,18710.0659,409683.12,237361.733,0
4351,600233.SH,20230106,19.55,0.5081,1.1419,1.5,31.9852,17.1595,2.6308,1.4899,1.259,0.7661,0.7661,344132.2995,344132.2995,153132.7383,6727786.4552,6727786.4552,0
4352,603319.SH,20230106,15.56,1.3393,1.8475,1.38,17.0317,19.6193,2.1751,2.0036,2.0911,1.7797,1.7797,20879.2798,20697.6958,15004.1186,324881.5937,322056.1466,0
4353,603110.SH,20230106,32.8,0.2568,0.4846,0.58,118.513,614.8523,9.9594,16.6721,16.7237,0.5488,0.5488,20122.6732,20122.6732,10663.6795,660023.681,660023.681,0
4354,600667.SH,20230106,5.26,0.2649,0.397,0.88,12.188,,1.5083,0.4561,0.349,3.2319,3.2319,210619.0178,210619.0178,140516.371,1107856.0336,1107856.0336,0
4355,920278.BJ,20230106,5.72,0.1378,0.1808,0.49,26.3969,31.0076,2.6303,2.499,2.795,,,17600.0,7298.84,5562.08,100672.0,41749.3648,0
4356,688416.SH,20230106,38.97,1.6006,1.6006,1.29,21.8242,44.626,1.8793,5.5923,6.8082,,,8263.7279,1800.9385,1800.9385,322037.4763,70182.5733,0
4357,002218.SZ,20230106,5.14,3.3017,5.3656,3.49,37.1609,55.1557,1.6984,5.1016,5.3888,0.6797,0.6797,141302.0549,138709.7895,85353.8517,726292.5622,712968.318,0
4358,603178.SH,20230106,10.05,1.0167,2.9139,1.61,23.0657,24.2439,1.9087,1.5864,1.536,1.3433,1.3433,23641.1881,23038.2991,8038.2991,237593.9404,231534.906,0
4359,600731.SH,20230106,8.19,6.8296,8.9322,6.69,14.091,10.454,1.8921,1.3996,1.1269,0.0,,46178.9508,46102.9757,35250.6841,378205.6071,377583.371,0
4360,603600.SH,20230106,10.14,1.0833,2.2751,1.02,16.9165,10.0369,1.7842,0.6585,0.6986,2.1575,2.1575,30251.264,30251.264,14404.9469,306747.817,306747.817,0
4361,301273.SZ,20230106,42.51,4.122,4.122,0.93,36.8147,37.8512,3.0949,7.4711,6.6192,,,7164.1792,1698.5302,1698.5302,304549.2578,72204.5188,0
4362,002771.SZ,20230106,13.25,17.4613,22.5588,0.89,208.6967,217.6321,3.9122,4.3359,4.153,0.0981,0.0981,20976.41,16948.613,13118.8155,277937.4325,224569.1223,0
4363,000767.SZ,20230106,3.43,0.6244,1.1017,1.0,2747.8907,226.1595,1.3785,0.6909,0.5171,0.0,,307694.2219,291224.2672,165063.8045,1055391.1811,998899.2365,0
4364,600123.SH,20230106,13.67,1.7718,3.228,1.76,6.6382,4.2167,1.0306,1.2144,1.008,5.4865,5.4865,114240.0,114240.0,62706.0,1561660.8,1561660.8,0
4365,000631.SZ,20230106,3.5,0.3942,1.0195,0.61,89.1016,68.1521,1.3954,31.3031,32.1131,0.0,,243251.9168,243251.9168,94068.7388,851381.7088,851381.7088,0
4366,300602.SZ,20230106,15.56,1.0574,1.7547,0.89,262.6302,,3.2287,2.5846,2.0573,0.0643,0.0643,50794.1948,31484.3017,18973.1214,790357.6711,489895.7345,0
4367,002097.SZ,20230106,6.04,0.3885,0.5746,0.92,20.6182,,1.1668,0.5756,0.8504,0.0,,108721.2465,100199.1612,67748.245,656676.3289,605202.9336,0
4368,603669.SH,20230106,5.97,0.7153,1.6778,0.68,65.3347,,3.6037,5.8161,12.7555,1.6666,1.6666,72123.8184,72123.8184,30747.4203,430579.1958,430579.1958,0
4369,300826.SZ,20230106,11.77,0.8408,0.8408,1.02,20.9201,24.7843,1.6502,2.2442,2.1873,1.9607,1.9607,14560.0,6698.494,6698.494,171371.2,78841.2744,0
4370,688598.SH,20230106,233.8,2.0639,2.0928,1.6,43.8928,33.1532,3.6512,16.4396,13.776,,,9407.4067,6734.8432,6641.8197,2199451.6865,1574606.3402,0
4371,688266.SH,20230106,46.43,1.1149,1.1175,0.77,,,13.2138,58.5373,38.468,,,24000.0,14071.8323,14038.9516,1114320.0,653355.1737,0
4372,603195.SH,20230106,144.3,0.7824,0.7824,0.93,31.1958,29.5473,7.5377,7.0033,6.2639,1.6635,1.6635,60107.759,7450.3084,7450.3084,8673549.6237,1075079.5021,0
4373,603200.SH,20230106,18.88,5.4087,10.8758,3.59,79.8837,54.9428,3.687,5.854,5.0907,0.3823,0.3823,17361.5827,17361.5827,8634.1711,327786.6814,327786.6814,0
4374,920237.BJ,20230106,15.11,0.3368,0.3368,1.42,17.391,16.7431,1.7649,2.7298,2.348,,,5142.0,1307.5874,1307.5874,77695.62,19757.6456,0
4375,601366.SH,20230106,6.1,0.3442,0.6215,0.81,64.6189,,1.2523,0.6412,0.6786,2.459,2.459,84973.3364,83404.9159,46184.4803,518337.352,508769.987,0
4376,600588.SH,20230106,24.27,0.5653,1.0806,0.67,117.7433,2016.9874,7.6264,9.3301,8.6856,0.4071,0.4071,343363.4418,341687.3091,178735.2309,8333430.7325,8292750.9919,0
4377,002855.SZ,20230106,8.4,1.1038,3.0376,1.05,,,1.8792,0.6809,0.7324,0.0,,25061.2402,24598.1932,8938.1932,210514.4177,206624.8229,0
4378,002865.SZ,20230106,196.77,1.6494,3.1252,0.79,,89.2499,39.221,9.7254,2.943,0.0,,14152.4273,13814.9273,7291.2073,2784773.1198,2718363.2448,1
4379,002012.SZ,20230106,5.84,10.5595,14.0903,1.56,29.0367,28.9776,1.8151,1.4925,1.8644,0.3425,0.3425,46762.547,46653.7641,34963.1332,273093.2745,272457.9823,0
4380,000785.SZ,20230106,3.88,0.46,0.6722,1.03,10.8956,11.8323,1.2947,1.9381,1.9905,4.1374,4.1374,652903.6899,275095.4044,188260.1777,2533266.3168,1067370.1691,0
4381,603823.SH,20230106,16.67,0.5971,1.8943,1.45,16.9945,19.0422,2.4903,2.1569,2.0687,1.7996,1.7996,31794.52,31617.808,9965.8536,530014.6484,527068.8594,0
4382,002371.SZ,20230106,228.32,1.1979,2.4856,1.01,112.0079,57.3235,6.4527,12.4623,8.9243,0.0896,0.0896,52854.9626,52580.0051,25340.8475,12067845.0608,12005066.7644,0
4383,601669.SH,20230106,7.15,1.1091,1.9597,1.44,12.5455,9.9433,1.0727,0.2416,0.2045,1.3926,1.3926,1514603.5123,1099140.1639,622023.1147,10829415.1129,7858852.1719,0
4384,920212.BJ,20230106,7.08,0.0921,0.1587,0.6,13.183,17.8163,1.9532,1.6611,1.7427,,,10610.0,5210.15,3024.35,75118.8,36887.862,0
4385,002225.SZ,20230106,3.94,0.6511,0.819,0.84,47.5305,27.6919,1.261,0.9093,0.8317,1.269,1.269,101036.8272,82549.421,65628.9116,398085.0992,325244.7187,0
4386,002644.SZ,20230106,9.29,1.1797,3.0744,0.95,50.8691,62.9522,2.8463,5.8021,5.5688,0.1076,0.1076,51065.7,51065.7,19594.3324,474400.353,474400.353,0
4387,301296.SZ,20230106,16.61,4.1562,4.1562,2.15,44.3774,43.098,3.0053,5.6176,4.6456,,,42000.0,5915.3432,5915.3432,697620.0,98253.8506,0
4388,002998.SZ,20230106,6.8,2.0404,2.0404,1.38,22.0149,30.0155,1.4549,1.3698,1.0308,0.0,,32639.84,15201.14,15201.14,221950.912,103367.752,0
4389,603227.SH,20230106,8.98,2.3906,3.4501,2.38,59.3982,21.8487,2.6381,3.3306,2.3928,0.5843,0.5843,96656.7854,65870.0,45641.4096,867977.9329,591512.6,0
4390,603368.SH,20230106,20.2,0.9287,1.2879,0.47,12.9776,11.4204,1.2797,0.427,0.396,2.3768,2.3768,36222.81,36222.81,26119.5305,731700.762,731700.762,0
4391,002292.SZ,20230106,4.71,2.6119,3.2177,0.91,,,2.0556,2.6338,2.6217,0.0,,147869.9697,97529.664,79167.5318,696467.5573,459364.7174,0
4392,000736.SZ,20230106,18.82,10.1504,25.0876,1.05,55.5413,219.3927,4.2791,0.9,0.5498,0.2125,0.2125,69543.3689,69543.3689,28137.076,1308806.2027,1308806.2027,0
4393,002480.SZ,20230106,5.28,1.5292,1.8376,1.37,,,1.9077,3.2516,2.9082,0.0,,76916.867,64490.8359,53668.7455,406121.0578,340511.6136,0
4394,603088.SH,20230106,7.49,0.9081,1.8436,1.51,38.2417,25.9756,5.2571,6.1459,5.2843,1.6861,1.6861,43802.542,43025.92,21193.4708,328081.0396,322264.1408,0
4395,002995.SZ,20230106,27.69,36.1104,40.3518,0.83,64.8785,,3.4025,0.8643,1.066,0.5727,0.5727,12675.32,5775.6682,5168.5862,350979.6108,159928.2525,0
4396,300776.SZ,20230106,135.55,5.4342,6.7871,1.15,60.7173,53.0662,9.3853,18.4076,16.8246,0.3445,0.3445,17067.1545,10030.8427,8031.3687,2313452.7925,1359680.728,0
4397,600293.SH,20230106,2.66,0.9081,1.2713,0.89,34.2164,,1.6256,0.9927,1.3144,0.0,,116014.5046,116014.5046,82869.1936,308598.5822,308598.5822,0
4398,300655.SZ,20230106,14.58,1.8219,2.2537,1.35,42.4481,58.8464,4.6786,4.6569,4.5846,0.3993,0.3993,58517.9929,55369.6813,44761.009,853192.3365,807289.9534,0
4399,300013.SZ,20230106,4.44,4.4686,5.6273,0.83,,,102.633,2.245,2.4797,0.0,,44668.7115,44601.2115,35417.3154,198329.0791,198029.3791,0
4400,688059.SH,20230106,164.35,1.0411,1.1526,1.07,44.5493,49.0047,7.6666,14.8982,13.6876,,,4400.8021,2471.9921,2232.8674,723271.8251,406271.9016,0
4401,688385.SH,20230106,74.22,1.2842,1.6373,0.74,117.8157,61.5095,14.1791,23.5181,17.5702,,,81665.65,30997.65,24313.139,6061224.543,2300645.583,0
4402,002481.SZ,20230106,5.76,2.1356,3.6055,1.17,26.5596,,2.9159,3.2817,2.8079,0.0,,123369.65,109953.56,65127.761,710609.184,633332.5056,0
4403,603866.SH,20230106,15.12,0.5906,1.3603,0.91,26.4082,29.4324,4.1392,3.1816,3.0087,2.8345,2.8345,133309.9296,133309.9296,57881.2912,2015646.1356,2015646.1356,0
4404,002678.SZ,20230106,6.18,0.5033,3.0394,1.12,45.2833,66.5134,2.2659,4.1709,4.7893,0.6932,0.6932,136341.0323,135757.4448,22480.9325,842587.5796,838981.0089,0
4405,603233.SH,20230106,43.17,0.3766,0.9605,0.42,51.7844,45.7223,7.0113,2.4448,2.1316,0.9652,0.9652,94911.846,94776.6204,37157.6505,4097344.3918,4091506.7027,0
4406,300827.SZ,20230106,69.32,10.6961,10.8457,1.15,279.5999,275.6412,17.8542,15.0781,10.9055,0.0801,0.0801,23760.7638,10770.9994,10622.4005,1647096.1466,746645.6784,0
4407,688455.SH,20230106,13.98,1.172,1.172,1.0,29.2309,31.7326,2.0713,1.9792,1.6637,,,18084.9167,3856.5495,3856.5495,252827.1355,53914.562,0
4408,300912.SZ,20230106,13.95,1.5091,1.5091,0.88,,,1.5839,1.8858,2.6432,0.0,,11196.8,6159.3,6159.3,156195.36,85922.235,0
4409,688355.SH,20230106,36.26,3.3578,3.3674,1.54,36.4351,54.1764,4.2495,6.2969,6.4244,,,12395.6072,3764.4856,3753.8256,449464.7171,136500.2479,0
4410,600019.SH,20230106,5.9,0.3378,0.9135,2.37,5.5595,11.419,0.6852,0.3606,0.3606,7.2516,7.2516,2226818.9984,2189091.0819,809534.2992,13138232.0906,12915637.3832,0
4411,603507.SH,20230106,32.5,4.4523,6.4461,1.65,25.8601,42.7379,2.0958,1.9117,1.8024,0.7859,0.7859,14262.55,12499.39,8633.216,463532.875,406230.175,0
4412,600886.SH,20230106,10.8,0.1707,0.5099,0.78,33.036,25.953,1.6547,1.843,1.625,1.5139,1.5139,745417.9797,696587.3347,233154.1736,8050514.1808,7523143.2148,0
4413,688171.SH,20230106,20.08,1.1235,1.1235,0.78,30.3356,38.6411,2.0616,9.4738,9.6461,,,8377.34,1989.623,1989.623,168216.9872,39951.6298,0
4414,002666.SZ,20230106,4.86,1.9579,2.5129,0.52,14.7308,27.9563,1.086,0.706,0.7437,0.0,,75432.9268,44957.2318,35028.0452,366604.0242,218492.1465,0
4415,000409.SZ,20230106,7.05,4.7822,5.3618,1.35,266.0992,234.4834,3.3905,9.2142,5.5451,0.0,,66421.0505,42337.6995,37760.8305,468268.406,298480.7815,0
4416,600395.SH,20230106,6.76,0.5567,1.0079,1.14,12.3773,7.1486,1.285,1.4921,1.1487,5.9172,5.9172,214662.4894,214662.4894,118557.4294,1451118.4283,1451118.4283,0
4417,300906.SZ,20230106,21.43,0.7071,0.8405,0.91,42.1443,40.5635,2.0762,13.9098,12.5841,1.3999,1.3999,8000.0,3223.0251,2711.5051,171440.0,69069.4279,0
4418,601890.SH,20230106,8.99,2.9833,4.6242,1.25,71.1782,71.9526,2.6924,6.5364,6.2576,0.4449,0.4449,95940.0,95940.0,61896.7185,862500.6,862500.6,0
4419,300535.SZ,20230106,13.24,1.6353,2.3927,0.78,21.032,78.3855,1.5094,2.1985,2.6147,0.7553,0.7553,10458.2644,8760.885,5987.7489,138467.4207,115994.1174,0
4420,000533.SZ,20230106,3.93,1.5138,2.4832,1.37,,229.6812,3.866,1.8611,1.6354,0.0,,69081.6,68490.24,41752.8232,271490.688,269166.6432,0
4421,003031.SZ,20230106,97.53,0.9374,1.2461,1.33,167.6063,141.1831,16.582,20.1136,16.7623,0.1099,0.1099,20906.6666,6947.8518,5226.6666,2039027.1935,677623.9861,0
4422,002009.SZ,20230106,14.86,1.8149,2.5269,1.64,37.5546,27.5632,2.4648,1.4973,1.3977,0.2011,0.2011,38071.9434,37209.1309,26723.682,565749.0789,552927.6852,0
4423,600106.SH,20230106,4.89,0.9179,1.267,1.82,25.4143,39.1369,1.4788,39.4421,49.1372,1.1861,1.1861,132902.5062,132902.5062,96283.2601,649893.2553,649893.2553,0
4424,000586.SZ,20230106,8.89,1.339,2.2234,0.82,65.7839,76.7096,5.4763,3.8246,3.9905,0.0,,19344.0,19344.0,11649.4369,171968.16,171968.16,0
4425,688013.SH,20230106,20.37,0.8688,1.0067,0.7,39.9122,44.8467,3.2549,7.7345,7.2147,,,8115.56,3928.76,3390.621,165313.9572,80028.8412,0
4426,601800.SH,20230106,8.16,0.5837,2.8899,1.08,7.3313,7.0004,0.5578,0.1924,0.1854,2.4964,2.4964,1616571.1425,1174723.5425,237261.8821,13191220.5228,9585744.1068,0
4427,603568.SH,20230106,19.24,0.5003,1.599,1.36,21.2292,20.5584,3.7051,7.7882,7.8269,0.5198,0.5198,169421.343,169421.343,53012.0805,3259666.6393,3259666.6393,0
4428,688425.SH,20230106,4.02,0.5663,0.5663,1.15,12.3542,11.613,1.4247,2.2528,2.112,,,533349.7,144311.3795,144311.3795,2144065.794,580131.7456,0
4429,688428.SH,20230106,14.65,4.6609,4.6609,1.0,,,3.3411,24.7809,51.3643,,,176432.1452,23014.0997,23014.0997,2584730.9272,337156.5606,0
4430,002273.SZ,20230106,12.33,1.0538,1.2337,1.14,38.7773,30.1547,2.1082,4.5011,4.1257,1.6048,1.6048,139063.2221,135248.8134,115533.012,1714649.5285,1667617.8692,0
4431,600487.SH,20230106,16.11,1.7887,2.4715,0.86,27.6677,25.8016,1.721,0.9629,0.8618,0.409,0.409,246673.4657,246673.4657,178521.0299,3973909.5324,3973909.5324,0
4432,002881.SZ,20230106,28.66,0.8573,2.2619,1.15,58.1365,42.6506,8.45,3.4881,2.8055,0.3612,0.3612,23964.5701,16103.7691,6103.9611,686824.5791,461534.0224,0
4433,603519.SH,20230106,11.4,0.3451,0.8115,0.93,27.6387,5.6559,2.4854,1.9134,2.0137,3.5088,3.5088,26632.7839,26632.7839,11324.5567,303613.7365,303613.7365,0
4434,300925.SZ,20230106,13.74,6.5309,6.921,0.63,38.0685,35.8133,3.8406,1.6673,1.4572,0.2991,0.2991,37473.6587,19888.8271,18767.8049,514888.0705,273272.4844,0
4435,300153.SZ,20230106,7.11,1.1316,1.8375,1.57,269.5326,173.2522,2.885,2.3875,2.4098,0.0,,32000.0,31801.054,19584.484,227520.0,226105.4939,0
4436,000861.SZ,20230106,2.21,1.3189,1.9043,1.35,,,1.5,4.5468,4.2211,0.0,,250924.4757,236819.7394,164018.3555,554543.0913,523371.6241,0
4437,688035.SH,20230106,54.49,3.3202,3.3202,0.81,102.1357,71.1389,3.5799,13.2641,9.3873,,,14224.0,2947.4728,2947.4728,775065.76,160607.7929,0
4438,301025.SZ,20230106,10.25,3.343,3.4433,0.58,61.0096,57.856,6.2923,7.9028,7.5024,0.8189,0.8189,40030.94,9582.8708,9303.81,410317.135,98224.4257,0
4439,002083.SZ,20230106,4.77,0.7625,1.262,0.94,14.3643,15.2659,1.0405,0.7605,0.7275,6.283,6.283,82217.7701,81189.735,49056.1462,392178.7634,387275.036,0
4440,301311.SZ,20230106,18.36,10.02,10.02,0.96,44.1434,37.7575,2.5408,2.3014,2.3297,,,24000.0,5690.8675,5690.8675,440640.0,104484.3273,0
4441,600335.SH,20230106,8.02,0.7505,2.5472,0.91,45.62,37.1514,1.0851,0.2659,0.2898,0.8728,0.8728,145687.5351,145687.5351,42926.7069,1168414.0315,1168414.0315,0
4442,300537.SZ,20230106,14.3,6.2271,7.188,2.19,,,4.073,4.46,4.9032,0.0,,19302.7584,13719.0245,11885.1529,276029.4451,196182.0504,0
4443,300658.SZ,20230106,9.46,1.82,3.1256,0.73,156.3541,88.0736,1.862,2.1082,2.0573,0.0,,27837.1421,13669.4158,7959.3888,263339.3643,129312.6735,0
4444,002733.SZ,20230106,17.8,3.4852,5.7684,1.25,,,2.6335,2.1988,1.8493,0.0,,38421.4913,36528.8704,22070.3625,683902.5451,650213.8931,0
4445,688071.SH,20230106,62.09,0.8239,1.0835,0.82,77.9632,76.7683,9.1877,14.1033,12.4002,,,7284.4774,4075.282,3098.866,452293.2018,253034.2594,0
4446,601665.SH,20230106,4.23,0.4251,0.4353,0.85,6.3831,5.6072,0.6865,1.9059,1.6996,4.3499,4.3499,458083.3334,231965.0824,226503.1066,1937692.5003,981212.2986,0
4447,300523.SZ,20230106,21.36,0.4088,0.7477,0.64,,139.2188,3.439,3.2281,2.4798,0.0,,23263.7638,23172.7877,12669.0255,496913.9948,494970.7453,0
4448,603197.SH,20230106,54.01,3.053,4.3235,1.8,42.0254,70.8419,4.7378,2.894,2.6389,0.3685,0.3685,20884.1708,20770.7063,14666.9994,1127954.0649,1121825.8473,0
4449,000038.SZ,20230106,4.26,1.1231,1.6716,1.04,,,0.9383,0.9858,1.0712,0.0,,52277.7419,25059.7406,16836.4777,222703.1805,106754.495,0
4450,000977.SZ,20230106,22.83,1.0804,1.6964,0.85,16.6854,15.2021,2.1196,0.4984,0.4542,0.609,0.609,146370.9516,146185.5955,93108.1622,3341648.825,3337417.1453,0
4451,300795.SZ,20230106,39.45,1.936,2.7173,1.22,,,10.2888,21.94,17.6854,0.0,,10101.9233,4985.989,3552.4111,398520.8742,196697.2661,0
4452,600196.SH,20230106,36.1,0.9772,1.8648,0.91,20.3716,26.6117,2.2136,2.4731,2.2142,1.4713,1.4713,267215.6611,201095.8045,105382.859,9646485.3657,7259558.5425,0
4453,002329.SZ,20230106,7.58,12.4126,13.2838,1.41,,,3.7304,2.4718,2.3587,0.0,,83764.0035,53304.1825,49808.5978,634931.1465,404045.7034,0
4454,600757.SH,20230106,5.65,0.6928,1.5915,1.12,9.8312,9.5269,0.8152,1.1385,1.0596,6.5487,6.5487,121365.0273,121349.7103,52830.0866,685712.4042,685625.8632,0
4455,002949.SZ,20230106,14.58,1.7867,3.5107,1.86,27.1299,26.3416,2.0406,0.9937,1.223,2.0576,2.0576,19603.8235,14912.3485,7589.2735,285823.7466,217422.0411,0
4456,601816.SH,20230106,4.83,0.2703,0.3044,1.0,49.2522,381.9357,1.283,8.0937,11.0253,1.0166,1.0166,4910648.4611,2732869.5141,2426646.9832,23718432.0671,13199759.7531,0
4457,688329.SH,20230106,39.83,2.1226,2.1226,1.06,32.1682,26.34,3.8461,7.898,6.3535,,,7720.0,4469.85,4469.85,307487.6,178034.1255,0
4458,603050.SH,20230106,18.78,11.8759,15.592,3.01,34.3777,25.1206,2.2418,1.4939,1.2688,1.065,1.065,16221.01,16221.01,12354.9863,304630.5678,304630.5678,0
4459,603311.SH,20230106,12.92,1.9763,4.674,1.31,42.6244,35.3802,2.4873,4.0225,3.8249,0.8269,0.8269,23588.3907,21000.0,8879.5564,304762.0078,271320.0,0
4460,603355.SH,20230106,29.7,0.3397,1.869,1.11,33.9322,20.1748,4.8333,2.1463,1.9071,3.3678,3.3678,57420.566,56646.884,10297.0911,1705390.8102,1682412.4548,0
4461,000615.SZ,20230106,8.36,11.0979,18.5546,0.87,,,5.2299,4.1455,5.3704,0.0,,76297.9719,76153.9317,45549.4687,637851.0451,636646.869,0
4462,002420.SZ,20230106,7.34,5.8199,7.943,0.91,39.5772,52.872,4.2599,0.7861,0.9777,0.0,,40100.0,38984.5689,28564.6789,294334.0,286146.7357,0
4463,300154.SZ,20230106,5.75,0.3001,0.6361,0.65,22.4002,25.817,1.5939,2.4181,2.3749,3.4485,3.4485,45529.6,31783.525,14993.535,261795.2,182755.2688,0
4464,300719.SZ,20230106,12.1,2.8601,3.6787,0.48,296.353,227.7828,3.0156,6.4983,6.3469,0.1642,0.1642,25534.575,18116.3632,14085.0068,308968.3575,219207.9947,0
4465,301308.SZ,20230106,63.61,7.9389,7.9389,1.14,25.9241,95.7299,3.8628,2.6939,3.0194,0.7546,0.7546,41286.4254,3158.1537,3158.1537,2626229.5197,200890.1569,0
4466,600228.SH,20230106,7.28,0.7224,0.9708,0.92,62.3928,58.8074,5.7626,10.7751,10.6416,0.0,,73273.259,24132.0,17958.6606,533429.3255,175680.96,0
4467,605598.SH,20230106,27.34,6.8474,6.8474,1.36,76.9949,35.6773,3.1019,6.4298,6.3891,0.1317,0.1317,17274.3467,5264.3467,5264.3467,472280.6388,143927.2388,0
4468,600461.SH,20230106,6.93,0.4921,1.0248,1.27,9.2123,7.9873,1.1362,0.9242,0.9532,6.8788,6.8788,109011.205,94939.3314,45582.7556,755447.6507,657929.5666,0
4469,603117.SH,20230106,2.94,0.728,1.0537,1.48,,,0.9628,3.21,4.1683,0.0,,63314.4502,63314.4502,43747.1774,186144.4836,186144.4836,0
4470,600405.SH,20230106,6.1,6.1387,6.9154,3.41,,,3.7456,3.2392,2.693,0.0,,55327.5448,55327.5448,49113.6833,337498.0233,337498.0233,0
4471,601956.SH,20230106,5.91,1.4047,1.4047,0.81,115.361,35.9257,1.5803,0.607,0.6434,0.6951,0.6951,62236.51,21812.9958,21812.9958,367817.7741,128914.8052,0
4472,300389.SZ,20230106,10.99,19.5566,27.404,10.41,132.1337,19.5134,3.5951,1.6993,1.4621,13.5651,13.5651,35999.4173,17090.8617,12196.6941,395633.5961,187828.5701,0
4473,301123.SZ,20230106,22.23,3.2027,3.2027,0.67,25.6768,34.864,1.7037,3.4614,3.3123,1.3495,1.3495,23360.0,5410.5077,5410.5077,519292.8,120275.5862,0
4474,000663.SZ,20230106,8.99,4.3985,6.2925,0.92,55.4096,10.3859,3.0996,5.9781,3.8953,0.0,,33668.3929,30629.8033,21410.3599,302678.8522,275361.9317,0
4475,605588.SH,20230106,29.47,1.2238,1.4874,0.92,21.8359,22.0874,2.1761,1.5424,1.6237,0.4581,0.4581,7309.9561,2309.9561,1900.6,215424.4063,68074.4063,0
4476,688248.SH,20230106,63.8,9.3062,9.3062,1.35,251.876,158.6295,14.2997,26.0092,20.5344,,,56470.0,8131.2,8131.2,3602786.0,518770.56,0
4477,601113.SH,20230106,3.64,0.3615,0.7097,1.09,,,1.0059,0.4644,0.6081,0.0,,110415.2226,104880.9838,53417.3452,401911.4103,381766.781,0
4478,603003.SH,20230106,7.68,1.065,1.6108,0.72,,,0.8562,0.3875,0.2997,0.0,,40244.3494,40244.3494,26608.9786,309076.6034,309076.6034,0
4479,000793.SZ,20230106,2.49,3.3574,3.6201,0.45,370.3347,,1.9668,4.9262,6.2803,0.0,,199724.5457,196100.8615,181870.8371,497314.1188,488291.1451,0
4480,300444.SZ,20230106,4.6,0.9867,1.2219,1.2,,,2.5726,2.8483,1.8009,0.0,,72525.5525,59230.0893,47825.7912,333617.5415,272458.4108,0
4481,000709.SZ,20230106,2.3,0.2853,0.7886,0.85,8.8446,16.0424,0.4721,0.1589,0.1724,4.3478,4.3478,1033712.1092,1033540.7172,373920.0448,2377537.8512,2377143.6496,0
4482,002391.SZ,20230106,7.31,0.8266,0.927,1.14,19.1061,15.129,1.0156,1.2613,1.0658,2.736,2.736,64959.255,46597.0811,41546.4067,474852.1541,340624.6628,0
4483,003028.SZ,20230106,49.84,14.3743,14.3743,1.56,26.4484,30.2331,4.049,4.2184,4.7217,0.6015,0.6015,11148.94,2803.0672,2803.0672,555663.1696,139704.8692,0
4484,600356.SH,20230106,8.01,1.9222,2.7435,1.35,23.6041,26.8373,1.0111,1.1837,1.0808,1.2734,1.2734,29873.1378,29873.1378,20930.8295,239283.8338,239283.8338,0
4485,002349.SZ,20230106,12.17,1.9661,3.3651,0.59,61.658,49.253,4.199,7.2972,6.3359,0.493,0.493,81418.0908,81128.1809,47400.5749,990858.165,987329.9616,0
4486,300206.SZ,20230106,12.3,1.7589,2.3029,0.54,30.9164,42.0007,3.9695,4.3725,4.4198,1.677,1.677,58172.1846,34043.8065,26001.0138,715517.8706,418738.82,0
4487,688150.SH,20230106,21.48,8.5483,8.5483,2.84,80.084,62.6576,5.1771,25.6773,25.5352,,,40243.7585,3440.5326,3440.5326,864435.9326,73902.6402,0
4488,002470.SZ,20230106,2.07,0.4427,0.6457,1.08,,,2.0736,0.7302,0.7367,0.0,,328602.7742,312547.326,214292.5868,680207.7426,646972.9648,0
4489,600498.SH,20230106,13.34,0.2695,0.4784,1.04,54.9657,51.787,1.409,0.6015,0.5402,0.6003,0.6003,118656.4536,113154.5536,63744.7795,1582877.091,1509481.745,0
4490,300656.SZ,20230106,32.8,1.7616,2.8139,2.98,67.6134,67.0455,4.651,9.423,9.3931,0.2541,0.2541,15694.0611,11579.5812,7249.2779,514765.2041,379810.2634,0
4491,300477.SZ,20230106,5.19,1.8264,1.8912,1.49,52.3731,39.8035,2.1596,2.289,1.9397,0.0,,107201.8687,92750.4202,89571.8672,556377.6986,481374.6808,0
4492,301161.SZ,20230106,23.49,11.7533,11.7533,0.83,47.2617,49.2851,3.0873,6.8637,7.9231,,,12000.0,2654.0933,2654.0933,281880.0,62344.6516,0
4493,300893.SZ,20230106,26.36,7.3547,7.3547,1.85,53.3043,51.616,7.1156,7.9602,6.2413,0.5058,0.5058,22500.0,5625.0,5625.0,593100.0,148275.0,0
4494,300853.SZ,20230106,23.81,0.9382,0.9382,0.46,19.4296,36.0691,2.8819,4.5476,5.1773,1.2599,1.2599,14694.0623,9274.2893,9274.2893,349865.6234,220820.8282,0
4495,688301.SH,20230106,467.99,0.7478,0.9474,1.21,70.2812,51.0665,9.8157,28.651,23.1814,,,7269.1466,4116.538,3249.202,3401887.9173,1926498.6186,0
4496,603886.SH,20230106,18.7,0.8956,2.3347,0.7,13.2056,14.6702,2.7165,1.7366,1.7081,5.3476,5.3476,24000.0,24000.0,9206.192,448800.0,448800.0,0
4497,605099.SH,20230106,23.01,1.9579,1.9579,0.72,24.3054,22.3371,4.1822,4.0159,3.6896,2.0554,2.0554,40170.35,4009.0,4009.0,924319.7535,92247.09,0
4498,000019.SZ,20230106,7.41,2.3453,3.606,1.46,19.9204,18.9716,1.8325,0.8423,0.9542,3.3738,3.3738,115253.5254,41618.4832,27068.4852,854028.6232,308392.9605,0
4499,605177.SH,20230106,20.99,2.2603,2.2603,1.28,34.8137,31.289,1.3273,3.3479,2.1789,0.9528,0.9528,11360.0,5619.6356,5619.6356,238446.4,117956.1512,0
4500,002315.SZ,20230106,18.42,8.4406,10.3018,0.59,23.1468,19.4821,2.6651,3.9002,3.8134,4.3365,4.3365,30790.2685,19130.2307,15674.0467,567156.7458,352378.8495,0
4501,603097.SH,20230106,17.94,5.1135,5.1135,1.97,36.6045,30.0478,3.7206,3.2953,3.0074,1.1148,1.1148,16000.0,4000.0,4000.0,287040.0,71760.0,0
4502,600763.SH,20230106,149.24,0.9205,1.3896,0.67,68.0874,80.036,14.4948,17.2086,17.1899,0.0,,32064.0,32064.0,21240.8,4785231.36,4785231.36,0
4503,600986.SH,20230106,5.13,2.0145,2.3087,0.7,23.0449,32.4096,1.663,0.4746,0.4559,0.0,,132242.5609,132242.5609,115393.2424,678404.3374,678404.3374,0
4504,600848.SH,20230106,12.06,0.0733,0.1944,0.74,19.8156,31.659,1.9767,4.8504,4.7548,2.4876,2.4876,252248.7004,239391.2273,90210.3939,3042119.3268,2887058.2012,0
4505,603456.SH,20230106,43.51,0.5721,1.0388,0.73,57.262,40.1528,7.0791,8.9335,6.6828,0.5746,0.5746,83425.453,83123.923,45775.3758,3629841.46,3616721.8897,0
4506,300526.SZ,20230106,12.89,3.987,7.5136,1.18,,,9.6701,101.7529,50.8414,0.0,,20424.8968,20422.9311,10837.2824,263276.9198,263251.5819,0
4507,000988.SZ,20230106,17.18,0.8163,1.0194,0.88,22.7003,25.346,2.1469,1.6991,1.4829,0.4657,0.4657,100550.2707,100498.5657,80483.2137,1727453.6506,1726565.3587,0
4508,603025.SH,20230106,18.21,0.3335,1.9045,0.73,47.0245,42.8292,8.7042,11.185,11.6022,2.1966,2.1966,92433.3311,92311.2011,16164.6181,1683210.9593,1680986.972,0
4509,600023.SH,20230106,3.58,0.1729,0.6446,0.71,,,0.7579,0.6754,0.5887,0.0,,1340873.2749,1340873.2749,359556.5748,4800326.3241,4800326.3241,0
4510,002683.SZ,20230106,30.2,3.9399,6.0127,7.12,47.09,42.5063,3.9143,2.652,2.3538,0.9934,0.9934,74876.0423,65745.3971,43079.8499,2261256.4775,1985510.9924,1
4511,600212.SH,20230106,7.8,1.2884,1.508,0.7,,,18.1247,16.4384,16.8517,0.0,,51169.7213,51169.7213,43716.1328,399123.8261,399123.8261,0
4512,000720.SZ,20230106,5.09,0.3559,0.6775,0.71,,,2.5402,1.5701,1.568,0.0,,128965.0962,128965.0962,67757.9241,656432.3397,656432.3397,0
4513,000969.SZ,20230106,8.07,2.0962,3.2751,1.26,48.2112,44.5282,1.6853,1.3202,1.1505,0.0,,102600.8097,102572.8146,65651.6517,827988.5343,827762.6138,0
4514,603585.SH,20230106,18.5,0.3623,1.2075,1.01,14.3293,9.2959,1.3813,1.4531,1.057,2.1621,2.1621,18000.1918,18000.1918,5400.1918,333003.5483,333003.5483,0
4515,600728.SH,20230106,5.36,0.9094,1.1289,0.88,29.9992,,1.7541,1.5149,1.5809,0.3437,0.3437,175904.1797,173732.7417,139957.3713,942846.4032,931207.4955,0
4516,688362.SH,20230106,22.53,4.7775,4.7775,0.75,28.5169,28.2743,3.5141,4.4702,3.9076,,,40766.0,4558.5134,4558.5134,918457.98,102703.3069,0
4517,300791.SZ,20230106,36.0,3.5896,4.3239,1.0,28.0282,31.2971,2.6361,2.7429,2.6971,1.1091,1.1091,18049.732,6715.2371,5574.7571,649790.352,241748.5356,0
4518,002821.SZ,20230106,148.29,1.3305,2.1395,0.6,51.3105,17.7249,3.6426,11.8273,5.7586,0.3853,0.3853,36998.4465,32716.9704,20346.4461,5486499.6315,4851599.5406,0
4519,601127.SH,20230106,41.21,1.5071,2.7258,0.83,,,4.9783,3.6908,2.1733,0.0,,149727.9083,103272.999,57101.7257,6170287.101,4255880.2888,0
4520,000516.SZ,20230106,11.77,2.2117,2.8711,2.24,,,5.7384,9.1676,9.6108,0.0,,227525.5232,189976.7976,146349.91,2677975.4081,2236026.9078,0
4521,000902.SZ,20230106,11.93,1.1119,2.1812,1.91,12.8653,11.4455,1.861,1.3187,1.0701,1.6125,1.6125,130452.929,118543.8746,60427.1974,1556303.443,1414228.424,0
4522,600746.SH,20230106,8.34,0.564,0.5641,0.98,4.0548,10.1354,1.7092,1.2169,1.1944,11.9904,11.9904,116784.2884,42415.6537,42408.4295,973980.9653,353746.5519,0
4523,603773.SH,20230106,20.29,10.657,18.84,1.49,,,2.1348,3.3597,2.4433,0.3468,0.3468,17386.2774,15638.2217,8845.9454,352767.5684,317299.5183,0
4524,301072.SZ,20230106,21.36,2.235,2.235,1.15,48.2878,107.7198,2.8742,3.6046,3.4211,0.2107,0.2107,10505.48,3335.48,3335.48,224397.0528,71245.8528,0
4525,600004.SH,20230106,14.59,1.1569,2.703,1.23,,,1.9542,6.6658,7.107,0.0,,236671.8283,236671.8283,101297.3731,3453041.9749,3453041.9749,0
4526,300901.SZ,20230106,9.14,1.01,1.5095,1.05,30.914,32.8889,2.0892,3.7742,3.5392,0.547,0.547,24000.0,12166.8,8140.73,219360.0,111204.552,0
4527,600590.SH,20230106,6.05,0.4538,0.7722,0.6,55.859,,1.2847,0.8511,0.8816,0.0,,85286.975,84356.9523,49568.8005,515986.1988,510359.5614,0
4528,920370.BJ,20230106,2.89,0.0877,0.1753,1.25,21.4402,31.341,1.0639,1.4483,1.4697,,,30628.0,26747.5469,13382.164,88514.92,77300.4105,0
4529,688766.SH,20230106,164.0,1.5029,1.648,1.02,28.5698,40.2562,4.066,7.5419,7.9753,,,5072.0207,2744.9265,2503.1978,831811.3948,450167.946,0
4530,000099.SZ,20230106,7.31,0.9628,1.4362,1.25,23.0073,27.5722,1.1732,3.3741,3.1325,1.0944,1.0944,77577.0137,71021.5136,47609.5662,567087.9701,519167.2644,0
4531,300014.SZ,20230106,89.85,1.2775,1.9575,1.14,63.1332,54.6715,6.3209,10.8553,6.1695,0.1654,0.1654,204175.9278,183657.3117,119864.3753,18345207.1128,16501609.4562,0
4532,301335.SZ,20230106,35.87,2.3005,2.3005,0.89,30.0501,26.597,1.725,1.741,1.5905,,,9000.0,2133.8778,2133.8778,322830.0,76542.1967,0
4533,603186.SH,20230106,23.18,3.294,5.5041,0.89,13.8198,40.1466,1.9967,0.9095,0.992,2.157,2.157,14202.6621,14171.4821,8481.2053,329217.7075,328494.9551,0
4534,688767.SH,20230106,47.4,1.1932,1.1932,0.79,6.0653,5.0597,1.8913,2.781,2.4408,,,10666.6667,3910.8925,3910.8925,505600.0016,185376.3045,0
4535,300660.SZ,20230106,25.51,2.5038,7.6224,2.28,27.3876,28.3925,2.2763,2.2909,2.2517,1.7452,1.7452,26212.8736,26204.2951,8607.5889,668690.4055,668471.568,0
4536,301269.SZ,20230106,90.71,3.6435,3.6435,1.09,353.5402,280.911,10.7536,85.0165,68.6575,0.0,,54294.1768,7343.5563,7343.5563,4925024.7775,666133.992,0
4537,301256.SZ,20230106,8.74,5.9922,5.9922,0.98,41.1794,38.7857,2.61,6.5104,4.1851,0.5721,0.5721,48000.0,12000.0,12000.0,419520.0,104880.0,0
4538,300586.SZ,20230106,18.72,2.5089,4.0948,1.21,155.169,32.9836,6.5328,5.221,4.0458,0.0,,52454.5071,38888.5896,23827.7761,981948.3729,727994.3973,0
4539,688107.SH,20230106,64.56,0.4862,1.2817,0.71,,784.8236,16.1961,38.0688,26.3456,,,40010.0,19001.2972,7207.5951,2583045.6,1226723.7472,0
4540,002767.SZ,20230106,12.2,1.9454,4.4257,1.27,78.6551,55.5438,2.3113,3.8483,3.3765,0.2213,0.2213,15000.0,13008.9912,5718.4446,183000.0,158709.6926,0
4541,603863.SH,20230106,12.48,1.6654,2.9361,0.59,287.818,,2.4935,4.2776,2.8063,0.0,,20465.0,20465.0,11608.05,255403.2,255403.2,0
4542,002139.SZ,20230106,11.05,1.9562,2.0613,1.54,24.8305,30.6133,2.5186,1.8061,1.6155,0.447,0.447,126953.5372,104036.2505,98736.0326,1402836.5861,1149600.568,0
4543,688297.SH,20230106,46.59,1.879,1.879,0.61,106.339,88.2844,5.4835,12.7026,11.6369,,,67500.0,12881.762,12881.762,3144825.0,600161.2916,0
4544,300503.SZ,20230106,8.54,2.299,2.8804,1.57,18.7276,471.1632,2.0086,2.2923,2.8105,0.8548,0.8548,30607.2836,21766.302,17372.4442,261386.2019,185884.2191,0
4545,300817.SZ,20230106,18.87,6.7475,7.0237,1.4,27.3755,39.1817,2.8158,3.023,3.6286,1.104,1.104,14553.216,5031.936,4834.08,274619.1859,94952.6323,0
4546,300955.SZ,20230106,25.37,1.1903,1.4025,0.64,26.318,31.5686,2.644,2.2021,2.3411,1.4978,1.4978,10080.0,4486.1788,3807.5043,255729.6,113814.3562,0
4547,002060.SZ,20230106,7.02,1.1008,1.7566,0.92,25.7295,24.3024,2.2465,0.5877,0.609,1.1111,1.1111,120226.2058,120190.4106,75320.9966,843987.9647,843736.6824,0
4548,002877.SZ,20230106,7.06,1.5723,2.9635,0.97,37.1068,33.0585,2.8723,3.1978,2.8711,0.7081,0.7081,33255.7899,20844.8048,11059.7288,234785.8767,147164.3219,0
4549,002250.SZ,20230106,16.06,0.6369,0.855,0.7,47.0105,38.9771,2.2306,2.2511,1.9135,0.3113,0.3113,92324.6256,91913.2645,68459.6792,1482733.4871,1476127.0279,0
4550,000503.SZ,20230106,10.01,1.0157,1.3767,0.93,,,13.4197,35.9313,31.8055,0.0,,90641.3204,89882.2204,66311.9611,907319.6172,899721.0262,0
4551,002492.SZ,20230106,6.49,3.603,6.2873,1.3,22.5362,24.0151,1.6877,6.3763,6.7271,0.6163,0.6163,40500.0,39813.1742,22815.4242,262845.0,258387.5006,0
4552,301086.SZ,20230106,60.2,0.8313,1.2007,0.89,26.4064,23.549,1.9699,4.884,4.9841,1.6611,1.6611,6000.0,2166.45,1500.0,361200.0,130420.29,0
4553,688095.SH,20230106,65.92,1.1192,1.1227,0.93,94.3877,313.5605,1.6299,8.0648,7.6671,,,6620.2302,3988.2302,3975.9282,436405.5748,262904.1348,0
4554,300860.SZ,20230106,51.76,3.728,4.0767,0.99,77.1262,171.1006,2.1928,15.2295,18.2524,0.1352,0.1352,13733.1308,4194.0704,3835.3204,710826.8502,217085.0839,0
4555,000537.SZ,20230106,14.0,1.4549,6.0949,1.23,,131.4955,1.5901,1.606,4.3719,0.7143,0.7143,186252.072,186252.072,44461.1083,2607529.008,2607529.008,0
4556,600312.SH,20230106,8.39,1.351,2.2705,1.43,160.8575,78.6268,1.2216,1.2277,1.1985,0.1907,0.1907,135692.1309,135692.1309,80742.3736,1138456.9783,1138456.9783,0
4557,002786.SZ,20230106,7.57,3.8974,8.1166,0.96,,,9.3851,1.403,1.3614,0.0,,49561.2,49411.2,23726.0407,375178.284,374042.784,0
4558,000421.SZ,20230106,4.97,1.272,2.7796,0.97,29.1363,39.0248,1.0341,0.8009,0.617,2.0121,2.0121,57833.1934,57264.6934,26205.6287,287430.9712,284605.5262,0
4559,605108.SH,20230106,35.53,4.3883,4.3883,0.72,64.1225,60.6372,4.6656,5.7436,5.3264,0.7881,0.7881,26000.0,8165.4852,8165.4852,923780.0,290119.6892,0
4560,605178.SH,20230106,18.58,0.5467,0.6902,0.84,,,0.9625,2.4727,4.4163,0.0,,9925.16,6208.3011,4917.7251,184409.4728,115350.2344,0
4561,600433.SH,20230106,4.23,1.1312,1.6213,0.77,56.2495,39.4728,1.5196,1.0547,0.9951,1.6548,1.6548,184455.7178,143945.8393,100433.7349,780247.6863,608890.9002,0
4562,002368.SZ,20230106,31.25,2.4714,4.1411,0.76,49.5614,45.7174,4.8846,1.7602,1.7504,0.6082,0.6082,59169.7969,58772.5725,35075.6798,1849056.1531,1836642.8906,0
4563,603458.SH,20230106,9.6,0.3371,0.3717,0.75,8.9143,16.7019,0.9057,0.9911,1.3241,3.4375,3.4375,31380.4147,31131.9847,28235.8122,301251.9811,298867.0531,0
4564,600990.SH,20230106,30.33,0.5721,1.0633,0.81,34.8758,38.349,2.4637,2.0401,1.9455,0.8801,0.8801,21142.9127,20693.2843,11133.0802,641264.5422,627627.3128,0
4565,603517.SH,20230106,57.72,1.1758,2.2422,1.74,35.8129,148.6741,6.1768,5.3645,5.1496,0.9972,0.9972,60863.0695,60863.0695,31915.2755,3513016.3715,3513016.3715,0
4566,600115.SH,20230106,5.38,0.4079,0.8056,1.05,,,4.3451,1.5127,2.0117,0.0,,1887444.0078,1120273.1426,567249.1426,10154448.762,6027069.5072,0
4567,600589.SH,20230106,2.09,0.3738,0.6415,0.39,,,,1.8865,5.1571,0.0,,70403.3281,70403.3281,41027.6229,147142.9557,147142.9557,0
4568,603222.SH,20230106,10.38,5.9964,11.8918,1.32,33.5659,58.8622,3.9036,4.5078,5.2025,0.6193,0.6193,47704.0855,47704.0855,24054.8315,495168.4075,495168.4075,0
4569,000937.SZ,20230106,6.25,0.6111,1.7692,0.83,8.062,4.1224,1.0603,0.7028,0.5737,16.0,16.0,353354.685,290659.9842,100390.666,2208466.7813,1816624.9013,0
4570,002838.SZ,20230106,17.96,1.6623,4.1088,0.75,35.5497,40.096,2.8022,1.8865,1.7302,0.2802,0.2802,44759.7545,35235.0842,14255.2269,803885.1908,632822.1122,0
4571,688262.SH,20230106,45.58,2.803,4.0946,1.64,155.8189,83.9927,3.8509,26.8521,23.5223,,,24000.0,18713.058,12810.336,1093920.0,852941.1836,0
4572,300733.SZ,20230106,22.34,1.0923,1.9535,1.24,191.8731,124.1498,2.8165,5.1274,3.9994,0.0,,17212.3019,12224.1851,6835.5693,384522.8244,273088.2951,0
4573,003021.SZ,20230106,51.11,2.3364,2.9424,0.96,59.339,73.5059,3.0219,7.68,7.9835,0.3916,0.3916,17130.1664,6027.2,4785.83,875522.8047,308050.192,0
4574,688206.SH,20230106,27.95,0.8392,1.0911,0.94,423.8766,275.4281,5.6786,62.5415,50.5751,,,43380.4445,14547.3375,11188.5023,1212483.4238,406598.0831,0
4575,600259.SH,20230106,41.39,1.5576,2.6568,1.2,100.1177,61.7365,4.0683,0.865,0.597,0.0,,33643.591,32948.9743,19317.1059,1392508.2315,1363758.0463,0
4576,300647.SZ,20230106,8.24,1.1307,1.5307,1.09,,,3.0243,6.5018,3.6292,0.0,,45732.1024,44357.4819,32765.5649,376832.5238,365505.6509,0
4577,300276.SZ,20230106,3.4,0.6963,0.9467,1.36,47.7409,186.8236,1.9512,3.3391,3.4587,0.0,,140104.299,94308.585,69363.7905,476354.6166,320649.189,0
4578,300122.SZ,20230106,98.0,1.3674,1.7351,1.0,15.3597,21.1546,7.03,5.1154,4.2787,0.6122,0.6122,160000.0,92542.7275,72935.0025,15680000.0,9069187.295,0
4579,002419.SZ,20230106,6.2,4.0826,10.6313,0.84,31.2215,80.3876,1.795,0.5907,0.5895,2.5806,2.5806,116884.775,116850.0389,44871.8436,724685.605,724470.2412,0
4580,300031.SZ,20230106,14.73,3.3738,3.5894,0.79,15.0705,35.6576,1.5127,2.1988,1.9109,0.6789,0.6789,41196.8821,34520.8393,32447.0655,606830.0733,508491.9629,0
4581,600893.SH,20230106,43.97,0.4891,0.924,0.69,98.69,85.3664,3.077,3.4369,3.0705,0.307,0.307,266559.4238,246997.9835,130745.0597,11720617.8645,10860501.3345,0
4582,688029.SH,20230106,82.46,1.1094,2.5772,1.06,47.6887,51.0815,4.9204,7.9554,7.4821,,,18781.1442,18781.1442,8084.4242,1548693.1507,1548693.1507,0
4583,301116.SZ,20230106,16.54,12.1673,12.1673,0.85,63.3978,208.3978,3.9718,0.4524,0.4148,0.3155,0.3155,44897.9593,4314.3575,4314.3575,742612.2468,71359.4731,0
4584,300885.SZ,20230106,9.37,4.6556,5.7153,2.19,27.8515,36.7139,3.0032,7.467,9.0495,0.0,,25080.0,9091.5,7405.765,234999.6,85187.355,0
4585,688199.SH,20230106,32.79,0.6959,0.7501,1.06,22.0161,22.3365,1.3091,2.912,2.4812,,,11122.68,8801.0404,8164.2371,364712.6772,288586.1147,0
4586,603087.SH,20230106,34.37,1.1231,1.5254,0.92,13.3825,116.042,2.0082,5.3824,8.2876,0.8665,0.8665,56565.32,29577.2843,21776.4668,1944150.0484,1016571.2614,0
4587,600579.SH,20230106,6.45,0.6581,1.7655,1.46,,,0.6778,0.3258,0.3181,0.0,,49778.4559,49778.4559,18554.4469,321071.0406,321071.0406,0
4588,603559.SH,20230106,11.46,1.8305,2.0262,0.82,,,3.4632,3.1695,3.8856,0.0,,14331.3207,14331.3207,12946.9943,164236.9352,164236.9352,0
4589,002658.SZ,20230106,8.58,4.2412,5.783,1.61,24.3711,18.4556,2.1309,3.9151,3.5235,3.4965,3.4965,63011.1861,34475.5521,25284.0521,540635.9767,295800.237,0
4590,600823.SH,20230106,2.4,0.4342,1.6172,1.18,9.368,,0.3556,0.4643,1.02,0.0,,375116.8261,375116.8261,100719.3266,900280.3826,900280.3826,0
4591,603867.SH,20230106,34.14,1.6485,2.2701,0.84,32.0255,18.812,3.4071,2.4672,2.3376,1.1245,1.1245,18462.77,18462.77,13407.4709,630318.9678,630318.9678,0
4592,688658.SH,20230106,21.12,2.6048,2.9329,1.0,17.4284,18.7353,2.3661,1.9139,1.8553,,,45000.0,20459.988,18170.7708,950400.0,432114.9466,0
4593,601279.SH,20230106,5.18,1.1575,1.1575,1.08,52.0839,117.0456,2.1362,1.6843,1.6027,0.1931,0.1931,149425.3157,19544.0185,19544.0185,774023.1353,101238.0158,0
4594,600908.SH,20230106,5.44,0.7573,0.9221,0.62,6.4097,5.5408,0.7093,2.3286,2.2189,3.3088,3.3088,186167.9136,177261.0745,145571.4378,1012753.45,964300.2453,0
4595,300180.SZ,20230106,3.92,0.6126,0.7342,0.99,110.1067,,1.3357,1.6666,1.5896,0.0,,176106.0155,143259.0615,119528.2878,690335.5808,561575.5211,0
4596,605339.SH,20230106,21.55,2.2291,2.2291,1.08,25.0433,40.5579,2.8709,3.2113,3.1845,1.5296,1.5296,42812.4412,6779.0822,6779.0822,922608.1079,146089.2214,0
4597,601000.SH,20230106,2.73,0.5773,1.2773,1.06,7.7451,9.3662,0.8605,2.663,2.7338,7.326,7.326,592592.8614,592592.8614,267818.435,1617778.5116,1617778.5116,0
4598,002262.SZ,20230106,23.3,1.5414,2.797,0.86,29.4278,27.0863,4.299,5.9651,5.6383,0.8584,0.8584,100758.8092,88175.9575,48591.069,2347680.2544,2054499.8098,0
4599,600138.SH,20230106,15.53,3.4437,4.4718,0.7,529.4199,,1.8183,1.3018,1.5572,0.0,,72384.0,72384.0,55742.8194,1124123.52,1124123.52,0
4600,300324.SZ,20230106,2.79,0.7934,0.9727,0.79,,,1.2643,1.5197,1.7576,0.0,,172759.0595,169600.1023,138335.4534,481997.776,473184.2854,0
4601,603843.SH,20230106,4.41,1.0312,1.7073,0.74,27.6938,43.8638,1.6216,0.6019,0.8187,0.5442,0.5442,69962.3237,69962.3237,42255.2182,308533.8475,308533.8475,0
4602,300082.SZ,20230106,8.23,0.569,1.2123,1.28,15.8904,33.3807,1.7231,0.8332,0.917,4.1555,4.1555,68009.82,67791.1807,31821.3234,559720.8186,557921.4172,0
4603,002708.SZ,20230106,6.07,2.687,4.5167,2.22,,,2.246,1.8409,2.0261,0.0,,49201.1076,40674.806,24197.6766,298650.7231,246896.0724,0
4604,600733.SH,20230106,5.97,0.6656,1.0218,0.71,,,3.3505,2.9431,3.0817,0.0,,428731.013,391224.4411,254847.9461,2559524.1476,2335609.9134,0
4605,600119.SH,20230106,6.5,1.7813,2.7676,0.91,,,11.1279,2.1569,1.7367,0.0,,36527.037,30740.0,19785.1609,237425.7405,199810.0,0
4606,301321.SZ,20230106,19.69,1.6615,1.9106,1.49,19.1893,44.6288,1.7855,0.8425,0.9026,1.1681,1.1681,12429.0,6061.2712,5271.0112,244727.01,119346.4299,0
4607,002088.SZ,20230106,22.97,0.425,1.0868,0.54,21.7726,19.5591,4.2197,3.6761,3.49,3.0475,3.0475,50633.2586,45132.5837,17648.3759,1163045.95,1036695.4476,0
4608,600103.SH,20230106,2.28,0.6117,0.8505,0.68,27.6273,24.7558,1.3718,1.8335,1.7306,0.0,,230581.7807,230581.7807,165853.6601,525726.46,525726.46,0
4609,600192.SH,20230106,5.96,3.3598,5.4873,1.48,,,1.5877,1.2743,1.1492,0.0,,44174.8,44174.8,27047.5247,263281.808,263281.808,0
4610,300815.SZ,20230106,15.47,0.7624,1.1319,1.07,10.8745,11.9334,1.6055,1.0631,0.9862,1.379,1.379,33216.0,13988.4499,9422.7099,513851.52,216401.32,0
4611,600363.SH,20230106,25.18,1.1846,1.5,1.28,49.47,45.7737,3.1854,3.1967,3.4782,0.2065,0.2065,45524.575,45057.775,35584.1658,1146308.7985,1134554.7745,0
4612,600743.SH,20230106,1.86,0.9766,2.3642,1.14,,,0.6295,0.3187,0.3205,0.0,,234610.0874,234610.0874,96911.6035,436374.7626,436374.7626,0
4613,688339.SH,20230106,75.92,1.5781,1.5786,1.43,,,3.1481,12.0498,11.7307,,,9989.1387,8132.1185,8129.727,758375.4101,617390.4365,0
4614,002561.SZ,20230106,13.18,14.8941,23.5192,0.73,53.0577,137.6521,2.4774,8.8506,10.6621,1.214,1.214,41576.3,41227.1022,26108.1321,547975.634,543373.207,0
4615,002590.SZ,20230106,8.55,1.7655,3.8197,2.33,187.9361,64.6015,2.127,1.5115,1.3631,0.9942,0.9942,47964.6926,45555.3639,21056.6508,410098.1217,389498.3613,0
4616,688275.SH,20230106,182.61,2.3891,2.3891,1.27,44.1334,16.1798,1.8465,6.98,1.8255,,,8521.5178,1897.3407,1897.3407,1556114.3655,346473.3852,0
4617,000513.SZ,20230106,33.28,0.7834,1.2909,0.72,17.5342,17.0161,2.3178,2.5809,2.5557,3.9021,3.9021,93555.2687,60586.0369,36765.2745,3113519.3423,2016303.308,0
4618,603136.SH,20230106,25.4,2.5174,4.7012,1.0,91.8802,469.674,4.0406,11.303,13.7641,0.0,,18629.4283,18629.4283,9975.5383,473187.4788,473187.4788,0
4619,688117.SH,20230106,23.4,1.4807,1.7217,1.14,30.5619,32.7132,2.3372,4.8431,5.0892,,,8000.0,4630.1,3982.1,187200.0,108344.34,0
4620,600938.SH,20230106,15.32,1.2924,1.2924,0.85,10.363,5.772,1.3527,2.9609,1.9007,10.5446,10.5446,4756676.3984,175018.519,175018.519,72872282.4235,2681283.7111,0
4621,300496.SZ,20230106,107.52,1.5223,1.6755,1.04,75.9861,58.8342,5.5608,11.9182,9.2646,0.2636,0.2636,45743.5607,33457.2052,30398.4286,4918347.6465,3597318.7031,0
4622,600085.SH,20230106,42.3,2.2247,4.6785,4.1,47.2662,44.2766,5.0978,3.9727,3.9145,0.6856,0.6856,137147.0262,137147.0262,65216.1722,5801319.2083,5801319.2083,0
4623,002953.SZ,20230106,14.59,29.723,46.1084,1.09,36.8195,48.6479,3.6897,1.4514,1.3384,0.5212,0.5212,31997.9394,16429.2486,10590.8432,466849.9358,239702.7371,0
4624,920839.BJ,20230106,6.35,0.0234,0.0491,0.38,17.9066,15.1699,1.7488,2.2761,1.6254,,,12030.0,6370.3875,3036.225,76390.5,40451.9606,0
4625,002138.SZ,20230106,26.33,0.9499,1.0374,0.9,27.058,36.0158,3.8363,4.6382,4.9579,1.1308,1.1308,80631.8354,72530.3191,66409.6402,2123036.2261,1909723.3019,0
4626,002840.SZ,20230106,16.88,1.8762,3.3018,0.65,,,3.8852,1.2269,1.2018,0.0,,60633.496,46267.256,26291.3144,1023493.4125,780991.2813,0
4627,300370.SZ,20230106,2.39,0.5054,1.0497,0.53,,,,6.7401,7.2131,0.0,,157752.6399,112382.3395,54110.6955,377028.8094,268593.7914,0
4628,600088.SH,20230106,9.41,1.6224,3.7629,1.23,,,3.7535,3.15,3.4771,0.0,,39770.64,39770.64,17146.9217,374241.7224,374241.7224,0
4629,300380.SZ,20230106,17.48,1.7551,3.5085,0.5,209.9404,121.8579,5.1724,3.259,3.0032,0.2288,0.2288,14079.5775,12532.0257,6269.0249,246111.0147,219059.8092,0
4630,002409.SZ,20230106,51.69,1.2135,1.5955,1.05,73.4897,60.2444,3.9482,6.5041,5.779,0.4063,0.4063,47592.7678,31852.1997,24225.7211,2460070.1676,1646440.2025,0
4631,600558.SH,20230106,3.21,0.5172,0.7763,0.89,37.2284,56.49,1.3333,0.8364,0.888,0.9346,0.9346,89760.4831,89760.4831,59805.0432,288131.1508,288131.1508,0
4632,002208.SZ,20230106,7.11,2.751,5.2562,1.09,6.513,16.919,0.917,0.7557,1.815,1.4065,1.4065,80329.1894,62219.838,32564.1324,571140.5366,442383.0482,0
4633,002254.SZ,20230106,22.49,2.0183,2.0286,1.26,16.3775,29.3287,3.8598,3.5911,4.0295,2.1637,2.1637,70320.4502,42669.6066,42453.6485,1581506.925,959639.4524,0
4634,601068.SH,20230106,4.87,0.7862,6.8004,1.68,,,2.664,0.6172,0.6134,0.0,,295906.6667,255959.0667,29590.6667,1441065.4668,1246520.6548,0
4635,301057.SZ,20230106,21.08,6.9476,6.9476,4.59,32.3657,48.1314,3.7933,3.8046,3.9791,0.9357,0.9357,11072.0,4432.0,4432.0,233397.76,93426.56,0
4636,300120.SZ,20230106,6.25,0.7129,0.8635,0.71,67.0162,42.0217,1.1071,0.878,0.9881,0.0,,46440.118,41132.2724,33961.1516,290250.7375,257076.7025,0
4637,603880.SH,20230106,6.17,1.2237,2.79,0.86,,,2.7434,3.4214,3.5021,0.0,,29247.4,28904.2,12677.8805,180456.458,178338.914,0
4638,603595.SH,20230106,60.59,1.5148,2.5875,1.27,421.4898,125.1842,7.3637,10.518,7.6033,0.0237,0.0237,23244.2326,18083.6191,10586.6191,1408368.0532,1095686.4813,0
4639,300218.SZ,20230106,10.36,0.6071,0.9281,0.99,17.043,10.3445,1.7041,1.0988,1.0889,1.9849,1.9849,21698.7,21627.6394,14147.6394,224798.532,224062.3442,0
4640,000560.SZ,20230106,2.68,5.8441,9.0727,3.48,38.0377,,0.607,0.5277,0.5304,0.2985,0.2985,235550.0851,224981.0653,144920.8762,631274.2281,602949.255,0
4641,688619.SH,20230106,10.87,0.6434,0.6434,0.8,23.1025,230.9982,1.4134,2.8105,4.2455,,,18728.8015,8709.3045,8709.3045,203582.0723,94670.1399,0
4642,920427.BJ,20230106,5.06,0.0385,0.0583,0.22,9.1611,12.2087,1.4891,2.8837,3.4882,,,10309.5,3774.2353,2489.9805,52166.07,19097.6306,0
4643,600594.SH,20230106,5.58,1.9115,2.496,1.07,18.1274,30.9775,1.2057,1.3204,1.5559,0.0,,79192.74,79192.74,60646.9764,441895.4892,441895.4892,0
4644,603993.SH,20230106,4.62,0.4886,1.2326,1.27,19.5433,14.5596,1.9622,0.574,0.5551,1.5422,1.5422,2159924.0583,1766577.2583,700277.2183,9978849.1493,8161586.9333,0
4645,301037.SZ,20230106,16.81,2.6112,2.6112,1.14,33.4456,404.8598,2.0445,0.5672,0.5532,0.3242,0.3242,10037.936,2807.7425,2807.7425,168737.7042,47198.1514,0
4646,600060.SH,20230106,14.36,0.6111,1.158,0.99,16.5041,11.5993,1.1162,0.4012,0.4137,0.6018,0.6018,130765.2222,128908.1222,68028.202,1877788.5908,1851120.6348,0
4647,603156.SH,20230106,21.5,0.1152,0.2831,0.77,12.8898,18.2861,2.4809,3.9398,4.4757,9.3023,9.3023,126549.36,126549.36,51512.8506,2720811.24,2720811.24,0
4648,601598.SH,20230106,3.81,0.4399,1.9542,1.12,7.5464,6.709,0.8348,0.2254,0.2621,7.3263,7.3263,735510.4875,525591.6875,118310.3236,2802294.9574,2002504.3294,0
4649,300275.SZ,20230106,12.46,1.9526,1.9884,1.37,80.2289,66.9495,3.0845,7.5792,6.5118,0.2006,0.2006,18817.0355,14719.0108,14454.6408,234460.2623,183398.8746,0
4650,920608.BJ,20230106,8.64,0.2381,0.2381,0.69,11.8418,11.8438,1.1728,3.2203,3.3856,,,6224.0,2393.6771,2393.6771,53775.36,20681.3701,0
4651,300598.SZ,20230106,47.85,2.4188,3.391,0.74,255.9239,,7.0836,5.3782,4.0775,0.0418,0.0418,16010.2077,16007.5753,11417.9508,766088.4384,765962.4781,0
4652,600577.SH,20230106,4.35,0.8225,0.9601,1.23,16.4698,22.8557,1.8388,0.4934,0.503,0.662,0.662,207913.1039,199579.7706,170979.7649,904422.002,868172.0021,0
4653,688798.SH,20230106,101.98,0.7261,0.9781,0.73,58.709,114.9574,4.5901,7.2749,7.2476,,,16600.0,9518.5003,7066.01,1692868.0,970696.6606,0
4654,920260.BJ,20230106,5.37,0.0578,0.0578,0.43,12.0119,15.8799,1.5005,2.5919,2.7565,,,10355.0,3551.1086,3551.1086,55606.35,19069.4532,0
4655,601003.SH,20230106,3.72,0.6612,3.8095,0.91,6.5476,,0.9969,0.1033,0.1065,4.7312,4.7312,256279.32,256279.32,44482.3117,953359.0704,953359.0704,0
4656,601001.SH,20230106,12.13,0.8398,1.9739,1.16,4.3587,3.7291,1.3518,1.1115,1.0284,3.2976,3.2976,167370.0,167370.0,71206.7492,2030198.1,2030198.1,0
4657,300832.SZ,20230106,55.47,2.0051,2.0099,0.93,44.7844,35.379,7.1285,17.1314,14.7908,1.0817,1.0817,78612.6335,28388.5748,28320.7448,4360642.7802,1574714.2442,0
4658,600400.SH,20230106,4.23,0.875,2.6015,1.15,126.5608,209.1008,3.2769,4.1581,4.0747,1.5366,1.5366,230302.1852,229137.1852,77066.3434,974178.2434,969250.2934,0
4659,688213.SH,20230106,41.08,2.9379,2.9379,1.37,41.2529,453.7107,4.3394,6.1102,7.141,,,40001.0,3200.8,3200.8,1643241.08,131488.864,0
4660,600111.SH,20230106,26.38,1.7283,2.9728,2.07,18.5896,14.4224,5.2217,3.1362,2.7791,1.6869,1.6869,361506.5842,361506.5842,210171.1973,9536543.6912,9536543.6912,0
4661,688410.SH,20230106,29.86,14.9583,14.9583,0.75,221.9265,86.2132,2.9021,15.2559,12.237,,,14473.0259,3323.9329,3323.9329,432164.5534,99252.6364,0
4662,000627.SZ,20230106,3.2,0.369,1.0085,0.75,33.5873,44.4325,0.7449,0.3189,0.3045,0.1563,0.1563,494062.9165,455250.4165,166586.6288,1581001.3328,1456801.3328,0
4663,300621.SZ,20230106,8.38,1.7876,3.3046,1.9,47.3566,344.1369,2.0337,0.174,0.1334,0.3222,0.3222,20805.67,19411.807,10500.8831,174351.5146,162670.9427,0
4664,300919.SZ,20230106,70.56,3.1431,3.1431,1.05,50.3965,37.604,3.0904,2.3575,1.6612,0.215,0.215,67063.3576,22858.1627,22858.1627,4731990.5123,1612871.9601,0
4665,301125.SZ,20230106,24.22,3.6774,3.6774,0.58,32.1887,33.6015,2.8555,3.6551,3.6992,4.5417,4.5417,7240.0,1810.0,1810.0,175352.8,43838.2,0
4666,600776.SH,20230106,9.41,0.3248,0.7567,0.85,101.7299,96.7537,3.5789,3.8912,3.7295,0.4251,0.4251,125600.0064,95600.0064,41038.4512,1181896.0602,899596.0602,0
4667,600231.SH,20230106,2.16,0.2393,0.9039,0.65,6.7062,,0.7057,0.2356,0.2617,4.4907,4.4907,285215.5097,285215.5097,75524.7669,616065.501,616065.501,0
4668,301102.SZ,20230106,39.03,6.5447,6.5447,0.96,32.4383,36.9757,2.7405,12.609,12.5401,0.6405,0.6405,20000.0,4561.1837,4561.1837,780600.0,178022.9998,0
4669,600155.SH,20230106,6.61,0.6725,0.9579,0.81,15.4368,23.6792,0.7737,3.9696,2.806,0.0,,226142.3642,173955.6648,122119.9826,1494801.0274,1149846.9443,0
4670,600110.SH,20230106,8.28,1.002,1.1474,0.99,35.6835,39.7502,2.267,3.2514,3.2122,0.7213,0.7213,174575.2471,140575.2471,122755.774,1445483.046,1163963.046,0
4671,300266.SZ,20230106,3.17,1.6541,2.5037,1.05,,,2.9146,2.1305,3.3688,0.0,,157022.7314,155367.4914,102646.4073,497762.0585,492514.9477,0
4672,000705.SZ,20230106,7.93,3.2431,3.6471,0.91,34.279,36.835,1.3876,0.7335,0.6542,0.7566,0.7566,33412.3286,28185.2001,25062.6487,264959.7658,223508.6368,0
4673,603439.SH,20230106,15.33,14.6573,17.8801,1.34,41.3607,43.7402,5.5158,6.7079,6.0871,0.0,,41086.2216,16228.3576,13303.3207,629851.7771,248780.722,0
4674,300204.SZ,20230106,13.25,3.4099,6.5926,0.59,,,4.7665,10.7797,11.6445,0.0,,47535.7555,46938.138,24277.7014,629848.7604,621930.3285,0
4675,300328.SZ,20230106,6.29,1.4407,2.3266,1.46,,,4.0096,4.0595,3.0023,0.0,,69042.36,68141.61,42194.41,434276.4444,428610.7269,0
4676,688151.SH,20230106,19.34,0.5261,0.5261,1.33,20.8063,60.1786,1.579,5.2246,9.3396,,,34450.0,9956.7014,9956.7014,666263.0,192562.6051,0
4677,301049.SZ,20230106,22.15,3.6601,3.6601,1.42,24.3693,94.1443,2.3198,9.2287,10.0078,1.1287,1.1287,9425.3334,2568.4034,2568.4034,208771.1348,56890.1353,0
4678,300228.SZ,20230106,5.27,0.9132,0.9318,0.95,71.8505,,1.6108,1.911,2.0588,0.1898,0.1898,57540.6349,54289.5724,53207.5724,303239.1459,286106.0465,0
4679,002791.SZ,20230106,108.96,1.1148,1.5977,1.01,39.3925,185.427,7.3556,3.9782,4.247,0.3212,0.3212,32154.0,16143.2013,11264.4558,3503499.84,1758963.2136,0
4680,688388.SH,20230106,46.95,1.5053,2.0631,1.37,25.9914,24.0877,1.997,5.0975,3.488,,,30445.5734,23419.8241,17087.3841,1429419.6711,1099560.7415,0
4681,300554.SZ,20230106,28.09,12.3823,17.2005,4.1,,,4.5052,11.852,8.4676,0.0,,10482.9248,7654.9935,5510.6819,294465.3576,215028.7674,0
4682,605133.SH,20230106,29.9,24.2595,24.2595,5.03,48.1969,44.5707,2.7091,4.1697,3.4505,0.5017,0.5017,16218.9,4000.0,4000.0,484945.11,119600.0,0
4683,300091.SZ,20230106,3.63,0.7577,0.9007,1.25,272.1474,,1.6541,3.0804,3.4065,0.1102,0.1102,148916.4214,107116.2285,90105.3049,540566.6097,388831.9095,0
4684,301038.SZ,20230106,15.25,1.7424,1.7424,0.76,24.6557,69.85,3.0074,2.7994,2.8904,1.6242,1.6242,17160.0,4290.0,4290.0,261690.0,65422.5,0
4685,301239.SZ,20230106,70.92,3.8858,3.8858,0.7,113.0158,152.5434,4.9566,6.2052,5.9436,0.0,,14961.9048,3740.4762,3740.4762,1061098.2884,265274.5721,0
4686,300606.SZ,20230106,12.34,1.0194,1.7546,1.13,25.6165,28.7836,2.9138,3.8682,3.8037,1.891,1.891,14012.87,11619.4638,6750.8275,172918.8158,143384.1833,0
4687,301031.SZ,20230106,180.47,0.9334,0.9558,1.29,148.6279,100.4001,15.3622,31.0745,19.8317,0.3325,0.3325,6627.7427,4106.9603,4010.7401,1196108.7251,741183.1253,0
4688,300907.SZ,20230106,18.67,1.3022,1.3022,1.08,98.9869,109.6097,2.4112,1.5539,1.6793,0.0,,9600.0,3696.0,3696.0,179232.0,69004.32,0
4689,000868.SZ,20230106,6.84,10.3385,16.0629,0.68,,,30.8004,2.8168,2.8523,0.0,,73332.9168,73332.9168,47198.7072,501597.1509,501597.1509,0
4690,300702.SZ,20230106,24.04,2.508,3.9616,0.52,40.8713,223.6885,2.2642,3.287,3.1103,0.416,0.416,34797.7159,20932.8942,13252.0469,836537.0902,503226.7766,0
4691,001319.SZ,20230106,20.97,3.7947,3.7947,1.62,31.4042,30.9711,2.5839,3.4655,3.1907,1.6691,1.6691,14140.0,3535.0,3535.0,296515.8,74128.95,0
4692,000715.SZ,20230106,7.15,12.5746,26.851,0.8,21.8711,30.1837,1.7641,3.4244,3.9711,0.6993,0.6993,41571.894,41505.9494,19437.6455,297239.0421,296767.5382,0
4693,603535.SH,20230106,18.31,0.5288,1.4969,0.71,23.414,23.0765,1.9585,3.3653,3.2837,0.4332,0.4332,23324.7835,21808.0,7704.6185,427076.7859,399304.48,0
4694,300001.SZ,20230106,15.62,0.6834,1.1299,1.22,86.849,78.924,2.6575,1.7218,1.5192,0.128,0.128,104071.0713,99090.3349,59933.3068,1625590.1337,1547791.0311,0
4695,600311.SH,20230106,1.2,4.7435,5.6587,1.51,,,,0.7658,0.9875,0.0,,66560.0,66560.0,55795.0,79872.0,79872.0,0
4696,000887.SZ,20230106,15.42,1.664,2.799,1.04,21.0323,22.6222,1.8757,1.6141,1.5042,1.297,1.297,131648.9747,131375.4563,78105.3242,2030027.1899,2025809.5361,0
4697,605577.SH,20230106,10.11,1.0858,3.4108,0.76,10.1446,9.648,1.4001,2.5094,2.4728,0.9891,0.9891,44444.4445,18836.4445,5996.3,449333.3339,190436.4539,0
4698,603106.SH,20230106,5.63,2.0178,4.8024,0.88,154.0981,,1.8952,4.0987,4.5282,0.0,,52052.0,52052.0,21870.4721,293052.76,293052.76,0
4699,688568.SH,20230106,61.49,1.9422,3.0364,2.52,68.4553,63.6647,4.9389,14.5018,11.7467,,,24526.0756,10662.4658,6820.0,1508108.3886,655635.022,0
4700,601101.SH,20230106,6.21,0.497,1.3545,1.05,4.4391,3.965,0.8433,1.0685,0.9314,7.3806,7.3806,143999.7926,143999.7926,52838.4382,894238.712,894238.712,0
4701,000795.SZ,20230106,6.9,2.4016,4.7277,2.29,57.7613,38.5984,2.9783,2.0804,1.6593,0.0,,113368.4103,113368.4103,57590.124,782242.0311,782242.0311,0
4702,603567.SH,20230106,13.3,1.0179,4.3967,0.87,37.724,51.5188,1.7702,3.0358,2.6428,0.797,0.797,94196.3592,94196.3592,21807.8292,1252811.5774,1252811.5774,0
4703,301188.SZ,20230106,14.79,3.4578,5.1019,7.78,27.5471,29.3836,2.4533,3.8671,4.1635,1.3523,1.3523,23241.0,15076.1407,10217.7813,343734.39,222976.121,0
4704,603939.SH,20230106,63.85,0.4393,0.9502,0.52,51.8996,45.3763,5.7057,3.0067,2.5982,0.4678,0.4678,72170.493,71860.973,33225.9203,4608085.9781,4588323.1261,0
4705,300441.SZ,20230106,5.83,0.7021,1.4076,1.34,14.3925,22.914,2.5095,1.7641,1.8905,2.5536,2.5536,65718.9708,63285.1571,31567.42,383141.5998,368952.4659,0
4706,301349.SZ,20230106,116.98,5.1933,5.1933,1.27,57.7755,53.4417,2.8674,16.1687,9.3521,,,6800.0,1612.1605,1612.1605,795464.0,188590.5353,0
4707,603331.SH,20230106,12.21,0.8133,2.0709,1.21,23.6894,25.905,2.5317,1.7854,1.6344,2.0444,2.0444,17816.9639,17652.5639,6932.4939,217545.1292,215537.8052,0
4708,301248.SZ,20230106,30.95,11.7813,11.7813,0.47,30.1607,37.1072,2.0125,3.3729,3.1484,0.6462,0.6462,10247.0,2399.804,2399.804,317144.65,74273.9338,0
4709,002565.SZ,20230106,4.22,2.2341,3.1334,0.96,,,2.3259,2.8855,3.1483,0.0,,105998.8922,105563.1178,75263.5524,447315.3251,445476.3571,0
4710,603345.SH,20230106,162.0,0.6891,0.9872,0.77,69.6379,54.1191,4.22,5.1243,4.193,0.4315,0.4315,29329.4232,29141.6232,20343.0313,4751366.5584,4720942.9584,0
4711,600375.SH,20230106,6.54,1.5894,2.2077,2.02,,,7.7355,0.8044,1.3182,0.0,,65431.4844,65431.4844,47105.9692,427921.908,427921.908,0
4712,301092.SZ,20230106,29.15,7.1719,7.1719,2.81,52.7554,25.0387,2.3113,8.6113,6.1297,0.4117,0.4117,13333.3334,3548.9859,3548.9859,388666.6686,103452.939,0
4713,920720.BJ,20230106,11.76,0.1597,0.1597,0.43,19.7361,17.7517,2.7049,2.9551,2.7291,,,9485.12,2525.8639,2525.8639,111545.0112,29704.1595,0
4714,600673.SH,20230106,8.66,0.2904,0.6006,0.71,29.8611,20.4163,2.8802,2.0394,2.0979,3.0092,3.0092,301389.7259,299511.1127,144808.4909,2610035.0263,2593766.236,0
4715,688733.SH,20230106,40.3,3.8063,4.1493,2.31,74.4042,50.2798,3.585,19.0464,13.4005,,,19977.519,12399.5644,11374.5644,805094.0157,499702.4453,0
4716,300143.SZ,20230106,11.54,2.9891,4.3372,2.56,,,4.0362,6.7995,5.0716,0.0,,64216.701,54583.8889,37617.085,741060.7295,629898.0779,0
4717,002298.SZ,20230106,6.5,1.2422,1.2533,0.89,23.3927,24.3279,0.931,1.7363,1.6132,0.0,,74011.0901,61163.8466,60621.2514,481072.0857,397565.0029,0
4718,300292.SZ,20230106,3.08,1.5271,1.6333,1.03,68.0496,221.8935,3.2726,0.9765,1.0543,0.0,,134176.4974,111594.4813,104339.9501,413263.612,343711.0024,0
4719,688258.SH,20230106,44.6,1.1293,2.3182,0.73,92.0143,157.2172,4.2589,16.3914,15.4622,,,8695.6591,8695.6591,4235.9212,387826.3959,387826.3959,0
4720,688073.SH,20230106,97.08,9.4207,9.4207,2.96,64.5884,48.8943,3.1191,10.3957,8.2045,,,6491.6392,1334.8796,1334.8796,630208.3335,129590.1116,0
4721,300855.SZ,20230106,48.1,1.368,1.7018,0.92,80.1096,61.8604,10.2988,20.8159,16.0337,0.2772,0.2772,30201.0,16845.1875,13540.4745,1452668.1,810253.5188,0
4722,301215.SZ,20230106,5.3,2.296,2.296,1.03,67.9357,53.9925,2.607,23.5362,22.1418,0.434,0.434,132240.0,27560.0001,27560.0001,700872.0,146068.0005,0
4723,002839.SZ,20230106,4.68,0.834,1.1079,0.84,7.7877,6.357,0.7812,2.1995,2.0903,2.8489,2.8489,216964.9522,206188.169,155202.8403,1015395.9763,964960.6309,0
4724,601916.SH,20230106,2.92,0.4392,0.64,1.01,4.9102,4.5642,0.4604,1.1401,1.0054,0.0,,2126869.6778,1671469.6778,1146959.1446,6210459.4592,4880691.4592,0
4725,000949.SZ,20230106,3.32,0.5906,0.9701,1.25,3.5671,,0.8423,0.5571,0.6104,3.012,3.012,146672.7778,140326.3346,85424.8873,486953.6223,465883.4309,0
4726,002380.SZ,20230106,15.35,5.571,7.2404,1.25,98.9671,75.6524,1.6614,3.2307,2.8406,0.2552,0.2552,23999.1649,14150.439,10887.8088,368387.1812,217209.2387,0
4727,603013.SH,20230106,14.27,0.2941,1.4141,1.08,14.6752,16.9789,1.9862,0.9079,0.8865,4.9184,4.9184,51263.4266,51133.25,10633.25,731529.0976,729671.4775,0
4728,603268.SH,20230106,13.57,0.4105,1.0071,0.87,,,6.3378,4.1813,5.3601,0.0,,12416.88,12416.88,5061.23,168497.0616,168497.0616,0
4729,603739.SH,20230106,13.68,0.2444,0.5905,0.62,26.049,37.4204,2.1148,3.0008,3.0093,1.1679,1.1679,25244.1726,25244.1726,10448.3286,345340.2812,345340.2812,0
4730,301178.SZ,20230106,25.1,2.4319,3.4468,0.75,29.7449,35.2528,2.054,3.544,3.5627,1.1383,1.1383,6595.68,4359.8856,3076.1697,165551.568,109433.1286,0
4731,002446.SZ,20230106,10.58,1.9314,1.984,0.75,,,3.1533,10.0433,7.029,0.0,,91327.4119,84328.9811,82091.8668,966244.0179,892200.62,0
4732,600515.SH,20230106,4.83,0.9619,1.4133,1.09,119.1139,30.5855,2.6328,12.1966,14.4951,0.0,,1142530.9602,917601.2508,624520.0338,5518424.5378,4432014.0414,0
4733,300148.SZ,20230106,3.46,9.7563,11.2999,0.6,,,1.9279,5.718,5.6778,0.0,,83533.9343,77548.0722,66954.9467,289027.4127,268316.3298,0
4734,603878.SH,20230106,12.3,1.8662,3.0734,1.84,27.9521,30.3211,1.9643,1.8262,1.8,2.1951,2.1951,40075.8848,40075.8848,24334.0581,492933.383,492933.383,0
4735,002443.SZ,20230106,6.21,1.8843,2.3941,0.47,8.3842,12.7004,1.071,0.4589,0.4955,6.4412,6.4412,52053.552,51914.4043,40858.4764,323252.5579,322388.4507,0
4736,300886.SZ,20230106,22.92,3.1528,3.765,3.19,97.3554,82.0277,3.1439,6.9347,6.6676,0.2182,0.2182,7455.5,3314.415,2775.5,170880.06,75966.3918,0
4737,600050.SH,20230106,4.99,1.0116,1.9511,0.64,25.1693,21.2696,1.0186,0.4841,0.4569,2.023,2.023,3180443.6237,3096241.1937,1605238.1788,15870413.6823,15450243.5566,0
4738,300149.SZ,20230106,10.57,1.4539,2.1933,1.06,,8.7127,1.7539,3.1246,3.6147,0.0,,49977.6892,49890.9292,33071.1128,528264.1748,527347.1216,0
4739,002197.SZ,20230106,9.71,3.4273,3.824,0.8,157.6138,207.5001,1.9446,4.7535,4.6039,0.0,,61436.2928,53427.5562,47884.6112,596546.4031,518781.5707,0
4740,000606.SZ,20230106,2.06,0.3649,0.5787,0.43,,,,7.9016,30.3561,0.0,,76579.9353,76579.9353,48283.8815,157754.6667,157754.6667,0
4741,688270.SH,20230106,116.38,2.9063,2.9063,1.34,128.5847,98.57,6.2364,66.6902,53.0366,,,10921.0,2498.967,2498.967,1270985.98,290829.7795,0
4742,300093.SZ,20230106,47.39,2.8956,4.1904,2.3,,,71.2509,31.915,31.4701,0.0,,21600.0,21532.9725,14879.4799,1023624.0,1020447.5668,0
4743,600026.SH,20230106,12.0,2.1586,4.7039,1.22,,,1.8839,4.5083,3.6216,0.0,,477077.6395,287305.7198,131842.5605,5724931.674,3447668.6376,0
4744,002145.SZ,20230106,6.55,1.3748,1.8847,2.55,16.0314,23.4495,2.8227,3.6294,3.562,0.8423,0.8423,297782.6315,230726.5087,168304.0087,1950476.2363,1511258.632,0
4745,300310.SZ,20230106,3.55,1.1963,1.282,0.92,58.1585,101.8241,1.7369,1.3391,1.2329,0.0,,88165.8531,69172.9196,64549.3532,312988.7785,245563.8646,0
4746,600338.SH,20230106,22.99,1.8722,2.4859,1.18,29.1732,32.3163,5.6818,10.2594,10.0846,0.0,,91421.0168,91421.0168,68850.3236,2101769.1762,2101769.1762,0
4747,001201.SZ,20230106,28.86,1.5475,2.4561,1.13,29.0272,,2.0025,5.8389,6.0221,0.5775,0.5775,21280.56,10535.69,6638.2412,614156.9616,304060.0134,0
4748,600376.SH,20230106,5.67,0.7316,1.5452,0.73,21.1267,,0.5815,0.2157,0.3381,1.7637,1.7637,257956.5242,257956.5242,122126.6904,1462613.4922,1462613.4922,0
4749,600463.SH,20230106,8.59,2.0845,6.0175,0.64,,,2.064,2.5437,3.4001,0.0,,30000.0,30000.0,10392.1181,257700.0,257700.0,0
4750,002249.SZ,20230106,5.28,1.0107,1.1419,1.6,50.1651,38.5525,1.5037,1.2539,1.1584,3.0141,3.0141,237890.4504,173476.8872,153545.3429,1256061.5781,915957.9644,0
4751,300898.SZ,20230106,22.81,13.5319,14.4564,0.82,36.93,50.1791,3.3684,3.3335,3.2336,0.8751,0.8751,12523.0,5155.3064,4825.6235,285649.63,117592.539,0
4752,300690.SZ,20230106,17.1,2.6168,3.3827,1.95,18.791,42.5379,2.1544,2.8229,2.9419,1.7646,1.7646,16534.8919,10946.9522,8468.423,282746.6515,187192.8826,0
4753,300851.SZ,20230106,22.78,0.7758,0.9961,1.15,20.4312,20.8493,1.6207,5.4664,5.354,1.4925,1.4925,8693.34,3461.16,2695.76,198034.2852,78845.2248,0
4754,301206.SZ,20230106,38.08,1.1214,1.1214,0.66,14.3899,31.3336,1.6719,4.5989,8.255,1.7507,1.7507,20232.57,5058.15,5058.15,770456.2656,192614.352,0
4755,688085.SH,20230106,28.16,1.0394,1.0394,0.45,34.1279,32.198,3.5863,10.7193,9.6935,,,22586.685,9305.725,9305.725,636041.0496,262049.216,0
4756,603726.SH,20230106,12.31,0.5169,1.1454,0.82,15.5673,20.9003,2.0727,1.256,1.3344,3.2494,3.2494,18565.12,18565.12,8378.3824,228536.6272,228536.6272,0
4757,000622.SZ,20230106,4.31,0.9908,1.3282,0.99,1025.6244,,9.3268,5.1814,10.5102,0.0,,42522.6,42522.6,31719.136,183272.406,183272.406,0
4758,920799.BJ,20230106,6.26,0.083,0.1493,0.62,26.1791,26.0942,3.9277,3.1295,2.4264,,,21068.85,11743.0139,6529.7343,131891.001,73511.267,0
4759,603066.SH,20230106,10.83,3.6676,7.887,0.51,25.8218,24.7724,2.6737,3.2276,2.7074,0.7769,0.7769,30070.29,30070.29,13983.093,325661.2407,325661.2407,0
4760,301302.SZ,20230106,69.96,3.4629,3.4629,0.78,62.4934,45.3823,3.2838,10.7495,8.9429,0.0,,10547.0,2637.0,2637.0,737868.12,184484.52,0
4761,300397.SZ,20230106,9.44,1.2301,1.3531,0.95,,,2.5134,8.7481,10.0464,0.0,,51763.6745,40060.0143,36417.0393,488649.0873,378166.535,0
4762,603297.SH,20230106,87.0,1.0888,3.5704,1.5,36.7595,39.6383,6.0591,12.0886,11.6945,1.0345,1.0345,11047.75,10996.95,3353.4145,961154.25,956734.65,0
4763,600133.SH,20230106,5.59,0.7464,0.9472,0.79,8.3417,7.7976,0.7626,0.3664,0.3154,3.7567,3.7567,79561.61,79561.61,62696.6047,444749.3999,444749.3999,0
4764,300011.SZ,20230106,5.46,0.6448,0.8788,1.4,153.05,229.295,2.1059,2.2076,2.2505,0.0,,55865.0387,50079.2001,36743.7863,305023.1113,273432.4325,0
4765,300872.SZ,20230106,13.3,1.6217,1.8948,0.97,54.3366,342.5062,2.3604,3.0285,2.8685,0.4177,0.4177,40442.7654,25627.1683,21933.6937,537888.7798,340841.3384,0
4766,301110.SZ,20230106,37.8,5.1301,5.1301,0.86,17.0591,23.1007,1.8292,2.8652,2.9581,1.5873,1.5873,6666.6667,1600.0001,1600.0001,252000.0013,60480.0038,0
4767,301036.SZ,20230106,17.09,1.1861,1.1861,1.09,17.9388,51.6197,1.12,1.2791,1.3898,4.6811,4.6811,10000.0,4660.4973,4660.4973,170900.0,79647.8989,0
4768,001219.SZ,20230106,25.36,14.6551,14.6551,0.94,43.0054,33.0808,3.2276,6.741,5.9215,0.91,0.91,11537.5,5804.9732,5804.9732,292591.0,147214.1204,0
4769,603950.SH,20230106,16.04,0.7895,0.8156,0.81,14.8895,30.9025,1.6557,2.3481,3.3403,2.6933,2.6933,23152.2,8806.0895,8523.8212,371361.288,141249.6756,0
4770,301088.SZ,20230106,17.33,1.9125,1.9125,1.04,24.2892,24.6323,1.5723,4.5296,4.2101,1.0271,1.0271,22800.0,5519.0592,5519.0592,395124.0,95645.2959,0
4771,688097.SH,20230106,29.91,1.5456,1.9741,1.16,68.738,43.8717,3.7309,3.4724,2.9428,,,44430.579,4975.0,3895.0,1328918.6179,148802.25,0
4772,000951.SZ,20230106,15.9,1.1027,2.2506,0.8,17.9983,76.4893,1.3485,0.333,0.6307,1.8868,1.8868,117486.936,117477.5868,57559.2492,1868042.2824,1867893.6301,0
4773,300529.SZ,20230106,31.88,1.0383,1.2788,0.79,21.5153,21.3306,7.4273,9.6245,8.8204,2.7844,2.7844,80771.0386,51473.842,41795.4571,2574980.7106,1640986.083,0
4774,003005.SZ,20230106,41.18,17.2665,20.5932,0.78,49.1407,137.292,4.2071,9.2959,13.617,0.5204,0.5204,14840.0,5104.379,4279.811,611111.2,210198.3272,0
4775,688525.SH,20230106,16.9,30.5409,30.5409,,62.3866,94.0382,2.9925,2.7874,2.6463,,,43032.9136,3478.6483,3478.6483,727256.2398,58789.1563,0
4776,603716.SH,20230106,10.97,2.1893,2.8552,0.97,,,1.5446,0.8588,0.8803,0.0,,20351.7111,20132.3345,15436.7167,223258.2708,220851.7095,0
4777,300549.SZ,20230106,12.76,0.5586,0.9641,1.34,44.2781,58.497,3.1566,4.3616,4.3154,1.5674,1.5674,13334.0,10105.4675,5855.25,170141.84,128945.7653,0
4778,002259.SZ,20230106,3.35,0.8788,0.8788,1.12,50.2052,,56.2794,1.6666,1.3615,0.0,,75232.8267,75232.8267,75232.8267,252029.9694,252029.9694,0
4779,688108.SH,20230106,5.83,1.2964,1.7473,1.32,,,2.9075,12.2986,9.9949,,,41000.0,41000.0,30418.621,239030.0,239030.0,0
4780,301113.SZ,20230106,26.9,2.2797,2.2797,0.99,20.074,29.7548,2.6878,4.1994,7.947,4.8327,4.8327,7000.0,1848.4525,1848.4525,188300.0,49723.3723,0
4781,001333.SZ,20230106,29.12,10.2349,10.2349,0.83,22.9187,26.3078,2.4622,2.8377,2.6978,,,12800.0,3200.0,3200.0,372736.0,93184.0,0
4782,300999.SZ,20230106,43.88,1.2949,1.2949,1.04,57.5802,84.8486,2.7015,1.0516,0.9465,0.1755,0.1755,542159.1536,54264.7097,54264.7097,23789943.66,2381135.4616,0
4783,603000.SH,20230106,16.73,7.0336,16.1898,0.66,111.532,82.0811,5.4215,8.4737,9.0875,0.6276,0.6276,110569.1056,110569.1056,48036.5035,1849821.1367,1849821.1367,0
4784,603801.SH,20230106,29.89,2.9602,5.4822,2.56,18.437,17.9108,5.0337,1.8088,1.7429,1.9875,1.9875,31181.9895,31181.9895,16837.119,932029.6662,932029.6662,0
4785,300095.SZ,20230106,9.4,0.9771,1.1657,1.09,26.81,38.237,1.7893,2.7509,2.7775,1.0638,1.0638,42009.0164,33334.1517,27942.2388,394884.7542,313341.026,0
4786,603060.SH,20230106,12.64,0.2963,0.9426,0.69,36.4719,38.5375,5.6723,4.1576,3.7954,0.8252,0.8252,72922.2039,72922.2039,22921.0622,921736.6573,921736.6573,0
4787,600422.SH,20230106,16.37,1.7799,2.7799,0.83,24.4503,27.8007,2.4971,1.5039,1.4744,1.6494,1.6494,75825.5769,75697.5757,48468.1411,1241264.6939,1239169.3142,0
4788,603320.SH,20230106,12.8,1.191,3.5761,1.41,21.1695,34.8761,2.2229,1.4623,1.5661,1.5625,1.5625,13002.1212,13002.1212,4330.1182,166427.1514,166427.1514,0
4789,002451.SZ,20230106,5.96,0.6862,1.2898,1.15,203.7228,170.9286,3.5726,2.2916,2.3349,0.0,,43920.0,43914.9,23363.9341,261763.2,261732.804,0
4790,300471.SZ,20230106,12.44,1.059,1.4835,1.07,439.9158,,4.1189,5.489,6.363,0.0,,38599.9052,33724.2644,24074.346,480182.8207,419529.8491,0
4791,000677.SZ,20230106,3.02,1.5232,2.285,1.03,33.5396,41.2938,6.3999,2.4442,2.4727,0.0,,86397.7948,86397.7948,57592.7701,260921.3403,260921.3403,0
4792,002483.SZ,20230106,5.43,1.0934,1.6438,0.93,14.6409,20.195,1.1681,1.3301,1.3187,0.9208,0.9208,94228.8735,88525.0799,58885.8804,511662.7831,480691.1839,0
4793,300516.SZ,20230106,25.38,0.3988,1.3752,0.97,58.4983,54.3265,3.7336,6.2658,7.3447,0.4689,0.4689,18000.0,18000.0,5219.6103,456840.0,456840.0,0
4794,002267.SZ,20230106,7.21,0.2651,0.7452,0.78,19.0337,12.0523,1.3323,1.0602,0.9133,8.3218,8.3218,111207.5445,111207.5445,39554.4989,801806.3958,801806.3958,0
4795,000698.SZ,20230106,5.94,13.2316,24.0433,0.98,45.918,,1.256,0.4805,0.7095,0.0,,81951.4395,78571.0473,43239.565,486791.5506,466712.021,0
4796,300184.SZ,20230106,4.45,0.7621,0.852,1.16,16.9148,19.7373,1.452,0.4963,0.5961,0.0,,116468.1922,105906.1179,94726.5034,518283.4553,471282.2247,0
4797,301330.SZ,20230106,33.99,3.0935,3.0935,0.9,29.5293,28.5567,1.6848,2.5813,2.5698,0.0,,14849.2051,3325.2675,3325.2675,504724.4813,113025.8423,0
4798,601002.SH,20230106,4.71,0.2949,0.479,0.89,21.0039,38.236,1.0613,1.5722,1.6523,0.0,,95927.312,85272.65,52497.1293,451817.6395,401634.1815,0
4799,688121.SH,20230106,23.29,2.0803,2.4074,0.81,14.9728,18.5187,2.4464,1.21,1.3754,,,20266.6667,13937.6024,12044.1047,472010.6674,324606.7599,0
4800,002047.SZ,20230106,3.88,2.2329,3.3386,0.94,,,1.8742,1.2599,1.5132,0.0,,151624.8693,133559.0099,89325.6073,588304.4929,518208.9584,0
4801,300210.SZ,20230106,3.0,0.8796,1.5577,0.77,,,1.8943,6.8928,6.9004,0.0,,48421.9953,41434.8827,23396.84,145265.9859,124304.6481,0
4802,002611.SZ,20230106,4.15,0.5251,0.6886,1.04,11.0212,16.1572,1.6113,1.4613,1.4784,0.0,,124110.64,100792.3867,76857.6214,515059.156,418288.4048,0
4803,603528.SH,20230106,6.74,0.499,1.5244,0.69,,,2.7976,5.8861,6.1928,0.0,,62411.8447,62411.8447,20429.4747,420655.8333,420655.8333,0
4804,688609.SH,20230106,6.9,1.1496,1.1496,0.8,35.0762,30.2598,2.6921,1.2339,1.211,,,50000.0,32378.182,32378.182,345000.0,223409.4558,0
4805,301041.SZ,20230106,18.76,9.7515,9.7515,0.96,38.9337,48.795,3.2049,2.8613,2.9161,0.3891,0.3891,10668.0,5119.8768,5119.8768,200131.68,96048.8888,0
4806,300067.SZ,20230106,3.06,0.4925,0.6028,0.75,30.9373,58.6226,1.3812,3.055,3.8089,0.0,,105027.6214,77320.0235,63172.8693,321384.5215,236599.2719,0
4807,920527.BJ,20230106,8.07,0.1794,0.181,0.57,14.739,11.9701,1.3013,1.2079,1.1947,,,6004.27,2342.966,2322.38,48454.4589,18907.7356,0
4808,603329.SH,20230106,16.44,1.4866,2.702,0.55,19.0263,15.3903,2.326,1.0065,0.7669,1.8248,1.8248,15875.6195,15875.6195,8734.8064,260995.1846,260995.1846,0
4809,000700.SZ,20230106,4.79,1.7176,2.7637,1.96,,10.0206,1.5407,0.5945,0.6168,0.0,,91710.645,91710.645,56996.1368,439293.9896,439293.9896,0
4810,603069.SH,20230106,25.69,2.6638,5.7852,0.67,,,9.6496,11.0884,12.5007,0.0,,31600.0,31600.0,14550.38,811804.0,811804.0,0
4811,600976.SH,20230106,52.8,1.4536,2.0087,0.69,24.9416,20.5704,4.5749,2.4707,2.3361,1.5228,1.5228,15339.86,15239.7799,11028.5185,809944.608,804660.3787,0
4812,300947.SZ,20230106,13.19,0.8088,0.9386,0.75,19.4314,24.2964,1.538,2.1217,2.3828,0.0,,15360.3596,9529.3757,8210.9129,202603.1431,125692.4655,0
4813,600811.SH,20230106,2.41,1.4741,2.1091,1.23,,,0.4574,0.5808,0.5888,0.0,,365915.0735,365915.0735,255747.4057,881855.3271,881855.3271,0
4814,300846.SZ,20230106,10.16,2.0534,2.0579,0.77,216.9442,,3.5312,3.8865,3.9264,0.0,,46682.2836,32096.0102,32026.7308,474292.0014,326095.4636,0
4815,000007.SZ,20230106,7.82,1.4337,1.8285,0.87,67.7805,81.2382,29.3266,13.3759,10.0862,0.0,,34644.8044,30894.8044,24224.3017,270922.3704,241597.3704,0
4816,003816.SZ,20230106,2.69,0.2004,1.1714,1.54,13.9574,13.8444,1.2809,1.6837,1.6989,3.1227,3.1227,5049861.11,3933498.61,672983.2225,13584126.3859,10581111.2609,0
4817,000788.SZ,20230106,7.46,1.8787,3.7543,1.01,103.0522,133.099,3.2401,1.9877,2.1173,0.3083,0.3083,59598.7425,59598.7425,29824.4821,444606.6191,444606.6191,0
4818,920566.BJ,20230106,6.91,0.1292,0.1597,0.63,12.6426,10.1288,1.4832,2.3878,2.3351,,,14656.108,11482.9761,9291.8137,101273.7063,79347.3649,0
4819,301085.SZ,20230106,29.5,4.2726,5.6427,2.0,33.4142,31.4334,3.0579,2.0073,1.6821,4.2373,4.2373,8000.0,3182.1223,2409.4704,236000.0,93872.6079,0
4820,688261.SH,20230106,240.89,2.0348,2.0348,0.93,110.4825,63.8568,5.9015,20.7524,16.0222,,,6737.6367,1488.7718,1488.7718,1623029.3047,358630.2389,0
4821,688508.SH,20230106,71.3,1.4113,1.5641,0.64,40.1413,53.4705,5.5162,10.7275,10.8433,,,11331.936,7676.836,6926.836,807967.0368,547358.4068,0
4822,000667.SZ,20230106,1.37,2.513,3.0278,1.53,,,0.908,0.9494,0.5667,0.0,,246698.8633,243931.1281,202460.6604,337977.4427,334185.6455,0
4823,002903.SZ,20230106,20.51,4.1934,4.8969,0.89,42.4693,41.416,4.1091,7.1213,7.2094,0.9757,0.9757,15224.4,9490.3162,8126.9203,312252.444,194646.3853,0
4824,300952.SZ,20230106,18.25,2.4438,2.4438,0.82,28.575,21.5594,2.6154,2.7856,2.894,0.6027,0.6027,14492.7653,4492.7653,4492.7653,264492.9667,81992.9667,0
4825,600837.SH,20230106,8.7,0.2934,0.3044,0.92,8.8612,16.0631,0.692,2.6307,4.1626,3.4483,3.4483,1306420.0,887338.118,855376.0113,11365854.0,7719841.6266,0
4826,000948.SZ,20230106,24.49,26.8474,40.0814,2.01,111.0953,94.3652,4.0446,1.7269,1.2832,0.2042,0.2042,39436.0697,33450.5735,22405.9117,965789.347,819204.545,0
4827,603889.SH,20230106,7.3,1.9928,3.6627,1.99,12.5245,9.8342,1.291,1.0842,0.9666,4.1096,4.1096,51174.6388,51174.6388,27843.1683,373574.8632,373574.8632,0
4828,002438.SZ,20230106,11.18,0.912,1.3049,1.81,22.3928,25.8718,1.9529,2.9713,3.0609,0.4472,0.4472,50753.7461,46892.7017,32772.5824,567426.8814,524260.405,0
4829,301155.SZ,20230106,99.45,3.287,3.5205,0.91,19.4301,49.5295,3.9734,3.9609,9.5863,0.905,0.905,21739.1478,8880.9204,8292.0017,2161958.2487,883207.5338,0
4830,300786.SZ,20230106,16.11,1.2236,1.3541,1.39,38.9917,117.5691,2.383,5.9818,9.2246,0.5173,0.5173,18401.5879,13712.6194,12390.9874,296449.5811,220910.2985,0
4831,301166.SZ,20230106,47.51,2.9988,4.0886,0.82,37.87,37.9804,1.9308,3.7106,3.4939,1.0524,1.0524,8666.6668,4126.8868,3026.9268,411753.3397,196068.3919,0
4832,920970.BJ,20230106,7.91,0.5667,0.5667,2.41,12.6257,13.8423,1.2472,2.4734,2.7024,,,5596.0,1970.97,1970.97,44264.36,15590.3727,0
4833,601997.SH,20230106,5.54,0.26,0.3498,0.75,3.3509,3.3298,0.4007,1.35,1.2542,5.4152,5.4152,365619.8076,356902.6389,265303.4064,2025533.7341,1977240.6195,0
4834,600201.SH,20230106,9.6,3.0888,3.5432,1.77,28.1348,61.9068,2.1016,6.055,6.9556,1.1256,1.1256,112036.9226,112036.9226,97668.94,1075554.457,1075554.457,0
4835,002399.SZ,20230106,13.17,0.1299,0.5818,0.62,80.2545,44.7799,1.5633,3.0359,2.7106,0.2658,0.2658,146729.6204,124720.1704,27838.4925,1932429.1007,1642564.6442,0
4836,000630.SZ,20230106,3.04,0.7978,1.257,0.76,10.318,12.7362,1.2917,0.2442,0.2689,3.2895,3.2895,1052653.3308,1052638.0475,668063.4011,3200066.1256,3200019.6644,0
4837,002899.SZ,20230106,12.65,1.1944,1.8066,0.87,87.0817,80.3229,1.3505,1.7561,1.8885,0.1739,0.1739,12000.0,12000.0,7933.8,151800.0,151800.0,0
4838,002780.SZ,20230106,12.85,6.3731,6.7982,0.92,,,3.1084,3.6451,3.5564,0.0,,15758.7486,13065.2734,12248.3672,202499.9195,167888.7632,0
4839,000999.SZ,20230106,47.15,1.4963,4.1142,1.06,22.7667,20.6375,2.837,3.0418,2.8534,1.8065,1.8065,98834.6,97839.5308,35582.5676,4660051.39,4613133.8772,0
4840,688160.SH,20230106,31.54,2.5574,3.0753,1.38,35.4616,31.73,3.8151,4.9306,4.9065,,,8400.0,2771.6906,2304.8717,264936.0,87419.1215,0
4841,600713.SH,20230106,5.19,1.0589,1.9364,0.79,13.4615,10.81,1.1602,0.1507,0.1383,2.3095,2.3095,131031.5012,104161.1244,56960.0295,680053.4912,540596.2356,0
4842,002213.SZ,20230106,15.19,12.6355,15.6941,1.19,231.5917,175.5384,5.3485,4.1811,3.8682,0.0,,23600.0,20600.0,16585.3485,358484.0,312914.0,0
4843,603071.SH,20230106,16.49,0.5107,0.7889,0.75,9.1081,8.3807,2.1548,0.1536,0.1483,3.6386,3.6386,55795.4442,23768.4798,15387.7944,920066.8749,391942.2319,0
4844,300742.SZ,20230106,10.42,1.8215,2.5508,1.08,,,118.7051,4.8,5.9334,0.0,,14129.7426,11243.8719,8028.8638,147231.9179,117161.1452,0
4845,000531.SZ,20230106,6.35,0.3388,0.8055,0.96,32.5303,,1.0279,1.3289,1.2876,2.3622,2.3622,82209.9384,82209.9384,34579.6255,522033.1088,522033.1088,0
4846,920169.BJ,20230106,6.08,0.2035,0.2035,0.58,14.0978,10.9861,1.6515,2.3312,2.4044,,,8400.109,2733.894,2733.894,51072.6627,16622.0755,0
4847,300111.SZ,20230106,3.43,2.6408,3.281,0.84,71.9048,104.726,14.1656,12.9198,11.3054,0.0,,111980.0,111980.0,90130.1583,384091.4,384091.4,0
4848,300607.SZ,20230106,14.81,1.1104,1.3009,0.75,96.3441,86.3595,2.7931,1.9134,1.4679,0.1689,0.1689,42541.8558,28544.6661,24364.8613,630044.8844,422746.5049,0
4849,002011.SZ,20230106,14.42,2.4415,4.0211,1.5,37.5875,19.9234,4.7449,1.5489,1.5677,0.0,,105662.6982,91496.9951,55554.0535,1523656.108,1319386.6693,0
4850,601998.SH,20230106,5.04,0.0761,0.5069,0.89,4.4326,4.0439,0.457,1.2057,1.1756,5.9921,5.9921,4893484.3657,3405268.068,511375.2386,24663161.2031,17162551.0627,0
4851,002413.SZ,20230106,4.5,0.5737,0.5863,0.87,,,1.1961,3.7234,3.7335,0.0,,134223.9796,123274.4764,120627.7759,604007.9082,554735.1438,0
4852,300145.SZ,20230106,2.43,0.3824,0.563,0.81,,,2.1395,0.9012,0.9172,0.0,,192343.8236,189270.0723,128571.7489,467395.4913,459926.2757,0
4853,002507.SZ,20230106,25.64,1.2321,1.9151,1.1,30.674,24.3463,3.0133,9.0361,8.7225,1.3651,1.3651,88763.0022,87767.2168,56467.3768,2275883.3764,2250351.4388,0
4854,002333.SZ,20230106,5.64,2.0256,5.7687,2.48,109.3799,1722.9882,2.0849,2.5507,2.5228,0.0,,65260.36,42750.61,15011.41,368068.4304,241113.4404,0
4855,000534.SZ,20230106,14.7,0.6228,1.0402,0.75,77.2272,69.6053,6.235,11.2139,9.5789,0.3401,0.3401,50062.3096,49241.6496,29480.836,735915.9511,723852.2491,0
4856,003042.SZ,20230106,28.5,28.2189,29.7073,1.15,41.1855,37.793,2.446,2.4988,2.081,0.5398,0.5398,14248.0,6811.1745,6469.9245,406068.0,194118.4733,0
4857,002475.SZ,20230106,28.85,1.2823,2.0834,1.05,29.0335,23.3776,4.9181,1.3335,0.9409,0.3796,0.3796,711548.4008,710430.5123,437276.7487,20528171.3631,20495920.2799,0
4858,600361.SH,20230106,5.82,0.8247,0.8247,0.84,,,1.7529,2.7894,3.0178,0.0,,400359.8603,66580.7918,66580.7918,2330094.3869,387500.2083,0
4859,603100.SH,20230106,28.93,1.2054,2.7521,1.44,21.2143,21.7175,3.4223,2.0828,1.8312,2.074,2.074,39500.0,39109.5,17129.5611,1142735.0,1131437.835,0
4860,300865.SZ,20230106,18.58,1.055,1.1317,0.58,57.3481,,1.9652,2.5605,3.2458,0.5274,0.5274,9568.0,2734.6915,2549.3447,177773.44,50810.5681,0
4861,300096.SZ,20230106,6.03,1.8566,2.141,1.01,,,6.1594,2.9769,3.524,0.0,,43000.0,37652.0729,32650.0317,259290.0,227041.9996,0
4862,600128.SH,20230106,7.95,1.5971,2.1724,0.78,59.0614,54.368,0.9461,0.3687,0.3238,1.761,1.761,24676.75,24676.75,18141.9029,196180.1625,196180.1625,0
4863,603698.SH,20230106,12.14,0.1211,0.4136,0.68,41.8458,40.7838,2.1242,2.676,2.5648,0.7249,0.7249,53599.0,53599.0,15692.3927,650691.86,650691.86,0
4864,002730.SZ,20230106,8.2,1.2606,2.6612,0.98,34.6058,31.5755,2.0463,3.23,2.4722,1.3415,1.3415,36207.988,34602.988,16391.988,296905.5016,283744.5016,0
4865,002284.SZ,20230106,7.71,3.4175,5.7551,2.76,129.5459,108.8172,2.3151,1.5666,1.5199,1.297,1.297,73768.7976,68639.7318,40760.0762,568757.4295,529212.3322,0
4866,002537.SZ,20230106,7.9,2.1587,3.1302,0.85,33.4159,62.8764,2.1042,1.2793,1.2583,0.0,,117401.6745,117393.0645,80956.161,927473.2286,927405.2096,0
4867,600593.SH,20230106,15.21,4.2144,8.1578,0.67,,,8.9518,9.5753,12.6697,0.0,,12880.0,12880.0,6654.0295,195904.8,195904.8,0
4868,000809.SZ,20230106,3.07,0.3848,0.5856,0.65,,,0.8971,22.1616,20.7257,0.0,,82479.1293,82479.1293,54193.3793,253210.927,253210.927,0
4869,601882.SH,20230106,28.13,0.7066,2.8616,0.91,39.5716,29.4868,7.9189,5.3777,4.7548,1.2656,1.2656,52200.0,52200.0,12889.0,1468386.0,1468386.0,0
4870,000564.SZ,20230106,1.53,1.8248,1.848,0.61,,,2.3473,17.6266,21.2177,0.0,,1916377.7335,1518134.9333,1499037.6413,2932057.9323,2322746.4479,0
4871,000617.SZ,20230106,5.68,0.92,5.4684,1.19,12.9379,13.54,0.7503,97.2303,96.2836,2.3239,2.3239,1264207.9079,1264207.9079,212692.0433,7180700.9169,7180700.9169,0
4872,002578.SZ,20230106,4.38,1.0945,1.8633,1.19,74.317,89.0284,2.8738,1.929,1.554,0.0,,98809.3296,91062.5674,53490.865,432784.8636,398854.0452,0
4873,300396.SZ,20230106,24.58,0.9151,2.1221,0.91,32.2204,27.2296,3.5152,7.4682,6.2933,1.5336,1.5336,27520.83,24858.2455,10719.9015,676462.0014,611015.6744,0
4874,002286.SZ,20230106,8.75,1.5809,2.239,1.53,16.1394,21.4278,1.7076,1.1766,1.175,0.6859,0.6859,37181.29,36976.728,26108.6386,325336.2875,323546.37,0
4875,002574.SZ,20230106,5.82,6.0424,12.9947,0.64,22.4345,43.6769,0.974,0.8579,0.8801,0.0,,52800.0,52800.0,24551.6427,307296.0,307296.0,0
4876,300131.SZ,20230106,4.92,0.9338,0.9704,1.21,194.1893,167.8087,2.8983,0.8831,1.0484,0.0,,113759.7085,95256.5085,91659.2287,559697.7658,468662.0218,0
4877,600829.SH,20230106,6.43,1.1283,4.4816,0.84,13.4466,15.8856,1.5588,0.4003,0.3994,0.0,,57988.8597,57988.8597,14599.4243,372868.3679,372868.3679,0
4878,301379.SZ,20230106,26.25,3.2544,3.2544,1.13,27.3604,22.5885,2.1697,2.4428,2.1448,,,10134.0,2403.1867,2403.1867,266017.5,63083.6509,0
4879,300343.SZ,20230106,10.27,4.5945,5.3779,2.43,40.6713,11.3831,6.5521,6.377,4.9385,0.0,,113946.759,93063.8779,79506.8269,1170233.2149,955766.026,0
4880,300683.SZ,20230106,37.07,0.7524,1.3211,1.42,163.6785,162.5859,1.9317,7.3638,5.8865,0.0,,12210.4165,11255.6915,6410.6915,452640.1397,417248.4839,0
4881,301182.SZ,20230106,19.16,0.794,1.047,0.99,33.5842,43.3343,1.8832,2.9828,3.5165,1.5658,1.5658,9582.17,3597.17,2727.68,183594.3772,68921.7772,0
4882,600530.SH,20230106,3.78,1.3279,2.4917,0.97,79.3058,58.5203,3.2677,8.1318,8.0723,0.0,,78000.0,78000.0,41568.2931,294840.0,294840.0,0
4883,603577.SH,20230106,10.52,0.6074,1.5198,0.94,53.8581,94.0729,2.0261,1.428,1.0431,0.5703,0.5703,33913.91,28826.8235,11522.0603,356774.3332,303258.1832,0
4884,300022.SZ,20230106,4.76,1.7847,1.936,1.01,118.0534,82.0891,21.8376,0.7585,0.727,0.0,,38024.038,34811.0237,32089.1433,180994.4209,165700.4728,0
4885,301013.SZ,20230106,9.83,8.8505,9.679,1.09,47.903,166.7524,2.5593,5.3027,5.9054,0.6782,0.6782,23374.3056,16609.2239,15187.4231,229769.424,163268.6709,0
4886,920964.BJ,20230106,3.32,0.0905,0.1088,1.35,14.9088,16.0472,0.9998,1.4723,1.3146,,,26120.8,17583.1922,14624.9128,86721.056,58376.1981,0
4887,688002.SH,20230106,40.15,0.7623,1.0279,0.84,38.8305,59.9661,4.8182,10.059,7.8485,,,44602.375,44602.375,33075.362,1790785.3563,1790785.3563,0
4888,000860.SZ,20230106,30.11,1.2179,1.9488,0.94,218.3201,,2.8713,1.5021,1.8063,0.083,0.083,74176.6989,74176.6989,46355.7321,2233460.4039,2233460.4039,0
4889,300257.SZ,20230106,15.27,0.5206,1.3778,2.45,49.9685,37.5562,2.6311,4.3541,4.2022,0.0,,99363.5018,95414.1432,36047.6053,1517280.6725,1456973.9667,0
4890,600517.SH,20230106,4.96,0.5049,0.8221,1.68,23.1742,26.6155,1.5112,4.965,3.9278,1.3306,1.3306,571843.5744,189963.9925,116657.3593,2836344.129,942221.4028,0
4891,000572.SZ,20230106,4.89,0.4449,0.6793,0.69,72.0129,91.668,2.3106,4.5628,3.4337,0.0,,164463.6426,164215.5224,107553.2273,804227.2123,803013.9045,0
4892,001256.SZ,20230106,23.2,30.7667,30.7667,0.55,34.3957,35.3247,3.2291,7.3284,7.3841,,,14261.2558,3565.35,3565.35,330861.1346,82716.12,0
4893,300493.SZ,20230106,6.41,1.2979,1.9211,1.44,55.5469,53.2828,3.1646,1.7417,1.5484,0.5469,0.5469,50475.1147,49862.2747,33686.1997,323545.4852,319617.1808,0
4894,002127.SZ,20230106,4.81,1.5598,1.8113,0.76,24.7514,36.5835,2.395,3.0369,3.1999,1.5826,1.5826,245487.0403,199470.4197,171771.8316,1180792.6638,959452.7188,0
4895,603333.SH,20230106,5.63,1.1786,2.289,0.57,,,1.6593,1.4931,1.6813,0.0,,62152.7586,62152.7586,32002.7586,349920.0309,349920.0309,0
4896,600821.SH,20230106,7.96,4.7348,5.5548,1.17,39.1426,22.1561,1.9202,8.3327,5.3999,0.0,,199726.3453,128057.5679,109153.9508,1589821.7086,1019338.2405,0
4897,600653.SH,20230106,1.92,0.7525,0.9764,1.44,90.3997,1998.0001,3.2663,0.5265,0.6117,0.0,,194638.0317,194638.0317,150001.5051,373705.0209,373705.0209,0
4898,002344.SZ,20230106,4.42,1.3264,2.8218,1.1,17.2894,19.1107,0.6956,3.9513,4.3701,0.6787,0.6787,128261.696,128146.5092,60234.5025,566916.6963,566407.5707,0
4899,301162.SZ,20230106,97.95,4.7577,4.7577,2.11,117.3442,102.9387,7.1459,23.1348,21.3968,0.4594,0.4594,7089.263,1773.0,1773.0,694393.3109,173665.35,0
4900,920077.BJ,20230106,47.7,0.2957,0.2961,0.86,48.2803,24.5393,11.3554,12.5667,7.5795,,,31863.6363,10130.3505,10116.6585,1519895.4515,483217.7189,0
4901,300283.SZ,20230106,5.02,0.7832,0.9068,1.08,36.3679,77.2577,2.675,0.9325,1.0388,0.7968,0.7968,43709.8234,31020.5239,26790.9324,219423.3135,155723.03,0
4902,688156.SH,20230106,34.41,3.8267,3.8548,1.39,42.0786,59.9842,4.1177,8.3209,8.4578,,,9237.376,7128.456,7076.536,317858.1082,245290.171,0
4903,002105.SZ,20230106,7.35,0.8966,1.7114,0.71,9.9384,10.5055,2.8396,1.0282,1.2358,3.3644,3.3644,36850.0,36850.0,19305.1053,270847.5,270847.5,0
4904,601728.SH,20230106,4.3,0.5724,0.8632,1.0,15.1619,14.483,0.9214,0.9063,0.8453,6.7442,6.7442,9150713.8699,1959042.5382,1299119.2672,39348069.6406,8423882.9143,0
4905,002461.SZ,20230106,7.83,0.4157,2.6211,1.23,28.3551,29.5185,1.8077,3.8191,3.515,1.5326,1.5326,221332.848,221332.848,35105.8036,1733036.1998,1733036.1998,0
4906,300501.SZ,20230106,14.96,1.2864,1.6581,0.91,27.667,26.5768,1.8354,3.3789,3.0491,0.8021,0.8021,19353.1505,12495.7886,9694.0409,289523.1315,186936.9975,0
4907,002499.SZ,20230106,2.49,0.3131,0.501,1.06,,,,2.7681,2.4951,0.0,,18900.0,18899.325,11812.3192,47061.0,47059.3193,-1
4908,002253.SZ,20230106,12.44,2.292,2.8432,0.84,111.3399,,1.9528,9.314,11.3668,0.0,,22562.6095,20722.1517,16704.731,280678.8622,257783.5671,0
4909,002360.SZ,20230106,7.72,9.9292,10.8032,8.12,25.8174,18.4916,1.9396,3.6381,2.7916,0.0,,40177.4248,32116.69,29518.2525,310169.7195,247940.8468,0
4910,300949.SZ,20230106,31.65,3.1138,3.1138,0.9,25.179,,1.6519,3.1042,3.6825,0.0,,6000.0,1700.475,1700.475,189900.0,53820.0338,0
4911,301046.SZ,20230106,47.66,23.1013,24.8282,2.25,68.6422,200.6324,9.426,12.0451,18.6157,0.8393,0.8393,14979.0,5894.69,5484.69,713899.14,280940.9254,0
4912,603988.SH,20230106,9.86,1.5004,3.7911,2.78,58.0666,33.6074,3.7504,2.8304,2.8274,0.573,0.573,23520.0,23520.0,9308.7264,231907.2,231907.2,0
4913,688578.SH,20230106,21.7,1.4072,1.7363,0.96,534.3492,,3.1628,18.4213,17.4387,,,45000.0,20677.4998,16758.7496,976500.0,448701.7457,0
4914,300998.SZ,20230106,26.63,1.7827,1.7827,0.84,109.2588,118.7819,5.1334,4.0379,4.2676,0.3755,0.3755,10640.0,3499.7525,3499.7525,283343.2,93198.4091,0
4915,001218.SZ,20230106,21.22,1.875,1.875,0.77,14.9503,21.0171,1.3245,0.9727,0.9043,3.0295,3.0295,12599.37,7003.71,7003.71,267358.6314,148618.7262,0
4916,603619.SH,20230106,17.46,1.0686,2.1826,0.99,105.5919,17.5323,3.2718,3.9822,2.4747,1.1377,1.1377,40000.01,40000.01,19582.8414,698400.1746,698400.1746,0
4917,002439.SZ,20230106,27.5,0.9096,1.0014,0.6,30.407,41.7787,4.0178,5.9727,5.8774,0.0905,0.0905,95260.3538,72441.2536,65799.7765,2619659.7295,1992134.474,0
4918,603037.SH,20230106,16.32,0.6222,0.9767,1.31,20.3281,24.0211,2.0464,3.1218,2.7998,3.6176,3.6176,10490.135,10490.135,6682.6556,171199.0032,171199.0032,0
4919,300078.SZ,20230106,4.68,2.0526,2.358,0.88,,,2.0523,4.2041,4.0183,0.0,,86376.7466,77545.6929,67501.1625,404243.1741,362913.8428,0
4920,002946.SZ,20230106,12.69,0.6236,3.6869,0.92,35.2176,30.0099,4.3645,1.2264,1.1225,0.5915,0.5915,86658.2827,84479.5555,14289.6015,1099693.6075,1072045.5593,0
4921,001267.SZ,20230106,8.1,22.0622,22.0622,1.45,78.4212,90.9718,4.2683,8.1065,9.521,0.7801,0.7801,77544.6428,28625.586,28625.586,628111.6067,231867.2466,0
4922,300182.SZ,20230106,4.55,1.3125,1.3927,0.84,27.6193,25.9909,1.6331,3.1971,3.4848,0.0,,261896.6007,219937.0377,207272.9802,1191629.5332,1000713.5215,0
4923,603956.SH,20230106,7.79,0.4755,1.212,0.94,20.2223,,2.0124,3.1334,4.0569,2.2261,2.2261,50843.5363,50843.5363,19948.3363,396071.1478,396071.1478,0
4924,688287.SH,20230106,11.94,1.0797,1.0797,0.87,50.9993,41.7452,3.7267,16.0384,13.4711,,,30876.3,14605.5,14605.5,368663.022,174389.67,0
4925,001222.SZ,20230106,25.68,5.5074,5.5074,1.29,25.5907,21.7569,3.0933,3.2761,3.44,,,13635.0,3410.0,3410.0,350146.8,87568.8,0
4926,300338.SZ,20230106,4.72,4.2553,4.4492,1.57,,,9.1613,1.9607,3.1954,0.0,,38666.9692,29582.1691,28292.4315,182508.0946,139627.8382,0
4927,002222.SZ,20230106,16.35,1.4838,1.94,1.09,36.525,32.1156,5.2061,10.149,9.3197,0.9174,0.9174,42750.0,42559.2468,32551.2701,698962.5,695843.6852,0
4928,002240.SZ,20230106,39.63,3.4764,4.0452,1.4,42.4834,7.7513,3.1616,12.316,3.9225,0.2395,0.2395,91189.5872,73485.7575,63152.2528,3613843.3407,2912240.5697,0
4929,603055.SH,20230106,11.02,1.0437,4.002,1.21,21.2052,25.6219,2.5524,2.3101,2.3422,1.5006,1.5006,89228.9846,88697.9698,23130.8196,983303.4103,977451.6272,0
4930,600285.SH,20230106,13.49,0.9085,1.2124,0.71,21.1732,17.3916,3.1299,2.842,2.6238,3.6855,3.6855,56745.8992,55933.36,41910.9887,765502.1802,754541.0264,0
4931,002062.SZ,20230106,5.46,2.2447,3.7983,0.97,15.0619,16.4048,1.5153,0.5832,0.7041,1.8315,1.8315,110250.0,96618.194,57098.2662,601965.0,527535.3392,0
4932,600854.SH,20230106,4.63,0.5093,0.7513,0.81,24.2368,20.8976,1.0958,10.1972,8.5415,2.0518,2.0518,51945.8538,51945.8538,35218.3425,240509.3031,240509.3031,0
4933,688308.SH,20230106,83.2,2.58,3.8577,1.75,42.1635,38.9423,3.889,9.4606,9.0866,,,11261.6306,6587.08,4405.476,936967.6659,548045.056,0
4934,000626.SZ,20230106,9.28,0.8911,2.1369,1.58,21.2611,36.4077,1.5617,0.0579,0.0568,0.0,,50894.0464,50016.6335,20857.2235,472296.7506,464154.3589,0
4935,603042.SH,20230106,9.61,0.8603,1.1035,0.79,183.4176,,1.4893,1.3032,1.2812,0.1249,0.1249,16058.984,15865.6247,12368.4819,154326.8362,152468.6534,0
4936,688377.SH,20230106,43.09,0.9262,0.9262,1.28,260.5878,81.5338,5.2673,15.8886,9.9838,,,19466.7,10991.7,10991.7,838820.103,473632.353,0
4937,002017.SZ,20230106,13.68,1.6763,3.0122,0.81,140.5445,80.8848,4.1014,5.6951,5.0265,0.3655,0.3655,44648.6084,44509.2687,24769.1803,610792.9629,608886.7958,0
4938,000525.SZ,20230106,12.56,1.5274,2.3083,1.03,,,4.9093,1.5575,1.0387,0.0,,58077.2873,57451.4828,38016.8634,729450.7285,721590.624,0
4939,300351.SZ,20230106,15.88,9.9487,14.2573,1.67,50.0408,40.8161,2.7403,5.3217,4.287,0.0,,38516.1857,25819.1502,18016.4717,611637.0289,410008.1052,0
4940,001331.SZ,20230106,30.18,4.8174,4.8174,1.12,20.8148,16.4145,2.3156,0.742,0.6684,,,12000.0,3000.0,3000.0,362160.0,90540.0,0
4941,688327.SH,20230106,15.84,2.2955,2.2955,0.81,,,4.9998,10.9086,15.608,,,74067.0562,7870.1,7870.1,1173222.1702,124662.384,0
4942,300139.SZ,20230106,7.86,1.0977,1.1633,0.99,27.3854,,2.1279,11.1457,10.5996,0.0,,27400.0,23365.1725,22046.7925,215364.0,183650.2559,0
4943,600171.SH,20230106,18.05,0.9778,1.3103,1.13,17.6263,21.6532,3.0656,6.3501,6.6349,1.108,1.108,71217.8433,70214.0035,52394.0035,1285482.0716,1267362.7632,0
4944,601579.SH,20230106,13.66,6.4717,14.8878,0.92,23.9448,23.8149,1.8669,5.4343,5.3921,1.2703,1.2703,49736.0,49736.0,21620.18,679393.76,679393.76,0
4945,600476.SH,20230106,16.84,6.2127,10.241,0.78,686.0537,,20.3211,5.8566,4.2516,0.0,,16107.0,16107.0,9771.228,271241.88,271241.88,0
4946,300492.SZ,20230106,36.17,0.1736,0.5347,0.97,397.6724,376.9207,16.9758,46.1916,50.1335,0.0553,0.0553,14048.647,14048.647,4561.3872,508139.562,508139.562,0
4947,600352.SH,20230106,9.96,0.2297,0.2968,0.98,9.6039,15.4812,1.0393,1.945,1.8499,2.4693,2.4693,325333.186,325333.186,251735.633,3240318.5326,3240318.5326,0
4948,688230.SH,20230106,56.37,1.0743,1.0743,1.18,41.3449,38.2043,2.1993,9.955,12.8218,,,8400.0,2037.0,2037.0,473508.0,114825.69,0
4949,600706.SH,20230106,13.25,15.4295,28.0933,0.77,456.3479,,3.0434,2.4752,2.8614,0.0,,25505.9785,25403.0185,13951.9064,337954.2151,336589.9951,0
4950,300260.SZ,20230106,62.48,4.4946,7.3824,1.16,83.3598,43.6469,9.2574,6.8903,5.5153,0.128,0.128,22655.9307,15302.1695,9316.3633,1415542.5501,956079.5504,0
4951,301193.SZ,20230106,35.85,1.8454,3.5062,1.28,60.4224,25.7747,2.9092,3.4852,2.2538,0.5579,0.5579,12000.0,5700.0,3000.0,430200.0,204345.0,0
4952,300101.SZ,20230106,25.95,1.2167,1.7315,0.73,95.9457,60.5423,10.2219,18.3158,14.5624,0.1734,0.1734,56006.6,55781.0653,39195.0653,1453371.27,1447518.6445,0
4953,000669.SZ,20230106,1.73,0.953,1.454,0.86,,,2.3954,0.5969,0.7578,0.0,,68040.8797,68040.8797,44595.9184,117710.7219,117710.7219,0
4954,605389.SH,20230106,26.78,1.834,1.834,0.71,18.1094,26.3886,2.0073,4.0256,4.1463,1.6003,1.6003,13626.676,3406.676,3406.676,364922.3833,91230.7833,0
4955,600477.SH,20230106,4.44,8.1845,13.3776,7.77,25.5563,37.3812,2.0325,1.0982,1.0344,1.3465,1.3465,236911.1152,236896.615,144934.7486,1051885.3515,1051820.9706,0
4956,000928.SZ,20230106,6.02,0.8238,1.8101,0.74,11.8846,14.0651,1.2536,0.4862,0.4245,4.2186,4.2186,128104.9511,128102.6111,58302.4206,771191.8056,771177.7188,0
4957,603768.SH,20230106,15.53,0.7294,2.5295,1.11,53.3271,55.1672,1.6994,1.0529,1.0167,0.3799,0.3799,20400.0,20400.0,5882.5,316812.0,316812.0,0
4958,002155.SZ,20230106,13.26,1.5517,2.5825,1.09,43.8716,36.4701,2.7717,0.8031,0.7223,0.4525,0.4525,120203.9474,120191.7817,72217.6851,1593904.3425,1593743.0253,0
4959,300027.SZ,20230106,2.68,3.1836,3.536,0.83,,,3.3955,5.3148,9.181,0.0,,277450.5919,230482.9843,207507.8843,743567.5863,617694.3979,0
4960,688215.SH,20230106,32.39,1.1081,1.1081,0.77,97.8269,94.1071,2.9437,6.4904,4.5506,,,4004.0,1593.1482,1593.1482,129689.56,51602.0702,0
4961,600800.SH,20230106,3.66,0.6208,0.9005,1.18,23.1106,,1.6259,1.022,0.9875,0.0,,118578.758,79433.7361,54766.8089,433998.2543,290727.4741,0
4962,600716.SH,20230106,3.98,1.3196,2.7562,0.86,105.5528,,0.6758,8.4473,6.1259,0.0,,93606.059,93606.059,44817.7047,372552.1148,372552.1148,0
4963,002701.SZ,20230106,4.89,0.6148,0.9283,0.6,13.9023,20.1701,1.5227,0.9062,0.8534,2.7812,2.7812,257326.0436,257086.9027,170258.6113,1258324.3532,1257154.9542,0
4964,300979.SZ,20230106,58.19,1.7894,1.7894,1.31,24.5344,21.1135,5.3342,3.8872,3.3602,1.8904,1.8904,116700.0,14608.5,14608.5,6790773.0,850068.615,0
4965,600489.SH,20230106,8.22,0.6262,1.0405,0.65,23.468,19.653,1.5684,0.7102,0.7231,2.7287,2.7287,484731.2564,436266.121,262549.579,3984490.9276,3586107.5146,0
4966,920014.BJ,20230106,12.24,0.6231,0.6231,2.14,17.4561,17.5602,1.513,1.9458,1.8141,,,9692.0,3006.98,3006.98,118630.08,36805.4352,0
4967,003027.SZ,20230106,31.81,24.1711,29.1988,1.56,25.9312,35.4265,2.5411,4.513,4.3927,0.944,0.944,13241.9,6670.87,5522.2201,421224.839,212200.3747,1
4968,600377.SH,20230106,8.27,0.1074,0.8678,0.89,9.9699,11.9051,1.3285,3.0206,2.6676,5.5623,5.5623,503774.75,380218.3001,47054.5099,4166217.1825,3144405.3418,0
4969,603163.SH,20230106,30.22,5.6571,5.6571,1.05,19.5593,18.9781,2.4743,1.4202,1.5939,,,8000.0,2000.0,2000.0,241760.0,60440.0,0
4970,000739.SZ,20230106,22.16,0.5372,1.0796,0.52,27.3309,30.6997,5.0419,2.9204,2.5872,1.2861,1.2861,117852.3492,117808.3671,58615.5016,2611608.0583,2610633.4149,0
4971,002314.SZ,20230106,3.79,3.4734,5.4403,1.18,10.5152,31.1677,1.1063,0.9179,0.9418,0.0,,270778.2513,133814.9289,85436.54,1026249.5724,507158.5805,0
4972,600744.SH,20230106,4.32,1.6506,2.088,0.82,,,7.9695,0.9137,0.8703,0.0,,203112.4274,82763.4402,65426.5918,877445.6864,357538.0617,0
4973,002276.SZ,20230106,8.62,1.2652,1.9939,1.37,32.9119,21.3249,1.8746,0.6991,0.6174,0.4167,0.4167,103548.9098,103530.0661,65693.4107,892591.6025,892429.1698,0
4974,605077.SH,20230106,31.34,2.9569,3.569,1.97,30.2475,23.2741,2.7632,4.4917,3.5898,1.3675,1.3675,22845.76,15218.7914,12608.6996,715986.1184,476956.9225,0
4975,002517.SZ,20230106,7.66,3.2516,3.9973,0.88,28.5894,16.6707,3.7819,6.9415,4.6438,0.0,,215251.7634,190677.14,155106.8549,1648828.5076,1460586.8924,0
4976,301220.SZ,20230106,38.1,1.5261,1.5261,0.83,33.6737,23.5714,2.0458,4.957,4.2299,0.0,,8080.0,1911.6065,1911.6065,307848.0,72832.2077,0
4977,301212.SZ,20230106,35.0,4.8365,4.8365,0.86,42.7019,23.5199,2.9698,4.5377,3.7102,0.5857,0.5857,10800.0,2700.0,2700.0,378000.0,94500.0,0
4978,300042.SZ,20230106,12.45,1.1164,1.5992,1.01,36.2377,57.7837,2.1486,1.3043,1.3719,0.4016,0.4016,20040.0,17432.6613,12169.8605,249498.0,217036.6332,0
4979,601136.SH,20230106,16.75,41.7758,41.7758,0.73,53.3233,56.337,3.8063,21.6624,21.8518,,,273333.38,27333.38,27333.38,4578334.115,457834.115,0
4980,002773.SZ,20230106,15.89,0.4951,1.0525,0.96,34.6968,27.9547,2.1616,4.0524,4.3071,0.6293,0.6293,91946.3954,69065.8069,32487.6694,1461028.2229,1097455.6716,0
4981,600329.SH,20230106,28.87,1.0594,2.4977,0.92,29.0314,26.6907,3.3293,3.2326,3.1369,1.7319,1.7319,77344.3076,56586.8076,24001.2548,2232930.1604,1633661.1354,0
4982,600336.SH,20230106,5.61,0.4039,0.7183,0.78,24.8333,24.0652,1.807,0.5191,0.4821,1.426,1.426,79816.5669,79801.4769,44878.5083,447770.9403,447686.2854,0
4983,603150.SH,20230106,26.92,1.7436,1.7436,1.04,16.4584,14.9596,1.7868,1.5577,1.4063,1.8393,1.8393,8549.0,2075.0,2075.0,230139.08,55859.0,0
4984,601199.SH,20230106,6.65,0.7141,1.7153,1.04,22.5005,23.4271,1.8239,5.5847,5.5343,1.3534,1.3534,93521.0292,93521.0292,38933.254,621914.8442,621914.8442,0
4985,600936.SH,20230106,3.65,0.5194,0.8567,0.67,,,2.13,3.298,3.3126,0.0,,167102.6239,167102.6239,101315.7748,609924.5772,609924.5772,0
4986,003004.SZ,20230106,29.03,20.3707,24.2372,0.98,59.3756,86.4194,3.3904,7.7049,7.2166,0.6889,0.6889,8184.0,3374.855,2836.4794,237581.52,97972.0407,0
4987,600161.SH,20230106,23.85,0.8449,1.6939,0.77,51.71,48.9545,4.6151,9.5571,9.3419,0.3494,0.3494,164780.9538,164780.9538,82187.5964,3930025.7481,3930025.7481,0
4988,002185.SZ,20230106,8.53,0.4593,0.5875,0.9,19.3083,25.0305,1.7539,2.2596,2.2121,0.5275,0.5275,320448.4648,320364.925,250441.443,2733425.4047,2732712.8103,0
4989,002142.SZ,20230106,32.63,0.6096,1.168,1.46,11.024,9.6066,1.435,4.083,3.6715,1.5323,1.5323,660359.0792,652291.3664,340422.8565,21547516.7543,21284267.2856,0
4990,002098.SZ,20230106,6.4,2.4915,6.3102,0.63,18.1652,29.2046,2.2514,1.013,0.9973,0.0,,35800.0,35800.0,14135.1321,229120.0,229120.0,0
4991,002337.SZ,20230106,4.72,1.6367,2.5931,0.76,74.7669,72.4402,2.4081,3.8299,4.8182,0.0,,58861.575,58773.0751,37095.0751,277826.634,277408.9145,0
4992,002295.SZ,20230106,6.9,0.974,1.3923,0.87,29.4812,44.097,1.313,0.2575,0.3235,0.029,0.029,25061.6,25021.6954,17503.2254,172925.04,172649.6983,0
4993,601699.SH,20230106,16.76,0.4337,1.1659,0.75,7.4737,4.939,1.1437,1.1105,0.9251,4.0155,4.0155,299140.92,299140.92,111266.9588,5013601.8192,5013601.8192,0
4994,002750.SZ,20230106,11.17,2.0747,4.8013,0.73,1446.1657,,7.0358,6.3679,21.1528,0.0,,40050.0,39817.3701,17205.8661,447358.5,444760.024,0
4995,300667.SZ,20230106,15.93,1.8135,2.2018,0.91,42.3146,50.7799,2.5871,3.7842,3.9734,1.2555,1.2555,20084.0639,15862.8372,13065.9181,319939.1379,252694.9966,0
4996,688787.SH,20230106,63.5,1.1481,2.0103,0.73,85.9915,110.5794,3.3259,13.1628,11.1908,,,4280.0,2864.1147,1635.7342,271780.0,181871.2835,0
4997,300755.SZ,20230106,30.35,1.4178,5.0457,0.89,18.7257,28.229,3.4889,1.6957,1.4105,1.0873,1.0873,41679.84,41117.3895,11553.6195,1264983.144,1247912.7713,0
4998,600163.SH,20230106,5.46,1.1128,1.9829,1.36,15.8278,14.4871,1.8977,6.7794,6.0793,0.0,,190299.6143,115416.1335,64770.5089,1039035.8941,630172.0889,0
4999,301063.SZ,20230106,36.84,5.9511,8.3068,1.98,35.439,34.4414,3.1366,2.9296,2.4172,0.4072,0.4072,8424.0,4101.3,2938.2401,310340.16,151091.892,0
5000,300318.SZ,20230106,6.09,1.2418,2.6816,0.5,,,3.4716,6.9604,6.3769,0.0,,81690.0495,79663.8322,36889.7343,497492.4015,485152.7381,0
5001,300610.SZ,20230106,13.36,3.1313,3.4034,2.52,18.3743,19.2,2.5811,2.3847,2.5868,2.6198,2.6198,21287.7,16020.0892,14739.1901,284403.672,214028.3917,0
5002,603915.SH,20230106,20.84,0.4582,1.604,0.74,29.8703,33.7787,4.399,4.6874,5.075,1.0287,1.0287,66224.256,65397.591,18679.6676,1380113.495,1362885.7964,0
5003,300510.SZ,20230106,5.64,3.5595,5.2849,1.92,147.8277,139.0175,1.7815,4.3504,3.935,0.0,,82862.3861,82222.6755,55379.7064,467343.8576,463735.8898,0
5004,301226.SZ,20230106,30.01,3.1453,3.1453,1.57,32.6744,29.9339,2.293,2.777,3.0418,2.0993,2.0993,6800.0,1700.0,1700.0,204068.0,51017.0,0
5005,600337.SH,20230106,2.89,0.4032,0.726,0.79,18.8825,,1.0161,0.8195,0.8843,0.0,,149594.4883,149594.4883,83081.8259,432328.0712,432328.0712,0
5006,920179.BJ,20230106,18.98,0.1468,0.1699,0.57,35.7524,28.133,2.1775,8.5803,8.5261,,,7500.0,4390.974,3794.974,142350.0,83340.6865,0
5007,688580.SH,20230106,52.99,1.5374,1.8197,1.47,20.4507,27.4636,2.4063,8.4558,10.5921,,,6862.3867,2476.7245,2092.467,363637.8712,131241.6313,0
5008,300849.SZ,20230106,12.31,1.2633,1.7593,1.03,174.4127,,2.7825,6.2986,6.9679,0.8123,0.8123,15000.0,8912.3638,6399.8638,184650.0,109711.1984,0
5009,002633.SZ,20230106,9.85,0.7815,1.7469,0.94,,,3.2636,6.9637,6.4151,0.0,,15000.0,14941.875,6684.375,147750.0,147177.4688,0
5010,300543.SZ,20230106,8.73,1.3683,1.6327,1.71,21.8773,43.721,2.3137,1.0043,1.1808,0.0,,26812.682,21141.2662,17717.6099,234074.7139,184563.2539,0
5011,920992.BJ,20230106,11.94,1.2693,1.2693,0.36,17.1123,20.8534,1.9331,2.4823,2.7435,,,9673.0934,2024.4788,2024.4788,115496.7352,24172.2769,0
5012,002309.SZ,20230106,4.4,3.6051,3.8937,1.55,,,2.4956,0.3633,0.4069,0.0,,87178.7068,74647.8239,69115.5036,383586.3099,328450.4252,0
5013,688309.SH,20230106,19.87,0.6752,0.8447,0.91,,,2.2823,18.7997,10.3092,,,8001.0733,4495.9641,3593.75,158981.3265,89334.8067,0
5014,002800.SZ,20230106,25.01,9.544,18.2141,0.64,67.8105,103.6131,4.7387,2.0887,2.0464,0.4438,0.4438,10875.2191,10118.15,5301.8,271989.2297,253054.9315,0
5015,000755.SZ,20230106,6.17,11.7147,22.292,1.92,22.2971,21.1039,2.0287,5.4488,5.5131,0.0,,146731.0196,61004.3921,32058.3941,905330.3909,376397.0993,1
5016,002996.SZ,20230106,13.38,2.6685,2.6685,1.29,17.1653,16.5112,2.4585,0.5883,0.5078,0.7474,0.7474,43900.0,12573.2049,12573.2049,587382.0,168229.4816,0
5017,600012.SH,20230106,7.34,0.3083,1.5176,0.93,8.0402,7.6154,1.0449,3.1049,2.2863,7.4932,7.4932,165861.0,116560.0,23676.4279,1217419.74,855550.4,0
5018,002405.SZ,20230106,11.76,0.9896,1.0815,0.66,229.2838,267.0357,2.2928,9.1478,8.5474,0.0508,0.0508,238030.8314,229790.2402,210262.3751,2799242.5773,2702333.2248,0
5019,600105.SH,20230106,3.48,0.8988,1.3905,0.97,40.5277,79.8513,1.7426,1.2507,1.1684,0.0,,140514.9084,138091.7004,89261.4462,488991.8812,480559.1174,0
5020,601999.SH,20230106,6.3,1.1826,3.6414,0.64,31.9105,66.1282,1.4435,1.2099,1.2933,0.9524,0.9524,55091.47,55091.47,17891.47,347076.261,347076.261,0
5021,603969.SH,20230106,5.09,1.4283,2.3934,2.2,29.1915,40.0919,2.0383,1.3591,1.6733,0.0,,84100.0,84100.0,50188.7962,428069.0,428069.0,0
5022,002216.SZ,20230106,17.6,1.9361,3.9477,1.0,24.146,19.8127,4.3032,2.2285,2.1495,1.1364,1.1364,87918.4048,63015.5397,30905.8811,1547363.9245,1109073.4987,0
5023,600547.SH,20230106,19.2,0.4166,0.9539,0.88,,48.9794,3.8182,2.531,1.5322,0.2604,0.2604,447342.9525,361444.3347,157855.7408,8588984.688,6939731.2262,0
5024,002522.SZ,20230106,5.5,1.2737,2.0137,1.02,28.0448,29.4754,2.3229,2.7739,2.6089,0.5455,0.5455,90577.9387,85674.0463,54191.4807,498178.6629,471207.2547,0
5025,300861.SZ,20230106,51.03,2.947,4.7573,2.35,32.0961,19.75,5.2727,13.2574,8.0636,1.633,1.633,48001.2,24194.0047,14987.5967,2449501.236,1234620.0598,0
5026,600561.SH,20230106,5.74,3.2629,4.5133,1.0,142.2787,,1.7255,0.8985,1.0731,0.2265,0.2265,28447.68,23706.4,17138.7147,163289.6832,136074.736,0
5027,300368.SZ,20230106,5.99,0.675,0.9595,0.78,122.9839,,3.7494,2.0008,3.444,0.166,0.166,53194.3475,51890.5663,36502.4663,318634.1415,310824.4921,0
5028,300255.SZ,20230106,5.58,0.3875,0.7588,0.76,22.336,55.6331,1.6788,1.7578,2.004,0.458,0.458,93496.6878,93167.8897,47577.6261,521711.5179,519876.8245,0
5029,002116.SZ,20230106,10.5,2.1383,5.0378,1.24,27.9644,20.4275,2.6918,0.854,0.7843,1.331,1.331,42822.0696,41640.4414,17674.5119,449631.7308,437224.6347,0
5030,000959.SZ,20230106,3.8,0.2431,1.1194,1.29,4.2364,10.0043,0.6085,0.2217,0.2356,2.1053,2.1053,781986.917,601330.5116,130588.992,2971550.2846,2285055.9441,0
5031,000027.SZ,20230106,6.08,0.2465,0.915,0.51,13.5892,21.0846,1.0259,0.9162,0.7655,2.8783,2.8783,475738.9916,475738.9916,128150.6055,2892493.0689,2892493.0689,0
5032,688685.SH,20230106,22.8,2.6329,3.0675,0.85,50.0482,50.2575,3.6755,7.9526,7.793,,,11186.6667,5521.8334,4739.6334,255056.0008,125897.8015,0
5033,688191.SH,20230106,13.22,0.8265,0.9333,1.22,28.7994,44.8061,2.4461,3.0936,2.7631,,,15351.2547,7125.1471,6309.7324,202943.5871,94194.4447,0
5034,603976.SH,20230106,20.9,0.3077,1.0189,1.05,29.6436,39.4153,2.7782,3.9667,3.7828,1.4737,1.4737,15120.1911,15120.1911,4566.5459,316011.994,316011.994,0
5035,688063.SH,20230106,325.99,4.7149,4.7149,1.12,159.6488,71.1269,13.8118,24.4739,11.6408,,,15484.4533,8301.2492,8301.2492,5047776.9313,2706124.2267,0
5036,002217.SZ,20230106,2.59,0.2968,0.4813,0.72,105.1506,,1.09,0.4972,0.595,0.0,,311641.622,310928.9351,191743.1731,807151.801,805305.9419,0
5037,920689.BJ,20230106,8.57,0.0471,0.0591,1.24,13.7429,15.0811,1.5972,1.6065,1.5604,,,7340.0,2803.9583,2233.0653,62903.8,24029.9226,0
5038,000532.SZ,20230106,10.86,1.2905,2.5478,1.46,19.3993,16.6763,2.9263,5.934,4.7872,0.5525,0.5525,34470.834,34354.9746,17401.3421,374353.2572,373095.0242,0
5039,002326.SZ,20230106,22.46,2.6298,2.7992,1.48,70.2415,43.1182,4.9288,4.4056,3.2396,0.4452,0.4452,87656.6295,67516.7569,63431.9469,1968767.8986,1516426.36,0
5040,002740.SZ,20230106,3.26,3.5201,4.2075,2.44,,,,1.758,3.1904,0.0,,45406.1077,45378.6877,37964.367,148023.9111,147934.5219,0
5041,002808.SZ,20230106,7.69,4.523,5.385,1.26,,,5.0045,8.697,10.9716,0.0,,26880.0,17158.4599,14411.8551,206707.2,131948.5566,0
5042,603903.SH,20230106,9.13,0.4112,0.6913,0.7,14.197,16.3594,1.444,1.5942,1.5272,2.1139,2.1139,25531.948,20230.3752,12033.9221,233106.6852,184703.3256,0
5043,300086.SZ,20230106,6.95,10.7911,15.2908,0.91,284.6415,,2.243,3.7385,5.2161,0.0,,45000.0,43566.3111,30745.7164,312750.0,302785.8621,0
5044,600298.SH,20230106,42.74,2.4959,4.0533,3.06,28.3826,31.2712,4.216,3.479,3.0786,1.121,1.121,86896.8879,86073.2879,53002.5134,3713972.9888,3678772.3248,0
5045,600509.SH,20230106,5.37,0.4834,0.8207,0.69,,,1.1759,0.8752,0.7843,0.0,,115141.5017,115141.5017,67813.9277,618309.8641,618309.8641,0
5046,002224.SZ,20230106,4.45,0.4699,0.5307,0.93,28.7385,42.1245,1.3206,3.3181,3.5694,0.4386,0.4386,72959.6474,54275.0894,48049.8909,324670.4309,241524.1478,0
5047,002613.SZ,20230106,4.7,2.7344,3.8385,2.0,80.2252,69.9938,2.8234,2.5924,2.4826,0.0,,93717.0,57848.5956,41208.925,440469.9,271888.3993,0
5048,300711.SZ,20230106,11.85,1.1199,3.3623,1.13,56.2916,44.1163,3.9524,7.1141,6.3194,0.9283,0.9283,20764.2172,20651.8138,6878.6834,246055.9738,244723.9935,0
5049,003007.SZ,20230106,31.25,50.5429,52.4376,1.34,,,4.531,9.7201,8.1616,0.0,,10400.0,3689.1857,3555.8873,325000.0,115287.0531,0
5050,603337.SH,20230106,19.55,0.1137,0.3688,0.68,20.3739,17.1601,2.2455,1.5697,1.6345,1.5138,1.5138,48603.9976,44510.9355,13726.0435,950208.1531,870188.789,0
5051,300243.SZ,20230106,8.08,1.0919,1.2658,0.99,20.2134,29.1681,2.1856,1.0101,1.0115,1.4851,1.4851,23232.5005,18886.9486,16292.0197,187718.604,152606.5447,0
5052,688106.SH,20230106,20.13,0.8997,0.9041,0.78,58.5164,46.4721,3.5511,5.6143,5.028,,,48565.3,26411.13,26284.6042,977619.489,531656.0469,0
5053,920300.BJ,20230106,6.63,0.6694,0.7623,1.13,22.8616,26.6002,1.8924,2.8256,2.8069,,,8359.7126,4922.8109,4322.8109,55424.8945,32638.2363,0
5054,000426.SZ,20230106,6.17,0.5779,0.8723,0.72,45.9921,53.859,2.0294,5.6429,5.5103,0.0,,183719.2219,147504.2242,97719.3862,1133547.5991,910101.0633,0
5055,688235.SH,20230106,142.66,0.9663,0.9663,0.8,,,5.8171,25.4047,23.4224,,,135143.0376,11045.3048,11045.3048,19279505.744,1575723.1828,0
5056,002085.SZ,20230106,6.2,0.6732,1.0969,0.9,39.8299,19.197,2.4123,1.0677,0.8516,0.0,,214156.7428,214156.7428,131434.4121,1327771.8054,1327771.8054,0
5057,600600.SH,20230106,106.3,0.5796,1.3752,1.05,45.9578,38.046,5.5704,4.8072,4.4614,1.035,1.035,136423.279,70027.3045,29514.099,14501794.5577,7443902.4684,0
5058,000568.SZ,20230106,234.57,0.6831,1.3943,1.05,43.3989,34.8843,10.8473,16.726,14.3517,1.3827,1.3827,147189.51,146450.4555,71744.5024,34526243.3607,34352883.3466,0
5059,605388.SH,20230106,14.76,3.5082,3.5082,1.06,43.1791,77.5084,3.2997,6.947,5.9986,1.4905,1.4905,43000.0,14085.8283,14085.8283,634680.0,207906.8257,0
5060,605255.SH,20230106,15.32,3.2617,3.2617,0.69,52.0193,82.9652,2.4481,6.7063,6.587,2.9047,2.9047,13408.0,3352.0,3352.0,205410.56,51352.64,0
5061,603618.SH,20230106,5.44,0.6873,1.5567,1.61,37.777,32.9251,1.4342,0.5051,0.4508,0.9191,0.9191,69105.6019,69105.6019,30511.626,375934.4743,375934.4743,0
5062,600790.SH,20230106,4.63,0.9772,1.5698,0.89,15.7098,7.969,1.1163,7.3191,7.3147,3.2397,3.2397,146579.0928,146579.0928,91242.828,678661.1997,678661.1997,0
5063,302132.SZ,20230106,10.65,0.489,1.0583,0.77,20.4933,26.8542,2.7369,3.2384,3.3971,0.4658,0.4658,59076.0499,59076.0499,27295.9497,629159.9314,629159.9314,0
