,ts_code,trade_date,close,turnover_rate,turnover_rate_f,volume_ratio,pe,pe_ttm,pb,ps,ps_ttm,dv_ratio,dv_ttm,total_share,float_share,free_share,total_mv,circ_mv,limit_status
0,000506.SZ,20230616,4.13,3.863,6.1409,1.57,15.1656,,6.3423,13.844,13.4713,0.0,,92901.7761,92867.0961,58418.9526,383684.3353,383541.1069,0
1,000915.SZ,20230616,36.19,1.7139,2.1975,1.2,16.0961,15.8641,3.3122,3.6225,3.692,2.2106,2.2106,23433.1485,23420.7235,18266.2895,848045.6442,847595.9835,0
2,600243.SH,20230616,4.2,1.3091,1.4332,1.2,,,2.1015,3.4445,3.9566,0.0,,43885.0,43885.0,40085.0,184317.0,184317.0,0
3,300759.SZ,20230616,47.96,1.9241,3.7946,1.01,41.5619,38.7652,5.2993,5.5649,5.2475,0.6254,,119122.4554,94729.0054,48035.1904,5713112.961,4543203.099,0
4,601059.SH,20230616,15.03,7.1578,7.1578,0.82,39.7137,38.1574,2.9365,14.1785,13.0747,,,324300.0,32430.0,32430.0,4874229.0,487422.9,0
5,600054.SH,20230616,13.58,1.544,3.6573,1.14,,607.5648,2.3855,12.3827,9.8217,0.7511,0.7511,72937.944,51330.0,21670.425,990497.2795,697061.4,0
6,603579.SH,20230616,20.8,0.5832,1.0754,0.89,17.6015,20.1576,1.5679,1.4419,1.5833,3.3092,,13897.3992,13897.3992,7537.3892,289065.9034,289065.9034,0
7,002528.SZ,20230616,9.72,8.0036,17.5275,1.17,,,9.6922,6.3415,6.4378,0.0,,119867.5082,104643.9251,47783.5598,1165112.1797,1017138.952,0
8,002271.SZ,20230616,30.09,1.3171,1.4192,0.74,35.7405,34.625,2.8145,2.4278,2.3389,0.993,0.3287,251846.4191,198619.7671,184336.4449,7578058.7507,5976468.792,0
9,301152.SZ,20230616,45.26,2.4617,2.4617,0.74,41.6675,74.213,2.2394,2.0691,2.1491,,0.6628,12198.2307,2789.772,2789.772,552091.9215,126265.0807,0
10,688520.SH,20230616,61.75,0.5782,0.601,0.28,,,,26.8766,22.99,,,44533.5714,9935.9046,9559.5636,2749948.034,613542.1091,0
11,002823.SZ,20230616,11.75,14.6403,18.836,3.1,135.9124,653.9347,2.5977,1.2673,1.2387,0.086,0.2964,28710.4704,17020.405,13229.1027,337348.0272,199989.7588,1
12,301070.SZ,20230616,33.93,1.4364,1.7553,1.19,72.7813,72.2322,2.818,7.2066,6.9577,1.4736,1.4736,6455.52,3504.588,2867.84,219035.7936,118910.6708,0
13,000545.SZ,20230616,2.89,0.3721,0.5665,0.63,,,1.944,1.1362,1.2058,0.0,,98683.3096,98540.3096,64730.1648,285194.7647,284781.4947,0
14,920062.BJ,20230616,5.42,0.6591,0.7247,1.6,17.2774,13.9043,1.6055,1.1476,1.0812,,,18408.6277,10649.5863,9685.9897,99774.7621,57720.7577,0
15,600643.SH,20230616,5.01,0.4435,0.8619,0.66,16.8606,20.4946,0.6486,5.1482,5.5168,4.3648,6.1504,162192.2452,161910.339,83323.6092,812583.1485,811170.7984,0
16,600875.SH,20230616,18.31,1.8447,3.5705,1.64,20.0026,19.3717,1.5855,1.0539,1.0421,1.2563,1.2563,311853.3797,201513.4163,104111.74,5710035.3823,3689710.6525,0
17,002299.SZ,20230616,19.38,0.4125,0.8905,0.94,58.6564,42.6067,2.4611,1.4332,1.3408,1.5418,1.029,124363.9674,123099.9733,57030.1632,2410173.6882,2385677.4826,0
18,603613.SH,20230616,57.5,2.2246,3.3947,1.07,25.4689,23.3744,5.1887,0.712,0.6945,0.2027,,49865.5409,49865.5409,32677.6018,2867268.6018,2867268.6018,0
19,600688.SH,20230616,3.1,0.3001,1.1766,1.31,,,1.2828,0.4057,0.4265,3.2258,3.2258,1079928.55,732881.35,186935.85,3347778.505,2271932.185,0
20,688153.SH,20230616,73.1,1.8645,2.8629,0.55,560.3546,,7.92,13.0767,17.1006,,,40927.3667,9000.0116,5861.4775,2991790.5058,657900.848,0
21,002806.SZ,20230616,12.2,5.9491,7.2229,0.49,,,2.0323,3.5121,3.5765,0.0,,18939.9674,14912.7439,12282.7239,231067.6023,181935.4756,0
22,000020.SZ,20230616,11.28,0.9841,2.8814,1.0,315.3764,299.7935,8.8719,4.8072,4.7778,0.0,,28316.1227,18116.5391,6187.5497,319405.8641,204354.561,0
23,300927.SZ,20230616,15.81,0.932,1.8967,1.12,35.7763,36.3108,3.5635,3.0955,3.1011,1.012,0.8539,14436.0,8528.8038,4190.8038,228233.16,134840.3881,0
24,600257.SH,20230616,6.39,17.4108,22.248,1.23,,,3.5359,2.8091,2.7315,0.0,,48123.7188,48123.7188,37660.5977,307510.5631,307510.5631,0
25,002061.SZ,20230616,4.41,1.2624,2.1898,0.59,7.2628,8.3766,0.8791,0.2467,0.2614,2.4004,2.7535,259913.79,259913.79,149842.8534,1146219.8139,1146219.8139,0
26,603816.SH,20230616,39.93,0.7734,1.2798,1.18,18.1111,18.5527,3.545,1.8222,1.8835,2.5429,2.5429,82189.1519,82189.1519,49669.9292,3281812.8354,3281812.8354,0
27,002878.SZ,20230616,20.68,7.2976,15.2284,1.87,27.5772,69.4165,5.1294,1.4026,1.6951,1.7408,2.4178,22317.0841,19519.0916,9353.7393,461517.2992,403654.8143,1
28,605136.SH,20230616,13.2,2.2885,2.6937,0.81,,,2.1352,1.6307,1.683,1.5966,,40045.85,19610.1451,16660.0758,528605.22,258853.9153,0
29,300291.SZ,20230616,7.81,5.0297,7.9658,1.0,353.6253,315.7908,1.9236,15.6914,16.0897,0.0,,94188.9651,82275.7242,51949.6444,735615.8174,642573.406,0
30,002232.SZ,20230616,16.91,4.4478,10.0446,0.87,94.43,90.6881,5.0302,4.4828,4.7681,0.2957,0.5914,40854.8455,40854.8455,18090.8732,690855.4374,690855.4374,0
31,688279.SH,20230616,106.2,2.4257,3.2097,1.17,69.0768,68.2456,4.3534,30.3709,30.2195,,,9236.338,5512.6526,4166.0803,980899.0956,585443.7061,0
32,000546.SZ,20230616,7.56,0.0614,0.0919,0.03,,,1.2176,1.0521,1.0966,0.2635,,78078.1962,71153.0298,47554.8622,590271.1633,537916.9053,-1
33,002169.SZ,20230616,8.11,1.8683,2.389,1.35,151.1159,17.973,1.8751,2.7165,2.6573,1.2049,,78779.1994,76376.1867,59730.1496,638899.3071,619410.8741,0
34,002977.SZ,20230616,36.62,1.4329,1.9669,1.57,50.3956,52.419,3.39,10.6944,13.0877,0.5852,,10010.0,5447.1064,3968.3564,366566.2,199473.0364,0
35,002563.SZ,20230616,6.2,0.4753,1.1319,1.26,26.2219,22.6009,1.565,1.253,1.2825,8.0645,3.2258,269409.016,187693.754,78805.0715,1670335.8992,1163701.2748,0
36,300044.SZ,20230616,5.25,13.1855,13.6209,0.64,,,5.1629,10.469,10.5226,0.0,,77016.1228,66926.9814,64787.8485,404334.6447,351366.6524,0
37,603219.SH,20230616,13.19,1.4385,2.4704,0.59,21.3399,23.5752,5.4753,2.6982,2.8341,2.1661,2.1661,56140.0,15528.5245,9042.341,740486.6,204821.2382,0
38,002264.SZ,20230616,6.18,2.1245,4.357,0.96,21.7266,19.7979,2.9237,1.4724,1.8555,0.0,,71998.9783,65389.6442,31883.8429,444953.6859,404108.0012,0
39,688687.SH,20230616,27.59,1.6559,1.6559,1.85,56.5338,59.2018,2.7791,4.0651,3.9922,,,17090.8422,11819.7,11819.7,471536.3363,326105.523,0
40,300615.SZ,20230616,18.95,21.3299,30.1917,2.51,77.4363,56.2316,6.5025,6.9681,5.7173,0.2618,0.5277,18994.72,12869.4572,9092.0217,359949.944,243876.2139,0
41,688459.SH,20230616,9.9,8.2911,8.2911,4.68,41.226,34.7859,1.4758,5.2282,5.0952,,,48000.0,8729.9,8729.9,475200.0,86426.01,0
42,603688.SH,20230616,109.45,1.3709,2.8775,1.07,37.5804,22.1427,10.4914,19.7298,13.3261,0.2135,0.7995,36127.7126,36127.7126,17211.644,3954178.1441,3954178.1441,0
43,300489.SZ,20230616,17.88,2.3815,4.0413,1.65,,,9.2013,2.6307,2.5185,0.0,,13767.2835,13697.5335,8071.7835,246159.029,244911.899,0
44,600000.SH,20230616,7.43,0.0917,0.1754,1.38,4.2619,4.5803,0.3628,1.1562,1.1681,5.5182,5.5182,2935217.4759,2935217.4759,1534481.9249,21808665.8459,21808665.8459,0
45,301156.SZ,20230616,23.29,2.115,2.115,0.66,35.4949,39.416,2.3549,3.855,3.9794,0.0,,8000.0,2000.0,2000.0,186320.0,46580.0,0
46,601901.SH,20230616,6.75,0.1855,0.296,1.17,25.8685,24.9513,1.2732,7.145,7.0498,0.5926,0.5926,823210.1395,823210.1395,515897.8006,5556668.4416,5556668.4416,0
47,002026.SZ,20230616,8.99,2.4323,3.6507,0.81,19.4066,25.3027,1.2192,1.6234,1.8618,1.6506,2.2068,44551.5368,42797.7178,28514.4752,400518.3158,384751.483,0
48,688249.SH,20230616,19.87,5.5976,5.5976,1.38,13.0891,28.3222,1.7697,3.966,4.7897,,,200613.5157,34876.3126,34876.3126,3986190.557,692992.3314,0
49,002412.SZ,20230616,6.8,1.1576,2.029,0.94,20.4143,20.0268,1.7504,3.7353,3.7299,0.0,,50320.0,49363.75,28163.1311,342176.0,335673.5,0
50,601777.SH,20230616,3.53,0.4269,0.5887,0.85,104.3098,111.6448,1.5717,1.8647,1.8988,0.0,,457152.3,225045.0,163189.0216,1613747.619,794408.85,0
51,920699.BJ,20230616,10.08,2.5596,2.5596,0.83,15.2601,15.2601,1.9656,1.7438,1.7438,,,4562.53,1042.53,1042.53,45990.3024,10508.7024,0
52,301360.SZ,20230616,86.75,15.8139,15.8139,0.79,68.6123,71.0571,4.2496,12.8651,12.64,,,5334.0,1196.2843,1196.2843,462724.5,103777.663,0
53,000333.SZ,20230616,58.35,0.4361,0.6369,0.87,13.8645,13.4707,3.033,1.1914,1.1714,2.85,4.195,702218.1291,688059.6778,471141.8065,40974427.833,40148282.1996,0
54,605228.SH,20230616,9.15,3.7939,3.7939,0.52,86.2968,132.3633,2.6257,2.7209,2.7743,0.7644,0.7644,42488.0,9837.7385,9837.7385,388765.2,90015.3073,0
55,300511.SZ,20230616,7.6,3.0856,3.3033,0.84,,,2.0066,1.6476,1.4779,0.0,,50304.4448,40821.1304,38130.9591,382313.7805,310240.591,0
56,301148.SZ,20230616,21.47,1.0712,1.1527,1.35,23.4644,23.8365,1.4269,3.3079,3.4672,2.422,2.422,11649.708,3809.708,3540.068,250119.2308,81794.4308,0
57,000610.SZ,20230616,17.47,8.7893,11.9938,0.93,,,6.6556,10.4445,9.0905,0.0,,23674.7901,23543.3369,17253.1224,413598.583,411302.0956,0
58,300497.SZ,20230616,12.98,1.1599,1.2622,0.55,,,2.6914,4.3339,4.3455,0.0,,55000.4834,44731.3178,41105.4026,713906.2745,580612.505,0
59,002570.SZ,20230616,4.43,0.9869,1.2063,0.76,,,3.108,1.8024,1.7881,0.0,,108004.3333,107999.1958,88357.3458,478459.1965,478436.4374,0
60,600793.SH,20230616,12.19,0.9437,2.4531,1.42,72.8719,67.881,3.2454,0.9369,0.9243,0.0,,17690.4002,17690.4002,6805.1482,215645.9784,215645.9784,0
61,920580.BJ,20230616,3.9,0.1224,0.2766,0.91,24.07,24.9498,1.0463,3.0951,3.1915,,,8600.0,5590.3561,2473.2994,33540.0,21802.3888,0
62,002229.SZ,20230616,35.23,15.5688,20.0214,0.73,,,11.0909,32.1762,30.7706,0.0,,49834.4263,49316.4301,38348.9216,1755666.8385,1737417.8324,0
63,000619.SZ,20230616,6.23,0.5636,0.8468,0.88,,,1.0217,0.4087,0.3994,0.0,,36000.0,36000.0,23962.0607,224280.0,224280.0,0
64,002790.SZ,20230616,9.13,1.1035,2.0192,0.71,18.0875,17.8172,2.0161,1.9471,1.9583,1.6434,2.1906,41789.95,26080.8613,14253.6613,381542.2435,238118.2637,0
65,300097.SZ,20230616,6.34,1.3876,1.6541,1.17,,,3.7961,4.0632,3.5753,0.0,,28854.9669,27001.8948,22651.4534,182940.4901,171192.013,0
66,601918.SH,20230616,4.12,0.637,1.16,1.16,5.1703,5.0101,0.8769,0.8892,0.888,1.699,1.699,259054.18,259054.18,142263.8996,1067303.2216,1067303.2216,0
67,002985.SZ,20230616,42.29,0.9284,0.9695,1.15,44.7024,47.6483,4.5322,14.0643,14.8621,0.3638,,33185.36,20999.7883,20110.3455,1403408.8744,888081.0472,0
68,002538.SZ,20230616,6.64,0.5164,0.774,0.9,10.6821,12.116,1.0863,1.1605,1.3078,3.9157,7.8313,85355.5763,83392.6738,55644.5938,566761.0266,553727.354,0
69,603053.SH,20230616,9.75,0.2854,1.5023,1.28,17.6313,17.8356,1.9933,1.7923,1.7709,3.0769,3.0769,88889.0,88889.0,16889.0,866667.75,866667.75,0
70,603679.SH,20230616,13.89,4.8609,7.6647,0.48,,,2.7325,5.2336,4.65,0.0,,16317.8146,16317.8146,10348.5472,226654.4448,226654.4448,0
71,600619.SH,20230616,6.38,0.4935,0.9374,0.77,194.9255,,1.1399,0.4188,0.4192,2.3545,2.5112,108327.9406,78917.4798,41551.8286,691132.261,503493.5211,0
72,300679.SZ,20230616,32.73,1.3324,1.8965,0.81,31.177,34.3646,3.3838,4.6529,4.8861,1.092,0.5777,42215.7,35591.1818,25005.0094,1381719.861,1164899.3803,0
73,603757.SH,20230616,28.22,0.9781,2.6943,0.89,18.0493,15.9807,3.2997,2.8048,2.6418,1.2407,3.7212,16677.72,16554.4,6009.6,470645.2584,467165.168,0
74,603516.SH,20230616,22.5,1.9103,3.0849,1.03,142.1089,162.4564,4.5212,10.9418,10.7865,0.8944,0.4364,18518.7838,18518.7838,11467.7998,416672.6355,416672.6355,0
75,600771.SH,20230616,35.95,2.0452,2.3952,1.46,,,10.2818,17.6911,15.6296,0.0,,48949.1141,48949.1141,41798.2173,1759720.6519,1759720.6519,0
76,000962.SZ,20230616,11.55,2.851,5.2605,2.46,30.1915,28.6769,3.2586,5.2213,5.0277,0.0,,44582.6444,44082.971,23891.291,514929.5428,509158.3151,0
77,002920.SZ,20230616,144.11,1.238,2.9696,0.71,67.5845,66.8757,12.2238,5.3579,5.072,0.3123,0.3817,55519.8,54985.0,22922.5,8000958.378,7923888.35,0
78,605500.SH,20230616,7.31,0.7484,0.7484,0.93,21.5393,24.9862,1.3094,1.1214,1.1951,2.839,4.3047,41440.0,10670.8,10670.8,302926.4,78003.548,0
79,688039.SH,20230616,63.1,4.632,8.6378,1.23,,,3.7622,15.2907,16.0682,,,8031.65,8031.65,4306.9874,506797.115,506797.115,0
80,300852.SZ,20230616,40.64,2.7068,2.7068,0.86,18.3625,17.4057,3.3265,3.3984,3.2437,0.812,0.812,10193.076,3559.5419,3559.5419,414246.6086,144659.7828,0
81,002652.SZ,20230616,2.6,1.2149,1.7363,0.65,,,6.0159,2.7513,2.8191,0.0,,51206.4,51151.6724,35791.6724,133136.64,132994.3482,0
82,920662.BJ,20230616,9.0,2.8326,2.8342,1.01,14.599,12.7546,1.986,2.2324,2.1596,,,8755.0002,2418.0687,2416.7687,78795.0018,21762.6183,0
83,600575.SH,20230616,2.55,0.5632,1.5335,1.18,28.5592,32.9981,0.9526,0.3908,0.3922,0.0,,388626.1065,388626.1065,142729.1911,990996.5716,990996.5716,0
84,000509.SZ,20230616,3.29,0.333,0.5707,0.77,,,26.868,3.995,4.8889,0.0,,107312.8052,107310.9808,62625.8953,353059.1291,353053.1268,0
85,603081.SH,20230616,17.52,2.9169,7.2635,3.85,25.0194,30.097,2.6622,2.5249,2.6439,1.14,0.8562,40962.7512,40396.3512,16222.6212,717667.401,707744.073,0
86,600200.SH,20230616,7.35,1.1899,1.439,0.98,,,2.8533,2.5839,2.3867,0.0,,71232.3832,70955.8129,58676.2367,523558.0165,521525.2248,0
87,601698.SH,20230616,18.29,1.5486,10.3507,1.88,83.9159,82.4691,5.1403,28.2673,28.2112,0.1501,0.2384,422438.5412,422438.5412,63202.296,7726400.9185,7726400.9185,0
88,002847.SZ,20230616,85.02,0.3113,0.8429,0.52,54.3993,46.642,15.3904,5.6682,5.1066,0.7887,1.1762,19290.7485,17291.4414,6384.7623,1640099.4375,1470118.3478,0
89,300977.SZ,20230616,19.08,17.0128,17.0128,1.1,186.5765,62.1469,2.1088,5.1156,4.9932,1.6363,0.1747,15331.4556,3841.1876,3841.1876,292524.1728,73289.8594,0
90,300185.SZ,20230616,2.58,0.8974,1.1657,1.45,40.8686,35.9087,1.5209,1.7003,1.6775,1.1628,1.1628,389682.6316,370515.9644,285235.3831,1005381.1895,955931.1882,0
91,002746.SZ,20230616,8.27,1.4296,2.1324,1.25,55.445,26.9426,1.5684,1.3948,1.3013,1.2092,1.2092,86053.8727,70967.6227,47578.8727,711665.5272,586902.2397,0
92,301003.SZ,20230616,22.21,0.8626,1.6997,0.68,19.3873,21.4865,2.0094,4.26,4.8012,3.9993,2.7015,9905.3333,6874.9276,3489.0698,219997.4526,152692.142,0
93,600066.SH,20230616,13.3,0.8043,1.3785,0.73,38.7877,29.5833,2.3666,1.3508,1.3477,3.7594,7.5188,221393.9223,221393.9223,129179.8708,2944539.1666,2944539.1666,0
94,301068.SZ,20230616,34.69,7.5826,7.5826,5.47,52.7346,53.9894,3.7654,3.6422,3.4822,0.3459,0.5765,8400.0,3964.6093,3964.6093,291396.0,137532.2966,-1
95,300870.SZ,20230616,65.85,13.8064,13.8064,1.98,74.3125,55.2358,4.1261,2.4787,2.5755,0.1971,0.1359,10175.2,3909.6723,3909.6723,670036.92,257451.921,0
96,600782.SH,20230616,3.89,0.4191,0.7594,0.83,11.8545,110.8554,0.47,0.1253,0.1294,12.6085,12.6085,318872.2696,318872.2696,175992.3199,1240413.1287,1240413.1287,0
97,301018.SZ,20230616,40.6,7.8586,10.2045,0.65,64.6085,62.8291,4.5167,4.8362,4.7763,0.4022,0.8948,26458.0024,8539.0,6576.0,1074194.8974,346683.4,0
98,300259.SZ,20230616,3.98,2.7813,3.1593,2.68,18.9399,16.3864,1.6632,4.1508,4.1628,3.7688,2.4819,116980.1516,81146.8284,71438.2789,465581.0034,322964.377,0
99,603676.SH,20230616,13.24,0.5855,2.5758,1.17,32.5587,29.0558,4.8658,4.1197,4.0188,1.2106,1.7749,43516.15,42910.2,9754.128,576153.826,568131.048,0
100,605303.SH,20230616,10.82,0.9683,1.1021,1.02,,,1.2838,3.3918,3.5762,1.8484,,16123.7408,6798.4808,5972.6893,174458.8755,73559.5623,0
101,688539.SH,20230616,40.42,4.561,4.561,0.99,66.1368,63.5392,3.1085,19.4735,18.5951,,,13280.0,2822.7343,2822.7343,536777.6,114094.9204,0
102,688479.SH,20230616,34.0,10.686,10.686,0.71,45.526,44.7484,2.7016,7.4171,7.1596,,,14431.74,3254.4244,3254.4244,490679.16,110650.4296,0
103,000552.SZ,20230616,3.31,0.9226,1.7073,1.15,4.8163,4.1479,1.1136,1.2448,1.0872,0.7727,,461104.7544,250460.5899,135340.0319,1526256.7371,829024.5526,0
104,002709.SZ,20230616,41.8,1.6151,1.9386,1.1,14.0834,16.3865,6.7738,3.6062,3.7464,0.5979,1.4346,192533.311,138390.7587,115300.3221,8047892.3998,5784733.7137,0
105,920857.BJ,20230616,8.16,0.0086,0.0288,0.34,18.35,19.1639,1.6746,1.414,1.5039,,,7400.7152,7400.7152,2217.8286,60389.836,60389.836,0
106,000068.SZ,20230616,2.99,1.07,1.9122,1.26,,,161.3323,2.7151,3.1433,0.0,,100667.1464,100667.1464,56326.7969,300994.7677,300994.7677,0
107,301135.SZ,20230616,26.4,4.7147,4.7147,0.96,60.8348,64.0747,2.158,2.6156,2.759,1.1305,1.1364,10248.25,4945.7,4945.7,270553.8,130566.48,0
108,603026.SH,20230616,61.2,0.8765,1.4075,0.9,13.9288,27.6645,3.139,1.4916,1.5493,0.4902,0.4902,20268.0,20268.0,12622.4363,1240401.6,1240401.6,0
109,002079.SZ,20230616,12.16,1.6591,2.1845,0.92,26.49,29.366,3.5889,3.0059,3.0681,0.3618,0.6003,80788.6616,79831.0131,60631.3779,982390.1251,970745.1193,0
110,688335.SH,20230616,23.86,0.7422,1.316,1.28,21.0762,18.9909,1.9943,3.0785,2.8466,,,10186.0511,6957.0047,3923.4541,243039.1792,165994.1321,0
111,002558.SZ,20230616,20.2,2.8764,4.6316,0.81,47.5934,49.1062,3.4861,19.8751,20.6122,0.7605,0.7508,200493.7008,200493.7008,124515.7217,4049972.7562,4049972.7562,0
112,600458.SH,20230616,11.68,1.3473,2.6747,1.22,26.9432,24.7741,1.6672,0.639,0.63,0.6685,0.6685,82247.8152,80279.8152,40440.222,960654.4815,937668.2415,0
113,002584.SZ,20230616,5.29,1.1997,1.3659,0.79,35.1606,216.1118,1.3348,0.5007,0.4927,0.0,,58521.6422,40632.6096,35688.7422,309579.4872,214946.5048,0
114,002318.SZ,20230616,16.69,0.4566,0.7173,1.49,12.6638,12.2934,2.6974,2.4947,2.3647,2.3554,2.5764,97717.072,95381.8553,60724.813,1630897.9317,1591923.165,0
115,000823.SZ,20230616,9.64,1.1097,1.5923,0.41,12.4201,14.5241,1.1816,0.7758,0.8314,1.0373,1.0373,53698.9242,53694.3754,37420.1954,517657.6293,517613.7789,0
116,920429.BJ,20230616,6.69,0.2496,0.2496,1.33,14.4567,14.3324,1.1481,1.3115,1.3014,,,12450.0,4682.724,4682.724,83290.5,31327.4236,0
117,000551.SZ,20230616,10.34,2.7055,4.222,3.88,25.482,25.3746,1.8065,0.9992,0.9807,0.0,,40398.4805,40008.0405,25637.9351,417720.2884,413683.1388,0
118,600792.SH,20230616,3.11,0.3236,1.0969,1.04,,,0.9718,0.4083,0.4056,0.0,,98992.36,98992.36,29199.9171,307866.2396,307866.2396,0
119,300176.SZ,20230616,6.03,0.5395,0.7794,0.8,219.6836,129.3171,2.6332,1.5375,1.5227,0.0,,38728.08,38728.08,26808.2764,233530.3224,233530.3224,0
120,000016.SZ,20230616,4.91,0.8575,1.2761,1.05,,,1.5203,0.3993,0.4567,1.0183,,240794.5408,159659.38,107284.6868,1182301.1953,783927.5558,0
121,300339.SZ,20230616,25.31,5.5064,5.7871,0.69,191.226,182.8312,6.2415,6.7762,6.6954,0.0,,79641.0841,77146.3242,73405.0581,2015715.8386,1952573.4655,0
122,600287.SH,20230616,5.18,0.6323,1.2948,0.66,38.0558,37.0858,1.2962,0.5577,0.5401,0.0,,44092.3743,43679.6074,21331.3119,228398.4989,226260.3663,0
123,688387.SH,20230616,7.89,4.3858,4.3858,0.86,,,3.8819,3.8983,3.6863,,,341875.0,48355.4765,48355.4765,2697393.75,381524.7096,0
124,600151.SH,20230616,8.77,3.2337,4.9965,3.19,,,2.3605,1.4286,1.3547,0.0,,143425.2287,143425.2287,92824.3574,1257839.2557,1257839.2557,1
125,000536.SZ,20230616,1.84,0.5337,1.0269,1.12,,,1.3822,2.1659,2.7123,0.0,,276603.2803,276308.2516,143599.2221,508950.0358,508407.1829,0
126,688269.SH,20230616,64.9,0.5994,0.5994,0.56,38.3647,41.0224,9.2283,4.5068,4.1119,,,13070.4,8183.7,8183.7,848268.96,531122.13,0
127,002885.SZ,20230616,20.7,3.9734,6.2338,1.23,39.5955,30.0264,3.9922,2.1814,1.9361,0.095,0.44,27233.6358,20737.8637,13218.1736,563736.2611,429273.7786,0
128,002289.SZ,20230616,6.17,1.0607,1.7563,0.38,,,7.2473,12.8005,13.2659,0.0,,28025.3733,26419.9233,15956.0045,172916.5533,163010.9268,0
129,600901.SH,20230616,6.26,0.536,1.5173,0.93,7.8703,7.6669,1.1474,4.3672,4.2316,5.5076,,303192.8946,301326.2294,106453.0026,1897987.5202,1886302.196,0
130,002353.SZ,20230616,25.22,1.867,2.218,2.61,11.5369,10.8902,1.5015,2.2701,2.1831,0.6635,1.3045,102695.2941,68984.9492,58067.7177,2589975.3172,1739800.4188,0
131,300435.SZ,20230616,14.01,1.1619,1.8619,1.04,19.2229,18.7226,1.8666,1.6408,1.6087,0.5662,0.7124,38138.31,34437.671,21490.6763,534317.7231,482471.7707,0
132,300084.SZ,20230616,6.19,3.4731,3.4731,1.67,170.5088,237.8447,2.3724,3.7959,3.7211,0.0,,38476.5738,30909.8883,30909.8882,238169.9918,191332.2086,0
133,002365.SZ,20230616,9.68,0.9544,1.07,0.37,20.3245,27.2338,1.4029,1.9505,2.0953,0.0,,29468.25,24427.0439,21787.4207,285252.66,236453.785,0
134,300653.SZ,20230616,34.38,0.7618,1.3517,0.73,33.372,33.6663,7.6352,14.2845,14.5756,1.7064,1.7452,18000.0,18000.0,10145.1626,618840.0,618840.0,0
135,002206.SZ,20230616,5.28,0.7429,0.892,1.04,18.5666,22.2699,1.8092,1.1186,1.1366,1.8943,2.8409,116775.722,91599.5461,76290.8175,616575.8122,483645.6034,0
136,603045.SH,20230616,14.98,1.1412,1.6267,0.93,68.155,61.3338,2.3144,0.9253,0.9674,0.0,,13544.5155,13544.5155,9502.0349,202896.8422,202896.8422,0
137,002363.SZ,20230616,7.16,1.2397,2.1463,0.58,65.8483,67.9781,1.4312,1.3196,1.3153,2.7729,1.676,41916.0301,41610.0301,24032.8861,300118.7755,297927.8155,0
138,688535.SH,20230616,64.38,19.6888,19.6888,1.66,126.0161,128.7606,5.0666,17.1333,17.5279,,,8069.6453,1643.3087,1643.3087,519523.7644,105796.2141,0
139,600640.SH,20230616,13.58,1.2719,4.154,0.66,,,2.7166,3.0776,3.4529,0.0,,79569.594,79569.594,24363.2395,1080555.0865,1080555.0865,0
140,002695.SZ,20230616,11.16,0.5561,1.3995,0.69,185.5295,187.7205,2.4088,2.9264,2.9725,0.5339,0.1334,51230.4224,46435.3507,18452.471,571731.514,518218.5138,0
141,000628.SZ,20230616,16.49,11.7057,13.6139,7.27,29.1812,26.5236,3.2954,0.8841,0.8816,0.1819,0.3335,35228.0,19207.404,16515.174,580909.72,316730.092,0
142,003029.SZ,20230616,32.45,3.094,3.7683,1.18,,,4.4407,12.311,11.2149,0.524,,18634.7,11346.4841,9316.1741,604696.015,368193.409,0
143,300571.SZ,20230616,40.15,6.2302,7.9572,0.83,45.7401,209.699,3.4334,1.5752,2.11,0.274,0.274,13952.8294,11561.1896,9051.9396,560206.1004,464181.7624,0
144,000338.SZ,20230616,12.34,0.5986,0.6097,0.97,21.9542,18.8601,1.4248,0.6148,0.5744,2.2498,2.2498,872655.6821,504833.0138,495697.4469,10768571.1171,6229639.3903,0
145,688512.SH,20230616,23.59,9.8127,9.8127,0.58,,,4.4017,29.9274,28.6963,,,45250.6348,4846.6336,4846.6336,1067462.4749,114332.0866,0
146,002735.SZ,20230616,13.74,1.531,2.0124,0.86,60.001,137.6708,4.5712,2.4119,2.4061,0.0,0.3639,30731.6772,19130.3104,14553.6687,422253.2447,262850.4649,0
147,603096.SH,20230616,22.29,2.0238,4.7636,0.84,26.449,25.9937,1.9164,3.8635,3.8706,2.6243,6.1235,16250.3585,16250.3585,6903.7585,362220.491,362220.491,0
148,688596.SH,20230616,41.65,1.2043,1.2043,0.48,44.2659,44.2845,4.6608,4.2335,4.1587,,,27492.2233,22163.3473,22163.3473,1145051.1004,923103.415,0
149,600220.SH,20230616,2.32,0.4629,0.7147,1.46,35.2843,42.0463,1.9218,2.0757,2.1565,0.8621,0.8621,178334.0326,178334.0326,115505.8872,413734.9556,413734.9556,0
150,300547.SZ,20230616,16.29,1.913,2.2134,1.13,28.8627,28.5205,3.4654,3.8957,3.8428,1.7004,,21690.6174,17663.3031,15265.9274,353340.1574,287735.2075,0
151,003043.SZ,20230616,54.54,3.9308,4.3474,1.03,29.0413,29.9302,4.4644,7.0447,7.2254,0.5501,0.7334,8000.0,2859.9818,2585.884,436320.0,155983.4074,0
152,300062.SZ,20230616,6.72,5.0607,5.8139,0.96,91.135,90.4708,3.0039,2.8555,2.7139,0.093,0.1488,55757.7326,37881.3206,32973.5166,374691.9631,254562.4744,0
153,600761.SH,20230616,18.58,1.337,2.1906,1.45,15.2106,14.1322,2.1379,0.8775,0.8661,1.8837,2.1529,74018.0802,74018.0802,45173.2327,1375255.9301,1375255.9301,0
154,300070.SZ,20230616,5.62,0.7747,1.1145,0.89,28.7485,28.3263,0.7572,2.3439,2.3677,0.4626,0.5338,362420.9363,272685.1318,189552.9391,2036805.662,1532490.4407,0
155,300981.SZ,20230616,15.45,1.1746,1.33,0.6,90.0475,,1.0207,3.8317,4.2091,8.2981,3.4852,39000.78,12284.805,10849.8833,602562.051,189800.2373,0
156,300407.SZ,20230616,9.36,9.0437,12.0263,1.01,32.1049,22.2116,1.867,1.4923,1.4665,0.2451,0.5342,30511.4662,21748.6353,16354.8706,285587.3236,203567.2264,0
157,301307.SZ,20230616,34.18,15.2742,15.2742,0.82,32.1473,29.6271,2.2617,2.2707,2.1532,,,21060.0,4695.4411,4695.4411,719830.8,160490.1768,0
158,601727.SH,20230616,4.6,0.3506,1.002,1.66,,,1.2991,0.6126,0.6326,0.0,,1557980.9092,1265532.7092,442792.6624,7166712.1823,5821450.4623,0
159,603133.SH,20230616,7.61,0.8826,1.2532,1.01,,,5.8789,14.8589,13.7379,0.0,,20918.52,20918.52,14732.5847,159189.9372,159189.9372,0
160,600897.SH,20230616,20.37,0.5689,1.7775,0.99,215.8937,63.3936,1.5576,6.0321,5.414,0.702,0.702,29781.0,29781.0,9531.0,606638.97,606638.97,0
161,002131.SZ,20230616,2.48,2.7952,2.9389,0.99,,17.041,1.3729,0.8265,0.8073,0.0,,675480.4205,583455.5384,554923.2671,1675191.4428,1446969.7352,0
162,002008.SZ,20230616,25.59,1.636,2.0192,0.91,22.2575,26.4033,1.9755,1.7997,1.9243,1.5624,0.7816,105218.5066,97932.1028,79346.7838,2692541.5839,2506082.5107,0
163,002717.SZ,20230616,3.73,10.7332,12.0389,0.95,,,1.9834,2.4387,2.4042,0.0,,167943.9801,144968.4329,129246.2086,626431.0458,540732.2547,0
164,601211.SH,20230616,14.94,0.2847,0.4981,1.07,11.561,11.0596,0.9185,3.7505,3.6338,4.5528,4.5528,890453.119,745253.895,425993.1054,13303369.5979,11134093.1913,0
165,300258.SZ,20230616,10.16,1.3232,2.4135,0.84,19.788,19.4863,1.4687,2.7069,2.6428,0.9653,1.2066,48177.0753,46369.6561,25422.7796,489479.085,471115.706,0
166,001255.SZ,20230616,37.4,7.9608,7.9608,1.41,43.1729,42.7878,4.0872,8.4632,8.2572,,0.6952,8000.0,2000.0,2000.0,299200.0,74800.0,0
167,300978.SZ,20230616,13.12,2.9078,3.7711,0.66,64.8495,52.2307,3.6164,3.1383,3.2274,0.7622,1.9055,42270.2739,13198.7602,10177.2872,554585.9936,173167.7338,0
168,688786.SH,20230616,47.52,1.5957,2.3145,0.5,41.0965,46.0356,5.9946,9.4938,10.0715,,,8544.08,5231.654,3607.0307,406014.6816,248608.1981,0
169,600711.SH,20230616,4.81,0.5427,0.6599,0.78,,,1.0731,0.5959,0.5969,0.7113,0.7113,314120.328,312266.928,256786.9383,1510918.7777,1502003.9237,0
170,603719.SH,20230616,28.23,0.6517,2.5481,0.82,33.7438,28.9443,4.6265,1.1992,1.2744,0.7453,0.8895,40100.0,40100.0,10255.476,1132023.0,1132023.0,0
171,300730.SZ,20230616,15.06,6.306,8.2912,0.86,146.1646,161.4246,7.1585,6.7385,7.0502,0.2648,0.3644,24051.6447,19530.7227,14854.3731,362217.7692,294132.6839,0
172,000100.SZ,20230616,3.94,0.9962,1.0379,0.61,283.1389,,1.4898,0.4442,0.4473,2.7707,,1877908.0767,1501683.7703,1441344.4586,7398957.8222,5916634.055,0
173,300272.SZ,20230616,5.15,0.8759,1.1135,0.81,32.0544,31.8206,2.8308,1.7899,1.7517,1.9081,1.8897,57717.1949,41111.0046,32340.3707,297243.5537,211721.6737,0
174,600239.SH,20230616,2.12,0.8001,1.3579,0.94,,,2.0976,1.3254,1.5778,0.0,,160568.6909,160568.6909,94602.2647,340405.6247,340405.6247,0
175,000759.SZ,20230616,4.68,2.4413,4.4823,1.6,,,1.1496,0.2613,0.2599,0.0,,68102.15,65570.6025,35713.2194,318718.062,306870.4197,0
176,000539.SZ,20230616,6.73,1.925,6.0331,1.09,,,1.7432,0.671,0.6505,0.0,,525028.3986,255391.2699,81488.2694,3533441.1226,1718783.2464,0
177,002818.SZ,20230616,13.43,0.8355,1.6792,0.9,12.8367,12.8689,1.7798,6.7793,6.7833,8.9352,8.0417,74845.894,29835.8406,14845.5344,1005180.3564,400695.3393,0
178,000548.SZ,20230616,4.83,1.2527,1.8507,1.36,68.9703,52.4193,1.2894,5.8046,5.3625,0.4141,0.8282,49921.5811,49918.8811,33788.2354,241121.2367,241108.1957,0
179,301211.SZ,20230616,27.35,14.9605,14.9605,0.85,62.6516,57.21,3.5469,15.2974,13.5818,0.9141,2.1328,28800.0,6920.9303,6920.9303,787680.0,189287.4437,0
180,920368.BJ,20230616,52.0,0.0828,0.0831,0.42,26.8474,26.2212,3.6964,3.2188,2.963,,,23349.964,12131.6199,12095.6883,1214198.128,630844.2348,0
181,002339.SZ,20230616,7.51,2.8827,3.4701,1.21,,,2.2487,1.7215,1.7611,0.0,,50409.2274,47808.3604,39715.5766,378573.2978,359040.7866,0
182,300522.SZ,20230616,12.11,2.1818,3.1706,1.04,134.0461,1641.4105,4.9856,6.3047,6.3992,0.8258,0.6881,32416.8726,21839.425,15028.666,392568.3272,264475.4368,0
183,301096.SZ,20230616,62.25,1.0656,1.0656,0.63,34.6788,32.1091,2.7522,11.0854,10.012,0.9639,1.2851,10816.6667,6856.6667,6856.6667,673337.5021,426827.5021,0
184,920961.BJ,20230616,10.29,0.1189,0.1523,0.47,66.0012,58.8731,2.0567,4.6222,4.4276,,,14284.0508,10342.6931,8072.3421,146982.8827,106426.312,0
185,688353.SH,20230616,36.68,2.915,2.915,1.39,22.4333,49.3096,1.5501,6.7873,9.3855,,,15950.0,3834.9239,3834.9239,585046.0,140665.0087,0
186,002989.SZ,20230616,16.31,3.9901,12.0096,1.05,44.0014,46.7322,1.8837,1.4871,1.5995,3.0653,6.744,18169.7267,16410.2267,5452.1294,296348.2425,267650.7975,1
187,301153.SZ,20230616,83.02,1.6996,4.4528,1.0,62.4223,59.3556,11.1334,17.6799,17.0593,0.6692,1.3384,19440.0,12733.2,4860.0,1613908.8,1057110.264,0
188,002880.SZ,20230616,41.2,1.1405,4.1472,0.74,79.563,67.7868,4.9531,13.9897,12.65,0.4854,0.4854,22680.0,22680.0,6237.0,934416.0,934416.0,0
189,603031.SH,20230616,47.0,0.292,0.6949,0.83,64.5029,57.2643,8.5973,1.556,1.4675,0.0,,11200.0,11200.0,4706.7922,526400.0,526400.0,0
190,002792.SZ,20230616,16.97,11.2118,14.2908,0.8,83.6852,71.253,2.4435,4.85,5.4769,0.1179,,40205.6966,24162.3052,18956.5433,682290.6713,410034.3192,0
191,603040.SH,20230616,24.84,2.0701,4.5259,1.27,21.5647,19.9622,2.8846,6.376,5.9821,1.1875,,13522.2509,13398.9109,6128.3609,335892.7124,332828.9468,0
192,300617.SZ,20230616,39.13,2.0042,2.4622,1.09,43.4166,40.0702,2.5273,8.5045,8.0664,1.2778,,16799.6636,10561.4666,8597.0766,657370.8367,413270.1881,0
193,600863.SH,20230616,3.97,1.0255,2.0778,1.19,14.7058,12.1822,1.6783,1.1234,1.098,2.5189,2.5189,652688.7811,652688.7811,322141.4008,2591174.461,2591174.461,0
194,301159.SZ,20230616,41.41,16.1648,16.1648,1.21,,,3.9483,11.1246,10.8211,0.1932,0.1932,7735.0,3071.495,3071.495,320306.35,127190.608,0
195,688659.SH,20230616,15.36,16.0251,16.0251,1.27,394.3745,538.534,3.7984,4.2443,4.3965,,,16000.0,8796.688,8796.688,245760.0,135117.1277,0
196,301021.SZ,20230616,25.67,2.4172,3.2536,0.89,172.2938,744.7733,4.011,12.1631,13.0916,0.4679,0.3896,15151.1482,6996.1482,5197.6182,388929.9743,179591.1243,0
197,300102.SZ,20230616,6.61,1.3089,1.6947,2.31,,,1.5008,3.553,3.4402,0.2246,0.2246,91255.9597,90827.2833,70150.4201,603201.8936,600368.3426,0
198,300088.SZ,20230616,6.05,1.0745,1.3357,0.9,21.8523,24.6512,1.8366,2.1256,2.2029,0.8264,1.6529,245491.8133,244269.0901,196506.1176,1485225.4705,1477827.9951,0
199,002261.SZ,20230616,19.31,28.1782,31.8427,1.04,,,9.5888,10.8464,9.922,0.0,,125632.7674,112146.5548,99240.6427,2425968.7385,2165549.9732,0
200,000719.SZ,20230616,15.13,3.667,5.982,0.73,14.9984,14.9302,1.5562,1.6078,1.5903,2.1811,2.1811,102320.3749,66714.7543,40897.2065,1548107.2722,1009394.2326,0
201,300568.SZ,20230616,16.86,1.4824,1.5414,1.05,30.0442,29.4165,2.5431,7.5027,7.502,0.1778,0.592,128172.702,114981.7245,110577.8397,2160991.7557,1938591.8751,0
202,603068.SH,20230616,29.97,0.9771,1.6106,0.64,,,2.556,6.3209,6.9206,0.6711,0.6711,15042.4966,15042.4966,9126.0053,450823.6231,450823.6231,0
203,000882.SZ,20230616,1.71,0.3759,0.5939,0.83,,,0.6754,4.1777,4.4025,0.0,,273735.1947,273734.8016,173251.0601,468087.1829,468086.5107,0
204,001238.SZ,20230616,22.97,3.6716,3.6716,0.95,42.6897,39.579,2.26,1.8281,1.8777,,,11000.0,2750.0,2750.0,252670.0,63167.5,0
205,600493.SH,20230616,5.39,1.0416,1.5551,1.04,56.2305,94.9343,1.7521,1.2764,1.3348,1.4991,1.4991,27200.0,27200.0,18218.6406,146608.0,146608.0,0
206,920489.BJ,20230616,4.54,0.1659,0.1659,0.21,10.2742,11.2444,1.2313,1.092,1.1198,,,13645.92,8418.3902,8418.3902,61952.4768,38219.4915,0
207,001278.SZ,20230616,22.58,10.9309,10.9309,0.81,25.2742,25.3754,2.3048,1.5008,1.4981,,0.3937,12373.34,3093.34,3093.34,279390.0172,69847.6172,0
208,300797.SZ,20230616,17.8,0.4827,1.7695,0.97,39.9663,41.814,4.729,5.5798,5.3721,0.5564,,25561.0,24820.0,6771.0227,454985.8,441796.0,0
209,600537.SH,20230616,7.1,6.323,8.0704,1.0,66.6395,31.9221,3.2521,0.845,0.7857,0.0,,119285.9268,117635.9268,92166.3054,846930.0803,835215.0803,0
210,301333.SZ,20230616,90.61,0.8647,0.8647,0.79,47.8607,47.0158,3.3623,8.5277,8.6541,0.0,,6000.0,1500.0,1500.0,543660.0,135915.0,0
211,688368.SH,20230616,150.0,2.669,7.1769,1.07,,,6.3271,8.7415,9.0497,,,6290.378,6290.378,2339.2795,943556.7,943556.7,0
212,301200.SZ,20230616,39.27,1.3167,1.3167,1.01,37.9432,54.2111,3.3388,5.9198,7.6279,1.0186,5.0929,42000.0,4200.0,4200.0,1649340.0,164934.0,0
213,002372.SZ,20230616,21.47,0.5076,1.2635,0.93,26.3448,25.2463,7.507,4.9157,4.9942,2.7947,2.7946,159207.7988,145356.85,58395.6269,3418191.4402,3120811.5695,0
214,300002.SZ,20230616,13.73,8.7338,8.9455,0.86,49.6888,40.9864,5.3454,5.6025,5.3557,0.1821,0.1821,196109.1984,181919.4037,177614.6264,2692579.294,2497753.4128,0
215,002063.SZ,20230616,9.36,2.8851,3.7882,2.31,46.0559,46.0032,4.6964,6.9936,6.7092,0.4452,0.4452,158758.0,146157.7121,111311.1592,1485974.88,1368036.1853,0
216,300311.SZ,20230616,6.44,3.7142,4.195,1.15,,,5.7038,5.9461,6.0334,0.0,,67363.015,53740.9093,47582.1917,433817.8166,346091.4559,0
217,003009.SZ,20230616,52.78,8.8365,8.8365,1.39,56.842,61.4734,5.4297,6.637,6.7964,0.1497,0.1497,15539.2977,4401.3683,4401.3683,820164.1326,232304.2189,0
218,002689.SZ,20230616,4.48,5.9738,12.1227,1.76,,,4.1821,4.7296,4.5839,0.0,,104331.0725,104079.6524,51288.2554,467403.2048,466276.8428,0
219,600578.SH,20230616,3.55,0.2412,0.8962,0.57,29.5851,25.8967,1.1129,0.7795,0.7609,0.0,,669378.3384,669378.3384,180159.9142,2376293.1013,2376293.1013,0
220,300685.SZ,20230616,25.38,0.4481,0.6792,1.71,38.3146,37.7842,6.7841,11.9989,12.156,0.5026,0.5462,39815.6535,39754.9036,26227.6451,1010521.2858,1008979.4534,0
221,600621.SH,20230616,10.92,0.5039,1.1788,1.13,32.8975,32.3293,1.5407,109.6343,140.8405,1.2821,1.2821,106089.9292,106089.9292,45346.5504,1158502.0269,1158502.0269,0
222,688090.SH,20230616,34.55,2.984,5.5306,1.15,,,2.6508,2.3136,2.3816,,,6736.0588,6720.8519,3626.2493,232730.8315,232205.4331,0
223,300404.SZ,20230616,10.55,4.8682,5.5224,0.73,140.8977,144.68,4.459,9.2016,8.61,0.1349,,36953.3143,27018.9244,23818.1397,389857.4659,285049.6524,0
224,601155.SH,20230616,15.06,1.0547,3.2155,1.26,24.3714,22.014,0.5616,0.2942,0.3005,0.0,,225562.2856,225562.2856,73982.2856,3396968.0211,3396968.0211,0
225,603366.SH,20230616,5.67,0.5135,1.3164,0.76,17.9605,15.0438,1.2399,1.1942,1.128,1.3791,,82086.9546,80613.9761,31444.2455,465433.0326,457081.2445,0
226,300480.SZ,20230616,23.6,1.4901,1.7593,0.72,126.7933,123.5126,5.8491,13.4959,13.0088,0.3251,,35140.7639,24536.2818,20782.7523,829322.028,579056.2505,0
227,603616.SH,20230616,5.24,1.1356,1.7892,0.91,,,2.8094,3.5855,3.5606,0.3962,0.3962,38136.8,38136.8,24206.68,199836.832,199836.832,0
228,688789.SH,20230616,87.75,1.3281,1.7625,1.32,43.4882,45.1367,3.9671,11.8143,11.7208,,,12043.7136,5946.9946,4481.3121,1056835.8684,521848.7762,0
229,002087.SZ,20230616,1.79,2.6166,3.7428,1.21,,,2.0759,0.4249,0.429,0.4469,0.4469,81679.4335,81563.8642,57020.321,146206.186,145999.3169,0
230,301259.SZ,20230616,13.83,1.0532,1.3793,0.85,29.1498,29.4529,2.3756,4.5343,4.6427,1.6686,1.8355,15600.0,7444.125,5684.25,215748.0,102952.2488,0
231,300452.SZ,20230616,17.7,1.5256,1.9695,0.79,31.7496,28.3741,5.814,5.8904,5.4545,1.3041,1.4124,23446.0291,18642.7426,14440.9003,414994.7151,329976.544,0
232,000571.SZ,20230616,2.64,4.7415,6.0474,2.04,,,5.905,1.6321,1.6998,0.0,,81406.4,81403.46,63824.2568,214912.896,214905.1344,0
233,600581.SH,20230616,4.27,2.3567,4.7156,2.36,,,2.6859,0.2879,0.3022,0.0,,155378.887,153289.787,76610.8606,663467.8475,654547.3905,0
234,000721.SZ,20230616,13.99,14.1714,18.7857,0.83,,,15.8366,16.5629,14.6986,0.0,,57391.4308,43594.642,32886.517,802906.1169,609889.0416,0
235,002165.SZ,20230616,3.94,1.0697,1.3392,1.33,,,1.4601,1.1501,1.2239,0.7614,1.7766,73526.9837,72706.9596,58078.8017,289696.3158,286465.4208,0
236,300842.SZ,20230616,73.08,8.6058,11.5712,0.89,,144.745,7.226,1.945,1.5869,0.0,,10025.0,6976.1174,5188.33,732627.0,509814.6596,0
237,000961.SZ,20230616,1.56,5.2792,9.7417,1.61,,,0.4322,0.1011,0.0956,0.0,,382655.8901,381112.4873,206530.3134,596943.1886,594535.4802,0
238,002263.SZ,20230616,2.54,0.3737,0.5184,0.95,70.4508,113.1105,1.7521,3.0116,3.1728,0.0,,187836.01,187834.51,135418.708,477103.4654,477099.6554,0
239,603885.SH,20230616,16.03,0.5628,1.4453,1.01,,,3.793,4.3227,3.4911,0.0,,221400.5268,221400.5268,86215.4588,3549050.4446,3549050.4446,0
240,603511.SH,20230616,16.35,2.0374,2.0374,1.13,31.8918,32.3132,1.5168,1.9816,1.9892,1.5291,4.5872,40001.0,5443.7828,5443.7828,654016.35,89005.8488,0
241,300676.SZ,20230616,58.32,0.6729,1.2394,0.98,30.0645,46.9771,2.497,3.4259,3.6743,0.5943,2.309,41391.4325,41092.3775,22310.9153,2413948.3434,2396507.4558,0
242,000607.SZ,20230616,6.07,2.6704,4.8428,0.95,72.8738,70.8593,3.9395,3.4186,3.498,0.0,,101769.841,88491.7794,48795.8783,617742.9349,537145.101,0
243,002870.SZ,20230616,33.11,2.4671,3.4278,0.63,50.6974,45.7509,2.793,0.9079,0.8856,0.0,0.453,13207.5636,11028.658,7937.6436,437302.4308,365158.8664,0
244,600501.SH,20230616,15.92,8.1605,15.3553,2.96,90.8282,92.4354,3.0682,1.6588,1.657,0.0,,43192.86,42128.36,22388.9828,687630.3312,670683.4912,0
245,300579.SZ,20230616,33.06,2.7868,6.0725,1.25,88.0564,87.1358,9.5851,8.119,7.9538,0.2017,0.1059,27000.0,26187.0939,12017.9254,892620.0,865745.3243,0
246,300080.SZ,20230616,5.19,0.8659,1.5875,1.03,23.391,22.4501,1.9356,1.0044,1.0013,0.0,,217614.9426,122180.2397,66645.2232,1129421.5521,634115.444,0
247,002990.SZ,20230616,39.3,1.5442,3.1587,1.07,105.1478,87.3187,4.7207,10.2521,8.8606,0.509,0.2545,25804.175,13247.0425,6476.0425,1014104.0775,520608.7703,0
248,688593.SH,20230616,19.67,13.166,13.166,0.6,83.4153,90.7812,5.7003,21.1683,21.0645,,,45952.9412,6837.4221,6837.4221,903894.3534,134492.0927,0
249,600387.SH,20230616,5.44,0.7397,0.9515,0.91,45.4436,45.6966,0.8137,0.3863,0.4325,0.9559,0.9559,46814.4464,40404.8492,31411.4405,254670.5884,219802.3796,0
250,300326.SZ,20230616,6.69,0.5391,0.5796,0.58,,,1.7126,4.1138,4.1971,0.7506,0.7506,71702.6333,71670.7463,66660.7463,479690.6168,479477.2927,0
251,002589.SZ,20230616,3.44,0.7262,0.8338,0.82,,,0.952,0.4204,0.503,0.2563,0.2563,150471.0471,115812.8679,100867.564,517620.402,398396.2656,0
252,002945.SZ,20230616,13.57,0.168,1.6796,0.83,78.8493,96.6067,5.7298,26.2141,27.9178,0.3979,0.3832,270000.0,270000.0,27000.0,3663900.0,3663900.0,0
253,600328.SH,20230616,9.08,1.6703,1.9943,0.77,7.1737,7.6183,1.1982,0.7362,0.7238,3.3662,4.185,147261.0913,93762.8254,78531.6931,1337130.709,851366.4546,0
254,600970.SH,20230616,13.12,1.9852,3.3066,2.0,15.8004,14.8645,2.0626,0.893,0.8645,1.5031,2.2866,264231.7423,174259.8393,104620.3565,3466720.459,2286289.0916,0
255,002892.SZ,20230616,11.59,19.0131,23.1078,1.99,70.2712,50.1276,4.027,4.3498,4.3409,1.1365,1.0477,44414.9505,27551.6873,22669.4847,514769.2763,319324.0558,0
256,000400.SZ,20230616,22.73,1.5911,2.5793,1.34,30.188,28.3655,2.239,1.5364,1.4587,0.4399,0.4399,100832.7309,100826.984,62198.3386,2291927.9734,2291797.3463,0
257,603359.SH,20230616,10.58,0.5432,1.0458,0.54,135.681,,1.299,3.8,4.8565,0.4726,0.4726,44609.6,44609.6,23170.3948,471969.568,471969.568,0
258,301028.SZ,20230616,11.02,6.3233,6.3233,3.5,26.1331,27.503,3.5865,5.2531,5.2104,1.8149,1.3612,37891.2,10809.32,10809.32,417561.024,119118.7064,0
259,002148.SZ,20230616,6.25,2.2816,2.4435,1.11,205.8728,294.6287,2.9421,14.9331,14.3156,0.4817,0.6417,55894.403,45142.4692,42152.1295,349340.0188,282140.4325,0
260,300220.SZ,20230616,6.46,1.128,2.2463,1.04,,,10.8176,3.7128,3.8292,0.0,,15120.0,15101.9348,7583.31,97675.2,97558.4988,0
261,300655.SZ,20230616,20.24,3.1383,3.8493,1.17,72.5821,79.4071,6.2797,6.7917,7.4546,0.2873,,58582.1957,55432.1021,45193.4298,1185703.641,1121945.7465,0
262,300013.SZ,20230616,4.06,1.7836,2.0373,0.5,,,174.8384,2.7218,3.2651,0.0,,44668.7115,44601.2115,39047.3154,181354.9687,181080.9187,0
263,688059.SH,20230616,80.84,1.1003,1.2153,0.51,30.0179,33.1307,5.0458,8.2785,8.066,,,6161.1334,3537.8134,3203.0388,498066.0241,285996.8353,0
264,688385.SH,20230616,56.5,1.5761,1.895,1.1,42.8485,44.7026,9.7156,13.0382,12.9157,,,81665.65,30997.65,25780.923,4614109.225,1751367.225,0
265,002481.SZ,20230616,4.61,0.5561,0.9605,0.62,,,2.4773,2.3883,2.3157,0.0,,123369.65,109953.56,63656.9396,568734.0865,506885.9116,0
266,603866.SH,20230616,10.67,0.3167,0.7295,0.72,26.6679,27.4925,3.6808,2.5528,2.5437,3.3472,3.124,159971.9155,159971.9155,69457.5493,1706900.3384,1706900.3384,0
267,920837.BJ,20230616,3.96,2.5558,2.5558,1.37,15.6279,15.6279,1.3449,1.1907,1.1907,,,15171.2787,4173.2787,4173.2787,60078.2637,16526.1837,0
268,002678.SZ,20230616,6.0,0.1254,0.7575,0.73,66.275,80.9429,2.1862,4.9202,5.2647,0.7151,,136137.4323,135757.4448,22480.9325,816824.5938,814544.6688,0
269,603233.SH,20230616,28.84,0.376,0.9591,0.45,31.713,28.6051,5.5164,1.5458,1.4586,1.204,1.7337,113890.2078,113731.9547,44589.1908,3284593.593,3280029.5735,0
270,300827.SZ,20230616,33.68,6.0015,8.735,2.38,146.9793,117.5722,8.4613,5.1264,4.3743,0.1101,0.1982,35594.8624,25856.3746,17765.043,1198834.9656,870842.6965,0
271,688455.SH,20230616,14.34,1.7738,1.7738,0.81,29.127,33.7224,2.0466,1.5535,1.6817,,,18084.9167,4031.4479,4031.4479,259337.7055,57810.9629,0
272,300912.SZ,20230616,19.83,8.2692,8.2692,0.65,,,2.8743,3.674,3.3221,0.0,,11502.2,6159.2925,6159.2925,228088.626,122138.7703,0
273,688355.SH,20230616,28.5,4.109,4.1202,1.78,95.4146,110.5939,3.2695,5.7662,6.3062,,,12395.6072,3918.3356,3907.6756,353274.8052,111672.5646,0
274,600019.SH,20230616,5.82,0.2732,0.7406,1.0,10.6316,12.5795,0.6668,0.3523,0.3595,7.3533,9.0656,2226220.0234,2185791.8984,806235.1157,12956600.5362,12721308.8487,0
275,603507.SH,20230616,37.68,5.7574,7.9108,2.71,56.7867,43.5385,2.3401,1.8505,1.5763,0.6779,0.6779,14262.55,14203.0934,10336.9194,537412.884,535172.5593,0
276,600886.SH,20230616,12.02,0.4369,1.308,1.75,21.964,19.2458,1.7754,1.7746,1.7001,1.3602,1.3602,745417.9797,696587.3347,232683.3436,8959924.116,8372979.7631,0
277,688171.SH,20230616,24.07,2.2258,2.2258,0.77,52.2711,62.5817,2.4194,14.4586,14.1949,,,8377.34,3351.3147,3351.3147,201642.5738,80666.1448,0
278,002666.SZ,20230616,4.89,1.3349,1.7198,0.85,90.0578,110.2513,1.0924,0.7556,0.7368,0.0,,75432.9268,44957.2318,34896.7952,368867.0121,219840.8635,0
279,000409.SZ,20230616,9.83,7.7999,8.7453,1.11,260.2259,142.0874,4.6254,5.9842,5.4384,0.0,,66421.0505,42337.6995,37760.8305,652918.9264,416179.5861,0
280,600395.SH,20230616,6.97,0.449,0.8129,0.39,6.8193,7.245,1.2371,1.2634,1.2639,5.7389,5.7389,214662.4894,214662.4894,118557.4294,1496197.5511,1496197.5511,0
281,300906.SZ,20230616,24.72,5.8147,5.8147,2.71,64.6007,63.6911,2.4137,17.3535,18.6739,1.2136,2.0227,8000.0,3223.0251,3223.0251,197760.0,79673.1805,0
282,601890.SH,20230616,10.72,4.5516,7.0232,2.56,69.0153,56.6894,3.1024,6.782,6.2271,0.3731,,95940.0,95940.0,62177.4032,1028476.8,1028476.8,0
283,300535.SZ,20230616,14.17,1.4,2.0456,1.57,,,1.642,2.9108,2.8576,0.704,0.704,10484.2913,8786.9119,6013.7758,148562.4077,124510.5416,0
284,000533.SZ,20230616,4.21,0.9722,1.5947,0.7,92.3324,77.8514,4.0213,1.6396,1.6068,0.0,,69081.6,68490.24,41752.8232,290833.536,288343.9104,0
285,003031.SZ,20230616,135.2,4.1151,5.4702,1.07,190.1433,189.5133,21.881,21.6612,21.0667,0.0792,,20906.6666,6947.8518,5226.6666,2826581.3243,939349.5634,0
286,002009.SZ,20230616,14.29,2.3741,3.3056,0.65,27.4102,,2.8598,1.2503,1.309,0.2092,,38071.9434,37209.1309,26723.682,544048.0712,531718.4806,0
287,600106.SH,20230616,4.74,0.5333,0.724,0.68,31.0475,28.534,1.3785,51.9234,52.4603,1.2236,1.2236,132902.5062,132902.5062,97899.6158,629957.8794,629957.8794,0
288,000586.SZ,20230616,14.95,4.7974,7.9661,0.73,158.8584,148.6581,9.084,6.4797,6.0993,0.0,,19344.0,19344.0,11649.4369,289192.8,289192.8,0
289,688013.SH,20230616,24.1,1.8209,2.0631,1.29,45.2794,41.0664,3.731,8.4292,8.1199,,,8115.56,3928.76,3467.421,195584.996,94683.116,0
290,601800.SH,20230616,11.15,1.0111,5.0062,2.8,9.4923,9.2555,0.7248,0.2518,0.2502,1.8119,1.8119,1626366.1425,1174723.5425,237261.8821,18133982.4889,13098167.4989,0
291,603568.SH,20230616,17.2,0.1204,0.3883,0.79,17.6268,17.1697,3.0053,6.5541,6.1478,0.5814,0.5814,169421.355,169421.355,52509.8325,2914047.306,2914047.306,0
292,688425.SH,20230616,5.38,3.3329,3.3329,2.53,15.5596,15.233,1.8039,2.8406,2.7775,,,533349.7,144311.3795,144311.3795,2869421.386,776395.2217,0
293,688428.SH,20230616,12.18,4.5272,4.5272,3.01,,,2.8565,34.3609,30.8902,,,176432.1452,24229.3541,24229.3541,2148943.5285,295113.5329,0
294,002273.SZ,20230616,12.25,1.1082,1.2969,0.71,29.5663,30.7019,2.115,3.8933,3.9562,1.6153,1.6223,139063.2221,135511.2517,115795.4503,1703524.4707,1660012.8333,0
295,600487.SH,20230616,15.48,5.2273,7.2228,1.59,24.1137,23.3613,1.6044,0.8218,0.7959,0.4256,0.4256,246673.4657,246673.4657,178521.0299,3818505.249,3818505.249,0
296,002881.SZ,20230616,35.45,3.0133,7.9248,0.73,72.424,76.2879,6.5659,4.015,3.9423,0.268,0.2796,26116.6984,16135.0471,6135.2391,925836.9583,571987.4197,0
297,301092.SZ,20230616,26.4,2.0735,2.4592,1.06,19.7947,19.6993,2.0464,5.2068,5.2949,0.4545,0.4545,13333.3334,4253.1734,3586.0834,352000.0018,112283.7778,0
298,920720.BJ,20230616,5.75,0.2223,0.2223,0.67,17.9281,19.5553,2.647,2.7253,2.8026,,,18970.24,5051.7278,5051.7278,109078.88,29047.4349,0
299,600673.SH,20230616,7.13,0.2175,0.4495,0.83,17.2835,21.0447,2.0835,1.8368,1.857,3.6549,3.6549,301387.4259,299726.4327,145023.8109,2148892.3467,2137049.4652,0
300,688733.SH,20230616,30.05,0.7981,0.8604,1.06,40.8678,51.7447,2.6741,9.9559,10.7859,,,19977.519,14160.6494,13135.6494,600324.446,425527.5145,0
301,300143.SZ,20230616,10.82,0.9865,1.4315,1.23,,,5.2754,6.0093,5.5581,0.0,,64216.701,54583.8889,37617.085,694824.7048,590597.6779,0
302,002298.SZ,20230616,6.61,2.5421,2.6385,1.14,,,1.1703,2.0257,2.3005,0.0,,74011.0901,61163.8466,58928.1164,489213.3056,404293.026,0
303,300292.SZ,20230616,4.16,3.8709,4.14,0.76,275.7085,107.2074,4.3505,1.5475,1.6257,0.0,,134176.4974,111594.4813,104339.9501,558174.2292,464233.0422,0
304,688258.SH,20230616,81.92,3.3303,6.3277,1.22,139.6624,170.8108,7.3445,25.2585,24.1649,,,8695.6591,8695.6591,4576.6405,712348.3935,712348.3935,0
305,688073.SH,20230616,76.32,4.4128,4.4128,1.83,47.5177,44.0475,3.4543,8.3184,7.6287,,,9088.2948,1953.9836,1953.9836,693618.6591,149128.0284,0
306,300855.SZ,20230616,33.86,0.8124,0.9078,0.45,52.5017,44.9053,8.526,12.9579,11.619,0.301,0.2272,39507.975,22086.9188,19764.9562,1337740.0335,747863.0706,0
307,301215.SZ,20230616,6.33,2.2699,4.5768,0.6,58.8403,54.1978,3.0351,25.7788,24.8941,0.3633,,132240.0,76740.0,38060.0,837079.2,485764.2,0
308,002839.SZ,20230616,4.28,0.4262,0.5653,0.81,5.5208,5.2837,0.6984,1.9236,1.9267,3.1152,4.6729,216964.9764,207129.2038,156143.8751,928610.099,886512.9923,0
309,000949.SZ,20230616,3.22,0.3283,0.556,0.82,,,0.8577,0.6492,0.6789,3.1056,,146672.7778,140326.805,82851.1126,472286.3445,451852.3121,0
310,002380.SZ,20230616,21.57,19.6361,25.0616,4.22,,,2.9819,4.4845,4.3556,0.1816,0.1816,23999.1649,14150.439,11087.029,517661.9869,305224.9692,0
311,603013.SH,20230616,15.18,0.7599,3.6544,0.69,15.533,15.6274,1.992,0.9216,0.9322,4.6236,4.6236,51263.4266,51133.25,10633.25,778178.8158,776202.735,0
312,603268.SH,20230616,25.24,5.9634,14.0095,1.0,,,,11.5721,12.1394,0.0,,12416.88,12416.88,5285.48,313402.0512,313402.0512,0
313,603739.SH,20230616,13.19,0.2517,0.6074,1.23,47.7121,53.4702,2.0372,2.8649,2.9237,1.2104,0.7582,25263.8866,25263.8866,10468.0426,333230.6643,333230.6643,0
314,301178.SZ,20230616,33.32,4.4348,4.9071,0.8,55.5494,62.3906,2.6284,5.0036,4.9578,0.8575,,6595.68,4359.8856,3940.2197,219768.0576,145271.3882,0
315,002446.SZ,20230616,9.15,3.0261,3.1085,1.21,34.2995,32.7963,2.6049,5.8737,6.0203,0.0,,91336.7377,84381.7419,82144.6276,835731.15,772092.9384,0
316,600515.SH,20230616,4.23,0.2841,0.4174,1.15,26.035,23.999,2.1307,10.2813,10.13,0.0,,1142530.9602,917601.2508,624487.2051,4832905.9616,3881453.2909,0
317,300148.SZ,20230616,6.45,27.5768,31.9424,1.26,,,5.151,8.8934,9.2114,0.0,,83533.9343,77544.2922,66946.3605,538793.8762,500160.6847,0
318,603878.SH,20230616,7.9,0.7399,1.2186,1.45,20.6015,17.3501,1.7728,1.566,1.4154,2.4412,5.877,56106.2387,56106.2387,34067.6813,443239.2857,443239.2857,0
319,002443.SZ,20230616,6.54,1.5107,1.9195,1.37,14.4616,13.6146,1.0772,0.5591,0.5702,6.1162,,52053.552,51914.4043,40858.4764,340430.2301,339520.2041,0
320,301141.SZ,20230616,39.71,8.3627,8.3627,0.74,39.3602,47.502,2.8531,5.6811,6.0743,,0.5037,8859.4718,2027.1534,2027.1534,351809.6252,80498.2615,0
321,300886.SZ,20230616,23.23,1.0466,1.1987,0.75,83.331,111.5505,3.2157,6.7962,6.552,0.2152,0.4305,7455.5,3314.415,2894.04,173191.265,76993.8605,0
322,600050.SH,20230616,5.07,0.4659,0.8985,0.57,22.0904,21.4019,1.0284,0.4543,0.444,1.9911,1.9911,3180443.6237,3096565.2312,1605562.2163,16124849.1722,15699585.7222,0
323,300149.SZ,20230616,8.08,0.5972,0.897,0.74,10.6666,11.858,1.735,3.0441,3.3403,0.0,,49977.6892,49890.9292,33214.5928,403819.7287,403118.7079,0
324,002197.SZ,20230616,11.47,4.6273,5.1574,0.75,,,2.7729,5.7531,5.6644,0.0,,61436.2928,53431.1562,47939.6608,704674.2784,612855.3616,0
325,000606.SZ,20230616,0.23,2.6906,3.8408,0.54,2.619,2.1851,3.5161,2.8201,3.2907,0.0,,76579.9353,76579.9353,53647.5858,17613.3851,17613.3851,1
326,688270.SH,20230616,62.81,2.2456,2.2456,0.9,89.146,88.8792,4.6549,39.5881,37.9698,,,15289.4,8664.1075,8664.1075,960327.214,544192.5921,0
327,300093.SZ,20230616,26.82,2.6079,3.4715,1.77,,,,11.0978,9.2694,0.0,,21600.0,21532.9725,16175.9699,579312.0,577514.3225,0
328,600026.SH,20230616,13.44,1.3979,3.6843,0.74,43.9977,25.3617,1.9611,3.4366,3.081,0.0,,477077.6395,347477.6395,131842.5605,6411923.4749,4670099.4749,0
329,002145.SZ,20230616,6.25,0.4819,0.6606,1.09,37.6162,54.1014,1.9699,4.4139,4.631,0.6791,,387102.6315,230728.6836,168306.1836,2419391.4469,1442054.2725,0
330,300310.SZ,20230616,5.03,13.8286,14.8191,1.98,224.4072,225.7181,2.4243,1.7112,1.7494,0.0,,88165.8531,69172.9196,64549.3532,443474.2411,347939.7856,0
331,600338.SH,20230616,18.33,1.1789,1.5653,1.22,41.1822,50.8128,4.9288,8.4951,8.5724,0.0,,91421.0168,91421.0168,68850.3236,1675747.2379,1675747.2379,0
332,300255.SZ,20230616,5.12,0.6715,1.309,0.87,273.3343,,1.5634,2.049,2.1144,0.4992,,93496.6878,93231.0121,47827.0085,478703.0415,477342.782,0
333,002116.SZ,20230616,12.43,5.0524,11.9033,2.51,25.7026,24.2103,3.2772,0.9306,0.9134,1.1243,2.6159,42822.0696,41640.4414,17674.5119,532278.3251,517590.6866,1
334,000959.SZ,20230616,3.6,0.1194,0.55,0.89,25.0338,2311.4716,0.5809,0.2383,0.2448,2.2222,2.2222,781986.917,601330.5341,130589.0145,2815152.9012,2164789.9228,0
335,000027.SZ,20230616,6.36,0.3236,1.2459,0.89,13.7619,13.0709,1.0718,0.8063,0.7994,2.7516,4.9528,475738.9916,475738.9916,123575.0955,3025699.9866,3025699.9866,0
336,688685.SH,20230616,19.29,1.2361,1.4342,0.8,50.8059,56.1731,3.0104,6.66,6.5034,,,11186.6667,5661.6667,4879.4667,215790.8006,109213.5506,0
337,688191.SH,20230616,18.9,10.7032,30.5782,1.36,103.6469,392.9855,3.5893,4.3225,4.5546,,,15351.2547,7316.4547,2560.9655,290138.7138,138280.9938,0
338,603976.SH,20230616,19.12,0.2829,0.983,0.52,44.638,55.7437,2.4649,3.631,3.6268,1.6109,1.6109,15120.1996,15120.1996,4351.9754,289098.2164,289098.2164,0
339,688063.SH,20230616,208.98,5.5456,5.5456,1.64,28.8376,22.4713,3.7248,6.1037,5.2137,,,17562.6333,8373.4112,8373.4112,3670239.107,1749875.4726,0
340,002217.SZ,20230616,3.57,3.8919,5.7466,0.8,,,2.2049,0.9343,1.0757,0.0,,311641.622,311301.4355,210830.6729,1112560.5905,1111346.1247,0
341,920689.BJ,20230616,7.9,0.1064,0.1258,0.7,11.5416,10.8338,1.45,1.3745,1.3519,,,7340.0,3561.1609,3011.747,57986.0,28133.1711,0
342,000532.SZ,20230616,11.15,0.6679,1.3187,1.46,26.8284,26.7039,2.9771,5.8927,6.2014,0.5381,0.5381,34470.834,34354.9746,17401.3421,384349.7991,383057.9668,0
343,002326.SZ,20230616,15.2,1.7633,2.3439,0.64,24.0533,70.3292,3.9581,2.1028,2.3772,0.6579,0.6579,87656.6295,64731.6201,48696.6601,1332380.7684,983920.6255,0
344,002740.SZ,20230616,2.7,2.1774,2.6475,0.85,,,,3.3451,3.638,0.0,,45406.1077,40497.329,33306.2683,122596.4908,109342.7883,0
345,002808.SZ,20230616,6.41,8.2764,10.831,0.97,,,4.4523,10.3893,10.6066,0.0,,26880.0,17158.4599,13111.5351,172300.8,109985.728,0
346,603903.SH,20230616,8.99,0.7405,1.2655,1.21,19.0793,22.4789,1.3792,1.599,1.5869,2.1468,2.1468,25531.948,20230.3752,11837.4721,229532.2125,181871.073,0
347,300086.SZ,20230616,6.04,1.4329,2.0603,1.06,,,2.0412,5.0733,4.527,0.0,,45000.0,43566.3111,30299.246,271800.0,263140.519,0
348,600298.SH,20230616,37.2,0.8801,1.4265,1.0,24.4626,23.7459,3.5142,2.5165,2.447,1.2882,1.3441,86883.2879,86339.5279,53268.7534,3232058.3099,3211830.4379,0
349,600509.SH,20230616,7.61,3.0703,5.2131,1.07,,58.9654,1.5038,1.0761,1.0487,0.0,,115141.5017,115141.5017,67813.9277,876226.8279,876226.8279,0
350,002224.SZ,20230616,4.77,1.1781,1.6843,0.59,52.0648,43.9282,1.439,4.0254,3.8915,0.4092,1.4321,72959.6647,48519.3192,33937.2207,348017.6006,231437.1526,0
351,002613.SZ,20230616,4.63,1.1578,1.6804,1.07,122.1299,85.7402,2.6189,2.9001,2.9208,0.0,,93717.0,58048.5714,39995.424,433909.71,268764.8856,0
352,300711.SZ,20230616,16.96,11.1424,33.4267,1.05,86.57,81.3492,6.5685,11.0234,10.8647,0.5405,0.3931,24917.0606,24791.8425,8264.086,422593.3478,420469.6488,0
353,003007.SZ,20230616,26.7,6.1323,6.1323,0.88,72.0699,68.1598,3.5389,5.652,5.6709,0.0,0.3667,10400.0,3850.4444,3850.4444,277680.0,102806.8655,0
354,603337.SH,20230616,18.19,0.2628,0.728,0.82,17.9108,21.2916,2.0226,1.607,1.7241,1.627,,48603.9976,48173.9391,17389.0471,884106.7163,876283.9522,0
355,300243.SZ,20230616,8.54,0.7363,0.8536,1.19,32.8901,42.398,2.2284,1.0979,1.1549,1.3864,1.3864,23546.3305,18886.9486,16292.0197,201085.6625,161294.541,0
356,688106.SH,20230616,25.48,0.9647,1.7564,1.45,54.1446,49.4922,4.4689,6.3068,6.0827,,,48688.2468,48688.2468,26742.311,1240576.5285,1240576.5285,0
357,920300.BJ,20230616,7.26,1.323,1.4947,0.48,26.5412,31.1542,2.0687,3.3185,3.2863,,,8584.7126,5222.8109,4622.8109,62325.0135,37917.6071,0
358,000426.SZ,20230616,9.37,1.0448,1.5394,0.57,98.9905,135.3592,3.0909,8.2528,8.4872,0.0,,183719.2219,147504.2242,100113.9183,1721449.1092,1382114.5808,0
359,688235.SH,20230616,117.42,5.3493,5.3493,1.56,,,5.5892,16.7089,14.9597,,,136130.1341,11045.3048,11045.3048,15984400.346,1296939.6896,0
360,002085.SZ,20230616,6.77,1.2579,2.0496,0.95,17.9207,16.9261,2.3803,0.885,0.8785,0.0,1.4292,214156.7428,214156.7428,131434.4121,1449841.1488,1449841.1488,0
361,600600.SH,20230616,105.92,0.8078,1.9163,0.82,38.9421,35.8058,5.3499,4.4915,4.2917,1.0387,1.0387,136423.279,70036.9712,29523.7657,14449953.7117,7418315.9895,0
362,000568.SZ,20230616,232.6,0.4316,0.881,0.72,33.0315,30.5636,9.0304,13.628,12.9584,1.3943,1.3943,147198.7769,146450.4555,71744.5024,34238435.5069,34064375.9493,0
363,605388.SH,20230616,13.24,1.343,1.343,0.89,74.2934,69.1978,2.9931,5.7734,4.8098,1.6616,0.7553,43000.0,14085.8283,14085.8283,569320.0,186496.3667,0
364,605255.SH,20230616,15.65,2.5624,2.5624,0.83,82.085,85.895,2.4664,6.3698,6.2284,2.8435,,13408.0,3352.0,3352.0,209835.2,52458.8,0
365,603618.SH,20230616,6.17,1.8738,4.2439,0.8,29.8489,30.5423,1.6247,0.5238,0.5407,0.8104,0.8104,69105.7163,69105.7163,30511.7404,426382.2696,426382.2696,0
366,600790.SH,20230616,4.42,0.4241,0.6814,0.68,5.4589,5.4772,1.0592,7.8992,7.6477,3.3937,3.3937,146579.0928,146579.0928,91242.828,647879.5902,647879.5902,0
367,603817.SH,20230616,6.18,0.5604,1.1218,0.91,22.3216,22.2727,1.3092,3.1611,3.152,0.8997,,53434.7631,51751.5948,25854.536,330226.836,319824.8559,0
368,002620.SZ,20230616,5.13,1.5436,2.1896,1.18,201.2938,1838.1441,3.1145,0.9009,0.9775,0.0,,37749.4,31469.4056,22184.75,193654.422,161438.0507,0
369,603228.SH,20230616,26.16,2.132,7.0551,0.66,20.795,20.118,2.9348,2.1081,2.1135,1.1472,3.0585,84725.0555,84187.2385,25441.0155,2216407.4519,2202338.1592,0
370,600100.SH,20230616,9.38,6.4562,8.1724,1.05,,564.257,2.0714,1.3226,1.2999,0.0,,335029.7713,296389.8951,234148.0171,3142579.2548,2780137.216,0
371,600162.SH,20230616,2.01,0.5073,1.5117,0.72,26.9893,22.412,0.9761,1.085,1.0641,6.4677,6.4677,326843.8122,326843.8122,109676.068,656956.0625,656956.0625,0
372,920195.BJ,20230616,7.52,0.1185,0.1185,0.81,11.3696,9.538,1.1676,1.017,0.9837,,,9803.0,3638.3,3638.3,73718.56,27360.016,0
373,002889.SZ,20230616,21.06,5.1614,12.1985,0.42,26.2513,24.5445,1.9243,1.4374,1.4575,0.5771,0.9652,19296.02,12537.9155,5304.9765,406374.1812,264048.5004,0
374,000012.SZ,20230616,6.12,0.5821,0.5878,0.7,9.2247,9.1675,1.4184,1.2365,1.1401,3.268,3.268,307069.2107,195648.4798,193750.1351,1879263.5695,1197368.6964,0
375,301121.SZ,20230616,51.91,13.7217,13.7217,0.8,87.8537,215.1802,2.2608,3.9854,3.9722,0.0,,7080.3184,1770.08,1770.08,367539.3281,91884.8528,0
376,301056.SZ,20230616,8.82,2.3509,2.3509,0.98,46.81,45.0826,3.1656,3.4708,3.3421,2.2676,0.5669,26678.6667,6669.6667,6669.6667,235305.8403,58826.4603,0
377,600278.SH,20230616,7.62,2.8905,5.6133,0.4,18.2002,18.4678,0.9379,0.1624,0.1652,1.7052,1.7052,88397.3201,67891.426,34960.1312,673587.5792,517332.6661,0
378,601098.SH,20230616,13.23,1.0305,2.9186,0.91,16.9815,16.0911,1.5851,1.9063,1.8668,4.9131,4.9131,179600.0,179600.0,63411.652,2376108.0,2376108.0,0
379,000897.SZ,20230616,1.98,1.3925,1.7609,1.33,12.1674,15.372,1.4799,2.2548,2.3635,0.0,,161727.2234,161724.4634,127893.2294,320219.9023,320214.4375,0
380,600567.SH,20230616,2.27,0.3463,0.5185,0.57,,,0.797,0.2984,0.3132,4.7803,,447056.5176,447056.5176,298599.9217,1014818.295,1014818.295,0
381,920475.BJ,20230616,7.11,0.3909,0.3909,0.73,15.3734,13.2008,2.1293,2.1178,1.8931,,,10296.0,3454.0814,3454.0814,73204.56,24558.5188,0
382,301280.SZ,20230616,35.05,3.7922,3.7922,0.66,31.1048,29.5046,2.1093,3.2811,3.2744,,1.902,9770.01,2210.1167,2210.1167,342438.8505,77464.5903,0
383,920023.BJ,20230616,2.96,0.2474,0.2474,0.95,18.1063,16.8357,0.8214,2.058,1.9266,,,32730.4,20198.34,20198.34,96881.984,59787.0864,0
384,301139.SZ,20230616,29.39,5.1303,5.1303,1.11,28.5066,28.1532,1.9122,1.6929,1.6753,0.0,,12158.08,3040.0,3040.0,357325.9712,89345.6,0
385,301218.SZ,20230616,22.66,3.011,3.514,0.42,69.162,68.2304,2.8698,5.4697,5.8503,0.3678,0.5972,11404.0,5604.0467,4801.8467,258414.64,126987.6982,0
386,920866.BJ,20230616,5.57,0.1292,0.1367,0.76,21.0111,20.4823,1.4129,2.5901,2.5859,,,18020.59,5496.753,5193.7811,100374.6863,30616.9142,0
387,002484.SZ,20230616,21.42,1.7103,2.7845,1.89,27.2787,25.8389,3.6516,3.9892,3.8193,0.5558,0.7003,84210.1491,79225.7546,48660.858,1803781.3937,1697015.6635,0
388,688051.SH,20230616,39.83,1.4163,4.0823,0.66,,,3.0812,11.7881,11.8523,,,7733.4,7733.4,2682.8842,308021.322,308021.322,0
389,601138.SH,20230616,24.06,1.005,5.8006,0.95,23.8081,23.9602,3.6158,0.9337,0.9322,2.0697,2.0697,1986289.3882,1979879.7204,343030.2862,47790122.6801,47635906.0728,0
390,300813.SZ,20230616,28.13,1.7539,2.9859,1.33,38.3646,36.6844,5.2279,8.1768,8.0179,0.51,0.8162,10867.8619,5893.4743,3461.8087,305712.9552,165783.4321,0
391,600238.SH,20230616,11.56,4.5506,6.1733,1.5,,,14.3549,12.4421,16.0152,0.0,,44820.0,44500.158,32802.6218,518119.2,514421.8265,0
392,601975.SH,20230616,3.16,1.6402,2.2772,0.81,10.6952,8.8313,1.9713,2.4479,2.2593,0.0,,485278.3848,485278.3848,349535.8087,1533479.696,1533479.696,0
393,300618.SZ,20230616,32.95,0.8516,1.0751,0.55,48.029,180.4472,2.0413,2.0055,2.1965,1.305,0.4552,30961.7139,27261.2906,21592.6027,1020188.473,898259.5253,0
394,002671.SZ,20230616,4.24,0.9192,1.2815,0.89,,,1.5357,2.4071,2.2646,0.0,,56572.5368,45987.2168,32983.85,239867.556,194985.7992,0
395,000923.SZ,20230616,14.04,1.0972,1.7132,0.91,13.7542,16.1625,1.0612,1.8136,1.9848,2.1368,,65272.8961,62789.3854,40211.3555,916431.4612,881562.971,0
396,002427.SZ,20230616,8.18,0.9858,1.7936,1.37,15.5831,11.7588,7.7502,3.294,3.3607,0.0,,98543.2777,98386.7711,54076.155,806084.0116,804803.7876,0
397,601799.SH,20230616,115.5,0.4059,0.8882,0.9,35.049,37.6888,3.9364,4.0005,4.1049,0.9524,0.9469,28567.9419,28567.9419,13056.7792,3299597.2895,3299597.2895,0
398,300357.SZ,20230616,33.48,1.8165,3.3658,2.1,50.2607,53.5228,8.551,19.5639,19.8846,0.6004,,52358.4,46964.5205,25346.7808,1752959.232,1572372.1463,0
399,002639.SZ,20230616,7.8,1.5474,1.6457,0.96,,,2.4285,3.0652,3.0223,0.0,,77260.2178,65058.5406,61172.2399,602629.6988,507456.6167,0
400,688630.SH,20230616,78.01,1.6657,1.8215,0.55,68.9945,62.6488,8.6953,14.4473,13.3712,,,12080.0,6959.251,6364.182,942360.8,542891.1705,0
401,300391.SZ,20230616,7.23,0.7296,0.9284,0.88,,,3.2569,1.5681,2.099,0.0,,35033.6112,34616.5258,27206.0405,253293.009,250277.4815,0
402,002947.SZ,20230616,20.41,1.4686,1.8408,1.07,24.3368,23.5061,2.5663,3.0352,2.964,0.7486,1.4699,23017.1765,15188.3931,12117.2802,469780.5724,309995.1032,0
403,603015.SH,20230616,10.14,4.4732,9.6626,2.39,85.8778,98.6227,3.1412,5.5921,5.9965,0.9862,0.4931,40421.9,40421.9,18712.97,409878.066,409878.066,1
404,301176.SZ,20230616,17.06,2.0138,2.0138,0.73,41.0131,84.2626,1.7327,2.161,2.3127,,,16906.6667,4065.444,4065.444,288427.7339,69356.4746,0
405,301059.SZ,20230616,13.5,2.3553,2.3553,0.61,47.2603,46.8198,5.6765,11.1652,10.3722,0.9747,1.1696,23115.4,6563.6351,6563.6351,312057.9,88609.0739,0
406,600768.SH,20230616,10.33,1.3958,2.2244,1.24,8.0544,7.9394,3.5133,4.558,4.3942,0.0,,13374.72,13374.72,8392.7118,138160.8576,138160.8576,0
407,300051.SZ,20230616,12.41,3.2417,4.3405,1.03,,,18.1155,25.5729,24.8275,0.0,,36569.869,36562.9765,27307.2599,453832.0743,453746.5384,0
408,002028.SZ,20230616,46.77,0.535,0.5913,0.84,29.5167,27.9969,3.831,3.4186,3.2838,0.4253,0.4253,77020.6032,59774.1086,54078.412,3602253.6117,2795635.0592,0
409,002965.SZ,20230616,53.38,6.2782,6.6678,1.2,37.0878,31.2507,3.3894,2.2184,2.0308,0.2032,,17826.8038,11554.5538,10879.5538,951594.7868,616782.0818,0
410,300635.SZ,20230616,13.37,1.6804,1.9734,1.05,,,3.6622,3.0879,3.1452,0.187,,13632.2,11601.1055,9878.5078,182262.514,155106.7805,0
411,300643.SZ,20230616,12.96,4.0265,8.1169,0.56,22.2849,25.7904,3.1767,2.7874,2.855,0.679,0.9105,23000.0,22942.625,11381.0004,298080.0,297336.42,0
412,300207.SZ,20230616,16.23,1.2456,1.6206,1.17,28.4139,37.589,1.5224,0.5795,0.581,0.3981,0.891,186231.9056,172820.0131,132830.8271,3022543.8279,2804868.8126,0
413,601995.SH,20230616,39.9,1.5145,2.1997,1.12,25.3514,23.5046,2.269,7.3832,7.0746,0.7519,0.7519,482725.6868,92962.1281,64004.1081,19260754.9033,3709188.9112,0
414,603019.SH,20230616,55.78,8.0232,10.0709,1.11,52.8828,52.2977,4.845,6.2779,6.2195,0.2867,0.3944,146401.3974,145072.8974,115575.4093,8166269.947,8092166.217,0
415,601288.SH,20230616,3.58,0.0953,0.5247,0.7,4.835,4.82,0.548,1.7285,1.769,5.7765,5.7765,34998303.3873,29928453.8234,5438614.4486,125293926.1265,107143864.6878,0
416,600612.SH,20230616,63.5,0.5752,1.8815,1.07,19.536,16.5286,3.0632,0.5272,0.4805,2.2835,2.2835,52311.7764,31710.963,9693.7837,3321797.8014,2013646.1505,0
417,002248.SZ,20230616,9.18,4.2877,5.1975,0.71,242.0577,229.1779,34.4977,11.0932,10.6826,0.0,,30749.56,30749.56,25366.98,282280.9608,282280.9608,0
418,300376.SZ,20230616,7.19,1.294,3.0243,0.91,45.5733,44.3912,2.5434,3.5293,3.4906,0.4716,0.4716,232750.8476,232421.8614,99444.6186,1673478.5942,1671113.1835,0
419,600686.SH,20230616,8.12,3.5166,7.1685,0.65,,,1.8929,0.3192,0.3056,0.0,,71704.7417,71704.7417,35175.3199,582242.5026,582242.5026,0
420,000623.SZ,20230616,16.37,0.6355,0.8853,1.21,10.6928,8.6266,0.7328,6.6383,6.3071,1.7914,,116310.4805,115931.0753,83223.0004,1904002.5658,1897791.7027,0
421,300045.SZ,20230616,11.29,6.5647,7.4032,0.93,,,4.344,19.4279,22.7896,0.0,,66267.5236,49277.2921,43695.9326,748160.3414,556340.6278,0
422,000518.SZ,20230616,2.6,0.5057,0.8088,1.19,,,4.9729,9.9088,9.6705,0.0,,102955.6222,102953.5693,64362.7693,267684.6177,267679.2802,0
423,600167.SH,20230616,6.75,0.1683,0.5507,0.88,16.3614,16.0489,1.3718,4.4763,4.5912,1.9046,1.9046,228811.9475,228811.9475,69934.1733,1544480.6456,1544480.6456,0
424,603299.SH,20230616,10.04,1.4535,3.9739,0.59,9.7688,10.2205,1.5754,1.3157,1.3106,1.496,3.5857,78220.8869,77011.8869,28167.6029,785337.7045,773199.3445,0
425,002108.SZ,20230616,4.57,0.9031,1.196,0.64,27.2034,25.0339,1.5199,2.6967,2.591,0.9274,2.1882,167269.7766,167172.2766,126232.7341,764422.8791,763977.3041,0
426,300079.SZ,20230616,7.13,6.0742,6.2945,1.26,91.4695,86.3464,2.4363,9.2922,9.2285,0.14,0.14,142900.8862,126398.4164,121973.6934,1018883.3186,901220.7089,0
427,600025.SH,20230616,7.04,0.2695,2.6945,2.24,18.6319,18.4656,2.2858,5.9938,6.0537,2.4148,2.4148,1800000.0,1800000.0,180000.0,12672000.0,12672000.0,0
428,688132.SH,20230616,25.08,5.7344,5.7344,1.92,92.8504,52.0811,2.3969,10.3162,9.5329,,,15222.5204,3484.926,3484.926,381780.8116,87401.9441,0
429,688259.SH,20230616,70.9,4.7027,6.5441,0.82,62.3142,70.3244,3.7769,6.0876,6.7232,,,8000.0,5708.88,4102.47,567200.0,404759.592,0
430,301316.SZ,20230616,25.98,18.8599,18.8599,1.46,116.3001,117.127,10.9943,8.7781,8.5504,,0.3079,40001.0,3665.4737,3665.4737,1039225.98,95229.0067,0
431,601116.SH,20230616,12.96,7.7259,24.029,1.39,46.2161,44.6628,2.2986,1.7639,1.779,1.5432,1.5432,54767.84,54767.84,17609.195,709791.2064,709791.2064,0
432,605016.SH,20230616,22.41,1.6681,2.2195,0.78,36.9327,36.0442,4.0976,7.7151,7.7513,0.1935,0.7354,24852.8,12491.08,9387.732,556951.248,279925.1028,0
433,600148.SH,20230616,15.68,1.3283,2.9247,1.64,,,4.7912,4.0299,4.3606,0.558,0.558,14151.645,14151.645,6427.33,221897.7936,221897.7936,1
434,002352.SZ,20230616,49.77,0.1979,0.3889,0.94,39.4628,35.4548,2.8199,0.9108,0.9175,0.3589,0.4981,489520.2373,484125.2038,246432.4899,24363422.2104,24094911.3931,0
435,688312.SH,20230616,18.17,0.6491,1.3529,0.59,32.255,36.0011,1.9647,8.2794,8.6168,,,14484.8536,14484.8536,6949.6623,263189.7899,263189.7899,0
436,300577.SZ,20230616,15.41,0.6703,0.8457,1.0,78.8414,104.4721,2.1958,1.3481,1.2878,0.6475,0.5834,23979.1155,13394.9902,10616.3818,369518.1699,206416.799,0
437,000912.SZ,20230616,4.63,0.2716,0.5566,0.74,19.7669,18.1237,1.128,0.9636,0.9104,0.0,,156800.0,156800.0,76509.5361,725984.0,725984.0,0
438,600094.SH,20230616,3.08,0.491,0.7366,0.97,44.5957,21.4407,0.6139,1.0357,0.9483,0.0,,247532.5057,227660.4962,151764.2523,762400.1176,701194.3283,0
439,002778.SZ,20230616,14.53,1.4743,2.4204,1.38,,,3.1291,2.5119,2.5062,1.0323,,12475.33,12475.33,7598.982,181266.5449,181266.5449,0
440,300894.SZ,20230616,25.95,1.6029,1.7811,0.96,33.7271,34.9761,7.8307,4.6592,4.74,2.2908,3.4575,40876.9511,12708.386,11436.34,1060756.881,329782.6167,0
441,000011.SZ,20230616,9.67,0.5266,1.4825,0.88,10.7188,17.3881,1.3019,1.554,2.012,7.0321,7.0321,59597.9092,52647.5543,18702.6342,576311.782,509101.8501,0
442,600941.SH,20230616,95.74,1.911,1.9794,1.16,16.31,15.9985,1.6402,2.1832,2.13,4.1656,4.0462,2137289.148,75862.2867,73241.4657,204624063.0295,7263055.3287,0
443,002918.SZ,20230616,16.02,2.3886,3.6377,0.84,,,2.2138,1.0678,1.0614,1.5571,2.479,41517.9279,21946.183,14410.1205,665117.205,351577.8517,0
444,002592.SZ,20230616,4.39,0.7627,1.054,1.17,92.0165,65.9297,1.5933,2.2515,2.5217,0.0,,28333.1157,26271.597,19011.0814,124382.3779,115332.3108,0
445,002396.SZ,20230616,23.01,3.2267,4.3899,0.9,23.6839,25.3061,2.2143,0.8668,0.8452,0.4275,0.4275,59292.9678,58328.0278,42872.8328,1364331.1891,1342127.9197,0
446,300304.SZ,20230616,5.26,1.3203,2.285,1.0,33.7686,22.2003,1.7987,3.9133,3.7056,0.7537,0.6827,87379.7618,85147.2934,49198.5293,459617.5471,447874.7633,0
447,300935.SZ,20230616,32.29,3.234,3.234,0.78,,,2.7988,15.3255,15.8201,1.7625,,7943.068,3987.0464,3987.0464,256481.6657,128741.7283,0
448,920932.BJ,20230616,11.41,0.1511,0.2385,0.97,15.458,15.8766,1.3953,2.526,2.4638,,,7672.25,6110.2798,3871.269,87540.3725,69718.2925,0
449,301107.SZ,20230616,29.79,4.0807,4.0807,1.11,33.2748,34.3988,2.4849,3.9032,4.2067,0.0,1.8463,7340.0,2155.99,2155.99,218658.6,64226.9421,0
450,300877.SZ,20230616,17.08,3.4149,3.4149,2.31,,,1.2952,2.5379,2.5299,1.0246,,12000.0,5679.895,5679.895,204960.0,97012.6066,0
451,600822.SH,20230616,14.83,16.1544,40.6134,1.08,122.7308,38.1876,6.3798,1.4646,1.4274,0.0,,49597.2914,39614.7908,15757.1946,735527.8315,587487.3476,0
452,000637.SZ,20230616,3.5,1.4772,1.8659,0.96,,,2.1365,0.3003,0.3362,0.0,,51987.5356,36800.4142,29134.6141,181956.3746,128801.4497,0
453,688513.SH,20230616,53.12,0.2504,0.2967,0.62,25.8769,25.1441,2.616,5.4499,5.4088,,,12009.0,6079.0,5129.0,637918.08,322916.48,0
454,688556.SH,20230616,47.95,5.6209,5.6209,1.72,19.5094,14.9922,6.9655,4.309,3.5999,,,32086.2936,23955.0474,23955.0474,1538537.7781,1148644.5228,0
455,603277.SH,20230616,20.38,0.2032,1.0271,0.89,19.0946,20.2967,3.6782,3.2194,3.304,3.9258,4.9069,42064.8,41737.55,8257.55,857280.624,850611.269,0
456,001965.SZ,20230616,9.19,0.1756,0.9185,1.58,11.6942,11.1061,1.019,6.8508,6.6241,3.7607,3.7607,618518.3893,618518.3893,118260.3095,5684183.9977,5684183.9977,0
457,600120.SH,20230616,3.85,0.4428,0.8834,1.22,13.8892,11.7428,0.8447,0.699,0.8187,1.3656,2.0519,341538.1492,341538.1492,171211.5538,1314921.8744,1314921.8744,0
458,688175.SH,20230616,33.16,1.0051,1.3798,0.86,34.8435,40.7367,1.6767,5.9537,6.2702,,,9290.6379,3146.4198,2291.8791,308077.5528,104335.2806,0
459,603098.SH,20230616,20.79,0.4241,1.2203,1.5,209.3077,319.2734,4.15,2.6459,2.4319,0.2405,0.2405,53879.9978,53879.9978,18724.5546,1120165.1543,1120165.1543,0
460,600603.SH,20230616,7.27,0.6784,1.4504,0.91,16.5196,13.2836,1.5277,1.7823,1.6138,0.0,,123055.0151,123055.0151,57553.7741,894609.9598,894609.9598,0
461,000925.SZ,20230616,8.28,2.6517,2.6517,0.82,82.3812,488.1238,1.6823,1.8151,1.8587,0.5863,0.5863,56108.4262,54842.4667,54842.4667,464577.7689,454095.6243,0
462,688326.SH,20230616,154.01,2.829,3.6467,0.7,78.7769,103.345,3.5368,4.5951,4.5608,,,12000.0,5813.4357,4509.8939,1848120.0,895327.2322,0
463,605222.SH,20230616,20.16,2.5736,3.2176,1.45,23.0128,22.7349,2.0398,0.4083,0.3919,1.2155,,41813.606,10708.306,8564.916,842962.297,215879.449,0
464,688536.SH,20230616,231.51,1.1937,1.1937,0.53,104.2942,157.2221,7.336,15.6034,16.8829,,,12019.5477,6562.2781,6562.2781,2782645.488,1519233.0029,0
465,000505.SZ,20230616,7.64,0.5839,1.3591,0.88,39.2748,39.1993,1.7923,0.4319,0.4259,0.0,,72695.0251,66197.5251,28439.8343,555389.9918,505749.0918,0
466,688203.SH,20230616,13.58,2.8895,2.8895,1.05,58.5218,66.7182,1.9089,4.5461,4.8042,,,20267.8068,4827.1436,4827.1436,275236.8163,65552.6101,0
467,300722.SZ,20230616,30.81,1.9562,5.4577,0.77,89.1912,86.4577,10.7023,17.3777,17.7949,0.5016,,19219.2,19219.2,6888.8555,592143.552,592143.552,0
468,688981.SH,20230616,55.56,1.7884,1.9918,0.87,36.2908,40.4669,3.2942,8.8924,9.198,,,792510.1274,195740.272,175747.3745,44031862.6783,10875329.5123,0
469,300584.SZ,20230616,23.76,1.8211,4.229,0.85,87.8675,88.984,2.9612,5.4157,5.7826,1.0522,,12000.0,5802.0795,2498.4547,285120.0,137857.4089,0
470,003040.SZ,20230616,19.37,2.4076,3.1709,0.88,53.8132,53.0262,6.0343,5.195,5.0108,0.3098,1.239,46113.5972,21656.4408,16443.1208,893220.3778,419485.2583,0
471,688032.SH,20230616,374.88,4.3525,6.2351,1.18,58.6498,50.2463,4.9596,20.3279,16.5443,,,8331.75,4147.8345,2895.474,3123406.44,1554940.1974,0
472,002776.SZ,20230616,2.84,0.5182,0.8112,0.49,,,,13.3718,12.7351,0.0,,53798.9106,53798.9106,34364.6295,152788.9061,152788.9061,0
473,605128.SH,20230616,40.57,6.2141,6.2141,0.52,70.9507,71.7572,3.0422,2.8934,2.7852,0.2465,0.5546,8000.0,4171.0,4171.0,324560.0,169217.47,0
474,000983.SZ,20230616,10.55,0.7369,1.616,0.93,5.5861,5.5791,1.4899,0.9188,0.8985,5.4718,5.4718,567710.1059,409656.0,186808.0359,5989341.6172,4321870.8,0
475,688338.SH,20230616,51.18,0.7364,0.8176,1.07,40.1362,37.1613,2.7292,18.2627,16.9729,,,8164.8,4898.9677,4412.4812,417874.464,250729.1669,0
476,002638.SZ,20230616,3.52,8.1194,10.5525,0.45,117.2041,24.1344,1.8623,8.9767,13.0493,0.0,,144649.531,110582.5515,85086.0145,509166.3491,389250.5813,0
477,301195.SZ,20230616,73.8,3.8375,3.8375,1.08,32.6528,31.1495,2.9743,8.5633,8.1025,0.0,,8768.116,2135.8256,2135.8256,647086.9608,157623.9293,0
478,002081.SZ,20230616,4.64,0.4357,0.8615,1.1,9.682,11.768,0.9859,0.5648,0.585,0.0,2.1333,265532.3689,264280.4758,133662.9446,1232070.1917,1226261.4077,0
479,300423.SZ,20230616,10.47,2.0493,2.7502,1.03,,,1.6145,2.4267,2.3596,0.3349,0.3056,49751.129,31608.2912,23553.622,520894.3206,330938.8089,0
480,603102.SH,20230616,43.58,1.715,1.715,0.99,20.2343,18.4073,1.9526,3.8453,3.4385,1.1473,1.3768,6400.0,3029.1366,3029.1366,278912.0,132009.773,0
481,300359.SZ,20230616,6.88,2.9497,4.7043,0.6,346.1833,647.2148,6.2237,7.2038,7.1971,0.0,,63333.3422,63325.8422,39707.3894,435733.3943,435681.7943,0
482,002452.SZ,20230616,7.17,3.5868,3.7684,0.83,76.619,88.9073,2.1109,3.6371,3.6334,0.9763,0.2789,62033.2085,51188.9552,48722.2442,444778.1049,367024.8088,0
483,688088.SH,20230616,48.19,2.9855,5.7581,1.15,338.513,318.3733,7.6489,36.8009,35.1489,,,40600.0,40600.0,21050.8116,1956514.0,1956514.0,0
484,002853.SZ,20230616,18.81,1.9506,3.149,0.8,22.843,26.7681,2.7829,2.4172,2.5162,0.0,,18654.2748,11443.8885,7088.6363,350886.909,215259.5427,0
485,002044.SZ,20230616,6.95,0.6357,0.8757,1.04,,,3.7319,3.1882,2.9325,0.0,,391425.3923,387244.872,281103.822,2720406.4765,2691351.8604,0
486,000151.SZ,20230616,12.51,2.7384,4.55,1.3,,,6.294,0.9996,0.8789,0.0,,33737.0728,26654.3967,16042.0467,422050.7807,333446.5027,1
487,603527.SH,20230616,12.3,1.3262,3.0145,0.51,21.3598,21.2791,2.5418,0.4207,0.4303,1.626,,24382.4,24382.4,10727.1065,299903.52,299903.52,0
488,688655.SH,20230616,16.82,16.2024,18.0615,1.1,48.4102,45.3319,3.2957,5.0457,5.0045,,,13339.0,7056.87,6330.48,224361.98,118696.5534,0
489,600988.SH,20230616,14.42,1.5922,1.863,0.89,53.1873,68.1125,4.6124,3.8287,3.7691,0.0,,166391.1378,166391.1378,142198.5632,2399360.2071,2399360.2071,0
490,600647.SH,20230616,14.14,1.2116,2.0426,1.27,,,6.6961,105.2788,112.9944,0.0,,13914.355,13914.355,8253.7095,196748.9797,196748.9797,0
491,002548.SZ,20230616,6.42,8.0955,9.9104,0.96,260.8911,74.6371,2.594,1.3023,1.2959,0.0,,80611.4674,66731.0182,54511.0182,517525.6207,428413.1368,0
492,301131.SZ,20230616,37.88,1.6807,1.6807,0.73,52.4694,64.512,2.3351,1.3885,1.4476,1.32,1.8479,4778.0,2307.4208,2307.4208,180990.64,87405.0999,0
493,000605.SZ,20230616,6.13,1.1736,1.9703,1.35,138.5408,110.1114,1.0212,1.233,1.2228,0.3263,0.3263,35265.86,33764.3688,20112.5221,216179.7218,206975.5807,0
494,000913.SZ,20230616,18.94,1.6878,2.8825,1.46,23.8944,21.8506,2.4435,1.7669,1.649,0.0,,52693.1,45353.48,26556.3403,998007.314,858994.9112,0
495,601233.SH,20230616,13.14,0.5384,0.8301,0.58,243.3166,,0.9265,0.5111,0.4881,2.4773,2.4773,241111.9493,228753.1037,148368.6787,3168211.0138,3005815.7826,0
496,920357.BJ,20230616,8.3,0.1667,0.1679,0.49,11.3661,11.6797,1.9822,2.8073,2.6496,,,8008.0,2320.149,2304.029,66466.4,19257.2367,0
497,000967.SZ,20230616,4.97,0.2693,0.8332,0.98,37.7325,36.438,0.9199,1.2893,1.3055,1.9747,1.9747,317950.5559,317766.8019,102690.7719,1580214.2628,1579301.0054,0
498,600062.SH,20230616,17.5,1.3703,3.5214,1.13,15.6875,15.1603,1.7538,1.9323,1.8883,4.378,1.6453,104312.681,102444.811,39865.2486,1825471.9175,1792784.1925,0
499,601111.SH,20230616,8.5,0.6052,2.2517,1.29,,,3.8982,2.6033,2.117,0.0,,1620079.2838,996213.1821,267741.2204,13770673.9123,8467812.0479,0
500,601216.SH,20230616,4.14,0.1815,0.4832,1.17,8.4027,8.5003,1.399,1.6279,1.6057,3.913,4.3478,843801.739,843801.739,316969.099,3493339.1995,3493339.1995,0
501,002175.SZ,20230616,3.02,2.5467,3.2812,0.46,35.9002,38.7733,7.8749,14.0926,14.9696,0.0,,127678.0727,127677.0727,99096.8216,385587.7796,385584.7596,0
502,688576.SH,20230616,138.95,13.6449,13.6449,0.59,97.7358,83.9933,3.5697,28.0797,25.761,,,5300.1466,1186.8061,1186.8061,736455.3701,164906.7076,0
503,301040.SZ,20230616,20.13,1.497,1.8194,0.85,50.7111,75.2104,2.0319,1.9324,2.1449,0.9935,,10000.0202,6958.3152,5725.4152,201300.4066,140070.885,0
504,605186.SH,20230616,50.4,4.8306,4.8306,0.61,59.2523,57.8079,6.7537,21.2632,20.264,0.1786,0.1786,13600.0,6663.1778,6663.1778,685440.0,335824.1611,0
505,688321.SH,20230616,21.73,0.4407,0.7103,0.94,511.1445,,6.6956,16.8647,16.7998,,,41128.6794,41128.6794,25516.4616,893726.2034,893726.2034,0
506,605368.SH,20230616,9.55,3.0767,3.2322,3.04,11.1711,11.0377,1.9649,1.3918,1.3855,3.4967,7.4794,69279.8876,24825.08,23630.432,661622.9266,237079.514,0
507,600532.SH,20230616,0.65,3.8662,5.7021,1.6,,,0.2279,2.025,2.084,0.0,,51606.572,51606.572,34990.8355,33544.2718,33544.2718,1
508,688359.SH,20230616,64.45,2.0023,2.0023,0.69,,,12.7927,16.4243,16.5232,,,9292.0,4996.8,4996.8,598869.4,322043.76,0
509,603058.SH,20230616,9.86,0.5681,1.2416,0.69,109.6113,44.5805,4.2736,6.338,5.8393,2.5037,5.0339,41996.6856,41646.3656,19057.0056,414087.32,410633.1648,0
510,002922.SZ,20230616,13.88,2.1335,3.2091,0.58,21.8699,23.8533,2.4203,1.4842,1.4825,1.4155,1.8012,30165.1955,27826.8081,18499.531,418692.9135,386236.0964,0
511,603786.SH,20230616,60.88,0.3513,2.1463,0.73,54.6271,50.157,5.9932,7.2684,6.9073,0.8134,0.8213,40400.15,40010.0,6549.3299,2459561.132,2435808.8,0
512,920271.BJ,20230616,8.69,0.3609,0.4374,0.33,13.2565,11.6314,2.3425,3.0599,2.8897,,,11893.0,5190.0498,4282.0498,103350.17,45101.5328,0
513,003003.SZ,20230616,10.1,1.7123,1.7123,0.67,,549.3906,1.4821,1.2298,1.2481,0.9881,,17707.344,9152.6438,9152.6438,178844.1744,92441.7024,0
514,300424.SZ,20230616,14.26,3.5129,4.6041,1.55,126.542,82.7781,4.8293,2.4489,2.1951,0.0842,0.0842,23989.3853,23921.7976,18252.1819,342088.6344,341124.8338,0
515,002533.SZ,20230616,7.89,1.5076,2.5028,0.99,15.6252,14.09,1.6619,0.4386,0.4311,3.8028,4.436,73394.1062,62692.2233,37762.9801,579079.4979,494641.6418,0
516,000761.SZ,20230616,4.1,0.3801,2.5112,0.61,,,0.9415,0.269,0.2726,14.6341,,410821.3229,370821.3229,56121.3603,1684367.4239,1520367.4239,0
517,300712.SZ,20230616,35.57,1.6981,3.7014,1.69,78.7223,78.2905,4.9105,3.006,3.1097,0.2764,0.5575,18525.216,18469.566,8473.2983,658941.9331,656962.4626,0
518,000935.SZ,20230616,16.75,0.6628,2.1425,1.04,15.4914,16.5727,1.9061,10.4852,10.9328,1.4328,,76344.0333,76344.0333,23616.4516,1278762.5578,1278762.5578,0
519,002150.SZ,20230616,16.96,2.8512,6.4899,1.22,40.5695,45.3851,3.8086,3.6033,3.8563,0.8844,0.8844,35651.7053,35514.9728,15602.6021,604652.9219,602333.9387,0
520,301191.SZ,20230616,92.74,12.1231,12.1231,1.13,32.9205,35.0154,4.0672,2.7339,2.843,0.0,0.8294,6934.2,2179.6645,2179.6645,643077.708,202142.0857,0
521,688439.SH,20230616,101.6,2.3244,2.3244,0.82,67.0587,58.8668,4.7354,26.0889,22.1482,,,20000.0,4479.3907,4479.3907,2032000.0,455106.0951,0
522,601857.SH,20230616,7.58,0.0984,1.4488,0.97,9.2874,9.0116,0.9848,0.4283,0.4346,3.942,3.942,18302097.7818,16192207.7818,1099851.2248,138729901.186,122736934.986,0
523,603707.SH,20230616,12.44,0.6148,1.9423,1.3,18.4413,18.4036,3.1171,5.4182,5.2337,0.9275,0.9275,161707.4876,161462.8614,51108.4325,2011641.1457,2008597.9958,0
524,601500.SH,20230616,4.0,0.5836,1.5507,0.86,372.8614,305.638,1.1905,1.5349,1.5676,1.3595,1.3595,158112.3135,128433.2,48331.0249,632449.254,513732.8,0
525,001205.SZ,20230616,21.09,1.3613,1.4703,1.45,21.3372,20.5823,2.4124,4.1554,3.6817,0.4393,0.4742,17106.1333,11653.9658,10789.7933,360768.3513,245782.1387,0
526,300486.SZ,20230616,9.15,2.175,3.1473,1.09,81.975,79.557,2.3361,3.26,3.4618,0.1963,0.1963,40733.611,38735.7867,26769.7927,372712.5407,354432.4483,0
527,688389.SH,20230616,23.5,0.5179,0.8483,1.13,39.7718,36.7114,6.6673,10.175,9.5184,,,42563.6396,42563.6396,25982.7382,1000245.5306,1000245.5306,0
528,600977.SH,20230616,15.87,2.284,6.9982,0.72,,,2.694,10.1475,8.667,0.252,0.252,186700.0,186700.0,60931.75,2962929.0,2962929.0,0
529,601218.SH,20230616,3.79,0.5398,0.8308,1.31,23.8469,26.4275,1.3333,2.1025,2.2287,1.3622,1.0741,97736.0,97531.1195,63369.6607,370419.44,369642.9429,0
530,300926.SZ,20230616,23.14,23.2759,23.2759,0.72,43.6223,39.1622,4.9866,4.6388,4.0886,0.2643,0.2401,27882.954,7026.012,7026.012,645211.5556,162581.9177,0
531,300046.SZ,20230616,17.35,1.5766,2.1398,1.02,208.5432,191.3396,3.8557,11.6838,11.4065,0.0,,23717.1371,23653.1371,17427.3371,411492.3287,410381.9287,0
532,300282.SZ,20230616,2.42,1.4171,1.9465,0.57,,,0.676,3.9629,3.8242,0.0,,37430.6455,37430.6455,27250.6137,90582.1621,90582.1621,0
533,600053.SH,20230616,13.34,1.1613,4.3871,6.65,32.9215,53.4642,1.9964,13.3846,16.3975,0.0,,43354.08,43354.08,11476.495,578343.4272,578343.4272,0
534,300224.SZ,20230616,11.81,0.5408,0.9932,0.87,23.9706,22.1163,3.0043,1.533,1.461,0.0,1.6935,82021.6556,81457.2204,44353.4756,968675.7526,962009.7729,0
535,002514.SZ,20230616,8.69,3.2224,4.0602,1.13,206.1318,178.7841,5.431,9.1474,8.6694,0.0,,72003.4264,55403.4264,43971.375,625709.7754,481455.7754,0
536,600880.SH,20230616,6.3,3.0783,4.7801,0.79,171.1455,175.0688,2.282,14.7055,13.9354,0.3968,0.3968,109333.2092,109303.0175,70389.7562,688799.218,688609.0103,0
537,300140.SZ,20230616,8.42,3.2925,5.26,1.16,,,2.7099,4.2403,4.028,0.0,,42724.4052,42339.5434,26502.9061,359739.4918,356498.9554,0
538,300100.SZ,20230616,8.12,3.0856,5.9406,0.54,43.4396,37.9012,1.5174,0.7802,0.8136,8.6207,,40214.9793,38706.2884,20104.3622,326545.6319,314295.0618,0
539,688196.SH,20230616,43.65,0.3362,1.3447,1.01,11.5955,12.3878,1.9625,1.2055,1.2285,,,12000.0,12000.0,3000.0,523800.0,523800.0,0
540,300483.SZ,20230616,12.22,0.9638,1.5836,2.13,80.0095,383.7297,1.1754,1.6046,1.7111,0.0,,26853.5449,26150.2699,15916.5732,328150.3187,319556.2982,0
541,600367.SH,20230616,14.66,3.4467,5.3713,0.91,20.0078,34.3873,2.5189,1.5066,1.5697,0.6821,1.2278,29323.66,29323.66,18816.9264,429884.8556,429884.8556,0
542,600251.SH,20230616,8.98,0.8973,1.6467,0.77,14.6911,12.7405,2.0133,2.8916,2.0541,0.4477,,77699.3583,77699.3583,42339.7666,697740.2375,697740.2375,0
543,002943.SZ,20230616,30.1,2.3092,2.6455,1.1,48.2599,48.553,3.8161,5.8416,5.6933,0.0,,15600.0,9194.5605,8025.7337,469560.0,276756.2711,0
544,688343.SH,20230616,78.42,11.9917,11.9917,0.88,,,6.0397,50.9862,50.5896,,,35513.372,7453.1036,7453.1036,2784958.6322,584472.3843,0
545,688314.SH,20230616,37.18,1.5008,1.9171,0.73,39.9015,39.1831,5.674,12.588,12.0294,,,8123.9172,3668.7784,2872.1784,302047.2415,136405.1809,0
546,002991.SZ,20230616,77.0,3.6223,3.7675,1.53,45.341,37.589,4.9065,4.9478,4.717,1.4121,2.8056,9321.5831,3641.9936,3501.6581,717761.8987,280433.5072,0
547,002002.SZ,20230616,2.27,1.5245,1.8642,0.65,23.6226,35.524,0.6954,1.4696,1.4929,0.0,,312203.8614,310020.2578,253533.8191,708702.7654,703745.9852,0
548,300428.SZ,20230616,23.01,1.4497,3.8933,0.99,29.2118,30.2094,2.4178,0.6731,0.6864,0.3217,0.3431,62512.2129,52875.5945,19688.0974,1438406.0188,1216667.4294,0
549,600935.SH,20230616,3.77,0.2037,0.6199,0.99,31.3252,68.7348,2.0366,1.9629,2.1109,2.0955,2.0955,350740.1812,185470.1224,60941.875,1322290.4831,699222.3614,0
550,002591.SZ,20230616,6.2,1.7306,2.0999,0.8,,,2.6197,4.9789,5.6961,0.0,,30019.9484,21667.9971,17857.7882,186123.6801,134341.582,0
551,600820.SH,20230616,6.06,0.7458,1.2006,1.1,6.7824,6.4343,0.6887,0.2919,0.2884,3.7954,3.7954,314409.6094,314409.6094,195306.7255,1905322.233,1905322.233,0
552,301169.SZ,20230616,50.9,9.0446,9.0446,1.08,,,5.7226,11.3288,10.8572,0.5894,0.5894,7223.9774,2812.2128,2812.2128,367700.4497,143141.6315,0
553,000690.SZ,20230616,6.49,3.6104,4.2986,2.41,77.0951,68.8423,1.2483,1.4999,1.5077,0.7704,,217588.7862,217447.1375,182632.9317,1412151.2224,1411231.9224,0
554,000733.SZ,20230616,87.03,1.0799,1.6023,1.51,19.0104,18.0462,4.5763,6.2326,6.0527,0.3432,1.6588,52041.3168,52010.1168,35052.7824,4529155.8011,4526440.4651,0
555,600551.SH,20230616,11.99,1.3601,3.5879,1.14,16.8653,16.5996,1.112,0.7595,0.7513,1.3678,2.0851,48432.5171,48432.5171,18359.9614,580705.88,580705.88,0
556,002020.SZ,20230616,13.11,2.0371,2.4566,0.77,17.045,16.6937,2.2401,2.9864,2.917,2.2883,2.2883,86102.914,65640.0768,54430.2753,1128809.2025,860541.4068,0
557,605299.SH,20230616,13.37,4.8699,4.8699,0.91,50.2723,49.7353,4.5847,4.0705,4.1457,1.7203,1.8643,41149.9,11355.1184,11355.1184,550174.163,151817.933,0
558,300663.SZ,20230616,14.51,2.7024,3.0161,0.96,310.1695,931.9068,5.9306,5.7017,5.6825,0.0,,46218.2154,39981.051,35823.0292,670626.3055,580125.05,0
559,688597.SH,20230616,9.72,2.0356,2.2978,1.0,30.2986,35.0962,2.862,3.8579,3.8466,,,24706.2172,17801.9941,15770.651,240144.4312,173035.3827,0
560,600035.SH,20230616,3.94,0.9348,2.0306,1.0,8.7786,7.65,0.8324,2.1747,2.1738,3.5533,3.5533,161011.5901,161011.5901,74122.5182,634385.665,634385.665,0
561,300293.SZ,20230616,11.31,3.0168,4.9479,1.82,,,4.3063,3.0296,2.9663,0.0,,33843.8106,28033.5917,17092.4617,382773.4979,317059.9221,0
562,002336.SZ,20230616,14.18,10.4125,36.2192,2.45,,,517.2029,1.5714,1.6787,0.0,,44000.0,37317.5,10728.2034,623920.0,529162.15,0
563,002970.SZ,20230616,30.7,2.9941,5.5066,1.01,,,4.1318,3.838,3.5415,0.326,0.6515,17299.6,10775.7092,5858.9592,531097.72,330814.2724,0
564,600183.SH,20230616,15.4,0.9285,1.9165,1.56,23.5512,27.8154,2.8101,2.0013,2.1204,3.8532,2.9221,234103.1507,234103.1507,113422.3093,3605188.5208,3605188.5208,0
565,688555.SH,20230616,1.2,6.5395,7.2632,0.56,2.1646,,0.1321,0.3031,0.6982,,,8311.0,4184.2,3767.31,9973.2,5021.04,0
566,688216.SH,20230616,25.36,1.2911,1.2911,0.68,,,3.1556,4.9873,5.2856,,,10627.0,4247.15,4247.15,269500.72,107707.724,0
567,600470.SH,20230616,5.25,1.0196,1.3685,1.15,14.1902,19.4153,1.5065,0.3627,0.3687,0.0,,52160.0,52160.0,38862.8256,273840.0,273840.0,0
568,301368.SZ,20230616,58.57,51.5918,51.5918,1.7,156.6684,177.2104,7.2571,16.4036,18.4666,,,12010.0,2839.8254,2839.8254,703425.7,166328.5737,0
569,600847.SH,20230616,11.57,0.5972,0.7816,0.9,,,2.5906,3.7773,3.6028,0.0,,15328.74,15328.74,11711.8214,177353.5218,177353.5218,0
570,300414.SZ,20230616,9.86,2.3638,4.2444,1.11,129.8504,133.8975,3.332,5.7962,5.8143,0.1724,,32601.9466,31126.0935,17334.629,321455.1935,306903.2819,0
571,000415.SZ,20230616,2.17,0.2907,0.5306,0.96,,,0.4895,0.4204,0.4215,0.0,,618452.1282,539273.9135,295437.86,1342041.1182,1170224.3923,0
572,002610.SZ,20230616,2.48,1.5017,1.6262,1.23,,,3.8428,1.6604,1.5997,0.0,,447953.2523,447450.1391,413175.1663,1110924.0657,1109676.345,0
573,000429.SZ,20230616,7.8,0.6836,1.8213,2.05,12.7701,12.9846,1.7204,3.9121,3.8309,7.3077,7.3077,209080.6126,130332.4056,48919.4786,1630828.7783,1016592.7637,0
574,601952.SH,20230616,11.85,0.226,0.7027,0.66,19.7632,20.119,2.7523,1.283,1.2785,2.0253,4.557,137800.0,137800.0,44310.3574,1632930.0,1632930.0,0
575,300192.SZ,20230616,13.67,8.2809,9.2718,0.59,60.7389,47.9593,5.8027,5.6621,5.7876,0.0,,32914.3329,21556.732,19252.8332,449938.9307,294680.5264,0
576,300693.SZ,20230616,39.21,5.5442,5.9922,1.2,54.2419,46.0737,10.8628,8.067,7.077,0.2032,0.3724,30924.5828,24753.6503,22903.0788,1212552.8916,970590.6283,0
577,688110.SH,20230616,36.03,2.8375,2.8375,0.63,85.9304,389.1233,4.1508,13.9042,17.2192,,,44224.9758,27322.3281,27322.3281,1593425.8781,984423.4814,0
578,002005.SZ,20230616,1.49,0.5593,0.7782,1.0,,,2.5402,2.2026,2.5854,0.0,,175242.4858,175242.4858,125945.4311,261111.3038,261111.3038,0
579,002151.SZ,20230616,30.69,1.7229,2.1464,1.7,108.3725,131.6278,3.6057,4.124,3.8899,0.1888,0.1888,51278.4757,39012.3086,31313.6714,1573736.4192,1197287.7509,0
580,300393.SZ,20230616,13.61,2.7255,3.4072,1.36,36.9464,35.7094,3.6979,1.5485,1.4432,0.0,,108962.7358,95389.2219,76303.8633,1482982.8342,1298247.3101,0
581,300675.SZ,20230616,16.69,7.2074,14.4183,0.8,33.4687,42.8959,4.481,5.1628,5.1584,0.5992,0.6591,14666.67,14666.67,7331.5757,244786.7223,244786.7223,0
582,002859.SZ,20230616,28.27,0.7641,1.6162,0.68,73.7669,74.0122,4.5607,9.4035,9.5493,0.6702,,43281.5736,39951.9103,18887.8252,1223570.0857,1129440.5042,0
583,000557.SZ,20230616,5.56,0.6311,1.2177,1.36,34.0731,32.9117,1.4264,4.5416,4.6457,0.0,,145837.4735,145791.6198,75562.1039,810856.3527,810601.4061,0
584,688500.SH,20230616,17.58,0.919,1.0306,0.72,,,1.4367,2.6207,2.6156,,,7427.451,4254.627,3793.877,130574.5886,74796.3427,0
585,002255.SZ,20230616,5.85,1.6488,1.7326,0.65,14.639,14.4924,1.3965,2.0836,2.0799,0.0,,84227.1055,64936.2243,61794.1205,492728.5672,379876.9122,0
586,002059.SZ,20230616,6.63,0.596,1.4866,0.74,,,3.6435,12.4643,15.0683,0.0,,101243.4813,94386.1051,37838.6945,671244.281,625779.8768,0
587,301006.SZ,20230616,25.28,2.1298,2.678,1.72,32.2565,29.461,2.9253,9.8221,9.1962,0.7911,0.7911,13928.0,6407.02,5095.44,352099.84,161969.4656,0
588,002793.SZ,20230616,5.61,1.2712,2.5548,0.45,,,1.9806,1.7007,2.9434,0.7197,,108758.8486,107248.0191,53363.2357,610137.1406,601661.3872,0
589,688025.SH,20230616,68.27,2.2449,3.7916,0.52,84.5821,78.4936,3.4602,5.5271,5.4399,,,9499.0945,9499.0945,5624.0866,648503.1815,648503.1815,0
590,920252.BJ,20230616,8.6,4.336,4.336,1.28,27.354,27.635,3.4944,2.4935,2.6348,,,10265.0665,3394.4593,3394.4593,88279.5719,29192.35,0
591,002830.SZ,20230616,12.03,1.7887,2.6728,1.06,84.6537,73.5887,2.5178,1.9366,1.9932,1.2469,0.9975,13334.0,6685.25,4474.0,160408.02,80423.5575,0
592,300531.SZ,20230616,14.74,1.6805,2.9262,1.23,31.1026,34.1249,2.8053,3.4458,3.4419,0.3394,0.3331,32993.7375,31544.6238,18116.0438,486327.6908,464967.7548,0
593,300696.SZ,20230616,23.51,1.5333,1.8028,1.12,32.4132,33.9437,3.6741,12.2803,12.8938,0.7089,0.8507,29315.2983,17740.7301,15089.0423,689202.663,417084.5647,0
594,600479.SH,20230616,12.25,1.1629,1.627,0.55,17.3288,17.1074,2.3255,1.3068,1.3044,4.9014,4.9014,42950.7117,41850.7117,29912.5981,526146.2183,512671.2183,0
595,688218.SH,20230616,19.72,7.7513,9.5867,2.11,72.9507,62.1667,2.7233,3.1477,2.9087,,,11779.57,11779.57,9524.3831,232293.1204,232293.1204,0
596,920122.BJ,20230616,13.07,14.6069,14.6069,9.36,33.6162,33.8035,3.7955,6.4744,6.309,,,9243.7108,1064.25,1064.25,120815.3002,13909.7475,0
597,603309.SH,20230616,16.99,1.008,2.0333,1.38,29.9184,27.6777,2.9731,3.6554,3.4996,0.7949,2.0012,29332.2218,29102.8218,14427.3962,498354.4484,494456.9424,0
598,002381.SZ,20230616,7.46,1.4188,1.8902,1.36,27.0172,22.6585,1.6051,1.3148,1.2938,2.681,2.681,41157.4346,32200.2926,24169.3378,307034.4621,240214.1828,0
599,600983.SH,20230616,7.35,0.1826,0.8024,1.03,201.6038,97.8039,1.8768,1.3212,1.3901,0.0,,76643.9,76643.9,17445.7839,563332.665,563332.665,0
600,600064.SH,20230616,6.75,0.6621,1.0146,0.66,4.8618,4.9173,0.6784,2.6058,2.2229,6.3492,6.3492,173033.9644,173033.9644,112925.6424,1167979.2597,1167979.2597,0
601,002355.SZ,20230616,4.58,11.9839,16.0237,2.53,,,2.0398,3.4652,3.697,0.0,,62057.04,61816.665,46231.865,284221.2432,283120.3257,0
602,920950.BJ,20230616,10.95,0.7876,0.7876,1.02,12.5188,11.5578,2.3023,2.8396,2.7442,,,4700.0,1138.75,1138.75,51465.0,12469.3125,0
603,002609.SZ,20230616,11.48,1.4831,2.141,1.16,410.8523,145.0545,3.2066,5.4185,5.1097,0.2613,0.2613,64929.8541,45634.0491,31611.5467,745394.7251,523878.8837,0
604,000950.SZ,20230616,6.76,1.144,2.5316,0.63,12.268,11.6079,1.084,0.1722,0.1632,0.97,0.97,172818.4696,172818.4696,78098.9493,1168252.8545,1168252.8545,0
605,688333.SH,20230616,102.98,0.4218,0.6528,0.53,207.1054,197.3911,10.7626,17.9338,17.128,,,15988.1855,15988.1855,10330.4275,1646463.3428,1646463.3428,0
606,688062.SH,20230616,21.05,1.2653,1.2653,1.05,,,2.5444,303.3585,303.6721,,,39960.0,20129.6437,20129.6437,841158.0,423728.9999,0
607,688003.SH,20230616,46.08,2.9577,7.4333,0.91,58.985,58.9308,5.593,5.6456,5.5059,,,19470.1,19470.1,7747.0955,897182.208,897182.208,0
608,605199.SH,20230616,15.13,1.8066,1.8066,0.74,70.6525,62.8444,5.7411,3.9957,3.6842,0.0,,40010.8752,9334.0752,9334.0752,605364.5418,141224.5578,0
609,300114.SZ,20230616,48.69,4.7617,10.3057,3.59,149.1378,151.0432,12.51,15.0993,15.5185,0.1019,0.0611,59076.0499,59076.0499,27295.9497,2876412.8696,2876412.8696,0
610,002023.SZ,20230616,9.06,3.9824,5.4161,6.34,532.9268,1456.9148,1.6348,7.5375,7.4937,0.0,,75679.1003,65928.0517,48476.6536,685652.6487,597308.1484,0
611,603998.SH,20230616,12.54,1.5226,2.5248,0.67,19.3221,17.5104,4.1068,3.0822,3.0584,1.8835,2.7906,44045.112,42942.972,25897.5345,552325.7045,538504.8689,0
612,001206.SZ,20230616,15.1,0.6251,0.6859,0.87,18.5452,21.4809,1.603,1.8412,1.9287,2.3652,2.3652,18489.3808,11643.3118,10611.9413,279189.6501,175814.0082,0
613,000792.SZ,20230616,19.59,0.3115,0.4535,0.98,6.838,7.4463,3.9659,3.4614,3.8233,0.0,,543287.6672,543281.2327,373201.5332,10643005.4004,10642879.3486,0
614,601865.SH,20230616,36.7,1.1566,3.379,1.77,37.1169,35.8545,5.6104,5.0962,4.55,0.6267,0.6267,214689.4439,169371.4439,57974.2439,7879102.5911,6215931.9911,0
615,603558.SH,20230616,8.22,0.8834,1.614,1.53,11.9745,14.3754,1.3319,1.3316,1.3516,1.8248,6.6408,38126.2949,38126.2949,20867.7174,313398.1441,313398.1441,0
616,301377.SZ,20230616,23.1,9.7953,9.7953,0.55,42.5056,40.6491,4.25,7.7717,7.8838,,0.303,41000.0,5000.0,5000.0,947100.0,115500.0,0
617,688316.SH,20230616,62.35,12.1117,15.1242,0.7,,,10.3731,9.7034,10.0712,,,4746.2175,3560.6707,2851.4272,295926.6611,222007.8181,0
618,603126.SH,20230616,7.94,2.2681,4.7418,2.28,30.9031,30.3773,2.3408,1.5057,1.4961,1.0705,1.0705,61050.0,61050.0,29201.4214,484737.0,484737.0,0
619,920090.BJ,20230616,2.62,0.8349,0.8609,2.24,,,1.9222,1.5616,1.9394,,,19933.3546,13572.344,13162.1998,52225.3891,35559.5413,0
620,601878.SH,20230616,10.11,0.449,0.9932,1.29,23.7025,21.557,1.5148,2.3319,2.1067,1.6815,1.6815,387818.5888,387818.5888,175336.0729,3920845.9328,3920845.9328,0
621,688375.SH,20230616,78.7,5.143,5.143,3.54,60.4716,58.715,5.4712,9.0971,8.8594,,,40001.0,3209.4127,3209.4127,3148078.7,252580.7795,0
622,688255.SH,20230616,31.78,2.5121,3.2175,1.18,94.0679,114.3255,3.1622,8.8645,8.6893,,,10985.887,6891.2997,5380.4753,349131.4889,219005.5045,0
623,300717.SZ,20230616,15.92,0.5973,1.354,0.64,40.8375,38.2758,2.4778,4.7528,4.7755,0.3129,0.3129,10277.5,10185.34,4492.6451,163617.8,162150.6128,0
624,603196.SH,20230616,20.89,4.2369,14.6595,0.71,302.074,242.1298,6.2979,5.256,5.2272,1.5697,1.0918,23964.2512,23784.7312,6874.2312,500613.2076,496863.0348,0
625,600490.SH,20230616,3.7,2.9691,4.0187,1.04,,,1.3642,0.9803,0.8957,0.0,,221288.7079,199262.1386,147219.7928,818768.2192,737269.9128,0
626,300302.SZ,20230616,12.97,8.8377,11.0971,0.78,,,4.1349,14.4372,14.1471,0.0,,48452.5798,36677.7186,29210.2301,628429.96,475710.0102,0
627,688156.SH,20230616,29.97,2.3147,2.3316,1.47,116.4231,117.1536,3.4058,8.8237,8.8591,,,10071.4157,7128.456,7076.536,301840.3285,213639.8263,0
628,002105.SZ,20230616,5.87,0.9865,1.883,1.76,11.4343,13.8386,2.3091,1.1853,1.3647,4.2127,5.8978,36850.0,36850.0,19305.1053,216309.5,216309.5,0
629,601728.SH,20230616,5.96,1.2057,1.8343,0.99,19.7649,19.2347,1.2595,1.1483,1.1219,4.8658,3.2886,9150713.8699,1959042.5382,1287687.6872,54538254.6646,11675893.5277,0
630,002461.SZ,20230616,9.4,0.3333,2.1012,0.84,34.7761,33.8846,2.2042,4.2217,4.0862,1.2766,1.2766,221332.848,221332.848,35105.8036,2080528.7712,2080528.7712,0
631,300501.SZ,20230616,15.99,2.7454,3.5394,1.3,30.2023,29.852,1.9178,3.0561,2.9731,0.7505,0.3127,19353.1505,12490.0139,9688.2662,309456.8765,199715.3223,0
632,002253.SZ,20230616,16.31,4.1418,5.1125,0.86,,,2.6738,14.9663,16.3704,0.0,,22562.6095,20790.3946,16842.9689,367996.1609,339091.3359,0
633,002360.SZ,20230616,7.54,0.8387,0.8944,0.86,16.466,15.9938,1.7889,2.779,2.7746,0.0,,40177.4248,32116.69,30115.2525,302937.783,242159.8426,0
634,300949.SZ,20230616,39.91,6.8557,6.8557,0.52,,,2.1459,4.9874,4.7222,0.0,,6000.0,1700.475,1700.475,239460.0,67865.9573,0
635,301046.SZ,20230616,37.92,12.3183,13.2391,0.83,217.2704,302.4935,7.3613,14.882,16.8977,1.0549,,14979.0,5894.69,5484.69,568003.68,223526.6448,0
636,603988.SH,20230616,9.66,0.378,0.9551,0.53,44.045,54.4386,3.5448,2.6421,2.681,0.5849,,23520.0,23520.0,9308.7264,227203.2,227203.2,0
637,688578.SH,20230616,25.48,1.1021,1.304,0.76,87.8481,60.9662,3.5426,14.4955,11.9893,,,45000.0,20677.4998,17476.0345,1146600.0,526862.6949,0
638,300998.SZ,20230616,30.85,2.228,2.228,0.7,239.7948,248.2176,3.1692,5.4223,4.9433,0.2514,0.5756,13716.923,3499.8144,3499.8144,423167.0746,107969.2742,0
639,001218.SZ,20230616,21.95,0.8922,0.8922,0.99,23.0613,21.562,1.3658,0.9084,0.8862,2.9287,2.7335,12599.37,7401.81,7401.81,276556.1715,162469.7295,0
640,603619.SH,20230616,16.6,2.0657,3.4608,2.15,13.1922,10.3244,2.7094,2.1663,1.976,1.1966,2.7023,40000.01,40000.01,23876.2114,664000.166,664000.166,0
641,002439.SZ,20230616,32.53,1.8832,2.0732,1.48,49.0349,46.6657,4.2452,6.9189,6.5874,0.0772,0.0772,94369.9162,72441.2536,65799.7765,3069853.374,2356513.9796,0
642,603037.SH,20230616,17.6,1.4057,2.206,1.0,23.6559,25.0115,2.1137,2.8757,2.8574,3.3545,3.3545,10490.135,10490.135,6684.169,184626.376,184626.376,0
643,300078.SZ,20230616,4.89,1.4598,1.659,1.2,,,4.1588,3.809,4.409,0.0,,86376.7466,83631.5732,73587.0428,422382.2909,408958.3929,0
644,002946.SZ,20230616,16.38,0.3296,1.8694,0.79,39.2652,37.4397,5.8862,1.4185,1.3901,0.4582,,86658.3098,84640.8476,14923.2099,1419463.1145,1386417.0837,0
645,001267.SZ,20230616,5.63,2.328,2.328,2.25,75.2228,75.0848,2.9809,7.1834,7.1199,1.1163,1.0599,77967.1428,36170.5288,36170.5288,438955.014,203640.0771,0
646,300465.SZ,20230616,11.27,3.9392,5.7181,0.78,,,8.0186,3.4951,3.4011,0.0,,44676.2257,44676.2257,30777.4201,503501.0636,503501.0636,0
647,600112.SH,20230616,2.83,0.5306,0.6036,0.93,,,20.9067,10.547,8.9529,0.0,,50920.4846,50920.4846,44760.4846,144104.9714,144104.9714,0
648,600689.SH,20230616,9.06,1.1006,1.6743,0.53,,,4.2522,1.7617,1.5156,0.0,,20099.1343,15220.4143,10004.52,182098.1568,137896.9536,0
649,603615.SH,20230616,9.01,1.1256,3.1267,1.21,,,1.8032,3.2235,3.2133,0.0,,24182.0,24182.0,8705.4385,217879.82,217879.82,0
650,300346.SZ,20230616,34.46,2.6468,3.1095,1.22,100.3359,103.4947,8.7618,11.849,11.9458,0.1116,0.2031,54370.255,51335.8054,43697.0973,1873598.9873,1769031.8541,0
651,300757.SZ,20230616,84.75,8.8263,16.7971,0.87,358.2847,341.2058,10.8321,10.3715,9.7197,0.0,0.118,11053.0936,10400.0,5464.87,936749.6826,881400.0,0
652,603011.SH,20230616,7.3,8.3033,12.8127,1.21,275.655,533.3059,1.6361,2.0809,2.1131,0.411,0.411,49441.4437,49441.4437,32040.6925,360922.539,360922.539,0
653,300484.SZ,20230616,13.77,3.1853,3.5671,0.87,34.3341,35.3594,4.6924,6.4276,6.8601,1.8746,2.6144,20861.59,16017.2753,14303.006,287264.0943,220557.8809,0
654,605198.SH,20230616,19.55,6.0474,25.3223,0.85,35.9819,31.2326,2.8762,6.5636,6.8379,0.2558,0.2558,35770.0,8374.604,2000.0,699303.5,163723.5082,0
655,605050.SH,20230616,12.0,0.8098,1.6314,1.01,19.3928,18.4862,1.4705,0.5718,0.5913,2.648,2.648,49282.9181,15150.0,7520.0,591395.0172,181800.0,0
656,300166.SZ,20230616,12.94,8.1578,9.0935,0.77,,,2.2776,6.5153,6.4261,0.0,,115238.1437,91941.0291,82480.4875,1491181.5795,1189716.9166,0
657,600571.SH,20230616,9.93,2.7284,3.4873,1.65,,,4.4438,3.1001,2.9966,2.499,2.499,48015.8629,44564.0503,34866.0345,476797.5186,442521.0195,0
658,002091.SZ,20230616,7.75,0.3434,0.6003,1.31,7.3146,7.8733,0.9306,0.295,0.3079,3.1647,3.2258,162760.1444,157311.8203,89994.7436,1261391.1191,1219166.6073,0
659,920914.BJ,20230616,9.37,0.1573,0.1573,1.26,17.5281,19.5944,1.0792,1.0347,1.0516,,,10000.0,6019.975,6019.975,93700.0,56407.1658,0
660,300321.SZ,20230616,15.7,0.5108,1.072,0.9,122.4405,,2.2655,3.0023,3.3888,0.2038,0.4268,8880.0,8533.8462,4066.154,139416.0,133981.3853,0
661,002861.SZ,20230616,11.2,2.2355,3.1693,0.84,,,1.9614,2.4034,2.6297,0.0,,15555.0665,10968.1493,7736.4884,174216.7448,122843.2722,0
662,300668.SZ,20230616,22.8,3.2103,5.1148,1.05,119.7161,61.1144,3.8082,6.2823,5.5908,0.4372,0.4372,12038.1273,7894.5996,4955.045,274469.3024,179996.8709,0
663,920634.BJ,20230616,7.28,0.5298,0.5332,2.17,22.6381,22.7333,2.0042,0.7752,0.7718,,,6232.2,1549.392,1539.573,45370.416,11279.5738,0
664,301305.SZ,20230616,21.88,5.7424,5.7424,0.71,21.9734,23.4017,1.6084,2.9305,2.9646,,,24357.07,5595.7284,5595.7284,532932.6916,122434.5374,0
665,001260.SZ,20230616,21.64,4.1216,4.1216,0.46,38.7017,43.1125,3.4054,5.5369,5.4996,,2.403,11500.0,2875.0,2875.0,248860.0,62215.0,0
666,688158.SH,20230616,22.88,9.3894,10.0553,0.74,,,3.6016,5.2564,5.7218,,,45309.5081,35540.6836,33186.9315,1036681.5453,813170.8408,0
667,600241.SH,20230616,7.8,1.0343,2.0136,0.82,44.8034,58.1351,2.1164,2.4523,2.5434,0.0,,29430.2115,29430.2115,15116.8642,229555.6497,229555.6497,0
668,601766.SH,20230616,6.55,0.4242,1.0563,1.58,16.1306,15.6011,1.2075,0.8432,0.8367,2.7481,2.7481,2869886.4088,2432779.8048,976940.8598,18797755.9776,15934707.7214,0
669,688420.SH,20230616,39.93,2.026,2.026,0.65,28.3284,27.9571,2.4883,7.2167,6.6408,,,8843.0,2122.56,2122.56,353100.99,84753.8208,0
670,300960.SZ,20230616,20.5,8.268,8.268,0.55,71.3753,62.4776,3.3156,7.1014,6.9666,1.4634,1.4634,10238.5812,2560.0,2560.0,209890.9146,52480.0,0
671,688048.SH,20230616,106.1,19.7172,20.9553,1.49,156.8228,200.8757,5.857,48.5042,51.3838,,,17627.9943,6159.7306,5795.7955,1870330.1952,653547.4167,0
672,601169.SH,20230616,4.71,0.2176,0.312,0.96,4.0219,3.9993,0.4171,1.5026,1.5307,6.4756,6.4756,2114298.4272,2114298.4272,1474719.1845,9958345.5921,9958345.5921,0
673,001896.SZ,20230616,4.52,0.5695,1.2922,0.68,,,2.057,0.5266,0.5548,0.0,,152578.133,132078.133,58208.0646,689653.1612,596993.1612,0
674,603787.SH,20230616,16.3,0.5454,2.0244,0.64,23.1315,20.5666,2.5158,0.765,0.7411,0.2719,2.719,23014.379,20400.0,5496.08,375134.3777,332520.0,0
675,300323.SZ,20230616,6.87,1.1712,1.4598,1.68,,,1.3823,3.6309,4.1153,0.0,,124462.7862,92237.8119,74006.5076,855059.3412,633673.7678,0
676,688499.SH,20230616,87.48,1.3992,1.3992,0.93,26.6815,53.942,3.2652,1.8376,1.6559,,,8830.4492,4047.5839,4047.5839,772487.696,354082.6396,0
677,601963.SH,20230616,8.18,0.5668,0.7725,0.76,5.8387,5.7924,0.6217,2.1107,2.103,4.7676,4.7676,347455.1887,69140.4625,50725.3527,2842183.4436,565568.9833,0
678,002454.SZ,20230616,8.15,1.1885,2.122,0.51,54.6187,42.4009,1.355,1.2125,1.1613,0.4908,0.8589,62858.16,62621.2428,35074.1619,512294.004,510363.1288,0
679,603949.SH,20230616,15.19,0.576,2.3037,0.74,75.5524,74.233,3.3245,11.0145,10.2577,1.9635,1.975,21102.9901,20980.61,5245.8,320554.4196,318695.4659,0
680,300513.SZ,20230616,15.49,6.1532,6.5104,0.89,157.9934,88.9306,2.0359,3.8489,3.689,0.0,,31369.1155,27021.3491,25538.7416,485907.5991,418560.6976,0
681,600258.SH,20230616,20.89,1.158,2.0897,1.07,,,2.2124,4.5925,4.2245,0.1247,0.1247,111885.8874,107043.2056,59316.4151,2337296.1878,2236132.565,0
682,300848.SZ,20230616,20.42,2.0987,2.2946,0.77,55.0518,54.5329,6.2698,4.1533,4.3709,0.4353,0.3265,30001.5,10538.55,9638.55,612630.63,215197.191,0
683,300972.SZ,20230616,41.46,2.9376,2.9925,1.01,133.2361,83.6545,8.8042,11.5866,5.3279,0.5306,,15350.0,7481.6,7344.3361,636411.0,310187.136,0
684,600446.SH,20230616,15.66,3.9459,5.6838,1.01,54.7298,59.1212,4.0439,2.2744,2.2622,0.1706,0.3538,94081.5005,94081.5005,65314.5643,1473316.2978,1473316.2978,0
685,300197.SZ,20230616,2.44,0.8216,1.2587,1.05,,,1.2435,2.4691,2.5299,0.0,,282287.3062,198982.2755,129881.4382,688781.0271,485516.7522,0
686,002341.SZ,20230616,3.51,0.7196,0.7554,1.0,,,3.8107,4.132,4.7964,0.0,,115221.4592,95693.6136,91163.4642,404427.3218,335884.5837,0
687,601515.SH,20230616,4.37,0.3838,0.8993,0.78,27.843,20.4988,1.403,2.1511,2.229,8.581,,184296.0614,184296.0614,78653.8075,805373.7883,805373.7883,0
688,002696.SZ,20230616,6.24,1.7165,2.659,0.62,34.973,36.745,1.5234,0.6783,0.6911,0.0,,34938.691,34656.6317,22371.3336,218017.4318,216257.3818,0
689,002900.SZ,20230616,12.96,1.1629,1.7166,0.67,135.8031,58.1565,2.0031,3.9893,3.6832,2.4163,0.7716,31656.005,16521.1492,11191.8367,410261.8248,214114.0936,0
690,002741.SZ,20230616,16.35,0.8835,1.4996,1.11,55.7847,,4.1059,1.9742,2.0394,0.181,,39874.1458,33737.8438,19876.0298,651942.2838,551613.7461,0
691,603656.SH,20230616,13.85,2.7991,4.4592,1.95,118.3498,242.5571,1.9317,5.3239,5.3291,0.5934,0.5934,18425.9858,15204.56,9544.2368,255199.9033,210583.156,0
692,600844.SH,20230616,2.74,0.3804,0.5332,0.91,,,3.1188,2.9827,3.0773,0.0,,101652.424,82273.0634,58695.4202,278527.6418,225428.1937,0
693,600033.SH,20230616,3.09,0.5036,1.0925,1.33,10.0907,10.0102,0.7713,3.1741,3.1418,4.8544,4.8544,274440.0,274440.0,126491.9499,848019.6,848019.6,0
694,688398.SH,20230616,31.63,0.8567,1.7529,1.43,57.4535,56.9598,3.9379,5.7535,5.7336,,,11600.0,11600.0,5669.5145,366908.0,366908.0,0
695,300498.SZ,20230616,17.17,0.616,0.6432,1.09,21.2771,17.8536,3.3248,1.3444,1.2631,0.5817,1.7425,655414.1757,534964.1379,512321.6756,11253461.3968,9185334.2477,0
696,601168.SH,20230616,10.97,1.5717,2.0859,1.47,7.5861,7.7451,1.9359,0.6574,0.613,1.8232,12.7621,238300.0,238300.0,179548.7361,2614151.0,2614151.0,0
697,301388.SZ,20230616,26.19,18.3202,18.3202,1.42,44.3349,39.6682,2.7762,5.5742,5.8,,2.291,10244.76,2561.19,2561.19,268310.2644,67077.5661,0
698,688133.SH,20230616,100.75,1.4592,1.4597,1.55,68.0209,65.0656,3.0754,3.2553,3.1658,,,8426.3856,5950.7396,5948.4196,848958.3492,599537.0147,0
699,002648.SZ,20230616,14.79,0.8166,1.6479,1.35,16.2718,22.164,2.2798,1.345,1.3002,3.1378,1.9319,336876.2244,336541.4852,166779.2631,4982399.3589,4977448.5661,0
700,603151.SH,20230616,16.49,3.3173,3.3173,0.81,23.0282,23.6582,2.3729,1.6704,1.6194,,3.0321,16800.0,4200.0,4200.0,277032.0,69258.0,0
701,002785.SZ,20230616,22.05,2.1835,2.3336,0.88,,,7.4866,3.3972,3.5403,0.0,,20115.0,16667.7053,15595.7404,443535.75,367522.9019,0
702,300209.SZ,20230616,2.8,1.5888,1.6021,1.16,,,15.33,1.5267,1.7783,0.0,,42210.733,39017.3856,38694.3784,118190.0524,109248.6797,0
703,600037.SH,20230616,9.11,1.3969,2.2707,0.97,37.9235,71.1502,0.9722,5.1928,5.1822,0.5049,0.5049,139177.7884,139177.7884,85620.9691,1267909.6523,1267909.6523,0
704,920262.BJ,20230616,8.81,0.4676,0.6062,0.69,14.8458,14.8391,1.575,1.3757,1.2425,,,5316.4758,1309.6928,1010.1611,46838.1518,11538.3936,0
705,002247.SZ,20230616,2.3,3.4526,4.3157,0.71,37.0128,36.0047,2.6352,2.0934,2.2122,0.0,,85087.0049,64354.0672,51484.5522,195700.1113,148014.3546,0
706,688232.SH,20230616,54.98,5.0366,5.0366,2.7,31.6607,34.6905,3.4034,6.4241,6.3938,,,33000.0,9705.0415,9705.0415,1814340.0,533583.1817,0
707,601689.SH,20230616,76.2,1.3587,3.7835,1.08,49.3939,47.5934,6.752,5.2509,5.0236,0.3648,,110204.8168,110204.8168,39575.023,8397607.0402,8397607.0402,0
708,300705.SZ,20230616,26.63,0.9023,1.0786,0.62,34.011,31.5622,5.8225,3.9432,3.8557,0.6678,0.8823,34445.2427,21441.3739,17935.355,917276.8131,570983.787,0
709,002624.SZ,20230616,19.0,4.387,6.1163,0.98,26.7643,47.3614,4.2356,4.8054,4.9504,6.2124,1.807,193996.8404,182736.0892,131070.369,3685939.9676,3471985.6948,0
710,000987.SZ,20230616,6.74,0.2778,1.2987,0.92,13.463,12.8081,1.2202,4.3797,4.293,2.198,2.198,501713.2462,501596.124,107292.1597,3381547.2794,3380757.8758,0
711,002265.SZ,20230616,13.4,1.6033,3.6121,2.11,60.5463,40.735,4.3521,3.2526,2.8567,0.0,,103304.0407,31856.6172,14140.0113,1384274.1454,426878.6705,0
712,603901.SH,20230616,13.48,0.2759,0.5562,0.88,24.0455,22.4811,2.7322,2.3938,2.3016,1.1951,0.9567,48816.4493,48317.4059,23966.0359,658045.7366,651318.6315,0
713,001366.SZ,20230616,16.54,11.5403,11.5403,0.9,34.4295,28.1228,3.2017,1.5547,1.4774,,1.0883,16068.0,4035.0,4035.0,265764.72,66738.9,0
714,601608.SH,20230616,4.06,0.6612,2.0203,2.01,121.0721,119.4928,2.2814,1.9959,1.9945,0.4064,0.4064,433941.9293,433941.9293,142009.7299,1761804.233,1761804.233,0
715,000886.SZ,20230616,5.47,0.5362,0.7274,0.75,21.6208,21.8065,1.7896,31.9744,36.7544,0.9141,0.9141,98882.83,97550.2198,71909.0662,540889.0801,533599.7023,0
716,601968.SH,20230616,7.23,1.2419,3.0916,1.66,30.5169,30.8415,2.1484,0.9589,0.9695,1.6598,1.6598,113303.9174,90513.2435,36359.612,819187.3228,654410.7505,0
717,000801.SZ,20230616,7.23,2.259,4.4505,2.06,37.3598,36.0051,2.5517,1.9036,1.8596,0.7054,,102280.6646,102280.6646,51916.5938,739489.2051,739489.2051,0
718,601021.SH,20230616,58.95,0.6199,1.4008,2.06,,,4.0979,6.8928,5.8438,0.0,,97854.8805,97854.8805,43308.706,5768545.2055,5768545.2055,0
719,000665.SZ,20230616,6.02,3.1954,5.5968,0.67,,,1.1901,3.1385,3.1211,0.0,,113424.9607,113420.4142,64754.4479,682818.2634,682790.8935,0
720,688295.SH,20230616,35.19,1.1798,1.1798,0.76,52.3415,51.217,6.799,15.8767,15.0554,,,90000.0,12574.1039,12574.1039,3167100.0,442482.7162,0
721,002694.SZ,20230616,6.02,4.622,6.6557,4.28,,,326.5673,3.4054,3.595,0.0,,59719.68,53856.2596,37400.3829,359512.4736,324214.6828,1
722,603130.SH,20230616,22.45,2.5486,2.5486,0.63,31.1611,37.5957,2.5471,1.6639,1.6493,,0.98,14000.0,3500.0,3500.0,314300.0,78575.0,0
723,688057.SH,20230616,14.12,0.5183,0.5183,1.2,12.8309,15.1298,1.2968,4.927,5.6023,,,27600.0,14000.8,14000.8,389712.0,197691.296,0
724,600310.SH,20230616,4.34,5.2874,8.9454,0.56,,,2.0421,0.3649,0.3183,0.384,,146571.0722,121533.0,71835.2412,636118.4533,527453.22,0
725,603587.SH,20230616,15.09,0.4036,1.7403,1.13,18.878,18.2131,1.9421,3.0243,3.0073,6.6106,6.6106,48107.76,47807.46,11087.46,725946.0984,721414.5714,0
726,300187.SZ,20230616,5.76,0.4085,0.9455,0.69,,,3.7692,5.2131,4.8818,1.3865,,64562.2165,64435.9543,27835.579,371878.367,371151.0968,0
727,300774.SZ,20230616,10.88,3.052,3.052,1.39,134.9701,104.0782,3.0969,5.3009,5.0716,1.8382,,40876.366,12366.7605,12366.7605,444734.8621,134550.3542,0
728,000933.SZ,20230616,13.8,1.5549,2.3505,0.69,4.1029,4.333,2.0192,0.7274,0.7491,3.2609,7.2464,225098.6609,223146.0309,147615.3567,3106361.5204,3079415.2264,0
729,600396.SH,20230616,2.45,0.571,1.3004,0.95,,,,0.5061,0.5175,0.0,,147270.6817,147270.6817,64662.6238,360813.1702,360813.1702,0
730,300411.SZ,20230616,6.43,0.6448,0.699,1.12,193.5415,,2.8538,6.128,6.2147,0.0,,40652.0007,27023.4691,24925.1179,261392.3645,173760.9063,0
731,000419.SZ,20230616,5.64,1.9512,3.5063,0.83,21.0346,24.2032,0.9629,1.5442,1.5426,2.8369,2.8369,54358.2655,54329.9845,30232.7361,306580.6174,306421.1126,0
732,300470.SZ,20230616,46.01,0.3947,0.5137,0.93,30.9678,29.1897,4.0096,7.8851,7.7419,1.0832,1.072,20817.1277,19834.9577,15237.9312,957796.0455,912606.4038,0
733,002654.SZ,20230616,8.46,7.5533,11.1377,0.56,,,4.8275,1.9082,1.8259,0.0,,84530.2544,78407.6487,53173.8141,715125.9522,663328.708,0
734,603706.SH,20230616,14.37,0.4905,1.5738,1.04,19.852,19.3993,1.7984,2.5744,2.4854,5.5672,10.4384,18938.2714,18938.2714,5902.231,272142.96,272142.96,0
735,600513.SH,20230616,9.71,1.1456,1.8503,1.04,19.7225,19.6239,2.2207,1.4261,1.3924,1.2873,2.8321,28714.5674,28545.627,17673.7754,278818.4495,277178.0382,0
736,300672.SZ,20230616,85.77,3.6668,6.6097,0.78,122.6275,84.7427,4.5723,5.1689,3.8665,0.391,,21725.0112,17428.8903,9668.6642,1863354.2106,1494875.921,0
737,603979.SH,20230616,32.26,0.3554,0.6413,0.67,31.8568,30.5437,3.1884,3.6275,3.4149,0.3065,0.3065,60213.1008,60213.1008,33362.7548,1942474.6318,1942474.6318,0
738,300603.SZ,20230616,13.79,9.6297,11.5335,0.69,,,4.2808,8.4794,9.1727,0.0,,46531.5498,25239.5906,21073.4171,641670.0717,348053.9544,0
739,600885.SH,20230616,31.59,0.9713,1.3369,1.9,26.4064,25.4736,4.6368,2.8072,2.7135,0.97,2.1096,104267.4657,104267.4657,75752.0163,3293809.2415,3293809.2415,0
740,600071.SH,20230616,21.58,3.3437,6.5945,1.87,1268.9992,,12.1303,3.2586,3.3065,0.0,,28157.3889,28157.3889,14277.0761,607636.4525,607636.4525,0
741,601599.SH,20230616,4.16,7.4971,8.8769,0.64,59.0474,57.9936,3.6341,1.7673,1.8063,0.0,,116054.2453,89272.4964,75396.1038,482785.6604,371373.585,0
742,603043.SH,20230616,29.48,0.4238,1.2968,1.09,32.2214,31.2175,5.2728,4.0773,3.9131,1.3532,1.3569,56877.0805,56877.0805,18588.6261,1676736.3331,1676736.3331,0
743,301227.SZ,20230616,28.2,5.0451,5.0451,0.55,24.7655,24.1342,1.5843,3.014,3.0776,,3.5461,9480.0,2218.9674,2218.9674,267336.0,62574.8807,0
744,603188.SH,20230616,3.44,0.6312,0.9418,1.03,,,1.3152,2.0298,2.2349,0.0,,57017.0,57017.0,38215.8,196138.48,196138.48,0
745,300032.SZ,20230616,6.11,1.1322,1.3557,1.06,94.771,77.1399,4.0307,1.272,1.1901,0.0,,80316.9608,80316.8108,67074.1395,490736.6305,490735.714,0
746,603978.SH,20230616,17.44,0.3639,0.6869,0.78,,,1.8043,1.8987,2.0486,0.0,,16595.2919,16595.2919,8791.9105,289421.8907,289421.8907,0
747,002272.SZ,20230616,7.88,23.1268,26.3777,1.32,289.1163,,2.3686,2.0331,2.0598,0.6345,,43826.0,33495.4394,29367.3806,345348.88,263944.0625,1
748,601668.SH,20230616,6.12,0.5841,1.3645,1.44,5.037,4.8631,0.6585,0.1249,0.1225,4.0856,4.0856,4193443.2844,4132039.0444,1768969.4447,25663872.9005,25288078.9517,0
749,002297.SZ,20230616,7.7,1.1256,1.636,1.73,184.2617,206.5185,2.1049,7.9167,8.0777,0.0,,57310.4819,57310.4819,39431.506,441290.7106,441290.7106,0
750,601163.SH,20230616,15.33,0.5,1.3527,0.82,16.626,13.4635,1.0278,1.3301,1.248,1.5003,1.5003,80000.0,80000.0,29569.4275,1226400.0,1226400.0,0
751,688031.SH,20230616,142.77,4.4396,4.4396,0.76,,,10.6005,46.3003,44.0983,,,12084.2068,2812.6202,2812.6202,1725262.2048,401557.786,0
752,000417.SZ,20230616,4.87,1.2265,1.9797,1.26,22.6604,21.91,0.877,0.6027,0.5967,1.232,,77988.42,77902.7451,48263.6984,379803.6054,379386.3686,0
753,688143.SH,20230616,43.2,4.7219,4.7219,1.86,50.3506,64.3682,3.2758,12.9612,14.2439,,,9413.4174,2005.88,2005.88,406659.6317,86654.016,0
754,003032.SZ,20230616,16.89,15.3011,15.3065,0.75,37.5988,37.9243,5.0103,8.4669,8.6482,0.1133,,40244.75,17408.7121,17402.6221,679733.8275,294033.1474,0
755,600020.SH,20230616,3.59,0.472,1.3687,0.86,57.4281,20.9446,0.7546,1.0887,1.0516,2.7855,3.3148,224737.1832,224737.1832,77498.49,806806.4877,806806.4877,0
756,001289.SZ,20230616,20.88,4.3981,4.3981,0.9,34.2349,33.703,2.644,4.3904,4.4532,0.704,0.704,838196.3164,13333.6023,13333.6023,17501539.0864,278405.616,0
757,000685.SZ,20230616,7.41,0.5585,1.1017,0.83,10.1959,9.3514,0.6844,3.0201,2.7738,4.0486,4.0486,147511.1351,125317.6733,63530.961,1093057.5111,928603.9592,0
758,002986.SZ,20230616,25.93,0.262,0.4697,0.86,13.7463,12.9082,2.3029,0.9445,0.9248,0.2682,,22815.14,21663.39,12084.586,591596.5802,561731.7027,0
759,301325.SZ,20230616,106.5,9.1281,9.1281,0.94,62.9124,53.1646,4.703,26.1633,22.871,,,12000.0,2478.3996,2478.3996,1278000.0,263949.5574,0
760,300268.SZ,20230616,16.28,0.6427,0.918,0.65,,,,0.5131,0.4922,0.0,,17420.0,13359.1306,9352.5387,283597.6,217486.6462,0
761,600202.SH,20230616,5.41,3.0527,4.6273,0.99,55.3674,54.0585,2.5389,1.8801,1.77,0.0,,38334.0672,38334.0672,25289.1287,207387.3036,207387.3036,0
762,600675.SH,20230616,2.93,0.2348,0.8221,0.7,774.7578,,1.1934,6.8663,7.7573,1.794,1.794,609613.5252,609613.5252,174128.066,1786167.6288,1786167.6288,0
763,603018.SH,20230616,9.04,2.4591,2.6404,0.79,9.042,9.0206,1.4311,1.0586,1.0667,2.8761,2.861,68378.0952,66862.0952,62269.4944,618137.9806,604433.3406,0
764,301187.SZ,20230616,17.68,3.8288,3.8288,1.52,20.019,22.616,2.2149,2.5149,2.6844,2.8281,,18260.7661,4787.4222,4787.4222,322850.3446,84641.6245,0
765,002795.SZ,20230616,8.41,1.9237,2.438,1.4,,,4.2176,3.7881,3.8249,0.0,,44580.6998,34092.5998,26900.8894,374923.6853,286718.7643,0
766,300575.SZ,20230616,10.12,0.6737,0.7628,0.8,11.1976,11.635,2.3086,1.5838,1.5601,1.3185,2.1739,46475.64,34412.5582,30391.5308,470333.4768,348255.089,0
767,300247.SZ,20230616,3.41,2.7403,3.3495,3.23,21.7068,20.7183,2.7455,5.9177,5.5017,0.0,,80404.0313,80327.5313,65718.2911,274177.7467,273916.8817,0
768,603038.SH,20230616,9.0,4.4942,8.2867,0.73,174.5244,92.4406,1.3866,2.4071,2.5113,0.7778,0.7778,20667.4697,20667.4697,11208.7197,186007.2273,186007.2273,0
769,002030.SZ,20230616,10.16,0.581,0.8497,0.37,2.6345,3.7833,1.6055,1.1837,1.5799,10.9252,17.2244,140344.6032,140344.6032,95953.7128,1425901.1685,1425901.1685,0
770,600157.SH,20230616,1.38,1.6187,1.977,1.07,16.0589,15.3145,0.6892,0.8623,0.8789,0.0,,2221776.4145,2221776.4145,1819047.1763,3066051.452,3066051.452,0
771,001208.SZ,20230616,9.57,1.3063,1.7646,1.12,46.5695,51.5417,3.4091,1.6961,1.6348,0.3135,0.3135,53442.4,24962.88,18479.3403,511443.768,238894.7616,0
772,002772.SZ,20230616,10.48,1.7401,2.735,1.01,26.005,12.0305,1.2575,2.09,1.9563,0.9541,2.8626,39293.2797,38834.7832,24707.9461,411793.5713,406988.5279,0
773,603212.SH,20230616,19.79,2.1662,4.2047,1.38,50.883,75.2201,2.8972,2.1174,2.147,0.5797,,44029.9036,43749.0636,22539.3038,871351.7922,865793.9686,0
774,002394.SZ,20230616,8.17,1.1761,1.9791,1.06,16.5716,12.5983,0.6536,0.6286,0.6423,0.0,,32370.0,32271.1278,19177.7178,264462.9,263655.1141,0
775,002723.SZ,20230616,10.28,1.5495,2.5415,0.98,326.3178,241.3057,2.6143,1.8967,1.791,0.0,,31813.5676,30841.134,18802.5965,327043.4749,317046.8575,0
776,300050.SZ,20230616,4.46,1.6774,2.0657,0.82,,,3.7015,5.3373,6.2093,0.0,,56003.6718,50943.5187,41369.0487,249776.3762,227208.0934,0
777,603819.SH,20230616,15.37,0.4276,0.8211,1.03,,,4.653,2.2769,2.2966,0.2928,0.1301,21773.0187,21773.0187,11340.1347,334651.2974,334651.2974,0
778,000612.SZ,20230616,4.88,0.4241,0.6465,1.15,19.196,46.9533,1.0936,0.8715,0.9542,1.8443,1.8443,119219.9394,119137.9644,78139.1177,581793.3043,581393.2663,0
779,301101.SZ,20230616,43.32,1.0881,1.3293,1.0,64.1002,58.5393,5.9625,14.0106,13.2571,0.8156,0.4617,20151.21,7146.81,5850.1036,872950.4172,309599.8092,0
780,605337.SH,20230616,19.65,2.1238,2.133,0.96,35.0654,32.3756,4.567,5.5221,5.5072,1.2583,1.1744,39443.04,15434.3062,15368.0062,775055.736,303284.1168,0
781,300239.SZ,20230616,6.27,0.5384,0.6814,0.89,34.0093,31.8515,2.4102,3.9452,3.8113,0.0957,0.4147,59360.2983,51408.2519,40622.2799,372189.0703,322329.7394,0
782,601333.SH,20230616,4.07,2.0503,3.8337,0.73,,,1.1207,1.4456,1.3669,0.0,,708353.7,565223.7,302278.57,2882999.559,2300460.459,0
783,688678.SH,20230616,17.2,2.1979,2.1979,1.62,18.4108,22.7496,2.0839,3.217,3.4212,,,17335.0,8997.1138,8997.1138,298162.0,154750.3574,0
784,301391.SZ,20230616,116.34,3.5626,3.5626,0.65,60.2179,56.4698,3.9283,11.6469,11.243,,0.5157,6800.0,1594.8855,1594.8855,791112.0,185548.9791,0
785,300583.SZ,20230616,25.4,0.5463,1.1329,0.87,71.7383,67.5314,1.5163,2.2952,2.1615,0.0533,0.0533,11856.3829,10438.7067,5033.8203,301152.1257,265143.1502,0
786,300636.SZ,20230616,12.25,0.7262,0.9708,1.01,42.623,40.1246,3.1893,5.9601,5.6392,0.3026,0.6699,35026.4883,28966.1946,21668.2213,429074.4817,354835.8839,0
787,002952.SZ,20230616,17.29,1.0128,2.8219,0.77,23.3789,22.0304,3.3179,3.2118,3.1147,0.9254,2.2853,16434.0,13063.4282,4688.5792,284143.86,225866.6736,0
788,601969.SH,20230616,6.67,0.3077,0.7503,1.07,22.1002,23.3135,2.1888,2.8144,2.7504,0.0,1.4714,203795.4529,202655.7209,83121.2097,1359315.6708,1351713.6584,0
789,000411.SZ,20230616,12.05,1.4349,3.753,1.85,28.6991,26.1414,1.7123,0.1989,0.194,0.8386,1.8844,50545.952,30084.5056,11502.0302,609078.7216,362518.2925,0
790,603238.SH,20230616,11.85,0.5446,1.3889,1.1,56.2229,52.461,1.6497,1.3345,1.284,0.5063,1.3502,17898.8,17750.9,6960.0,212100.78,210348.165,0
791,603970.SH,20230616,20.52,0.6685,1.6587,0.59,26.224,25.1345,4.3118,0.4715,0.4594,1.2183,1.9145,26880.0134,26880.0134,10832.6534,551577.875,551577.875,0
792,300882.SZ,20230616,31.63,31.1776,31.1776,1.09,47.8305,39.2269,6.5141,7.66,6.8469,0.1581,0.1581,20442.942,5760.6445,5760.6445,646610.2555,182209.1855,0
793,300128.SZ,20230616,4.05,1.64,2.3509,0.96,,,7.3317,3.1607,2.8971,0.0,,109411.5412,109309.0462,76256.5378,443116.7419,442701.6371,0
794,300491.SZ,20230616,33.88,8.7358,11.3818,0.79,132.5485,85.9544,5.7645,9.1943,8.4998,0.0885,0.1476,17345.3199,15386.3429,11809.3781,587659.4382,521289.2975,0
795,002677.SZ,20230616,10.62,0.5361,0.8072,0.83,15.174,15.9096,4.1188,3.7412,3.8998,6.2147,5.838,64605.1647,43048.5344,28590.4337,686106.8491,457175.4353,0
796,603717.SH,20230616,6.68,1.9009,2.7777,0.9,,,1.7882,2.0512,1.9183,0.0,,29014.624,29014.624,19855.5611,193817.6883,193817.6883,0
797,001202.SZ,20230616,14.32,1.6948,1.9487,0.82,46.781,46.7268,2.6864,1.7002,1.7696,4.1899,1.0824,12880.0,4022.2,3498.0351,184441.6,57597.904,0
798,603351.SH,20230616,25.74,1.1243,2.7295,2.48,36.6964,37.1733,2.3671,3.1388,3.2686,1.1655,1.0878,13547.8432,13259.1412,5461.6583,348721.484,341290.2945,0
799,600051.SH,20230616,7.25,0.94,1.3256,1.3,15.0307,13.5178,0.6981,0.8484,0.7464,1.3793,1.6552,31088.0,31088.0,22046.24,225388.0,225388.0,0
800,002988.SZ,20230616,17.0,0.5087,1.4215,0.99,,,1.893,0.7311,0.7295,1.2941,,23277.1,23258.8,8323.6259,395710.7,395399.6,0
801,600636.SH,20230616,14.53,6.5706,11.5231,0.71,47.8781,46.9061,2.3791,13.6547,13.2884,0.2782,0.2782,44044.9035,44044.9035,25114.7349,639972.4479,639972.4479,0
802,605089.SH,20230616,41.28,4.8304,4.8304,1.64,39.7872,39.8044,4.8715,7.136,6.9956,1.7554,1.4043,13800.0,3657.0,3657.0,569664.0,150960.96,0
803,000530.SZ,20230616,5.59,5.2319,7.3157,0.68,258.2017,83.5648,1.5548,1.6292,1.3923,0.1789,0.1789,84321.2507,60004.1613,42912.4679,471355.7914,335423.2617,0
804,300950.SZ,20230616,20.48,13.5276,13.5276,1.47,46.8547,38.1219,4.8074,9.4953,8.4712,0.3255,0.4883,15000.0,6000.0,6000.0,307200.0,122880.0,0
805,002674.SZ,20230616,10.97,0.5971,1.2969,0.95,21.2645,18.2899,1.4341,1.6108,1.4603,2.7347,4.5579,29186.2944,28886.6652,13299.1766,320173.6496,316886.7172,0
806,300777.SZ,20230616,45.66,1.2471,1.558,1.53,33.7041,30.7253,5.1088,25.1781,24.153,0.1818,0.5475,43957.4787,40370.9737,32316.5154,2007098.4774,1843338.6591,0
807,301060.SZ,20230616,16.63,2.3998,2.8239,0.94,10.7895,14.4326,3.195,1.5861,1.7601,1.804,,40051.7,17896.4432,15208.4932,666059.771,297617.8504,0
808,688432.SH,20230616,16.19,4.365,4.365,0.71,57.4937,54.8533,4.9826,17.186,17.5282,,,124762.1058,14659.7151,14659.7151,2019898.4929,237340.7875,0
809,000990.SZ,20230616,7.69,0.3899,0.8362,0.66,176.7255,,0.5361,0.7976,0.7972,0.0,1.4304,121523.7535,121523.6635,56666.8406,934517.6644,934516.9723,0
810,301198.SZ,20230616,14.95,5.7823,5.7823,0.83,38.3998,37.8594,2.6999,5.9034,5.9839,1.1874,1.0291,16900.0,7784.14,7784.14,252655.0,116372.893,0
811,920718.BJ,20230616,5.29,0.2823,0.2823,0.52,10.6473,9.2916,1.018,0.5219,0.5288,,,9066.67,1985.876,1985.876,47962.6843,10505.284,0
812,600676.SH,20230616,4.42,2.538,4.7297,0.39,167.3709,114.7289,0.827,0.7649,0.8489,0.0,,102849.2944,102849.2944,55189.9254,454593.8812,454593.8812,0
813,300686.SZ,20230616,11.29,9.7581,10.9882,1.64,,,2.1997,1.7189,1.9318,0.3356,,26562.424,19850.2887,17628.1301,299889.767,224109.7594,0
814,688055.SH,20230616,4.23,0.1341,0.6987,1.15,56.0326,,3.0019,3.3517,3.8509,,,333333.34,180333.34,34611.34,1410000.0282,762810.0282,0
815,002119.SZ,20230616,13.23,2.2564,3.2236,0.9,48.6881,54.4679,4.0235,2.9158,3.0112,0.3779,0.6047,37528.4,37528.4,26267.8085,496500.732,496500.732,0
816,000652.SZ,20230616,4.07,0.5453,0.8139,0.93,33.7061,33.2237,1.0888,0.2966,0.2678,0.2457,0.2457,147557.3852,147445.4109,98787.3598,600558.5578,600102.8224,0
817,300231.SZ,20230616,9.26,2.6467,2.8554,0.94,22.3277,22.6644,2.6631,1.6011,1.7391,2.1598,2.1598,41896.3244,34358.5289,31846.6909,387959.9639,318159.9776,0
818,688247.SH,20230616,12.9,3.5198,3.5198,0.77,62.9222,72.7418,4.9352,23.6227,25.785,,,45334.0,4307.3,4307.3,584808.6,55564.17,0
819,605488.SH,20230616,15.89,10.5889,10.5889,6.04,37.2258,40.0136,2.7426,1.4772,1.502,2.1745,1.2587,17676.4425,4350.0,4350.0,280878.6713,69121.5,0
820,300412.SZ,20230616,5.1,1.5389,2.2007,1.29,,,2.4238,2.3006,2.3227,0.692,,49775.6637,47245.3146,33036.7046,253855.8849,240951.1045,0
821,603056.SH,20230616,14.43,1.3137,5.6982,1.6,22.8418,18.5005,2.1141,0.4721,0.4662,0.0,,102695.5265,95999.7795,22133.1251,1481896.4474,1385276.8182,0
822,301196.SZ,20230616,33.78,0.9009,0.9009,0.33,25.7922,27.8981,1.4458,4.4001,4.4558,1.7762,2.0722,12480.0,3717.5,3717.5,421574.4,125577.15,0
823,300026.SZ,20230616,5.62,1.0175,1.5553,0.66,27.0488,30.0738,2.0165,2.5388,2.5672,0.7117,0.5338,300415.4837,270362.4442,176875.6715,1688335.0184,1519436.9364,0
824,002973.SZ,20230616,11.41,0.9483,1.8231,1.17,14.8215,13.5693,2.3401,1.179,1.1639,0.8764,0.8764,40866.495,20467.404,10646.2622,466286.708,233533.0796,0
825,688210.SH,20230616,19.07,1.6968,1.9333,1.45,31.9835,36.9559,2.5352,5.933,6.2848,,,15824.7315,10211.152,8961.7463,301777.6297,194726.6686,0
826,300401.SZ,20230616,11.67,0.5191,0.7383,0.84,16.7576,22.6076,2.5177,4.5363,4.7701,1.5885,1.1997,55100.7557,54222.3558,38119.7144,643025.819,632774.8922,0
827,002532.SZ,20230616,6.54,1.6622,1.8484,0.94,11.4784,14.8544,1.3574,0.9217,0.991,3.0581,6.101,465188.5415,231039.4936,207774.352,3042333.0614,1510998.2881,0
828,002807.SZ,20230616,3.74,0.7676,0.7676,0.95,5.0267,4.9197,0.5862,2.1491,2.1265,4.8127,4.8128,217205.1952,216947.4444,216947.4444,812347.43,811383.4421,0
829,601688.SH,20230616,14.08,0.7982,1.1248,0.82,11.5614,10.5752,0.8578,3.9893,3.7828,3.5647,3.5647,907558.9027,732633.9263,519881.1718,12778429.35,10315485.6823,0
830,300251.SZ,20230616,9.2,1.6347,3.8126,0.96,,,3.2698,35.7516,37.1469,2.1671,0.5398,293360.8432,278722.3354,119505.3138,2698919.7574,2564245.4857,0
831,300454.SZ,20230616,126.5,1.64,1.9873,1.79,271.5948,175.8166,6.7881,7.114,7.0486,0.055,,41688.0452,27315.7625,22542.1625,5273537.7178,3455443.9563,0
832,688229.SH,20230616,60.2,6.3347,6.3347,0.72,,,4.1838,22.9655,22.9475,,,4440.0,2106.282,2106.282,267288.0,126798.1764,0
833,000056.SZ,20230616,4.09,6.9187,9.9441,2.8,,,2.4772,7.463,7.2981,0.0,,121008.872,90338.5876,62853.7176,494926.2865,369484.8233,0
834,920145.BJ,20230616,4.7,0.0539,0.0539,0.58,58.2729,71.5566,1.1746,6.1999,5.9431,,,7055.0,4482.725,4482.725,33158.5,21068.8075,0
835,600309.SH,20230616,91.29,0.2474,0.469,0.85,17.6564,19.2202,3.7757,1.7312,1.7296,2.7385,1.7527,313974.6626,313974.6626,165626.8792,28662746.9488,28662746.9488,0
836,300106.SZ,20230616,8.2,1.5822,2.7194,0.81,133.4582,134.5703,2.8516,1.3083,1.3228,0.0,,21133.231,21133.231,12295.4139,173292.4942,173292.4942,0
837,600271.SH,20230616,14.85,0.9777,1.8456,0.96,25.5007,21.7593,1.9122,1.4246,1.48,1.1178,1.1178,185288.4638,185288.4638,98160.8244,2751533.6874,2751533.6874,0
838,600095.SH,20230616,7.81,0.9488,3.5793,0.98,,,1.8795,12.6195,21.3318,1.7017,0.8835,285915.0411,285915.0411,75788.5709,2232996.471,2232996.471,0
839,301083.SZ,20230616,22.95,47.5798,47.5798,1.67,66.3016,69.9554,5.2044,10.0246,10.161,0.1525,0.1525,17786.6667,5263.4334,5263.4334,408204.0008,120795.7965,0
840,002033.SZ,20230616,11.27,1.8716,3.4031,0.79,1680.6966,71.0463,2.5065,19.563,13.6143,0.0,,54949.0711,54948.0181,30220.5046,619276.0313,619264.164,0
841,688195.SH,20230616,46.5,21.2019,21.2019,2.18,103.0194,110.224,6.9334,17.4677,17.4702,,,12935.0,8184.0,8184.0,601477.5,380556.0,0
842,002856.SZ,20230616,9.69,1.2282,2.771,0.92,,,2.4882,0.7865,0.8076,0.0,,13531.2808,10700.4283,4742.9283,131118.111,103687.1502,0
843,002600.SZ,20230616,6.72,1.0123,2.5686,0.93,29.5067,24.2507,2.6553,1.3657,1.3598,0.0,,700817.7819,689150.3604,271584.5371,4709495.4944,4631090.4219,0
844,600754.SH,20230616,49.32,0.5594,1.1836,0.56,465.0323,145.0818,3.1594,4.7944,4.5465,0.1075,0.1075,107004.4063,91404.4063,43203.6838,5277457.3187,4508065.3187,0
845,002789.SZ,20230616,14.73,1.5604,2.7976,1.15,210.2481,135.9512,13.1966,1.0857,0.9152,0.0,,15962.3514,12909.6233,7200.3842,235125.4361,190158.7512,0
846,688072.SH,20230616,428.0,1.7501,2.0452,0.67,146.8938,124.6973,14.2158,31.739,27.0608,,,12647.8797,6870.0161,5878.7079,5413292.5116,2940366.8908,0
847,600277.SH,20230616,3.24,0.6024,1.1449,0.9,15.7856,19.068,0.6775,1.032,1.0748,0.0,,356062.2194,356062.2194,187342.2194,1153641.5909,1153641.5909,0
848,300240.SZ,20230616,6.33,1.2735,2.2683,0.59,21.7644,50.72,1.6005,0.3458,0.404,0.9433,0.9433,36999.2,36252.4705,20353.2602,234204.936,229478.1383,0
849,300405.SZ,20230616,5.28,1.1613,1.2871,1.13,,,2.4111,1.9571,2.0243,0.4371,,28920.9902,21882.7109,19743.9395,152702.8283,115540.7136,0
850,002393.SZ,20230616,24.63,0.7322,1.5054,0.72,48.4127,46.1702,1.0267,3.9524,3.8544,1.2078,1.2078,18399.2992,18245.4992,8874.4384,453174.7393,449386.6453,0
851,300116.SZ,20230616,1.53,5.8954,7.6287,0.93,,,23.4695,35.3824,34.7922,0.0,,442559.1367,410384.8637,317145.7302,677115.4792,627888.8415,0
852,920826.BJ,20230616,5.69,0.3482,0.3482,0.89,20.7034,29.0858,2.296,1.8373,1.7347,,,11740.1587,5088.1241,5088.1241,66801.503,28951.4261,0
853,300724.SZ,20230616,101.34,3.7686,4.3111,1.93,33.7067,31.7861,4.6894,5.8762,5.3678,0.1776,,34819.9616,27343.1192,23902.4042,3528654.9085,2770951.6997,0
854,001288.SZ,20230616,18.81,4.4975,4.7644,0.9,34.8589,32.5274,1.6316,3.291,3.1076,0.5316,0.5316,16000.0,5577.9525,5265.4525,300960.0,104921.2865,0
855,603214.SH,20230616,16.65,0.81,1.6171,0.93,27.2203,23.1867,2.2557,0.6464,0.6642,1.2097,1.8018,14051.6936,14051.6936,7038.1677,233960.6984,233960.6984,0
856,688677.SH,20230616,59.4,2.9785,2.9785,0.89,39.5754,37.0068,5.9911,15.153,13.5874,,,12163.7381,7519.9381,7519.9381,722526.0431,446684.3231,0
857,300780.SZ,20230616,14.03,5.1399,8.3726,1.88,16.6965,19.7746,1.6794,2.9536,3.186,0.7128,0.7128,14667.0,8632.0676,5299.1617,205778.01,121107.9084,0
858,300365.SZ,20230616,8.53,7.0533,8.5653,0.64,,,2.5983,8.4247,7.964,0.2345,,59985.5469,43459.0454,35787.4148,511676.7151,370705.6573,0
859,300948.SZ,20230616,14.48,5.2698,6.0935,0.64,36.0516,34.0251,2.4101,4.4719,4.1274,0.3798,0.3453,14001.0,6966.0,6024.2926,202734.48,100867.68,0
860,920454.BJ,20230616,5.47,0.1231,0.2073,0.24,29.7905,30.779,1.9943,3.5842,3.4365,,,10510.0,5954.883,3536.7705,57489.7,32573.21,0
861,688626.SH,20230616,42.22,2.1833,2.2094,1.4,53.8391,43.9204,3.4426,13.8276,12.3586,,,16000.0,5250.88,5188.78,675520.0,221692.1536,0
862,300900.SZ,20230616,27.37,2.0238,2.0238,1.24,38.6714,36.6111,3.6981,8.7333,8.0815,0.0,0.7307,21175.71,13331.14,13331.14,579579.1827,364873.3018,0
863,603798.SH,20230616,12.3,7.8874,16.467,2.47,62.1779,56.7555,2.1758,3.1076,2.6137,1.3312,,20000.0,20000.0,9579.5931,246000.0,246000.0,0
864,600862.SH,20230616,23.41,0.6888,1.2573,1.16,42.6124,40.3249,5.6516,7.3348,7.1789,0.5468,0.5468,139304.9107,139304.9107,76317.3878,3261127.9595,3261127.9595,0
865,300159.SZ,20230616,3.23,2.9109,3.2458,1.98,62.8712,98.422,50.4012,2.2456,2.3332,0.0,,149036.0202,149019.1242,133644.6295,481386.3452,481331.7712,0
866,000034.SZ,20230616,29.72,7.2197,9.0398,0.99,19.8024,19.3821,2.6373,0.1716,0.1739,0.6155,1.4642,66923.458,54997.6045,43924.2334,1988965.1718,1634528.8057,0
867,600721.SH,20230616,6.23,0.4352,0.5804,1.05,,,3.4783,6.7269,6.4167,0.0,,37778.8586,37778.8586,28326.3499,235362.2891,235362.2891,0
868,002608.SZ,20230616,6.65,0.4001,2.5291,0.97,368.5352,,0.8682,0.7962,0.8089,0.0,,377807.9704,377807.9704,59760.8727,2512423.0032,2512423.0032,0
869,920509.BJ,20230616,10.54,0.188,0.2768,0.54,30.6223,32.9782,5.7249,9.0267,9.1496,,,16312.2171,8069.0378,5478.6353,171930.7682,85047.6584,0
870,600641.SH,20230616,19.76,0.8686,1.4198,0.78,43.414,38.5792,2.1937,15.886,15.5258,0.6174,0.6174,93062.992,93062.992,56934.1704,1838924.7219,1838924.7219,0
871,600993.SH,20230616,28.13,1.1803,1.8273,0.77,25.314,22.919,3.3273,3.4327,3.5497,1.2442,1.2442,43105.3891,43030.7016,27793.9112,1212554.5954,1210453.636,0
872,601139.SH,20230616,6.84,0.3739,2.0314,1.38,16.0981,15.691,1.5098,0.6546,0.6377,2.3392,4.2398,287673.0494,287673.0494,52956.7484,1967683.6579,1967683.6579,0
873,002288.SZ,20230616,4.26,1.3696,1.7013,1.18,,,3.0503,2.2979,2.8385,0.0,,93164.3744,80116.4189,64496.1524,396880.2349,341295.9445,0
874,300410.SZ,20230616,8.17,0.7433,1.1541,0.91,,,4.7764,3.0325,3.4403,0.0,,36765.4697,36743.4332,23665.1411,300373.8874,300193.8492,0
875,300301.SZ,20230616,1.82,0.9712,1.4676,1.34,,,8.2925,1.9741,2.1598,0.0,,79010.8769,79010.7269,52284.8733,143799.796,143799.523,0
876,300285.SZ,20230616,27.08,0.4167,0.4463,0.77,54.6898,65.9219,4.6136,8.5836,8.7239,0.4041,0.3668,100381.0338,80321.1886,74999.9651,2718318.3953,2175097.7873,0
877,300458.SZ,20230616,30.21,4.583,5.4203,0.75,90.4399,205.7518,6.7065,12.6067,14.2774,0.867,0.4956,63185.112,50881.8614,43022.2659,1908822.2335,1537141.0329,0
878,605090.SH,20230616,21.74,1.3395,1.5651,1.5,12.4747,11.836,1.9635,0.5676,0.5808,0.8145,1.3651,62541.4024,25980.9789,22236.9068,1359650.0882,564826.4813,0
879,688686.SH,20230616,162.0,2.8587,2.8587,1.42,60.8695,60.4218,7.1949,17.3315,16.8563,,,12206.3992,3415.1992,3415.1992,1977436.6704,553262.2704,0
880,002057.SZ,20230616,9.88,1.0064,1.5114,1.57,19.2404,19.5301,2.6356,2.7148,2.8008,1.4069,2.4393,75904.7776,74618.7776,49686.6515,749939.2027,737233.5227,0
881,002233.SZ,20230616,7.78,0.4052,0.6743,0.95,34.8447,20.7787,0.8115,1.537,1.5222,7.9592,1.5092,119227.5016,119141.3791,71604.6997,927589.9624,926919.9294,0
882,688332.SH,20230616,83.8,1.4942,1.4942,0.64,71.3713,66.9718,2.839,9.312,8.6867,,,12000.0,2910.0,2910.0,1005600.0,243858.0,0
883,300488.SZ,20230616,22.41,1.9678,5.9555,1.92,33.2714,36.4245,2.8718,6.9963,7.1375,0.8032,,16567.9281,13669.6623,4516.7254,371287.2687,306337.1321,0
884,301185.SZ,20230616,36.35,10.9623,10.9623,0.69,111.8564,93.9094,5.7455,37.5758,33.8899,0.5502,0.2751,15341.76,8744.6365,8744.6365,557672.976,317867.5368,0
885,600029.SH,20230616,6.22,0.5327,1.3367,1.11,,,2.8783,1.2947,1.1312,0.0,,1812090.5024,1021990.1831,407243.878,11271202.9249,6356778.9389,0
886,000519.SZ,20230616,17.92,1.6169,2.7794,1.14,30.467,49.5827,2.5667,3.717,4.0856,0.279,0.279,139255.8982,139150.0582,80949.1826,2495465.6957,2493569.0429,0
887,002379.SZ,20230616,4.2,0.5923,0.8247,1.37,170.3337,,2.8773,1.1025,1.201,0.0,,92640.0,92639.7356,66530.0751,389088.0,389086.8895,0
888,300649.SZ,20230616,22.16,5.8205,8.7891,0.68,259.5177,,5.4241,4.4684,5.2241,0.2708,0.2708,13241.6609,10507.7224,6958.6427,293435.2055,232851.1284,0
889,688418.SH,20230616,20.58,6.7628,6.7628,0.87,,,4.3098,7.483,6.609,,,19361.0,13260.7538,13260.7538,398449.38,272906.3132,0
890,605008.SH,20230616,14.4,0.4746,0.8523,1.48,51.2602,54.2644,4.4401,3.9002,4.7592,0.0,,64238.0414,20289.032,11298.8249,925027.7962,292162.0608,0
891,603777.SH,20230616,19.71,4.2402,10.3975,1.13,65.0165,82.186,3.4767,1.5137,1.55,0.0,,33655.9908,33655.9908,13725.2708,663359.5787,663359.5787,0
892,000596.SZ,20230616,267.9,0.3462,1.0205,0.85,45.0542,39.1829,7.0553,8.473,7.8573,0.8212,,52860.0,40860.0,13861.6978,14161194.0,10946394.0,0
893,600195.SH,20230616,12.19,1.0232,2.0881,1.22,22.6295,22.3697,2.2925,2.1128,2.1351,1.2402,1.2402,102114.826,102114.826,50037.0567,1244779.7289,1244779.7289,0
894,600456.SH,20230616,33.15,1.1229,2.1498,1.22,28.427,31.6483,2.5017,2.3872,2.2869,2.5641,2.5641,47777.7539,47777.7539,24955.0241,1583832.5418,1583832.5418,0
895,600409.SH,20230616,5.37,0.8067,1.4806,1.27,11.2124,17.0274,0.8605,0.4681,0.4765,4.5624,2.7188,206434.9448,206434.9448,112473.3154,1108555.6536,1108555.6536,0
896,688260.SH,20230616,16.38,1.6615,1.715,0.92,,,4.6684,4.2448,4.5967,,,12000.0,6811.626,6598.992,196560.0,111574.4339,0
897,300761.SZ,20230616,19.21,0.3409,0.8123,1.17,17.8487,23.4701,2.0715,1.1005,1.0496,0.0,2.3136,82764.4501,60373.548,25333.686,1589905.0864,1159775.8571,0
898,300385.SZ,20230616,5.96,0.389,0.7097,0.79,,,2.6391,1.1031,1.1983,0.0,,33314.5932,28730.2108,15746.9156,198554.9755,171232.0564,0
899,601609.SH,20230616,6.4,0.2378,0.6001,1.15,22.5375,25.5678,1.2972,0.0936,0.0913,1.6882,1.3798,147990.8273,146604.3773,58087.5773,947141.2947,938268.0147,0
900,002177.SZ,20230616,4.23,20.0201,23.8653,1.94,59.4431,34.4462,1.9013,47.3107,47.3287,0.2364,0.2364,76119.1294,76119.1294,63854.972,321983.9174,321983.9174,0
901,605268.SH,20230616,10.24,3.9673,3.9673,0.83,,,2.7183,2.0612,2.0236,0.6146,,44338.5,7438.0,7438.0,454026.24,76165.12,0
902,002486.SZ,20230616,2.93,0.8883,1.126,0.84,26.1668,25.3543,2.415,1.7857,1.8707,0.0,0.4096,83200.0,83200.0,65638.6019,243776.0,243776.0,0
903,300589.SZ,20230616,14.73,6.4384,7.9743,1.44,424.6653,394.1754,7.1992,8.1748,7.5644,0.1198,0.1198,37766.7996,21986.7026,17751.8456,556304.9581,323864.1293,0
904,301331.SZ,20230616,38.6,3.3846,3.3846,0.81,39.9305,35.9958,2.5339,3.9148,3.6846,,4.1451,7013.8359,1754.0,1754.0,270734.0657,67704.4,0
905,600550.SH,20230616,5.03,0.2707,0.7632,0.67,314.1039,411.5656,12.5664,2.6883,2.7575,0.0,,184152.848,184152.848,65329.6826,926288.8254,926288.8254,0
906,300270.SZ,20230616,7.85,3.8168,5.269,0.68,485.9396,436.6482,3.1487,6.7225,6.4779,0.0,,30280.6028,22343.4902,16185.3166,237702.732,175396.3981,0
907,000798.SZ,20230616,10.56,3.0774,7.3726,0.85,392.8511,740.7312,4.2682,6.4745,6.041,0.0,,36585.8712,36582.3087,15270.1371,386346.7999,386309.1799,0
908,301282.SZ,20230616,30.28,13.5938,13.594,0.74,32.4638,32.2307,2.8053,3.0582,3.0747,,1.6513,15113.9968,3779.0,3778.97,457651.8231,114428.12,0
909,603712.SH,20230616,27.47,0.7805,1.6588,0.51,27.3666,27.2441,4.993,5.2497,5.1696,0.364,0.7645,77200.0,77200.0,36323.25,2120684.0,2120684.0,0
910,688079.SH,20230616,11.08,3.0407,3.8639,0.78,201.3104,2198.1594,2.8784,10.7479,11.058,,,40133.3334,17811.6634,14016.9993,444677.3341,197353.2305,0
911,601686.SH,20230616,6.48,0.672,0.672,0.72,31.2035,24.3446,1.482,0.1376,0.1393,2.3288,2.3097,143031.8391,56287.7791,56287.7791,926846.3174,364744.8086,0
912,002860.SZ,20230616,13.17,1.9286,2.7008,0.63,33.9148,31.926,2.8833,2.0723,1.8065,0.8119,1.5712,30672.6517,21707.6458,15501.4162,403958.8229,285889.6952,0
913,000751.SZ,20230616,3.34,0.6967,0.9118,0.88,71.5236,65.3466,1.5599,0.2524,0.2627,0.0,,140986.9279,140986.8779,107726.6753,470896.3392,470896.1722,0
914,002580.SZ,20230616,9.07,2.5944,2.5944,1.73,30.2137,25.6794,2.17,1.4722,1.3889,0.0,0.2095,45386.8993,31443.3015,31443.3015,411659.1767,285190.7446,0
915,605258.SH,20230616,24.96,2.0021,2.5717,0.86,43.4545,44.805,1.8961,3.194,3.2619,1.2019,1.2019,8800.0,3779.0,2942.0,219648.0,94323.84,0
916,000028.SZ,20230616,41.94,1.1678,3.3572,1.22,15.7007,14.6205,1.4457,0.3178,0.3113,1.1005,2.5678,55656.5077,47805.3713,16629.127,2334233.9329,2004957.2723,0
917,301004.SZ,20230616,35.71,8.3978,8.3978,2.03,13.6625,12.7201,4.4651,2.9494,2.8166,0.8076,2.8003,10403.0,2500.0,2500.0,371491.13,89275.0,0
918,688268.SH,20230616,82.52,1.0296,2.9642,1.04,48.1481,47.9509,6.4335,5.5071,5.5833,,,12033.588,12006.588,4170.5032,993011.6818,990783.6418,0
919,600742.SH,20230616,8.2,0.6569,1.0366,1.05,11.2008,11.339,0.766,0.3051,0.3069,3.3407,3.3407,74305.788,68359.7806,43318.597,609307.4616,560550.2009,0
920,300642.SZ,20230616,20.3,0.6886,0.8983,0.88,26.7186,25.5201,2.2961,4.6558,4.8121,1.2215,0.9863,16420.6241,13770.6966,10556.3569,333338.6692,279545.141,0
921,600399.SH,20230616,9.15,1.8053,2.5517,1.18,91.8267,105.3274,2.9511,2.309,2.2552,0.0,,197210.0,197210.0,139522.3556,1804471.5,1804471.5,0
922,600015.SH,20230616,5.84,0.1927,0.4848,0.92,3.7125,3.679,0.3499,0.9908,1.0002,5.5958,,1591492.8468,1282268.6653,509783.4834,9294318.2253,7488449.0054,0
923,688289.SH,20230616,17.33,0.4088,0.5427,0.64,5.2654,7.5824,1.3947,1.581,1.959,,,58845.9803,34922.5439,26310.6741,1019800.8386,605207.6858,0
924,300823.SZ,20230616,22.67,7.1995,8.355,6.78,59.8445,58.4951,2.2858,4.8503,4.8423,2.3599,2.3511,9355.9091,9355.9091,8061.9791,212098.4593,212098.4593,1
925,600586.SH,20230616,7.78,2.0086,2.9552,1.29,31.2292,37.22,2.0564,1.4903,1.4663,3.599,3.9815,142877.0,142877.0,97113.4722,1111583.06,1111583.06,0
926,300545.SZ,20230616,25.73,6.0046,7.465,0.78,59.4833,42.3966,3.0803,4.691,4.3985,0.0583,0.3887,17774.3778,11192.6387,9002.9906,457334.7408,287986.5938,0
927,920593.BJ,20230616,106.99,13.3483,13.3483,1.21,50.9358,45.1895,7.4852,16.1328,13.592,,,4802.2039,1796.5261,1796.5261,513787.7953,192210.3274,0
928,603980.SH,20230616,4.38,0.2572,0.4133,0.95,,,0.7476,1.5872,1.7688,3.4247,1.8265,70000.0,70000.0,43564.1705,306600.0,306600.0,0
929,002342.SZ,20230616,4.12,0.5698,0.7705,0.87,435.3635,624.2178,1.5899,1.8205,1.8539,0.0971,,96000.0,87978.75,65066.75,395520.0,362472.45,0
930,000830.SZ,20230616,10.74,0.7255,1.0929,0.93,6.544,9.5718,1.1668,0.6802,0.7051,18.5935,18.5935,192261.8011,146438.3718,97213.5254,2064891.7438,1572748.1131,0
931,003030.SZ,20230616,24.88,1.2976,1.5896,0.86,80.8895,77.695,3.0244,2.0872,2.1046,0.6029,0.6029,12478.0,5034.2125,4109.48,310452.64,125251.207,0
932,000156.SZ,20230616,9.51,1.1041,2.0778,0.95,22.2325,22.1619,1.1991,1.8774,1.847,2.103,2.103,185293.2442,156505.5111,83162.8209,1762138.7523,1488367.4106,0
933,300098.SZ,20230616,3.8,1.6155,1.7038,0.89,,,2.135,2.8306,2.8966,0.0,,173778.2275,152100.3714,144212.5335,660357.2645,577981.4113,0
934,002181.SZ,20230616,5.8,3.9252,12.0358,1.54,151.8513,224.3534,1.5038,12.3303,12.6722,0.8276,0.8276,116105.8174,113446.2472,36997.909,673413.7409,657988.2338,0
935,000927.SZ,20230616,2.88,0.731,1.7957,1.55,25.0305,26.2678,2.0273,0.3198,0.3355,0.0,,605035.3641,446044.9597,181584.6918,1742501.8486,1284609.4839,0
936,603657.SH,20230616,16.07,0.554,1.7784,1.04,22.5198,22.1282,2.0974,1.1526,1.0837,1.8579,3.7248,13781.625,13519.005,4211.195,221470.7138,217250.4104,0
937,603612.SH,20230616,17.1,1.7411,2.6443,1.08,10.2172,19.5123,1.4391,0.4767,0.4525,2.3374,2.3977,54084.6164,43601.2599,28708.6583,924846.9404,745581.5443,0
938,603779.SH,20230616,13.68,15.6365,28.4759,1.1,386.1061,,6.6577,9.1252,10.8402,0.0,,33274.9154,33274.9154,18271.7092,455200.8427,455200.8427,0
939,300576.SZ,20230616,39.6,8.9676,11.1805,0.8,176.9839,154.8919,11.8463,12.6776,12.7847,0.0937,0.1148,23541.3732,14193.2164,11384.0763,932238.3787,562051.3694,0
940,600697.SH,20230616,12.43,1.3293,1.7759,1.3,,,0.8262,0.2857,0.2849,3.218,3.218,15908.8075,15515.6015,11614.2124,197746.4772,192858.9266,0
941,300179.SZ,20230616,10.15,1.9397,2.5315,1.14,32.0277,33.5945,4.515,9.5991,9.4537,0.0,,48590.883,37604.6523,28813.9041,493197.4625,381687.2208,0
942,301207.SZ,20230616,34.0,1.2059,2.5066,0.58,39.2593,33.2011,3.7243,11.1744,10.4306,0.3922,0.5882,60001.5,14101.3987,6784.2487,2040051.0,479447.5558,0
943,002629.SZ,20230616,3.64,1.2312,1.2834,1.07,113.0003,231.9171,49.794,9.4309,8.972,0.0,,43664.8,34459.4808,33055.5362,158939.872,125432.5101,0
944,688557.SH,20230616,34.04,1.4809,1.6498,0.36,27.3264,26.4937,2.4868,2.7022,2.5983,,,7267.0,4416.183,3964.1554,247368.68,150326.8693,0
945,002545.SZ,20230616,7.25,0.4102,0.9088,1.03,10.9393,11.377,1.1162,2.4942,2.6192,3.4483,9.1034,124406.2083,113016.3708,51006.5724,901945.0102,819368.6883,0
946,002992.SZ,20230616,55.2,10.9834,10.9968,1.67,,,11.5163,10.9217,11.442,0.0,,18595.1135,7837.1735,7827.6635,1026450.2652,432611.9772,0
947,000422.SZ,20230616,11.49,1.6538,2.2667,1.82,4.7665,5.9081,2.1401,0.4981,0.5183,0.0,0.8703,89786.6712,89781.7191,65505.4511,1031648.8521,1031591.9525,0
948,300466.SZ,20230616,7.05,8.1451,13.7012,1.21,178.0503,159.4931,4.3075,4.7046,4.648,0.0,,53552.9908,41998.6257,24967.309,377548.5851,296090.3112,0
949,600173.SH,20230616,5.26,0.4061,1.0138,0.61,12.2333,11.7475,0.9972,0.7034,0.5716,2.8517,1.9011,70050.6244,70041.6244,28053.1999,368466.2843,368418.9443,0
950,688484.SH,20230616,44.16,4.7074,4.7074,0.67,75.9669,125.4471,5.3744,14.3784,16.0422,,,42353.0,5476.6403,5476.6403,1870308.48,241848.4356,0
951,300892.SZ,20230616,24.19,4.8621,5.5399,0.78,215.9081,,2.1501,1.5721,1.6068,0.7854,0.7854,10000.0,3164.875,2777.645,241900.0,76558.3263,0
952,603321.SH,20230616,7.42,0.9595,2.5371,1.44,48.8716,42.7546,1.9755,2.2415,2.3184,1.3477,1.3477,30700.0,30700.0,11610.0,227794.0,227794.0,0
953,600303.SH,20230616,4.91,1.7472,2.3567,0.64,,,1.5947,1.9845,2.3494,0.0,,67560.4211,67560.4211,50089.2766,331721.6676,331721.6676,0
954,000410.SZ,20230616,8.38,2.6394,4.2219,1.17,671.7886,,17.7159,10.359,10.9154,0.0,,206474.6603,168091.5944,105083.5705,1730257.6533,1408607.5611,0
955,300234.SZ,20230616,5.39,1.1666,1.3781,1.12,37.4656,36.9017,2.5758,3.8866,3.9688,0.2943,0.5703,50745.1386,34072.234,28844.1454,273516.2971,183649.3413,0
956,300599.SZ,20230616,8.04,1.1104,1.5235,0.94,,459.9135,1.2805,1.6277,1.7894,1.2438,,35813.1567,20717.4817,15099.6517,287937.7799,166568.5529,0
957,000554.SZ,20230616,5.57,3.4338,3.4338,2.38,285.7201,189.6547,2.8436,0.8723,0.8532,0.0,,48079.3318,36264.7685,36264.7685,267801.8781,201994.7605,0
958,002038.SZ,20230616,9.77,1.7549,2.3581,0.47,42.8201,26.9067,1.7702,9.5577,9.3614,1.0235,1.0235,102735.0,85140.3144,63359.9097,1003720.95,831820.8717,0
959,000158.SZ,20230616,8.27,8.1904,13.2194,0.63,,,2.2526,1.3681,1.4678,0.0,,159861.6721,158122.5904,97969.132,1322056.0283,1307673.8226,0
960,002122.SZ,20230616,4.78,7.3255,12.041,1.28,111.8262,32.9869,4.3836,13.5441,12.9297,0.0,,199098.9926,198207.4227,120584.4856,951693.1846,947431.4805,0
961,300223.SZ,20230616,93.36,2.7121,3.9001,0.88,56.9651,66.8789,3.9986,8.3076,8.8722,0.2035,0.2892,48156.9911,41580.5889,28914.8647,4495936.6891,3881963.7797,0
962,301183.SZ,20230616,58.0,24.6079,31.1715,0.93,264.2274,,5.5455,15.1709,17.4636,0.0,,8000.0,3846.8,3036.8,464000.0,223114.4,0
963,600177.SH,20230616,6.48,0.2175,0.3927,0.67,5.9191,7.8575,0.806,2.0238,2.8135,7.7072,7.7071,462885.2973,456579.5973,252898.4306,2999496.7265,2958635.7905,0
964,002160.SZ,20230616,3.98,0.8187,1.0288,0.89,,,1.1466,0.6058,0.5929,0.0,,103278.1167,76341.0591,60751.7594,411046.9045,303837.4152,0
965,301439.SZ,20230616,18.51,6.4099,6.4099,0.9,40.1776,38.0344,2.7334,3.1464,3.0345,,0.8104,38910.1809,9226.6769,9226.6769,720227.4485,170785.7894,0
966,002817.SZ,20230616,8.65,1.6925,2.827,1.72,42.5174,38.6262,3.0229,6.0404,5.5019,0.6606,0.6936,29909.817,29003.9295,17364.823,258719.9171,250883.9902,0
967,603876.SH,20230616,19.39,1.0234,2.1078,0.77,12.3927,12.9622,2.8643,0.7925,0.8366,0.5721,3.0362,88299.5461,87841.8025,42649.583,1712128.1989,1703252.5505,0
968,603611.SH,20230616,24.97,3.0598,4.9639,1.35,15.9934,14.8046,3.0053,0.9597,0.9556,2.2026,2.2026,25760.0791,25760.0791,15878.9648,643229.1751,643229.1751,0
969,688053.SH,20230616,59.33,2.8009,2.8009,0.76,60.8975,58.1888,3.5082,24.4336,23.1896,,,10000.0,2289.1622,2289.1622,593300.0,135815.9933,0
970,601229.SH,20230616,6.18,0.1436,0.2251,0.96,3.9406,3.9073,0.4262,1.653,1.6852,6.4725,6.4725,1420666.425,1384761.3532,883673.9305,8779718.5065,8557825.1628,0
971,603160.SH,20230616,50.25,0.8248,1.5008,0.67,,,3.003,6.8022,6.8636,0.4347,0.4347,45807.4341,45799.3141,25169.6765,2301823.5635,2301415.5335,0
972,301217.SZ,20230616,12.71,1.0996,1.0996,0.98,39.7453,54.6804,1.8852,2.7193,2.7835,1.1802,0.7868,82901.5544,22901.5544,22901.5544,1053678.7564,291078.7564,0
973,300419.SZ,20230616,6.63,2.4827,2.9209,1.22,61.1261,69.8238,4.0003,2.3015,2.6477,0.0,,36775.377,36775.377,31257.377,243820.7495,243820.7495,0
974,301073.SZ,20230616,40.35,2.7173,5.0968,0.86,263.7711,262.3147,8.246,22.946,20.8589,0.5132,0.3304,19445.1046,11523.7969,6143.6249,784609.9706,464985.2049,0
975,603991.SH,20230616,37.89,0.3264,0.4472,1.06,,,9.5307,21.8039,20.8339,0.0,,7453.4998,7453.4998,5441.0548,282413.1074,282413.1074,0
976,000803.SZ,20230616,10.54,1.1471,1.4816,1.24,43.6599,43.6616,2.5102,2.0716,1.7394,0.0,,35199.4105,28479.1966,22049.1372,371001.7867,300170.7322,0
977,688105.SH,20230616,32.17,0.676,0.9892,0.32,21.6549,114.6267,3.1782,3.6056,4.4437,,,40001.0,16666.1612,11389.9762,1286832.17,536150.4058,0
978,601868.SH,20230616,2.37,1.7157,2.111,1.5,12.6525,12.3811,1.0649,0.2697,0.2576,0.9494,2.0127,4169116.3636,1422250.0963,1155941.8169,9880805.7817,3370732.7282,0
979,600779.SH,20230616,64.75,0.9156,2.4856,0.81,26.0079,31.225,8.7252,6.7672,7.6917,1.1563,1.1563,48836.1398,48836.1398,17989.5178,3162140.0521,3162140.0521,0
980,601456.SH,20230616,9.33,1.2898,1.2898,0.92,34.4337,33.6235,1.5291,10.0728,9.9127,1.0718,1.0718,283177.3168,98897.4314,98897.4314,2642044.3657,922713.035,0
981,002664.SZ,20230616,13.68,1.1079,1.5016,0.61,26.2669,25.3312,1.7608,1.4902,1.4291,0.4375,0.4386,40490.7,39863.8188,29413.855,553912.776,545337.0412,0
982,603301.SH,20230616,31.67,0.4922,1.0289,1.3,12.3889,11.7902,1.4762,1.3749,1.3669,1.6155,,26645.1202,22720.4736,10870.3136,843850.9567,719557.3989,0
983,300377.SZ,20230616,8.56,1.7294,2.0304,1.11,104.5529,812.3295,2.2722,4.6842,4.5283,1.1688,2.3371,75116.508,66838.8007,56930.7636,642997.3085,572140.134,0
984,000517.SZ,20230616,3.11,0.5983,2.0258,0.86,15.6949,12.6086,1.0072,0.6994,0.6382,5.1447,,318392.2485,249198.6416,73600.6121,990199.8928,775007.7754,0
985,002546.SZ,20230616,5.84,7.4346,12.6139,0.67,436.3336,46.9244,1.5343,7.8475,7.6132,2.0548,2.0548,83404.9096,78495.6846,46265.3928,487084.6721,458414.7981,0
986,300899.SZ,20230616,22.9,1.8842,2.2285,0.77,53.3663,47.4082,2.2529,9.4803,9.1164,1.441,1.0044,6378.3466,3181.7702,2690.1393,146064.1371,72862.5376,0
987,600497.SH,20230616,5.28,0.7427,1.2016,1.14,40.1465,38.3087,1.7355,1.2275,1.2089,2.2727,2.2727,509129.1568,509129.1568,314714.8784,2688201.9479,2688201.9479,0
988,002917.SZ,20230616,11.81,4.8705,7.266,2.19,162.5347,133.8587,2.846,3.4412,3.3436,0.508,0.508,34761.4197,25654.9617,17197.0753,410532.3667,302985.0977,0
989,002641.SZ,20230616,5.53,1.2426,2.9293,0.64,83.5288,53.9451,1.3358,0.8519,0.8643,1.3084,1.5254,122909.3871,113437.5849,48119.3471,679688.9107,627309.8445,0
990,600127.SH,20230616,7.18,0.5436,0.6911,0.64,,,6.8307,0.7186,0.7602,0.0,,64178.3218,64178.3218,50485.0967,460800.3505,460800.3505,0
991,601011.SH,20230616,3.56,0.5726,0.827,1.11,44.943,48.9933,0.8797,1.8076,1.7894,0.0,,191566.4539,191566.4539,132642.1449,681976.5759,681976.5759,0
992,300129.SZ,20230616,11.15,5.4355,5.7677,1.22,37.9214,34.3951,2.5242,3.3339,3.0894,0.5381,0.5381,93489.9232,62545.4174,58942.0247,1042412.6437,697381.404,0
993,600185.SH,20230616,7.37,1.0794,1.9609,1.11,,,2.1906,3.4331,3.7628,1.3569,1.3569,188500.5795,188500.5795,103766.6015,1389249.2709,1389249.2709,0
994,600738.SH,20230616,5.42,0.8927,1.7405,0.41,47.8085,,2.1331,5.4552,5.3074,1.274,1.274,76133.5236,76066.6196,39017.0134,412643.6979,412281.0782,0
995,603999.SH,20230616,7.49,4.1362,9.8103,0.47,50.1797,49.6111,2.3053,3.3406,3.2724,0.6008,0.6008,57600.0,57600.0,24285.4056,431424.0,431424.0,0
996,600751.SH,20230616,2.43,0.437,0.6538,1.02,36.182,52.9005,0.9883,47.9503,38.3533,0.0,,289933.7783,257318.9052,171974.5767,704539.0813,625284.9396,0
997,920270.BJ,20230616,13.82,0.1031,0.1036,0.42,13.6842,12.3108,1.6709,3.6442,3.5024,,,4359.0,1110.56,1105.5578,60241.38,15347.9392,0
998,002622.SZ,20230616,3.13,0.8006,1.0761,0.82,,,4.5984,5.2516,4.7995,0.0,,84000.0,83997.525,62491.4284,262920.0,262912.2533,0
999,002916.SZ,20230616,79.47,0.6072,1.7045,0.72,24.8567,27.203,3.4019,2.9129,3.0277,1.1954,1.2583,51287.7535,50959.0487,18152.1817,4075837.7706,4049715.6002,0
1000,600576.SH,20230616,8.73,1.9765,2.967,1.27,425.8207,213.5515,3.4502,25.8636,20.3766,0.0,,106732.4206,61940.2409,41261.4151,931774.0318,540738.3031,0
1001,688306.SH,20230616,5.33,1.2411,1.5151,0.57,154.8537,,3.361,3.281,3.8233,,,122828.28,45637.1777,37385.0926,654674.7324,243246.1571,0
1002,002135.SZ,20230616,6.6,0.9847,1.6383,1.68,26.4653,29.3912,1.237,0.6376,0.6141,1.4944,1.4944,116554.974,109389.9322,65748.2824,769262.8284,721973.5525,0
1003,003013.SZ,20230616,17.95,2.9532,2.9532,1.32,17.9578,17.6711,3.4495,2.8996,2.8642,2.2284,2.507,40001.0,6020.6896,6020.6896,718017.95,108071.3783,0
1004,000526.SZ,20230616,29.52,6.945,9.3548,0.73,319.2567,234.8037,7.9055,1.9339,1.9103,0.0,,11776.2709,11776.2709,8742.6877,347635.517,347635.517,0
1005,600353.SH,20230616,8.45,5.0129,8.4239,1.73,69.9539,65.0356,4.1788,6.1367,5.9974,0.0,,82881.1159,80853.0212,48113.8997,700345.4294,683208.0291,0
1006,600750.SH,20230616,21.4,1.3365,2.3638,0.54,22.6024,20.6254,3.6167,3.5345,3.2098,5.3741,8.4115,62954.8958,62369.9958,35262.8472,1347234.7701,1334717.9101,0
1007,002921.SZ,20230616,14.48,3.8137,5.0758,1.09,73.9545,132.0071,1.7449,1.55,1.5649,2.3939,4.7327,13164.5144,10647.6399,8000.1203,190622.1685,154177.8258,0
1008,002328.SZ,20230616,5.89,1.5827,1.7928,0.71,14.5975,15.4796,1.4687,0.7517,0.767,2.2071,2.2071,77177.0,56548.6896,49922.1896,454572.53,333071.7817,0
1009,002024.SZ,20230616,1.96,0.1265,0.3186,0.81,,,1.1358,0.2557,0.2689,0.0,,931003.9655,788345.4518,312977.6524,1824767.7724,1545157.0855,0
1010,603806.SH,20230616,33.35,1.6995,4.4611,1.76,39.3837,38.7627,4.5627,3.2933,3.1231,0.5354,0.3213,186416.3346,186416.3346,71015.1713,6216984.7589,6216984.7589,0
1011,000563.SZ,20230616,3.14,0.6233,1.4231,1.11,19.1625,16.1212,0.9792,8.3378,7.2871,0.7406,0.9554,511397.0358,396401.2846,173629.1422,1605786.6924,1244700.0336,0
1012,600078.SH,20230616,10.31,2.3138,3.9753,2.41,13.1008,14.4192,3.5132,1.5055,1.5789,0.0,0.7759,66257.2861,66257.2861,38563.8247,683112.6197,683112.6197,0
1013,301080.SZ,20230616,62.08,1.0148,1.0148,0.62,36.5652,38.1476,2.9883,15.7022,14.988,1.6108,1.6108,12000.0,6284.513,6284.513,744960.0,390142.567,0
1014,603663.SH,20230616,14.64,0.8937,2.08,0.92,29.3434,28.3029,3.5526,4.5532,4.0672,0.4877,0.4877,30239.6027,30093.3027,12930.0773,442707.7835,440565.9515,0
1015,600815.SH,20230616,2.69,0.452,0.964,1.39,18.483,19.0221,3.2009,4.7382,5.3883,0.0,,177409.448,177409.448,83185.1082,477231.4151,477231.4151,0
1016,002050.SZ,20230616,29.38,1.3415,2.6225,0.75,40.9972,38.7637,8.414,4.942,4.7474,0.8474,1.0195,359087.2012,354330.8421,181250.4974,10549981.9713,10410240.1409,0
1017,300788.SZ,20230616,38.82,6.3366,23.9118,0.61,58.5439,58.0596,3.5089,4.0993,4.0649,1.3086,1.3086,19015.1515,19015.1515,5039.0151,738168.1812,738168.1812,0
1018,603788.SH,20230616,11.41,0.5803,1.3314,0.66,22.1486,24.0702,1.3529,2.4533,2.4424,4.3821,4.3821,22306.5068,22306.5068,9722.0468,254517.2426,254517.2426,0
1019,605259.SH,20230616,36.51,1.224,1.4775,1.09,14.9402,14.0257,2.099,1.9845,1.9305,2.739,2.739,8800.0,3835.54,3177.53,321288.0,140035.5654,0
1020,002117.SZ,20230616,9.92,2.7907,3.9644,1.25,40.2121,39.9048,3.7358,5.0828,5.0652,3.0242,2.2177,54566.6421,54549.1146,38398.7896,541301.0896,541127.2168,0
1021,920925.BJ,20230616,18.57,0.2168,0.3712,0.86,22.7048,19.9225,2.4582,4.6893,4.2206,,,4927.5,2782.4005,1624.5804,91503.675,51669.1773,0
1022,002634.SZ,20230616,7.3,2.3259,3.2145,1.69,46.0158,51.9213,3.6353,5.5112,6.0908,0.0,,45935.2513,37034.5811,26797.306,335327.3345,270352.442,0
1023,600225.SH,20230616,6.38,1.5941,3.5909,0.7,54.249,45.6434,9.9174,24.0351,23.3591,0.0,,341139.4363,340882.5415,151329.3847,2176469.6036,2174830.6148,0
1024,000859.SZ,20230616,4.88,0.6895,0.9728,1.15,19.0336,31.2864,1.508,1.7771,1.8023,0.4098,0.4098,89597.6271,89584.7771,63500.6137,437236.4202,437173.7122,0
1025,688360.SH,20230616,21.43,1.8517,3.7595,1.35,31.4706,29.8085,2.5947,1.6803,1.6969,,,11994.7239,11994.7239,5907.9473,257046.9332,257046.9332,0
1026,688737.SH,20230616,37.52,0.8412,0.9604,0.91,,,1.7414,7.214,5.2355,,,8603.4976,4517.5837,3957.0419,322803.23,169499.7404,0
1027,300286.SZ,20230616,41.14,1.6021,2.5177,0.88,51.7764,48.8307,7.6424,8.6722,8.48,0.4792,0.4861,21471.6125,17464.0624,11112.7528,883342.1383,718471.5271,0
1028,603883.SH,20230616,31.5,0.6834,1.3727,0.73,23.4718,22.0784,2.7305,0.9132,0.8579,1.2157,1.2157,58490.2902,58234.4502,28992.6881,1842444.1413,1834385.1813,0
1029,300517.SZ,20230616,14.04,1.7282,2.3192,1.17,54.1283,98.8751,2.6716,4.4198,4.8321,0.3279,0.1852,20038.2447,12399.4722,9239.554,281336.9556,174088.5897,0
1030,600638.SH,20230616,5.36,0.2673,0.5189,1.0,63.9104,65.399,0.8232,0.836,1.0284,0.9328,0.9328,67339.6786,67339.6786,34679.7633,360940.6773,360940.6773,0
1031,688086.SH,20230616,0.7,5.2917,5.7552,0.72,,,0.1048,0.291,0.7547,,,19038.1503,13267.1658,12198.8033,13326.7052,9287.0161,0
1032,300417.SZ,20230616,10.05,1.1128,1.3297,1.04,,,2.9806,10.683,10.5001,0.1966,,13619.0823,8586.8692,7186.0234,136871.7771,86298.0355,0
1033,002756.SZ,20230616,65.99,2.4825,3.2463,0.88,5.6292,5.5245,3.1942,2.2836,2.1845,0.5706,5.8284,53910.154,38640.048,29549.2929,3557531.0625,2549856.7675,0
1034,920245.BJ,20230616,8.6,0.0382,0.0522,0.85,13.8722,17.6355,1.3737,1.4091,1.4463,,,4875.0,2275.5026,1665.6283,41925.0,19569.3224,0
1035,688022.SH,20230616,33.32,0.5899,0.9811,0.47,79.2798,200.4488,3.0314,5.0998,4.7553,,,17491.3157,15195.1086,9136.8089,582810.6391,506301.0186,0
1036,300680.SZ,20230616,19.29,2.4783,2.7474,0.88,58.9674,51.2304,2.6224,3.8809,3.7091,0.4529,0.4529,23102.4278,17300.7717,15606.2171,445645.8323,333731.8861,0
1037,603213.SH,20230616,12.36,0.5135,0.977,0.95,14.164,16.0817,3.3867,2.0971,2.2043,4.6602,3.4951,43480.0,15579.4713,8187.3779,537412.8,192562.2653,0
1038,000895.SZ,20230616,24.94,0.1805,0.6086,1.15,15.3728,15.2974,4.3473,1.3809,1.3401,7.6103,6.4154,346466.1213,346412.3744,102739.638,8640865.0652,8639524.6175,0
1039,603882.SH,20230616,74.95,0.5038,0.844,0.42,12.7233,17.0666,4.4032,2.2631,2.6251,1.7023,4.0772,46730.3775,46418.0077,27709.9449,3502441.7936,3479029.6771,0
1040,000590.SZ,20230616,8.38,1.0519,1.9541,1.11,110.5911,164.1027,2.8463,5.725,5.5851,0.0,,23947.1267,23937.6227,12885.7492,200676.9217,200597.2782,0
1041,301380.SZ,20230616,54.69,22.9643,22.9643,1.26,78.1315,79.0121,4.1989,5.6936,5.5544,,0.7131,6800.0,1700.0,1700.0,371892.0,92973.0,0
1042,600219.SH,20230616,3.07,0.3474,0.6585,0.76,10.2247,10.8515,0.7934,1.0284,1.0916,2.0736,3.3765,1170855.2848,1170855.2848,617708.9387,3594525.7243,3594525.7243,0
1043,000731.SZ,20230616,8.13,0.9861,1.1245,1.56,7.6549,7.7992,1.1436,0.9699,0.9796,2.091,2.091,58572.3752,58572.3752,51367.02,476193.4104,476193.4104,0
1044,688046.SH,20230616,20.75,0.5907,1.2644,0.86,51.6722,51.4455,4.2314,16.4699,15.7334,,,41000.0,14721.1035,6878.0421,850750.0,305462.8976,0
1045,000818.SZ,20230616,34.78,1.3596,1.8672,1.06,102.803,155.4459,6.5935,5.5036,5.8088,0.2875,0.1725,67915.6,67631.9111,49246.0311,2362104.568,2352237.8681,0
1046,603155.SH,20230616,27.25,3.2111,3.2111,0.76,20.372,23.5504,2.5583,5.4222,5.9607,2.5308,,22556.2,5639.05,5639.05,614656.45,153664.1125,0
1047,301327.SZ,20230616,79.76,3.2226,3.2226,1.07,34.7217,54.2024,1.6129,3.1078,3.2754,,2.0089,12480.0,3190.4166,3190.4166,995404.8,254467.628,0
1048,002080.SZ,20230616,20.69,0.5762,1.4492,1.34,9.8886,10.866,2.0932,1.5704,1.5999,3.0691,3.1899,167812.3584,167812.3584,66724.898,3472037.6953,3472037.6953,0
1049,300715.SZ,20230616,14.35,0.3994,0.8358,0.75,,,2.3021,2.5961,2.3921,4.1214,,38490.9628,27891.1103,13330.3353,552345.3162,400237.4328,0
1050,603968.SH,20230616,16.95,0.5036,0.9749,0.91,8.8368,9.8644,1.791,0.9881,1.0249,2.8817,4.7198,20931.5,20448.0,10562.2894,354788.925,346593.6,0
1051,688081.SH,20230616,18.75,1.8651,4.3206,0.7,,,3.2383,13.4625,12.0628,,,10304.0,10304.0,4448.01,193200.0,193200.0,0
1052,600876.SH,20230616,16.2,1.0251,2.5747,1.8,25.572,33.8018,2.4641,2.0795,1.9192,0.0,,64567.4963,38244.5239,15227.474,1045993.4401,619561.2872,0
1053,300990.SZ,20230616,49.77,5.0625,5.0625,0.76,65.6044,62.0195,5.2754,8.3223,7.6739,0.6201,0.893,16848.0,4212.0,4212.0,838524.96,209631.24,0
1054,603633.SH,20230616,13.45,4.093,6.0534,0.95,64.6056,60.128,2.346,4.7451,4.6001,0.0,,32831.6014,32831.6014,22199.2146,441585.0388,441585.0388,0
1055,001323.SZ,20230616,35.88,8.7351,8.7351,1.4,20.2453,20.9191,3.5365,2.4691,2.5977,2.7871,5.5741,40001.0,4001.0,4001.0,1435235.88,143555.88,0
1056,000404.SZ,20230616,6.65,3.148,4.539,1.36,17.6151,15.7968,1.3127,0.3534,0.3403,2.2556,3.0075,69599.5979,69501.5672,48202.07,462837.326,462185.4219,0
1057,002052.SZ,20230616,1.96,0.461,0.5984,0.82,,,18.1393,5.738,4.3769,0.0,,74595.9694,74595.9694,57459.3035,146208.1,146208.1,0
1058,002034.SZ,20230616,15.79,0.2896,0.6204,0.85,9.3956,9.4621,1.1503,2.0245,1.9077,1.8999,3.1666,42949.6099,42666.7311,19918.7775,678174.3403,673707.6841,0
1059,300814.SZ,20230616,24.35,17.4131,17.4131,1.3,44.3138,47.1838,3.7496,2.7856,2.8998,0.6571,0.6571,17579.6,5079.6,5079.6,428063.26,123688.26,0
1060,000065.SZ,20230616,16.54,6.4017,13.0378,2.67,26.0516,22.8526,2.1447,1.2334,1.0505,0.3765,0.3765,100175.1983,90532.8397,44452.9214,1656897.7799,1497413.1686,1
1061,920249.BJ,20230616,4.57,0.2607,0.2607,0.92,17.4327,23.7155,2.4294,0.7473,0.7703,,,42163.0,11057.8843,11057.8843,192684.91,50534.5313,0
1062,300824.SZ,20230616,10.27,1.5978,1.9533,0.97,71.3544,69.6356,4.8636,4.1647,4.2283,1.6226,1.3924,32634.1682,14530.6307,11885.8226,335152.9074,149229.5773,0
1063,000766.SZ,20230616,4.79,0.692,0.892,0.65,153.5424,147.7865,1.9752,3.1477,3.2562,0.0,,96649.4707,84856.4434,65827.3033,462950.9647,406462.3639,0
1064,000591.SZ,20230616,6.96,0.8222,1.1583,0.75,19.6231,17.9715,1.2231,2.9458,2.8498,1.5661,1.5661,390922.7441,359516.4818,255185.6431,2720822.2989,2502234.7133,0
1065,002993.SZ,20230616,33.45,5.9978,6.0055,0.55,21.0966,21.8694,2.0643,2.0671,2.1663,0.5091,0.8876,27604.0,10138.975,10125.975,923353.8,339148.7138,0
1066,603259.SH,20230616,71.81,1.1352,1.523,1.08,24.1788,22.8191,4.5502,5.415,5.3485,0.7202,1.2431,296762.8823,255947.3761,190774.6684,21310542.578,18379581.0777,0
1067,000541.SZ,20230616,5.66,1.1107,2.2775,1.36,33.4596,32.7689,1.4718,0.88,0.8617,1.7451,1.7451,136199.4647,105650.105,51524.4619,770888.9702,597979.5943,0
1068,688152.SH,20230616,111.16,7.1139,7.1139,2.21,68.0345,66.045,6.7592,21.862,21.5391,,,7873.8639,1763.9084,1763.9084,875258.7111,196076.0577,0
1069,600222.SH,20230616,5.73,1.1001,1.4301,0.97,,,2.1169,1.6771,1.5668,0.1712,0.1712,57388.6283,57388.6283,44144.5115,328836.8402,328836.8402,0
1070,601318.SH,20230616,48.6,0.4963,0.545,1.13,10.5643,8.7221,1.0044,0.7969,0.8362,4.932,7.989,1821023.4607,1076265.7695,979993.8593,88501740.19,52306516.3977,0
1071,600775.SH,20230616,10.56,2.1865,3.4541,1.51,238.3587,357.557,2.738,2.3229,2.6424,0.1326,0.1326,91383.8529,67183.8529,42528.8474,965013.4866,709461.4866,0
1072,300092.SZ,20230616,15.51,1.5169,2.1485,0.94,35.0466,31.9921,3.0263,3.9507,3.5585,0.2998,1.2895,27392.3271,16754.1985,11829.2662,424854.9933,259857.6187,0
1073,600710.SH,20230616,7.85,1.8483,4.8154,1.01,11.2005,10.7575,1.6789,0.0727,0.0725,3.3758,3.8217,130674.9434,130674.9434,50158.035,1025798.3057,1025798.3057,0
1074,688519.SH,20230616,23.79,2.1418,2.1418,1.16,124.4228,,2.1359,1.4781,1.5847,,,23475.16,9190.9705,9190.9705,558474.0564,218653.1882,0
1075,300818.SZ,20230616,21.99,1.4244,2.1011,1.25,17.1904,37.4206,2.0516,3.0849,3.3305,0.0,1.2126,10500.9368,6212.2119,4211.3244,230915.6002,136606.5397,0
1076,600798.SH,20230616,3.58,0.4274,0.774,1.62,37.9739,50.1634,1.1079,2.0833,2.1053,2.2346,2.2346,120653.4201,120653.4201,66624.9534,431939.244,431939.244,0
1077,300464.SZ,20230616,6.44,1.879,2.8564,0.44,,,13.7213,1.0127,1.068,0.0,,36967.2175,31027.813,20410.6606,238068.8807,199819.1157,0
1078,601528.SH,20230616,5.0,2.3968,2.3968,1.95,6.4213,6.2247,0.6509,2.7832,2.7302,2.7692,2.3077,196216.1395,78893.6612,78893.6612,981080.6975,394468.306,0
1079,601588.SH,20230616,2.09,1.1394,2.2062,0.44,,,0.5489,0.5418,0.474,0.4785,0.4785,336702.0,266000.0,137369.9969,703707.18,555940.0,0
1080,301201.SZ,20230616,40.99,0.7523,0.9488,0.76,37.2222,39.6757,1.774,9.6329,9.7855,1.0978,,9669.614,5249.614,4162.624,396357.4779,215181.6779,0
1081,603967.SH,20230616,9.15,0.3787,1.0824,0.84,13.0086,13.0839,1.5143,0.2675,0.3062,4.2034,4.918,34666.671,34666.671,12129.871,317200.0397,317200.0397,0
1082,000159.SZ,20230616,7.85,4.322,5.6002,4.43,12.6669,13.3976,1.4933,2.3417,1.0864,0.0,,48068.5993,48068.5993,37097.7105,377338.5045,377338.5045,0
1083,688030.SH,20230616,22.34,0.648,1.2503,0.97,,,3.3192,4.961,4.9619,,,18022.8872,18022.8872,9340.6009,402631.3,402631.3,0
1084,002418.SZ,20230616,2.88,1.0353,1.4308,1.11,182.7023,91.8916,2.1758,1.0388,1.2483,0.0,,113640.0,113596.725,82196.725,327283.2,327158.568,0
1085,603660.SH,20230616,7.42,2.1938,2.9753,0.89,,,3.0215,2.3256,2.3927,0.5391,0.5391,49421.2384,49421.2384,36440.0756,366705.5889,366705.5889,0
1086,301189.SZ,20230616,32.35,3.9458,3.9458,0.83,58.4916,76.848,1.6133,5.5637,5.6779,0.9274,,11489.6465,4117.6465,4117.6465,371690.0643,133205.8643,0
1087,600778.SH,20230616,6.93,0.632,0.9729,0.94,,,5.6676,1.4988,1.5223,0.0,,31149.1352,31121.4882,20216.5487,215863.5069,215671.9132,0
1088,688665.SH,20230616,83.07,1.9747,2.3576,1.3,39.975,41.1759,6.7332,9.6522,9.5686,,,7000.0,2155.0,1805.01,581490.0,179015.85,0
1089,300881.SZ,20230616,32.1,5.6141,5.6141,2.18,48.0732,43.8747,4.2895,2.9257,2.83,0.2974,1.0195,11000.0,2915.0,2915.0,353100.0,93571.5,0
1090,002120.SZ,20230616,10.08,0.608,1.3325,1.0,19.7257,19.5779,1.6996,0.6168,0.6311,0.516,1.0306,290226.35,281510.6465,128446.3253,2925481.608,2837627.3167,0
1091,688680.SH,20230616,116.63,5.7569,5.7569,1.6,195.6201,,4.2269,1.8465,1.8048,,,8402.0211,5207.6411,5207.6411,979927.7209,607367.1815,0
1092,600817.SH,20230616,10.77,1.7814,2.272,1.32,15.2543,17.8253,2.6061,1.6407,1.6939,3.1714,3.4627,54618.0037,19284.8297,15120.8329,588235.8998,207697.6159,0
1093,920810.BJ,20230616,7.65,0.13,0.13,0.85,12.777,12.2073,1.8984,2.4251,2.3064,,,6850.0,2269.1646,2269.1646,52402.5,17359.1092,0
1094,002542.SZ,20230616,2.8,0.8551,1.3578,0.37,,,1.8287,2.3226,2.4617,0.0,,180563.7475,159055.1636,100174.1499,505578.493,445354.4581,0
1095,300608.SZ,20230616,11.34,5.2884,5.8475,0.78,215.2715,142.192,2.5233,4.4483,4.5168,0.3957,0.0705,32713.4029,19555.4851,17685.925,370969.9889,221759.201,0
1096,300889.SZ,20230616,14.36,1.5695,1.9089,1.2,61.5128,77.3779,1.4319,2.4745,2.3941,0.2089,0.4178,15600.0,8888.5875,7307.9625,224016.0,127640.1165,0
1097,603108.SH,20230616,15.37,6.7422,10.1868,0.71,21.323,19.472,2.3077,0.8488,0.848,0.0,,57954.4726,57954.4726,38357.7547,890760.2439,890760.2439,1
1098,002850.SZ,20230616,131.18,1.8585,2.2938,1.54,34.136,31.5987,5.3738,3.5549,3.268,0.1514,0.2287,23450.7892,15673.3427,12699.2673,3076274.5273,2056029.0954,0
1099,002777.SZ,20230616,38.57,10.3043,16.9524,1.16,85.494,85.0399,10.3666,12.2765,11.9171,0.3989,0.2593,40823.1038,39879.8084,24240.5484,1574547.1136,1538164.21,1
1100,600211.SH,20230616,54.66,1.0628,2.3687,0.78,36.6468,27.1949,4.2905,5.305,4.8308,0.6184,1.3648,24793.7843,24793.7843,11124.7283,1355228.2498,1355228.2498,0
1101,688345.SH,20230616,36.93,2.9105,2.9105,1.06,33.5142,46.5185,3.1499,1.605,1.6431,,,10000.0,2537.5,2537.5,369300.0,93709.875,0
1102,002388.SZ,20230616,7.01,1.2599,1.7555,0.98,145.2335,124.9573,2.4353,1.9692,1.9008,0.0,,50772.51,47805.929,34309.2361,355915.2951,335119.5623,0
1103,688788.SH,20230616,40.92,1.1926,1.9025,1.05,,,1.6463,18.5474,19.8694,,,10574.7925,6563.4184,4114.3036,432720.5091,268575.0809,0
1104,002256.SZ,20230616,2.23,1.4149,1.4153,0.96,,,3.5617,13.9312,13.7749,0.0,,188241.1872,139602.9772,139563.0093,419777.8475,311314.6392,0
1105,002896.SZ,20230616,35.83,1.2063,2.3754,0.16,81.618,84.5809,5.0863,6.0344,5.941,0.576,,15117.1285,15117.1285,7676.5875,541646.7142,541646.7142,1
1106,000917.SZ,20230616,8.21,8.2755,9.9299,0.87,55.8787,57.0874,1.1385,3.1238,3.2288,0.2436,0.2436,141755.6338,141729.6852,118115.4872,1163813.7535,1163600.7155,0
1107,600604.SH,20230616,4.88,0.371,0.7324,1.08,116.7352,,1.3937,7.2383,8.7083,0.1434,0.1434,187330.4804,140745.4804,71298.9292,914172.7444,686837.9444,0
1108,688267.SH,20230616,21.81,1.7117,1.7117,1.24,25.3204,31.897,1.4752,5.6459,6.1416,,,17620.0,6404.9152,6404.9152,384292.2,139691.2005,0
1109,301150.SZ,20230616,57.63,0.5258,0.594,0.89,14.0917,16.5525,1.4633,2.0107,1.9788,2.3136,,10102.0762,5229.3387,4629.3387,582182.6514,301366.7893,0
1110,600685.SH,20230616,28.54,2.6059,6.294,1.61,58.6026,59.8499,2.6249,3.1529,2.9738,0.4835,0.4835,141350.6378,82143.5181,34009.7481,4034147.2028,2344376.0066,0
1111,600099.SH,20230616,9.21,3.0452,5.2597,1.82,216.5688,211.5273,3.9981,2.763,2.7474,0.0,,21912.0,21912.0,12686.308,201809.52,201809.52,0
1112,920819.BJ,20230616,4.68,0.0395,0.1006,0.41,5.428,6.6148,0.9778,0.703,0.7598,,,122580.0,120807.075,47428.5346,573674.4,565377.111,0
1113,688466.SH,20230616,18.76,0.206,0.7055,0.84,25.1059,24.5116,1.7807,2.8735,2.9149,,,10276.0,10276.0,3000.175,192777.76,192777.76,0
1114,603815.SH,20230616,7.08,1.1238,2.3127,2.13,24.1344,23.5896,1.9833,0.6742,0.6724,1.4124,1.4124,61892.4235,61892.4235,30073.2415,438198.3584,438198.3584,0
1115,300443.SZ,20230616,37.63,2.8079,3.2619,0.88,27.9489,24.2303,2.6578,5.4371,5.0284,0.0,,26175.3484,18439.2931,15872.7347,984978.3603,693870.5994,0
1116,300108.SZ,20230616,2.03,1.0493,1.291,0.66,,,23.8756,2.7652,3.0551,0.0,,66601.4674,65655.9424,53362.0122,135200.9788,133281.5631,0
1117,002502.SZ,20230616,2.12,4.151,5.9634,0.91,,,1.8113,5.4481,5.1986,0.0,,91999.4639,83303.1789,57985.676,195038.8635,176602.7393,0
1118,603938.SH,20230616,19.42,0.4454,1.2706,0.91,9.9362,10.6373,3.2241,2.8058,2.7634,0.4519,1.0115,38262.4497,38262.4497,13412.1977,743056.7732,743056.7732,0
1119,688208.SH,20230616,32.0,1.1861,1.9225,0.72,141.7177,130.6251,4.8141,6.3825,5.8818,,,45187.2394,45187.2394,27878.0788,1445991.6608,1445991.6608,0
1120,300422.SZ,20230616,5.95,1.0161,1.4381,0.91,,,1.3968,1.3508,1.2649,0.0,,50487.2716,39674.0156,28034.0898,300399.266,236060.3928,0
1121,300127.SZ,20230616,17.13,1.1022,2.4866,0.81,32.2857,29.9351,4.1898,5.5795,5.6355,2.627,2.3351,32314.636,22841.614,10124.3399,553549.7147,391276.8478,0
1122,002653.SZ,20230616,23.68,0.5885,1.4538,0.69,95.2421,94.3746,6.7358,8.7495,8.5742,0.755,0.755,111411.797,47667.8471,19297.5191,2638231.353,1128774.6193,0
1123,600169.SH,20230616,2.43,0.5126,0.7718,1.07,37.9395,37.6928,1.5974,1.0192,1.0091,0.0,,337197.54,256395.5,170288.7275,819390.0222,623041.065,0
1124,002692.SZ,20230616,3.81,0.2387,0.3694,1.29,40.2627,47.6634,2.5501,0.9065,0.8921,0.0,,71814.6,69669.1699,45018.0559,273613.626,265439.5373,0
1125,000688.SZ,20230616,16.19,0.223,0.7476,0.95,97.6057,113.1829,6.5331,11.6961,12.1823,0.0,,111764.7872,111764.3402,33334.365,1809471.9048,1809464.6678,0
1126,688066.SH,20230616,58.47,1.8555,2.617,1.53,57.561,67.6806,6.0757,6.1859,5.9917,,,25994.6793,25994.6793,18430.7182,1519908.8987,1519908.8987,0
1127,688628.SH,20230616,45.1,3.2622,3.2622,0.98,42.5975,47.5307,4.6825,5.6104,6.1432,,,11089.2832,4526.4584,4526.4584,500126.6723,204143.2738,0
1128,603696.SH,20230616,9.46,1.088,2.9163,0.92,160.7759,91.8101,4.1363,3.9933,3.749,1.3214,0.5285,23520.0,23520.0,8774.3565,222499.2,222499.2,0
1129,300429.SZ,20230616,9.31,1.9693,2.2428,1.23,,,2.7881,5.3836,5.9619,0.4834,0.4834,51526.1048,37571.5354,32990.7417,479708.0357,349790.9946,0
1130,000425.SZ,20230616,6.69,1.5175,1.5204,0.85,18.3535,17.8645,1.5152,0.8426,0.81,3.438,5.6784,1181616.6093,472766.7078,471866.3418,7905015.1162,3162809.2752,0
1131,600325.SH,20230616,10.35,1.2382,1.6848,1.25,8.5005,9.1073,1.298,0.3702,0.3475,4.4444,3.5749,211716.1116,211715.2116,155589.5753,2191261.7551,2191252.4401,0
1132,605376.SH,20230616,31.2,0.8908,1.1317,0.57,53.1786,72.6715,4.8269,10.9328,13.2016,0.641,,26160.0,17504.7,13778.38,816192.0,546146.64,0
1133,600996.SH,20230616,10.62,1.6441,3.5455,0.63,1148.6938,1239.513,2.4172,3.4437,3.4306,0.0,,120754.7762,120754.7762,55995.4546,1282415.7232,1282415.7232,0
1134,600132.SH,20230616,99.58,1.4395,3.5987,0.79,38.14,36.7883,40.6364,3.4328,3.391,2.0084,2.611,48397.1198,48397.1198,19358.848,4819385.1897,4819385.1897,0
1135,002096.SZ,20230616,11.48,0.9615,2.7408,1.29,298.5167,74.9017,2.1771,6.1801,4.0347,0.0801,0.0801,124044.077,37128.7,13024.8188,1424026.004,426237.476,0
1136,600845.SH,20230616,52.6,0.9862,3.0557,1.61,57.8146,56.6751,14.1983,9.6104,9.5925,1.1976,2.465,240259.0537,173510.7582,55999.5733,12637626.2246,9126665.8813,0
1137,000153.SZ,20230616,9.6,1.2122,1.7429,0.76,20.6458,19.3584,1.8223,0.7963,0.7506,0.979,2.0207,33211.123,31197.723,21699.4605,318826.7808,299498.1408,0
1138,002086.SZ,20230616,2.84,0.4925,0.629,0.99,,,,3.4134,3.2815,0.0,,75635.0,62976.9241,49311.924,214803.4,178854.4644,0
1139,300020.SZ,20230616,9.96,3.4629,3.9828,0.75,114.0589,99.5174,1.7443,4.9104,4.6866,0.29,0.29,79467.7974,62725.109,54536.8083,791499.2621,624742.0856,0
1140,605567.SH,20230616,13.34,1.0852,1.2518,0.9,33.6657,35.1502,2.3038,1.0693,0.989,0.7496,0.7496,20000.0,12358.805,10713.305,266800.0,164866.4587,0
1141,000767.SZ,20230616,3.08,0.4225,0.7456,0.73,,,1.43,0.4687,0.4489,0.0,,307694.2219,291224.2671,165009.9744,947698.2035,896970.7427,0
1142,600123.SH,20230616,12.2,1.5456,2.8158,3.05,4.3236,4.4644,0.852,0.9846,1.0025,6.1475,6.1475,114240.0,114240.0,62706.0,1393728.0,1393728.0,0
1143,000631.SZ,20230616,2.88,0.2158,0.5582,1.25,43.261,50.5274,1.2579,22.805,23.5735,0.0,8.5965,243251.9168,243251.9168,94068.7388,700565.5204,700565.5204,0
1144,300602.SZ,20230616,16.65,3.6259,5.6419,0.73,100.0605,108.1872,2.7108,2.3335,2.3224,0.0528,,57804.9831,31878.1488,20487.5187,962452.9686,530771.1775,0
1145,002097.SZ,20230616,6.35,1.2742,2.2895,2.9,,,1.5115,0.9454,0.9298,0.0,,108721.2465,97424.2536,54220.1695,690379.9153,618644.0104,0
1146,603669.SH,20230616,4.67,0.25,0.5814,1.12,,,3.3084,11.644,14.2378,2.1305,2.1305,72123.8184,72123.8184,31014.2641,336818.2319,336818.2319,0
1147,300826.SZ,20230616,16.71,8.5047,17.6647,0.56,34.1363,34.2737,2.2296,2.9247,2.9331,1.381,,14560.0,13898.4202,6691.3848,243297.6,232242.6015,0
1148,688598.SH,20230616,157.0,1.5348,1.7303,1.2,26.7971,31.6586,2.418,10.185,11.345,,,9407.4067,9407.4067,8344.5117,1476962.8519,1476962.8519,0
1149,688266.SH,20230616,49.63,1.4235,1.4268,0.87,,,6.9419,43.4218,35.7976,,,26448.9795,14339.31,14306.4293,1312662.8526,711659.9553,0
1150,603195.SH,20230616,103.68,0.1605,1.273,0.96,28.9257,28.0929,8.2546,6.55,6.4332,1.5643,2.1506,88959.4811,88669.4011,11178.2595,9223319.0004,9193243.506,0
1151,603200.SH,20230616,19.95,3.3046,6.4089,2.18,82.268,100.0087,3.9164,5.7482,5.9361,0.3603,0.3744,17431.1952,17431.1952,8987.9203,347752.3442,347752.3442,0
1152,920237.BJ,20230616,12.12,0.2997,0.2997,0.84,15.9036,18.8916,1.5103,1.8625,1.7625,,,5142.0,1300.6492,1300.6492,62321.04,15763.8683,0
1153,601366.SH,20230616,5.43,0.1883,0.3708,1.06,,,1.152,0.5869,0.5824,2.7628,2.7628,84962.5508,84183.7406,42742.5444,461346.6508,457117.7115,0
1154,600588.SH,20230616,21.71,1.1412,2.1815,1.79,340.0668,345.7434,6.8609,8.0474,7.881,0.4551,0.2731,343312.1989,341699.7409,178747.6627,7453307.8381,7418301.3749,0
1155,002855.SZ,20230616,10.4,1.9862,5.4609,1.2,,,2.5975,0.9499,0.9997,0.0,,24641.9682,24611.377,8951.377,256276.4693,255958.3208,0
1156,002865.SZ,20230616,142.46,7.498,13.9844,1.54,39.5057,26.9931,20.9712,2.4427,2.0939,0.0,0.2631,19881.707,19396.6436,10399.8436,2832347.9792,2763245.8473,0
1157,002012.SZ,20230616,6.32,3.1169,3.9941,0.91,55.3167,33.3312,1.9226,2.1234,2.1701,0.3165,0.1899,46762.547,46653.7641,36406.9724,295539.297,294851.7891,0
1158,000785.SZ,20230616,3.91,0.383,0.5597,1.04,14.914,15.397,1.2944,1.8939,1.8735,4.2635,5.1003,628728.8273,275088.2669,188253.0402,2458329.7147,1075595.1236,0
1159,001328.SZ,20230616,34.53,9.8808,9.8808,0.76,44.1655,42.9373,4.2454,4.5268,4.4159,,,17217.38,4217.9447,4217.9447,594516.1314,145645.6305,0
1160,603823.SH,20230616,14.73,0.3256,0.7859,1.07,21.772,28.5876,2.1609,1.8922,1.9665,2.0424,,31704.652,31617.808,13097.8536,467009.524,465730.3118,0
1161,002371.SZ,20230616,320.4,0.9681,1.9586,0.8,72.1417,61.9915,8.3261,11.5556,10.3346,0.0637,0.0637,52974.2924,52813.5674,26103.9641,16972963.285,16921466.995,0
1162,601669.SH,20230616,5.86,1.7063,3.015,1.89,8.8274,8.6336,0.8436,0.1766,0.1752,1.494,1.494,1722615.9334,1099140.1639,622023.1147,10094529.3697,6440961.3605,0
1163,920212.BJ,20230616,4.96,0.3809,0.6564,0.7,11.5801,14.124,1.3494,1.2129,1.2995,,,10610.0,5207.65,3021.85,52625.6,25829.944,0
1164,301310.SZ,20230616,63.92,34.1345,34.1345,1.67,42.8732,40.8169,2.8653,3.4323,3.3316,,,9709.86,2209.7064,2209.7064,620654.2512,141244.4331,0
1165,002225.SZ,20230616,3.75,0.8024,0.9909,1.41,16.4998,19.0613,1.1793,0.7676,0.7554,1.3333,1.3333,101036.8522,82549.446,66845.9961,378888.1958,309560.4225,0
1166,002644.SZ,20230616,11.91,1.604,4.1802,1.75,57.406,54.3495,3.5415,5.9675,5.5813,0.084,0.4198,51065.7,51065.7,19594.3324,608192.487,608192.487,0
1167,301296.SZ,20230616,16.81,1.8132,1.8132,1.56,41.6475,40.0531,2.9146,4.3908,4.1742,,,42000.0,6300.0,6300.0,706020.0,105903.0,0
1168,002998.SZ,20230616,6.82,1.8347,1.8347,1.04,28.6823,28.384,1.4093,0.9875,0.9508,0.0,,32639.84,15201.14,15201.14,222603.7088,103671.7748,0
1169,603227.SH,20230616,8.52,1.2326,1.7789,0.82,13.7141,11.1221,2.1156,1.3228,1.1381,0.5555,0.5555,107169.2689,65870.0,45641.4096,913082.171,561212.4,0
1170,603368.SH,20230616,20.77,0.8315,1.1531,0.49,10.7246,10.1443,1.2791,0.3949,0.3844,2.3116,4.7411,36222.8566,36222.8566,26119.5771,752348.7316,752348.7316,0
1171,002292.SZ,20230616,10.84,13.4282,15.7927,0.71,,,4.9227,6.0333,6.1854,0.0,,147869.9697,97529.664,82927.5018,1602910.4715,1057221.5578,0
1172,000736.SZ,20230616,15.67,6.1601,14.6686,0.98,321.0842,,3.5335,0.2833,0.2929,0.2553,0.3191,69543.3689,69543.3689,29204.876,1089744.5907,1089744.5907,0
1173,002480.SZ,20230616,4.57,0.4164,0.5953,0.84,,,2.0867,2.1311,1.8956,0.0,,76916.867,76729.4084,53674.018,351510.0822,350653.3964,0
1174,603088.SH,20230616,8.07,1.0169,2.0088,0.91,24.7682,23.2547,6.0591,5.4345,5.3862,1.565,2.7261,43802.542,43025.92,21781.0708,353486.5139,347219.1744,0
1175,002995.SZ,20230616,44.36,20.9512,23.4121,0.62,2472.7589,1393.9705,7.7537,2.5855,2.8982,0.2554,0.161,17745.448,8085.9355,7236.0207,787188.0733,358692.0988,1
1176,300776.SZ,20230616,62.38,2.343,3.0464,1.44,41.4268,41.3763,6.6904,12.8629,12.5132,0.4679,0.4709,27307.5513,16711.5881,12852.7899,1703445.0501,1042468.8657,0
1177,600293.SH,20230616,2.75,3.1589,4.3841,1.07,,,1.9994,1.689,1.6909,0.0,,116014.5046,116014.5046,83592.1936,319039.8877,319039.8877,0
1178,301049.SZ,20230616,22.59,17.7011,17.7011,0.63,,,2.4208,10.0868,10.2375,1.1067,,9425.3334,2568.4034,2568.4034,212918.2815,58020.2328,0
1179,300228.SZ,20230616,5.91,1.6332,1.6664,1.21,,,1.9597,2.1189,1.6218,0.1692,0.1692,57540.6349,54289.5724,53207.5724,340065.1523,320851.3729,0
1180,002791.SZ,20230616,67.36,1.6587,2.3438,0.6,330.3709,218.901,4.5558,2.8319,2.809,0.5196,0.5196,32154.0,16398.7193,11605.4069,2165893.44,1104617.732,0
1181,688388.SH,20230616,26.23,0.931,1.1864,0.67,21.4796,29.167,1.5999,2.4091,2.3982,,,42623.8028,41180.5038,32315.0878,1118022.3474,1080164.6147,0
1182,300554.SZ,20230616,19.83,2.6864,3.6621,1.29,176.5159,116.3956,2.8859,5.5711,5.2211,0.0,,11421.1577,7654.9935,5615.4819,226481.5572,151798.5211,0
1183,605133.SH,20230616,34.77,6.5727,6.5727,0.61,48.4432,47.8555,2.9428,4.1895,3.9737,0.3758,0.8647,18619.3816,6342.0816,6342.0816,647395.8982,220514.1772,0
1184,300091.SZ,20230616,2.85,1.234,1.516,1.02,,,1.7757,2.7084,2.8199,0.1404,,148916.4214,107116.2285,87190.8949,424411.801,305281.2512,0
1185,301038.SZ,20230616,18.13,18.1658,18.1658,1.09,,524.9554,3.6296,3.3391,3.3488,1.3662,1.3662,17160.0,4290.0,4290.0,311110.8,77777.7,0
1186,301239.SZ,20230616,109.85,3.7761,3.7761,1.36,799.0807,112.8695,7.3705,9.5244,8.6184,0.0,,14961.9048,3740.4762,3740.4762,1643565.2423,410891.3106,0
1187,300606.SZ,20230616,18.67,5.4018,7.9988,0.78,101.2348,140.5119,4.3594,6.6195,7.2538,1.2499,,14012.87,11758.2437,7940.6809,261620.2829,219526.4099,0
1188,301031.SZ,20230616,120.1,4.3109,4.4441,2.19,51.7543,51.9922,9.1502,10.5485,9.4729,0.4996,,6627.7427,3630.8898,3522.0796,795991.8983,436069.865,0
1189,300907.SZ,20230616,20.33,5.7877,5.7877,2.49,64.7527,61.2531,2.6777,1.9631,2.0894,0.0,1.2297,9600.0,3695.85,3695.85,195168.0,75136.6305,0
1190,000868.SZ,20230616,5.47,2.4936,3.815,0.5,,,5.1885,3.4537,3.6933,0.0,,93951.4735,73332.9168,47932.0272,513914.56,401131.0549,0
1191,300702.SZ,20230616,25.56,0.8944,1.4128,0.49,,,2.4708,3.3353,3.3015,0.3912,,34797.7159,20932.8942,13252.0469,889429.6184,535044.7758,0
1192,001319.SZ,20230616,20.45,0.9593,2.1361,0.52,38.1882,41.4904,2.4384,3.4037,3.5921,1.7115,1.7115,14140.0,7967.6,3578.0,289163.0,162937.42,0
1193,000715.SZ,20230616,7.99,1.7359,3.7067,0.58,38.792,36.6471,1.8874,4.791,4.7048,0.6258,,41571.894,41505.9494,19437.6455,332159.4331,331632.5357,0
1194,603535.SH,20230616,15.65,0.3693,1.0426,0.93,21.3307,21.1513,1.6504,2.8565,2.8396,0.5068,0.5068,23324.8267,21808.0432,7724.3817,365033.5379,341295.8761,0
1195,300001.SZ,20230616,21.98,2.453,3.6472,1.01,84.0366,83.048,3.6185,1.9669,1.9459,0.091,,104071.0713,102794.632,69137.6039,2287482.1472,2259426.0114,0
1196,000887.SZ,20230616,13.01,1.439,2.4203,0.75,17.7626,17.5514,1.498,1.1532,1.1156,1.5373,1.5373,131648.9747,131389.7324,78119.6003,1712753.1608,1709380.4185,0
1197,605577.SH,20230616,12.9,4.0221,11.7634,1.0,11.9957,11.9319,1.6088,3.175,3.2204,0.7752,0.7752,44444.4445,18836.4445,6440.39,573333.3341,242990.1341,0
1198,603106.SH,20230616,5.77,1.0979,2.6131,1.09,,,2.08,5.133,5.0811,0.0,,52052.0,52052.0,21870.4721,300340.04,300340.04,0
1199,688568.SH,20230616,79.48,0.5566,0.7854,0.35,80.3031,78.34,6.0557,12.3631,11.4687,,,24526.0756,13188.5414,9346.0756,1949332.4887,1048225.2705,0
1200,601101.SH,20230616,6.13,0.5865,1.5985,1.52,6.5698,6.0483,0.8013,0.9505,0.9021,7.4769,7.4769,143999.7926,143999.7926,52838.4382,882718.7286,882718.7286,0
1201,000795.SZ,20230616,6.34,1.8677,3.6766,2.31,27.8003,29.9103,2.7108,1.5189,1.582,0.0,1.2456,113368.4103,113368.4103,57590.124,718755.7213,718755.7213,0
1202,603567.SH,20230616,15.72,0.6833,1.9922,0.69,79.8728,52.5922,2.0211,3.5138,3.122,0.6743,0.1776,94196.3592,94196.3592,32307.8292,1480766.7666,1480766.7666,0
1203,301188.SZ,20230616,17.12,0.7937,1.1082,0.79,34.108,36.7494,2.8265,4.8403,4.6383,1.1682,1.1682,23241.0,15076.1407,10798.3413,397885.92,258103.5288,0
1204,603939.SH,20230616,37.98,0.6318,1.3664,0.77,30.321,28.8561,4.3981,1.9297,1.827,0.5618,1.3141,101038.6902,100605.3622,46516.2884,3837449.4538,3820991.6564,0
1205,300441.SZ,20230616,5.99,5.1307,10.0632,6.92,35.4976,36.6653,2.4271,1.9164,1.9319,2.4854,0.8285,65718.9708,63280.7566,32263.2095,393656.6351,379051.732,0
1206,301349.SZ,20230616,49.45,3.2138,3.2138,0.8,33.8548,33.7606,1.8258,5.5813,5.5302,,1.3482,10200.0,2550.0,2550.0,504390.0,126097.5,0
1207,603331.SH,20230616,14.46,0.9739,1.4934,1.16,43.6572,34.2133,2.4338,2.2833,2.2185,1.513,,20329.0636,20164.6636,13150.9111,293958.2597,291581.0357,0
1208,301248.SZ,20230616,24.01,3.9913,3.9913,0.75,65.6223,64.9273,2.2801,4.9169,4.9562,0.5553,1.1106,15370.5,9888.75,9888.75,369045.705,237428.8875,0
1209,002565.SZ,20230616,2.96,0.781,1.0955,0.51,,,1.6742,2.2235,2.3544,0.0,,105998.8922,105563.1178,75263.5524,313756.7209,312466.8287,0
1210,603345.SH,20230616,158.31,1.0245,1.3844,1.0,42.1709,36.9011,3.9489,3.8113,3.5622,0.4415,1.1534,29329.4232,29329.4232,21704.0071,4643140.9868,4643140.9868,0
1211,600375.SH,20230616,7.68,1.1329,1.5736,0.61,,,39.7659,1.4655,1.6094,0.0,,65431.4844,65431.4844,47105.9692,502513.8002,502513.8002,0
1212,601699.SH,20230616,16.83,1.0019,2.6678,1.08,3.5534,3.3379,1.1406,0.9272,0.962,3.9988,20.9329,299140.92,299140.92,112341.2688,5034541.6836,5034541.6836,0
1213,002750.SZ,20230616,9.24,0.6292,1.4376,1.04,,,6.4368,30.0948,38.1692,0.0,,40050.0,39817.3701,17425.3861,370062.0,367912.4997,0
1214,300667.SZ,20230616,18.43,1.9727,2.8606,1.13,940.7223,471.4807,3.0118,5.1996,4.8714,1.0755,0.5377,20265.1389,16285.1621,11230.2746,373486.5099,300135.5375,0
1215,688787.SH,20230616,121.4,19.3542,28.7809,2.16,248.64,1144.2895,9.171,27.8578,30.0353,,,6032.518,4050.2786,2723.6888,732347.6852,491703.822,0
1216,300755.SZ,20230616,25.66,0.7497,2.5837,1.17,29.1952,48.9217,2.916,1.2281,1.202,1.286,0.6859,41679.84,41647.9635,12084.1935,1069504.6944,1068686.7434,0
1217,600163.SH,20230616,5.45,0.685,1.2308,0.87,14.225,14.5572,1.7183,5.791,5.7781,0.0,,190299.6143,115416.1335,64237.9708,1037132.8979,629017.9276,0
1218,301063.SZ,20230616,27.59,2.8582,3.9868,0.89,25.354,24.2085,2.2942,1.7177,1.6656,0.5437,1.0874,8424.0,4101.3,2940.2401,232418.16,113154.867,0
1219,688531.SH,20230616,151.9,5.2902,5.2902,1.55,168.1655,150.6111,3.8219,24.8861,23.4099,,,7940.5467,1738.2658,1738.2658,1206169.0437,264042.575,0
1220,300318.SZ,20230616,5.52,0.5534,1.195,0.96,,,3.2251,5.6654,5.1624,0.0,,81690.0495,79672.0275,36897.9296,450929.0732,439789.5918,0
1221,300610.SZ,20230616,11.27,0.7782,0.8456,1.01,20.1168,25.805,2.1324,2.2247,2.3045,3.1056,3.1056,21287.7,16075.7092,14794.8101,239912.379,181173.2427,0
1222,603915.SH,20230616,19.79,3.133,10.5932,2.07,31.6644,30.5078,4.0676,4.8598,4.8312,1.0833,1.0106,66224.256,65397.591,19341.8656,1310578.0262,1294218.3259,0
1223,300510.SZ,20230616,7.18,8.8731,13.1739,0.88,123.3662,83.9177,2.2377,5.1029,4.9841,0.0,,82862.3861,82222.6755,55379.7064,594951.9322,590358.8101,0
1224,301226.SZ,20230616,26.0,18.9617,25.9856,2.05,43.6928,43.2662,3.2191,4.4016,4.3652,1.5144,1.4423,10880.0,4907.9864,3581.3639,282880.0,127607.6464,0
1225,600337.SH,20230616,3.17,0.979,1.7785,0.96,,,1.156,1.0432,1.0177,0.0,,147954.2537,147954.2537,81441.5913,469014.9842,469014.9842,0
1226,920179.BJ,20230616,22.56,0.1621,0.1876,0.52,31.3766,29.2706,2.5245,9.3211,8.2453,,,7500.0,4390.974,3794.974,169200.0,99060.3734,0
1227,688580.SH,20230616,69.35,1.3407,1.3407,0.69,50.7223,44.5197,3.1581,14.7971,13.1084,,,6862.3867,2476.7245,2476.7245,475906.5176,171760.8441,0
1228,300849.SZ,20230616,10.87,0.742,1.0356,1.25,,,2.5544,6.7161,7.1892,0.92,,15000.0,8861.0359,6348.5359,163050.0,96319.4602,0
1229,002633.SZ,20230616,9.81,0.535,1.1959,0.74,,,3.4581,6.4351,6.2836,0.0,,15000.0,14941.875,6684.375,147150.0,146579.7938,0
1230,300543.SZ,20230616,9.63,1.3037,1.5556,1.07,34.674,46.3834,2.6308,1.4834,1.7486,0.0,0.7788,26812.6992,21141.2834,17717.6271,258206.2933,203590.5591,0
1231,920992.BJ,20230616,9.46,0.373,0.373,1.72,17.4012,28.1263,1.5519,2.2512,2.5987,,,9673.0934,2789.8177,2789.8177,91507.4636,26391.6754,0
1232,002309.SZ,20230616,4.09,2.189,3.1455,1.26,,,4.0929,0.4366,0.4924,0.0,,87178.7068,70659.633,49174.549,356560.9108,288997.899,0
1233,688309.SH,20230616,19.48,1.3422,1.6791,1.0,106.5533,116.7869,2.1706,9.4288,8.9035,,,8001.0733,4495.9641,3593.75,155860.9079,87581.3807,0
1234,002800.SZ,20230616,15.09,1.0383,1.9816,0.8,470.1007,,2.9442,1.3221,1.3786,0.7356,,10875.2191,10118.15,5301.8,164107.0562,152682.8835,0
1235,000755.SZ,20230616,4.96,1.3969,2.634,1.41,16.6274,15.4981,1.559,4.5106,4.3992,0.0,,146731.0196,61004.3921,32352.5941,727785.8572,302581.7848,0
1236,002996.SZ,20230616,12.02,1.0975,1.0975,1.12,26.4158,42.6406,2.1849,0.4768,0.5026,0.8319,0.416,43900.0916,12573.2965,12573.2965,527679.101,151131.0239,0
1237,688486.SH,20230616,112.22,5.2352,5.2352,0.75,112.3066,148.1288,5.8308,32.2583,34.3559,,,6925.8862,1487.2695,1487.2695,777222.9494,166901.3833,0
1238,600012.SH,20230616,10.22,0.8138,4.0063,1.22,11.7307,11.3125,1.3686,3.2558,3.1477,5.3816,5.3816,165861.0,116560.0,23676.4279,1695099.42,1191243.2,0
1239,002405.SZ,20230616,12.02,1.4561,1.5912,0.79,,,2.4696,8.5459,8.3337,0.0498,,237949.4314,229989.3912,210461.5261,2860152.1654,2764472.4822,0
1240,600105.SH,20230616,7.97,24.5001,37.3137,1.49,49.515,47.46,3.7845,2.6478,2.6408,0.0,,140451.3587,138104.2787,90679.1745,1119397.3288,1100691.1012,0
1241,601999.SH,20230616,7.71,3.388,10.4324,1.02,56.3571,53.4662,1.7397,1.6267,1.6463,0.7782,0.7782,55091.47,55091.47,17891.47,424755.2337,424755.2337,0
1242,603969.SH,20230616,4.51,0.5144,0.8646,0.86,36.9855,35.233,1.7891,1.5593,1.5275,0.0,,85174.6,83725.0,49813.7962,384137.446,377599.75,0
1243,002216.SZ,20230616,16.05,0.4975,1.0142,0.8,17.6187,17.2241,3.659,1.8981,1.8904,1.2461,2.1807,87918.4048,63025.6229,30915.9643,1411090.397,1011561.2475,0
1244,600547.SH,20230616,23.92,1.1009,2.5206,1.24,85.8881,78.1194,4.6124,2.1271,2.1434,0.209,0.209,447342.9525,361444.3347,157855.7408,10700443.4238,8645748.486,0
1245,002522.SZ,20230616,5.09,0.7922,1.198,1.82,30.0502,36.6186,2.1384,2.4468,2.5263,0.5894,1.1788,90577.9387,85692.4443,56661.8787,461041.708,436174.5415,0
1246,300861.SZ,20230616,41.67,1.5955,2.5756,1.27,13.58,12.7601,3.657,5.4677,5.0174,1.9998,1.9998,48001.2,24194.0047,14987.5967,2000210.004,1008164.1758,0
1247,600561.SH,20230616,5.13,0.7956,1.1004,0.82,,,1.5943,1.0053,1.0385,0.2534,0.2534,28447.68,23706.4,17138.7147,145936.5984,121613.832,0
1248,300368.SZ,20230616,7.01,1.628,2.3144,0.71,,,6.1637,6.4623,8.6475,0.1418,0.1418,53194.3475,51890.5663,36502.4663,372892.376,363752.8698,0
1249,000553.SZ,20230616,8.7,0.2271,1.4171,0.96,33.2617,76.4847,0.8859,0.5422,0.5482,0.092,0.3103,232981.1766,217706.7461,34892.95,2026936.2364,1894048.6911,0
1250,601600.SH,20230616,5.85,1.1744,1.9717,1.84,23.9497,22.6623,1.8462,0.345,0.3565,0.5425,0.5425,1716159.1551,1307870.6983,778995.2218,10039531.0573,7651043.5851,0
1251,300631.SZ,20230616,34.66,1.2812,1.7436,0.83,98.2287,96.8199,3.5141,5.7341,5.5023,0.4328,,12264.2024,12064.9181,8864.9181,425077.2552,418170.0613,0
1252,603199.SH,20230616,36.15,2.6889,5.1045,0.52,,74.5025,3.0647,12.0502,9.0312,0.4703,0.4703,11068.0,11068.0,5830.3286,400108.2,400108.2,0
1253,688189.SH,20230616,9.69,0.8968,1.6096,1.17,,,2.0039,3.8049,3.3019,,,27440.0,27440.0,15288.0,265893.6,265893.6,0
1254,002429.SZ,20230616,5.32,0.5662,1.2414,0.74,21.016,20.3522,1.7641,1.6025,1.6066,0.0,1.4286,452694.0607,448695.754,204625.8313,2408332.4029,2387061.4113,0
1255,000869.SZ,20230616,33.14,0.5333,2.2395,1.02,52.991,54.7548,2.0921,5.7965,5.8481,1.3579,1.3579,68546.4,45346.08,10798.6944,2271627.696,1502769.0912,0
1256,001367.SZ,20230616,47.21,3.8049,3.8049,0.65,29.8299,29.6573,2.7436,7.5933,7.3526,,,6800.0,1665.8375,1665.8375,321028.0,78644.1884,0
1257,603166.SH,20230616,6.42,0.4115,1.0677,0.6,63.2512,62.8791,1.7683,3.6561,3.6169,7.7882,1.5576,64620.8651,64620.8651,24903.1011,414865.9539,414865.9539,0
1258,600156.SH,20230616,4.29,1.1468,1.9214,1.07,,,3.7616,1.8946,1.9983,0.0,,40211.0702,40211.0702,24000.639,172505.4912,172505.4912,0
1259,002549.SZ,20230616,11.35,0.61,1.4013,0.68,44.06,72.702,5.7176,8.5587,9.2298,0.4276,,64255.0,62071.1625,27017.7134,729294.25,704507.6944,0
1260,002373.SZ,20230616,14.06,1.3584,1.8633,0.84,,,1.8241,3.1724,3.0606,0.0,,158018.8215,137350.5426,100130.9323,2221744.6303,1931148.629,0
1261,603860.SH,20230616,30.09,5.5438,10.3119,2.31,52.1854,43.0161,2.7759,8.927,8.2931,0.3769,0.3835,6668.0,6668.0,3584.8,200640.12,200640.12,1
1262,002003.SZ,20230616,9.37,0.5326,0.8607,1.18,19.8791,20.3608,3.7358,2.6787,2.6981,4.1048,3.7353,103720.5556,87230.114,53972.2987,971861.606,817346.1682,0
1263,603230.SH,20230616,14.05,9.3881,9.3881,0.83,18.546,16.7312,2.0255,2.995,2.8982,0.4626,0.4626,35352.3,8940.1,8940.1,496699.815,125608.405,0
1264,301289.SZ,20230616,34.75,3.6672,3.6672,1.14,36.8232,37.6455,3.0733,12.9888,12.7056,0.0,1.1068,7800.0,1950.0,1950.0,271050.0,67762.5,0
1265,000920.SZ,20230616,9.66,3.572,6.5502,1.28,31.4921,29.8145,2.617,3.1242,3.0971,0.9336,0.9336,47262.1118,42197.75,23011.3304,456552.0,407630.265,0
1266,300019.SZ,20230616,17.43,1.1245,1.7192,1.6,27.2316,25.9536,3.1506,2.5299,2.6674,1.7213,1.7212,39109.02,33513.9809,21920.1724,681670.2186,584148.6871,0
1267,300024.SZ,20230616,15.65,7.9962,10.8242,1.45,543.3415,414.5458,5.757,6.7848,6.3881,0.0,,155021.195,150907.7454,111480.5283,2426081.7018,2361706.2155,0
1268,300772.SZ,20230616,13.37,1.3442,2.2714,1.29,15.2261,16.2287,1.9,0.54,0.5379,0.9028,,70207.8355,68790.9588,40710.9588,938678.7606,919735.1192,0
1269,600392.SH,20230616,13.05,0.654,0.8867,1.25,14.355,23.8708,2.38,1.365,1.3283,0.7663,,175282.657,175282.657,129288.376,2287438.6739,2287438.6739,0
1270,600475.SH,20230616,10.68,0.8917,3.4478,1.44,13.8249,13.5712,1.3124,1.1405,1.1106,2.5235,3.2772,94389.4086,93541.3745,24193.912,1008078.8838,999021.8797,0
1271,000898.SZ,20230616,2.85,0.282,1.0709,1.17,171.7487,,0.4618,0.2044,0.211,7.756,7.756,940097.952,795644.0392,209532.8863,2679279.1632,2267585.5117,0
1272,600546.SH,20230616,14.44,0.8624,2.0489,0.79,4.1006,4.0813,2.1577,0.6171,0.6186,13.9681,15.5817,198245.614,198245.614,83444.9858,2862666.6662,2862666.6662,0
1273,301231.SZ,20230616,41.14,20.4589,20.4589,0.83,148.3008,147.5417,3.7964,10.8327,11.068,,0.3889,8440.0,2110.0,2110.0,347221.6,86805.4,0
1274,600961.SH,20230616,8.26,0.8153,1.4294,0.95,157.6553,54.5523,5.1553,0.5653,0.5512,0.0,,107287.2703,52745.7914,30085.4099,886192.8527,435680.237,0
1275,603596.SH,20230616,77.32,1.2767,2.1192,0.73,45.5682,43.4572,7.7466,5.748,5.2849,0.164,0.4384,41178.422,41003.422,24702.6724,3183915.589,3170384.589,0
1276,301137.SZ,20230616,16.86,16.504,16.504,2.81,66.5606,70.9156,2.3544,1.9513,1.9605,0.5042,0.5042,18181.34,4545.34,4545.34,306537.3924,76634.4324,0
1277,605122.SH,20230616,14.91,0.5902,0.5902,0.79,,,1.1597,1.5542,1.4556,0.5366,,17235.4,5867.4,5867.4,256979.814,87482.934,0
1278,301012.SZ,20230616,25.55,2.0782,2.6572,0.47,45.5699,70.997,4.8919,4.7325,5.7645,0.2796,0.2796,11760.0,7518.0,5880.0,300468.0,192084.9,0
1279,600828.SH,20230616,3.9,0.3015,2.2309,0.78,19.763,16.6029,0.9626,1.9812,1.9364,3.8462,3.8462,173198.2546,173136.0181,23397.9684,675473.1929,675230.4706,0
1280,600165.SH,20230616,3.82,1.3391,1.8914,0.95,,,4.5807,3.841,4.6675,0.0,,68488.3775,68488.3775,48488.3775,261625.6021,261625.6021,0
1281,000682.SZ,20230616,9.59,0.9531,1.6278,0.62,29.3266,28.2938,3.0425,2.3548,2.2692,0.6257,0.6257,134072.7007,134059.5407,78497.0169,1285757.1997,1285630.9953,0
1282,920110.BJ,20230616,13.64,0.4971,0.5232,1.24,13.5747,12.9485,1.6576,3.0834,3.0602,,,3900.0,1202.7,1142.7,53196.0,16404.828,0
1283,688565.SH,20230616,7.88,1.1711,1.1711,0.67,,,2.1446,6.123,6.0845,,,15785.7,9746.8,9746.8,124391.316,76804.784,0
1284,002721.SZ,20230616,3.59,0.4247,0.7791,0.59,,,,1.89,1.9426,0.0,,95992.5877,95992.5877,52324.3006,344613.3898,344613.3898,0
1285,603583.SH,20230616,19.03,1.5974,3.3476,1.19,22.3051,27.5442,1.8283,2.4315,2.5797,1.1493,1.1493,38415.8055,38189.2055,18223.1322,731052.7787,726740.5807,0
1286,600108.SH,20230616,3.06,0.7371,0.9773,0.95,77.0196,75.7322,1.4498,1.6371,1.6234,0.1307,0.1307,194691.5121,194691.5121,146842.1956,595756.027,595756.027,0
1287,600583.SH,20230616,5.96,0.3759,0.8356,1.03,18.0809,14.7411,1.1107,0.8976,0.8392,1.3423,1.6779,442135.48,442135.48,198880.9938,2635127.4608,2635127.4608,0
1288,603308.SH,20230616,17.54,1.725,2.587,1.42,29.8301,28.739,2.7501,5.4522,5.2508,0.5815,,68314.6921,68314.6921,45552.0403,1198239.6994,1198239.6994,0
1289,688135.SH,20230616,21.66,1.9516,2.1159,1.54,134.8052,154.7536,3.9894,9.5395,9.6396,,,19926.1784,12915.0224,11911.8544,431601.0241,279739.3852,0
1290,300626.SZ,20230616,9.09,2.0811,4.0033,0.65,65.8459,88.2323,2.6703,2.4463,2.6815,0.33,,18000.0,17730.15,9216.9568,163620.0,161167.0635,0
1291,600523.SH,20230616,13.97,1.6523,3.078,2.0,46.0025,46.4136,2.0111,2.6231,2.7394,0.952,0.7874,40431.132,40404.462,21689.7277,564822.914,564450.3341,0
1292,603895.SH,20230616,24.84,0.4064,1.3276,0.99,,,5.6017,4.6429,4.3197,0.0403,0.0403,10808.0,10808.0,3308.3348,268470.72,268470.72,0
1293,002602.SZ,20230616,7.85,4.8344,6.4936,0.7,,,2.3951,5.0982,5.3293,0.0,,745255.6968,687809.7826,512059.0346,5850257.2199,5399306.7934,0
1294,002631.SZ,20230616,5.39,0.2632,0.7286,0.61,,,2.1091,1.7994,1.8295,0.5566,0.5566,65865.4404,65493.5719,23657.7449,355014.7238,353010.3525,0
1295,301091.SZ,20230616,18.94,4.2791,7.8328,0.62,36.8472,34.7409,2.9028,4.8207,4.6754,0.815,0.2112,31200.0,14508.0,7925.7112,590928.0,274781.52,0
1296,600058.SH,20230616,9.74,0.6674,1.7827,1.94,30.7429,43.1983,2.1552,0.1328,0.1294,0.0,,107191.0711,107191.0711,40130.5789,1044041.0325,1044041.0325,0
1297,002015.SZ,20230616,13.52,1.7066,3.5174,0.4,32.2837,26.2871,2.0797,2.0544,2.0076,1.4793,,162332.4614,162332.4614,78759.2454,2194734.8781,2194734.8781,0
1298,688200.SH,20230616,166.86,0.6845,1.191,0.67,42.7347,46.9752,7.2005,21.0085,22.2435,,,13478.8915,13478.8915,7746.727,2249087.8357,2249087.8357,0
1299,002643.SZ,20230616,16.56,0.4566,0.76,0.82,21.354,23.1592,2.4886,3.0318,3.248,1.5402,1.7814,93013.0215,89583.321,53821.8964,1540295.636,1483499.7958,0
1300,001211.SZ,20230616,21.75,1.2255,1.5327,0.94,,,1.7789,1.6393,1.6386,2.2989,2.2989,7200.0,3755.7077,3003.0209,156600.0,81686.6425,0
1301,002466.SZ,20230616,76.02,2.1928,3.2675,1.15,5.1717,4.86,2.3548,3.0845,2.6751,0.0,,164122.1583,147458.5201,98958.8892,12476566.474,11209796.698,0
1302,603005.SH,20230616,21.25,2.2782,2.8371,0.83,60.9205,84.3783,3.4558,12.5496,13.5535,0.8324,,65321.2346,65217.1706,52370.194,1388076.2353,1385864.8753,0
1303,002956.SZ,20230616,16.18,0.8133,1.8705,1.11,33.2102,30.1551,2.4927,2.7219,2.6477,1.6564,1.6564,22327.7669,22250.8372,9675.2304,361263.2684,360018.5459,0
1304,600975.SH,20230616,9.56,7.9273,11.5685,0.91,,,4.1896,2.0865,1.7821,0.0,,107647.9236,65267.5584,44724.6145,1029114.1496,623957.8583,0
1305,000710.SZ,20230616,11.64,2.3545,3.3074,1.53,,,1.8123,3.0172,3.0925,0.0,,35460.5865,30652.079,21821.0982,412761.2269,356790.1996,0
1306,300147.SZ,20230616,5.26,1.3088,1.7048,1.06,,,1.4461,1.5904,1.6088,0.0,,66127.9045,65738.1042,50467.1421,347832.7777,345782.4281,0
1307,603380.SH,20230616,22.18,0.3988,0.8467,0.76,20.0533,24.6473,2.8107,1.8142,1.8826,0.8455,,16140.36,16044.12,7557.336,357993.1848,355858.5816,0
1308,002753.SZ,20230616,7.3,2.0732,3.3026,2.62,69.6354,112.926,1.3074,0.6089,0.572,2.9022,,37568.5072,24279.4448,15241.5422,274250.1026,177239.947,0
1309,002655.SZ,20230616,12.77,0.8894,1.0498,0.77,75.2907,87.4668,7.925,4.8544,4.6637,0.0,,36612.0,35989.5825,30491.5825,467535.24,459586.9685,0
1310,600585.SH,20230616,26.63,0.5052,0.9757,0.7,9.0111,10.6216,0.7583,1.0689,1.0231,8.9373,8.9373,529930.2579,399970.2579,207083.2565,14112042.7679,10651207.9679,0
1311,300451.SZ,20230616,8.78,2.5307,2.9942,1.41,318.9953,,2.9556,8.9064,9.6287,0.3418,0.4557,154912.4692,135734.0428,114720.7545,1360131.4796,1191744.8958,0
1312,301358.SZ,20230616,42.12,2.3983,2.3983,0.97,10.6064,13.964,3.1952,0.7454,0.6397,,0.9449,75725.307,12456.4712,12456.4712,3189549.9308,524666.5669,0
1313,605369.SH,20230616,55.11,3.0907,3.0907,0.52,19.0367,23.8812,3.914,4.2261,4.6075,2.5041,0.5444,11262.712,2824.8148,2824.8148,620688.0583,155675.5436,0
1314,002364.SZ,20230616,8.39,1.5153,2.6787,0.77,,,2.113,2.9385,2.9096,1.1919,1.1919,56356.496,52472.8675,29683.9971,472831.0014,440247.3583,0
1315,300747.SZ,20230616,30.89,4.4022,7.5443,1.45,428.2216,273.3425,5.6359,5.4891,5.3472,0.0,,56661.9755,50734.591,29604.4977,1750288.4232,1567191.516,0
1316,601065.SH,20230616,13.38,25.9137,25.9137,1.32,20.4138,17.9793,2.2596,2.9291,2.8476,,,64277.6079,15519.6855,15519.6855,860034.3937,207653.392,0
1317,002501.SZ,20230616,1.54,0.3291,0.4252,0.92,,,4.5043,10.7604,10.4873,0.0,,355000.0,354111.9006,274111.9006,546700.0,545332.3269,0
1318,300540.SZ,20230616,25.45,2.9971,4.3028,0.9,,,4.1576,17.1115,19.9797,0.0,,16069.1993,10861.1929,7565.3515,408961.1222,276417.3593,0
1319,603856.SH,20230616,12.57,0.8252,2.4707,1.39,21.6436,20.9894,1.5227,1.1325,1.0821,1.2385,2.6254,25690.06,25641.46,8563.6097,322924.0542,322313.1522,0
1320,301090.SZ,20230616,11.0,1.1568,1.1568,0.81,19.8467,20.8634,2.2927,0.9436,0.8956,0.4434,0.4434,148635.8853,22190.4983,22190.4983,1634994.7383,244095.4813,0
1321,002152.SZ,20230616,12.66,1.152,2.3058,1.23,38.0014,37.5011,2.7782,4.1772,4.1375,1.1848,1.5798,248338.2898,248213.3713,124008.9459,3143962.7489,3142381.2807,0
1322,002369.SZ,20230616,5.45,1.6441,1.9855,0.98,,,2.9922,1.6047,1.5989,0.0,,56695.628,56594.9874,46863.2702,308991.1726,308442.6813,0
1323,688109.SH,20230616,27.22,3.2408,4.2913,0.62,,,2.6561,4.9326,5.0317,,,7884.23,3869.1667,2922.0124,214608.7406,105318.7176,0
1324,600679.SH,20230616,10.09,6.5527,16.2635,0.91,,,2.4429,3.2296,3.3597,0.6046,0.6046,51529.4257,29943.433,12064.4791,519931.9053,302129.239,0
1325,603260.SH,20230616,70.63,0.3242,1.3758,0.76,16.2187,20.3661,2.7085,3.5296,3.6311,1.9425,1.2459,118220.6941,107416.5577,25310.1712,8349927.6243,7586831.4704,0
1326,300970.SZ,20230616,22.82,3.2272,3.6379,0.86,34.0321,14.665,1.6468,3.5433,2.9154,0.0,0.8764,11670.0,6833.9496,6062.4496,266309.4,155950.7299,0
1327,601339.SH,20230616,5.53,0.282,1.0963,0.6,5.3081,6.3696,0.8931,1.1869,1.2762,8.8849,8.9317,150000.0,150000.0,38591.3228,829500.0,829500.0,0
1328,002019.SZ,20230616,14.9,0.6918,0.8098,0.7,95.5041,135.5328,2.0619,4.7614,4.7213,0.0,,122602.4827,85173.8597,72760.702,1826776.9922,1269090.5095,0
1329,600439.SH,20230616,2.53,0.3523,0.5315,0.81,84.2799,113.8249,1.0176,2.2767,2.312,0.0,,113198.544,113198.544,75044.7223,286392.3163,286392.3163,0
1330,002304.SZ,20230616,145.15,0.3256,0.849,0.98,23.3251,21.5323,4.106,7.2659,6.809,2.0661,2.0661,150698.8,150129.5868,57573.6866,21873930.82,21791309.524,0
1331,300771.SZ,20230616,10.92,1.6862,2.0413,1.18,15.2118,21.4758,1.3564,3.0034,4.1261,1.8315,2.7473,24000.0,16501.1354,13630.0094,262080.0,180192.3986,0
1332,688639.SH,20230616,107.73,0.877,0.877,1.27,52.9108,48.9391,11.524,11.936,10.9351,,,15718.0,10134.8114,10134.8114,1693300.14,1091823.2321,0
1333,920478.BJ,20230616,16.53,0.5983,0.5983,1.53,11.7608,12.7812,1.5768,2.5659,2.6082,,,4015.75,1745.7524,1745.7524,66380.3475,28857.2872,0
1334,002559.SZ,20230616,8.26,2.8914,3.4922,0.62,612.1185,288.3005,2.6986,2.5055,2.5154,1.8196,1.816,55512.8024,48351.9606,40032.2511,458535.7478,399387.1946,0
1335,002897.SZ,20230616,48.08,12.946,25.0447,0.95,34.2221,38.9913,4.9437,1.6377,1.674,0.208,0.208,17067.2,15800.0382,8167.2528,820590.976,759665.8367,0
1336,600462.SH,20230616,2.07,0.4599,0.5569,0.72,,,43.2147,4.1708,4.2463,0.0,,61708.0,58385.0,48211.3096,127735.56,120856.95,0
1337,300150.SZ,20230616,4.61,2.3793,3.3746,0.84,,,1.7776,3.8235,3.577,0.6508,,58510.6053,51473.3937,36291.2871,269733.8904,237292.345,0
1338,603101.SH,20230616,6.63,1.7515,4.6656,0.68,,,2.2449,1.635,1.6204,0.0,,47040.0,47040.0,17659.22,311875.2,311875.2,0
1339,002095.SZ,20230616,23.34,7.0879,13.9116,1.93,259.7725,279.4779,6.3166,13.9307,12.7286,0.0,,25272.0,25170.8415,12824.4073,589848.48,587487.4406,1
1340,301237.SZ,20230616,29.15,0.9979,1.2113,0.99,35.6851,60.7126,1.6397,4.6313,5.798,2.4014,3.4305,8000.0,3786.9982,3120.0,233200.0,110390.9975,0
1341,600879.SH,20230616,8.19,1.1578,1.6174,0.78,36.4778,35.5727,1.4233,1.2744,1.2202,0.0,0.8547,271927.1284,271927.1284,194653.7428,2227083.1816,2227083.1816,0
1342,300461.SZ,20230616,23.25,6.1248,10.4511,1.08,,,5.5848,19.5266,17.6466,0.0,,16002.2492,7975.6935,4674.0899,372052.2939,185434.8739,0
1343,603836.SH,20230616,15.27,0.6118,0.6118,0.8,11.1963,13.7088,1.7619,0.2552,0.314,5.239,,20523.5237,8572.8973,8572.8973,313394.2069,130908.1418,0
1344,300316.SZ,20230616,68.47,0.5024,1.0488,0.86,30.6493,26.6066,8.0803,8.4231,7.2937,0.4018,0.6572,130871.6101,123073.7737,58954.4749,8960779.1435,8426861.2852,0
1345,600808.SH,20230616,2.64,0.3562,0.923,1.01,,,0.7161,0.2008,0.2086,13.2706,13.2706,776978.7186,596775.1186,230300.1571,2051223.8171,1575486.3131,0
1346,605288.SH,20230616,39.1,0.7312,2.9002,0.69,56.5011,45.8263,1.3176,2.3421,2.4836,1.2763,1.9668,7019.8912,7019.8912,1769.8912,274477.7459,274477.7459,0
1347,688391.SH,20230616,67.26,4.2666,4.2666,1.35,28.0803,28.5281,2.8906,7.9131,7.8955,,,8352.0,1849.865,1849.865,561755.52,124421.9199,0
1348,002051.SZ,20230616,12.03,5.1043,13.9557,3.27,44.5669,39.6072,1.3471,1.5319,1.4962,0.8313,,123740.8937,123709.0423,45247.1102,1488602.9512,1488219.7789,0
1349,301369.SZ,20230616,83.39,10.3973,10.3973,0.82,45.8871,54.9932,4.0351,16.5777,17.843,,2.5982,6960.0268,1740.0067,1740.0067,580396.6349,145099.1587,0
1350,688363.SH,20230616,93.37,1.1156,1.3502,0.54,46.3214,46.2864,6.522,7.0723,7.0168,,,48167.8242,19817.8242,16374.4956,4497429.7456,1850390.2456,0
1351,600877.SH,20230616,14.43,0.9117,1.2737,0.81,76.578,81.3637,7.8443,10.9179,11.3338,0.0,,118416.7119,92197.9452,65996.8745,1708753.1527,1330416.3492,0
1352,300841.SZ,20230616,68.42,1.4062,1.9619,1.56,15.4043,16.2203,2.9579,6.368,6.3183,1.4521,0.7259,13465.0449,11795.3361,8454.6483,921278.3721,807036.896,0
1353,002801.SZ,20230616,25.33,2.0317,3.4512,2.83,18.8891,18.981,3.8939,4.828,4.946,1.9739,1.9739,22963.2,11580.27,6817.2,581657.856,293328.2391,0
1354,300839.SZ,20230616,13.21,2.334,2.334,0.94,21.3648,17.498,3.2318,1.0935,1.1789,0.3336,0.6448,24545.98,11084.3633,11084.3633,324252.3958,146424.4392,0
1355,002731.SZ,20230616,12.79,0.4572,0.6373,1.2,68.5297,59.3538,2.3925,0.779,0.6427,0.0782,0.0782,25615.6,23922.094,17161.728,327623.524,305963.5823,0
1356,300883.SZ,20230616,6.11,0.7218,0.8027,0.72,67.4553,82.7948,1.4756,3.2981,3.3861,0.1637,0.3263,34600.0,23666.585,21282.375,211406.0,144602.8344,0
1357,002102.SZ,20230616,3.32,0.3579,0.4665,0.74,19.6734,21.0886,2.2144,0.7132,0.7046,0.0,,263383.629,240346.3424,184360.6212,874433.6483,797949.8568,0
1358,603131.SH,20230616,11.95,1.1876,2.5399,1.57,,,3.0314,3.8324,4.0123,0.1674,0.1674,31798.4951,31798.4951,14868.2136,379992.0164,379992.0164,0
1359,000975.SZ,20230616,12.27,1.0593,1.4652,1.04,30.2994,29.6997,3.2671,4.0649,4.0856,2.0375,2.282,277672.2265,244619.4295,176851.4891,3407038.2192,3001480.4,0
1360,002037.SZ,20230616,8.76,3.9165,7.0561,4.97,,,1.6616,0.6661,0.6421,0.4909,0.4909,48388.3566,48388.3566,26857.6012,423882.0038,423882.0038,0
1361,600289.SH,20230616,2.34,0.5311,0.7715,1.43,,,1.0646,5.6502,5.6681,0.0,,63105.2069,56592.2684,38956.2787,147666.1841,132425.9081,0
1362,300395.SZ,20230616,45.2,0.6706,0.8021,0.71,47.7225,45.7113,6.8602,13.5654,12.6351,0.3333,0.4204,51601.4473,47722.4261,39901.4665,2332385.418,2157053.6597,0
1363,601607.SH,20230616,21.73,0.6158,1.5114,0.44,14.3243,13.6751,1.1721,0.3468,0.3334,1.9284,1.9284,370278.8059,193100.6959,78675.9122,8046158.4522,4196078.1219,0
1364,002458.SZ,20230616,12.02,1.7337,2.0419,1.2,,50.8321,3.9064,5.652,4.4123,0.0,,99290.998,67645.0783,57433.3801,1193477.796,813093.8412,0
1365,600882.SH,20230616,23.36,0.7653,1.5675,0.79,88.6407,139.4287,2.7008,2.4852,2.6284,0.0,,51379.1647,51205.3647,24999.8052,1200217.2874,1196157.3194,0
1366,001283.SZ,20230616,47.75,2.0528,2.0528,0.73,24.5644,33.0443,1.7495,1.115,1.1179,,0.6283,8186.0639,2000.0,2000.0,390884.5512,95500.0,0
1367,000718.SZ,20230616,2.87,0.4256,0.643,1.05,24.3316,24.7366,0.9042,3.8896,3.9659,2.3111,2.3111,303463.6384,228975.4222,151547.2411,870940.6422,657159.4617,0
1368,002141.SZ,20230616,3.26,0.8223,1.3718,0.93,15.9235,16.8547,3.2256,4.1761,5.7743,0.0,,113465.6519,113465.6519,68014.5872,369898.0252,369898.0252,0
1369,920174.BJ,20230616,8.25,0.3219,0.4306,0.39,9.5514,8.9732,1.2774,1.3724,1.2902,,,9000.8718,5181.3635,3873.4192,74257.1924,42746.2489,0
1370,600500.SH,20230616,5.6,0.397,0.7636,0.46,15.3476,19.5384,1.1118,0.23,0.2412,1.0994,1.0994,359161.6773,312234.5905,162346.0295,2011305.3929,1748513.7068,0
1371,300542.SZ,20230616,13.16,1.9807,3.6013,1.63,75.7385,74.8284,6.4044,2.7137,2.9083,0.7599,0.9119,30002.8059,24208.3394,13314.3265,394836.9256,318581.7465,0
1372,000423.SZ,20230616,49.07,0.8036,1.1905,0.68,40.5128,35.2813,3.0951,7.8182,7.4874,1.3453,1.3453,64397.6824,64397.6824,43468.9977,3159994.2754,3159994.2754,0
1373,300015.SZ,20230616,20.44,0.5586,1.0896,1.1,75.537,70.7586,11.3676,11.8357,11.2413,0.3402,0.7166,932841.1413,771779.2294,395676.3001,19067272.9282,15775167.4489,0
1374,300699.SZ,20230616,29.15,0.6749,1.0863,1.0,25.9393,26.9805,5.1215,9.6507,9.7836,1.0695,1.4973,83135.2,81755.7658,50791.6154,2423391.08,2383180.5731,0
1375,600460.SH,20230616,31.14,0.9404,1.6704,0.93,41.9002,44.2041,5.7718,5.3242,5.2827,0.3211,0.6423,141607.1845,141607.1845,79725.4849,4409647.7253,4409647.7253,0
1376,002389.SZ,20230616,20.58,1.1977,2.046,1.55,66.9062,70.6031,2.6127,5.3184,5.6322,0.2915,0.5813,99698.5,94997.6621,55607.9809,2051795.13,1955051.886,0
1377,688625.SH,20230616,37.85,0.572,1.1527,1.09,25.8542,25.1951,4.5511,7.2624,7.1004,,,13333.34,8228.34,4083.34,504666.919,311442.669,0
1378,000650.SZ,20230616,6.21,1.6637,2.2381,1.23,15.134,14.4642,1.5406,1.687,1.6726,1.6103,3.2206,139993.8234,134231.8959,99781.8948,869361.6433,833580.0735,0
1379,605058.SH,20230616,21.99,2.9523,2.9523,0.77,23.6174,24.1342,2.0758,2.7908,2.8473,1.3643,1.3643,14292.395,4292.395,4292.395,314289.7661,94389.7661,0
1380,300809.SZ,20230616,21.66,4.2382,6.4571,0.93,115.6953,142.2196,3.7457,16.2412,15.4777,0.5771,1.0388,25217.6,11825.705,7761.9322,546213.216,256144.7703,0
1381,002279.SZ,20230616,7.39,10.8627,14.1385,2.59,124.3405,,3.8161,2.2079,2.3484,0.0,,86576.8624,78806.4167,60547.2685,639803.0131,582379.4194,0
1382,002957.SZ,20230616,18.32,2.4075,7.1751,0.78,24.038,23.8364,2.6789,2.3181,2.2581,0.1856,0.1856,41076.217,41075.542,13782.1579,752516.2954,752503.9294,0
1383,301067.SZ,20230616,21.32,2.1045,2.2706,0.91,28.4383,33.1417,2.4689,3.0182,3.063,2.6058,0.5212,9723.6,4520.115,4189.32,207307.152,96368.8518,0
1384,300782.SZ,20230616,104.5,1.2616,1.6452,0.76,52.172,76.7996,6.4166,15.1686,18.2353,0.4186,0.5813,53380.2594,42227.6328,32381.1891,5578237.1073,4412787.6276,0
1385,000636.SZ,20230616,15.83,0.6427,0.9288,0.94,56.0043,89.3225,1.532,4.7279,4.9424,1.4523,1.4523,115701.3211,107847.693,74629.1469,1831551.913,1707228.9802,0
1386,000826.SZ,20230616,2.91,1.2525,2.081,1.17,,,0.708,0.5842,0.6219,0.0,,142535.3248,142517.2959,85775.9236,414777.7952,414725.3311,0
1387,920392.BJ,20230616,6.18,0.2306,0.2306,1.16,13.8485,16.589,1.2526,1.2056,1.305,,,5870.0,1213.24,1213.24,36276.6,7497.8232,0
1388,688290.SH,20230616,66.05,1.9347,3.7049,2.5,53.6983,52.1713,6.3898,14.0909,13.6549,,,9888.0,4497.1679,2348.4,653102.4,297037.9398,0
1389,688288.SH,20230616,24.65,0.5753,1.483,0.55,,,3.0994,10.319,9.6752,,,10034.392,10034.392,3892.4956,247347.7628,247347.7628,0
1390,605599.SH,20230616,11.88,0.5363,1.0858,1.04,20.0814,17.9401,2.8003,0.8408,0.7349,3.0303,6.9024,77777.78,58667.78,28977.5982,924000.0264,696973.2264,0
1391,920943.BJ,20230616,9.26,0.9602,0.9602,1.39,11.4044,9.7785,1.3935,0.8919,0.8531,,,7809.3368,1728.5571,1728.5571,72314.4588,16006.4387,0
1392,688331.SH,20230616,65.2,1.7154,1.7154,0.88,,,7.5813,45.9598,44.9068,,,54426.3003,16024.5843,16024.5843,3548594.7796,1044802.8964,0
1393,300569.SZ,20230616,8.48,1.4215,2.1339,0.97,29.9802,26.7576,1.7793,1.6407,1.6125,1.7657,2.7681,80929.9439,69286.5352,46154.84,686285.9243,587549.8185,0
1394,603385.SH,20230616,7.75,0.494,1.0617,0.73,23.0423,22.7156,0.7623,0.8652,0.8738,2.4174,,38172.1298,37135.5444,17278.935,295834.006,287800.4691,0
1395,002812.SZ,20230616,95.83,1.2236,1.8565,1.1,21.3775,22.9031,4.6569,6.7922,6.8051,0.3157,,89241.2564,74436.7112,49060.5203,8551989.6008,7133270.0343,0
1396,000017.SZ,20230616,4.4,1.0442,1.3211,0.87,,,10.3503,6.8181,5.5534,0.0,,68918.4933,30297.9689,23947.0942,303241.3705,133311.0632,0
1397,600965.SH,20230616,6.49,0.4401,1.1447,1.08,49.5138,46.2582,2.4903,4.9478,5.0105,1.849,0.832,81870.0955,81870.0955,31478.4226,531336.9198,531336.9198,0
1398,688559.SH,20230616,44.86,2.2463,2.2877,1.23,23.7892,22.5749,4.3366,2.2043,1.9871,,,20172.65,13070.525,12834.1568,904945.079,586343.7515,0
1399,600780.SH,20230616,9.76,1.4331,3.3944,2.21,13.1006,13.5843,1.6244,1.0064,0.9855,0.0,,114650.2523,114650.2523,48405.771,1118986.4624,1118986.4624,0
1400,601166.SH,20230616,16.99,0.3624,0.4661,1.48,3.8626,3.9696,0.5165,1.5872,1.6162,6.0918,,2077427.6925,2077427.6925,1615213.21,35295496.4956,35295496.4956,0
1401,600629.SH,20230616,8.13,5.4012,11.8403,0.82,20.4841,20.4445,1.709,0.9816,0.9676,1.2508,1.2508,97073.7119,94465.8954,43092.3352,789209.2777,768007.7296,0
1402,600343.SH,20230616,9.89,2.8516,5.0726,3.94,,,3.4125,4.9494,5.3193,0.0,,63820.6348,63820.6348,35876.5744,631186.0782,631186.0782,0
1403,920436.BJ,20230616,5.93,0.0466,0.0729,0.4,,,1.2898,1.142,1.0932,,,9447.6,4467.975,2858.1,56024.268,26495.0918,0
1404,001296.SZ,20230616,20.09,4.3833,5.1084,0.68,29.9407,28.2652,1.3608,2.2682,2.3682,1.5316,2.0293,10685.9233,3764.0703,3229.7834,214680.1991,75620.1723,0
1405,301052.SZ,20230616,54.98,10.1946,11.9804,1.12,97.9872,79.5533,6.4322,8.6539,8.4735,0.1892,0.1333,7272.1217,5509.4767,4688.2467,399821.2511,302911.029,0
1406,002294.SZ,20230616,32.72,0.3246,0.792,1.23,57.2685,59.7477,4.7962,10.4758,10.6214,1.1992,1.496,111481.6535,111450.2132,45675.68,3647679.7025,3646650.9759,0
1407,000014.SZ,20230616,12.57,13.9471,21.1372,1.0,12.2347,7.7113,2.3419,3.9844,3.0115,0.3315,0.9547,24204.6224,24204.6224,15971.0154,304252.1036,304252.1036,0
1408,002055.SZ,20230616,9.52,5.4023,6.7358,1.15,,,2.061,0.7421,0.747,0.0,,60449.0017,58867.1029,47213.0627,575474.4962,560414.8196,0
1409,603586.SH,20230616,15.39,0.9832,2.438,0.74,15.6125,13.1587,1.3904,1.6498,1.6072,0.0,3.2489,19605.278,19605.278,7906.7263,301725.2284,301725.2284,0
1410,002054.SZ,20230616,6.94,0.2246,0.3005,0.78,38.7246,88.5521,1.3589,1.0218,0.9604,1.2248,1.0086,48211.5452,37709.4002,28180.0482,334588.1237,261703.2374,0
1411,600136.SH,20230616,3.31,1.6606,2.609,0.53,,,,2.9403,4.8603,0.0,,58309.3123,48535.6686,30891.8323,193003.8237,160653.0631,0
1412,002987.SZ,20230616,23.74,2.4989,6.2472,0.87,37.778,33.323,4.6452,2.8492,2.7253,0.2364,0.3009,44085.7573,42817.4366,17126.937,1046595.8783,1016485.9449,0
1413,603602.SH,20230616,12.72,1.0108,1.5451,1.39,119.4997,110.5513,3.5427,2.287,2.2419,0.2358,0.2358,20384.9297,20384.9297,13335.4166,259296.3058,259296.3058,0
1414,688148.SH,20230616,11.48,1.0051,1.1319,0.74,1227.0169,722.8755,4.3464,2.001,1.7617,,,51160.6053,38266.9053,33978.6233,587323.7488,439304.0728,0
1415,001207.SZ,20230616,16.54,6.4064,6.4064,1.58,27.2917,28.9064,2.2925,1.6572,1.569,3.023,4.2322,18386.0,6435.8289,6435.8289,304104.44,106448.61,0
1416,002106.SZ,20230616,8.44,0.7208,1.0049,0.95,16.2406,19.2221,1.2265,0.9681,1.0417,1.1848,2.3697,70581.616,70413.3908,50506.0397,595708.839,594289.0184,0
1417,300895.SZ,20230616,39.09,22.8375,22.8375,1.21,,,5.0642,12.472,14.1633,0.1057,,14080.0657,6703.862,6703.862,550389.7682,262053.9656,0
1418,600998.SH,20230616,15.04,0.4303,0.8694,1.26,13.5173,12.8466,1.2245,0.2007,0.1912,1.9466,,187386.9441,187386.9441,92753.1966,2818299.6393,2818299.6393,0
1419,600158.SH,20230616,11.23,2.5881,2.6991,0.49,925.0783,804.1888,4.3476,7.5275,7.3649,0.1603,0.1603,95951.3067,72208.0395,69239.4885,1077533.1742,810896.2836,0
1420,300155.SZ,20230616,5.07,0.97,1.2612,1.17,,,2.1073,6.5117,6.9305,0.7101,,56122.7744,33025.4842,25400.3918,284542.4662,167439.2049,0
1421,002226.SZ,20230616,5.21,0.7859,1.7558,3.06,30.5186,33.9417,1.5835,1.9595,1.9406,1.1516,1.1516,264892.2855,178301.9856,79812.0279,1380088.8075,928953.345,0
1422,301005.SZ,20230616,29.08,2.327,2.327,1.02,48.7818,57.1475,3.8231,6.4492,6.7087,0.943,0.8597,10416.3325,4433.303,4433.303,302906.9491,128920.4512,0
1423,002566.SZ,20230616,8.21,1.7961,2.0879,1.2,32.6981,32.1286,1.2443,3.2735,3.1761,0.3654,0.3654,33095.16,23137.4289,19903.7156,271711.2636,189958.2913,0
1424,301111.SZ,20230616,19.66,1.6131,2.1701,0.97,94.1302,89.522,4.1527,11.102,10.4,0.8138,0.5086,16000.0,7013.848,5213.848,314560.0,137892.2517,0
1425,000906.SZ,20230616,8.97,0.5717,1.0568,0.69,6.1579,5.6078,1.4664,0.0319,0.0308,4.4776,5.5741,68823.2979,67892.7939,36730.4525,617344.9822,608998.3613,0
1426,600979.SH,20230616,3.29,1.1327,1.6105,1.37,23.9978,26.3668,0.958,1.5702,1.5395,1.6717,1.6717,123225.979,123225.979,86671.5703,405413.4709,405413.4709,0
1427,002787.SZ,20230616,7.02,1.1629,1.6382,0.75,205.0102,229.5309,1.5506,0.9797,0.9765,0.0,,31598.3002,23166.6767,16445.1541,221820.0674,162630.0704,0
1428,000768.SZ,20230616,23.76,0.6135,1.3608,1.18,126.2899,109.3694,4.0307,1.755,1.735,0.3561,0.3561,278174.0071,276864.0196,124821.0478,6609414.4087,6578289.1057,0
1429,688586.SH,20230616,12.48,1.2386,1.4742,1.42,40.4765,39.8863,4.26,8.8579,8.576,,,79133.9156,35463.479,29794.5035,987591.2667,442584.2179,0
1430,600436.SH,20230616,298.29,0.2791,0.6173,0.99,72.7906,70.4983,14.8582,20.6997,20.0508,0.4056,0.4056,60331.721,60331.721,27277.6755,17996349.0571,17996349.0571,0
1431,601788.SH,20230616,16.54,1.3101,2.8574,0.88,23.9137,21.9097,1.3731,7.0746,6.7199,1.3785,1.3785,461078.7639,390669.8839,179122.5656,7626242.7549,6461679.8797,0
1432,300509.SZ,20230616,7.13,6.2952,12.9452,0.91,61.8908,56.98,3.519,2.7684,2.5194,1.4025,3.0856,29640.0,24488.3527,11908.5847,211333.2,174601.9548,0
1433,600707.SH,20230616,4.66,0.346,0.9577,0.76,,,0.8726,1.8648,1.8849,0.0,,358838.9732,358766.9732,129621.5326,1672189.6151,1671854.0951,0
1434,920087.BJ,20230616,6.39,0.6517,0.6517,0.92,17.1037,14.2093,2.2277,2.4126,2.2543,,,16520.0,7115.01,7115.01,105562.8,45464.9139,0
1435,600153.SH,20230616,11.45,0.8473,1.6201,1.67,5.4778,5.6696,0.7404,0.0413,0.0405,5.2425,5.2425,300517.103,284436.6082,148767.8097,3440920.8294,3256799.1639,0
1436,603839.SH,20230616,6.95,0.8394,2.9216,1.04,,,1.4526,1.2259,1.2111,6.9495,13.9982,39921.216,39921.216,11469.2642,277452.4512,277452.4512,0
1437,002698.SZ,20230616,16.03,1.108,1.7068,1.97,36.8317,32.6466,4.8927,7.6107,6.8896,1.5596,1.5596,102255.3774,80393.0727,52189.9723,1639153.6997,1288700.9554,0
1438,300671.SZ,20230616,43.66,1.2024,1.7618,0.75,,,4.4625,12.3244,15.0219,0.6838,,21772.4473,21701.8166,14810.8123,950585.0491,947501.3128,0
1439,000678.SZ,20230616,5.86,3.0627,5.6748,1.03,,,3.1704,2.3823,2.3269,0.0,,45961.1797,45961.1797,24805.2667,269332.513,269332.513,0
1440,002321.SZ,20230616,2.69,0.6082,1.0489,0.45,,,5.5922,1.9796,1.8816,0.0,,213289.0071,213286.6971,123679.5694,573747.4291,573741.2152,0
1441,002872.SZ,20230616,5.1,0.587,0.5914,1.31,,,0.748,2.6719,2.5782,0.0,,31800.0,21484.2684,21321.3884,162180.0,109569.7688,0
1442,688696.SH,20230616,143.58,1.0844,1.2032,0.84,20.0424,23.2548,3.2902,2.3803,2.4555,,,7000.0,4567.0549,4116.3196,1005060.0,655737.7425,0
1443,301190.SZ,20230616,18.03,1.0673,1.0673,0.86,38.537,37.6393,1.869,9.6642,10.1864,0.8319,0.8319,21463.65,7104.69,7104.69,386989.6095,128097.5607,0
1444,002156.SZ,20230616,24.84,3.7983,5.6368,0.53,74.8774,109.9539,2.7561,1.7541,1.7428,0.0,0.3905,151323.6649,151307.0509,101957.8703,3758879.8361,3758467.1444,0
1445,920190.BJ,20230616,10.7,0.2089,0.2464,0.72,15.581,15.6785,1.3285,0.443,0.4548,,,10000.0001,4178.0603,3542.1991,107000.0011,44705.2452,0
1446,000062.SZ,20230616,11.82,0.3803,0.8918,0.79,12.9804,14.4075,1.8212,0.5164,0.5638,2.5381,2.5381,104590.9322,104454.7525,44550.2374,1236264.8186,1234655.1746,0
1447,300556.SZ,20230616,27.3,10.761,11.3166,0.61,71.7455,83.9695,3.9046,2.5632,2.6371,0.2887,0.1832,12122.7704,10231.0677,9728.7896,330951.6319,279308.1482,0
1448,600189.SH,20230616,6.27,0.6178,1.1031,0.85,78.4655,93.6395,2.7531,3.5337,3.6318,0.0,,71519.7812,71519.7812,40058.5049,448429.0281,448429.0281,0
1449,688136.SH,20230616,19.54,1.2522,1.2522,0.96,,,2.1546,2.9506,2.8365,,,19870.065,6692.2303,6692.2303,388261.0701,130766.1801,0
1450,601121.SH,20230616,7.88,2.2447,2.2447,0.69,31.5024,32.5501,2.12,8.2881,8.9491,,,80000.0,20000.0,20000.0,630400.0,157600.0,0
1451,600995.SH,20230616,11.26,1.3835,2.0709,1.36,21.6459,18.5002,1.7823,4.3563,3.968,0.0133,0.3375,319600.5805,110910.1643,74094.8444,3598702.5364,1248848.45,0
1452,300233.SZ,20230616,19.72,0.5868,0.7687,0.65,27.8399,36.0615,2.1202,2.1709,2.2502,1.0088,0.7606,38592.4427,36049.3163,27520.1801,761042.97,710892.5174,0
1453,688579.SH,20230616,17.7,5.8587,6.5142,1.47,114.3578,83.8654,5.4809,15.5982,13.5191,,,40001.0,28166.76,25332.604,708017.7,498551.652,0
1454,300701.SZ,20230616,10.65,1.4416,3.019,0.96,66.9025,68.6478,3.761,11.5061,11.1307,1.0391,,27000.0,24084.0508,11500.5843,287550.0,256495.141,0
1455,300847.SZ,20230616,22.77,23.024,30.9819,1.46,62.0091,65.4024,5.4152,6.2108,6.385,0.3294,0.4875,29601.0,15102.6388,11223.4138,674014.77,343887.0855,0
1456,002153.SZ,20230616,20.51,1.2744,2.6357,0.75,,,5.8042,16.5906,16.6707,0.1045,,209937.9878,123028.7542,59487.7744,4305828.1298,2523319.7486,0
1457,002410.SZ,20230616,38.15,0.9323,0.9819,0.72,65.7198,64.9816,10.6454,9.6963,9.4408,0.5553,0.746,166536.3566,131851.9347,125199.6652,6353362.0043,5030151.3088,0
1458,002929.SZ,20230616,44.08,5.0353,8.8621,1.78,24.1935,22.2491,2.38,1.2576,1.1727,0.4459,1.01,23278.593,16110.2789,9153.5201,1026120.3794,710141.0939,0
1459,002489.SZ,20230616,3.92,1.8668,3.5897,1.2,39.3346,17.5707,2.072,1.0377,1.1367,0.8901,0.5086,217573.6503,188146.1876,97843.4348,852888.7092,737533.0554,0
1460,002283.SZ,20230616,6.18,1.9015,2.6203,1.62,34.5889,32.7982,1.2289,2.2453,2.2067,1.5877,1.5877,113945.7178,99238.8791,72016.0962,704184.536,613296.2728,0
1461,600255.SH,20230616,2.07,0.5266,0.5838,1.04,38.2624,49.7184,2.6649,1.2086,1.2117,0.0,,180614.6955,180614.6955,162918.7555,373872.4197,373872.4197,0
1462,002583.SZ,20230616,5.92,0.8684,1.1576,0.72,26.3848,25.318,1.7558,1.9019,1.9684,0.0,,181607.9691,121774.4526,91356.2005,1075119.1771,720904.7594,0
1463,300040.SZ,20230616,6.24,1.6104,1.7707,0.95,24.8384,26.1988,1.3138,2.7541,2.8249,0.8012,,58768.8834,46168.0693,41989.0062,366717.8324,288088.7524,0
1464,920445.BJ,20230616,5.15,0.0805,0.0829,0.59,17.7947,27.5947,2.085,2.2263,2.4006,,,14914.6025,9245.6474,8980.8055,76810.2029,47615.0841,0
1465,688310.SH,20230616,32.8,1.4707,4.375,0.74,57.4808,49.3727,4.8498,10.0465,9.5317,,,11746.1705,11746.1705,3948.7305,385274.3924,385274.3924,0
1466,000796.SZ,20230616,3.37,0.7428,1.305,0.81,,,,8.4654,9.8434,0.0,,80300.0258,80258.2483,45680.8087,270611.0869,270470.2968,0
1467,002948.SZ,20230616,3.31,0.7116,1.216,0.85,6.2494,6.007,0.6352,1.6545,1.5975,4.8338,,582035.4724,301494.9313,176423.1829,1926537.4136,997948.2226,0
1468,300611.SZ,20230616,9.21,1.8564,2.1071,0.66,,,1.9569,1.7878,1.8181,0.4564,0.4564,21107.468,14692.0206,12943.6006,194399.7803,135313.5097,0
1469,300951.SZ,20230616,53.84,0.8376,1.5914,0.7,21.2505,20.4977,3.209,5.5541,5.282,1.847,2.3124,12067.2,5700.0,3000.0,649698.048,306888.0,0
1470,688011.SH,20230616,24.3,0.88,1.1643,0.85,,,2.059,16.214,14.8001,,,10000.0,5534.6,4183.1543,243000.0,134490.78,0
1471,688668.SH,20230616,85.5,24.5659,27.6849,2.26,50.1626,49.8709,4.9817,10.071,10.2471,,,9883.9104,4655.8495,4131.3104,845074.3392,398075.1323,0
1472,000723.SZ,20230616,6.85,0.8729,1.4499,0.71,13.4146,15.3147,2.0567,1.2047,1.2475,2.8818,,432644.9597,397189.4286,239111.8491,2963617.9739,2720747.5859,0
1473,688037.SH,20230616,189.69,2.1026,2.9131,1.15,130.2586,111.5529,12.1255,18.8269,17.5058,,,13744.8931,13744.8931,9920.9801,2607268.7721,2607268.7721,0
1474,603590.SH,20230616,31.08,1.025,1.9672,1.0,48.9978,61.604,1.6396,5.7375,5.679,0.9441,0.9441,16000.0,16000.0,8336.764,497280.0,497280.0,0
1475,002258.SZ,20230616,13.1,0.4934,0.8388,0.7,5.7853,6.7524,1.5538,1.0345,1.0522,2.5203,3.8168,80043.7228,79746.5374,46903.1881,1048572.7687,1044679.6399,0
1476,688369.SH,20230616,50.87,2.0752,2.6318,1.13,62.0347,71.748,4.2086,5.6529,5.5375,,,11472.8947,11472.8947,9046.4297,583626.1534,583626.1534,0
1477,601107.SH,20230616,3.95,0.347,1.6233,0.85,15.8489,12.753,0.6735,1.2192,1.2223,2.7848,2.5316,305806.0,216274.0,46233.7162,1207933.7,854282.3,0
1478,000980.SZ,20230616,2.6,1.8698,2.5617,0.69,,,5.8288,16.7404,15.9698,0.0,,504254.7739,428745.1645,312945.1645,1311062.4121,1114737.4277,0
1479,920198.BJ,20230616,4.26,0.0588,0.0797,0.44,,,1.1446,5.367,4.6866,,,16136.3872,6490.9431,4793.0847,68741.0095,27651.4176,0
1480,300994.SZ,20230616,15.17,3.3555,3.7467,0.9,21.0648,25.395,3.4456,1.4882,1.6928,3.7354,3.1861,23308.8,7785.6,6972.7093,353594.496,118107.552,0
1481,000521.SZ,20230616,7.23,2.1974,3.0677,0.55,30.4506,20.5739,1.431,0.3684,0.3508,0.6916,1.9364,102992.3715,87580.8809,62735.1085,744634.8459,633209.7689,0
1482,688509.SH,20230616,5.11,3.3214,4.0262,1.29,138.0054,140.4196,2.608,2.9889,3.1634,,,77000.0,37629.22,31041.5266,393470.0,192285.3142,0
1483,300863.SZ,20230616,63.99,4.1599,4.1599,0.57,40.5344,38.1889,5.359,1.9254,1.8473,0.2919,0.5209,8871.5649,3321.2087,3321.2087,567691.438,212524.1447,0
1484,300427.SZ,20230616,7.75,1.5734,2.2136,0.85,42.8341,33.9996,1.7013,1.713,1.6595,0.0,,36175.7985,32326.2566,22977.537,280362.4384,250528.4887,0
1485,300743.SZ,20230616,15.79,3.435,4.9671,0.77,59.6972,54.5396,5.0992,3.672,3.6945,0.9478,0.9478,13847.6016,9755.4188,6746.3473,218653.6293,154038.0629,0
1486,002449.SZ,20230616,8.94,1.8038,2.3033,1.35,45.5678,45.3403,1.4792,1.5445,1.513,0.5593,0.6711,61847.7169,61244.0359,47962.0464,552918.5891,547521.6809,0
1487,002846.SZ,20230616,10.48,6.5975,13.4449,1.13,,,4.4725,1.7251,1.7513,0.0,,31844.2566,22289.5276,10937.6416,333727.8092,233594.2492,0
1488,003033.SZ,20230616,32.64,4.0545,4.121,1.28,15.7033,15.8538,2.4895,1.6605,1.6521,1.2255,1.5319,8175.0,2408.655,2369.825,266832.0,78618.4992,0
1489,002798.SZ,20230616,6.74,0.6424,0.9523,0.65,,,1.0453,0.631,0.6558,2.9482,,38497.0553,29280.8167,19750.776,259470.1527,197352.7046,0
1490,002627.SZ,20230616,5.37,0.5751,0.9265,1.18,914.3129,383.4333,1.2887,2.0781,2.1316,1.8439,1.8439,73814.8117,69713.0465,43276.6005,396385.5388,374359.0597,0
1491,002384.SZ,20230616,27.13,2.7995,3.1764,1.38,19.5938,18.7435,2.7641,1.4689,1.5071,0.7355,0.7355,170986.7327,139027.534,122532.5701,4638870.0582,3771816.9974,0
1492,003020.SZ,20230616,40.55,0.6567,0.6834,0.4,30.7997,28.238,4.3283,2.5029,2.3369,1.0045,0.9485,15920.71,7117.1373,6838.2873,645584.7905,288599.9175,0
1493,603992.SH,20230616,15.7,0.189,1.6916,0.49,24.1091,27.1215,2.9858,1.9795,2.1039,0.4841,1.2484,40101.2626,40101.2626,4480.2768,629589.8228,629589.8228,0
1494,001314.SZ,20230616,46.04,13.5825,13.5825,0.45,32.7932,34.3605,3.3012,2.348,2.5045,,1.086,14044.6,3511.15,3511.15,646613.384,161653.346,0
1495,300662.SZ,20230616,37.85,2.6514,3.8149,0.99,25.6253,27.4445,3.2577,0.8193,0.8016,0.547,0.547,19680.6359,19628.1116,13641.8576,744912.0688,742924.0241,0
1496,001308.SZ,20230616,28.79,3.8262,3.8262,0.7,12.921,12.7128,3.4167,1.6901,1.7761,1.5415,2.3192,68020.3875,7175.5612,7175.5612,1958306.9561,206584.4069,0
1497,300749.SZ,20230616,8.38,0.9248,1.3287,0.62,70.1116,67.7397,2.4301,1.6109,1.5521,0.0,1.1933,20635.555,15572.085,10838.985,172925.9509,130494.0723,0
1498,002228.SZ,20230616,3.23,0.3589,0.6999,1.32,30.2638,35.7486,1.2011,0.2602,0.277,4.4824,4.4824,123863.3523,123456.9603,63298.8683,400078.6279,398765.9818,0
1499,000635.SZ,20230616,8.75,3.0384,6.2322,4.89,,,1.2587,1.4215,1.4493,0.0,,30461.0502,30308.7602,14776.4915,266534.1893,265201.6518,0
1500,603070.SH,20230616,18.68,4.5255,4.5255,0.53,36.5193,34.7143,3.8533,3.3711,3.3729,0.803,1.2313,40100.0,8108.5961,8108.5961,749068.0,151468.5751,0
1501,002923.SZ,20230616,13.28,0.6593,1.2921,0.66,28.6048,28.1863,3.8583,3.241,3.1567,1.67,1.8825,33489.3286,25744.6228,13136.3738,444738.2838,341888.5908,0
1502,603810.SH,20230616,13.66,0.909,1.7239,1.69,22.3447,28.0382,1.4529,1.2973,1.3331,1.296,0.5124,16231.707,16073.7506,8475.217,221725.1176,219567.4332,0
1503,300840.SZ,20230616,12.6,6.2821,6.2821,1.08,35.4401,31.3516,2.7456,4.906,4.6962,0.254,0.5397,24000.0,15431.3513,15431.3513,302400.0,194435.0264,0
1504,003008.SZ,20230616,27.32,1.8365,1.8365,0.89,31.6712,30.5294,2.1316,14.0118,13.299,1.8302,1.8302,8000.0,3473.9245,3473.9245,218560.0,94907.6173,0
1505,688198.SH,20230616,104.89,0.1232,0.479,0.6,149.5787,152.641,13.4647,48.2124,48.3951,,,13567.2588,13567.2588,3490.0496,1423069.7755,1423069.7755,0
1506,601126.SH,20230616,15.21,1.3922,2.5053,1.04,22.7688,22.2342,3.3514,2.4354,2.3847,3.2873,4.0434,81317.2,81317.2,45189.4494,1236834.612,1236834.612,0
1507,688125.SH,20230616,49.16,3.6575,3.6575,1.58,25.2844,24.7867,2.0565,6.0992,6.0882,,,8080.808,2041.394,2041.394,397252.5213,100354.929,0
1508,002306.SZ,20230616,4.46,2.8566,3.4654,2.27,,,91.2706,30.2453,27.0735,0.0,,88446.0,81329.0137,67041.4037,394469.16,362727.4011,0
1509,920832.BJ,20230616,4.58,0.0694,0.0715,0.56,13.5573,17.3101,0.8301,1.101,1.2203,,,13876.3865,12485.3604,12133.7597,63553.8502,57182.9506,0
1510,600718.SH,20230616,11.43,2.2848,3.2591,1.33,,,1.5025,1.4652,1.4089,0.5321,0.5321,121341.3212,120370.3468,84385.2191,1386931.3013,1375833.0639,0
1511,300530.SZ,20230616,22.88,0.3406,0.7935,1.04,,,11.4226,8.1987,8.2514,0.0,,17170.0254,11800.8683,5064.809,392850.1812,270003.8667,0
1512,688115.SH,20230616,33.9,5.505,7.9269,4.43,41.829,80.8384,1.7465,9.3286,10.3398,,,6667.0,2929.694,2034.594,226011.3,99316.6266,0
1513,600814.SH,20230616,8.88,1.5159,4.776,0.77,27.5007,25.5019,1.9246,3.2857,3.2019,2.1531,,73572.9238,71502.6758,22694.0342,653327.5633,634943.7611,0
1514,601212.SH,20230616,2.77,0.2827,0.7782,1.38,615.7834,,1.3896,0.2335,0.2324,0.1227,0.1227,740477.4511,740477.4511,269034.0933,2051122.5395,2051122.5395,0
1515,603211.SH,20230616,16.14,20.5381,20.5381,0.8,67.361,68.4838,3.927,4.4843,4.4666,0.0,0.4647,27180.8,6795.2,6795.2,438698.112,109674.528,0
1516,300317.SZ,20230616,5.54,2.3818,4.0722,1.07,50.0948,89.8857,2.5013,9.0566,12.8619,0.0,,82603.141,82603.141,48313.6583,457621.4011,457621.4011,0
1517,300118.SZ,20230616,24.09,5.4282,5.9979,1.32,29.0711,26.3362,1.8739,0.9346,0.8932,0.0,,114001.3863,69260.046,62681.3645,2746293.396,1668474.5081,0
1518,603518.SH,20230616,10.74,2.253,3.3758,1.36,52.217,28.0686,1.1791,0.9563,0.9354,0.0,,34721.0033,34721.0033,23172.4693,372903.5754,372903.5754,0
1519,600691.SH,20230616,3.08,0.2365,0.4755,1.05,104.6073,,1.2139,0.4296,0.4516,0.0,,237598.1952,237558.5952,118171.6306,731802.4412,731680.4732,0
1520,001269.SZ,20230616,62.08,13.331,13.331,1.55,50.1033,32.5797,9.5936,8.33,6.6302,,0.5753,19239.5876,4809.897,4809.897,1194393.5982,298598.4058,0
1521,000789.SZ,20230616,7.99,0.2954,0.5733,0.81,16.4152,23.4994,0.9517,0.5647,0.6068,10.0125,3.2541,79740.2585,79738.3678,41090.3674,637124.6654,637109.5587,0
1522,600435.SH,20230616,11.03,0.9586,1.5648,0.63,89.2687,94.7954,6.3882,4.3025,4.2927,0.2254,,149766.3566,149766.3566,91752.3996,1651922.9133,1651922.9133,0
1523,002184.SZ,20230616,15.75,21.1116,24.9199,7.6,39.1226,37.4751,4.2364,2.0485,1.9312,1.2698,1.2698,35190.837,24015.1004,20345.1155,554255.6828,378237.8313,0
1524,601988.SH,20230616,3.96,0.1214,1.2484,1.11,5.1257,5.1276,0.5532,1.8863,1.8721,5.5808,5.5808,29438779.1241,21076551.4846,2049395.6739,116577565.3314,83463143.879,0
1525,920834.BJ,20230616,3.48,0.3771,0.3809,4.73,11.3001,10.6974,1.4298,1.6234,1.5907,,,12000.0005,3296.4004,3263.6595,41760.0017,11471.4734,0
1526,600236.SH,20230616,5.56,0.1135,0.7057,1.01,13.6568,15.9741,2.5477,4.1249,4.3669,2.6978,2.6978,788237.7802,788237.7802,126830.9413,4382602.0579,4382602.0579,0
1527,688667.SH,20230616,72.8,1.2042,1.3615,0.74,56.2731,69.1702,2.444,5.2976,4.8773,,,5181.214,2339.5192,2069.1718,377192.3792,170316.9978,0
1528,002745.SZ,20230616,9.19,1.4166,1.5695,1.31,70.3377,89.2894,1.0183,0.8258,0.8216,1.5016,1.0881,148416.6399,96133.5312,86772.8097,1363948.9207,883467.1517,0
1529,603871.SH,20230616,22.44,0.607,1.609,0.79,16.4836,14.4812,2.6204,2.3235,1.9471,1.4124,,50004.8597,50004.8597,18863.6058,1122109.0517,1122109.0517,0
1530,300363.SZ,20230616,31.38,1.6884,2.6361,1.09,8.5428,8.8876,2.9881,2.4353,2.458,0.613,3.5119,54595.502,50019.3267,32036.6268,1713206.8528,1569606.4718,0
1531,600620.SH,20230616,12.68,1.4166,2.0207,2.27,242.2959,128.7025,4.4468,35.7236,28.4677,0.4338,0.4338,68667.7113,68667.7113,48139.4369,870706.5793,870706.5793,0
1532,600056.SH,20230616,13.57,1.2422,2.6295,1.55,27.5913,26.7623,1.8312,0.54,0.4879,0.9563,0.9563,149587.9748,149535.1478,70639.8276,2029908.818,2029191.9556,0
1533,002431.SZ,20230616,2.52,0.6717,0.985,1.09,,,1.1125,1.0762,1.0018,0.0,,181281.6265,145830.9268,99446.8338,456829.6988,367493.9355,0
1534,301246.SZ,20230616,32.26,1.5349,1.5349,0.97,29.6788,39.983,2.9767,6.2529,6.097,,0.31,40000.68,4437.1665,4437.1665,1290421.9368,143142.9913,0
1535,603699.SH,20230616,13.37,0.3251,0.9826,0.57,21.486,20.1868,2.9893,2.4672,2.3737,1.8699,1.8699,74906.2,74906.2,24782.1112,1001495.894,1001495.894,0
1536,002293.SZ,20230616,11.16,0.3439,0.8102,0.85,16.3434,15.853,2.4455,1.7639,1.7795,5.3667,10.7431,83988.2881,82652.7229,35083.9411,937309.2952,922404.3876,0
1537,600098.SH,20230616,6.06,0.5027,1.7111,0.97,15.8635,14.3432,0.8704,0.4488,0.4333,1.6331,1.6331,354405.5525,320679.5539,94206.5031,2147697.6482,1943318.0966,0
1538,300654.SZ,20230616,16.34,10.1579,18.9048,0.95,165.2948,159.6532,7.7933,13.5935,12.9838,0.27,0.288,36018.8486,31937.1489,17160.5364,588547.9861,521853.013,0
1539,300288.SZ,20230616,23.71,13.6426,15.8397,0.94,113.9956,104.9332,5.1533,18.3515,18.1824,0.0844,,33794.1402,25152.9316,21664.0097,801259.0641,596376.0082,0
1540,002437.SZ,20230616,2.02,1.2767,1.3445,0.59,,,2.6901,1.4287,1.4728,0.0,,219812.295,219080.0317,208031.0317,444020.8359,442541.664,0
1541,002783.SZ,20230616,8.31,0.6946,0.8722,0.96,24.3762,33.5234,2.2096,0.9546,0.928,0.0,,39123.8834,34362.4752,27365.6604,325119.4711,285552.1689,0
1542,002732.SZ,20230616,22.18,0.5177,1.2383,0.74,35.1245,32.4029,2.7316,1.8612,1.8203,0.9017,0.9017,15735.0,15600.3576,6521.9976,349002.3,346015.9316,0
1543,002752.SZ,20230616,4.67,0.6142,1.702,1.1,21.7988,21.157,1.6091,0.6633,0.6542,0.6424,0.6424,97691.8468,97536.523,35194.8357,456220.9246,455495.5624,0
1544,603997.SH,20230616,14.13,1.1131,2.5971,2.18,,,4.371,0.8857,0.8432,0.0,,112623.5789,112623.5789,48269.4713,1591371.1699,1591371.1699,0
1545,000998.SZ,20230616,15.49,0.8466,1.108,0.96,,,3.8514,5.5302,5.3026,0.0,,131697.0298,129598.4717,99019.1358,2039986.9916,2007480.3266,0
1546,300135.SZ,20230616,2.73,1.8967,2.2603,0.65,,,2.5252,1.0192,1.005,0.0,,92160.0,70976.9304,59559.1872,251596.8,193767.02,0
1547,600410.SH,20230616,8.19,7.3969,7.3969,0.49,,,1.9787,2.2066,2.1523,0.0521,0.0521,109649.4683,109649.4683,109649.4683,898029.1454,898029.1454,0
1548,600654.SH,20230616,2.23,0.2505,0.3091,0.44,,,4.3385,2.4649,2.3507,0.0,,281000.0,228202.2162,184922.2162,626630.0,508890.9421,0
1549,601566.SH,20230616,11.15,0.6149,2.0239,0.91,,104.5938,1.6913,2.4454,2.4394,4.4843,0.8969,57463.715,57463.715,17456.901,640720.4223,640720.4223,0
1550,688023.SH,20230616,187.87,1.0607,1.5271,0.87,,,5.0809,7.4916,7.1222,,,7895.635,7895.635,5484.0318,1483352.9475,1483352.9475,0
1551,603496.SH,20230616,14.41,1.0797,1.4991,0.82,60.5365,64.2438,3.59,5.9884,5.8799,0.0,0.347,32020.9243,32020.9243,23063.496,461421.5192,461421.5192,0
1552,300177.SZ,20230616,6.8,1.1548,1.2494,0.81,,,2.4365,3.8381,4.0172,0.2206,0.2206,74416.9066,60625.5607,56034.7725,506034.9649,412253.8128,0
1553,603966.SH,20230616,12.24,1.0738,2.1339,1.04,18.0845,17.869,2.5883,1.9654,1.8483,1.7889,1.7889,30032.8145,30032.8145,15112.7491,367601.6495,367601.6495,0
1554,002739.SZ,20230616,12.57,1.1626,2.1123,0.79,,,3.7296,2.8256,2.7417,0.0,,217936.881,210779.8132,116017.3976,2739466.5942,2649502.2519,0
1555,300572.SZ,20230616,16.94,1.3717,1.4913,0.58,,,1.8274,8.6628,8.7911,0.0,,22898.8812,18359.0831,16886.8409,387907.0475,311002.8677,0
1556,002125.SZ,20230616,12.02,1.1488,1.9564,1.03,19.1984,25.755,2.9675,3.6025,3.5569,0.416,,62948.1713,62948.1713,36962.487,756637.019,756637.019,0
1557,003017.SZ,20230616,32.49,1.4469,1.4715,0.91,24.1481,21.2602,1.9394,1.8424,1.7478,1.7605,1.7605,6000.0,4239.384,4168.6526,194940.0,137737.5862,0
1558,600748.SH,20230616,4.18,0.8737,2.0752,0.57,62.8579,18.4403,0.7506,1.4692,1.0936,2.0813,2.0813,184456.2892,184456.2892,77663.0391,771027.2889,771027.2889,0
1559,000965.SZ,20230616,4.21,2.3011,4.7396,0.87,200.505,356.27,0.8577,1.8956,2.0899,0.0,0.4751,110983.0895,110983.0895,53883.4999,467238.8068,467238.8068,0
1560,300838.SZ,20230616,17.17,1.1655,2.1659,0.6,21.9177,20.4464,2.4723,2.3113,2.1778,1.1648,,13634.0,10083.35,5425.8,234095.78,173131.1195,0
1561,600323.SH,20230616,18.67,0.3218,0.5921,0.96,13.2792,11.7332,1.3612,1.1823,1.1755,1.1784,1.1784,81534.7146,81534.7146,44310.9647,1522253.1216,1522253.1216,0
1562,002088.SZ,20230616,18.45,0.4027,1.0786,0.53,16.0417,16.7018,3.6288,2.7721,2.7605,3.794,8.1301,50633.2586,45132.5837,16848.6366,934183.6212,832696.1693,0
1563,600103.SH,20230616,2.93,5.9511,8.2737,0.98,32.522,33.2842,1.7217,2.3129,2.3758,0.0,,230581.7807,230581.7807,165853.6601,675604.6175,675604.6175,0
1564,920663.BJ,20230616,10.86,2.0172,2.0748,0.81,10.9996,10.5494,1.8678,2.702,2.6403,,,5160.0,1297.189,1261.189,56037.6,14087.4725,0
1565,600192.SH,20230616,5.65,0.9033,1.4752,0.81,,,1.6112,1.155,1.0963,0.0,,44174.8,44174.8,27047.5247,249587.62,249587.62,0
1566,300815.SZ,20230616,14.55,0.6503,2.1854,0.88,11.7323,11.4769,1.7791,1.0753,1.0475,1.2218,3.2646,39859.2,38779.2,11539.2519,579951.36,564237.36,0
1567,600363.SH,20230616,35.83,1.0916,1.3822,0.56,60.9906,54.5457,4.3296,4.9222,5.6434,0.1451,0.1451,45522.575,45057.775,35584.1658,1631073.8623,1614420.0783,0
1568,600743.SH,20230616,1.66,0.9175,2.2209,0.81,,,1.1809,0.3565,0.3399,0.0,,234610.0874,234610.0874,96917.4435,389452.7451,389452.7451,0
1569,688339.SH,20230616,81.11,0.8828,0.883,0.76,,,2.9706,12.9876,13.9048,,,11818.9837,8132.1185,8129.727,958637.7679,659596.1315,0
1570,002561.SZ,20230616,9.66,6.4484,10.1826,1.31,164.1026,171.9623,1.8264,8.3521,8.3369,1.6563,2.8986,41576.3,41227.1022,26108.1321,401627.058,398253.8073,0
1571,002590.SZ,20230616,9.14,0.8666,1.8748,0.57,61.1967,58.3483,2.2322,1.3032,1.2664,0.93,0.93,47964.6926,45555.3639,21056.6508,438397.2904,416376.026,0
1572,688275.SH,20230616,93.05,0.9639,0.9639,1.1,12.2409,16.9592,1.4246,0.9501,0.8434,,,12611.8463,2938.3303,2938.3303,1173532.2982,273411.6344,0
1573,000513.SZ,20230616,39.8,0.7957,1.3113,0.82,19.501,19.213,2.6066,2.9482,2.9637,3.2629,,93555.2687,60586.0369,36765.2745,3723499.6943,2411324.2686,0
1574,603136.SH,20230616,28.39,0.7828,1.4619,1.06,260.4476,86.7871,4.3824,14.3497,12.2229,0.0,,18629.4283,18629.4283,9975.5383,528889.4694,528889.4694,0
1575,688117.SH,20230616,42.81,5.6625,6.5614,0.9,53.1105,53.3255,4.0732,8.6547,8.6378,,,8000.0,4730.1,4082.1,342480.0,202495.581,0
1576,600938.SH,20230616,18.5,0.9943,0.9943,0.83,6.2102,6.3076,1.4063,2.0841,2.051,8.7321,8.7321,4756676.3984,284185.1853,284185.1853,87998513.3704,5257425.9281,0
1577,300496.SZ,20230616,107.63,5.9488,6.4934,1.36,64.0481,63.019,5.3788,9.0421,9.0195,0.2633,0.3131,45747.8344,36471.4376,33412.661,4923839.4165,3925420.8289,0
1578,600085.SH,20230616,55.7,0.7541,1.5859,1.41,53.5771,49.3097,6.2063,4.9693,4.6125,0.5206,0.5206,137147.0262,137147.0262,65216.1722,7639089.3593,7639089.3593,0
1579,002953.SZ,20230616,12.93,7.3838,10.1921,0.97,54.3142,54.3497,2.7479,1.292,1.2582,0.5342,,35232.6032,19708.6424,14278.2371,455557.5594,254832.7462,0
1580,920839.BJ,20230616,7.11,0.0537,0.1124,1.06,13.397,11.9028,1.7878,1.6812,1.5192,,,11934.25,6384.1375,3049.975,84852.5175,45391.2176,0
1581,002138.SZ,20230616,24.01,0.5387,0.5904,0.54,44.7052,55.1859,3.5512,4.5679,4.5499,1.24,0.8195,80631.8354,72530.3191,66179.1021,1935970.368,1741452.9616,0
1582,002840.SZ,20230616,15.37,1.1955,2.1038,0.85,107.3616,132.5709,3.7337,0.9966,0.9692,0.0,,61290.9455,46268.3055,26292.3639,942041.8323,711143.8555,0
1583,600088.SH,20230616,16.48,6.8962,15.995,0.85,,,6.4705,5.7018,5.9624,0.0,,39770.64,39770.64,17146.9217,655420.1472,655420.1472,0
1584,300380.SZ,20230616,20.05,3.6521,6.5444,1.65,,,7.169,3.5971,3.4978,0.201,,13976.105,12458.9827,6952.7177,280220.9053,249802.6031,0
1585,002409.SZ,20230616,70.5,2.1547,2.5796,0.6,64.0001,61.1592,5.167,7.8778,7.6866,0.2979,0.4539,47592.7678,31852.1997,26605.3687,3355290.1299,2245580.0789,0
1586,600558.SH,20230616,3.84,1.5594,2.3405,0.55,50.3611,45.547,1.5628,1.032,1.0334,0.7813,0.7813,89760.4831,89760.4831,59805.0432,344680.2551,344680.2551,0
1587,002208.SZ,20230616,6.59,0.4179,0.7984,0.79,15.834,16.0936,0.8216,1.3149,1.2165,1.5175,1.5175,80329.1894,62225.718,32570.0124,529369.3581,410067.4816,0
1588,002254.SZ,20230616,21.81,1.8945,1.9041,2.39,43.1777,44.2217,2.7121,5.0187,5.0772,1.8182,1.3755,86293.4983,42671.1853,42455.2272,1882061.1979,930658.5514,0
1589,601068.SH,20230616,5.77,1.2026,10.4023,2.07,151.7587,174.8255,3.36,0.7205,0.7352,0.0,,295906.6667,255959.0667,29590.6667,1707381.4669,1476883.8149,0
1590,301057.SZ,20230616,18.26,3.6537,3.6537,1.06,53.1547,57.3303,2.8822,3.5057,3.2665,1.0126,,11811.8438,4432.0,4432.0,215684.2678,80928.32,0
1591,300120.SZ,20230616,7.66,1.869,1.9434,0.86,119.6607,148.4347,1.3443,1.6297,1.4966,0.0,,57439.3929,40389.9094,38842.5691,439985.7496,309386.706,0
1592,603880.SH,20230616,4.81,0.0758,0.1615,0.02,,,2.2309,2.5795,2.2385,0.0,,29247.4,28904.2,13563.7705,140679.994,139029.202,-1
1593,603595.SH,20230616,40.27,0.9802,1.6743,0.83,86.6313,187.5234,5.0292,4.9563,5.0933,0.0357,0.1154,23244.2326,18083.6191,10586.6191,936045.2468,728227.3412,0
1594,300218.SZ,20230616,9.15,0.4594,0.7022,0.67,13.7272,,1.6372,1.0167,1.0437,2.2474,2.5137,21698.7,21627.6394,14147.6394,198543.105,197892.9005,0
1595,000560.SZ,20230616,2.92,2.1631,3.3043,1.13,,,0.6643,0.5892,0.6063,0.274,0.274,235550.0851,224981.0653,147276.377,687806.2485,656944.7107,0
1596,688619.SH,20230616,16.05,2.7591,2.7591,0.77,,,2.3711,17.7991,16.4968,,,18764.5475,8952.197,8952.197,301170.9874,143682.7619,0
1597,300182.SZ,20230616,7.39,11.392,12.0835,1.06,37.4339,50.1352,2.584,4.9876,5.4293,0.0,,263696.6007,221301.9802,208637.9227,1948717.8792,1635421.6337,0
1598,603956.SH,20230616,7.83,0.4508,0.9536,0.65,,,2.1273,3.7668,3.61,2.2148,1.2642,50843.5363,50843.5363,24033.3363,398104.8892,398104.8892,0
1599,688287.SH,20230616,13.52,0.822,1.7377,0.88,47.8763,46.5809,4.1423,14.3433,14.047,,,30876.3,30876.3,14605.5,417447.576,417447.576,0
1600,001222.SZ,20230616,21.58,1.724,1.724,0.84,18.5599,24.2466,2.5249,3.0853,3.715,,,13635.0,3410.0,3410.0,294243.3,73587.8,0
1601,300338.SZ,20230616,5.01,4.4094,4.635,0.98,57.3573,21.9891,18.572,2.9405,3.2479,0.0,,38666.9692,29582.1691,28141.9315,193721.5157,148206.6672,0
1602,002222.SZ,20230616,28.41,11.434,14.7899,1.12,53.6475,53.5929,9.1463,15.8064,15.8136,0.528,0.88,42750.0,42559.2468,32902.2418,1214527.5,1209108.2016,0
1603,002240.SZ,20230616,34.05,2.2502,2.9142,0.72,5.5921,6.2775,2.5867,2.5791,2.3637,0.2787,1.909,91189.5872,84986.9722,65621.8927,3105005.4442,2893806.4034,0
1604,603055.SH,20230616,10.22,0.599,2.16,1.36,33.8713,39.8447,2.2231,2.2703,2.2561,1.6214,1.6214,89046.0468,88761.6174,24612.9672,910050.5983,907143.7298,0
1605,600285.SH,20230616,15.48,1.7535,2.3188,1.46,18.8722,18.3411,3.7213,2.9255,2.8252,3.2126,3.8541,56729.968,55933.36,42298.0002,878179.9046,865848.4128,0
1606,002062.SZ,20230616,5.38,0.677,1.1823,0.61,16.2777,14.5412,1.4311,0.6819,0.7242,1.8587,3.7175,110250.0,97043.0037,55573.0759,593145.0,522091.3599,0
1607,600854.SH,20230616,5.49,6.4981,9.5845,0.56,23.2114,24.7321,1.2916,10.1191,11.2701,1.7304,2.0947,51945.8538,51945.8538,35218.3425,285182.7374,285182.7374,0
1608,688308.SH,20230616,39.26,1.8412,2.3588,0.84,25.7222,25.4378,2.5231,5.9005,5.7804,,,15860.8108,11082.7228,8650.6007,622695.432,435107.6971,0
1609,000626.SZ,20230616,7.38,2.3911,5.7347,4.09,32.7764,31.5366,1.2425,0.0458,0.0456,0.0,,50894.0464,50012.1335,20852.7235,375598.0624,369089.5452,0
1610,603042.SH,20230616,14.2,11.0665,14.3686,1.84,,,2.3874,2.0841,2.2719,0.0845,0.0845,16058.984,16058.984,12368.4819,228037.5728,228037.5728,0
1611,688377.SH,20230616,24.9,1.147,1.147,1.89,39.907,39.8957,2.9281,4.9319,4.6023,,,19466.7,10991.7,10991.7,484720.83,273693.33,0
1612,002017.SZ,20230616,16.68,2.4131,4.3346,1.33,81.1681,62.642,4.7912,5.7923,5.4629,0.2998,0.2998,44648.6084,44531.1813,24791.0929,744738.7881,742780.1041,0
1613,000525.SZ,20230616,9.85,0.6511,0.9948,0.59,7.8119,13.0601,4.4429,0.8883,1.0109,0.0,,58077.2873,58061.7168,38002.252,572061.2799,571907.9105,0
1614,300351.SZ,20230616,16.56,5.7742,7.9357,0.98,41.2281,42.1584,2.8035,4.223,4.1704,0.0,,38516.1857,25819.1502,18786.4717,637828.0352,427565.1273,0
1615,001331.SZ,20230616,18.12,3.3205,3.3205,1.43,17.6897,26.6815,1.9624,0.5903,0.638,,1.3009,16800.0,4200.0,4200.0,304416.0,76104.0,0
1616,688327.SH,20230616,21.7,10.1194,10.1194,1.8,,,11.3566,42.7473,62.7448,,,103693.8787,74654.3669,74654.3669,2250157.1678,1619999.7617,0
1617,300139.SZ,20230616,9.6,3.0155,3.1958,0.76,,,2.6116,12.0373,11.1038,0.0,,27400.0,23365.1725,22046.7925,263040.0,224305.656,0
1618,600171.SH,20230616,18.83,2.4274,3.2484,0.96,33.5895,46.5725,3.248,6.5566,6.7271,1.0627,2.1248,71181.0799,70505.142,52685.142,1340339.7345,1327611.8239,0
1619,601579.SH,20230616,12.44,2.8978,7.0063,0.73,41.2055,40.9255,1.6472,4.8608,4.8913,1.4469,2.4116,47946.3409,47946.3409,19830.5209,596452.4808,596452.4808,0
1620,600476.SH,20230616,18.05,8.3191,13.7133,4.21,,,23.5054,4.9631,4.7761,0.0,,16107.0,16107.0,9771.228,290731.35,290731.35,0
1621,300492.SZ,20230616,57.95,0.4393,1.3531,1.49,744.8807,1164.2424,27.1878,76.1899,79.9814,0.0345,0.069,14048.647,14048.647,4561.3872,814119.0937,814119.0937,0
1622,600352.SH,20230616,9.46,0.2715,0.3508,1.21,10.2481,10.6966,0.9503,1.45,1.5036,2.5998,2.5998,325333.186,325333.186,251735.633,3077651.9396,3077651.9396,0
1623,688230.SH,20230616,45.89,1.8361,1.8361,0.99,45.1807,51.1725,2.5258,16.0544,17.7709,,,11760.0,2851.8,2851.8,539666.4,130869.102,0
1624,600706.SH,20230616,17.83,12.267,22.3352,1.34,,,4.6841,5.1044,4.4593,0.0,,25505.9785,25403.0185,13951.9064,454771.5967,452935.8199,0
1625,300260.SZ,20230616,36.17,3.732,6.1298,1.48,42.7807,46.2717,9.0838,5.6298,5.6081,0.1229,0.3686,40780.6752,27543.9051,16769.454,1475037.022,996263.0475,0
1626,301193.SZ,20230616,17.18,0.5657,1.0896,0.72,18.405,18.8563,2.2059,1.6693,1.7456,0.7276,1.819,19200.0,9246.0,4800.0,329856.0,158846.28,0
1627,300101.SZ,20230616,19.65,2.629,3.7287,1.44,36.9632,39.1481,6.6102,9.3823,9.4544,0.2272,0.2272,56454.6,56240.0365,39654.0365,1109332.89,1105116.7172,0
1628,000669.SZ,20230616,1.75,0.3126,0.4023,0.55,,,2.6007,0.9459,1.0036,0.0,,68040.8797,68040.8797,52868.0713,119071.5395,119071.5395,0
1629,605389.SH,20230616,25.9,4.1397,4.1397,1.71,27.7621,31.6899,1.9293,3.9374,4.2895,1.6547,1.3514,13626.676,3406.676,3406.676,352930.9084,88232.9084,0
1630,600477.SH,20230616,4.14,2.4181,3.9524,2.14,36.6167,35.229,1.9078,0.9872,0.9954,1.4441,1.4441,236911.1152,236896.615,144934.7486,980812.0169,980751.9861,0
1631,000928.SZ,20230616,9.48,4.5626,9.9317,1.42,19.3951,17.2289,1.906,0.6539,0.5891,2.6579,3.6525,129118.3705,129116.0305,59315.84,1224042.1523,1224019.9691,0
1632,002969.SZ,20230616,3.87,0.865,1.4317,0.8,218.5768,106.4111,1.6226,1.249,1.2107,0.2843,0.2842,96195.4154,52849.9594,31930.8338,372276.2576,204529.3429,0
1633,688337.SH,20230616,60.8,4.7621,4.7621,1.19,118.0247,98.0272,4.3512,17.3112,16.2819,,,17953.814,4342.5929,4342.5929,1091591.8912,264029.6483,0
1634,688091.SH,20230616,71.7,0.8531,1.2278,0.91,79.4404,67.8997,8.4838,48.0954,38.5982,,,15827.68,11460.7064,7962.556,1134844.656,821732.6489,0
1635,002662.SZ,20230616,3.27,0.9437,1.6698,0.67,11.2252,12.3511,1.34,1.3707,1.4364,0.0,2.1407,150000.0,149998.11,84767.8028,490500.0,490493.8197,0
1636,600482.SH,20230616,19.58,1.9098,3.9476,1.69,127.165,141.3418,1.1917,1.1047,1.0192,0.4392,0.4392,216068.2115,202743.2396,98085.5641,4230615.5812,3969712.6314,0
1637,603713.SH,20230616,83.95,0.4865,0.9218,0.73,22.7961,23.8275,3.6727,1.1922,1.2701,0.4642,0.6526,16438.4094,16354.9244,8630.5717,1380004.4691,1372995.9034,0
1638,300798.SZ,20230616,6.98,0.8168,2.1877,0.59,384.7709,730.1731,2.3248,3.2385,3.3985,0.4298,0.4298,41775.0916,31799.3488,11873.0006,291590.1394,221959.4546,0
1639,688538.SH,20230616,2.57,0.3636,0.5454,0.89,,,2.3206,8.5176,8.86,,,1388963.3185,575223.5725,383469.0725,3569635.7285,1478324.5813,0
1640,002888.SZ,20230616,15.37,5.8209,8.3779,0.98,,,5.7869,10.1622,10.4356,0.0,,14961.168,7519.1926,5224.2558,229953.1522,115569.9903,0
1641,000791.SZ,20230616,5.16,0.3327,0.9398,0.85,27.3601,28.7934,1.0162,4.0357,4.0142,0.6585,1.1628,160054.0535,135956.093,48134.5245,825878.9161,701533.4399,0
1642,002625.SZ,20230616,15.18,0.6226,0.8299,1.04,86.8406,75.2517,3.9228,28.0108,24.1047,0.8893,0.8893,215458.7862,177722.161,133330.205,3270664.3745,2697822.404,0
1643,600373.SH,20230616,15.81,2.4907,5.6296,1.23,11.0983,10.8674,1.2679,2.0929,2.1135,4.3011,4.7438,135506.3719,135506.3719,59952.2687,2142355.7397,2142355.7397,0
1644,300507.SZ,20230616,6.27,3.227,3.227,0.63,17.9056,18.0222,2.5853,5.1626,5.2907,0.5981,,79152.8907,47599.7826,47599.7826,496288.6247,298450.6369,0
1645,605338.SH,20230616,25.66,1.3953,1.3953,0.91,28.8713,24.5077,3.1631,4.2081,4.1806,1.0047,2.2518,25011.375,8626.37,8626.37,641791.8825,221352.6542,0
1646,603489.SH,20230616,80.21,0.6518,2.4088,1.33,18.841,25.4494,3.3206,3.3857,3.7991,2.4921,2.4921,12029.7135,12009.8075,3249.8004,964903.3198,963306.6596,0
1647,301303.SZ,20230616,22.47,2.4465,2.4465,1.28,30.9639,29.6306,2.3304,5.5087,5.4375,,0.9791,29200.0,6923.7698,6923.7698,656124.0,155577.1074,0
1648,002158.SZ,20230616,23.97,1.0347,2.6872,2.21,19.8911,19.1391,4.3708,3.9248,3.8136,1.5019,1.8356,53472.4139,53332.7847,20535.0357,1281733.7612,1278386.8493,0
1649,688356.SH,20230616,114.0,1.476,1.7858,1.18,36.786,37.8508,5.6305,16.8781,17.2173,,,6028.8,3627.5543,2998.2362,687283.2,413541.1902,0
1650,002637.SZ,20230616,10.32,0.5203,0.7356,1.55,,,1.3502,0.4321,0.4374,1.8684,2.8374,47040.1,39499.87,27939.144,485453.832,407638.6584,0
1651,601005.SH,20230616,1.42,0.3982,0.5508,1.01,,,0.5963,0.3464,0.3306,0.0,,891860.2267,838047.5067,605866.1724,1266441.5219,1190027.4595,0
1652,920171.BJ,20230616,4.0,0.1155,0.2436,1.43,,,1.1458,1.6785,1.672,,,10023.3235,6716.3233,3184.59,40093.294,26865.2932,0
1653,301390.SZ,20230616,45.87,13.6892,13.6892,0.51,36.8135,36.1812,3.0845,6.352,6.2463,,,6000.0,1500.0,1500.0,275220.0,68805.0,0
1654,300029.SZ,20230616,6.72,0.9848,1.307,1.62,112.1243,,64.4664,5.3974,5.1112,0.0,,20050.65,20036.025,15097.315,134740.368,134642.088,0
1655,002910.SZ,20230616,11.53,1.0638,2.2323,0.75,36.9913,40.2903,1.6593,2.1475,2.1346,0.4119,0.4119,19553.9347,17106.195,8152.1235,225456.8671,197234.4284,0
1656,603357.SH,20230616,13.41,2.1478,4.1808,0.54,14.1561,13.7753,1.9191,2.2403,2.1256,3.431,3.431,46747.9538,45454.2698,23351.0698,626890.0605,609541.758,0
1657,688233.SH,20230616,33.94,2.511,4.7504,1.99,34.3388,56.4731,3.5124,10.0705,12.0736,,,16000.0,16000.0,8457.2406,543040.0,543040.0,0
1658,600563.SH,20230616,147.0,0.7361,1.2821,1.03,32.8523,32.0011,8.4699,8.6218,8.4259,1.0884,1.2245,22500.0,22500.0,12917.9776,3307500.0,3307500.0,0
1659,600242.SH,20230616,0.24,5.4303,5.9846,1.35,,,,9.8073,2.6373,0.0,,45666.5122,45129.4545,40949.4545,10959.9629,10831.0691,0
1660,688016.SH,20230616,165.19,0.8677,1.5983,1.29,33.3169,33.1908,7.0675,13.2628,12.8651,,,7197.8147,7197.8147,3907.5214,1189007.0103,1189007.0103,0
1661,603630.SH,20230616,16.57,7.7972,20.2359,2.15,62.9986,38.0102,1.9224,4.2064,4.2381,0.0,0.7846,22520.458,22520.458,8677.4918,373163.9891,373163.9891,0
1662,000070.SZ,20230616,10.18,10.0253,16.0597,0.85,690.5487,,4.3182,2.1866,2.0984,0.0,,90034.476,88857.8626,55469.3633,916550.9657,904573.0413,0
1663,300566.SZ,20230616,18.2,2.4832,2.9781,1.55,84.5251,101.166,2.8636,2.4225,2.5522,0.546,0.273,26374.155,22822.3533,19029.8857,480009.621,415366.8301,0
1664,600227.SH,20230616,2.9,0.5568,0.6744,1.25,,,1.7795,1.9505,2.0149,0.0,,169313.4201,127817.9547,105540.0845,491008.9183,370672.0686,0
1665,688177.SH,20230616,26.38,0.2821,1.344,0.78,,,7.4581,24.0006,20.3857,,,41408.0,41408.0,8690.6566,1092343.04,1092343.04,0
1666,601186.SH,20230616,10.42,1.3695,3.4544,1.67,5.3111,5.2545,0.6007,0.1291,0.128,2.3608,2.3608,1357954.15,1150324.55,456050.891,14149882.243,11986381.811,0
1667,600506.SH,20230616,10.58,2.3896,3.1394,1.66,,,4.5071,1.0104,1.0042,0.0,,19201.8934,14770.6873,11242.8858,203156.0322,156273.8716,0
1668,600892.SH,20230616,6.15,4.0686,6.9115,0.57,139.4987,147.2824,19.2415,16.5317,17.5639,0.0,,55946.4188,55931.9536,32925.55,344070.4756,343981.5146,0
1669,002290.SZ,20230616,10.79,3.3287,7.5162,5.03,40.6045,45.1447,4.2247,1.2549,1.294,0.0,,24811.233,24496.233,10848.6247,267713.2041,264314.3541,0
1670,600787.SH,20230616,5.7,1.2529,3.2999,1.26,19.4729,30.9715,0.9658,0.1624,0.1646,2.8275,4.5818,218807.2878,217007.9582,82392.1217,1247201.5405,1236945.3617,0
1671,600985.SH,20230616,11.78,0.5342,1.5096,0.9,4.1695,3.897,0.8826,0.4232,0.4167,5.9423,8.9134,248103.7621,248103.7621,87800.2326,2922662.3175,2922662.3175,0
1672,002581.SZ,20230616,17.98,1.0445,1.2804,0.67,,,5.0434,33.2195,34.3533,0.0,,65973.5586,40079.1161,32696.8361,1186204.5836,720622.5075,0
1673,002803.SZ,20230616,22.99,9.1836,11.2674,0.55,47.2858,41.1244,4.1963,1.6183,1.5677,0.0,1.144,37840.9288,27933.6808,22767.7317,869962.9531,642195.3216,0
1674,603077.SH,20230616,2.42,0.3958,0.5894,0.83,5.6141,6.7618,1.1161,1.6391,1.7309,0.6124,1.8372,883125.0228,883125.0228,593047.9879,2137162.5552,2137162.5552,0
1675,000919.SZ,20230616,7.74,0.6559,1.1985,0.71,37.5772,36.0878,1.3024,1.4812,1.4726,1.2901,1.2901,51113.6,50350.3407,27555.9568,395619.264,389711.637,0
1676,603629.SH,20230616,29.16,14.8402,28.6496,0.74,112.7179,116.8171,4.6377,3.6683,3.5875,0.3027,0.5879,25480.0,25480.0,13198.402,742996.8,742996.8,1
1677,300581.SZ,20230616,10.53,2.1906,4.9797,1.51,162.3546,277.3912,5.6808,24.8524,24.202,0.0,,55010.9546,55010.9546,24199.1546,579265.3519,579265.3519,0
1678,603733.SH,20230616,21.65,0.5394,2.4416,1.33,21.5186,22.2667,2.2723,1.9752,1.9353,1.6166,1.6166,70597.5477,70597.5477,15597.4877,1528436.9077,1528436.9077,0
1679,688660.SH,20230616,5.77,2.1562,2.1562,2.16,,,1.1031,0.6371,0.8622,,,133333.34,53333.34,53333.34,769333.3718,307733.3718,0
1680,920021.BJ,20230616,2.93,0.2469,0.3063,0.57,43.96,61.5508,1.4122,1.1483,1.2273,,,31499.9983,23689.7965,19095.0983,92294.995,69411.1037,0
1681,300616.SZ,20230616,21.73,2.3535,3.585,0.85,93.2498,84.2785,1.2491,0.8124,0.857,0.6875,0.6875,19867.5,13012.5262,8542.6151,431720.775,282762.1943,0
1682,300561.SZ,20230616,13.21,7.9508,11.2642,1.01,581.9675,1183.3553,6.7778,27.5558,27.4858,0.4921,0.2877,32810.7975,18118.8873,12789.0779,433430.635,239350.5012,0
1683,688227.SH,20230616,26.65,3.0563,3.4119,0.71,63.9603,67.1585,2.1173,6.0439,5.9634,,,11305.5275,6203.1095,5556.5795,301292.3079,165312.8682,0
1684,002826.SZ,20230616,10.69,2.2927,3.27,1.34,46.185,46.3582,2.705,2.3793,2.4217,0.9355,0.9355,19068.225,17529.6449,12290.5641,203839.3253,187391.904,0
1685,002027.SZ,20230616,7.49,1.4759,2.19,1.37,38.772,38.5997,6.0503,11.4772,11.9391,1.7356,3.6048,1444219.9726,1444219.9726,973320.6673,10817207.5948,10817207.5948,0
1686,688092.SH,20230616,28.13,2.0742,2.0801,0.96,36.7733,36.167,3.0541,5.6155,5.5954,,,5929.8731,2697.7539,2690.1455,166807.3303,75887.8172,0
1687,002121.SZ,20230616,7.56,2.6253,3.473,1.16,,,8.7909,3.548,3.4904,0.0,,166081.6688,139992.6154,105824.0863,1255577.4161,1058344.1724,0
1688,002282.SZ,20230616,7.53,0.623,1.1193,1.13,29.0114,28.0318,1.1788,2.8172,2.9472,1.992,,54394.4364,39619.6715,22053.4059,409590.1061,298336.1264,0
1689,001223.SZ,20230616,83.6,11.2137,11.2137,1.23,30.4254,32.6019,3.0972,10.7843,11.4809,,,6668.0,1668.0,1668.0,557444.8,139444.8,0
1690,300460.SZ,20230616,9.82,4.0154,5.0008,2.77,,,2.7313,6.9833,8.3078,0.9106,0.9106,28080.4251,28080.4251,22547.6871,275749.7745,275749.7745,0
1691,000638.SZ,20230616,6.03,1.4312,2.3,1.2,444.8201,397.0535,10.5062,11.8497,11.291,0.0,,30991.6551,30867.5601,19207.5601,186879.6803,186131.3874,0
1692,002069.SZ,20230616,4.26,2.0477,3.16,0.65,769.836,177.3668,56.7975,1.4992,1.5112,0.0,,71111.2194,71012.6694,46016.5349,302933.7946,302513.9716,0
1693,300099.SZ,20230616,6.34,1.5292,1.8933,1.61,42.5506,45.8358,2.0135,6.138,6.2775,0.0,2.1293,73726.5255,57941.7063,46797.3814,467426.1717,367350.4179,0
1694,301051.SZ,20230616,60.66,2.9178,3.2924,2.52,,,2.8241,4.5745,4.7026,1.099,,12000.0,6212.475,5505.6,727920.0,376848.7335,0
1695,603109.SH,20230616,17.73,2.3264,6.7667,0.65,18.0901,14.0506,2.2328,1.4282,1.4267,1.6125,1.692,20945.064,20698.3056,7116.1056,371355.9847,366980.9583,0
1696,002873.SZ,20230616,13.87,1.2078,1.8856,0.57,27.6894,29.1419,2.8932,2.9557,3.0699,0.6186,1.3396,23178.0075,22308.6709,14289.9543,321478.964,309421.2654,0
1697,300805.SZ,20230616,9.22,1.9874,3.788,0.98,,,2.6158,1.7942,1.8037,0.0,,42323.0,27366.7712,14358.5024,390218.06,252321.6305,0
1698,300520.SZ,20230616,24.62,5.9523,8.0215,0.67,,,4.147,2.5376,2.347,0.4004,,24738.57,23280.039,17274.6295,609063.5934,573154.5602,0
1699,002330.SZ,20230616,5.92,1.1964,2.0271,0.85,119.1499,161.7315,1.5592,1.226,1.1946,0.1689,0.1689,63679.479,63517.8715,37487.4674,376982.5157,376025.7993,0
1700,688577.SH,20230616,43.08,1.5883,1.5883,1.03,39.0442,42.9316,2.7124,3.6928,3.59,,,5408.932,1908.932,1908.932,233016.7906,82236.7906,0
1701,301151.SZ,20230616,17.78,2.0393,2.6495,0.7,29.2833,35.428,1.4801,3.1942,3.263,2.1372,2.1372,16767.429,5456.7429,4200.0,298124.8876,97020.8888,0
1702,603599.SH,20230616,25.76,0.6161,1.0944,0.62,7.2336,7.3866,1.8185,1.8484,1.8754,3.938,3.938,65025.5389,64903.8113,36534.854,1675057.8821,1671922.1791,0
1703,000547.SZ,20230616,9.83,1.4494,1.8212,2.04,453.0898,,1.7851,4.5463,5.2532,0.2449,0.2449,159846.8269,158835.0696,126409.5592,1571294.3084,1561348.7342,0
1704,002453.SZ,20230616,10.48,1.0184,1.3752,0.8,,,5.8571,3.4316,4.8633,0.0,,88323.8589,61134.5751,45272.1899,925634.0413,640690.347,0
1705,002493.SZ,20230616,11.94,0.2813,0.9144,0.64,36.1955,,2.7271,0.4182,0.4166,1.2468,1.2212,1012552.5,949828.125,292196.0019,12089876.85,11340947.8125,0
1706,002810.SZ,20230616,17.22,1.7491,2.8013,1.41,16.6669,17.8544,3.1815,3.4214,3.4551,0.581,2.3231,34243.404,31644.0613,19757.8411,589671.4169,544910.7356,0
1707,605080.SH,20230616,29.37,0.5255,0.5255,0.76,19.5237,21.3011,2.2697,4.3963,4.858,1.0944,1.6295,14157.304,4707.304,4707.304,415800.0185,138253.5185,0
1708,300590.SZ,20230616,12.33,2.8043,4.349,1.0,34.1242,34.0383,3.4125,5.6327,5.8281,0.8092,1.7824,45784.826,33804.1798,21797.5198,564526.9046,416805.5369,0
1709,300697.SZ,20230616,11.56,1.9343,3.212,0.72,34.0338,30.3121,3.9704,1.8089,1.7237,1.3841,1.5571,33280.0,15058.9975,9068.53,384716.8,174082.0111,0
1710,300400.SZ,20230616,15.64,0.9757,1.4581,1.32,42.5873,44.6234,5.0557,4.7962,4.7202,3.1579,,24262.58,24098.915,16126.0132,379466.7512,376907.0306,0
1711,600365.SH,20230616,3.26,1.0394,1.244,2.18,,,4.1457,1.697,1.7237,0.0,,42740.0,40000.0,33421.6792,139332.4,130400.0,0
1712,603606.SH,20230616,49.51,1.5077,2.4876,0.62,40.4211,41.5319,6.2586,4.8579,5.135,0.7069,0.5049,68771.5368,68771.5368,41682.4194,3404878.787,3404878.787,0
1713,002140.SZ,20230616,9.18,0.8389,2.0413,1.88,22.5237,22.1589,1.7192,1.0428,1.0213,1.2579,1.2579,70818.2622,53807.4175,22111.1774,650111.647,493952.0927,0
1714,002472.SZ,20230616,27.5,7.9004,9.5336,1.33,40.1761,36.8593,3.4062,3.42,3.3531,0.1995,0.2874,85039.7292,75475.2467,62545.3806,2338592.553,2075569.2843,0
1715,300751.SZ,20230616,146.63,1.4627,2.0,1.16,47.3774,45.2258,6.3579,9.844,9.1343,0.3971,0.6382,27849.3756,19031.9078,13918.8439,4083553.9442,2790648.6407,0
1716,002200.SZ,20230616,8.39,0.3229,0.5109,0.61,144.7239,45.6661,29.2305,2.6445,2.2076,0.0,,18413.289,18413.289,11637.3552,154487.4947,154487.4947,0
1717,002068.SZ,20230616,10.98,12.9169,23.8235,4.36,927.7951,,2.5774,0.8299,0.8009,0.0,,74773.5596,73360.3596,39775.3259,821013.6844,805496.7484,0
1718,002128.SZ,20230616,13.13,0.6583,1.6734,1.41,7.3823,7.1923,1.0468,1.0985,1.1121,3.2644,7.0725,224157.3493,192157.2931,75588.7904,2943185.9963,2523025.2584,0
1719,002236.SZ,20230616,21.38,8.8994,10.5981,1.46,30.5958,28.8603,2.3109,2.3267,2.314,1.1369,1.1272,332626.457,195803.0946,164420.4125,7111553.6507,4186270.1625,1
1720,300254.SZ,20230616,6.18,1.1827,1.2931,0.9,,,2.607,1.8012,1.82,0.0,,24161.8563,22407.0047,20494.7165,149320.2719,138475.289,0
1721,603486.SH,20230616,73.86,0.9047,2.7612,1.16,24.8919,26.4079,6.9124,2.7588,2.7525,1.4933,1.2185,57239.8374,56804.6484,18612.2467,4227734.3904,4195591.3308,0
1722,301288.SZ,20230616,17.0,0.9601,1.4178,0.64,150.4376,155.5521,2.2278,16.497,14.6113,0.7765,0.7765,10801.0,3988.6168,2701.0,183617.0,67806.4856,0
1723,600083.SH,20230616,7.06,1.6326,2.46,0.73,26.2501,185.2765,20.5977,4.2013,4.2427,0.0,,23000.0,22799.3326,15130.8232,162380.0,160963.2882,0
1724,301118.SZ,20230616,26.57,1.7527,2.2242,1.23,14.0653,19.4222,1.9688,2.6242,2.7713,2.8227,1.8818,10667.0,5264.525,4148.525,283422.19,139878.4293,0
1725,300597.SZ,20230616,9.8,5.3407,6.5869,0.87,119.103,115.9777,2.4863,5.0625,5.0563,0.2246,,27257.003,25371.3614,20571.3614,267118.6294,248639.3417,0
1726,002435.SZ,20230616,4.55,0.7862,1.9634,0.75,86.2661,88.9635,1.2343,1.6209,1.6359,0.0,,123598.302,120255.2947,48152.3008,562372.2741,547161.5909,0
1727,002161.SZ,20230616,5.33,0.7737,0.9953,0.71,,9451.9568,2.7446,8.1997,7.8272,0.0,,73975.74,71345.9304,55457.0109,394290.6942,380273.809,0
1728,688217.SH,20230616,39.53,0.7312,0.876,0.61,54.5537,50.0726,2.3312,5.2038,5.1003,,,5585.5896,3750.4464,3130.4505,220798.3569,148255.1462,0
1729,601088.SH,20230616,29.96,0.1221,0.7519,1.03,8.5494,8.592,1.4331,1.7277,1.7121,8.478,8.478,1986851.9955,1649103.7955,267832.8759,59526085.7852,49407149.7132,0
1730,603638.SH,20230616,19.03,1.6831,5.9381,4.54,64.131,62.8072,5.4029,7.8955,7.8403,0.6316,0.5255,84016.6832,83833.4036,23762.4592,1598837.4813,1595349.6705,0
1731,600745.SH,20230616,52.07,1.5471,2.3609,1.43,44.331,45.6543,1.8624,1.1142,1.1215,0.3925,0.3925,124280.7687,124280.7687,81442.67,6471299.6262,6471299.6262,0
1732,000777.SZ,20230616,12.99,2.5351,3.4845,1.29,29.1238,28.1106,2.8012,3.3383,3.2345,0.7236,0.7236,38549.4593,38341.0827,27894.1648,500757.4763,498050.6643,0
1733,300208.SZ,20230616,8.15,0.718,1.5094,0.91,,,5.8056,7.3407,7.55,0.0,,74947.5,68736.1651,32694.2455,610822.125,560199.7456,0
1734,600740.SH,20230616,5.08,0.3546,0.8238,1.32,5.041,5.8561,0.8858,1.0779,1.1392,2.9528,3.937,256212.1154,256212.1154,110300.67,1301557.5462,1301557.5462,0
1735,000811.SZ,20230616,14.68,0.5448,0.8528,0.82,25.7128,22.6313,2.1733,1.7944,1.7082,1.3624,1.3624,74583.7804,74582.2256,47644.5891,1094889.8963,1094867.0718,0
1736,603500.SH,20230616,13.46,1.0622,3.0693,0.75,49.6714,46.463,3.5645,5.4478,5.3811,0.9519,,24554.8776,24270.3776,8399.5562,330508.6525,326679.2825,0
1737,600354.SH,20230616,6.7,3.009,4.0914,1.46,176.7295,96.3882,5.3181,3.5198,3.076,0.0,,52780.208,52780.208,38816.4077,353627.3936,353627.3936,0
1738,605006.SH,20230616,7.58,0.3592,0.4958,0.77,8.4885,10.286,1.7082,1.6352,1.7653,1.2093,3.5356,60000.597,28356.4337,20545.0246,454804.5253,214941.7674,0
1739,300512.SZ,20230616,8.63,1.3046,3.5436,1.58,38.1942,37.6554,2.1827,3.8305,3.7604,0.154,0.154,41097.725,32727.2745,12048.8921,354673.3668,282436.3789,0
1740,300191.SZ,20230616,18.18,1.8827,2.4822,1.03,141.6972,175.7642,4.6175,12.0892,12.0096,0.11,0.11,32000.0,22007.0,16692.0,581760.0,400087.26,0
1741,300807.SZ,20230616,29.62,14.1632,23.0244,0.68,,,3.4623,6.1013,6.4774,0.0,,6785.1,4863.8559,2991.9339,200974.662,144067.4118,0
1742,300582.SZ,20230616,13.39,2.3272,2.633,1.12,19.7366,23.7187,2.4509,2.6322,2.7318,0.5891,0.7767,29710.893,21970.5432,19418.6473,397828.8573,294185.5734,0
1743,600895.SH,20230616,14.65,1.5493,3.1461,1.0,27.5941,18.179,1.913,11.8991,23.1142,1.0239,1.0239,154868.955,154868.955,76265.295,2268830.1908,2268830.1908,0
1744,603933.SH,20230616,20.65,14.7546,51.1512,1.57,80.9998,91.5805,3.4644,2.0353,2.0954,0.6306,,21050.82,20491.92,5910.92,434699.433,423158.148,0
1745,605566.SH,20230616,21.52,0.3451,0.5475,0.69,65.4495,74.5805,1.437,2.7862,2.7988,3.4851,3.6478,13334.0,6228.7972,3925.7402,286947.68,134043.7157,0
1746,300219.SZ,20230616,7.42,0.9997,1.8352,0.79,29.4111,30.8243,2.1783,1.4445,1.4943,0.0,,70794.3506,70664.8891,38493.0867,525294.0815,524333.4771,0
1747,002338.SZ,20230616,36.15,4.5563,7.9102,1.36,106.0725,101.1831,7.4932,13.8359,12.38,0.1107,0.1107,24000.0,23999.4,13823.9216,867600.0,867578.31,0
1748,301396.SZ,20230616,36.32,11.5265,11.5265,0.67,63.1328,57.5488,3.1939,5.3367,5.2118,,0.6883,10965.5391,2741.388,2741.388,398268.3801,99567.2122,0
1749,000783.SZ,20230616,6.03,0.4337,0.6541,0.95,22.0802,15.0276,1.0844,5.2335,4.3423,4.9751,4.9751,552995.761,552995.761,366608.9997,3334564.4388,3334564.4388,0
1750,600193.SH,20230616,5.19,0.3442,0.5039,0.76,354.6625,,6.8944,8.3734,9.8764,0.0,,42537.3,42537.3,29056.8882,220768.587,220768.587,0
1751,000416.SZ,20230616,1.92,1.8354,2.3703,1.0,,,1.1955,298.7469,280.9957,1.5625,1.5625,53187.1494,53164.1098,41165.967,102119.3268,102075.0908,0
1752,600690.SH,20230616,23.85,0.539,0.9262,1.33,15.3152,14.8567,2.3266,0.9252,0.9073,1.9087,1.9087,944659.8493,630855.2654,367121.3448,22530137.4058,15045898.0798,0
1753,002029.SZ,20230616,6.16,0.7194,1.1468,0.87,30.9,23.9487,0.7422,1.4419,1.4311,0.0,,75567.0,72370.2668,45395.945,465492.72,445800.8435,0
1754,301197.SZ,20230616,24.16,3.8255,3.8255,1.05,71.8291,58.1075,2.2294,9.3194,8.7906,0.0,,12054.0,3013.5,3013.5,291224.64,72806.16,0
1755,300821.SZ,20230616,9.53,0.3564,1.3204,0.81,22.3745,57.2585,2.2655,1.6982,1.6846,3.9874,1.0493,120000.0,120000.0,32390.0,1143600.0,1143600.0,0
1756,920425.BJ,20230616,13.55,1.8428,1.8428,0.66,17.6937,17.5099,2.2342,6.0564,5.8872,,,3619.2117,1717.4617,1717.4617,49040.3185,23271.606,0
1757,300457.SZ,20230616,17.52,1.2554,1.898,1.02,23.3473,21.6378,1.9439,1.2617,1.2363,0.5708,0.5708,64953.7963,55340.0648,36603.4653,1137990.5112,969557.9353,0
1758,920339.BJ,20230616,4.38,0.3293,0.4049,2.34,7.3231,9.6169,1.8849,1.4842,1.8434,,,22020.38,5957.4207,4845.023,96449.2644,26093.5027,0
1759,688291.SH,20230616,30.76,5.3839,5.3839,0.84,80.8107,77.8794,3.5061,15.9562,16.1821,,,10266.67,2438.3365,2438.3365,315802.7692,75003.2307,0
1760,920809.BJ,20230616,8.57,0.2259,0.2264,0.96,6.458,10.8636,1.7567,0.7992,0.7364,,,61151.0821,30751.2994,30682.3148,524064.7736,263538.6359,0
1761,000960.SZ,20230616,15.51,1.5822,2.8323,1.08,18.961,63.373,1.5372,0.4909,0.531,0.7092,0.7737,164580.1952,164580.1952,91936.2186,2552638.8276,2552638.8276,0
1762,300651.SZ,20230616,32.27,13.2254,18.2109,0.75,107.9904,108.2045,5.7984,8.7571,8.9657,0.3099,0.3719,12874.8584,7602.9422,5521.531,415471.6806,245346.9448,0
1763,002308.SZ,20230616,5.09,1.0297,1.5714,0.88,110.0173,110.9651,2.3184,8.9647,9.2671,0.0,,90621.4651,90079.2684,59029.0575,461263.2574,458503.4762,0
1764,601872.SH,20230616,6.19,0.5567,1.7449,0.58,9.8904,10.2609,1.4865,1.6932,1.7054,1.773,1.773,812625.0017,812625.0017,259282.022,5030148.7605,5030148.7605,0
1765,002526.SZ,20230616,2.39,2.3471,2.9728,2.17,36.9406,35.1793,1.4602,1.7717,1.8111,0.0,,178279.3836,176090.6886,139027.3964,426087.7268,420856.7458,0
1766,300709.SZ,20230616,26.91,6.8225,7.8942,0.56,,,2.6812,1.9978,2.1132,0.5575,,18616.8147,14887.9578,12866.7653,500978.4836,400634.9444,0
1767,600981.SH,20230616,2.94,0.5901,1.8104,0.87,,,1.2884,0.138,0.1318,1.1905,1.1905,224243.3192,224243.3192,73085.2181,659275.3584,659275.3584,0
1768,300888.SZ,20230616,42.67,0.796,0.796,0.78,15.3658,15.1833,2.2426,2.2343,2.2285,1.4895,3.1444,59438.7367,18777.298,18777.298,2536250.895,801227.3057,0
1769,600176.SH,20230616,14.6,0.7363,1.282,2.75,8.842,10.263,2.216,2.8945,3.1203,3.2877,3.5685,400313.6728,400313.6728,229917.2063,5844579.6229,5844579.6229,0
1770,600637.SH,20230616,8.37,1.1849,2.1932,1.03,163.1699,114.5043,0.9622,4.2627,4.2572,3.1761,3.1761,341450.0201,341450.0201,184466.977,2857936.6682,2857936.6682,0
1771,300857.SZ,20230616,26.85,3.4878,4.9162,0.88,50.0054,44.4537,3.0252,2.0792,2.0027,0.2209,0.2235,24380.1046,14173.8782,10055.7782,654605.8085,380568.6297,0
1772,600032.SH,20230616,12.29,7.0007,7.0007,2.16,38.1236,42.7176,2.5141,6.4274,6.4319,0.3167,0.3167,240467.5324,20800.0,20800.0,2955345.9732,255632.0,0
1773,300138.SZ,20230616,18.12,0.9003,0.9606,1.32,22.2422,20.8889,2.9935,1.5334,1.4786,0.7174,0.883,53277.3991,42712.4244,40032.439,965386.4717,773949.1301,0
1774,300868.SZ,20230616,17.51,1.706,1.7618,1.12,,,1.3859,3.1165,3.5743,0.0,,12800.0,6055.726,5863.8676,224128.0,106035.7623,0
1775,688078.SH,20230616,55.0,1.4608,2.9266,0.95,49.067,46.8961,6.1722,10.7639,10.4599,,,7141.0,7141.0,3564.4124,392755.0,392755.0,0
1776,920017.BJ,20230616,10.26,2.2375,2.2375,2.38,15.4294,14.376,0.8644,2.0706,1.9449,,,12257.72,6305.524,6305.524,125764.2072,64694.6762,0
1777,002230.SZ,20230616,74.31,4.0845,5.1207,0.72,306.6025,438.3573,10.6485,9.1428,9.4534,0.135,,231556.0323,212771.2675,169714.5694,17206928.7602,15811032.8879,0
1778,300984.SZ,20230616,24.24,2.0757,2.7784,0.61,41.1109,33.6307,2.8085,1.7826,1.8298,2.0627,2.0627,7680.0,2972.1792,2220.4992,186163.2,72045.6238,0
1779,002387.SZ,20230616,7.9,1.6167,2.7294,0.86,,,0.9964,1.4597,1.6154,0.0,,138148.654,137138.0842,81230.0207,1091374.3666,1083390.8652,0
1780,603918.SH,20230616,34.24,17.8611,24.1856,0.82,701.9768,429.7064,11.5927,14.5784,13.6113,0.3498,0.3498,36775.9038,36558.5438,26998.4433,1259206.9461,1251764.5397,0
1781,001229.SZ,20230616,35.6,15.2504,15.2504,2.34,41.9884,41.2645,3.9681,18.1815,17.9531,0.0,1.1236,10000.0,2500.0,2500.0,356000.0,89000.0,0
1782,002540.SZ,20230616,5.62,0.7483,1.0616,1.04,10.3915,10.0781,1.3297,1.0441,1.053,1.7646,6.1132,125016.9663,87519.8063,61694.8531,702595.3506,491861.3114,0
1783,600186.SH,20230616,2.79,0.9454,1.1722,0.68,108.41,95.3306,3.5174,2.9597,2.8941,0.0,,179390.1141,179390.1141,144672.4946,500498.4183,500498.4183,0
1784,300737.SZ,20230616,10.11,1.0823,1.5741,0.76,66.7978,86.7447,2.118,1.5537,1.5274,0.0,,117728.6563,89782.6319,61732.754,1190236.7152,907702.4085,0
1785,600708.SH,20230616,2.25,0.8655,1.8057,1.21,97.9204,93.4668,0.464,0.3032,0.375,0.6667,0.6667,222863.6743,222527.7771,106661.6507,501443.2672,500687.4985,0
1786,003012.SZ,20230616,8.27,0.6442,0.9691,0.69,48.021,34.6171,1.3493,1.3998,1.3647,2.4285,,117300.0,64261.8647,42718.0037,970071.0,531445.6211,0
1787,002941.SZ,20230616,16.35,2.4749,6.8938,1.06,29.999,29.7408,3.5915,1.3342,1.357,0.6116,0.6116,64508.0478,64001.7979,22977.0733,1054706.5815,1046429.3957,0
1788,000063.SZ,20230616,39.0,2.7772,3.6577,1.31,22.8763,21.7316,3.1131,1.5034,1.4887,0.7681,1.0256,473967.2551,398344.1774,302450.1374,18484722.9489,15535422.9186,0
1789,600918.SH,20230616,7.01,0.6049,1.0051,0.98,82.7676,32.0775,1.3389,5.2389,4.4237,0.8987,0.8987,696862.5756,397280.9819,239092.9426,4885006.655,2784939.6831,0
1790,600520.SH,20230616,13.79,4.0568,5.2103,1.21,83.1784,87.0631,5.0278,4.9151,5.3883,0.0,,15843.0,15843.0,12335.6667,218474.97,218474.97,0
1791,600483.SH,20230616,11.39,0.5417,1.5491,1.01,8.585,8.9693,1.0958,1.5549,1.4986,1.8437,1.8437,195456.9186,174602.823,61062.5324,2226254.3029,1988726.154,0
1792,688480.SH,20230616,30.13,5.0698,5.0698,1.26,43.1423,40.1497,3.3822,5.2119,5.0164,,,9482.6667,2015.0668,2015.0668,285712.7477,60713.9627,0
1793,600528.SH,20230616,10.2,1.5636,3.4587,2.73,12.1362,11.9989,1.0359,0.7863,0.7777,1.4216,1.4216,222155.1588,222155.1588,100431.1424,2265982.6198,2265982.6198,0
1794,600903.SH,20230616,8.52,1.4436,7.3783,1.51,380.4376,55.4628,3.3827,1.5735,1.5454,0.5516,,113826.2566,113826.2566,22270.6135,969799.7062,969799.7062,0
1795,301298.SZ,20230616,15.48,3.6394,4.3303,0.94,39.9028,42.0033,2.7105,4.3953,4.4503,1.938,2.907,14680.0,9826.36,8258.48,227246.4,152112.0528,0
1796,605056.SH,20230616,12.44,0.4774,0.9574,0.79,24.6941,25.2619,3.5847,2.4054,2.3452,2.7407,2.8135,41064.0,15626.4825,7791.589,510836.16,194393.4423,0
1797,001337.SZ,20230616,32.26,9.7865,9.7865,0.84,68.1935,61.8114,11.1941,28.678,25.1306,,0.62,42000.0,6000.0,6000.0,1354920.0,193560.0,0
1798,300284.SZ,20230616,6.14,1.5261,1.9885,0.72,13.0647,12.927,0.9621,1.4835,1.4817,1.9218,2.2801,126282.7774,87083.439,66833.8777,775376.2532,534692.3155,0
1799,603555.SH,20230616,1.86,2.1285,3.2634,0.89,,,1.7101,1.3865,1.3092,0.0,,157150.5358,157150.5358,102498.5358,292299.9966,292299.9966,0
1800,603677.SH,20230616,12.95,1.0305,3.9554,1.11,38.8608,41.9385,2.4241,1.3792,1.4124,2.3166,1.1583,19214.3072,19214.3072,5005.7072,248825.2782,248825.2782,0
1801,002567.SZ,20230616,6.73,2.3607,2.9402,1.02,69.1393,,1.4325,0.3519,0.3317,0.0,,138759.6848,121130.0827,97256.4717,933852.6787,815205.4566,0
1802,601618.SH,20230616,4.1,0.6264,1.738,1.79,8.2714,7.7502,0.8877,0.1434,0.1372,1.9024,1.9024,2072361.917,1785261.917,643390.387,8496683.8597,7319573.8597,0
1803,002203.SZ,20230616,12.04,0.1657,0.2829,1.2,19.7946,19.4542,1.9157,0.3238,0.3199,0.6167,0.6167,198646.1619,192378.1141,112633.7443,2391699.7893,2316232.4938,0
1804,300398.SZ,20230616,17.22,1.2663,1.7915,1.29,20.9481,24.7255,2.5393,3.1318,3.4442,0.4035,0.4607,52865.616,52556.9907,37148.6193,910345.9075,905031.3799,0
1805,301020.SZ,20230616,21.12,1.62,2.8854,0.61,47.8886,49.3372,3.6365,7.6479,7.4505,1.2784,0.8523,14640.0,7292.184,4094.3,309196.8,154010.9261,0
1806,002331.SZ,20230616,7.16,0.8685,1.2288,0.94,,,1.7018,2.9868,3.3188,0.0,,41024.5949,38931.1657,27516.831,293736.0995,278747.1464,0
1807,688318.SH,20230616,114.08,2.4363,7.8912,1.39,97.068,90.4001,4.6929,46.3723,44.0782,,,13067.32,13067.32,4034.3387,1490719.8656,1490719.8656,0
1808,603869.SH,20230616,11.77,5.3379,13.4708,0.95,332.2671,249.848,1.4913,6.1666,5.854,0.1257,0.1257,50450.0508,50450.0508,19991.3609,593797.0979,593797.0979,0
1809,000807.SZ,20230616,13.75,1.2563,2.1472,1.14,10.4373,11.0151,2.0521,0.9839,1.0144,0.8218,0.8218,346795.7405,343166.9911,200780.1053,4768441.4319,4718546.1276,0
1810,603135.SH,20230616,19.99,15.9155,15.9155,2.76,31.7585,30.8972,2.9659,5.8857,5.8392,,,45000.0,8729.6282,8729.6282,899550.0,174505.2677,0
1811,600438.SH,20230616,34.46,1.4864,2.6471,1.73,6.0303,5.3251,2.8438,1.0893,1.0275,2.6463,8.2937,450196.5227,450196.5227,252794.2712,15513772.1722,15513772.1722,0
1812,603012.SH,20230616,6.07,2.8054,3.6243,2.11,9.7816,9.7211,1.2149,1.5165,1.4744,1.2876,2.9351,65156.0,63656.0,49274.1078,395496.92,386391.92,0
1813,002488.SZ,20230616,6.77,0.8357,1.1466,0.81,61.6873,126.1636,1.6817,2.2467,2.1833,0.0,,100191.4821,91118.6898,66410.63,678296.3338,616873.5299,0
1814,002345.SZ,20230616,7.55,1.1342,1.8552,0.76,33.6885,29.4433,1.9205,1.5186,1.4309,2.649,2.649,88851.2707,86767.9365,53048.0902,670827.0938,655097.9206,0
1815,300087.SZ,20230616,10.72,1.179,1.6606,0.99,43.5219,41.5793,6.029,2.9094,2.7689,0.4383,0.6663,94733.1751,89590.5068,63608.9631,1015539.6371,960410.2329,0
1816,688683.SH,20230616,22.62,0.7672,0.803,0.78,73.5958,77.2078,3.5101,7.377,7.7098,,,15517.7929,6317.7929,6036.5986,351012.4754,142908.4754,0
1817,600283.SH,20230616,14.57,3.6293,8.9492,0.82,29.8284,25.7277,2.2751,2.8145,2.7671,1.0295,1.0295,35299.5758,35299.5758,14315.6825,514314.8194,514314.8194,0
1818,600063.SH,20230616,5.12,0.5165,0.7457,1.07,8.0738,10.198,1.4549,1.112,1.1446,1.742,2.9297,215924.9374,192589.4692,133392.9574,1105535.6795,986058.0823,0
1819,002961.SZ,20230616,14.58,0.3464,1.5091,0.74,22.0999,25.6477,2.7455,3.0814,3.0818,2.2634,1.5089,44502.9291,44502.9291,10215.2611,648852.7063,648852.7063,0
1820,002670.SZ,20230616,8.75,4.1503,12.509,3.95,,,1.5395,22432.2201,22118.9563,0.0,,193508.4653,162335.0634,53860.679,1693199.0714,1420431.8048,0
1821,920146.BJ,20230616,2.53,0.1544,0.2021,1.74,,,1.2344,1.7537,1.6208,,,13499.0443,7968.1271,6087.1843,34152.5821,20159.3616,0
1822,688076.SH,20230616,36.55,3.239,3.7258,0.77,60.3522,58.1368,4.0342,11.9637,10.7459,,,21318.38,14637.3962,12724.9468,779186.789,534996.8311,0
1823,300519.SZ,20230616,16.0,1.2874,2.1013,1.34,23.5249,26.543,3.1625,7.2833,7.4878,3.75,3.125,16000.0,11410.0,6990.31,256000.0,182560.0,0
1824,300468.SZ,20230616,11.95,2.8591,4.0267,0.95,153.8803,135.8432,4.0241,9.5485,9.4398,0.4467,0.5021,53064.9275,52908.3214,37567.1291,634125.8836,632254.4407,0
1825,300123.SZ,20230616,7.11,3.0193,3.5608,1.68,,,2.6369,4.2478,4.1363,0.0,,100755.9123,98760.5043,83743.2067,716374.5365,702187.1856,0
1826,920924.BJ,20230616,6.13,0.1424,0.1771,0.68,34.1093,27.0748,1.9742,1.489,1.4772,,,8300.0,4906.2111,3944.0885,50879.0,30075.074,0
1827,300188.SZ,20230616,24.28,4.0154,6.4907,0.78,141.1308,545.4167,5.1849,9.1539,9.9029,0.464,0.6493,85947.731,72424.5555,44805.0121,2086810.9087,1758468.2075,0
1828,603118.SH,20230616,11.06,7.8016,13.6487,1.27,38.714,34.7099,1.7089,0.7999,0.8249,1.3536,1.1754,79368.1472,78446.6432,44840.1901,877811.708,867619.8738,0
1829,300781.SZ,20230616,27.33,9.1346,17.562,1.17,92.6391,94.7898,4.4703,6.1905,6.7986,0.5851,0.3659,10996.9792,8110.4185,4218.5054,300547.4415,221657.7376,0
1830,002999.SZ,20230616,7.3,2.02,2.2206,0.92,23.9249,24.4755,2.225,0.1749,0.1756,1.3699,2.7397,34759.2,21777.14,19809.84,253742.16,158973.122,0
1831,603021.SH,20230616,5.15,1.0811,1.8266,1.09,,,3.4539,2.1452,2.2307,0.0,,31994.807,31994.807,18936.7934,164773.2561,164773.2561,0
1832,000936.SZ,20230616,11.45,12.6692,21.3289,1.62,48.542,47.8867,1.9993,3.4654,3.4629,0.4367,0.4367,88601.2887,88577.2139,52614.2656,1014484.7556,1014209.0992,1
1833,605287.SH,20230616,23.59,0.9179,1.2905,0.77,11.7999,11.5273,1.3506,0.4184,0.4005,0.6359,0.6359,10000.0,6282.5909,4468.9545,235900.0,148206.3193,0
1834,002593.SZ,20230616,3.75,1.285,1.8522,0.73,104.0815,98.4921,1.2807,0.8924,0.8806,1.3333,1.3333,80385.8029,57046.8784,39577.1884,301446.7609,213925.794,0
1835,600230.SH,20230616,14.62,1.0062,1.8719,1.64,14.5594,15.5194,1.5227,1.2448,1.1985,0.4104,0.4104,41835.5802,41186.3502,22139.6078,611636.1825,602144.4399,0
1836,688528.SH,20230616,10.38,1.1824,1.1824,0.89,1271.7928,,2.3724,4.74,4.781,,,16800.0,5192.7,5192.7,174384.0,53900.226,0
1837,605028.SH,20230616,19.56,9.0648,9.0648,0.46,15.1853,15.52,2.7168,7.0747,7.2087,2.5562,2.5562,16000.0,4000.0,4000.0,312960.0,78240.0,0
1838,600237.SH,20230616,7.33,2.7803,3.4663,0.86,55.9421,54.9947,3.3188,3.9759,3.9319,0.0,,56436.9565,56436.9565,45266.3586,413682.8911,413682.8911,0
1839,002465.SZ,20230616,10.0,0.7891,1.0753,0.81,34.4875,35.009,2.2248,4.1036,4.0345,1.5,1.5,230444.8671,225324.4414,165351.2252,2304448.671,2253244.414,0
1840,300732.SZ,20230616,10.12,3.788,7.3102,1.43,13.222,13.446,1.1888,1.3069,1.2643,2.0662,2.9647,32431.3433,32245.4555,16708.911,328205.1942,326324.0097,0
1841,002428.SZ,20230616,11.9,6.9724,8.7459,1.72,,,5.5573,14.4841,14.621,0.0,,65312.0,64431.4343,51365.5943,777212.8,766734.0682,0
1842,600007.SH,20230616,18.85,0.2256,1.1656,1.08,17.0157,16.2586,2.1675,5.5159,5.4288,3.183,3.7135,100728.2534,100728.2534,19492.2293,1898727.5766,1898727.5766,0
1843,688701.SH,20230616,8.64,0.6733,0.7742,0.69,,,2.973,4.7194,4.8128,,,13427.7372,6562.9288,5708.0383,116015.6494,56703.7048,0
1844,000756.SZ,20230616,22.86,2.808,5.2441,1.1,37.5085,33.9499,3.5633,2.0556,1.8557,0.6493,0.6493,67468.2835,44100.616,23614.2068,1542324.9608,1008140.0818,0
1845,688118.SH,20230616,33.59,8.4299,11.073,0.82,2631.2482,,3.7701,7.5336,7.2374,,,9540.0,9540.0,7262.8198,320448.6,320448.6,0
1846,300068.SZ,20230616,19.09,2.039,2.323,1.16,49.8289,,3.1304,1.4053,1.2654,0.0,,86487.0893,83525.1894,73313.2181,1651038.5347,1594495.8656,0
1847,920491.BJ,20230616,10.09,1.1404,1.1404,3.1,26.887,25.1525,1.6434,3.7685,3.6966,,,14115.9348,8953.3637,8953.3637,142429.7821,90339.4397,0
1848,603829.SH,20230616,16.58,7.9592,31.5009,0.75,35.2017,28.5337,3.0613,1.6484,1.5411,0.6031,0.6031,16000.0,16000.0,4042.63,265280.0,265280.0,0
1849,002646.SZ,20230616,14.52,0.8469,1.4679,0.72,91.1649,160.251,2.42,7.0025,7.1959,0.3444,0.3444,47256.2974,47251.2518,27262.0278,686161.4382,686088.1761,0
1850,003025.SZ,20230616,15.12,1.4453,1.644,0.76,25.6809,28.7448,3.6854,7.0398,7.3253,1.4155,1.642,23662.7965,11245.7714,9886.1252,357781.4831,170036.0636,0
1851,300552.SZ,20230616,19.19,1.6031,2.0504,0.54,,,1.5716,4.6846,5.1621,0.2084,,21313.3112,12588.2232,9842.4244,409002.4419,241568.0032,0
1852,300801.SZ,20230616,17.35,0.4538,0.694,0.74,9.4864,12.3686,1.6272,1.3832,1.4964,2.2905,2.665,21741.0,13522.1535,8841.351,377206.35,234609.3632,0
1853,601369.SH,20230616,8.78,1.6232,4.4474,2.56,15.6638,15.9308,1.9329,1.4089,1.4416,3.5288,3.9863,172759.4779,166337.9079,60709.0456,1516828.216,1460446.8314,0
1854,002518.SZ,20230616,40.48,2.7908,7.0494,1.22,35.915,28.2097,6.5923,5.3577,4.4971,0.6174,0.8643,58244.5394,56535.6814,22382.0716,2357738.9549,2288564.3831,0
1855,600597.SH,20230616,10.91,0.5245,1.0219,0.69,41.7008,39.3403,1.8723,0.5331,0.5364,1.4665,2.1998,137864.0863,129871.1833,66659.4767,1504097.1815,1416894.6098,0
1856,603515.SH,20230616,20.17,0.3791,2.2363,1.71,19.396,18.6433,2.4687,2.092,2.0784,2.4298,2.4298,75402.5962,75375.8682,12778.6546,1520870.3654,1520331.2616,0
1857,603105.SH,20230616,16.68,4.5881,7.2957,0.85,43.5437,39.5507,4.8061,12.8332,12.6261,0.4197,0.7194,50000.0,50000.0,31444.0,834000.0,834000.0,0
1858,603132.SH,20230616,11.55,0.5517,0.8984,1.18,24.0367,28.2734,3.5488,9.1135,9.705,4.6407,1.5931,97800.0,15960.0,9800.0,1129590.0,184338.0,0
1859,002913.SZ,20230616,40.36,2.5282,7.9063,0.44,41.7495,44.3546,3.2689,2.8043,2.8362,2.1363,,31736.0504,26592.1349,8503.5099,1280866.9941,1073258.5646,0
1860,600956.SH,20230616,8.85,1.567,1.567,1.25,16.1525,16.8725,1.8272,1.9965,1.9726,1.887,1.887,418709.3073,28924.7424,28924.7424,3705577.3696,255983.9702,0
1861,601818.SH,20230616,3.11,0.2482,0.6662,0.63,4.1011,4.0444,0.4261,1.2119,1.2168,5.7592,5.7592,5908555.1061,4640681.5561,1728998.7744,18375606.38,14432519.6395,0
1862,600926.SH,20230616,12.04,0.2086,0.3713,1.06,6.1134,5.6626,0.8449,2.1682,2.1254,2.907,2.907,593028.3318,536274.3065,301343.1038,7140061.1149,6456742.6503,0
1863,002166.SZ,20230616,7.27,1.2817,1.6585,0.89,30.1823,33.664,1.7949,3.8515,3.9352,0.0,1.3755,74208.2425,46643.9617,36047.3513,539493.923,339101.6016,0
1864,920047.BJ,20230616,13.91,0.2266,0.2818,0.48,,,19.2719,55.4463,57.5209,,,25771.8203,18592.279,14955.4874,358486.0204,258618.6009,0
1865,000529.SZ,20230616,6.77,0.8595,1.9397,1.1,4.3111,4.4542,1.303,1.1563,1.2334,2.2157,2.2157,58379.033,56988.4377,25250.7268,395226.0534,385811.7232,0
1866,300559.SZ,20230616,19.2,2.0329,3.3606,0.53,111.2488,133.8539,7.5878,18.5893,19.734,0.5093,0.3565,39951.4567,30157.9658,18243.3374,767067.9686,579032.9434,0
1867,603189.SH,20230616,16.18,1.4611,2.6898,1.2,119.0477,,2.5853,13.7755,15.444,0.618,0.618,26954.8349,26954.8349,14642.5504,436129.2287,436129.2287,0
1868,688426.SH,20230616,26.63,3.2207,3.2207,0.89,18.7658,24.0313,1.7146,5.7297,6.2796,,,11222.7568,2512.151,2512.151,298862.0136,66898.5811,0
1869,600841.SH,20230616,6.1,0.3557,0.5464,0.6,,,1.3302,1.0024,1.2633,2.0902,2.0902,163153.5732,50369.1588,32790.941,995236.7965,307251.8687,0
1870,300968.SZ,20230616,8.1,1.2299,1.2299,1.02,28.8953,35.2733,1.826,2.1354,2.2047,2.4691,4.9383,41338.0,17312.5748,17312.5748,334837.8,140231.8559,0
1871,600860.SH,20230616,10.59,1.1611,2.575,0.93,313.7617,1512.6924,5.4221,4.1848,4.2002,0.0,,54226.5988,33278.4674,15004.9622,574259.6813,352418.9698,0
1872,603317.SH,20230616,15.43,0.3653,1.1731,0.79,48.1171,44.4903,4.477,6.1106,5.8143,0.2293,1.4747,106557.4914,105798.1734,32948.9332,1644182.0923,1632465.8156,0
1873,600765.SH,20230616,24.87,0.7211,1.1501,1.11,30.4633,28.9538,3.5076,3.4637,3.3757,0.4883,0.6634,147204.909,146653.7803,91943.645,3660986.0868,3647279.5161,0
1874,603282.SH,20230616,34.54,8.097,8.097,1.54,27.5788,24.7628,4.074,5.045,4.5676,,,13382.0,3350.0,3350.0,462214.28,115709.0,0
1875,600729.SH,20230616,30.01,0.6014,1.2534,1.21,13.8105,12.9301,2.1668,0.6665,0.6726,12.3073,,40652.8465,40179.6465,19279.9458,1219991.9235,1205791.1915,0
1876,300467.SZ,20230616,18.0,9.5095,10.004,0.79,,344.7693,6.3072,10.288,9.9037,0.0,,20320.4897,16259.4878,15455.7608,365768.8146,292670.7804,0
1877,002529.SZ,20230616,14.44,2.4343,2.9739,1.22,,,6.5011,10.3159,11.1362,0.0,,26000.0,26000.0,21282.5,375440.0,375440.0,0
1878,300928.SZ,20230616,39.21,4.5603,4.6676,0.65,67.3565,66.9502,2.4422,3.5226,3.0496,0.5101,0.5101,8000.0,4279.9852,4181.662,313680.0,167818.2197,0
1879,300773.SZ,20230616,18.48,2.1074,3.1227,0.94,,,4.0995,2.7553,2.7855,0.0,,80002.0,75739.375,51115.0033,1478436.96,1399663.65,0
1880,001301.SZ,20230616,66.88,3.3404,3.3404,0.92,13.4737,14.833,3.3622,3.6333,3.7302,,1.4952,25977.46,6494.37,6494.37,1737372.5248,434343.4656,0
1881,301050.SZ,20230616,61.25,1.6079,1.8209,0.91,38.4956,41.0945,4.3696,12.4054,12.1177,0.176,,17424.0,13386.6185,11820.7016,1067220.0,819930.3831,0
1882,000829.SZ,20230616,10.01,1.7174,2.6373,1.28,93.3925,63.3499,3.935,0.1343,0.1272,0.6094,0.3197,102510.0438,102412.9669,66690.1551,1026125.5384,1025153.7987,0
1883,688498.SH,20230616,283.0,20.3781,20.3781,1.07,239.3346,270.9218,11.3969,84.867,92.671,,,8483.86,1773.849,1773.849,2400932.38,501999.267,0
1884,920510.BJ,20230616,8.09,0.1557,0.2652,0.7,14.5454,16.0045,2.7252,4.2299,4.6184,,,13158.1378,6292.6378,3693.9833,106449.3348,50907.4398,0
1885,603261.SH,20230616,32.7,1.8595,1.8595,1.48,73.0788,94.7657,2.9839,6.936,7.1161,0.8402,1.2531,7843.0822,2575.4076,2575.4076,256468.7879,84215.8285,0
1886,688211.SH,20230616,44.88,0.4898,0.6206,0.97,,,1.6447,2.5516,2.3333,,,13160.8698,6401.8698,5051.8698,590659.8366,287315.9166,0
1887,002726.SZ,20230616,8.47,0.5772,0.9641,1.67,121.2658,124.9807,2.9225,0.5672,0.5624,0.0,,107915.9725,107711.2225,64483.6225,914048.2871,912314.0546,0
1888,600143.SH,20230616,8.72,0.3313,0.4596,1.04,11.6325,12.3941,1.4288,0.5734,0.5702,2.2214,2.6376,265719.7236,257362.2343,185514.0391,2317075.9898,2244198.6831,0
1889,600569.SH,20230616,2.01,0.3889,1.1709,1.16,,,0.8132,0.1472,0.142,5.4726,5.4726,287242.1386,287242.1386,95411.29,577356.6986,577356.6986,0
1890,002585.SZ,20230616,10.12,6.4716,8.4458,1.75,16.7521,34.2363,1.2035,1.9304,2.0864,2.9644,,115627.8085,88342.3457,67692.8405,1170153.422,894024.5385,0
1891,600809.SH,20230616,219.97,0.5507,1.7551,0.74,33.1473,29.154,10.2646,10.2372,9.4605,0.8184,0.8184,121996.4222,121996.4222,38277.4803,26835552.9913,26835552.9913,0
1892,301228.SZ,20230616,15.67,0.7327,0.8799,0.53,,,2.1149,5.3501,5.121,1.2763,,12000.0,5486.498,4568.9474,188040.0,85973.4237,0
1893,002700.SZ,20230616,4.48,0.5496,1.8773,2.88,24.2756,23.3852,2.7208,3.2457,3.2565,0.0,1.3114,42242.688,31586.543,9248.043,189247.2422,141507.7126,0
1894,688192.SH,20230616,37.31,2.3994,2.3994,1.03,,,9.6948,,,,,40815.137,3880.0097,3880.0097,1522812.7615,144763.1619,0
1895,300945.SZ,20230616,14.93,2.9504,3.0528,0.7,56.1159,50.5229,3.7441,1.8967,1.8862,0.7013,0.71,20457.8,7651.4931,7394.9597,305434.954,114236.792,0
1896,002110.SZ,20230616,4.31,0.4865,1.1196,1.19,76.1665,,0.5009,0.2045,0.2081,18.8509,1.1494,245157.6238,245157.6238,106524.7814,1056629.3586,1056629.3586,0
1897,002831.SZ,20230616,24.98,0.7504,1.067,1.23,15.6224,16.047,2.3035,1.4206,1.4598,0.8746,1.2891,93051.3553,52035.2682,36595.1347,2324422.8554,1299840.9996,0
1898,300739.SZ,20230616,15.48,4.3923,11.6452,3.69,25.3804,29.0425,2.6658,2.349,2.4972,1.7208,2.261,29876.9726,29138.5601,10990.335,462495.5358,451064.9103,0
1899,600894.SH,20230616,7.28,0.717,1.6504,2.57,12.2164,11.8835,0.7148,0.8863,0.9223,3.1593,,85994.6895,85994.6895,37358.4966,626041.3396,626041.3396,0
1900,002623.SZ,20230616,26.0,1.1048,2.17,1.04,61.9143,58.6839,1.6154,1.6335,1.582,0.2308,0.746,19906.25,19863.6125,10113.355,517562.5,516453.925,0
1901,688036.SH,20230616,139.5,0.8256,2.7678,1.42,45.153,50.6936,7.5251,2.4069,2.5026,,,80395.035,80395.035,23981.4873,11215107.3825,11215107.3825,0
1902,920346.BJ,20230616,6.95,0.0559,0.0559,0.49,16.1235,16.4947,1.3286,2.775,2.7727,,,8068.2603,2827.1603,2827.1603,56074.4091,19648.7641,0
1903,300939.SZ,20230616,34.91,4.6816,4.6816,0.66,26.3063,25.3803,3.2993,3.7957,3.8359,1.1458,1.1458,12000.0,6589.2,6589.2,418920.0,230028.972,0
1904,603236.SH,20230616,62.43,2.792,3.9473,1.09,26.5204,45.3403,4.8409,1.1607,1.1543,0.6513,1.7954,26457.4906,26457.4906,18714.2141,1651741.1382,1651741.1382,0
1905,920033.BJ,20230616,32.47,0.2185,0.2734,0.56,28.5982,24.0327,5.1843,8.4998,7.4604,,,9164.25,2910.392,2325.392,297563.1975,94500.4282,0
1906,603386.SH,20230616,11.49,0.7793,1.961,0.91,23.0557,26.0035,2.5782,1.4573,1.4929,2.4866,4.2273,32632.256,32632.256,12967.156,374944.6214,374944.6214,0
1907,300456.SZ,20230616,22.28,5.4517,6.83,0.87,,,3.2543,20.8268,20.3743,0.1568,,73456.0134,58403.61,46618.042,1636599.9786,1301232.4308,0
1908,000657.SZ,20230616,9.77,0.7304,1.3364,1.27,25.5423,25.9289,2.485,1.0439,1.0415,1.024,1.024,139750.8114,123200.2759,67336.4762,1365365.4274,1203666.6955,0
1909,688027.SH,20230616,171.8,6.0352,6.6841,1.22,,,8.503,102.295,88.7139,,,8022.092,4697.092,4241.092,1378195.4056,806960.4056,0
1910,603429.SH,20230616,9.17,0.637,1.0806,1.59,28.8139,29.0942,3.2969,5.8093,5.9856,1.5812,,52448.5465,52448.5465,30918.0165,480953.1714,480953.1714,0
1911,300917.SZ,20230616,25.76,7.605,12.5728,0.63,38.1922,37.6653,4.6219,2.1707,2.0715,0.7465,0.7764,16900.0,8661.25,5239.0,435344.0,223113.8,0
1912,301266.SZ,20230616,63.33,12.3733,12.3733,1.61,65.5846,56.5717,4.7069,3.2754,3.1391,0.0,0.2842,10400.0,2900.0,2900.0,658632.0,183657.0,0
1913,688399.SH,20230616,55.94,0.5445,0.9008,0.61,1.794,2.7851,0.8724,0.5925,0.7985,,,5862.0,5862.0,3543.2448,327920.28,327920.28,0
1914,603737.SH,20230616,70.8,0.4105,1.2447,1.3,113.2353,94.5403,16.2331,3.2908,3.1909,0.0,,52701.2481,52701.2481,17383.1318,3731248.3655,3731248.3655,0
1915,601158.SH,20230616,5.22,0.1272,1.1117,1.12,13.1246,13.8498,1.558,3.221,3.2027,4.9234,5.1724,480000.0,480000.0,54903.9311,2505600.0,2505600.0,0
1916,603897.SH,20230616,19.06,0.9472,2.2738,1.0,28.8932,33.3778,1.4174,0.3924,0.3934,2.6233,1.0493,20643.5681,20643.5681,8599.2381,393466.408,393466.408,0
1917,600539.SH,20230616,6.53,1.0657,1.9387,1.21,85.7293,115.9961,3.5356,2.5517,2.674,0.0,,23000.0,23000.0,12642.6247,150190.0,150190.0,0
1918,001299.SZ,20230616,15.72,7.798,7.798,1.85,31.3014,35.8449,2.3599,5.3624,5.2644,,,18757.9697,4690.0,4690.0,294875.2837,73726.8,0
1919,002406.SZ,20230616,5.71,2.5203,2.8557,0.56,48.9443,55.6911,1.0652,3.3178,3.3812,1.4009,1.4009,62421.9211,49620.9614,43793.0117,356429.1695,283335.6896,0
1920,300121.SZ,20230616,9.33,0.9544,1.4434,1.31,7.3277,7.7033,1.3519,1.0737,1.0876,0.9933,2.1436,40477.087,39023.3608,25802.4933,377651.2217,364087.9563,0
1921,003011.SZ,20230616,30.06,2.3143,2.3143,0.8,14.5011,11.7412,2.0861,1.6292,1.6044,0.998,0.98,10267.6,5528.0195,5528.0195,308644.056,166172.2662,0
1922,000021.SZ,20230616,21.6,5.5141,9.2455,0.78,51.1472,65.0927,3.2409,2.0913,2.0552,0.6944,0.6944,156058.7588,156001.7152,93041.4958,3370869.1901,3369637.0483,0
1923,688371.SH,20230616,17.6,1.5116,1.5116,0.77,177.3736,397.2574,2.9693,14.9265,16.517,,,33547.2356,7830.7973,7830.7973,590431.3466,137822.0325,0
1924,603360.SH,20230616,10.14,0.4714,1.1549,0.72,9.0795,9.7015,2.7415,2.9086,2.9949,0.0,5.5544,36046.0991,35551.3951,14512.1688,365507.4449,360491.1463,0
1925,002928.SZ,20230616,8.7,0.7643,1.4659,0.54,,,2.9446,4.2073,3.6012,0.0,,127824.155,122389.3725,63812.838,1112070.1485,1064787.5408,0
1926,688515.SH,20230616,168.79,8.5445,8.5445,0.95,,,6.969,33.5069,37.0449,,,8000.0,1821.8892,1821.8892,1350320.0,307516.6781,0
1927,000806.SZ,20230616,0.48,1.8349,1.9312,0.43,,,,0.3455,0.3635,0.0,,109991.1762,88180.4718,83781.4566,52795.7646,42326.6265,0
1928,000875.SZ,20230616,5.23,1.0899,1.4713,1.09,21.7247,19.2033,1.2465,0.9758,0.9935,0.0,,279020.8174,244560.7717,181159.7394,1459278.875,1279052.836,0
1929,600521.SH,20230616,18.3,0.3678,0.6189,0.85,23.2324,22.552,3.6245,3.2822,3.1723,0.5429,0.5429,148250.7087,145461.3147,86449.6322,2712987.9692,2661942.059,0
1930,300215.SZ,20230616,5.06,0.4545,1.0214,0.71,115.8448,533.9236,1.9551,5.8746,6.2058,0.0,,75832.2487,69974.7487,31135.7754,383711.1784,354072.2284,0
1931,300884.SZ,20230616,13.43,4.8331,4.9764,0.9,42.191,41.2864,2.5764,4.0178,4.0509,1.0637,1.1169,25200.0,14498.5838,14080.9883,338436.0,194715.9804,0
1932,688488.SH,20230616,13.12,1.4824,1.4824,0.62,,,4.5827,22.5633,17.1269,,,42000.0,21574.032,21574.032,551040.0,283051.2998,0
1933,002663.SZ,20230616,1.87,1.0376,1.3805,0.67,,,1.1232,1.3593,1.3711,0.0,,179589.0452,130164.8973,97831.1567,335831.5145,243408.358,0
1934,600221.SH,20230616,1.65,0.2087,0.2767,1.33,,,30.8288,3.1187,2.4057,0.0,,4321563.2535,3287267.6656,2479344.848,7130579.3683,5423991.6482,0
1935,002572.SZ,20230616,18.15,1.8034,2.1031,0.98,15.559,15.7088,3.1537,1.4756,1.5015,3.2881,3.8361,91237.0038,63877.9338,54773.7438,1655951.619,1159384.4985,0
1936,002112.SZ,20230616,10.84,16.915,19.9107,3.25,66.5604,59.7157,6.1867,2.1737,2.1002,0.1419,0.1419,26208.0,25723.1681,21852.9471,284094.72,278839.1422,0
1937,600187.SH,20230616,2.69,1.0291,1.3978,0.9,,,1.3739,15.0942,15.9349,0.0,,161378.1103,161378.1103,118815.7703,434107.1167,434107.1167,0
1938,002759.SZ,20230616,13.68,0.8573,1.313,0.86,10.6195,44.4587,1.504,1.7068,2.0573,2.7343,1.9737,40855.2567,40498.5955,26440.9225,558899.9117,554020.7864,0
1939,000716.SZ,20230616,7.26,5.4435,8.696,0.6,,,2.1732,1.791,1.8291,0.0,,74399.955,68887.6044,43122.3917,540143.6733,500124.0079,0
1940,603519.SH,20230616,14.0,1.2691,2.9846,0.71,6.6042,4.8418,2.7816,2.6324,2.8282,2.8571,5.0,26632.7839,26632.7839,11324.5567,372858.9746,372858.9746,0
1941,600262.SH,20230616,22.28,3.3808,6.9599,0.99,31.8839,34.2292,2.6964,1.6947,1.8111,0.7406,0.7406,17000.0,17000.0,8257.8501,378760.0,378760.0,0
1942,002375.SZ,20230616,4.57,0.5424,1.1657,0.91,32.881,37.7087,0.7933,0.5054,0.5034,0.547,0.547,133999.6498,133099.3508,61930.548,612378.3996,608264.0332,0
1943,000799.SZ,20230616,97.99,2.2724,3.2933,0.74,30.3583,38.4518,7.1511,7.8609,9.5713,1.3267,1.3267,32492.898,32492.898,22420.1689,3183979.075,3183979.075,0
1944,300333.SZ,20230616,6.8,1.9635,2.2986,1.12,,,3.3465,16.0429,16.3731,0.0,,33600.0,33383.5067,28516.1971,228480.0,227007.8456,0
1945,301230.SZ,20230616,59.28,9.954,9.954,0.76,67.8376,63.2379,4.029,9.516,9.1883,,,7687.3333,1732.5,1732.5,455705.118,102702.6,0
1946,002386.SZ,20230616,6.61,0.4336,0.5618,0.9,15.6278,19.5762,1.0588,0.423,0.4265,2.4958,2.4958,130164.7073,101479.4741,78318.0092,860388.7153,670779.3238,0
1947,300720.SZ,20230616,12.03,0.9087,2.2908,0.81,57.2899,61.5596,4.1836,11.7086,11.7693,1.6625,1.2469,19487.7256,17231.8351,6835.1256,234437.339,207298.9763,0
1948,600006.SH,20230616,5.87,1.3698,3.4337,1.09,41.1808,44.7997,1.4159,0.9631,1.0445,0.9506,0.9506,200000.0,200000.0,79785.462,1174000.0,1174000.0,0
1949,603520.SH,20230616,16.98,1.1884,1.9467,1.07,,,3.2803,2.7321,2.6711,2.104,2.104,34291.4439,34251.4501,20910.1189,582268.7174,581589.6227,0
1950,300703.SZ,20230616,9.31,0.9768,1.4706,0.88,22.6093,27.6631,2.3315,1.2849,1.3463,0.5348,1.5969,18199.964,16733.6716,11115.4591,169441.6648,155790.4826,0
1951,002983.SZ,20230616,25.87,2.5974,5.2922,0.58,45.3789,41.5112,4.0278,5.0373,4.6164,0.7663,0.7663,18580.8,10541.7875,5173.9017,480685.296,272716.0426,0
1952,002668.SZ,20230616,8.37,1.9242,4.5141,0.97,21.4184,15.8732,9.1376,1.157,1.1023,0.0,,108411.1428,108411.1428,46212.6196,907401.2652,907401.2652,0
1953,920694.BJ,20230616,13.57,1.4448,1.4448,0.84,14.7876,12.7705,2.1162,2.2472,2.1147,,,10047.85,2030.5141,2030.5141,136349.3245,27554.0763,0
1954,600960.SH,20230616,3.66,1.0293,1.8633,0.63,,,0.7594,0.848,0.8152,0.0,,95051.5518,95051.5518,52508.6638,347888.6796,347888.6796,0
1955,601099.SH,20230616,2.62,0.5372,0.603,1.16,,,1.9042,15.2345,12.8332,0.0,,681631.637,681631.637,607227.6395,1785874.8889,1785874.8889,0
1956,600526.SH,20230616,4.85,0.5403,0.8103,0.83,27.4574,23.3772,1.0864,0.9781,0.953,0.0,,86394.314,71162.6073,47448.3375,419012.4229,345138.6454,0
1957,600836.SH,20230616,5.27,1.3663,1.6992,1.1,,,3.0852,6.893,7.114,0.0,,67275.3072,66524.3072,53489.802,354540.8689,350583.0989,0
1958,300938.SZ,20230616,43.25,1.842,1.842,1.01,41.6897,38.7047,4.3563,9.0283,8.479,0.4069,0.6936,11379.02,5279.3728,5279.3728,492142.615,228332.8736,0
1959,002968.SZ,20230616,15.58,1.1712,2.6142,1.58,19.1266,18.683,3.2746,1.3668,1.3092,2.2906,1.9255,22792.6283,20556.9158,9209.9732,355109.1489,320276.7482,0
1960,300793.SZ,20230616,22.16,6.291,10.9335,1.0,43.1996,40.2545,3.1006,3.452,3.4107,0.0,0.6769,33838.88,32986.5275,18980.0675,749869.5808,730981.4494,0
1961,002378.SZ,20230616,5.72,0.5698,1.463,1.05,33.7954,39.7875,3.5659,2.1453,2.1794,1.3448,1.6138,120141.7666,119335.665,46474.0194,687210.905,682600.0038,0
1962,600488.SH,20230616,5.56,2.0245,4.6504,3.23,172.1482,75.8665,2.0107,1.6523,1.6083,0.2527,0.1799,109624.268,109188.668,47533.7429,609510.9301,607088.9941,0
1963,001268.SZ,20230616,23.06,8.0323,8.0323,0.57,34.0938,38.0334,2.6447,3.7702,3.8073,1.0841,1.5178,10793.3334,2698.3334,2698.3334,248894.2682,62223.5682,0
1964,601198.SH,20230616,8.16,0.3661,0.6657,1.08,50.9994,37.3342,0.9966,7.6918,7.2207,3.1863,3.1863,323244.552,323244.552,177784.5036,2637675.5443,2637675.5443,0
1965,600276.SH,20230616,47.5,0.5967,0.9794,1.09,77.5676,77.5248,8.0007,14.242,14.2328,0.3368,0.6734,637900.2274,637420.7986,388327.1495,30300260.8015,30277487.9335,0
1966,605333.SH,20230616,15.97,3.0867,3.0867,0.77,169.855,766.2384,4.7714,2.128,2.1918,0.0,,43677.6081,9834.6081,9834.6081,697531.4014,157058.6914,0
1967,002035.SZ,20230616,7.12,1.3887,1.7334,0.92,42.1782,38.7605,1.7786,1.0373,1.0249,1.4045,1.4045,84765.3618,78052.3042,62531.4167,603529.376,555732.4059,0
1968,605081.SH,20230616,15.47,2.215,2.4205,1.32,,,1.0965,8.5291,8.5018,4.458,,11324.7072,8540.9175,7815.9175,175193.2204,132127.9937,0
1969,301317.SZ,20230616,29.4,10.2778,10.2778,0.7,60.0738,59.157,4.3036,6.4868,7.1443,,1.0204,15719.0,3727.4052,3727.4052,462138.6,109585.7129,0
1970,301306.SZ,20230616,36.52,3.0514,3.0514,0.81,47.6639,60.5954,2.5168,10.1341,10.1526,0.0,,8440.0,2110.0,2110.0,308228.8,77057.2,0
1971,688348.SH,20230616,263.08,8.3281,9.3097,1.88,58.3757,47.0365,5.4817,15.7251,13.1494,,,8000.0,3087.4322,2761.902,2104640.0,812241.6632,0
1972,002114.SZ,20230616,6.56,1.366,1.8814,1.37,,,1.7274,1.0776,1.1209,0.0,,32339.5267,32339.0823,23479.3223,212147.2952,212144.3799,0
1973,688590.SH,20230616,21.81,8.7077,10.3212,0.8,,,4.7808,3.9581,3.7776,,,23872.3764,16089.682,13574.3672,520656.5293,350915.9644,0
1974,002301.SZ,20230616,7.64,1.3419,2.3354,1.06,43.4991,47.3806,1.7749,0.6386,0.6567,0.0,,72130.7933,71799.0223,41254.5126,551079.2608,548544.5304,0
1975,603639.SH,20230616,17.15,0.4743,1.364,0.61,12.6844,12.4267,1.9245,1.2866,1.2782,5.8384,5.8309,34023.0446,33689.0186,11715.6347,583495.2149,577766.669,0
1976,002524.SZ,20230616,6.35,0.659,0.8808,1.14,,,12.3219,4.2643,4.1028,0.0,,51536.642,51302.8745,38386.0037,327257.6767,325773.2531,0
1977,603099.SH,20230616,12.05,1.5118,3.7281,0.59,,,3.5634,16.5081,13.1958,0.0,,26667.0,26667.0,10813.694,321337.35,321337.35,0
1978,600333.SH,20230616,4.76,0.5917,1.4344,1.89,,,1.4762,1.5289,1.5364,0.0,,60903.0684,60903.0684,25121.9808,289898.6056,289898.6056,0
1979,002594.SZ,20230616,271.08,1.3075,1.8541,1.15,47.4751,39.5682,6.828,1.8609,1.653,0.0387,0.0387,291114.2855,116476.4604,82140.1884,78915260.5133,31574438.8852,0
1980,002950.SZ,20230616,10.4,0.7351,2.1111,0.9,16.1897,17.471,2.0791,1.5642,1.6334,2.0192,0.5769,63326.5407,36138.3435,12584.3999,658596.0233,375838.7724,0
1981,300418.SZ,20230616,62.16,16.1758,24.1251,1.73,64.4856,75.0419,5.7683,15.6926,15.6121,0.1043,0.1043,119562.1204,108698.796,72882.1994,7431981.4041,6756717.1594,0
1982,002048.SZ,20230616,12.96,1.0301,1.2048,0.58,10.4758,10.4434,0.9516,0.5376,0.5258,0.9491,1.9284,81409.5508,52195.2046,44623.0261,1055067.7784,676449.8516,0
1983,300438.SZ,20230616,48.26,3.9935,4.7548,1.4,35.4274,30.9073,5.3574,2.4554,2.2487,0.0974,,46129.1966,35920.6204,30169.3663,2226195.0279,1733529.1405,0
1984,601636.SH,20230616,9.5,1.661,2.7878,1.0,19.3609,28.096,2.04,1.915,1.9053,8.3874,,268350.0504,268350.0504,159889.1103,2549325.4788,2549325.4788,0
1985,002715.SZ,20230616,14.01,1.3936,2.7296,1.12,,,5.0464,3.8119,3.7314,0.0,,13800.0,13800.0,7045.8072,193338.0,193338.0,0
1986,002858.SZ,20230616,27.07,12.6765,14.9497,1.77,,,5.9679,16.7729,14.5978,0.0,,16004.7538,14018.0338,11886.5038,433248.6854,379468.175,0
1987,600900.SH,20230616,22.2,0.2571,0.6139,1.4,25.4913,24.9349,2.7047,10.4339,9.4109,3.4134,3.4134,2446821.7716,2274185.923,952488.6872,54319443.3295,50486927.4906,0
1988,301017.SZ,20230616,18.41,1.5469,2.9735,0.82,32.5253,30.5243,3.5404,0.9539,0.8982,0.3965,0.6247,40534.0,10930.0,5686.0,746230.94,201221.3,0
1989,600073.SH,20230616,7.64,0.9129,1.4675,0.95,14.2495,14.2888,1.4673,0.2867,0.2953,1.3089,1.3089,93772.9472,93772.9472,58336.4598,716425.3166,716425.3166,0
1990,603916.SH,20230616,13.74,0.4102,0.8199,0.56,20.0562,23.2756,1.4438,1.5546,1.576,2.6201,2.1834,42031.0413,42031.0413,21025.0413,577506.5075,577506.5075,0
1991,688328.SH,20230616,22.48,2.0625,2.0625,0.93,,,2.5842,3.094,3.1747,,,8104.0037,4810.8352,4810.8352,182178.0032,108147.5753,0
1992,002579.SZ,20230616,11.29,9.672,14.9009,0.82,,,2.6334,2.2645,2.3539,0.6931,,61261.862,58205.2144,37780.1628,691646.422,657136.8706,0
1993,605088.SH,20230616,16.41,1.1168,1.1168,0.51,11.4373,11.2985,1.5689,0.925,0.9194,1.8282,1.8282,16579.5,7865.05,7865.05,272069.595,129065.4705,0
1994,002568.SZ,20230616,38.08,1.4044,1.975,0.96,76.7155,64.7744,10.5786,15.4199,14.2069,0.9351,,105015.9955,71727.9565,51004.1041,3999009.1086,2731400.5835,0
1995,001300.SZ,20230616,12.94,1.5351,1.5351,0.5,48.0119,105.0729,2.8866,5.5621,7.5621,,,24377.5914,6094.3979,6094.3979,315446.0327,78861.5088,0
1996,300462.SZ,20230616,11.92,2.7082,3.0095,0.91,36.9342,29.6016,1.4682,3.5974,3.1283,0.0,,18826.5025,13657.91,12290.31,224411.9098,162802.2872,0
1997,603536.SH,20230616,6.56,0.8591,2.3457,0.81,,,3.3508,1.0154,0.9685,0.0,,24464.23,24464.23,8959.7993,160485.3488,160485.3488,0
1998,600235.SH,20230616,5.42,1.1551,1.7735,1.22,123.6166,646.2983,1.3539,1.1391,1.1426,0.369,0.1845,35130.0,35130.0,22880.0,190404.6,190404.6,0
1999,300820.SZ,20230616,121.0,3.8591,5.936,1.04,51.2794,51.0896,11.1024,13.5574,13.2398,0.2741,,14370.525,6989.0197,4543.644,1738833.525,845671.3837,0
2000,003000.SZ,20230616,13.49,1.8829,1.8829,1.06,48.8117,42.3155,5.2423,4.162,3.7115,0.9939,1.6174,45106.9159,22380.2569,22380.2569,608492.2955,301909.6656,0
2001,920402.BJ,20230616,12.47,1.4994,1.4994,0.9,21.3954,20.9116,2.8997,4.2465,4.2623,,,32466.159,9115.6654,9115.6654,404853.0027,113672.3475,0
2002,001236.SZ,20230616,16.42,19.7102,19.7102,0.83,1336.4426,1482.2954,8.994,10.8314,11.1601,,0.1827,100777.7778,10077.7778,10077.7778,1654771.1115,165477.1115,0
2003,002179.SZ,20230616,42.2,0.2867,0.5529,0.69,32.9266,30.0923,5.0063,5.6488,5.1974,0.698,1.0026,212004.6354,203665.664,105597.0115,8946595.6139,8594691.0208,0
2004,688222.SH,20230616,18.15,3.122,7.4756,1.81,287.8309,316.7276,5.6348,22.0608,22.2561,,,40068.0,40068.0,16733.4853,727234.2,727234.2,0
2005,601702.SH,20230616,13.97,3.104,3.104,0.69,20.9523,19.0412,3.6695,1.6325,1.6303,0.544,0.7158,99853.06,27793.0,27793.0,1394947.2482,388268.21,0
2006,300421.SZ,20230616,10.02,6.5735,7.4706,3.21,47.7509,44.4783,2.3613,3.0351,3.0273,1.2475,0.8317,29710.2484,22761.2042,20028.0423,297696.689,228067.2661,0
2007,600755.SH,20230616,8.78,0.8073,1.2207,0.92,5.435,5.3806,0.8959,0.0374,0.0364,5.6418,5.6418,222165.9957,203005.8373,134254.8221,1950617.4422,1782391.2515,0
2008,600415.SH,20230616,10.32,4.0484,9.7257,0.98,51.2495,34.2169,3.4987,7.4303,6.9536,0.708,0.6298,548607.4176,545638.7776,227126.1856,5661628.5496,5630992.1848,0
2009,600486.SH,20230616,85.98,0.3172,0.5436,1.0,14.8506,16.2058,2.8672,1.6853,1.7713,0.756,0.756,30989.8907,30989.8907,18080.2082,2664510.8024,2664510.8024,0
2010,000420.SZ,20230616,3.44,0.835,1.1673,1.16,,,1.9478,2.305,2.4347,0.0,,245886.8343,245795.8143,175810.5876,845850.71,845537.6012,0
2011,920553.BJ,20230616,3.16,0.0649,0.1051,4.01,24.0872,25.8118,1.4073,1.2015,1.1986,,,14369.046,9262.1218,5718.6174,45406.1854,29268.3049,0
2012,688690.SH,20230616,43.24,0.6363,0.6364,0.75,63.4649,77.0691,11.0959,24.7378,25.0484,,,40381.4765,20235.9857,20233.5457,1746095.0439,875004.0217,0
2013,300995.SZ,20230616,19.62,2.9236,3.6273,0.73,100.6548,134.7971,2.6195,6.4414,6.7061,1.2029,0.6116,8416.0,2911.0,2346.27,165121.92,57113.82,0
2014,688533.SH,20230616,47.98,6.1808,6.1808,0.87,88.071,73.4147,6.9508,4.3398,4.1417,,,16000.0,4000.0,4000.0,767680.0,191920.0,0
2015,301158.SZ,20230616,17.3,2.623,2.623,1.02,34.0065,29.4961,2.0804,5.2844,4.9569,0.6936,0.9249,15037.051,7767.6907,7767.6907,260140.9823,134381.0491,0
2016,601118.SH,20230616,4.62,0.3606,0.9378,0.78,289.509,468.0035,2.0774,1.2862,1.0992,0.2294,0.2294,427942.7797,427942.7797,164552.5773,1977095.6422,1977095.6422,0
2017,000989.SZ,20230616,13.63,3.3327,4.9957,0.69,32.4654,29.358,3.0662,3.8462,3.9872,2.9347,2.9347,85594.2012,65799.0553,43895.4973,1166648.9624,896841.1237,0
2018,601179.SH,20230616,5.47,1.6504,4.982,3.09,45.7855,42.0011,1.3165,1.5571,1.4881,0.585,0.585,512588.2352,512588.2352,169808.5315,2803857.6465,2803857.6465,0
2019,300453.SZ,20230616,6.89,0.4366,0.5065,0.68,19.2775,19.5595,3.3441,2.6641,2.7647,1.6606,1.6747,51658.711,35880.6633,30927.7105,355928.5188,247217.7701,0
2020,300991.SZ,20230616,16.59,8.8431,8.8431,0.64,280.9379,,3.8317,5.54,5.4647,1.4693,0.1206,14400.0,6537.6,6537.6,238896.0,108458.784,0
2021,301008.SZ,20230616,26.95,1.5278,1.5278,0.59,32.0525,32.6318,2.1465,2.6088,2.692,0.0,1.4842,8000.0,2464.4,2464.4,215600.0,66415.58,0
2022,002194.SZ,20230616,10.74,10.4206,13.6855,2.59,26.565,34.4562,2.8815,3.54,3.4406,0.464,2.7938,68332.0806,50756.346,38647.7057,733886.5456,545123.156,0
2023,002322.SZ,20230616,10.52,0.9736,1.4226,0.81,18.584,18.791,1.2858,4.1125,4.1177,1.9011,1.9011,37914.797,35991.9679,24630.2293,398863.6644,378635.5023,0
2024,300056.SZ,20230616,7.21,1.7141,2.4848,1.13,,,7.188,2.7597,3.6348,0.0,,38549.0443,38538.1318,26584.7065,277938.6094,277859.9303,0
2025,300567.SZ,20230616,98.49,2.4102,2.7141,0.72,100.7797,107.3063,8.8097,10.0325,10.0412,0.2983,0.2983,27814.4771,20688.4658,18372.4205,2739447.8496,2037606.9966,0
2026,002231.SZ,20230616,7.08,5.855,6.221,1.7,,,6.975,12.8827,13.6715,0.0,,34685.0017,29481.8017,27747.4267,245569.812,208731.156,0
2027,688502.SH,20230616,174.46,9.4905,9.4905,1.64,156.0877,155.8319,7.9836,20.996,20.3868,,,5280.0,1206.143,1206.143,921148.8,210423.7078,0
2028,600795.SH,20230616,3.81,0.5479,1.2371,0.93,24.0573,24.8587,1.4714,0.3527,0.3554,0.0,,1783561.9082,1783561.9082,789997.4544,6795370.8702,6795370.8702,0
2029,300965.SZ,20230616,45.51,1.2837,1.406,0.82,82.4533,91.0126,1.9815,14.8582,15.8876,0.4505,,6000.0,1642.875,1500.0,273060.0,74767.2413,0
2030,300922.SZ,20230616,19.94,11.7754,11.7754,1.81,116.2741,125.4127,3.6433,21.1405,21.6023,1.2538,0.5015,15681.12,8577.5925,8577.5925,312681.5328,171037.1945,0
2031,300614.SZ,20230616,25.67,2.8382,2.8382,0.46,109.2867,191.7465,2.7414,9.2556,9.6977,0.2649,0.0935,16043.4469,8900.4065,8900.4065,411835.2819,228473.4349,0
2032,001696.SZ,20230616,6.84,0.8545,1.1198,1.13,20.0651,19.7669,1.6116,0.979,0.9992,3.655,3.655,114502.692,87532.1957,66793.7257,783198.4133,598720.2186,0
2033,000712.SZ,20230616,12.62,0.2787,0.5583,0.81,,,3.9645,45.7075,17.7283,0.0792,0.0792,89600.0,89524.0775,44683.0271,1130752.0,1129793.8581,0
2034,000679.SZ,20230616,5.11,1.104,1.5346,0.87,,,5.0518,12.185,12.2682,0.0,,35640.0,35640.0,25640.0,182120.4,182120.4,0
2035,603290.SH,20230616,221.54,1.0388,2.2954,0.87,46.2785,43.3648,6.6375,13.9861,12.8571,0.3161,0.6482,17080.118,17080.118,7729.6179,3783929.3417,3783929.3417,0
2036,603039.SH,20230616,76.95,1.2212,2.5321,0.99,89.8342,96.1003,10.6929,8.6011,8.4564,0.1922,0.3839,26060.3073,26060.3073,12569.0389,2005340.6467,2005340.6467,0
2037,601929.SH,20230616,2.04,1.5709,2.3374,1.14,,,1.0027,3.7146,3.6514,0.0,,330129.5328,330129.5328,221875.7964,673464.2469,673464.2469,0
2038,002101.SZ,20230616,19.9,4.0253,8.1379,0.62,22.6148,22.4274,2.0787,1.5775,1.5618,1.5075,1.5075,52887.8866,52883.7616,26158.0091,1052468.9433,1052386.8558,0
2039,688633.SH,20230616,42.75,0.4926,0.4926,1.07,22.3101,25.2311,2.279,4.854,4.9849,,,7394.3334,2393.3334,2393.3334,316107.7529,102315.0029,0
2040,300269.SZ,20230616,3.61,2.5113,3.3184,0.47,,,46.695,1.5887,1.5564,0.0,,54911.3825,52566.9603,39782.2455,198230.0908,189766.7267,0
2041,601828.SH,20230616,4.9,0.3325,0.7138,1.6,28.5003,108.5192,0.397,1.5092,1.5948,2.0408,2.0408,435473.2673,361344.7039,168307.7786,2133819.0098,1770589.0491,0
2042,001228.SZ,20230616,38.77,1.3661,1.7334,0.72,13.6912,14.2893,2.4567,1.337,1.422,0.7738,1.5476,10386.4609,5486.4609,4323.6703,402683.0891,212710.0891,0
2043,600507.SH,20230616,4.67,0.2658,0.4872,0.9,11.7572,22.1141,1.2712,0.4686,0.4909,23.7687,,233180.5223,224350.5223,122400.7857,1088953.0391,1047716.9391,0
2044,601187.SH,20230616,5.1,1.4894,1.4974,1.69,5.3708,5.1767,0.6182,2.2832,2.2569,4.902,10.5882,263912.7888,119121.7875,118489.9575,1345955.2229,607521.1163,0
2045,300634.SZ,20230616,28.73,5.0164,9.5773,1.18,56.6841,52.2774,5.558,10.6711,9.854,0.2088,0.5639,44401.11,42781.11,22407.966,1275643.8903,1229101.2903,0
2046,300295.SZ,20230616,13.83,6.1337,6.5613,0.79,440.2333,314.5067,1.9977,16.646,17.8636,0.0,,19082.4714,16754.8624,15663.0378,263910.5795,231719.747,0
2047,688370.SH,20230616,36.82,0.466,0.466,0.92,22.3898,23.7256,1.3526,5.3436,5.4274,,,10640.0,2476.9652,2476.9652,391764.8,91201.8587,0
2048,301106.SZ,20230616,33.88,2.0665,2.0665,1.01,27.0937,30.3394,2.3354,3.8872,4.0612,0.8855,1.771,7258.6668,2084.6667,2084.6667,245923.6312,70628.5078,0
2049,300126.SZ,20230616,6.24,0.8354,1.2269,0.9,482.1049,1858.4003,1.7367,4.3632,4.44,0.1603,0.1603,30395.76,21066.2529,14344.4497,189669.5424,131453.4181,0
2050,920578.BJ,20230616,18.3,22.5529,22.5529,1.21,40.0364,40.0364,5.4139,5.1003,5.1003,,,7647.9097,1980.0,1980.0,139956.7475,36234.0,0
2051,301093.SZ,20230616,34.2,1.2572,1.6258,0.5,49.5342,48.4555,1.894,7.95,7.6185,2.0299,,13578.6667,9683.8821,7488.2299,464390.4011,331188.7678,0
2052,600827.SH,20230616,14.17,0.6347,1.4478,0.78,36.9423,34.1404,1.4155,0.7835,0.8034,1.0586,1.0586,178416.8117,160444.992,70337.9552,2528166.2218,2273505.5366,0
2053,300718.SZ,20230616,18.45,3.0767,5.1317,1.7,53.8743,44.5669,4.1863,5.1319,5.1413,1.892,1.897,29801.0549,18524.5462,11106.3517,549829.4629,341777.8774,0
2054,600330.SH,20230616,12.0,13.576,16.619,2.59,22.1103,22.888,1.8721,3.2835,3.3254,0.3367,0.4167,123343.4416,123343.4416,100759.0426,1480121.2992,1480121.2992,1
2055,300378.SZ,20230616,27.46,14.1546,18.1821,4.03,54.9463,52.4644,3.9789,3.6789,3.6196,0.3602,,26730.623,26583.098,20694.7473,734022.9076,729971.8711,1
2056,000708.SZ,20230616,15.58,0.0761,0.4715,1.05,11.0669,11.8466,2.3173,0.7996,0.7729,5.1348,4.4929,504715.5266,504715.5266,81506.2566,7863467.9044,7863467.9044,0
2057,603501.SH,20230616,100.63,0.4551,0.7432,0.74,120.3599,407.0985,6.6089,5.935,6.3132,0.3828,0.3828,118417.8919,118044.6078,72284.1166,11916392.4619,11878828.8829,0
2058,603399.SH,20230616,12.2,2.2834,4.1054,0.68,12.8534,12.0615,2.9275,0.8962,0.7493,0.0,3.2787,51865.0649,51229.0649,28493.4122,632753.7918,624994.5918,0
2059,603288.SH,20230616,51.05,0.1661,0.6474,1.05,45.8021,46.6564,11.4143,11.0844,11.1843,1.1278,1.1427,556060.0544,556060.0544,142673.1958,28386865.7771,28386865.7771,0
2060,300158.SZ,20230616,5.51,2.6814,3.8041,2.49,,,1.0776,1.5184,1.4934,49.0018,,102749.466,102405.825,72182.8059,566149.5577,564256.0958,0
2061,688017.SH,20230616,151.93,5.8562,5.8562,1.27,165.0094,178.6452,13.0114,57.491,58.1866,,,16867.2168,9368.4603,9368.4603,2562636.2484,1423350.1734,0
2062,002626.SZ,20230616,19.39,0.4599,1.0085,0.74,46.0494,52.9276,3.2946,3.9301,3.8671,3.0944,4.1258,60993.4771,60984.4771,27808.7446,1182663.521,1182489.011,0
2063,600816.SH,20230616,3.88,0.3054,0.4973,0.97,,,3.5633,,,0.0,,984444.8254,526429.052,323274.7416,3819645.9226,2042544.7218,0
2064,688670.SH,20230616,50.4,1.1005,1.1005,0.72,149.4615,77.103,4.1999,19.4962,15.0624,,,12320.0,4290.3585,4290.3585,620928.0,216234.0684,0
2065,301179.SZ,20230616,33.03,9.4539,9.4539,0.73,34.6241,32.9182,3.6305,9.0892,8.0638,0.7905,0.8746,23760.0,5940.0,5940.0,784792.8,196198.2,0
2066,002909.SZ,20230616,7.6,0.9074,1.5824,0.8,278.7485,273.169,3.38,1.9532,2.0644,0.6493,0.656,37275.2452,36154.6154,20732.5789,283291.8635,274775.077,0
2067,002043.SZ,20230616,11.23,6.0876,10.264,0.82,21.2874,22.3077,3.8107,1.0632,1.1284,3.8311,4.4524,84426.2959,70100.5331,41576.6137,948107.303,787228.9867,0
2068,000833.SZ,20230616,6.72,1.1699,1.4316,0.83,15.2029,14.9821,1.3452,1.3146,1.2061,2.0238,2.0238,66840.1851,37808.5022,30896.5315,449166.0439,254073.1348,0
2069,600833.SH,20230616,14.59,4.3431,7.8891,0.94,22.6728,19.5004,3.4189,1.2255,1.1951,0.4798,1.8163,22308.6347,22308.6347,12281.1613,325482.9803,325482.9803,0
2070,603680.SH,20230616,10.8,1.2233,10.0119,0.73,42.6558,41.2745,1.7417,2.3949,2.4394,1.3889,1.3889,78371.8767,78371.8767,9575.8767,846416.2684,846416.2684,0
2071,002188.SZ,20230616,6.22,4.4142,5.8788,0.61,29.5248,51.5099,15.1874,5.9403,5.7816,0.0,,29253.8575,24088.3257,18087.0255,181958.9937,149829.3859,0
2072,000778.SZ,20230616,4.17,0.7337,1.2058,1.18,9.928,11.4884,0.6642,0.3484,0.3569,3.5946,3.5946,399005.8776,389611.4267,237082.0528,1663854.5096,1624679.6493,0
2073,300593.SZ,20230616,19.19,1.6843,1.7899,0.97,36.5151,33.3394,3.3926,6.0245,5.9333,0.2705,0.481,53793.5322,44473.4201,41849.4724,1032297.8829,853444.9317,0
2074,603530.SH,20230616,15.18,0.4664,2.4709,1.11,133.5695,103.9117,4.0865,8.8985,8.5154,0.6588,,43226.3327,43226.3327,8159.3327,656175.7304,656175.7304,0
2075,688357.SH,20230616,62.7,0.7064,1.1965,0.97,26.3751,24.3237,3.3616,6.1122,5.3094,,,8322.9786,8322.9786,4913.9786,521850.7582,521850.7582,0
2076,301389.SZ,20230616,17.65,2.5946,2.5946,1.13,29.6328,34.5088,2.3274,13.2921,15.4396,,3.966,28350.0,7087.5,7087.5,500377.5,125094.375,0
2077,002107.SZ,20230616,5.84,1.2094,2.465,0.83,31.3906,31.817,4.3667,3.3217,3.4025,4.4521,,57720.96,56961.665,27947.0287,337090.4064,332656.1236,0
2078,603833.SH,20230616,103.2,0.526,2.0491,0.97,23.3834,24.2936,3.896,2.7965,2.8698,1.6957,1.6957,60915.2327,60915.2327,15637.3973,6286452.0146,6286452.0146,0
2079,600545.SH,20230616,2.46,2.2826,4.2144,3.11,,,1.4963,0.9126,0.9005,0.0,,189541.2995,189541.2995,102661.3318,466271.5968,466271.5968,0
2080,920263.BJ,20230616,4.75,0.1214,0.2252,0.26,15.404,10.8639,1.4009,1.6133,1.8036,,,13996.0,10182.6212,5489.7,66481.0,48367.4507,0
2081,002799.SZ,20230616,12.24,1.423,3.6925,1.44,43.4401,42.8106,2.4258,1.3204,1.2928,0.0,,32004.0,25199.58,9711.136,391728.96,308442.8592,0
2082,603390.SH,20230616,8.22,0.7415,2.0111,0.72,,,1.838,6.0591,5.7564,0.0,,35168.6984,35168.6984,12967.8504,289086.7008,289086.7008,0
2083,002628.SZ,20230616,3.29,1.1667,1.4708,1.14,272.3877,,0.8291,1.8607,1.8848,0.0,,75710.0415,75261.5752,59698.8274,249086.0365,247610.5824,0
2084,301132.SZ,20230616,29.25,7.8683,7.8683,0.74,40.3745,41.008,2.6778,4.1403,4.0623,,1.1282,14747.0,3687.0,3687.0,431349.75,107844.75,0
2085,301314.SZ,20230616,54.38,11.6239,11.6239,1.27,29.1416,35.7554,2.9308,9.7981,10.6574,,1.9804,5525.0,1381.25,1381.25,300449.5,75112.375,0
2086,688662.SH,20230616,60.61,20.8021,27.6077,1.31,97.0494,121.3384,7.3659,10.6683,11.5478,,,8824.0,5423.003,4086.167,534822.64,328688.2118,1
2087,002576.SZ,20230616,17.23,6.667,9.3931,1.22,42.1452,34.3366,2.4875,1.6233,1.5742,0.4643,0.4643,16510.0,16190.2771,11491.5277,284467.3,278958.4744,0
2088,600665.SH,20230616,4.09,1.4698,3.4597,0.64,10.314,9.1719,0.8026,0.3349,0.2641,3.2029,3.2029,86412.2521,86412.2521,36712.1583,353426.1111,353426.1111,0
2089,300629.SZ,20230616,19.62,1.8493,2.1472,0.58,35.36,34.9758,3.6963,10.8052,10.3117,0.3008,0.3921,23702.7993,19644.7752,16919.5728,465048.9223,385430.4894,0
2090,600568.SH,20230616,1.78,0.2424,0.4527,0.76,,,1.2807,7.0109,7.0762,0.0,,199286.9681,156494.8288,83805.1527,354730.8032,278560.7953,0
2091,002601.SZ,20230616,16.73,0.9968,1.1617,0.65,11.6901,13.6205,1.9963,1.6577,1.5978,7.153,4.7823,238926.6956,144665.3408,124124.929,3997243.6174,2420251.1516,0
2092,300382.SZ,20230616,13.34,5.1501,9.6717,5.28,36.9969,37.9974,3.9206,4.8277,4.8177,0.3472,2.5778,62655.265,62649.595,33360.187,835821.2351,835745.5973,0
2093,600774.SH,20230616,12.69,0.7642,1.7917,0.57,42.3119,41.84,2.2222,2.6994,2.6914,0.788,,29503.2402,29484.2131,12575.3218,374396.1181,374154.6642,0
2094,600318.SH,20230616,6.35,1.017,1.4261,0.79,,,3.1857,10.4012,10.7024,0.0,,51272.7632,51272.7632,36565.7075,325582.0463,325582.0463,0
2095,603318.SH,20230616,8.4,2.9429,5.1332,1.39,87.4089,80.0639,2.4238,1.0081,0.9215,0.2389,0.2389,46437.4926,37801.1155,21671.5749,390074.9378,317529.3702,0
2096,300110.SZ,20230616,4.07,0.7187,1.1112,1.16,26.6105,24.4394,1.8708,2.9711,2.9388,0.4423,0.4423,118221.2982,118041.3107,76346.8744,481160.6837,480428.1345,0
2097,301129.SZ,20230616,64.65,4.7457,4.7457,1.09,23.9357,24.4117,2.8987,7.4275,7.4027,1.0721,,7439.0,2422.0,2422.0,480931.35,156582.3,0
2098,002171.SZ,20230616,7.04,0.5869,0.9389,1.01,70.2867,82.1578,1.598,0.2314,0.2307,3.5238,2.0665,133453.3577,129972.6236,81238.5638,939511.6382,915007.2701,0
2099,002775.SZ,20230616,3.73,0.7282,1.1293,0.93,,,6.438,2.4905,2.1416,0.0,,61276.7053,44634.2722,28781.0322,228562.1108,166485.8353,0
2100,001227.SZ,20230616,2.9,0.6997,0.7005,0.62,9.527,9.2537,0.6085,2.217,2.1552,3.4483,3.4483,569569.7168,276813.9899,276499.9699,1651752.1787,802760.5707,0
2101,000750.SZ,20230616,3.42,0.4237,0.681,1.04,74.7065,43.9863,0.9983,5.1485,4.7231,1.0234,1.0234,544452.5514,544452.5514,338692.1856,1862027.7258,1862027.7258,0
2102,300190.SZ,20230616,3.96,0.3764,0.5835,1.16,,,0.8183,1.4845,1.4922,2.5252,1.2441,78158.8507,77616.4404,50059.2148,309509.0488,307361.104,0
2103,600678.SH,20230616,5.41,1.3904,1.749,1.19,145.6016,306.5981,7.1754,5.276,5.3393,0.0,,34899.0,34899.0,27743.6516,188803.59,188803.59,0
2104,300973.SZ,20230616,71.24,1.2842,1.3629,0.8,83.9097,78.5322,5.7325,4.1448,3.9226,0.7019,1.4037,16934.0,7104.575,6694.3,1206378.16,506129.923,0
2105,603908.SH,20230616,46.27,2.1711,5.4879,1.4,21.9434,23.249,5.4816,2.1491,2.1258,1.9451,,6669.0,6669.0,2638.3347,308574.63,308574.63,0
2106,300287.SZ,20230616,4.26,8.3588,8.5489,1.3,,,3.6607,5.3495,5.4196,0.0,,143527.3808,128425.8918,125569.4278,611426.6422,547094.2991,0
2107,603169.SH,20230616,6.65,1.122,2.3418,1.22,49.3758,48.6835,2.7394,1.7442,1.734,0.0,,130629.1798,130629.1798,62585.2094,868684.0457,868684.0457,0
2108,920523.BJ,20230616,11.89,0.2339,0.2658,1.22,20.9923,21.9028,2.2979,3.3112,3.088,,,7792.413,4509.9341,3968.6035,92651.7906,53623.1164,0
2109,002199.SZ,20230616,7.52,6.3989,8.9162,5.73,,,5.1945,10.124,10.483,0.0,,24344.2363,24344.2363,17471.255,183068.657,183068.657,0
2110,002758.SZ,20230616,12.28,1.8799,2.4484,0.93,10.5224,11.4384,1.5118,0.1535,0.1508,2.3501,2.443,52251.5799,23740.9149,18228.4149,641649.4012,291538.435,0
2111,688307.SH,20230616,31.37,5.1523,5.1523,1.16,67.1422,68.1213,3.4662,6.8329,6.754,,,8800.0,1824.862,1824.862,276056.0,57245.9209,0
2112,688553.SH,20230616,15.68,0.3028,0.3849,1.47,26.6759,39.4908,1.8163,4.448,5.2526,,,42360.0,28922.7369,22754.1866,664204.8,453508.5146,0
2113,300109.SZ,20230616,23.9,1.1622,1.2259,0.82,26.5602,20.4344,2.5014,5.2106,5.0339,2.1688,2.0921,32390.5337,28594.9984,27107.7954,774133.7554,683420.4618,0
2114,300925.SZ,20230616,15.91,5.7429,5.7429,0.81,46.0207,45.2029,4.4121,1.6627,1.65,0.2583,0.4768,37474.3875,20019.2731,20019.2731,596217.5051,318506.635,0
2115,300153.SZ,20230616,8.53,3.9538,6.3258,1.31,97.1337,87.8327,3.3897,3.1188,3.1165,0.0,,32000.0,31737.349,19836.469,272960.0,270719.587,0
2116,000861.SZ,20230616,2.04,1.013,1.37,0.83,,,1.6158,4.4126,5.0848,0.0,,250924.4757,236819.7394,175109.1652,511885.9304,483112.2684,0
2117,688035.SH,20230616,56.89,3.0803,3.0803,0.7,65.7858,62.2966,3.7009,8.715,8.7214,,,14224.0,3079.6524,3079.6524,809203.36,175201.425,0
2118,301025.SZ,20230616,14.31,10.1509,10.1509,0.67,91.9184,94.2903,9.2543,11.1493,11.3456,0.5866,1.3413,40030.94,9582.8708,9582.8708,572842.7514,137130.8811,0
2119,002083.SZ,20230616,4.56,0.6806,1.1334,0.57,18.4324,21.4076,0.9946,0.7147,0.7261,6.5691,,82258.61,80710.9718,48469.4668,375099.2616,368042.0314,0
2120,301311.SZ,20230616,26.47,33.6102,33.6102,1.23,59.4887,71.2228,3.569,3.0784,3.0722,,0.2078,24000.0,6000.0,6000.0,635280.0,158820.0,0
2121,600335.SH,20230616,10.62,2.0962,7.1141,1.08,49.8639,38.7464,1.4004,0.4015,0.3879,0.642,,149578.8692,145687.5351,42926.7069,1588527.5909,1547201.6228,0
2122,301293.SZ,20230616,100.66,27.1681,27.1681,1.07,252.7988,217.1526,6.9658,14.9293,14.3055,,,15845.1529,3412.4242,3412.4242,1594973.0909,343494.62,0
2123,300537.SZ,20230616,15.55,2.7555,3.1814,0.62,,,4.4623,6.0288,6.6268,0.0,,19302.7584,13700.837,11866.9654,300157.8931,213048.0154,0
2124,300658.SZ,20230616,6.54,0.9304,1.3653,0.88,74.0801,73.4371,1.5888,1.7688,1.7827,0.0,,33276.4105,22809.5123,15543.4798,217627.7247,149174.2104,0
2125,002733.SZ,20230616,16.31,0.8796,1.3944,0.84,39.9422,34.767,2.3844,1.5366,1.4711,0.0,0.6131,38421.4913,36528.9279,23042.5359,626654.5231,595786.814,0
2126,688071.SH,20230616,48.52,1.7629,2.0146,1.61,113.127,79.0753,3.8443,12.214,10.5534,,,8478.3172,4076.7709,3567.4129,411367.9505,197804.9241,0
2127,601665.SH,20230616,4.02,0.6176,0.6652,1.19,5.1333,4.9786,0.6129,1.6644,1.6306,4.5771,4.5771,458083.3334,231965.0824,215381.2866,1841495.0003,932499.6312,0
2128,300523.SZ,20230616,25.83,1.2973,2.3721,0.88,872.6232,800.5851,4.1813,2.5049,2.4294,0.0,,23263.7638,23183.2334,12679.4712,600903.019,598822.9187,0
2129,603197.SH,20230616,51.95,2.1409,2.9748,0.84,50.6853,41.2752,4.1989,2.2717,2.171,0.3829,0.3829,20892.3908,20778.9263,14953.9694,1085359.7021,1079465.2213,0
2130,000977.SZ,20230616,56.5,9.9626,15.2009,1.08,39.9815,42.5095,5.0147,1.1963,1.3492,0.2447,,147213.5122,146982.2476,96332.1641,8317563.4393,8304496.9894,0
2131,300795.SZ,20230616,41.13,2.3998,3.1936,1.26,123.6951,90.4398,13.8163,17.8931,16.1197,0.0,,15152.8849,8651.4541,6501.0867,623238.1559,355834.3071,0
2132,600196.SH,20230616,30.75,0.4671,0.8028,0.91,22.0244,19.3099,1.8102,1.8695,1.849,1.7273,,267215.6611,211771.4711,123211.8756,8216881.5788,6511972.7363,0
2133,002329.SZ,20230616,6.01,2.7609,3.0629,0.82,434.4245,,3.1308,1.8069,1.635,0.0,,86909.9335,58865.2886,53059.7039,522328.7003,353780.3845,0
2134,600757.SH,20230616,9.54,3.7993,8.727,0.81,15.8751,14.0898,1.3724,1.8393,1.7409,3.8784,7.2327,121365.0273,121349.7103,52830.0866,1157822.3604,1157676.2363,0
2135,002949.SZ,20230616,14.37,1.799,3.4456,1.05,25.1131,23.4504,2.1515,1.5432,1.6512,2.0877,2.0877,19603.9555,14913.6055,7786.5305,281708.8405,214308.511,0
2136,601816.SH,20230616,5.58,0.3943,0.7827,1.94,,191.6615,1.4709,14.1714,12.1271,0.8799,0.8799,4910648.4611,4910648.4611,2473778.1306,27401418.4129,27401418.4129,0
2137,688329.SH,20230616,33.19,0.7891,0.7891,0.69,25.0227,24.3233,3.3058,5.3677,5.2798,,,7720.0,4566.35,4566.35,256226.8,151557.1565,0
2138,603050.SH,20230616,14.91,2.4628,3.2332,0.83,29.5903,24.3903,2.5653,1.2911,1.1966,0.9581,2.3953,22709.414,22709.414,17298.3808,338597.3627,338597.3627,0
2139,603311.SH,20230616,12.29,0.9452,2.2354,0.44,38.3381,39.7312,2.3241,3.6727,3.6519,0.8693,0.8693,23588.3907,21000.0,8879.5564,289901.3217,258090.0,0
2140,603355.SH,20230616,24.39,0.2739,1.5069,0.74,14.2445,14.6294,3.6011,1.5713,1.6693,4.1022,4.1022,57403.1679,56646.9159,10297.123,1400063.2651,1381618.2788,0
2141,000615.SZ,20230616,3.15,6.6611,11.1366,1.13,,,,1.7722,1.7548,0.0,,76297.9719,76154.4517,45549.9887,240338.6115,239886.5229,1
2142,002420.SZ,20230616,6.11,1.0187,1.3916,0.69,57.6581,55.097,3.5236,0.9038,0.9512,0.0,,40100.0,38888.8314,28468.9414,245011.0,237610.7599,0
2143,300154.SZ,20230616,7.56,2.1015,4.4301,1.29,41.2438,32.4133,2.0297,3.2127,3.1237,2.6197,,45584.32,31942.845,15152.855,344617.4592,241487.9082,0
2144,300719.SZ,20230616,13.29,4.2233,5.2983,2.56,,,3.4864,8.222,7.5166,0.1496,0.1496,25522.575,18114.6757,14439.0893,339195.0218,240744.0401,0
2145,301308.SZ,20230616,109.18,11.8547,11.8547,0.73,619.2089,,7.1345,5.4114,6.0253,0.4396,0.4396,41286.4254,3360.0,3360.0,4507651.9252,366844.8,0
2146,600228.SH,20230616,12.11,9.5036,12.2067,1.22,129.9023,119.8269,7.812,17.3071,16.887,0.0,,72979.7652,27878.1629,21704.8235,883784.9566,337604.5527,0
2147,605598.SH,20230616,55.81,6.9166,6.9166,1.4,61.4882,120.3412,6.2004,10.8923,11.4269,0.0645,0.0645,17274.3467,5264.3467,5264.3467,964081.2893,293803.1893,0
2148,600130.SH,20230616,4.3,1.155,1.3816,0.74,181.1933,191.4916,3.2907,6.1778,6.4365,0.0,,76800.0,76800.0,64205.36,330240.0,330240.0,0
2149,605377.SH,20230616,19.89,1.0723,1.0723,0.62,14.1404,14.2926,1.8642,1.923,1.8386,2.6138,2.5898,33224.144,16851.274,16851.274,660828.2242,335171.8399,0
2150,300094.SZ,20230616,5.17,15.7552,20.422,1.11,,,1.8775,1.1459,1.0719,0.0,,113353.1253,110216.0399,85029.6556,586035.6578,569816.9263,0
2151,300862.SZ,20230616,31.07,4.187,5.943,1.26,58.9212,65.7917,2.072,5.3631,5.3988,1.2874,,13186.993,8586.4658,6049.2988,409719.8725,266781.4924,0
2152,000692.SZ,20230616,2.53,0.717,1.0241,1.54,,,,0.6753,0.7024,0.0,,53283.2976,53282.5851,37302.9243,134806.7429,134804.9403,0
2153,600299.SH,20230616,7.93,0.1652,0.4554,1.58,17.0593,25.9121,1.4181,1.4638,1.4952,2.2446,2.2446,268190.1273,268190.1273,97251.4113,2126747.7095,2126747.7095,0
2154,688408.SH,20230616,80.42,7.3521,7.3521,0.97,245.8335,118.5496,4.2976,2.95,2.7709,,,13581.948,7304.2751,7304.2751,1092260.2582,587409.8035,0
2155,300596.SZ,20230616,37.82,0.5374,0.8166,1.44,16.5187,18.002,2.2269,1.7932,1.7305,0.7224,,22961.9667,21442.909,14112.4151,868421.5806,810970.8184,0
2156,920092.BJ,20230616,15.62,0.3725,0.6499,0.39,,,2.0807,4.921,4.68,,,4789.6,2394.1696,1372.1446,74813.552,37396.9292,0
2157,920185.BJ,20230616,24.93,0.099,0.402,0.83,11.9265,12.8026,2.7114,1.0726,0.9711,,,110485.2712,108847.5813,26804.5878,2754397.811,2713570.2018,0
2158,688529.SH,20230616,25.33,2.6562,2.6856,1.6,35.9393,35.6054,2.6538,2.0694,2.0427,,,12800.0,4702.439,4650.8271,324224.0,119112.7799,0
2159,688616.SH,20230616,12.36,2.0881,2.0881,1.28,29.1334,30.3432,2.5349,3.4185,3.5238,,,15000.0,5607.0,5607.0,185400.0,69302.52,0
2160,603289.SH,20230616,10.29,0.7296,1.9219,0.87,31.4881,29.8006,2.1988,2.566,2.4987,1.9272,,29572.12,26339.5895,9999.3676,304297.1148,271034.376,0
2161,000029.SZ,20230616,11.64,0.5007,1.6973,0.68,76.6056,,2.9658,18.5624,25.0044,0.756,0.756,101166.0,89166.0,26301.7736,1177572.24,1037892.24,0
2162,002016.SZ,20230616,6.94,0.4106,1.5846,1.06,39.7155,40.1205,1.2089,6.7546,6.184,4.3228,4.3228,80909.5632,80909.5632,20965.5632,561512.3686,561512.3686,0
2163,300760.SZ,20230616,306.21,0.2108,0.5424,0.97,38.6442,36.8563,12.716,12.2264,11.6797,1.1401,1.4696,121244.1394,121244.0419,47118.3081,37126167.9257,37126138.0702,0
2164,301216.SZ,20230616,16.76,0.6197,0.7035,0.72,9.0217,9.9016,1.5659,0.4453,0.4484,0.7955,1.9889,51509.31,27991.5597,24653.9889,863296.0356,469138.5406,0
2165,601899.SH,20230616,12.03,0.8792,1.2495,1.26,15.8022,16.3589,3.4987,1.1716,1.1291,1.6627,1.6625,2632657.124,2052529.9238,1444178.1534,31670865.2017,24691934.9833,0
2166,002887.SZ,20230616,8.99,1.7911,2.5632,1.52,18.2406,17.7502,1.2993,4.781,4.9804,0.0,3.8181,31200.0,16548.2685,11563.4936,280488.0,148768.9338,0
2167,002392.SZ,20230616,3.64,0.4814,0.5239,1.07,16.9106,16.4015,0.8804,0.9182,0.9033,0.0,0.9341,119049.0839,88374.6666,81195.0698,433338.6654,321683.7864,0
2168,300573.SZ,20230616,200.65,2.8965,3.1936,1.38,83.939,113.273,11.9205,14.2165,14.3938,0.4462,0.7463,8855.5082,6802.959,6170.0715,1776857.7203,1365013.7234,0
2169,002713.SZ,20230616,9.06,1.8985,4.2635,0.85,,,33.0185,1.5059,1.406,0.0,,41953.698,40474.5519,18023.2146,380100.5039,366699.4402,0
2170,000963.SZ,20230616,42.23,0.3581,0.8574,0.67,29.6378,29.046,3.9388,1.964,1.9043,0.6851,0.6867,175399.5348,174972.7048,73078.8891,7407122.3546,7389097.3237,0
2171,600715.SH,20230616,2.5,2.2649,3.2528,1.12,,,5.943,5.7984,6.2976,0.0,,185485.35,185485.35,129155.7753,463713.375,463713.375,0
2172,300650.SZ,20230616,12.38,6.6131,7.3843,1.46,49.5301,74.9852,2.4341,0.8353,0.9243,0.9486,,21829.6126,14946.774,13385.7368,270250.604,185041.0621,0
2173,000666.SZ,20230616,9.72,2.0503,2.2633,1.0,15.0633,16.4582,0.6849,0.8609,0.8757,0.8848,0.8848,70413.0,29350.1411,26587.3658,684414.36,285283.3715,0
2174,688173.SH,20230616,23.03,1.2941,2.3891,0.97,,323.764,4.8924,16.7546,20.8301,,,40702.7857,16857.1249,9131.1422,937385.1547,388219.5864,0
2175,002511.SZ,20230616,12.27,1.0684,2.1288,0.99,46.7894,53.5021,3.1705,1.9108,1.8723,0.7854,0.4959,133455.03,129565.3144,65026.4582,1637493.2181,1589766.4077,0
2176,300061.SZ,20230616,6.87,2.1209,2.7969,1.09,87.5206,104.2075,3.6883,3.6054,3.6465,0.0,,65899.3677,56691.8987,42989.1088,452728.6561,389473.3441,0
2177,603367.SH,20230616,14.79,0.5305,1.2908,0.61,19.1496,16.3836,1.2556,1.6487,1.548,2.0265,4.2891,45326.3,45027.2,18506.2409,670375.977,665952.288,0
2178,002966.SZ,20230616,6.67,0.6167,0.7247,1.27,6.2416,5.9047,0.6917,2.0792,2.0516,3.8163,4.9475,366673.4694,354206.7648,301406.7648,2445712.0409,2362559.1212,0
2179,000758.SZ,20230616,4.82,1.1427,1.7248,1.64,65.4562,71.8441,1.9379,1.303,1.2265,0.0,,199302.3874,196932.9094,130471.5862,960637.5073,949216.6233,0
2180,920225.BJ,20230616,8.84,0.4348,0.4843,0.28,11.2423,10.252,1.9356,2.4945,2.3464,,,10576.5745,5763.9355,5175.7435,93496.9186,50953.1898,0
2181,688379.SH,20230616,18.85,1.4049,1.5625,1.02,191.8839,161.6565,1.8462,1.3708,1.3659,,,8874.752,4661.752,4191.502,167289.0752,87874.0252,0
2182,000507.SZ,20230616,5.65,0.647,0.9317,0.95,16.951,16.8036,1.0347,0.9898,1.0044,2.1239,2.1239,91973.4895,90233.7753,62659.0603,519650.2157,509820.8304,0
2183,300682.SZ,20230616,24.47,0.9534,1.8134,0.98,52.1947,55.5808,3.6919,5.8969,6.1501,0.4639,0.3159,109689.5508,106255.7879,55860.9761,2684103.3081,2600079.1299,0
2184,002714.SZ,20230616,42.43,0.8437,1.2711,1.96,17.4943,13.4554,3.3495,1.8592,1.7751,0.5688,,546977.9452,363609.139,241359.528,23208274.2148,15427935.7678,0
2185,688419.SH,20230616,42.74,8.598,8.598,0.89,61.2604,55.8174,3.7617,13.033,13.4882,,,8200.0,1947.5,1947.5,350468.0,83236.15,0
2186,300225.SZ,20230616,7.54,4.3367,5.0926,1.3,,,4.8033,5.702,5.7944,0.0,,48920.53,47399.4798,40364.2058,368860.7962,357392.0777,0
2187,300988.SZ,20230616,20.84,3.1055,3.1055,0.84,35.0827,35.772,2.6677,2.0467,2.114,0.7581,,14029.7357,4962.753,4962.753,292379.692,103423.7725,0
2188,002494.SZ,20230616,4.48,1.0307,1.152,0.84,,,1.3603,5.3114,4.9918,0.0,,37731.0718,28677.0438,25659.0344,169035.2017,128473.1562,0
2189,601512.SH,20230616,9.21,0.1686,0.8871,0.8,8.5863,9.6642,1.0039,2.9112,3.3015,3.3116,3.3116,149889.0,149889.0,28479.0,1380477.69,1380477.69,0
2190,688571.SH,20230616,5.96,0.512,1.1982,0.75,31.158,29.6005,1.8211,2.1759,2.2459,,,41600.0,24337.04,10400.0,247936.0,145048.7584,0
2191,002575.SZ,20230616,5.27,0.4687,0.5127,0.66,288.6208,252.1679,4.0916,38.3787,37.2032,0.0,,61872.0,58872.0,53825.0,326065.44,310255.44,0
2192,600650.SH,20230616,9.86,1.7907,4.0517,1.58,10.407,,1.3932,2.6048,2.6552,0.7302,0.7302,55161.0107,39056.0075,17261.2122,543887.5655,385092.234,0
2193,300157.SZ,20230616,3.26,1.0827,1.4469,1.11,,,184.8318,5.0053,3.8427,0.0,,71211.3257,69786.2357,52217.4135,232148.9218,227503.1284,0
2194,600651.SH,20230616,4.34,2.8947,4.1381,1.45,34.9374,30.52,4.5987,3.2636,4.1819,0.0,,250702.8015,124158.4875,86850.8184,1088050.1585,538847.8358,0
2195,605033.SH,20230616,17.74,1.648,1.648,1.22,16.848,19.9364,2.1711,2.6979,3.2029,1.0509,2.2677,13779.3,3380.0,3380.0,244444.782,59961.2,0
2196,000816.SZ,20230616,3.23,3.3026,4.448,3.41,,,2.1567,3.8388,4.173,0.0,,144391.8318,143570.1572,106599.6872,466385.6167,463731.6078,0
2197,300538.SZ,20230616,16.92,5.0857,6.5834,0.9,201.5244,120.9861,2.981,1.1337,1.1201,0.1773,0.1773,18191.8573,11170.598,8629.3336,307806.2255,189006.5182,0
2198,300766.SZ,20230616,19.03,5.3815,6.1172,0.74,289.6463,666.0356,4.514,14.478,16.0891,0.2575,0.2575,40010.0,36360.9806,31988.2771,761390.3,691949.4608,0
2199,688021.SH,20230616,25.04,0.7495,1.2492,0.9,,,2.0757,9.4968,7.856,,,7728.3584,7728.3584,4636.9711,193518.0943,193518.0943,0
2200,001210.SZ,20230616,26.54,1.9267,2.486,0.5,25.0577,20.9757,1.7436,2.7651,2.6781,2.0723,2.0723,9074.8077,4035.868,3127.8924,240845.3964,107111.9367,0
2201,688468.SH,20230616,9.58,0.9778,1.5561,0.64,25.1699,25.8945,3.01,8.2567,8.6265,,,40100.0,27499.9994,17279.4525,384158.0,263449.9943,0
2202,600663.SH,20230616,10.22,0.153,0.6827,0.79,38.0087,46.9325,1.9209,3.5052,3.7338,5.2348,6.5558,403419.744,293346.144,65745.5777,4122949.7837,2997997.5917,0
2203,002552.SZ,20230616,18.42,1.0701,2.5222,0.4,,,3.8262,5.8121,4.2152,0.0,,43561.2051,21287.5296,9031.9182,802397.3979,392116.2952,0
2204,300344.SZ,20230616,6.33,4.5599,8.2676,0.54,,,8.3142,6.7304,6.2993,0.0,,64170.6416,63921.1391,35255.2226,406200.1613,404620.8105,0
2205,688401.SH,20230616,39.44,15.2763,15.7736,1.54,63.6616,57.6992,5.6803,11.9139,12.0845,,,19333.372,4314.4754,4178.4467,762508.1917,170162.9098,0
2206,300226.SZ,20230616,37.5,4.0041,5.4774,0.99,59.4124,55.1014,6.6321,0.1576,0.1537,0.1582,0.1778,32182.1516,30951.7596,22626.5286,1206830.685,1160690.985,0
2207,300627.SZ,20230616,29.8,1.1594,1.7495,1.06,44.4298,42.9617,6.4808,7.1746,6.8985,0.7113,0.906,53839.5867,44070.8,29205.2563,1604419.6837,1313309.84,0
2208,600082.SH,20230616,3.26,1.4554,2.0716,0.84,207.2107,109.2084,1.2002,4.2691,5.3214,0.0,,64611.5826,63433.5412,44566.648,210633.7593,206793.3443,0
2209,603958.SH,20230616,7.45,1.062,2.9658,0.78,,,2.0631,2.1531,2.2074,0.0,,22127.5,21936.0,7854.9296,164849.875,163423.2,0
2210,301429.SZ,20230616,22.96,5.8158,5.8158,0.53,32.1187,32.7872,2.0687,3.3073,3.7096,,1.1063,11822.0,2803.6458,2803.6458,271433.12,64371.7076,0
2211,605180.SH,20230616,12.54,4.4628,4.4628,0.48,35.9387,44.9825,1.951,7.6578,8.3601,4.7186,1.2268,16900.0,4858.75,4858.75,211926.0,60928.725,0
2212,002103.SZ,20230616,6.41,7.0822,9.7735,0.52,,241.5091,4.2297,1.3774,1.345,0.0,,53427.2953,42147.6412,30541.4807,342468.9629,270166.3801,0
2213,300609.SZ,20230616,27.91,14.3698,15.4463,1.36,,,3.2851,9.463,9.7945,0.857,,12243.949,9502.788,8840.5194,341728.6166,265222.8131,0
2214,002479.SZ,20230616,4.52,0.8756,1.35,1.05,15.0987,15.3131,1.018,0.8161,0.8333,4.4248,4.4248,86500.0,86130.6351,55867.0993,390980.0,389310.4707,0
2215,601921.SH,20230616,9.98,6.0941,6.0941,0.69,15.6893,15.4573,1.837,1.8819,1.8709,3.2064,3.507,222222.2223,42222.1962,42222.1962,2217777.7786,421377.5181,0
2216,002925.SZ,20230616,19.19,0.921,2.617,1.11,21.6578,24.2945,3.1752,3.4559,3.8259,5.1794,4.1173,78252.3769,73585.0815,25895.5178,1501663.1127,1412097.714,0
2217,002123.SZ,20230616,14.24,4.1547,4.3245,1.04,,,3.3241,2.7477,2.5386,0.0,,80219.628,68258.2508,65577.8164,1142327.5027,971997.4914,0
2218,002404.SZ,20230616,6.51,0.7731,1.0813,0.61,16.3253,14.7242,2.0026,0.8703,0.889,2.9836,3.789,57767.3641,46165.4765,33006.7944,376065.5403,300537.252,0
2219,600057.SH,20230616,9.08,0.5637,1.2148,0.78,7.8104,7.5804,1.3372,0.0383,0.0372,5.3377,,226820.5992,215129.6769,99830.4946,2059531.0407,1953377.4663,0
2220,000921.SZ,20230616,24.61,0.9748,2.2795,1.33,23.8081,19.1496,2.8082,0.4609,0.454,0.8458,0.8458,138814.737,90283.1392,38607.2722,3416230.6776,2221868.0557,0
2221,002496.SZ,20230616,2.58,2.9664,3.262,0.96,,,1.9753,14.5386,14.6203,0.0,,150758.9677,114074.2056,103734.3003,388958.1367,294311.4504,0
2222,601018.SH,20230616,3.45,0.0956,0.5528,0.88,15.9042,16.2205,0.9417,2.6112,2.6595,2.1197,2.5217,1945438.8399,1317284.7809,227768.3788,6711763.9977,4544632.4941,0
2223,600749.SH,20230616,13.37,1.8005,2.974,0.74,,,3.0707,25.1417,22.3963,0.0,,22696.5517,22696.5517,13740.8345,303452.8962,303452.8962,0
2224,000023.SZ,20230616,6.39,0.5296,0.794,0.93,,,7.3042,2.4423,2.6963,0.0,,13875.624,13875.2021,9254.5805,88665.2374,88662.5414,0
2225,002657.SZ,20230616,16.87,2.4727,2.9173,1.11,,,2.8778,4.6188,4.2334,0.0,,33757.6686,29732.3923,25200.4872,569491.8693,501585.4581,0
2226,001259.SZ,20230616,28.29,3.9352,3.9352,0.47,40.4114,40.8758,2.7505,3.1694,3.3367,,,7358.8888,1848.4443,1848.4443,208182.9642,52292.4892,0
2227,000981.SZ,20230616,1.55,0.3703,0.4929,0.77,,,3.5186,4.1451,4.3485,0.0,,999747.0888,557994.4555,419189.5437,1549607.9876,864891.406,0
2228,301032.SZ,20230616,8.4,3.6529,3.6529,0.57,91.3555,119.9842,1.8954,0.9672,0.9373,1.1905,1.4286,24113.34,8251.59,8251.59,202552.056,69313.356,0
2229,000408.SZ,20230616,23.47,0.4259,0.9918,1.02,6.5594,6.4384,3.6905,4.5269,4.4788,8.0869,12.1516,158043.5073,158040.8673,67855.2135,3709281.1163,3709219.1555,0
2230,600117.SH,20230616,2.98,0.7631,1.9373,2.33,,,,0.4015,0.5144,0.0,,104511.8252,104511.8252,41166.2168,311445.2391,311445.2391,0
2231,000601.SZ,20230616,4.24,0.5492,0.9384,0.79,,,1.0152,1.1904,1.1805,1.1792,1.1792,108055.1669,107988.0762,63199.0073,458153.9077,457869.4431,0
2232,600919.SH,20230616,7.41,0.5212,0.7058,1.26,4.3112,4.0504,0.6305,1.5508,1.5131,5.3981,,1476967.9803,1468807.787,1084713.7516,10944332.734,10883865.7017,0
2233,300980.SZ,20230616,19.67,0.7395,0.8881,0.6,37.6055,43.666,2.2259,5.7032,6.2341,1.0122,,10833.3234,5101.2084,4247.9384,213091.4713,100340.7692,0
2234,605266.SH,20230616,82.16,1.792,2.1644,1.04,22.4223,19.8571,3.061,1.0842,0.9898,1.4758,,9916.2533,5865.4008,4856.3186,814719.3711,481901.3297,0
2235,603326.SH,20230616,7.75,0.5196,2.0728,1.29,17.4018,18.29,2.4929,1.4675,1.5164,0.0,1.9355,31551.268,31551.268,7908.4375,244522.327,244522.327,0
2236,688236.SH,20230616,33.05,0.8084,1.0837,0.91,41.1965,43.7801,4.5673,10.55,10.6453,,,38356.85,7775.7545,5800.7545,1267693.8925,256988.6862,0
2237,002241.SZ,20230616,18.48,2.3179,2.9475,1.28,36.1364,66.2401,2.1207,0.6026,0.5804,1.0575,0.5387,342040.32,300615.2839,236403.7018,6320905.1136,5555370.4465,0
2238,300775.SZ,20230616,32.33,1.0006,1.7119,0.93,28.4286,25.3192,3.7255,9.4638,8.4275,0.2512,0.2512,54929.396,48061.396,28091.0429,1775867.3727,1553824.9327,0
2239,300043.SZ,20230616,4.3,5.5748,6.4851,0.53,,,2.9456,3.3314,3.4337,0.0,,124419.8401,93774.8301,80611.9134,535005.3124,403231.7694,0
2240,603685.SH,20230616,15.45,2.8889,8.6234,0.67,,,2.4436,2.2463,2.3479,0.7767,0.7767,16900.1904,16900.1904,5661.6904,261107.9417,261107.9417,0
2241,688526.SH,20230616,22.37,1.3409,1.3409,1.04,25.4667,22.9569,2.9428,10.4159,9.6734,,,46620.7976,12497.3149,12497.3149,1042907.2423,279564.9343,0
2242,000301.SZ,20230616,11.85,0.4208,1.158,0.82,142.919,135.7669,2.2472,1.2275,0.9844,1.1386,0.8439,661121.2402,549968.1226,199869.4258,7834286.6964,6517122.2528,0
2243,002164.SZ,20230616,6.23,17.3833,27.4034,7.59,10.1044,11.1003,2.5572,2.2578,2.2978,0.0,,53217.3689,48090.0218,30505.8761,331544.2082,299600.8358,0
2244,301077.SZ,20230616,20.39,0.8799,0.8799,0.84,24.9305,26.8194,2.1253,3.3365,3.383,4.9044,3.4331,12000.0,4287.0002,4287.0002,244680.0,87411.9341,0
2245,300248.SZ,20230616,11.33,7.1814,7.5262,1.11,48.4857,47.2907,2.7632,5.0956,5.1535,0.568,0.568,48109.2495,40173.0777,38332.6107,545077.7968,455160.9703,0
2246,605298.SH,20230616,15.96,10.5544,11.015,0.59,47.6187,55.6019,2.3515,9.7619,9.3026,1.9279,2.8677,14040.0,4290.0,4110.6,224078.4,68468.4,0
2247,603948.SH,20230616,20.88,0.2518,0.9625,0.8,8.6963,9.7758,1.9236,1.2137,1.2377,2.5931,9.1954,16253.0,16000.0,4185.003,339362.64,334080.0,0
2248,002796.SZ,20230616,11.4,2.7924,4.0322,0.87,,,3.4735,2.6278,2.6526,0.0,,25242.6948,23183.5783,16055.4061,287766.7207,264292.7926,0
2249,600655.SH,20230616,6.97,0.2577,0.5322,1.21,7.1049,7.1014,0.7844,0.5424,0.5117,4.9835,9.9792,389993.0914,388752.4715,188229.2948,2718251.8471,2709604.7264,0
2250,600307.SH,20230616,1.57,0.4017,0.8885,0.66,,,0.8746,0.2204,0.2235,0.0,,626335.7424,626335.7424,283175.6474,983347.1156,983347.1156,0
2251,601006.SH,20230616,7.43,0.2606,0.6871,1.43,10.0501,9.4682,0.8616,1.4853,1.4549,6.3419,6.3419,1514440.8989,1514440.8989,574392.8409,11252295.8788,11252295.8788,0
2252,603828.SH,20230616,2.91,0.83,1.3529,1.1,,,1.9957,0.8312,0.873,0.0,,59596.0158,59593.9625,36559.0748,173424.406,173418.4309,0
2253,603060.SH,20230616,11.65,0.2518,0.8004,1.56,33.6017,33.0927,4.8241,3.5012,3.4168,0.8949,,72957.4457,72957.4457,22956.304,849954.2424,849954.2424,0
2254,600422.SH,20230616,21.82,2.2227,3.4715,1.19,43.1708,41.3824,3.2348,1.9974,2.1131,1.2376,,75812.7769,75697.5757,48468.1411,1654234.792,1651721.1018,0
2255,603320.SH,20230616,13.63,1.0667,3.203,0.95,51.8219,64.1723,2.3774,1.7714,1.9133,1.4673,0.5869,13002.1284,13002.1284,4330.1254,177219.0101,177219.0101,0
2256,002451.SZ,20230616,6.81,2.0176,3.7922,0.73,203.9253,259.7419,3.9214,2.7733,2.7915,0.0,,43920.0,43914.9,23363.9341,299095.2,299060.469,0
2257,300471.SZ,20230616,13.19,1.1659,1.6713,0.92,,,4.7959,7.1333,6.9917,0.0,,38599.9052,33724.0769,23526.4035,509132.7496,444820.5743,0
2258,000677.SZ,20230616,2.76,0.3924,0.5887,0.69,48.1183,55.2162,5.6207,2.4063,2.4038,0.0,,86397.7948,86397.7948,57592.7701,238457.9136,238457.9136,0
2259,002483.SZ,20230616,5.55,2.2278,3.326,2.48,92.5612,106.7953,1.1421,0.9509,0.9054,0.9576,0.9576,88646.8413,88525.0799,59294.6804,491989.9692,491314.1934,0
2260,300516.SZ,20230616,33.99,3.0844,10.6366,2.28,74.5208,78.2285,4.954,8.2272,8.4308,0.3501,0.3678,18000.0,18000.0,5219.6103,611820.0,611820.0,0
2261,002267.SZ,20230616,7.88,0.9444,2.6551,2.95,14.2176,16.3991,1.296,1.0303,1.1228,7.6142,7.6142,111207.5445,111207.5445,39554.4989,876315.4507,876315.4507,0
2262,000698.SZ,20230616,4.08,0.9827,1.7857,2.08,,,1.7635,0.5628,0.5935,0.0,,81951.4395,78571.0473,43239.565,334361.8732,320569.873,0
2263,300184.SZ,20230616,5.23,2.1663,2.2694,0.95,26.7864,38.4069,1.6937,0.7507,0.8804,0.0,,115401.1922,104839.1179,100076.5143,603548.2352,548308.5866,0
2264,301330.SZ,20230616,41.1,28.6067,28.6067,2.27,41.271,40.7681,2.6073,4.1354,4.1997,0.0,0.6551,19303.9666,4565.3196,4565.3196,793393.0273,187634.6356,0
2265,601002.SH,20230616,4.87,0.5684,1.0334,1.6,40.6712,58.8196,1.0908,1.7193,1.8455,0.0,,95927.312,95444.072,52497.1293,467166.0094,464812.6306,0
2266,688121.SH,20230616,35.1,1.0895,1.2151,0.8,39.5956,44.4041,3.6248,2.4231,2.4053,,,20266.6667,13937.6024,12496.3759,711360.0012,489209.8442,0
2267,002047.SZ,20230616,3.34,1.1228,1.6582,0.44,,,5.2741,1.3588,1.3679,0.0,,151624.8693,133881.244,90658.5802,506427.0635,447163.355,0
2268,300210.SZ,20230616,2.9,0.6351,1.0128,0.97,,,2.435,6.8852,6.847,0.0,,48421.9953,48363.4706,30325.4279,140423.7864,140254.0647,0
2269,002611.SZ,20230616,5.38,2.4042,3.131,1.31,14.9302,13.4867,1.6297,1.7151,1.6035,0.0,,124097.84,100426.027,77114.2817,667646.3792,540292.0253,0
2270,603528.SH,20230616,7.82,0.8449,2.581,0.83,95.7588,98.0172,3.2603,6.5971,6.6792,0.0,,62414.2768,62414.2768,20431.9068,488079.6446,488079.6446,0
2271,688609.SH,20230616,10.89,9.0956,9.9324,0.65,90.2465,87.5427,4.3164,2.2662,2.2231,,,50000.0,32878.182,30107.9967,544500.0,358043.402,0
2272,301041.SZ,20230616,36.01,25.4585,29.966,1.1,113.4056,103.5041,6.0254,5.895,5.8249,0.2027,0.2027,10668.0,6144.0768,5219.8768,384154.68,221248.2056,0
2273,300067.SZ,20230616,2.9,0.7459,0.9129,1.31,97.3486,,1.3118,4.0534,4.633,0.0,,105027.6214,77345.7736,63198.6194,304580.1021,224302.7434,0
2274,920527.BJ,20230616,6.77,0.082,0.082,0.78,12.6917,13.8689,1.1223,1.1017,1.1089,,,6004.27,2587.3664,2587.3664,40648.9079,17516.4705,0
2275,603329.SH,20230616,14.04,0.6261,1.138,0.34,14.9888,26.7238,2.065,0.7217,0.7507,2.1368,2.1368,15875.6195,15875.6195,8734.8064,222893.6978,222893.6978,0
2276,000700.SZ,20230616,5.35,1.3176,2.1189,0.53,9.8845,10.4396,1.582,0.6409,0.623,0.0,,91801.5389,91801.5389,57087.0307,491138.2331,491138.2331,0
2277,603069.SH,20230616,21.42,1.8838,4.0446,1.01,172.5003,285.5064,7.1542,9.1487,9.1577,0.0,,31600.0,31600.0,14718.27,676872.0,676872.0,0
2278,600976.SH,20230616,74.15,1.1024,1.5222,0.94,27.9082,27.1844,6.2817,3.1242,3.0444,1.0844,1.3486,15339.86,15271.6517,11060.3903,1137450.619,1132392.9736,0
2279,300947.SZ,20230616,14.94,3.402,3.7529,0.54,70.6236,245.7728,1.7742,2.9464,2.8689,0.0,,15360.3596,9529.3757,8638.4129,229483.7724,142368.873,0
2280,600811.SH,20230616,2.29,1.1945,1.7091,1.96,,,0.455,0.6459,0.6822,0.0,,365874.4935,365874.4935,255706.8257,837852.5901,837852.5901,0
2281,300846.SZ,20230616,18.95,18.6084,18.9533,0.77,,,7.7118,7.2339,7.4543,0.0,,46682.2836,32617.4668,32023.9063,884629.2742,618100.9959,0
2282,000007.SZ,20230616,3.76,0.9265,1.1816,1.14,,,14.428,5.8986,6.1925,0.0,,34644.8044,30894.8044,24224.3017,130264.4645,116164.4645,0
2283,003816.SZ,20230616,3.03,0.1804,1.0546,0.98,15.355,14.4357,1.3849,1.8475,1.823,2.7723,2.7723,5049861.11,3933498.61,672983.2225,15301079.1633,11918500.7883,0
2284,000788.SZ,20230616,6.88,0.7838,1.2472,1.08,73.2449,67.4236,2.9299,1.9739,1.9581,0.3343,0.3343,59598.7425,59598.7425,37453.347,410039.3484,410039.3484,0
2285,002632.SZ,20230616,6.98,1.0668,2.3484,0.6,13.8872,13.5214,2.0775,3.3885,3.3687,0.7163,6.447,62459.909,58843.8288,26730.9575,435970.1648,410729.925,0
2286,600290.SH,20230616,1.38,0.8722,1.2177,0.72,,,,3.5368,3.7121,0.0,,75990.3511,75990.3511,54430.9749,104866.6845,104866.6845,0
2287,301277.SZ,20230616,20.03,4.5831,4.5831,0.95,30.2847,27.639,2.9981,6.3867,6.2659,,1.6642,20004.0,5004.0,5004.0,400680.12,100230.12,0
2288,002743.SZ,20230616,5.58,0.6581,0.9865,0.84,24.4665,23.3013,0.7736,0.5105,0.4863,1.3799,1.3799,43526.8478,43448.0978,28986.4664,242879.8107,242440.3857,0
2289,601700.SH,20230616,5.26,0.5612,1.1376,1.22,186.3131,237.7345,2.2904,2.1936,2.2673,0.9495,,114224.67,114224.67,56352.4,600821.7642,600821.7642,0
2290,603378.SH,20230616,9.26,0.8077,2.4489,0.66,37.7611,31.2374,2.3405,1.2847,1.2833,0.0,,43115.6118,42859.6642,14135.1697,399250.5653,396880.4905,0
2291,000413.SZ,20230616,1.67,0.3105,0.3705,0.73,,,0.4196,1.5964,1.645,0.0,,563274.9948,502929.2044,421456.9273,940669.2413,839891.7713,0
2292,002919.SZ,20230616,43.96,3.2595,6.0181,1.19,385.5778,168.9848,12.6289,10.3306,8.1174,0.3752,,22217.0055,21989.9475,11910.202,976659.5618,966678.0921,0
2293,601319.SH,20230616,6.15,0.1423,0.588,1.07,11.1439,9.9324,1.1182,0.4381,0.4779,2.3902,2.3902,4422399.0583,3549775.6583,859118.5975,27197754.2085,21831120.2985,0
2294,600610.SH,20230616,13.34,0.7775,0.7775,0.99,1285.6203,,108.7331,10.4618,10.5957,0.0,,107127.4605,44867.5225,44867.5225,1429080.3231,598532.7502,0
2295,002215.SZ,20230616,7.45,1.9251,2.4562,1.05,22.5707,19.4479,1.981,1.738,1.7094,2.6704,2.0134,99504.1427,79074.3829,61975.8576,741305.8631,589104.1526,0
2296,600694.SH,20230616,18.39,0.5627,0.9079,0.87,9.8354,10.2045,0.6672,0.7423,0.7352,10.5376,2.6344,29371.8653,29371.8653,18203.86,540148.6029,540148.6029,0
2297,600121.SH,20230616,4.41,0.7586,1.7913,1.17,78.9992,65.2598,3.1093,1.2148,1.1917,0.0,,121841.2038,121841.2038,51597.2758,537319.7088,537319.7088,0
2298,920367.BJ,20230616,9.09,0.7038,0.7038,1.71,13.9054,12.9073,1.4586,3.0506,2.8607,,,7086.125,1964.745,1964.745,64412.8763,17859.5321,0
2299,000752.SZ,20230616,4.16,0.439,0.6321,0.78,,,,3.962,4.2939,0.0,,26375.8491,26375.8491,18318.1895,109723.5323,109723.5323,0
2300,601162.SH,20230616,3.04,0.8582,1.1092,1.15,,,1.1124,15.3074,9.5617,0.1958,,866575.7464,866575.7464,670532.1232,2634390.2691,2634390.2691,0
2301,603216.SH,20230616,13.6,1.3963,1.3963,0.88,13.824,14.9174,1.7111,2.1932,2.2931,1.8164,,22402.0,5536.0,5536.0,304667.2,75289.6,0
2302,920808.BJ,20230616,69.2,8.7361,11.4769,1.13,118.4087,75.0825,22.2338,26.7387,19.2352,,,20000.0001,6868.629,5228.3366,1384000.0069,475309.1268,0
2303,601881.SH,20230616,12.19,2.0434,9.0947,1.57,16.2529,14.9192,1.3752,3.7492,3.6035,2.4629,2.4629,1034711.5821,665613.1188,149552.0324,12613134.1858,8113823.9182,0
2304,002837.SZ,20230616,31.45,2.7391,4.1672,0.57,63.3949,60.7066,8.5347,6.0785,5.8248,0.3387,0.4647,56497.6399,48218.0504,31693.7935,1776850.7749,1516457.6851,0
2305,600503.SH,20230616,2.9,2.5659,2.9403,0.87,60.7566,,1.2551,21.9742,21.6004,0.1724,0.1724,160229.0,160229.0,139827.0,464664.1,464664.1,0
2306,688008.SH,20230616,60.83,1.3871,1.9688,0.97,53.1852,68.2207,6.934,18.8188,21.6546,,,113607.8141,113607.8141,80041.1485,6910763.3317,6910763.3317,0
2307,603181.SH,20230616,10.21,0.5601,1.0139,1.06,12.5971,14.1077,2.3522,2.7542,3.0079,0.9658,,58870.0,58870.0,32520.65,601062.7,601062.7,0
2308,688669.SH,20230616,17.83,1.3432,1.3432,1.34,48.0233,50.7699,1.3898,0.5467,0.5629,,,12133.3334,6088.9834,6088.9834,216337.3345,108566.574,0
2309,300242.SZ,20230616,3.72,1.6435,2.0951,0.9,142.2582,254.2686,5.0296,1.0381,1.2407,0.0,,63455.5224,62730.085,49207.495,236054.5433,233355.9162,0
2310,002366.SZ,20230616,6.69,3.7576,3.7576,0.49,33.2778,31.7631,3.0516,27.893,28.2135,0.0,,208093.764,89754.4192,89754.4192,1392147.2812,600457.0644,0
2311,600031.SH,20230616,17.05,1.6513,2.4449,1.85,33.8646,34.4956,2.2234,1.8083,1.8616,2.6262,0.9344,848660.2087,846421.5837,571669.3874,14469656.5583,14431488.0021,0
2312,603033.SH,20230616,20.16,0.3666,1.163,0.51,68.7,70.0614,4.6463,4.122,4.1977,0.0,,79187.6334,77565.7434,24449.2687,1596422.6893,1563725.3869,0
2313,603499.SH,20230616,8.95,0.6095,1.4587,0.97,131.7559,111.8088,3.1252,2.7151,2.6585,0.0,,20115.3443,20115.3443,8404.6943,180032.3315,180032.3315,0
2314,603201.SH,20230616,21.79,1.0978,1.0978,0.6,13.9941,14.1458,1.8997,0.8779,0.9229,0.0,1.3768,11129.0668,2782.2668,2782.2668,242502.3656,60625.5936,0
2315,002541.SZ,20230616,30.0,0.3317,0.4583,0.45,17.804,17.3018,2.5903,1.043,0.9697,0.8462,0.8667,69001.122,49581.6324,35885.9023,2070033.66,1487448.972,0
2316,002478.SZ,20230616,6.9,1.5232,1.987,0.53,13.038,9.7375,1.3367,0.9868,0.8822,1.1563,2.5865,89004.6228,68618.8485,52602.427,614131.8973,473470.0547,0
2317,300638.SZ,20230616,23.19,4.6574,5.5032,0.76,48.2104,43.8926,7.0459,3.1119,2.7975,0.4713,0.3594,75768.931,49270.7446,41698.08,1757081.5099,1142588.5673,0
2318,600660.SH,20230616,34.28,0.3966,0.5599,0.85,18.8119,18.6421,3.3702,3.1838,3.1277,2.9172,3.6464,260974.3532,200298.6332,141881.6828,8946200.8277,6866237.1461,0
2319,600016.SH,20230616,3.94,0.2371,0.2371,1.16,4.8911,4.8216,0.3315,1.2107,1.2096,5.4061,5.4061,4378241.8502,3546212.3213,3546212.3213,17250272.8898,13972076.5459,0
2320,601619.SH,20230616,4.35,0.9067,1.7913,1.16,19.7767,15.1137,1.8194,5.752,4.7885,2.2988,1.8391,243431.2716,242058.4716,122525.7648,1058926.0315,1052954.3515,0
2321,300162.SZ,20230616,7.1,1.3071,1.7798,0.8,79.7886,116.5616,3.7006,2.2908,2.338,0.0,,34951.003,26431.678,19410.653,248152.1213,187664.9138,0
2322,301079.SZ,20230616,19.24,5.3579,5.3579,1.43,41.857,41.1128,4.3665,6.9753,7.056,0.3998,0.3998,10906.1334,5836.7529,5836.7529,209834.0066,112299.1258,0
2323,688589.SH,20230616,43.86,2.6762,2.6762,0.86,58.5369,52.9926,5.3967,8.7224,8.4941,,,10019.477,5667.1437,5667.1437,439454.2612,248560.9227,0
2324,000032.SZ,20230616,37.8,9.1701,14.6451,2.2,,,7.0537,0.8426,0.8124,0.2647,0.2116,113795.9234,64476.3811,40372.2419,4301485.9045,2437207.2056,1
2325,600518.SH,20230616,1.99,3.1219,4.5306,5.28,,,3.9997,6.6,6.2842,0.0,,1386386.669,1361292.8105,938033.764,2758909.4713,2708972.6929,0
2326,603036.SH,20230616,10.15,1.0064,1.2532,0.88,25.7686,25.6273,1.7597,6.8124,6.6797,1.1859,1.8719,20600.6025,20600.6025,16544.5873,209096.1154,209096.1154,0
2327,600178.SH,20230616,6.3,2.0654,4.2514,0.92,27.6271,37.2737,1.1854,0.5194,0.5784,0.9101,0.9101,47549.31,46208.0,22448.7,299560.653,291110.4,0
2328,002474.SZ,20230616,8.09,4.5012,4.7538,0.95,378.1987,,3.1475,7.561,8.6014,0.1236,,62220.0,50394.702,47716.1835,503359.8,407693.1392,0
2329,300238.SZ,20230616,16.27,4.8568,6.613,0.66,,,8.473,11.4345,11.7537,0.0,,26515.5701,26513.4082,19472.2994,431408.3255,431373.1514,0
2330,002162.SZ,20230616,4.02,0.588,1.1881,0.67,,,3.7267,3.2035,3.1111,0.0,,92650.0,92618.8563,45838.5043,372453.0,372327.8023,0
2331,002554.SZ,20230616,3.7,1.6325,1.8625,1.79,31.3023,31.1093,1.9931,2.5081,2.3225,0.1892,0.1892,134685.7772,86874.8264,76147.2313,498337.3756,321436.8577,0
2332,300726.SZ,20230616,37.35,0.8627,1.451,1.0,18.0604,18.7337,3.4941,7.1274,7.2702,1.6064,1.3387,41183.9845,21357.2173,12697.3595,1538221.8211,797692.0662,0
2333,301382.SZ,20230616,42.75,13.9086,13.9086,0.79,57.402,55.3395,4.6167,8.2519,7.8703,,,16958.4,3618.6645,3618.6645,724971.6,154697.9074,0
2334,300279.SZ,20230616,5.57,1.2509,1.7797,1.11,,,3.1827,1.3685,1.4394,0.0,,48039.9857,43153.5764,30330.9477,267582.7203,240365.4205,0
2335,300619.SZ,20230616,61.74,0.5005,0.7932,0.85,82.149,56.3918,5.8043,3.009,2.7028,0.0648,0.0648,8865.5041,7198.7914,4542.0982,547356.2231,444453.381,0
2336,300562.SZ,20230616,9.84,2.089,2.3387,0.72,,,2.1208,1.9835,2.184,0.1016,0.1016,21470.1188,15359.086,13719.2041,211265.969,151133.4062,0
2337,300958.SZ,20230616,17.48,1.9342,3.0032,0.99,25.5011,25.1275,2.1831,1.9639,1.8649,0.8867,0.8867,14265.6479,7696.9327,4957.1426,249363.5253,134542.3836,0
2338,603888.SH,20230616,37.7,6.9811,18.5741,0.98,80.8017,78.9994,5.9309,10.0833,9.9732,0.4324,0.4324,51902.936,51902.936,19507.895,1956740.6872,1956740.6872,0
2339,300802.SZ,20230616,24.08,1.9476,3.0655,1.18,48.5352,48.3701,5.0603,9.1566,9.2424,0.3893,0.3893,25992.3971,19081.6032,12123.1817,625896.9222,459485.0051,0
2340,000401.SZ,20230616,7.78,0.379,0.6004,0.91,15.2324,25.8952,0.7077,0.5987,0.595,9.6401,1.9087,265821.4631,154729.9781,97677.4466,2068090.9829,1203799.2296,0
2341,600191.SH,20230616,5.89,0.5714,1.251,0.88,,,1.8622,7.7516,5.7405,0.1698,0.1698,48493.2,48493.2,22147.6387,285624.948,285624.948,0
2342,300355.SZ,20230616,3.57,1.8761,1.9915,0.55,30.9681,28.7616,1.3456,2.577,2.5909,0.7563,0.7563,160424.2081,134050.2888,126277.8267,572714.4229,478559.531,0
2343,920299.BJ,20230616,4.01,0.1087,0.1137,0.46,14.3867,14.4393,1.3479,3.6924,3.637,,,9010.9276,2713.8054,2593.7602,36133.8197,10882.3597,0
2344,300476.SZ,20230616,26.07,9.1548,13.8917,0.7,28.4455,31.5201,3.2682,2.8522,2.9536,0.7296,1.4507,86268.8641,85632.2463,56432.3986,2249029.2871,2232432.661,0
2345,300416.SZ,20230616,20.73,1.1964,1.7527,0.9,39.0584,36.939,4.5159,5.8401,5.5501,0.4049,0.5566,50854.7806,50523.5828,34486.2368,1054219.6018,1047353.8714,0
2346,600250.SH,20230616,6.5,4.512,8.8184,0.51,47.8243,23.5234,3.6302,2.456,2.2849,0.0,,31059.3879,28412.204,14537.4566,201886.0214,184679.326,0
2347,605358.SH,20230616,38.21,1.9818,1.9818,1.05,37.6024,53.4112,3.3564,8.8746,9.2692,0.9726,1.0992,67685.2411,50247.5685,50247.5685,2586253.0624,1919959.5924,0
2348,603682.SH,20230616,5.33,0.4233,1.008,1.11,25.9531,28.3867,2.1952,2.8562,2.9065,4.1276,4.1276,47250.0,47250.0,19845.0,251842.5,251842.5,0
2349,605289.SH,20230616,37.0,13.0694,13.0694,0.66,,,3.1998,12.8355,10.2512,1.2973,,10833.75,5061.0,5061.0,400848.75,187257.0,0
2350,688298.SH,20230616,50.79,0.736,1.4308,0.88,4.1266,,1.0535,0.9732,1.9402,,,16800.0,16800.0,8641.8528,853272.0,853272.0,0
2351,603505.SH,20230616,23.67,0.4378,0.9724,1.0,64.6291,64.047,10.9007,13.6893,13.4218,0.5143,0.9943,60733.8017,60534.9048,27254.6389,1437569.0862,1432861.1966,0
2352,600573.SH,20230616,12.61,2.6024,5.2128,0.62,79.1126,74.2448,2.5997,5.1393,5.0649,0.3013,0.3013,25000.0,25000.0,12480.5422,315250.0,315250.0,0
2353,300249.SZ,20230616,11.16,14.5706,17.6789,1.55,,,7.9044,5.5927,6.987,0.178,,44048.7994,36842.1925,30364.7127,491584.6013,411158.8683,0
2354,000059.SZ,20230616,6.18,0.8368,1.5799,1.66,18.6933,,0.7201,0.2015,0.2045,3.5275,5.6634,159944.2537,159944.2537,84712.3362,988455.4879,988455.4879,0
2355,600830.SH,20230616,6.24,3.4951,4.8078,3.02,318.397,169.0019,1.3384,17.8737,16.2441,0.1763,0.1603,45432.2747,45432.2747,33027.0133,283497.3941,283497.3941,0
2356,688061.SH,20230616,75.8,5.1478,5.1478,0.97,43.2805,57.2711,2.273,9.8528,11.153,,,7710.6974,1827.1084,1827.1084,584470.8629,138494.8167,0
2357,600868.SH,20230616,2.75,0.697,0.7505,1.01,90.2087,82.5625,2.1629,10.5029,10.3986,0.0727,0.0727,189814.8679,189814.8679,176264.8506,521990.8867,521990.8867,0
2358,001201.SZ,20230616,24.54,0.7505,1.0377,0.63,121.6962,,1.7921,4.2919,3.9756,0.6792,,21280.56,9182.8422,6641.0526,522224.9424,225346.9476,0
2359,600376.SH,20230616,4.21,0.8011,1.6922,0.9,,,0.4572,0.2266,0.2207,2.3753,2.3753,257956.5242,257956.5242,122126.6904,1085996.9669,1085996.9669,0
2360,600463.SH,20230616,8.81,1.002,2.8927,0.92,,,2.3034,4.0482,4.3633,0.0,,30000.0,30000.0,10392.1181,264300.0,264300.0,0
2361,002249.SZ,20230616,5.42,1.0748,1.227,0.91,30.2447,28.6902,1.5585,1.1818,1.18,2.9308,4.4029,238325.9226,177262.1833,155264.2784,1291726.5005,960761.0335,0
2362,300898.SZ,20230616,22.39,9.7045,10.3458,0.91,52.4721,46.0842,3.2971,3.1431,3.0679,0.8919,0.8933,12516.5,5318.1926,4988.5097,280244.435,119074.3323,0
2363,300690.SZ,20230616,15.61,1.7949,2.2726,1.13,31.5048,33.1494,1.8916,2.5027,2.6077,1.933,,16534.8919,10946.9522,8646.2317,258109.6626,170881.9238,0
2364,300851.SZ,20230616,26.29,2.6777,3.438,0.61,61.7862,56.0037,1.8936,7.8047,8.1289,1.2933,1.2933,8693.34,3461.16,2695.76,228547.9086,90993.8964,0
2365,601061.SH,20230616,9.42,9.6579,9.6579,1.37,20.8355,20.6149,2.6339,0.3873,0.3805,,,490000.0,48611.5605,48611.5605,4615800.0,457920.8999,0
2366,301206.SZ,20230616,30.95,0.4966,0.6313,1.03,38.2559,57.5926,1.3529,9.2783,12.0752,2.154,2.154,20232.57,10209.2325,8031.2325,626198.0415,315975.7459,0
2367,688085.SH,20230616,26.4,0.8847,2.1472,1.96,34.3739,34.1083,3.5355,10.1042,9.639,,,24845.3535,24845.3535,10236.2975,655917.3324,655917.3324,0
2368,603726.SH,20230616,12.27,0.3117,0.6907,0.71,24.9216,26.987,2.0472,1.3517,1.3719,3.26,6.1125,18565.12,18565.12,8378.3824,227794.0224,227794.0224,0
2369,000622.SZ,20230616,3.85,1.5843,1.6798,0.92,,,8.5641,6.6474,6.7978,0.0,,42522.6,42522.6,40105.8013,163712.01,163712.01,0
2370,920799.BJ,20230616,8.52,0.7239,1.3019,1.42,34.8455,33.6337,5.5411,2.962,2.9006,,,21068.85,11743.0139,6529.7343,179506.602,100050.4784,0
2371,603066.SH,20230616,11.82,2.2081,4.7484,0.96,26.8058,22.4456,2.7155,2.3061,2.2926,0.7118,0.7118,30070.29,30070.29,13983.093,355430.8278,355430.8278,0
2372,301302.SZ,20230616,40.26,8.9287,8.9287,0.79,47.6358,56.8677,2.7562,7.644,7.6089,0.0,,15820.5,3955.5,3955.5,636933.33,159248.43,0
2373,300397.SZ,20230616,11.01,2.4072,2.648,0.57,,,3.1427,11.3568,11.6548,0.0,,51763.6745,40060.0143,36417.0393,569918.0562,441060.7574,0
2374,603297.SH,20230616,83.86,0.7543,2.5758,0.64,33.2085,34.0159,5.7573,11.1747,11.4624,1.0732,1.1448,11047.75,10996.95,3220.2323,926464.315,922204.227,0
2375,000757.SZ,20230616,4.21,4.6819,7.5484,0.96,,,1.5819,0.7744,0.781,0.0,,64020.588,51116.7338,31705.3006,269526.6755,215201.4493,0
2376,000876.SZ,20230616,11.99,0.3327,0.5297,1.4,,,2.2914,0.3845,0.3729,0.0,,453832.102,450221.2691,282783.1227,5441446.903,5398153.0165,0
2377,688087.SH,20230616,22.38,1.3605,1.3605,1.44,18.2785,21.8093,2.0496,2.0516,2.0392,,,18847.863,10004.3958,10004.3958,421815.1739,223898.378,0
2378,002747.SZ,20230616,27.14,6.2181,9.6994,2.86,141.9252,158.1128,8.3324,6.0819,5.8105,0.1093,0.1093,86966.2373,78676.2578,50437.7836,2360263.6803,2135273.6367,0
2379,600300.SH,20230616,3.12,0.5755,0.9192,0.9,52.9491,49.9485,1.6477,1.195,1.2001,0.9615,0.5769,161714.218,161714.218,101248.2702,504548.3602,504548.3602,0
2380,000609.SZ,20230616,4.55,1.1119,1.5323,0.73,,,2.4912,3.1829,3.4023,0.0,,29926.5522,29208.9147,21194.2576,136165.8125,132900.5619,0
2381,002705.SZ,20230616,17.4,1.0077,2.8275,0.99,14.9627,15.6063,2.1141,1.0503,1.1165,1.1336,2.2885,82672.778,82295.3403,29329.6742,1438506.3372,1431938.9212,0
2382,601368.SH,20230616,5.26,0.4227,0.9806,1.02,28.3476,40.1098,1.0023,2.06,2.0637,1.9392,3.0038,88297.3077,88297.3077,38062.6493,464443.8385,464443.8385,0
2383,603348.SH,20230616,45.38,2.3137,5.4354,0.89,50.3359,74.4103,3.8904,2.2867,2.2742,0.3288,0.3288,26352.3448,26117.2948,11117.2948,1195869.407,1185202.838,0
2384,920046.BJ,20230616,5.03,0.8354,0.8354,0.55,21.4519,19.5441,1.6018,1.8103,1.6363,,,7225.0,2056.1955,2056.1955,36341.75,10342.6634,0
2385,601919.SH,20230616,10.79,0.3717,0.7701,1.29,1.592,1.9581,0.8707,0.4462,0.5241,26.4838,26.4838,1617025.3938,1281547.3938,618585.4041,17447703.9991,13827896.3791,0
2386,300052.SZ,20230616,21.43,7.503,9.0247,0.53,,,9.8801,20.4238,20.9017,0.0,,26185.871,26121.4278,21716.94,561163.2155,559782.1978,0
2387,688004.SH,20230616,37.27,4.5784,8.7697,1.05,,,2.9726,12.907,12.2209,,,5680.0,5680.0,2965.3741,211693.6,211693.6,0
2388,600624.SH,20230616,6.19,0.944,1.3268,0.85,,,4.8211,5.3718,5.7231,0.0,,68471.201,68471.201,48716.6874,423836.7342,423836.7342,0
2389,300923.SZ,20230616,22.23,2.9725,2.9725,2.32,35.0016,38.2611,1.5067,4.1343,4.3473,1.2495,1.2495,7860.0,3169.775,3169.775,174727.8,70464.0983,0
2390,600720.SH,20230616,11.37,2.2715,3.3274,3.02,11.6378,11.5187,1.0171,1.1069,1.1234,3.9578,,77629.0282,77616.2687,52985.7767,882642.0506,882496.9751,0
2391,300555.SZ,20230616,6.36,0.3185,0.3935,0.79,,,2.0839,5.9575,6.2705,0.0,,20000.0,19756.7713,15991.583,127200.0,125653.0655,0
2392,600989.SH,20230616,13.16,0.2861,0.9656,1.12,15.3125,16.8089,2.8345,3.3946,3.3687,3.1828,2.122,733336.0,733336.0,217288.9937,9650701.76,9650701.76,0
2393,600562.SH,20230616,15.42,2.3005,3.7865,2.36,34.8644,33.2725,3.6686,5.938,5.9663,0.8301,0.8301,124185.784,66073.8434,40142.9805,1914944.7893,1018858.6652,0
2394,001380.SZ,20230616,29.34,17.9955,17.9955,1.52,33.5538,30.0976,2.689,4.2476,4.0835,,,12888.0,3157.2263,3157.2263,378133.92,92633.0196,0
2395,300388.SZ,20230616,6.66,0.6476,1.6271,1.11,11.4958,11.4846,1.2236,1.1357,1.1706,1.7553,2.6329,69896.2023,69747.5842,27759.8518,465508.7073,464518.9108,0
2396,601058.SH,20230616,10.87,0.421,0.6177,0.67,24.9967,24.3884,2.7956,1.52,1.4855,1.3803,1.3717,306261.3627,306261.3627,208718.8789,3329061.0125,3329061.0125,0
2397,601798.SH,20230616,7.3,1.7498,4.5454,1.97,,,1.8362,2.975,2.8275,0.0,,35452.8198,35452.8198,13647.5461,258805.5845,258805.5845,0
2398,301055.SZ,20230616,14.21,1.0885,1.0885,0.68,53.4288,59.1028,3.3818,2.6819,2.74,3.5186,1.7593,15600.0,5845.0,5845.0,221676.0,83057.45,0
2399,000009.SZ,20230616,12.15,0.6717,1.1056,0.75,27.0949,25.4612,3.3209,0.9793,0.9072,0.2881,0.2881,257921.3965,255143.0324,155014.99,3133744.9675,3099987.8437,0
2400,002848.SZ,20230616,10.36,4.6453,7.3386,1.51,,,8.6108,4.5655,5.6629,0.0,,16715.0,16125.6444,10207.4544,173167.4,167061.676,1
2401,002221.SZ,20230616,8.76,0.4558,0.6895,0.74,324.7634,,1.3327,0.4729,0.4701,2.4772,2.4772,157612.7767,145946.2862,96465.3552,1380687.9239,1278489.4671,0
2402,603322.SH,20230616,45.89,30.0855,41.2134,2.16,476.4912,,34.9361,3.5727,3.748,0.0,,15771.9,15660.684,11432.184,723772.491,718668.7888,0
2403,688113.SH,20230616,46.34,0.1378,0.1747,0.58,36.3413,42.2808,3.7489,7.9032,7.9859,,,6370.0,4108.3,3240.2574,295185.8,190378.622,0
2404,300765.SZ,20230616,12.45,0.6677,2.6707,0.83,20.0691,18.2822,3.2332,5.5495,5.0906,0.5619,0.6693,117074.2154,98280.0,24570.0,1457573.9817,1223586.0,0
2405,301010.SZ,20230616,19.87,2.5903,3.7972,0.69,53.9768,53.8672,2.6579,2.3777,2.351,1.0065,1.0065,10800.0,5066.172,3456.0,214596.0,100664.8376,0
2406,688205.SH,20230616,89.65,19.459,19.459,1.27,85.8213,95.9674,4.6202,12.2115,12.9293,,,9728.0,2334.72,2334.72,872115.2,209307.648,0
2407,300375.SZ,20230616,3.8,1.1463,1.2811,0.53,37.9123,47.5653,1.2878,1.6907,1.7662,1.158,,75537.8818,50511.8725,45197.1539,287043.9508,191945.1155,0
2408,002316.SZ,20230616,4.69,6.557,7.0976,0.71,,,36.3606,1.1127,1.2421,0.0,,39312.0,31500.75,29101.6694,184373.28,147738.5175,0
2409,603305.SH,20230616,27.88,0.854,2.358,0.7,37.1022,33.608,4.5422,5.8419,5.6134,0.2062,0.3074,93321.4933,93321.4933,33797.1044,2601803.2332,2601803.2332,0
2410,603799.SH,20230616,47.3,2.1086,2.7541,2.22,19.3496,20.2954,2.9823,1.2002,1.0975,0.4843,0.4228,159946.5048,157997.8962,120965.8534,7565469.677,7473300.4903,0
2411,001360.SZ,20230616,17.87,5.8408,5.8408,0.9,30.1614,29.9131,2.8226,4.221,4.0898,,,20400.0,4997.551,4997.551,364548.0,89306.2364,0
2412,002049.SZ,20230616,90.05,1.9213,2.5964,0.91,29.0696,28.4937,7.5687,10.7457,10.4529,0.2578,0.2578,84961.7907,84961.6257,62871.4931,7650809.2525,7650794.3943,0
2413,301300.SZ,20230616,31.44,8.622,8.622,2.64,37.8669,42.4065,2.4908,5.4959,5.706,1.2723,2.5445,6415.0,1605.0,1605.0,201687.6,50461.2,0
2414,000565.SZ,20230616,5.52,0.5374,0.9039,1.21,45.6366,,1.8762,5.105,4.9601,0.4529,0.2717,43359.222,43359.222,25778.3238,239342.9054,239342.9054,0
2415,605138.SH,20230616,8.71,0.4642,1.7604,0.92,12.8666,13.0418,1.9613,0.811,0.8198,1.24,,55556.0546,29732.2046,7839.5082,483893.2356,258967.5021,0
2416,605365.SH,20230616,15.02,1.2489,1.2489,0.7,15.2991,17.4511,2.2465,1.0006,1.0437,0.8199,0.8199,50345.0,5726.75,5726.75,756181.9,86015.785,0
2417,002434.SZ,20230616,8.35,0.7548,1.1319,0.67,36.521,32.4148,1.9145,2.1435,2.1826,0.0,,131260.0,131134.105,87448.0306,1096021.0,1094969.7768,0
2418,000523.SZ,20230616,3.35,0.8005,0.8856,0.48,,,3.9333,2.4712,2.4838,0.0,,183546.8461,137683.5812,124458.9617,614881.9344,461239.997,0
2419,002530.SZ,20230616,8.4,3.3397,4.7654,0.54,,,4.8114,5.3662,5.1306,0.0,,77919.8175,66010.0457,46260.803,654526.467,554484.3839,0
2420,688219.SH,20230616,9.4,0.2365,0.3804,1.08,72.9415,93.8863,2.5883,0.8336,0.8594,,,45928.3632,31871.2204,19811.6765,431726.6141,299589.4718,0
2421,688575.SH,20230616,18.94,1.1978,1.1978,0.61,10.6287,18.4817,4.769,2.7031,3.2898,,,56812.91,26770.5396,26770.5396,1076036.5154,507034.02,0
2422,688186.SH,20230616,32.95,1.0879,1.5244,1.21,68.5803,45.6696,2.1718,2.0964,1.9787,,,21424.0,21424.0,15289.0,705920.8,705920.8,0
2423,603226.SH,20230616,5.01,0.4326,1.6382,0.86,183.196,498.9516,1.8061,3.3823,3.4615,0.4606,0.1996,35549.177,35549.177,9387.1607,178101.3768,178101.3768,0
2424,300986.SZ,20230616,30.68,1.0317,1.0317,0.76,28.3439,28.8902,3.5899,2.6059,2.4561,0.3492,,16389.3333,7000.3777,7000.3777,502824.7456,214771.5878,0
2425,000430.SZ,20230616,8.02,1.4598,1.8489,0.86,,,3.0098,24.5088,17.4015,0.0,,40481.7686,33173.88,26192.4635,324663.7842,266054.5176,0
2426,601238.SH,20230616,10.4,0.2784,0.9616,0.97,13.5139,16.5266,0.9651,0.9972,0.9685,2.2056,3.9363,1048392.8681,732894.4525,212201.2456,10903285.8282,7622102.306,0
2427,600929.SH,20230616,7.95,1.0121,1.3909,0.61,15.2397,14.0652,1.9345,1.82,1.8181,2.3051,3.1447,147448.049,106424.8992,77445.6256,1172211.9896,846077.9486,0
2428,300008.SZ,20230616,5.05,11.5747,12.5046,1.56,61.9298,60.4685,4.7544,3.168,2.8693,0.0,,172802.9133,143117.0071,132474.0836,872654.7122,722740.8859,0
2429,600028.SH,20230616,6.51,0.1494,0.977,0.93,11.7723,12.2341,0.9672,0.2352,0.2338,7.2532,2.4692,11989640.7646,9511547.1046,1454330.3653,78052561.3775,61920171.6509,0
2430,002348.SZ,20230616,4.28,1.0702,1.4645,0.77,,,7.2707,12.7618,13.7842,0.0,,94720.0,88897.6369,64960.6951,405401.6,380481.8859,0
2431,300331.SZ,20230616,25.44,4.1852,4.9404,2.1,,,3.8216,3.85,3.8594,0.0,,25966.2286,20097.0465,17025.0219,660580.8556,511268.863,0
2432,603389.SH,20230616,5.03,0.3647,1.0561,0.37,,,2.7606,5.5794,5.7212,0.0,,26275.2,26275.2,9074.1947,132164.256,132164.256,0
2433,002825.SZ,20230616,12.33,1.0636,1.5221,1.22,8.5576,8.6167,2.1576,1.8613,2.0908,1.4226,,24429.1927,18283.772,12776.818,301211.946,225438.9088,0
2434,605018.SH,20230616,10.27,1.4944,1.4944,0.58,44.2177,65.3563,1.8465,2.6384,2.7341,4.1483,1.3426,47150.5353,9348.6353,9348.6353,484235.9975,96010.4845,0
2435,002132.SZ,20230616,3.59,1.8114,2.3763,1.53,26.8413,33.1696,1.3526,1.139,1.1196,0.0,,140154.4698,139908.7829,106647.044,503154.5466,502272.5306,0
2436,688020.SH,20230616,52.8,1.3048,2.8256,1.22,,,2.7788,13.5469,14.4669,,,8021.05,8021.05,3704.1056,423511.44,423511.44,0
2437,300659.SZ,20230616,23.87,2.8352,3.3138,0.81,,,5.0415,8.3881,7.6451,0.4192,,22637.9797,15383.9013,13162.0881,540368.5754,367213.724,0
2438,600118.SH,20230616,28.29,2.3054,4.7497,1.53,117.0577,116.6613,5.3775,4.0586,4.0919,0.2121,0.2651,118248.9135,118248.9135,57394.7959,3345261.7629,3345261.7629,0
2439,300036.SZ,20230616,21.7,3.2148,3.3115,0.64,,,3.7192,6.7012,6.6279,0.2747,,49276.6617,43269.2781,42005.7261,1069303.5589,938943.3348,0
2440,000837.SZ,20230616,12.65,5.8008,8.3507,0.8,41.3709,41.6702,3.1946,2.7741,2.8519,0.0,,89937.091,69328.316,48158.7558,1137704.2012,877003.1974,0
2441,688699.SH,20230616,54.64,2.7277,2.9402,0.51,565.8816,,4.2608,8.7844,10.6001,,,11006.464,5238.7264,4860.0853,601393.193,286244.0105,0
2442,300413.SZ,20230616,38.44,2.9589,5.0673,0.73,39.4046,38.6111,3.7105,5.2473,5.2732,0.3382,0.3382,187072.0815,102169.9958,59658.274,7191050.8129,3927414.6386,0
2443,920855.BJ,20230616,6.49,0.1629,0.1638,0.54,11.5431,11.6522,0.964,2.0665,2.2142,,,7473.3333,1758.671,1749.498,48501.9331,11413.7748,0
2444,002324.SZ,20230616,13.58,1.0615,1.3866,0.8,68.3676,49.1281,4.7897,2.0444,1.8749,0.3648,0.3682,101743.1917,67057.6881,51332.6757,1381672.5433,910643.4044,0
2445,603955.SH,20230616,14.94,0.53,0.9204,1.02,188.6558,231.108,1.251,8.0471,9.2592,0.0,,13572.0,13572.0,7815.9521,202765.68,202765.68,0
2446,002763.SZ,20230616,8.23,1.3005,2.0525,0.78,25.0474,22.1226,1.743,1.3741,1.3287,0.0,6.0753,40992.4,18604.3525,11787.8275,337367.452,153113.8211,0
2447,603711.SH,20230616,21.11,0.4236,2.3124,0.75,40.5379,31.0318,2.8318,2.7722,2.6185,0.8053,1.5632,41074.58,41074.58,7524.816,867084.3838,867084.3838,0
2448,600982.SH,20230616,4.25,1.2889,2.6509,0.83,13.0608,14.416,1.2252,0.511,0.5243,4.0,3.1765,111776.8211,110720.3493,53834.3385,475051.4897,470561.4845,0
2449,300921.SZ,20230616,30.33,19.6301,23.1512,0.52,69.9743,75.88,4.899,7.0336,6.8935,0.7591,0.6553,13155.777,6154.137,5218.137,399014.7164,186654.9752,0
2450,920275.BJ,20230616,2.96,0.0287,0.0573,0.58,27.2666,29.0448,2.1152,3.0794,2.8822,,,16027.76,9019.4394,4526.1129,47442.1696,26697.5406,0
2451,300953.SZ,20230616,70.1,1.2633,1.2633,0.88,69.52,113.7922,2.9963,1.2525,1.2947,0.2364,0.1441,10278.285,4558.0,4558.0,720507.7785,319515.8,0
2452,600246.SH,20230616,6.64,3.2296,7.3886,1.55,,,2.2754,32.3076,28.2365,0.0,,205400.9302,205400.9302,89780.4461,1363862.1765,1363862.1765,1
2453,600739.SH,20230616,13.48,0.2924,0.4958,0.52,16.8529,16.4846,0.7102,1.4158,1.5773,1.632,1.632,152970.9816,152970.9816,90219.7439,2062048.832,2062048.832,0
2454,300790.SZ,20230616,14.97,1.1772,1.2343,1.39,35.1379,45.4295,2.7807,2.7438,2.7736,0.8869,,33838.0666,24569.0353,23433.4373,506555.857,367798.4584,0
2455,300054.SZ,20230616,25.48,1.1485,1.2689,1.13,61.425,67.7928,5.882,8.8031,8.8781,0.0779,0.2741,94024.2099,73034.2795,66102.2562,2395736.8683,1860913.4417,0
2456,688049.SH,20230616,39.55,1.8497,1.8497,0.79,89.7663,94.1174,2.7544,11.635,11.7887,,,12200.0,8966.54,8966.54,482510.0,354626.657,0
2457,301069.SZ,20230616,23.37,1.247,1.4446,1.3,41.9164,45.4357,7.0058,9.7284,9.8242,1.0697,0.6418,42064.0,14044.0,12122.4,983035.68,328208.28,0
2458,688130.SH,20230616,44.64,2.019,2.019,0.96,134.2927,2572.7249,2.2605,26.7575,34.3292,,,6656.0,1549.0475,1549.0475,297123.84,69149.4804,0
2459,688319.SH,20230616,21.36,0.7807,0.9525,0.83,325.8274,232.5587,9.7963,15.8171,15.441,,,40540.93,28808.145,23613.0615,865954.2648,615341.9772,0
2460,688395.SH,20230616,24.07,3.8559,4.5403,1.86,45.173,42.6806,3.0179,5.9567,5.8311,,,8600.0,3908.352,3319.24,207002.0,94074.0326,0
2461,600963.SH,20230616,6.94,0.853,1.2686,0.59,20.3412,21.6323,1.3849,1.2801,1.1774,1.6717,1.9885,180421.3109,176505.3163,118678.9003,1252123.8976,1224946.8951,0
2462,600599.SH,20230616,11.27,0.8063,2.0728,1.11,20.7032,24.8947,2.3089,5.681,6.6054,0.0,,16600.0,16600.0,6456.9848,187082.0,187082.0,0
2463,600284.SH,20230616,6.11,0.6798,1.0791,0.98,10.4455,11.1787,0.8349,0.4209,0.4187,3.1915,3.437,97025.6,97025.6,61126.3687,592826.416,592826.416,0
2464,000651.SZ,20230616,37.1,0.9669,1.2587,1.1,8.5253,8.4886,2.0495,1.1055,1.1043,7.9502,7.9872,563140.5741,559213.8802,429573.5809,20892515.2991,20746834.9554,0
2465,300931.SZ,20230616,7.29,1.8962,1.8962,1.29,,,2.5332,4.1011,4.1377,1.3717,1.3717,24014.6,10444.3,10444.3,175066.434,76138.947,0
2466,002809.SZ,20230616,10.7,2.7959,3.8605,0.79,24.9941,22.1121,1.4517,2.3957,2.4728,0.9276,,21010.4733,13738.9853,9950.2046,224812.0643,147007.1427,0
2467,688103.SH,20230616,62.74,2.2087,2.2975,0.83,70.0621,70.5838,5.8982,8.5483,8.5433,,,9539.0,6175.76,5936.8696,598476.86,387467.1824,0
2468,600826.SH,20230616,10.49,0.6361,1.3492,0.99,48.8058,30.0366,1.5751,7.229,7.1024,1.0772,1.0772,53276.1055,41748.2448,19682.3528,558866.3467,437939.088,0
2469,002182.SZ,20230616,21.65,1.5944,2.0304,1.0,22.8934,39.0704,3.5696,1.5371,1.6869,0.4619,0.4619,64642.2538,55719.7286,43755.8157,1399504.7948,1206332.1242,0
2470,001209.SZ,20230616,15.5,3.5639,3.5639,1.09,,,1.683,1.5352,1.4866,0.0,2.5806,13152.272,4028.7859,4028.7859,203860.216,62446.1815,0
2471,601200.SH,20230616,9.48,0.5165,1.1873,0.9,20.4703,20.952,1.0218,1.692,1.6574,1.0549,1.0549,112185.8543,112185.8543,48804.1723,1063521.8988,1063521.8988,0
2472,300866.SZ,20230616,83.5,3.1406,3.1406,1.2,29.6908,27.1498,5.1025,2.3814,2.3006,0.9581,1.4371,40642.7207,15124.0045,15124.0045,3393667.1785,1262854.3758,0
2473,000729.SZ,20230616,13.21,0.6369,1.3923,0.61,105.6873,89.5037,2.76,2.8202,2.7321,0.3028,0.3028,281853.9341,250956.0118,114806.0527,3723290.4695,3315128.9159,0
2474,000538.SZ,20230616,53.36,0.3297,0.8546,1.01,31.9482,26.5984,2.5693,2.6277,2.5519,2.141,2.8286,179686.2549,168459.468,64991.04,9588058.5615,8988997.2125,0
2475,002134.SZ,20230616,10.16,1.5464,2.1935,1.34,155.5419,126.3953,5.5606,4.3012,4.3917,0.0,,24584.9768,24584.9768,17332.4014,249783.3643,249783.3643,0
2476,300727.SZ,20230616,27.1,1.6604,4.365,1.02,38.3416,43.1822,4.342,2.9217,3.0189,0.5507,,12751.9089,11384.8621,4330.5978,345576.7312,308529.7629,0
2477,000993.SZ,20230616,10.69,2.305,4.9065,0.66,26.6114,28.8548,2.1883,6.6866,6.0892,0.0,,45795.1455,43974.7572,20658.6507,489550.1054,470090.1545,0
2478,600315.SH,20230616,29.95,0.609,1.2699,0.76,43.0732,40.4124,2.7157,2.8612,2.9176,0.968,0.968,67887.3194,67319.438,32285.0802,2033225.216,2016217.1681,0
2479,300142.SZ,20230616,26.98,0.8817,0.8817,0.87,59.5157,50.3076,4.692,8.5258,8.2385,0.0997,0.0369,160734.8484,156752.5477,156752.5477,4336626.2098,4229183.7369,0
2480,920508.BJ,20230616,5.99,0.0341,0.059,0.32,46.2086,74.8279,1.4589,4.0806,4.1563,,,5000.0,2603.75,1503.9,29950.0,15596.4625,0
2481,002332.SZ,20230616,14.18,1.6669,2.1329,1.6,18.7174,18.5836,2.6425,3.2026,3.2711,1.0578,2.1157,98920.4866,97595.6751,76273.4943,1402692.5,1383906.6729,0
2482,002762.SZ,20230616,10.48,11.0512,14.1362,0.71,,,4.2989,15.1211,15.8194,0.4771,0.4771,35402.5,20110.9196,15721.9971,371018.2,210762.4374,0
2483,603232.SH,20230616,16.86,1.6908,2.3999,0.82,,706.3046,2.9384,5.9576,6.6487,0.7667,,23304.4905,23304.4905,16418.6496,392913.7098,392913.7098,0
2484,300025.SZ,20230616,13.97,4.6334,5.1915,0.63,504.1621,696.9947,10.471,10.4022,10.2789,0.0,,50365.0562,42853.0562,38245.6552,703599.8351,598657.1951,0
2485,300605.SZ,20230616,15.98,3.6545,4.5217,0.4,66.8492,71.8437,4.7574,5.1007,4.962,0.3131,0.3131,16446.2984,11266.2975,9105.5123,262811.8484,180035.4341,0
2486,300033.SZ,20230616,193.0,4.5384,6.3251,1.09,61.3516,60.9781,17.2438,29.1522,28.3955,0.9326,1.2953,53760.0,27154.6181,19484.157,10375680.0,5240841.2933,0
2487,301223.SZ,20230616,18.74,0.9589,0.9589,0.49,16.9493,17.2406,1.3399,1.4633,1.4671,,1.174,19312.756,4830.0,4830.0,361921.0474,90514.2,0
2488,000655.SZ,20230616,6.51,0.4592,1.1041,0.9,19.0813,21.6839,1.2689,2.8233,2.9633,0.768,0.768,59534.023,59534.023,24760.0085,387566.4897,387566.4897,0
2489,605009.SH,20230616,49.04,1.6099,1.6215,1.08,18.0011,17.015,2.5553,2.7165,2.6073,2.0443,2.5407,15522.6949,5165.5821,5128.5536,761232.9579,253320.1462,0
2490,688458.SH,20230616,87.5,7.0443,7.0443,0.97,133.1851,123.6216,3.4195,15.8697,15.0324,,,8001.0,1804.8317,1804.8317,700087.5,157922.7738,0
2491,600674.SH,20230616,14.51,0.398,1.3508,1.14,18.4121,15.8115,1.8868,45.5666,43.2344,2.7239,2.7239,446060.8261,446060.8261,131438.4449,6472342.5867,6472342.5867,0
2492,603198.SH,20230616,63.26,0.5344,2.1086,0.8,29.6799,27.2865,7.499,9.1926,8.6574,1.4227,1.7389,80000.0,80000.0,20273.415,5060800.0,5060800.0,0
2493,002603.SZ,20230616,26.72,1.2397,2.282,0.85,18.9013,14.4939,3.6787,3.5619,3.2476,1.1228,1.1228,167070.5376,137622.3995,74765.6315,4464124.7647,3677270.5146,0
2494,002351.SZ,20230616,20.56,13.2983,17.54,1.74,74.1426,68.3055,8.3229,8.2551,8.0212,0.8755,0.9728,88910.7,49190.737,37295.0422,1828003.992,1011361.5527,0
2495,300816.SZ,20230616,26.91,2.5432,3.2976,0.55,,,2.6751,2.6427,2.5911,0.6482,0.6482,8017.3,4748.7628,3662.3504,215745.543,127789.2069,0
2496,001266.SZ,20230616,27.74,4.2573,4.2573,0.72,39.8046,64.7043,2.8038,7.0033,7.2551,1.545,2.2659,10281.6,2955.96,2955.96,285211.584,81998.3304,0
2497,002190.SZ,20230616,22.0,1.2269,2.5082,1.41,135.1002,160.2158,2.445,5.1773,5.0505,0.2273,0.2273,35872.9343,35872.9343,17547.96,789204.5546,789204.5546,0
2498,002728.SZ,20230616,16.16,5.7771,7.3654,0.98,29.1018,21.7894,3.9236,5.8496,5.2049,2.7781,2.8731,32091.9814,22377.9064,17552.3116,518606.4194,361626.9674,0
2499,300963.SZ,20230616,13.48,5.9967,7.6033,2.12,39.426,35.5965,3.3992,3.6157,3.3583,0.5706,1.1641,23400.0,10402.9088,8204.805,315432.0,140231.2106,0
2500,002444.SZ,20230616,20.27,2.3681,3.9879,1.64,17.1706,15.8368,1.803,1.9329,1.9833,0.0,0.8135,120250.1992,115297.0688,68467.3269,2437471.5378,2337071.5846,0
2501,603648.SH,20230616,9.44,2.1493,4.2559,0.59,21.1088,21.6667,1.8343,2.0892,2.0841,3.178,3.178,36241.28,36241.28,18301.9174,342117.6832,342117.6832,0
2502,601825.SH,20230616,5.82,0.2958,0.3028,1.59,5.1147,4.9404,0.5324,2.1903,2.1503,5.1546,5.1546,964444.4445,462176.3445,451504.3179,5613066.667,2689866.325,0
2503,301232.SZ,20230616,71.81,42.114,42.114,,42.9026,44.595,2.492,2.8766,2.8585,,,5368.7391,1277.2998,1277.2998,385529.1548,91722.8986,0
2504,000753.SZ,20230616,5.0,4.9816,8.2873,0.95,65.4536,82.7925,1.8824,1.7379,1.874,0.6,0.6,99148.1071,99148.1071,59598.5663,495740.5355,495740.5355,0
2505,603569.SH,20230616,10.62,2.1922,8.0496,0.79,331.212,194.8604,2.7163,1.5037,1.5234,0.0,,56034.9223,56034.9223,15260.4218,595090.8748,595090.8748,0
2506,002291.SZ,20230616,15.45,6.6371,8.0409,0.67,,,2.62,3.6863,3.4239,0.0,,93065.8687,87604.2548,72310.3815,1437867.6714,1353485.7367,0
2507,300721.SZ,20230616,15.61,1.3822,2.0022,1.07,23.4866,60.2489,2.0708,1.6556,1.6606,0.3333,0.4999,16484.6739,13727.0127,9476.6926,257325.7596,214278.6682,0
2508,002167.SZ,20230616,7.74,4.6935,6.3567,0.81,60.601,123.0153,4.1079,4.3804,4.4591,0.0,,77513.4,69638.1713,51417.0895,599953.716,538999.4459,0
2509,920641.BJ,20230616,9.05,0.3049,0.327,0.78,10.7472,10.6425,1.6859,0.9422,0.971,,,7507.5,2568.967,2395.413,67942.875,23249.1514,0
2510,001368.SZ,20230616,24.63,3.1882,3.1882,0.6,20.9573,21.3948,2.0627,2.9621,3.1201,,0.812,11200.0,2800.0,2800.0,275856.0,68964.0,0
2511,300169.SZ,20230616,4.02,0.8232,0.9535,0.85,,,5.1161,2.2414,2.3462,0.0,,32598.434,30173.5782,26049.0315,131045.7047,121297.7844,0
2512,603721.SH,20230616,18.86,4.9771,10.0306,0.79,155.788,144.5683,4.6837,11.5521,13.2788,0.7953,0.7953,13000.0,13000.0,6450.5215,245180.0,245180.0,0
2513,300171.SZ,20230616,22.99,0.8009,1.4261,1.03,20.6582,20.191,2.2617,3.1975,3.0926,1.4012,,76070.254,43849.37,24623.8442,1748855.1395,1008097.0163,0
2514,301203.SZ,20230616,35.25,2.3251,2.3251,1.19,19.0294,18.255,2.1243,7.6981,7.7592,,4.2553,8000.0,1706.7694,1706.7694,282000.0,60163.6214,0
2515,601595.SH,20230616,33.62,3.6142,11.7408,0.69,,,9.356,40.9086,38.7736,0.0,,44820.0,44820.0,13797.1683,1506848.4,1506848.4,0
2516,600398.SH,20230616,6.61,0.4239,1.2664,1.19,13.2478,12.7732,2.1965,1.5383,1.5003,7.7156,14.2209,431960.7585,431960.7585,144603.1654,2855260.6137,2855260.6137,0
2517,920885.BJ,20230616,11.65,0.1536,0.2707,0.76,42.7648,45.379,2.676,8.0409,7.5353,,,8570.9,4345.4019,2465.4701,99850.985,50623.9321,0
2518,000883.SZ,20230616,4.36,0.4672,1.7551,1.39,24.6363,31.0792,0.9232,1.3918,1.4873,3.4408,3.4408,656897.2986,650556.391,173187.6647,2864072.2219,2836425.8648,0
2519,600408.SH,20230616,2.25,0.4202,0.614,0.81,,,0.9446,0.1784,0.1871,0.0,,100680.0,100680.0,68899.2884,226530.0,226530.0,0
2520,688096.SH,20230616,9.38,0.817,1.1883,0.82,26.9425,27.326,1.7606,2.7576,2.5599,,,15119.3899,15119.3899,10394.7399,141819.8773,141819.8773,0
2521,603269.SH,20230616,13.15,11.8079,15.8799,1.21,28.0869,28.3067,2.271,1.5297,1.5656,1.195,2.553,15752.6412,15752.6412,11713.2352,207147.2318,207147.2318,0
2522,600055.SH,20230616,20.6,0.488,0.6882,0.95,82.5861,79.9397,3.1821,12.9174,12.4245,0.4854,1.068,70306.1058,54081.6199,38348.1077,1448305.7795,1114081.3699,0
2523,001322.SZ,20230616,18.29,9.1663,9.1663,1.34,29.7811,30.99,3.8661,2.3506,2.3565,,1.006,96561.28,9660.9517,9660.9517,1766105.8112,176698.8066,0
2524,002669.SZ,20230616,11.97,1.3038,1.6653,1.07,76.2974,84.1115,1.2098,1.4822,1.4631,0.0,,30540.2973,29067.9102,22758.3902,365567.3587,347942.8851,0
2525,002510.SZ,20230616,3.81,0.9109,1.1024,0.81,44.7427,74.0415,1.825,1.4057,1.3229,0.0,,94164.5762,93134.92,76957.0008,358767.0353,354844.0452,0
2526,002041.SZ,20230616,15.64,0.5611,1.4226,1.18,54.3527,71.0692,4.098,10.3811,10.9779,0.2302,,88000.0,88000.0,34708.0741,1376320.0,1376320.0,0
2527,002370.SZ,20230616,4.1,0.5943,0.8208,0.73,,,23.3018,5.8923,5.1327,0.0,,53668.6959,53668.6959,38859.4317,220041.6532,220041.6532,0
2528,603339.SH,20230616,14.63,0.8311,1.469,0.92,14.8109,13.5511,2.0454,2.2363,2.1528,0.9296,2.4334,30944.1175,30944.1175,17506.0211,452712.439,452712.439,0
2529,603508.SH,20230616,18.18,0.955,2.2329,0.97,20.0115,18.8054,1.6383,6.4953,6.0064,3.3331,2.9983,38127.4377,38127.4377,16307.2496,693156.8174,693156.8174,0
2530,000878.SZ,20230616,11.28,0.8737,1.2813,1.28,12.4954,11.8126,1.7727,0.1675,0.1661,1.5041,3.5461,200362.831,200359.1466,136612.1748,2260092.7337,2260051.1736,0
2531,920768.BJ,20230616,4.53,0.094,0.1515,0.72,38.6202,,0.735,0.4965,0.5254,,,11097.0,7676.533,4763.9318,50269.41,34774.6945,0
2532,000888.SZ,20230616,12.24,2.7724,4.5899,0.51,,,2.7649,14.9607,12.4068,0.4902,0.4902,52691.3102,52691.3102,31826.6608,644941.6368,644941.6368,0
2533,600725.SH,20230616,2.71,0.7079,1.014,2.18,151.9809,206.3671,9.3673,2.882,3.5874,0.0,,123247.0,123247.0,86041.7573,333999.37,333999.37,0
2534,002616.SZ,20230616,4.96,1.1953,2.0896,1.28,48.1693,41.7624,1.5467,1.0747,1.0391,0.0,,74195.2476,47021.6376,26897.6476,368008.4281,233227.3225,0
2535,002875.SZ,20230616,13.07,5.3965,5.4305,0.81,,,3.0847,2.9644,3.1684,0.0,,21281.7152,12264.517,12187.8565,278152.0177,160297.2372,0
2536,300034.SZ,20230616,37.15,0.4839,0.8009,0.89,53.6166,53.8258,5.6615,6.2664,6.0588,0.404,0.404,48566.8928,45328.6662,27389.237,1804260.0675,1683959.9493,0
2537,688636.SH,20230616,44.76,2.6966,3.4751,1.04,44.6767,51.6018,3.4415,6.2268,6.6243,,,7524.2497,4467.7352,3466.8912,336785.4166,199975.8276,0
2538,000620.SZ,20230616,1.62,4.0633,10.3257,0.83,,,,0.5849,0.5984,0.0,,189669.042,189662.4195,74633.7831,307263.848,307253.1196,0
2539,300130.SZ,20230616,29.1,9.5445,11.3559,0.77,332.5664,172.6506,5.255,3.4501,3.4522,0.0,0.7904,51176.6738,37785.9309,31758.5467,1489241.2076,1099570.5892,0
2540,600851.SH,20230616,5.92,0.2941,0.4568,0.78,43.5569,43.7676,1.8259,4.962,5.0325,0.5912,0.5912,120705.6692,73820.611,47530.7099,714577.5617,437018.0171,0
2541,920239.BJ,20230616,16.05,0.6519,0.6519,1.24,18.6135,88.489,2.2068,0.6511,0.7572,,,13005.3003,4941.1831,4941.1831,208735.0698,79305.9888,0
2542,301236.SZ,20230616,44.19,3.3053,4.6937,0.72,28.8432,29.9109,2.7749,1.4695,1.483,1.1315,1.1315,63529.4118,37803.1786,26621.128,2807364.7074,1670522.4623,0
2543,600726.SH,20230616,2.93,4.0506,9.5118,0.74,,,6.4182,1.2274,1.0916,0.0,,790733.621,153467.5151,65354.8686,2316849.5095,449659.8192,0
2544,600933.SH,20230616,22.34,0.5016,1.3018,0.56,30.4254,26.919,3.7388,4.6263,4.2719,0.8749,1.0295,88326.4116,88326.4116,34035.0209,1973212.0351,1973212.0351,0
2545,603767.SH,20230616,8.39,7.9749,23.6814,7.54,61.0603,52.5484,1.8655,2.591,2.6317,3.5587,3.5757,30744.5,30744.5,10353.5,257946.355,257946.355,1
2546,300940.SZ,20230616,18.04,1.5029,1.5029,1.06,,,4.3417,5.3527,6.4523,0.5236,,19057.2083,7577.5379,7577.5379,343792.0377,136698.7837,0
2547,601778.SH,20230616,5.03,0.896,1.4001,0.54,85.8385,61.2292,1.1948,5.6192,5.2193,0.201,0.201,357088.8162,289438.7034,185236.9334,1796156.7455,1455876.6781,0
2548,688317.SH,20230616,24.64,0.7047,0.7047,0.52,6.3102,9.7736,1.2074,2.0623,2.9973,,,19470.435,12373.279,12373.279,479751.5184,304877.5946,0
2549,600378.SH,20230616,34.53,0.3996,1.3531,1.04,27.0182,26.8962,3.7265,3.471,3.3946,0.8499,0.8499,91147.3807,90394.6881,26694.4648,3147319.0556,3121328.5801,0
2550,301419.SZ,20230616,46.25,48.4561,48.4561,1.68,62.273,60.8743,5.1098,11.6063,11.355,,1.0811,10000.0,2370.9487,2370.9487,462500.0,109656.3774,0
2551,002693.SZ,20230616,5.93,1.0502,2.0642,0.93,273.7039,192.8955,4.7121,8.9779,8.7161,0.0,,41597.434,41046.2661,20881.9009,246672.7836,243404.358,0
2552,600215.SH,20230616,8.13,9.2609,13.5495,8.52,26.5233,22.6692,2.2298,3.3798,3.2733,0.522,0.522,46503.288,46503.288,31784.3454,378071.7314,378071.7314,1
2553,301287.SZ,20230616,47.48,40.1045,40.1045,,37.5629,37.2999,3.1447,5.2182,5.3744,,,6667.0,1667.0,1667.0,316549.16,79149.16,0
2554,603718.SH,20230616,9.4,0.3487,0.7812,0.97,49.7797,48.333,5.322,20.1792,21.1557,0.0,,64400.0,64400.0,28742.9892,605360.0,605360.0,0
2555,600273.SH,20230616,9.05,0.6801,1.1007,1.13,7.9376,9.0679,1.3405,1.103,1.1606,6.0733,8.2403,140194.5207,140194.5207,86629.2792,1268760.4123,1268760.4123,0
2556,920230.BJ,20230616,9.07,0.1738,0.1738,0.99,20.378,28.5615,1.8012,2.546,2.85,,,7563.1404,1570.5531,1570.5531,68597.6834,14244.9166,0
2557,300481.SZ,20230616,19.95,1.5029,2.3154,1.01,14.0014,14.4679,2.6008,3.7026,3.7644,2.0037,2.005,29638.2447,29311.0135,19025.1924,591282.9818,584754.7193,0
2558,920765.BJ,20230616,5.81,0.0386,0.083,2.11,15.567,14.5046,1.268,0.8023,0.8284,,,6961.3044,4399.7295,2045.8713,40445.1786,25562.4284,0
2559,920030.BJ,20230616,2.6,0.2197,0.3158,0.46,21.0475,33.6341,0.9608,0.1749,0.1845,,,17883.9681,9525.8477,6627.5203,46498.3171,24767.204,0
2560,603206.SH,20230616,17.55,4.143,4.143,1.79,25.0826,24.5769,2.6128,1.3623,1.3207,1.1966,2.4501,30519.9988,8719.9988,8719.9988,535625.9789,153035.9789,0
2561,601077.SH,20230616,3.91,0.425,0.5811,0.86,4.3215,4.1862,0.3994,1.5317,1.5449,6.4578,6.4578,1135700.0,883444.7324,646027.5713,4440587.0,3454268.9037,0
2562,300738.SZ,20230616,11.36,3.4482,5.155,0.89,65.3843,64.6441,3.7695,9.8707,9.4356,0.1585,0.1834,95356.2927,82130.2943,54937.7436,1083247.4851,933000.1432,0
2563,603977.SH,20230616,8.64,0.5119,1.1587,1.01,37.3474,35.9372,1.8498,2.4936,2.4264,1.4169,,62124.1828,62124.1828,27448.1264,536752.9394,536752.9394,0
2564,600801.SH,20230616,13.29,0.4063,0.9666,1.1,10.3243,12.2475,1.0133,0.9145,0.9115,7.5153,,209659.9855,136187.9855,57248.5915,2786381.2073,1809938.3273,0
2565,603335.SH,20230616,6.75,13.9379,28.7373,1.24,,,5.7749,1.7229,1.5978,0.3556,,42814.46,42814.46,20765.46,288997.605,288997.605,0
2566,603759.SH,20230616,8.65,0.7341,0.7525,0.98,18.7167,19.5564,1.7026,3.3641,3.2984,1.6091,,46176.0,19524.5404,19047.5592,399422.4,168887.2745,0
2567,002004.SZ,20230616,4.94,0.3537,0.4665,0.73,22.5737,22.1388,0.9847,0.7392,0.7636,4.4534,4.4534,197991.9191,187959.6504,142481.2804,978080.0804,928520.673,0
2568,301355.SZ,20230616,19.56,23.4266,23.4266,,50.5356,50.3986,2.5168,3.622,3.6522,,,19509.7928,4626.4981,4626.4981,381611.5472,90494.3028,0
2569,300244.SZ,20230616,26.57,1.0003,1.115,1.05,11.614,19.8116,2.2377,0.8212,0.8829,0.5029,0.7504,62689.8036,50300.3411,45125.7288,1665668.0817,1336480.063,0
2570,300896.SZ,20230616,461.52,1.7806,1.835,0.61,79.0264,71.4507,17.6849,51.5022,46.6992,0.455,0.6067,21636.0,8839.0024,8576.8767,9985446.72,4079376.3876,0
2571,300687.SZ,20230616,30.38,3.717,4.5714,1.48,49.1828,56.2765,5.2082,5.4024,5.3427,0.3669,0.4092,40386.3849,31641.2975,25727.5669,1226938.3733,961262.6181,0
2572,603203.SH,20230616,30.83,0.8561,2.373,2.26,28.1538,28.7425,5.2581,8.5385,8.4325,3.2241,,24964.8907,24693.0507,8908.1236,769667.5803,761286.7531,0
2573,600850.SH,20230616,25.5,1.3009,2.07,1.39,33.595,35.3057,4.1903,1.7697,1.7364,0.9285,0.9285,68507.4346,55490.7896,34873.9349,1746939.5823,1415015.1348,0
2574,603703.SH,20230616,14.95,0.9805,1.5267,1.21,289.754,287.7575,5.2909,5.4528,5.4827,0.0,,29861.0,29861.0,19177.4985,446421.95,446421.95,0
2575,605151.SH,20230616,18.79,8.3253,14.8871,0.77,22.007,22.0676,1.9255,2.0474,2.1124,1.5206,,13534.0,6350.183,3551.226,254303.86,119319.9386,0
2576,300281.SZ,20230616,5.26,0.8764,1.6985,1.05,,,1.7369,4.6645,5.0001,0.7605,,41892.358,39732.5912,20502.512,220353.8031,208993.4297,0
2577,300677.SZ,20230616,22.22,1.0355,1.1785,1.22,23.2742,37.3002,0.9391,2.2137,2.482,2.8153,0.4445,65891.5293,47633.9881,41853.4479,1464109.781,1058427.2156,0
2578,300058.SZ,20230616,11.87,13.0001,13.1141,1.1,,,3.9481,0.8061,0.7645,0.3551,,249103.7834,231905.1088,229889.2009,2956861.909,2752713.6415,0
2579,002032.SZ,20230616,49.19,0.1882,1.1035,0.59,19.1935,20.1718,7.9947,1.9675,2.0329,6.4701,8.6876,80678.4407,80374.6822,13706.4918,3968572.498,3953630.6174,0
2580,002614.SZ,20230616,7.78,1.101,1.2744,0.7,47.5441,51.8816,1.0962,0.8052,0.8625,3.8559,3.856,62346.931,44085.6467,38084.6444,485059.1232,342986.3313,0
2581,002816.SZ,20230616,9.64,0.7482,1.0172,1.85,,,2.9663,11.176,9.4085,0.0,,10000.0,10000.0,7355.3653,96400.0,96400.0,0
2582,000713.SZ,20230616,8.99,1.3118,1.8538,1.21,93.8584,92.7399,2.8737,1.8368,1.8004,0.2225,0.4449,61401.498,61401.498,43447.2078,551999.467,551999.467,0
2583,600420.SH,20230616,11.39,1.2115,2.4895,1.15,24.1113,20.753,1.292,1.168,1.1527,0.6785,0.6785,132896.9082,118386.6301,57614.8647,1513695.7844,1348423.7168,0
2584,301286.SZ,20230616,28.89,2.4177,2.4177,1.25,98.7577,80.7886,7.3659,12.586,11.8759,0.0,0.3461,40010.0,3600.9,3600.9,1155888.9,104030.001,0
2585,301171.SZ,20230616,26.0,18.5275,18.5275,0.9,46.8068,58.3653,3.819,5.3213,6.1693,0.0,,47188.5905,7550.1745,7550.1745,1226903.353,196304.537,0
2586,001309.SZ,20230616,93.92,9.36,9.36,0.83,112.0707,1697.1209,7.1926,6.3244,6.0501,0.0,,8017.68,2000.0,2000.0,753020.5056,187840.0,0
2587,603416.SH,20230616,39.02,1.8376,3.5022,1.73,24.7008,29.1433,2.7389,4.108,4.0854,0.6663,,14056.0,14056.0,7375.134,548465.12,548465.12,0
2588,000550.SZ,20230616,13.75,1.0224,3.2264,0.65,12.9711,13.1323,1.2591,0.3943,0.3905,1.9345,1.9345,86321.4,51846.316,16428.716,1186919.25,712886.845,0
2589,300173.SZ,20230616,4.52,1.2021,1.5175,0.85,,,3.8755,2.3542,2.3534,0.0,,73472.5698,73446.77,58182.3699,332096.0155,331979.4004,0
2590,002455.SZ,20230616,7.44,0.9408,1.0225,0.99,32.4935,175.5035,2.1297,1.0683,1.1277,0.672,0.672,59316.6744,49777.5517,45797.8441,441316.0575,370344.9846,0
2591,600512.SH,20230616,2.72,1.2184,1.4899,1.25,263.3894,13.5667,0.7005,0.7446,0.8269,0.7277,0.7277,159890.2832,158247.759,129415.5896,434901.5703,430433.9045,0
2592,601877.SH,20230616,27.36,0.4842,1.0302,0.82,14.6208,12.6832,1.5658,1.2795,1.1517,1.4472,1.4472,214997.3551,214997.3551,101048.2753,5882327.6355,5882327.6355,0
2593,600126.SH,20230616,4.76,1.0408,2.5776,4.23,33.5014,132.9988,0.795,0.371,0.3654,5.2521,5.2521,337718.9083,337718.9083,136368.9091,1607542.0035,1607542.0035,0
2594,300151.SZ,20230616,17.56,0.7032,0.8324,0.77,69.0043,77.0761,7.7323,7.1839,7.2336,1.013,1.139,50250.7955,32546.8098,27495.1723,882403.969,571521.9801,0
2595,000726.SZ,20230616,6.57,0.9815,1.2944,0.99,5.8872,6.3033,0.6431,0.8178,0.8423,1.066,2.5881,86369.7519,58060.3184,44024.9601,567449.27,381456.2919,0
2596,002813.SZ,20230616,35.12,2.7395,8.2841,0.63,1281.4163,,10.8914,12.3416,12.3768,0.0,,12000.0,11801.4886,3902.6446,421440.0,414468.2796,0
2597,002274.SZ,20230616,7.18,0.4295,0.716,0.95,7.8407,8.2023,1.3889,0.756,0.7846,4.1783,4.1783,95236.4646,93799.913,56264.5929,683797.8158,673483.3753,0
2598,601228.SH,20230616,3.24,0.2388,1.1544,0.96,22.6306,22.0112,1.2355,1.9192,1.8945,1.4441,,754453.1351,653101.7838,135073.0696,2444428.1577,2116049.7795,0
2599,601326.SH,20230616,3.48,0.7873,3.3942,0.99,14.8608,13.9839,1.0926,2.8101,2.7788,1.6092,1.6092,558741.2,475755.9,110357.5437,1944419.376,1655630.532,0
2600,300587.SZ,20230616,8.06,0.9484,1.1189,0.64,21.1575,30.3954,2.9494,5.045,5.5662,0.579,0.9512,107686.3448,92987.1132,78819.829,867951.9391,749476.1324,0
2601,688070.SH,20230616,41.8,0.5699,0.6945,1.36,,,5.4517,12.7419,11.4533,,,8758.0,3838.0,3149.16,366084.4,160428.4,0
2602,002997.SZ,20230616,29.74,4.8342,6.3024,0.84,38.9937,32.5175,4.1791,4.6765,3.8547,0.6724,,18363.2143,11448.2143,8781.2543,546121.9933,340469.8933,0
2603,002170.SZ,20230616,6.79,2.1879,2.6126,1.22,49.8443,35.2629,2.6663,2.1161,2.0557,0.1468,0.1468,88986.2627,70822.812,59308.7985,604216.7237,480886.8935,0
2604,300075.SZ,20230616,28.8,13.3907,14.4085,1.56,57.7505,55.1005,3.7851,9.6376,9.503,0.1519,,51053.3465,41662.8314,38719.811,1470336.3792,1199889.5443,0
2605,000820.SZ,20230616,3.64,1.1993,1.1996,0.95,,,32.6202,14.8001,13.7958,0.0,,63724.5222,28765.692,28760.292,231957.2608,104707.1189,0
2606,000901.SZ,20230616,10.4,3.1172,4.7886,1.67,284.6838,383.6522,1.9488,1.4462,1.417,0.2885,0.125,79820.1406,79820.1406,51958.7701,830129.4622,830129.4622,0
2607,300264.SZ,20230616,7.84,21.0375,22.199,1.01,,,22.684,23.0026,20.9326,0.0,,43085.7518,35650.011,33784.7443,337792.2941,279496.0862,0
2608,688456.SH,20230616,33.2,1.058,1.058,0.98,62.0715,67.9202,3.0315,1.2377,1.3095,,,10366.0,6440.875,6440.875,344151.2,213837.05,0
2609,300796.SZ,20230616,11.76,0.7332,1.3061,1.06,27.7793,24.7682,2.5999,5.5295,5.2624,0.2025,0.5669,36114.2872,36114.2872,20273.761,424704.0175,424704.0175,0
2610,688506.SH,20230616,77.7,4.2177,4.2177,1.71,,,40.7909,44.3033,44.1707,,,40100.0,3306.3298,3306.3298,3115770.0,256901.8255,0
2611,605007.SH,20230616,14.53,1.9834,1.9834,1.01,28.3635,80.5014,2.9736,0.9762,0.9882,2.0619,3.163,40055.6257,8290.672,8290.672,582008.2414,120463.4642,0
2612,601678.SH,20230616,4.57,0.3112,0.371,0.95,7.9812,10.6895,0.8475,1.0577,1.1189,3.2682,2.7928,205803.6276,205803.6276,172604.5566,940522.5781,940522.5781,0
2613,002235.SZ,20230616,7.33,11.4538,13.8636,1.08,,,4.2355,11.7613,13.9467,0.0,,57957.2284,54823.6951,45294.3894,424826.4842,401857.6851,0
2614,002688.SZ,20230616,4.59,0.6415,0.9901,0.64,47.4183,44.3928,1.6442,1.6875,1.6816,0.0,2.1042,78042.2398,76582.9767,49620.6785,358213.8807,351515.8631,0
2615,300506.SZ,20230616,6.15,0.7695,0.9555,0.46,,,7.9747,34.7719,187.6314,0.0,,69559.6569,56743.1584,45693.4388,427791.8899,348970.4242,0
2616,688129.SH,20230616,13.67,0.6562,0.6562,1.27,76.265,121.2063,1.9921,4.1672,4.0966,,,12000.0,4143.0,4143.0,164040.0,56634.81,0
2617,300018.SZ,20230616,6.66,1.6458,1.7432,0.97,360.5055,71.4032,2.6645,7.2319,7.1459,0.0,,48083.1536,38798.4676,36631.3876,320233.803,258397.7942,0
2618,601858.SH,20230616,40.4,3.3668,13.152,0.91,68.1371,64.8522,6.552,11.789,11.4501,0.6287,0.6287,79050.0,79050.0,20236.3636,3193620.0,3193620.0,0
2619,001313.SZ,20230616,8.0,0.6268,1.1573,0.64,48.6658,51.7479,2.0895,0.7896,0.7924,0.6875,0.6,70000.0,21809.2001,11811.2001,560000.0,174473.6008,0
2620,688362.SH,20230616,35.09,11.2864,11.2864,1.67,103.5592,838.3966,5.7128,6.5709,7.0778,,,40766.0,4800.0,4800.0,1430478.94,168432.0,0
2621,300791.SZ,20230616,30.49,0.4798,1.3137,0.47,25.9243,24.2389,2.302,2.195,1.9738,1.3095,1.1479,18049.732,15267.3903,5576.0003,550336.3287,465502.7302,0
2622,002821.SZ,20230616,139.8,1.1237,1.7634,0.71,15.6522,15.0551,3.1656,5.0391,4.9487,0.4091,0.4091,36965.5381,32720.2011,20850.1668,5167782.2264,4574284.1138,0
2623,601127.SH,20230616,34.69,7.2458,15.3194,1.67,,,4.8371,1.523,1.5248,0.0,,149728.3184,149728.3184,70818.9499,5194075.3653,5194075.3653,0
2624,000516.SZ,20230616,8.89,1.4021,1.7446,0.85,,,4.8335,7.4612,5.8372,0.0,,227525.5232,189977.5782,152680.6906,2022701.9012,1688900.6702,0
2625,000902.SZ,20230616,10.21,0.3495,0.6857,0.63,10.1724,10.1609,1.5398,0.8347,0.8413,1.8841,1.8841,130452.929,118544.1746,60427.4974,1331924.4051,1210336.0227,0
2626,600746.SH,20230616,6.7,0.1521,0.3742,0.92,15.4898,,1.4564,1.091,1.2181,14.9254,,116784.2884,116608.2347,47408.4295,782454.7323,781275.1725,0
2627,603773.SH,20230616,27.73,5.1965,7.7226,1.15,,,3.4499,3.3938,3.4174,0.2578,,17118.2564,15638.2217,10522.8873,474689.25,433647.8877,0
2628,301072.SZ,20230616,23.66,4.5106,4.5106,0.38,69.4559,73.0261,3.0742,3.5888,3.5756,0.1902,0.1902,10505.48,3335.48,3335.48,248559.6568,78917.4568,0
2629,600004.SH,20230616,14.24,0.5797,1.3525,1.32,,,1.9556,8.4871,8.2375,0.0,,236671.8283,236671.8283,101448.8731,3370206.835,3370206.835,0
2630,300901.SZ,20230616,14.64,23.3766,29.1444,4.93,47.6385,49.9217,3.4396,6.1434,6.4654,0.3415,0.6771,24000.0,12166.8,9758.94,351360.0,178121.952,1
2631,600590.SH,20230616,6.9,1.697,2.9033,1.29,76.0636,,1.6438,0.9506,0.9456,0.0,,85286.975,84356.9523,49306.2306,588480.1275,582062.9709,0
2632,920370.BJ,20230616,2.52,0.1526,0.3049,1.22,,,1.0172,1.2846,1.2953,,,30628.0,26747.5469,13382.164,77182.56,67403.8182,0
2633,688766.SH,20230616,117.49,3.1945,3.1945,0.9,106.7069,657.8168,4.5165,9.5934,9.8069,,,7551.5285,4306.0364,4306.0364,887229.0835,505916.2166,0
2634,000099.SZ,20230616,9.74,8.5882,12.8114,0.58,38.9023,39.3976,1.5148,4.2022,4.1018,0.8214,,77577.0137,71021.5136,47609.5662,755600.1134,691749.5425,0
2635,300014.SZ,20230616,60.99,1.787,2.7468,1.06,35.5571,30.2286,3.9155,3.4368,3.0614,0.2433,0.2433,204572.1497,184853.0796,120265.8621,12476855.4102,11274189.3248,0
2636,301335.SZ,20230616,24.55,1.3493,1.3493,0.87,24.0454,25.1442,1.6501,1.6395,1.6369,,1.4548,12600.0,3150.0,3150.0,309330.0,77332.5,0
2637,603186.SH,20230616,34.18,3.9058,6.5209,1.56,134.5338,,3.0099,1.4774,1.5138,1.463,0.2341,14201.1721,14189.3001,8499.0233,485396.0624,484990.2774,0
2638,688767.SH,20230616,28.7,0.6772,0.6772,0.45,3.957,10.4474,1.3087,1.6103,3.0999,,,10666.6667,3910.8925,3910.8925,306133.3343,112242.6148,0
2639,688522.SH,20230616,53.67,4.6431,4.6431,1.47,78.3454,77.4219,3.8451,39.5268,38.0734,,,15466.68,3579.4092,3579.4092,830096.7156,192106.8918,0
2640,300660.SZ,20230616,33.31,11.4463,34.3081,3.07,40.8165,40.447,3.5616,3.6414,3.6619,1.1051,1.1419,31701.8474,31688.3708,10572.3233,1055988.5369,1055539.6313,0
2641,301269.SZ,20230616,120.78,2.4164,2.4164,0.51,353.4962,334.2818,14.2839,82.1698,76.1775,0.0,0.1242,54294.1768,7817.2143,7817.2143,6557650.6739,944163.1432,0
2642,301256.SZ,20230616,8.63,1.9675,2.2331,0.96,33.9129,27.1155,2.5677,3.6497,3.3284,0.5794,1.5064,48000.0,13620.0,12000.0,414240.0,117540.6,0
2643,920566.BJ,20230616,6.89,0.2095,0.2465,1.27,9.8935,11.2406,1.3947,2.2838,2.3453,,,14656.108,11482.9761,9759.284,100980.5841,79117.7053,0
2644,301085.SZ,20230616,85.02,29.3592,35.9253,0.84,84.4589,80.6412,8.6045,4.661,4.2689,1.4702,0.147,8000.0,3182.1223,2600.5239,680160.0,270544.0379,0
2645,688261.SH,20230616,130.24,2.337,3.2781,0.73,43.2033,39.9206,4.3779,11.0046,10.129,,,9432.6914,5404.4848,3852.9348,1228513.7279,703880.1004,0
2646,920779.BJ,20230616,25.01,1.6353,1.6353,0.35,20.2519,18.4951,2.7378,8.5654,8.0192,,,5720.0,1217.3201,1217.3201,143057.2,30445.1757,0
2647,688508.SH,20230616,63.0,1.6741,1.8553,0.71,79.4609,93.0856,4.8626,9.9211,9.8949,,,11331.936,7676.836,6926.836,713911.968,483640.668,0
2648,002903.SZ,20230616,26.34,4.7015,5.5989,0.7,72.3612,82.0229,5.2662,11.2071,12.3026,0.7598,0.5695,15224.4,9913.0408,8324.1812,401010.696,261109.4947,0
2649,300952.SZ,20230616,21.73,3.6763,3.6763,0.88,25.8765,25.8014,3.0153,3.5262,3.5476,0.5062,0.5062,14492.7653,4485.2653,4485.2653,314927.79,97464.815,0
2650,600837.SH,20230616,9.53,0.3916,0.4063,0.92,19.0214,16.6468,0.7435,4.7981,4.1039,3.148,3.148,1306420.0,887338.118,855376.0113,12450182.6,8456332.2645,0
2651,000948.SZ,20230616,19.4,3.7663,6.4061,1.1,55.8151,55.1791,3.1806,0.893,0.8608,0.2577,0.5155,39436.0697,38110.462,22405.968,765059.7522,739342.9628,0
2652,603889.SH,20230616,7.67,1.572,2.8893,0.77,14.1,13.5514,1.9321,1.3912,1.3621,2.7938,3.7251,71644.4943,71644.4943,38980.4356,549513.2713,549513.2713,0
2653,002438.SZ,20230616,11.55,1.0458,1.4938,1.44,25.7616,25.5181,1.9514,2.9984,3.0205,0.4329,0.8658,50753.7461,46892.6867,32829.8174,586205.7675,541610.5314,0
2654,605168.SH,20230616,154.61,2.409,5.456,1.1,21.2918,19.1814,5.7646,2.7735,2.7559,1.3332,,10140.7289,10081.6626,4451.3796,1567858.0952,1558725.8546,0
2655,920971.BJ,20230616,7.74,0.0448,0.045,0.13,22.5299,27.1777,1.8766,4.318,4.4988,,,10372.8002,3207.1077,3195.2246,80285.4735,24823.0136,0
2656,002202.SZ,20230616,10.82,0.5574,0.7437,1.35,19.1804,19.4303,1.2583,0.9845,1.0021,2.3105,2.3105,422506.7647,339342.7029,254319.2898,4571523.1941,3671688.0454,0
2657,600052.SH,20230616,4.48,0.4456,0.8134,0.74,,,1.3019,17.2083,14.8826,0.0,,84419.4741,84419.4741,46242.7645,378199.244,378199.244,0
2658,601577.SH,20230616,8.07,0.3518,0.4319,0.93,4.7648,4.6567,0.5782,1.4192,1.3774,4.3371,4.3371,402155.3754,206760.6477,168381.4916,3245393.8795,1668558.4269,0
2659,301035.SZ,20230616,75.09,0.6062,0.6062,0.56,14.7241,17.2188,3.5203,1.439,1.5329,1.1056,2.1707,27711.5744,8785.1742,8785.1742,2080862.1217,659678.7307,0
2660,600125.SH,20230616,6.22,1.8021,2.5747,1.2,24.0611,21.0919,1.1872,0.6766,0.6482,1.2862,1.2862,130552.1874,130552.1874,91377.407,812034.6056,812034.6056,0
2661,002535.SZ,20230616,3.49,22.438,26.8646,13.35,162.4537,66.8964,6.3949,2.4986,2.2383,0.0,,80168.3074,57089.2553,47682.4649,279787.3928,199241.501,0
2662,002242.SZ,20230616,14.63,0.4425,1.3486,0.51,21.1925,23.1537,3.4956,1.1027,1.1521,10.2077,5.4397,76701.7,76570.57,25125.7864,1122145.871,1120227.4391,0
2663,603217.SH,20230616,25.85,0.3037,0.822,1.12,11.4678,13.4828,1.7541,2.006,2.1639,1.9342,,20820.64,20564.032,7597.6891,538213.544,531580.2272,0
2664,600308.SH,20230616,3.57,0.9438,1.5324,1.78,12.7107,15.8762,0.5918,0.3569,0.365,4.4846,4.4846,151687.0176,151687.0176,93425.2753,541522.6528,541522.6528,0
2665,605188.SH,20230616,9.45,42.8587,42.8587,0.76,248.9819,154.4436,4.1559,2.0815,2.0296,0.3175,0.4233,49558.0,6037.9998,6037.9998,468323.1,57059.0981,0
2666,002699.SZ,20230616,1.59,3.7625,4.2302,0.69,,,1.2095,1.1708,1.2995,0.0,,90957.2725,90946.0225,80891.0403,144622.0633,144604.1758,0
2667,002931.SZ,20230616,11.2,0.8677,2.097,1.15,45.907,67.9023,3.4059,3.7981,4.2615,0.8927,0.8927,19917.2385,18067.6046,7475.8672,223073.0712,202357.1715,0
2668,600391.SH,20230616,21.15,2.0304,3.1734,1.29,149.8118,115.5811,4.5275,1.8368,1.8414,0.0,,33012.9367,33012.9367,21122.2062,698223.6112,698223.6112,0
2669,300065.SZ,20230616,13.02,3.314,3.434,1.34,,,4.8284,13.0212,12.6841,0.0,,72448.0225,61670.8254,59516.0231,943273.253,802954.1467,0
2670,600698.SH,20230616,4.58,0.903,1.7349,1.71,,,6.2612,14.8617,13.8587,0.0,,107278.0032,83016.7821,43210.0241,491333.2547,380216.862,0
2671,002836.SZ,20230616,7.95,0.7544,2.0803,1.06,21.7807,22.112,4.9882,12.2368,12.5828,0.8735,5.0664,23040.0,23040.0,8355.312,183168.0,183168.0,0
2672,300673.SZ,20230616,14.24,1.1001,1.4197,0.83,28.3874,59.6471,2.0912,2.0838,2.3326,0.2083,,25342.0773,16372.7223,12686.0823,360871.1808,233147.5656,0
2673,603009.SH,20230616,6.94,8.5778,14.2451,0.89,54.1863,89.5576,1.4768,1.4597,1.4944,0.9222,1.4986,35873.0089,33840.897,20377.6115,248958.6818,234855.8252,0
2674,600662.SH,20230616,6.11,0.6757,1.1261,1.13,25.5464,25.1042,3.4081,0.9518,0.8846,3.272,3.272,228419.965,105336.2191,63201.7315,1395645.9862,643604.2987,0
2675,002562.SZ,20230616,4.29,0.6889,0.8283,0.93,14.9248,21.3853,1.4351,1.3367,1.4215,0.0,2.331,106291.2523,70011.8025,58222.3565,455989.4724,300350.6327,0
2676,300459.SZ,20230616,7.1,11.2795,12.6707,0.96,56.7355,69.411,6.2424,15.2871,16.5323,0.0,,351581.0939,300078.3208,267130.5448,2496225.7667,2130556.0777,0
2677,002180.SZ,20230616,36.41,0.6997,1.0299,0.44,27.681,31.5673,3.213,1.9944,1.9429,0.2742,0.2742,141627.7738,127911.5286,86902.137,5156667.2441,4657258.7563,0
2678,300833.SZ,20230616,104.37,0.3524,0.8184,1.06,24.7106,22.3066,4.2703,7.1982,6.6619,0.7665,2.1079,8432.7,5353.6313,2305.2,880120.899,558758.4988,0
2679,600218.SH,20230616,8.56,0.7114,1.026,1.0,36.1547,37.6613,1.1911,0.7554,0.769,1.2266,1.2266,43559.9919,41265.8743,28611.6243,372873.5307,353235.884,0
2680,601106.SH,20230616,3.29,0.5043,1.396,1.51,218.5236,221.5312,1.9199,0.9446,0.9338,0.0,,685778.2927,685778.2927,247721.9039,2256210.583,2256210.583,0
2681,002598.SZ,20230616,11.18,3.0361,4.6979,2.1,31.6614,29.2148,3.1759,1.8606,1.7738,0.8945,,31200.0,28039.8826,18121.4463,348816.0,313485.8875,0
2682,688197.SH,20230616,50.11,2.0522,2.5377,1.43,,,6.4275,4078.5496,4080.1305,,,14871.9343,5064.548,4095.6,745232.6278,253784.5003,0
2683,688478.SH,20230616,49.04,14.3465,14.3465,0.89,196.4752,177.864,4.4051,30.5662,27.8572,,,13836.6096,2858.5143,2858.5143,678547.3348,140181.5413,0
2684,600785.SH,20230616,14.54,1.7429,3.0113,1.06,35.0955,24.3731,1.5573,0.5576,0.5465,0.0,0.6878,22563.128,22563.128,13059.2086,328067.8811,328067.8811,0
2685,603123.SH,20230616,10.27,1.3571,2.7284,1.06,,,2.3934,2.0681,2.0456,0.6329,0.6329,79873.6665,65227.5949,32443.4516,820302.555,669887.3996,0
2686,600633.SH,20230616,17.22,6.7043,12.8042,1.05,44.5093,30.6784,2.3064,4.2025,4.3017,0.4646,0.4646,126573.0523,126573.0523,66273.8455,2179587.9606,2179587.9606,1
2687,003038.SZ,20230616,35.01,5.4644,5.4644,2.52,27.4868,30.709,2.7348,1.2243,1.1494,0.6178,0.5713,14762.2137,6813.4639,6813.4639,516825.1016,238539.3711,0
2688,301301.SZ,20230616,9.23,4.5143,4.5143,1.06,49.8555,42.1829,3.3235,5.3699,5.0122,,1.0076,222280.0,20920.7795,20920.7795,2051644.4,193098.7948,0
2689,688292.SH,20230616,32.92,12.4472,12.4472,1.35,108.9028,106.2585,5.3342,11.5145,11.0791,,,15714.6667,3613.3232,3613.3232,517326.8278,118950.5997,0
2690,603912.SH,20230616,11.22,6.3045,15.1087,0.9,166.5285,227.6249,3.3489,9.7297,9.9005,0.8924,0.6366,54177.0233,42526.029,17745.1177,607866.2014,477142.0454,0
2691,688276.SH,20230616,59.54,0.5106,1.0828,0.63,135.4025,134.613,6.9732,22.9415,22.0834,,,41284.0698,23970.1898,11303.0113,2458053.5159,1427185.1007,0
2692,002901.SZ,20230616,31.46,0.3337,2.0957,0.65,141.2405,334.8266,4.2582,9.0824,9.341,1.6013,,41401.9506,35058.0024,5581.6306,1302505.3659,1102924.7555,0
2693,002544.SZ,20230616,23.21,1.7343,3.0827,1.81,74.2542,73.3454,4.1727,2.2395,2.2241,0.4482,0.4482,68269.4505,66830.0294,37596.7292,1584533.9461,1551124.9824,0
2694,603330.SH,20230616,10.76,1.7223,3.4578,2.44,,,2.4072,3.2648,3.2241,0.7098,,43267.3649,33282.5884,16578.3618,465556.8463,358120.6512,0
2695,601375.SH,20230616,3.79,0.4708,0.6184,1.12,165.1048,110.9195,1.2739,9.3546,8.9958,0.5541,0.5541,464288.47,344751.97,262453.5853,1759653.3013,1306609.9663,0
2696,688082.SH,20230616,121.37,3.0397,3.0397,0.7,78.7163,66.1803,9.2913,18.3153,16.7844,,,43355.71,7468.8322,7468.8322,5262082.5227,906492.1641,0
2697,002462.SZ,20230616,13.91,3.2996,4.6169,2.96,13.6651,14.1959,0.9787,0.1548,0.153,2.66,2.66,29170.712,29110.0981,20804.3745,405764.6039,404921.4646,0
2698,603659.SH,20230616,34.97,0.4069,0.9363,1.01,22.7172,22.249,5.1463,4.5606,4.3989,0.497,0.6705,201670.3441,201178.9353,87427.5436,7052411.9332,7035227.3674,0
2699,300499.SZ,20230616,22.54,21.0912,21.9674,0.86,24.2512,25.5021,4.771,3.6529,4.2632,0.0,,30862.0124,27191.1172,26106.4646,695629.7595,612887.7817,0
2700,688026.SH,20230616,17.58,0.54,1.1236,0.73,28.1327,65.1095,2.4907,4.0464,4.9977,,,14036.322,14000.006,6728.2691,246758.5408,246120.1055,0
2701,301181.SZ,20230616,28.35,4.3868,4.3868,0.58,27.3729,26.054,2.5718,6.4054,6.4055,1.628,1.628,11700.0,3900.0,3900.0,331695.0,110565.0,0
2702,300943.SZ,20230616,15.86,5.9112,5.9112,0.88,42.9124,32.5266,3.5466,6.5618,6.9667,0.4624,0.9458,20382.0,9871.1832,9871.1832,323258.52,156556.9656,0
2703,688179.SH,20230616,31.95,1.3951,1.3951,0.87,48.9711,57.5532,4.7958,11.9586,12.1336,,,14152.0391,7353.7107,7353.7107,452157.6492,234951.0569,0
2704,300858.SZ,20230616,24.88,2.3244,2.3244,1.19,39.7712,41.0387,2.546,11.8389,12.3028,1.7038,1.7038,17566.3412,5387.9007,5387.9007,437050.5691,134050.9694,0
2705,002605.SZ,20230616,47.34,5.8745,9.0824,0.96,55.9199,42.8315,6.9489,4.9788,4.7621,0.6234,1.1515,41173.119,32905.0337,21282.9677,1949135.4535,1557724.2954,0
2706,300887.SZ,20230616,37.92,1.022,1.0221,0.86,33.976,33.5832,3.0572,2.8972,2.9034,0.5851,,28743.6495,10235.2869,10234.4229,1089959.189,388122.0792,0
2707,600076.SH,20230616,2.67,0.6027,0.8667,0.77,,,0.7792,8.0371,11.3958,0.0,,134454.3367,103426.4129,71925.2851,358993.079,276148.5224,0
2708,300277.SZ,20230616,8.39,1.7869,2.5472,1.17,273.1859,245.2092,5.8723,10.9079,11.1632,0.3576,0.2384,33500.0,33443.48,23460.48,281065.0,280590.7972,0
2709,002204.SZ,20230616,4.92,0.7578,2.0037,1.36,32.9744,28.5805,1.3998,0.9174,0.8768,0.6098,0.6098,193137.0032,193137.0032,73048.9274,950234.0557,950234.0557,0
2710,300366.SZ,20230616,12.35,7.6374,8.4091,1.1,,,3.0825,3.4228,3.251,0.0,,60757.615,49566.2267,45017.8823,750356.5453,612142.8997,0
2711,601390.SH,20230616,7.88,1.1784,2.6947,1.17,6.2364,6.1788,0.7422,0.1694,0.1686,2.486,2.486,2475219.5983,2036353.9283,890481.3393,19504730.4346,16046468.955,0
2712,603225.SH,20230616,11.13,0.3938,1.0919,0.63,,,1.0894,0.3352,0.3231,1.9963,,152946.9839,152946.9839,55163.9501,1702299.9308,1702299.9308,0
2713,300551.SZ,20230616,21.33,5.0823,5.1112,1.04,,,6.9744,14.0385,13.0676,0.0472,,34575.2939,23545.4076,23412.681,737491.0189,502223.5441,0
2714,000890.SZ,20230616,4.05,1.59,2.6717,1.1,,,124.3068,2.5075,2.7464,0.0,,41950.3968,41949.1046,24965.2336,169899.107,169893.8736,0
2715,920433.BJ,20230616,3.35,0.0918,0.1725,0.83,58.7912,51.9869,1.7852,5.5455,4.7674,,,26101.7281,16913.2685,8997.9678,87440.7891,56659.4495,0
2716,003015.SZ,20230616,9.06,0.7783,0.7783,0.67,63.8335,123.4337,2.5694,5.428,5.6506,2.1404,2.1325,28106.6667,19286.1269,19286.1269,254646.4003,174732.3097,0
2717,301082.SZ,20230616,18.12,4.5184,4.5184,1.12,37.0753,50.8834,2.8047,1.5325,1.6812,1.6556,1.1038,16164.941,6616.8204,6616.8204,292908.7309,119896.7856,0
2718,603307.SH,20230616,49.4,3.5427,3.5427,1.03,13.8233,13.4396,2.7787,2.9344,2.9547,,,6700.0,1675.0,1675.0,330980.0,82745.0,0
2719,920729.BJ,20230616,6.81,0.0816,0.0834,0.3,21.6365,20.7755,2.9288,5.3382,5.3015,,,27335.0,8024.4567,7854.7659,186151.35,54646.5501,0
2720,688028.SH,20230616,21.07,1.3306,2.2453,1.9,51.4539,49.0373,1.7402,7.8018,7.133,,,15341.3344,13228.7704,7839.5977,323241.9158,278730.1923,0
2721,002319.SZ,20230616,15.13,0.6179,0.8349,0.67,,,40.2441,7.5001,7.8686,0.0,,20000.0,20000.0,14800.0041,302600.0,302600.0,0
2722,603032.SH,20230616,33.67,1.8535,4.1801,0.73,48.6591,37.2692,6.9148,13.6151,11.4666,0.0,,23545.62,22811.6,10114.9104,792781.0254,768066.572,0
2723,600549.SH,20230616,19.34,0.5765,0.97,1.0,18.9692,18.2029,2.6234,0.5689,0.5928,1.3444,,141845.92,141101.14,83849.7044,2743300.0928,2728896.0476,0
2724,600917.SH,20230616,6.82,0.2831,0.7102,1.15,26.6782,42.8358,2.1772,1.2263,1.1852,2.1701,2.1701,157134.0,156103.976,62220.4002,1071653.88,1064629.1163,0
2725,000683.SZ,20230616,6.96,1.2049,1.587,0.82,9.4775,10.0042,1.9828,2.2944,2.3321,1.4368,2.1552,362175.856,327682.9798,248781.339,2520743.9578,2280673.5394,0
2726,600874.SH,20230616,5.87,0.4827,1.1536,1.07,12.2706,12.0691,1.0611,2.0385,2.0822,2.1978,2.1978,157041.8085,123041.8085,51485.2899,921835.4159,722255.4159,0
2727,688372.SH,20230616,137.7,5.5131,5.5131,0.96,49.3529,53.2188,4.9896,16.3827,16.9725,,,8721.07,1875.0322,1875.0322,1200891.339,258191.9339,0
2728,300825.SZ,20230616,18.96,7.4635,8.711,0.88,116.616,115.9323,3.9411,9.9578,9.6874,0.0,,49743.4856,47188.2378,40430.2848,943136.487,894688.9887,0
2729,600067.SH,20230616,2.8,0.7595,1.2066,1.47,55.4846,122.9087,0.5552,0.3498,0.3708,0.0,,139166.8739,139166.8739,87594.6371,389667.2469,389667.2469,0
2730,002039.SZ,20230616,13.7,0.5182,0.8395,0.43,14.1403,18.83,1.6565,2.2416,2.5757,1.0428,2.1898,42755.8126,42755.8126,26391.5181,585754.6326,585754.6326,0
2731,920273.BJ,20230616,9.86,0.1515,0.1515,0.6,11.1364,11.7751,1.3651,1.6256,1.585,,,7375.4,2371.5,2371.5,72721.444,23382.99,0
2732,301186.SZ,20230616,37.16,24.6477,29.2237,0.81,39.1861,35.2733,2.3226,5.2883,4.9444,0.8073,,7275.8822,2160.0734,1821.8382,270371.7826,80268.3275,0
2733,300409.SZ,20230616,12.41,1.2013,1.3801,1.08,83.7514,,1.2832,1.0519,1.0942,0.4011,0.4029,58166.6921,47807.0283,41613.6956,721848.649,593285.2212,0
2734,000930.SZ,20230616,7.99,0.4234,0.9572,1.11,14.0708,20.945,1.2307,0.748,0.7817,3.0672,,186472.0561,185643.3959,82120.0697,1489911.7282,1483290.7332,0
2735,002346.SZ,20230616,12.25,0.4302,0.8834,0.77,12.0044,12.081,1.9713,7.4548,7.4308,1.6246,,44157.5416,39475.1885,19223.4158,540929.8846,483571.0591,0
2736,600351.SH,20230616,6.94,3.5708,4.0691,2.0,51.0611,37.9834,1.7365,1.966,1.8921,1.1527,,77000.0023,77000.0023,67570.0023,534380.016,534380.016,0
2737,300723.SZ,20230616,30.12,1.9781,2.9154,1.5,44.573,40.2385,6.4743,5.6822,5.2234,0.4368,0.4374,43016.6003,19919.6134,13515.4391,1295660.001,599978.7556,0
2738,600070.SH,20230616,3.03,1.643,2.1898,0.97,,,1.3001,7.8974,7.9127,0.0,,50742.0732,50672.0732,38020.0024,153748.4818,153536.3818,0
2739,002178.SZ,20230616,3.75,2.0872,3.2223,1.38,,,6.3021,4.2663,4.1404,0.0,,71215.3001,71152.4366,46088.8633,267057.3754,266821.6373,0
2740,003035.SZ,20230616,6.57,3.9392,6.3447,2.1,44.9658,45.5815,3.7995,8.6168,8.7102,0.1918,0.1918,378787.8787,163606.0605,101575.7575,2488636.3631,1074891.8175,0
2741,600803.SH,20230616,18.49,1.4664,2.5414,4.13,9.8033,8.751,2.9917,0.3719,0.3743,1.5243,1.5243,309839.7607,146128.1888,84317.9498,5728937.1753,2701910.2109,0
2742,605055.SH,20230616,6.1,3.5458,3.5458,1.48,,,2.4426,1.9588,1.9767,0.0,,44000.0,9894.7368,9894.7368,268400.0,60357.8945,0
2743,603338.SH,20230616,53.0,0.5121,1.1939,0.39,21.3455,19.4326,3.6344,4.9285,4.8849,0.6415,0.6415,50634.7879,50634.7879,21719.4099,2683643.7587,2683643.7587,0
2744,605111.SH,20230616,45.71,2.1485,2.2546,1.12,31.3224,35.1534,4.1095,7.527,7.727,0.6025,0.6391,29820.4073,21805.0769,20779.4509,1363090.8177,996710.0651,0
2745,301029.SZ,20230616,44.1,0.4595,0.8888,0.59,50.3238,44.9868,9.4994,10.1335,9.3313,0.4709,1.0378,57786.912,29741.5771,15374.5009,2548402.8192,1311603.5501,0
2746,688611.SH,20230616,41.83,4.719,4.719,1.23,57.4499,55.3062,4.0494,17.2286,16.6301,,,7826.0,1956.5,1956.5,327361.58,81840.395,0
2747,003022.SZ,20230616,24.31,2.7568,3.442,1.2,37.4808,35.8372,4.7593,3.9803,3.9705,0.8227,0.8227,133556.8,30669.6,24563.9001,3246765.808,745577.976,0
2748,000558.SZ,20230616,3.26,1.8081,2.9933,0.87,,,3.8468,35.2525,23.4201,0.0,,128922.3949,128862.1496,77839.3535,420287.0074,420090.6077,0
2749,300334.SZ,20230616,8.61,5.8766,10.0951,1.04,,,4.4399,10.6235,10.941,0.0,,30206.5356,30202.9761,17582.0396,260078.2715,260047.6242,0
2750,688518.SH,20230616,26.86,2.5104,2.5119,1.75,33.9389,26.6424,3.1862,3.2099,2.8159,,,33729.2475,25153.9685,25138.9685,905967.5879,675635.5939,0
2751,301016.SZ,20230616,19.76,2.8278,2.8278,0.89,26.1116,31.544,2.4843,5.2653,6.1362,0.7591,1.8725,12000.0,3000.0,3000.0,237120.0,59280.0,0
2752,600661.SH,20230616,10.36,1.5251,2.7308,0.49,17.7226,45.8666,9.315,3.9039,3.9573,0.0,,28654.883,28654.883,16002.5681,296864.5879,296864.5879,0
2753,603466.SH,20230616,15.71,2.0777,4.2388,0.85,141.48,74.1899,4.3407,5.5556,5.0164,2.1594,2.1594,59477.4319,59477.4319,29153.7219,934390.4551,934390.4551,0
2754,300294.SZ,20230616,37.44,0.542,0.8416,0.77,43.6816,37.8368,2.6022,6.8435,6.4877,0.4006,0.5342,50424.8738,42594.0163,27434.6173,1887907.2751,1594719.9703,0
2755,002595.SZ,20230616,34.65,0.6091,0.828,1.46,23.0961,21.6947,3.613,4.1733,4.0893,1.0778,1.0778,80000.0,53338.4526,39238.1601,2772000.0,1848177.3826,0
2756,688285.SH,20230616,9.6,3.3884,3.3884,0.92,25.4931,26.941,2.2577,2.4271,2.5073,,,37628.9913,8939.5,8939.5,361238.3165,85819.2,0
2757,600973.SH,20230616,4.87,1.0863,2.0218,1.47,103.1408,101.4489,1.771,0.161,0.1594,0.0,,137136.6248,137136.6248,73682.941,667855.3628,667855.3628,0
2758,001230.SZ,20230616,24.69,0.7771,0.7771,0.68,22.1593,21.8598,1.6344,2.1793,2.0927,0.0,,11139.3348,2784.8337,2784.8337,275030.1762,68757.5441,0
2759,600737.SH,20230616,8.36,0.8115,1.647,0.45,24.0444,22.6849,1.7772,0.6763,0.6782,1.3158,1.3158,213884.8228,213884.8228,105381.5155,1788077.1186,1788077.1186,0
2760,688390.SH,20230616,172.1,8.0471,8.0471,2.25,45.7175,30.405,12.2821,6.302,5.1359,,,17248.0,11303.32,11303.32,2968380.8,1945301.372,0
2761,300394.SZ,20230616,107.3,6.0386,10.9239,1.11,105.1209,102.7647,16.6907,35.4045,35.2795,0.3698,0.466,39475.8977,35843.6155,19813.7504,4235763.8232,3846019.9432,0
2762,920682.BJ,20230616,5.06,0.2557,0.2557,0.48,9.7358,9.2264,1.0918,0.3962,0.3847,,,20800.0,7993.31,7993.31,105248.0,40446.1486,0
2763,688302.SH,20230616,54.97,2.1855,2.9577,1.47,,,3.5594,3297.0763,3297.0763,,,9901.5598,4284.627,3165.99,544288.7422,235525.9462,0
2764,300564.SZ,20230616,12.89,1.9286,3.8866,0.76,14.1874,16.0121,1.567,2.421,2.5395,2.9092,2.9092,16459.2,10882.0,5400.0,212159.088,140268.98,0
2765,601009.SH,20230616,8.66,0.135,0.2564,0.98,4.8662,4.7596,0.6878,2.0082,1.9782,5.3109,5.3109,1034373.2928,921262.4666,485083.659,8957672.7156,7978132.9608,0
2766,603300.SH,20230616,5.66,0.8567,1.0061,1.97,17.201,16.357,2.3199,3.3649,3.1709,1.0383,1.0383,194891.8154,177391.8154,151058.745,1103087.6752,1004037.6752,0
2767,002195.SZ,20230616,3.06,1.3264,1.4704,0.91,82.6525,81.3117,1.8415,26.2503,28.0266,0.6386,,572484.7663,565635.2079,510242.7645,1751803.3849,1730843.7362,0
2768,002573.SZ,20230616,5.44,0.6099,1.1158,1.23,17.48,17.428,1.1946,0.9715,0.9438,1.7988,1.7988,143448.6079,107921.1788,58990.9618,780360.427,587091.2127,0
2769,002374.SZ,20230616,4.06,0.9325,1.1383,0.63,,,3.3001,5.2546,5.6555,0.0,,108795.3783,106636.3673,87353.9894,441709.2359,432943.6512,0
2770,300792.SZ,20230616,30.63,2.6817,5.0538,0.8,40.5878,42.7905,2.6689,4.7493,4.7117,0.8124,0.4867,23857.1459,20785.6122,11029.5557,730744.3789,636663.3017,0
2771,688155.SH,20230616,49.99,1.5495,1.9573,1.65,,,3.3214,2.1234,1.8197,,,7667.6136,3325.57,2632.7195,383304.0039,166245.2443,0
2772,603332.SH,20230616,10.45,0.693,1.733,1.22,,,1.3844,1.632,1.6372,2.0506,2.0506,16651.32,16651.32,6658.938,174006.294,174006.294,0
2773,002645.SZ,20230616,11.89,1.0177,1.7979,1.19,17.019,74.1341,1.8728,0.8164,0.8771,0.8412,1.6756,58195.1326,49373.0352,27946.2678,691940.1266,587045.3885,0
2774,300527.SZ,20230616,9.22,4.1741,10.1586,2.15,5336.112,207.0105,3.3602,5.2566,5.2331,0.2279,0.2279,96323.609,96323.609,39578.4197,888103.675,888103.675,0
2775,000717.SZ,20230616,2.81,0.5613,1.1933,1.1,,,0.7492,0.1733,0.1644,7.1171,8.1847,242384.559,242356.0965,114004.8075,681100.6108,681020.6312,0
2776,688793.SH,20230616,50.84,2.47,2.9006,1.0,,,6.7985,3.4981,3.5765,,,6164.0,2315.0343,1971.3557,313377.76,117696.3438,0
2777,300908.SZ,20230616,47.29,2.1895,2.2664,1.2,37.5265,31.8881,2.8768,5.3638,5.2194,1.0573,1.0573,10000.0,3868.875,3737.625,472900.0,182959.0988,0
2778,601089.SH,20230616,16.78,1.4167,1.4167,0.82,18.3696,17.2628,2.602,2.4858,2.4322,0.0,2.3838,48000.0,12000.0,12000.0,805440.0,201360.0,0
2779,002168.SZ,20230616,4.78,5.1977,6.2674,1.33,,,,15.3938,15.1679,0.0,,78710.3368,78232.2418,64879.7343,376235.4099,373950.1158,0
2780,300230.SZ,20230616,3.58,0.7031,0.8139,0.94,11.9556,12.7764,1.1022,1.391,1.4616,0.0,,81620.6041,63281.5099,54672.9686,292201.7627,226547.8054,0
2781,000782.SZ,20230616,5.13,0.6408,0.8879,0.44,,,1.9326,0.9299,0.989,0.5848,0.5848,52813.9623,52813.9623,38114.8499,270935.6266,270935.6266,0
2782,300600.SZ,20230616,11.64,12.6709,23.7603,3.08,,2403.7977,3.9858,12.4826,12.6975,0.0,,29423.448,24468.5261,13048.6205,342488.9347,284813.6438,0
2783,002774.SZ,20230616,7.56,1.1475,3.0173,1.61,33.6835,30.1656,2.2494,1.7291,1.7138,9.2593,12.5661,33668.79,28178.3185,10716.1692,254536.0524,213028.0879,0
2784,000972.SZ,20230616,3.4,0.6466,1.0047,1.06,100.5309,54.6846,23.3729,4.4501,3.6708,0.0,,77128.3579,77128.3579,49641.076,262236.4169,262236.4169,0
2785,000856.SZ,20230616,8.47,2.8472,4.0675,1.88,140.049,124.307,4.9932,0.6009,0.5949,0.0,,22700.0,22700.0,15890.0001,192269.0,192269.0,0
2786,603896.SH,20230616,45.81,1.7501,2.8267,1.09,33.2839,32.8561,4.9042,11.1519,11.1192,0.6524,,20182.6889,20182.6889,12495.9839,924568.9785,924568.9785,0
2787,002430.SZ,20230616,35.95,0.3349,0.7347,0.69,29.2442,30.3919,4.4528,2.7645,2.65,1.6672,2.2253,98454.3783,96418.4356,43942.9871,3539434.8999,3466242.7598,0
2788,920152.BJ,20230616,24.8,0.6258,0.6258,0.6,64.0027,64.8473,5.9193,4.7816,4.7619,,,10859.17,5554.7285,5554.7285,269307.416,137757.2668,0
2789,688376.SH,20230616,38.32,2.7285,2.7285,0.72,41.8473,39.7007,3.4152,4.1974,4.1945,,,13440.0,3222.9668,3222.9668,515020.8,123504.0878,0
2790,002971.SZ,20230616,25.23,1.4636,2.1796,0.74,53.7042,50.4896,3.2624,3.0545,2.8338,0.3964,,16000.0,12430.0323,8347.0767,403680.0,313609.7149,0
2791,301299.SZ,20230616,63.65,31.0458,31.0458,2.08,65.4537,67.7556,5.7696,13.9907,13.916,,1.2569,6000.0,1500.0,1500.0,381900.0,95475.0,1
2792,301386.SZ,20230616,24.9,9.6364,9.6364,0.89,43.2849,42.1937,2.3426,7.296,6.9698,,1.6064,14000.0,3319.4952,3319.4952,348600.0,82655.4305,0
2793,300004.SZ,20230616,5.39,0.6084,0.9019,0.96,106.1793,381.4264,1.5192,8.3797,8.8137,0.0,,47999.3598,47755.3715,32212.6982,258716.5493,257401.4524,0
2794,300756.SZ,20230616,19.26,9.3691,9.9202,1.49,,6696.5534,2.4776,6.7204,5.9448,0.1669,,14160.9804,9213.5484,8701.7081,272740.4825,177452.9422,0
2795,300915.SZ,20230616,38.41,0.8129,0.8129,0.63,37.0468,40.8553,2.3997,3.9819,3.8693,1.0414,1.0414,9000.0,2481.75,2481.75,345690.0,95324.0175,0
2796,001318.SZ,20230616,13.81,2.6392,2.6392,0.77,35.2021,36.0523,3.139,6.8531,6.8942,0.0,1.0862,28266.0,7070.0,7070.0,390353.46,97636.7,0
2797,300373.SZ,20230616,42.42,1.2647,2.6992,0.87,21.6653,23.7888,3.1195,4.2506,4.3365,0.4896,1.1787,54145.1787,54038.176,25318.974,2296838.4805,2292299.4259,0
2798,002303.SZ,20230616,3.3,0.7012,0.8793,0.78,37.5342,38.3758,1.0031,1.2237,1.2654,0.6061,0.6061,153132.3685,95211.6755,75923.6228,505336.8161,314198.5292,0
2799,605117.SH,20230616,147.5,4.1817,4.1817,1.65,41.8061,32.1346,15.6275,10.6518,8.8116,0.3228,0.8512,43008.084,14622.804,14622.804,6343692.39,2156863.59,0
2800,688162.SH,20230616,41.39,2.2018,2.6212,0.88,38.2882,42.3791,2.1693,1.6327,1.5789,,,13738.75,4725.5653,3969.5653,568646.8625,195591.1478,0
2801,301276.SZ,20230616,25.63,8.9628,8.9628,2.09,16.6782,15.5086,1.4651,2.4215,2.4235,,1.4046,10800.0,2700.0,2700.0,276804.0,69201.0,0
2802,920204.BJ,20230616,9.83,0.6552,0.6552,2.88,16.5583,15.9762,1.0746,1.695,1.7323,,,4835.2717,1626.6068,1626.6068,47530.7208,15989.5448,0
2803,600595.SH,20230616,2.83,0.2843,0.3925,1.03,10.8283,13.7707,0.9203,0.6491,0.6773,0.0,,401740.8114,392244.8114,284080.8358,1136926.4963,1110052.8163,0
2804,603398.SH,20230616,25.64,0.597,1.1543,0.89,,,11.7124,9.3031,7.2987,0.0,,34263.4507,34263.4507,17721.2549,878514.8759,878514.8759,0
2805,002588.SZ,20230616,6.2,0.9866,2.814,1.3,16.2684,14.1857,1.2819,0.7936,0.7732,1.129,0.8065,115688.4,71989.411,25240.0139,717268.08,446334.3482,0
2806,002649.SZ,20230616,16.33,6.5733,6.7309,0.99,31.2433,29.9509,2.5324,1.4912,1.4679,1.8617,1.2398,59166.4848,52061.8226,50842.9647,966188.6968,850169.5631,0
2807,000672.SZ,20230616,9.79,0.6548,1.5578,1.37,10.0018,12.161,1.1495,1.3301,1.3492,6.8097,3.5259,96939.545,96939.545,40744.8803,949038.1456,949038.1456,0
2808,688083.SH,20230616,206.5,1.1897,1.1921,0.95,2840.2194,2144.4863,6.6465,29.7821,28.3955,,,8667.4923,4912.4124,4902.5503,1789837.16,1014413.1606,0
2809,000892.SZ,20230616,4.73,4.2737,5.9545,0.74,258.4889,343.471,3.041,7.7827,9.9009,0.0,,98098.0473,71083.6454,51017.9645,464003.7637,336225.6427,0
2810,600839.SH,20230616,5.01,7.395,9.632,0.62,49.431,46.2069,1.6853,0.2501,0.2426,0.3992,0.3992,461624.4222,461495.8631,354314.5069,2312738.3552,2312094.2741,0
2811,603063.SH,20230616,28.6,1.6975,2.3153,0.9,47.5109,45.5478,3.6298,4.5125,4.2844,0.2412,0.2133,44322.7,44322.7,32495.8345,1267629.22,1267629.22,0
2812,000659.SZ,20230616,2.83,0.6104,0.7698,0.75,,,9.5967,2.7952,2.8741,0.0,,128570.252,128570.252,101945.6112,363853.8132,363853.8132,0
2813,300076.SZ,20230616,5.19,1.248,1.9342,1.0,,,2.1916,13.4774,13.2512,0.0,,42400.0,42400.0,27358.9748,220056.0,220056.0,0
2814,600658.SH,20230616,5.85,1.7279,3.298,0.91,11.0561,7.7238,0.849,1.2707,0.9737,0.2564,0.2564,111858.5045,111858.5045,58603.2353,654372.2513,654372.2513,0
2815,002697.SZ,20230616,5.81,2.0564,3.1743,0.55,16.2695,15.6635,2.1412,0.7886,0.7797,0.241,7.6076,136000.0,107773.0,69820.5,790160.0,626161.13,0
2816,002376.SZ,20230616,7.96,0.779,1.2172,0.97,,,1.7477,2.291,2.2711,2.5125,1.8712,65520.8164,63211.6103,40455.3851,521545.6985,503164.418,0
2817,300661.SZ,20230616,86.43,0.9271,1.4304,1.33,46.2321,62.7657,11.598,12.6717,13.8068,0.2939,0.5609,46733.4771,44780.8872,29023.8593,4039174.4258,3870412.0807,0
2818,002515.SZ,20230616,4.76,0.7547,1.0738,0.75,94.9804,97.5222,3.0526,10.4751,10.898,0.4031,0.4202,97831.328,87099.0627,61217.563,465677.1213,414591.5385,0
2819,002906.SZ,20230616,31.48,1.9891,6.0398,0.55,39.411,38.5629,3.6077,2.6595,2.6061,0.6332,0.7942,47630.988,47511.2592,15647.0287,1499423.5022,1495654.4396,0
2820,600939.SH,20230616,3.5,0.4823,1.966,1.12,43.9623,56.0292,0.8496,0.135,0.1425,1.2571,1.2571,190178.8174,190178.8174,46649.5863,665625.8609,665625.8609,0
2821,603103.SH,20230616,17.84,0.519,4.4357,0.66,,,8.5476,7.9295,7.5971,0.0,,63420.0,63420.0,7420.0,1131412.8,1131412.8,0
2822,301048.SZ,20230616,12.69,15.4805,15.4805,1.48,22.3949,22.9335,2.9745,2.076,2.1678,0.9388,,53333.34,13333.34,13333.34,676800.0846,169200.0846,0
2823,603686.SH,20230616,10.01,0.9438,1.1577,1.06,15.9564,16.0799,1.3198,0.8191,0.8211,2.4961,4.9923,41565.5737,41565.5737,33887.3837,416071.3927,416071.3927,0
2824,603879.SH,20230616,5.89,0.4678,0.855,1.13,,,4.3039,7.1973,7.0356,0.1019,0.1019,36209.944,35934.444,19659.444,213276.5702,211653.8752,0
2825,300196.SZ,20230616,14.09,0.8451,1.079,2.35,7.0461,8.5869,1.3875,1.9088,2.0093,1.0646,1.4194,40871.6044,24636.1679,19294.3076,575880.906,347123.6057,0
2826,300336.SZ,20230616,0.24,5.3702,6.4074,0.81,,,3.2785,1.5351,1.7279,0.0,,80623.0192,73813.0287,61864.7232,19349.5246,17715.1269,0
2827,002768.SZ,20230616,23.91,0.7597,1.1356,0.94,9.7806,10.0143,1.5789,0.4838,0.4539,1.0456,1.0456,27125.0,17674.76,11824.76,648558.75,422603.5116,0
2828,301026.SZ,20230616,35.11,1.4728,1.4728,0.45,27.2669,26.8093,2.8648,1.5487,1.9223,1.1393,1.1393,11333.3334,5574.5834,5574.5834,397913.3357,195723.6232,0
2829,000810.SZ,20230616,18.79,3.1972,6.9632,0.94,26.2595,29.515,3.6571,1.7998,1.8663,0.4915,1.0564,115021.6072,111753.731,51312.4051,2161255.9993,2099852.6055,0
2830,301078.SZ,20230616,13.1,4.6953,8.2421,0.59,119.3019,89.849,4.8629,1.7098,1.7124,0.1494,,111204.45,61605.1292,35094.4038,1456778.295,807027.1925,0
2831,000066.SZ,20230616,14.99,4.0697,6.6519,1.26,402.0151,,3.6159,3.4472,3.6094,0.3149,0.3149,322579.9087,314679.3276,192525.9914,4835472.8314,4717043.1207,0
2832,300930.SZ,20230616,23.99,1.5427,1.5427,0.73,26.2011,30.4977,2.983,6.2,6.3569,0.4168,0.4168,10000.0,2950.0,2950.0,239900.0,70770.5,0
2833,605060.SH,20230616,26.55,0.8401,1.0201,0.78,25.8547,23.988,3.1455,5.7159,5.457,1.2515,2.5321,24125.6,8160.0,6720.0,640534.68,216648.0,0
2834,300903.SZ,20230616,10.2,2.8458,2.8458,0.68,84.4463,,1.8219,1.6043,1.6082,0.2648,0.1961,41469.4422,27528.227,27528.227,422988.3104,280787.9154,0
2835,002042.SZ,20230616,3.17,0.583,1.0036,0.7,,,0.8646,0.3728,0.3632,5.6347,5.6347,170068.1355,170068.1355,98799.3593,539115.9895,539115.9895,0
2836,002650.SZ,20230616,3.86,0.7822,1.3555,0.81,,,1.9025,2.6373,2.7694,2.2083,2.2083,115200.02,115196.27,66476.5847,444672.0772,444657.6022,0
2837,300289.SZ,20230616,5.6,0.466,0.6671,0.7,,,1.7553,4.3152,4.8935,0.3571,,54401.1487,41779.8335,29187.8335,304646.4327,233967.0676,0
2838,600566.SH,20230616,29.2,0.5305,1.3796,0.89,12.4079,11.8847,2.2394,2.9939,2.9242,2.2426,,92241.816,91574.816,35215.2342,2693461.0272,2673984.6272,0
2839,601886.SH,20230616,8.93,0.616,1.8764,0.86,20.6877,18.0307,1.5663,0.5603,0.5563,1.1198,0.224,113300.206,113300.206,37191.1394,1011770.8396,1011770.8396,0
2840,001234.SZ,20230616,21.53,1.8191,1.8191,0.8,29.8846,35.5195,2.5594,3.095,3.1775,2.3223,2.3223,10666.67,2906.67,2906.67,229653.4051,62580.6051,0
2841,600529.SH,20230616,26.61,0.7469,0.9278,0.59,28.5608,27.9586,2.4774,4.2172,4.0301,1.0108,1.0108,66361.4113,66361.4113,53423.3133,1765877.1547,1765877.1547,0
2842,300729.SZ,20230616,15.65,4.305,8.0968,1.22,22.2677,8.2355,1.7871,1.5181,1.5028,0.9063,1.7199,31122.0364,29608.8502,15742.9485,487059.8697,463378.5056,0
2843,601388.SH,20230616,2.85,0.3381,0.6319,0.68,16.4499,20.5005,1.4998,0.8191,0.8423,2.8071,1.2281,220144.1946,219712.0912,117565.9926,627410.9546,626179.4599,0
2844,600449.SH,20230616,17.3,4.7808,9.3806,1.22,15.6395,15.8873,1.2056,0.9555,0.9383,3.1214,2.2543,47818.1042,47818.1042,24370.5938,827253.2027,827253.2027,0
2845,920526.BJ,20230616,4.42,0.4699,0.4699,0.61,22.0581,21.6789,1.8705,3.116,3.2268,,,8270.0,2108.0068,2108.0068,36553.4,9317.3901,0
2846,301365.SZ,20230616,17.36,6.0406,6.0406,0.51,18.9176,20.4296,1.8305,3.9331,4.0601,,2.573,18000.0,4500.0,4500.0,312480.0,78120.0,0
2847,600608.SH,20230616,3.95,0.9191,1.1338,1.96,323.2289,613.1225,19.7769,3.5417,4.1716,0.0,,32886.1441,31837.1441,25809.9759,129900.2692,125756.7192,1
2848,688102.SH,20230616,12.5,3.6269,4.881,1.7,89.7286,102.3368,7.112,7.0452,6.959,,,56001.4,31948.0806,23739.5719,700017.5,399351.0075,0
2849,300081.SZ,20230616,10.98,21.1088,21.4658,0.75,,,3.6614,13.5723,12.7454,0.0,,60479.5417,49196.2895,48378.1662,664065.3679,540175.2587,0
2850,603051.SH,20230616,43.19,9.2734,9.2734,1.01,53.8474,573.671,3.1939,1.5394,1.427,0.9131,1.8393,9331.9,4893.9105,4893.9105,403044.761,211367.9945,0
2851,000966.SZ,20230616,5.41,1.3982,2.1456,0.7,121.0906,56.2665,1.5107,1.0145,0.9972,0.0,,274932.7699,130795.1301,85235.1244,1487386.2852,707601.6538,0
2852,600101.SH,20230616,9.49,8.3931,12.2391,6.1,25.1255,22.7902,1.4665,1.6825,1.6186,0.843,0.843,42143.267,42143.267,28900.219,399939.6038,399939.6038,0
2853,605296.SH,20230616,23.13,1.631,1.631,1.57,47.571,40.561,2.7209,3.6764,3.3309,0.8236,1.0808,52523.7516,6608.6759,6608.6759,1214874.3745,152858.6736,0
2854,002144.SZ,20230616,10.91,1.2598,1.3617,0.75,24.2014,23.7052,0.9811,3.3286,3.3072,0.9166,,17676.2528,13789.9605,12757.6007,192847.918,150448.4691,0
2855,300485.SZ,20230616,10.3,0.9238,1.2422,1.16,24.2321,50.1058,1.4886,6.754,7.3483,1.6311,0.835,48166.64,27025.4682,20098.9984,496116.392,278362.3225,0
2856,688181.SH,20230616,26.08,0.8097,1.1575,0.86,17.2009,21.9632,1.7717,3.7541,4.0448,,,13448.1546,13448.1546,9407.7012,350727.872,350727.872,0
2857,301345.SZ,20230616,47.85,5.1042,5.1042,1.48,25.3583,24.6155,1.9456,2.963,2.9939,,3.1348,10933.36,2396.5416,2396.5416,523161.276,114674.5156,0
2858,600461.SH,20230616,8.1,0.3769,0.743,0.75,9.3377,8.8794,1.2401,1.1355,1.0987,5.8852,5.8852,109011.2211,100187.509,50830.9332,882990.8909,811518.8229,0
2859,603117.SH,20230616,3.78,0.1502,0.2086,0.66,,,1.7391,5.366,5.1501,0.0,,63314.4502,63314.4502,45588.8774,239328.6218,239328.6218,0
2860,600405.SH,20230616,5.84,1.2021,1.3542,0.79,,,3.8697,2.3825,2.5474,0.0,,55327.5448,55327.5448,49113.6833,323112.8616,323112.8616,0
2861,920906.BJ,20230616,11.8,3.4551,3.4551,0.57,12.0647,10.8518,1.4693,0.9068,0.8929,,,6497.0,1836.44,1836.44,76664.6,21669.992,0
2862,601956.SH,20230616,5.65,3.5914,3.5914,1.22,24.7489,23.7459,1.4878,0.6576,0.6651,0.7273,1.7704,62216.63,31812.9958,31812.9958,351523.9595,179743.4263,0
2863,301087.SZ,20230616,47.84,1.0659,1.0883,0.96,33.0613,25.84,2.0881,3.3504,3.0864,2.5727,2.4641,20848.75,8835.6382,8653.915,997404.2,422696.9315,0
2864,300959.SZ,20230616,38.47,5.2907,5.2907,0.83,61.4061,67.531,2.6532,1.5889,1.4755,0.8578,0.7798,8000.0,3717.5196,3717.5196,307760.0,143012.979,0
2865,688661.SH,20230616,98.73,7.0444,7.076,1.06,232.7128,762.2086,7.1707,30.7629,36.8215,,,8987.4453,3573.3249,3557.3269,887330.4745,352794.3674,0
2866,600166.SH,20230616,3.35,1.4313,2.1038,1.12,411.8102,117.8962,1.9719,0.5773,0.5468,0.0,,800376.3475,657519.2047,447327.6713,2681260.7641,2202689.3357,0
2867,002955.SZ,20230616,25.04,2.064,3.9444,0.82,14.792,15.5143,1.6402,1.2879,1.3636,0.0,,23399.3066,18574.6247,9719.8448,585918.6373,465108.6025,0
2868,301097.SZ,20230616,48.18,0.8931,0.8931,0.84,33.177,31.4171,2.2745,7.1122,6.9859,0.5189,,5894.7368,1834.7268,1834.7268,284008.419,88397.1372,0
2869,601838.SH,20230616,12.63,0.3567,0.7223,1.27,4.6983,4.5286,0.8224,2.331,2.2781,4.8232,4.8232,373573.626,372762.1382,184084.0306,4718234.8964,4707985.8055,0
2870,002456.SZ,20230616,5.41,2.5471,3.3981,0.97,,,6.1037,1.1887,1.363,0.0,,325781.749,323911.6826,242798.5009,1762479.2621,1752362.2029,0
2871,000802.SZ,20230616,7.72,6.2546,8.0693,0.49,,,3.6266,51.179,27.1378,0.0,,71590.0255,71546.5255,55456.0927,552674.9969,552339.1769,0
2872,301225.SZ,20230616,45.75,74.2727,74.2727,,45.5318,45.4465,3.5163,6.633,6.5033,,,10338.0,2363.9255,2363.9255,472963.5,108149.5916,0
2873,002207.SZ,20230616,6.54,1.0551,1.5109,1.01,,,18.2676,8.7121,8.5296,0.0,,26205.5378,26058.5825,18196.9547,171384.2172,170423.1296,0
2874,600784.SH,20230616,7.11,1.0758,1.4105,0.64,14.8058,13.7706,1.7784,1.2679,1.1919,0.4923,0.4923,67565.2277,56817.7846,43334.9276,480388.7689,403974.4485,0
2875,601996.SH,20230616,2.45,0.2304,0.3844,0.75,61.8839,831.4011,1.0025,1.3674,1.3357,2.3962,,114562.28,114562.28,68667.68,280677.586,280677.586,0
2876,001212.SZ,20230616,25.92,1.7036,1.9465,0.84,35.4814,35.2971,2.1517,4.6537,4.6245,0.8903,0.3858,11787.1,5481.6125,4797.8125,305521.632,142083.396,0
2877,688296.SH,20230616,18.08,1.6596,1.6596,0.9,37.3158,38.8526,2.624,4.1261,4.0772,,,10739.316,5869.5124,5869.5124,194166.8333,106120.7842,0
2878,002673.SZ,20230616,6.52,0.3874,0.6684,1.15,68.0784,36.2808,1.0644,5.4897,4.7593,1.6411,1.6411,446958.1705,410919.4608,238155.1379,2914167.2717,2679194.8844,0
2879,603926.SH,20230616,9.82,0.6894,1.1959,1.07,26.9229,28.7527,1.4228,1.0753,1.0829,1.3317,1.1202,22953.2531,20826.208,12005.8442,225400.9454,204513.3626,0
2880,002448.SZ,20230616,6.8,1.5532,1.6352,0.91,23.9334,19.5085,1.2642,1.7385,1.648,1.4706,1.4706,58840.9646,47455.1862,45074.1697,400118.5593,322695.2662,0
2881,300347.SZ,20230616,73.15,1.654,1.8386,0.96,31.8045,31.0307,3.1679,9.0068,9.0237,0.6835,,87241.822,56988.4376,51265.9047,6381739.2793,4168704.2104,0
2882,600370.SH,20230616,2.73,0.3065,0.49,0.83,13.0001,19.9147,1.6977,0.4658,0.4737,5.4945,5.4945,389633.9676,116511.3996,72888.4093,1063700.7315,318076.1209,0
2883,603690.SH,20230616,34.9,3.0035,4.2491,0.97,47.6667,41.6521,2.9946,4.4148,4.0972,0.0,0.3146,38576.1889,38433.8689,27167.5005,1346308.9926,1341342.0246,0
2884,600783.SH,20230616,12.88,0.4441,1.4595,1.5,19.9381,18.33,2.0779,82.9084,88.698,1.6304,1.6304,74435.9294,74435.9294,22649.7417,958734.7707,958734.7707,0
2885,600511.SH,20230616,35.93,1.2965,2.0998,0.98,13.8027,13.5233,1.9304,0.5958,0.5937,1.9482,2.1765,75450.2998,55334.6424,34166.1253,2710929.2718,1988173.7014,0
2886,002660.SZ,20230616,9.49,2.2967,3.3053,1.14,39.8371,36.0642,2.7799,2.1931,2.2047,0.0,1.0537,35662.6019,25708.4939,17864.0507,338438.092,243973.6071,0
2887,600288.SH,20230616,11.99,1.4293,2.0347,1.39,75.3139,55.2118,2.8454,2.2553,2.2599,0.5271,0.5271,43680.0,43680.0,30684.0,523723.2,523723.2,0
2888,603122.SH,20230616,8.27,1.5351,1.5351,0.84,39.7958,42.8632,2.7778,2.5725,2.6572,2.1765,2.1765,39805.2633,17911.4748,17911.4748,329189.5275,148127.8966,0
2889,600079.SH,20230616,25.23,1.1418,1.6128,0.96,16.5828,18.4303,2.6609,1.8441,1.762,0.5942,1.2284,163271.5541,145738.5914,103176.1438,4119341.3099,3676984.661,0
2890,920556.BJ,20230616,3.62,0.3335,0.3335,0.52,13.5797,12.4918,1.1973,1.8844,1.839,,,16131.52,7241.455,7241.455,58396.1024,26214.0671,0
2891,300996.SZ,20230616,32.62,2.7421,2.7548,1.73,41.4455,43.3338,5.9476,9.4571,9.3866,0.6443,0.6569,20128.4599,11941.4656,11886.2951,656590.3619,389530.6079,0
2892,300384.SZ,20230616,16.98,0.7653,1.0955,0.98,22.5405,21.736,2.2729,5.1102,4.7424,1.8713,0.9357,31900.7265,22001.1103,15370.017,541674.336,373578.8529,0
2893,603776.SH,20230616,13.79,0.8819,1.5567,0.88,,,1.0357,4.7346,5.0721,0.719,0.9316,23265.684,23222.359,13156.8954,320833.7824,320236.3306,0
2894,603538.SH,20230616,18.69,1.3452,1.8468,0.94,11.7744,14.9421,1.9603,2.7375,3.3152,0.7588,0.8828,21340.415,21116.0315,15380.4401,398852.3564,394658.6287,0
2895,002302.SZ,20230616,7.32,0.8016,2.0714,1.48,16.7833,20.2426,1.068,0.3718,0.3809,1.2978,1.2978,126235.4304,126235.4304,48851.5666,924043.3505,924043.3505,0
2896,688739.SH,20230616,33.23,0.3837,0.3919,0.38,19.3813,20.0519,1.4784,7.6246,7.6788,,,41645.0,18787.7146,18396.7446,1383863.35,624315.7562,0
2897,688523.SH,20230616,27.28,23.2735,23.2735,1.7,90.5051,82.1387,7.1952,27.6513,26.5214,,,40688.0,3383.8224,3383.8224,1109968.64,92310.6751,0
2898,603697.SH,20230616,9.53,0.7519,2.6543,0.86,26.5358,22.6923,2.3354,3.9787,4.1123,4.9285,8.3762,42769.2098,42769.2098,12115.5549,407590.5694,407590.5694,0
2899,301270.SZ,20230616,68.12,12.7647,12.7647,0.84,123.0682,137.9972,6.4918,31.9918,33.4334,,0.734,10000.0,2006.5422,2006.5422,681200.0,136685.6547,0
2900,601900.SH,20230616,24.75,4.4611,11.6148,0.72,23.5043,21.3936,2.9715,2.4488,2.3596,1.3126,1.3126,89587.6566,89587.6566,34409.4874,2217294.5009,2217294.5009,0
2901,600906.SH,20230616,7.4,0.8114,0.8641,1.09,79.3882,56.1243,2.1174,14.6093,12.5045,1.3514,1.3514,324500.0,131245.44,123245.44,2401300.0,971216.256,0
2902,000058.SZ,20230616,6.52,0.5923,2.0216,0.92,508.8276,536.4766,4.0898,4.3894,4.4552,0.1534,,123120.0672,98468.3779,28852.0597,802742.8381,642013.8239,0
2903,600522.SH,20230616,16.08,3.441,4.4505,0.91,17.0764,18.5008,1.7625,1.3628,1.398,0.6219,0.6219,341294.9652,341294.9652,263883.1769,5488023.0404,5488023.0404,0
2904,603185.SH,20230616,74.43,1.227,2.6387,1.24,10.08,10.0074,2.309,1.3955,1.5482,1.8004,,41078.0299,40911.2869,19023.9669,3057437.7655,3045027.084,0
2905,300725.SZ,20230616,53.3,2.2696,2.5034,0.72,33.8679,35.3394,4.1337,6.6734,6.4792,0.1876,0.1876,19966.4464,16845.3125,15272.1626,1064211.5931,897855.1563,0
2906,600753.SH,20230616,8.97,1.1762,1.9435,1.46,145.2076,302.1148,7.3767,1.1182,1.6594,0.0,,23030.7175,21504.0,13013.85,206585.536,192890.88,0
2907,002972.SZ,20230616,12.51,5.3624,7.3863,5.05,25.1548,25.1169,2.6029,8.3947,8.832,2.8305,3.3966,24600.88,12409.1772,9008.9083,307757.0088,155238.8068,0
2908,300670.SZ,20230616,8.61,3.8302,5.0704,0.84,,,3.5607,10.2082,9.7269,0.0,,31692.0479,21222.2361,16031.3116,272868.5324,182723.4528,0
2909,000926.SZ,20230616,4.3,1.6603,2.2273,0.82,38.892,37.2419,0.3613,0.2696,0.2746,0.0,,94932.2474,93503.6861,69703.4079,408208.6638,402065.8502,0
2910,603900.SH,20230616,6.29,0.9002,2.689,1.29,,,0.9773,2.3736,2.5775,0.6288,0.6288,34432.384,34047.384,11397.73,216579.6954,214158.0454,0
2911,688697.SH,20230616,26.08,6.9261,6.9261,1.0,32.4883,30.3104,5.7053,4.6162,4.3781,,,32666.67,7758.3365,7758.3365,851946.7536,202337.4159,0
2912,603797.SH,20230616,5.57,0.3542,0.8206,0.89,12.1549,12.3939,1.1556,3.3144,2.9575,3.55,,58411.8165,58411.8165,25213.1354,325353.8179,325353.8179,0
2913,603137.SH,20230616,19.77,5.4544,5.4544,0.69,21.9183,21.0786,2.3891,1.3291,1.2789,,,13066.6667,3201.0257,3201.0257,258328.0007,63284.2781,0
2914,688623.SH,20230616,94.06,7.3313,7.3313,0.45,57.6588,49.6657,2.6862,14.9642,13.4152,,,5914.27,1343.951,1343.951,556296.2362,126412.0311,0
2915,688067.SH,20230616,21.15,1.7484,1.9755,1.26,80.0198,100.7184,3.0134,7.3089,7.5064,,,6800.0,4101.7142,3630.2856,143820.0,86751.2553,0
2916,301260.SZ,20230616,23.98,10.4833,10.4833,2.5,43.8475,56.6944,2.3139,2.2372,2.2424,,0.2573,48616.1968,11412.3354,11412.3354,1165816.3993,273667.8029,0
2917,603738.SH,20230616,16.02,3.7009,5.149,1.74,33.0911,46.5612,3.5321,6.8066,7.516,1.2104,0.9363,38934.3352,38616.9622,27756.3036,623728.0499,618643.7344,0
2918,002497.SZ,20230616,18.88,1.2848,1.3778,0.65,4.7949,5.2956,1.8977,1.5052,1.4669,0.1589,0.1589,115256.252,105590.6964,98462.7129,2176038.0378,1993552.348,0
2919,000711.SZ,20230616,1.93,2.4089,3.3968,0.61,,,,10.123,10.1828,0.0,,102366.7816,98232.2879,69662.3597,197567.8885,189588.3156,1
2920,002073.SZ,20230616,6.19,0.8539,1.0098,0.93,29.6136,28.4928,1.243,1.0463,1.0542,0.0,0.7431,96950.6674,94129.2074,79598.3588,600124.6312,582659.7938,0
2921,300252.SZ,20230616,11.9,13.1607,17.3128,0.99,,,3.2428,3.697,3.5847,0.0,,66215.3834,44230.923,33623.0548,787963.0625,526347.9837,0
2922,603928.SH,20230616,11.78,0.5972,1.8786,1.18,20.4302,24.3359,1.5723,1.3287,1.4496,8.489,8.489,20160.0,20160.0,6408.62,237484.8,237484.8,0
2923,301257.SZ,20230616,58.79,2.9932,3.8318,0.57,49.5049,40.7456,3.6541,6.1149,5.7585,0.0,,6097.5,3579.909,2796.45,358472.025,210462.8501,0
2924,600843.SH,20230616,5.62,1.8028,2.3251,2.24,54.7842,60.3528,1.2258,1.204,1.1605,0.8788,0.8788,71316.648,46922.273,36382.7372,400799.5618,263703.1743,0
2925,600135.SH,20230616,7.58,3.8562,7.0997,6.13,108.5399,135.7161,1.5692,2.0283,2.0638,0.3958,0.3958,55330.7099,55330.7099,30053.0656,419406.781,419406.781,0
2926,002239.SZ,20230616,2.6,0.6753,1.0206,0.57,94.7184,44.6513,1.519,1.3535,1.3448,0.0,,324325.8144,324315.2769,214581.3374,843247.1174,843219.7199,0
2927,603668.SH,20230616,16.04,0.7916,1.172,0.68,53.6883,71.7743,3.4275,0.9983,0.9895,0.2455,0.2455,43613.4976,43613.4976,29460.4393,699560.5015,699560.5015,0
2928,300227.SZ,20230616,7.96,3.1616,3.3887,0.78,49.7097,56.575,2.6223,3.8629,3.8925,0.0,,49978.0023,40742.2752,38012.2747,397824.8983,324308.5106,0
2929,002149.SZ,20230616,15.46,0.7439,1.1573,0.74,40.821,37.9265,2.755,2.5661,2.3773,0.6468,1.9405,48821.4274,48813.9274,31377.9182,754779.2676,754663.3176,0
2930,600543.SH,20230616,5.49,0.8593,1.3165,1.03,,,1.8389,16.2761,13.3361,0.0,,32112.0,32112.0,20961.0483,176294.88,176294.88,0
2931,000908.SZ,20230616,2.6,1.2725,1.5595,1.06,,,12.786,2.721,2.7384,0.0,,87977.4351,78197.4538,63808.2001,228741.3313,203313.3799,0
2932,600423.SH,20230616,3.07,0.31,0.4793,0.79,154.6382,168.5967,5.5951,17.4565,17.9359,0.0,,79869.5026,79869.5026,51653.7613,245199.373,245199.373,0
2933,600491.SH,20230616,5.41,1.871,2.7807,1.27,21.7586,28.3009,0.6689,0.5809,0.6562,0.7763,0.7763,152975.7955,152975.7955,102927.2015,827599.0537,827599.0537,0
2934,300746.SZ,20230616,10.6,2.5694,6.2939,0.65,145.7663,207.8889,1.91,0.9573,1.0151,1.2547,2.0755,22573.8328,22113.2794,9027.2494,239282.6277,234400.7616,0
2935,688282.SH,20230616,53.0,2.4328,2.4349,1.07,83.5804,88.7441,3.0611,22.7836,32.4141,,,8800.0,3564.0,3560.9225,466400.0,188892.0,0
2936,601133.SH,20230616,16.84,8.847,8.847,0.74,35.0765,35.428,3.359,3.1979,3.2483,,0.861,52250.0,12609.5216,12609.5216,879890.0,212344.3437,0
2937,301033.SZ,20230616,44.03,1.7742,2.004,0.98,81.0423,79.5991,4.8708,14.8974,14.3666,0.2271,0.4542,6606.2951,3703.626,3279.0211,290875.1733,163070.6528,0
2938,002278.SZ,20230616,5.31,1.1013,1.4816,1.49,,,1.8253,3.1995,2.9681,0.9379,0.9379,36390.9648,33935.1406,25224.7533,193236.0231,180195.5966,0
2939,301128.SZ,20230616,37.89,9.1229,9.1229,0.59,72.7193,66.1394,3.5643,6.131,5.8198,1.3196,1.3196,7388.6622,2725.6749,2725.6749,279956.4108,103275.822,0
2940,300869.SZ,20230616,23.67,1.9316,2.0938,0.82,48.4734,32.4653,4.5982,13.3554,10.5959,1.2674,,40179.9811,16501.1596,15223.0039,951060.1526,390582.4477,0
2941,601633.SH,20230616,24.85,0.346,2.034,0.98,25.5339,31.0098,3.3535,1.5368,1.5898,0.2807,,849353.4957,616331.9997,104831.9997,21106434.3681,15315850.1925,0
2942,603922.SH,20230616,22.83,0.476,1.0143,0.94,,,2.853,5.6599,6.0461,0.219,,12800.0,12800.0,6006.8546,292224.0,292224.0,0
2943,600789.SH,20230616,6.44,0.7623,1.004,0.83,41.4768,41.1489,1.6752,1.0183,0.9594,0.7706,0.7706,88887.3468,88887.3468,67486.8741,572434.5134,572434.5134,0
2944,600767.SH,20230616,0.42,6.2083,8.2056,1.99,,,0.7323,3.097,3.2849,0.0,,34101.0182,34091.0182,25793.0254,14322.4276,14318.2276,0
2945,600916.SH,20230616,12.06,1.0369,1.1753,0.79,26.4732,24.9053,3.0178,0.4299,0.4144,1.99,2.4876,168000.0,82215.0,72540.0,2026080.0,991512.9,0
2946,003016.SZ,20230616,9.93,2.2985,2.6498,2.02,33.1948,36.9717,1.5465,2.4597,2.5369,5.9528,2.9512,43164.9588,14737.4612,12783.5732,428628.0409,146342.9897,0
2947,605189.SH,20230616,15.9,2.3177,2.3177,1.36,14.6177,14.9308,1.466,1.0787,1.0792,1.0482,1.4151,14976.2352,4992.2352,4992.2352,238122.1397,79376.5397,0
2948,300213.SZ,20230616,6.98,3.2516,3.4879,0.84,66.4998,70.5437,1.8866,3.6195,3.6022,0.7019,0.7106,59371.8564,55071.836,51339.6134,414415.5577,384401.4153,0
2949,002491.SZ,20230616,7.21,6.1067,10.4427,0.65,70.6899,48.3624,3.7798,2.6745,2.6349,0.0,,122999.45,117643.9621,68796.5157,886826.0345,848212.9667,0
2950,688234.SH,20230616,76.73,0.7315,1.6459,0.31,,,6.3141,79.0623,60.7802,,,42971.1044,15375.284,6833.5562,3297172.8406,1179745.5413,0
2951,600213.SH,20230616,10.29,7.3854,15.0723,0.61,,,23.1393,1.9612,2.1484,0.0,,28600.0,22000.0,10780.0,294294.0,226380.0,0
2952,301255.SZ,20230616,33.62,65.9299,65.9299,4.84,37.8013,38.9112,3.7377,7.824,7.796,,1.859,10880.0,2720.0,2720.0,365785.6,91446.4,0
2953,002766.SZ,20230616,5.52,1.7722,3.7294,0.45,530.2484,350.9726,7.023,5.6508,5.5017,0.0,,84780.8028,76937.5256,36561.1025,467990.0315,424695.1413,0
2954,002115.SZ,20230616,6.64,3.9723,4.4319,1.02,39.7977,38.6602,2.244,0.523,0.4783,0.0,,81099.1332,70382.0875,63082.832,538498.2444,467337.061,0
2955,688700.SH,20230616,73.82,6.8998,6.8998,1.63,79.4731,75.5465,18.3512,16.7549,16.1264,,,22963.2,14673.3811,14673.3811,1695143.424,1083188.9928,0
2956,002408.SZ,20230616,6.36,0.2355,0.4544,1.06,28.5272,,1.3606,0.6065,0.6451,0.0,,284283.3818,276390.8603,143243.6945,1808042.3082,1757845.8715,0
2957,603208.SH,20230616,53.64,0.6701,1.7571,0.61,,,5.0888,2.2831,2.1547,1.0612,1.0612,13658.5243,13658.5243,5208.5243,732643.2435,732643.2435,0
2958,688122.SH,20230616,78.2,0.7269,1.0922,0.71,33.6006,33.8112,5.8456,8.5845,8.5143,,,46404.6069,46404.6069,30883.206,3628840.2596,3628840.2596,0
2959,920227.BJ,20230616,19.21,0.6572,0.6587,0.39,17.854,18.7888,2.0438,6.6133,6.7208,,,3894.15,893.7674,891.7774,74806.6215,17169.2718,0
2960,688681.SH,20230616,15.6,1.7787,1.9467,0.84,,1400.1305,2.9097,5.2665,5.0784,,,10467.0,6699.1685,6121.1226,163285.2,104507.0286,0
2961,002935.SZ,20230616,19.8,1.9884,3.5486,1.3,62.9107,62.2164,4.87,5.8448,5.5928,0.4409,1.0236,35744.6752,33828.6394,18955.17,707744.569,669807.0601,0
2962,600496.SH,20230616,3.78,0.6071,0.8281,1.5,10.7758,10.7564,0.952,0.4872,0.4869,0.9524,0.9416,201288.32,201288.32,147581.3596,760869.8496,760869.8496,0
2963,300966.SZ,20230616,22.57,1.6114,1.7235,0.88,64.7412,83.4772,3.1137,4.3035,4.3109,0.6026,,11527.7,5908.6025,5524.3275,260180.189,133357.1584,0
2964,920685.BJ,20230616,12.04,0.6297,0.6702,1.07,27.4909,22.6206,2.1358,5.7923,5.3943,,,9151.5941,4458.4441,4189.3141,110185.193,53679.667,0
2965,300504.SZ,20230616,19.85,3.7311,7.1524,0.91,27.9699,29.2758,2.4417,1.808,1.8198,1.0095,1.0076,27256.688,21379.8563,11153.0393,541045.2568,424390.1476,0
2966,000702.SZ,20230616,5.32,1.604,2.1425,0.94,,,7.0542,1.2217,1.1531,0.0,,26663.4576,26663.4576,19961.696,141849.5944,141849.5944,0
2967,301007.SZ,20230616,13.07,3.4392,3.6397,0.48,42.7163,45.7081,3.3044,3.4786,3.5175,0.7651,1.1477,15334.0,12360.775,11680.1,200415.38,161555.3293,0
2968,300622.SZ,20230616,23.39,1.0849,1.2938,1.01,53.9216,38.3971,6.023,4.2119,3.8568,2.1271,1.2826,17327.3648,11442.868,9595.053,405287.0627,267648.6825,0
2969,002829.SZ,20230616,38.09,1.9341,2.3195,0.8,30.4321,26.7799,3.3893,6.1031,5.7108,0.3539,,17214.6312,10265.7815,8560.0229,655705.3024,391023.6173,0
2970,300229.SZ,20230616,31.35,9.7478,14.6191,1.01,195.2452,182.1373,7.4551,27.4807,26.882,0.1433,0.1276,79529.1951,79468.0252,52988.3676,2493240.2664,2491322.59,0
2971,300360.SZ,20230616,18.54,3.0909,4.1341,0.93,19.8091,17.9501,3.0282,6.2081,5.8811,0.8091,1.0787,50438.7126,43586.7632,32588.1397,935133.7316,808098.5897,0
2972,601789.SH,20230616,5.07,4.975,6.8028,1.08,15.7977,16.0447,1.314,0.252,0.2552,2.3669,2.3669,108679.859,108679.859,79479.859,551006.8851,551006.8851,0
2973,300115.SZ,20230616,11.79,4.088,6.5022,1.35,332.7692,90.509,2.5263,0.9314,0.9696,0.0,,120102.7716,119635.1844,75216.3733,1416011.6772,1410498.8241,0
2974,300859.SZ,20230616,28.15,4.3136,6.7902,0.95,,,7.2854,42.6611,40.2174,0.3552,0.3552,15500.0,9571.25,6080.4221,436325.0,269430.6875,0
2975,300392.SZ,20230616,0.25,10.1827,15.1222,1.21,,,,0.599,0.7673,0.0,,38400.0,29552.0,19899.2404,9600.0,7388.0,0
2976,688551.SH,20230616,60.77,0.9474,1.6244,1.27,78.426,63.4997,4.7679,13.0085,11.8184,,,8030.321,5315.0483,3099.821,488002.6072,322995.4852,0
2977,688380.SH,20230616,30.08,3.5135,3.5135,0.75,203.5066,160.6513,3.9478,18.9119,21.7904,,,40036.5,5678.2708,5678.2708,1204297.92,170802.3857,0
2978,688722.SH,20230616,17.73,1.6228,2.3662,0.95,23.2437,20.4607,3.2405,6.4628,5.3836,,,22466.67,12224.003,8383.6697,398334.0591,216731.5732,0
2979,601336.SH,20230616,38.23,0.5316,1.5782,0.76,12.1422,7.7467,0.9807,0.5565,0.7084,3.7667,3.7667,311954.66,208543.934,70249.7025,11926026.6518,7972634.5968,0
2980,601615.SH,20230616,17.27,0.9587,1.19,1.06,11.3579,21.5583,1.4422,1.2761,1.4896,1.1857,1.7609,227198.3706,210899.6912,169901.1469,3923715.8603,3642237.667,0
2981,000727.SZ,20230616,2.14,0.7255,1.0373,1.34,111.8107,,3.7756,0.1566,0.1687,0.0,,452956.698,341922.2152,239144.4982,969327.3337,731713.5405,0
2982,600114.SH,20230616,7.55,1.274,1.6714,1.08,29.8816,27.6773,1.8833,1.2489,1.2791,0.6623,1.3245,61638.3477,61638.3477,46983.7261,465369.5251,465369.5251,0
2983,002285.SZ,20230616,2.66,0.4741,0.882,0.64,,,1.6268,1.3593,1.4133,0.0,,203357.9072,201498.6917,108309.5434,540932.0332,535986.5199,0
2984,002882.SZ,20230616,15.2,5.2117,11.6727,1.59,29.6577,29.7412,3.2012,1.6562,1.7086,1.3158,1.3158,43290.0,24663.75,11012.0558,658008.0,374889.0,0
2985,600611.SH,20230616,3.11,1.4178,2.0332,1.39,,86.2748,0.778,3.399,3.0214,0.9003,,236412.2864,156331.6364,109013.029,735242.2107,486191.3892,0
2986,002506.SZ,20230616,2.91,0.5657,0.799,1.08,287.0026,263.1972,7.457,2.038,1.9764,0.0,,585031.6427,584950.3615,414133.147,1702442.0803,1702205.552,0
2987,002109.SZ,20230616,4.51,0.2898,0.9463,1.75,12.0579,99.7066,1.0594,1.4577,1.6101,3.3259,,105294.4789,105294.4789,32251.4745,474878.0998,474878.0998,0
2988,300035.SZ,20230616,12.07,1.8884,2.0351,0.97,23.9731,87.3388,1.8795,1.6608,1.6049,1.2428,1.2428,72331.0765,63534.2938,58952.6062,873036.0934,766858.9262,0
2989,688128.SH,20230616,24.93,1.637,8.8958,2.0,27.7561,26.7757,3.9313,2.6576,2.5787,,,40450.0,40450.0,7443.6392,1008418.5,1008418.5,0
2990,300137.SZ,20230616,5.66,1.5329,1.6061,0.94,,,1.6176,3.0619,2.9834,1.7383,1.7383,54537.401,47009.3182,44867.797,308681.6897,266072.741,0
2991,603890.SH,20230616,8.08,0.7068,1.0531,0.79,22.5567,44.8081,1.3676,0.9227,0.981,1.2317,1.2317,43903.9377,43903.9377,29465.8497,354743.8166,354743.8166,0
2992,601827.SH,20230616,7.05,0.3465,1.1678,0.86,10.3852,9.9909,1.2288,1.9643,1.9641,3.1489,3.1489,167826.8,167826.8,49803.76,1183178.94,1183178.94,0
2993,301267.SZ,20230616,69.28,2.6125,2.6125,0.79,75.8056,70.5482,7.3765,11.9993,11.5626,,,56000.0,5999.9,5999.9,3879680.0,415673.072,0
2994,300514.SZ,20230616,15.6,12.4992,17.3107,1.05,31.5916,26.7451,4.1962,3.0541,3.1844,0.641,,20000.0,15399.2,11118.98,312000.0,240227.52,0
2995,600825.SH,20230616,5.44,3.5784,7.3767,0.46,647.3843,389.1789,2.2708,4.5132,4.5691,0.1838,0.1838,104488.785,104488.785,50686.785,568418.9904,568418.9904,0
2996,688202.SH,20230616,93.37,1.8461,3.3026,1.09,33.6293,31.3685,6.8074,6.8566,6.4837,,,12182.3386,10978.3938,6136.6737,1137464.9551,1025052.6291,0
2997,000633.SZ,20230616,7.15,3.0506,4.3995,0.67,467.2704,582.5263,15.7338,12.0072,12.0359,0.0,,38510.6373,38510.2573,26703.1298,275351.0567,275348.3397,0
2998,002757.SZ,20230616,16.79,9.3881,17.155,0.81,17.0856,16.8372,2.1487,1.6757,1.5427,2.3824,3.5736,29545.5913,27980.4293,15312.3212,496070.4779,469791.4079,0
2999,002621.SZ,20230616,4.25,3.6243,7.2071,0.69,,,7.6172,22.7114,25.1917,0.0,,82223.793,80225.9645,40343.4395,349451.1203,340960.3491,0
3000,920719.BJ,20230616,13.29,1.6776,1.8836,0.58,13.3921,11.6942,1.2843,2.2241,1.9094,,,9309.34,4570.3874,4070.3874,123721.1286,60740.4485,0
3001,301155.SZ,20230616,87.66,6.022,6.4481,1.16,92.9245,84.6439,3.4052,11.6715,9.6217,1.0267,0.1141,21739.1478,8880.9207,8294.0519,1905653.6961,778501.5086,0
3002,300786.SZ,20230616,19.4,2.7716,3.0673,0.77,198.1864,233.4721,2.8606,12.1994,12.0788,0.4296,0.1031,18401.5879,13712.6194,12390.4874,356990.8053,266024.8164,0
3003,301166.SZ,20230616,44.25,1.9936,2.7181,0.7,36.0144,37.3492,1.8288,3.2089,3.1238,1.1299,2.0339,8666.6668,4126.8868,3026.9268,383500.0059,182614.7409,0
3004,920970.BJ,20230616,3.71,0.1585,0.1585,0.57,22.7665,66.596,1.3058,2.6318,2.7411,,,11136.04,5270.44,5270.44,41314.7084,19553.3324,0
3005,601997.SH,20230616,5.31,0.5206,0.7003,0.89,3.1792,3.1704,0.3714,1.2411,1.2322,5.6497,5.6497,365619.8076,356902.6389,265303.4064,1941441.1784,1895153.0126,0
3006,600201.SH,20230616,9.62,1.0559,1.2113,0.78,51.1588,45.59,2.081,7.0505,6.949,1.1233,1.1233,112036.9226,112036.9226,97668.94,1077795.1954,1077795.1954,0
3007,002399.SZ,20230616,11.57,0.1054,0.4721,0.85,23.3491,30.3873,1.3718,2.3712,2.5918,0.3025,0.3025,146729.6204,124720.1704,27838.4925,1697661.708,1443012.3715,0
3008,000630.SZ,20230616,2.96,0.9333,1.4705,1.51,11.4119,11.3076,1.2274,0.2557,0.2449,3.3784,1.6892,1052653.3308,1052639.2975,668064.6511,3115853.8592,3115812.3206,0
3009,002899.SZ,20230616,14.18,1.7666,2.6721,1.12,25.9135,25.1401,1.4721,2.0633,2.0517,0.1551,0.5994,12000.0,12000.0,7933.8,170160.0,170160.0,0
3010,002780.SZ,20230616,13.34,2.5463,2.7161,0.99,,,3.1854,3.7382,3.3953,0.0,,15758.7486,13065.2734,12248.3672,210221.7063,174290.7472,0
3011,000999.SZ,20230616,60.65,0.5868,1.6134,0.76,24.4786,21.7097,3.4873,3.3155,2.962,1.4044,3.0532,98834.6,97839.5308,35582.5676,5994318.49,5933967.543,0
3012,688160.SH,20230616,56.9,24.2642,29.0225,2.08,52.491,53.1382,6.8337,8.8625,8.7911,,,8400.0,2771.6906,2317.2717,477960.0,157709.1951,0
3013,600713.SH,20230616,5.44,1.0077,1.8427,0.89,11.9666,11.6421,1.1906,0.1419,0.1355,2.2034,2.5735,131031.5012,104161.1244,56960.0295,712811.3665,566636.5167,0
3014,002213.SZ,20230616,16.22,20.6066,25.5946,1.18,239.5565,260.0973,5.6928,4.5686,4.8884,0.0,,23600.0,20600.0,16585.3485,382792.0,334132.0,0
3015,603071.SH,20230616,16.28,0.6572,0.9709,1.02,8.5514,8.0476,2.0581,0.1646,0.1663,3.6855,8.5995,55795.4442,23768.4798,16088.0381,908349.8316,386950.8511,0
3016,300742.SZ,20230616,5.09,2.4375,2.8666,0.77,,,,5.0542,6.7988,0.0,,14129.7426,11243.8719,9560.8719,71920.3898,57231.308,0
3017,000531.SZ,20230616,7.0,0.4262,1.0131,0.73,,88.2967,1.1406,1.4635,1.4422,2.1429,2.1429,82209.9384,82209.9384,34579.6255,575469.5688,575469.5688,0
3018,920169.BJ,20230616,5.26,0.1908,0.1914,0.92,11.8996,13.1911,1.434,2.1892,2.3437,,,8400.109,4788.899,4773.4614,44184.5733,25189.6087,0
3019,300111.SZ,20230616,2.98,0.7881,0.9792,0.99,,,5.9557,11.4211,11.4157,0.0,,128721.0714,111980.0,90130.1583,383588.7928,333700.4,0
3020,300607.SZ,20230616,14.55,8.3015,9.7264,3.28,38.7672,52.5099,2.7202,1.242,1.2752,0.1719,0.1719,42541.8634,28532.0737,24352.2689,618984.1125,415141.6723,0
3021,002011.SZ,20230616,13.36,1.6858,2.7759,0.85,16.8252,15.3705,3.7095,1.3917,1.3351,0.0,,105662.6982,91529.5477,55586.6061,1411653.648,1222834.7573,0
3022,601998.SH,20230616,6.11,0.1322,0.8758,0.55,4.8176,4.6823,0.5274,1.4153,1.4334,4.9381,4.9381,4896686.5464,3408470.2487,514577.4193,29918754.7985,20825753.2196,0
3023,002413.SZ,20230616,5.03,1.4281,1.4281,1.18,,,1.601,4.9438,5.0511,0.0,,134034.5016,125054.7563,125054.7563,674193.543,629025.4242,0
3024,300145.SZ,20230616,2.87,1.037,1.5262,0.82,47.7771,54.7536,2.5127,1.0485,1.0418,0.0,,192308.8236,189359.7187,128661.3953,551926.3237,543462.3927,0
3025,002690.SZ,20230616,25.96,0.8241,1.1957,1.08,31.3777,30.8946,10.5568,10.8203,10.7944,2.3685,2.6965,88248.29,43233.6922,29797.1197,2290925.6084,1122346.6495,0
3026,002244.SZ,20230616,9.02,0.606,1.4191,0.68,7.502,6.8901,1.165,0.6762,0.6181,2.5055,2.5055,311144.389,268235.374,114540.1218,2806522.3888,2419483.0735,0
3027,300753.SZ,20230616,19.06,11.2453,13.434,0.76,,,3.4981,7.4194,6.962,0.0,,12604.8,7448.0425,6234.549,240247.488,141959.6901,0
3028,605155.SH,20230616,14.17,1.3535,1.3535,0.85,23.2123,24.0682,1.6972,3.8157,3.773,1.4114,1.4114,13440.0,4683.7,4683.7,190444.8,66368.029,0
3029,300037.SZ,20230616,50.94,2.1835,2.5572,2.24,21.6027,25.4545,4.7311,3.932,4.4192,0.7384,0.9786,74570.4175,53561.6982,45733.6566,3798617.0675,2728432.9063,0
3030,002403.SZ,20230616,9.1,6.2875,14.2444,3.26,,,1.5371,1.0544,1.1172,0.0,,34063.8579,30593.6454,13504.0093,309981.1069,278402.1731,0
3031,001217.SZ,20230616,11.79,0.6881,0.8666,0.72,17.8042,20.1387,1.8874,1.8619,1.9027,1.6964,0.8482,33187.0,13292.6175,10554.7175,391274.73,156719.9603,0
3032,000680.SZ,20230616,5.57,3.5506,4.2764,0.67,13.233,19.152,1.6505,0.8362,0.8334,0.2694,0.2694,150085.5412,106425.2853,88364.0454,835976.4645,592788.8391,0
3033,605318.SH,20230616,14.02,3.0911,3.0911,1.32,160.54,230.5474,2.2995,2.6529,2.745,2.1367,2.1367,12917.1152,3917.1152,3917.1152,181097.9551,54917.9551,0
3034,300967.SZ,20230616,15.32,1.6593,2.3515,0.56,397.9258,,3.6984,3.7097,3.603,1.3055,1.3055,19021.15,10455.3736,7377.9441,291404.018,160176.3236,0
3035,301328.SZ,20230616,53.35,2.8703,2.8703,1.2,52.2681,42.9292,3.1805,12.2068,11.8986,,0.6248,10989.3594,2616.0838,2616.0838,586282.324,139568.0707,0
3036,002124.SZ,20230616,4.6,1.3206,1.405,0.89,17.2852,16.9436,2.6023,0.884,0.8372,0.0,,183919.2626,153785.1322,144542.6101,846028.608,707411.6081,0
3037,000582.SZ,20230616,7.88,0.8001,2.3796,1.29,13.4377,13.3841,1.1014,2.1894,2.1481,2.3355,2.1954,177200.2429,140966.8124,47399.1091,1396337.9141,1110818.4817,0
3038,002422.SZ,20230616,30.14,1.5303,1.8784,1.38,25.9653,19.9165,2.8849,2.3459,2.2148,1.3474,2.0282,147203.2304,117728.8769,95912.7131,4436705.3643,3548348.3498,0
3039,300505.SZ,20230616,17.66,1.4553,1.6346,0.98,11.4339,13.6271,2.1752,1.5747,1.528,0.755,,22469.1099,16495.5431,14686.4306,396804.4808,291311.2911,0
3040,002053.SZ,20230616,11.09,0.7287,2.3962,0.74,35.0156,29.9727,1.5277,3.9091,3.8671,0.1491,0.4509,92072.9464,85221.7206,25917.7903,1021088.9756,945108.8815,0
3041,603237.SH,20230616,34.3,11.6116,11.6116,1.85,35.8872,46.8012,3.1271,2.0039,2.0774,1.4293,2.2623,14384.02,3526.005,3526.005,493371.886,120941.9715,0
3042,300440.SZ,20230616,7.33,1.1011,1.8175,0.91,79.7512,72.0722,2.4213,3.5778,3.5245,0.5309,,44471.3,44333.0715,26858.3492,325974.629,324961.4141,0
3043,301199.SZ,20230616,29.42,12.7035,21.6577,1.16,182.4935,96.1974,2.2308,5.585,5.3888,0.2719,0.2719,13334.0,5684.0,3334.0,392286.28,167223.28,0
3044,000632.SZ,20230616,4.25,1.2585,1.8236,0.87,133.0647,129.2846,1.3736,0.1418,0.1286,0.0,,46551.957,46548.1606,32125.6447,197845.8173,197829.6826,0
3045,000504.SZ,20230616,11.8,0.6118,0.9729,1.03,,,311.7018,18.3512,21.5931,0.0,,31157.3901,31067.3201,19537.1546,367657.2032,366594.3772,0
3046,002001.SZ,20230616,15.54,0.2262,0.4528,0.58,13.2677,15.6964,2.1177,3.0145,3.1521,3.7345,3.1993,309090.7356,305453.3154,152604.0897,4803270.0312,4746744.5213,0
3047,688131.SH,20230616,60.79,1.3879,1.5852,0.89,47.1573,51.4346,3.8697,6.7241,6.185,,,15021.7339,8631.3692,7556.9168,913171.2038,524700.9337,0
3048,300905.SZ,20230616,17.42,1.2952,1.2952,0.68,59.8351,69.6021,1.8792,3.5437,3.5693,2.0528,1.0264,16107.3527,4785.5344,4785.5344,280590.084,83364.0092,0
3049,605366.SH,20230616,9.58,1.0307,1.418,0.7,16.6476,24.8332,3.0711,3.4555,3.8259,0.9155,2.7795,61233.9,29442.7096,21399.9137,586620.762,282061.158,0
3050,688558.SH,20230616,34.17,2.9806,2.9806,1.42,24.3158,25.1,2.9186,3.8777,3.918,,,13200.0,3912.2368,3912.2368,451044.0,133681.1315,0
3051,603007.SH,20230616,4.32,1.3957,2.5578,0.95,,,5.6048,7.4676,8.7817,0.0,,33838.4791,33838.4791,18463.9791,146182.2297,146182.2297,0
3052,300189.SZ,20230616,3.3,1.4747,1.6901,0.75,,,4.2037,17.7327,18.5108,0.0,,102400.0,96304.9748,84033.3899,337920.0,317806.4168,0
3053,002266.SZ,20230616,4.02,0.3466,0.5029,0.63,14.3742,13.5453,1.7616,1.2564,1.1966,2.0283,1.4854,524419.1665,319040.5131,219860.561,2108165.0493,1282542.8627,0
3054,300623.SZ,20230616,18.61,0.7663,1.3867,0.86,38.1312,47.1263,4.144,7.5165,7.3978,0.6772,,73650.761,64290.9908,35528.0893,1370640.6622,1196455.3388,0
3055,300585.SZ,20230616,17.88,12.4971,19.922,2.38,154.7408,165.3253,4.2489,7.6002,7.3395,0.0,,17111.1111,15957.8125,10010.3925,305946.6665,285325.6875,0
3056,601717.SH,20230616,12.11,0.5904,0.9675,0.85,8.5032,8.1767,1.2226,0.674,0.6513,3.5856,4.6243,178224.597,151436.377,92406.6813,2158299.8697,1833894.5255,0
3057,603030.SH,20230616,2.46,1.7618,2.5722,0.73,,,,0.7103,0.7946,0.0,,58007.0382,58007.0382,39731.2381,142697.314,142697.314,1
3058,300735.SZ,20230616,11.18,1.0398,2.1923,0.48,28.5922,29.5213,1.931,2.06,2.2677,1.7938,1.7833,77013.9176,75269.9538,35700.7878,861015.5988,841518.0835,0
3059,600699.SH,20230616,17.38,2.7706,4.4218,0.73,60.3203,31.6045,1.9382,0.4775,0.4636,0.0,0.5754,136808.4624,136808.4624,85718.6883,2377731.0765,2377731.0765,0
3060,600538.SH,20230616,4.11,0.6485,0.8646,0.99,61.801,86.8457,2.2704,4.6868,4.8918,0.0,,52419.8348,52419.8348,39317.5985,215445.521,215445.521,0
3061,301318.SZ,20230616,36.88,15.9992,15.9992,0.89,30.2064,32.7837,2.2712,6.3513,6.6488,0.9038,1.4461,10411.8,2604.0,2604.0,383987.184,96035.52,0
3062,300474.SZ,20230616,99.7,5.9505,8.6126,0.8,157.0463,321.8719,13.8901,39.3269,52.9305,0.1261,0.1203,45517.2704,31767.9797,21948.5204,4538071.8589,3167267.5761,0
3063,300473.SZ,20230616,17.5,2.477,3.8315,0.84,,,1.8403,0.6524,0.6289,0.2562,0.2562,15044.7992,14955.3629,9668.6312,263283.986,261718.8508,0
3064,600727.SH,20230616,5.84,0.5156,0.682,1.29,,,1.0682,0.6302,0.6638,1.7123,1.7123,52858.3135,43961.8037,33236.4133,308692.5508,256736.9336,0
3065,002417.SZ,20230616,0.41,14.997,17.1036,1.3,,,1.5253,1.647,1.6879,0.0,,27027.28,23585.6328,20680.6418,11081.1848,9670.1094,1
3066,002871.SZ,20230616,12.47,1.0409,1.4371,0.81,20.0996,17.3188,3.8242,5.0684,4.8554,2.1555,1.8506,21954.0292,11846.2575,8580.4706,273766.7441,147722.831,0
3067,301373.SZ,20230616,32.13,2.4878,2.4878,1.35,38.3032,36.0662,2.4364,8.686,8.462,,0.9337,10847.2091,2521.8281,2521.8281,348520.8284,81026.3369,0
3068,600846.SH,20230616,11.03,1.6742,2.6566,1.08,19.5631,18.2125,1.8956,1.7478,1.6242,2.5385,2.5385,62476.1516,62476.1516,39372.4688,689111.9521,689111.9521,0
3069,600928.SH,20230616,3.74,0.6174,1.6269,0.66,6.8561,6.7179,0.5549,2.531,2.4338,5.0802,5.0802,444444.4445,337739.5435,128163.1813,1662222.2224,1263145.8927,0
3070,920974.BJ,20230616,6.74,0.0626,0.0626,0.67,16.2374,18.7968,1.7306,0.5569,0.6138,,,16380.0,10521.6728,10521.6728,110401.2,70916.0747,0
3071,300039.SZ,20230616,7.29,2.5025,3.6575,1.1,39.9642,35.7415,1.8815,6.8153,6.1773,0.6859,0.823,104600.0,91655.8369,62712.448,762534.0,668171.051,0
3072,003026.SZ,20230616,40.08,1.3776,1.6432,0.92,208.6447,,5.4995,11.9737,12.6601,1.4784,,10101.788,5568.197,4668.197,404879.663,223173.3358,0
3073,688351.SH,20230616,20.14,2.5574,2.5574,0.64,3189.2477,,5.6829,36.4079,36.9077,,,47060.0,6586.6107,6586.6107,947788.4,132654.3395,0
3074,301099.SZ,20230616,50.01,4.3321,5.0542,0.72,25.9493,30.2558,4.2143,1.8163,1.8261,0.5999,0.9998,8000.0,2800.0,2400.0,400080.0,140028.0,0
3075,300132.SZ,20230616,5.45,0.7308,0.8519,0.65,,,2.1159,0.965,1.0716,0.0,,51658.0886,49202.4055,42205.7465,281536.5829,268153.11,0
3076,605166.SH,20230616,9.14,0.8987,0.8988,0.99,11.9086,12.557,1.8771,0.4778,0.532,2.2439,2.3085,31555.7316,18761.5428,18759.0128,288419.3868,171480.5012,0
3077,600326.SH,20230616,6.5,12.0534,15.3272,3.35,,,1.6139,1.5566,1.6254,1.2308,1.2308,92088.7108,91855.9094,72235.8502,598576.6202,597063.4111,0
3078,001373.SZ,20230616,44.62,18.4393,18.4393,0.58,49.5598,54.8534,3.4979,3.8126,4.659,,,6868.6888,1717.1722,1717.1722,306480.8943,76620.2236,0
3079,301337.SZ,20230616,38.02,12.5691,12.5691,0.71,50.116,49.4768,3.536,11.2341,10.9642,,,10420.0,2470.5511,2470.5511,396168.4,93930.3528,0
3080,300390.SZ,20230616,36.78,3.3561,3.6899,0.75,4.6774,5.1783,2.7153,1.8088,1.793,0.9461,4.1578,83753.7178,54404.3066,49483.4105,3080461.7407,2000990.3967,0
3081,301100.SZ,20230616,20.58,1.372,1.372,1.15,43.2538,43.4193,1.9472,4.9313,4.9749,4.8591,5.345,20000.0,5000.0,5000.0,411600.0,102900.0,0
3082,300706.SZ,20230616,24.81,1.8651,2.6508,0.99,269.2685,740.9934,5.1449,5.4578,5.2257,0.0403,0.0403,15285.2499,11117.7999,7822.2573,379227.05,275832.6155,0
3083,300069.SZ,20230616,13.06,0.4691,0.826,1.01,,,6.6384,12.6902,14.8932,0.0,,11700.0,11700.0,6643.7463,152802.0,152802.0,0
3084,600730.SH,20230616,6.82,2.8942,3.6189,0.55,,,2.2781,32.5118,32.2397,0.1056,,58665.6002,58665.6002,46917.3018,400099.3934,400099.3934,0
3085,300604.SZ,20230616,53.05,2.6196,3.5281,1.52,69.9475,96.9234,14.2119,12.5174,13.6723,0.1874,0.1874,60794.3782,45164.383,33534.3546,3225141.7635,2395970.5182,0
3086,920675.BJ,20230616,4.44,0.1194,0.2003,0.53,12.4525,12.5776,1.4355,1.6421,1.5518,,,17219.8,7829.447,4669.007,76455.912,34762.7447,0
3087,301127.SZ,20230616,9.79,0.773,1.0332,0.9,20.2652,19.6652,1.9407,3.2198,2.8804,0.4504,0.5107,41840.58,24444.5216,18288.5216,409619.2782,239311.8665,0
3088,601298.SH,20230616,7.01,0.3211,2.6008,1.62,10.0554,9.8023,1.1765,2.3622,2.362,3.6576,3.6576,649110.0,539207.5,66561.27,4550261.1,3779844.575,0
3089,601117.SH,20230616,8.33,1.0129,1.7064,1.02,9.3979,9.1714,0.9609,0.3227,0.3084,1.7527,2.1251,610947.0588,604951.0588,359096.036,5089188.9998,5039242.3198,0
3090,688209.SH,20230616,17.33,1.0527,3.0873,0.91,46.9851,89.0525,4.3697,8.3926,8.3023,,,42000.0,21336.9712,7275.2032,727860.0,369769.7109,0
3091,000722.SZ,20230616,11.53,1.5206,3.1372,0.64,77.4003,163.5629,1.7021,12.9892,15.9729,0.8673,,46415.8282,46415.8282,22496.9877,535174.4991,535174.4991,0
3092,300710.SZ,20230616,29.06,10.7026,11.582,7.39,,,4.4545,5.4487,6.2755,0.0,,9949.03,6611.9116,6109.8547,289118.8118,192142.1511,0
3093,600734.SH,20230616,3.84,0.177,0.2597,0.97,,,22.8926,31.8879,28.3911,0.0,,217830.3106,210035.6819,143093.7322,836468.3927,806537.0185,0
3094,603607.SH,20230616,14.38,2.4818,4.7801,1.36,20.4257,21.5688,2.7208,2.9196,3.1059,3.4771,6.9541,17851.68,17851.68,9268.5558,256707.1584,256707.1584,0
3095,300144.SZ,20230616,13.18,1.0799,1.8364,0.95,3568.2176,317.4644,4.5986,75.2742,56.779,0.3794,0.3794,261469.404,228763.8116,134531.7955,3446166.7447,3015107.0369,0
3096,000402.SZ,20230616,4.77,0.3845,0.5585,1.07,16.8453,,0.378,0.6953,0.7648,0.6289,0.6289,298892.9907,298782.9036,205712.0883,1425719.5656,1425194.4502,0
3097,605162.SH,20230616,9.34,6.3205,6.3205,0.68,32.2637,37.0139,3.3456,3.8759,3.9471,3.7473,1.606,40045.1,10142.995,10142.995,374021.234,94735.5733,0
3098,301322.SZ,20230616,63.26,10.2862,10.2862,1.1,21.2797,20.3247,2.3744,4.5113,4.6338,,0.9485,10490.0698,2487.9633,2487.9633,663601.8155,157388.5584,0
3099,603392.SH,20230616,67.55,0.3826,1.4297,0.55,18.0893,18.4239,6.7557,7.659,7.859,0.1417,1.0568,126820.6999,126458.6221,33844.8,8566738.2782,8542279.9229,0
3100,600362.SH,20230616,19.31,0.5671,1.3521,1.89,11.1554,10.6551,0.869,0.1393,0.1377,2.5893,2.5893,346272.9405,207524.7405,87041.0095,6686530.4811,4007302.7391,0
3101,603041.SH,20230616,11.56,0.8082,1.5329,1.03,26.8234,26.0658,1.5421,4.2618,4.5735,0.9516,1.1978,18314.7692,18314.7692,9655.9792,211718.732,211718.732,0
3102,002835.SZ,20230616,17.24,7.7932,11.9782,1.27,34.5773,32.1611,4.2086,3.8984,3.6735,0.6961,1.5661,21949.3931,12728.1965,8281.1995,378407.537,219434.1077,0
3103,920770.BJ,20230616,5.42,1.4156,1.7006,1.31,11.4507,12.5127,1.2941,1.6295,1.6506,,,13013.2175,6181.4343,5145.3403,70531.6389,33503.3739,0
3104,688080.SH,20230616,70.25,1.351,2.025,0.9,52.4978,47.5246,4.4459,9.5444,8.7943,,,5257.2516,5257.2516,3507.5646,369321.9249,369321.9249,0
3105,688077.SH,20230616,26.21,1.2358,1.238,0.67,19.7832,53.015,2.7152,1.3985,1.4848,,,11308.92,6307.14,6295.94,296406.7932,165310.1394,0
3106,688178.SH,20230616,18.91,0.7485,1.7299,1.81,72.1001,70.9671,1.3174,1.8748,1.8754,,,8525.0476,8499.7844,3677.7233,161208.6501,160730.923,0
3107,600645.SH,20230616,16.96,0.5823,0.7561,0.83,70.242,69.2914,2.2186,5.1042,5.1587,0.0,,46794.889,46777.0165,36027.7493,793641.3174,793338.1998,0
3108,600180.SH,20230616,6.08,0.5604,1.6215,0.99,13.9094,16.5119,0.8493,0.1145,0.1132,2.903,5.0726,105190.2464,105190.2464,36353.0628,639556.6981,639556.6981,0
3109,689009.SH,20230616,36.01,1.7935,2.476,0.81,57.2614,60.0535,5.1663,2.5483,2.6142,,,71644.858,51170.043,37065.124,2579931.3366,1842633.2484,0
3110,002469.SZ,20230616,6.06,1.2214,1.622,1.22,14.3629,15.3515,1.5858,1.5066,1.5683,4.1254,4.1254,64886.263,61866.7289,46587.3693,393210.7538,374912.3771,0
3111,600999.SH,20230616,14.07,0.187,0.4602,1.22,15.158,13.8375,1.1942,6.3665,6.0331,3.838,3.838,869652.6806,742200.5272,301633.7568,12236013.216,10442761.4177,0
3112,002936.SZ,20230616,2.27,0.5148,0.6114,1.24,7.7458,7.6772,0.4471,1.2425,1.251,0.0,,826553.7599,608465.9994,512299.0457,1876277.035,1381217.8186,0
3113,300430.SZ,20230616,15.79,0.8484,1.3851,0.78,34.5873,33.3508,2.1593,4.4267,4.2493,0.1265,0.1265,27318.4096,25676.8848,15727.4677,431357.6876,405438.011,0
3114,301062.SZ,20230616,9.46,1.0094,1.0094,0.82,35.6378,46.4582,3.4666,3.3755,3.5267,0.6342,0.4228,40039.18,23931.7666,23931.7666,378770.6428,226394.512,0
3115,300463.SZ,20230616,15.82,0.7001,0.8201,0.56,13.6863,15.553,1.5656,2.6852,2.8836,2.9583,2.1934,61246.959,49534.9783,42289.3838,968926.8914,783643.3567,0
3116,601177.SH,20230616,11.0,1.4269,2.8544,0.66,21.0179,19.5126,2.0156,2.0039,2.0318,0.2,0.2,40006.0,40006.0,19998.855,440066.0,440066.0,0
3117,600671.SH,20230616,7.54,0.3836,0.7058,0.78,,,,8.4312,8.736,0.0,,12177.8885,12172.0533,6615.5145,91821.2793,91777.2819,0
3118,603985.SH,20230616,20.23,1.3208,3.1945,1.17,94.0812,80.0403,2.616,4.5859,4.4468,0.3802,0.1977,44085.8003,44085.8003,18227.2129,891855.7401,891855.7401,0
3119,000403.SZ,20230616,20.75,0.4373,0.6527,0.64,25.8927,28.2623,2.1934,6.3207,7.0199,0.27,0.27,73264.5729,63646.6319,42647.2676,1520239.8877,1320667.6119,0
3120,300620.SZ,20230616,65.52,15.8655,36.9611,1.18,136.8888,146.1275,9.8684,25.101,24.5651,0.2035,0.2035,24612.1822,24165.7387,10373.1232,1612590.1777,1583339.1996,1
3121,601880.SH,20230616,1.58,0.2124,0.6121,1.19,29.6152,31.8573,0.9704,3.1634,3.1696,1.7089,1.7089,2398706.5816,1882834.9817,653460.0053,3789956.3989,2974879.2711,0
3122,920670.BJ,20230616,11.38,2.8059,3.3536,0.85,,,5.1217,16.9173,15.5653,,,10618.24,6640.8421,5556.3912,120835.5712,75572.7831,0
3123,300836.SZ,20230616,29.77,5.3218,6.3872,1.21,,,3.4933,3.816,3.6786,0.7881,,6403.2436,4267.6854,3555.8326,190624.562,127048.9944,0
3124,300348.SZ,20230616,11.8,2.8836,2.9936,0.82,384.76,325.0107,5.796,4.5736,4.5266,0.2924,0.2924,73147.1562,61252.2434,59001.3167,863136.4432,722776.4721,0
3125,002210.SZ,20230616,1.86,0.5119,0.7303,0.76,56.0249,52.2248,18.5459,13.9844,13.223,0.0,,266123.2774,266122.3174,186555.0317,494989.296,494987.5104,0
3126,300381.SZ,20230616,7.06,0.9513,1.3535,0.49,189.775,95.2178,1.2916,2.9472,3.715,1.4164,,49008.1989,47662.9518,33501.4424,345997.8842,336500.4397,0
3127,002748.SZ,20230616,8.78,0.5649,1.2205,0.79,11.6961,14.935,1.567,0.813,0.8449,0.0,,24000.0,24000.0,11108.5,210720.0,210720.0,0
3128,300918.SZ,20230616,12.86,2.3631,2.5771,1.21,24.7942,24.3011,2.5189,2.8337,2.8267,0.9798,0.9798,36000.0,10842.75,9942.75,462960.0,139437.765,0
3129,002395.SZ,20230616,11.63,4.3065,12.1373,0.65,,,3.6022,2.2393,2.2891,0.0,,26820.9,26820.9,9516.3715,311927.067,311927.067,0
3130,300843.SZ,20230616,20.84,4.6964,4.7314,0.7,52.1755,56.327,3.0661,2.6637,2.743,0.3343,0.2399,14959.6208,4827.9958,4792.2958,311758.4975,100615.4325,0
3131,300684.SZ,20230616,25.11,14.2039,17.2484,1.05,36.4581,37.0455,4.5598,4.4293,4.3127,1.7125,2.5771,28085.2507,18196.2281,14984.4327,705220.6451,456907.2876,0
3132,603667.SH,20230616,13.65,6.6665,12.0257,3.81,30.3354,30.3165,1.9238,1.4006,1.433,1.3199,1.3199,32838.4621,32365.7581,17942.0608,448245.0077,441792.5981,0
3133,688779.SH,20230616,11.62,0.6961,0.7925,0.77,15.0504,18.8934,3.0472,1.2471,1.3573,,,192921.7295,101361.7997,89039.7929,2241750.4968,1177824.1125,0
3134,300267.SZ,20230616,3.26,0.5721,0.7565,0.77,146.9492,136.3822,1.3469,3.5947,3.377,0.0,0.9202,206260.487,142043.6766,107409.2035,672409.1876,463062.3857,0
3135,300553.SZ,20230616,46.88,2.1287,2.7857,1.41,204.9166,155.2894,5.5676,16.052,14.3748,0.0,0.1641,8112.0,5356.355,4093.0433,380290.56,251105.9224,0
3136,601933.SH,20230616,3.25,0.1894,0.4369,0.86,,,3.7119,0.3274,0.3404,0.6154,0.6154,907503.6993,907503.6993,393336.4672,2949387.0227,2949387.0227,0
3137,920942.BJ,20230616,9.49,0.1898,0.1978,1.78,18.6223,16.5814,1.3467,2.853,2.8874,,,6132.71,2925.2479,2806.4119,58199.4179,27760.6026,0
3138,601658.SH,20230616,5.12,0.2438,1.5806,1.3,5.9573,5.8676,0.677,1.5157,1.5023,4.4191,4.4191,9916107.6038,6712239.52,1035295.1325,50770470.9315,34366666.3424,0
3139,002819.SZ,20230616,33.71,2.0187,4.175,1.12,11.6012,11.9307,2.1973,3.4113,3.3479,0.4442,0.4442,30589.2502,23365.9743,11297.8473,1031163.6242,787666.9937,0
3140,688718.SH,20230616,16.55,0.8659,0.8659,0.65,91.6439,74.4964,3.9758,9.335,8.7911,,,17375.4389,5444.8386,5444.8386,287563.5138,90112.0788,0
3141,603306.SH,20230616,28.98,0.7574,1.0841,0.78,47.499,56.5123,2.8975,5.758,5.5035,0.3735,0.6411,32528.1052,32528.1052,22725.0218,942664.4887,942664.4887,0
3142,002424.SZ,20230616,8.67,10.787,11.0854,6.01,88.5335,73.9672,3.0688,3.4561,3.1428,0.0,,141120.0,120067.467,116836.3099,1223510.4,1040984.9389,1
3143,603328.SH,20230616,8.12,1.2153,2.9628,0.67,30.1903,26.4046,2.2209,2.6511,2.5866,0.8374,0.8374,99844.2611,99844.2611,40955.5563,810735.4001,810735.4001,0
3144,603989.SH,20230616,21.68,0.6307,1.7827,1.32,19.4903,20.6204,2.5976,2.5225,2.6487,1.3756,1.3756,40082.0172,40082.0172,14179.7871,868978.1329,868978.1329,0
3145,600884.SH,20230616,14.87,0.8252,1.3086,1.1,12.5091,13.7029,1.4706,1.5513,1.5939,2.1006,1.9942,226397.3358,175723.6492,110806.7023,3366528.3833,2613010.6636,0
3146,688325.SH,20230616,40.48,1.2964,2.0035,0.79,64.9596,88.2697,2.0426,16.8808,19.2449,,,8333.0927,3078.087,1991.7312,337323.5925,124600.9618,0
3147,002237.SZ,20230616,11.05,1.0147,1.7296,0.59,25.4163,25.3075,1.5079,0.2535,0.2294,0.362,,114801.44,91039.7469,53409.1503,1268555.912,1005989.2032,0
3148,300113.SZ,20230616,19.0,6.6772,9.7803,0.78,,,7.0059,11.7392,10.8172,0.362,0.362,69428.724,69401.0734,47381.9292,1319145.756,1318620.3946,0
3149,601808.SH,20230616,13.99,0.2151,1.1587,1.74,28.3745,27.2148,1.7092,1.872,1.7889,1.0722,2.2159,477159.2,296046.8,54962.07,6675457.208,4141694.732,0
3150,603488.SH,20230616,7.73,0.5422,0.9923,0.94,54.3987,39.6947,2.2566,4.5219,4.3295,2.5873,2.5873,29199.044,29199.044,15954.074,225708.6101,225708.6101,0
3151,603006.SH,20230616,11.96,10.843,29.6873,2.03,20.5465,19.1221,2.2217,2.4699,2.4589,3.1773,3.1773,25425.425,19107.8186,6978.9398,304088.083,228529.5105,0
3152,600797.SH,20230616,7.89,5.1945,6.1506,1.08,64.7288,67.1996,2.4395,1.9633,2.0112,0.0,,102752.7102,102752.7102,86778.8604,810718.8835,810718.8835,0
3153,300041.SZ,20230616,11.54,1.5042,1.7879,1.13,22.1311,19.977,2.4535,1.7382,1.6866,0.6452,0.9955,55941.9512,54441.9715,45802.032,645570.1168,628260.3511,0
3154,300678.SZ,20230616,59.16,40.3502,77.9878,1.86,348.8294,339.5729,20.9389,31.6096,31.2623,0.0563,0.0563,29638.6293,18747.5908,9699.8257,1753421.3094,1109107.4717,0
3155,688180.SH,20230616,41.23,0.8076,0.9541,0.91,,,4.5412,27.9602,37.66,,,98568.9871,50259.8335,42540.7285,4063999.3381,2072212.9352,0
3156,920242.BJ,20230616,8.47,0.1988,0.2868,1.09,10.446,9.7817,1.1788,1.2434,1.198,,,6213.6,3346.0725,2319.205,52629.192,28341.2341,0
3157,688251.SH,20230616,29.2,1.0643,2.164,0.82,24.4878,38.6985,2.2776,2.9674,3.118,,,5942.8464,3479.9149,1711.5311,173531.1149,101613.5151,0
3158,603127.SH,20230616,45.6,1.0342,1.902,0.87,22.7385,21.4899,2.9236,10.7704,10.3225,0.562,0.562,53567.8676,45035.3867,24487.9568,2442694.7626,2053613.6335,0
3159,000929.SZ,20230616,10.02,4.4836,6.3036,0.56,,,2.9163,6.9847,6.9577,0.0,,18576.6,18575.4223,13212.2506,186137.532,186125.7314,0
3160,002191.SZ,20230616,6.04,0.6438,0.9927,0.72,45.0262,167.9338,1.179,1.7122,1.8316,5.77,5.77,147088.755,142982.068,92728.0971,888416.0802,863611.6907,0
3161,600582.SH,20230616,5.65,0.677,1.7139,1.27,11.9772,10.8374,1.1582,0.8529,0.8328,3.1858,6.7257,413858.8892,413858.8892,163464.8614,2338302.724,2338302.724,0
3162,300845.SZ,20230616,25.2,13.0701,14.6701,1.01,62.3835,57.8209,3.6247,9.2697,8.7685,0.9921,,11082.72,6555.9399,5840.9096,279284.544,165209.6855,0
3163,603565.SH,20230616,10.59,2.5835,2.6165,2.15,8.1126,8.1528,2.3181,1.5652,1.5939,14.1229,9.0601,210006.3103,64296.1022,63485.164,2223966.8261,680895.7223,0
3164,002076.SZ,20230616,2.46,1.8116,2.1852,1.99,111.4213,58.7194,8.4348,17.5598,17.9185,0.0,,111462.4491,103664.0133,85942.4788,274197.6248,255013.4727,0
3165,688409.SH,20230616,115.71,2.5938,2.5938,0.79,98.4761,99.0457,5.1587,15.6621,15.0677,,,20905.3334,4675.3967,4675.3967,2418956.1277,540990.1522,0
3166,601028.SH,20230616,10.71,0.8774,1.6431,0.99,28.7884,23.3735,2.8902,0.7669,0.7704,0.5976,0.5976,78302.576,78302.576,41812.7302,838620.589,838620.589,0
3167,688503.SH,20230616,86.81,8.7633,8.7633,1.7,36.7533,34.9327,3.1184,2.2106,2.1805,,,16562.7886,3684.9896,3684.9896,1437815.6784,319893.9472,0
3168,002270.SZ,20230616,10.6,1.1888,1.7835,0.65,26.4296,23.0966,2.9889,5.5501,5.2674,3.7736,5.283,89622.5431,75922.4768,50608.0234,949998.9569,804778.2541,0
3169,301112.SZ,20230616,35.31,14.748,14.748,1.01,59.844,64.9441,3.2443,7.0813,7.7525,1.0275,1.5372,11026.66,2506.3018,2506.3018,389351.3646,88497.5166,0
3170,301109.SZ,20230616,16.34,0.8827,0.8827,0.86,14.3707,13.8279,1.4141,4.2656,4.2689,1.5504,7.0583,41001.0,9865.0831,9865.0831,669956.34,161195.4579,0
3171,002908.SZ,20230616,17.66,9.9332,13.1596,1.94,66.9774,63.8554,6.8392,8.4154,8.2769,0.2893,0.4028,43143.2088,30864.4718,23297.3356,761909.0674,545066.572,0
3172,300195.SZ,20230616,6.1,1.1697,1.2559,0.87,,,0.9857,1.9683,2.0914,0.0,,42338.7356,31346.2931,29195.8681,258266.2872,191212.3879,0
3173,603165.SH,20230616,15.09,2.1801,4.4153,0.95,24.9898,24.7655,2.16,1.6394,1.6841,2.2029,2.9639,27843.1276,27843.1276,13747.8389,420152.7955,420152.7955,0
3174,300085.SZ,20230616,12.79,2.7951,3.843,0.87,,,11.4343,8.0969,7.9231,0.0,,70664.0535,52709.2707,38335.9932,903793.2443,674151.5723,0
3175,688112.SH,20230616,51.7,6.151,6.151,1.46,58.3693,52.471,5.7318,20.6606,19.0211,,,15893.3383,4409.2128,4409.2128,821685.5901,227956.3018,0
3176,300806.SZ,20230616,18.36,0.7985,0.7985,1.06,49.5686,48.8575,3.8535,4.4366,4.4257,0.2737,0.2334,45361.8762,24036.0765,24036.0765,832844.047,441302.3645,0
3177,605399.SH,20230616,18.13,2.2709,2.2709,1.63,8.866,11.572,2.6449,2.9087,3.335,1.6319,1.6971,31232.89,11052.911,11052.911,566252.2957,200389.2764,0
3178,600388.SH,20230616,17.3,0.5791,0.8786,1.22,23.2271,23.0238,2.5919,1.5725,1.5121,1.4307,2.4712,107984.0484,107984.0484,71176.4154,1868124.0373,1868124.0373,0
3179,300364.SZ,20230616,23.64,19.0596,20.9326,1.26,,,15.4563,14.6291,13.9514,0.0,,72993.9618,65005.1306,59188.6186,1725577.257,1536721.2874,0
3180,000592.SZ,20230616,2.38,1.3303,1.6084,1.84,,,1.9444,3.9129,3.9463,0.0,,193178.0892,191393.6915,158296.2092,459763.8523,455516.9858,0
3181,600061.SH,20230616,7.36,0.4747,1.3044,1.27,16.0768,12.6326,0.9763,24.4192,21.6184,2.038,3.288,642530.6567,642530.6567,233836.5286,4729025.6333,4729025.6333,0
3182,688252.SH,20230616,21.56,4.2364,4.2364,0.83,67.9471,105.7575,4.8168,7.3591,7.7034,,,40902.1341,3607.7466,3607.7466,881850.0112,77783.0167,0
3183,002467.SZ,20230616,5.36,2.6316,3.1516,1.12,231.8547,464.5662,3.6046,8.2941,8.4014,0.0,2.9851,138551.1873,135848.7624,113434.736,742634.3639,728149.3665,0
3184,300164.SZ,20230616,4.39,4.8503,5.0084,1.33,116.4349,69.999,2.0537,3.3741,3.1199,0.0,,59090.8629,48501.6367,46970.4708,259408.8881,212922.1851,0
3185,601236.SH,20230616,7.79,0.3593,2.1247,1.23,953.7629,37.4052,1.6039,43.943,18.3735,1.287,1.9289,471678.7742,471678.7742,79764.2216,3674377.651,3674377.651,0
3186,300487.SZ,20230616,94.68,1.6672,2.1385,1.75,59.0258,53.6951,11.0499,16.5238,15.1876,0.2977,,33509.7673,20127.8889,15691.8485,3172704.768,1905708.5211,0
3187,605011.SH,20230616,34.7,7.9108,23.8901,0.69,65.475,65.3162,6.895,3.8256,3.8608,0.5187,0.4611,40010.0,12110.0,4010.0,1388347.0,420217.0,0
3188,600345.SH,20230616,23.45,5.7879,10.8914,0.64,25.0142,24.1772,2.0893,20.0263,20.0805,0.2132,0.2132,19800.0,19800.0,10522.0962,464310.0,464310.0,0
3189,000931.SZ,20230616,5.87,0.4054,0.6116,0.81,,,2.9639,2.1458,2.0462,0.0,,75312.6982,74619.1982,49454.7288,442085.5384,438014.6934,0
3190,605580.SH,20230616,13.2,13.4269,13.4269,0.55,26.8305,29.5928,4.6601,4.1662,4.1508,2.7056,3.2468,28000.0,7155.4,7155.4,369600.0,94451.28,0
3191,688084.SH,20230616,70.74,1.3067,1.3067,0.6,118.0727,143.4557,3.178,19.1277,20.345,,,7565.9066,1824.0,1824.0,535212.2329,129029.76,0
3192,603235.SH,20230616,28.22,1.2048,1.2048,1.01,19.8583,22.3579,3.202,5.3602,5.4261,0.0,2.5159,43778.0,4378.0,4378.0,1235415.16,123547.16,0
3193,603987.SH,20230616,13.23,0.5764,0.854,0.86,18.7417,17.9232,2.5137,1.8731,1.9883,1.5098,1.5098,44156.9,44156.9,29805.999,584195.787,584195.787,0
3194,603379.SH,20230616,23.2,2.1264,5.7213,2.92,29.1678,45.3144,2.533,2.9688,3.2426,0.7328,1.0302,61047.9037,61047.9037,22688.9564,1416311.3658,1416311.3658,0
3195,000762.SZ,20230616,30.94,2.3081,2.9172,1.16,20.2745,23.6895,5.4147,7.2991,8.2844,0.0,,52117.124,52080.0618,41206.7135,1612503.8166,1611357.1121,0
3196,002724.SZ,20230616,8.21,0.5444,1.8377,1.22,45.5447,47.982,2.1721,3.6524,3.6274,2.4624,2.4624,77149.7994,74963.6613,22208.201,633399.8531,615451.6593,0
3197,300163.SZ,20230616,3.17,1.6551,1.7535,1.43,,,2.5539,4.9319,5.0087,0.0,,47400.0,47362.47,44704.9349,150258.0,150139.0299,0
3198,300205.SZ,20230616,14.68,2.7236,4.508,1.0,73.0338,60.8511,4.1927,3.5234,3.2983,0.0,,43005.6,42599.1218,25737.4813,631322.208,625355.108,0
3199,002828.SZ,20230616,8.17,2.2106,2.6628,1.6,,,2.8436,2.454,2.4272,0.7344,0.7344,20098.76,19370.3506,16080.8506,164206.8692,158255.7644,0
3200,002362.SZ,20230616,30.33,17.4763,22.0823,1.51,,,5.442,5.294,5.2124,0.0,,24445.4646,20689.8296,16374.2148,741430.9413,627522.5318,0
3201,001216.SZ,20230616,13.16,2.0695,2.0695,0.8,19.4007,18.6903,2.2891,2.402,2.527,1.5957,1.5957,25186.67,6296.67,6296.67,331456.5772,82864.1772,0
3202,600703.SH,20230616,17.56,1.3858,2.2381,0.6,127.8831,186.5361,2.2961,6.6257,6.7272,0.507,0.507,498901.8727,458810.2347,284088.824,8760716.8846,8056707.7213,0
3203,002441.SZ,20230616,11.29,3.7013,5.445,1.16,20.8164,19.5487,1.3182,0.5069,0.5092,3.1001,3.1001,54454.3609,39892.9729,27118.1644,614789.7346,450391.664,0
3204,002607.SZ,20230616,4.99,4.5467,5.3645,0.68,,,38.2665,6.3786,6.838,0.0,,616739.9389,467917.3985,396584.7064,3077532.2951,2334907.8185,0
3205,600598.SH,20230616,13.6,0.3925,1.0948,0.75,24.7889,22.5994,3.4669,5.6731,5.4839,2.9412,3.0882,177767.9909,177767.9909,63741.7788,2417644.6762,2417644.6762,0
3206,600281.SH,20230616,4.06,0.2851,0.5045,1.0,,,5.0183,6.3691,6.5986,0.0,,51440.2025,51440.2025,29074.8686,208847.2222,208847.2222,0
3207,600008.SH,20230616,2.86,0.6173,1.1511,0.87,6.6568,6.6353,1.1618,0.9475,0.9641,3.4965,4.5455,734059.0677,734059.0677,393643.2234,2099408.9336,2099408.9336,0
3208,000819.SZ,20230616,19.35,2.6105,4.202,2.44,74.118,70.0077,5.8307,1.8397,1.858,0.0,,30632.5255,29915.0255,18585.1827,592739.3684,578855.7434,0
3209,002661.SZ,20230616,11.19,0.922,1.4475,0.97,24.4292,29.2925,1.442,0.7535,0.7028,1.6995,3.4042,33799.8561,33183.5482,21136.6133,378220.3898,371323.9044,0
3210,300107.SZ,20230616,4.85,0.6472,0.8151,0.94,43.6706,49.5364,1.866,3.6041,3.8005,2.0619,1.2371,55173.1068,33749.4299,26795.3828,267589.568,163684.735,0
3211,000001.SZ,20230616,11.63,0.4339,0.979,0.86,4.9585,4.7747,0.6079,1.2546,1.2624,1.9604,4.411,1940591.8198,1940554.695,860090.6226,22569082.8643,22568651.1029,0
3212,002130.SZ,20230616,7.97,5.0476,6.2185,0.81,16.3413,16.4185,2.2575,1.8801,1.8844,0.4391,0.5019,125989.8562,124798.8192,101299.6137,1004139.1539,994646.589,0
3213,603789.SH,20230616,8.33,0.7159,1.6406,1.2,,,4.2205,9.4641,10.0147,0.0,,27711.9,26000.0,11345.6318,230840.127,216580.0,0
3214,002078.SZ,20230616,10.68,0.3119,0.5729,0.81,10.6265,11.0571,1.268,0.7506,0.748,1.8005,1.8005,279468.4119,274395.2588,149381.6806,2984722.6391,2930541.364,0
3215,002361.SZ,20230616,3.93,0.6054,0.6534,0.99,138.9256,136.1672,1.5781,1.4854,1.4838,2.5445,,95103.4969,79542.7984,73701.8989,373756.7428,312603.1977,0
3216,600696.SH,20230616,24.96,0.2996,0.8512,0.8,224.1531,144.0149,15.2662,7.6494,6.6701,0.0,,33446.9431,33446.9431,11772.9186,834835.6998,834835.6998,0
3217,688403.SH,20230616,13.18,3.8838,3.8838,0.9,62.087,71.0451,3.7512,11.71,11.5743,,,83485.3281,12219.4033,12219.4033,1100336.6244,161051.7355,0
3218,601939.SH,20230616,6.3,1.0684,1.1516,1.0,4.8634,4.8634,0.5621,1.915,1.9755,5.7778,5.7778,25001097.7486,959365.7606,890107.583,157506915.8162,6044004.2918,0
3219,603727.SH,20230616,12.19,6.74,12.7544,13.91,53.1461,106.674,1.0509,1.0675,1.1133,2.0509,3.2814,28171.9277,28171.9277,14887.2977,343415.7987,343415.7987,1
3220,002066.SZ,20230616,11.84,4.3585,7.2798,4.44,41.2892,38.9168,4.4998,0.5676,0.5869,0.0,0.6757,23100.0,23099.9993,13830.2528,273504.0,273503.9917,0
3221,688313.SH,20230616,19.66,23.1537,25.5105,1.24,140.299,235.8037,7.4932,9.9861,10.5323,,,45880.2328,32473.1489,29473.1429,902005.3768,638422.1074,0
3222,688336.SH,20230616,16.82,1.8825,1.8825,1.01,210.4441,125.8063,2.2373,12.5675,11.8928,,,61678.5793,9274.1491,9274.1491,1037433.7038,155991.1879,0
3223,002939.SZ,20230616,8.47,0.5895,1.6176,0.98,38.0181,23.9318,1.2198,10.9287,9.4322,1.3623,,403442.6956,348762.2957,127098.8384,3417159.6317,2954016.6446,0
3224,603272.SH,20230616,16.65,1.841,2.2954,1.11,47.5706,77.3064,2.6658,8.6351,9.3938,1.8018,1.8018,10362.7,3978.175,3190.675,172538.955,66236.6138,0
3225,000815.SZ,20230616,12.66,8.6286,14.59,1.54,,,4.6899,7.9986,8.3575,0.0,,69526.3035,69526.3035,41118.1893,880203.0023,880203.0023,1
3226,601128.SH,20230616,6.86,1.141,1.2586,1.94,6.8529,6.5297,0.8544,2.1345,2.0682,2.9154,3.6443,274088.0372,264336.9544,239647.2852,1880243.9352,1813351.5072,0
3227,000002.SZ,20230616,14.54,1.1253,1.689,1.54,7.6697,7.664,0.7051,0.3443,0.3404,6.663,6.663,1193070.9471,971666.7215,647385.6424,17347251.5708,14128034.1306,0
3228,300929.SZ,20230616,11.18,1.7442,1.897,0.84,33.674,46.1468,1.7451,3.4377,3.8283,0.7267,,13213.2956,9540.03,8771.8343,147724.6448,106657.5354,0
3229,600182.SH,20230616,16.1,0.5594,0.5594,0.64,159.0231,95.8998,5.1003,1.5609,1.532,0.2174,0.2174,34000.0,17000.0,17000.0,547400.0,273700.0,0
3230,603187.SH,20230616,19.36,1.3165,1.6467,1.36,25.6052,22.6416,2.0361,2.5759,2.5323,0.9804,1.2913,38647.4838,38299.4837,30618.3966,748215.2864,741478.0044,0
3231,301108.SZ,20230616,35.97,1.1657,1.6082,1.3,20.7223,22.3348,1.6418,4.3824,4.7594,2.0851,1.39,8120.9818,3476.3718,2519.8792,292111.7153,125045.0936,0
3232,688511.SH,20230616,33.25,1.1931,1.3941,0.98,59.3238,68.4602,3.2863,23.6503,24.9112,,,8000.0,4079.2259,3491.1377,266000.0,135634.2612,0
3233,002211.SZ,20230616,3.7,4.1366,6.627,1.98,40.4088,34.2179,17.9457,4.3887,4.897,0.0,,43247.5779,43228.8279,26983.5994,160016.0382,159946.6632,0
3234,301366.SZ,20230616,82.98,22.2497,22.2497,0.61,45.422,46.6306,3.2704,8.8128,8.6827,0.5664,0.5664,8333.3334,1937.1667,1937.1667,691500.0055,160746.0928,0
3235,688799.SH,20230616,39.47,1.3343,1.8584,0.74,20.2527,18.7006,2.2494,2.8641,2.7264,,,9380.0,5531.3,3971.3,370228.6,218320.411,0
3236,002702.SZ,20230616,5.4,1.466,2.0544,0.72,41.0674,44.9851,3.2239,1.6012,1.5791,0.0,1.8519,48076.0,38615.5,27555.8325,259610.4,208523.7,0
3237,300800.SZ,20230616,13.19,0.821,1.3136,1.03,53.9326,93.4869,1.5287,6.0645,6.0317,1.122,,23840.0,16819.0625,10511.5625,314449.6,221843.4344,0
3238,920266.BJ,20230616,6.7,0.1677,0.2549,0.94,,,0.8465,1.4602,1.4303,,,12800.0,9832.44,6469.94,85760.0,65877.348,0
3239,688393.SH,20230616,26.2,4.4837,6.1627,1.33,57.4193,79.3613,1.9958,4.8316,5.1282,,,9356.7699,6079.9299,4423.4097,245147.3714,159294.1634,0
3240,603168.SH,20230616,8.24,1.8143,3.237,1.2,66.82,75.2137,1.7894,5.5856,5.4582,0.0,0.449,37251.4005,32259.2499,18081.1506,306951.5401,265816.2192,0
3241,920010.BJ,20230616,3.48,0.1311,0.2327,2.25,14.3693,15.1713,1.3559,1.8045,1.7049,,,23450.0,16102.6603,9071.2454,81606.0,56037.2578,0
3242,002407.SZ,20230616,19.96,1.1933,1.2864,1.17,10.9758,16.1306,3.584,1.7302,1.756,1.0706,2.141,107121.062,95748.7277,88816.1635,2138136.3975,1911144.6049,0
3243,002468.SZ,20230616,11.47,0.8852,2.1454,0.75,61.026,55.8796,2.124,0.5215,0.4979,0.0,,153080.2166,149204.5657,61565.2783,1755830.0844,1711376.3686,0
3244,300168.SZ,20230616,13.05,3.2253,3.2253,0.79,,,5.9201,5.8425,6.1343,0.0,,144319.1991,118321.7102,118321.7102,1883365.5483,1544098.3181,0
3245,688238.SH,20230616,12.37,1.0003,1.0003,0.4,203.2269,,3.7012,27.2257,31.8539,,,64114.57,29063.1588,29063.1588,793097.2309,359511.2744,0
3246,688607.SH,20230616,18.75,1.5575,2.2281,1.18,,,1.9756,8.0775,7.6289,,,8812.9027,6650.9027,4649.0703,165241.9256,124704.4256,0
3247,002716.SZ,20230616,2.89,0.4232,0.5441,0.64,,,3.4755,1.8824,1.7991,0.0,,221047.9088,218106.5895,169619.2548,638828.4564,630328.0437,0
3248,300389.SZ,20230616,19.82,3.9411,5.3352,1.11,35.4805,27.4241,6.0919,2.5762,2.391,7.4507,8.9643,36342.7298,16787.6419,12400.9879,720312.9046,332731.0625,0
3249,301123.SZ,20230616,24.31,10.4193,11.5124,3.31,41.4475,48.235,1.905,3.6323,3.7839,1.2341,2.0568,23360.0,7641.6213,6916.0406,567881.6,185767.8138,0
3250,000663.SZ,20230616,11.0,4.6448,6.2983,0.65,13.8189,11.9102,3.8452,4.8948,4.6635,0.0,,33668.3929,30629.7478,22588.2344,370352.3219,336927.2258,0
3251,605588.SH,20230616,52.69,25.3988,25.3988,1.07,47.1821,50.5754,3.765,3.4769,3.9685,0.2562,0.2562,7309.9561,2309.9561,2309.9561,385161.5869,121711.5869,0
3252,688248.SH,20230616,39.84,12.4828,12.4828,2.55,109.3615,97.1575,8.5882,12.5707,11.2171,,,56470.0,8131.2,8131.2,2249764.8,323947.008,0
3253,601113.SH,20230616,3.29,0.6,1.0439,1.15,8.4758,7.1197,0.9285,0.5547,0.5567,0.0,,110415.2226,110415.2226,63458.4452,363266.0824,363266.0824,0
3254,603003.SH,20230616,10.23,4.2149,6.3748,0.77,127.0319,105.4018,1.1327,0.4124,0.4297,0.0,,40244.3494,40244.3494,26608.9786,411699.6944,411699.6944,0
3255,000793.SZ,20230616,2.36,1.798,1.9386,0.96,,,2.3122,6.2091,6.8962,0.0,,199724.5457,196100.8615,181870.8371,471349.9279,462798.0331,0
3256,300444.SZ,20230616,8.17,10.4462,12.9372,0.94,,,4.7608,3.1481,2.6029,0.0,,72525.5525,59230.0893,47825.7912,592533.7639,483909.8296,0
3257,000709.SZ,20230616,2.27,0.2951,0.8157,0.92,16.8204,17.5352,0.4546,0.1636,0.1627,4.4053,4.4053,1033712.1092,1033540.7172,373920.0448,2346526.4879,2346137.428,0
3258,002391.SZ,20230616,6.93,0.8158,0.9154,1.17,17.159,16.507,0.9789,1.0608,1.0345,2.8861,2.886,64959.255,46449.0811,41398.4067,450167.6372,321892.132,0
3259,003028.SZ,20230616,40.6,2.1606,2.1606,0.98,26.5178,29.9737,3.2527,4.3413,4.6755,0.7387,1.4737,11143.0768,2802.0578,2802.0578,452408.9181,113763.5467,0
3260,600356.SH,20230616,7.78,1.1328,1.6168,1.6,18.0277,17.6844,0.9735,0.9463,0.9138,1.3111,2.9794,29873.1378,29873.1378,20930.8295,232413.0121,232413.0121,0
3261,002349.SZ,20230616,9.35,1.1791,1.8004,0.76,35.869,32.6652,3.1401,4.8394,4.816,0.6417,0.8556,81418.0908,81128.1809,53128.7149,761259.149,758548.4914,0
3262,300206.SZ,20230616,14.6,1.3559,1.7753,0.91,36.4531,26.2253,4.5357,4.8744,4.2625,1.4128,1.4128,58172.1846,34043.8065,26001.0138,849313.8952,497039.5749,0
3263,688150.SH,20230616,22.63,1.39,1.7889,0.51,86.3435,94.1193,5.4551,32.491,32.9632,,,40243.7585,14743.0091,11455.7441,910716.2549,333634.2959,0
3264,002470.SZ,20230616,1.94,1.0357,1.502,0.96,,,2.1607,0.639,0.6489,0.0,,328602.7742,316471.576,218216.8368,637489.3819,613954.8574,0
3265,600498.SH,20230616,21.71,1.8861,3.3481,0.73,63.4814,62.8206,2.2511,0.8332,0.8205,0.3689,0.3689,118656.4536,113154.5536,63744.7795,2576031.6077,2456585.3587,0
3266,300656.SZ,20230616,31.72,0.6276,0.9976,0.95,61.0413,66.9095,4.743,10.5673,10.8762,0.2388,0.2866,17263.4672,12674.7747,7974.2056,547597.1796,402043.8535,0
3267,300477.SZ,20230616,4.65,1.1255,1.1655,1.06,689.2693,,1.9988,1.683,1.8029,0.0,,107201.8687,92750.4202,89571.8672,498488.6895,431289.4539,0
3268,301161.SZ,20230616,22.92,10.111,10.111,1.16,59.5262,67.0172,3.0135,8.0791,8.5655,,0.7417,12000.0,2801.8757,2801.8757,275040.0,64218.991,0
3269,300893.SZ,20230616,25.8,9.8098,9.8098,1.88,49.1782,45.4703,6.5481,5.8526,5.8246,0.5168,0.3876,22500.0,5625.0,5625.0,580500.0,145125.0,0
3270,300853.SZ,20230616,33.75,4.1447,4.1447,1.56,,,4.048,12.6681,9.6221,0.8888,0.5926,14694.071,9311.099,9311.099,495924.8963,314249.5913,0
3271,688301.SH,20230616,273.58,0.9426,1.1874,0.75,43.4145,41.118,7.8338,17.9726,16.7446,,,10176.8141,5763.1621,4574.8331,2784172.8015,1576685.8873,0
3272,603886.SH,20230616,18.23,0.8206,1.6249,1.13,16.425,15.7735,3.1894,1.6911,1.6833,5.4855,5.4855,24000.0,24000.0,12120.9,437520.0,437520.0,0
3273,001324.SZ,20230616,22.52,25.6641,25.6641,1.72,46.6246,38.345,2.9413,6.004,5.7267,,,13800.0,3380.4587,3380.4587,310776.0,76127.9299,0
3274,605099.SH,20230616,22.14,2.5802,2.5802,0.72,19.8951,19.5288,4.1302,3.5996,3.7873,2.1362,4.6655,40170.35,4009.0,4009.0,889371.549,88759.26,0
3275,000019.SZ,20230616,7.77,1.4135,2.1732,1.1,21.2917,23.0447,1.8394,1.0773,1.1993,3.2175,3.2175,115253.5254,41621.6407,27071.6427,895519.8924,323400.1482,0
3276,605177.SH,20230616,23.65,1.8508,1.8508,1.2,25.7282,25.5426,1.4681,2.2777,2.0758,0.8457,1.2262,11360.0,5619.6356,5619.6356,268664.0,132904.3819,0
3277,002315.SZ,20230616,41.49,12.466,15.3726,1.06,42.9952,41.8765,7.4246,8.8269,8.8333,1.9014,2.1692,31129.7197,19469.6819,15788.4979,1291572.0704,807797.102,0
3278,603097.SH,20230616,23.0,16.5692,16.5692,0.43,40.3257,48.9789,4.4849,3.592,3.4751,0.8696,1.5217,16000.0,4000.0,4000.0,368000.0,92000.0,0
3279,600763.SH,20230616,101.93,1.4317,2.1612,0.95,59.6109,59.3426,9.3924,12.0219,11.9345,0.0,,32064.0,32064.0,21240.8,3268283.52,3268283.52,0
3280,603000.SH,20230616,35.35,8.8553,20.3829,0.97,126.0027,111.2934,10.8495,19.7627,19.6424,0.297,0.297,110569.1056,110569.1056,48036.5035,3908617.883,3908617.883,0
3281,603801.SH,20230616,33.3,1.7316,3.1749,1.59,19.3464,19.3374,3.5454,1.9269,1.9102,1.7839,1.7839,31181.9895,30870.0079,16836.9474,1038360.2504,1027971.2631,0
3282,300095.SZ,20230616,8.85,0.8291,1.0003,0.97,41.3086,48.5269,1.7282,2.5707,2.6668,1.1299,0.6691,42009.0164,33334.1517,27627.2388,371779.7951,295007.2425,0
3283,301219.SZ,20230616,38.41,0.8554,1.3354,0.69,41.242,,1.3802,2.3579,2.6237,4.4393,2.4032,29471.7182,16627.3772,10650.6322,1132008.6961,638657.5583,0
3284,920871.BJ,20230616,4.5,0.1063,0.1063,0.34,19.3389,20.1183,1.4638,2.2912,2.2899,,,7373.7616,2167.0648,2167.0648,33181.9272,9751.7916,0
3285,002356.SZ,20230616,4.05,0.4646,0.7921,0.93,,,8.6265,32.7064,32.8823,0.0,,131125.4521,131039.7184,76854.0495,531058.081,530710.8595,0
3286,300160.SZ,20230616,6.67,0.6427,1.1718,1.0,28.0008,27.5488,2.3002,3.4209,3.5857,1.199,1.4993,77294.6292,60753.7442,33322.1608,515555.1768,405227.4738,0
3287,600223.SH,20230616,11.26,2.0153,4.4079,2.17,251.82,105.5049,2.976,0.8838,0.8984,0.9698,0.9698,101656.8775,101656.8775,46478.3575,1144656.4407,1144656.4407,0
3288,002685.SZ,20230616,3.66,0.9818,1.2013,0.6,,,1.6281,2.4991,2.8062,0.0,,100769.0641,81385.5134,66516.1096,368814.7746,297870.979,0
3289,688315.SH,20230616,27.98,0.8213,0.8213,0.49,63.181,61.9113,5.6957,5.815,5.6565,,,40020.0,10990.7517,10990.7517,1119759.6,307521.2326,0
3290,603027.SH,20230616,21.65,0.9952,1.9053,0.83,60.7711,48.1676,8.3201,8.579,7.5378,0.321,0.321,96546.859,95853.859,50069.7869,2090239.4974,2075236.0474,0
3291,603990.SH,20230616,21.29,7.7792,10.6699,3.86,149.6123,373.834,3.7324,16.4352,15.7245,0.0,,23584.1478,21440.1344,15631.461,502106.5067,456460.4614,1
3292,603666.SH,20230616,39.51,1.2053,2.2525,1.15,,,3.4251,12.286,13.1479,0.4031,0.4031,20794.07,20608.392,11027.882,821573.7057,814237.5679,0
3293,001339.SZ,20230616,30.77,18.6475,18.6475,0.66,64.3791,66.0216,4.0672,2.528,2.4013,0.0,0.13,24915.7,6175.0,6175.0,766656.089,190004.75,0
3294,002006.SZ,20230616,20.4,1.3592,1.9415,0.97,31.6565,29.3868,6.6196,3.9392,3.9252,0.0,,45516.0,45516.0,31865.76,928526.4,928526.4,0
3295,603353.SH,20230616,16.81,1.1139,3.8625,2.15,28.1462,30.6299,1.7239,0.7298,0.7943,1.1835,1.1835,17339.4,17339.4,5000.5,291475.314,291475.314,0
3296,002958.SZ,20230616,2.76,0.2445,0.3254,0.78,6.6174,6.4708,0.4947,1.542,1.5146,3.6232,3.6232,555561.2208,485460.4656,364769.7153,1533348.9694,1339870.8851,0
3297,002982.SZ,20230616,35.36,1.1459,1.8811,1.27,34.0268,54.6449,2.1627,0.9423,0.9124,0.0,0.5656,10188.1118,6588.8169,4013.7719,360251.6332,232980.5656,0
3298,002300.SZ,20230616,8.6,0.5024,1.1327,0.68,26.4764,26.0998,3.0931,0.431,0.442,1.6279,1.6279,65666.7,65661.6552,29120.1303,564733.62,564690.2347,0
3299,600657.SH,20230616,4.62,0.8028,2.9814,1.12,23.9382,24.2868,0.5447,0.722,0.8505,1.5152,1.5152,285187.8595,285187.8595,76789.1751,1317567.9109,1317567.9109,0
3300,002867.SZ,20230616,17.24,0.4221,1.1594,0.65,17.3242,16.202,3.2822,1.6994,1.5133,2.873,3.4471,109592.6265,108357.7719,39450.6721,1889376.8809,1868087.9876,0
3301,300369.SZ,20230616,13.8,4.5085,6.0365,0.7,389.1369,,3.1554,4.1988,4.1948,0.4751,,79985.9463,73778.5477,55102.7721,1103806.0589,1018143.9583,0
3302,600858.SH,20230616,6.03,1.0097,1.678,0.89,,146.9994,1.3034,0.583,0.5928,0.0,,52006.6589,51754.8029,31142.7085,313600.1532,312081.4615,0
3303,920394.BJ,20230616,13.65,2.2935,2.2935,1.0,31.4815,29.8071,3.2741,7.0772,6.5258,,,14625.0,3531.0,3531.0,199631.25,48198.15,0
3304,603095.SH,20230616,15.17,0.2977,1.0508,0.89,6.2284,6.5659,1.1144,2.2171,2.4679,3.7668,2.3543,18480.0,18480.0,5235.986,280341.6,280341.6,0
3305,600150.SH,20230616,28.68,2.8588,5.7658,2.24,746.3019,784.7358,2.8148,2.1537,2.3115,0.1046,0.1046,447242.8758,447242.8758,221754.6394,12826925.6779,12826925.6779,0
3306,300536.SZ,20230616,15.82,3.0523,3.8156,1.09,197.7066,193.3327,7.3016,11.9606,11.2463,0.0,,29328.8133,29324.874,23458.874,463981.8264,463919.5067,0
3307,605319.SH,20230616,15.37,2.4251,3.3483,0.77,47.5804,38.2829,1.8912,2.2041,2.1923,0.7792,0.7792,25048.2183,7000.0,5070.0,384991.1153,107590.0,0
3308,300595.SZ,20230616,30.53,1.3768,1.9546,0.78,43.7991,42.1036,6.3839,17.9104,17.5613,0.4553,0.4586,89482.6637,66824.528,47073.2052,2731905.7228,2040152.8398,0
3309,603255.SH,20230616,44.23,5.1439,5.1439,1.27,53.6123,64.2083,3.8935,6.5607,6.7445,,0.1696,13346.6667,3336.6667,3336.6667,590323.0681,147580.7681,0
3310,000561.SZ,20230616,10.69,3.4584,6.4163,1.13,66.1792,56.7469,3.6224,4.0401,3.8446,0.0,,60469.2321,60202.6686,32449.0869,646416.0911,643566.5273,0
3311,600428.SH,20230616,6.42,1.7643,3.5958,0.84,16.7915,15.4222,1.2891,1.129,1.1134,0.7788,3.271,214665.0771,214665.0771,105324.7126,1378149.795,1378149.795,0
3312,300546.SZ,20230616,19.63,3.471,3.868,0.99,99.3774,63.4311,3.3454,5.8985,5.2637,0.0,0.1176,18552.4691,13003.4269,11668.5576,364184.9684,255257.27,0
3313,600531.SH,20230616,6.27,1.0377,1.6342,0.69,16.0864,13.8597,1.5582,0.2521,0.2405,1.8022,1.882,109024.2634,109024.2634,69229.0765,683582.1315,683582.1315,0
3314,002498.SZ,20230616,3.98,0.2682,0.8021,1.01,16.8526,16.0349,1.8626,1.3453,1.366,0.9045,0.9045,332679.6,332679.6,111238.7984,1324064.808,1324064.808,0
3315,000599.SZ,20230616,4.21,0.665,1.0335,0.7,,,1.5378,0.8793,0.8445,0.2375,0.2375,81675.8987,81672.5739,52556.1639,343855.5335,343841.5361,0
3316,688560.SH,20230616,26.61,2.5187,2.524,0.89,51.0651,58.913,1.7027,3.0758,3.0447,,,20130.1918,12753.1918,12726.4218,535664.4038,339362.4338,0
3317,002863.SZ,20230616,6.14,2.5551,4.1371,0.48,27.1344,25.523,1.4617,0.726,0.7162,0.2395,0.2395,49886.1596,49886.1596,30809.4396,306301.0199,306301.0199,0
3318,301326.SZ,20230616,37.2,5.5858,5.5858,0.5,31.2859,54.8091,1.9669,2.5961,2.9064,,1.0753,7219.2828,1685.6806,1685.6806,268557.3202,62707.3183,0
3319,600339.SH,20230616,4.0,1.6079,5.7836,1.84,30.9856,28.929,0.8696,0.2672,0.2754,0.625,0.625,558314.7471,558314.7471,155218.0662,2233258.9884,2233258.9884,0
3320,002307.SZ,20230616,5.2,1.2514,2.0062,1.06,142.3879,146.4042,1.922,0.5657,0.57,0.0,,126829.1582,109103.0717,68051.5931,659511.6226,567335.9728,0
3321,301065.SZ,20230616,20.81,1.1816,1.1816,1.46,37.0866,39.3828,1.7669,2.9078,3.0236,1.1213,0.4805,10602.0,4562.535,4562.535,220627.62,94946.3534,0
3322,300265.SZ,20230616,10.17,3.93,8.8982,1.33,45.4247,38.4149,2.654,1.7819,1.67,0.1967,0.4425,36497.8588,36464.4651,16104.8551,371183.224,370843.6101,0
3323,603172.SH,20230616,17.99,23.2513,23.2513,2.95,35.485,35.424,2.3773,4.4013,4.3676,,,13338.0,3270.9595,3270.9595,239950.62,58844.5614,0
3324,600605.SH,20230616,17.5,2.5699,6.1557,0.77,389.508,267.06,3.2469,33.2763,32.7006,0.5029,0.5714,20628.2429,20628.2429,8611.8236,360994.2508,360994.2508,0
3325,688521.SH,20230616,87.54,1.6134,1.6134,0.59,592.2231,,15.0205,16.3175,16.4473,,,49936.612,20902.1296,20902.1296,4371451.0145,1829772.4252,0
3326,688187.SH,20230616,42.73,1.4861,1.4861,0.8,23.6776,22.8366,1.7299,3.3557,3.258,,,141623.6912,20984.4493,20984.4493,6051580.325,896665.5186,0
3327,300200.SZ,20230616,8.26,0.6796,1.1722,1.2,25.2892,25.863,1.8283,3.5042,3.6042,1.7929,3.6089,43097.3206,42160.8432,24443.431,355983.8682,348248.5648,0
3328,002866.SZ,20230616,25.73,6.072,8.0545,2.07,64.7667,77.7105,3.5994,3.7271,3.9407,0.2316,0.1555,28952.2256,18059.2781,13614.2531,744940.7647,464665.2255,0
3329,002647.SZ,20230616,5.32,1.0824,1.3736,1.03,,,19.0949,1.7979,1.7379,0.0,,55993.665,55993.665,44124.3575,297886.2978,297886.2978,0
3330,002890.SZ,20230616,13.8,1.5049,3.122,1.77,79.752,73.8046,3.1424,4.5357,4.4123,0.5176,0.7246,13067.32,12108.7376,5836.8853,180329.016,167100.5789,0
3331,600129.SH,20230616,59.24,0.9197,1.4756,0.5,94.3378,58.4155,10.0258,2.3479,2.2033,0.0,,55689.0744,55689.0744,34708.7759,3299020.7675,3299020.7675,0
3332,603029.SH,20230616,20.91,4.4367,10.7924,0.67,44.2125,42.0396,3.2223,3.92,3.868,0.4047,0.6791,12134.2,12134.2,4988.3048,253726.122,253726.122,0
3333,688166.SH,20230616,22.6,0.4721,0.7683,0.64,39.8447,38.2462,4.6172,9.3851,8.8907,,,42246.5363,42246.5363,25958.4727,954771.7204,954771.7204,0
3334,000957.SZ,20230616,10.45,4.8515,7.2459,0.58,63.013,40.1596,2.3094,1.1743,1.2131,0.0,,59290.3936,59290.3936,39698.1056,619584.6131,619584.6131,0
3335,002905.SZ,20230616,10.9,4.4571,16.555,0.51,,,25.1079,4.792,4.7103,0.0,,37632.0,34944.0,9408.0,410188.8,380889.6,0
3336,300878.SZ,20230616,22.73,2.291,2.297,1.13,74.0497,67.0961,2.3082,6.1945,6.0582,1.3198,1.3198,14479.0322,3982.5974,3972.1574,329108.4019,90524.4389,0
3337,688228.SH,20230616,70.06,8.5967,21.4741,0.79,47.9789,48.5168,3.773,8.4755,8.5397,,,6713.344,6713.344,2687.5404,470336.8806,470336.8806,0
3338,001287.SZ,20230616,33.35,19.9193,19.9193,0.56,63.2632,75.0188,5.2328,0.5852,0.6599,,0.4258,75990.0097,18427.3692,18427.3692,2534266.8235,614552.7628,0
3339,600987.SH,20230616,7.21,0.7333,1.1891,1.2,11.518,11.3899,1.3494,0.7917,0.7875,4.1609,4.1609,105081.8859,96941.2995,59785.3553,757640.3973,698946.7694,0
3340,603158.SH,20230616,7.26,1.1289,1.9058,0.61,28.8682,26.8582,1.8541,1.3347,1.2797,0.9839,2.0858,49079.9306,49079.9306,29071.9958,356320.2962,356320.2962,0
3341,301177.SZ,20230616,40.97,3.563,3.563,1.42,22.4732,36.0715,2.3741,4.4515,5.1774,4.8816,4.8816,40001.0,4001.0,4001.0,1638840.97,163920.97,0
3342,688469.SH,20230616,5.89,4.2808,4.2808,0.98,,,2.7243,8.9786,8.9728,,,702180.0,104057.6273,104057.6273,4135840.2,612899.4248,0
3343,603221.SH,20230616,7.58,0.5027,1.9868,1.65,,,1.3199,2.277,2.5092,0.3958,0.3958,24000.0,24000.0,6072.0,181920.0,181920.0,0
3344,600116.SH,20230616,9.09,0.5118,0.8395,1.37,36.4986,40.6146,1.5772,1.5669,1.4811,1.6502,1.6502,191214.2904,191214.2904,116570.5047,1738137.8997,1738137.8997,0
3345,605555.SH,20230616,15.11,3.1633,3.1633,1.4,18.8457,20.0491,2.3014,2.9031,2.912,1.1818,2.3636,37236.08,13569.8415,13569.8415,562637.1688,205040.3051,0
3346,002100.SZ,20230616,8.1,2.2565,3.0646,1.88,36.3869,30.7461,1.418,0.6558,0.6368,0.0,2.716,135462.1726,135457.4707,99739.9388,1097243.5981,1097205.5127,0
3347,920807.BJ,20230616,5.21,0.1027,0.1029,0.79,15.6275,19.4646,1.0336,1.3339,1.4455,,,18188.0,7118.1812,7103.1812,94759.48,37085.7241,0
3348,600172.SH,20230616,4.2,1.3989,1.7498,0.89,196.5407,,1.8489,2.5131,2.5561,0.0,,144218.4476,127625.575,102030.8405,605717.4799,536027.415,0
3349,920163.BJ,20230616,5.63,0.0447,0.0802,0.23,17.7158,17.4217,1.6855,1.8812,1.752,,,12836.8,6085.2375,3388.25,72271.184,34259.8871,0
3350,605300.SH,20230616,20.59,2.4896,2.4896,0.98,71.3837,51.0296,4.0197,3.3927,3.2343,0.5828,0.4371,40001.0,5757.5921,5757.5921,823620.59,118548.8213,0
3351,920207.BJ,20230616,6.27,0.3091,0.3091,0.85,29.0206,40.2436,1.6793,1.5336,1.6328,,,9219.5,3521.23,3521.23,57806.265,22078.1121,0
3352,002074.SZ,20230616,27.7,2.4235,2.9302,2.02,158.1469,138.8093,2.0808,2.1376,1.8727,0.3378,0.3378,177887.4835,123853.1625,102438.4772,4927483.293,3430732.6013,0
3353,002223.SZ,20230616,33.71,0.5853,0.9624,0.74,21.1866,18.3247,3.3852,4.7585,4.2331,0.8844,1.7688,100247.6929,94111.9766,57235.0319,3379349.7277,3172514.7312,0
3354,002036.SZ,20230616,9.76,1.9679,2.1575,0.59,112.924,,2.9291,0.9582,0.9624,0.1116,0.1116,107359.7749,105054.773,95824.6744,1047831.403,1025334.5845,0
3355,688207.SH,20230616,27.86,3.6775,5.1549,2.06,221.2175,155.3673,3.0498,20.4013,19.6628,,,25897.3147,17498.1821,12482.9839,721499.1875,487499.3533,0
3356,002401.SZ,20230616,27.23,12.3927,24.5221,1.48,55.6662,54.5072,6.735,5.7816,5.7408,0.4409,0.4409,37190.456,36792.0791,18593.6391,1012696.1169,1001848.3139,0
3357,688137.SH,20230616,52.83,1.8013,1.8013,1.0,41.0031,60.1899,1.676,14.0137,16.8737,,,7017.5439,1697.8836,1697.8836,370736.8442,89699.1906,0
3358,600644.SH,20230616,7.25,1.7229,4.6919,2.21,55.3036,115.301,2.1903,1.3589,1.3549,0.0,,53840.0659,53840.0659,19770.2085,390340.4778,390340.4778,0
3359,301160.SZ,20230616,33.86,1.5953,1.5953,0.8,17.9114,17.0587,2.0078,2.0863,2.1537,3.101,3.987,7466.6667,4143.2667,4143.2667,252821.3345,140291.0105,0
3360,600160.SH,20230616,13.49,1.3311,2.8584,2.13,15.2976,15.8419,2.3302,1.6948,1.6973,0.9637,,269974.6081,269974.6081,125717.8086,3641957.4633,3641957.4633,0
3361,002843.SZ,20230616,19.48,2.7332,6.6367,0.75,31.9527,27.466,5.4341,4.2647,3.2753,0.7554,,21405.4,21167.6625,8717.6625,416977.192,412346.0655,0
3362,603803.SH,20230616,9.6,14.0485,25.1001,2.89,52.0566,170.0074,2.189,1.9334,2.0477,0.0,0.5833,43417.5557,42105.5557,23566.4352,416808.5347,404213.3347,0
3363,600617.SH,20230616,4.2,2.1903,4.2252,4.78,90.8961,827.0541,1.5353,0.3749,0.3508,0.4762,0.4762,137799.4126,97491.4344,50538.6382,578757.5329,409464.0245,0
3364,600382.SH,20230616,4.86,1.2483,2.0719,0.67,12.9593,12.1787,1.026,4.0997,4.2325,18.0554,,78893.3815,78893.3815,47531.1446,383421.8341,383421.8341,0
3365,603725.SH,20230616,8.03,2.2848,3.7907,1.76,,,3.0972,0.6071,0.5981,0.0,,20535.2,20535.2,12377.4617,164897.656,164897.656,0
3366,300689.SZ,20230616,23.2,1.789,4.4904,0.74,63.4448,59.5675,3.9642,5.0158,4.8301,0.3664,0.1293,11560.0,9848.7274,3923.9104,268192.0,228490.4757,0
3367,002046.SZ,20230616,12.26,7.1442,14.3036,5.57,27.808,25.4481,2.1075,1.888,2.0939,0.8245,2.2682,52912.9329,52434.9078,26189.642,648712.5574,642851.9696,0
3368,000598.SZ,20230616,5.36,0.7232,1.7139,1.99,9.8914,9.7365,1.0555,2.0974,2.0596,1.903,1.903,298556.6321,296857.6321,125263.353,1600263.5481,1591156.9081,0
3369,920374.BJ,20230616,8.45,0.1941,0.3784,1.2,25.8898,21.9967,2.8102,4.4224,4.2132,,,8151.8,3029.4202,1554.4406,68882.71,25598.6007,0
3370,002706.SZ,20230616,11.06,1.1915,1.3558,1.15,29.4517,28.5791,3.4367,2.9881,2.8971,1.8027,3.611,112312.502,91099.7974,80063.2536,1242176.2721,1007563.7592,0
3371,000488.SZ,20230616,4.85,0.3983,0.5503,0.98,76.3471,,0.8107,0.4516,0.4875,0.0,,297974.22,168356.1847,121846.8917,1445174.967,816527.4958,0
3372,603608.SH,20230616,4.57,2.792,4.5162,0.69,,,1.5686,1.5069,1.521,0.0,,41969.9426,41969.9426,25946.7793,191802.6377,191802.6377,0
3373,002064.SZ,20230616,6.86,0.2592,0.7708,1.77,11.9702,16.1105,1.4775,1.3152,1.3737,4.3732,2.1866,496254.3897,495199.0572,166544.5945,3404305.1133,3397065.5324,0
3374,002045.SZ,20230616,17.04,5.3733,7.6805,0.79,44.7084,44.4232,3.8093,1.3316,1.3394,0.0,,46838.3913,46773.5913,32723.1168,798126.1878,797021.9958,0
3375,603223.SH,20230616,14.11,0.3039,0.5707,1.52,97.2229,82.4975,2.7452,1.9124,2.0303,0.3081,0.329,71418.7046,55319.04,29461.6809,1007717.9219,780551.6544,0
3376,600267.SH,20230616,11.4,0.6599,1.1488,0.8,27.6436,23.0614,1.7422,1.1231,1.1151,1.2303,1.4784,118587.2417,109784.6811,63064.4135,1351894.5554,1251545.3645,0
3377,001914.SZ,20230616,15.29,0.2966,0.7906,0.86,27.3166,25.6117,1.7369,1.2449,1.1755,0.654,,106034.606,106023.926,39776.1007,1621269.1257,1621105.8285,0
3378,920247.BJ,20230616,6.14,0.4714,0.4714,2.46,13.4253,12.2075,1.4638,1.706,1.6531,,,9322.14,1864.452,1864.452,57237.9396,11447.7353,0
3379,603171.SH,20230616,42.7,2.274,2.274,1.11,120.4411,119.1493,7.2749,10.2084,10.0205,0.7026,0.5855,40589.0,9049.427,9049.427,1733150.3,386410.5329,0
3380,000735.SZ,20230616,6.86,0.9349,1.19,1.09,88.5273,47.4812,1.808,2.7406,2.1106,0.0,0.2915,115151.3578,115088.324,90415.0718,789938.3145,789505.9026,0
3381,603303.SH,20230616,13.44,0.1856,0.7714,0.7,18.8264,18.5072,2.0166,1.3765,1.4223,2.5521,2.4777,47694.4575,47694.4575,11474.5139,641013.5088,641013.5088,0
3382,002099.SZ,20230616,8.82,1.0598,1.7656,0.84,162.2141,331.3196,2.3524,5.2797,5.6349,1.1338,0.5669,161871.5253,160808.761,96530.5023,1427706.8531,1418333.272,0
3383,920726.BJ,20230616,9.97,0.0421,0.0421,0.52,15.9035,15.7824,2.2906,3.3451,3.2425,,,10215.0,2558.3025,2558.3025,101843.55,25506.2759,0
3384,300997.SZ,20230616,15.55,8.2319,8.2319,0.93,34.403,29.4871,5.3121,4.3845,3.9912,1.2219,1.3423,45000.0,9000.0,9000.0,699750.0,139950.0,0
3385,600548.SH,20230616,8.89,0.2112,0.8248,0.72,9.6256,9.4851,1.1422,2.0685,2.04,6.9741,12.171,218077.0326,143327.0326,36703.0439,1938704.8198,1274177.3198,0
3386,600381.SH,20230616,8.13,0.8578,1.5236,0.9,,,3.173,29.7969,33.7771,0.0,,58706.0741,58706.0741,33053.5901,477280.3824,477280.3824,0
3387,600602.SH,20230616,15.69,6.4167,11.4507,0.56,118.6864,143.9373,4.6743,4.7326,4.77,0.3633,0.3633,136767.3455,107430.299,60201.6978,2145879.6509,1685581.3913,1
3388,002007.SZ,20230616,22.26,0.3875,0.6237,0.63,37.7327,34.01,3.9784,8.9906,8.537,0.8985,1.3477,182436.6726,157358.6894,97762.2409,4061040.3321,3502804.426,0
3389,301367.SZ,20230616,161.93,4.6671,4.6671,0.74,27.2516,21.4784,3.9296,7.3221,6.1374,,1.2351,6400.0,1600.0,1600.0,1036352.0,259088.0,0
3390,002325.SZ,20230616,1.59,1.6054,1.7627,1.11,,,0.9625,2.0988,2.7196,0.0,,175651.4205,143409.5242,130615.6104,279285.7586,228021.1435,0
3391,002084.SZ,20230616,3.96,0.6342,1.0761,0.61,54.3647,67.4892,1.4034,0.7823,0.83,0.0,,65085.9649,64741.1194,38153.7037,257740.421,256374.8328,0
3392,300072.SZ,20230616,3.56,0.6691,1.0377,0.91,,,1.2188,0.9672,0.9681,0.1404,0.1404,234972.0302,232989.5906,150235.4623,836500.4275,829442.9425,0
3393,000825.SZ,20230616,3.99,0.2363,0.644,0.9,148.921,,0.6708,0.2342,0.2278,1.4947,2.1212,573084.7796,569624.7796,208979.3462,2286608.2706,2272802.8706,0
3394,300332.SZ,20230616,11.57,0.5342,0.6423,0.85,27.9171,23.3598,2.4602,2.6559,2.3784,0.4048,,88189.9053,84373.9453,70169.6913,1020357.2043,976206.5471,0
3395,301045.SZ,20230616,29.0,15.4102,19.5766,1.14,109.7845,267.8993,3.4795,4.5811,5.0762,0.0,,10315.4344,5203.203,4095.8477,299147.5976,150892.887,0
3396,688116.SH,20230616,45.45,1.6783,2.056,0.56,24.913,29.0354,4.4561,5.7388,6.4449,,,23252.1071,23252.1071,18980.6178,1056808.2677,1056808.2677,0
3397,300181.SZ,20230616,12.23,3.1857,3.3676,0.75,31.4204,28.4307,3.3689,4.7519,4.6083,1.419,2.453,70138.7335,60108.1358,56860.8742,857796.7107,735122.5008,0
3398,603637.SH,20230616,8.1,1.2223,1.5824,1.15,19.1534,18.0622,2.244,3.4359,3.5645,1.4511,1.5721,24367.8373,24367.8373,18822.7985,197379.4821,197379.4821,0
3399,000968.SZ,20230616,7.64,0.5629,1.3152,1.7,13.1218,14.0098,1.3632,2.9546,2.8946,0.6545,0.6545,96750.266,96750.266,41407.4749,739172.0322,739172.0322,0
3400,605179.SH,20230616,11.05,2.8652,2.8652,0.96,,,4.0982,1.8216,1.8051,0.1448,,40100.0,6100.0,6100.0,443105.0,67405.0,0
3401,600089.SH,20230616,22.45,0.8861,1.0811,0.68,5.4962,4.9925,1.4713,0.9104,0.8309,2.5186,2.5186,388850.3789,388850.3789,318735.5097,8729691.0063,8729691.0063,0
3402,600756.SH,20230616,17.81,4.8553,6.0011,1.74,90.498,85.458,2.595,2.7828,2.6708,0.0,0.1684,32409.8753,32409.8753,26221.7753,577219.8791,577219.8791,0
3403,300327.SZ,20230616,28.69,2.0903,2.5697,0.92,30.3812,42.8896,6.5288,6.1259,6.8776,1.521,,34203.9282,33834.3893,27523.3717,981310.7001,970708.629,0
3404,002679.SZ,20230616,12.3,1.2868,3.5381,0.45,284.5179,331.573,3.942,16.6574,16.6043,0.2846,0.3496,23575.6,23575.6,8574.8126,289979.88,289979.88,0
3405,603313.SH,20230616,9.53,0.4532,0.7975,0.56,111.8227,169.3458,1.5396,0.5769,0.6107,0.0,,48529.9039,48529.9039,27579.9772,462489.9842,462489.9842,0
3406,000982.SZ,20230616,1.59,1.7351,2.0753,1.56,659.3628,297.4623,5.5517,10.785,9.7897,0.0,,426187.7053,426187.7053,356313.7894,677638.4514,677638.4514,0
3407,301047.SZ,20230616,88.31,0.8565,0.936,0.55,37.6389,41.8576,1.8423,19.8566,20.5267,5.9599,2.2647,12920.0,5846.341,5349.7315,1140965.2,516290.3737,0
3408,002176.SZ,20230616,12.17,2.3403,2.725,1.43,8.9263,12.1348,4.8112,3.1598,3.5094,0.0,,170632.5581,170601.9116,146514.3583,2076598.2321,2076225.2642,0
3409,300829.SZ,20230616,20.99,0.597,0.8622,0.83,28.6768,36.2558,2.4913,2.4709,2.5599,0.3573,0.5241,18065.4547,11689.6191,8094.7491,379193.8942,245365.1049,0
3410,000970.SZ,20230616,12.0,1.2215,1.6174,1.66,17.2065,18.6346,2.2299,1.5015,1.4929,0.6667,0.6667,121572.5773,121572.5773,91814.4624,1458870.9276,1458870.9276,0
3411,600692.SH,20230616,5.71,1.1411,1.2256,0.48,438.5188,,2.2148,1.6392,1.6133,0.0,,35176.4064,25501.0517,23742.2313,200857.2805,145611.0052,0
3412,603113.SH,20230616,8.15,0.4079,0.6699,0.87,27.9682,,0.8371,0.4148,0.4432,4.2586,4.2586,85508.7175,85508.7175,52063.2431,696896.0476,696896.0476,0
3413,688237.SH,20230616,44.31,1.5724,1.5724,0.78,67.1956,72.4464,3.0245,28.4194,25.2845,,,8960.331,1881.5653,1881.5653,397032.2666,83372.1584,0
3414,000821.SZ,20230616,18.47,6.599,8.7315,1.34,38.1025,35.6996,3.4268,2.3634,2.2304,0.0,,62287.4778,57286.4098,43294.9032,1150449.715,1058079.989,0
3415,002782.SZ,20230616,15.28,1.2298,3.2384,1.31,67.35,62.2791,4.1614,2.2928,1.9326,0.3182,0.8418,49031.8413,47425.5877,18009.96,749206.5351,724662.9801,0
3416,000567.SZ,20230616,13.62,0.6297,2.5679,1.45,26.2229,24.004,3.8444,17.2735,15.737,1.561,3.1115,134799.459,134449.8108,32969.3423,1835968.6316,1831206.4231,0
3417,300402.SZ,20230616,20.51,2.4263,7.5229,2.03,68.6307,65.1732,6.264,2.94,2.6779,0.4876,1.2189,20200.0,20200.0,6515.0,414302.0,414302.0,0
3418,002849.SZ,20230616,19.6,8.1983,9.9266,1.01,72.7557,75.8912,3.4676,4.5399,3.8427,0.153,0.2988,22063.4016,18814.4761,15538.8033,432442.6714,368763.7316,0
3419,002358.SZ,20230616,4.39,0.969,1.1513,0.92,106.9373,94.4132,1.3151,1.696,1.6576,0.0,,92975.6977,92885.4481,78175.9666,408163.3129,407767.1172,0
3420,300141.SZ,20230616,10.33,11.8944,21.8045,1.28,,,3.9769,8.4437,8.4552,0.1452,,25388.46,19651.0668,10719.6848,262262.7918,202995.52,0
3421,600010.SH,20230616,1.83,0.3524,0.5533,1.1,,,1.5795,1.1513,1.2017,1.0383,1.0383,4540494.2248,3149712.1187,2005906.6411,8309104.4314,5763973.1772,0
3422,301027.SZ,20230616,12.31,2.3043,2.3043,0.9,33.4093,50.5363,1.8981,2.1601,2.3155,1.2965,,14829.14,10052.0325,10052.0325,182546.7134,123740.5201,0
3423,300969.SZ,20230616,71.54,21.0316,21.0316,1.37,39.3264,37.0214,5.9941,7.7471,7.5459,0.3495,0.3495,8000.0,2000.0,2000.0,572320.0,143080.0,0
3424,301039.SZ,20230616,12.5,1.8189,2.3674,0.65,22.559,17.1217,1.9212,1.0677,1.0059,1.6,1.6,201760.0,72523.6525,55720.5432,2522000.0,906545.6563,0
3425,600371.SH,20230616,11.73,0.7285,1.4217,1.14,47.6838,53.0723,6.2508,14.6058,13.9358,0.8525,1.705,29257.8,29257.8,14992.7865,343193.994,343193.994,0
3426,300674.SZ,20230616,20.21,4.4389,6.0148,0.62,56.7767,48.9804,3.8037,3.352,3.0748,0.9909,0.6855,71067.7844,70325.744,51900.0544,1436279.9227,1421283.2862,0
3427,600704.SH,20230616,5.06,0.6611,1.1745,0.96,6.7208,6.8358,0.8,0.0456,0.0449,3.1621,3.1621,519487.204,506218.204,284945.443,2628605.2522,2561464.1122,0
3428,300539.SZ,20230616,12.89,2.0686,4.0113,1.31,102.4289,89.2654,5.6449,4.286,4.1648,0.6208,0.6206,22212.5279,17066.8532,8801.0701,286319.4846,219991.7377,0
3429,000581.SZ,20230616,15.61,1.3063,2.1325,1.2,132.4491,,0.8718,1.2363,1.3623,10.219,,100817.3293,82420.1457,50488.1459,1573758.5104,1286578.4744,0
3430,003002.SZ,20230616,16.07,5.5304,5.5304,2.56,26.488,24.9351,2.878,3.3345,3.1271,0.9334,0.9334,20000.0,7829.46,7829.46,321400.0,125819.4222,0
3431,603709.SH,20230616,16.98,0.6418,2.4612,0.86,,,2.3587,1.8813,1.9029,0.0,,8000.0,8000.0,2086.0,135840.0,135840.0,0
3432,002092.SZ,20230616,6.56,0.5806,0.8037,0.53,23.7963,,0.6769,0.3039,0.3292,1.8192,1.5244,259001.9517,257556.2859,186044.4925,1699052.8032,1689569.2355,0
3433,603661.SH,20230616,33.92,0.27,0.9481,0.84,13.3683,13.1653,1.4048,0.7241,0.693,2.0705,2.0705,13906.7031,13906.7031,3960.9165,471715.3692,471715.3692,0
3434,601992.SH,20230616,2.26,0.1891,0.4456,0.7,19.8996,39.8642,0.5176,0.2347,0.2338,4.6018,4.6018,1067777.1134,833415.8264,353680.0692,2413176.2763,1883519.7677,0
3435,688550.SH,20230616,30.55,1.1408,1.3473,1.46,17.0398,23.2358,1.4684,2.8378,3.16,,,13751.0945,10171.6008,8612.4988,420095.937,310742.4044,0
3436,920396.BJ,20230616,6.27,0.0067,0.0107,0.62,14.87,14.4377,1.3982,1.7701,1.7564,,,5859.028,3966.3812,2483.4764,36736.1056,24869.2101,0
3437,001215.SZ,20230616,72.61,1.2815,1.2815,0.72,61.7318,60.7911,5.7653,4.2261,4.0088,0.2066,,8664.2436,4522.2136,4522.2136,629110.7278,328357.9295,0
3438,300211.SZ,20230616,10.22,2.2884,4.5454,0.78,123.5815,236.6747,6.012,9.1674,10.0261,0.1367,0.0881,30335.9723,29792.6824,14999.4353,310033.6369,304481.2141,0
3439,300071.SZ,20230616,4.53,2.8807,3.8585,0.82,147.2453,,17.4855,3.538,3.6015,0.0,,94811.7486,91450.8709,68275.5276,429497.2212,414272.4452,0
3440,000608.SZ,20230616,2.74,0.7742,1.1056,1.04,,,0.768,5.3903,5.8138,0.0,,74991.3309,74991.3309,52514.2309,205476.2467,205476.2467,0
3441,002687.SZ,20230616,4.67,1.1483,1.5719,1.27,19.5122,17.3184,1.8073,1.8526,1.854,2.9536,6.1655,50750.0,40217.8694,29379.8299,237002.5,187817.4501,0
3442,300785.SZ,20230616,45.87,5.0648,6.6568,0.9,71.63,57.3749,3.3869,4.9503,4.9383,1.0216,,13257.0162,7587.5316,5772.884,608099.3331,348040.0745,0
3443,600831.SH,20230616,6.6,1.8798,2.6557,0.72,139.3095,159.8252,1.2383,1.5637,1.5608,0.4545,0.4545,71050.9667,71050.9667,50291.9019,468936.3802,468936.3802,0
3444,603800.SH,20230616,25.71,1.5305,3.8999,0.99,50.238,36.8658,5.2711,2.4424,2.338,0.0,,20800.0,20800.0,8162.92,534768.0,534768.0,0
3445,300740.SZ,20230616,16.88,3.1101,5.3799,0.91,52.6772,48.5691,3.6477,1.392,1.3918,0.0,,38941.6426,35600.2092,20580.3225,657334.9271,600931.5313,0
3446,603822.SH,20230616,29.26,0.5153,0.9333,0.9,,,2.1395,0.7053,0.6772,0.9037,,7740.7531,7682.5886,4241.9188,226494.4357,224792.5424,0
3447,300834.SZ,20230616,24.24,1.3356,1.3356,2.11,33.5343,43.0871,1.5954,2.5112,2.6825,9.0759,1.4439,19371.2353,6140.6907,6140.6907,469558.7437,148850.3426,0
3448,002876.SZ,20230616,31.58,3.6344,4.1426,1.09,26.6023,36.3754,2.3839,2.5264,2.6827,0.9386,0.6333,17388.4932,14875.7888,13050.7377,549128.6153,469777.4103,0
3449,301313.SZ,20230616,45.89,26.4255,26.4255,0.88,258.5223,219.602,4.56,7.706,7.6971,,0.3269,10233.34,2558.34,2558.34,469607.9726,117402.2226,0
3450,301163.SZ,20230616,29.86,6.725,6.725,1.12,47.719,46.6121,2.2577,3.0148,2.9525,0.0,0.8372,8160.0,3402.7376,3402.7376,243657.6,101605.7447,0
3451,300172.SZ,20230616,4.79,3.5974,3.9872,0.9,42.5131,39.7749,1.8276,3.1674,3.2647,1.0438,1.0438,67671.0,48838.7175,44064.0774,324144.09,233937.4568,0
3452,300666.SZ,20230616,71.67,1.712,1.9318,0.7,71.7648,66.1448,4.7314,8.1899,7.933,0.1196,0.407,26555.5583,20801.8487,18435.2316,1903236.8634,1490868.4963,0
3453,000514.SZ,20230616,4.01,0.8864,2.4079,0.81,20.7847,21.8383,0.9341,3.7781,3.77,0.4988,0.9975,84377.0965,84377.0965,31062.1866,338352.157,338352.157,0
3454,600282.SH,20230616,3.44,0.3682,0.6523,0.67,9.8118,11.6433,0.8555,0.3001,0.2965,8.7008,7.2674,616509.1011,446692.7238,252150.3927,2120791.3078,1536622.9699,0
3455,000166.SZ,20230616,4.64,0.2373,0.55,1.39,41.6574,31.1567,1.1918,5.6374,5.3928,2.1552,2.1552,2503994.456,2253550.7316,972220.3457,11618534.2758,10456475.3946,0
3456,002902.SZ,20230616,37.49,36.6729,44.3076,1.21,115.1298,147.4956,7.2641,3.413,3.4005,0.0,0.088,21152.0,14948.9203,12373.0306,792988.48,560435.022,0
3457,301019.SZ,20230616,20.15,0.8092,0.8092,1.22,24.0665,25.6672,2.2739,5.2096,5.4171,1.6543,,12000.0,5618.2945,5618.2945,241800.0,113208.6342,0
3458,300640.SZ,20230616,5.91,1.804,2.1611,0.98,36.7829,37.6957,2.3146,2.2044,2.3289,0.7687,2.021,31245.2427,22066.085,18420.0723,184659.3844,130410.5624,0
3459,002460.SZ,20230616,65.31,1.4613,1.6377,1.11,6.4252,6.7995,2.8504,3.15,2.8704,0.3278,0.3278,201715.6829,120743.6825,107733.0679,13174051.2502,7885769.9041,0
3460,002520.SZ,20230616,6.27,10.1889,12.748,3.75,,,2.1383,2.3456,2.5363,0.0,,80024.5171,62532.6448,49979.8127,501753.7222,392079.6829,1
3461,000040.SZ,20230616,4.07,2.0452,2.4,0.8,,,0.5364,1.9931,2.0578,0.0,,148687.387,106034.067,90359.3956,605157.6651,431558.6527,0
3462,688111.SH,20230616,485.8,1.3813,3.4939,1.1,200.6249,197.7049,24.7827,57.7108,55.1107,,,46151.546,46151.546,18246.1015,22420421.0468,22420421.0468,0
3463,600905.SH,20230616,5.34,0.5609,0.5609,0.63,21.3617,21.7804,1.9265,6.4191,6.1444,0.3973,0.3973,2862411.92,1357300.0,1357300.0,15285279.6528,7247982.0,0
3464,600346.SH,20230616,14.69,0.208,0.528,0.58,44.6035,,1.9193,0.4651,0.4594,6.8754,,703909.9786,703909.9786,277324.2681,10340437.5856,10340437.5856,0
3465,920870.BJ,20230616,7.15,0.4994,0.4994,0.66,15.6634,17.1829,2.2461,6.0075,6.6519,,,13400.0,3732.76,3732.76,95810.0,26689.234,0
3466,600104.SH,20230616,14.07,0.4433,1.4073,2.1,10.1992,12.2817,0.5842,0.228,0.24,4.7735,4.7735,1168346.1365,1168346.1365,368003.2086,16438630.1406,16438630.1406,0
3467,603220.SH,20230616,14.58,2.1702,3.276,1.59,45.0797,40.3729,2.7597,1.8555,1.7534,1.1013,1.1013,33636.8576,33382.1919,22114.3228,490425.3838,486712.3579,0
3468,300695.SZ,20230616,45.88,0.2556,0.8662,0.9,19.778,21.5927,1.378,6.1618,6.014,0.3923,,7092.9872,7092.9872,2092.9872,325426.2527,325426.2527,0
3469,300214.SZ,20230616,6.21,0.3596,0.4606,0.67,14.7525,21.7487,1.1387,1.0505,1.1119,1.2189,,46680.2614,40356.3836,31505.2786,289884.4233,250613.1422,0
3470,600735.SH,20230616,5.99,0.5278,0.9643,0.75,49.3636,51.9594,1.8583,1.377,1.297,0.7846,0.6177,42877.8219,42101.6635,23044.1174,256838.1532,252188.9644,0
3471,300446.SZ,20230616,13.49,4.3399,6.3226,1.54,545.1944,568.5344,4.1769,16.0976,15.6701,0.0,,20262.0,19779.2567,13576.8813,273334.38,266822.1729,0
3472,601989.SH,20230616,4.58,1.0114,2.0816,1.86,,,1.246,2.3652,2.3278,0.0655,0.0655,2280203.5324,2208380.3282,1072993.2012,10443332.1784,10114381.9032,0
3473,688272.SH,20230616,19.17,0.8852,1.1683,0.7,,,2.5801,13.1383,11.4809,,,7600.0,2418.3212,1832.2231,145692.0,46359.2174,0
3474,605001.SH,20230616,6.51,0.4058,0.8856,0.65,,,1.0411,3.2097,3.029,0.0,,39288.6,39288.6,18002.4967,255768.786,255768.786,0
3475,600796.SH,20230616,5.16,0.7987,1.207,1.14,21.7019,22.2658,1.5119,2.2259,2.2596,1.938,3.9147,86658.5766,30140.2144,19945.6541,447158.2553,155523.5063,0
3476,002979.SZ,20230616,22.5,4.6288,6.1238,3.37,31.5686,34.6586,5.8774,5.1984,5.151,0.856,1.3273,30910.0,21347.3534,16136.0534,695475.0,480315.4515,0
3477,600760.SH,20230616,57.32,0.2975,0.9648,0.87,48.9503,46.3286,19.4531,2.7123,2.6257,0.6082,,196835.6795,196052.6295,60447.1176,11282621.1489,11237736.7229,0
3478,002907.SZ,20230616,15.12,0.8244,3.1984,1.41,64.1668,63.6816,3.9254,8.0415,8.2029,0.3176,0.7806,41759.6314,30222.5305,7789.6135,631405.6268,456964.6612,0
3479,002951.SZ,20230616,9.96,0.5688,3.2146,1.08,,,1.8572,21.8492,23.2659,0.502,,40500.0,40500.0,7166.6666,403380.0,403380.0,0
3480,688101.SH,20230616,13.19,0.3654,1.2557,0.82,20.2103,21.0884,1.2241,3.4975,3.3929,,,33388.0,33388.0,9715.42,440387.72,440387.72,0
3481,605589.SH,20230616,20.53,6.071,6.071,2.26,22.85,22.7672,1.9002,1.6746,1.7093,0.9641,1.9383,78287.68,61521.1809,61521.1809,1607246.0704,1263029.8439,0
3482,920149.BJ,20230616,3.62,0.051,0.0609,0.73,,,1.5565,0.7751,0.7389,,,7375.8,4787.4941,4013.4194,26700.396,17330.7286,0
3483,000589.SZ,20230616,5.39,0.9604,1.3452,0.69,14.4209,13.2902,1.0378,0.7327,0.7211,1.5464,3.7104,114721.7422,111379.1422,79520.0397,618350.1905,600333.5765,0
3484,603396.SH,20230616,61.47,3.0594,6.1616,1.63,110.7348,113.9876,4.8784,3.6588,3.553,0.2606,0.2766,11616.8002,11599.9882,5759.689,714084.7083,713051.2747,0
3485,688392.SH,20230616,91.31,6.4553,6.4553,1.69,94.6317,84.9953,6.1552,20.0624,17.6808,,,11480.0,2554.6014,2554.6014,1048238.8,233260.6538,0
3486,000676.SZ,20230616,7.52,9.0616,12.4209,1.79,,,2.727,3.6111,3.8576,0.0,,127650.6972,126207.4631,92073.666,959933.2429,949080.1225,0
3487,300989.SZ,20230616,21.4,25.4573,25.4573,0.7,113.6101,168.106,3.4476,7.8855,7.8468,0.3615,0.1558,16289.1,4050.0,4050.0,348586.74,86670.0,0
3488,300819.SZ,20230616,13.32,0.5448,1.661,0.78,54.0669,53.58,2.5142,3.2834,3.1965,1.5015,1.5015,14920.5,13476.225,4420.5,198741.06,179503.317,0
3489,688505.SH,20230616,8.63,0.8476,0.8476,1.04,64.8247,63.0602,3.8345,8.6753,8.2868,,,103657.21,27621.4198,27621.4198,894561.7223,238372.8529,0
3490,600565.SH,20230616,1.56,0.8926,1.5694,0.8,,,0.7824,0.1706,0.1553,0.0,,249150.6284,249150.6284,141705.6001,388674.9803,388674.9803,0
3491,688396.SH,20230616,54.31,0.3093,0.9257,0.94,27.3947,30.1481,3.5609,7.1266,7.2474,,,132009.1861,132009.1861,44110.9715,7169418.8971,7169418.8971,0
3492,002531.SZ,20230616,16.31,1.2683,2.5673,0.93,46.8028,37.0723,3.5624,4.3631,3.9875,0.489,0.489,180250.9062,179249.6528,88555.9841,2939892.2801,2923561.8372,0
3493,603533.SH,20230616,32.74,9.2405,19.2612,1.05,249.5692,181.382,5.7064,5.5644,5.4017,0.1222,0.5803,43889.6835,43889.6835,21055.837,1436948.2378,1436948.2378,0
3494,300298.SZ,20230616,28.2,0.5166,0.795,0.92,36.9295,36.7273,5.3966,5.6557,5.5801,0.7011,0.7004,56426.5373,45534.5715,29586.736,1591228.3519,1284074.9163,0
3495,603388.SH,20230616,9.63,3.9848,5.7075,0.93,,,2.3169,9.5953,9.4976,0.0,,32573.3572,32573.3572,22741.6852,313681.4298,313681.4298,0
3496,600452.SH,20230616,21.23,1.5789,2.7058,1.32,31.669,35.9005,4.1052,5.451,5.4826,0.628,0.628,91460.8128,91460.8128,53369.0233,1941713.0557,1941713.0557,0
3497,688516.SH,20230616,182.0,1.5246,1.6774,0.77,39.5367,34.0609,10.511,7.9608,7.127,,,15482.7261,7583.7265,6892.9095,2817856.1502,1380238.223,0
3498,920821.BJ,20230616,8.47,0.4928,0.4928,2.31,21.3205,18.9563,1.2073,1.8203,1.8169,,,7059.2806,1826.1093,1826.1093,59792.1067,15467.1458,0
3499,600206.SH,20230616,13.17,1.1527,1.7226,1.11,41.264,54.4145,3.0402,0.7309,0.7759,0.6454,0.6454,84655.3332,84655.3332,56645.4964,1114910.7382,1114910.7382,0
3500,000559.SZ,20230616,5.26,0.4567,1.0563,0.9,21.4782,21.4774,2.1548,1.24,1.2663,3.4221,5.1331,330379.1344,275303.7624,119023.4888,1737794.2469,1448097.7902,0
3501,002981.SZ,20230616,23.3,0.744,2.9758,0.81,38.4945,39.6704,2.8543,1.6145,1.6808,0.0,0.6438,9600.0,9600.0,2400.0,223680.0,223680.0,0
3502,301053.SZ,20230616,24.19,3.8283,4.0945,0.57,26.6393,27.1714,3.4201,3.5054,3.5763,1.2402,1.6536,8175.25,2326.4948,2175.26,197759.2975,56277.9092,0
3503,603093.SH,20230616,10.94,0.3541,1.5377,0.74,27.124,23.8124,2.0031,0.9782,1.001,0.3656,0.5119,61006.5893,61006.5893,14046.4993,667412.0869,667412.0869,0
3504,600269.SH,20230616,3.62,0.7068,1.355,1.17,12.1473,10.7426,0.4912,1.2509,1.3142,3.3149,3.3149,233540.7014,233540.7014,121825.2829,845417.3391,845417.3391,0
3505,300875.SZ,20230616,39.28,4.962,4.962,0.5,,,2.9393,16.3474,14.2924,0.5875,,9983.4751,4614.908,4614.908,392150.9019,181273.5862,0
3506,300557.SZ,20230616,42.28,3.1235,5.7417,0.52,153.5767,101.0605,3.2327,5.5584,5.4341,0.3679,,7158.6123,6495.2998,3533.46,302666.128,274621.2755,0
3507,300691.SZ,20230616,17.41,2.9848,4.0686,1.0,83.2983,59.787,2.9362,3.0951,2.9858,0.6856,0.5744,26747.1316,19796.9662,14523.5013,465667.5612,344665.1815,0
3508,300563.SZ,20230616,16.17,21.5285,25.3175,1.62,66.6985,82.6393,3.0203,3.75,4.1489,0.5586,0.5566,17819.2526,12279.6441,10441.8824,288137.3145,198561.8451,0
3509,301357.SZ,20230616,48.16,7.5681,7.5681,0.91,40.9255,43.6275,2.8561,13.0879,13.3565,,1.2209,6800.0,1612.3015,1612.3015,327488.0,77648.4402,0
3510,002725.SZ,20230616,12.08,33.1564,53.5228,1.78,1188.6798,,3.0671,3.9976,4.4456,0.207,,25600.0,19783.5647,12255.5547,309248.0,238985.4616,0
3511,000010.SZ,20230616,2.22,1.7633,2.0461,0.76,,,3.4655,3.8338,4.2494,0.0,,105869.2292,52217.1498,44997.6834,235029.6888,115922.0726,0
3512,603218.SH,20230616,19.92,0.8229,1.9149,0.9,59.6465,49.3383,2.1591,4.2215,4.1436,1.1778,2.1818,103102.0,96759.3089,41581.0312,2053791.84,1927445.4333,0
3513,301312.SZ,20230616,89.67,8.096,8.096,0.59,48.1023,47.8966,5.0444,11.0415,10.5295,0.0,0.7435,6257.6643,1535.3537,1535.3537,561124.7578,137675.1663,0
3514,600036.SH,20230616,33.93,0.2069,0.3642,1.18,6.2003,6.0762,0.9943,2.4819,2.4917,4.4857,4.4857,2521984.5601,2062894.4429,1171836.1832,85570936.1242,69994008.4476,0
3515,603790.SH,20230616,14.7,2.6437,6.6311,1.25,68.1389,94.9127,2.3831,3.6617,3.9996,0.8044,1.3486,19136.0,19136.0,7629.284,281299.2,281299.2,0
3516,600853.SH,20230616,4.46,3.0584,5.5058,0.8,12.957,12.9305,1.8246,0.2669,0.264,0.7848,0.7848,101490.2546,100490.1546,55821.1516,452646.5355,448186.0895,0
3517,002596.SZ,20230616,2.94,1.3644,1.9559,0.9,,,2.2899,1.7455,1.8553,0.0,,114758.0518,105765.6268,73778.6678,337388.6723,310950.9428,0
3518,603658.SH,20230616,54.25,0.305,0.9639,0.96,27.2437,27.2001,4.2072,7.1607,7.1522,1.3172,2.7786,58627.2256,58627.2256,18549.7367,3180526.9888,3180526.9888,0
3519,002912.SZ,20230616,45.29,2.4768,4.1665,1.06,,,4.8922,17.7461,13.7456,0.0,,17075.2,16222.2011,9643.4316,773335.808,734703.4878,0
3520,002227.SZ,20230616,14.59,4.822,10.3006,1.0,,,3.3225,11.5911,10.7646,0.0,,24780.617,24526.4819,11481.5174,361549.202,357841.3709,0
3521,300822.SZ,20230616,13.06,1.2824,4.4571,1.13,69.0689,79.3214,2.5651,3.1541,3.2655,0.7657,0.7657,24000.75,22232.987,6396.587,313449.795,290362.8102,0
3522,601188.SH,20230616,3.17,0.3924,1.2532,0.63,33.8263,32.8045,0.9128,9.5833,8.7387,2.4098,2.4098,131587.8571,131587.8571,41200.0,417133.507,417133.507,0
3523,300983.SZ,20230616,32.4,3.477,3.4925,0.66,199.3088,122.326,1.353,8.1612,8.7566,2.6042,3.0671,12800.0,3200.0,3185.808,414720.0,103680.0,0
3524,301122.SZ,20230616,34.93,2.7689,2.7689,0.83,26.3797,30.8478,2.4972,9.1733,10.9282,0.7708,0.991,12224.5658,3466.671,3466.671,427004.0834,121090.818,0
3525,300047.SZ,20230616,8.63,5.4051,5.548,0.73,168.8907,161.5569,1.6722,0.9668,0.9217,0.1738,0.1738,63774.4672,53526.9778,52148.5335,550373.6519,461937.8184,0
3526,002802.SZ,20230616,10.62,0.5658,1.2116,1.13,22.8981,24.476,3.1097,3.7484,4.2602,2.2287,4.3459,18230.199,18106.3173,8454.5423,193604.7134,192289.0897,0
3527,300942.SZ,20230616,12.82,2.2713,2.4035,1.49,61.9417,,5.5114,7.4815,11.3293,1.9423,0.1654,40086.0,10920.8574,10320.3215,513902.52,140005.3919,0
3528,000157.SZ,20230616,6.67,0.5576,0.7679,1.27,25.1002,26.1941,1.0603,1.3903,1.3767,4.7976,4.7976,867799.2236,706872.6983,513321.0243,5788220.8214,4714840.8977,0
3529,300305.SZ,20230616,10.07,1.3277,1.9331,1.06,20.9606,29.1927,1.5394,1.5583,1.4677,2.6415,1.1519,28875.58,23259.8119,15975.6919,290777.0906,234226.3058,0
3530,688501.SH,20230616,24.4,2.7446,2.979,1.26,39.4342,35.2759,2.8837,3.0308,2.8471,,,9467.0,6167.515,5682.265,230994.8,150487.366,0
3531,688141.SH,20230616,40.7,5.0596,5.0596,0.91,132.6043,638.8559,5.89,12.5636,12.8801,,,44688.0,4945.5003,4945.5003,1818801.6,201281.8622,0
3532,300203.SZ,20230616,21.44,1.6524,2.2839,0.95,,,3.0877,2.8117,2.7978,0.0,,45251.74,45225.49,32720.5115,970197.3056,969634.5056,0
3533,603825.SH,20230616,14.8,3.265,5.9295,0.83,,,2.3947,0.4409,0.484,1.8919,1.8919,25333.6552,25333.6552,13949.8528,374938.097,374938.097,0
3534,600668.SH,20230616,11.64,0.5028,0.5997,0.95,13.9202,13.7628,0.7693,1.1249,1.2007,4.2955,4.2955,34408.3828,34408.3828,28851.9725,400513.5758,400513.5758,0
3535,603848.SH,20230616,14.67,0.2388,2.1306,0.68,26.912,26.5507,2.8096,4.2566,4.1588,1.7042,1.7042,40100.0,40100.0,4494.0,588267.0,588267.0,0
3536,300290.SZ,20230616,5.14,1.855,2.3199,1.01,,,4.0864,4.6692,4.4788,0.0,,64055.7569,63862.6319,51062.6319,329246.5905,328253.928,0
3537,603877.SH,20230616,23.73,0.5887,2.5497,1.44,60.8829,53.1147,2.6234,1.3075,1.3695,2.5343,,47392.9086,47266.6086,10914.2079,1124633.7211,1121636.6221,0
3538,920639.BJ,20230616,3.76,0.36,0.3631,1.81,13.1503,9.617,0.9216,0.4065,0.379,,,20160.0,8770.7791,8696.777,75801.6,32978.1294,0
3539,000909.SZ,20230616,5.91,2.699,4.1233,1.07,,,1.5974,2.8538,2.7127,0.0,,45382.86,38742.3864,25360.2923,268212.7026,228967.5036,0
3540,688060.SH,20230616,58.73,1.2658,2.0566,1.41,210.8437,237.2155,3.6285,13.2913,13.0012,,,6015.8568,2640.8568,1625.3368,353311.2699,155097.5199,0
3541,600331.SH,20230616,4.82,1.7683,2.7215,0.62,162.8072,267.3458,23.1184,3.3311,3.2318,0.0,,203200.0,203200.0,132032.5975,979424.0,979424.0,0
3542,688281.SH,20230616,202.0,1.3485,1.3485,0.72,84.2534,77.4867,7.2794,41.7782,39.182,,,13906.6671,3372.3671,3372.3671,2809146.7542,681218.1542,0
3543,002675.SZ,20230616,14.2,1.0506,1.3203,1.67,38.105,38.7116,2.443,3.268,3.2949,1.0277,,82459.5705,73776.0224,58704.5755,1170925.9011,1047619.5181,0
3544,920001.BJ,20230616,6.63,0.6495,0.6495,3.14,15.8996,17.809,1.4067,3.8241,4.0803,,,15365.6204,3074.1341,3074.1341,101874.0633,20381.5091,0
3545,603818.SH,20230616,5.34,2.8478,5.6642,2.56,84.8755,,1.554,0.6464,0.696,0.0,,58741.0546,58039.5546,29180.4974,313677.2316,309931.2216,0
3546,002485.SZ,20230616,4.33,0.8738,3.5532,1.72,,,1.6293,1.3801,1.39,0.0,,54400.0,54400.0,13377.7333,235552.0,235552.0,0
3547,600480.SH,20230616,7.62,0.6053,1.0273,1.16,21.1548,21.6235,1.0949,0.4295,0.4344,1.2794,1.2794,94060.591,86134.8059,50749.2248,716741.7034,656347.221,0
3548,002577.SZ,20230616,16.62,4.3456,10.3198,1.3,126.2411,154.3062,4.1346,10.5062,10.5091,0.0,,28288.0,28286.5,11911.2122,470146.56,470121.63,0
3549,002281.SZ,20230616,36.69,15.9652,27.9115,1.94,47.2175,50.6264,3.6972,4.1562,4.4413,0.4139,0.4139,78297.8152,68101.261,38953.3666,2872746.8397,2498635.2661,0
3550,002556.SZ,20230616,7.38,0.462,0.7438,0.7,13.7922,15.3585,1.7954,0.3858,0.384,2.71,3.9839,95399.298,94290.605,58566.1725,704046.8192,695864.6649,0
3551,300245.SZ,20230616,9.94,2.0259,2.3303,0.79,,,2.1515,5.2078,5.0749,0.2616,0.2616,31345.7493,31090.8069,27029.3447,311576.748,309042.6206,0
3552,002630.SZ,20230616,2.52,1.7345,1.8021,0.89,,,3.921,3.4635,3.8071,0.0,,118080.0,102872.4584,99015.5664,297561.6,259238.5952,0
3553,002703.SZ,20230616,9.27,11.9873,27.257,0.85,462.6008,253.0585,5.2221,5.2799,4.977,0.0,,78964.4637,55306.0327,24322.9134,732000.5785,512686.9231,0
3554,688350.SH,20230616,16.2,0.9546,1.1528,0.67,15.434,17.3842,1.4154,1.1662,1.1707,,,12215.0,6271.169,5193.1713,197883.0,101592.9378,0
3555,300876.SZ,20230616,24.78,2.1465,2.1465,1.14,47.9431,54.4087,2.9038,6.0319,6.2592,1.2107,0.8071,9600.0,2832.0,2832.0,237888.0,70176.96,0
3556,603048.SH,20230616,15.56,2.2306,2.2306,0.66,109.4418,159.331,1.8114,4.4115,4.4619,1.3175,2.6735,14688.0,3772.0,3772.0,228545.28,58692.32,0
3557,601015.SH,20230616,4.11,0.496,1.277,1.38,30.2042,86.6776,0.9745,0.3618,0.372,0.0,2.4331,204249.7639,204249.7639,79341.5415,839466.5296,839466.5296,0
3558,301071.SZ,20230616,43.34,2.6891,2.6891,1.24,24.5093,26.0079,2.1764,12.4468,12.8325,0.5352,1.2786,26027.2313,13131.5817,13131.5817,1128020.2045,569122.7509,0
3559,601666.SH,20230616,7.56,1.1315,1.9995,1.16,3.0574,3.3398,0.8561,0.4856,0.5002,10.0529,11.5079,231521.5955,229424.3955,129825.6645,1750303.262,1734448.43,0
3560,300932.SZ,20230616,15.35,1.1658,1.5514,0.81,35.5895,40.9305,1.613,1.4575,1.4904,1.396,0.8469,17588.1318,9069.234,6815.234,269977.8231,139212.7419,0
3561,300586.SZ,20230616,11.57,0.753,1.153,0.84,25.9017,29.35,4.4418,3.4244,3.5524,0.0,,70988.4795,53352.7868,34842.2092,821336.7078,617291.7433,0
3562,688107.SH,20230616,55.66,0.945,1.7352,0.48,372.2268,,14.2149,21.3718,22.9272,,,40010.0,19001.2972,10348.8638,2226956.6,1057612.2022,0
3563,002767.SZ,20230616,13.43,1.4468,3.2912,1.34,60.2882,55.3379,2.5055,3.5805,3.5287,0.201,0.201,15000.0,13009.4637,5718.9171,201450.0,174717.0975,0
3564,603863.SH,20230616,17.73,1.421,2.23,0.68,,,4.169,3.9096,4.3973,0.0,,20465.0,20465.0,13040.6,362844.45,362844.45,0
3565,002139.SZ,20230616,11.38,2.3368,2.4609,1.0,24.7956,24.6993,2.5026,1.6278,1.6048,0.4341,0.5251,126953.5372,105104.4441,99804.2262,1444731.2533,1196088.5739,0
3566,688297.SH,20230616,50.71,2.5022,2.5022,0.76,92.4874,114.0696,6.1198,12.3433,14.3017,,,67500.0,12881.762,12881.762,3422925.0,653234.151,0
3567,300503.SZ,20230616,11.91,24.0912,30.1843,2.73,163.6885,,2.824,3.6943,3.7958,0.6129,0.6129,30607.2836,21766.302,17372.4442,364532.7477,259236.6568,0
3568,300817.SZ,20230616,13.63,2.6779,4.5871,1.27,38.7206,42.4036,2.4636,3.3236,3.3855,1.2737,2.8022,17463.8592,9936.6912,5800.896,238032.4009,135437.1011,0
3569,300955.SZ,20230616,21.19,1.5523,1.7817,1.24,30.6599,36.5905,2.1483,2.0312,2.1061,1.7933,,10080.0,4486.1788,3908.5043,213595.2,95062.1288,0
3570,002060.SZ,20230616,6.4,1.0371,1.6548,1.13,55.5589,39.5526,2.2295,1.2849,0.7375,0.4318,2.3438,339371.4625,120190.3731,75320.9591,2171977.36,769218.3878,0
3571,002877.SZ,20230616,9.99,22.2796,30.954,5.72,39.7278,38.1342,3.823,3.8521,3.7626,0.5004,0.5004,33257.4991,20846.514,15004.628,332242.416,208256.6749,0
3572,002250.SZ,20230616,10.83,0.7297,0.9797,0.9,14.3487,14.9838,1.4247,1.2712,1.2299,0.4617,0.4617,92324.6256,91913.2645,68459.6792,999875.6952,995420.6545,0
3573,000503.SZ,20230616,12.95,2.3993,3.2521,0.96,,,17.5704,37.7333,35.6894,0.0,,90641.3204,89882.2204,66311.9611,1173805.0992,1163974.7542,0
3574,002492.SZ,20230616,5.9,1.3695,2.3898,1.47,18.9668,18.4718,1.4726,5.948,5.832,0.678,1.3559,40500.0,39813.1742,22815.4242,238950.0,234897.7278,0
3575,301086.SZ,20230616,69.83,2.5059,3.6193,0.84,26.4643,25.7959,2.1814,5.8577,5.8986,1.432,,6000.0,2166.45,1500.0,418980.0,151283.2035,0
3576,688095.SH,20230616,201.6,5.9289,5.9473,1.53,,,5.0342,23.0159,22.8497,,,6620.2302,3988.2302,3975.9282,1334638.4083,804027.2083,1
3577,300860.SZ,20230616,61.22,4.0871,4.1716,0.95,571.3691,,2.6449,26.2689,42.3237,0.1143,,13733.1308,4194.0704,4109.1843,840742.2676,256760.9899,0
3578,000537.SZ,20230616,11.7,0.3629,1.5201,1.03,34.4421,29.7745,1.3234,6.3536,6.2052,0.8547,1.7094,186252.072,186252.072,44461.1083,2179149.2424,2179149.2424,0
3579,600312.SH,20230616,12.32,4.381,7.479,3.7,78.8195,51.8206,1.7633,1.8025,1.7393,0.1299,0.1299,135692.1309,135692.1309,79485.2086,1671727.0527,1671727.0527,0
3580,002786.SZ,20230616,5.83,2.2773,4.1785,1.48,,,15.0327,1.1126,1.123,0.0,,49561.2,49411.2,26928.54,288941.796,288067.296,0
3581,000421.SZ,20230616,5.36,9.2682,20.253,7.91,51.2059,43.3889,1.1033,0.4358,0.4389,1.8659,3.7316,57826.1934,57264.6934,26205.6287,309948.3966,306938.7566,1
3582,605108.SH,20230616,35.6,2.5047,2.5047,1.35,98.8905,64.6878,4.4968,5.541,5.1822,0.7865,0.7865,26000.0,8165.4852,8165.4852,925600.0,290691.2731,0
3583,605178.SH,20230616,23.36,7.1171,8.9849,0.47,,,1.338,7.0282,9.7877,0.0,,9925.16,6208.3011,4917.7251,231851.7376,145025.9137,0
3584,600433.SH,20230616,3.43,0.4946,0.7089,1.16,16.3765,17.7675,1.3097,0.784,0.7934,2.0368,7.2886,184822.7178,143945.8393,100433.7349,633941.9221,493734.2288,0
3585,002368.SZ,20230616,42.32,3.7554,5.9913,1.52,69.8381,68.2631,5.4412,2.488,2.4914,0.4264,0.4264,62323.1286,61991.1516,38856.9336,2637514.8024,2623465.5357,0
3586,603458.SH,20230616,9.93,3.2698,3.6052,3.79,18.3153,19.0377,0.9199,1.4456,1.4704,3.3233,3.3233,31380.4147,31131.9847,28235.8122,311607.518,309140.6081,0
3587,600990.SH,20230616,31.19,1.2671,2.3553,2.35,99.8601,87.9471,2.4773,2.4238,2.446,0.8558,0.8558,21142.9127,20693.2843,11133.0802,659447.4471,645423.5373,0
3588,603517.SH,20230616,40.8,1.137,2.1684,0.67,110.7553,91.6672,3.7105,3.8887,3.8107,1.3603,0.4412,63123.8701,60863.0695,31915.2755,2575453.9001,2483213.2356,0
3589,600115.SH,20230616,4.79,0.2825,0.558,1.17,,,4.2349,2.3156,1.9167,0.0,,2229129.657,1120273.1426,567249.1426,10677531.057,5366108.3531,0
3590,600589.SH,20230616,2.68,8.489,14.3966,5.64,,,,4.481,6.0336,0.0,,70403.3281,70403.3281,41513.3942,188680.9193,188680.9193,0
3591,603222.SH,20230616,11.1,0.6499,1.1246,0.63,173.0057,,3.4455,7.1226,7.7012,0.5143,0.6944,53723.7415,47704.0855,27568.8315,596333.5307,529515.3491,0
3592,000937.SZ,20230616,7.38,0.6311,1.8272,1.05,5.85,4.2216,1.0903,0.7236,0.7509,13.5501,13.5501,353354.685,290659.9842,100390.666,2607757.5753,2145070.6834,0
3593,002838.SZ,20230616,18.22,3.1876,7.1214,5.38,53.5643,60.1485,2.8052,1.8029,1.8612,0.276,0.3842,44782.022,38760.6153,17349.758,815928.4408,706218.4108,0
3594,688262.SH,20230616,62.51,2.2444,2.8471,0.6,195.059,301.5696,5.4315,28.5852,24.5489,,,24000.0,18713.058,14751.816,1500240.0,1169753.2556,0
3595,002287.SZ,20230616,23.8,0.3616,2.907,1.24,26.7111,26.3939,3.8303,6.1711,6.5275,2.4791,2.4791,53019.1016,52869.904,6575.7352,1261854.6181,1258303.7152,0
3596,688239.SH,20230616,63.26,2.0654,2.0654,0.88,50.8154,51.182,6.1553,6.4091,5.4744,,,14731.1148,10179.5477,10179.5477,931890.3222,643958.1875,0
3597,688383.SH,20230616,148.7,3.9586,3.9586,1.03,74.1874,79.0446,10.7455,12.8308,12.7499,,,10213.36,3146.2225,3146.2225,1518726.632,467843.2858,0
3598,688093.SH,20230616,19.15,1.4413,1.4413,0.62,24.9038,24.6962,3.4225,9.9861,9.9701,,,24107.244,6245.904,6245.904,461653.7226,119609.0616,0
3599,600508.SH,20230616,14.41,0.4476,1.1914,0.82,5.9859,5.8023,0.7988,0.8243,0.8233,1.0756,1.0756,72271.8,72271.8,27152.6667,1041436.638,1041436.638,0
3600,603078.SH,20230616,16.63,1.4706,2.1874,1.08,60.6275,64.4055,3.9115,6.8286,6.9624,0.275,0.3238,38563.7248,33119.3087,22266.3005,641314.7434,550774.1037,0
3601,300455.SZ,20230616,11.39,3.0296,7.0863,1.71,94.7312,94.271,4.7589,6.0647,5.7653,0.2634,0.2634,71776.7936,70862.2436,30295.5051,817537.6791,807120.9546,0
3602,603598.SH,20230616,12.19,7.4782,15.6266,1.1,,,21.1882,0.7535,0.7283,0.0,,26786.29,26786.29,12818.66,326524.8751,326524.8751,0
3603,002797.SZ,20230616,5.81,0.6025,0.6788,1.11,60.9164,51.9707,1.6559,9.3499,8.8089,0.6885,0.6885,420240.0,413240.0,366771.36,2441594.4,2400924.4,0
3604,301120.SZ,20230616,14.92,11.0905,12.8158,1.11,56.8155,54.4518,3.5499,12.2652,12.1995,0.8937,0.3575,37144.1055,14428.7126,12486.2126,554190.0541,215276.392,0
3605,000584.SZ,20230616,5.26,4.0031,5.308,0.78,,,3.8509,2.1963,2.0459,0.0,,76093.7577,74597.6188,56259.2211,400253.1655,392383.4749,1
3606,920371.BJ,20230616,3.41,1.9651,1.9651,5.45,19.5657,22.3664,1.3624,0.785,0.7752,,,20544.5536,4378.0772,4378.0772,70056.9278,14929.2433,0
3607,688256.SH,20230616,222.85,5.5895,7.6475,1.09,,,14.6294,127.3438,125.2315,,,41659.4451,24415.9404,17845.6789,9283807.3405,5441092.3181,0
3608,002476.SZ,20230616,4.4,1.5054,1.9148,1.71,90.8797,170.0883,3.1067,4.5465,4.9551,0.0,,61200.0,61195.095,48110.7744,269280.0,269258.418,0
3609,300578.SZ,20230616,21.27,2.3959,3.7544,0.64,252.3689,2081.0035,2.5825,6.3628,6.6559,0.0,,20034.974,19416.6897,12391.106,426143.897,412992.9899,0
3610,002495.SZ,20230616,2.49,1.1117,1.3745,1.03,,,2.0047,11.2221,10.5536,0.0,,93562.56,71393.4903,57743.6991,232970.7744,177769.7908,0
3611,688776.SH,20230616,107.17,3.4259,3.4259,1.11,49.9659,57.2717,4.7005,9.1035,9.4117,,,7741.6728,2384.7068,2384.7068,829675.074,255569.0278,0
3612,603023.SH,20230616,4.04,1.6913,3.3624,1.21,515.3949,722.1814,2.9608,30.616,30.0128,0.0,,56207.9807,56207.9807,28272.8327,227080.242,227080.242,0
3613,002327.SZ,20230616,7.91,1.4135,1.8435,1.28,12.2906,12.1638,1.9399,2.1305,2.1662,7.5853,7.5853,82945.9027,48430.0464,37134.4431,656102.0904,383081.667,0
3614,688305.SH,20230616,91.51,3.238,4.098,0.82,141.0449,106.8377,8.057,27.031,25.082,,,9317.7757,5204.3757,4112.1334,852669.6543,476252.4203,0
3615,001872.SZ,20230616,18.11,0.3495,2.7313,0.97,13.5607,13.5993,0.8189,2.7885,2.8457,1.7839,,249907.4661,174246.8718,22294.207,4525824.2111,3155610.8483,0
3616,000877.SZ,20230616,8.48,0.2529,0.3435,0.47,16.1739,32.107,0.9371,0.5541,0.5798,3.8915,3.184,866342.2814,182214.0647,134113.7338,7346582.5463,1545175.2687,0
3617,600664.SH,20230616,3.39,0.9056,1.696,0.84,18.4248,17.5969,1.9203,0.6196,0.5939,0.0,,252380.9076,251752.9876,134429.2853,855571.2768,853442.628,0
3618,002505.SZ,20230616,2.03,1.932,3.834,1.24,762.0034,,2.4767,0.6663,0.675,0.0,,637426.1088,637426.1088,321200.0065,1293975.0009,1293975.0009,0
3619,603085.SH,20230616,9.83,0.5967,1.0755,0.85,,,4.274,2.7396,3.0698,0.0,,39710.0,37022.5434,20542.1621,390349.3,363931.6016,0
3620,002978.SZ,20230616,32.39,0.2824,1.2235,1.07,11.8644,13.3583,2.3643,6.5074,7.0339,3.3961,3.3961,40100.0,29900.0,6902.0,1298839.0,968461.0,0
3621,688098.SH,20230616,7.31,0.3887,0.7042,1.16,49.1309,56.5981,2.0279,9.1353,9.3399,,,41064.4,41064.4,22666.8601,300180.764,300180.764,0
3622,600297.SH,20230616,2.13,0.805,1.6475,0.69,,,0.4474,0.1294,0.1331,0.0,,811126.8382,811126.8382,396321.667,1727700.1654,1727700.1654,0
3623,300432.SZ,20230616,10.4,1.154,1.9833,0.98,19.6526,,3.1517,1.7259,1.9759,0.0,1.9231,121922.3766,118846.7787,69152.9513,1267992.7166,1236006.4985,0
3624,301221.SZ,20230616,54.76,5.4295,6.4116,0.54,159.3603,137.8961,2.5028,9.5644,8.9973,0.7305,0.3652,9262.23,4331.73,3668.23,507199.7148,237205.5348,0
3625,002246.SZ,20230616,9.32,1.8708,3.5013,1.27,55.0047,59.7139,1.787,1.9999,2.1246,0.4828,0.4828,54903.4794,54903.4794,29336.1431,511700.428,511700.428,0
3626,000952.SZ,20230616,8.1,12.4302,16.6767,2.23,56.9268,,1.9604,3.5946,3.6775,0.738,,35397.3939,34398.7615,25639.555,286718.8906,278629.9682,0
3627,603215.SH,20230616,17.54,3.9383,4.3727,1.38,18.3902,16.4584,3.4328,2.1838,2.1683,1.5279,2.7366,18666.0,7046.415,6346.44,327401.64,123594.1191,0
3628,301130.SZ,20230616,27.79,1.3669,2.0421,0.91,55.1418,52.9705,2.384,8.7899,8.7103,0.4678,1.0435,8080.3943,6117.6909,4094.9541,224554.1576,170010.6301,0
3629,920344.BJ,20230616,16.19,0.0647,0.1908,0.71,63.496,66.9374,3.4135,11.5328,11.225,,,12181.0,11356.0796,3849.6277,197210.39,183854.9287,0
3630,002832.SZ,20230616,33.71,0.7249,0.8941,0.73,26.4412,23.5891,4.5166,6.6688,6.1011,0.8899,1.7799,57070.7084,38941.8284,31572.3584,1923853.5802,1312729.0354,0
3631,605499.SH,20230616,178.82,0.3978,0.7225,0.78,49.6555,44.8991,15.0484,8.4099,7.9568,0.8388,1.1184,40001.0,15927.0857,8768.9338,7152978.82,2848081.4649,0
3632,600630.SH,20230616,5.56,1.5416,2.2049,0.45,,,3.3284,1.0765,1.1596,0.0,,42486.1597,42486.1597,29705.04,236223.0479,236223.0479,0
3633,600807.SH,20230616,3.08,0.5893,0.751,1.07,148.4579,16.6642,8.048,1.5872,1.6899,0.0,,88463.4731,78701.8464,61752.8937,272467.4971,242401.6869,0
3634,601328.SH,20230616,5.82,0.2111,0.3177,0.78,4.6903,4.6252,0.4961,1.5833,1.6221,6.0997,6.0997,7426272.6645,3925086.4015,2607243.9569,43220906.9074,22844002.8567,0
3635,600559.SH,20230616,28.26,3.0148,4.053,0.95,36.5332,47.5198,5.7848,5.5556,5.4448,0.5308,0.5308,91474.7444,89728.7444,66744.2412,2585076.2767,2535734.3167,0
3636,300420.SZ,20230616,3.17,1.6005,1.8341,0.47,64.7369,63.7892,1.4674,2.4274,2.4282,0.0,0.3155,111638.3561,101902.8652,88924.4979,353893.5888,323032.0827,0
3637,300639.SZ,20230616,8.47,0.6742,1.1136,0.9,3.1866,4.2587,1.1718,0.9824,1.2529,1.8539,2.7445,64914.9874,63779.1074,38616.3336,549829.9433,540209.0397,0
3638,688382.SH,20230616,14.53,2.4157,2.4157,0.53,,,3.9546,,151.0805,,,57500.0,10504.8294,10504.8294,835475.0,152635.1712,0
3639,301258.SZ,20230616,39.21,2.6262,2.6262,1.0,20.2725,19.0188,1.9068,6.3258,6.1661,1.0201,1.4792,9167.0,3325.0,3325.0,359438.07,130373.25,0
3640,688100.SH,20230616,31.7,0.4403,1.7502,0.85,39.609,37.1852,6.4449,7.9107,7.7323,,,50000.0,50000.0,12579.4192,1585000.0,1585000.0,0
3641,600596.SH,20230616,11.53,0.8474,1.0655,1.09,4.4712,7.1978,1.1327,0.6059,0.6887,3.0975,,114574.654,102926.654,81859.183,1321045.7606,1186744.3206,0
3642,300961.SZ,20230616,11.23,1.9519,2.6463,0.74,,,1.9281,4.0012,4.0316,0.2048,0.2048,17728.0,12296.3769,9069.6194,199085.44,138088.3126,0
3643,600519.SH,20230616,1797.69,0.3018,0.6904,1.63,36.0074,34.0784,10.3459,18.1971,17.2967,2.4245,2.4245,125619.78,125619.78,54925.3243,225825422.3082,225825422.3082,0
3644,300296.SZ,20230616,6.98,2.4847,2.6707,0.82,62.74,61.2221,2.1941,2.1653,2.1599,0.7158,0.5727,252939.6015,206360.8621,191985.7121,1765518.4185,1440398.8175,0
3645,601567.SH,20230616,12.59,0.3861,0.8116,1.27,18.7586,16.888,1.9139,1.9548,1.8993,2.5345,2.78,141265.1571,139491.3253,66357.187,1778528.3279,1756195.7855,0
3646,605336.SH,20230616,16.99,1.9471,1.9471,0.87,14.6329,14.4718,1.598,3.3143,3.3724,6.2948,6.2948,18460.9425,5861.245,5861.245,313651.4131,99582.5526,0
3647,002445.SZ,20230616,2.5,1.3634,1.9501,0.78,215.6725,,3.0045,9.1131,8.987,0.0,,239166.8331,238143.7503,166498.5641,597917.0828,595359.3758,0
3648,002397.SZ,20230616,3.27,1.7702,2.5888,1.21,,,2.1407,1.2125,1.2442,0.0,,75378.1443,57523.6184,39333.1329,246486.5319,188102.2322,0
3649,688496.SH,20230616,21.2,10.7799,10.7799,0.67,171.2563,152.5161,7.638,9.1362,8.6493,,,45000.0,7845.7008,7845.7008,954000.0,166328.857,0
3650,300083.SZ,20230616,7.08,2.7917,3.0113,1.12,35.4153,41.0747,2.4875,2.621,2.7181,0.0,,167586.4589,135354.3117,125485.7897,1186512.129,958308.5268,0
3651,300854.SZ,20230616,15.45,1.5444,1.7356,0.93,54.4198,40.957,1.5984,2.118,2.1065,0.9709,0.3236,9909.4,4587.4875,4082.2375,153100.23,70876.6819,0
3652,600560.SH,20230616,14.18,7.1266,12.8995,1.34,72.0401,68.2542,3.5879,4.3135,3.9861,0.4443,,22364.55,22364.55,12355.8076,317129.319,317129.319,0
3653,301180.SZ,20230616,16.52,1.2049,1.2049,0.55,35.6118,46.4739,4.991,5.5598,6.1876,0.3027,0.3027,40001.0,5786.6002,5786.6002,660816.52,95594.6353,0
3654,000903.SZ,20230616,2.4,0.4544,0.6869,0.66,,,1.0924,0.9874,1.0526,0.609,0.609,197080.0857,192026.1648,127011.9255,472992.2057,460862.7955,0
3655,301235.SZ,20230616,30.78,2.0616,2.3325,1.52,31.7144,34.6658,1.9712,2.7339,2.5045,0.3249,,10560.0,4986.749,4407.4601,325036.8,153492.1342,0
3656,002547.SZ,20230616,4.53,2.6701,3.771,0.82,,,10.5891,1.9749,2.0443,0.0,,112805.7168,110400.8416,78169.8415,511009.8971,500115.8124,0
3657,601965.SH,20230616,20.85,1.0798,2.9665,1.31,30.3836,29.848,3.434,6.3632,6.093,1.4169,1.4169,100425.2587,98242.3847,35759.1379,2093866.6439,2048353.721,0
3658,600306.SH,20230616,7.44,0.1324,0.2347,0.35,,,,15.6538,18.3029,0.0,,23157.4918,17747.2546,10011.9373,172291.739,132039.5742,0
3659,603729.SH,20230616,15.43,1.983,3.4134,0.91,,,4.2948,3.5926,4.6929,0.0,,9333.8,9333.8,5422.434,144020.534,144020.534,0
3660,000995.SZ,20230616,18.17,1.1405,1.5889,1.33,438.2076,391.0413,23.5866,23.6286,22.8358,0.0,,17740.8,17740.8,12734.2009,322350.336,322350.336,0
3661,002357.SZ,20230616,6.65,2.7301,3.8947,0.99,35.2429,33.0426,1.5358,2.8573,2.7929,1.8045,1.8045,31348.9036,31347.7786,21974.4565,208470.2089,208462.7277,0
3662,603701.SH,20230616,14.33,2.1099,4.1502,1.2,338.1436,311.8551,4.9996,7.615,7.3066,0.3489,0.3489,26136.1901,26136.1901,13287.0002,374531.6041,374531.6041,0
3663,300864.SZ,20230616,21.79,2.9035,2.9035,0.77,27.35,25.2548,2.9948,5.0819,4.9642,2.1597,2.7536,15504.0,3876.0,3876.0,337832.16,84458.04,0
3664,600403.SH,20230616,4.13,0.2491,1.6066,0.86,6.3479,6.0608,1.3612,1.1497,1.1921,8.4746,10.4116,239081.2402,239081.2402,37065.1791,987405.522,987405.522,0
3665,601966.SH,20230616,21.85,0.8572,1.8514,0.8,110.6472,54.0223,1.6696,1.8974,1.8936,0.736,0.273,147673.1513,147352.2713,68225.4786,3226658.3559,3219647.1279,0
3666,603444.SH,20230616,528.44,1.3685,2.3378,0.8,26.0584,26.8505,9.3521,7.3666,7.4896,5.6635,3.2107,7203.8419,7203.8419,4216.8919,3806798.2136,3806798.2136,0
3667,300280.SZ,20230616,57.7,9.3703,11.8425,0.93,53.5252,54.0904,3.7688,5.3561,4.9217,0.0173,0.0173,16206.5744,16047.4169,12697.4169,935119.3429,925935.9551,0
3668,000035.SZ,20230616,4.4,0.4914,0.7153,0.79,89.9268,87.6201,1.0712,1.6557,1.6777,2.1505,,252377.7297,245334.5376,168545.1072,1110462.0107,1079471.9654,0
3669,600197.SH,20230616,29.23,2.142,3.6815,1.29,83.3891,67.1309,3.6711,8.4993,7.934,1.4027,1.4027,47196.3421,47196.3421,27459.9944,1379549.0796,1379549.0796,0
3670,603580.SH,20230616,13.54,0.6776,2.0494,1.09,,,4.0434,10.0234,10.3383,1.2112,1.2112,13067.32,13067.32,4320.82,176931.5128,176931.5128,0
3671,600516.SH,20230616,6.27,0.3385,0.5921,1.1,30.0532,24.5631,1.4719,4.7446,4.5755,0.0,,402597.0368,402597.0368,230113.6547,2524283.4207,2524283.4207,0
3672,300436.SZ,20230616,26.8,0.8214,1.2929,0.8,,,5.2988,11.0646,11.3077,0.0,,15926.7,13554.6251,8611.3133,426835.56,363263.9527,0
3673,603557.SH,20230616,2.51,0.7457,1.2226,1.56,,,2.0318,3.5283,3.3785,0.0,,49407.518,49407.518,30134.3246,124012.8702,124012.8702,0
3674,603861.SH,20230616,10.05,7.3482,22.9081,10.64,122.8221,34.9927,1.6141,1.2645,1.1469,0.3881,0.3881,43597.3215,42403.1738,13601.705,438153.0811,426151.8967,0
3675,920471.BJ,20230616,8.15,0.6246,0.6246,0.59,10.8923,18.6707,1.2341,1.2013,1.3343,,,8320.0,2610.2,2610.2,67808.0,21273.13,0
3676,601222.SH,20230616,8.01,1.4078,2.2926,1.55,19.278,18.8824,1.1321,3.3378,3.2841,2.7428,2.2018,206016.9156,206016.9156,126507.5229,1650195.494,1650195.494,0
3677,600261.SH,20230616,3.47,0.3797,0.694,0.77,25.952,19.9831,1.448,1.2789,1.3516,5.7637,3.7464,137518.1566,137518.1566,75229.7734,477188.0034,477188.0034,0
3678,688182.SH,20230616,26.58,8.6181,8.6181,2.49,135.2523,151.2228,5.0175,30.8009,28.7483,,,40000.0,9600.0,9600.0,1063200.0,255168.0,0
3679,000629.SZ,20230616,4.01,0.6891,1.6681,0.86,25.6625,28.6652,3.7762,2.2864,2.3149,0.0,,860244.7902,858959.6637,354868.949,3449581.6087,3444428.2514,0
3680,300433.SZ,20230616,11.87,0.4047,1.0747,0.9,24.1149,20.1895,1.3651,1.2642,1.2507,0.8353,1.6705,497347.9998,496057.4811,186803.9378,5903520.7576,5888202.3007,0
3681,000813.SZ,20230616,3.03,0.5328,1.4227,1.6,,,1.3026,11.5365,12.8325,0.0,,217348.0882,216461.849,81068.421,658564.7072,655879.4025,0
3682,600722.SH,20230616,4.88,0.7467,1.6987,0.27,67.1049,70.1098,2.9633,5.0338,4.9876,0.0,,68031.9676,68031.9676,29905.6699,331996.0019,331996.0019,0
3683,000600.SZ,20230616,6.78,3.1053,5.4982,0.61,117.9473,,1.2604,0.6636,0.6664,0.0,,179162.6376,109004.4126,61563.3843,1214722.6829,739049.9174,0
3684,600322.SH,20230616,1.94,8.5653,11.6181,4.67,,,39.9981,0.6384,0.4383,0.0,,110570.0,110570.0,81516.276,214505.8,214505.8,0
3685,600448.SH,20230616,2.9,1.3176,1.6194,1.07,,,1.445,0.5235,0.5542,0.0,,62981.9662,62981.9662,51245.5192,182647.702,182647.702,0
3686,688253.SH,20230616,24.58,1.8162,1.8162,0.61,22.1947,18.773,1.9438,7.4882,6.5367,,,13606.0816,2988.1064,2988.1064,334437.4857,73447.6553,0
3687,603377.SH,20230616,8.12,0.9295,1.5319,0.95,,,2.8114,5.8514,6.1262,0.0,,72074.7427,72074.7427,43733.7727,585246.9107,585246.9107,0
3688,002487.SZ,20230616,34.03,3.9282,7.1118,1.18,48.1984,46.9025,3.2974,4.2503,4.3169,0.0563,0.0563,63774.9349,54728.0749,30229.3843,2170261.0346,1862396.3888,0
3689,300263.SZ,20230616,8.02,1.5579,1.8652,0.97,112.7897,92.8776,2.4215,3.1518,3.1168,0.4364,0.3695,90432.3067,77237.6342,64514.3569,725267.0997,619445.8263,0
3690,603421.SH,20230616,10.21,0.4985,1.1411,1.1,56.1074,41.1379,2.0391,2.1377,2.0127,0.715,0.715,65219.0511,65219.0511,28492.5174,665886.5117,665886.5117,0
3691,688006.SH,20230616,32.95,0.936,3.3927,1.61,40.5447,32.7579,4.3359,5.7586,5.5132,,,60367.2152,60367.2152,16654.48,1989099.7408,1989099.7408,0
3692,603258.SH,20230616,50.85,5.7216,13.9805,1.02,61.909,70.3473,5.5816,15.7427,17.3031,1.6023,3.1974,24476.81,24476.81,10017.3136,1244645.7885,1244645.7885,0
3693,300146.SZ,20230616,23.76,1.0824,1.2844,1.09,29.154,23.0564,3.5542,5.1394,4.6498,2.9459,0.7576,170046.7763,112960.9391,95195.6455,4040311.4049,2683951.913,0
3694,920505.BJ,20230616,10.1,0.4158,0.4158,1.33,22.0109,16.3065,1.461,3.3868,3.4299,,,4481.9,897.5367,897.5367,45267.19,9065.1207,0
3695,601801.SH,20230616,10.62,1.9341,8.3346,0.72,29.8459,28.377,1.8315,1.8077,1.7598,1.6008,1.6008,198920.4737,198920.4737,46159.5872,2112535.4307,2112535.4307,0
3696,920221.BJ,20230616,8.88,22.7417,22.7417,0.68,22.0637,21.9625,2.5278,3.5971,3.5501,,,9400.0,2519.18,2519.18,83472.0,22370.3184,0
3697,300879.SZ,20230616,17.02,3.2404,3.2404,1.74,242.0396,,2.8077,1.8505,2.4785,0.7638,0.7638,16000.0,5500.0,5500.0,272320.0,93610.0,0
3698,603190.SH,20230616,30.6,9.9527,9.9527,0.58,27.0268,24.5515,1.8408,2.6889,2.6718,,,12000.0,3000.0,3000.0,367200.0,91800.0,0
3699,688711.SH,20230616,61.99,1.1674,1.2431,0.9,119.462,96.56,9.4739,10.1531,8.4159,,,15167.9735,12194.8854,11452.2459,940262.6773,755960.9459,0
3700,601991.SH,20230616,3.25,0.869,3.2579,1.37,,442.4511,2.1506,0.5148,0.5227,0.0,,1850671.0504,1239608.9106,330656.1059,6014680.9138,4028728.9595,0
3701,002129.SZ,20230616,31.9,1.2665,1.8042,1.43,18.9119,16.6155,3.2597,1.9244,1.8096,0.2757,0.5265,404244.3902,403936.8154,283554.5701,12895396.0474,12885584.4113,0
3702,300645.SZ,20230616,29.58,1.884,2.8192,1.4,58.3032,57.7061,4.2321,3.8984,3.7835,0.1993,0.3684,14036.4054,14036.4054,9379.9827,415196.8717,415196.8717,0
3703,600572.SH,20230616,6.57,1.3986,2.14,1.09,47.1521,31.2239,2.4841,2.814,2.5833,2.4353,4.7184,257003.7319,256329.5466,167532.117,1688514.5186,1684085.1212,0
3704,300386.SZ,20230616,11.6,1.9031,2.4736,1.26,,,2.8964,5.5888,5.7067,0.0,,41804.4,24220.585,18635.0884,484931.04,280958.786,0
3705,600233.SH,20230616,15.17,0.4922,1.1058,1.75,13.3222,13.2026,1.9532,0.9753,0.9559,0.987,1.648,344222.5454,344222.5454,153222.9842,5221856.0137,5221856.0137,0
3706,603319.SH,20230616,15.4,1.4167,1.9543,0.69,18.8943,18.3973,2.0845,1.9726,1.9637,1.8045,1.6234,20806.6462,20697.6958,15004.1186,320422.3515,318744.5153,0
3707,603110.SH,20230616,25.33,1.2062,2.0668,0.55,258.535,223.0642,7.947,12.61,12.5913,0.7106,0.5922,20122.6732,20122.6732,11743.6795,509707.3122,509707.3122,0
3708,600667.SH,20230616,7.38,7.7203,11.5719,2.95,,,2.1398,0.4416,0.4198,2.3035,2.3035,210619.0178,210619.0178,140516.371,1554368.3514,1554368.3514,0
3709,920278.BJ,20230616,5.16,0.0827,0.1085,0.45,26.0424,23.3557,2.4526,2.679,2.653,,,17600.0,7298.84,5562.08,90816.0,37662.0144,0
3710,688416.SH,20230616,77.2,17.728,17.728,0.88,300.8455,,3.7933,14.724,16.7318,,,8263.7279,1883.0323,1883.0323,637959.7939,145370.0936,0
3711,002218.SZ,20230616,4.68,0.6366,1.0313,1.15,68.7132,67.5831,1.5613,4.9989,5.6558,0.7465,0.7465,141302.0549,139239.8249,85945.3237,661293.6169,651642.3805,0
3712,603178.SH,20230616,9.96,0.6324,1.8598,0.58,26.4257,33.3075,1.8634,1.5897,1.626,1.3554,1.3554,23641.1881,23641.1881,8038.2991,235466.2335,235466.2335,0
3713,600731.SH,20230616,7.73,0.9757,1.276,0.62,12.2607,11.6622,1.5322,1.3798,1.3844,0.0,,55874.2416,46102.9757,35250.6841,431907.8876,356376.0022,0
3714,603600.SH,20230616,9.32,0.5693,1.1957,0.95,8.4108,8.3001,1.6562,0.6952,0.7531,2.3473,3.7343,30251.264,30251.264,14404.9469,281941.7805,281941.7805,0
3715,301273.SZ,20230616,30.57,3.828,3.828,1.21,43.4977,37.7862,2.2209,4.993,4.8482,,,7164.1792,1791.0448,1791.0448,219008.9581,54752.2395,0
3716,002771.SZ,20230616,14.42,10.1435,11.7998,1.64,295.9727,3563.2348,4.263,4.6737,5.3524,0.0902,0.0902,20976.41,16882.7504,14512.9589,302479.8322,243449.2608,0
3717,920427.BJ,20230616,5.42,0.1285,0.1948,0.19,17.139,15.268,1.6645,3.8522,3.9676,,,10309.5,3774.2353,2489.9805,55877.49,20456.3553,0
3718,600594.SH,20230616,5.24,1.0489,1.3697,0.4,,,1.3435,1.5171,1.5194,0.0,,79192.74,79192.74,60646.9764,414969.9576,414969.9576,0
3719,603993.SH,20230616,5.66,0.8175,2.0622,1.2,20.1504,26.6227,2.4559,0.7067,0.7077,1.2588,1.2588,2159924.0583,1766577.2583,700277.2183,12225170.17,9998827.282,0
3720,301037.SZ,20230616,17.11,1.7515,1.7522,0.95,299.4851,,2.106,0.5432,0.5783,0.3184,0.3184,10042.0363,2825.4825,2824.2813,171819.2411,48344.0056,0
3721,600060.SH,20230616,23.35,0.513,0.9721,0.63,18.1845,15.2573,1.6781,0.6676,0.6491,0.3701,0.3701,130765.2222,128908.1222,68028.202,3053367.9384,3010004.6534,0
3722,603156.SH,20230616,25.05,0.168,0.4128,0.69,21.5029,18.8326,3.1552,5.3523,5.1938,7.984,7.1856,126549.36,126549.36,51512.8506,3170061.468,3170061.468,0
3723,601598.SH,20230616,4.8,0.7499,3.3313,0.83,8.6062,8.652,0.9768,0.3218,0.3448,5.8153,5.8153,729421.6875,525591.6875,118310.3236,3501224.1,2522840.1,0
3724,300275.SZ,20230616,15.06,2.8421,3.0385,0.97,121.3606,117.8778,5.7871,12.0573,11.8823,0.1038,0.1245,30097.9448,24682.7792,23087.3872,453275.0487,371722.6548,0
3725,920608.BJ,20230616,7.86,0.3859,0.3859,2.06,14.1822,14.3345,1.0928,3.313,3.6439,,,6224.0,2611.6461,2611.6461,48920.64,20527.5383,0
3726,300598.SZ,20230616,50.65,3.7634,5.2762,0.77,,,6.6482,4.4693,4.4886,0.0385,0.0385,16418.3709,16007.5753,11417.9508,831590.4861,810783.6889,0
3727,600577.SH,20230616,4.23,0.7287,0.8506,0.76,23.0788,23.1477,1.8275,0.5013,0.5188,0.6808,2.8369,207914.3505,199581.0172,170981.0115,879477.7026,844227.7028,0
3728,688798.SH,20230616,61.79,1.4638,1.9558,1.64,,,4.1092,6.8608,7.6304,,,23200.8945,13286.7949,9944.0985,1433583.2712,820991.0569,0
3729,920260.BJ,20230616,5.06,0.0663,0.0727,0.46,11.7368,10.7376,1.3971,1.9453,1.8778,,,10355.0,4147.0291,3778.3886,52396.3,20983.9672,0
3730,601003.SH,20230616,4.13,0.3752,2.1616,1.01,,,1.0499,0.1311,0.1413,4.2615,,256279.32,256279.32,44482.3117,1058433.5916,1058433.5916,0
3731,601001.SH,20230616,9.24,0.4126,0.9697,1.05,5.0808,5.4179,1.0021,0.9617,0.9867,4.329,4.329,167370.0,167370.0,71206.7492,1546498.8,1546498.8,0
3732,300832.SZ,20230616,61.91,0.8171,2.7837,1.37,36.6317,35.39,7.8606,15.9647,15.2969,0.9697,2.1003,78571.8785,69839.8762,20501.2462,4864384.9979,4323786.7355,0
3733,600400.SH,20230616,3.22,0.6119,1.8192,1.5,493.0868,446.4846,2.4465,3.1672,3.1518,2.0186,,230302.1852,229137.1852,77066.3434,741573.0363,737821.7363,0
3734,688213.SH,20230616,54.46,5.8187,5.8187,1.86,,,5.8811,8.7735,8.7158,,,40001.0,3840.96,3840.96,2178454.46,209178.6816,0
3735,002707.SZ,20230616,8.09,2.2014,2.6741,1.16,,,11.6334,15.8825,13.7329,0.0,,98271.5033,79630.7622,65553.144,795016.4617,644212.8662,0
3736,000603.SZ,20230616,13.11,1.6184,2.6664,0.87,24.809,26.1646,3.0217,4.8135,4.6898,0.0,,68996.9346,58880.9719,35739.7677,904549.8126,771929.5416,0
3737,301002.SZ,20230616,19.9,1.2338,1.3913,0.94,31.3675,38.8593,3.2762,3.2868,3.3905,0.7731,2.5126,12287.61,5601.9869,4967.6315,244523.439,111479.5393,0
3738,000042.SZ,20230616,7.72,0.4244,1.3735,0.79,64.4276,49.242,0.6695,0.7246,0.61,0.4145,0.4145,66483.1139,66396.9764,20516.4721,513249.6393,512584.6578,0
3739,601069.SH,20230616,13.01,0.7413,2.0142,0.75,68.143,71.363,2.5851,2.7237,2.3236,0.1873,0.6332,92285.3531,67236.3636,24745.0808,1200632.4438,874745.0904,0
3740,002205.SZ,20230616,10.83,5.3017,7.5964,1.8,,,2.8044,3.2463,3.1599,0.0923,0.0923,18584.3228,18584.3228,12970.4108,201268.2159,201268.2159,0
3741,301066.SZ,20230616,18.0,9.0444,9.0444,0.7,,799.7809,5.3097,6.1758,6.3391,0.3968,0.3968,18835.2192,7204.858,7204.858,339033.9456,129687.444,0
3742,301238.SZ,20230616,21.33,1.8483,1.8483,1.01,20.1337,25.2495,2.2992,2.5497,2.9798,0.0,0.4688,73333.33,15457.2472,15457.2472,1564199.9289,329703.0828,0
3743,600980.SH,20230616,15.47,1.6164,2.6514,2.27,35.0754,36.3163,2.3799,3.3646,3.2221,0.2833,0.3232,18926.3526,15597.4242,9509.029,292790.6747,241292.1524,0
3744,300495.SZ,20230616,1.75,4.2233,7.5371,1.3,,,1.956,8.8771,8.0877,0.0,,67427.9488,47197.4138,26446.3258,117998.9104,82595.4742,0
3745,600252.SH,20230616,2.44,0.3762,0.5022,1.06,106.9992,,1.3145,3.1158,3.0827,1.1053,0.4098,346543.3704,342520.8704,256586.5117,845565.8238,835750.9238,0
3746,002136.SZ,20230616,11.31,1.3307,1.9776,1.33,9.0671,10.0432,2.1188,0.896,0.9367,1.3263,1.7683,21502.0,21426.616,14417.3711,243187.62,242335.027,0
3747,300199.SZ,20230616,11.62,4.6696,4.9059,0.86,,,7.8936,14.5718,14.3878,0.0,,88324.1336,66603.3813,63395.7427,1026326.4324,773931.2907,0
3748,603080.SH,20230616,13.62,0.9254,1.5817,1.26,20.0623,22.5496,1.4627,2.272,2.2429,2.6505,1.5419,14150.0,14150.0,8279.25,192723.0,192723.0,0
3749,002827.SZ,20230616,11.7,2.8336,7.047,1.3,60.4836,57.1259,4.153,2.847,2.6651,1.2821,1.2821,27600.0,27600.0,11098.1862,322920.0,322920.0,0
3750,688433.SH,20230616,32.14,11.1868,11.1868,0.98,134.2115,131.7083,7.3502,29.1551,27.7612,,,41416.88,3455.5469,3455.5469,1331138.5232,111061.2774,0
3751,603868.SH,20230616,66.62,0.2393,2.3905,1.49,35.2618,32.0121,10.0859,6.2716,5.9448,1.5011,3.0021,43560.0,43560.0,4360.0,2901967.2,2901967.2,0
3752,603506.SH,20230616,11.66,0.5157,1.3163,0.72,15.0632,14.7883,2.1681,1.1856,1.1541,2.9738,2.6561,18777.7779,18777.7779,7356.4453,218948.8903,218948.8903,0
3753,688358.SH,20230616,51.71,0.9075,3.4141,1.04,54.779,43.4289,4.2402,15.224,13.0107,,,11212.4537,11212.4537,2980.4537,579795.9808,579795.9808,0
3754,605277.SH,20230616,15.74,29.8731,29.8731,1.35,28.9716,29.896,3.4884,2.4693,2.0989,3.2769,0.9275,26449.8935,10713.9806,10713.9806,416321.3237,168638.0546,0
3755,600804.SH,20230616,5.81,4.8021,5.5922,1.32,,,8.7285,2.5992,2.5613,0.0,,165746.3906,139262.9959,119586.27,962986.5294,809118.0062,1
3756,605167.SH,20230616,9.32,0.915,1.2951,0.77,30.5292,26.3989,2.839,2.4317,2.05,0.0,0.3727,44907.0,22251.533,15721.7387,418533.24,207384.2876,0
3757,603650.SH,20230616,33.0,0.837,2.8623,1.07,65.9802,63.6661,6.5113,7.8687,7.585,0.2727,0.5151,59612.388,59406.8368,17370.9445,1967208.804,1960425.6144,0
3758,603963.SH,20230616,10.41,0.5977,2.1361,0.99,,,5.7377,17.2813,17.6725,0.0,,21970.0,21970.0,6147.75,228707.7,228707.7,0
3759,601696.SH,20230616,10.65,0.7191,1.3761,0.77,36.6284,36.0699,1.7767,9.9976,10.0495,0.338,0.338,277800.0,277800.0,145168.4209,2958570.0,2958570.0,0
3760,002582.SZ,20230616,8.09,3.9703,4.4725,1.15,,,0.8573,2.5604,2.4852,1.2361,1.2361,44323.5414,33993.777,30176.9249,358577.4499,275009.6559,0
3761,001298.SZ,20230616,25.15,7.0742,7.0742,0.62,35.2826,40.8832,2.3809,0.5474,0.6155,,0.8227,13920.0,3480.0,3480.0,350088.0,87522.0,0
3762,688510.SH,20230616,18.7,0.7907,1.1543,1.14,240.8388,157.7527,4.9809,13.3285,11.6719,,,25838.2608,16606.8565,11376.0806,483175.477,310548.2166,0
3763,301167.SZ,20230616,18.0,10.0106,10.0106,1.66,24.4866,24.2927,2.2404,3.9595,3.8487,0.7937,0.9921,11200.0,6659.5472,6659.5472,201600.0,119871.8496,0
3764,001286.SZ,20230616,10.33,5.1418,5.1418,1.17,15.6735,15.06,1.8012,1.9096,1.9087,,3.3882,375000.0,72749.7699,72749.7699,3873750.0,751505.1231,0
3765,600203.SH,20230616,6.16,2.1386,2.9646,0.56,,,1.6066,0.2207,0.2588,0.0,,59298.8082,59298.8082,42776.868,365280.6585,365280.6585,0
3766,000852.SZ,20230616,6.77,0.9132,1.8471,0.91,125.4381,98.134,2.1682,0.8346,0.8022,0.0,,95566.7689,90341.968,44666.338,646987.0255,611615.1234,0
3767,002390.SZ,20230616,4.37,0.726,1.2,1.06,37.8415,41.6513,1.2594,1.3377,1.3321,1.373,1.373,194385.1868,183024.4114,110722.6046,849463.2663,799816.6778,0
3768,300708.SZ,20230616,10.28,3.6095,4.1879,2.49,,,3.4967,2.7982,2.7152,0.3831,0.3838,55218.2846,37861.0297,32631.8802,567643.9657,389211.3853,0
3769,002089.SZ,20230616,1.12,6.2519,6.9497,1.17,,,1.5488,8.7595,9.3504,0.0,,137466.9616,125910.5958,113268.4597,153962.997,141019.8673,1
3770,600861.SH,20230616,24.03,0.9009,1.3698,1.01,,,2.2755,28.1219,30.3555,0.0,,56611.2718,31680.4949,20835.2552,1360368.8614,761282.2924,0
3771,300560.SZ,20230616,18.89,13.6976,20.4884,1.02,120.2968,118.7527,3.8043,4.076,3.9032,0.4627,0.4627,22781.4392,17078.8327,11418.1123,430341.3865,322619.1497,0
3772,601958.SH,20230616,11.26,0.9613,3.4936,1.36,27.2199,19.1976,2.5919,3.8118,3.6601,0.8881,0.8881,322660.44,322660.44,88781.936,3633156.5544,3633156.5544,0
3773,000701.SZ,20230616,6.62,2.7121,3.8589,0.38,73.5692,74.0644,7.7956,0.0398,0.0407,0.0,,56500.8376,41108.4332,28892.2724,374035.5449,272137.8278,0
3774,601208.SH,20230616,12.5,1.5601,2.0976,0.77,27.6417,29.8806,2.8729,3.1512,3.1916,0.7748,1.5748,91771.0612,88842.0612,66076.6237,1147138.265,1110525.765,0
3775,002425.SZ,20230616,5.95,4.993,6.4433,0.85,,,1.3154,9.1622,11.0104,0.0,,95666.5066,95598.5898,74080.5689,569215.7143,568811.6093,0
3776,688271.SH,20230616,140.28,2.3315,2.3315,1.18,69.811,68.8336,6.4887,12.5148,11.8064,,,82415.7988,5000.0,5000.0,11561288.2557,701400.0,0
3777,600592.SH,20230616,8.71,1.5588,2.5081,1.55,,43.9915,1.5121,2.024,1.9635,1.4007,1.4007,39955.3571,39955.3571,24831.9771,348011.1603,348011.1603,0
3778,600997.SH,20230616,5.99,0.2685,0.8741,0.9,5.1379,5.6953,0.6996,0.3657,0.3557,7.6795,9.6828,158779.9851,158779.9851,48778.1263,951092.1107,951092.1107,0
3779,603176.SH,20230616,6.44,1.3491,1.3491,1.39,40.6687,34.3054,3.0659,1.129,1.0344,0.4658,0.854,46666.0,14999.3334,14999.3334,300529.04,96595.7071,0
3780,600216.SH,20230616,11.35,0.5899,0.9418,0.83,20.3017,27.9032,1.1651,1.3497,1.3797,2.9075,2.9075,96512.8,96163.3475,60231.3541,1095420.28,1091453.9941,0
3781,600419.SH,20230616,17.85,1.7348,2.6094,0.99,29.077,26.4354,2.4178,2.3717,2.2879,0.7899,0.7899,32019.0246,30414.5474,20220.1412,571539.5891,542899.6711,0
3782,603758.SH,20230616,10.58,0.8659,2.5196,0.74,25.6172,23.0799,2.0163,3.677,3.713,4.4642,9.0839,43879.7049,43879.7049,15079.888,464247.2778,464247.2778,0
3783,300403.SZ,20230616,8.72,16.7958,20.6519,1.98,25.7514,25.4688,2.9005,4.9719,4.9762,0.9174,1.4908,60300.0,39216.6509,31894.2399,525816.0,341969.1958,0
3784,301105.SZ,20230616,36.08,1.2632,1.2632,0.88,45.8247,82.7477,1.9651,7.8383,8.9261,,,5000.0,1250.0,1250.0,180400.0,45100.0,0
3785,000885.SZ,20230616,13.28,0.8375,2.4769,0.84,8.0731,7.4891,1.2471,1.3416,1.2757,1.1295,1.1295,64207.8255,64207.8255,21709.9109,852679.9226,852679.9226,0
3786,605098.SH,20230616,39.06,2.6501,3.103,0.93,41.6039,38.2002,5.4339,10.2283,9.9675,2.743,5.1203,11807.86,4395.5898,3754.0703,461215.0116,171691.7376,0
3787,301095.SZ,20230616,90.28,3.1478,3.1478,0.6,147.5466,129.9049,5.7987,50.7762,49.6378,0.0,0.4431,20000.0,4206.2073,4206.2073,1805600.0,379736.395,0
3788,002400.SZ,20230616,5.31,3.3137,4.1116,0.79,43.4885,43.437,1.9385,0.6341,0.6314,0.3013,0.7533,174333.7128,168718.9081,135975.2846,925712.015,895897.402,0
3789,600984.SH,20230616,4.52,0.797,1.3534,0.94,,,0.9672,1.4615,1.5067,0.8509,0.8509,125704.3925,125704.3925,74026.8182,568183.8541,568183.8541,0
3790,603605.SH,20230616,113.03,0.3914,0.7804,0.46,54.8872,51.7465,12.9529,7.0261,6.6441,0.3853,0.5498,39692.8485,39398.8485,19762.419,4486482.666,4453251.846,0
3791,600986.SH,20230616,7.31,4.5462,5.21,1.05,119.6305,115.3781,2.3721,0.656,0.7187,0.0,,132242.5609,132242.5609,115393.2424,966693.1202,966693.1202,0
3792,600848.SH,20230616,12.65,0.151,0.4008,0.68,31.6289,33.1736,1.8476,5.3188,6.2349,2.3715,2.3715,252248.7004,239391.2273,90210.3939,3190946.0601,3028299.0253,0
3793,603456.SH,20230616,30.2,1.086,2.024,0.86,29.499,27.3356,3.3701,4.9891,4.6656,0.7678,0.7678,89954.5728,83192.643,44637.3758,2716628.0986,2512417.8186,0
3794,000988.SZ,20230616,41.13,12.8397,16.0328,1.13,45.6429,41.8497,4.9559,3.4432,3.4995,0.1945,0.2431,100550.2707,100498.5657,80483.2137,4135632.6339,4133506.0072,0
3795,603025.SH,20230616,14.89,0.2979,1.7328,0.74,31.6252,32.1208,6.5199,8.6149,8.4619,2.6864,,92433.3311,92311.2011,15868.507,1376332.3001,1374513.7844,0
3796,600023.SH,20230616,4.74,0.4016,1.4976,0.78,,,1.0123,0.7925,0.7992,0.0,,1340873.2749,1340873.2749,359556.5748,6355739.323,6355739.323,0
3797,002683.SZ,20230616,29.03,1.2243,1.8661,1.72,38.7514,38.0608,3.7716,2.137,2.0983,1.0337,1.0334,74856.3082,65907.5107,43241.9635,2173078.627,1913295.0356,0
3798,600212.SH,20230616,10.01,1.9619,2.2964,0.9,,,37.4842,17.8842,15.0226,0.0,,51169.7213,51169.7213,43716.1328,512208.9102,512208.9102,0
3799,000720.SZ,20230616,4.94,0.4228,0.8244,1.07,,,2.4501,1.5582,1.6212,0.0,,125653.1571,125653.1571,64445.985,620726.5961,620726.5961,0
3800,000969.SZ,20230616,9.28,2.3164,3.6191,3.53,46.1293,48.2902,1.9462,1.3148,1.3016,0.0,1.2931,104930.8097,102572.8146,65651.6517,973757.914,951875.7195,0
3801,603585.SH,20230616,15.06,0.3582,1.1939,1.09,8.5973,11.3302,1.096,0.8605,0.9324,2.656,,18000.1968,18000.1968,5400.1968,271082.9638,271082.9638,0
3802,600728.SH,20230616,7.66,6.015,7.4665,1.54,,15.7086,1.9017,3.0924,3.0627,0.1964,,215433.1565,173732.7417,139957.3713,1650217.9788,1330792.8014,0
3803,688566.SH,20230616,34.2,0.4336,1.606,0.95,41.3363,38.9618,3.6917,9.7649,9.3848,,,18694.16,18694.16,5046.54,639340.272,639340.272,0
3804,600741.SH,20230616,18.15,0.2142,0.514,0.66,7.944,8.2574,1.045,0.3616,0.3628,4.6832,4.6832,315272.3984,315272.3984,131406.0855,5722194.031,5722194.031,0
3805,001317.SZ,20230616,37.95,7.221,7.221,0.53,192.3945,193.7836,3.814,3.7747,3.7717,1.054,0.2635,8004.0,2964.0,2964.0,303751.8,112483.8,0
3806,605305.SH,20230616,34.68,2.2262,2.2262,0.94,33.9357,41.7182,2.4722,6.5855,6.614,1.3206,0.8939,15180.0,10626.0,10626.0,526442.4,368509.68,0
3807,300558.SZ,20230616,48.4,1.0896,1.8668,0.88,138.9449,178.5905,4.1536,8.5017,8.6959,0.514,0.1446,41746.7045,41578.1347,24267.1723,2020540.4978,2012381.7195,0
3808,000707.SZ,20230616,8.48,2.7364,3.6541,1.8,4.5083,4.3457,2.3257,0.9019,0.8823,0.0,,46414.5765,46414.5765,34758.2555,393595.6087,393595.6087,0
3809,603138.SH,20230616,21.83,3.9441,7.534,1.07,,,7.1939,20.4032,22.0648,0.1191,0.1191,28314.299,28125.324,14723.8173,618101.1472,613975.8229,0
3810,600732.SH,20230616,29.41,3.8902,5.7753,1.54,23.0739,19.1681,5.9147,1.5316,1.5352,0.0,1.3309,182660.9052,159710.0791,107581.4049,5372057.2219,4697073.4263,0
3811,002599.SZ,20230616,9.9,16.2783,19.3963,0.71,1100.7219,1010.0899,3.7249,2.3772,2.2919,0.0,,53758.6717,39483.9991,33136.9223,532210.8498,390891.5911,0
3812,600705.SH,20230616,3.98,1.7711,3.428,2.27,20.902,19.1272,0.9428,3.1232,3.1175,3.8216,3.8216,882489.4266,880442.4833,454894.8365,3512307.9179,3504161.0835,0
3813,920006.BJ,20230616,11.91,4.6777,4.6777,0.78,22.1361,22.1361,2.9367,7.4837,7.4837,,,8728.72,2481.6,2481.6,103959.0552,29555.856,0
3814,002423.SZ,20230616,8.29,1.4558,4.7636,1.76,31.9957,14.5272,1.0151,4.2196,4.7103,2.1592,2.1592,230410.5575,230410.5575,70416.3942,1910103.5217,1910103.5217,0
3815,600855.SH,20230616,13.08,2.685,5.1652,3.25,1141.3322,2254.0583,3.0689,3.4694,3.5142,0.5692,0.5692,47797.7475,43905.3354,22822.5966,625194.5373,574281.787,0
3816,600379.SH,20230616,10.07,1.9699,3.3476,1.13,57.796,55.3257,5.0432,2.7065,2.5205,0.6157,,33020.1564,33020.1564,19430.7154,332512.9749,332512.9749,0
3817,301175.SZ,20230616,6.29,3.7627,3.7627,0.97,43.6416,41.3453,2.8993,5.798,5.7788,0.0,0.8744,147188.0,34121.2032,34121.2032,925812.52,214622.3681,0
3818,920985.BJ,20230616,6.64,0.7693,0.8697,1.75,17.3558,20.9988,1.7228,0.3217,0.339,,,30947.62,13446.9079,11894.5513,205492.1968,89287.4685,0
3819,600838.SH,20230616,6.81,1.6878,2.4796,0.42,52.1993,50.5167,1.8609,39.829,38.2719,1.1307,1.1307,40088.1981,40088.1981,27287.708,273000.6291,273000.6291,0
3820,300300.SZ,20230616,4.59,1.9086,2.6743,1.71,,,8.7767,18.8065,20.232,0.0,,67139.691,67129.171,47907.5852,308171.1817,308122.8949,0
3821,002305.SZ,20230616,2.31,2.6077,4.3822,1.19,,,2.0714,0.408,0.4198,0.0,,173421.577,173408.7376,103188.5079,400603.8429,400574.1839,0
3822,300769.SZ,20230616,102.8,2.0041,2.4816,1.02,12.0604,31.855,3.5895,1.2726,1.1897,0.312,0.608,27924.2297,24902.0854,20110.75,2870610.8132,2559934.3791,0
3823,688768.SH,20230616,118.21,1.6186,1.6186,0.88,56.1763,59.359,8.6534,11.9181,11.5481,,,5515.2735,3283.8517,3283.8517,651960.4804,388184.1095,0
3824,688349.SH,20230616,33.18,1.0246,1.0246,0.91,23.9523,25.737,3.5223,3.2023,3.3334,,,118948.4215,13857.6102,13857.6102,3946708.6254,459795.5064,0
3825,920564.BJ,20230616,6.01,0.0735,0.0735,0.35,10.2108,14.7952,1.4684,1.9883,2.2564,,,7390.5018,1954.2774,1954.2774,44416.9158,11745.2072,0
3826,002833.SZ,20230616,19.72,8.4034,10.5994,3.6,18.3976,17.7392,3.5658,3.9323,3.8499,1.8835,3.9119,42423.0053,25536.9172,20246.135,836581.6645,503588.0072,1
3827,600320.SH,20230616,3.67,0.6178,1.1382,0.99,51.9842,39.7687,1.3078,0.6404,0.615,1.3624,1.3624,526835.3501,332199.7661,180323.2242,1933485.7349,1219173.1416,0
3828,688552.SH,20230616,25.78,7.407,7.407,1.01,55.4449,52.2311,3.3478,9.123,8.762,,,33724.8,7654.4959,7654.4959,869425.344,197332.9043,0
3829,603116.SH,20230616,6.01,1.0864,2.4882,0.92,,,1.0828,1.5382,1.4956,4.1597,4.1597,57620.08,57620.08,25158.6792,346296.6808,346296.6808,0
3830,000060.SZ,20230616,4.89,0.4633,0.7208,1.03,15.0761,15.2321,1.2694,0.3303,0.3183,1.9372,,373754.4918,373726.3668,240220.297,1827659.4649,1827521.9337,0
3831,688120.SH,20230616,347.6,4.3618,6.1433,1.41,73.918,61.3629,7.4377,22.487,19.3451,,,10666.67,7586.772,5386.6887,3707734.492,2637161.9472,0
3832,300873.SZ,20230616,21.28,1.075,1.075,1.0,13.6999,15.0266,1.8183,2.7257,2.597,1.2227,,23060.1779,10749.3654,10749.3654,490720.5857,228746.4957,0
3833,300641.SZ,20230616,5.13,0.4365,1.068,1.25,44.9838,69.891,1.6673,1.3052,1.3648,0.9747,,48960.4568,48960.4568,20008.9428,251167.1434,251167.1434,0
3834,300232.SZ,20230616,9.73,4.1435,4.7063,1.12,167.3098,81.5299,2.2371,1.5045,1.4875,0.2562,0.1535,109408.9477,87553.5313,77083.9516,1064549.0611,851895.8595,0
3835,002367.SZ,20230616,8.45,1.396,1.7528,2.09,24.5902,20.765,2.1662,1.3188,1.3265,3.5011,2.9138,79821.4387,52532.2614,41839.4787,674491.157,443897.6088,0
3836,300913.SZ,20230616,58.22,44.475,44.475,1.04,82.0045,85.4664,10.7741,6.6396,6.858,0.1489,,18375.0,4593.75,4593.75,1069792.5,267448.125,0
3837,603858.SH,20230616,20.78,0.6164,1.3318,0.87,,,1.7934,1.5372,1.5056,1.7324,1.7324,110604.2645,110604.2645,51193.463,2298356.6163,2298356.6163,0
3838,605158.SH,20230616,7.59,2.1081,2.2362,0.93,19.1894,15.9222,1.7843,0.4785,0.4991,1.3175,2.8986,51142.0,14431.3,13604.5,388167.78,109533.567,0
3839,688193.SH,20230616,42.61,0.3122,0.544,0.78,73.0518,12870.769,1.7927,5.6094,6.8358,,,4000.0,2975.757,1707.7454,170440.0,126797.0058,0
3840,300612.SZ,20230616,26.77,22.2065,29.3099,1.21,79.6128,92.5907,12.5302,3.8431,3.7169,0.0,,15903.9975,15903.9975,12049.57,425750.0131,425750.0131,0
3841,300235.SZ,20230616,14.4,8.9322,11.6065,0.57,155.3753,164.5468,5.2706,33.6317,36.3914,0.0926,0.1852,25174.6635,20313.1255,15632.7176,362515.1544,292509.0072,0
3842,600360.SH,20230616,7.0,1.1913,1.5335,1.2,116.4018,180.3193,2.0694,3.4417,3.7152,0.5286,,96029.5304,96029.5304,74596.8648,672206.7128,672206.7128,0
3843,300161.SZ,20230616,48.9,6.7041,8.6552,0.98,578.3503,478.7258,6.0439,5.8412,5.4772,0.0409,,19869.6906,16860.4695,13059.6345,971627.8703,824476.9586,0
3844,001282.SZ,20230616,31.26,48.3229,48.3229,3.04,37.3643,36.6095,2.6547,3.3756,3.4262,,,11336.0,2780.8564,2780.8564,354363.36,86929.5711,1
3845,300779.SZ,20230616,55.72,2.6796,3.1857,0.69,2428.4678,136.2121,7.1829,16.5375,10.8632,0.0832,0.0832,10780.5952,9501.0765,7991.7202,600694.7645,529399.9826,0
3846,300434.SZ,20230616,14.13,2.421,4.2069,0.78,25.946,19.1991,2.348,4.5683,4.213,0.0,,40174.3872,33192.1821,19101.8354,567664.0911,469005.5331,0
3847,000695.SZ,20230616,13.3,0.4794,0.6396,0.89,,,16.6268,7.1175,7.7801,0.0,,22214.7539,22172.1339,16618.4454,295456.2269,294889.3809,0
3848,000905.SZ,20230616,7.8,1.9212,4.0158,1.3,23.5011,22.5011,1.2126,0.2631,0.2646,0.5943,0.7692,74180.9597,74180.8097,35490.0575,578611.4857,578610.3157,0
3849,301332.SZ,20230616,14.27,12.3524,12.3524,0.94,34.5708,34.0088,2.4377,1.9919,1.9689,,,46156.25,8453.4543,8453.4543,658649.6875,120630.7929,0
3850,301278.SZ,20230616,64.33,18.7412,18.7412,1.85,45.2056,39.3397,5.1964,4.8673,4.632,0.0,0.2392,8320.0,2080.0,2080.0,535225.6,133806.4,0
3851,920725.BJ,20230616,15.76,0.4478,0.4478,0.68,19.789,18.7893,2.4036,3.3716,3.1219,,,9230.0,2640.4,2640.4,145464.8,41612.704,0
3852,000573.SZ,20230616,3.5,1.5018,1.8801,0.89,53.7635,39.7076,1.343,2.3581,2.4484,2.8571,,63828.0604,63293.0025,50557.0318,223398.2114,221525.5088,0
3853,300521.SZ,20230616,12.39,0.6832,0.9182,0.42,,,3.5809,13.5469,13.6643,0.0,,14400.0,14399.9055,10714.5575,178416.0,178414.8291,0
3854,600639.SH,20230616,12.76,0.6353,1.8239,0.77,9.0441,6.9896,1.0005,2.8341,2.1121,3.9185,3.9185,112241.2893,85023.6703,29615.5246,1432198.8515,1084902.033,0
3855,301149.SZ,20230616,10.6,0.9648,1.026,1.01,35.8939,34.1887,2.788,1.4388,1.4674,0.9434,0.9434,43000.0018,18516.1419,17412.7954,455800.0191,196271.1041,0
3856,600835.SH,20230616,15.24,1.3681,3.4981,2.05,15.8808,14.8898,1.1821,0.6613,0.6454,1.9029,1.9029,102273.9308,80650.43,31543.0714,1558654.7054,1229112.5532,0
3857,000973.SZ,20230616,4.44,0.5921,0.8083,1.07,31.4895,34.1663,1.6374,1.63,1.6068,0.8559,1.8243,96742.3171,96739.9968,70863.9456,429535.8879,429525.5858,0
3858,000501.SZ,20230616,10.12,0.6898,1.2104,0.99,25.5401,29.8463,0.7128,1.228,1.1939,1.581,0.4941,76899.2731,76807.3142,43772.9079,778220.6438,777290.0197,0
3859,000822.SZ,20230616,6.81,0.6928,1.1611,0.92,5.5013,5.2357,1.4149,0.6276,0.5996,0.7342,1.4684,89509.1926,89509.1926,53404.3048,609557.6016,609557.6016,0
3860,688588.SH,20230616,17.51,2.4686,6.4492,0.89,49.6082,48.178,5.4411,10.7014,10.5872,,,40001.0003,40001.0003,15311.3377,700417.5153,700417.5153,0
3861,300812.SZ,20230616,22.49,9.8905,14.5526,2.45,70.9978,118.7663,3.6501,4.7983,4.8323,0.4437,0.4437,13982.1029,7866.2389,5346.2389,314457.4942,176911.7129,0
3862,301205.SZ,20230616,223.35,27.1515,27.1515,0.98,142.1477,140.882,11.2108,19.5209,19.4756,,,7208.0,1802.0,1802.0,1609906.8,402476.7,0
3863,002433.SZ,20230616,1.89,2.4073,3.074,0.68,,,0.4077,1.9993,2.1536,0.0,,76677.32,74438.5625,58293.3993,144920.1348,140688.8831,0
3864,600386.SH,20230616,4.45,1.9501,4.3336,0.8,41.4668,49.6845,1.9608,1.0101,0.9693,1.7978,1.7978,80640.0,80640.0,36288.0,358848.0,358848.0,0
3865,605116.SH,20230616,25.15,0.6901,0.6901,0.93,48.4402,47.3129,6.1243,10.134,9.3605,0.5103,0.6362,40619.5,7733.12,7733.12,1021580.425,194487.968,0
3866,002651.SZ,20230616,7.44,1.3369,2.558,1.54,35.0,33.541,2.8705,7.5387,7.4761,0.4032,0.4032,103346.0,56227.1641,29385.305,768894.24,418330.1009,0
3867,300971.SZ,20230616,25.09,3.1098,3.4715,1.18,34.0402,32.8435,2.2827,5.0834,4.8363,1.5943,0.9964,8400.0,5538.0,4960.93,210756.0,138948.42,0
3868,300808.SZ,20230616,13.57,1.3849,2.012,1.08,,,2.1543,4.2933,4.4736,0.0,1.8423,16000.0,8456.2,5820.6195,217120.0,114750.634,0
3869,603809.SH,20230616,10.15,1.0796,1.802,0.54,18.9056,23.1347,2.001,2.7156,2.773,1.5157,1.7734,39375.3724,38978.1574,23351.4296,399660.0299,395628.2976,0
3870,603010.SH,20230616,10.8,0.3727,0.5318,1.13,17.4319,21.6333,1.6116,1.7865,1.881,3.8889,1.8519,58957.8593,48527.2654,34006.5017,636744.8804,524094.4663,0
3871,600107.SH,20230616,5.34,0.6044,0.7592,1.01,,,3.0782,4.4539,4.7335,0.0,,36000.0,36000.0,28661.1262,192240.0,192240.0,0
3872,603279.SH,20230616,29.2,0.4585,0.8419,1.03,20.1928,18.8187,4.5913,2.9635,2.804,1.9569,3.4247,57668.24,56874.0157,30971.9319,1683912.608,1660721.2584,0
3873,002737.SZ,20230616,24.21,1.0182,2.3201,0.9,16.304,13.4124,3.5045,2.7753,2.4973,2.8768,4.1305,58400.0,58400.0,25629.793,1413864.0,1413864.0,0
3874,002010.SZ,20230616,5.52,0.3885,0.9017,1.21,20.7703,20.12,0.8828,0.4193,0.4203,1.7961,1.7961,280264.9508,269980.1658,116325.5923,1547062.5284,1490290.5152,0
3875,601611.SH,20230616,8.5,0.6055,2.2715,1.46,14.6278,13.9502,1.4509,0.2589,0.2521,0.743,0.743,301947.1646,263263.9363,70176.9363,2566550.8991,2237743.4586,0
3876,600693.SH,20230616,3.96,0.6401,1.7325,1.08,158.1377,145.7468,0.9757,2.0609,2.0495,0.0,,86984.6246,86886.4692,32100.5093,344459.1134,344070.418,0
3877,002940.SZ,20230616,18.68,1.2216,2.0866,0.79,29.6025,27.8554,2.4928,2.4026,2.2773,0.7475,1.855,20172.8186,18527.5468,10846.5886,376828.2514,346094.5742,0
3878,000039.SZ,20230616,6.88,0.2825,0.366,1.05,11.5247,22.1743,0.7925,0.2621,0.2797,6.686,6.686,539252.0385,230140.7142,177640.7142,3710054.0249,1583368.1137,0
3879,002508.SZ,20230616,26.13,1.0134,2.1333,0.81,15.7707,15.5626,2.5694,2.4143,2.393,1.9036,1.9036,94902.405,93697.0781,44509.9908,2479799.8427,2448304.6508,0
3880,603020.SH,20230616,9.23,0.3433,0.5202,0.73,32.1504,34.581,1.1377,1.1046,1.1259,1.6251,,38323.7774,38323.7774,25290.3508,353728.4654,353728.4654,0
3881,300515.SZ,20230616,15.28,1.0258,1.9596,1.31,34.1103,33.748,4.5709,7.9887,7.9083,1.08,1.1453,20580.05,18042.9725,9445.1322,314463.164,275696.6198,0
3882,688562.SH,20230616,32.01,13.6879,13.6879,0.73,213.9831,206.6549,7.2628,6.7585,6.8062,,,40000.0,6579.5718,6579.5718,1280400.0,210612.0933,0
3883,301338.SZ,20230616,38.51,7.2002,7.2002,0.83,32.2389,34.5614,2.9892,5.2576,5.6423,0.0,0.9274,10640.0,2461.4376,2461.4376,409746.4,94789.962,0
3884,000911.SZ,20230616,10.22,2.5371,4.3895,0.41,,,82.3945,1.4418,1.2782,0.0,,40031.9818,32408.0937,18731.2137,409126.854,331210.7176,0
3885,601555.SH,20230616,7.47,1.4793,2.0484,1.36,21.5567,16.9669,0.9558,3.5673,3.2807,2.2316,2.2316,500750.2651,500750.2651,361620.503,3740604.4803,3740604.4803,0
3886,002980.SZ,20230616,33.05,0.5376,1.8699,0.94,45.8714,47.9832,4.6475,7.5515,7.521,3.2545,1.4826,13635.49,13333.34,3833.34,450652.9445,440666.887,0
3887,600425.SH,20230616,5.16,1.6495,2.3315,0.78,19.929,19.7123,1.3941,2.2134,2.1507,2.6642,2.6642,160470.3707,137879.0086,97545.4088,828027.1128,711455.6844,0
3888,002606.SZ,20230616,9.19,2.8915,4.0951,2.1,22.3439,28.15,2.6216,3.3482,3.6956,0.3917,,43939.122,42014.6055,29665.7746,403800.5312,386114.2245,0
3889,002543.SZ,20230616,7.91,0.5639,1.839,0.68,10.6937,11.4333,1.4197,0.8875,0.9786,4.1719,5.0569,74360.0,62060.1125,19029.4048,588187.6,490895.4899,0
3890,002642.SZ,20230616,7.33,4.9201,5.7058,0.93,399.175,435.0846,3.2204,1.3025,1.3736,0.0,,66438.0313,60483.59,52155.3998,486990.7694,443344.7147,0
3891,688123.SH,20230616,58.13,1.9162,3.8636,0.94,25.9126,28.8276,4.9567,9.3501,9.9328,,,15770.1462,15770.1462,7821.4667,916718.5986,916718.5986,0
3892,688777.SH,20230616,92.31,1.0426,1.1763,0.56,62.7043,60.2496,5.3977,7.5535,7.0588,,,54201.7018,36881.9157,32690.3157,5003359.0932,3404569.6383,0
3893,301339.SZ,20230616,24.28,6.8435,6.8435,1.33,65.4853,61.3245,3.9528,16.549,16.0332,,,40700.0,6000.0,6000.0,988196.0,145680.0,0
3894,603808.SH,20230616,12.61,0.4224,0.9398,0.78,227.5723,225.5586,1.6413,1.9435,1.9135,1.9826,1.9826,36909.2878,36909.2878,16588.2378,465426.1192,465426.1192,0
3895,688280.SH,20230616,8.43,0.5359,0.8645,0.41,,,3.3975,4.8747,5.2945,,,59022.1667,45523.3396,28217.8628,497556.8653,383761.7528,0
3896,600048.SH,20230616,13.55,0.4882,0.8204,0.97,8.8407,8.75,0.8788,0.5772,0.5643,4.2804,7.6014,1197044.3418,1197044.3418,712348.11,16219950.8314,16219950.8314,0
3897,000881.SZ,20230616,8.16,0.5881,0.9562,0.8,38.8157,57.1813,1.2319,1.1108,1.243,0.4289,0.9191,94542.5815,77599.4673,47731.0859,771467.465,633211.6532,0
3898,300335.SZ,20230616,5.24,2.9458,3.2135,0.81,36.0124,31.3905,1.3697,2.233,2.1761,0.0,2.2426,48711.2388,39795.4402,36479.7012,255246.8913,208528.1066,0
3899,300811.SZ,20230616,58.25,2.9721,4.8028,3.74,59.9779,51.1478,6.8649,10.8658,10.0358,0.1801,0.3708,19878.9105,15621.5468,9666.8492,1157946.5366,909955.1011,0
3900,601020.SH,20230616,9.11,2.6345,3.6315,2.66,47.9125,42.4287,2.5308,12.7113,11.4062,0.0,,78726.7053,78726.7053,57112.9048,717200.2853,717200.2853,0
3901,603578.SH,20230616,14.41,1.6448,3.7909,1.15,24.9337,23.4777,2.6786,3.4068,3.2474,1.1648,1.2167,18035.7032,18035.7032,7825.5032,259894.4831,259894.4831,0
3902,000838.SZ,20230616,3.81,1.2155,1.9842,0.89,,,4.3574,0.9993,0.8759,0.0,,110046.217,105376.5855,64554.1376,419276.0868,401484.7908,0
3903,603052.SH,20230616,29.39,2.0264,2.0264,0.66,17.8627,19.5342,2.6419,3.127,3.499,,1.2152,9632.0,2408.0,2408.0,283084.48,70771.12,0
3904,300748.SZ,20230616,26.87,0.6442,1.1339,0.72,32.0864,31.4431,3.2295,3.1467,3.0856,0.9269,,83910.1798,70671.7405,40149.2549,2254666.5312,1898949.6672,0
3905,002126.SZ,20230616,16.0,3.1301,3.3356,0.79,33.068,28.8062,2.6896,1.4947,1.4114,0.5,0.5,79214.9523,74498.0883,69907.6928,1267439.2368,1191969.4128,0
3906,920735.BJ,20230616,23.26,0.1113,0.2324,0.87,15.0978,13.8257,2.197,2.867,2.7084,,,7827.564,5387.5133,2579.8668,182069.1386,125313.5594,0
3907,600366.SH,20230616,8.07,1.0151,1.4906,1.16,25.2377,29.8472,1.457,1.4006,1.3523,1.0891,,111236.8051,105596.9036,71913.8715,897681.0172,852167.0121,0
3908,600350.SH,20230616,6.25,0.5754,4.3948,2.1,10.5665,10.2334,1.0653,1.632,1.5592,6.3787,6.4,482721.2433,482721.2433,63197.2067,3017007.7706,3017007.7706,0
3909,300789.SZ,20230616,20.3,6.9564,14.4448,1.5,24.337,23.926,2.5161,5.1206,4.9439,0.8984,2.13,10936.9397,7495.6811,3609.7801,222019.8759,152162.3263,0
3910,301192.SZ,20230616,23.96,34.4529,34.4529,0.66,46.1679,48.8284,4.2682,16.675,17.7562,2.0868,0.8347,9990.0,2497.5,2497.5,239360.4,59840.1,0
3911,003001.SZ,20230616,16.25,3.5363,3.5538,1.31,,,1.7477,2.3151,2.4336,1.2062,,12775.0726,4913.1727,4888.9626,207594.9298,79839.0564,0
3912,603730.SH,20230616,15.41,0.717,3.6194,0.84,34.3824,33.7569,4.9871,3.8073,3.6322,1.8488,2.4034,127134.9212,127134.9212,25184.8996,1959149.1357,1959149.1357,0
3913,688707.SH,20230616,29.95,0.8173,0.9058,0.95,10.4274,13.2604,3.4461,0.9519,0.9928,,,44293.481,27873.865,25148.0097,1326589.756,834822.2568,0
3914,300752.SZ,20230616,16.94,1.6892,2.6374,1.29,,,3.6729,3.0793,3.5289,0.0,,22759.945,13292.7931,8513.9193,385553.4683,225179.9151,0
3915,920873.BJ,20230616,3.04,0.1665,0.1789,0.52,,,1.1141,2.7971,2.874,,,15338.7002,10603.7675,9867.475,46629.6486,32235.4532,0
3916,300445.SZ,20230616,14.94,2.134,3.1673,1.17,42.0585,39.8213,3.1924,7.6661,7.1024,0.4016,0.4685,21243.0013,13820.8783,9311.7718,317370.4394,206483.9218,0
3917,000025.SZ,20230616,18.0,3.4634,8.6284,0.68,92.9271,103.5053,5.0683,9.2628,7.4791,0.1389,0.1389,43105.832,39277.832,15765.9197,775904.976,707000.976,0
3918,300017.SZ,20230616,8.25,5.1171,5.9316,0.66,105.4982,85.965,2.2298,3.9548,4.0048,0.3639,0.6018,243723.0675,226985.4539,195816.4858,2010715.3069,1872629.9947,0
3919,300867.SZ,20230616,17.3,0.8201,0.8231,0.8,26.0892,31.6389,1.3808,2.684,2.8634,1.0116,1.0116,27174.1053,15323.496,15268.1624,470112.0217,265096.4808,0
3920,300803.SZ,20230616,52.36,1.3468,2.2897,0.96,62.973,165.1601,12.0518,17.325,23.0423,0.0,,40699.4799,40221.806,23659.1524,2131024.7676,2106013.7622,0
3921,002077.SZ,20230616,15.53,3.3641,6.6234,0.91,184.264,84.7339,2.77,15.832,16.0683,0.0,,58034.8513,58034.8513,29476.9403,901281.2407,901281.2407,0
3922,300256.SZ,20230616,3.17,2.2278,3.1161,2.12,49.6329,67.0014,3.6919,11.4922,10.8893,0.0,,226839.3386,149330.4044,106760.6076,719080.7034,473377.3819,0
3923,002187.SZ,20230616,6.73,0.9865,2.17,1.24,,,1.1826,0.9686,0.9573,6.0921,6.0921,70403.8932,51711.0966,23508.2766,473818.2012,348015.6801,0
3924,002895.SZ,20230616,20.18,0.8512,1.9625,1.04,13.3637,12.471,2.5213,2.9374,2.639,0.9782,3.4688,50182.1258,49621.8758,21523.1068,1012675.2986,1001369.4536,0
3925,603129.SH,20230616,155.21,0.5778,0.9701,1.31,33.295,28.9622,5.398,2.0524,1.9467,0.5325,0.9084,15045.4163,15045.4163,8962.2795,2335199.0639,2335199.0639,0
3926,300469.SZ,20230616,24.91,2.1444,2.9252,0.77,,,8.3126,23.4651,22.4516,0.0,,24823.8824,19234.5532,14099.9243,618362.9106,479132.7202,0
3927,300532.SZ,20230616,19.59,7.7068,9.804,1.54,23.5612,19.8883,4.2383,2.5188,2.3249,0.5999,1.5156,31023.1301,18730.872,14724.1624,607743.1187,366937.7825,0
3928,002154.SZ,20230616,5.64,1.4867,1.7942,0.83,17.9405,16.1829,2.1111,1.9084,1.8513,8.3333,7.0922,145933.3729,108266.0964,89709.6422,823064.2232,610620.7837,0
3929,600198.SH,20230616,7.06,1.4704,2.228,1.47,247.5622,691.1847,21.8001,8.6282,9.1568,0.0,,131370.8906,88045.4735,58108.3712,927478.4876,621601.0429,0
3930,600556.SH,20230616,8.57,3.3674,6.1962,0.65,86.1061,146.4729,4.0933,3.7522,3.9478,0.2334,0.2334,180774.7642,180774.7642,98242.7949,1549239.7292,1549239.7292,0
3931,603995.SH,20230616,24.33,1.339,1.339,1.2,19.1216,20.6945,1.8102,0.2352,0.2399,2.0043,,38244.8858,16357.9069,16357.9069,930498.0715,397987.8749,0
3932,300475.SZ,20230616,27.8,4.6579,6.9575,1.88,40.5433,36.9512,5.396,0.9236,1.0988,0.3533,0.3533,45756.5767,44181.5767,29578.7684,1272032.8323,1228247.8323,0
3933,300253.SZ,20230616,10.85,3.1241,3.3678,1.41,214.8995,1773.664,4.6648,7.5344,7.5255,0.1831,0.2747,214773.6948,184904.7812,171524.697,2330294.5886,2006216.876,0
3934,000985.SZ,20230616,15.81,2.7088,7.4213,5.35,133.0139,434.4551,3.3864,0.7856,0.7818,0.291,0.291,12963.95,12963.95,4731.89,204960.0495,204960.0495,0
3935,002137.SZ,20230616,7.29,3.2085,3.7948,0.87,29.1968,29.2103,2.7723,6.5959,7.3211,0.0,,57750.4854,39056.4142,33021.6159,421001.0386,284721.2595,0
3936,603183.SH,20230616,4.82,2.3808,3.1277,1.55,23.3862,20.3369,1.6423,2.9959,2.909,1.1514,0.861,50085.6151,49154.3841,37415.3781,241412.6648,236924.1314,0
3937,000498.SZ,20230616,6.92,1.1869,2.96,1.56,4.3128,4.3111,0.8316,0.1661,0.1661,1.8053,1.8053,156098.7803,145789.307,58457.8036,1080203.5597,1008862.0044,0
3938,603115.SH,20230616,14.96,0.5378,1.546,1.04,15.7146,20.2628,1.7535,2.0272,2.0702,5.0134,5.0134,23920.0,23920.0,8320.0,357843.2,357843.2,0
3939,000555.SZ,20230616,12.78,1.2006,2.1758,0.82,60.8734,67.3025,2.0748,1.0477,1.0444,0.3089,0.246,98365.3713,98006.6563,54081.8173,1257109.4452,1252525.0675,0
3940,603986.SH,20230616,111.88,2.1217,2.3745,0.71,36.3578,49.2019,4.8579,9.1792,10.3054,0.9481,,66702.5148,66411.6539,59340.4126,7462677.3558,7430135.8383,0
3941,301058.SZ,20230616,14.1,4.9029,6.6379,2.78,42.8133,41.5405,4.0196,2.6771,2.6368,1.0638,1.4184,51227.4245,20341.36,15024.58,722306.6855,286813.176,0
3942,600587.SH,20230616,34.59,1.6241,2.44,1.82,32.131,28.2567,2.372,1.7399,1.6809,0.3827,0.4337,46687.4989,40346.6668,26855.4955,1614920.587,1395591.2046,0
3943,688058.SH,20230616,60.35,1.7307,3.4582,1.24,,,4.0072,13.6456,14.2158,,,5600.0,5600.0,2802.4928,337960.0,337960.0,0
3944,300733.SZ,20230616,24.1,1.0269,1.5482,0.9,123.8986,227.0311,2.6719,4.1393,3.8528,0.0,,19017.4615,12284.0305,8147.9247,458320.8222,296045.1351,0
3945,002507.SZ,20230616,18.85,1.1222,1.7442,1.84,24.2007,22.9941,2.8325,8.5356,8.3022,1.4283,1.5507,115391.9028,114096.8943,73407.1023,2175137.3678,2150726.4576,0
3946,002333.SZ,20230616,6.05,1.3067,3.1899,1.24,,,2.2055,2.9597,2.7608,0.0,,67492.48,42751.81,17512.61,408329.504,258648.4505,0
3947,000534.SZ,20230616,16.11,0.5805,0.8228,0.73,80.62,64.2834,6.1003,10.3302,8.7338,0.3052,0.3052,50903.7396,49448.9221,34888.1085,820059.245,796622.135,0
3948,003042.SZ,20230616,20.95,5.4834,5.7726,0.99,40.8127,45.0732,1.7587,1.5439,1.4783,0.7343,0.7343,14248.0,6811.1745,6469.9245,298495.6,142694.1058,0
3949,002475.SZ,20230616,29.64,1.6663,2.7034,1.76,23.0708,22.5428,4.5995,0.9877,0.9507,0.3686,0.8071,713225.1351,712036.3056,438882.542,21139993.0044,21104756.098,0
3950,600361.SH,20230616,5.05,1.4118,1.4118,1.98,18.5662,15.1563,2.5423,0.2917,0.242,0.0,1.1881,400359.8603,46806.2967,46806.2967,2021817.2945,236371.7983,0
3951,603100.SH,20230616,35.75,0.8892,1.9812,0.6,24.3878,23.1442,4.259,2.2168,2.1433,1.6783,1.6781,39500.0,39109.5,17554.0011,1412125.0,1398164.625,0
3952,300865.SZ,20230616,20.88,2.5197,2.6845,1.58,98.2155,143.0331,2.2141,4.0175,4.3356,0.4693,0.7807,9568.0,2734.6915,2566.8247,199779.84,57100.3585,0
3953,300096.SZ,20230616,6.8,2.7437,2.8768,1.04,,,10.6104,5.4232,4.8487,0.0,,43000.0,37652.0729,35910.0317,292400.0,256034.0957,0
3954,600038.SH,20230616,38.87,0.8443,1.8937,1.06,59.1958,58.7363,2.3464,1.1767,1.0873,1.1963,1.1963,58947.6716,58947.6716,26281.1332,2291295.9951,2291295.9951,0
3955,600128.SH,20230616,8.25,1.5368,2.0904,1.42,52.8494,50.6276,0.9715,0.3303,0.3339,1.697,1.697,24676.75,24676.75,18141.9029,203583.1875,203583.1875,0
3956,603698.SH,20230616,15.63,1.2592,4.9808,3.7,50.1342,46.0383,2.6435,3.3426,3.2734,0.563,,53599.0,53599.0,13550.3927,837752.37,837752.37,1
3957,002730.SZ,20230616,9.64,12.1151,25.9005,4.23,38.8497,35.0959,2.3897,2.8381,2.6718,1.1411,1.1411,36207.988,34602.988,16185.738,349045.0043,333572.8043,0
3958,002284.SZ,20230616,8.31,1.2742,2.2597,0.46,90.253,74.4822,2.4334,1.6348,1.6707,1.2034,,73768.8949,72980.2774,41151.7899,613019.5166,606466.1052,0
3959,002537.SZ,20230616,6.94,0.998,1.4327,1.07,79.3472,90.735,1.8364,1.0387,1.003,0.0,,117401.6745,117401.6745,81779.751,814767.621,814767.621,0
3960,600593.SH,20230616,15.15,0.7828,1.5152,0.77,,,10.3386,12.412,9.7455,0.0,,12880.0,12880.0,6654.0295,195132.0,195132.0,0
3961,000809.SZ,20230616,3.93,1.4877,2.2642,0.75,,,1.1381,14.612,14.4836,0.0,,82479.1293,82479.1293,54193.3793,324142.9781,324142.9781,0
3962,601882.SH,20230616,32.59,0.6984,2.6732,0.84,32.6746,31.167,8.8001,5.3539,5.2262,1.0924,1.1046,52200.0,52200.0,13637.9977,1701198.0,1701198.0,0
3963,000564.SZ,20230616,1.22,0.8594,0.8708,1.27,,,2.0781,16.6455,16.5777,0.0,,1916377.7335,1518136.6153,1498240.6394,2337980.8349,1852126.6707,1
3964,000617.SZ,20230616,7.88,2.292,12.808,1.91,20.2562,18.4987,1.0173,133.6993,133.7939,1.6751,1.6751,1264207.9079,1264207.9079,226231.9233,9961958.3143,9961958.3143,0
3965,002578.SZ,20230616,3.65,0.5912,1.0487,1.15,68.6284,78.6011,2.2443,1.2274,1.166,0.0,,93863.0183,86116.2561,48544.5537,342600.0168,314324.3348,0
3966,300396.SZ,20230616,32.7,1.0715,2.2079,1.59,34.3847,32.2994,4.8078,7.3764,6.7898,1.1528,1.4679,27520.83,25444.2707,12347.6674,899931.141,832027.6519,0
3967,002286.SZ,20230616,8.37,0.6226,0.8818,1.03,23.3039,28.8698,1.5279,1.144,1.1644,0.7191,0.7191,37077.058,36976.728,26108.6386,310334.9755,309495.2134,0
3968,002574.SZ,20230616,6.16,1.1758,2.5619,1.33,,,1.0924,0.9363,0.9219,0.0,,52800.0,52800.0,24232.0827,325248.0,325248.0,0
3969,300131.SZ,20230616,5.41,3.9283,3.9885,2.58,107.4594,118.7117,3.2166,1.1907,1.229,0.0,,113759.7085,102832.8691,101281.7793,615440.023,556325.8218,0
3970,600829.SH,20230616,6.87,0.6497,2.5807,0.72,15.122,13.7799,1.5712,0.4132,0.3997,0.0,,57988.8597,57988.8597,14599.4243,398383.4661,398383.4661,0
3971,001225.SZ,20230616,45.29,1.5359,1.5359,1.04,13.2505,13.5326,2.1458,5.8973,5.9591,,2.76,6466.68,1616.68,1616.68,292875.9372,73219.4372,0
3972,301379.SZ,20230616,27.76,4.1829,4.1829,0.83,23.7754,22.9802,2.3132,2.281,2.2302,,2.1614,10134.0,2534.0,2534.0,281319.84,70343.84,0
3973,300343.SZ,20230616,7.27,1.522,1.7329,1.0,10.7061,17.4293,4.6377,4.0161,4.9229,0.0,,113946.759,106621.9389,93649.7579,828392.9379,775141.4958,0
3974,300683.SZ,20230616,36.98,1.6451,2.9348,3.85,,,1.8635,7.0292,7.3223,0.0,,13089.4391,11309.4415,6339.4415,484047.4579,418223.1467,0
3975,301182.SZ,20230616,22.77,1.4575,1.9221,0.81,67.5518,132.357,2.2754,4.3243,4.3587,1.3175,0.4392,9582.17,3597.17,2727.68,218186.0109,81907.5609,0
3976,603577.SH,20230616,9.86,0.4925,1.1076,1.22,83.2162,115.7173,1.9111,0.9265,0.8678,0.6085,0.3651,33913.91,28826.8235,12818.6785,334391.1526,284232.4797,0
3977,300022.SZ,20230616,4.96,1.8437,2.0886,0.96,220.9554,168.624,4.8725,0.9054,0.8993,0.0,,49424.038,32348.1737,28555.2885,245143.2285,160446.9416,0
3978,002090.SZ,20230616,12.53,2.8115,3.8008,1.3,168.7351,164.1056,3.5918,3.3156,3.2544,0.1878,0.3855,40426.4936,39970.5377,29566.2299,506543.9648,500830.8374,0
3979,920422.BJ,20230616,6.16,0.1308,0.1831,0.7,7.4083,8.9858,1.2429,0.8413,0.8866,,,8848.271,2839.421,2028.921,54505.3494,17490.8334,0
3980,920640.BJ,20230616,16.98,0.1725,0.4548,1.34,22.3177,21.1592,4.2882,3.9427,3.7463,,,18772.8,17553.2911,6658.6882,318762.144,298054.8829,0
3981,002536.SZ,20230616,14.39,23.6365,40.0478,1.25,85.6408,50.3041,3.1775,2.2115,2.1242,0.6949,2.0848,50071.1814,47112.2852,27806.0122,720524.3003,677945.784,1
3982,688273.SH,20230616,38.56,2.4518,2.4518,0.93,31.82,29.1209,2.9406,10.2946,9.43,,,10062.0,2341.321,2341.321,387990.72,90281.3378,0
3983,301001.SZ,20230616,30.23,10.302,13.029,0.79,,514.0059,2.9496,3.1635,3.176,0.4135,0.4135,8000.0,3440.0,2720.0,241840.0,103991.2,0
3984,601226.SH,20230616,6.66,0.6267,1.6997,0.82,25.0781,25.1402,1.8981,0.9469,0.9989,1.2767,1.2767,116666.0,115500.0,42587.9644,776995.56,769230.0,0
3985,688265.SH,20230616,40.34,0.4568,0.936,1.58,,,1.7907,10.3809,9.9037,,,7796.3513,4867.9461,2375.6315,314504.8114,196372.9457,0
3986,300112.SZ,20230616,10.31,4.7231,5.4644,1.62,31.933,35.7589,2.6815,2.7577,2.7465,1.8879,1.9399,29364.6277,23748.8906,20526.9886,302749.3116,244851.0621,0
3987,002104.SZ,20230616,8.97,2.7222,2.8983,1.0,76.7261,51.8416,3.1553,6.0798,5.386,0.0,,70064.9154,59212.2779,55614.1492,628482.2911,531134.1328,0
3988,002415.SZ,20230616,35.14,0.6871,1.7112,0.87,25.6321,26.6125,5.1524,3.9565,3.9718,2.5801,1.992,936393.2789,910876.6783,365718.2544,32904859.8205,32008206.4755,0
3989,300016.SZ,20230616,6.67,1.1667,1.6462,1.0,292.8006,,2.0226,4.2842,4.2614,1.0511,1.0495,49193.4152,49117.0577,34808.775,328120.0794,327610.7749,0
3990,002516.SZ,20230616,4.64,0.8642,1.1299,0.91,34.1794,37.7944,1.9605,3.8254,4.0983,1.0594,4.2377,147083.8682,95297.7539,72882.8268,682469.1484,442181.5781,0
3991,002335.SZ,20230616,38.74,2.426,3.3635,1.32,71.9956,60.8619,4.6687,3.1656,2.9097,0.2323,0.1291,46156.7391,39728.4145,28654.7922,1788112.0727,1539078.7777,0
3992,603811.SH,20230616,11.95,0.877,1.1825,0.96,24.206,22.6857,3.6582,5.9717,6.0814,1.4943,2.9886,32730.432,32730.432,24273.6368,391128.6624,391128.6624,0
3993,301268.SZ,20230616,43.86,3.0053,3.7976,1.22,43.5393,39.9734,7.743,5.4504,4.855,0.228,0.456,40001.0,16995.308,13449.632,1754443.86,745414.2089,0
3994,002586.SZ,20230616,2.67,0.8729,1.2547,0.89,,,0.8051,1.1872,1.1694,0.0,,114422.3714,89399.0856,62191.0856,305507.7316,238695.5586,1
3995,600190.SH,20230616,3.06,0.883,2.4767,1.25,47.9896,56.9059,0.9161,2.0714,1.892,0.6536,0.6536,200229.15,177948.453,63444.5026,612701.199,544522.2662,0
3996,301165.SZ,20230616,60.48,15.5899,15.5899,1.09,62.4877,61.5629,8.6597,3.0341,2.9999,,1.3228,56818.1818,6144.2418,6144.2418,3436363.6353,371603.7441,0
3997,000850.SZ,20230616,3.85,0.7193,1.3423,1.06,,119.0902,0.81,1.0398,1.0579,1.2987,1.2987,94366.5009,94337.7912,50551.7344,363311.0285,363200.4961,0
3998,300241.SZ,20230616,5.07,1.6935,1.9551,1.71,253.3585,2173.0013,1.6458,2.6028,2.6105,0.3937,0.5909,68576.1103,56799.429,49198.3925,347680.8792,287973.105,0
3999,688378.SH,20230616,50.33,1.5884,1.5905,1.22,64.0015,59.4213,4.3466,15.7649,14.6188,,,14372.5702,9364.8232,9352.0273,723371.4582,471331.5517,0
4000,920000.BJ,20230616,5.16,0.0829,0.1031,0.37,11.562,10.0487,0.9296,1.2781,1.3085,,,9436.0,3273.9381,2631.9381,48689.76,16893.5206,0
4001,301383.SZ,20230616,39.69,18.8775,18.8775,0.48,69.0119,63.5097,2.6457,4.0984,3.9374,,,11624.0,2756.1082,2756.1082,461356.56,109389.9345,0
4002,300221.SZ,20230616,5.87,3.7935,3.7935,0.58,,,2.2127,1.5089,1.5889,0.0,,47455.7935,44700.1378,44700.1378,278565.5078,262389.8089,0
4003,002426.SZ,20230616,2.08,0.7037,0.7078,1.3,,,1.6992,1.7363,1.7754,0.0,,344151.7719,315054.2709,313235.8724,715835.6856,655312.8835,0
4004,603919.SH,20230616,25.16,0.8661,2.1899,0.93,45.5415,42.916,4.0147,6.3441,5.8026,0.8744,1.1924,50725.9997,50725.9997,20063.1463,1276266.1525,1276266.1525,0
4005,300778.SZ,20230616,22.29,5.0413,14.3764,0.7,60.9921,73.5783,2.7259,7.9983,7.9648,0.6719,,16691.5179,16608.8936,5824.1771,372053.934,370212.2383,0
4006,600027.SH,20230616,6.18,1.4152,3.6373,1.37,633.2601,102.4105,1.6414,0.5904,0.5735,3.8753,3.8753,1022756.1133,851032.7533,331126.2963,6320632.7802,5259382.4154,0
4007,300353.SZ,20230616,12.76,5.1053,5.4451,1.16,337.1861,275.3662,7.1495,6.1577,5.7734,0.0,,53311.7181,43892.6847,41153.4468,680257.523,560070.6568,0
4008,603755.SH,20230616,31.33,1.0144,2.9249,1.22,60.508,64.1873,4.5502,10.0123,9.8408,0.9575,0.6384,9861.3681,9861.3681,3420.0024,308956.6626,308956.6626,0
4009,301023.SZ,20230616,42.49,4.9825,5.6169,1.71,29.8244,32.2372,2.889,12.9892,13.1021,1.4905,2.3535,5600.025,2369.7193,2102.0804,237945.0623,100689.3731,0
4010,600959.SH,20230616,3.7,0.8092,1.5156,0.76,56.5981,56.2769,0.8367,2.4651,2.4516,0.5405,0.5405,500071.7686,500071.7686,266998.3557,1850265.5438,1850265.5438,0
4011,002163.SZ,20230616,10.48,0.4828,0.6625,1.14,,,6.7587,2.4489,2.3088,0.0,,84495.7867,80355.0,58561.5797,885515.8446,842120.4,0
4012,002065.SZ,20230616,8.11,2.6366,3.7748,0.81,64.8481,61.9621,2.304,2.1969,2.107,0.6165,0.6165,320548.2375,290419.0146,202848.7696,2599646.2061,2355298.2084,0
4013,600111.SH,20230616,24.27,0.5806,0.9192,1.07,14.6629,16.4074,4.226,2.3547,2.3919,1.8335,1.8335,361506.5842,361506.5842,228336.5273,8773764.7985,8773764.7985,0
4014,688410.SH,20230616,58.8,6.1812,6.1812,0.93,143.6624,67.4826,5.3536,22.2771,16.7582,,,14473.0259,3323.9329,3323.9329,851013.9229,195447.2545,0
4015,000627.SZ,20230616,3.14,0.4837,1.3219,1.02,56.6083,90.2158,0.7317,0.3127,0.2909,0.1592,3.5032,494062.9165,455250.4165,166586.6288,1551357.5578,1429486.3078,0
4016,300621.SZ,20230616,10.07,0.9587,1.7614,1.27,315.8546,931.4187,2.6992,0.1418,0.129,0.2681,0.2681,20805.67,19582.5421,10658.4468,209513.0969,197196.1989,0
4017,300919.SZ,20230616,62.1,1.1896,1.1905,0.82,26.9813,25.554,2.4878,1.3725,1.3048,0.2443,0.4155,67063.3576,28682.2718,28661.2151,4164634.507,1781169.0788,0
4018,301125.SZ,20230616,28.51,17.1931,18.165,1.65,40.7434,43.7378,3.2394,4.7493,4.7453,3.8583,3.8583,7240.0,2336.25,2211.25,206412.4,66606.4875,0
4019,600776.SH,20230616,11.83,4.0812,9.5073,2.64,110.1552,103.9885,4.4062,4.6005,4.6184,0.3381,0.3381,125600.0064,95600.0064,41038.4512,1485848.0757,1130948.0757,0
4020,600231.SH,20230616,2.21,0.6351,2.3992,2.71,,,0.7732,0.2924,0.2991,4.3891,,285215.5097,285215.5097,75495.8369,630326.2764,630326.2764,0
4021,301102.SZ,20230616,44.5,14.7893,14.7893,3.29,46.3849,45.6383,2.9937,15.4327,15.892,0.5618,0.5618,20000.0,4905.9679,4905.9679,890000.0,218315.5716,0
4022,600155.SH,20230616,6.31,0.8505,1.0072,0.93,37.7287,29.3673,0.7342,5.6356,5.0983,0.0,,226142.3642,226142.3642,190946.9448,1426958.3181,1426958.3181,0
4023,600110.SH,20230616,6.89,0.7556,0.8652,0.92,34.1597,43.6665,1.8918,2.5552,2.5343,0.8665,0.8665,174647.2532,140647.2532,122827.7801,1203319.5745,969059.5745,0
4024,300266.SZ,20230616,3.05,1.3211,1.7328,1.0,,,3.8467,3.4988,3.755,0.0,,155380.7314,155377.4914,118456.9185,473911.2308,473901.3488,0
4025,000705.SZ,20230616,8.0,2.1663,2.4362,1.36,34.3432,32.9106,1.3778,0.6448,0.6246,0.75,,33412.3286,28188.5751,25066.0237,267298.6288,225508.6008,0
4026,603439.SH,20230616,16.95,2.1994,6.3459,1.37,34.5142,29.8819,5.5373,5.783,4.9922,0.0,0.59,40986.2216,40833.8216,14152.6617,694716.4561,692133.2761,0
4027,300204.SZ,20230616,10.36,0.7717,1.4591,0.93,,,3.8615,8.9705,10.0368,0.0,,47535.7555,46955.8684,24832.3818,492470.427,486462.7966,0
4028,300328.SZ,20230616,6.55,1.7727,2.6919,1.02,1389.0568,,4.1601,2.7985,2.7034,0.0,,69042.36,68131.5475,44867.3475,452227.458,446261.6361,0
4029,688151.SH,20230616,19.92,0.6061,0.6061,1.37,94.7411,480.2047,1.63,11.2706,11.9683,,,34450.0,9956.7014,9956.7014,686244.0,198337.4919,0
4030,603768.SH,20230616,17.41,1.1854,4.1107,0.97,36.8754,25.2688,1.8324,1.1228,1.1047,0.3389,0.3389,20400.0,20400.0,5882.5,355164.0,355164.0,0
4031,002155.SZ,20230616,13.58,1.0481,1.6374,0.8,37.3235,36.263,2.8028,0.7758,0.7818,0.4418,0.7364,120203.9474,120191.7817,76938.8154,1632369.6057,1632204.3955,0
4032,300027.SZ,20230616,3.08,2.6027,3.4694,0.78,,,6.8679,21.2398,16.9704,0.0,,277450.5919,230482.9843,172908.0414,854547.8231,709887.5916,0
4033,688215.SH,20230616,37.01,1.9243,1.9243,0.9,154.4512,130.1447,3.3304,4.8421,4.4346,,,4004.0,1593.1482,1593.1482,148188.04,58962.4149,0
4034,600800.SH,20230616,3.55,0.5065,0.6462,0.96,,,1.5019,0.696,0.7365,0.0,,118578.758,79433.7361,62260.6014,420954.5909,281989.7632,0
4035,600716.SH,20230616,3.78,0.5131,1.0716,1.11,,,0.6715,5.8238,10.4795,0.0,,93606.059,93606.059,44817.7047,353830.903,353830.903,0
4036,002701.SZ,20230616,4.48,0.7376,1.1071,0.86,20.3983,20.2435,1.366,0.8195,0.8245,3.0357,3.0357,257326.0436,257086.9028,171281.1062,1152820.6753,1151749.3245,0
4037,300979.SZ,20230616,47.8,2.1269,2.1269,0.57,17.2807,18.2239,4.5753,2.7119,2.7744,2.3013,2.5105,116700.0,14607.735,14607.735,5578260.0,698249.733,0
4038,600489.SH,20230616,10.49,0.8491,1.5677,0.93,24.0175,22.9264,1.9211,0.8897,0.8941,2.1382,2.1382,484731.2564,484731.2564,262549.579,5084830.8796,5084830.8796,0
4039,920014.BJ,20230616,11.45,0.2555,0.2571,1.92,17.5029,17.0459,1.4743,1.6899,1.6842,,,9692.0,3371.0058,3349.9606,110973.4,38598.0164,0
4040,003027.SZ,20230616,20.03,2.1304,2.4797,1.03,22.1247,23.1165,1.5623,2.8269,2.8849,1.4991,1.2481,13241.9,6670.87,5731.2801,265235.257,133617.5261,0
4041,600377.SH,20230616,9.47,0.2108,1.7035,1.12,12.8104,11.4795,1.4413,3.599,3.3346,4.8574,4.8574,503774.75,380218.3001,47054.5099,4770746.8825,3600667.3019,0
4042,603163.SH,20230616,46.83,5.3926,5.3926,1.04,38.1141,35.1479,4.7899,2.8767,2.6201,,1.388,10000.0,2500.0,2500.0,468300.0,117075.0,0
4043,000739.SZ,20230616,18.23,0.6615,1.3295,1.14,21.7196,19.9597,3.9755,2.0374,1.8635,1.5634,1.6165,117852.3492,117808.3671,58615.5016,2148448.3259,2147646.5322,0
4044,002314.SZ,20230616,3.44,1.5208,2.382,0.97,13.6888,10.3731,0.9026,0.7666,0.5734,0.0,,270778.2513,133812.9289,85434.54,931477.1845,460316.4754,0
4045,301353.SZ,20230616,37.3,11.8523,11.8523,0.84,28.5881,31.82,2.3546,4.0288,4.0474,,,7600.0,1900.0,1900.0,283480.0,70870.0,0
4046,600744.SH,20230616,3.5,0.8704,1.9466,1.02,262.6952,216.4862,5.4791,0.7327,0.7163,0.0,,203112.4274,203112.4274,90817.3794,710893.4959,710893.4959,0
4047,002276.SZ,20230616,12.6,4.5159,6.8993,1.0,31.7665,28.2504,2.6401,0.8891,0.8923,0.285,0.3698,103548.9098,103530.0661,67764.3807,1304716.2635,1304478.8329,0
4048,688352.SH,20230616,14.95,4.4119,4.4119,0.63,58.6331,69.3026,3.239,13.4968,13.9537,,,118903.7288,15132.9051,15132.9051,1777610.7456,226236.9312,0
4049,605077.SH,20230616,25.64,0.5388,0.6504,1.04,18.3466,16.3156,2.2454,2.6625,2.3958,1.6715,2.3401,22845.76,15218.7914,12608.6996,585765.2864,390209.8115,0
4050,002517.SZ,20230616,17.32,5.0112,5.555,1.21,36.3662,34.9512,7.7881,10.007,10.2102,0.0,,215251.7634,190677.14,172011.545,3728160.5421,3302528.0648,0
4051,301220.SZ,20230616,35.78,0.8638,0.8638,0.54,21.9362,23.7688,1.876,4.0984,4.5064,0.0,0.8385,8080.0,1911.6065,1911.6065,289102.4,68397.2806,0
4052,301212.SZ,20230616,32.46,2.1556,2.1556,0.68,19.1603,17.6607,2.6817,3.3672,3.3234,0.6315,1.8022,10800.0,2700.0,2700.0,350568.0,87642.0,0
4053,300042.SZ,20230616,39.87,9.1279,13.0121,1.1,128.5921,130.8794,6.7949,4.5086,4.7096,0.1254,0.2508,20040.0,17953.5526,12594.2518,798994.8,715808.1422,0
4054,601136.SH,20230616,15.18,12.0254,12.0254,0.74,74.9619,64.3372,3.3749,26.1308,24.2079,,,273333.38,27333.38,27333.38,4149200.7084,414920.7084,0
4055,002773.SZ,20230616,19.1,0.865,1.8438,0.73,19.5855,19.9847,2.4933,5.1819,5.1979,0.5236,0.7853,91946.3954,69065.8069,32400.1695,1756176.1521,1319156.9118,0
4056,600329.SH,20230616,45.15,1.304,3.0744,0.76,40.354,32.7164,5.7751,4.2158,4.0845,1.1136,2.4806,77025.0076,56586.8076,24001.2548,3477679.0931,2554894.3631,0
4057,920541.BJ,20230616,3.23,0.9855,0.9855,1.23,13.2353,12.31,1.1758,1.897,1.8864,,,13670.0,5352.0584,5352.0584,44154.1,17287.1486,0
4058,600336.SH,20230616,5.7,1.2511,2.2247,1.4,31.1173,32.7799,1.8056,0.4755,0.4624,1.4038,1.4038,79801.4769,79801.4769,44878.5083,454868.4183,454868.4183,0
4059,603150.SH,20230616,25.97,0.8584,1.039,0.78,14.8748,15.5549,1.615,1.2988,1.2397,1.9066,,8549.0,4142.516,3422.516,222017.53,107581.1405,0
4060,601199.SH,20230616,7.31,3.8829,9.3271,1.77,24.3791,23.0476,1.9179,5.3914,5.2901,1.2312,1.2312,93521.0292,93521.0292,38933.254,683638.7235,683638.7235,0
4061,600936.SH,20230616,4.26,0.5565,0.8476,1.22,,,3.371,4.236,3.9274,0.0,,167102.6239,167102.6239,109713.4757,711857.1778,711857.1778,0
4062,003004.SZ,20230616,30.6,3.8206,4.3656,0.51,68.6004,99.9752,3.4639,7.8936,8.0922,0.6536,,8184.0,3374.855,2953.5244,250430.4,103270.563,0
4063,600161.SH,20230616,26.7,0.2936,0.5887,0.55,49.9376,43.2287,4.8574,10.3247,9.0744,0.3121,0.3121,164780.9538,164780.9538,82187.5964,4399651.4665,4399651.4665,0
4064,002185.SZ,20230616,9.62,0.873,1.1182,0.94,40.8878,69.9454,1.9716,2.5892,2.7679,0.4678,0.4678,320448.4648,320374.9318,250117.9776,3082714.2314,3082006.8439,0
4065,002142.SZ,20230616,26.35,0.2495,0.4781,0.79,7.5408,7.2644,1.0905,3.0064,2.9408,1.8975,1.8975,660359.0792,652344.1576,340475.6477,17400461.7369,17189268.5528,0
4066,002098.SZ,20230616,5.83,0.5362,1.3656,0.94,25.579,26.8022,2.0026,0.988,1.0294,0.0,,35800.0,35800.0,14056.7421,208714.0,208714.0,0
4067,002337.SZ,20230616,5.6,2.0743,3.2856,1.65,63.9726,37.5563,2.7441,6.851,5.2137,0.0,,58861.575,58799.6532,37121.6532,329624.82,329278.0579,0
4068,002295.SZ,20230616,6.63,1.5252,2.1801,1.31,57.4008,104.038,1.2651,0.346,0.3448,0.0302,0.0302,25061.6,25029.4,17510.93,166158.408,165944.922,0
4069,600080.SH,20230616,7.53,0.5161,0.8453,0.7,84.0038,97.3907,1.6647,4.8513,4.9447,0.0,,37327.0285,37327.0285,22789.5237,281072.5246,281072.5246,0
4070,601908.SH,20230616,5.89,0.9414,1.7424,1.05,33.5835,19.8125,1.2401,1.1658,1.0952,1.0187,1.0187,241460.2861,241460.2861,130460.4193,1422201.0851,1422201.0851,0
4071,300074.SZ,20230616,4.45,1.9551,2.318,0.97,,,2.2727,5.7245,5.4674,0.0,,53102.09,53055.105,44748.9272,236304.3005,236095.2173,0
4072,600179.SH,20230616,2.87,0.2403,0.3043,0.85,5.1854,6.3946,1.2571,1.3234,1.369,0.0,,423152.6979,366248.6495,289152.6344,1214448.243,1051133.6241,0
4073,300937.SZ,20230616,32.25,4.3007,5.15,0.63,73.4318,47.8251,3.7409,0.7773,0.7379,0.0,0.6202,9566.6682,4111.1582,3433.2082,308525.0495,132584.852,0
4074,603960.SH,20230616,17.43,1.3645,2.1977,1.01,71.2916,59.5711,4.6101,6.7813,6.5916,0.3295,0.4246,26349.85,26094.45,16202.1091,459277.8855,454826.2635,0
4075,603689.SH,20230616,8.31,0.5019,1.5937,1.04,15.3856,13.4331,1.462,0.6705,0.6554,1.6064,4.0131,47823.2394,47041.6394,14814.1386,397411.1194,390916.0234,0
4076,603002.SH,20230616,4.97,0.3805,0.7423,0.73,8.0682,8.6481,1.9559,1.4863,1.6761,5.835,3.9424,90387.5195,61441.17,31498.6205,449225.9719,305362.6149,0
4077,600584.SH,20230616,32.43,1.7343,2.3458,0.56,17.932,23.3669,2.3379,1.7161,1.8402,0.6143,0.6143,178655.7826,178655.7826,132082.5924,5793807.0297,5793807.0297,0
4078,688606.SH,20230616,54.59,0.6598,0.7465,0.48,3.6539,24.6186,1.1746,1.2772,2.8365,,,7928.0855,3745.732,3310.5077,432794.1874,204479.5099,0
4079,688621.SH,20230616,61.7,1.0832,1.1724,1.53,44.3117,40.5333,7.707,10.2133,9.0797,,,11200.0,7970.27,7363.5519,691040.0,491765.659,0
4080,600535.SH,20230616,14.6,0.5096,0.9711,0.62,,38.6335,1.8146,2.548,2.487,2.2516,4.5032,149970.013,149970.013,78704.3256,2189562.1898,2189562.1898,0
4081,920305.BJ,20230616,21.77,5.7225,9.2816,0.82,,,3.3722,7.6857,8.037,,,13237.6125,8110.0875,5000.1718,288182.8241,176556.6049,0
4082,002779.SZ,20230616,25.63,0.3974,0.8776,1.07,123.5684,77.9341,4.9903,6.6022,5.9295,0.078,0.078,13200.0,11843.4525,5362.5,338316.0,303547.6876,0
4083,002962.SZ,20230616,13.41,22.0992,26.0156,6.06,44.2902,47.9434,2.2193,3.8231,4.2136,1.4943,1.4914,29347.9151,20919.4013,17770.1661,393555.5415,280529.1714,0
4084,603065.SH,20230616,15.07,7.1297,7.1297,1.21,25.6312,29.7874,3.0665,3.5226,3.5495,,1.3271,41896.7572,4190.0,4190.0,631384.131,63143.3,0
4085,300770.SZ,20230616,50.83,4.8616,8.8927,1.42,16.9888,17.0153,3.5294,8.2208,8.4071,2.3411,2.6533,23105.8146,23105.6121,12631.7826,1174468.5561,1174458.263,0
4086,600925.SH,20230616,6.13,1.4219,1.4219,0.72,15.5369,14.9111,2.6676,2.7892,2.8291,,,688888.8889,68888.8889,68888.8889,4222888.889,422288.889,0
4087,688381.SH,20230616,34.73,2.4532,2.4532,0.65,50.4374,73.4298,2.8463,17.4622,21.0384,,,25220.0,5959.0572,5959.0572,875890.6,206958.0566,0
4088,688159.SH,20230616,33.69,2.7296,3.8805,0.68,,,4.0874,3.6969,3.524,,,9212.9495,9167.9495,6449.0097,310384.2687,308868.2187,0
4089,600889.SH,20230616,4.55,0.705,1.3661,1.02,,,1.6498,3.2062,3.3982,0.0,,36634.601,36634.601,18905.1337,166687.4346,166687.4346,0
4090,000593.SZ,20230616,6.5,2.1771,3.8074,1.9,48.2751,46.906,2.132,1.5868,1.5627,0.0,,35863.1009,35845.6319,20496.1963,233110.1559,232996.6074,0
4091,688183.SH,20230616,12.84,3.5421,4.6415,1.35,34.1332,45.6074,2.706,3.0216,3.1258,,,83182.1175,30833.9,23530.689,1068058.3887,395907.276,0
4092,300533.SZ,20230616,57.72,17.5265,20.4751,1.12,102.4876,128.3854,7.7896,6.4538,5.8522,0.0,2.31,22880.673,15961.5575,13662.9747,1320672.4456,921301.0989,0
4093,603256.SH,20230616,8.03,0.4125,2.641,0.35,135.6635,215.3164,4.72,11.6075,12.7474,1.2248,1.2248,88480.0,87780.0,13709.4333,710494.4,704873.4,0
4094,600316.SH,20230616,22.28,0.9665,1.8641,1.32,113.4165,125.5839,3.0206,2.2036,2.3976,0.3007,0.3007,71711.4512,71711.4512,37180.2292,1597731.1327,1597731.1327,0
4095,300502.SZ,20230616,68.64,12.4816,12.9848,1.28,53.9286,55.4371,9.9971,14.7192,15.3608,0.1172,0.2483,70991.9026,61761.7879,59368.153,4872884.1945,4239329.1215,0
4096,601888.SH,20230616,130.16,1.412,3.0234,1.11,53.5313,56.4811,5.3249,4.9471,4.6094,1.1524,1.1524,206885.9044,195247.5544,91183.2854,26928269.3167,25413421.6807,0
4097,002402.SZ,20230616,16.22,1.1848,1.2423,0.91,34.547,33.7508,3.5078,2.5339,2.3732,0.6047,0.6165,93194.0685,80207.0711,76495.1961,1511607.7911,1300958.6932,0
4098,920089.BJ,20230616,10.36,0.1255,0.1585,0.75,12.2066,11.5966,1.2055,0.9947,0.9642,,,10762.0,6325.1611,5005.3774,111494.32,65528.669,0
4099,603229.SH,20230616,21.4,0.4932,1.129,0.81,38.515,35.0932,4.4688,11.8573,11.0288,0.323,,42362.0992,40186.6704,17554.7621,906548.9229,859994.7466,0
4100,600818.SH,20230616,22.6,1.1174,1.7261,0.93,,,12.3788,7.8327,7.3818,0.292,0.292,32144.791,23795.791,15403.8876,726472.2766,537784.8766,0
4101,002317.SZ,20230616,17.21,3.6096,4.3182,1.2,43.5223,36.2333,3.8568,5.2375,5.1022,1.1542,1.1542,81443.1076,70570.5605,58990.498,1401635.8818,1214519.3462,0
4102,920895.BJ,20230616,5.88,0.4092,0.4092,0.91,13.4152,14.4986,1.5495,2.4001,2.5315,,,5652.4,1298.54,1298.54,33236.112,7635.4152,0
4103,601137.SH,20230616,14.41,1.4891,2.8496,1.28,21.1976,19.2685,1.8916,0.8466,0.843,0.8313,2.2862,79004.4972,79004.4972,41285.2072,1138454.8047,1138454.8047,0
4104,603898.SH,20230616,9.72,0.7803,2.3703,1.78,7.0191,7.5238,1.1038,1.0717,1.1839,0.6548,7.7877,31128.3362,31128.3362,10246.9501,302567.4279,302567.4279,0
4105,600666.SH,20230616,2.4,0.6833,1.0002,1.48,109.3455,55.1907,3.8481,12.4845,15.208,0.0,,276351.2843,241975.2935,165314.57,663243.0823,580740.7044,0
4106,603909.SH,20230616,13.7,0.4273,0.7461,0.4,62.9862,62.0401,3.8385,2.832,2.5715,0.2358,0.3369,26067.314,26067.314,14927.724,357122.2018,357122.2018,0
4107,601066.SH,20230616,24.29,0.3791,1.3862,1.16,25.0969,22.4347,2.6591,6.8351,6.745,1.6262,1.6262,775669.4797,381136.2018,104246.0291,18841011.6619,9257798.3417,0
4108,603061.SH,20230616,120.89,9.8767,9.8767,0.65,47.121,48.2047,5.3281,17.026,17.2043,,,6000.0,1500.0,1500.0,725340.0,181335.0,0
4109,605086.SH,20230616,20.57,1.3935,1.9395,0.82,25.5977,26.8833,2.3275,9.4693,9.6934,1.6043,1.6043,12800.0,5115.2,3675.2,263296.0,105219.664,0
4110,688223.SH,20230616,13.48,5.4145,5.4145,1.23,45.9097,32.1479,4.7471,1.6305,1.4789,,,1000000.0,196000.0,196000.0,13480000.0,2642080.0,0
4111,601399.SH,20230616,3.16,0.2687,0.7182,1.79,56.5433,56.0936,1.6931,2.3609,2.2467,0.0,,721355.589,721355.589,269849.5069,2279483.6612,2279483.6612,0
4112,002820.SZ,20230616,11.13,4.2339,6.4228,0.73,,,2.3613,9.4597,7.2009,1.3477,1.3477,20086.8295,20033.4828,13206.1514,223566.4123,222972.6636,0
4113,920167.BJ,20230616,10.77,0.5156,0.9432,0.98,23.4543,19.1956,2.4614,0.9441,0.8775,,,10932.0,6510.75,3559.54,117737.64,70120.7775,0
4114,002198.SZ,20230616,7.86,1.6955,2.3006,0.8,90.7945,74.443,5.3862,6.0514,5.9796,0.0,,50750.9848,50750.9848,37402.6152,398902.7405,398902.7405,0
4115,601866.SH,20230616,2.5,0.3387,0.7386,0.93,8.6547,11.5335,1.1691,1.327,1.4798,9.0496,9.0496,1357593.8612,823462.9789,377643.4614,3393984.653,2058657.4473,0
4116,688599.SH,20230616,42.63,0.9842,1.9802,0.83,25.1773,18.8909,3.3074,1.0894,1.0171,,,217342.5666,217342.5666,108027.056,9265313.6142,9265313.6142,0
4117,600714.SH,20230616,8.83,0.374,0.7448,1.29,46.4848,98.9743,3.4901,6.8412,8.2648,1.1325,1.1325,28817.6273,28817.6273,14471.6519,254459.6491,254459.6491,0
4118,603665.SH,20230616,29.38,1.481,3.2165,2.92,23.0259,28.8586,3.5759,3.5031,3.2609,0.0,,16383.9077,16068.3077,7398.6811,481359.2082,472086.8802,1
4119,603121.SH,20230616,8.37,1.5836,3.2894,0.56,,93.5043,2.4507,3.1327,2.8817,1.8673,,33853.3715,33853.3715,16297.6971,283352.7195,283352.7195,0
4120,002937.SZ,20230616,24.16,0.7358,1.6437,1.03,32.8742,30.4044,5.7677,4.0722,3.803,0.7438,0.8278,29785.3,29056.4222,13007.3603,719612.848,702003.1604,0
4121,300358.SZ,20230616,14.58,0.8591,1.3001,0.83,14.7754,14.6475,1.9205,1.3008,1.2646,0.823,,57505.2984,51693.2293,34158.4952,838427.2507,753687.2832,0
4122,600369.SH,20230616,3.74,0.365,0.6092,0.98,80.3213,37.4652,0.9858,13.9087,9.9985,2.139,2.139,664510.9124,564510.9124,338187.2449,2485270.8124,2111270.8124,0
4123,301015.SZ,20230616,27.18,1.2719,1.3265,1.05,28.4257,26.624,7.0514,1.9005,1.9456,2.454,2.8035,52510.0,11837.5,11350.0,1427221.8,321743.25,0
4124,300450.SZ,20230616,34.35,2.3465,3.3255,1.26,23.2129,21.2257,4.5934,3.8614,3.7674,1.4534,1.4534,156616.3034,145410.7789,102602.63,5379770.0218,4994860.2552,0
4125,600359.SH,20230616,7.75,1.0902,1.8267,1.0,46.1184,45.2362,4.7517,4.5665,4.5771,0.0,,38151.282,38151.282,22769.7245,295672.4355,295672.4355,0
4126,601949.SH,20230616,14.69,7.3142,30.5355,1.15,41.1373,39.3757,3.2627,4.3595,4.2273,0.8781,0.8781,182250.0,182250.0,43654.2902,2677252.5,2677252.5,0
4127,603899.SH,20230616,45.24,0.3478,0.9938,1.11,32.6867,31.2736,6.2826,2.0963,2.0301,1.3279,1.1022,92659.657,92382.842,32335.3362,4191922.8827,4179399.7721,0
4128,000862.SZ,20230616,7.55,2.8995,3.4445,1.19,42.3518,34.7275,1.8166,4.5827,4.5067,0.0,,70611.8997,50135.289,42202.9097,533119.8427,378521.432,0
4129,300048.SZ,20230616,5.66,0.7851,0.9676,0.97,244.6245,374.6011,3.3555,4.4059,4.3666,0.0,,110830.1357,110672.1157,89803.5739,627298.5681,626404.1749,0
4130,002976.SZ,20230616,26.95,1.8683,3.4116,0.81,48.5223,44.149,4.1308,2.6919,2.449,0.0,,12047.82,6464.22,3540.0,324688.749,174210.729,0
4131,300030.SZ,20230616,7.43,1.863,2.3943,0.83,,,2.8788,3.2321,3.3305,0.5384,0.5384,30918.7315,26840.9982,20885.3479,229726.175,199428.6166,0
4132,300387.SZ,20230616,7.08,2.0102,3.3088,1.55,38.0033,34.4623,1.6063,2.4147,2.2788,0.708,,28905.7018,28843.3788,17523.246,204652.3687,204211.1219,0
4133,603687.SH,20230616,8.73,0.9001,2.5099,1.05,34.7647,36.3671,1.8558,1.7792,1.7708,0.2747,0.2877,41946.9007,41946.9007,15042.6307,366196.4431,366196.4431,0
4134,002722.SZ,20230616,13.68,0.8662,1.6459,0.98,27.1974,32.9727,1.1911,0.9965,1.002,0.9315,0.9315,20656.4695,17547.7589,9235.3735,282580.5028,240053.3418,0
4135,301297.SZ,20230616,23.77,10.1603,10.1603,0.71,91.3226,93.7999,5.8259,12.8953,13.1866,,,33839.0,7009.6567,7009.6567,804353.03,166619.5398,0
4136,002111.SZ,20230616,9.12,0.6514,0.9894,1.09,20.3057,23.3428,1.5964,2.0778,2.1252,3.2847,3.2847,53447.4505,47541.1206,31301.1871,487440.7486,433575.0199,0
4137,600229.SH,20230616,9.18,1.8744,4.8024,0.67,18.3422,17.8553,2.0799,2.4122,2.3576,1.8014,3.946,67120.8,67120.8,26198.1719,616168.944,616168.944,0
4138,920351.BJ,20230616,5.61,0.2321,0.2331,1.21,10.498,10.3454,1.0993,0.2417,0.2773,,,9113.5439,3380.3667,3365.3568,51126.9813,18963.8572,0
4139,688099.SH,20230616,91.15,1.0839,1.5595,0.91,52.2039,77.9429,7.5323,6.8413,7.4396,,,41617.6888,41617.6888,28925.5153,3793452.3341,3793452.3341,0
4140,300352.SZ,20230616,5.36,2.1348,2.2731,0.81,,,5.0053,14.315,13.7343,0.0,,144982.4087,120299.7375,112983.4536,777105.7106,644806.593,0
4141,600248.SH,20230616,5.16,4.1182,5.0438,1.72,5.4142,5.344,0.9982,0.1027,0.1016,2.1055,2.1055,376888.2286,145066.3046,118445.6771,1944743.2596,748542.1317,0
4142,605066.SH,20230616,9.01,1.8084,1.8978,1.03,80.065,41.5253,2.098,1.4826,1.4196,0.0,2.7747,40100.0,22826.15,21749.911,361301.0,205663.6115,0
4143,003018.SZ,20230616,9.53,1.5082,1.523,0.67,23.7028,25.072,1.7737,3.3571,3.3895,0.7345,0.8395,26000.0,7589.67,7515.74,247780.0,72329.5551,0
4144,603556.SH,20230616,25.94,0.6509,1.9743,0.71,19.0831,18.1119,2.0584,3.8301,3.6898,1.1508,1.1508,48868.404,48868.404,16112.0728,1267646.3998,1267646.3998,0
4145,002727.SZ,20230616,27.72,1.3668,1.7398,0.81,16.3582,15.4398,2.2244,0.9478,0.9245,1.0825,1.443,59602.3425,40039.1408,31454.2756,1652176.9341,1109884.983,0
4146,002959.SZ,20230616,91.0,2.1074,7.3145,1.74,36.8672,31.8615,6.0456,3.4588,3.2428,0.6588,0.8708,15650.6636,15636.8311,4505.2792,1424210.3876,1422951.6301,0
4147,688435.SH,20230616,87.92,10.4021,10.4021,1.31,198.3986,174.11,6.5411,37.2905,34.6331,,,8350.0,1761.7508,1761.7508,734132.0,154893.1303,0
4148,001270.SZ,20230616,82.78,7.1599,7.1599,3.12,97.6141,96.4336,9.6972,46.6478,43.5294,0.0,0.3106,15653.8124,7125.5339,7125.5339,1295822.5905,589851.6962,0
4149,002159.SZ,20230616,18.69,3.7181,5.543,0.68,,,2.8645,12.9349,9.2718,0.0,,17730.1325,13802.8985,9258.5685,331376.1764,257976.173,0
4150,688127.SH,20230616,17.54,1.5447,1.5447,0.98,73.4573,88.9546,4.6707,18.553,18.7574,,,40233.3,17102.88,17102.88,705692.082,299984.5152,0
4151,002193.SZ,20230616,6.52,1.7687,2.5805,0.76,,,0.6787,2.8808,3.2539,0.1687,0.1687,26171.555,26093.0713,17884.4648,170638.5386,170126.8249,0
4152,603393.SH,20230616,24.74,1.4255,2.2426,1.28,11.3595,12.1469,2.055,3.07,3.1044,2.2158,2.4172,42392.1327,37612.7962,23907.4129,1048781.363,930540.578,0
4153,301009.SZ,20230616,11.69,1.1392,1.1392,0.71,,,2.3305,2.679,2.6854,0.5988,,27186.0,9718.381,9718.381,317804.34,113607.8739,0
4154,002313.SZ,20230616,9.0,1.4599,2.6294,0.66,,,5.614,1.0026,1.0751,0.0,,37440.0,37382.4524,20755.1974,336960.0,336442.0716,0
4155,002385.SZ,20230616,6.69,0.8184,0.8863,0.83,497.8726,,2.7027,0.8545,0.8211,0.0,0.7474,413790.6853,330926.0387,305571.038,2768259.6847,2213895.1989,0
4156,300652.SZ,20230616,21.45,1.0404,2.0729,0.63,21.2134,22.0931,1.8027,3.3971,3.5193,1.2824,1.8648,10260.8133,9209.0714,4622.0643,220094.4453,197534.5815,0
4157,603609.SH,20230616,9.3,0.5342,1.3473,1.14,16.6508,12.9332,1.2361,0.2606,0.2494,0.0,1.2609,91943.3269,91943.3269,36456.6565,855072.9402,855072.9402,0
4158,002238.SZ,20230616,7.53,0.7747,2.2558,0.86,55.0237,53.1711,2.6956,4.0156,4.138,1.328,2.656,80255.916,80255.916,27562.3499,604327.0475,604327.0475,0
4159,300799.SZ,20230616,267.61,0.3923,0.7333,0.8,,,44.227,463.2246,414.4707,0.0037,0.0037,10206.0,6757.5,3615.0,2731227.66,1808374.575,0
4160,605183.SH,20230616,17.34,0.9346,0.9346,1.12,19.0235,19.0096,2.6394,4.1442,4.2063,2.879,2.879,41740.01,13561.256,13561.256,723771.7734,235152.179,0
4161,688038.SH,20230616,15.18,2.7385,3.3709,1.26,,,2.4554,4.5161,4.2132,,,11637.34,7995.748,6495.748,176654.8212,121375.4546,0
4162,603128.SH,20230616,9.71,0.5151,0.9502,0.73,14.3131,14.8278,2.1105,0.5761,0.6791,2.3302,2.3302,130946.2971,130946.2971,70981.8144,1271488.5448,1271488.5448,0
4163,688163.SH,20230616,22.08,1.1423,1.1423,1.77,37.2568,37.8139,2.2907,13.7153,13.7903,,,10822.0,4282.098,4282.098,238949.76,94548.7238,0
4164,300920.SZ,20230616,16.95,0.8146,0.954,0.7,50.6482,129.6518,1.498,4.3494,5.0383,4.7198,,10000.0,4950.9334,4227.6077,169500.0,83918.3211,0
4165,600536.SH,20230616,52.44,5.3798,8.5104,2.29,995.0747,,19.6279,4.6793,4.8327,0.0563,0.0308,86020.5343,83581.1103,52835.3043,4510916.8187,4382993.4241,0
4166,600268.SH,20230616,7.46,4.3031,9.4687,0.94,41.5104,33.7309,2.3348,0.902,0.8785,1.3199,0.7819,84733.4021,83431.8221,37916.3655,632111.1797,622401.3929,0
4167,300588.SZ,20230616,12.3,4.8678,5.9576,0.86,,,5.6659,13.2359,12.106,0.0,,19237.103,14447.253,11804.553,236616.3669,177701.2119,0
4168,600009.SH,20230616,47.78,0.4007,0.7455,0.89,,,3.0095,21.6952,17.5008,0.0,,248848.134,192695.8448,103566.7644,11889963.8425,9207007.4645,0
4169,920419.BJ,20230616,6.46,0.2414,0.2485,0.78,15.4934,12.9827,1.5754,1.2171,1.158,,,10344.64,4943.5049,4801.6889,66826.3744,31935.0417,0
4170,603028.SH,20230616,11.17,2.2892,3.8612,2.0,,,4.658,4.0282,3.3567,0.5371,0.5371,28704.0,28704.0,17018.1764,320623.68,320623.68,0
4171,603112.SH,20230616,11.16,1.2792,1.7932,0.89,18.5233,20.3525,2.0702,1.5124,1.573,2.025,2.025,43716.7299,15829.2881,11291.7881,487878.7057,176654.8552,0
4172,002421.SZ,20230616,3.81,1.7879,2.2161,1.14,38.1516,37.1917,2.4424,2.2478,2.2523,0.0,1.5748,212058.1639,178007.8492,143616.7353,807941.6045,678209.9055,0
4173,600736.SH,20230616,5.19,4.4487,7.9149,7.17,19.2913,16.4942,0.8095,0.5572,0.4691,1.3487,1.3487,115129.2907,115129.2907,64709.8013,597521.0187,597521.0187,0
4174,688311.SH,20230616,63.96,1.27,1.27,0.84,283.1471,388.8038,4.2854,15.3654,14.4916,,,11504.8,6712.548,6712.548,735847.008,429334.5701,0
4175,601007.SH,20230616,9.23,1.3176,2.3323,1.23,86.4825,59.1602,2.2801,2.5442,2.3736,0.8667,0.8667,39000.0,39000.0,22033.2082,359970.0,359970.0,0
4176,600059.SH,20230616,10.81,5.9637,9.4228,1.32,48.8105,51.394,1.7984,6.0827,6.2833,0.7401,1.4801,91154.2413,91154.2413,57691.8296,985377.3485,985377.3485,0
4177,000932.SZ,20230616,5.14,0.4487,0.6603,0.44,5.5672,7.1657,0.7021,0.2112,0.2128,5.642,,690863.2499,571803.7206,388533.6128,3551037.1045,2939071.1239,0
4178,002841.SZ,20230616,71.3,1.298,1.8303,2.46,24.1256,24.4088,4.3429,2.382,2.4318,1.1998,1.4727,70123.9045,47569.6333,33733.3933,4999834.3909,3391714.8543,0
4179,688475.SH,20230616,47.47,4.1199,4.2423,1.06,80.1683,74.9942,5.5791,6.2006,6.1377,,,56250.0,8377.3538,8135.7387,2670187.5,397672.9849,0
4180,300987.SZ,20230616,22.89,13.6987,15.0684,1.23,142.3017,130.7601,5.0523,20.1511,19.6327,0.6721,0.699,17336.8,9536.8,8669.967,396839.352,218297.352,0
4181,688138.SH,20230616,23.2,1.2745,4.3848,1.51,62.5029,58.8466,4.8769,8.1214,7.7707,,,26680.0,26680.0,7755.0,618976.0,618976.0,0
4182,688018.SH,20230616,143.4,2.4727,4.2607,1.44,118.9528,115.1256,6.1445,9.1076,8.9032,,,8073.1207,8073.1207,4685.3532,1157685.5084,1157685.5084,0
4183,603920.SH,20230616,19.54,2.9896,8.1901,0.85,23.9583,22.516,4.0764,2.3463,2.3265,3.0711,6.1417,53217.5406,53217.5406,19425.866,1039870.7433,1039870.7433,0
4184,601377.SH,20230616,6.34,0.9247,1.3053,1.6,20.7625,16.5455,1.031,5.1364,4.1665,2.8391,2.8391,863598.7294,863598.7294,611797.9963,5475215.9444,5475215.9444,0
4185,300916.SZ,20230616,46.2,7.5037,7.5049,0.8,24.4818,27.2163,3.8369,3.4276,3.4761,0.4329,0.4329,9580.5,2604.2985,2603.8895,442619.1,120318.5907,0
4186,688320.SH,20230616,41.0,9.8829,13.2462,2.61,68.5089,67.2603,3.9732,6.5569,6.0172,,,15101.3668,8463.5313,6314.5933,619156.0388,347004.7833,0
4187,688819.SH,20230616,35.05,1.1119,1.1119,0.87,17.8558,16.3204,2.4845,0.8135,0.7723,,,97210.0,13090.0,13090.0,3407210.5,458804.5,0
4188,688170.SH,20230616,47.15,7.9387,10.6631,0.83,72.3044,100.5163,3.8278,8.5731,9.2013,,,10336.0,6574.3,4894.6163,487342.4,309978.245,0
4189,600601.SH,20230616,3.1,2.469,4.1269,1.8,,,3.7694,2.6445,2.8167,0.0,,417029.3287,417029.3287,249496.6586,1292790.919,1292790.919,0
4190,603778.SH,20230616,5.45,2.9613,4.1074,1.27,,,3.396,17.7082,10.1752,0.0,,64285.7142,64285.7142,46347.8835,350357.1424,350357.1424,0
4191,603927.SH,20230616,41.15,2.3606,3.7152,2.01,38.2508,37.326,9.9524,3.6432,3.6271,1.3366,1.3366,59360.0,59360.0,37717.1027,2442664.0,2442664.0,0
4192,000006.SZ,20230616,4.79,0.8091,1.284,0.85,15.4103,17.809,0.8196,1.7478,1.7893,2.5261,2.5261,134999.5046,134999.5046,85060.6898,646647.627,646647.627,0
4193,600635.SH,20230616,3.26,0.9145,1.2499,1.86,,38.1229,1.1343,1.6685,1.6226,1.5337,1.5337,295243.4675,241879.1675,176981.5081,962493.7041,788526.0861,0
4194,000797.SZ,20230616,3.28,3.2556,7.2191,1.45,169.2103,,1.037,0.7043,0.731,0.3049,0.6098,157075.4217,157016.451,70809.5862,515207.3832,515013.9593,0
4195,002251.SZ,20230616,4.9,3.7434,6.1446,1.29,,,0.9117,0.4874,0.6612,1.9752,1.9752,86390.3951,86390.3951,52630.3796,423312.936,423312.936,0
4196,605005.SH,20230616,15.55,1.1894,1.1895,0.83,33.0078,32.2307,3.9741,4.3021,4.4072,0.9646,0.9646,40413.65,5126.8051,5126.5051,628432.2575,79721.8193,0
4197,002842.SZ,20230616,8.4,1.4531,2.0748,1.31,,,2.6205,1.3936,1.4457,1.1906,,27764.2771,21599.6458,15126.9686,233219.9276,181437.0247,0
4198,301408.SZ,20230616,17.48,2.8071,2.8071,0.87,43.4901,39.9968,3.7626,2.1432,2.0379,,,40001.0,5634.6088,5634.6088,699217.48,98492.9618,0
4199,600390.SH,20230616,5.62,0.7731,1.5593,1.15,9.9915,9.1037,0.6097,45.6492,40.3175,2.4021,2.4021,449806.5459,449806.5459,223024.9462,2527912.788,2527912.788,0
4200,688617.SH,20230616,355.0,0.7786,0.8449,0.81,66.1077,60.0859,13.4406,19.4634,18.203,,,6667.0,4498.4531,4145.2261,2366785.0,1596950.8505,0
4201,603369.SH,20230616,59.37,0.6528,1.181,1.39,29.7587,27.0302,6.5278,9.4462,8.5618,0.9877,1.222,125450.0,125450.0,69345.0962,7447966.5,7447966.5,0
4202,300657.SZ,20230616,20.1,6.8115,9.1392,0.79,,,5.9462,3.5156,3.6974,0.0,,48841.0056,44558.8157,33209.8243,981704.2126,895632.1956,0
4203,600992.SH,20230616,16.92,1.7886,2.3368,0.99,179.8573,159.5902,2.7964,1.7374,1.7962,0.2246,0.2246,24509.0,24509.0,18760.0182,414692.28,414692.28,0
4204,300012.SZ,20230616,19.6,0.5449,0.609,1.13,36.5374,35.5753,6.0039,6.4286,6.1765,0.3057,0.3056,168282.8214,152695.3417,136624.3283,3298343.2994,2992828.6973,0
4205,601601.SH,20230616,28.5,0.5781,1.1508,0.94,11.1414,8.9025,1.1036,0.6021,0.68,3.5088,3.5088,962034.1455,684504.1455,343870.4639,27417973.1468,19508368.1468,0
4206,002539.SZ,20230616,9.03,0.8349,0.9831,0.92,7.3097,7.9001,1.4164,0.5319,0.5278,3.6859,3.3223,120772.3762,68764.2188,58395.5951,1090574.5571,620940.8958,0
4207,300261.SZ,20230616,8.96,0.8894,1.4261,0.77,42.5294,46.324,3.5986,4.3135,4.4623,0.0,0.553,96330.9471,93707.9377,58441.0382,863125.286,839623.1218,0
4208,001332.SZ,20230616,37.71,3.5683,3.5683,1.01,17.6689,19.0473,1.9408,3.4822,3.3474,4.9108,6.8751,10800.0,2700.0,2700.0,407268.0,101817.0,0
4209,002886.SZ,20230616,17.82,1.7054,2.5159,1.68,276.7585,275.8771,3.4521,2.7094,2.714,0.3367,0.4209,22657.3529,17176.5628,11643.1876,403754.0287,306086.3491,0
4210,300437.SZ,20230616,14.23,2.0906,2.4816,0.82,,,2.29,2.0427,2.3881,0.7027,,25906.3097,17781.0597,14979.3097,368646.787,253024.4795,0
4211,603356.SH,20230616,13.89,1.7224,2.4575,1.23,,,2.3912,1.0566,1.0349,0.0,,13334.0,13334.0,9345.51,185209.26,185209.26,0
4212,002869.SZ,20230616,23.89,1.5982,2.0646,0.74,222.8844,194.124,2.0883,8.7327,8.7512,0.0,,17955.6341,15117.1479,11701.7729,428960.0986,361148.6633,0
4213,601518.SH,20230616,3.37,0.5485,1.7357,1.01,11.561,10.5786,0.9909,3.1188,3.0019,0.7122,0.7122,135039.5121,135039.5121,42673.3506,455083.1558,455083.1558,0
4214,300308.SZ,20230616,155.0,6.1109,7.9125,1.09,101.6658,99.0356,10.1428,12.9061,13.2517,0.1403,0.1264,80282.6238,75020.536,57939.8825,12443806.689,11628183.08,0
4215,300425.SZ,20230616,5.05,2.8843,4.9255,0.73,17.8077,19.5723,1.5974,1.9844,2.0814,1.0891,2.2178,67570.8786,67295.4612,39407.7022,341232.9369,339842.0791,0
4216,603182.SH,20230616,15.45,2.5179,2.5179,1.03,22.2265,23.1779,2.6778,1.5761,1.5032,,1.9417,16455.0,4114.0,4114.0,254229.75,63561.3,0
4217,300003.SZ,20230616,23.56,0.5951,0.815,0.9,20.1139,19.6542,2.8386,4.1762,4.2207,1.1014,1.1014,188060.9906,161498.7544,117931.2919,4430716.9385,3804910.6537,0
4218,002252.SZ,20230616,7.51,2.5769,3.5873,2.9,26.926,24.6868,1.737,7.7085,7.2894,0.3728,0.7723,674078.7907,673813.8007,484012.5493,5062331.7182,5060341.6433,0
4219,300946.SZ,20230616,36.5,28.7376,28.7376,4.16,45.9917,45.367,4.1298,9.0711,8.8649,0.6393,0.6301,12000.6,3414.6,3414.6,438021.9,124632.9,0
4220,000812.SZ,20230616,5.33,1.3379,1.6232,1.11,65.3737,54.3848,2.3217,3.1752,3.1935,0.0,,76869.2614,76815.8183,63314.8043,409713.1633,409428.3115,0
4221,000737.SZ,20230616,5.59,1.0708,1.3287,1.4,16.2418,18.1075,2.1881,0.9277,0.9807,0.0,,177245.6167,72637.1697,58540.0929,990802.9974,406041.7786,0
4222,605208.SH,20230616,9.35,1.4631,1.4631,0.58,32.7508,,1.5044,0.8729,0.9364,1.0969,0.3209,32994.0,16851.51,16851.51,308493.9,157561.6185,0
4223,300345.SZ,20230616,10.63,2.0364,2.6662,1.1,,,6.1364,24.4348,15.1239,0.0,,57759.5483,44129.5483,33704.8388,613983.9984,469097.0984,0
4224,301168.SZ,20230616,63.27,17.3286,20.5581,1.78,65.6177,55.1211,3.8275,6.08,6.0125,0.1091,0.1091,12000.0,4965.3,4185.3,759240.0,314154.531,0
4225,688293.SH,20230616,46.51,4.1027,4.1027,2.02,50.6605,51.1839,2.4708,18.1341,18.4314,,,11477.246,2477.6423,2477.6423,533806.7115,115235.1434,0
4226,300342.SZ,20230616,10.73,2.9095,4.6117,1.78,583.0884,186.8944,3.0236,5.4342,5.3112,0.932,,42503.5113,41624.8485,26260.2521,456062.6762,446634.6244,0
4227,300964.SZ,20230616,52.68,20.5487,23.7876,0.83,85.4988,99.3331,4.0329,7.2811,7.482,0.5695,0.5695,7729.8284,3290.9034,2842.8234,407207.3601,173364.7911,0
4228,688184.SH,20230616,30.92,0.7135,0.7135,0.93,28.4938,39.6283,1.3276,2.5087,2.7924,,,13437.8228,2844.1067,2844.1067,415497.481,87939.7792,0
4229,301043.SZ,20230616,30.11,3.8629,3.8629,1.03,49.1015,36.588,2.7203,4.3252,4.164,0.2657,2.0259,6800.0,1800.0,1800.0,204748.0,54198.0,0
4230,300828.SZ,20230616,16.3,11.154,22.2215,0.86,27.8116,28.8945,3.4272,3.5316,3.4835,1.6313,2.454,16590.0,12255.9553,6151.8103,270417.0,199772.0714,0
4231,603316.SH,20230616,5.92,0.9055,1.7517,0.98,,,1.8331,1.9562,2.0424,0.2534,,26426.4,26426.4,13659.9578,156444.288,156444.288,0
4232,600468.SH,20230616,5.11,2.6749,6.3571,1.13,45.9378,45.3187,2.7851,2.4892,2.5097,0.5675,0.5675,108773.5321,108773.5321,45769.6009,555832.749,555832.749,0
4233,300217.SZ,20230616,5.63,3.0897,3.9491,1.32,27.7584,26.8951,2.5135,2.1933,2.1045,0.3441,0.3552,148770.654,123668.1112,96754.637,837578.782,696251.4661,0
4234,600864.SH,20230616,5.12,0.7372,1.4135,0.99,,,0.8699,6.5363,6.2209,0.6836,0.6836,208057.052,208057.052,108506.3802,1065252.1062,1065252.1062,0
4235,688056.SH,20230616,38.27,2.5205,2.5205,0.87,57.662,56.457,3.0698,7.2482,6.8778,,,6723.64,2644.14,2644.14,257313.7028,101191.2378,0
4236,600626.SH,20230616,3.54,0.8158,1.1836,0.4,,,1.2946,0.3488,0.3427,0.2825,0.2825,110797.871,85229.1316,58746.4337,392224.4633,301711.1259,0
4237,002930.SZ,20230616,21.89,0.3793,0.8102,1.02,44.3141,41.5941,4.3071,7.8467,7.2372,1.3566,1.3566,45278.727,42964.4356,20113.8185,991151.334,940491.4953,0
4238,688052.SH,20230616,189.7,2.6929,3.1399,0.96,107.1123,159.904,4.1187,16.0684,14.8929,,,14148.96,7390.183,6338.1122,2684057.712,1401917.7151,0
4239,000407.SZ,20230616,3.63,0.6933,0.9279,1.13,21.0572,22.2505,1.1607,0.6877,0.6708,0.9642,0.9642,88008.4656,87576.7412,65435.3879,319470.7301,317903.5706,0
4240,000668.SZ,20230616,11.27,0.4563,0.7714,0.74,,,1.3666,2.5913,3.2698,0.0,,14684.189,14668.8393,8676.231,165490.81,165317.8189,0
4241,603551.SH,20230616,12.35,1.4155,4.4902,2.89,20.6627,18.2252,3.8117,2.6385,2.6806,4.7747,5.871,40170.0,39915.9,12582.9438,496099.5,492961.365,0
4242,603617.SH,20230616,9.41,1.2811,2.1914,0.77,68.3673,89.4508,2.4864,4.8821,5.3421,1.0633,0.3188,39107.1337,39107.1337,22861.7966,367998.1281,367998.1281,0
4243,603601.SH,20230616,4.27,0.7016,1.2218,0.76,28.8941,34.9084,2.0852,2.6955,2.6803,1.7463,1.0539,102164.3312,102164.3312,58668.6072,436241.6942,436241.6942,0
4244,600724.SH,20230616,3.68,0.2298,0.9976,1.17,21.7771,22.7782,1.9525,1.6333,1.591,6.7935,4.0761,144524.1071,144494.2664,33279.4209,531848.7141,531738.9004,0
4245,300993.SZ,20230616,11.19,3.7681,3.7681,1.55,22.0102,21.9983,2.7474,6.3079,6.1242,0.7638,1.2374,30813.12,9946.17,9946.17,344798.8128,111297.6423,0
4246,600232.SH,20230616,5.34,0.4827,0.9388,0.9,39.3466,43.3076,1.9589,1.495,1.4934,3.6662,3.7453,36471.8544,36471.8544,18754.5093,194759.7025,194759.7025,0
4247,603083.SH,20230616,73.95,23.4969,29.714,0.9,115.6777,56.6411,9.4729,5.2396,4.5262,0.0,,26822.2941,26050.3181,20599.7366,1983508.6487,1926421.0235,0
4248,002749.SZ,20230616,10.71,0.7427,1.875,1.07,41.0564,36.6503,3.3153,2.8293,2.6733,2.055,1.8674,43546.2583,40037.4761,15859.7327,466380.4264,428801.369,0
4249,001330.SZ,20230616,9.82,3.66,3.66,0.46,,,2.0186,6.7102,10.8389,,,137451.8984,27490.3797,27490.3797,1349777.6423,269955.5287,0
4250,603035.SH,20230616,19.2,0.9613,1.3468,0.54,14.259,13.8965,1.5961,1.9905,1.9059,1.8208,2.1042,38003.0933,38003.0933,27123.7214,729659.3914,729659.3914,0
4251,600649.SH,20230616,4.03,0.3768,0.7985,0.86,13.0268,27.9177,0.4912,1.2038,1.3134,2.7295,2.7295,252957.5634,252957.5634,119364.2188,1019418.9805,1019418.9805,0
4252,002571.SZ,20230616,6.27,3.3194,4.8003,0.54,,,1.9313,2.1871,2.0905,0.0,,39195.07,29830.6188,20627.99,245753.0889,187037.9799,0
4253,600184.SH,20230616,12.9,1.6066,3.7237,3.21,92.3278,114.2326,2.6225,2.6117,2.8195,0.3876,,50876.0826,50876.0826,21950.926,656301.4655,656301.4655,0
4254,300212.SZ,20230616,39.93,8.3847,13.592,1.4,2303.9473,,6.8803,16.5754,19.2296,0.0,,66581.4309,64072.3091,39525.3877,2658596.5358,2558407.3024,0
4255,000078.SZ,20230616,3.25,0.4564,0.8521,1.31,,,1.8798,0.2363,0.2317,0.0,,275083.3257,261957.4845,140312.9717,894020.8085,851361.8246,0
4256,603073.SH,20230616,20.01,7.1,7.1,0.58,21.1371,21.8371,1.9315,3.1552,3.132,,1.4993,11600.0,2900.0,2900.0,232116.0,58029.0,0
4257,301013.SZ,20230616,15.0,9.9785,10.7928,0.57,,,3.9863,11.4379,10.1424,0.4444,,23374.3056,16609.2239,15356.0431,350614.584,249138.3585,0
4258,920964.BJ,20230616,3.21,0.0588,0.0707,0.65,16.9223,16.7071,0.9588,1.2706,1.1872,,,26120.8,17583.1922,14624.9128,83847.768,56442.047,0
4259,300354.SZ,20230616,41.48,1.1717,1.4998,1.24,47.1158,45.0692,9.7545,15.6301,14.6202,0.4219,0.4267,13832.0201,7990.9419,6242.9661,573752.1937,331464.27,0
4260,600455.SH,20230616,22.76,1.6781,2.1136,0.81,52.9517,53.2371,5.897,5.9863,5.8577,0.0,,6245.8,6245.8,4958.9938,142154.408,142154.408,0
4261,600525.SH,20230616,5.97,1.7133,2.4671,1.45,11.6527,12.2166,1.5499,1.0311,0.9965,0.0,,131492.5152,130577.5152,90680.6744,785010.3157,779547.7657,0
4262,600380.SH,20230616,13.23,0.4172,0.7788,0.7,16.9861,16.9611,1.9097,1.4889,1.4974,1.0875,1.0875,192918.9374,192918.9374,103353.5721,2552317.5418,2552317.5418,0
4263,603191.SH,20230616,18.6,2.2595,2.2595,0.91,20.7873,18.1299,2.7078,2.4528,2.2854,0.0,0.9677,33316.7407,18370.031,18370.031,619691.377,341682.5766,0
4264,300633.SZ,20230616,55.28,0.824,1.4836,0.56,64.3746,52.0691,8.2227,13.5061,12.7645,0.2247,0.5503,43065.2785,43065.2785,23920.2385,2380648.5955,2380648.5955,0
4265,002500.SZ,20230616,5.8,0.3595,0.6875,1.26,36.2435,27.397,1.1805,5.0043,4.3132,2.069,2.069,358977.1547,358977.1547,187727.8181,2082067.4973,2082067.4973,0
4266,002312.SZ,20230616,8.64,0.6746,0.9004,0.84,15.3633,17.3697,1.7613,1.6309,1.6872,0.0,,189209.6394,134765.4292,100964.8273,1634771.2844,1164373.3083,0
4267,920415.BJ,20230616,3.94,0.1695,0.3102,1.34,78.6932,41.6571,1.0814,3.0922,3.0446,,,14051.1487,13788.6914,7534.5879,55361.5259,54327.4441,0
4268,301320.SZ,20230616,25.7,49.8862,49.8862,0.75,69.4647,73.0759,4.5029,7.0064,7.2901,,,18120.0,4296.4707,4296.4707,465684.0,110419.297,0
4269,601330.SH,20230616,7.33,0.3648,1.1611,0.84,13.7143,13.9066,1.4013,2.2364,2.2685,1.3642,1.3642,139344.96,98908.9808,31073.8294,1021398.5568,725002.8293,0
4270,603365.SH,20230616,14.19,0.545,1.3524,1.52,13.5991,13.6499,1.3337,1.0328,1.0295,3.5042,3.5042,26667.0,26667.0,10746.616,378404.73,378404.73,0
4271,603281.SH,20230616,31.34,1.0844,1.0844,0.73,11.2501,13.1275,2.7318,3.533,3.9907,,2.735,37333.3334,9333.3334,9333.3334,1170026.6688,292506.6688,0
4272,300005.SZ,20230616,8.54,1.4357,2.1293,0.77,107.9331,94.2016,3.5837,6.6261,6.4508,0.0,,88370.2186,88370.2186,59582.3311,754681.6668,754681.6668,0
4273,002280.SZ,20230616,3.52,1.7819,1.8526,0.81,,,11.4011,0.6097,0.6382,0.0,,217714.9675,188869.5823,181661.3678,766356.6856,664820.9297,0
4274,002938.SZ,20230616,24.98,0.4827,1.888,0.88,11.5662,11.9839,2.1666,1.6007,1.619,2.0022,2.8022,232043.7816,227633.8016,58200.2469,5796453.6644,5686292.364,0
4275,002659.SZ,20230616,5.22,3.3489,4.7045,0.59,,,1.3943,18.1782,13.6049,0.0,,59828.0384,58829.1419,41877.8665,312302.3604,307088.1207,0
4276,002883.SZ,20230616,11.33,4.0391,5.6685,0.57,34.2375,34.3726,2.7133,2.3712,2.3633,0.8463,0.8463,15622.7282,12362.4308,8808.9905,177005.5105,140066.341,0
4277,300713.SZ,20230616,25.4,17.7184,26.7077,0.87,,,5.952,11.7003,11.7389,0.0,,15778.125,8514.8451,5648.9019,400764.375,216277.0655,0
4278,603610.SH,20230616,11.91,0.6624,1.5801,0.67,166.612,,1.3837,1.6031,1.6322,2.6238,,35848.9251,35848.9251,15027.4855,426960.6979,426960.6979,0
4279,688139.SH,20230616,51.98,0.479,0.954,0.65,27.509,26.4519,4.1164,5.7706,5.5326,,,31795.2508,31795.2508,15962.751,1652717.1366,1652717.1366,0
4280,002521.SZ,20230616,6.26,1.3417,1.5109,1.02,365.3612,,0.8739,0.993,1.0065,1.5974,,49468.5819,40282.9782,35772.0107,309673.3227,252171.4435,0
4281,603358.SH,20230616,19.44,0.4403,1.2051,0.76,32.7853,28.3697,2.7097,1.6532,1.6701,1.5432,1.5432,43904.0,43904.0,16040.5268,853493.76,853493.76,0
4282,300731.SZ,20230616,21.24,7.1926,9.9023,0.93,,,4.4107,5.1614,5.4183,0.0,,12643.1804,12015.0989,8727.2337,268541.1517,255200.7006,0
4283,000910.SZ,20230616,7.91,0.7119,1.3297,0.78,10.3018,10.8619,0.6842,0.5881,0.6131,2.0228,2.0228,54739.75,54712.6,29292.52,432991.4225,432776.666,0
4284,002933.SZ,20230616,27.36,1.2183,2.0325,0.95,,,2.233,16.8306,20.3098,0.0,,11735.0,11338.5547,6796.7162,321069.6,310222.8566,0
4285,600867.SH,20230616,10.26,0.9053,1.4965,0.7,12.9308,20.4322,3.2484,7.3621,8.0018,5.3571,4.8489,199367.8653,198985.0653,120376.372,2045514.298,2041586.77,0
4286,600389.SH,20230616,21.17,1.1733,1.9205,1.41,5.0902,7.1005,2.7523,1.1245,1.3446,9.7577,10.4092,44348.337,43065.0,26310.463,938854.2943,911686.05,0
4287,002172.SZ,20230616,3.42,0.8189,1.2222,0.93,,,32.4955,1.2956,1.3628,0.0,,76573.236,76527.198,51275.6381,261880.4671,261723.0172,0
4288,300985.SZ,20230616,25.61,5.9838,5.9838,0.92,,,2.9218,20.5905,10.1626,0.4686,0.4686,13333.34,3633.34,3633.34,341466.8374,93049.8374,0
4289,600495.SH,20230616,4.35,5.3783,7.7958,2.15,499.6724,195.3184,1.629,4.2205,4.0796,0.2299,0.2299,120819.0886,120819.0886,83353.4978,525563.0354,525563.0354,0
4290,301263.SZ,20230616,19.37,1.4611,1.8263,0.93,47.2004,47.7168,4.7352,10.5196,10.3805,1.0038,2.0077,42549.75,22900.2638,18320.0668,824188.6575,443578.1098,0
4291,688041.SH,20230616,77.08,10.1498,10.1498,0.97,222.9633,199.1825,10.3789,34.9562,33.6821,,,232433.8091,21178.9812,21178.9812,17915998.0054,1632475.8709,0
4292,603016.SH,20230616,22.66,0.5275,1.1681,0.7,50.0335,47.3608,4.3181,5.4629,5.4696,1.368,1.368,14816.0,14816.0,6691.48,335730.56,335730.56,0
4293,920856.BJ,20230616,4.93,0.0348,0.0748,0.74,13.2384,12.1775,0.9837,0.9548,0.9181,,,8710.5203,5557.0101,2587.2073,42942.8651,27396.0598,0
4294,002926.SZ,20230616,8.41,0.5215,0.9772,1.1,52.2692,22.1957,0.9658,6.54,5.4329,1.1891,1.1891,262500.0,262500.0,140079.4426,2207625.0,2207625.0,0
4295,000776.SZ,20230616,15.1,0.6462,1.4011,1.17,14.5131,13.1017,1.0334,4.579,4.2883,3.3027,3.3027,762108.7664,591929.1464,273008.5293,11507842.3726,8938130.1106,0
4296,600265.SH,20230616,16.28,0.0869,0.2436,0.62,,,13.834,18.668,14.0869,0.0,,12980.0,12980.0,4633.1947,211314.4,211314.4,0
4297,600702.SH,20230616,146.96,1.7233,2.4776,0.8,29.0526,28.3969,7.6363,8.0862,7.9072,0.5425,1.5632,33319.5979,33073.7559,23004.1791,4896648.1074,4860519.1671,0
4298,002201.SZ,20230616,9.79,0.8123,1.4278,1.03,176.2133,186.2748,6.0609,4.4234,4.3916,0.124,0.124,65163.6241,65025.1937,36995.1483,637951.8799,636596.6463,0
4299,603722.SH,20230616,50.88,0.6866,1.2608,0.39,37.2302,53.9102,6.0155,6.2744,7.3075,0.6879,0.5896,8793.75,8793.75,4789.12,447426.0,447426.0,0
4300,301398.SZ,20230616,36.35,9.1539,9.1539,0.68,51.715,45.4013,2.8623,10.7461,9.6972,,,8000.0,1927.3256,1927.3256,290800.0,70058.2856,0
4301,600824.SH,20230616,3.61,0.4024,0.6669,0.61,,,1.6025,4.7598,4.1804,0.7479,0.7479,105402.7073,105402.7073,63593.0544,380503.7734,380503.7734,0
4302,600011.SH,20230616,8.5,1.1066,2.7811,1.48,,,2.7734,0.5408,0.5408,0.0,,1569809.3359,1099770.9919,437592.3252,13343379.3552,9348053.4312,0
4303,301208.SZ,20230616,59.16,8.6943,8.6943,1.46,27.868,27.3446,2.8438,2.9773,3.067,0.6085,0.6085,6666.67,1666.67,1666.67,394400.1972,98600.1972,0
4304,600305.SH,20230616,11.17,0.4701,0.8489,0.81,90.0888,93.0347,3.79,5.8119,5.7028,0.8067,1.6853,111295.6032,100295.6032,55534.2139,1243171.8877,1120301.8877,0
4305,600292.SH,20230616,5.79,0.7843,1.6448,1.35,,,0.8857,1.0929,1.119,0.3627,0.3627,78081.689,78081.689,37230.0764,452092.9793,452092.9793,0
4306,920781.BJ,20230616,4.9,0.3058,0.3059,1.9,15.3838,14.3957,1.8639,2.0334,1.9581,,,14051.5504,8468.4046,8466.6646,68852.597,41495.1825,0
4307,600406.SH,20230616,27.84,0.2526,0.5924,1.16,28.9125,28.2694,4.3226,3.9799,3.9428,1.2273,1.2273,669450.2993,664077.6743,283197.8045,18637496.3325,18487922.4525,0
4308,000055.SZ,20230616,4.75,0.6518,0.8168,0.82,18.0286,16.4617,0.8928,1.326,1.2719,1.0526,1.0526,107387.4227,67587.6179,53940.516,510090.2578,321041.185,0
4309,000997.SZ,20230616,20.21,1.8581,2.6581,0.94,,,3.5416,3.1314,3.061,1.2143,1.2143,103206.2937,102636.1151,71748.1711,2085799.1957,2074275.8862,0
4310,000049.SZ,20230616,35.37,1.8001,3.2714,1.5,12.2249,13.4807,2.6701,0.4869,0.501,2.1269,1.8377,29938.6862,29927.8116,16467.8909,1058931.3309,1058546.6963,0
4311,301213.SZ,20230616,42.16,4.9498,5.5191,0.63,192.623,157.9062,4.1949,32.8339,31.4627,0.7116,0.2135,7999.9999,2875.6399,2579.0399,337279.9958,121236.9782,0
4312,002440.SZ,20230616,6.96,0.3687,0.5478,0.95,13.2025,19.7883,0.8279,1.2775,1.3277,4.9129,,115050.0,96287.8589,64807.4612,800748.0,670163.4979,0
4313,920892.BJ,20230616,11.86,3.0194,3.8891,0.9,14.9858,14.9041,3.0201,2.3378,2.3064,,,9927.2351,3411.6728,2648.7036,117737.0083,40462.4394,0
4314,605196.SH,20230616,7.06,1.5418,1.5418,1.01,14.0574,13.1464,1.4247,0.6953,0.6534,0.3369,0.3369,51144.2098,32387.1098,32387.1098,361078.1212,228652.9952,0
4315,002534.SZ,20230616,16.9,1.4571,6.0583,1.13,61.2815,66.3659,3.5408,1.7011,1.6525,1.1505,0.5917,73920.2803,72865.925,17525.3276,1249252.7371,1231434.1325,0
4316,600881.SH,20230616,2.16,0.1906,0.2318,0.84,,,0.7559,0.5412,0.5933,0.0,,324891.3588,324891.3588,267165.6347,701765.335,701765.335,0
4317,688231.SH,20230616,28.36,0.851,0.851,1.02,74.1296,67.1242,2.477,7.357,7.0047,,,24685.7143,5291.9184,5291.9184,700086.8575,150078.8058,0
4318,003037.SZ,20230616,12.19,4.0032,4.0032,0.64,39.452,36.0003,3.6494,0.9236,0.8927,0.6563,1.7227,50383.6583,9102.1583,9102.1583,614176.7947,110955.3097,0
4319,688386.SH,20230616,39.17,2.5107,3.5302,1.59,87.4751,110.1948,4.6154,7.5231,7.4782,,,7000.0,4736.1488,3368.3607,274190.0,185514.9485,0
4320,603111.SH,20230616,4.76,0.5363,0.7133,0.9,17.6087,17.1195,1.2984,1.4349,1.4718,0.0,,99327.5484,83598.325,62853.2657,472799.1304,397928.027,0
4321,002984.SZ,20230616,31.11,1.4684,1.521,0.83,25.2371,24.7102,2.712,3.2121,3.1082,0.5464,,64967.1593,29190.6667,28181.6552,2021128.3258,908121.641,0
4322,600372.SH,20230616,14.75,1.0025,2.2849,2.29,75.8727,75.0551,1.0838,5.9139,5.8507,0.3624,0.3624,448503.959,448503.959,196774.1232,6615433.3953,6615433.3953,0
4323,301098.SZ,20230616,11.68,4.1504,5.1041,1.19,24.6033,24.5087,1.6599,1.8955,1.8695,0.5708,1.1416,15840.0,10797.3639,8779.8639,185011.2,126113.2104,0
4324,688012.SH,20230616,169.9,1.5696,2.324,0.9,89.7868,79.092,6.5543,22.1594,20.9488,,,61819.8523,61819.8523,41751.8772,10503192.9058,10503192.9058,0
4325,600971.SH,20230616,7.79,1.1384,2.5253,0.84,3.7202,3.4167,0.8342,1.1147,1.1304,6.4185,12.837,120000.4884,120000.4884,54096.5995,934803.8046,934803.8046,0
4326,603387.SH,20230616,12.94,0.4967,0.888,0.72,13.1538,16.3364,2.6775,3.6021,4.0127,1.8768,2.3184,50715.3517,50715.3517,28363.712,656256.651,656256.651,0
4327,300767.SZ,20230616,27.79,1.3702,1.9469,1.02,68.5424,95.7459,4.4672,7.6573,8.6305,0.2648,,24722.7935,20934.8274,14733.6822,687046.4314,581778.8534,0
4328,300758.SZ,20230616,9.82,0.5147,0.833,0.77,,,2.5583,3.3334,3.5063,2.0023,,41023.737,31577.3457,19510.7497,402853.0973,310089.5348,0
4329,000528.SZ,20230616,7.76,1.1533,1.402,0.98,25.2647,22.9505,0.9432,0.5718,0.5499,2.0658,2.0658,195126.1261,141294.3324,116223.0004,1514178.7385,1096444.0194,0
4330,300133.SZ,20230616,7.83,4.3201,5.7859,1.3,36.9636,34.164,2.1632,6.0144,5.0145,0.2786,0.2765,190107.3701,162827.2001,121575.7045,1488540.7079,1274936.9768,0
4331,300956.SZ,20230616,15.11,1.9217,1.9217,1.11,,,1.9471,1.4534,1.6455,0.6618,,13200.0792,5700.4774,5700.4774,199453.1967,86134.2135,0
4332,600348.SH,20230616,8.05,1.1638,2.6168,1.94,4.1335,3.898,1.1477,0.8287,0.8436,4.1408,11.4037,360750.0,360750.0,160447.8633,2904037.5,2904037.5,0
4333,002471.SZ,20230616,2.71,4.769,5.8581,5.59,,,2.5719,0.5833,0.5865,0.0,,126800.0,126618.9719,103078.334,343628.0,343137.4138,0
4334,300193.SZ,20230616,7.15,1.154,1.5338,1.25,19.7572,22.477,1.6449,2.8277,3.0954,6.8319,6.8319,48727.2604,43223.4884,32520.4267,348399.9119,309047.9421,0
4335,300783.SZ,20230616,21.57,2.1799,3.7822,0.9,67.0211,54.2995,3.401,1.186,1.4169,1.0199,1.0199,40100.0,28079.6,16183.898,864957.0,605676.972,0
4336,300700.SZ,20230616,16.58,2.8369,3.1219,1.29,41.0042,37.8133,4.5779,5.8031,5.5398,0.0,,22495.0645,17185.896,15617.0186,372968.1694,284942.1557,0
4337,600873.SH,20230616,8.93,0.3248,0.4738,0.92,5.9653,6.4927,2.445,0.9409,0.9329,4.63,9.1093,294342.6102,294342.6102,201800.6795,2628479.5091,2628479.5091,0
4338,002932.SZ,20230616,27.5,1.1954,1.4989,0.73,1.5194,2.2089,1.0642,0.6072,0.7598,8.5822,17.6121,23252.0957,15389.0731,12272.9949,639432.6318,423199.5103,0
4339,002597.SZ,20230616,23.32,0.8223,1.5128,1.03,7.7173,8.7298,1.9614,1.8041,1.9419,2.7595,3.37,56092.7062,55716.556,30286.2287,1308081.9086,1299310.0859,0
4340,601869.SH,20230616,37.69,1.7861,6.8098,1.58,24.4777,23.7164,2.7432,2.0654,2.034,0.7456,0.7456,75790.5108,40633.8314,10657.351,2856544.3521,1531489.1055,0
4341,600777.SH,20230616,2.48,1.2686,1.4937,0.91,5.3917,5.2114,0.9652,1.8024,1.7428,0.0,,680049.5825,636615.2391,540692.6803,1686522.9646,1578805.793,0
4342,600759.SH,20230616,2.5,0.9568,1.367,0.85,,,1.5298,1.9952,2.0978,0.0,,226350.7518,225818.4018,158050.356,565876.8795,564546.0045,0
4343,603059.SH,20230616,21.46,0.6386,2.5464,0.77,22.0772,20.5565,1.8574,2.0461,2.0263,0.7448,1.5835,10010.734,10010.734,2510.734,214830.3516,214830.3516,0
4344,600096.SH,20230616,17.28,1.1621,1.7859,1.47,5.2642,5.329,1.965,0.4209,0.4158,0.0,5.787,183432.8747,174432.8747,113507.4455,3169720.0748,3014200.0748,0
4345,601811.SH,20230616,16.38,1.9757,7.8586,1.12,14.4703,14.1614,1.6467,1.849,1.8315,1.9536,2.0757,123384.1,79190.39,19909.4375,2021031.558,1297138.5882,0
4346,600355.SH,20230616,3.39,1.9768,2.3508,1.11,,,8.1012,9.3388,10.4487,0.0,,49208.92,49208.92,41378.92,166818.2388,166818.2388,0
4347,300534.SZ,20230616,10.02,3.2918,5.2915,1.09,117.69,67.2143,5.1521,7.3552,4.6454,0.0,,30334.5,30089.7746,18718.5719,303951.69,301499.5415,0
4348,300525.SZ,20230616,16.93,2.7604,3.2586,1.21,48.9806,52.1443,6.0851,6.4921,6.3722,0.3227,0.618,73603.6158,59700.9001,50573.7133,1246109.2155,1010736.2387,0
4349,300763.SZ,20230616,104.66,3.2398,5.0455,1.63,39.1687,34.0351,5.5548,7.0493,6.4451,0.0,,39668.8445,30180.6193,19379.3864,4151741.2654,3158703.6159,0
4350,000088.SZ,20230616,4.93,0.1889,0.581,1.09,24.6414,23.4598,1.1685,13.902,13.8625,0.6085,1.5213,224916.1747,224913.5473,73133.3473,1108836.7413,1108823.7882,0
4351,300630.SZ,20230616,20.79,1.5063,1.9098,0.74,21.5678,22.8352,3.3805,5.0222,5.0076,0.92,0.92,43635.2522,32205.9816,25401.8395,907176.8932,669562.3575,0
4352,300548.SZ,20230616,42.77,26.3829,34.4904,1.43,58.1333,57.9299,6.7478,7.6983,7.2376,0.6161,0.5144,26399.8643,21723.8043,16617.3296,1129122.1961,929127.1099,0
4353,001336.SZ,20230616,26.76,2.5041,2.5041,0.79,33.1837,35.4514,2.8735,3.7708,3.9739,0.0,0.4484,8037.35,2009.35,2009.35,215079.486,53770.206,0
4354,002072.SZ,20230616,6.13,1.1217,1.1217,1.01,,,44.5399,6.276,6.8458,0.0,,36768.0,25760.54,25760.54,225387.84,157912.1102,0
4355,000155.SZ,20230616,14.43,0.9027,1.5103,1.0,30.0059,27.767,3.7731,5.6025,5.3265,0.0,,147592.6818,129693.1295,77519.1213,2129762.3984,1871471.8587,0
4356,600327.SH,20230616,4.69,0.6788,1.2373,0.99,23.8123,29.068,1.3069,1.3259,1.3046,7.4627,1.4925,88477.9518,88477.9518,48539.7346,414961.5939,414961.5939,0
4357,600859.SH,20230616,21.71,1.2098,1.7356,0.91,126.4225,553.7192,1.272,2.2817,2.2706,1.8425,1.8425,113504.9451,109346.9526,76216.9695,2464192.3581,2373922.3409,0
4358,601718.SH,20230616,3.02,0.6197,1.2441,1.01,59.8411,95.3111,0.7777,0.8592,0.9395,0.0,,439162.9404,439162.9404,218741.6713,1326272.08,1326272.08,0
4359,002311.SZ,20230616,49.76,0.1605,0.3548,0.5,28.0244,26.1876,4.527,0.7906,0.7657,0.2991,0.2991,166374.997,166256.0498,75197.1139,8278819.8507,8272901.038,0
4360,688001.SH,20230616,30.41,0.5761,4.603,0.78,40.474,42.2693,3.7087,5.7753,5.8118,,,44059.5431,41250.9013,5162.9013,1339850.7057,1254439.9085,0
4361,603192.SH,20230616,19.09,0.2681,0.9031,0.98,42.8569,49.6011,1.9064,0.8773,0.9514,1.3499,0.7858,13866.6667,13866.6667,4116.6667,264714.6673,264714.6673,0
4362,603893.SH,20230616,78.73,0.8896,2.2729,0.82,110.5772,168.7442,11.2719,16.2039,18.1094,1.0787,1.0787,41774.02,41583.56,16275.046,3288868.5946,3273873.6788,0
4363,688257.SH,20230616,25.1,0.682,0.682,1.01,22.1966,22.0081,1.596,2.7548,2.5524,,,12992.0,9417.1,9417.1,326099.2,236369.21,0
4364,300340.SZ,20230616,11.96,2.4301,2.5585,0.94,,,12.0579,0.6447,0.6425,0.0,,21357.412,18715.1918,17776.0329,255434.6475,223833.6939,0
4365,000880.SZ,20230616,10.86,2.9757,2.9757,1.22,25.5633,25.2003,1.949,1.0416,1.022,0.2302,0.2302,33132.06,16216.2,16216.2,359814.1716,176107.932,0
4366,605286.SH,20230616,28.81,3.5177,3.5177,1.1,35.5344,37.0145,3.1515,2.0911,2.1306,0.3931,0.4165,17800.0,4800.0,4800.0,512818.0,138288.0,0
4367,603291.SH,20230616,14.12,15.7198,15.7198,0.94,46.0622,43.6651,3.8297,5.1651,4.9501,,0.4958,42322.0604,4232.2061,4232.2061,597587.4928,59758.7501,0
4368,000779.SZ,20230616,11.28,1.6685,4.1233,1.02,18.9505,18.4877,1.6013,1.7014,1.6782,1.3301,1.3301,38009.5146,37606.1274,15217.2917,428747.3247,424197.1171,0
4369,301024.SZ,20230616,25.4,4.8854,5.1124,0.81,,,2.5849,12.0581,11.9813,1.3123,,6358.5,1773.75,1695.0,161505.9,45053.25,0
4370,300063.SZ,20230616,4.9,6.3794,7.0235,1.15,35.8835,35.083,2.3523,0.3835,0.3919,0.0,,75397.195,61975.42,56292.2967,369446.2555,303679.558,0
4371,002864.SZ,20230616,44.33,10.1961,11.949,1.02,42.4741,41.8616,3.6909,4.4102,4.2922,0.3584,0.4512,9692.822,6463.2434,5515.1201,429682.7993,286515.5799,0
4372,300055.SZ,20230616,7.35,0.6948,0.768,1.18,78.3972,80.8701,1.1497,2.263,2.1797,0.3917,,83674.9606,62428.7683,56480.259,615010.9604,458851.447,0
4373,603983.SH,20230616,34.28,0.3657,1.9043,1.07,79.006,73.443,4.2126,7.9468,7.5373,0.5543,0.5543,40144.478,40100.0,7700.0,1376152.7058,1374628.0,0
4374,688517.SH,20230616,23.96,4.4936,6.1829,0.97,41.3631,38.1038,4.5224,5.3795,5.2514,,,13610.9184,8329.7531,6053.8357,326117.6049,199580.8843,0
4375,300494.SZ,20230616,41.2,7.6004,8.2499,1.07,50.3557,46.0058,6.8865,6.7497,6.3293,0.0,,27166.5598,21135.3325,19471.3325,1119262.2638,870775.699,0
4376,300010.SZ,20230616,2.37,2.864,3.2477,1.13,,,,2.0308,2.0538,0.0,,86832.4647,81549.3379,71913.6512,205792.9413,193271.9308,0
4377,688286.SH,20230616,53.7,1.0306,1.3375,0.86,,,2.8535,9.834,10.1248,,,5359.2634,3562.7069,2745.3697,287792.4446,191317.3605,0
4378,603179.SH,20230616,43.71,0.8037,1.3183,0.75,45.2635,39.5411,5.2095,3.0662,2.7918,0.528,0.6863,48730.1971,48730.1971,29708.7219,2129996.9152,2129996.9152,0
4379,002414.SZ,20230616,10.15,0.4082,0.8922,0.6,66.4295,131.5064,4.6606,13.187,14.9503,2.4631,,328518.1622,261388.2106,119577.7715,3334459.3463,2653090.3376,0
4380,002021.SZ,20230616,2.01,2.0673,2.5473,1.04,,,,1.5834,1.7872,0.0,,68781.504,68779.254,55818.6651,138250.823,138246.3005,0
4381,002755.SZ,20230616,9.39,0.3546,1.4639,1.22,,,3.0126,4.6543,5.2014,1.065,1.065,92816.0351,92815.1576,22484.7553,871542.5696,871534.3299,0
4382,300278.SZ,20230616,4.12,6.6087,10.5075,2.84,55.1141,52.8064,3.5324,1.6347,1.7393,0.0,,142150.6508,129199.4594,81260.8439,585660.6813,532301.7727,0
4383,688069.SH,20230616,28.0,0.4916,0.7099,1.72,41.286,61.1925,1.6152,5.1907,5.3518,,,8320.36,5100.36,3532.36,232970.08,142810.08,0
4384,688601.SH,20230616,49.23,1.0034,1.1186,0.53,45.0912,60.9123,6.0162,8.5753,9.6641,,,13369.27,6944.39,6229.404,658169.1621,341872.3197,0
4385,603315.SH,20230616,11.75,1.6597,4.4839,1.39,89.3028,91.7108,2.4909,3.423,3.2837,0.0,,30702.6264,30702.6264,11364.8081,360755.8602,360755.8602,0
4386,688299.SH,20230616,15.72,0.629,0.7724,0.99,39.7521,43.7753,2.1504,3.9105,4.0301,,,28683.3913,28683.3913,23358.9408,450902.9112,450902.9112,0
4387,300975.SZ,20230616,7.02,2.2938,2.9498,0.57,33.4211,53.4835,2.628,0.7841,0.793,0.3419,0.3134,63000.0144,32369.4144,25170.6144,442260.1011,227233.2891,0
4388,300941.SZ,20230616,21.89,2.7636,2.8882,1.13,40.5552,41.0899,3.6302,11.3423,11.6668,0.7005,0.7738,20475.0,8520.525,8152.7437,448197.75,186514.2923,0
4389,920896.BJ,20230616,4.71,0.7555,0.7555,1.2,12.9948,13.0347,1.2969,1.4828,1.5478,,,10122.424,2069.9,2069.9,47676.617,9749.229,0
4390,600426.SH,20230616,31.3,1.0637,1.5697,1.42,10.567,14.3172,2.5516,2.1974,2.3581,2.5549,2.5559,212331.9999,211187.9999,143114.2166,6645991.5969,6610184.3969,0
4391,002942.SZ,20230616,17.76,0.1739,0.521,0.78,27.3203,36.5841,2.4183,2.2197,2.2829,2.765,4.1474,15600.0,13732.3875,4584.45,277056.0,243887.202,0
4392,002040.SZ,20230616,6.92,1.189,3.68,1.74,24.6571,25.0171,1.1109,4.1521,4.1964,0.7689,0.7689,49117.88,48396.68,15636.2129,339895.7296,334905.0256,0
4393,688185.SH,20230616,85.78,1.588,2.3946,0.79,,,3.2107,20.5165,33.3855,,,24744.9899,6731.2707,4463.9007,2122625.2336,577408.4006,0
4394,300006.SZ,20230616,3.53,1.1617,1.4579,1.31,,,1.7558,4.2137,4.0846,0.0,,105591.1205,81215.2773,64713.782,372736.6554,286689.9289,0
4395,300694.SZ,20230616,10.2,1.0451,1.6519,0.55,46.054,45.1438,1.7206,1.4795,1.4739,0.0,,21531.6977,20802.7952,13161.7819,219623.3165,212188.511,0
4396,002822.SZ,20230616,4.47,2.3709,3.3668,0.55,283.5578,561.8775,0.9427,0.612,0.6297,0.4469,0.4469,71359.9494,65689.8557,46258.8291,318978.9738,293633.655,0
4397,688165.SH,20230616,10.68,3.9236,7.9578,2.17,,,3.2384,4.1978,3.8888,,,52178.0,32449.495,15999.4788,557261.04,346560.6066,0
4398,600791.SH,20230616,4.49,5.5751,10.1957,0.79,119.8217,,1.6273,0.3291,0.287,0.2227,0.2227,45288.0,45231.3696,24733.0051,203343.12,203088.8495,0
4399,000544.SZ,20230616,7.03,0.6188,1.9786,0.87,15.9872,14.9346,1.0238,1.1022,1.1242,3.5562,2.1337,97468.4488,97468.4488,30482.9341,685203.1951,685203.1951,0
4400,000681.SZ,20230616,23.51,22.3014,32.0493,1.17,166.0608,131.4268,4.8194,23.6126,24.42,0.0936,0.0936,70057.7436,67242.7568,46790.7012,1647057.552,1580877.2124,0
4401,603603.SH,20230616,2.93,1.1052,1.3569,1.23,1.7768,1.6748,1.6841,4.2445,4.119,0.0,,96849.5801,81754.2723,66592.7692,283769.2697,239540.0178,0
4402,600210.SH,20230616,5.2,0.7101,0.9655,1.22,13.0754,13.1351,1.4013,0.8209,0.8305,4.8077,4.8077,151673.6158,151673.6158,111552.7982,788702.8022,788702.8022,0
4403,600137.SH,20230616,16.19,2.065,5.5101,0.66,91.103,99.9435,2.9801,4.8169,4.8484,1.05,1.05,9721.7588,9721.7588,3643.3345,157395.275,157395.275,0
4404,300250.SZ,20230616,18.46,9.8109,11.1121,0.55,,,6.7975,11.2638,12.5388,0.0,,21998.9902,15925.7629,14060.848,406101.3591,293989.5831,0
4405,600909.SH,20230616,4.86,0.3966,0.7495,1.06,19.3261,15.8636,1.1352,7.2271,6.2203,2.0576,2.0576,469766.2807,469766.2807,248593.4481,2283064.1242,2283064.1242,0
4406,603017.SH,20230616,11.0,1.9618,3.4988,1.47,34.9793,32.0931,2.1049,1.7245,1.6845,2.228,2.228,27590.5778,27590.5778,15470.0056,303496.3558,303496.3558,0
4407,300194.SZ,20230616,3.94,1.7893,1.9321,1.16,22.9095,18.5006,1.1795,1.9356,1.831,0.0,1.269,118971.2382,96612.3559,89474.8704,468746.6785,380652.6822,0
4408,300350.SZ,20230616,4.46,1.23,1.3123,0.84,,,3.1365,4.8753,4.7424,0.0,,56245.3879,46841.2318,43903.2739,250854.43,208911.8938,0
4409,000639.SZ,20230616,4.31,0.5219,1.0902,1.21,,,1.4275,0.7663,0.7558,0.0,,107942.8095,107942.6772,51675.7366,465233.5089,465232.9387,0
4410,300152.SZ,20230616,2.79,0.8465,1.024,0.9,,,5.0069,10.6464,10.6025,0.0,,71280.0,71246.1075,58894.646,198871.2,198776.6399,0
4411,600302.SH,20230616,5.07,1.1905,2.0803,1.43,,,1.7607,1.6695,2.1863,0.0,,34600.9804,34600.9804,19801.8356,175426.9706,175426.9706,0
4412,300448.SZ,20230616,6.42,2.3846,2.683,0.79,210.1866,225.61,3.0559,9.7137,9.6046,0.2336,0.2336,67651.7079,47757.6227,42446.2699,434323.9647,306603.9377,0
4413,000971.SZ,20230616,1.67,0.7387,0.8909,0.37,,,7.3187,3.3981,3.4146,0.0,,104859.0126,84288.7209,69888.3627,175114.551,140762.1639,0
4414,002383.SZ,20230616,6.46,1.2878,1.8668,1.47,,,3.5404,2.4863,2.5814,0.0,,74036.0305,61307.4194,42293.0552,478272.757,396045.9293,0
4415,603681.SH,20230616,14.89,0.7848,1.5285,0.9,12.5033,19.683,1.1824,0.5661,0.5546,1.3432,1.3432,19113.0653,19113.0653,9813.3233,284593.5423,284593.5423,0
4416,300426.SZ,20230616,14.96,4.0583,6.6852,0.72,198.2798,81.7767,58.9837,14.9138,13.7942,0.0,,40900.46,39694.3418,24097.0469,611870.8816,593827.3533,0
4417,688045.SH,20230616,58.0,2.5776,4.8155,0.75,105.4919,618.3245,2.9223,7.6164,8.1695,,,6904.8939,3089.4256,1653.7006,400483.8462,179186.6848,0
4418,920946.BJ,20230616,7.92,0.1106,0.3999,0.61,21.0607,21.6783,3.2289,5.4221,5.4877,,,42691.834,42673.084,11800.65,338119.3253,337970.8253,0
4419,300787.SZ,20230616,19.84,0.7673,1.1272,0.8,13.9194,16.5455,3.2088,1.9018,2.0193,1.6888,3.3254,22870.793,14365.793,9779.1941,453756.5331,285017.3331,0
4420,002296.SZ,20230616,8.62,2.3069,2.3991,1.33,32.2931,30.934,1.8375,5.152,4.9623,0.0,,38960.442,34588.1444,33259.7119,335839.01,298149.8047,0
4421,300406.SZ,20230616,22.42,0.9935,1.3828,1.24,33.9269,32.8374,4.2002,8.738,8.7333,0.4455,0.4439,58884.9028,33773.9727,24265.2772,1320199.5208,757212.4679,0
4422,300625.SZ,20230616,12.56,1.4335,2.0932,0.81,36.8426,41.9084,1.7471,1.5497,1.57,5.5848,4.7771,27933.1,15896.9708,10886.8322,350839.736,199665.9532,0
4423,688448.SH,20230616,32.28,16.4036,16.4036,2.23,48.288,46.1393,2.4503,6.6836,6.4513,,,7126.11,1692.4535,1692.4535,230030.8308,54632.399,0
4424,688595.SH,20230616,34.31,1.7037,1.722,0.67,1747.5574,,4.9048,7.9089,9.2102,,,14238.1063,7927.0708,7843.0708,488509.4272,271977.7991,0
4425,600618.SH,20230616,9.0,0.2643,0.9392,0.79,7.594,9.6978,1.3049,1.6353,1.723,4.4444,4.4444,115639.9976,74983.9976,21103.4329,1040759.9784,674855.9784,0
4426,688778.SH,20230616,50.9,1.2768,1.2768,0.56,19.1131,20.8091,2.6241,0.7449,0.8104,,,42077.1001,13216.8882,13216.8882,2141724.3951,672739.6094,0
4427,605169.SH,20230616,10.2,1.8745,1.8745,1.94,17.9549,23.8046,1.7037,2.0105,2.0113,3.6044,1.9608,28288.0,7072.0,7071.728,288537.6,72134.4,0
4428,688366.SH,20230616,84.8,0.3787,0.8932,0.64,80.7562,72.614,2.6163,6.8414,6.4262,,,17186.3874,13839.2874,5867.2874,1457405.6515,1173571.5715,0
4429,000670.SZ,20230616,6.42,2.6194,2.7526,1.28,351.7511,7144.6455,71.5447,1.6781,1.7712,0.0,,81662.736,60984.7112,58034.4376,524274.7651,391521.8459,0
4430,000800.SZ,20230616,8.36,0.16,0.9513,0.97,105.7372,,1.6347,1.0144,1.0449,7.7799,7.7799,465124.222,462257.9956,77743.0055,3888438.4959,3864476.8432,0
4431,002672.SZ,20230616,5.99,0.3995,0.6749,0.69,,,1.2897,1.707,1.7685,0.6889,0.6889,110525.5802,67901.8377,40196.7376,662048.2254,406732.0078,0
4432,300628.SZ,20230616,37.93,1.6186,2.3745,1.16,21.986,22.6503,6.7442,9.9527,10.2792,1.5077,2.4481,126227.2388,72165.703,49190.8773,4787799.1677,2737245.1148,0
4433,603324.SH,20230616,37.54,2.1174,2.1174,1.3,36.0304,34.7982,3.2508,3.5342,3.3472,0.9753,0.9753,12507.07,4437.9801,4437.9801,469515.4078,166601.773,0
4434,002975.SZ,20230616,42.27,6.0034,9.8513,2.35,29.1638,40.5107,3.7019,4.8419,5.1293,0.8258,,13938.0142,7030.9882,4284.7482,589159.8602,297199.8712,0
4435,605378.SH,20230616,22.97,1.9622,1.9622,1.11,31.0425,28.6509,2.7014,3.0025,3.1732,1.5237,2.1768,13334.0,3334.0,3334.0,306281.98,76581.98,0
4436,920304.BJ,20230616,4.33,1.9406,1.9406,1.63,9.9896,8.9444,1.6933,0.8456,0.7825,,,16228.8,5838.291,5838.291,70270.704,25279.8,0
4437,603090.SH,20230616,20.35,1.1055,2.4742,1.0,38.1146,30.7085,3.9012,2.8491,2.854,1.4742,1.4742,10000.0,10000.0,4468.13,203500.0,203500.0,0
4438,600217.SH,20230616,4.71,0.7798,1.5256,2.0,102.647,164.3757,2.5852,2.0942,2.0771,0.2123,0.2123,138865.9782,138865.9782,70980.187,654058.7573,654058.7573,0
4439,002490.SZ,20230616,4.04,0.8205,1.4566,1.37,,,3.5769,1.1655,1.2337,0.0,,79784.84,54161.7375,30510.0375,322330.7536,218813.4195,0
4440,300383.SZ,20230616,12.47,2.9471,3.9719,0.95,,,1.8254,3.1172,3.097,0.1604,,179759.2847,179374.2765,133092.0771,2241598.2802,2236797.228,0
4441,688047.SH,20230616,136.15,5.5013,5.5079,0.83,1054.9568,,14.2761,73.9126,80.8514,,,40100.0,3280.0,3276.085,5459615.0,446572.0,0
4442,605003.SH,20230616,18.61,2.8121,2.8121,2.17,22.5427,29.3135,1.8555,4.9148,5.5444,2.2031,4.4062,11000.0,2750.0,2750.0,204710.0,51177.5,0
4443,002550.SZ,20230616,5.28,1.6129,1.8744,1.32,20.8938,24.0378,2.8353,2.9335,2.8638,2.2195,2.2638,127980.0,92218.1654,79349.6843,675734.4,486911.9133,0
4444,600834.SH,20230616,8.33,0.4658,1.1205,1.5,54.6154,55.3891,2.4078,11.5891,11.4778,0.5522,0.5522,47738.1905,47738.1905,19843.8106,397659.1269,397659.1269,0
4445,688676.SH,20230616,29.64,2.0181,2.5694,1.18,44.6801,38.531,4.6888,2.6671,2.4705,,,42702.0366,19199.7255,15080.4069,1265688.3648,569079.8638,0
4446,300613.SZ,20230616,63.15,1.9276,3.8105,0.66,36.5135,40.946,6.5808,6.8877,7.2265,0.2568,0.285,23019.9151,21699.4125,10977.0632,1453707.6386,1370317.8994,0
4447,601022.SH,20230616,10.5,1.7988,1.7988,0.54,20.5117,19.7814,2.6868,2.8814,2.8005,,1.4667,130863.3334,13086.3334,13086.3334,1374065.0007,137406.5007,0
4448,600883.SH,20230616,7.54,1.2571,2.3364,2.1,22.0963,18.582,2.0965,151.5045,179.9627,0.9284,0.9284,23608.8,23608.8,12702.9695,178010.352,178010.352,0
4449,600368.SH,20230616,3.62,1.192,2.3987,1.03,7.7041,7.476,0.7673,2.6577,2.6127,4.7212,6.0271,123819.5275,123819.5275,61528.0915,448226.6896,448226.6896,0
4450,003023.SZ,20230616,19.86,3.7074,3.7074,1.27,22.1012,21.3045,1.4919,1.7779,1.7281,1.5493,1.7623,10534.16,5140.9177,5140.9177,209208.4176,102098.6255,0
4451,920476.BJ,20230616,15.07,0.5035,0.5035,0.89,27.6188,26.9529,2.5995,4.2706,4.027,,,8143.528,6071.234,6071.234,122722.967,91493.4964,0
4452,300165.SZ,20230616,7.0,5.3743,5.7774,0.87,,,2.2977,2.6896,2.7887,0.0,,49551.1725,38848.7329,36138.4993,346858.2075,271941.1303,0
4453,002868.SZ,20230616,36.76,1.373,4.4218,0.66,,,9.7569,17.3202,15.552,0.0,,15541.5837,15193.7386,4717.8628,571308.6168,558521.8309,0
4454,002527.SZ,20230616,10.0,3.1013,3.643,0.91,,,3.2738,2.1422,2.0795,0.6962,,66350.6691,52480.6783,44677.7986,663506.691,524806.783,1
4455,002133.SZ,20230616,3.52,0.9755,1.4662,0.69,24.1073,17.8488,0.6708,0.4526,0.5024,1.4205,1.4205,77414.4175,76987.0201,51222.7811,272498.7496,270994.3108,0
4456,920395.BJ,20230616,6.65,0.1393,0.1393,1.62,14.4511,17.3301,3.2759,5.3827,5.8895,,,9156.0,2767.8364,2767.8364,60887.4,18406.1121,0
4457,001338.SZ,20230616,19.85,14.5585,14.5585,0.56,63.8314,55.3435,3.0512,2.3758,2.266,,,50173.0834,12543.2708,12543.2708,995935.7055,248983.9254,0
4458,002457.SZ,20230616,9.04,8.2393,12.0209,4.46,18.0025,17.9765,1.3498,1.1773,1.2234,1.9822,2.2024,33499.2,33482.6849,22949.3735,302832.768,302683.4715,0
4459,000510.SZ,20230616,6.61,6.2748,7.0519,1.99,306.3766,,2.8555,1.3251,1.3222,0.0,,60918.2254,56728.4732,50476.8129,402669.4699,374975.2079,0
4460,601231.SH,20230616,14.31,0.3446,1.5675,1.04,10.3224,10.8976,2.1559,0.461,0.4675,1.7938,2.9726,220729.061,218135.0638,47950.3036,3158632.8629,3121512.763,0
4461,600207.SH,20230616,5.99,0.7924,2.2193,1.67,84.1902,95.6464,2.0806,1.5745,1.4222,0.0,,108931.2554,86295.5974,30810.7747,652498.2198,516910.6284,0
4462,600226.SH,20230616,2.46,0.4971,0.7754,1.28,15.7675,39.2324,2.4434,12.728,13.379,0.0,,311516.5266,311516.5266,199686.1817,766330.6554,766330.6554,0
4463,688161.SH,20230616,46.25,1.1885,1.7917,1.33,33.9945,34.2301,4.7357,10.0102,9.7465,,,40000.0,7501.0124,4975.7657,1850000.0,346921.8235,0
4464,000069.SZ,20230616,4.68,0.2844,0.4753,0.78,,,0.5856,0.5,0.5037,2.094,,820179.3915,705638.8594,422311.1217,3838439.5522,3302389.862,0
4465,601360.SH,20230616,15.14,4.5322,10.9248,0.9,,,3.4227,11.3625,12.0726,0.647,,714536.3197,714536.3197,296428.128,10818079.8803,10818079.8803,0
4466,600109.SH,20230616,8.89,0.5912,0.8024,0.88,27.6306,19.8103,1.0487,5.7752,4.8884,0.7874,1.2373,372435.931,321135.6772,236622.4705,3310955.4266,2854896.1703,0
4467,001203.SZ,20230616,11.32,0.8868,0.9682,1.0,17.4776,23.5872,3.0107,4.2063,5.0297,0.0,2.6163,150802.1588,43595.0574,39931.9359,1707080.4376,493496.0498,0
4468,000955.SZ,20230616,4.18,0.6502,0.8666,1.25,,,3.2831,2.6871,2.7734,0.0,,53839.5,53777.88,40349.1099,225049.11,224791.5384,0
4469,600527.SH,20230616,2.05,0.6345,0.9949,2.07,42.4955,47.0198,1.5075,4.2723,4.4482,3.4146,,173176.0902,173176.0902,110448.7295,355010.9849,355010.9849,0
4470,002719.SZ,20230616,9.82,3.22,6.0409,0.59,,,3.1204,1.7289,2.0898,0.1966,0.1966,17413.9457,16186.2695,8627.8582,171004.9468,158949.1665,0
4471,688772.SH,20230616,18.97,1.1149,1.4504,0.71,233.8485,,3.5478,1.9392,2.0568,,,112185.6252,75668.3942,58164.3942,2128161.31,1435429.438,0
4472,301209.SZ,20230616,24.43,4.7085,4.7085,0.79,30.4638,37.8165,2.9453,3.606,4.1216,0.0,0.7368,8000.0,2000.0,2000.0,195440.0,48860.0,0
4473,000008.SZ,20230616,2.37,0.6485,1.088,1.2,,,1.4816,3.6311,3.2372,0.0,,271637.7683,263007.4048,156765.5591,643781.5109,623327.5494,0
4474,300134.SZ,20230616,10.47,1.5686,3.1797,0.67,86.4891,79.3006,1.7634,3.0996,3.0828,0.0,,76749.8006,71241.8006,35145.1881,803570.4123,745901.6523,0
4475,301138.SZ,20230616,31.39,6.5914,6.5914,1.0,44.6517,42.0575,3.4977,6.9128,6.8589,1.9114,2.23,12000.0,3000.0,3000.0,376680.0,94170.0,0
4476,603323.SH,20230616,4.49,0.6723,0.7385,0.84,5.3909,5.2198,0.5566,2.0052,1.9985,3.5635,,180307.3107,154373.0308,140543.0471,809579.825,693134.9083,0
4477,300528.SZ,20230616,9.59,2.7471,6.9476,0.83,,,16.204,5.65,5.1731,0.0,,37260.8054,37260.8054,14733.1068,357331.1238,357331.1238,0
4478,000691.SZ,20230616,4.13,1.2514,1.6033,0.9,958.071,228.4118,9.3262,2.4355,2.2374,0.0,,32327.0,32327.0,25230.9005,133510.51,133510.51,0
4479,000976.SZ,20230616,2.2,1.3625,1.8198,0.51,,,1.1312,6.1212,6.2954,0.0,,159567.8796,159464.0264,119385.3203,351049.3351,350820.8581,0
4480,002551.SZ,20230616,3.9,0.7112,0.8353,0.89,,,1.1884,2.5825,2.9922,0.0,,84476.5099,61033.0034,51964.52,329458.3886,238028.7133,0
4481,301361.SZ,20230616,28.19,19.954,19.954,1.02,54.6988,49.044,3.2031,16.3613,15.846,,0.1774,11633.6,2908.4,2908.4,327951.184,81987.796,0
4482,000096.SZ,20230616,8.04,0.2729,0.5939,1.28,76.983,76.0668,1.6401,2.0212,1.8631,8.7065,8.7065,52800.0,51084.8,23472.9623,424512.0,410721.792,0
4483,600766.SH,20230616,11.33,1.0232,1.4384,0.65,,,44.12,26.9399,24.4103,0.0,,22422.6822,22393.2072,15929.2072,254048.9893,253715.0376,0
4484,300698.SZ,20230616,30.05,7.3123,16.3449,3.46,130.9572,94.7228,9.786,7.9152,7.4795,0.0,,13400.0,12357.0943,5528.239,402670.0,371330.6837,0
4485,600712.SH,20230616,3.82,0.8311,1.3971,1.2,,,2.5476,3.1731,3.2415,0.0,,54465.536,53864.8371,32044.8995,208058.3475,205763.6777,0
4486,300167.SZ,20230616,2.73,3.2485,3.9404,1.48,,,24.6271,2.1468,2.428,0.0,,36055.0,31415.75,25899.9757,98430.15,85764.9975,0
4487,600773.SH,20230616,13.32,1.0141,1.9419,1.19,93.119,92.6813,2.8784,4.4445,4.3238,0.1351,0.2553,81966.0744,81966.0744,42804.3039,1091788.111,1091788.111,0
4488,920790.BJ,20230616,5.67,0.5485,0.5485,0.59,23.8843,28.3197,1.3444,1.877,1.9477,,,7896.702,2248.4558,2248.4558,44774.3003,12748.7444,0
4489,605398.SH,20230616,39.77,6.478,7.5006,0.69,58.1396,55.857,3.2137,5.4025,5.3737,0.449,0.449,8329.7492,2699.0821,2331.0964,331274.1257,107342.4951,0
4490,603855.SH,20230616,26.69,0.1216,0.2323,0.43,25.1533,23.4535,5.7989,2.9608,3.0131,3.673,7.3459,33755.9,33755.9,17670.5,900944.971,900944.971,0
4491,002824.SZ,20230616,30.08,3.5647,5.7978,0.77,29.4091,33.6583,3.7369,2.0062,2.1126,0.6202,,20003.3833,13095.9998,8051.9701,601701.7697,393927.674,0
4492,603278.SH,20230616,10.66,1.3213,3.312,0.35,,,1.8778,0.5926,0.552,0.0,,28981.2177,28829.5427,11501.2987,308939.7807,307322.9252,0
4493,300246.SZ,20230616,11.71,1.2472,1.4113,0.48,140.3646,87.6878,2.2777,2.6085,2.4972,1.1379,2.2766,26368.3857,20792.2703,18374.9126,308773.7965,243477.4852,0
4494,300314.SZ,20230616,20.76,0.9879,1.945,0.75,61.2731,43.322,5.6091,11.8151,10.56,0.4817,0.7225,28800.0,18935.4648,9617.7598,597888.0,393100.2492,0
4495,688569.SH,20230616,37.72,4.8809,12.2022,2.82,33.5407,24.1477,3.0904,5.9295,4.8269,,,21066.67,13166.67,5266.67,794634.7924,496646.7924,0
4496,600805.SH,20230616,4.21,0.3998,0.6059,0.64,38.043,215.6612,0.8311,1.1656,1.2638,0.0,,85089.4494,85027.5368,56101.0919,358226.582,357965.9299,0
4497,688246.SH,20230616,40.89,2.4744,3.4778,1.33,82.8792,76.9954,3.1459,7.8636,7.761,,,13787.7502,9986.5166,7105.379,563781.1057,408348.6638,0
4498,603766.SH,20230616,5.15,0.7767,1.5556,1.01,20.0555,24.7619,1.3501,0.8522,0.9083,1.165,2.7184,205354.185,205354.185,102530.5795,1057574.0528,1057574.0528,0
4499,603408.SH,20230616,10.82,0.7167,0.7167,1.04,10.6082,11.9284,1.6661,1.1607,1.2601,3.6378,,44909.25,11601.8633,11601.8633,485918.085,125532.1609,0
4500,000004.SZ,20230616,15.66,2.7702,3.906,0.53,,,6.0288,12.4976,11.79,0.0,,13284.8008,11891.6853,8433.7199,208039.9805,186223.7918,1
4501,601628.SH,20230616,37.89,0.0475,0.6598,0.96,33.3816,30.7841,2.3233,1.2965,1.259,1.7155,1.7155,2826470.5,2082353.0,150000.0,107094967.245,78900355.17,0
4502,688190.SH,20230616,70.12,0.5694,1.0396,0.41,37.116,32.1341,4.1577,5.8135,5.4599,,,12000.0,5511.6,3018.6,841440.0,386473.392,0
4503,920139.BJ,20230616,10.62,0.2161,0.2373,0.28,40.5543,37.0037,2.7105,10.2849,9.844,,,26680.0,13258.2216,12071.8971,283341.6,140802.3134,0
4504,002310.SZ,20230616,1.71,0.376,0.524,0.62,,,1.0489,1.3614,2.5112,0.0,,268546.2004,260536.1637,186957.1009,459214.0027,445516.8399,0
4505,300415.SZ,20230616,19.2,2.0625,3.1045,0.88,22.1904,23.3887,3.9158,2.445,2.4745,2.6072,1.8229,46860.7084,42170.3944,28015.7205,899725.6013,809671.5725,0
4506,002569.SZ,20230616,5.22,0.4148,0.576,0.91,,,4.7828,5.4349,5.7594,0.0,,14401.0,13981.055,10069.055,75173.22,72981.1071,0
4507,600279.SH,20230616,4.15,0.4984,1.4423,1.32,34.5228,35.8131,0.8733,0.9927,0.9526,0.4819,0.9639,118686.6283,118686.6283,41013.9003,492549.5074,492549.5074,0
4508,002682.SZ,20230616,4.11,1.0172,1.3692,1.01,,,1.2693,0.4629,0.4755,0.0,,56236.8594,56235.9744,41777.6929,231133.4921,231129.8548,0
4509,600802.SH,20230616,5.12,0.5474,0.8045,0.87,,,1.6513,0.9057,0.93,1.7188,1.7188,45824.84,45824.84,31183.1693,234623.1808,234623.1808,0
4510,000576.SZ,20230616,10.63,0.9853,1.7737,0.87,39.4041,40.6875,2.6479,10.5644,10.6917,0.0,,44263.1734,43051.437,23916.437,470517.5332,457636.7753,0
4511,301076.SZ,20230616,19.22,2.2638,2.5716,1.44,24.176,24.0663,2.4681,6.4949,6.2823,1.5393,2.4013,13452.4,6932.8025,6103.0125,258555.128,133248.4641,0
4512,920957.BJ,20230616,5.09,0.0764,0.1098,0.76,15.2275,18.1733,1.4802,1.1195,1.1844,,,10730.1334,2682.5334,1866.2134,54616.379,13654.095,0
4513,000786.SZ,20230616,25.34,0.3707,0.6872,0.51,13.6501,13.5155,2.0952,2.1477,2.1354,2.5848,2.5848,168950.7842,163245.036,88051.2122,4281212.8716,4136629.2122,0
4514,600467.SH,20230616,2.46,1.6866,2.7764,0.69,60.2758,61.7094,1.0691,3.0127,2.975,0.5691,0.5691,146099.4304,146099.4304,88752.3314,359404.5988,359404.5988,0
4515,603336.SH,20230616,6.82,1.9645,3.8175,0.48,63.1148,69.0041,2.6955,2.6413,2.6406,0.0,,43873.0686,43873.0686,22577.4783,299214.3279,299214.3279,0
4516,300962.SZ,20230616,18.78,4.4414,5.6199,0.88,46.0236,45.6758,5.9208,14.7064,14.6412,1.3312,2.3962,26400.1897,12090.1959,9554.8386,495795.5626,227053.879,0
4517,001979.SZ,20230616,13.44,0.541,1.5384,1.43,24.3929,25.4172,1.2727,0.5684,0.5804,4.0179,5.7292,773909.8182,773796.2717,272123.9608,10401347.9566,10399821.8916,0
4518,688472.SH,20230616,19.68,26.2105,26.2105,0.67,32.9123,23.6347,3.6952,1.4933,1.3742,,,360705.8824,42241.9524,42241.9524,7098691.7656,831321.6232,1
4519,603626.SH,20230616,6.89,0.7243,1.2008,0.91,44.056,,1.2707,1.1167,1.2634,0.0,,55487.969,55487.969,33471.3729,382312.1064,382312.1064,0
4520,688283.SH,20230616,60.55,0.9432,1.4314,0.9,62.5915,60.1125,5.7634,23.0811,22.3415,,,8400.0,5082.4187,3348.8597,508620.0,307740.4523,0
4521,002635.SZ,20230616,13.69,1.1568,1.4775,0.82,39.3306,42.339,1.6027,2.2036,2.2992,1.4769,,67584.3779,40428.5891,31652.6087,925230.1335,553467.3848,0
4522,002463.SZ,20230616,22.5,4.4172,6.6291,0.7,31.4812,32.6633,5.1418,5.142,5.1726,0.6637,0.6667,190506.5676,190406.7574,126874.5411,4286397.771,4284152.0415,0
4523,603959.SH,20230616,10.3,1.9303,2.7498,0.87,588.0017,106.4032,6.9297,1.5684,1.5018,0.0,,49029.8992,49029.8992,34418.4642,505007.9618,505007.9618,0
4524,688361.SH,20230616,78.99,8.6533,8.6533,1.25,2152.4151,402.1989,10.9895,49.6368,40.4165,,,32000.0,5992.8041,5992.8041,2527680.0,473371.5959,0
4525,300624.SZ,20230616,141.89,13.5693,17.229,1.21,473.5932,297.5281,21.9459,16.556,15.3591,0.0,,13769.9457,12034.8537,9478.4723,1953817.5954,1707625.3915,0
4526,000839.SZ,20230616,2.1,0.2751,0.4328,0.83,,,2.7518,3.0412,2.9874,0.0,,391982.6352,391982.6352,249133.8007,823163.5339,823163.5339,0
4527,300274.SZ,20230616,114.09,2.808,3.2892,1.43,47.1545,36.128,8.5344,4.2091,3.5104,0.0964,0.2884,148519.0984,112934.3287,96413.1286,16944543.9365,12884677.5614,0
4528,301356.SZ,20230616,22.51,1.1209,1.1209,0.58,12.8237,14.2202,1.4622,1.6386,2.1652,,3.085,21600.0,5400.0,5400.0,486216.0,121554.0,0
4529,600152.SH,20230616,8.94,1.731,2.9549,1.16,,,2.5116,2.0182,2.1661,0.0,,52490.4562,52490.4562,30749.9623,469264.6784,469264.6784,0
4530,300049.SZ,20230616,27.03,2.2988,2.4756,1.36,72.6497,69.5527,4.6996,7.0485,6.8257,0.0,0.7399,26305.31,23069.9284,21421.9629,711032.5293,623580.1647,0
4531,600540.SH,20230616,4.7,1.3855,2.4299,0.84,,,3.4556,2.0634,1.8986,0.0,,58137.696,58137.696,33149.195,273247.1712,273247.1712,0
4532,300741.SZ,20230616,21.69,0.1663,0.8803,0.62,18.4273,21.8403,1.9049,7.0535,7.3423,6.0858,4.6104,61588.0,61587.715,11637.715,1335843.72,1335837.5384,0
4533,002686.SZ,20230616,6.75,1.1359,1.4926,0.84,99.8754,97.1348,2.3839,2.003,2.1538,0.2963,,56623.9133,39172.7239,29810.2227,382211.4148,264415.8863,0
4534,300810.SZ,20230616,22.58,2.5754,4.8001,1.54,210.3087,546.6088,2.6045,12.2249,11.5963,0.0886,0.0886,11805.0,11400.4475,6116.633,266556.9,257422.1046,0
4535,920876.BJ,20230616,7.87,4.9029,5.0415,3.73,20.5898,15.4767,1.8941,1.2058,0.9919,,,6418.0659,2123.0957,2064.7457,50510.1786,16708.7632,0
4536,600927.SH,20230616,16.85,0.411,0.9748,0.76,36.4709,28.9135,2.0206,0.7053,0.7562,1.6617,1.6617,145555.5556,52751.8004,22240.0587,2452611.1119,888867.8367,0
4537,688157.SH,20230616,48.05,1.2528,1.475,0.75,65.2751,82.2693,4.3706,10.7574,11.2729,,,11173.6486,5785.3286,4913.6886,536893.8152,277985.0392,0
4538,002587.SZ,20230616,7.81,10.51,11.8089,0.4,242.6634,162.497,3.7337,5.5085,5.7005,0.6385,0.3818,65154.4156,50894.6609,45296.5731,508855.9858,397487.3016,0
4539,920199.BJ,20230616,13.55,0.6633,0.6633,1.65,13.1808,16.6636,1.9198,2.3599,2.4641,,,6810.98,1702.94,1702.94,92288.779,23074.837,0
4540,603327.SH,20230616,10.87,0.8172,3.4215,1.43,18.8279,19.4283,4.2136,3.2684,3.5879,2.2863,2.8307,67769.0,67769.0,16186.6509,736649.03,736649.03,0
4541,601311.SH,20230616,9.1,0.4688,0.7687,0.7,22.7131,21.6247,1.1744,0.7952,0.7845,2.4176,2.4176,117314.6118,117314.6118,71550.2078,1067562.9674,1067562.9674,0
4542,002512.SZ,20230616,4.14,2.3419,3.2593,1.1,,,6.2556,2.7255,2.2851,0.0,,114709.4532,104845.4558,75334.5336,474897.1362,434060.187,0
4543,600966.SH,20230616,5.85,0.3207,0.6268,0.84,34.2898,,1.2979,0.4259,0.4254,4.3622,4.3622,133684.4288,133684.4288,68397.8451,782053.9085,782053.9085,0
4544,600358.SH,20230616,5.54,1.7193,2.4932,1.39,374.2779,,15.2566,4.9548,5.2821,0.0,,50493.666,50493.666,34819.7,279734.9096,279734.9096,0
4545,600133.SH,20230616,6.13,1.4461,1.8351,0.97,8.4287,7.991,0.7871,0.3487,0.3416,3.4258,3.4258,79561.8496,79561.8496,62696.8443,487714.138,487714.138,0
4546,300011.SZ,20230616,7.09,1.6077,2.1911,0.79,,,3.0596,3.1208,3.0468,0.0,,55865.0387,50079.2001,36743.7863,396083.1244,355061.5287,0
4547,300872.SZ,20230616,16.56,2.9551,3.3739,0.85,110.2597,81.6998,2.8148,3.3903,3.3297,0.3355,,40442.7654,25627.1683,22445.6937,669732.195,424385.907,0
4548,301110.SZ,20230616,57.68,14.9165,16.6401,0.92,58.9448,65.2035,2.7959,4.5419,4.343,1.0402,1.0402,6666.6667,2315.5851,2075.7351,384533.3353,133562.9486,0
4549,301036.SZ,20230616,18.07,1.0266,1.0266,0.69,63.0513,917.6012,1.1872,1.422,1.4367,4.4272,0.9961,10000.0,4111.553,4111.553,180700.0,74295.7627,0
4550,001219.SZ,20230616,18.17,4.022,4.022,2.06,29.8074,27.8905,2.9748,5.5189,5.3507,0.977,2.247,14998.75,7565.4878,7565.4878,272527.2875,137464.9133,0
4551,603950.SH,20230616,14.76,0.3161,0.858,1.09,47.814,42.8857,2.0635,4.2867,4.0688,2.0906,,32413.08,32413.08,11943.1497,478417.0608,478417.0608,0
4552,301088.SZ,20230616,17.84,4.5125,4.5125,1.24,24.3505,26.1491,1.5615,4.287,4.2725,0.9978,0.9978,22800.0,5819.0592,5819.0592,406752.0,103812.0161,0
4553,688097.SH,20230616,25.14,2.3633,2.3633,0.7,33.7026,29.9301,2.9294,2.3215,2.2724,,,44430.579,9220.404,9220.404,1116984.7561,231800.9566,0
4554,000951.SZ,20230616,16.33,1.0235,2.0889,0.71,89.7718,61.1743,1.3738,0.6656,0.6282,1.8371,,117486.936,117477.5868,57559.2492,1918561.6649,1918408.9924,0
4555,300529.SZ,20230616,24.68,0.8413,1.036,0.38,22.4097,26.5486,6.393,8.0011,8.423,3.5967,2.685,80771.1312,51492.446,41814.0611,1993431.518,1270833.5673,0
4556,003005.SZ,20230616,34.52,11.2144,14.2247,0.93,101.9032,104.2922,3.4947,11.6369,11.752,0.6208,0.6208,14840.0,5104.379,4024.182,512276.8,176203.1631,0
4557,688525.SH,20230616,95.37,24.6075,24.6075,0.86,576.2597,,17.8824,13.7457,15.15,,,43032.9136,3478.6483,3478.6483,4104048.97,331758.6884,0
4558,603716.SH,20230616,9.7,2.3412,3.0215,0.52,,,1.5272,0.8551,0.9081,0.0,,20351.7111,20132.3345,15599.4097,197411.5977,195283.6447,0
4559,300549.SZ,20230616,19.35,12.0593,20.7931,1.24,90.5744,85.1818,4.7827,6.5039,6.403,1.0336,0.6202,13334.0,10105.4675,5860.85,258012.9,195540.7961,0
4560,002259.SZ,20230616,3.56,0.3404,0.3404,1.85,,,10.7986,1.4493,1.5941,0.0,,75232.8267,75232.8267,75232.8267,267828.8631,267828.8631,0
4561,688108.SH,20230616,10.95,3.0965,4.3248,0.67,,,5.3872,23.2792,21.6958,,,41000.0,41000.0,29355.8055,448950.0,448950.0,0
4562,301113.SZ,20230616,28.18,1.766,1.766,0.54,40.2356,59.9216,2.7822,11.3487,15.6314,4.6132,,7000.0,1848.4525,1848.4525,197260.0,52089.3915,0
4563,001333.SZ,20230616,25.1,1.1522,1.1522,0.88,24.2857,24.6382,2.1422,2.3652,2.3718,,1.992,12800.0,3200.0,3200.0,321280.0,80320.0,0
4564,300999.SZ,20230616,41.34,1.0024,1.0024,1.06,74.4331,59.7557,2.4966,0.8705,0.8555,0.1863,0.1863,542159.1536,54264.7097,54264.7097,22412859.4098,2243303.099,0
4565,300329.SZ,20230616,6.96,0.6858,1.2361,0.69,211.4389,321.7384,1.9049,4.6417,4.9218,0.0,,25288.878,25214.0431,13989.2231,176010.5909,175489.74,0
4566,600249.SH,20230616,5.39,4.8931,8.1388,4.41,,,1.4106,4.43,4.202,0.0,,55000.0,55000.0,33066.6244,296450.0,296450.0,0
4567,300707.SZ,20230616,14.52,2.7843,3.6359,0.68,39.4539,60.3455,2.9837,2.7696,3.0046,0.2755,0.6888,15699.0823,12368.3468,9471.3548,227950.675,179588.3955,0
4568,603826.SH,20230616,52.9,0.1609,0.5907,0.45,281.3924,331.0675,13.7442,30.2196,28.707,0.0,,46800.0,46800.0,12748.789,2475720.0,2475720.0,0
4569,600397.SH,20230616,2.85,0.8097,1.3349,1.15,,20.596,4.3648,0.3164,0.328,0.0,,98995.9882,98995.9882,60047.3792,282138.5664,282138.5664,0
4570,000428.SZ,20230616,4.48,1.2659,2.8255,0.85,,,2.589,9.6387,9.1148,0.0,,101892.6,101888.05,45647.158,456478.848,456458.464,0
4571,600866.SH,20230616,5.53,1.3932,1.7463,0.49,15.1036,13.0151,1.3104,0.5254,0.4299,0.0,,166147.2616,73901.9166,58959.6746,918794.3566,408677.5988,0
4572,002146.SZ,20230616,1.83,14.2798,23.728,2.75,,,0.352,0.2503,0.2333,0.0,,434816.3851,389652.1351,234496.9348,795713.9847,713063.4072,0
4573,600321.SH,20230616,1.68,0.5351,0.9847,1.15,,,1.582,3.7306,2.8152,0.0,,151055.0,151055.0,82095.073,253772.4,253772.4,0
4574,300976.SZ,20230616,48.74,1.2699,1.5631,1.07,22.9765,25.4574,1.484,3.1331,3.0884,2.4499,1.6414,9445.14,3725.0714,3026.5107,460356.1236,181559.98,0
4575,600648.SH,20230616,11.48,0.2829,0.7949,0.85,10.5043,28.1885,1.0838,1.4389,1.9918,7.1899,,113534.9124,93479.1624,33266.4508,1303380.7944,1073140.7844,0
4576,300911.SZ,20230616,39.68,7.8754,7.8754,0.74,20.3202,20.7017,3.2283,3.3404,3.3889,1.5219,3.034,10739.82,4201.549,4201.549,426156.0576,166717.4643,0
4577,920879.BJ,20230616,6.5,0.4115,0.4115,0.77,14.975,14.3125,1.7431,3.0342,2.902,,,13949.7776,4983.7437,4983.7437,90673.5544,32394.3341,0
4578,688114.SH,20230616,87.79,1.3096,1.3096,0.3,18.0063,23.7798,3.8605,8.6246,10.052,,,41563.7624,3371.4692,3371.4692,3648882.7011,295981.2811,0
4579,600967.SH,20230616,9.82,1.4227,3.3323,2.22,20.3238,20.1347,1.499,1.166,1.1834,1.7826,1.7826,170377.9257,169493.2377,72360.9878,1673111.2304,1664423.5942,0
4580,002612.SZ,20230616,23.91,2.3362,2.9882,0.81,658.056,131.6323,3.6142,2.7277,2.5655,0.2928,,44244.5375,27666.155,21629.95,1057886.8916,661497.7661,0
4581,301103.SZ,20230616,42.18,2.5078,3.3346,1.09,200.7321,104.2407,3.2156,6.9773,6.5325,1.0942,2.3708,15802.6471,8309.0131,6248.8345,666555.6547,350474.1726,0
4582,300201.SZ,20230616,3.7,2.1011,2.8875,0.96,52.9548,51.5142,2.7903,3.7605,3.6447,0.0,,104092.1518,103644.7435,75418.5184,385140.9617,383485.551,0
4583,605218.SH,20230616,15.26,5.5742,8.6042,0.5,33.7809,32.1838,2.7268,2.3903,2.4645,0.3277,0.6491,21283.346,8825.7078,5717.6867,324783.86,134680.301,0
4584,002245.SZ,20230616,10.4,1.6721,1.9488,1.13,31.6677,72.3452,1.8916,1.9063,2.211,0.6052,,115204.6537,108261.2252,92894.7774,1198128.3985,1125916.7421,0
4585,000703.SZ,20230616,6.85,0.3024,0.5798,0.68,,,1.0716,0.1652,0.1706,2.8561,2.8561,366629.6532,364712.5107,190185.3352,2511413.1244,2498280.6983,0
4586,688005.SH,20230616,53.67,2.2513,2.3319,1.01,17.8874,17.6475,3.4085,0.8036,0.7264,,,45101.07,28061.0077,27090.9952,2420574.4269,1506034.2833,0
4587,920039.BJ,20230616,5.26,0.0372,0.1588,0.5,12.2214,11.7408,1.4586,3.6885,3.545,,,15382.0,15381.99,3601.29,80909.32,80909.2674,0
4588,601398.SH,20230616,4.88,0.0808,0.6423,0.89,4.8248,4.8311,0.539,1.8946,1.9409,6.0102,6.0102,35640625.7089,26961221.2539,3389563.121,173926253.4594,131570759.719,0
4589,002031.SZ,20230616,3.2,10.0142,11.3032,2.13,186.1678,179.6074,2.8592,7.1105,7.657,0.0,0.0313,219939.567,193381.3729,171328.8082,703806.6144,618820.3933,0
4590,920261.BJ,20230616,8.85,0.3879,0.4677,2.9,13.4896,15.8322,1.4063,0.4084,0.4202,,,29113.2748,12090.8417,10026.3257,257652.482,107003.949,0
4591,300341.SZ,20230616,13.29,4.2658,9.432,1.95,26.1277,26.8123,4.2858,3.8033,3.8265,0.5234,0.5234,51339.3236,51296.7086,23200.1082,682299.6106,681733.2573,0
4592,605123.SH,20230616,98.66,1.8175,1.9194,0.87,24.6176,22.9238,3.0321,4.2972,3.8389,0.2602,0.525,12117.0892,5462.0892,5172.0892,1195472.0205,538889.7205,0
4593,600717.SH,20230616,4.51,0.6295,1.4577,1.45,17.63,14.6623,0.7156,1.2061,1.1778,2.2395,2.2395,289400.1038,289400.1038,124978.7419,1305194.4681,1305194.4681,0
4594,605068.SH,20230616,22.42,3.0411,3.1183,1.43,36.346,47.045,2.3014,4.2594,4.1907,1.3715,,16253.9691,5263.9691,5133.5691,364413.9872,118018.1872,0
4595,688033.SH,20230616,17.58,0.5663,0.7579,0.69,55.0832,51.8912,1.9209,9.9976,8.7734,,,56136.8496,56136.8496,41946.9224,986885.816,986885.816,0
4596,603280.SH,20230616,24.11,5.958,5.958,1.14,22.8441,22.4594,2.2903,2.1472,2.1104,,1.3273,10840.6667,2710.1667,2710.1667,261368.4741,65342.1191,0
4597,600481.SH,20230616,12.6,1.3413,2.4336,0.81,24.6545,17.6315,3.4758,1.6282,1.2947,0.0,2.381,187066.1251,187066.1251,103102.9599,2357033.1763,2357033.1763,0
4598,002845.SZ,20230616,16.08,6.1639,8.049,0.84,,,2.0364,0.6266,0.6717,0.7107,0.7107,32804.0025,22391.0051,17147.0433,527488.3602,360047.362,0
4599,002615.SZ,20230616,5.96,3.0193,3.6528,0.79,13.5101,15.5698,1.9814,1.1458,1.2503,2.2305,,46674.9332,28637.9607,23671.6111,278182.6019,170682.2458,0
4600,301030.SZ,20230616,59.27,7.6843,8.87,0.97,87.7525,70.9822,5.2915,5.9399,4.9493,0.0,,14364.6622,10472.9434,9072.9434,851393.5286,620731.3553,0
4601,920223.BJ,20230616,2.87,0.1891,0.1891,0.67,55.0884,1627.0636,1.4297,1.8383,1.9232,,,15728.5,4838.5,4838.5,45140.795,13886.495,0
4602,002056.SZ,20230616,17.71,0.7526,1.5595,0.85,17.2585,15.2726,4.0069,1.4811,1.4634,1.3552,2.0262,162671.2074,160402.331,77406.1744,2880907.0831,2840725.282,0
4603,600188.SH,20230616,28.76,0.5625,2.273,1.32,4.6367,4.7965,1.6373,0.7105,0.6993,6.9254,6.9254,496136.048,299962.048,74229.6007,14268872.7405,8626908.5005,0
4604,002459.SZ,20230616,40.53,1.2868,2.7535,1.12,24.2284,18.202,4.5263,1.8366,1.6519,0.1877,0.6096,330749.5102,329201.224,153846.3108,13405277.6484,13342525.6087,0
4605,688188.SH,20230616,201.57,0.3022,0.9171,0.66,61.4948,57.9531,6.6467,32.8197,30.1101,,,14629.261,14629.261,4820.651,2948820.1398,2948820.1398,0
4606,600416.SH,20230616,17.58,1.0732,1.4683,0.63,91.2704,75.8197,3.3121,5.2342,5.113,0.0,,132540.6445,111628.887,81589.7341,2330064.5303,1962435.8335,0
4607,300897.SZ,20230616,33.01,6.0668,8.7886,1.1,27.724,26.6285,2.4811,3.9789,3.8496,2.1206,1.8176,6800.0,2954.7277,2039.6578,224468.0,97535.5614,0
4608,300119.SZ,20230616,17.44,0.823,1.0239,1.07,23.5428,22.9718,1.9602,3.9162,3.8209,2.0072,1.7202,46801.8786,33430.6886,26872.1368,816224.7628,583031.2092,0
4609,603937.SH,20230616,11.31,1.2836,3.4757,2.5,26.8866,31.5172,1.5154,1.474,1.4854,1.7683,2.9178,20888.0,20888.0,7714.4602,236243.28,236243.28,0
4610,600580.SH,20230616,12.25,0.8435,1.3749,1.03,20.1404,18.7433,1.7392,1.0737,1.052,1.2188,1.2188,131457.3126,130829.1126,80264.3177,1610352.0794,1602656.6294,0
4611,600682.SH,20230616,8.16,0.3298,0.5809,1.0,15.1824,15.8364,0.6459,1.7081,1.6574,0.3676,0.3676,134613.2221,116506.0275,66142.9194,1098443.8923,950689.1844,0
4612,603298.SH,20230616,22.87,0.965,2.5211,1.98,21.662,19.6372,2.9908,1.4846,1.4518,1.6197,1.749,93558.0035,93558.0035,35811.2429,2139671.54,2139671.54,0
4613,300745.SZ,20230616,44.91,5.0885,6.0652,1.0,,3558.7192,4.5504,3.763,3.52,0.0,,12696.7368,9915.7404,8319.0473,570210.4497,445315.9014,0
4614,603936.SH,20230616,12.23,2.8815,4.071,1.24,99.2945,132.2769,1.5119,2.6793,2.6841,0.0,0.1616,63802.3104,51101.2097,36169.8778,780302.2562,624967.7946,0
4615,600898.SH,20230616,3.61,1.2773,1.7992,0.62,,,63.8081,8.7455,13.1815,0.0,,28538.0986,25252.382,17927.8753,103022.5359,91161.099,0
4616,300992.SZ,20230616,19.4,1.7031,1.9327,1.01,28.7854,28.8595,2.3856,3.1816,3.1367,0.3557,0.3711,9080.0054,4353.2379,3836.1554,176152.1048,84452.8153,0
4617,002192.SZ,20230616,72.88,5.4293,7.2319,0.89,7.7558,8.418,6.5266,6.3239,6.9877,0.0,1.3447,25965.5203,25912.0228,19453.2119,1892367.1195,1888468.2217,0
4618,688373.SH,20230616,8.74,1.965,1.965,0.93,,,4.9299,118.7912,104.5052,,,65521.0084,12480.0,12480.0,572653.6134,109075.2,0
4619,300736.SZ,20230616,11.68,1.6502,2.4264,1.06,,,12.0579,5.1912,4.0588,0.0,,13006.5904,12823.4592,8721.4274,151916.9759,149778.0035,0
4620,688212.SH,20230616,66.75,1.5793,1.7461,1.05,411.76,256.5283,6.9762,20.0816,18.2801,,,13395.5,9046.52,8182.4215,894149.625,603855.21,0
4621,002022.SZ,20230616,10.25,0.4992,0.6136,0.74,5.4299,5.2541,1.1936,0.7563,0.7141,0.6342,6.4878,51429.7985,51414.8736,41828.5698,527155.4346,527002.4544,0
4622,300236.SZ,20230616,40.64,1.0654,1.5305,0.75,239.2414,103.3462,2.706,10.6515,10.5165,0.3667,0.7309,31338.1402,27841.8717,19381.7847,1273582.0177,1131493.6659,0
4623,300909.SZ,20230616,25.11,1.9094,1.9094,0.93,32.6392,36.8652,2.4352,5.0484,4.9823,1.2076,1.2076,16639.1145,6059.3436,6059.3436,417808.1651,152150.1178,0
4624,600622.SH,20230616,3.02,0.7698,1.4322,1.04,78.0832,165.4008,0.6424,0.8131,0.8405,2.4503,2.4503,149968.5402,149968.5402,80605.9747,452904.9914,452904.9914,0
4625,603588.SH,20230616,9.3,0.3932,0.4836,0.74,20.4878,19.4761,1.5597,1.6169,1.5864,0.5257,0.5257,152551.8882,148574.3171,120774.2721,1418732.5603,1381741.149,0
4626,002432.SZ,20230616,36.68,0.9603,1.276,0.5,1.1088,7.6623,0.9441,0.6755,2.9264,1.7956,6.6244,48459.4772,47099.1991,35444.7472,1777493.6237,1727598.623,0
4627,688050.SH,20230616,207.95,0.4704,0.4704,0.46,93.9925,86.6535,11.5786,37.7422,34.2817,,,10517.6712,6965.674,6965.674,2187149.726,1448511.9083,0
4628,300592.SZ,20230616,29.21,5.4919,5.9598,0.85,39.0638,32.788,3.9438,1.9123,1.7378,0.0,,28917.5621,15761.0855,14523.9298,844681.9889,460381.3075,0
4629,600684.SH,20230616,3.34,0.6782,1.0534,1.04,,,6.2034,0.7365,0.4827,0.0,,85346.0723,85346.0723,54948.1812,285055.8815,285055.8815,0
4630,920378.BJ,20230616,2.85,0.113,0.113,0.3,21.3759,26.4344,1.1819,1.5933,1.6183,,,14320.6,6008.8147,6008.8147,40813.71,17125.1219,0
4631,002815.SZ,20230616,12.35,1.5801,2.3616,1.11,21.2143,21.2262,2.0662,2.3007,2.3305,2.0097,2.3482,109368.397,43419.5378,29051.6998,1350699.703,536231.2918,0
4632,688068.SH,20230616,43.75,0.7068,1.1392,0.74,4.2729,10.1513,1.2091,1.135,1.6854,,,9226.8766,9226.8766,5724.4093,403675.8513,403675.8513,0
4633,002862.SZ,20230616,17.76,1.5902,2.5685,0.95,,,4.4792,6.4868,6.9074,0.0,,12000.0,9017.7083,5582.9761,213120.0,160154.4994,0
4634,300408.SZ,20230616,30.0,0.4162,0.6463,0.83,38.2101,43.3217,3.2999,11.1654,11.6458,1.0667,,191649.7371,185040.918,119165.3324,5749492.113,5551227.54,0
4635,600819.SH,20230616,4.98,1.2032,3.747,0.89,306.5871,,1.3561,0.9789,0.9899,0.7028,0.7028,93491.6069,74741.6067,24001.0914,465588.2024,372213.2014,0
4636,300580.SZ,20230616,34.35,2.3924,7.362,0.83,30.0196,28.0879,3.3373,6.2615,5.9716,0.524,0.524,20001.671,18653.3585,6061.671,687057.3989,640742.8645,0
4637,603086.SH,20230616,6.81,0.9308,1.6033,0.86,7.7686,8.4643,1.3796,0.9474,0.9514,1.8732,2.6222,43485.8144,43302.5152,25138.3635,296138.3961,294890.1285,0
4638,300103.SZ,20230616,6.09,0.9633,1.4753,1.62,,,2.6856,4.924,5.2747,0.0,,31760.1,24544.6447,16025.7732,193419.009,149476.8862,0
4639,603982.SH,20230616,15.51,4.4222,8.6369,0.9,,,1.5748,2.3457,2.2944,0.3639,0.3639,26384.1097,24295.6819,12439.6819,409217.5414,376826.0263,0
4640,603022.SH,20230616,9.06,0.5637,1.2134,1.03,51.2408,47.5082,2.4904,2.2849,2.2273,0.0,0.6071,20000.0,20000.0,9290.72,181200.0,181200.0,0
4641,300009.SZ,20230616,10.0,0.7849,0.8925,0.84,23.7907,23.3681,5.5733,7.1781,6.9956,1.9575,2.4937,167325.7958,115948.8888,101969.6855,1673257.958,1159488.888,0
4642,603079.SH,20230616,13.13,2.1136,4.7032,1.22,71.3874,158.5394,1.7012,3.0456,3.1126,1.0663,0.457,17118.8958,17118.8958,7692.9742,224771.1019,224771.1019,0
4643,300681.SZ,20230616,20.63,3.1669,3.6633,0.82,211.3995,,3.0096,2.5929,2.7214,0.0884,0.1531,25209.5998,17278.5568,14937.0327,520074.0439,356456.6268,0
4644,002560.SZ,20230616,8.12,4.1507,4.8097,0.95,35.2388,29.7147,1.6906,0.7806,0.7562,0.0,,52861.967,45313.4252,39105.1272,429239.172,367945.0126,0
4645,300299.SZ,20230616,8.93,12.9782,17.2145,0.82,152.289,167.869,10.6764,15.321,15.3181,0.0,,69122.9485,64709.5682,48785.1925,617267.9301,577856.444,0
4646,002879.SZ,20230616,15.81,1.6453,1.8973,1.22,102.6074,179.4669,1.8248,3.0873,3.1232,1.3627,0.9488,19310.764,13416.2052,11634.4374,305303.1788,212110.2042,0
4647,920267.BJ,20230616,9.78,0.6341,0.6341,2.0,22.4318,21.0837,1.8837,0.7917,0.7976,,,4998.2941,2021.2293,2021.2293,48883.3163,19767.6226,0
4648,920057.BJ,20230616,3.36,0.1152,0.1656,0.67,12.2405,11.0567,0.8688,0.6187,0.6462,,,18126.3297,9702.8124,6751.3397,60904.4678,32601.4497,0
4649,300399.SZ,20230616,14.07,2.8213,5.4976,0.83,164.6632,121.7735,5.6474,6.1768,7.0053,0.0711,0.1421,19760.0,19465.5168,9989.457,278023.2,273879.8214,0
4650,688201.SH,20230616,41.98,1.5087,1.5087,1.08,35.2971,43.5311,5.1368,8.7924,8.9605,,,13782.9078,6289.6994,6289.6994,578606.4694,264041.5808,0
4651,600266.SH,20230616,5.62,2.1676,3.7284,0.98,,84.6956,0.628,0.5163,0.5561,1.6368,1.6368,225653.76,225653.76,131187.4339,1268174.1312,1268174.1312,0
4652,603655.SH,20230616,23.78,0.6121,1.8915,0.52,164.912,159.1753,4.759,14.316,14.5417,0.4205,0.4205,10600.0,10600.0,3430.0,252068.0,252068.0,0
4653,603267.SH,20230616,56.03,1.5049,2.4249,1.17,16.1639,20.0913,3.2471,5.1976,5.8199,0.6958,0.659,23211.68,23184.56,14388.9856,1300550.4304,1299030.8968,0
4654,603008.SH,20230616,25.9,1.7715,2.6632,0.67,42.2406,40.9125,2.843,1.2801,1.2699,1.0622,1.3711,38741.7787,38741.7787,25770.3153,1003412.0683,1003412.0683,0
4655,301359.SZ,20230616,27.07,44.0361,44.0361,1.28,58.9471,59.1138,2.8244,9.4048,9.7701,,0.9235,8584.0,2146.0,2146.0,232368.88,58092.22,0
4656,603153.SH,20230616,18.97,13.2536,13.2536,1.34,28.2084,25.3646,2.3952,2.1854,2.1235,,,40986.1106,5500.0,5500.0,777506.5181,104335.0,0
4657,002555.SZ,20230616,34.68,3.1758,3.5989,0.73,26.0344,25.9064,6.4152,4.6882,4.7829,2.0683,2.3039,221786.4281,163552.5373,144326.1603,7691553.3265,5672001.9936,0
4658,300830.SZ,20230616,10.67,5.684,6.9679,0.5,80.2794,79.2942,3.8548,7.31,7.2973,0.4686,,43012.5,31028.4375,25311.17,458943.375,331073.4281,0
4659,002811.SZ,20230616,7.57,1.5358,4.3331,1.6,,,1.8992,1.8787,1.9881,6.605,6.605,27204.3168,24718.9913,8761.5902,205936.6782,187122.7641,0
4660,002667.SZ,20230616,17.05,3.2316,4.6116,0.86,50.3305,76.464,5.1553,3.4967,3.0524,0.0,,24322.2,23092.395,16181.779,414693.51,393725.3348,0
4661,002523.SZ,20230616,2.85,3.1046,4.4014,2.36,99.0349,105.6652,1.7596,2.5451,2.5537,0.7018,,141664.08,139802.4885,98612.0919,403742.628,398437.0922,0
4662,600272.SH,20230616,8.91,1.2105,2.1833,1.08,54.1968,52.4188,3.8238,2.4214,2.3669,0.303,0.5612,24300.0,16000.0,8871.0217,216513.0,142560.0,0
4663,600969.SH,20230616,7.04,1.1845,1.958,1.09,53.1982,66.9672,0.7108,0.649,0.6415,0.6409,0.6409,37005.0484,37005.0484,22386.1516,260515.5407,260515.5407,0
4664,300439.SZ,20230616,11.37,1.3848,1.8979,0.96,21.9351,21.7324,1.7135,1.7495,1.8125,0.8355,0.9235,38299.9815,27735.2933,20237.5642,435470.7897,315350.2848,0
4665,600022.SH,20230616,1.43,0.1862,0.4134,0.58,27.5588,,0.7209,0.1496,0.1486,4.1958,2.0979,1069884.9554,1069884.9554,481926.358,1529935.4862,1529935.4862,0
4666,688146.SH,20230616,44.63,6.5899,6.5899,1.05,61.6494,62.76,4.5601,12.0767,12.24,,,52941.1765,5907.7746,5907.7746,2362764.7072,263663.9804,0
4667,688698.SH,20230616,32.97,11.713,11.713,3.24,42.6366,39.0434,6.0045,6.5832,6.0153,,,18090.15,4590.15,4590.15,596432.2455,151337.2455,0
4668,603363.SH,20230616,9.26,1.4579,2.6765,1.17,,,3.7366,0.3732,0.3621,0.0,,87105.8222,73709.6528,40150.3542,806599.9136,682551.3849,0
4669,300007.SZ,20230616,19.7,12.4245,13.9853,1.53,23.2717,26.9193,2.3514,2.6837,2.6948,0.4037,0.6091,32627.2755,28200.8152,25053.6641,642757.3274,555556.0594,0
4670,000595.SZ,20230616,5.33,0.7199,2.0195,1.14,,,9.3567,24.2361,23.6336,0.0,,113865.6366,113809.9964,40568.404,606903.8431,606607.2808,0
4671,300856.SZ,20230616,77.98,2.0716,2.1104,0.84,34.0172,26.927,6.8162,7.4816,6.8073,0.2565,1.5389,16932.0,5898.0,5789.6775,1320357.36,459926.04,0
4672,603283.SH,20230616,42.3,1.7302,3.2246,0.8,26.2812,22.8221,4.8534,2.7538,2.5046,0.7438,1.253,19073.4648,18172.0648,9750.3581,806807.561,768678.341,0
4673,002340.SZ,20230616,7.0,0.9901,1.0824,1.34,27.7409,31.6266,1.9367,1.2231,1.259,0.3859,0.3859,513558.6557,507810.4706,464526.4443,3594910.5899,3554673.2942,0
4674,688330.SH,20230616,34.4,1.1423,1.2983,0.76,15.1235,18.5158,1.3796,4.4946,4.8407,,,14000.0,8007.9401,7045.3602,481600.0,275473.1394,0
4675,002927.SZ,20230616,14.03,3.0269,8.0015,1.31,45.8854,45.1765,3.2694,3.4962,3.4853,0.8553,0.8553,22321.579,22017.962,8329.1076,313171.7534,308912.0069,0
4676,002014.SZ,20230616,8.74,0.3692,1.0153,0.74,14.754,14.2521,2.8678,1.6201,1.5907,4.7674,4.5767,61249.1866,60085.9157,21846.6861,535317.8909,525150.9032,0
4677,300902.SZ,20230616,34.56,1.7492,1.7933,0.87,299.3432,5811.9268,5.1622,17.0496,19.0865,0.5658,0.2894,13091.0176,5306.55,5175.87,452425.5683,183394.368,0
4678,001213.SZ,20230616,4.53,1.7675,2.4149,1.02,48.4377,45.9071,1.0913,2.127,2.0663,0.5143,0.5143,444444.4444,104444.4444,76444.4444,2013333.3331,473133.3331,0
4679,002851.SZ,20230616,31.66,0.8113,0.9501,1.24,33.3261,28.1199,4.3212,2.8758,2.695,0.5022,0.6592,49757.0331,41045.7083,35052.0822,1575307.6679,1299507.1248,0
4680,300447.SZ,20230616,19.23,10.6873,13.6729,1.4,31.7403,30.3561,3.0934,5.5018,5.4155,0.52,0.52,31232.8375,20104.7575,15714.7375,600607.4651,386614.4867,0
4681,002761.SZ,20230616,15.65,2.3036,7.4043,0.87,17.4629,17.3141,2.5342,0.1717,0.1728,1.278,1.278,108134.0098,108134.0098,33642.2998,1692297.2534,1692297.2534,0
4682,600072.SH,20230616,25.11,15.6878,26.7167,1.7,168.1466,150.6853,4.616,5.5195,5.2101,0.2389,0.4182,73624.9883,73624.9883,43231.7636,1848723.4562,1848723.4562,0
4683,002343.SZ,20230616,9.2,11.5165,16.2874,0.89,88.7495,258.2199,4.5899,9.368,13.2778,0.0,,47494.9686,47494.9686,33582.9333,436953.7111,436953.7111,0
4684,002334.SZ,20230616,12.37,5.4357,5.5577,1.48,35.7807,26.789,4.1468,2.4013,2.2378,0.0,0.485,79529.331,69886.8442,68352.3363,983777.8245,864500.2628,0
4685,300442.SZ,20230616,33.85,5.5607,5.5607,0.67,48.5032,37.6209,7.4983,21.4087,16.8787,1.4116,1.4116,171696.1649,11858.85,11858.85,5811915.1819,401422.0725,0
4686,688278.SH,20230616,42.12,0.228,0.5814,0.82,59.6977,54.6133,12.1942,11.2217,10.701,,,40680.0,40680.0,15955.5262,1713441.6,1713441.6,0
4687,920414.BJ,20230616,9.2,0.2581,0.2581,0.71,21.0362,20.7003,2.0527,4.6136,4.2593,,,6667.3554,3708.2072,3708.2072,61339.6697,34115.5062,0
4688,000686.SZ,20230616,7.33,1.046,1.8225,0.85,74.2846,19.8703,0.9436,3.3788,2.8022,1.3643,1.3643,234045.2915,234045.2915,134321.0589,1715551.9867,1715551.9867,0
4689,000893.SZ,20230616,22.98,0.4049,0.6495,0.53,10.5249,10.2444,2.0423,6.1601,5.6219,0.0,,92913.8953,80983.384,50478.0901,2135161.314,1860998.1643,0
4690,920680.BJ,20230616,14.69,0.845,0.845,0.9,15.6446,15.0482,1.6164,3.2183,3.1696,,,6699.99,4093.0077,4093.0077,98422.8531,60126.2831,0
4691,600208.SH,20230616,2.55,0.6266,1.4814,0.6,11.6787,10.4618,0.5192,1.6821,1.9537,0.0,,850894.08,850776.9185,359856.5329,2169779.904,2169481.1422,0
4692,000036.SZ,20230616,4.28,4.0899,5.7037,7.35,14.5755,14.7535,1.2019,2.7096,2.7485,1.5888,2.3832,148393.4025,147967.5252,106100.4293,635123.7627,633301.0079,1
4693,600872.SH,20230616,39.26,1.3646,1.7798,1.14,,,9.7615,5.773,5.7518,0.7501,0.7501,78537.595,78537.595,60213.6229,3083385.9797,3083385.9797,0
4694,601008.SH,20230616,4.29,0.9478,2.2982,1.65,33.4818,32.5944,1.2803,2.3847,2.4013,0.6993,1.1655,124063.8006,124063.8006,51163.7271,532233.7046,532233.7046,0
4695,603383.SH,20230616,54.94,0.8922,1.7005,0.84,56.674,50.5743,7.5161,15.0661,14.3366,0.999,1.4561,17127.9516,16886.8516,8859.3776,941009.6609,927763.6269,0
4696,300565.SZ,20230616,18.86,22.9246,23.7533,2.78,,,7.8213,4.7032,5.1297,0.0,,20800.0,18829.1935,18172.258,392288.0,355118.5894,0
4697,688277.SH,20230616,18.25,4.1818,4.9894,1.92,,,5.9894,52.5097,45.9366,,,44939.1939,29918.3088,25075.6264,820140.2887,546009.1356,0
4698,600615.SH,20230616,8.37,0.5124,0.9035,1.14,,,2.4947,10.3263,11.8648,0.0,,18802.0508,18762.4508,10639.5132,157373.1652,157041.7132,0
4699,002482.SZ,20230616,1.89,0.5143,1.1935,0.82,,,,0.8153,1.0391,0.0,,153727.9657,152929.9596,65905.0547,290545.8552,289037.6236,0
4700,300541.SZ,20230616,14.51,4.4398,4.5096,0.83,41.9873,35.6859,3.6222,1.5953,1.6666,0.5496,0.6892,30842.9398,25487.3491,25093.0576,447531.0565,369821.4354,0
4701,688663.SH,20230616,30.9,3.56,3.877,1.29,33.6046,32.7484,3.6993,3.3182,3.1499,,,13995.0,8642.04,7935.5334,432445.5,267039.036,0
4702,600141.SH,20230616,23.01,0.9378,1.4243,1.02,4.3713,5.5835,1.2275,0.8439,0.9037,2.1731,2.1731,111167.4695,110632.5695,72844.9758,2557963.4732,2545655.4242,0
4703,600280.SH,20230616,2.7,2.1965,5.1086,1.03,,,3.4144,1.2201,1.244,0.0,,112833.4788,112833.4788,48514.7372,304650.3928,304650.3928,0
4704,688400.SH,20230616,37.33,18.5038,18.5038,1.27,92.2617,81.4793,4.4348,6.2946,6.2379,,,46350.0,8739.7205,8739.7205,1730245.5,326253.7663,0
4705,300117.SZ,20230616,3.0,1.2981,2.1097,0.99,,,69.5221,1.1007,1.043,0.0,,71676.0,71676.0,44099.8394,215028.0,215028.0,0
4706,300271.SZ,20230616,12.21,6.4514,7.963,0.67,,,1.8039,4.5317,4.7048,0.0,,82456.1023,80182.7804,64961.0223,1006789.0091,979031.7487,0
4707,603728.SH,20230616,66.08,2.6752,7.5562,1.31,112.2691,115.363,10.231,9.3777,9.4613,0.1514,0.2573,42006.3,41764.8,14786.2274,2775776.304,2759817.984,0
4708,600613.SH,20230616,6.69,1.1287,2.5827,1.09,73.7036,73.2116,1.5183,1.4958,1.4992,1.4948,1.4948,53407.1628,47931.9978,20946.9962,357293.9191,320665.0653,0
4709,300518.SZ,20230616,25.12,1.9607,3.2756,0.56,86.8175,93.4144,3.9093,9.7276,11.5958,0.4062,0.591,19941.1576,19114.7256,11441.7208,500921.8789,480161.9071,0
4710,600018.SH,20230616,5.35,0.0568,0.479,0.97,7.2324,8.1522,1.0755,3.3415,3.8311,3.5507,3.5507,2328414.475,2317367.465,274819.6795,12457017.4413,12397915.9378,0
4711,600199.SH,20230616,25.99,1.6461,2.258,0.83,,,6.8281,14.418,13.4237,0.0,,65779.6824,65779.6824,47953.974,1709613.9456,1709613.9456,0
4712,000597.SZ,20230616,5.22,0.4498,1.0889,1.13,21.383,21.2786,1.6536,0.8499,0.8499,0.252,1.9157,143431.6265,133665.4741,55216.5456,748713.0903,697733.7748,0
4713,002857.SZ,20230616,19.8,0.7909,1.2102,0.66,195.7865,193.7558,4.8334,12.9824,12.2091,0.0,,12800.0,12800.0,8365.5353,253440.0,253440.0,0
4714,002275.SZ,20230616,17.91,0.4636,1.7216,0.98,31.9348,27.7883,3.8164,5.3698,4.8747,5.0251,4.4668,58756.86,55180.7766,14860.0059,1052335.3626,988287.7089,0
4715,600869.SH,20230616,5.32,0.3607,0.8011,0.94,21.3893,20.1557,2.662,0.5446,0.5416,0.0,,221935.2746,221935.2746,99931.9003,1180695.6609,1180695.6609,0
4716,002234.SZ,20230616,18.28,1.213,1.6647,1.32,,,2.3361,3.9654,3.2895,0.0,,34896.0212,30342.5389,22109.9152,637899.2675,554661.6111,0
4717,600570.SH,20230616,44.64,1.1943,1.5065,0.95,77.7355,62.6205,12.0255,13.0439,12.7379,0.1723,0.1723,190000.6442,190000.6442,150626.3355,8481628.7571,8481628.7571,0
4718,600628.SH,20230616,7.67,0.569,1.0366,1.13,,,1.1722,5.837,5.4835,0.7171,0.7171,64687.5384,64687.5384,35505.7964,496153.4195,496153.4195,0
4719,300021.SZ,20230616,5.06,1.682,2.5078,1.53,44.9374,47.9456,2.4227,1.2824,1.3153,2.3637,1.9763,86196.0075,70099.0722,47015.6942,436151.798,354701.3053,0
4720,600469.SH,20230616,6.61,9.4153,17.0295,0.82,57.0467,27.2754,1.6127,0.9667,0.9262,0.3026,0.3026,72945.0871,56072.6909,31001.5335,482167.0257,370640.4868,0
4721,603708.SH,20230616,13.07,0.5469,1.6805,0.66,156.5317,138.9763,3.4773,0.4653,0.4705,0.0,0.7545,64733.6783,60840.256,19798.0694,846069.1754,795182.1459,0
4722,600552.SH,20230616,11.74,2.247,3.0118,1.67,79.0296,76.7684,2.6969,2.3987,2.4373,0.6888,,94460.6894,89541.4123,66803.3558,1108968.4936,1051216.1804,0
4723,603139.SH,20230616,15.68,1.3399,3.2748,1.7,,,1.5949,3.1863,3.1475,0.4719,0.4719,9988.0,9988.0,4086.4863,156611.84,156611.84,0
4724,301222.SZ,20230616,28.25,6.9637,6.9637,0.69,23.3244,22.1612,2.3161,4.9333,4.96,2.1239,1.7699,10133.34,2814.59,2814.59,286266.855,79512.1675,0
4725,300891.SZ,20230616,9.34,0.8336,1.2171,1.13,263.6342,,2.9436,2.4701,2.3729,1.0707,0.2141,40000.0,23072.0,15802.33,373600.0,215492.48,0
4726,601616.SH,20230616,3.41,1.4569,1.9556,1.09,53.7411,66.3988,1.2999,3.2428,3.4602,0.0,,93557.5,93557.5,69699.993,319031.075,319031.075,0
4727,301022.SZ,20230616,26.33,7.5006,11.2759,0.73,40.2946,43.1485,2.4642,4.3785,4.2588,0.8764,1.7529,8320.0,4241.8093,2821.6015,219065.6,111686.8389,0
4728,003039.SZ,20230616,16.88,1.1361,1.1361,0.77,43.7454,47.8366,4.2916,7.8989,7.8855,0.7524,0.7524,61751.873,12251.873,12251.873,1042371.6162,206811.6162,0
4729,002553.SZ,20230616,13.59,31.1475,34.2704,2.81,97.5409,818.408,4.2095,8.0492,8.0558,1.4717,2.2075,34800.0,23429.4168,21294.4168,472932.0,318405.7743,0
4730,002665.SZ,20230616,3.79,1.7594,1.9594,0.46,,,1.8576,14.5505,13.378,0.0,,250394.2925,246154.6004,221033.3256,948994.3686,932925.9355,0
4731,603286.SH,20230616,17.18,7.7037,14.6385,0.81,,,3.2765,2.1269,2.0844,0.0,,8807.6,8807.6,4635.1,151314.568,151314.568,0
4732,600764.SH,20230616,27.17,1.0252,3.7261,2.06,33.0062,32.9984,2.4764,4.499,4.5177,1.3213,1.3213,71062.9386,71062.9386,19551.974,1930780.0418,1930780.0418,0
4733,300632.SZ,20230616,11.84,1.1991,1.4404,1.3,68.8086,78.6932,1.9378,4.3731,4.6062,0.4237,0.8295,30518.162,20501.2193,17066.8183,361335.0381,242734.4365,0
4734,002093.SZ,20230616,8.44,2.51,5.4195,0.95,118.7839,84.9736,2.364,16.5257,16.9467,0.1185,0.1185,100750.0,100665.625,46621.8644,850330.0,849617.875,0
4735,300198.SZ,20230616,2.61,0.848,1.171,1.19,,,2.5791,5.3126,5.4221,0.0,,103154.854,90817.0477,65772.887,269234.1689,237032.4945,0
4736,300183.SZ,20230616,17.33,1.5437,2.3069,0.86,49.1045,51.6723,2.5951,8.5663,8.8373,0.8656,0.8656,46260.9137,33545.0912,22446.9137,801701.6344,581336.4305,0
4737,003019.SZ,20230616,20.33,2.609,2.9372,1.69,12.6753,13.7939,2.2849,1.8242,1.9758,1.7426,5.32,16258.4617,11230.0361,9975.3211,330534.5264,228306.6339,0
4738,601928.SH,20230616,13.69,0.8686,3.194,1.06,16.7354,16.6681,1.9646,2.5625,2.555,3.6523,3.6523,254490.0,254490.0,69211.9742,3483968.1,3483968.1,0
4739,002269.SZ,20230616,1.63,1.2124,2.1606,1.0,,,14.0895,2.8453,2.9753,0.0,,251250.0,251250.0,140986.1941,409537.5,409537.5,0
4740,603887.SH,20230616,10.78,20.0567,28.7077,1.89,1873.0687,,1.5782,1.8107,1.8223,0.0,,45075.5761,45075.5761,31492.181,485914.7104,485914.7104,1
4741,300591.SZ,20230616,6.3,2.5169,3.3748,0.86,,,4.6727,5.3737,5.8216,0.0,,40567.3777,30800.4652,22970.5502,255574.4795,194042.9308,0
4742,300057.SZ,20230616,6.75,3.5841,4.0203,4.27,30.037,42.1963,1.1215,1.0526,1.0891,0.0,0.7235,90985.8746,73364.3938,65403.5401,614154.6536,495209.6582,0
4743,002769.SZ,20230616,7.87,0.4861,0.7456,0.73,,,2.1534,1.9583,2.2483,0.2541,,37331.8054,33239.825,21673.9304,293801.3085,261597.4228,0
4744,600609.SH,20230616,4.87,0.6653,1.0267,0.95,42.5937,35.9265,6.4511,1.1339,1.0502,0.0,,131120.0558,131120.0558,84969.9787,638554.6717,638554.6717,0
4745,600075.SH,20230616,4.83,0.5104,0.7576,0.79,9.6653,15.3858,0.8054,0.7081,0.737,2.0704,,170736.1193,126878.5945,85487.7989,824655.4562,612823.6114,0
4746,002377.SZ,20230616,2.51,1.0968,1.5347,1.36,,,4.051,1.0451,1.137,0.0,,91632.5201,91599.6256,65466.0465,229997.6255,229915.0603,0
4747,300262.SZ,20230616,2.69,0.7822,1.2051,0.59,,,10.1968,6.8338,6.0888,0.0,,66976.6999,66808.8344,43366.3076,180167.3227,179715.7645,0
4748,002911.SZ,20230616,12.38,0.3242,2.5554,1.67,18.0367,17.9545,3.2139,0.6246,0.588,3.5989,3.6349,95465.88,95282.9138,12088.475,1181867.5944,1179602.4728,0
4749,300349.SZ,20230616,13.75,1.7362,2.4231,0.98,21.8123,17.6101,1.4807,2.1538,2.0872,0.7133,0.7133,42905.4325,38126.1073,27318.0431,589949.6969,524233.9754,0
4750,300482.SZ,20230616,28.02,1.0128,1.3661,0.62,10.4057,25.0539,2.9473,2.1926,3.2045,1.0661,1.7714,44451.486,33275.9182,24670.3926,1245530.6377,932391.228,0
4751,002557.SZ,20230616,43.26,0.654,1.1314,1.07,22.4723,23.1806,4.0599,3.1864,3.2316,1.9573,1.9573,50700.2313,50699.8363,29304.052,2193292.006,2193274.9183,0
4752,300053.SZ,20230616,14.58,7.468,9.267,1.19,,,4.0331,23.881,24.9303,0.0,,69687.4323,63294.8928,51007.4088,1016042.7629,922839.537,0
4753,001258.SZ,20230616,9.54,1.4627,1.4627,1.16,45.4271,45.9222,3.1391,10.0977,9.7833,0.0,0.6604,93333.3334,23333.3334,23333.3334,890400.0006,222600.0006,0
4754,603628.SH,20230616,15.77,1.9807,4.6475,1.86,39.4752,28.0367,3.7719,2.9945,2.8098,0.2219,0.2219,27380.0,27380.0,11668.9655,431782.6,431782.6,0
4755,301042.SZ,20230616,33.37,2.7169,4.4242,0.54,22.5512,25.2986,2.1514,2.912,3.1483,2.9747,4.4951,6935.9759,4230.0509,2597.6709,231453.5158,141156.7985,0
4756,002350.SZ,20230616,7.22,1.9124,3.1166,1.33,250.3574,68.8238,2.1383,1.799,1.7982,0.1363,0.1363,54236.9011,52921.68,32473.6576,391590.4259,382094.5296,0
4757,600505.SH,20230616,8.65,5.2463,11.882,1.92,69.7983,100.7725,2.5556,2.4576,2.3587,0.4046,0.4046,36456.75,36456.75,16096.8977,315350.8875,315350.8875,0
4758,688172.SH,20230616,24.78,11.118,11.118,1.48,64.2981,74.2057,2.0581,13.6601,14.0438,,,119910.4111,12590.5932,12590.5932,2971379.9871,311994.8995,0
4759,300750.SZ,20230616,231.1,0.7633,1.2315,1.21,33.0625,26.0118,5.5901,3.0919,2.7537,0.1568,0.7626,439629.2935,388294.4633,240677.6178,101598329.7279,89734850.4686,0
4760,300315.SZ,20230616,6.45,11.98,12.1808,0.74,184.9189,123.8307,3.8609,14.6634,15.7434,0.0,,275748.4192,260651.6357,256354.3667,1778577.3038,1681203.0503,0
4761,000938.SZ,20230616,35.27,2.5745,3.5757,1.0,46.7464,45.3444,3.1253,1.3621,1.3406,0.2835,0.2835,286007.9874,286007.9874,205920.914,10087501.7156,10087501.7156,0
4762,001231.SZ,20230616,22.16,2.3046,2.3046,0.42,23.6403,27.52,2.3947,3.496,3.5256,0.0,,10000.0,2500.0,2500.0,221600.0,55400.0,0
4763,600887.SH,20230616,29.37,0.4954,0.5419,0.96,19.8262,19.6265,4.0747,1.5239,1.4945,3.2859,3.541,636645.0305,627552.0559,573698.4733,18698264.5458,18431203.8818,0
4764,002354.SZ,20230616,7.9,14.7567,15.603,0.77,,,5.3992,7.5007,7.6026,0.0,,165458.582,161724.6028,152952.5748,1307122.7978,1277624.3621,0
4765,300307.SZ,20230616,6.18,1.5953,2.5893,0.84,52.8545,48.2754,1.7295,2.5377,2.464,0.0,,78054.1776,77176.4897,47549.7356,482374.8176,476950.7063,0
4766,300637.SZ,20230616,7.03,0.921,1.4888,1.02,290.7364,,2.1989,2.0839,2.2951,0.0,,23475.013,23420.407,14488.547,165029.3414,164645.4612,0
4767,001311.SZ,20230616,61.82,7.9927,7.9927,0.7,25.4456,25.1868,2.9154,3.3855,3.296,,0.8835,18373.3334,4593.3334,4593.3334,1135839.4708,283959.8708,0
4768,300762.SZ,20230616,11.76,1.3259,1.6051,0.76,86.385,75.7192,2.7597,18.4537,16.0584,0.3186,0.4376,62863.534,62796.5772,51874.1879,739275.1598,738487.7479,0
4769,000625.SZ,20230616,12.55,1.7212,2.9491,0.98,15.9671,12.1692,1.7939,1.0269,1.0271,1.4281,1.4281,992179.9422,764868.4232,446391.5415,12451858.2746,9599098.7112,0
4770,301136.SZ,20230616,14.5,4.7669,4.7669,1.04,78.8166,71.7861,2.6737,5.3955,5.3457,0.6897,0.6069,27520.482,10388.982,10388.982,399046.989,150640.239,0
4771,300273.SZ,20230616,0.43,6.4467,6.457,0.51,,,0.4888,1.3481,1.9946,0.0,,78983.0936,64866.2541,64762.5533,33962.7302,27892.4893,0
4772,002681.SZ,20230616,5.13,5.0052,5.8551,0.99,110.0437,119.5208,4.1175,3.1805,3.38,0.0,,182466.762,126771.2653,108369.4281,936054.4891,650336.591,0
4773,301234.SZ,20230616,28.82,1.97,1.97,0.8,27.6424,27.5706,2.7902,3.582,3.6026,0.0,1.7349,6800.0,1700.0,1700.0,195976.0,48994.0,0
4774,000922.SZ,20230616,12.63,0.8416,1.326,0.67,21.4578,20.1213,2.4838,2.1051,1.9903,0.6361,0.9501,59654.0053,58507.3503,37135.5664,753430.0869,738947.8343,0
4775,000005.SZ,20230616,1.2,1.6171,1.9682,0.83,,,1.05,4.4767,4.494,0.0,,105853.6842,105794.6706,86922.0206,127024.421,126953.6047,0
4776,688585.SH,20230616,7.75,1.7626,2.9359,1.65,37.1355,37.7852,2.7083,1.6802,1.8468,,,40320.0,8368.2878,5023.9378,312480.0,64854.2305,0
4777,688226.SH,20230616,19.98,14.9071,20.7395,2.69,44.5823,45.6023,3.4281,1.9048,1.7937,,,15600.0,8231.2,5916.4061,311688.0,164459.376,0
4778,600256.SH,20230616,7.43,1.6042,2.4389,1.51,4.3028,4.0212,1.5287,0.8212,0.6982,5.3799,5.3799,656575.5139,656575.5139,431856.2051,4878356.0683,4878356.0683,0
4779,600030.SH,20230616,20.39,0.618,0.7747,1.0,14.1758,14.0517,1.235,4.6413,4.632,2.6484,2.6484,1482054.6829,1136668.3345,906703.3237,30219094.9843,23176667.3405,0
4780,603057.SH,20230616,24.7,1.245,1.245,0.45,45.8726,42.6445,5.7563,2.8247,2.7546,,3.0364,41200.0,4200.0,4200.0,1017640.0,103740.0,0
4781,000828.SZ,20230616,9.35,0.2914,0.9658,1.13,11.7255,10.6631,1.0557,2.3683,2.31,2.8877,,103951.6992,103951.5642,31367.3048,971948.3875,971947.1253,0
4782,002183.SZ,20230616,5.25,2.3228,3.5546,3.28,53.2398,59.4626,1.5329,0.1597,0.1497,0.7619,0.7619,259700.9091,259631.1554,169660.816,1363429.7728,1363063.5659,0
4783,002617.SZ,20230616,7.3,1.2522,1.6704,0.69,,,2.3575,4.2007,4.5117,0.0,,192300.5903,187288.8378,140406.4403,1403794.3092,1367208.5159,0
4784,301089.SZ,20230616,68.77,5.6037,7.5884,0.94,30.2407,15.4072,5.2759,11.0422,7.1839,0.1454,0.5816,12600.0,7708.105,5692.1322,866502.0,530086.3809,0
4785,300688.SZ,20230616,43.05,13.3356,18.2138,0.8,,,13.4309,20.7584,24.3349,0.0909,,16737.9464,13560.5575,9928.6413,720568.5925,583782.0004,0
4786,688682.SH,20230616,82.99,0.8941,1.3942,1.7,85.5182,83.2387,6.6165,12.8232,12.0408,,,5194.777,3094.777,1984.612,431114.5432,256835.5432,0
4787,688167.SH,20230616,112.83,3.4526,3.7207,0.86,80.2217,83.4843,4.2213,18.4751,18.2704,,,9036.3344,6521.9202,6051.8202,1019569.6104,735868.2562,0
4788,688689.SH,20230616,25.69,1.7272,1.7272,0.86,38.3364,42.3664,2.9352,4.899,5.091,,,12890.2855,3710.2855,3710.2855,331151.4345,95317.2345,0
4789,300644.SZ,20230616,17.19,1.0365,1.492,0.61,33.4901,34.7108,2.3399,1.0866,1.1459,1.1727,,10793.98,8501.4756,5906.4138,185548.5162,146140.3656,0
4790,300222.SZ,20230616,8.7,5.9295,6.412,1.38,,,3.8219,2.037,2.0002,0.0,,78024.2234,63576.4509,58792.3043,678810.7436,553115.1228,0
4791,920184.BJ,20230616,4.19,0.0516,0.0721,0.45,,,0.974,2.8475,3.2916,,,13379.0,8842.6415,6327.5745,56058.01,37050.6679,0
4792,600533.SH,20230616,3.27,1.6928,3.1456,1.31,18.1998,45.0103,0.7656,0.4966,0.4242,3.6697,3.6697,105000.0,105000.0,56505.636,343350.0,343350.0,0
4793,002736.SZ,20230616,9.28,0.1481,0.4951,1.35,14.6523,12.5836,1.1225,5.6188,5.2278,5.3879,5.3879,961242.9377,882711.8644,264113.9313,8920334.4619,8191566.1016,0
4794,688220.SH,20230616,80.49,1.1561,1.5264,0.44,,,4.6417,15.7317,16.9108,,,41830.0889,22377.0768,16947.8928,3366903.8556,1801130.9116,0
4795,920418.BJ,20230616,11.94,0.9968,0.9968,4.44,13.7957,12.6549,1.9028,2.05,2.0327,,,9672.0,5114.2517,5114.2517,115483.68,61064.1653,0
4796,300337.SZ,20230616,6.64,1.5956,2.6269,0.88,81.0883,139.4465,3.226,1.3837,1.3347,0.3012,,82192.0,71000.6057,43126.2568,545754.88,471444.0218,0
4797,300871.SZ,20230616,16.76,1.3628,1.5598,1.12,52.75,42.422,1.9495,2.718,2.6538,1.9792,,16588.7155,8296.4095,7248.8032,278026.8718,139047.8232,0
4798,920407.BJ,20230616,6.38,0.2114,0.2114,0.65,15.3966,19.3359,1.7536,2.3406,2.2705,,,6568.0,1212.52,1212.52,41903.84,7735.8776,0
4799,300500.SZ,20230616,18.99,4.7285,8.9475,1.09,234.0779,75.2759,2.1105,1.7808,1.7306,0.5793,0.5793,17397.4869,16431.6105,8683.6105,330378.2762,312036.2834,0
4800,603125.SH,20230616,29.9,4.9662,4.9662,0.91,30.1976,30.1714,2.8548,5.9747,5.8409,,,19255.0,4717.4077,4717.4077,575724.5,141050.4902,0
4801,688300.SH,20230616,47.9,1.2969,3.316,2.16,47.2651,51.0539,7.4017,13.4408,14.1326,,,18574.5531,18574.5531,7264.2708,889721.0935,889721.0935,0
4802,000851.SZ,20230616,5.89,3.1563,3.6344,1.41,305.2723,241.5954,1.5271,0.9945,0.9659,0.0,,115786.002,113174.2547,98288.0535,681979.5518,666596.3602,0
4803,300664.SZ,20230616,5.91,3.4513,4.8421,2.67,20.1036,20.5615,1.1163,2.4889,2.5935,0.9844,3.5225,79247.6982,76883.9482,54800.0252,468353.8964,454384.1339,0
4804,003006.SZ,20230616,17.09,1.1969,1.6329,0.98,39.267,34.6896,6.0057,4.5618,4.319,1.7554,1.7554,43033.03,21561.78,15804.5615,735434.4827,368490.8202,0
4805,300066.SZ,20230616,5.25,0.5681,0.9062,0.5,25.525,27.6595,2.449,4.1002,3.4407,0.5714,0.5714,104003.3262,100342.8139,62906.0924,546017.4626,526799.773,0
4806,002691.SZ,20230616,6.02,1.1632,3.102,1.69,151.8969,197.738,2.2806,6.2228,6.1425,0.1329,0.1329,34000.0,33929.0736,12722.7881,204680.0,204253.0231,0
4807,600968.SH,20230616,3.09,0.3608,1.9663,1.16,12.9996,12.4236,1.3813,0.6573,0.6394,1.7799,1.7799,1016510.4199,1016510.4199,186510.4199,3141017.1975,3141017.1975,0
4808,000831.SZ,20230616,31.08,1.1944,1.9934,1.14,73.3478,114.1738,10.0357,8.0524,7.5109,0.0,,98088.8981,98088.8981,58773.557,3048602.9529,3048602.9529,0
4809,603917.SH,20230616,23.25,7.3875,13.9437,1.55,61.8595,60.1606,3.4197,5.319,5.3761,0.5591,1.1183,15680.0,15680.0,8307.4723,364560.0,364560.0,0
4810,002788.SZ,20230616,9.08,0.8552,1.3959,0.44,10.2207,9.9848,1.3138,0.1813,0.1794,3.304,6.6079,38851.6736,37937.3981,23242.7387,352773.1963,344471.5747,0
4811,000848.SZ,20230616,9.19,1.0777,1.8456,0.79,16.0709,15.971,3.8853,3.5932,3.5624,0.0,3.1838,105255.4074,105252.757,61459.5704,967297.194,967272.8368,0
4812,600168.SH,20230616,5.97,0.2574,0.6448,1.29,972.1249,,0.8361,1.4638,1.4516,2.8308,,70956.9692,70956.9692,28326.5276,423613.1061,423613.1061,0
4813,601568.SH,20230616,5.58,0.182,0.3508,1.52,15.32,20.7323,1.6071,1.7606,1.8496,5.7022,,397222.2224,254577.889,132083.7224,2216500.001,1420544.6206,0
4814,601086.SH,20230616,4.51,2.7027,11.0419,0.41,25.4356,19.2969,1.9326,3.983,3.8351,2.2173,4.4346,66600.0,66600.0,16301.3,300366.0,300366.0,0
4815,002189.SZ,20230616,17.49,3.0067,5.2014,2.5,,,3.5753,1.3934,1.5199,1.2841,1.2841,26172.6953,26118.5578,15098.1671,457760.4408,456813.5759,0
4816,688613.SH,20230616,25.16,1.835,2.1652,1.32,35.2317,33.3527,2.5386,13.6755,13.5695,,,13333.3334,10525.9204,8920.6759,335466.6683,264832.1573,0
4817,300933.SZ,20230616,7.76,1.4046,1.4046,1.15,46.6399,49.1911,2.4844,1.3795,1.3815,0.3866,,45850.8038,23475.8038,23475.8038,355802.2375,182172.2375,0
4818,600510.SH,20230616,6.19,0.3665,0.9271,0.74,10.5865,9.4047,0.6427,0.5602,0.5223,3.7157,3.7157,104478.8426,102391.3827,40479.3329,646724.0357,633802.6589,0
4819,002157.SZ,20230616,2.7,2.1069,3.3076,0.78,,,,0.5968,0.8451,0.0,,318650.2904,243576.3765,155154.8342,860355.7841,657656.2166,0
4820,301319.SZ,20230616,54.14,8.8422,8.8422,2.36,38.3818,36.4754,2.9963,3.0388,3.3018,,1.2929,5864.0,1466.0,1466.0,317476.96,79369.24,0
4821,301283.SZ,20230616,37.07,15.0905,15.0905,5.01,33.9733,32.8404,2.13,2.1955,2.0804,,1.3488,8000.0,2000.0,2000.0,296560.0,74140.0,0
4822,300957.SZ,20230616,96.98,1.3445,2.3679,0.57,39.0788,38.6275,7.6484,8.1934,8.1048,0.6187,0.8249,42360.0,21739.3711,12343.462,4108072.8,2108284.2093,0
4823,600623.SH,20230616,6.29,0.2512,0.762,1.06,10.4642,21.6129,0.6155,0.3481,0.3478,6.6773,6.6773,213144.9598,186219.6763,61379.9473,1340681.7971,1171321.7639,0
4824,301115.SZ,20230616,22.98,0.9392,0.9392,0.65,26.1711,29.2213,1.6488,3.6918,3.9138,1.4812,3.0043,18508.5,4309.7503,4309.7503,425325.33,99038.0619,0
4825,002277.SZ,20230616,3.26,0.7929,1.1664,0.97,137.4831,368.8234,0.681,2.5408,3.0108,0.0,,139417.28,139417.28,94772.406,454500.3328,454500.3328,0
4826,002781.SZ,20230616,0.42,4.1232,7.8977,0.54,,,,0.0614,0.0656,0.0,,22500.0,22392.8483,11690.6929,9450.0,9404.9963,0
4827,002219.SZ,20230616,4.74,0.3034,0.5481,0.36,103.0031,91.0755,7.9887,5.0843,5.0568,0.0,,338175.8753,324286.112,179483.0351,1602953.6489,1537116.1709,0
4828,600681.SH,20230616,4.37,0.3046,1.1338,1.08,14.9786,14.0235,1.7525,1.1697,1.1652,9.2303,6.865,134085.481,133980.8772,36001.1201,585953.552,585496.4334,0
4829,000089.SZ,20230616,7.1,0.2753,0.6398,0.85,,,1.3769,5.451,4.9691,0.4225,0.4225,205076.9509,205074.2403,88244.6871,1456046.3514,1456027.1061,0
4830,300479.SZ,20230616,22.59,5.0759,6.9358,0.8,,,7.0685,11.7251,11.3141,0.0,,19704.0865,19704.0865,14420.2438,445115.314,445115.314,0
4831,600319.SH,20230616,5.02,0.7001,1.0516,0.95,17.8816,20.7164,3.1439,2.2988,2.171,0.0,,38770.9384,31559.4,21010.7241,194630.1108,158428.188,0
4832,002891.SZ,20230616,24.23,0.9518,1.9895,0.62,67.2764,72.5766,3.4648,2.1941,2.2546,0.2064,0.2047,29411.3695,29410.222,14070.1076,712637.483,712609.6791,0
4833,301133.SZ,20230616,26.13,17.5688,17.5688,0.6,52.9857,51.5084,3.3421,3.8018,3.6104,0.3827,0.4592,10609.6616,3076.0907,3076.0907,277230.4576,80378.25,0
4834,300982.SZ,20230616,63.92,4.5893,4.5893,1.08,42.7905,35.3542,3.495,4.6497,4.33,0.7681,0.7681,17147.1695,3555.1807,3555.1807,1096047.0744,227247.1503,0
4835,600081.SH,20230616,11.96,2.0769,5.9339,1.3,51.7461,78.6372,1.7715,0.8213,0.8764,1.2876,1.8729,47041.8905,31356.0,10974.6,562621.0104,375017.76,0
4836,603662.SH,20230616,32.27,13.7839,28.6739,1.63,35.092,32.4721,3.8851,8.6113,8.4606,0.8341,0.8341,28299.8292,28082.9868,13499.8554,913235.4883,906237.984,0
4837,300716.SZ,20230616,14.71,3.2973,4.8554,1.46,321.6042,,8.974,1.8435,1.8454,0.0,,16002.0,16002.0,10866.8105,235389.42,235389.42,0
4838,601016.SH,20230616,3.68,0.4335,0.7737,0.91,14.6161,14.8018,1.5556,4.5471,4.4771,1.1572,2.4728,647486.4134,595156.2215,333450.8319,2382750.0013,2190174.8951,0
4839,600769.SH,20230616,8.73,2.2468,2.8113,0.77,306.9064,282.2005,40.1932,63.9756,59.7695,0.0,,37497.72,37497.72,29968.6023,327355.0956,327355.0956,0
4840,688015.SH,20230616,19.6,0.4645,0.9445,1.24,16.0513,16.9223,1.5352,1.4928,1.5512,,,18794.3462,18794.3462,9243.8109,368369.1855,368369.1855,0
4841,003041.SZ,20230616,15.52,1.3051,1.5971,0.81,14.417,14.9769,1.8067,2.2839,2.3103,0.6712,2.1478,14400.0,4581.72,3744.0,223488.0,71108.2944,0
4842,002174.SZ,20230616,21.98,8.5122,11.7542,0.77,,,4.5671,10.1643,10.5413,0.0,,91587.1399,91380.9249,66176.3663,2013085.335,2008552.7293,0
4843,002214.SZ,20230616,13.15,0.5732,0.6256,0.86,,,3.5222,19.6614,26.2165,0.6014,0.3789,59923.7935,47786.1127,43782.1356,787997.8845,628387.382,0
4844,000697.SZ,20230616,6.4,0.6145,0.8221,1.0,,,,3.4785,3.2893,0.0,,67161.6059,57688.8733,43118.3391,429834.2778,369208.7891,0
4845,000026.SZ,20230616,12.2,1.7857,3.2439,1.95,19.1054,17.9709,1.6182,1.1702,1.1631,2.4619,2.0492,41762.796,36255.3413,19957.6086,509506.1112,442315.1639,0
4846,603636.SH,20230616,16.27,2.7602,4.6378,1.25,69.7091,67.4323,3.6701,5.5253,5.4562,0.5132,0.5132,59079.3578,59079.3578,35161.2149,961221.1514,961221.1514,0
4847,920571.BJ,20230616,3.44,0.1908,0.1908,1.01,10.1572,18.3932,1.4193,1.6494,1.8022,,,55540.7453,18645.0276,18645.0276,191060.1638,64138.8949,0
4848,002640.SZ,20230616,3.77,2.5818,2.9728,1.04,329.208,200.9441,3.9945,0.8097,0.7964,0.0,,155804.133,138809.1856,120552.7394,587381.5814,523310.6297,0
4849,600021.SH,20230616,10.72,1.7333,3.7743,0.87,94.135,54.4587,1.4033,0.7711,0.7343,0.0,0.3265,281674.3645,261716.4197,120186.3406,3019549.1874,2805600.0192,0
4850,001226.SZ,20230616,29.48,6.338,6.338,0.74,37.413,49.1949,2.8533,3.1339,3.3728,1.8182,1.8182,7466.67,1866.67,1866.67,220117.4316,55029.4316,0
4851,300910.SZ,20230616,49.22,3.6522,4.7287,1.32,24.1215,22.3961,5.4962,4.6571,4.3332,0.8459,2.4319,28822.8061,17536.5001,13544.2201,1418658.5162,863146.5349,0
4852,000978.SZ,20230616,7.81,1.3273,2.0223,0.87,,,2.8677,28.2477,18.9458,0.0,,46813.0,36005.1925,23631.5452,365609.53,281200.5534,0
4853,603683.SH,20230616,12.02,7.0353,13.6769,1.96,448.8485,189.906,2.7379,1.8461,1.8635,0.3868,0.7654,21715.488,21472.836,11045.452,261020.1658,258103.4887,0
4854,000037.SZ,20230616,8.96,9.158,15.5086,0.69,,,3.7908,7.7795,7.3962,0.0,,60276.2596,33889.5156,20012.2202,540075.286,303650.0598,0
4855,601606.SH,20230616,13.19,1.9129,4.6531,1.44,119.4319,118.0387,3.7028,5.5717,5.7087,0.2881,0.2881,72422.84,72422.84,29772.6841,955257.2596,955257.2596,0
4856,600084.SH,20230616,7.79,0.244,0.5185,0.82,,,6.7892,59.7965,48.1948,0.0,,112372.683,112372.683,52890.2424,875383.2006,875383.2006,0
4857,300170.SZ,20230616,11.04,9.0043,9.6922,2.02,24.5348,88.3627,2.2467,3.572,3.5624,0.0,0.5377,97288.4875,93211.0033,86595.9374,1074064.902,1029049.4764,0
4858,002323.SZ,20230616,2.79,1.0381,1.4656,0.75,187.1003,182.4537,8.8189,8.4499,7.9284,0.0,,212085.5142,212046.1842,150196.7814,591718.5846,591608.8539,0
4859,920405.BJ,20230616,8.18,0.0479,0.0939,0.38,19.1928,19.2692,1.5644,5.2022,5.1288,,,14026.0,8177.1376,4172.025,114732.68,66888.9856,0
4860,002676.SZ,20230616,3.89,1.0584,1.4936,1.31,66.1742,75.0485,2.4238,1.3335,1.3068,0.0,,72000.0,71996.4834,51017.9493,280080.0,280066.3204,0
4861,600758.SH,20230616,4.55,1.7538,3.838,0.66,30.8871,23.9009,1.0591,0.9088,0.9089,0.0,,132201.7394,132074.3394,60352.7003,601517.9143,600938.2443,0
4862,000524.SZ,20230616,11.31,1.5501,5.5083,1.61,,,3.7056,7.3269,5.7252,0.0,,67020.8597,67008.1621,18857.3555,758005.9232,757862.3134,0
4863,000566.SZ,20230616,5.0,1.5929,2.1439,0.81,616.872,197.4742,2.9917,3.6462,3.7704,0.0,,129736.5126,116538.9491,86587.9184,648682.563,582694.7455,0
4864,920753.BJ,20230616,7.56,2.4572,2.5236,4.05,18.6318,17.7534,1.6145,4.3147,4.2575,,,8140.4368,1726.5,1681.0365,61541.7022,13052.34,0
4865,002320.SZ,20230616,6.33,0.6385,2.3612,1.62,92.8367,66.1572,3.5309,4.761,4.3148,1.5798,0.7109,222893.3187,222893.3187,60278.4026,1410914.7074,1410914.7074,0
4866,600499.SH,20230616,11.13,0.5886,1.0154,0.96,5.1014,5.7798,2.1144,1.9437,1.9527,1.5674,6.0138,194841.9929,194841.9929,112947.4489,2168591.381,2168591.381,0
4867,002852.SZ,20230616,14.16,1.693,2.3144,1.09,,,2.5887,0.693,0.646,0.0,,34396.8305,27690.934,20255.6659,487059.1199,392103.6254,0
4868,600871.SH,20230616,1.99,0.2834,1.3535,0.88,81.4526,69.8782,4.8629,0.5121,0.4947,0.0,,1898434.0033,1356937.8551,284148.2187,3777883.6666,2700306.3316,0
4869,002067.SZ,20230616,3.43,0.5224,0.5454,0.86,34.8257,80.8645,0.7579,0.6576,0.6778,0.0,,119396.4858,105646.3083,101191.3083,409529.9463,362366.8375,0
4870,601225.SH,20230616,17.97,0.2959,0.8483,0.99,4.9603,4.7942,1.5758,1.0442,1.0124,7.5125,7.5125,969500.0,969500.0,338117.48,17421915.0,17421915.0,0
4871,688800.SH,20230616,55.26,2.0126,2.2921,0.62,34.6456,36.794,4.6686,5.3868,5.4993,,,15841.9873,10469.9073,9193.1073,875428.2182,578567.0774,0
4872,002398.SZ,20230616,5.82,8.1591,8.5122,3.15,19.7775,20.5019,1.1943,1.0565,1.0846,1.3818,1.3748,71643.8969,58170.9427,55758.3339,416967.48,338554.8865,0
4873,003010.SZ,20230616,22.4,17.387,21.612,0.97,80.7582,73.4822,2.5931,2.24,2.2431,0.8929,1.1115,12169.984,7168.2792,5766.9216,272607.6416,160569.4541,0
4874,000958.SZ,20230616,4.29,0.25,1.1062,0.59,23.1119,23.2052,1.2311,4.5297,4.6832,1.3986,1.3986,538341.852,538332.4495,121678.0695,2309486.5451,2309446.2084,0
4875,000050.SZ,20230616,9.49,0.2813,0.6023,1.15,207.2857,,0.794,0.7417,0.7652,0.7376,,245774.7661,237579.4164,110985.7568,2332402.5303,2254628.6616,0
4876,300837.SZ,20230616,39.4,1.2371,2.6261,0.74,21.1202,20.3528,3.0768,5.6707,5.3782,0.7614,,10000.0,7058.125,3325.0,394000.0,278090.125,0
4877,601990.SH,20230616,8.33,0.3128,0.5592,1.05,47.5588,41.6602,1.8228,15.2916,13.6031,1.2005,1.2005,368636.1034,361993.0567,202501.7343,3070738.7413,3015402.1623,0
4878,000048.SZ,20230616,20.02,1.066,3.3228,1.26,13.5501,4.9073,3.1551,1.7471,0.8587,6.4935,4.995,52323.925,52323.925,16786.4301,1047524.9785,1047524.9785,0
4879,002075.SZ,20230616,4.04,0.6002,0.8181,1.53,19.6762,28.9948,1.4043,0.4906,0.5118,1.9686,1.2304,220677.1772,220676.8247,161889.6521,891535.7959,891534.3718,0
4880,300669.SZ,20230616,13.62,0.9371,1.9554,0.55,50.8362,51.9572,3.1014,6.4867,6.5806,1.1258,0.8811,19270.5526,17942.9819,8598.7082,262464.9264,244383.4135,0
4881,301265.SZ,20230616,11.64,5.2106,5.2106,1.37,31.5701,31.2086,1.7732,4.6883,4.653,,1.7182,30297.3182,7575.0,7575.0,352660.7838,88173.0,0
4882,600332.SH,20230616,32.4,0.7693,1.6057,0.96,13.2801,12.9441,1.6071,0.7441,0.7328,2.1204,4.3796,162579.0949,140589.0949,67358.5846,5267562.6748,4555086.6748,0
4883,688485.SH,20230616,15.5,1.8079,1.8079,1.3,36.4037,41.2822,1.7511,5.9085,5.8721,,,15029.2062,3200.4297,3200.4297,232952.6961,49606.6604,0
4884,600234.SH,20230616,6.0,2.4043,3.5079,0.41,,,2.6492,13.1847,16.6692,0.0,,26252.0973,20244.588,13875.9388,157512.5838,121467.528,0
4885,603881.SH,20230616,25.79,4.0152,7.6603,1.14,103.3544,85.5572,3.9103,8.1601,7.998,0.0942,0.1219,46049.8076,46049.8076,24137.2508,1187624.538,1187624.538,0
4886,002025.SZ,20230616,58.16,0.5349,0.9182,0.9,47.8384,43.1101,4.4817,4.4141,4.2225,0.3407,0.971,45687.0256,45256.1028,26362.6327,2657157.4089,2632094.9388,0
4887,002915.SZ,20230616,16.24,0.7056,1.1869,0.87,28.8043,31.2896,3.1402,3.3238,3.5523,1.0996,1.2315,32795.7575,28856.4375,17156.1767,532603.1018,468628.545,0
4888,000725.SZ,20230616,4.04,0.6665,0.8083,0.88,20.431,45.2481,1.2254,0.8647,0.9298,5.1271,1.5099,3818606.4811,3728876.7943,3074527.8221,15427170.1836,15064662.249,0
4889,600113.SH,20230616,7.3,0.7933,1.5644,0.94,18.7436,21.3477,1.4016,3.2711,4.2484,3.2877,1.6438,41143.116,41143.116,20862.336,300344.7468,300344.7468,0
4890,000543.SZ,20230616,5.97,1.3016,3.0087,0.75,31.8324,32.7394,1.0552,0.5575,0.5704,0.0,,226686.3331,226686.3331,98063.3989,1353317.4086,1353317.4086,0
4891,603089.SH,20230616,8.49,0.6811,1.975,0.87,26.7747,36.3944,1.7775,1.1112,1.1537,1.1778,1.1779,22250.1103,22250.1103,7673.6306,188903.4364,188903.4364,0
4892,601860.SH,20230616,2.53,0.9198,1.1081,1.44,5.7883,5.7166,0.5515,2.0552,2.0477,3.9526,3.9526,366097.739,350779.3753,291181.1907,926227.2797,887471.8195,0
4893,600131.SH,20230616,21.32,1.1114,3.102,1.22,31.9839,31.0906,4.4166,3.3667,3.3127,0.7926,0.7926,120251.9044,119431.4024,42791.3024,2563770.6018,2546277.4992,0
4894,002893.SZ,20230616,10.2,2.9266,4.6013,1.06,67.0115,36.288,2.5084,2.0111,1.9717,0.0,0.4216,20280.0,20169.5629,12828.4594,206856.0,205729.5416,0
4895,300648.SZ,20230616,31.95,2.7829,3.3699,1.45,527.8257,623.4161,4.6058,3.6882,3.5951,0.1721,0.0313,14778.3896,9526.5345,7866.9492,472169.5477,304372.7773,0
4896,002382.SZ,20230616,7.22,0.6352,0.8285,1.23,,,0.7399,1.4838,1.5481,0.0,5.5402,100709.8932,100151.1968,76789.0059,727125.4289,723091.6409,0
4897,002243.SZ,20230616,8.86,0.6533,1.5168,1.16,25.7387,24.824,1.5747,4.0973,3.9576,0.9029,0.9029,121060.4219,121055.8319,52143.7212,1072595.338,1072554.6706,0
4898,688147.SH,20230616,54.19,6.4763,6.4763,1.69,454.7865,488.1149,12.5509,35.9774,39.2051,,,45445.5359,3758.9098,3758.9098,2462693.5904,203695.3221,0
4899,002898.SZ,20230616,10.82,1.5332,2.5668,1.17,,,3.5961,7.2081,6.767,0.0,,17600.0,10098.5061,6032.094,190432.0,109265.836,0
4900,002760.SZ,20230616,27.0,2.4966,3.4955,0.6,46.6216,50.8014,2.9769,3.5726,3.7046,0.0,0.7407,10798.8706,8798.093,6283.8073,291569.5062,237548.511,0
4901,002963.SZ,20230616,14.31,0.7778,1.3865,0.66,,,1.4239,5.2864,4.843,0.0,,15035.993,12299.4048,6899.453,215165.0598,176004.4827,0
4902,688728.SH,20230616,16.83,0.5834,1.0987,0.56,95.839,617.1079,5.4049,7.0757,8.308,,,249888.7173,110724.5571,58790.1004,4205627.1122,1863494.296,0
4903,300059.SZ,20230616,14.86,2.5512,2.8326,1.29,27.6909,28.1611,3.556,50.9086,52.7522,0.3739,0.3926,1585699.5052,1330640.5294,1198438.8523,23563494.6473,19773318.2669,0
4904,600616.SH,20230616,7.56,3.9812,6.2712,1.02,977.9197,37.5432,2.502,7.6445,8.3203,0.3968,0.7937,66900.495,66900.495,42471.3015,505767.7422,505767.7422,0
4905,300831.SZ,20230616,13.64,1.8238,1.8238,0.81,79.3924,98.6617,5.114,24.8295,27.4658,0.2199,0.2199,32000.0,18448.424,18448.424,436480.0,251636.5034,0
4906,688126.SH,20230616,21.76,0.4224,0.8463,0.58,182.8772,133.5843,4.1576,16.5097,16.4342,,,273165.8657,272029.8399,135770.5064,5944089.2376,5919369.3162,0
4907,301011.SZ,20230616,25.64,2.7556,3.0936,0.87,,,5.8592,6.2192,5.9431,0.4616,0.4616,14669.2,7826.1787,6971.0387,376118.288,200663.2219,0
4908,000661.SZ,20230616,143.32,1.288,1.7786,0.71,14.0081,15.0291,3.1314,4.5929,4.6657,0.5549,0.6978,40465.499,40199.2827,29109.0668,5799515.3167,5761361.1966,0
4909,301157.SZ,20230616,60.14,19.1512,19.1512,0.97,63.2999,63.2219,3.5141,14.5489,13.9261,,0.3326,6000.0,1422.5966,1422.5966,360840.0,85554.9595,0
4910,301279.SZ,20230616,27.4,23.0674,23.0674,10.78,33.5626,35.431,2.1414,4.1925,4.2453,0.0,1.8248,10000.0,2875.0,2875.0,274000.0,78775.0,0
4911,000889.SZ,20230616,1.86,2.8049,3.7422,1.12,,,6.8444,1.1485,1.2018,0.0,,93629.1116,86984.9676,65198.0396,174150.1476,161792.0397,0
4912,688679.SH,20230616,14.49,0.9034,0.9034,0.55,41.9124,41.2517,1.7409,1.4947,1.4756,,,13168.9675,5968.9675,5968.9675,190818.3391,86490.3391,0
4913,603177.SH,20230616,11.73,0.7819,1.9106,0.74,262.1425,6291.8197,6.1525,3.0736,3.0346,0.0,,20887.0,20200.0,8266.6,245004.51,236946.0,0
4914,002967.SZ,20230616,20.37,0.5509,1.1521,0.91,63.6986,44.9264,3.4493,4.4996,4.203,0.7364,0.7364,57522.5846,51510.5841,24631.4793,1171735.0483,1049270.5981,0
4915,688367.SH,20230616,16.87,1.3237,1.6955,0.84,28.7851,28.7566,2.5884,4.8724,4.811,,,8710.164,6442.843,5030.294,146940.4667,108690.7614,0
4916,600017.SH,20230616,2.93,0.8575,1.7103,1.05,14.2851,14.947,0.658,1.202,1.1875,1.3652,1.3652,307565.3888,307565.3888,154215.8515,901166.5892,901166.5892,0
4917,688570.SH,20230616,27.86,16.568,16.568,1.29,30.4235,29.8252,3.1494,6.1289,5.9925,,,43300.0,5430.9191,5430.9191,1206338.0,151305.4061,0
4918,300570.SZ,20230616,54.99,23.9476,36.1123,1.04,70.2473,68.3066,9.4489,13.5484,13.4087,0.5293,,22999.68,19362.435,12840.081,1264752.4032,1064740.3007,0
4919,601038.SH,20230616,11.56,0.7927,2.5695,2.0,19.0725,18.9309,2.0155,1.0429,1.0447,1.0121,,112364.5275,59391.0,18321.9422,1298933.9379,686559.96,0
4920,600313.SH,20230616,9.0,1.5291,2.5598,0.6,42.3337,38.9302,5.4832,1.8558,1.7722,0.0,,108219.8663,106700.411,63739.588,973978.7967,960303.699,0
4921,301081.SZ,20230616,9.72,0.6898,0.6898,1.04,31.2569,38.932,2.1657,2.6403,2.6613,4.2867,2.572,20480.4,8438.4,8438.4,199069.488,82021.248,0
4922,688608.SH,20230616,136.18,1.3318,1.6077,0.6,133.4886,164.8029,2.7382,11.0059,10.3349,,,12000.0,7935.981,6574.0945,1634160.0,1080721.8926,0
4923,601519.SH,20230616,7.53,1.643,3.1793,1.03,,58.178,8.0139,19.6476,19.3018,0.0,,203587.02,200386.56,103559.3941,1533010.2606,1508910.7968,0
4924,002094.SZ,20230616,3.72,2.4268,3.0883,0.84,,,1.7596,0.8708,0.9193,0.0,,69089.7549,69045.3549,54255.5227,257013.8882,256848.7202,0
4925,603067.SH,20230616,12.15,1.1401,1.8276,1.62,14.8321,14.7475,2.3577,1.7501,1.721,1.5126,1.5126,50901.6166,50278.8166,31363.4547,618454.6417,610887.6217,0
4926,601677.SH,20230616,13.66,1.7405,2.1426,1.03,8.2871,9.7317,1.0835,0.4769,0.5021,1.4581,1.2152,96981.7895,96981.7895,78781.1727,1324771.2446,1324771.2446,0
4927,300379.SZ,20230616,22.9,2.9965,3.0605,1.0,178.167,600.3229,4.5132,11.621,12.175,0.3923,0.3923,46069.8732,43285.8593,42381.0887,1055000.0963,991246.178,0
4928,000836.SZ,20230616,3.1,2.9943,3.7029,1.31,296.1847,,2.963,2.8155,3.121,0.0,,120845.5224,120845.5224,97719.5385,374621.1194,374621.1194,0
4929,600039.SH,20230616,9.92,0.381,1.4417,1.79,7.7106,6.9871,2.2162,0.6397,0.5851,2.612,6.5524,871557.8165,663929.8525,175448.3503,8645853.5397,6586184.1368,0
4930,000031.SZ,20230616,3.89,0.3172,1.2287,0.83,,,1.0636,0.4213,0.4448,0.0,,428631.3339,400288.7169,103339.4287,1667375.8889,1557123.1087,0
4931,000738.SZ,20230616,23.12,0.758,1.5126,1.52,44.1709,42.3337,2.6634,6.1532,5.9946,0.1946,0.1946,131518.4001,131518.4001,65904.221,3040705.4103,3040705.4103,0
4932,600888.SH,20230616,7.96,0.8028,1.394,1.5,6.9427,6.7396,1.2824,1.3892,1.5203,2.3823,4.397,135002.4855,133233.7255,76733.003,1074619.7846,1060540.455,0
4933,600340.SH,20230616,2.32,0.9534,1.1196,0.66,5.7364,,0.8147,0.2843,0.27,0.0,,391372.0342,389335.5062,331554.8349,907983.1193,903258.3744,0
4934,688489.SH,20230616,65.4,4.9498,4.9498,0.78,69.4777,66.1276,4.0311,21.9221,21.3609,,,11388.9356,2515.363,2515.363,744836.3882,164504.7402,0
4935,603209.SH,20230616,20.96,3.6671,5.9492,2.63,28.4551,25.0476,2.8224,7.4784,6.2088,0.5112,1.0224,28000.0,16642.5,10258.5,586880.0,348826.8,0
4936,603159.SH,20230616,15.11,7.2267,19.353,1.44,69.9962,76.9553,4.4984,3.5393,3.7257,0.6618,0.6618,14000.0,14000.0,5227.82,211540.0,211540.0,0
4937,600812.SH,20230616,5.65,0.3828,0.8087,0.53,,,1.8272,0.9232,0.9131,1.0619,1.0619,171573.037,163080.4729,77203.1554,969387.6591,921404.6719,0
4938,688561.SH,20230616,59.67,1.086,1.9653,1.53,717.1262,9383.6279,4.2568,6.5701,6.3009,,,68517.2377,46368.3817,25621.5917,4088423.5736,2766801.336,0
4939,600955.SH,20230616,18.84,0.3494,0.6374,1.14,17.0491,31.3927,1.2206,1.3288,1.379,2.0754,0.8811,55000.0,36490.0,20000.0,1036200.0,687471.6,0
4940,002712.SZ,20230616,7.91,4.5925,7.4956,0.89,,,2.7621,1.0286,0.9464,0.0,,54427.6198,53764.3644,32940.9055,430522.4726,425276.1224,0
4941,603566.SH,20230616,24.47,0.6893,0.9938,0.83,49.599,42.7411,3.0154,7.0324,6.7029,0.7287,0.7287,35291.6573,35123.7077,24361.7405,863586.8541,859477.1274,0
4942,000061.SZ,20230616,6.31,0.5232,0.7926,0.94,53.6302,49.3929,1.8369,2.4595,2.302,1.1094,1.1094,169696.4131,169693.6756,112001.9093,1070784.3667,1070767.093,0
4943,605507.SH,20230616,21.26,0.3831,0.6511,1.03,12.901,12.9823,1.6937,2.0767,1.9951,0.9407,2.8222,55882.35,30172.2186,17751.4858,1188058.761,641461.3674,0
4944,002082.SZ,20230616,7.07,0.8477,0.9685,1.0,46.4434,45.2149,1.6543,2.4406,2.3708,0.0,1.6836,61668.9055,36021.2237,31526.8877,435999.1619,254670.0516,0
4945,601108.SH,20230616,7.5,0.4923,0.7282,0.98,22.9555,18.7821,1.0556,7.2156,5.8424,2.6667,2.6667,464373.8414,464373.8414,313895.9958,3482803.8105,3482803.8105,0
4946,301229.SZ,20230616,29.6,3.841,4.532,0.42,57.2436,46.6429,3.0053,3.421,3.255,0.3378,0.3378,8000.0,3411.3721,2891.2058,236800.0,100976.6142,0
4947,301378.SZ,20230616,73.5,9.0553,9.0553,0.85,58.04,59.4561,3.6433,10.9594,10.8117,,0.907,6900.0,1725.0,1725.0,507150.0,126787.5,0
4948,920981.BJ,20230616,13.0,0.1836,0.339,0.52,22.8025,33.8942,1.9469,2.5669,2.9147,,,7646.8,3899.959,2112.012,99408.4,50699.467,0
4949,601100.SH,20230616,64.17,0.4975,1.5818,1.08,36.7267,35.2612,6.4783,10.4969,10.2145,1.1075,,134082.0992,130536.0,41052.8522,8604048.3057,8376495.12,0
4950,688075.SH,20230616,67.1,1.7545,1.7545,1.35,2.0005,14.7193,1.1085,0.9878,7.4936,,,9077.3432,2178.5695,2178.5695,609089.7287,146182.0135,0
4951,600478.SH,20230616,7.03,0.8304,1.1664,1.09,65.4758,66.3063,4.1406,3.0896,2.8301,0.0,,166385.3416,166385.3416,118465.3279,1169688.9514,1169688.9514,0
4952,688600.SH,20230616,23.82,2.952,2.952,1.1,66.8635,54.6628,3.5885,4.7332,4.596,,,13420.556,6925.967,6925.967,319677.6439,164976.5339,0
4953,301336.SZ,20230616,47.25,4.16,4.16,0.65,51.2349,66.7716,2.424,5.8567,6.5404,0.0,0.5757,4000.0,1000.0,1000.0,189000.0,47250.0,0
4954,301285.SZ,20230616,14.37,20.8974,20.8974,1.19,60.2216,115.6952,2.8614,5.0005,5.4949,,,20667.0,5167.0,5167.0,296984.79,74249.79,0
4955,603266.SH,20230616,13.54,0.7535,2.1751,0.53,21.9229,22.2034,1.9635,2.1467,2.1767,0.8124,,19888.675,19888.675,6889.899,269292.6595,269292.6595,0
4956,603076.SH,20230616,44.25,1.5331,3.1223,1.24,243.9413,525.9379,4.0886,4.4353,4.3273,0.1808,0.1808,12070.1344,12070.1344,5926.3901,534103.4472,534103.4472,0
4957,300880.SZ,20230616,25.86,27.2001,31.2139,1.1,35.7575,34.9123,6.4616,6.2116,6.1366,0.961,2.8944,19319.616,8512.656,7418.0064,499605.2698,220137.2842,0
4958,300175.SZ,20230616,3.88,4.8018,6.3139,0.35,,,3.3091,8.4715,8.4899,0.0,,47080.0,47080.0,35804.704,182670.4,182670.4,0
4959,301281.SZ,20230616,26.41,3.5354,3.5354,0.77,31.332,29.8162,2.2235,6.4578,6.3041,,1.0818,10829.0,2569.1161,2569.1161,285993.89,67850.3562,0
4960,300508.SZ,20230616,37.47,11.642,16.8011,1.19,80.7825,59.3489,6.1435,10.5485,10.3914,0.3314,0.2349,10909.44,5662.7001,3923.864,408776.7168,212181.3727,0
4961,000046.SZ,20230616,0.97,1.0712,2.6836,0.71,,,,0.7058,0.7783,0.0,,519620.0656,519396.1456,207328.0501,504031.4636,503814.2612,0
4962,002058.SZ,20230616,10.78,8.3697,13.8146,4.8,,,10.0282,10.4732,10.9641,0.0,,14344.8332,14311.7781,8670.9625,154637.3019,154280.9679,0
4963,688303.SH,20230616,42.27,1.395,1.395,0.52,4.7251,5.0986,2.2104,2.9201,3.2654,,,213739.6215,50639.6215,50639.6215,9034773.8008,2140536.8008,0
4964,688221.SH,20230616,10.81,0.9673,0.9673,0.88,,,2.5372,47.7835,44.5058,,,37457.8653,20572.4153,20572.4153,404919.5239,222387.8094,0
4965,603931.SH,20230616,29.59,0.8696,1.6096,0.65,36.1392,38.8981,4.4742,6.9667,7.6958,0.7242,0.8449,19955.838,11550.2534,6240.0984,590493.2464,341771.9981,0
4966,688567.SH,20230616,22.28,0.4285,0.5854,0.68,,,2.3157,2.3423,1.9678,,,121826.8049,95273.7065,69742.3111,2714301.2132,2122698.1808,0
4967,301363.SZ,20230616,42.92,2.74,2.74,0.75,43.408,39.3578,5.8521,12.3324,11.6484,,0.8155,40666.0,4026.0542,4026.0542,1745384.72,172798.2463,0
4968,920533.BJ,20230616,12.14,0.9143,0.9143,0.61,19.8489,16.5902,4.6647,2.06,1.9403,,,9936.0,3358.3185,3358.3185,120623.04,40769.9866,0
4969,600301.SH,20230616,18.16,4.5283,4.5283,1.8,633.79,128.8231,4.4141,19.5022,10.2993,0.0,,63256.7479,15990.0082,15990.0082,1148742.5419,290378.5489,0
4970,600170.SH,20230616,2.7,0.5383,1.0191,0.78,17.6974,13.3987,0.7989,0.0839,0.0802,5.3704,5.3704,888593.9744,888593.9744,469383.0834,2399203.7309,2399203.7309,0
4971,603589.SH,20230616,55.95,1.0155,1.7128,0.97,21.6559,20.9748,3.9309,6.5374,6.1994,2.667,5.3479,60000.0,59686.5786,35389.7592,3357000.0,3339464.0727,0
4972,002442.SZ,20230616,4.96,2.1895,2.8399,3.57,23.4781,23.1816,1.5138,0.5339,0.5206,2.0161,2.0161,49082.0,48284.3208,37225.8006,243446.72,239490.2312,0
4973,688169.SH,20230616,308.14,0.9643,1.6773,0.75,24.3943,27.6299,2.9492,4.3553,4.4905,,,9369.1616,9369.1616,5386.5312,2887013.4554,2887013.4554,0
4974,600149.SH,20230616,5.28,1.1446,1.7691,0.78,,,12.6501,9.4021,9.1028,0.0,,38016.0,38016.0,24595.425,200724.48,200724.48,0
4975,300478.SZ,20230616,9.89,2.2691,3.6903,1.63,,,20.3668,3.4061,3.3659,0.0,,12667.3,12403.465,7626.7592,125279.597,122670.2689,0
4976,002209.SZ,20230616,9.35,2.4021,3.1054,1.22,81.673,337.1572,3.1366,1.5901,1.725,0.0,,19524.405,15452.4082,11953.022,182553.1868,144480.0167,0
4977,601019.SH,20230616,10.45,0.9231,4.2693,0.74,12.9776,12.9872,1.6068,1.9445,1.9217,3.3493,3.3493,208690.0,208690.0,45124.128,2180810.5,2180810.5,0
4978,300237.SZ,20230616,1.91,0.8501,1.1666,0.92,,,3.3898,2.0149,2.1245,0.0,,144191.493,143845.4805,104822.1126,275405.7516,274744.8678,0
4979,002212.SZ,20230616,10.47,1.9162,2.2167,0.92,60.4862,69.4676,1.2749,3.5013,3.4145,0.1893,,118483.2393,116776.8158,100946.5192,1240519.5155,1222653.2614,0
4980,002347.SZ,20230616,5.42,8.2154,8.4061,0.92,,,2.2047,2.5263,2.3677,0.0,,50470.2276,33468.0831,32708.8956,273548.6336,181397.0104,0
4981,688322.SH,20230616,49.97,27.2766,27.2766,1.26,,,6.2827,57.1009,60.8069,,,40000.1,3255.719,3255.719,1998804.997,162688.2784,0
4982,688225.SH,20230616,22.76,0.7315,0.9238,0.6,92.3811,111.1483,3.5492,5.2902,5.4438,,,40001.0,10916.5266,8644.4285,910422.76,248460.1454,0
4983,300692.SZ,20230616,7.25,1.192,1.5567,0.88,14.7985,14.8554,1.3804,2.1861,2.25,0.6896,,42375.3771,37457.9696,28684.0037,307221.484,271570.2796,0
4984,300768.SZ,20230616,18.55,1.5094,3.1116,1.48,79.7456,87.1805,3.7608,13.3717,13.1161,0.5031,0.4266,64382.9039,38680.8152,18764.1691,1194302.8673,717529.122,0
4985,600865.SH,20230616,9.15,0.4245,1.1588,1.5,19.1498,26.5723,1.5068,15.1569,15.2851,2.1858,2.7322,37624.0316,37624.0316,13781.8935,344259.8891,344259.8891,0
4986,601898.SH,20230616,8.45,0.1911,1.1304,1.18,6.1421,6.0224,0.8102,0.5079,0.5139,3.5621,3.5621,1325866.34,915200.04,154679.2792,11203570.573,7733440.338,0
4987,301075.SZ,20230616,23.75,2.0668,2.5061,0.99,92.6731,207.1413,2.5099,4.7376,4.6769,2.6316,,8000.0,2742.3729,2261.6949,190000.0,65131.3564,0
4988,603170.SH,20230616,21.79,2.8605,2.8605,0.8,40.4721,34.8872,7.2375,4.2794,4.0501,0.0,,40001.0,4001.0,4001.0,871621.79,87181.79,0
4989,688010.SH,20230616,23.93,1.0515,2.3426,1.59,125.6347,419.9962,2.0588,4.706,4.6544,,,15358.1943,15298.7743,6866.8881,367521.5896,366099.669,0
4990,688119.SH,20230616,5.66,4.43,4.7437,1.81,27.3811,28.5401,2.1016,2.3693,2.3388,,,112500.0,23129.681,21600.0,636750.0,130913.9945,0
4991,600781.SH,20230616,0.78,2.658,2.7221,1.3,,,,0.3331,0.3093,0.0,,62715.7512,37426.3222,36544.3667,48918.2859,29192.5313,0
4992,301323.SZ,20230616,41.26,18.9784,18.9784,0.54,33.8594,35.8137,2.2985,6.0557,6.2384,,,10492.289,2338.5245,2338.5245,432911.8441,96487.5209,0
4993,600502.SH,20230616,5.68,2.0897,3.0792,1.26,7.0651,6.8882,1.0587,0.1217,0.1193,4.4133,,171653.3938,171653.3938,116489.5154,974991.2768,974991.2768,0
4994,601010.SH,20230616,2.47,0.6314,1.1471,1.38,,,1.0248,1.9078,1.9625,5.153,,184800.0,182335.7065,100363.2498,456456.0,450369.1951,0
4995,301126.SZ,20230616,13.81,2.8329,2.9392,1.03,55.7875,60.1866,1.646,0.8662,0.8053,0.2462,0.4562,20650.57,10836.9214,10444.7125,285184.3717,149657.8845,0
4996,688581.SH,20230616,121.56,3.1646,3.1646,0.63,48.5307,46.3682,3.4037,18.956,18.317,,,5787.0971,1291.9909,1291.9909,703479.5235,157054.4138,0
4997,688019.SH,20230616,177.19,1.4667,2.4988,1.56,58.0567,51.7737,9.8706,16.2524,15.7229,,,9876.6473,9711.2132,5699.9502,1750043.1351,1720729.8669,0
4998,300125.SZ,20230616,16.3,3.8367,4.9303,1.7,,1113.6987,6.6295,2.7089,2.8069,0.0,,26549.9995,26352.5985,20507.2725,432764.9919,429547.3556,0
4999,603167.SH,20230616,7.09,0.5206,0.8541,1.07,20.5135,21.8433,0.9072,2.545,2.4142,2.1312,,46914.4503,46914.4503,28598.5798,332623.4526,332623.4526,0
5000,600159.SH,20230616,2.82,3.4198,6.5388,0.62,,,1.0329,2.6973,2.9527,1.773,1.773,83000.3232,83000.3232,43408.6677,234060.9114,234060.9114,0
5001,688618.SH,20230616,66.77,2.77,2.77,1.7,52.1717,50.5509,6.3787,14.934,14.207,,,7508.1133,2524.1804,2524.1804,501316.725,168539.5253,0
5002,301117.SZ,20230616,63.49,2.2181,2.3217,1.23,94.9749,78.789,4.4599,21.734,19.1511,0.63,0.2363,9226.33,5433.4868,5191.1343,585779.6917,344972.0769,0
5003,002805.SZ,20230616,21.54,2.8746,3.4521,0.82,39.9761,,2.6068,3.4755,2.5968,0.0885,0.4201,28006.2508,21554.9828,17948.847,603254.6422,464294.3295,0
5004,688168.SH,20230616,38.45,1.2941,1.9994,1.01,,,2.517,6.4268,6.4393,,,7629.2708,7629.2708,4937.7772,293345.4623,293345.4623,0
5005,300550.SZ,20230616,17.13,0.7284,1.4598,0.91,,,4.323,12.4905,12.3831,0.1177,0.1177,26273.8501,26086.4904,13016.9124,450071.0522,446861.5806,0
5006,920792.BJ,20230616,6.0,0.2363,0.2366,0.56,8.8914,9.1853,1.0892,1.4616,1.3841,,,16554.0,5229.2894,5221.4291,99324.0,31375.7364,0
5007,002186.SZ,20230616,12.92,2.9072,5.1659,0.87,,,5.2549,5.5445,4.8338,0.0,,30846.3955,30805.3705,17336.2229,398535.4299,398005.3869,0
5008,605020.SH,20230616,25.94,1.507,1.803,1.47,32.7636,38.2975,4.3012,2.5856,2.4525,0.6857,0.6884,37913.2557,17409.1637,14550.8954,983469.8529,451593.7064,0
5009,300490.SZ,20230616,16.53,4.8033,6.5089,1.62,,,2.2108,3.7449,3.9016,0.1509,0.1509,39419.3274,32311.943,23844.6399,651601.4819,534116.4178,0
5010,688176.SH,20230616,11.18,1.6533,1.6533,0.98,,,2.3492,244204.708,160035.319,,,57000.0,23383.8088,23383.8088,637260.0,261430.9824,0
5011,300306.SZ,20230616,13.24,4.1777,5.5957,0.8,44.5067,42.6884,2.4559,8.0715,8.2052,2.2659,1.9637,26895.8778,15150.5144,11311.1864,356101.4221,200592.8107,0
5012,600794.SH,20230616,3.55,0.5466,0.9655,1.12,26.3369,22.6571,1.8267,3.2081,3.3193,0.8451,1.004,121215.2157,121215.2157,68629.5487,430314.0157,430314.0157,0
5013,300844.SZ,20230616,28.97,4.5459,4.7147,1.09,,,2.2359,5.6644,5.4827,0.0,,6464.0,1676.0,1616.0,187262.08,48553.72,0
5014,300665.SZ,20230616,8.33,1.9412,2.1143,1.28,,,3.1577,2.3916,2.2028,0.0,,19072.9815,14925.9953,13704.2516,158877.9359,124333.5408,0
5015,002196.SZ,20230616,6.79,1.5142,1.8489,0.96,,,2.6781,1.453,1.5355,0.0,,49871.993,48555.1893,39763.8756,338630.8325,329689.7353,0
5016,000090.SZ,20230616,5.23,0.7426,1.229,0.92,5.0119,7.7769,0.9043,0.3693,0.3783,6.3098,6.3098,186854.5434,186830.5894,112884.1666,977249.262,977123.9826,0
5017,600429.SH,20230616,4.83,0.2113,0.7862,0.68,200.9159,200.0423,1.463,0.9165,0.9151,1.021,,151845.0426,149755.7426,40256.6929,733411.5558,723320.2368,0
5018,300077.SZ,20230616,14.41,2.052,2.052,1.01,,,5.3886,7.1801,8.0062,0.0,,59563.8,55508.95,55508.95,858314.358,799883.9695,0
5019,300105.SZ,20230616,6.46,1.6554,2.8542,1.78,37.8706,37.3966,1.8703,4.5755,4.5545,0.0,3.096,51898.044,51321.3525,29766.2805,335261.3642,331535.9372,0
5020,603239.SH,20230616,15.99,0.5945,1.5959,0.78,34.3024,35.9469,4.5583,4.6226,4.6128,3.127,2.0013,27072.0,27072.0,10084.5,432881.28,432881.28,0
5021,603906.SH,20230616,17.76,1.6502,2.8361,1.72,13.3291,31.643,2.2478,0.7132,0.7381,1.0473,1.0473,56507.8903,56507.8903,32879.8059,1003580.1317,1003580.1317,0
5022,002765.SZ,20230616,7.13,3.2451,3.678,0.65,25.2172,28.1378,1.6745,1.6286,1.7251,0.6225,0.7013,65636.309,42678.8056,37655.6576,467986.8832,304299.8839,0
5023,603929.SH,20230616,16.47,1.9624,5.7309,1.3,23.3436,19.7314,3.205,1.1562,1.1815,0.6072,2.1251,21336.0,21336.0,7306.0,351403.92,351403.92,0
5024,300374.SZ,20230616,18.49,16.2369,29.1981,1.95,,,5.0675,7.1628,6.173,0.0,,24591.2337,18925.0724,10524.1382,454691.9111,349924.5887,0
5025,002718.SZ,20230616,14.65,1.2919,2.1208,0.59,19.7181,22.2388,1.8857,2.0243,2.0635,0.0,3.2765,13144.7829,6151.1754,3747.1142,192571.0695,90114.7196,0
5026,300835.SZ,20230616,30.18,4.5704,5.3317,2.05,34.4889,39.1873,3.6583,3.9078,3.7657,0.3898,0.6523,12013.9,8246.4025,7068.9825,362579.502,248876.4275,0
5027,920575.BJ,20230616,13.54,0.4536,0.4536,0.95,,,3.3704,2003.267,1912.3041,,,28120.0,13373.068,13373.068,380744.8,181071.3407,0
5028,300124.SZ,20230616,63.55,0.7998,1.0088,1.13,39.1493,38.8815,8.4895,7.3502,7.3491,0.4672,1.0334,266114.6676,231297.6692,183385.8191,16911587.126,14698966.8777,0
5029,603700.SH,20230616,14.6,0.577,0.9912,0.78,23.478,22.7111,1.9189,1.9083,1.8287,5.4454,,20324.2,20324.2,11831.2023,296733.32,296733.32,0
5030,002960.SZ,20230616,17.63,1.3395,2.0054,0.67,22.7909,22.3685,2.2681,2.8208,2.7697,1.0755,1.3069,73638.1302,62675.8374,41862.8464,1298240.2354,1104975.0134,0
5031,920802.BJ,20230616,7.09,0.567,0.567,1.92,12.8537,14.555,1.1314,2.4568,2.5109,,,6308.33,1413.516,1413.516,44726.0597,10021.8284,0
5032,300594.SZ,20230616,25.76,2.6003,4.2464,0.61,,,2.646,3.0642,3.1074,0.0,,9167.8325,9050.5468,5542.0468,236163.3652,233142.0856,0
5033,002734.SZ,20230616,9.06,0.543,0.735,1.06,15.3542,18.5397,1.2979,0.6704,0.6791,3.2844,2.7594,37121.6022,32507.7805,24015.935,336321.7159,294520.4913,0
5034,002729.SZ,20230616,20.51,3.2866,5.3055,0.61,123.4357,130.0155,7.8955,14.8323,14.9985,0.0995,,18296.992,17546.0635,10869.3243,375271.3059,359869.7624,0
5035,000045.SZ,20230616,11.38,1.2366,2.5348,0.91,78.6289,83.7919,2.0353,2.0311,2.0248,0.4394,0.5272,50652.1849,45702.1849,22295.2413,576421.8642,520090.8642,0
5036,688622.SH,20230616,33.93,2.0152,3.875,1.11,,,4.6179,8.4744,8.1326,,,6999.7606,3796.7484,1974.4911,237501.8772,128823.6732,0
5037,000899.SZ,20230616,8.56,0.7296,2.5154,0.9,784.3268,485.1262,1.7852,2.016,1.6373,0.0,,97567.776,97567.776,28298.5929,835180.1626,835180.1626,0
5038,600719.SH,20230616,4.93,2.755,4.1061,0.71,,,5.078,2.4718,2.5201,0.0,,40459.96,40459.96,27146.5816,199467.6028,199467.6028,0
5039,688656.SH,20230616,34.6,2.1167,2.1167,2.5,52.3832,64.8375,2.8458,6.8098,6.7117,,,6305.8328,1805.8328,1805.8328,218181.8149,62481.8149,0
5040,603693.SH,20230616,13.51,0.614,3.4737,1.19,25.3055,22.9649,1.926,6.1103,6.0514,0.5694,0.5694,89147.588,80340.0,14200.6602,1204383.9139,1085393.4,0
5041,600857.SH,20230616,10.06,0.6138,0.9341,0.95,6.231,6.1144,2.893,2.4878,2.2019,0.0,0.4473,22431.9919,22431.9919,14740.2798,225665.8385,225665.8385,0
5042,301000.SZ,20230616,33.34,3.3477,4.1203,0.69,33.9796,36.6553,2.8127,5.9871,6.0699,2.4995,,9600.03,3840.03,3120.03,320065.0002,128026.6002,0
5043,301061.SZ,20230616,36.11,1.5738,1.5738,1.02,13.8339,13.585,1.7084,3.1601,3.2361,3.4616,2.7693,12800.0,3200.0,3200.0,462208.0,115552.0,0
5044,300601.SZ,20230616,25.8,0.99,1.4727,0.71,,,3.3591,9.1266,9.4967,2.0657,,111691.2432,88137.5404,59245.0938,2881634.0746,2273948.5423,0
5045,600418.SH,20230616,12.49,2.3327,3.2479,0.73,,,1.9799,0.7475,0.7274,0.2242,,218400.9791,218400.9791,156860.9089,2727828.229,2727828.229,0
5046,000030.SZ,20230616,5.15,0.4581,1.6002,0.82,17.9045,16.0464,1.1865,0.7135,0.7085,5.7502,,174164.3085,169220.9461,48449.2428,896946.1888,871487.8724,0
5047,600557.SH,20230616,25.1,1.3191,2.1639,0.85,33.7733,31.4934,2.9972,3.3725,3.1728,0.0,,58459.7952,57642.8952,35138.1686,1467340.8595,1446836.6695,0
5048,920075.BJ,20230616,8.75,0.0737,0.0742,0.73,14.5241,15.8605,1.5553,1.1635,1.1748,,,6481.5,2094.28,2079.6749,56713.125,18324.95,0
5049,000520.SZ,20230616,3.03,0.4488,0.5907,1.07,84.6508,178.8992,5.6295,2.9428,2.922,0.0,,101208.3455,101208.3455,76886.7903,306661.2869,306661.2869,0
5050,002884.SZ,20230616,14.43,0.5469,0.8038,1.64,12.2325,13.4571,2.6737,3.4793,3.9766,6.93,6.93,35768.2509,27270.7861,18555.2499,516135.8605,393517.4434,0
5051,601012.SH,20230616,29.63,2.7892,3.5404,1.61,15.1665,14.2311,3.4413,1.7414,1.6194,0.6265,,758151.2677,757803.3131,597010.224,22464022.062,22453712.1672,0
5052,300472.SZ,20230616,10.72,1.639,2.0259,0.75,,,3.474,5.2009,7.7,0.0,,27525.8621,25135.7714,20334.8747,295077.2417,269455.4694,0
5053,605069.SH,20230616,8.66,1.2597,1.2597,1.09,,,1.2578,5.2454,5.2285,1.7765,1.7765,21169.7778,8416.1278,8416.1278,183330.2757,72883.6667,0
5054,603678.SH,20230616,30.57,0.7109,1.2199,0.74,17.5036,19.1144,2.717,3.942,4.1785,1.5674,1.1416,45889.0786,45889.0786,26742.1891,1402829.1328,1402829.1328,0
5055,300136.SZ,20230616,20.3,1.517,1.6089,0.98,30.2932,29.2071,2.9426,2.2866,2.3346,0.2463,0.4926,96756.8638,82456.7926,77744.2043,1964164.3351,1673872.8898,0
5056,300449.SZ,20230616,7.19,3.8133,4.0812,0.58,,,63.643,17.2795,15.5833,0.0,,29825.8899,29605.6959,27662.2987,214448.1484,212864.9535,0
5057,600383.SH,20230616,7.7,1.1574,1.2552,0.91,5.6919,5.8043,0.532,0.2896,0.2872,8.1818,8.1818,451458.3572,451458.3572,416280.5943,3476229.3504,3476229.3504,0
5058,002636.SZ,20230616,9.24,0.4764,1.4404,0.72,77.2256,75.8197,1.9021,1.7888,1.8544,0.9199,0.9199,72800.0,72310.7222,23917.0222,672672.0,668151.0731,0
5059,300303.SZ,20230616,6.76,19.4412,22.4981,2.05,48.2294,46.7824,3.113,4.0118,3.9603,1.4562,1.4562,134229.3237,125348.2771,108316.8217,907390.2282,847354.3532,0
5060,000863.SZ,20230616,3.77,1.4082,2.7801,0.99,148.6046,394.6197,1.0296,3.3008,3.4866,2.6525,,118069.956,116361.5418,58941.9111,445123.7341,438683.0126,0
5061,600683.SH,20230616,6.6,8.5024,19.6734,0.62,24.1804,18.9756,1.7037,0.8805,0.5748,1.9697,,74077.7597,74077.7597,32014.687,488913.214,488913.214,0
5062,603859.SH,20230616,48.53,1.3158,1.8369,0.99,40.7799,38.5533,3.1962,6.5429,6.3269,0.2061,,16656.8333,16656.8333,11931.9859,808356.12,808356.12,0
5063,000728.SZ,20230616,6.75,0.7201,1.2269,1.29,16.9986,12.414,0.8924,5.5149,4.6699,2.6667,2.2222,436377.7891,436376.7616,256102.2141,2945550.0764,2945543.1408,0
5064,920642.BJ,20230616,6.77,0.2046,0.2435,0.4,24.3771,25.1546,2.7411,3.7388,3.7383,,,10367.0278,5481.5158,4605.3678,70184.7782,37109.862,0
5065,688244.SH,20230616,70.98,7.9482,7.9482,1.15,96.8375,95.525,4.8282,14.8782,14.7709,,,6931.0328,1472.8446,1472.8446,491964.7081,104542.5097,0
5066,002738.SZ,20230616,57.0,2.0955,2.5289,0.78,12.3382,11.2431,3.6924,5.0555,4.9184,0.0801,1.2531,71319.6857,60855.6629,50425.1799,4065222.0849,3468772.7853,0
5067,688009.SH,20230616,5.81,0.3325,1.4214,1.09,16.9326,16.7942,1.4245,1.5304,1.5098,,,1058981.9,862101.8,201659.1576,6152684.839,5008811.458,0
5068,600459.SH,20230616,15.23,0.7782,1.2903,1.49,28.4768,30.9609,1.8922,0.2844,0.2748,1.0201,1.0201,76098.1578,73893.1225,44567.4906,1158974.9433,1125392.2557,0
5069,600962.SH,20230616,12.58,3.137,5.659,3.54,35.8135,34.9895,4.2563,1.9105,1.9215,0.0,,26221.0,26221.0,14535.4531,329860.18,329860.18,1
5070,601985.SH,20230616,6.78,0.2654,0.6585,0.8,14.1998,13.984,1.4915,1.7947,1.775,2.2101,2.2101,1886987.759,1886987.759,760376.2827,12793777.006,12793777.006,0
5071,600642.SH,20230616,6.51,0.3509,1.0415,0.99,29.5255,19.7928,1.0099,1.1336,1.148,3.0719,3.0719,490942.8286,486493.8286,163921.2503,3196037.8142,3167074.8242,0
5072,600295.SH,20230616,13.73,0.2389,1.0355,0.87,5.7999,6.2406,1.2811,0.7542,0.7989,10.4047,,199912.5896,141112.5896,32555.6756,2744799.8552,1937475.8552,0
5073,600444.SH,20230616,13.27,1.2238,2.2117,1.71,47.1213,46.5234,2.899,2.4663,2.6722,0.9797,0.9797,14642.1932,14642.1932,8101.736,194301.9038,194301.9038,0
5074,605100.SH,20230616,16.22,3.6086,3.6086,1.04,116.8247,73.3825,1.5376,3.7008,3.1,2.8624,0.6165,16993.2,7683.2,7683.2,275629.704,124621.504,0
5075,301399.SZ,20230616,66.97,32.1984,32.1984,0.69,56.075,56.7103,4.5943,10.4006,10.2518,,,8800.0,2086.4308,2086.4308,589336.0,139728.2707,0
5076,600606.SH,20230616,2.9,0.2759,0.9947,0.95,40.3503,89.7494,0.439,0.0936,0.0974,0.0,,1405421.8314,1405421.8314,389885.2311,4075723.3111,4075723.3111,0
5077,300320.SZ,20230616,7.54,1.1976,1.4418,0.89,43.9779,47.4566,2.1735,1.7237,1.8041,0.3316,0.2653,60123.4191,49547.3825,41155.7758,453330.58,373587.2641,0
5078,003036.SZ,20230616,13.14,1.3803,1.394,0.86,21.8045,21.8599,2.2763,1.7733,1.8833,0.5479,1.2938,21600.0,5670.625,5614.75,283824.0,74512.0125,0
5079,301233.SZ,20230616,41.32,8.2429,8.2429,0.47,44.6843,45.7417,2.4324,6.9723,7.0119,0.0,,5147.0,1287.0,1287.0,212674.04,53178.84,0
5080,300313.SZ,20230616,4.82,0.7131,1.3811,0.84,,,18.7992,19.7583,17.341,0.0,,31297.7396,18422.1477,9511.5479,150855.1049,88794.7519,0
5081,605118.SH,20230616,17.29,17.195,17.195,0.75,45.0959,49.445,5.2912,12.0359,12.2215,0.6942,0.694,40732.09,4171.22,4171.22,704257.8361,72120.3938,0
5082,300890.SZ,20230616,41.16,3.3558,3.6448,1.05,27.6325,24.83,2.6444,1.8833,1.8016,0.0,,10783.9341,8562.8858,7883.9886,443866.7276,352448.3795,0
5083,301309.SZ,20230616,27.35,1.3144,1.3144,0.68,21.818,23.509,2.0299,3.5207,3.7783,,2.1938,10000.0,2500.0,2500.0,273500.0,68375.0,0
5084,002436.SZ,20230616,15.79,3.1932,3.3287,0.79,50.7539,80.3424,4.1607,4.9829,5.0023,0.5577,0.5066,168954.6557,150031.85,143922.4362,2667794.0135,2369002.9115,0
5085,301290.SZ,20230616,32.31,2.0924,2.0924,0.81,31.5748,32.8773,1.499,7.321,7.461,,1.5475,10017.3334,2390.929,2390.929,323660.0422,77250.916,0
5086,002173.SZ,20230616,10.86,19.911,28.4209,0.83,,,2.5868,6.9332,6.6258,0.0,,45307.9583,38702.0263,27113.6904,492044.4271,420304.0056,0
5087,300936.SZ,20230616,31.44,3.6695,3.6695,0.64,68.6562,69.1664,2.6373,9.5353,8.7018,1.2723,,7520.0,2655.875,2655.875,236428.8,83500.71,0
5088,002268.SZ,20230616,30.3,3.3264,5.1432,1.9,83.5844,83.178,4.9303,7.4549,7.9586,0.165,0.165,84587.6603,84121.7623,54406.0088,2563006.1071,2548889.3977,0
5089,688507.SH,20230616,214.9,7.7447,7.7447,1.42,165.1917,181.0547,3.1469,33.1374,33.137,,,4133.34,907.6894,907.6894,888254.766,195062.4521,0
5090,001316.SZ,20230616,36.33,4.1516,4.1516,0.79,36.7058,33.956,2.721,5.171,4.8333,0.0,,8000.0,2000.0,2000.0,290640.0,72660.0,0
5091,603838.SH,20230616,5.55,0.4323,1.042,0.8,,,1.735,7.4902,8.6493,0.7207,0.7207,32001.6,28481.6,11815.4468,177608.88,158072.88,0
5092,002519.SZ,20230616,6.09,3.0312,4.5644,0.8,35.0396,32.428,2.2549,5.234,5.0567,0.0,1.642,112643.0898,111611.2376,74121.8986,685996.4169,679712.437,0
5093,603529.SH,20230616,32.55,2.6381,2.6381,0.54,14.9777,13.7973,4.342,1.3489,1.2956,0.7315,3.4022,86205.0006,22341.9006,22341.9006,2805972.7695,727228.8645,0
5094,000900.SZ,20230616,4.18,0.5909,1.1056,0.96,14.6654,13.9331,0.5967,0.3997,0.4247,3.8278,3.8278,151782.8334,151776.0834,81118.1949,634452.2436,634424.0286,0
5095,600958.SH,20230616,10.15,0.9323,1.3373,1.06,28.6462,20.4828,1.1623,4.6048,4.3035,2.4631,2.4631,849664.5292,746948.2864,520705.4164,8624094.9714,7581525.107,0
5096,601156.SH,20230616,13.3,0.7581,1.2831,1.1,5.8058,6.9824,1.5379,0.8996,0.9851,5.188,2.6316,158755.5556,80171.5556,47369.2126,2111448.8895,1066281.6895,0
5097,600770.SH,20230616,5.41,0.4668,0.8357,0.8,,,2.0958,18.7309,18.6143,0.0,,130000.0,130000.0,72615.9262,703300.0,703300.0,0
5098,600097.SH,20230616,9.77,1.1195,2.5714,0.77,22.1855,24.2157,1.1465,1.2128,1.1829,2.4565,1.3613,24093.6559,24093.6559,10489.1162,235395.0181,235395.0181,0
5099,688089.SH,20230616,29.04,2.4773,2.4773,0.7,54.2342,62.9558,2.4201,8.0549,7.8341,,,12022.08,6545.5531,6545.5531,349121.2032,190082.862,0
5100,603813.SH,20230616,13.78,0.6283,1.5646,0.98,38.8937,75.0186,2.2151,2.8197,2.9174,0.6317,2.0319,10628.0,8878.2,3565.2,146453.84,122341.596,0
5101,300174.SZ,20230616,15.26,1.0144,1.4775,1.23,24.7079,25.3351,1.886,2.8425,2.891,0.563,0.563,36341.986,36236.3462,24877.4726,554578.7064,552966.643,0
5102,688007.SH,20230616,20.82,0.7389,1.1474,1.31,79.6795,82.5865,3.5585,3.7452,3.8452,,,45710.7538,45710.7538,29436.4783,951697.8941,951697.8941,0
5103,002416.SZ,20230616,7.71,0.7779,1.5241,1.26,13.084,13.5634,1.7419,0.1047,0.1036,5.8366,6.4851,123928.1806,122377.6579,62459.3668,955486.2724,943531.7424,0
5104,000953.SZ,20230616,5.24,1.5057,2.2815,1.62,,,25.1257,11.9448,10.8113,0.0,,36612.2195,36612.2195,24162.8606,191848.0302,191848.0302,0
5105,301428.SZ,20230616,40.75,15.7922,15.7922,0.77,51.5155,47.2109,3.4241,4.3941,4.2146,,,9866.6667,2339.5099,2339.5099,402066.668,95335.0284,0
5106,600810.SH,20230616,6.75,0.2849,0.4965,1.07,16.5151,181.7817,0.9576,0.5198,0.565,8.8889,1.9259,104417.5874,71403.119,40983.0387,704818.715,481971.0533,0
5107,300073.SZ,20230616,50.24,1.3988,1.7613,1.05,11.2665,11.0532,2.1346,1.1967,1.1507,0.8439,,50650.0774,48846.602,38792.6524,2544659.8886,2454053.2845,0
5108,603477.SH,20230616,33.53,3.1365,6.5201,1.26,107.3416,64.3674,5.2777,4.2767,4.1119,0.1551,,50610.2024,48173.7901,23173.9663,1696960.0865,1615267.1821,1
5109,301119.SZ,20230616,34.11,12.3273,12.9437,0.74,27.8327,26.688,3.0663,6.3788,6.3667,0.2199,0.2199,8000.0,2100.0,2000.0,272880.0,71631.0,0
5110,000858.SZ,20230616,184.08,0.5573,1.2339,1.05,26.7707,25.1506,5.6453,9.6599,9.2126,1.6422,1.6422,388160.8005,388152.5907,175315.4544,71452640.156,71451128.8961,0
5111,603162.SH,20230616,17.57,1.6496,1.6496,1.05,15.986,17.3444,3.098,5.2459,5.3686,,0.7691,61088.5022,6108.8502,6108.8502,1073324.9837,107332.498,0
5112,300322.SZ,20230616,8.39,1.6025,1.9674,0.83,,,3.2444,2.528,2.599,0.2741,,46574.6427,44243.7656,36037.8383,390761.2523,371205.1934,0
5113,300371.SZ,20230616,12.69,3.4979,5.304,7.24,23.5235,23.1476,2.5777,5.0315,4.8391,1.8277,0.6567,20121.7296,13579.1582,8955.3505,255344.7486,172319.5176,0
5114,603180.SH,20230616,33.17,1.1271,3.4188,0.71,18.4697,18.3062,2.0299,1.44,1.4375,3.1983,2.1706,15425.6882,15425.6882,5085.398,511670.0776,511670.0776,0
5115,603001.SH,20230616,5.78,0.4476,1.0603,1.4,,,0.7786,0.8415,0.804,8.6505,,40098.0,40098.0,16929.2283,231766.44,231766.44,0
5116,603161.SH,20230616,14.8,1.2454,2.4428,1.06,101.1072,31.5691,1.5276,0.8727,0.8575,0.0,,13340.0,13340.0,6801.26,197432.0,197432.0,0
5117,688323.SH,20230616,22.31,2.9402,3.0712,1.76,103.3028,211.4859,4.5221,13.3101,15.118,,,18000.0096,9773.3978,9356.5158,401580.2142,218044.5049,0
5118,002742.SZ,20230616,3.41,1.0127,1.632,1.18,,,1.9246,0.7092,0.6946,0.0,,43200.0,41223.9049,25579.7895,147312.0,140573.5157,0
5119,920599.BJ,20230616,6.93,0.1634,0.1634,0.52,6.7252,6.353,1.6009,0.6029,0.5695,,,45252.5,20516.3112,20516.3112,313599.825,142178.0366,0
5120,688365.SH,20230616,18.32,4.176,13.8352,0.95,,,7.5968,15.7929,16.2413,,,42582.4684,40100.0,12103.7906,780110.8211,734632.0,0
5121,603173.SH,20230616,28.0,1.9708,1.9708,1.04,31.563,29.2568,3.4586,2.3754,2.3254,,0.5,16000.0,4000.0,4000.0,448000.0,112000.0,0
5122,000570.SZ,20230616,5.04,0.8677,1.3197,0.86,46.3806,27.0046,1.0502,1.63,1.6098,0.5159,,70569.2507,49887.4326,32802.909,355669.0235,251432.6603,0
5123,003021.SZ,20230616,78.86,13.2128,15.8476,1.55,89.6118,86.4232,4.5814,11.7021,11.6326,0.2542,0.2159,17101.4978,6027.2,5025.1303,1348624.1165,475304.992,0
5124,688206.SH,20230616,28.48,2.0323,2.5265,0.68,275.2469,311.2604,5.7479,44.3538,40.7615,,,43380.4445,14547.3375,11701.4736,1235475.0594,414308.172,0
5125,600259.SH,20230616,35.77,1.0436,1.7182,1.02,51.8027,76.88,3.4918,0.5263,0.4974,0.0,,33643.591,32948.9743,20011.7226,1203431.2501,1178584.8107,0
5126,300647.SZ,20230616,7.11,1.4376,1.8934,0.95,167.969,,2.6735,2.8266,3.3852,0.0,,45732.1024,44357.4819,33680.207,325155.2481,315381.6963,0
5127,300276.SZ,20230616,3.89,5.8658,7.5722,1.69,,,2.852,4.0865,3.8253,0.0,,140104.299,98383.0125,76211.4959,545005.7231,382709.9186,0
5128,300122.SZ,20230616,46.24,1.2068,1.5669,1.81,14.7203,14.51,4.3574,2.9003,2.7337,0.8651,1.5859,240000.0,142051.8412,109402.5037,11097600.0,6568477.1371,0
5129,301387.SZ,20230616,48.39,8.4416,8.4416,0.56,32.3418,33.0311,2.2932,3.6935,3.8149,,,7600.0,1666.3217,1666.3217,367764.0,80633.3071,0
5130,002419.SZ,20230616,6.2,1.0182,2.5438,0.96,60.344,147.1845,1.7285,0.5977,0.6015,2.5806,0.8065,116884.775,116853.2474,46770.6121,724685.605,724490.1339,0
5131,300031.SZ,20230616,28.67,9.7448,10.3673,0.96,,,3.4246,3.6252,3.5245,0.3487,0.3487,41211.3346,34535.2918,32461.518,1181528.963,990126.8159,0
5132,600893.SH,20230616,40.79,0.8056,1.4777,2.16,85.7636,84.3195,2.855,2.9309,2.8728,0.331,0.6864,266559.4238,246997.9835,134650.1184,10872958.8968,10075047.747,0
5133,688029.SH,20230616,84.73,0.5307,1.0948,0.73,48.1451,40.9471,4.9337,8.038,7.6244,,,18784.7422,18784.7422,9106.1686,1591631.2066,1591631.2066,0
5134,301116.SZ,20230616,15.93,2.373,2.4096,0.57,138.2248,28.2881,3.4888,0.3822,0.353,0.3275,0.3139,44897.9593,11650.0817,11473.022,715224.4916,185585.8015,0
5135,300885.SZ,20230616,9.35,4.8905,6.866,1.86,40.9952,56.4256,2.9485,10.6558,12.6656,0.0,,25080.0,9091.5,6475.765,234498.0,85005.525,0
5136,688199.SH,20230616,29.89,0.4103,0.5532,0.64,76.6962,,1.2285,2.3562,2.6514,,,11122.68,11122.68,8250.0721,332456.9052,332456.9052,0
5137,603087.SH,20230616,37.67,1.4468,1.8151,1.23,,,2.2091,12.4444,13.4838,0.7906,0.7906,56565.32,30022.1975,23931.3695,2130815.6044,1130936.1798,0
5138,600579.SH,20230616,7.14,3.8505,10.3303,2.78,,,1.1312,0.3408,0.3208,0.0,,49778.4559,49778.4559,18554.4469,355418.1751,355418.1751,0
5139,603559.SH,20230616,6.43,1.6545,1.8314,1.04,,,2.6499,2.2254,2.2832,0.0,,14331.3207,14331.3207,12946.9943,92150.3921,92150.3921,0
5140,002658.SZ,20230616,8.17,1.2024,1.6436,0.62,18.1457,22.0147,2.1677,3.4211,3.459,3.6719,4.7736,63011.4645,34239.6,25048.1,514803.665,279737.532,0
5141,600823.SH,20230616,1.21,1.1411,4.2499,0.77,,,0.2189,0.7898,1.0764,0.0,,375116.8261,375116.8261,100719.3266,453891.3596,453891.3596,0
5142,603867.SH,20230616,38.09,2.0376,2.8004,1.83,21.4718,23.0175,3.4714,2.6344,2.6863,1.0027,1.0027,18558.9502,18558.9502,13503.6511,706910.4131,706910.4131,0
5143,688658.SH,20230616,24.52,0.9716,0.9716,0.39,32.9359,30.9236,3.075,2.4294,2.3134,,,45000.0,20459.988,20459.988,1103400.0,501678.9058,0
5144,601279.SH,20230616,5.15,6.5446,6.5446,0.56,131.8391,130.6582,2.086,1.5106,1.4894,0.1942,0.1942,149425.3157,19544.0185,19544.0185,769540.3759,100651.6953,0
5145,600908.SH,20230616,5.4,0.4886,0.595,0.94,5.8047,5.5205,0.6702,2.5927,2.5676,2.8848,2.8848,215111.4919,177261.0929,145571.4562,1161602.0563,957209.9017,0
5146,301252.SZ,20230616,52.91,26.7778,26.7778,0.53,50.2022,48.7264,4.0165,5.2327,5.1892,,,8000.0,2000.0,2000.0,423280.0,105820.0,0
5147,300180.SZ,20230616,3.64,0.5008,0.6092,1.07,,,1.3548,1.5122,1.5764,0.0,,176106.0155,146017.6017,120036.821,641025.8964,531504.0702,0
5148,605339.SH,20230616,20.23,1.5626,1.5626,1.09,53.9183,59.0961,2.6305,3.0258,2.9423,1.63,1.63,42797.6616,6779.0822,6779.0822,865796.6942,137140.8329,0
5149,601000.SH,20230616,3.53,0.735,1.6262,1.03,12.3803,11.5476,1.1284,3.7222,3.5789,5.6657,5.6657,592592.8614,592592.8614,267818.435,2091852.8007,2091852.8007,0
5150,002262.SZ,20230616,29.56,0.7609,1.3262,1.04,33.0597,31.6967,5.2733,6.929,6.6413,0.6766,0.6766,100758.8092,88173.7675,50588.879,2978430.4,2606416.5673,0
5151,600138.SH,20230616,13.4,1.4879,1.9321,0.97,,,1.613,1.5116,1.4492,0.0,,72384.0,72384.0,55742.8194,969945.6,969945.6,0
5152,300324.SZ,20230616,3.22,1.8268,2.1123,1.29,,,1.6533,2.2678,2.2133,0.0,,172759.0595,170810.1769,147720.9384,556284.1716,550008.7696,0
5153,603843.SH,20230616,3.69,0.8552,1.3974,0.85,,,1.678,1.1616,1.191,0.6504,0.6504,69962.3237,69962.3237,42817.1582,258160.9745,258160.9745,0
5154,300850.SZ,20230616,38.0,4.0269,4.6457,1.22,39.6354,47.6873,3.3746,4.7217,4.9805,0.4118,0.2526,32970.9021,19890.4791,17241.0394,1252894.2798,755838.2058,0
5155,300082.SZ,20230616,7.52,0.4011,0.8546,1.04,914.0104,,1.6044,0.9069,0.9766,4.5479,,68009.82,67791.1526,31821.2953,511433.8464,509789.4676,0
5156,002708.SZ,20230616,6.75,5.6385,9.7386,1.3,,,2.6803,2.2321,2.234,0.0,,49201.1076,39548.056,22897.6041,332107.4763,266949.378,0
5157,600733.SH,20230616,5.54,0.9838,1.4504,0.91,,,2.8676,3.2454,3.0033,0.0,,557350.3169,391224.4411,265374.8506,3087720.7556,2167383.4037,0
5158,600119.SH,20230616,6.15,0.8858,1.3763,0.4,,,11.6279,1.7666,1.9633,0.0,,36527.037,30740.0,19785.1609,224641.2776,189051.0,0
5159,301321.SZ,20230616,14.04,2.7821,2.7821,0.73,,,2.0159,1.1859,1.3424,1.0921,1.0921,18643.5,9330.8939,9330.8939,261754.74,131005.7504,0
5160,688002.SH,20230616,47.21,0.7592,1.0228,0.96,67.3863,55.4707,5.1141,7.9811,7.061,,,44730.0,44730.0,33202.987,2111703.3,2111703.3,0
5161,000860.SZ,20230616,34.35,1.504,2.4067,0.98,,,3.4406,2.1818,2.1485,0.0728,0.0728,74176.6989,74176.6989,46355.7321,2547969.6072,2547969.6072,0
5162,300257.SZ,20230616,14.7,0.3289,0.8356,1.06,35.7423,38.4642,2.542,3.8906,3.8432,0.0,,99363.5018,95414.1432,37552.909,1460643.4765,1402587.905,0
5163,600517.SH,20230616,5.75,0.2665,1.2312,1.12,30.7542,24.0853,1.6987,4.6436,4.6298,1.1478,,571843.5744,571843.5744,123791.303,3288100.5528,3288100.5528,0
5164,000572.SZ,20230616,4.23,0.5858,0.8944,0.62,,,3.3964,2.9266,2.5815,0.0,,164463.6426,164215.5224,107553.2273,695681.2082,694631.6598,0
5165,001256.SZ,20230616,18.19,1.9195,1.9195,0.94,32.0418,31.3734,2.4762,6.6668,6.7746,,0.9346,14261.2558,3565.35,3565.35,259412.243,64853.7165,0
5166,300493.SZ,20230616,10.4,6.9529,10.2684,0.72,97.0105,107.0628,5.2527,2.4979,2.5095,0.3371,0.6736,50475.1147,50099.3047,33923.2297,524941.1929,521032.7689,0
5167,002127.SZ,20230616,4.08,1.0997,1.2771,0.93,,,2.2611,3.0262,3.3675,1.8658,,245487.0403,199469.4597,171770.8716,1001587.1244,813835.3956,0
5168,603333.SH,20230616,5.39,12.8813,25.0169,2.26,183.0085,,1.5889,1.661,1.793,0.0,,62152.7586,62152.7586,32002.7586,335003.3689,335003.3689,0
5169,600821.SH,20230616,6.77,1.1911,1.4281,0.87,18.4715,16.3946,1.5812,4.3869,4.1764,0.0,,199726.3453,174148.2629,145244.6458,1352147.3577,1178983.7398,0
5170,600653.SH,20230616,1.84,0.5001,0.6489,0.75,,,3.6802,0.602,0.6356,0.0,,194638.0317,194638.0317,150001.5051,358133.9783,358133.9783,0
5171,002344.SZ,20230616,5.05,1.06,2.2552,1.11,23.9778,25.9555,0.7736,4.942,5.0748,0.5941,0.5941,128261.696,128146.5092,60234.5025,647721.5648,647139.8715,0
5172,301162.SZ,20230616,79.48,3.1483,3.8919,0.63,117.5927,109.2958,8.035,21.9407,20.6914,0.4044,0.4943,9924.9682,6056.0966,4898.979,788836.4725,481338.5578,0
5173,920077.BJ,20230616,21.88,0.1521,0.1539,0.51,18.8257,18.6228,7.5715,5.688,5.3639,,,54168.1817,16138.9338,15951.6958,1185199.8156,353119.8715,0
5174,300283.SZ,20230616,5.77,1.4231,1.7485,0.86,83.1657,92.7297,3.0096,1.1821,1.1441,0.6932,0.6932,43709.9178,31020.6183,25246.6268,252206.2257,178988.9676,0
5175,302132.SZ,20230616,48.69,4.7617,10.3057,3.59,149.1378,151.0432,12.51,15.0993,15.5185,0.1019,0.0611,59076.0499,59076.0499,27295.9497,2876412.8696,2876412.8696,0
