ts_code,trade_date,open,high,low,close,pre_close,change,pct_chg,vol,amount
603655.SH,20231103,21.2,21.26,20.4,20.73,21.0,-0.27,-1.2857,27132.0,56406.676
603656.SH,20231103,13.05,13.33,12.98,13.22,12.85,0.37,2.8794,95088.83,125598.974
603657.SH,20231103,15.06,15.41,15.06,15.14,15.05,0.09,0.598,8484.8,12949.024
603658.SH,20231103,43.69,44.4,43.56,43.93,43.76,0.17,0.3885,12185.52,53632.786
603659.SH,20231103,24.42,25.0,24.42,24.83,24.42,0.41,1.679,70582.25,175029.443
603660.SH,20231103,6.13,6.39,6.13,6.37,6.15,0.22,3.5772,105548.19,66759.546
603661.SH,20231103,30.13,30.43,29.97,30.27,30.03,0.24,0.7992,9762.0,29559.712
603662.SH,20231103,29.48,30.05,28.56,30.05,27.32,2.73,9.9927,116496.62,342416.731
603663.SH,20231103,9.07,9.21,9.05,9.16,9.03,0.13,1.4396,26807.72,24547.92
603665.SH,20231103,26.3,26.3,25.0,25.8,25.89,-0.09,-0.3476,8891.0,22731.558
603666.SH,20231103,31.0,32.25,30.5,32.08,30.02,2.06,6.8621,47762.54,151430.33
603667.SH,20231103,16.49,17.36,16.37,16.99,16.05,0.94,5.8567,160809.44,271658.013
603668.SH,20231103,17.1,17.22,16.84,16.95,16.96,-0.01,-0.059,65862.07,112233.113
603669.SH,20231103,5.72,5.72,5.48,5.5,5.68,-0.18,-3.169,50053.38,27805.987
603676.SH,20231103,10.83,10.91,10.76,10.76,10.88,-0.12,-1.1029,30722.55,33205.881
603677.SH,20231103,14.73,14.76,14.41,14.46,14.73,-0.27,-1.833,52728.6,76625.802
603678.SH,20231103,26.81,27.67,26.81,27.5,26.8,0.7,2.6119,35246.0,96503.512
603679.SH,20231103,16.61,17.32,16.31,16.41,16.6,-0.19,-1.1446,180933.4,303725.365
603680.SH,20231103,9.33,9.5,9.25,9.44,9.3,0.14,1.5054,17071.0,16104.477
603681.SH,20231103,13.97,14.14,13.9,14.01,13.96,0.05,0.3582,23483.52,33031.928
603682.SH,20231103,5.84,5.87,5.79,5.81,5.84,-0.03,-0.5137,54426.0,31712.918
603683.SH,20231103,10.57,11.18,10.57,10.86,10.64,0.22,2.0677,55675.04,60564.473
603685.SH,20231103,14.7,15.23,14.66,14.94,14.71,0.23,1.5636,11710.0,17592.337
603686.SH,20231103,10.18,10.43,9.96,9.98,9.79,0.19,1.9408,167625.0,168920.972
603687.SH,20231103,10.13,10.37,10.03,10.34,10.05,0.29,2.8856,55118.0,56479.099
603688.SH,20231103,90.1,91.62,90.1,90.2,90.0,0.2,0.2222,39102.8,354101.561
603689.SH,20231103,8.6,8.72,8.55,8.68,8.57,0.11,1.2835,54850.8,47478.155
603690.SH,20231103,26.69,27.81,26.61,27.66,26.69,0.97,3.6343,76543.11,209911.988
603693.SH,20231103,11.38,11.64,11.33,11.49,11.34,0.15,1.3228,34826.99,40142.891
603696.SH,20231103,9.61,9.85,9.48,9.81,9.63,0.18,1.8692,35537.0,34678.845
603697.SH,20231103,8.32,8.46,8.25,8.42,8.34,0.08,0.9592,14069.0,11837.282
603698.SH,20231103,14.08,14.46,14.08,14.4,14.08,0.32,2.2727,28196.6,40419.853
603699.SH,20231103,14.23,14.35,13.98,14.16,14.06,0.1,0.7112,28504.89,40513.372
603700.SH,20231103,13.72,14.04,13.72,13.96,13.68,0.28,2.0468,18144.0,25329.234
603701.SH,20231103,13.2,13.62,13.2,13.53,13.23,0.3,2.2676,37548.12,50549.465
603703.SH,20231103,11.03,11.34,11.03,11.31,11.12,0.19,1.7086,37264.0,41947.499
603706.SH,20231103,16.91,16.95,16.57,16.77,16.95,-0.18,-1.0619,67908.5,113622.282
603707.SH,20231103,12.36,12.43,12.23,12.26,12.35,-0.09,-0.7287,56004.6,68942.337
603708.SH,20231103,10.96,11.09,10.95,11.02,10.97,0.05,0.4558,17356.47,19135.771
603709.SH,20231103,17.5,17.76,17.33,17.53,17.55,-0.02,-0.114,11438.7,20100.996
603711.SH,20231103,15.96,16.4,15.96,16.11,15.95,0.16,1.0031,14520.32,23432.61
688401.SH,20231103,27.59,28.76,27.29,28.58,27.48,1.1,4.0029,22741.22,64476.982
688403.SH,20231103,10.55,11.11,10.5,11.02,10.55,0.47,4.455,108352.28,118146.384
688408.SH,20231103,75.08,79.6,75.08,76.73,74.96,1.77,2.3613,20807.76,161891.364
688409.SH,20231103,76.1,81.81,75.9,80.83,75.91,4.92,6.4814,28653.81,228001.866
688410.SH,20231103,30.57,31.4,30.48,31.05,30.4,0.65,2.1382,10795.34,33472.883
688416.SH,20231103,59.35,61.37,57.92,60.7,58.3,2.4,4.1166,16999.09,101837.835
688418.SH,20231103,20.91,21.46,20.51,21.0,20.95,0.05,0.2387,87968.68,184948.909
688419.SH,20231103,35.07,38.34,34.97,38.18,35.08,3.1,8.8369,20202.56,74979.784
688420.SH,20231103,26.44,27.18,26.03,26.91,26.01,0.9,3.4602,6395.32,17170.867
688425.SH,20231103,4.0,4.07,4.0,4.03,3.99,0.04,1.0025,153567.56,62028.002
688426.SH,20231103,26.64,26.69,25.82,26.34,26.33,0.01,0.038,13044.99,34137.219
688428.SH,20231103,10.75,10.83,10.58,10.72,10.8,-0.08,-0.7407,30720.42,32909.075
688429.SH,20231103,20.0,20.85,19.93,20.67,19.9,0.77,3.8693,20408.42,41996.698
688432.SH,20231103,13.15,13.59,13.1,13.52,13.14,0.38,2.8919,27422.77,36864.507
688433.SH,20231103,33.2,34.74,32.5,34.29,33.2,1.09,3.2831,28719.4,96556.547
688435.SH,20231103,57.61,61.65,57.05,60.98,57.6,3.38,5.8681,20081.18,120841.028
688439.SH,20231103,87.0,90.42,87.0,90.2,87.03,3.17,3.6424,10690.82,95461.644
688443.SH,20231103,36.0,36.34,34.41,35.19,36.31,-1.12,-3.0845,40148.13,141446.146
688448.SH,20231103,30.41,31.27,30.18,31.05,30.14,0.91,3.0192,4477.67,13844.997
688450.SH,20231103,38.18,40.55,38.18,39.98,38.19,1.79,4.6871,11063.03,43907.791
688455.SH,20231103,12.69,12.98,12.49,12.86,12.57,0.29,2.3071,10616.73,13690.379
688456.SH,20231103,27.08,27.75,27.01,27.29,27.24,0.05,0.1836,11058.19,30263.86
688458.SH,20231103,70.5,75.32,70.5,74.8,70.73,4.07,5.7543,15111.72,110954.625
688459.SH,20231103,9.29,9.38,9.25,9.34,9.24,0.1,1.0823,12836.13,11991.022
688466.SH,20231103,18.82,19.11,18.6,18.94,18.79,0.15,0.7983,4915.82,9319.698
688468.SH,20231103,10.6,10.86,10.52,10.53,10.56,-0.03,-0.2841,31019.4,33005.522
688469.SH,20231103,5.24,5.3,5.21,5.28,5.21,0.07,1.3436,127894.14,67311.407
688472.SH,20231103,12.84,13.5,12.83,13.26,12.68,0.58,4.5741,259813.92,343863.855
688475.SH,20231103,50.36,52.25,49.91,51.93,49.98,1.95,3.9016,16567.27,85470.748
688478.SH,20231103,43.43,44.45,42.6,44.32,42.6,1.72,4.0376,12437.9,54459.364
688479.SH,20231103,24.29,24.86,24.29,24.66,24.29,0.37,1.5233,7319.93,18060.769
688480.SH,20231103,32.97,34.59,32.97,33.68,32.88,0.8,2.4331,5684.79,19289.667
688484.SH,20231103,46.54,47.95,46.39,47.0,46.4,0.6,1.2931,31002.0,146096.181
688485.SH,20231103,13.86,14.28,13.76,13.98,13.78,0.2,1.4514,9129.29,12793.903
688486.SH,20231103,107.36,114.0,106.18,113.49,107.86,5.63,5.2197,6577.37,72780.917
688488.SH,20231103,12.87,13.0,12.63,12.67,12.92,-0.25,-1.935,44859.61,57385.002
688489.SH,20231103,46.4,48.9,46.4,47.86,46.64,1.22,2.6158,10792.7,51977.635
688496.SH,20231103,13.15,13.93,13.15,13.87,13.12,0.75,5.7165,29198.62,39791.393
688498.SH,20231103,146.49,155.55,144.73,154.8,146.09,8.71,5.9621,20735.76,315257.853
688499.SH,20231103,40.78,42.87,40.78,42.61,40.78,1.83,4.4875,16096.55,67969.602
688500.SH,20231103,23.49,24.3,23.49,23.92,24.18,-0.26,-1.0753,2853.82,6818.345
000755.SZ,20231103,4.55,4.6,4.55,4.57,4.57,0.0,0.0,36134.25,16537.889
000756.SZ,20231103,20.93,21.05,20.7,20.78,21.03,-0.25,-1.1888,168694.56,351122.913
000757.SZ,20231103,4.84,4.95,4.83,4.88,4.88,0.0,0.0,237973.0,115978.842
000758.SZ,20231103,4.52,4.58,4.52,4.54,4.52,0.02,0.4425,117600.42,53498.845
000759.SZ,20231103,4.42,4.43,4.38,4.39,4.41,-0.02,-0.4535,91337.66,40237.703
000761.SZ,20231103,3.86,3.9,3.83,3.83,3.84,-0.01,-0.2604,71917.0,27690.132
000762.SZ,20231103,24.45,24.72,24.4,24.42,24.4,0.02,0.082,113925.85,279488.479
000766.SZ,20231103,11.55,11.98,11.53,11.87,11.55,0.32,2.7706,447813.72,528727.569
000767.SZ,20231103,3.02,3.07,3.02,3.05,3.03,0.02,0.6601,144892.0,44220.174
000768.SZ,20231103,21.64,21.9,21.61,21.83,21.63,0.2,0.9246,90125.67,196425.264
000776.SZ,20231103,14.7,14.85,14.65,14.8,14.65,0.15,1.0239,253591.45,374494.713
000777.SZ,20231103,12.63,12.88,12.62,12.74,12.64,0.1,0.7911,41302.02,52880.615
000778.SZ,20231103,3.99,4.01,3.94,3.96,3.99,-0.03,-0.7519,624167.68,248025.009
000779.SZ,20231103,10.32,10.47,10.29,10.41,10.33,0.08,0.7744,18532.68,19300.56
000782.SZ,20231103,5.33,5.36,5.28,5.3,5.33,-0.03,-0.5629,55972.0,29764.841
000783.SZ,20231103,5.63,5.69,5.61,5.63,5.62,0.01,0.1779,274107.48,154828.339
000785.SZ,20231103,3.5,3.51,3.48,3.49,3.5,-0.01,-0.2857,127592.0,44559.583
000786.SZ,20231103,24.51,24.73,24.51,24.66,24.51,0.15,0.612,98481.99,242378.106
000788.SZ,20231103,6.87,6.89,6.78,6.78,6.82,-0.04,-0.5865,60053.22,41021.004
000789.SZ,20231103,7.36,7.41,7.35,7.39,7.35,0.04,0.5442,36074.96,26663.599
000790.SZ,20231103,5.38,5.49,5.36,5.39,5.4,-0.01,-0.1852,131278.52,71334.014
000791.SZ,20231103,5.63,5.67,5.59,5.61,5.62,-0.01,-0.1779,77167.88,43485.506
000792.SZ,20231103,16.63,16.8,16.6,16.76,16.59,0.17,1.0247,115123.93,192708.748
000793.SZ,20231103,2.16,2.33,2.13,2.23,2.16,0.07,3.2407,1155687.32,258812.165
000795.SZ,20231103,6.1,6.58,6.1,6.35,6.07,0.28,4.6129,358481.14,227897.671
000796.SZ,20231103,3.9,3.94,3.81,3.92,3.9,0.02,0.5128,86303.05,33412.849
000797.SZ,20231103,3.1,3.12,3.07,3.09,3.1,-0.01,-0.3226,192825.12,59580.53
000798.SZ,20231103,8.57,8.74,8.57,8.67,8.63,0.04,0.4635,30208.91,26217.991
000799.SZ,20231103,75.0,76.6,74.83,75.96,75.0,0.96,1.28,37778.53,286529.889
000800.SZ,20231103,9.2,9.33,9.14,9.23,9.27,-0.04,-0.4315,315746.74,291345.638
000801.SZ,20231103,8.3,8.39,8.22,8.32,8.21,0.11,1.3398,202298.04,168316.973
000802.SZ,20231103,6.08,6.1,5.96,6.03,6.07,-0.04,-0.659,109224.86,65910.521
000803.SZ,20231103,6.05,6.16,6.02,6.08,6.03,0.05,0.8292,49419.64,30036.336
000807.SZ,20231103,13.75,13.83,13.53,13.57,13.7,-0.13,-0.9489,230986.75,314545.039
000809.SZ,20231103,3.46,3.47,3.34,3.37,3.45,-0.08,-2.3188,68419.5,23254.894
000810.SZ,20231103,12.18,12.44,12.03,12.38,11.96,0.42,3.5117,177951.1,218705.102
000811.SZ,20231103,12.46,12.77,12.43,12.57,12.4,0.17,1.371,114905.31,145249.037
000812.SZ,20231103,4.88,4.94,4.87,4.91,4.87,0.04,0.8214,81827.05,40225.888
000813.SZ,20231103,3.76,3.77,3.68,3.71,3.78,-0.07,-1.8519,711924.02,264609.485
000815.SZ,20231103,11.32,11.44,11.27,11.33,11.33,0.0,0.0,150431.38,170656.354
000816.SZ,20231103,3.05,3.08,3.04,3.06,3.04,0.02,0.6579,129861.6,39784.878
002421.SZ,20231103,3.11,3.22,3.1,3.2,3.1,0.1,3.2258,549007.01,174880.692
002422.SZ,20231103,27.41,27.61,26.88,26.94,27.6,-0.66,-2.3913,99721.77,271279.354
002423.SZ,20231103,7.08,7.17,7.06,7.1,7.06,0.04,0.5666,116308.33,82655.302
002424.SZ,20231103,8.23,8.39,8.17,8.31,8.19,0.12,1.4652,192500.85,159999.667
002425.SZ,20231103,4.74,4.83,4.67,4.78,4.77,0.01,0.2096,335806.03,159448.46
002426.SZ,20231103,2.51,2.59,2.47,2.58,2.5,0.08,3.2,1972380.42,504494.5
002427.SZ,20231103,5.3,5.38,5.28,5.37,5.3,0.07,1.3208,39220.25,20967.576
002428.SZ,20231103,12.44,13.44,12.44,12.98,12.42,0.56,4.5089,325157.38,421296.562
002429.SZ,20231103,5.21,5.33,5.19,5.31,5.2,0.11,2.1154,171575.0,90520.187
002430.SZ,20231103,33.02,34.04,33.02,33.68,33.1,0.58,1.7523,33245.32,112131.057
002431.SZ,20231103,2.49,2.51,2.48,2.49,2.49,0.0,0.0,85353.62,21322.427
002432.SZ,20231103,35.88,36.35,35.88,36.18,35.88,0.3,0.8361,46199.4,166972.376
002433.SZ,20231103,2.8,2.9,2.79,2.86,2.83,0.03,1.0601,168359.0,48001.84
002434.SZ,20231103,8.05,8.23,8.01,8.17,7.93,0.24,3.0265,183921.47,149699.046
002435.SZ,20231103,4.61,4.65,4.57,4.57,4.6,-0.03,-0.6522,77313.0,35587.61
002436.SZ,20231103,14.68,15.51,14.54,15.35,14.64,0.71,4.8497,697172.89,1048169.947
002437.SZ,20231103,2.56,2.63,2.49,2.49,2.61,-0.12,-4.5977,2817399.7,712896.83
002438.SZ,20231103,9.86,10.19,9.85,10.06,9.85,0.21,2.132,57863.0,58369.879
002439.SZ,20231103,25.48,25.81,25.3,25.45,25.21,0.24,0.952,58188.53,148412.608
002440.SZ,20231103,6.59,6.61,6.56,6.57,6.56,0.01,0.1524,59634.49,39232.174
002441.SZ,20231103,9.22,9.43,9.22,9.37,9.23,0.14,1.5168,38648.84,36228.738
002442.SZ,20231103,5.47,5.56,5.45,5.47,5.48,-0.01,-0.1825,80212.01,44113.403
002443.SZ,20231103,7.25,7.38,7.15,7.17,7.19,-0.02,-0.2782,149844.24,108378.321
002444.SZ,20231103,20.64,21.26,20.48,20.6,20.64,-0.04,-0.1938,149195.39,310488.205
002445.SZ,20231103,2.22,2.26,2.21,2.24,2.23,0.01,0.4484,149367.7,33466.021
002446.SZ,20231103,9.16,9.5,9.15,9.38,9.15,0.23,2.5137,487880.73,456722.227
002448.SZ,20231103,6.81,6.97,6.71,6.9,6.78,0.12,1.7699,448577.3,307774.632
002449.SZ,20231103,8.74,8.97,8.73,8.95,8.73,0.22,2.52,103832.16,92327.137
002451.SZ,20231103,6.75,6.85,6.73,6.8,6.75,0.05,0.7407,148866.02,101428.33
002452.SZ,20231103,6.95,7.05,6.92,6.99,6.92,0.07,1.0116,71428.32,49973.105
002453.SZ,20231103,10.73,11.04,10.71,10.93,10.71,0.22,2.0542,58972.0,64411.734
002454.SZ,20231103,8.03,8.07,7.81,8.0,7.92,0.08,1.0101,340708.74,270943.199
002455.SZ,20231103,7.06,7.16,7.02,7.12,7.03,0.09,1.2802,48392.0,34446.675
002456.SZ,20231103,9.71,10.85,9.62,10.85,9.86,0.99,10.0406,7098821.75,7480863.92
002457.SZ,20231103,9.99,10.48,9.73,10.21,10.03,0.18,1.7946,716975.96,718309.705
002458.SZ,20231103,11.45,11.47,11.09,11.16,11.53,-0.37,-3.209,242201.24,271373.057
002459.SZ,20231103,21.54,22.74,21.51,22.18,21.58,0.6,2.7804,486571.36,1080119.024
002460.SZ,20231103,42.75,43.26,42.7,43.06,42.63,0.43,1.0087,163883.46,704501.665
002461.SZ,20231103,8.4,8.51,8.34,8.44,8.36,0.08,0.9569,41289.65,34844.109
002462.SZ,20231103,14.52,14.67,14.47,14.47,14.53,-0.06,-0.4129,26436.0,38468.54
002463.SZ,20231103,19.52,20.14,19.37,19.93,19.7,0.23,1.1675,398846.15,795632.418
300084.SZ,20231103,7.09,7.24,7.08,7.18,7.06,0.12,1.6997,69775.44,50013.497
300085.SZ,20231103,11.8,12.07,11.8,11.97,11.81,0.16,1.3548,160513.48,191926.806
300086.SZ,20231103,6.48,6.52,6.32,6.34,6.46,-0.12,-1.8576,286597.0,182196.821
300087.SZ,20231103,9.06,9.21,9.06,9.17,9.06,0.11,1.2141,57314.62,52569.48
300088.SZ,20231103,6.37,6.88,6.37,6.78,6.37,0.41,6.4364,1361110.27,912436.044
300091.SZ,20231103,2.94,3.01,2.93,2.99,2.95,0.04,1.3559,131539.08,39313.542
300092.SZ,20231103,12.93,13.34,12.89,13.25,12.88,0.37,2.8727,35565.0,47046.834
300093.SZ,20231103,15.01,15.55,14.89,15.41,14.97,0.44,2.9392,40767.01,62560.765
300094.SZ,20231103,4.37,4.48,4.37,4.46,4.43,0.03,0.6772,561316.69,249708.342
300095.SZ,20231103,8.2,8.45,8.2,8.33,8.2,0.13,1.5854,34667.0,28992.641
300096.SZ,20231103,6.57,6.73,6.51,6.69,6.54,0.15,2.2936,153452.0,102347.685
300097.SZ,20231103,9.52,9.93,9.52,9.8,9.8,0.0,0.0,214610.23,209768.037
300098.SZ,20231103,4.27,4.39,4.25,4.34,4.22,0.12,2.8436,738754.55,319591.153
300099.SZ,20231103,5.97,6.13,5.97,6.08,5.97,0.11,1.8425,76484.63,46615.462
300100.SZ,20231103,10.56,10.94,10.35,10.51,10.61,-0.1,-0.9425,306307.05,324350.503
300101.SZ,20231103,20.9,21.68,20.8,21.29,20.66,0.63,3.0494,214525.25,457901.672
300102.SZ,20231103,7.67,8.08,7.6,8.0,7.6,0.4,5.2632,498470.44,392100.216
300103.SZ,20231103,6.42,6.59,6.36,6.39,6.44,-0.05,-0.7764,60952.61,39335.594
300105.SZ,20231103,6.42,6.79,6.41,6.55,6.45,0.1,1.5504,196814.0,130109.569
300106.SZ,20231103,8.88,9.03,8.88,8.92,8.86,0.06,0.6772,69288.0,62023.826
300107.SZ,20231103,5.1,5.14,5.08,5.11,5.11,0.0,0.0,31172.32,15968.176
300108.SZ,20231103,3.33,3.47,3.23,3.4,3.33,0.07,2.1021,108540.21,36448.749
300109.SZ,20231103,18.81,19.38,18.81,19.16,18.79,0.37,1.9691,37988.08,72790.159
300110.SZ,20231103,4.35,4.45,4.32,4.33,4.35,-0.02,-0.4598,157880.2,68903.883
300111.SZ,20231103,3.16,3.16,3.06,3.08,3.17,-0.09,-2.8391,305767.52,94601.569
300112.SZ,20231103,9.66,10.2,9.66,10.1,9.53,0.57,5.9811,164674.56,164844.88
300113.SZ,20231103,14.5,14.9,14.22,14.61,14.55,0.06,0.4124,199898.41,290969.324
300114.SZ,20231103,44.95,45.6,44.55,45.36,45.26,0.1,0.2209,60861.3,274693.407
300115.SZ,20231103,11.19,12.02,11.16,11.96,11.15,0.81,7.2646,482662.76,567015.334
300116.SZ,20231103,1.4,1.43,1.4,1.42,1.41,0.01,0.7092,468668.68,66329.866
300117.SZ,20231103,2.84,2.88,2.83,2.83,2.83,0.0,0.0,89796.02,25645.728
300118.SZ,20231103,17.13,17.69,17.13,17.54,17.13,0.41,2.3935,196091.12,343217.821
300119.SZ,20231103,17.04,17.21,16.99,17.02,17.01,0.01,0.0588,15113.99,25811.112
300120.SZ,20231103,7.19,7.36,7.17,7.34,7.2,0.14,1.9444,56605.17,41432.666
300121.SZ,20231103,9.26,9.38,9.26,9.34,9.25,0.09,0.973,29332.0,27366.318
300122.SZ,20231103,64.26,65.28,63.14,63.55,64.25,-0.7,-1.0895,178601.51,1141272.105
300123.SZ,20231103,8.43,8.48,8.22,8.41,8.44,-0.03,-0.3555,793452.37,665391.863
300124.SZ,20231103,61.32,62.99,60.36,62.47,60.1,2.37,3.9434,157545.1,981327.39
300125.SZ,20231103,14.2,14.74,14.2,14.65,14.3,0.35,2.4476,28860.0,41954.183
300126.SZ,20231103,6.76,7.17,6.76,7.08,6.71,0.37,5.5142,114828.0,80977.47
300127.SZ,20231103,17.5,17.99,17.48,17.87,17.62,0.25,1.4188,57709.0,102876.473
300774.SZ,20231103,10.55,10.85,10.55,10.79,10.57,0.22,2.0814,19682.28,21177.635
300775.SZ,20231103,27.9,28.45,27.9,28.29,27.9,0.39,1.3978,54248.03,153297.865
300776.SZ,20231103,63.98,64.3,62.49,62.85,63.4,-0.55,-0.8675,46474.21,294114.033
300777.SZ,20231103,30.6,31.44,30.6,31.25,30.71,0.54,1.7584,29198.49,91068.217
300778.SZ,20231103,14.65,15.1,14.51,14.96,14.78,0.18,1.2179,96386.88,142306.804
300779.SZ,20231103,44.96,46.26,44.96,45.45,44.87,0.58,1.2926,9150.55,41739.137
300780.SZ,20231103,21.81,22.3,21.56,21.88,21.2,0.68,3.2075,189632.0,416499.394
300781.SZ,20231103,21.9,22.3,21.51,22.16,21.85,0.31,1.4188,30077.0,65998.462
300782.SZ,20231103,143.22,147.0,142.66,145.26,144.1,1.16,0.805,97653.67,1415492.227
300783.SZ,20231103,18.1,18.38,18.09,18.27,18.05,0.22,1.2188,34185.0,62440.622
300785.SZ,20231103,20.35,20.8,20.07,20.66,20.34,0.32,1.5733,63469.5,130396.939
300786.SZ,20231103,18.88,19.64,18.7,19.49,19.06,0.43,2.256,59945.12,115065.605
300787.SZ,20231103,17.29,17.87,17.19,17.82,17.06,0.76,4.4549,26659.6,47074.023
300788.SZ,20231103,25.43,25.75,24.8,25.43,25.52,-0.09,-0.3527,26018.0,65956.519
300789.SZ,20231103,20.95,21.7,20.95,21.44,20.86,0.58,2.7804,13264.9,28453.017
300790.SZ,20231103,14.95,15.38,14.81,15.29,14.95,0.34,2.2742,68931.54,104938.795
300791.SZ,20231103,32.53,33.16,32.1,32.77,32.69,0.08,0.2447,16142.97,52711.04
300792.SZ,20231103,23.94,24.21,23.77,24.02,23.91,0.11,0.4601,29720.6,71388.083
300793.SZ,20231103,18.19,18.65,18.12,18.48,17.95,0.53,2.9526,86609.6,159897.008
300795.SZ,20231103,28.74,29.27,28.74,28.89,28.68,0.21,0.7322,12869.12,37269.009
300796.SZ,20231103,14.3,14.56,14.22,14.48,14.31,0.17,1.188,42353.03,60940.128
300797.SZ,20231103,12.89,13.3,12.76,12.97,12.9,0.07,0.5426,117603.78,153063.18
300798.SZ,20231103,9.72,10.07,9.7,9.83,9.67,0.16,1.6546,239784.32,236197.619
300799.SZ,20231103,212.01,225.0,210.2,223.3,212.02,11.28,5.3203,2154.0,47206.941
300800.SZ,20231103,13.3,13.49,13.24,13.37,13.21,0.16,1.2112,15940.5,21376.617
300801.SZ,20231103,15.91,16.22,15.91,16.14,15.91,0.23,1.4456,10633.4,17151.926
300802.SZ,20231103,17.23,18.1,17.22,17.87,17.13,0.74,4.3199,33295.02,59474.956
300803.SZ,20231103,55.29,56.64,55.0,55.8,54.93,0.87,1.5838,76596.39,427298.953
300804.SZ,20231103,30.96,31.83,30.96,31.61,30.96,0.65,2.0995,7150.2,22591.174
300805.SZ,20231103,8.77,8.93,8.7,8.79,8.83,-0.04,-0.453,71878.0,63458.812
300806.SZ,20231103,16.59,16.98,16.38,16.7,16.48,0.22,1.335,15695.0,26084.87
300807.SZ,20231103,34.65,35.15,34.29,34.85,34.88,-0.03,-0.086,55163.0,191591.373
300808.SZ,20231103,13.97,14.83,13.97,14.67,14.24,0.43,3.0197,38557.1,56401.453
300809.SZ,20231103,23.54,24.44,23.53,24.27,23.27,1.0,4.2974,82793.0,200004.004
300810.SZ,20231103,20.31,20.76,20.3,20.5,20.31,0.19,0.9355,12531.0,25812.215
300811.SZ,20231103,43.63,44.48,43.62,43.98,43.59,0.39,0.8947,10301.11,45476.396
300812.SZ,20231103,23.97,25.65,23.66,25.38,23.69,1.69,7.1338,160701.3,399749.555
300813.SZ,20231103,25.06,25.39,25.0,25.15,25.07,0.08,0.3191,5733.43,14429.269
300814.SZ,20231103,30.33,32.27,30.29,31.96,30.03,1.93,6.4269,96608.45,304094.711
300815.SZ,20231103,14.54,14.89,14.52,14.68,14.55,0.13,0.8935,32689.92,48108.328
300816.SZ,20231103,25.25,26.09,25.01,25.66,25.26,0.4,1.5835,10690.0,27484.557
600095.SH,20231103,7.94,8.1,7.91,8.06,7.98,0.08,1.0025,197534.21,158922.095
600096.SH,20231103,16.67,16.83,16.61,16.78,16.56,0.22,1.3285,114043.07,191065.833
600097.SH,20231103,9.86,9.95,9.78,9.86,9.84,0.02,0.2033,24402.0,24115.323
600098.SH,20231103,5.49,5.53,5.46,5.49,5.46,0.03,0.5495,162765.88,89609.31
600099.SH,20231103,9.44,9.75,9.41,9.66,9.46,0.2,2.1142,56410.0,54277.73
600100.SH,20231103,8.17,8.55,8.1,8.51,8.24,0.27,3.2767,1369505.52,1147541.507
600101.SH,20231103,8.12,8.27,8.11,8.21,8.13,0.08,0.984,36950.0,30416.47
600103.SH,20231103,2.41,2.47,2.41,2.44,2.41,0.03,1.2448,262662.11,64236.701
600104.SH,20231103,14.76,14.87,14.7,14.83,14.78,0.05,0.3383,158319.71,234409.489
600105.SH,20231103,5.88,6.1,5.81,5.96,5.84,0.12,2.0548,828706.06,491133.821
600106.SH,20231103,5.33,5.4,5.23,5.28,5.29,-0.01,-0.189,281013.07,149601.574
600107.SH,20231103,5.42,5.46,5.38,5.43,5.4,0.03,0.5556,48221.0,26166.069
600108.SH,20231103,3.0,3.02,2.99,3.0,3.0,0.0,0.0,137350.37,41286.551
600109.SH,20231103,9.06,9.18,9.06,9.15,9.07,0.08,0.882,230849.87,210859.58
600110.SH,20231103,5.88,6.02,5.87,5.99,5.88,0.11,1.8707,127459.09,76187.347
600111.SH,20231103,20.72,21.22,20.72,21.08,20.68,0.4,1.9342,246994.34,519114.826
600112.SH,20231103,2.9,3.02,2.88,3.02,2.88,0.14,4.8611,98210.88,29402.533
600113.SH,20231103,7.59,7.63,7.54,7.55,7.58,-0.03,-0.3958,30471.58,23117.686
600114.SH,20231103,12.91,13.18,12.6,13.11,12.82,0.29,2.2621,321492.05,417621.002
600115.SH,20231103,4.3,4.31,4.25,4.26,4.28,-0.02,-0.4673,325081.05,139147.136
600116.SH,20231103,7.95,8.0,7.94,7.94,7.95,-0.01,-0.1258,62519.0,49820.537
600117.SH,20231103,3.18,3.22,3.14,3.14,3.19,-0.05,-1.5674,35078.0,11176.749
600118.SH,20231103,26.22,27.98,26.18,27.55,26.33,1.22,4.6335,340058.28,934294.209
600119.SH,20231103,7.03,7.17,6.96,6.99,7.49,-0.5,-6.6756,301057.59,212405.424
600120.SH,20231103,3.64,3.67,3.62,3.65,3.63,0.02,0.551,123861.53,45171.077
600121.SH,20231103,4.16,4.21,4.16,4.18,4.15,0.03,0.7229,62835.2,26286.538
600123.SH,20231103,9.07,9.23,9.06,9.07,9.03,0.04,0.443,119279.13,108765.4
600125.SH,20231103,6.0,6.03,5.96,5.97,6.01,-0.04,-0.6656,117300.9,70231.103
600126.SH,20231103,4.27,4.31,4.23,4.23,4.27,-0.04,-0.9368,122322.0,52151.921
600127.SH,20231103,7.5,7.57,7.49,7.55,7.51,0.04,0.5326,95854.79,72290.11
600128.SH,20231103,8.49,8.53,8.39,8.41,8.49,-0.08,-0.9423,31789.01,26871.609
600129.SH,20231103,42.1,43.85,41.59,42.7,41.27,1.43,3.465,131664.29,565666.989
600130.SH,20231103,5.05,5.63,5.04,5.63,5.12,0.51,9.9609,1515271.99,830900.442
600131.SH,20231103,13.43,13.75,13.38,13.62,13.41,0.21,1.566,70301.39,95420.186
600132.SH,20231103,73.12,74.58,72.4,73.17,73.74,-0.57,-0.773,66054.28,483803.65
600133.SH,20231103,8.17,8.33,8.11,8.26,8.12,0.14,1.7241,529596.67,435003.963
600135.SH,20231103,7.02,7.15,7.01,7.12,7.0,0.12,1.7143,43716.5,31074.443
600136.SH,20231103,2.36,2.39,2.34,2.37,2.39,-0.02,-0.8368,97430.04,23038.279
600137.SH,20231103,18.39,18.57,18.11,18.16,18.32,-0.16,-0.8734,18521.0,33889.303
600138.SH,20231103,10.5,10.59,10.42,10.56,10.46,0.1,0.956,102297.24,107742.378
600141.SH,20231103,19.61,19.76,19.52,19.64,19.52,0.12,0.6148,61200.11,120370.086
600906.SH,20231103,7.71,7.78,7.67,7.72,7.69,0.03,0.3901,279052.05,215556.248
600908.SH,20231103,5.05,5.08,5.04,5.05,5.05,0.0,0.0,159967.9,80888.658
600909.SH,20231103,4.78,4.83,4.76,4.78,4.77,0.01,0.2096,357796.51,171455.635
600916.SH,20231103,10.45,10.5,10.4,10.46,10.44,0.02,0.1916,63466.0,66370.005
600917.SH,20231103,6.72,6.8,6.72,6.74,6.72,0.02,0.2976,20448.44,13829.5
600918.SH,20231103,7.22,7.27,7.13,7.25,7.23,0.02,0.2766,327379.1,236399.139
600919.SH,20231103,6.86,6.88,6.84,6.86,6.84,0.02,0.2924,861322.28,590887.695
600925.SH,20231103,5.51,5.56,5.5,5.54,5.51,0.03,0.5445,40390.8,22384.377
600926.SH,20231103,10.66,10.72,10.63,10.7,10.64,0.06,0.5639,141414.61,151024.495
600927.SH,20231103,15.71,15.92,15.64,15.82,15.64,0.18,1.1509,24297.0,38422.405
600928.SH,20231103,3.48,3.49,3.45,3.46,3.48,-0.02,-0.5747,183172.31,63643.712
600929.SH,20231103,6.41,6.48,6.39,6.45,6.39,0.06,0.939,49286.65,31819.371
600933.SH,20231103,21.36,22.05,21.21,21.87,21.36,0.51,2.3876,61407.92,133828.941
600935.SH,20231103,3.52,3.55,3.5,3.51,3.51,0.0,0.0,70770.97,24996.224
600936.SH,20231103,3.79,3.83,3.76,3.82,3.8,0.02,0.5263,81398.0,30925.838
600938.SH,20231103,19.73,19.77,19.46,19.52,19.64,-0.12,-0.611,236135.49,461277.813
600939.SH,20231103,3.34,3.37,3.33,3.36,3.34,0.02,0.5988,64257.49,21562.724
600941.SH,20231103,93.6,94.31,93.05,93.67,93.68,-0.01,-0.0107,49320.22,461886.262
600955.SH,20231103,19.67,19.95,19.64,19.7,19.7,0.0,0.0,10462.62,20747.477
600956.SH,20231103,8.28,8.34,8.26,8.27,8.32,-0.05,-0.601,25779.0,21392.688
600958.SH,20231103,8.85,9.03,8.85,8.95,8.84,0.11,1.2443,568138.6,508055.963
600959.SH,20231103,3.13,3.16,3.09,3.14,3.13,0.01,0.3195,261285.23,81804.179
600960.SH,20231103,4.17,4.29,4.12,4.18,4.22,-0.04,-0.9479,444712.48,185613.271
600961.SH,20231103,7.56,7.65,7.53,7.57,7.55,0.02,0.2649,53744.0,40718.664
600962.SH,20231103,10.72,10.81,10.66,10.74,10.65,0.09,0.8451,13746.0,14790.319
600963.SH,20231103,6.72,7.0,6.7,6.95,6.8,0.15,2.2059,310038.71,214086.535
600965.SH,20231103,6.34,6.38,6.3,6.35,6.35,0.0,0.0,27398.9,17413.998
600966.SH,20231103,6.89,6.93,6.83,6.85,6.88,-0.03,-0.436,72199.65,49596.366
600967.SH,20231103,8.43,8.67,8.42,8.57,8.45,0.12,1.4201,89359.03,76714.245
600968.SH,20231103,3.04,3.05,2.99,3.0,3.02,-0.02,-0.6623,291837.69,88059.842
600969.SH,20231103,6.53,6.58,6.5,6.54,6.51,0.03,0.4608,20131.6,13192.352
600970.SH,20231103,9.74,9.98,9.74,9.89,9.76,0.13,1.332,145863.4,144067.208
600971.SH,20231103,9.23,9.35,9.22,9.26,9.19,0.07,0.7617,87454.63,81136.89
600973.SH,20231103,5.1,5.16,5.08,5.09,5.08,0.01,0.1969,250991.31,128354.597
600975.SH,20231103,9.71,9.99,9.7,9.83,9.79,0.04,0.4086,233386.5,229298.603
600976.SH,20231103,61.64,62.24,60.78,61.18,61.62,-0.44,-0.7141,7689.37,47249.286
600977.SH,20231103,12.16,12.57,12.02,12.28,12.16,0.12,0.9868,234082.97,287819.084
600979.SH,20231103,3.41,3.44,3.38,3.38,3.4,-0.02,-0.5882,135591.4,46233.517
600980.SH,20231103,15.88,16.06,15.72,15.91,15.74,0.17,1.0801,21220.32,33837.184
600981.SH,20231103,2.72,2.74,2.7,2.71,2.71,0.0,0.0,115147.0,31320.165
600982.SH,20231103,4.1,4.16,4.1,4.13,4.09,0.04,0.978,71082.0,29419.305
603712.SH,20231103,26.11,26.95,25.83,26.7,26.01,0.69,2.6528,54534.99,145604.697
603713.SH,20231103,62.16,62.55,60.8,61.29,62.0,-0.71,-1.1452,18017.48,110989.062
603716.SH,20231103,11.21,11.46,11.19,11.28,11.28,0.0,0.0,67414.0,76315.666
603717.SH,20231103,6.78,6.93,6.78,6.87,6.8,0.07,1.0294,28620.06,19691.329
603718.SH,20231103,11.26,11.51,11.18,11.36,11.23,0.13,1.1576,41147.01,46844.454
603719.SH,20231103,20.09,20.64,20.05,20.52,20.09,0.43,2.1404,35358.58,72240.693
603721.SH,20231103,18.81,19.28,18.07,18.25,19.06,-0.81,-4.2497,178906.6,329027.568
603722.SH,20231103,45.1,46.29,45.09,46.21,45.45,0.76,1.6722,2543.0,11705.286
603725.SH,20231103,10.0,10.12,9.94,9.98,10.0,-0.02,-0.2,71081.8,71073.508
603726.SH,20231103,13.93,14.27,13.7,14.26,13.97,0.29,2.0759,100987.17,141961.066
603727.SH,20231103,12.63,12.76,12.55,12.69,12.63,0.06,0.4751,38162.0,48385.184
603728.SH,20231103,66.4,68.63,64.04,66.4,63.12,3.28,5.1965,56744.53,376473.779
603729.SH,20231103,19.09,20.6,18.95,20.6,18.73,1.87,9.984,131950.8,263675.112
603730.SH,20231103,16.57,17.04,16.3,16.51,16.37,0.14,0.8552,31751.69,52998.364
603733.SH,20231103,18.5,18.98,18.45,18.7,18.5,0.2,1.0811,38950.5,73156.348
603737.SH,20231103,58.08,58.69,57.6,57.81,57.69,0.12,0.208,15287.0,88919.923
603738.SH,20231103,16.86,17.48,16.85,17.32,16.85,0.47,2.7893,145346.04,251166.975
603739.SH,20231103,14.01,14.13,13.92,14.04,14.07,-0.03,-0.2132,12423.0,17484.649
603755.SH,20231103,30.08,30.58,29.92,30.41,29.9,0.51,1.7057,5458.0,16586.027
603757.SH,20231103,23.3,23.7,23.06,23.53,23.06,0.47,2.0382,23359.0,54848.735
603758.SH,20231103,10.78,11.08,10.78,11.01,10.8,0.21,1.9444,45172.0,49630.819
603759.SH,20231103,8.45,8.48,8.4,8.41,8.41,0.0,0.0,21891.08,18483.433
603766.SH,20231103,5.58,5.64,5.53,5.55,5.56,-0.01,-0.1799,108512.72,60646.39
603767.SH,20231103,15.68,16.45,15.68,16.45,14.95,1.5,10.0334,152975.2,248731.367
603768.SH,20231103,20.75,21.03,19.96,20.88,21.14,-0.26,-1.2299,158113.87,323996.854
603773.SH,20231103,32.41,34.26,32.11,33.8,32.31,1.49,4.6116,62174.44,207599.446
603776.SH,20231103,13.13,13.42,13.13,13.36,13.19,0.17,1.2889,15843.12,21127.098
603777.SH,20231103,13.37,13.49,13.27,13.44,13.3,0.14,1.0526,15468.53,20778.86
603778.SH,20231103,5.15,5.22,5.12,5.13,5.14,-0.01,-0.1946,122590.54,63257.901
603779.SH,20231103,9.5,9.62,9.31,9.36,9.54,-0.18,-1.8868,254586.45,239524.809
603786.SH,20231103,69.15,70.95,68.61,69.85,69.11,0.74,1.0708,6043.0,42176.022
603787.SH,20231103,13.98,14.12,13.81,14.01,13.94,0.07,0.5022,11283.0,15826.519
603788.SH,20231103,15.63,16.3,15.53,16.21,15.79,0.42,2.6599,193692.14,309510.075
603789.SH,20231103,8.51,8.73,8.51,8.64,8.52,0.12,1.4085,19778.0,17115.47
603790.SH,20231103,13.98,14.08,13.86,13.97,13.98,-0.01,-0.0715,10040.9,14034.751
603797.SH,20231103,5.53,5.57,5.52,5.53,5.52,0.01,0.1812,20519.97,11382.512
603798.SH,20231103,9.57,9.69,9.51,9.66,9.57,0.09,0.9404,23798.5,22959.816
603799.SH,20231103,35.99,36.37,35.7,36.19,35.81,0.38,1.0612,116857.13,421550.569
603800.SH,20231103,27.4,28.0,27.3,27.82,27.3,0.52,1.9048,11007.58,30534.797
603801.SH,20231103,19.12,19.69,19.11,19.39,19.14,0.25,1.3062,43371.59,84390.861
603803.SH,20231103,8.44,8.79,8.44,8.64,8.54,0.1,1.171,484581.38,417690.499
688501.SH,20231103,16.39,17.43,16.39,16.79,16.35,0.44,2.6911,19748.53,33603.956
688502.SH,20231103,207.95,215.0,207.88,212.38,209.47,2.91,1.3892,3954.02,83879.644
688503.SH,20231103,62.7,64.8,62.06,64.21,61.97,2.24,3.6147,8881.01,56849.706
688505.SH,20231103,9.9,10.06,9.82,9.96,9.9,0.06,0.6061,38840.52,38736.349
688506.SH,20231103,89.0,91.87,88.3,88.8,89.51,-0.71,-0.7932,4519.75,40480.012
688507.SH,20231103,106.49,111.2,105.68,110.79,105.68,5.11,4.8354,3499.26,38139.795
688508.SH,20231103,53.57,56.47,53.57,56.25,53.46,2.79,5.2189,14405.39,79914.25
688509.SH,20231103,4.67,4.78,4.67,4.74,4.68,0.06,1.2821,63379.15,30076.126
688510.SH,20231103,17.96,18.36,17.9,18.21,18.05,0.16,0.8864,19420.26,35321.269
688511.SH,20231103,31.67,32.33,31.51,31.98,31.53,0.45,1.4272,6915.89,22164.498
688512.SH,20231103,17.56,19.12,17.56,18.86,17.58,1.28,7.281,53481.45,99638.818
688513.SH,20231103,54.69,54.85,53.72,54.18,54.3,-0.12,-0.221,3965.35,21473.381
688515.SH,20231103,101.2,108.69,101.2,107.5,100.89,6.61,6.5517,10076.61,106533.827
688516.SH,20231103,131.9,137.5,131.8,135.11,133.23,1.88,1.4111,10319.13,140269.449
688517.SH,20231103,15.07,15.48,15.07,15.33,15.0,0.33,2.2,28907.65,44411.76
688518.SH,20231103,18.8,19.36,18.75,19.25,18.72,0.53,2.8312,78765.86,151255.812
688519.SH,20231103,24.75,25.7,24.75,25.38,24.89,0.49,1.9687,11717.02,29685.054
688520.SH,20231103,50.0,50.3,49.46,49.83,49.8,0.03,0.0602,21596.87,107697.39
688521.SH,20231103,52.93,56.63,52.93,56.26,52.93,3.33,6.2913,45481.35,250954.432
688522.SH,20231103,46.69,47.95,46.69,47.49,46.41,1.08,2.3271,5231.89,24862.092
688523.SH,20231103,28.99,30.11,28.5,29.02,28.98,0.04,0.138,56671.45,167067.581
688525.SH,20231103,55.73,58.2,55.5,57.58,55.41,2.17,3.9163,34789.03,198556.99
688526.SH,20231103,19.19,19.64,19.19,19.44,19.19,0.25,1.3028,8473.8,16517.651
688528.SH,20231103,10.68,10.81,10.6,10.67,10.62,0.05,0.4708,6083.42,6534.724
688529.SH,20231103,22.26,22.84,22.0,22.35,22.03,0.32,1.4526,19748.43,44392.85
688531.SH,20231103,102.01,106.52,101.56,105.98,102.0,3.98,3.902,10380.53,109207.541
688533.SH,20231103,43.0,44.1,42.81,43.77,42.92,0.85,1.9804,9919.5,43330.098
688535.SH,20231103,75.0,85.0,73.58,84.35,75.0,9.35,12.4667,41729.1,332170.783
688536.SH,20231103,153.42,160.92,153.22,159.61,153.2,6.41,4.1841,14111.17,222060.981
688538.SH,20231103,2.64,2.64,2.6,2.6,2.63,-0.03,-1.1407,269507.25,70589.864
688539.SH,20231103,38.88,40.46,38.88,39.93,38.5,1.43,3.7143,7692.68,30632.038
688543.SH,20231103,49.0,50.75,49.0,49.71,49.41,0.3,0.6072,23279.91,116296.227
688548.SH,20231103,12.45,12.99,12.23,12.88,12.4,0.48,3.871,242953.83,306565.802
688549.SH,20231103,8.86,9.27,8.84,9.22,8.82,0.4,4.5351,247940.13,226145.061
688550.SH,20231103,32.58,33.18,32.19,32.8,32.58,0.22,0.6753,19782.4,64980.716
688551.SH,20231103,44.96,46.51,44.42,46.0,44.54,1.46,3.278,6872.62,31541.953
688552.SH,20231103,22.85,23.48,22.85,23.32,22.86,0.46,2.0122,18926.9,44126.047
688553.SH,20231103,14.8,14.99,14.66,14.85,14.75,0.1,0.678,18537.72,27519.287
688556.SH,20231103,44.71,45.93,44.71,45.59,44.84,0.75,1.6726,36925.72,168072.955
688557.SH,20231103,34.74,36.42,34.5,36.36,34.48,1.88,5.4524,15138.39,54437.708
688558.SH,20231103,26.9,28.07,26.86,27.73,26.94,0.79,2.9324,13473.44,37332.627
000818.SZ,20231103,35.1,36.56,34.86,36.15,34.75,1.4,4.0288,126948.23,454742.64
000819.SZ,20231103,18.85,19.06,18.8,18.96,18.84,0.12,0.6369,11912.0,22548.503
000820.SZ,20231103,3.77,3.82,3.74,3.74,3.77,-0.03,-0.7958,50446.5,19018.891
000821.SZ,20231103,14.0,14.64,14.0,14.5,14.03,0.47,3.35,207442.9,300360.432
000822.SZ,20231103,6.41,6.46,6.38,6.41,6.39,0.02,0.313,42127.5,27077.848
000823.SZ,20231103,9.25,9.53,9.22,9.49,9.25,0.24,2.5946,84198.56,79514.375
000825.SZ,20231103,3.94,3.96,3.88,3.89,3.93,-0.04,-1.0178,171759.0,67370.74
000826.SZ,20231103,3.24,3.3,3.23,3.25,3.23,0.02,0.6192,324618.98,106040.545
000828.SZ,20231103,8.98,9.06,8.98,9.02,8.98,0.04,0.4454,33994.89,30676.231
000829.SZ,20231103,9.17,9.3,9.12,9.17,9.2,-0.03,-0.3261,307080.54,282379.504
000830.SZ,20231103,11.16,11.21,10.97,10.99,11.16,-0.17,-1.5233,123782.9,137239.222
000831.SZ,20231103,29.62,30.02,29.58,29.8,29.64,0.16,0.5398,114101.26,340357.569
000833.SZ,20231103,5.85,5.88,5.82,5.83,5.85,-0.02,-0.3419,25905.0,15173.055
000836.SZ,20231103,2.66,2.7,2.64,2.69,2.66,0.03,1.1278,134601.0,36148.597
000837.SZ,20231103,10.65,11.27,10.57,10.99,10.35,0.64,6.1836,452555.96,493406.991
000838.SZ,20231103,3.57,3.58,3.45,3.48,3.59,-0.11,-3.0641,464575.99,161982.746
000839.SZ,20231103,2.27,2.29,2.26,2.28,2.3,-0.02,-0.8696,294134.59,66933.157
000848.SZ,20231103,8.41,8.51,8.41,8.44,8.44,0.0,0.0,38309.44,32434.186
000850.SZ,20231103,3.83,3.88,3.8,3.82,3.83,-0.01,-0.2611,86948.26,33437.393
000851.SZ,20231103,6.0,6.12,5.97,5.99,6.03,-0.04,-0.6633,576804.01,347697.049
000852.SZ,20231103,6.59,6.65,6.57,6.62,6.57,0.05,0.761,35774.48,23699.747
000856.SZ,20231103,8.52,8.84,8.52,8.73,8.52,0.21,2.4648,82871.0,72481.524
000858.SZ,20231103,157.9,160.0,157.66,159.67,157.9,1.77,1.121,138143.86,2200311.516
000859.SZ,20231103,5.45,5.5,5.44,5.45,5.47,-0.02,-0.3656,49649.0,27141.527
000860.SZ,20231103,22.57,24.1,22.57,23.33,22.57,0.76,3.3673,187499.27,439390.893
000861.SZ,20231103,2.02,2.02,1.99,2.01,2.02,-0.01,-0.495,130523.14,26140.648
000862.SZ,20231103,5.93,6.07,5.93,6.02,5.94,0.08,1.3468,81417.6,49117.381
000863.SZ,20231103,3.53,3.57,3.51,3.54,3.54,0.0,0.0,139912.67,49401.173
000868.SZ,20231103,5.63,5.77,5.57,5.67,5.67,0.0,0.0,330445.0,186823.88
000869.SZ,20231103,27.2,27.65,27.16,27.48,27.15,0.33,1.2155,12586.61,34599.477
000875.SZ,20231103,4.65,4.73,4.65,4.69,4.65,0.04,0.8602,121929.65,57286.601
000876.SZ,20231103,10.01,10.11,10.01,10.08,9.99,0.09,0.9009,129562.26,130550.227
000877.SZ,20231103,7.08,7.12,7.04,7.09,7.09,0.0,0.0,64571.63,45778.197
000878.SZ,20231103,10.88,10.94,10.83,10.88,10.86,0.02,0.1842,214546.47,233719.399
000880.SZ,20231103,10.56,10.81,10.5,10.74,10.59,0.15,1.4164,38815.0,41551.433
000881.SZ,20231103,7.26,7.36,7.26,7.31,7.26,0.05,0.6887,47860.28,35028.791
000882.SZ,20231103,1.71,1.73,1.71,1.71,1.71,0.0,0.0,210093.0,36113.472
000883.SZ,20231103,4.28,4.32,4.26,4.27,4.28,-0.01,-0.2336,157553.0,67643.614
000885.SZ,20231103,10.87,10.97,10.85,10.85,10.86,-0.01,-0.0921,32390.48,35348.158
000886.SZ,20231103,4.23,4.25,4.2,4.25,4.21,0.04,0.9501,60164.87,25447.75
000887.SZ,20231103,12.75,12.88,12.64,12.84,12.67,0.17,1.3418,184053.48,235750.542
002465.SZ,20231103,11.67,12.7,11.61,12.36,11.6,0.76,6.5517,1139395.17,1401134.822
002466.SZ,20231103,52.81,53.33,52.41,53.04,52.45,0.59,1.1249,190072.04,1004783.864
002467.SZ,20231103,4.65,4.77,4.61,4.74,4.62,0.12,2.5974,287023.51,135339.735
002468.SZ,20231103,9.31,9.53,9.28,9.33,9.31,0.02,0.2148,180879.25,169678.75
002469.SZ,20231103,6.02,6.08,6.02,6.02,6.03,-0.01,-0.1658,42372.0,25600.953
002470.SZ,20231103,1.76,1.79,1.76,1.76,1.76,0.0,0.0,293786.0,52090.501
002471.SZ,20231103,2.89,2.93,2.85,2.85,2.89,-0.04,-1.3841,403868.0,116803.134
002472.SZ,20231103,27.32,28.15,27.11,27.73,26.58,1.15,4.3266,327938.4,907843.592
002474.SZ,20231103,6.79,6.97,6.78,6.91,6.79,0.12,1.7673,104879.7,72339.584
002475.SZ,20231103,31.48,32.46,31.16,32.0,31.52,0.48,1.5228,608301.67,1946215.477
002476.SZ,20231103,5.45,5.62,5.39,5.59,5.45,0.14,2.5688,371847.31,204643.102
002478.SZ,20231103,5.72,5.86,5.72,5.82,5.71,0.11,1.9264,146680.0,85321.852
002479.SZ,20231103,4.74,4.77,4.67,4.67,4.75,-0.08,-1.6842,68436.54,32273.473
002480.SZ,20231103,4.53,4.61,4.53,4.59,4.53,0.06,1.3245,49864.0,22874.459
002481.SZ,20231103,4.58,4.7,4.58,4.63,4.59,0.04,0.8715,137972.92,64222.772
002482.SZ,20231103,2.13,2.21,2.13,2.2,2.13,0.07,3.2864,138219.5,30068.344
002483.SZ,20231103,5.39,5.57,5.39,5.46,5.37,0.09,1.676,237350.49,130717.008
002484.SZ,20231103,16.57,17.62,16.53,17.29,16.59,0.7,4.2194,200983.09,347052.561
002485.SZ,20231103,4.99,5.13,4.95,5.01,5.06,-0.05,-0.9881,34919.12,17517.73
002486.SZ,20231103,2.93,2.96,2.9,2.92,2.93,-0.01,-0.3413,92520.75,27095.891
002487.SZ,20231103,27.8,28.95,27.72,27.84,27.88,-0.04,-0.1435,229862.67,649898.457
002488.SZ,20231103,7.82,8.05,7.79,7.88,7.83,0.05,0.6386,170731.0,134854.071
002489.SZ,20231103,3.2,3.21,3.16,3.18,3.2,-0.02,-0.625,205393.0,65366.605
002490.SZ,20231103,4.81,5.06,4.8,4.96,4.88,0.08,1.6393,567708.22,279025.461
002491.SZ,20231103,5.47,5.63,5.47,5.58,5.47,0.11,2.011,217703.79,121475.954
002492.SZ,20231103,5.93,5.97,5.9,5.93,5.93,0.0,0.0,39648.66,23525.302
002493.SZ,20231103,11.31,11.45,11.28,11.35,11.31,0.04,0.3537,189126.45,215136.885
002494.SZ,20231103,5.18,5.18,5.09,5.1,5.18,-0.08,-1.5444,69344.0,35585.886
002495.SZ,20231103,2.64,2.68,2.64,2.65,2.64,0.01,0.3788,63814.0,17001.409
002496.SZ,20231103,2.01,2.05,2.01,2.04,2.01,0.03,1.4925,171814.5,35005.963
002497.SZ,20231103,13.6,13.78,13.58,13.73,13.6,0.13,0.9559,102643.34,140525.019
002498.SZ,20231103,3.85,3.9,3.85,3.87,3.86,0.01,0.2591,98270.0,38118.177
002500.SZ,20231103,5.58,5.65,5.56,5.62,5.57,0.05,0.8977,179192.33,100575.249
002501.SZ,20231103,1.45,1.48,1.44,1.47,1.45,0.02,1.3793,150344.66,21995.498
002502.SZ,20231103,2.51,2.56,2.49,2.53,2.52,0.01,0.3968,167536.0,42241.608
002505.SZ,20231103,1.85,1.89,1.78,1.83,1.83,0.0,0.0,2772426.87,511716.461
002506.SZ,20231103,2.72,2.75,2.71,2.74,2.72,0.02,0.7353,295830.0,80968.438
002507.SZ,20231103,15.42,15.81,15.42,15.73,15.5,0.23,1.4839,61797.75,97074.287
002508.SZ,20231103,23.04,23.28,22.95,23.19,22.94,0.25,1.0898,80701.18,186959.634
002510.SZ,20231103,4.31,4.43,4.3,4.39,4.36,0.03,0.6881,430955.04,188513.249
002511.SZ,20231103,10.78,10.86,10.77,10.79,10.71,0.08,0.747,45956.0,49744.746
300128.SZ,20231103,4.78,4.87,4.73,4.8,4.79,0.01,0.2088,262297.39,126154.527
300129.SZ,20231103,10.17,10.97,10.15,10.28,10.18,0.1,0.9823,390676.54,411279.892
300130.SZ,20231103,22.35,23.0,22.35,22.85,22.36,0.49,2.1914,112490.85,255790.154
300131.SZ,20231103,5.3,5.47,5.27,5.46,5.29,0.17,3.2136,298381.96,161793.082
300132.SZ,20231103,5.28,5.32,5.24,5.26,5.3,-0.04,-0.7547,62495.0,32967.137
300133.SZ,20231103,6.0,6.12,5.78,6.01,5.97,0.04,0.67,789734.9,470080.757
300134.SZ,20231103,10.65,10.88,10.5,10.78,10.58,0.2,1.8904,212100.62,227700.076
300135.SZ,20231103,3.74,3.8,3.67,3.69,3.74,-0.05,-1.3369,271743.0,101056.597
300136.SZ,20231103,24.07,25.36,24.07,24.91,24.05,0.86,3.5759,738172.28,1832243.772
300137.SZ,20231103,5.88,5.94,5.83,5.89,5.86,0.03,0.5119,45362.4,26773.273
300138.SZ,20231103,13.83,14.07,13.74,14.06,13.81,0.25,1.8103,40374.79,56356.094
300139.SZ,20231103,10.6,10.86,10.6,10.78,10.68,0.1,0.9363,105424.0,113646.436
300140.SZ,20231103,7.54,7.67,7.52,7.6,7.5,0.1,1.3333,42131.0,32061.302
300141.SZ,20231103,9.79,9.97,9.73,9.9,9.75,0.15,1.5385,35877.0,35540.947
300142.SZ,20231103,22.8,23.27,22.8,23.05,22.84,0.21,0.9194,102661.37,237060.838
300143.SZ,20231103,10.4,10.4,10.2,10.25,10.27,-0.02,-0.1947,36464.48,37488.087
300144.SZ,20231103,10.96,11.11,10.91,11.07,10.98,0.09,0.8197,151156.65,166859.818
300145.SZ,20231103,3.08,3.15,3.05,3.06,3.06,0.0,0.0,232861.4,71662.031
300146.SZ,20231103,18.17,18.34,18.05,18.23,18.13,0.1,0.5516,66944.59,121968.394
300147.SZ,20231103,5.5,5.52,5.42,5.43,5.5,-0.07,-1.2727,73243.0,40043.052
300148.SZ,20231103,4.14,4.14,4.0,4.07,4.14,-0.07,-1.6908,541125.38,219244.095
300149.SZ,20231103,8.82,8.88,8.75,8.77,8.86,-0.09,-1.0158,79567.92,70042.633
300150.SZ,20231103,4.71,4.82,4.7,4.78,4.69,0.09,1.919,115084.0,55030.885
300151.SZ,20231103,17.98,18.55,17.67,18.38,17.86,0.52,2.9115,55612.84,101561.145
300152.SZ,20231103,2.92,2.96,2.89,2.91,2.9,0.01,0.3448,96504.0,28328.476
300153.SZ,20231103,7.84,8.0,7.82,7.97,7.85,0.12,1.5287,43279.0,34463.017
300154.SZ,20231103,7.18,7.37,7.11,7.28,7.14,0.14,1.9608,51741.0,37729.078
300155.SZ,20231103,5.5,5.64,5.5,5.58,5.51,0.07,1.2704,67130.0,37511.935
300157.SZ,20231103,3.55,3.61,3.54,3.58,3.54,0.04,1.1299,131647.3,47052.518
300158.SZ,20231103,6.32,6.47,6.3,6.31,6.34,-0.03,-0.4732,293444.14,186621.853
300159.SZ,20231103,2.79,2.83,2.78,2.82,2.81,0.01,0.3559,330985.0,93149.846
300160.SZ,20231103,6.02,6.13,6.02,6.11,6.0,0.11,1.8333,101563.4,61878.874
300161.SZ,20231103,35.68,36.7,35.04,36.29,34.72,1.57,4.5219,51219.0,185082.235
300162.SZ,20231103,7.41,7.51,7.35,7.47,7.36,0.11,1.4946,45184.0,33775.199
300163.SZ,20231103,3.93,4.09,3.85,3.91,4.0,-0.09,-2.25,611642.0,240367.277
300164.SZ,20231103,5.24,5.25,5.14,5.18,5.2,-0.02,-0.3846,534504.79,276547.045
300165.SZ,20231103,5.72,6.47,5.72,6.22,5.71,0.51,8.9317,356172.0,222040.654
300166.SZ,20231103,10.11,10.29,10.1,10.18,10.05,0.13,1.2935,261303.15,266581.449
300167.SZ,20231103,3.36,3.5,3.34,3.4,3.39,0.01,0.295,123370.0,41940.813
300168.SZ,20231103,8.86,9.17,8.84,9.04,8.86,0.18,2.0316,171386.18,154501.14
300169.SZ,20231103,8.02,8.77,7.91,8.42,8.18,0.24,2.934,715656.89,597150.496
300817.SZ,20231103,15.72,16.55,15.72,16.23,15.56,0.67,4.3059,84846.08,137470.18
300818.SZ,20231103,29.18,29.7,29.04,29.44,29.14,0.3,1.0295,6249.5,18400.224
300819.SZ,20231103,15.57,15.68,15.38,15.44,15.58,-0.14,-0.8986,23889.5,37044.967
300820.SZ,20231103,48.99,50.34,48.48,49.37,48.98,0.39,0.7962,46429.89,228974.155
300821.SZ,20231103,8.51,8.59,8.41,8.54,8.45,0.09,1.0651,34477.0,29441.156
300822.SZ,20231103,12.52,13.22,12.52,13.06,12.55,0.51,4.0637,30727.25,40022.97
300823.SZ,20231103,21.52,21.86,21.36,21.52,21.43,0.09,0.42,25444.0,55092.592
300824.SZ,20231103,9.76,9.9,9.71,9.84,9.75,0.09,0.9231,16085.0,15835.835
300825.SZ,20231103,15.21,15.71,15.21,15.43,15.2,0.23,1.5132,119617.0,185162.092
300826.SZ,20231103,17.06,17.6,17.03,17.56,17.1,0.46,2.6901,63051.94,109941.436
300827.SZ,20231103,27.4,28.62,27.39,28.32,27.3,1.02,3.7363,93252.56,264102.068
300828.SZ,20231103,16.0,16.65,15.92,16.39,15.9,0.49,3.0818,77788.14,127270.791
300829.SZ,20231103,20.63,20.97,20.61,20.8,20.6,0.2,0.9709,9361.65,19492.252
300830.SZ,20231103,8.41,8.56,8.37,8.53,8.41,0.12,1.4269,37276.07,31686.396
300831.SZ,20231103,11.97,12.26,11.91,12.24,11.91,0.33,2.7708,40343.0,49111.161
300832.SZ,20231103,67.16,67.68,66.5,66.63,67.29,-0.66,-0.9808,21125.05,141436.661
300833.SZ,20231103,99.5,100.46,97.0,97.61,98.07,-0.46,-0.4691,3596.63,35551.636
300834.SZ,20231103,22.6,22.68,22.48,22.6,22.5,0.1,0.4444,4713.64,10660.687
300835.SZ,20231103,30.32,32.56,29.91,30.82,30.5,0.32,1.0492,127164.9,396588.357
300836.SZ,20231103,27.58,28.56,27.41,28.28,27.09,1.19,4.3928,19448.8,54771.452
300837.SZ,20231103,27.65,28.49,27.65,28.39,27.65,0.74,2.6763,9305.0,26289.627
300838.SZ,20231103,16.11,16.74,16.11,16.53,16.1,0.43,2.6708,20575.0,34029.72
300839.SZ,20231103,10.34,10.44,10.25,10.39,10.22,0.17,1.6634,31301.84,32491.233
300840.SZ,20231103,18.3,18.6,18.1,18.27,18.3,-0.03,-0.1639,43592.82,79811.629
300841.SZ,20231103,68.6,69.44,68.15,68.43,68.5,-0.07,-0.1022,15323.0,105196.52
300842.SZ,20231103,66.33,68.3,66.28,66.5,66.35,0.15,0.2261,31174.36,209560.043
300843.SZ,20231103,21.3,21.89,21.29,21.85,21.34,0.51,2.3899,14799.0,32189.316
300844.SZ,20231103,36.71,37.3,36.08,36.67,37.52,-0.85,-2.2655,23253.43,84912.972
300845.SZ,20231103,18.01,18.58,17.88,18.48,17.89,0.59,3.2979,26761.99,49007.021
300846.SZ,20231103,14.23,14.45,14.09,14.32,14.23,0.09,0.6325,333987.3,476716.86
300847.SZ,20231103,15.72,16.16,15.72,16.13,15.71,0.42,2.6735,41218.0,66276.987
300848.SZ,20231103,20.39,21.0,20.39,20.45,20.4,0.05,0.2451,13723.0,28275.435
300849.SZ,20231103,11.62,11.82,11.59,11.6,11.7,-0.1,-0.8547,14760.0,17265.655
300850.SZ,20231103,36.35,37.48,35.62,35.81,36.69,-0.88,-2.3985,108199.38,392794.701
300851.SZ,20231103,27.81,28.79,27.81,28.58,28.05,0.53,1.8895,10273.0,29368.677
300852.SZ,20231103,38.2,39.1,38.19,38.9,37.99,0.91,2.3954,8103.0,31447.518
300853.SZ,20231103,23.98,24.65,23.8,24.34,23.56,0.78,3.3107,17986.0,43863.146
300854.SZ,20231103,17.59,17.87,17.46,17.54,17.54,0.0,0.0,16114.0,28384.357
300855.SZ,20231103,29.56,30.0,29.38,29.65,29.5,0.15,0.5085,13488.04,40125.334
300856.SZ,20231103,62.9,63.97,62.88,63.01,63.01,0.0,0.0,9574.0,60662.402
300857.SZ,20231103,27.5,29.39,27.5,28.72,27.8,0.92,3.3094,184461.3,531944.116
600143.SH,20231103,7.67,7.74,7.62,7.69,7.62,0.07,0.9186,74691.62,57471.978
600148.SH,20231103,16.2,16.62,16.2,16.52,16.2,0.32,1.9753,32090.16,52933.857
600149.SH,20231103,5.42,5.44,5.31,5.32,5.42,-0.1,-1.845,52729.0,28268.801
600150.SH,20231103,25.55,26.03,25.55,25.95,25.57,0.38,1.4861,316587.05,821259.747
600151.SH,20231103,6.66,6.87,6.66,6.83,6.66,0.17,2.5526,90178.0,61436.948
600152.SH,20231103,6.9,7.07,6.9,7.04,6.91,0.13,1.8813,66085.0,46479.01
600153.SH,20231103,9.77,9.8,9.63,9.65,9.76,-0.11,-1.127,269396.48,261344.408
600155.SH,20231103,9.51,9.65,9.28,9.41,9.4,0.01,0.1064,1362372.25,1285370.017
600156.SH,20231103,4.69,4.74,4.63,4.64,4.7,-0.06,-1.2766,37758.0,17648.251
600157.SH,20231103,1.36,1.38,1.35,1.36,1.36,0.0,0.0,2410951.86,329875.134
600158.SH,20231103,8.35,8.45,8.32,8.4,8.32,0.08,0.9615,78516.92,65960.845
600159.SH,20231103,3.13,3.22,3.12,3.15,3.19,-0.04,-1.2539,519982.01,164287.078
600160.SH,20231103,14.8,15.17,14.73,15.04,14.8,0.24,1.6216,110362.04,165653.079
600161.SH,20231103,28.84,29.76,28.84,29.37,28.83,0.54,1.873,134501.79,396321.91
600162.SH,20231103,1.86,1.88,1.85,1.85,1.87,-0.02,-1.0695,171507.36,31956.303
600163.SH,20231103,4.52,4.6,4.52,4.57,4.52,0.05,1.1062,61137.11,27957.173
600165.SH,20231103,3.47,3.58,3.46,3.54,3.46,0.08,2.3121,141883.04,50182.045
600166.SH,20231103,3.02,3.03,2.99,3.01,3.03,-0.02,-0.6601,901711.0,271684.912
600167.SH,20231103,5.91,6.0,5.89,5.9,5.97,-0.07,-1.1725,52982.33,31475.542
600168.SH,20231103,5.96,6.04,5.96,5.97,5.97,0.0,0.0,69052.37,41438.992
600169.SH,20231103,2.34,2.37,2.33,2.35,2.33,0.02,0.8584,146096.4,34420.902
600170.SH,20231103,2.56,2.59,2.56,2.56,2.56,0.0,0.0,737734.76,189449.432
600171.SH,20231103,15.62,16.14,15.59,16.09,15.61,0.48,3.075,91704.51,146243.595
600172.SH,20231103,3.43,3.57,3.42,3.54,3.44,0.1,2.907,193132.48,68099.745
600173.SH,20231103,5.12,5.22,5.01,5.01,5.18,-0.17,-3.2819,222614.07,113079.878
600176.SH,20231103,11.53,11.76,11.46,11.73,11.52,0.21,1.8229,150258.58,175482.069
600177.SH,20231103,6.74,6.8,6.73,6.73,6.77,-0.04,-0.5908,124312.2,84019.146
600178.SH,20231103,6.95,7.08,6.93,7.01,6.92,0.09,1.3006,85511.63,59889.056
600179.SH,20231103,2.6,2.64,2.59,2.59,2.6,-0.01,-0.3846,117462.34,30670.408
600180.SH,20231103,5.89,5.94,5.82,5.83,5.88,-0.05,-0.8503,56749.0,33331.823
600182.SH,20231103,14.9,14.98,14.74,14.91,14.86,0.05,0.3365,10276.0,15295.907
600183.SH,20231103,17.16,17.75,17.15,17.47,17.18,0.29,1.688,167426.79,292856.225
600184.SH,20231103,11.89,12.34,11.89,12.22,11.86,0.36,3.0354,59711.47,72658.356
600185.SH,20231103,7.12,7.22,7.06,7.17,7.08,0.09,1.2712,151966.71,108518.249
600186.SH,20231103,7.17,7.89,7.1,7.7,7.17,0.53,7.3919,2573962.93,1974234.528
600187.SH,20231103,2.68,2.71,2.68,2.7,2.68,0.02,0.7463,137020.0,36967.014
600188.SH,20231103,19.39,19.64,19.23,19.29,19.29,0.0,0.0,187338.73,362964.998
600189.SH,20231103,10.1,10.35,10.05,10.16,10.19,-0.03,-0.2944,269768.81,274856.129
600190.SH,20231103,3.0,3.02,2.99,3.01,2.99,0.02,0.6689,182578.91,54875.301
600191.SH,20231103,6.43,6.47,6.4,6.46,6.39,0.07,1.0955,58724.0,37783.564
600192.SH,20231103,5.59,5.71,5.53,5.7,5.57,0.13,2.3339,160521.04,90859.671
600983.SH,20231103,8.13,8.24,8.09,8.09,8.14,-0.05,-0.6143,14558.0,11886.6
600984.SH,20231103,4.03,4.1,4.02,4.06,4.03,0.03,0.7444,69222.6,28166.001
600985.SH,20231103,14.36,14.47,14.27,14.3,14.24,0.06,0.4213,124840.0,179197.811
600986.SH,20231103,5.63,5.66,5.52,5.6,5.59,0.01,0.1789,291273.78,162608.717
600987.SH,20231103,8.48,8.53,8.35,8.42,8.38,0.04,0.4773,92935.35,78436.244
600988.SH,20231103,14.41,14.55,14.35,14.47,14.42,0.05,0.3467,123506.0,178122.085
600989.SH,20231103,14.31,14.42,14.23,14.33,14.28,0.05,0.3501,109153.54,156397.009
600990.SH,20231103,20.22,20.92,20.18,20.67,20.16,0.51,2.5298,35565.06,73510.961
600992.SH,20231103,14.43,14.85,14.37,14.74,14.42,0.32,2.2191,51335.0,75444.826
600993.SH,20231103,23.41,23.73,23.3,23.41,23.52,-0.11,-0.4677,31864.16,74755.07
600995.SH,20231103,9.1,9.22,9.09,9.17,9.1,0.07,0.7692,47995.0,44016.557
600996.SH,20231103,10.31,10.65,10.1,10.56,10.38,0.18,1.7341,279185.06,290317.009
600997.SH,20231103,6.68,6.84,6.64,6.64,6.6,0.04,0.6061,101117.3,67843.359
600998.SH,20231103,7.28,7.41,7.24,7.24,7.29,-0.05,-0.6859,76456.49,55938.828
600999.SH,20231103,14.0,14.12,13.97,14.05,14.0,0.05,0.3571,96743.74,135956.207
601000.SH,20231103,3.58,3.6,3.52,3.53,3.58,-0.05,-1.3966,274880.62,97475.255
601001.SH,20231103,11.78,11.81,11.5,11.55,11.68,-0.13,-1.113,126912.31,147557.068
601002.SH,20231103,4.71,4.74,4.7,4.71,4.7,0.01,0.2128,33990.0,16044.076
601003.SH,20231103,3.45,3.47,3.4,3.41,3.44,-0.03,-0.8721,125008.75,42839.027
601005.SH,20231103,1.48,1.49,1.47,1.47,1.48,-0.01,-0.6757,571059.0,84481.671
601006.SH,20231103,7.24,7.24,7.17,7.17,7.23,-0.06,-0.8299,490136.89,352377.746
601007.SH,20231103,7.67,7.74,7.66,7.72,7.64,0.08,1.0471,38321.6,29519.626
601008.SH,20231103,4.15,4.17,4.13,4.15,4.14,0.01,0.2415,71333.0,29629.429
601009.SH,20231103,7.78,7.78,7.73,7.77,7.76,0.01,0.1289,114091.26,88561.139
601010.SH,20231103,2.43,2.44,2.41,2.42,2.42,0.0,0.0,170431.33,41286.068
601011.SH,20231103,3.75,3.81,3.73,3.73,3.75,-0.02,-0.5333,286630.77,107677.945
601012.SH,20231103,22.4,23.03,22.38,22.87,22.41,0.46,2.0527,1285267.26,2933232.088
601015.SH,20231103,4.52,4.58,4.46,4.46,4.48,-0.02,-0.4464,211452.14,95336.956
601016.SH,20231103,3.16,3.2,3.15,3.18,3.16,0.02,0.6329,195385.19,62231.259
601018.SH,20231103,3.47,3.48,3.42,3.42,3.47,-0.05,-1.4409,174536.45,60018.818
601019.SH,20231103,8.6,8.81,8.46,8.57,8.67,-0.1,-1.1534,108982.12,94298.137
601020.SH,20231103,8.13,8.25,8.12,8.19,8.11,0.08,0.9864,90434.2,74132.058
601021.SH,20231103,53.71,54.35,53.56,53.63,53.69,-0.06,-0.1118,29065.0,156606.297
601022.SH,20231103,8.87,8.99,8.87,8.96,8.88,0.08,0.9009,16312.27,14613.417
601028.SH,20231103,11.55,11.6,11.36,11.44,11.55,-0.11,-0.9524,210779.46,241503.323
601038.SH,20231103,11.61,11.97,11.61,11.88,11.66,0.22,1.8868,51953.65,61685.267
601058.SH,20231103,11.25,11.53,11.21,11.29,11.22,0.07,0.6239,199546.54,226959.174
601059.SH,20231103,16.67,16.97,16.46,16.67,16.68,-0.01,-0.06,236979.68,396212.972
601061.SH,20231103,7.4,7.48,7.37,7.46,7.37,0.09,1.2212,74592.96,55596.635
601065.SH,20231103,11.19,11.32,11.17,11.32,11.16,0.16,1.4337,51734.47,58364.566
601066.SH,20231103,24.08,24.35,24.05,24.22,24.05,0.17,0.7069,82594.0,199991.972
603806.SH,20231103,24.8,25.46,24.77,25.12,24.77,0.35,1.413,108575.85,272899.026
603808.SH,20231103,10.47,10.52,10.28,10.39,10.47,-0.08,-0.7641,53902.95,55957.34
603809.SH,20231103,12.0,12.69,11.78,12.33,12.01,0.32,2.6644,271161.27,334225.142
603810.SH,20231103,13.06,13.2,12.97,13.03,13.0,0.03,0.2308,11209.8,14669.554
603811.SH,20231103,10.71,11.08,10.71,10.79,10.76,0.03,0.2788,39188.63,42627.8
603813.SH,20231103,16.23,16.35,16.02,16.17,16.19,-0.02,-0.1235,6885.0,11143.836
603815.SH,20231103,7.36,7.45,7.35,7.4,7.37,0.03,0.4071,32678.52,24187.698
603816.SH,20231103,36.13,37.41,36.0,36.78,35.99,0.79,2.1951,55296.42,203647.354
603817.SH,20231103,6.15,6.2,6.11,6.17,6.14,0.03,0.4886,45527.0,28096.67
603818.SH,20231103,5.22,5.3,5.2,5.26,5.21,0.05,0.9597,27118.0,14277.35
603819.SH,20231103,13.44,13.87,13.41,13.68,13.44,0.24,1.7857,8994.0,12324.877
603822.SH,20231103,31.14,31.67,31.01,31.03,31.03,0.0,0.0,3988.0,12477.498
603823.SH,20231103,10.02,10.14,9.95,10.1,9.98,0.12,1.2024,13659.6,13771.114
603825.SH,20231103,11.65,11.71,11.48,11.64,11.67,-0.03,-0.2571,49453.0,57470.407
603826.SH,20231103,53.0,53.88,52.61,53.56,53.36,0.2,0.3748,7028.0,37628.605
603828.SH,20231103,3.6,3.68,3.6,3.66,3.61,0.05,1.385,65438.55,23903.427
603829.SH,20231103,14.72,14.97,14.62,14.83,14.59,0.24,1.645,11676.0,17331.548
603833.SH,20231103,84.8,86.35,84.56,85.99,84.8,1.19,1.4033,11699.28,100393.74
603836.SH,20231103,15.79,15.99,15.58,15.71,15.98,-0.27,-1.6896,55232.0,87046.204
603838.SH,20231103,6.56,6.67,6.49,6.53,6.59,-0.06,-0.9105,19395.0,12778.746
603839.SH,20231103,7.57,7.57,7.4,7.44,7.57,-0.13,-1.7173,29096.0,21734.109
603843.SH,20231103,3.81,3.87,3.81,3.84,3.81,0.03,0.7874,55769.76,21470.081
603848.SH,20231103,14.66,15.34,14.61,15.17,14.73,0.44,2.9871,30927.0,46675.782
603855.SH,20231103,17.29,18.14,17.17,17.93,17.15,0.78,4.5481,44583.31,79864.884
603856.SH,20231103,11.59,11.75,11.59,11.68,11.65,0.03,0.2575,38898.72,45361.916
603858.SH,20231103,17.11,17.34,17.11,17.2,17.14,0.06,0.3501,44179.39,76132.936
603859.SH,20231103,38.57,39.98,38.42,39.65,38.48,1.17,3.0405,19443.35,76865.88
603860.SH,20231103,26.86,27.37,26.85,27.09,26.83,0.26,0.9691,7956.0,21584.027
603861.SH,20231103,9.8,9.85,9.63,9.77,9.77,0.0,0.0,145093.0,141315.61
603863.SH,20231103,35.57,38.0,35.5,37.5,35.5,2.0,5.6338,102970.0,378903.239
603866.SH,20231103,8.65,8.77,8.6,8.63,8.65,-0.02,-0.2312,73772.24,64121.664
603867.SH,20231103,29.82,30.6,29.8,30.4,29.61,0.79,2.668,15233.86,46230.878
603868.SH,20231103,52.74,54.11,52.74,53.65,53.0,0.65,1.2264,6542.0,35148.758
603869.SH,20231103,9.35,9.6,9.32,9.53,9.32,0.21,2.2532,46877.0,44601.433
603871.SH,20231103,17.22,17.37,17.09,17.16,17.15,0.01,0.0583,32067.0,55092.112
603876.SH,20231103,13.38,13.97,13.38,13.88,13.36,0.52,3.8922,115434.98,158991.906
603877.SH,20231103,15.43,15.69,15.41,15.65,15.44,0.21,1.3601,23123.24,36070.531
603878.SH,20231103,7.07,7.2,7.07,7.09,7.07,0.02,0.2829,53653.73,38183.369
603879.SH,20231103,6.24,6.54,6.24,6.52,6.26,0.26,4.1534,70014.05,45263.415
603880.SH,20231103,4.86,4.88,4.8,4.83,4.86,-0.03,-0.6173,24352.3,11792.113
603881.SH,20231103,19.42,19.89,19.42,19.75,19.48,0.27,1.386,41350.36,81590.22
688559.SH,20231103,37.1,38.5,37.1,38.15,37.02,1.13,3.0524,21949.13,83597.514
688560.SH,20231103,17.84,18.44,17.84,18.28,17.79,0.49,2.7544,30271.42,55297.378
688561.SH,20231103,45.9,46.95,45.66,46.67,45.75,0.92,2.0109,20897.07,97224.077
688562.SH,20231103,25.89,26.28,25.88,26.05,25.9,0.15,0.5792,8878.02,23176.335
688563.SH,20231103,60.9,61.71,60.73,61.47,60.71,0.76,1.2519,4021.16,24687.162
688565.SH,20231103,8.42,8.67,8.42,8.57,8.44,0.13,1.5403,14480.24,12416.545
688566.SH,20231103,28.92,29.41,28.6,28.75,29.07,-0.32,-1.1008,26876.37,77763.425
688567.SH,20231103,17.59,18.09,17.59,18.03,17.56,0.47,2.6765,34254.37,61596.485
688568.SH,20231103,47.32,49.27,47.07,48.98,47.3,1.68,3.5518,19444.19,94473.654
688569.SH,20231103,27.67,28.56,27.67,28.45,27.67,0.78,2.8189,16291.61,46217.401
688570.SH,20231103,27.6,28.3,27.59,27.7,27.39,0.31,1.1318,20567.77,57315.998
688571.SH,20231103,7.16,7.35,7.16,7.27,7.19,0.08,1.1127,32188.26,23434.937
688573.SH,20231103,30.18,31.24,30.02,30.91,29.81,1.1,3.69,7930.13,24455.49
688575.SH,20231103,22.66,22.79,21.0,21.8,22.67,-0.87,-3.8377,76005.74,167228.516
688576.SH,20231103,88.02,92.26,88.02,90.46,88.09,2.37,2.6904,3786.92,34298.843
688577.SH,20231103,42.69,45.09,42.33,44.76,42.33,2.43,5.7406,6604.77,29221.583
688578.SH,20231103,36.31,37.1,36.13,36.7,36.67,0.03,0.0818,30602.31,112634.917
688579.SH,20231103,11.58,11.89,11.55,11.75,11.63,0.12,1.0318,74475.12,87344.438
688580.SH,20231103,59.63,62.48,59.63,61.38,59.46,1.92,3.2291,6667.62,40990.322
688581.SH,20231103,115.65,118.0,113.59,116.78,115.45,1.33,1.152,4783.49,55586.4
688582.SH,20231103,37.58,39.36,37.2,38.18,36.51,1.67,4.5741,32448.95,124368.073
688585.SH,20231103,8.32,8.49,8.29,8.42,8.3,0.12,1.4458,10697.81,9004.212
688586.SH,20231103,11.32,11.58,11.26,11.54,11.22,0.32,2.852,42692.19,49036.393
688588.SH,20231103,11.04,11.45,11.04,11.37,11.02,0.35,3.176,53646.48,60876.211
688589.SH,20231103,40.45,41.91,40.15,41.73,40.28,1.45,3.5998,19739.97,81722.009
688590.SH,20231103,16.43,18.49,16.43,17.45,16.4,1.05,6.4024,134969.18,236407.669
688591.SH,20231103,29.63,30.86,29.63,30.78,29.43,1.35,4.5872,45196.72,137956.505
688592.SH,20231103,54.27,57.18,54.27,56.29,54.1,2.19,4.0481,19094.15,107171.171
688593.SH,20231103,14.67,15.25,14.67,15.18,14.66,0.52,3.5471,26330.03,39653.503
688595.SH,20231103,38.23,41.19,38.02,40.14,38.42,1.72,4.4768,48222.74,192130.06
688596.SH,20231103,36.76,37.54,36.37,37.28,36.65,0.63,1.719,36341.2,134318.425
688597.SH,20231103,8.71,8.91,8.66,8.83,8.66,0.17,1.963,19913.0,17580.817
688598.SH,20231103,73.0,76.93,72.8,76.5,73.0,3.5,4.7945,20374.28,153401.924
688599.SH,20231103,28.38,29.5,28.38,29.06,28.3,0.76,2.6855,205306.29,597607.402
688600.SH,20231103,17.95,18.81,17.87,18.53,17.87,0.66,3.6933,14449.15,26762.84
688601.SH,20231103,57.75,61.03,57.07,60.44,57.34,3.1,5.4063,25165.91,149160.095
688602.SH,20231103,11.84,12.11,11.72,11.99,11.68,0.31,2.6541,45704.7,54592.766
688603.SH,20231103,72.0,77.78,71.48,75.72,71.48,4.24,5.9317,3698.66,27702.087
688606.SH,20231103,77.1,78.06,76.05,77.25,77.22,0.03,0.0389,10664.5,82285.519
688607.SH,20231103,19.99,20.24,19.72,19.84,19.97,-0.13,-0.651,13744.16,27466.614
688608.SH,20231103,123.63,126.38,123.4,125.29,123.31,1.98,1.6057,9185.99,115063.486
000888.SZ,20231103,9.35,9.43,9.31,9.4,9.35,0.05,0.5348,42620.46,40037.566
000889.SZ,20231103,1.9,1.94,1.88,1.94,1.86,0.08,4.3011,204746.2,39199.996
000890.SZ,20231103,4.69,4.75,4.64,4.66,4.68,-0.02,-0.4274,129946.68,60834.891
000892.SZ,20231103,3.89,3.94,3.79,3.85,3.9,-0.05,-1.2821,258012.02,99219.494
000893.SZ,20231103,28.74,28.98,28.5,28.7,28.69,0.01,0.0349,58586.9,168560.944
000895.SZ,20231103,26.35,26.52,26.22,26.31,26.35,-0.04,-0.1518,67995.15,179320.019
000897.SZ,20231103,2.24,2.26,2.21,2.23,2.24,-0.01,-0.4464,294083.41,65456.723
000898.SZ,20231103,2.62,2.65,2.59,2.6,2.62,-0.02,-0.7634,299720.73,78351.209
000899.SZ,20231103,8.27,8.91,8.21,8.73,8.33,0.4,4.8019,467416.98,394225.005
000900.SZ,20231103,4.04,4.06,4.02,4.04,4.05,-0.01,-0.2469,73322.87,29660.244
000901.SZ,20231103,9.54,9.84,9.53,9.75,9.53,0.22,2.3085,92493.5,90223.681
000902.SZ,20231103,11.48,11.59,11.47,11.5,11.49,0.01,0.087,42360.75,48837.062
000903.SZ,20231103,2.46,2.5,2.46,2.47,2.45,0.02,0.8163,168928.42,41881.295
000905.SZ,20231103,7.01,7.08,6.96,7.06,6.99,0.07,1.0014,57212.07,40214.745
000906.SZ,20231103,7.18,7.26,7.17,7.18,7.18,0.0,0.0,57283.68,41337.333
000908.SZ,20231103,3.31,3.34,3.2,3.22,3.31,-0.09,-2.719,346102.54,112903.858
000909.SZ,20231103,5.72,5.82,5.72,5.8,5.76,0.04,0.6944,25307.11,14655.949
000910.SZ,20231103,7.95,8.01,7.89,7.9,7.93,-0.03,-0.3783,32616.3,25874.411
000911.SZ,20231103,8.99,9.09,8.98,9.01,9.01,0.0,0.0,33214.0,29947.229
000912.SZ,20231103,4.36,4.4,4.34,4.37,4.33,0.04,0.9238,63005.29,27566.162
000913.SZ,20231103,13.17,13.56,13.01,13.48,13.15,0.33,2.5095,120886.72,161592.101
000915.SZ,20231103,32.5,33.05,32.5,32.61,32.72,-0.11,-0.3362,15842.76,51994.818
000917.SZ,20231103,6.4,6.4,5.94,6.1,6.22,-0.12,-1.9293,1641144.91,1011455.611
000919.SZ,20231103,8.14,8.25,8.1,8.12,8.12,0.0,0.0,56743.0,46396.466
000920.SZ,20231103,8.96,9.07,8.95,9.01,8.93,0.08,0.8959,31804.0,28698.736
000921.SZ,20231103,23.26,23.7,23.1,23.2,23.34,-0.14,-0.5998,52434.61,122473.414
000922.SZ,20231103,9.69,10.04,9.69,9.95,9.65,0.3,3.1088,151226.66,150230.715
000923.SZ,20231103,16.31,16.52,16.18,16.21,16.21,0.0,0.0,61375.53,100207.125
000925.SZ,20231103,7.74,8.01,7.74,7.99,7.72,0.27,3.4974,175510.48,139490.789
000926.SZ,20231103,4.43,4.45,4.31,4.32,4.4,-0.08,-1.8182,196587.0,85333.123
000927.SZ,20231103,2.64,2.66,2.64,2.65,2.64,0.01,0.3788,114225.0,30305.049
000928.SZ,20231103,6.12,6.22,6.12,6.15,6.12,0.03,0.4902,227739.34,140504.17
000929.SZ,20231103,9.8,10.01,9.8,9.88,9.82,0.06,0.611,25198.0,24991.532
000930.SZ,20231103,6.9,6.94,6.8,6.88,6.91,-0.03,-0.4342,57345.21,39581.653
000931.SZ,20231103,6.12,6.16,6.08,6.1,6.12,-0.02,-0.3268,53116.52,32481.708
000932.SZ,20231103,5.71,5.79,5.66,5.66,5.69,-0.03,-0.5272,463539.59,264653.794
000933.SZ,20231103,16.29,16.41,15.73,15.85,16.2,-0.35,-2.1605,263875.35,419954.649
000935.SZ,20231103,15.16,15.37,15.11,15.27,15.18,0.09,0.5929,23628.64,36125.278
000936.SZ,20231103,8.04,8.34,8.04,8.28,8.09,0.19,2.3486,404685.12,333608.113
000937.SZ,20231103,6.35,6.41,6.34,6.35,6.32,0.03,0.4747,208060.77,132498.088
000938.SZ,20231103,19.32,19.9,19.3,19.81,19.32,0.49,2.5362,491614.12,966529.426
002512.SZ,20231103,4.8,4.95,4.8,4.91,4.78,0.13,2.7197,543785.06,266507.104
002513.SZ,20231103,7.18,7.75,7.17,7.55,7.07,0.48,6.7893,217124.0,162628.592
002514.SZ,20231103,8.4,8.58,8.38,8.53,8.4,0.13,1.5476,221613.0,188771.735
002515.SZ,20231103,5.13,5.18,5.07,5.15,5.1,0.05,0.9804,82994.3,42686.695
002516.SZ,20231103,5.05,5.1,5.04,5.06,5.05,0.01,0.198,139045.0,70487.816
002517.SZ,20231103,11.05,11.18,10.76,11.05,11.03,0.02,0.1813,404629.89,445863.866
002518.SZ,20231103,24.65,27.08,24.65,27.08,24.62,2.46,9.9919,299015.24,799099.648
002519.SZ,20231103,5.9,5.96,5.8,5.92,5.91,0.01,0.1692,430044.37,253608.557
002520.SZ,20231103,5.43,5.62,5.43,5.58,5.35,0.23,4.2991,190210.35,105539.534
002521.SZ,20231103,7.85,8.0,7.82,7.87,7.87,0.0,0.0,80076.27,63222.037
002522.SZ,20231103,4.69,4.76,4.69,4.74,4.71,0.03,0.6369,50624.99,24028.066
002523.SZ,20231103,2.7,2.8,2.69,2.75,2.69,0.06,2.2305,182902.44,50408.646
002524.SZ,20231103,7.05,7.09,7.02,7.03,7.06,-0.03,-0.4249,33376.0,23543.868
002526.SZ,20231103,2.53,2.6,2.52,2.59,2.51,0.08,3.1873,628745.75,161918.808
002527.SZ,20231103,10.74,11.13,10.56,11.13,10.12,1.01,9.9802,755368.52,820924.396
002528.SZ,20231103,8.2,8.3,8.14,8.27,8.15,0.12,1.4724,194078.57,159843.102
002529.SZ,20231103,11.17,11.49,11.12,11.38,11.18,0.2,1.7889,28951.5,33016.892
002530.SZ,20231103,8.9,9.03,8.78,9.02,8.9,0.12,1.3483,354663.29,317383.261
002531.SZ,20231103,13.83,14.28,13.8,13.92,13.82,0.1,0.7236,247426.1,347485.63
002532.SZ,20231103,6.52,6.54,6.42,6.44,6.52,-0.08,-1.227,196910.0,127298.195
002533.SZ,20231103,7.72,7.83,7.71,7.8,7.7,0.1,1.2987,101027.08,78672.409
002534.SZ,20231103,12.38,12.79,12.36,12.75,12.42,0.33,2.657,43049.87,54649.194
002535.SZ,20231103,4.76,4.99,4.76,4.9,4.72,0.18,3.8136,540050.08,264414.265
002536.SZ,20231103,15.95,16.5,15.63,16.12,15.83,0.29,1.832,606736.89,971785.598
002537.SZ,20231103,6.82,6.85,6.76,6.79,6.77,0.02,0.2954,115619.22,78671.608
002538.SZ,20231103,6.06,6.1,6.04,6.08,6.05,0.03,0.4959,39960.0,24309.727
002539.SZ,20231103,8.28,8.36,8.28,8.34,8.27,0.07,0.8464,52003.0,43398.979
002540.SZ,20231103,6.18,6.21,6.12,6.12,6.17,-0.05,-0.8104,90127.0,55425.528
002541.SZ,20231103,25.18,26.05,24.81,25.76,25.0,0.76,3.04,35091.51,90000.09
002542.SZ,20231103,2.56,2.59,2.56,2.58,2.57,0.01,0.3891,159685.56,41155.178
002543.SZ,20231103,8.35,8.42,8.31,8.34,8.34,0.0,0.0,32341.87,27018.419
002544.SZ,20231103,21.92,22.45,21.8,22.29,21.75,0.54,2.4828,68583.94,152573.754
002545.SZ,20231103,7.15,7.21,7.13,7.15,7.13,0.02,0.2805,39753.0,28517.959
002546.SZ,20231103,4.77,4.88,4.76,4.85,4.77,0.08,1.6771,118377.0,57398.221
002547.SZ,20231103,4.65,4.76,4.65,4.72,4.65,0.07,1.5054,260571.39,123026.047
002548.SZ,20231103,6.08,6.31,6.08,6.27,6.11,0.16,2.6187,142529.3,88952.546
002549.SZ,20231103,10.85,11.0,10.78,10.93,10.78,0.15,1.3915,61562.0,67057.637
002550.SZ,20231103,5.36,5.4,5.32,5.33,5.37,-0.04,-0.7449,102852.0,55081.583
002551.SZ,20231103,4.21,4.24,4.15,4.16,4.21,-0.05,-1.1876,88226.3,37011.981
002552.SZ,20231103,15.08,15.5,15.07,15.41,15.16,0.25,1.6491,18799.02,28861.405
002553.SZ,20231103,12.47,12.78,12.22,12.56,12.03,0.53,4.4057,321330.36,402817.753
300170.SZ,20231103,8.19,8.75,8.17,8.5,8.16,0.34,4.1667,380695.32,323057.552
300171.SZ,20231103,18.83,19.1,18.6,18.96,18.66,0.3,1.6077,73169.62,138477.875
300172.SZ,20231103,5.9,6.04,5.88,5.91,5.91,0.0,0.0,281760.3,167626.685
300173.SZ,20231103,4.66,4.77,4.65,4.72,4.65,0.07,1.5054,241285.24,114002.39
300174.SZ,20231103,15.05,15.31,15.02,15.23,15.08,0.15,0.9947,14778.93,22517.834
300175.SZ,20231103,5.18,5.29,5.05,5.18,5.15,0.03,0.5825,289439.04,148970.92
300176.SZ,20231103,7.16,7.23,6.97,7.01,7.08,-0.07,-0.9887,158331.32,111538.756
300177.SZ,20231103,7.18,7.58,7.15,7.52,7.15,0.37,5.1748,227306.87,169339.583
300179.SZ,20231103,8.62,8.82,8.6,8.74,8.58,0.16,1.8648,24269.8,21246.559
300180.SZ,20231103,4.72,4.98,4.72,4.93,4.68,0.25,5.3419,1627637.64,792527.689
300181.SZ,20231103,10.33,10.43,10.26,10.28,10.27,0.01,0.0974,88342.0,91208.93
300182.SZ,20231103,5.0,5.28,4.96,5.13,5.04,0.09,1.7857,1360465.11,696637.166
300183.SZ,20231103,14.87,15.7,14.76,15.36,14.86,0.5,3.3647,124208.56,189911.132
300184.SZ,20231103,5.39,5.59,5.36,5.58,5.35,0.23,4.2991,568072.6,313266.713
300185.SZ,20231103,2.47,2.51,2.46,2.5,2.46,0.04,1.626,298967.71,74651.451
300187.SZ,20231103,5.61,5.68,5.6,5.61,5.61,0.0,0.0,22928.0,12926.477
300188.SZ,20231103,14.82,15.16,14.78,14.95,14.7,0.25,1.7007,83098.61,124689.103
300189.SZ,20231103,3.34,3.38,3.34,3.35,3.34,0.01,0.2994,179779.92,60371.249
300190.SZ,20231103,4.29,4.35,4.27,4.31,4.29,0.02,0.4662,53126.63,22964.272
300191.SZ,20231103,17.28,17.5,17.28,17.39,17.28,0.11,0.6366,16134.0,28080.17
300192.SZ,20231103,9.34,9.5,9.28,9.47,9.34,0.13,1.3919,116721.0,109833.339
300193.SZ,20231103,7.44,7.86,7.44,7.79,7.4,0.39,5.2703,165365.33,128071.191
300194.SZ,20231103,4.69,4.7,4.61,4.63,4.65,-0.02,-0.4301,301356.96,140281.233
300195.SZ,20231103,6.26,6.36,6.21,6.28,6.2,0.08,1.2903,86800.0,54737.704
300196.SZ,20231103,12.33,12.47,12.23,12.42,12.25,0.17,1.3878,17870.0,22161.619
300197.SZ,20231103,2.27,2.31,2.27,2.3,2.27,0.03,1.3216,124285.5,28515.874
300198.SZ,20231103,2.69,2.75,2.69,2.71,2.7,0.01,0.3704,172303.0,47024.421
300199.SZ,20231103,15.51,18.45,15.45,17.73,16.25,1.48,9.1077,1502694.98,2568075.542
300200.SZ,20231103,8.82,9.0,8.8,8.98,8.79,0.19,2.1615,97246.0,86837.423
300201.SZ,20231103,4.55,4.68,4.55,4.62,4.54,0.08,1.7621,164762.2,76398.071
300203.SZ,20231103,18.19,18.38,17.77,17.91,18.18,-0.27,-1.4851,67040.0,119986.25
300204.SZ,20231103,10.55,10.68,10.39,10.39,10.56,-0.17,-1.6098,66711.0,70231.63
300205.SZ,20231103,11.01,11.42,10.95,11.35,11.03,0.32,2.9012,46684.91,52619.656
300206.SZ,20231103,10.66,10.79,10.6,10.65,10.67,-0.02,-0.1874,41246.19,44071.069
300207.SZ,20231103,15.33,15.7,15.33,15.61,15.34,0.27,1.7601,245263.01,381506.773
300208.SZ,20231103,7.0,7.21,6.99,7.13,6.99,0.14,2.0029,49463.08,35350.35
300209.SZ,20231103,3.1,3.16,3.05,3.09,3.1,-0.01,-0.3226,112333.15,34758.266
300210.SZ,20231103,7.58,8.19,7.01,7.3,6.86,0.44,6.414,1439206.51,1089620.525
300211.SZ,20231103,9.6,9.9,9.46,9.78,9.5,0.28,2.9474,55234.0,53795.576
300212.SZ,20231103,28.44,28.98,28.15,28.83,28.45,0.38,1.3357,135816.79,389390.23
300213.SZ,20231103,6.96,7.2,6.96,7.09,6.96,0.13,1.8678,264619.0,188613.472
300858.SZ,20231103,19.68,19.97,19.46,19.61,19.73,-0.12,-0.6082,22820.47,44899.281
300859.SZ,20231103,25.76,25.99,25.6,25.62,25.73,-0.11,-0.4275,16483.0,42511.357
300860.SZ,20231103,49.1,49.74,48.6,49.19,48.95,0.24,0.4903,5984.2,29478.117
300861.SZ,20231103,38.9,39.4,38.68,39.09,38.89,0.2,0.5143,26324.13,102926.623
300862.SZ,20231103,26.9,27.6,26.9,27.25,26.9,0.35,1.3011,9997.0,27280.139
300863.SZ,20231103,49.4,50.85,49.24,50.05,50.01,0.04,0.08,21597.55,108073.179
300864.SZ,20231103,22.45,22.76,22.31,22.45,22.46,-0.01,-0.0445,6679.4,15074.737
300865.SZ,20231103,21.36,22.2,21.36,21.88,21.39,0.49,2.2908,8247.0,18037.251
300866.SZ,20231103,89.41,91.18,89.41,90.02,89.18,0.84,0.9419,23374.25,211171.248
300867.SZ,20231103,15.5,15.68,15.43,15.59,15.45,0.14,0.9061,11552.33,18054.812
300868.SZ,20231103,20.86,21.54,20.86,21.41,20.88,0.53,2.5383,26438.0,56485.986
300869.SZ,20231103,21.65,21.82,21.6,21.6,21.57,0.03,0.1391,18808.74,40805.314
300870.SZ,20231103,46.21,47.55,46.21,47.34,46.21,1.13,2.4454,8629.0,40613.576
300871.SZ,20231103,14.7,14.94,14.6,14.84,14.75,0.09,0.6102,12247.71,18203.776
300872.SZ,20231103,13.67,13.93,13.63,13.82,13.62,0.2,1.4684,33343.4,46062.876
300873.SZ,20231103,21.6,22.36,21.25,22.03,21.89,0.14,0.6396,70465.11,153276.53
300875.SZ,20231103,32.06,32.93,32.03,32.84,32.03,0.81,2.5289,28026.39,91657.689
300876.SZ,20231103,25.2,25.87,25.11,25.54,25.23,0.31,1.2287,5508.89,14145.403
300877.SZ,20231103,18.11,18.19,17.93,18.02,18.05,-0.03,-0.1662,11044.0,19922.727
300878.SZ,20231103,24.01,25.18,23.89,25.16,24.01,1.15,4.7897,25398.27,61974.299
300879.SZ,20231103,17.18,17.62,17.1,17.3,16.99,0.31,1.8246,31852.0,55305.975
300880.SZ,20231103,18.35,19.15,18.35,19.09,18.38,0.71,3.8629,39693.32,75233.863
300881.SZ,20231103,26.78,27.4,26.78,27.11,26.8,0.31,1.1567,11263.23,30640.259
300882.SZ,20231103,21.98,22.55,21.98,22.38,21.98,0.4,1.8198,25580.71,57307.95
300883.SZ,20231103,7.02,7.26,6.96,6.99,7.06,-0.07,-0.9915,212169.34,149771.434
300884.SZ,20231103,11.14,11.69,11.1,11.6,11.09,0.51,4.5987,57200.61,65869.815
300885.SZ,20231103,9.93,10.07,9.85,9.97,9.8,0.17,1.7347,53593.63,53517.899
300886.SZ,20231103,24.12,24.42,23.89,24.28,23.9,0.38,1.59,4557.3,11075.851
300887.SZ,20231103,13.16,13.56,13.14,13.5,13.23,0.27,2.0408,64838.98,87107.095
300888.SZ,20231103,40.28,40.77,40.15,40.4,40.27,0.13,0.3228,12060.2,48858.371
300889.SZ,20231103,15.78,16.01,15.75,15.9,15.79,0.11,0.6966,15309.85,24362.858
300890.SZ,20231103,34.69,35.24,34.6,35.02,34.63,0.39,1.1262,19198.0,67250.013
300891.SZ,20231103,9.91,9.91,9.76,9.8,9.83,-0.03,-0.3052,15936.0,15637.489
300892.SZ,20231103,23.79,24.33,23.75,23.97,23.72,0.25,1.054,8765.0,21099.229
300893.SZ,20231103,28.88,29.18,28.7,29.12,28.85,0.27,0.9359,10371.43,30106.907
300894.SZ,20231103,17.58,18.05,17.54,17.91,17.58,0.33,1.8771,31635.3,56634.23
300895.SZ,20231103,31.6,32.57,31.6,32.39,31.57,0.82,2.5974,26183.2,84321.676
300896.SZ,20231103,316.99,328.09,316.2,326.82,317.09,9.73,3.0685,17904.17,580513.193
300897.SZ,20231103,33.0,34.15,32.97,33.84,32.97,0.87,2.6388,10144.0,34358.457
300898.SZ,20231103,23.18,23.8,23.11,23.48,23.21,0.27,1.1633,20428.08,48161.152
300899.SZ,20231103,27.53,27.98,27.19,27.34,27.6,-0.26,-0.942,7506.38,20668.872
600193.SH,20231103,5.17,5.24,5.15,5.18,5.17,0.01,0.1934,25301.0,13141.87
600195.SH,20231103,11.11,11.15,10.97,11.02,11.02,0.0,0.0,48865.0,53916.85
600196.SH,20231103,28.33,28.57,28.32,28.39,28.32,0.07,0.2472,91037.61,258742.472
600197.SH,20231103,21.75,22.41,21.73,22.18,21.94,0.24,1.0939,95891.57,212684.844
600198.SH,20231103,6.88,7.04,6.84,6.97,6.86,0.11,1.6035,143278.0,99660.636
600199.SH,20231103,22.33,23.15,22.33,22.84,22.33,0.51,2.2839,121637.09,277321.608
600200.SH,20231103,9.39,9.44,9.03,9.09,9.44,-0.35,-3.7076,954457.42,877456.243
600201.SH,20231103,9.39,9.5,9.37,9.42,9.39,0.03,0.3195,69623.25,65790.959
600202.SH,20231103,5.65,5.74,5.63,5.65,5.62,0.03,0.5338,98366.8,55939.965
600203.SH,20231103,8.49,9.19,8.41,8.56,8.78,-0.22,-2.5057,756957.87,664075.313
600206.SH,20231103,12.46,12.72,12.43,12.66,12.43,0.23,1.8504,73244.64,92537.794
600207.SH,20231103,4.72,4.8,4.69,4.77,4.7,0.07,1.4894,47288.0,22561.121
600208.SH,20231103,2.36,2.38,2.35,2.36,2.36,0.0,0.0,362995.7,85862.955
600210.SH,20231103,4.82,4.92,4.82,4.88,4.83,0.05,1.0352,271209.69,132207.942
600211.SH,20231103,49.6,50.3,49.11,49.8,49.54,0.26,0.5248,24396.05,121669.323
600212.SH,20231103,7.32,7.46,7.28,7.31,7.27,0.04,0.5502,62567.0,46044.912
600213.SH,20231103,9.39,9.42,9.23,9.38,9.4,-0.02,-0.2128,55717.27,52068.038
600215.SH,20231103,8.66,9.04,8.66,8.88,8.57,0.31,3.6173,85802.0,76254.033
600216.SH,20231103,10.85,10.99,10.82,10.91,10.89,0.02,0.1837,67021.61,73214.433
600217.SH,20231103,4.65,4.68,4.64,4.65,4.64,0.01,0.2155,44391.0,20680.221
600218.SH,20231103,8.47,8.5,8.39,8.47,8.41,0.06,0.7134,33254.0,28127.385
600219.SH,20231103,3.09,3.11,3.05,3.06,3.08,-0.02,-0.6494,451988.77,138908.378
600220.SH,20231103,2.1,2.13,2.1,2.1,2.1,0.0,0.0,121580.0,25691.138
600221.SH,20231103,1.44,1.45,1.43,1.45,1.43,0.02,1.3986,609385.44,87822.25
600222.SH,20231103,6.28,6.37,6.16,6.21,6.38,-0.17,-2.6646,430062.11,268249.255
600223.SH,20231103,10.34,10.37,9.95,10.01,10.34,-0.33,-3.1915,170225.71,172349.107
600225.SH,20231103,4.1,4.23,4.09,4.19,4.09,0.1,2.445,239070.28,100071.61
600226.SH,20231103,2.59,2.71,2.58,2.65,2.57,0.08,3.1128,515650.59,137021.215
600227.SH,20231103,2.89,2.94,2.87,2.88,2.89,-0.01,-0.346,126871.01,36791.923
600228.SH,20231103,7.76,7.92,7.7,7.87,7.8,0.07,0.8974,58624.0,45879.142
600229.SH,20231103,7.41,7.47,7.34,7.42,7.42,0.0,0.0,70046.51,51938.817
600230.SH,20231103,13.91,14.11,13.88,14.08,13.92,0.16,1.1494,20820.14,29205.169
600231.SH,20231103,2.3,2.32,2.25,2.26,2.3,-0.04,-1.7391,104476.1,23784.393
600232.SH,20231103,5.76,5.85,5.75,5.78,5.77,0.01,0.1733,53514.18,31128.568
600233.SH,20231103,13.47,13.74,13.4,13.73,13.46,0.27,2.0059,70522.63,96393.74
600234.SH,20231103,7.34,7.64,7.3,7.41,7.32,0.09,1.2295,30629.0,22991.41
600235.SH,20231103,5.86,5.92,5.81,5.83,5.87,-0.04,-0.6814,41532.05,24381.762
600236.SH,20231103,5.65,5.66,5.56,5.58,5.62,-0.04,-0.7117,84803.4,47488.937
600237.SH,20231103,7.19,7.5,7.19,7.47,7.18,0.29,4.039,150568.72,111361.159
600238.SH,20231103,9.52,10.4,9.51,10.05,9.51,0.54,5.6782,206934.42,207862.623
600239.SH,20231103,2.83,2.9,2.75,2.81,2.93,-0.12,-4.0956,1402657.64,394266.209
601068.SH,20231103,4.76,4.8,4.74,4.78,4.76,0.02,0.4202,58933.0,28156.713
601069.SH,20231103,12.61,12.72,12.61,12.69,12.68,0.01,0.0789,48530.59,61446.549
601077.SH,20231103,4.16,4.18,4.11,4.13,4.17,-0.04,-0.9592,566857.43,234699.414
601086.SH,20231103,5.28,5.33,5.28,5.29,5.29,0.0,0.0,62799.0,33299.033
601088.SH,20231103,30.63,30.93,30.28,30.37,30.49,-0.12,-0.3936,131989.63,402768.066
601089.SH,20231103,18.0,18.2,17.95,18.16,18.05,0.11,0.6094,20565.0,37198.805
601098.SH,20231103,11.45,11.47,11.26,11.28,11.44,-0.16,-1.3986,94561.01,107430.453
601099.SH,20231103,3.65,3.71,3.62,3.66,3.65,0.01,0.274,3126254.18,1145574.108
601100.SH,20231103,55.02,57.22,55.02,57.06,55.16,1.9,3.4445,48338.79,273631.353
601101.SH,20231103,5.68,5.78,5.68,5.72,5.67,0.05,0.8818,90524.04,51798.61
601106.SH,20231103,2.89,2.93,2.89,2.9,2.89,0.01,0.346,192158.0,55879.42
601107.SH,20231103,3.98,4.0,3.95,3.97,3.98,-0.01,-0.2513,83783.0,33282.908
601108.SH,20231103,7.82,7.97,7.8,7.91,7.79,0.12,1.5404,340852.31,269190.32
601111.SH,20231103,7.8,7.91,7.8,7.84,7.82,0.02,0.2558,307035.0,241000.174
601113.SH,20231103,3.43,3.46,3.39,3.43,3.43,0.0,0.0,106003.46,36270.489
601116.SH,20231103,10.94,11.16,10.91,11.11,10.97,0.14,1.2762,30297.0,33590.502
601117.SH,20231103,6.91,7.0,6.91,6.96,6.9,0.06,0.8696,321625.68,223695.158
601118.SH,20231103,4.46,4.51,4.46,4.48,4.45,0.03,0.6742,183979.74,82637.094
601121.SH,20231103,7.17,7.22,7.15,7.17,7.18,-0.01,-0.1393,43296.48,31129.524
601126.SH,20231103,13.77,14.13,13.77,14.03,13.77,0.26,1.8882,70274.0,98566.97
601127.SH,20231103,83.84,89.0,82.84,89.0,85.13,3.87,4.546,931119.49,8030172.567
601128.SH,20231103,7.36,7.38,7.26,7.26,7.34,-0.08,-1.0899,230452.01,167922.759
601133.SH,20231103,12.78,13.57,12.78,13.49,12.88,0.61,4.736,113929.26,151592.84
601136.SH,20231103,21.9,22.3,21.37,21.97,22.02,-0.05,-0.2271,320834.24,700877.267
601137.SH,20231103,15.39,15.6,15.37,15.43,15.3,0.13,0.8497,65896.04,102133.588
601138.SH,20231103,14.68,14.92,14.59,14.75,14.6,0.15,1.0274,780844.21,1155544.925
601139.SH,20231103,6.76,6.82,6.76,6.76,6.77,-0.01,-0.1477,62983.5,42714.242
601155.SH,20231103,11.72,11.83,11.65,11.76,11.73,0.03,0.2558,98571.38,115855.426
601156.SH,20231103,11.56,11.6,11.49,11.57,11.52,0.05,0.434,37617.0,43480.393
601158.SH,20231103,5.62,5.63,5.5,5.51,5.62,-0.11,-1.9573,94671.65,52553.911
601162.SH,20231103,3.17,3.21,3.16,3.19,3.16,0.03,0.9494,1362041.69,433355.299
601163.SH,20231103,14.86,14.98,14.83,14.94,14.82,0.12,0.8097,30886.51,46091.077
601166.SH,20231103,15.26,15.28,15.17,15.2,15.25,-0.05,-0.3279,373637.03,568410.619
601168.SH,20231103,12.67,12.77,12.42,12.45,12.65,-0.2,-1.581,245899.0,309097.717
601169.SH,20231103,4.55,4.56,4.52,4.53,4.55,-0.02,-0.4396,564623.74,256026.225
601177.SH,20231103,9.1,9.31,9.1,9.23,9.07,0.16,1.7641,28342.0,26199.804
601179.SH,20231103,4.6,4.67,4.6,4.63,4.6,0.03,0.6522,133432.09,62027.296
601186.SH,20231103,7.9,7.93,7.87,7.89,7.9,-0.01,-0.1266,423455.8,334133.544
601187.SH,20231103,5.4,5.41,5.32,5.33,5.39,-0.06,-1.1132,123063.6,65835.31
601188.SH,20231103,3.85,3.88,3.79,3.81,3.87,-0.06,-1.5504,300461.4,114844.419
601198.SH,20231103,8.0,8.1,7.97,8.04,8.01,0.03,0.3745,198679.0,159681.044
603882.SH,20231103,63.35,66.07,63.17,65.08,63.4,1.68,2.6498,23171.0,151132.586
603883.SH,20231103,26.16,27.44,25.96,26.96,25.96,1.0,3.8521,84319.39,226545.535
603885.SH,20231103,14.17,14.21,14.02,14.05,14.1,-0.05,-0.3546,45804.08,64568.384
603886.SH,20231103,18.98,19.24,18.77,19.12,19.0,0.12,0.6316,18232.0,34803.686
603887.SH,20231103,7.79,7.86,7.68,7.8,7.77,0.03,0.3861,79170.2,61575.194
603888.SH,20231103,25.52,25.88,25.1,25.53,25.71,-0.18,-0.7001,94461.3,241372.311
603889.SH,20231103,6.84,6.9,6.81,6.83,6.85,-0.02,-0.292,28442.36,19499.509
603890.SH,20231103,10.53,11.3,10.41,10.86,10.58,0.28,2.6465,263430.23,285927.353
603893.SH,20231103,64.8,67.8,64.8,66.99,64.53,2.46,3.8122,49009.06,326912.431
603895.SH,20231103,22.72,23.59,22.6,23.4,22.38,1.02,4.5576,22671.0,52842.114
603896.SH,20231103,36.39,37.7,36.31,37.41,36.5,0.91,2.4932,20627.2,76961.214
603897.SH,20231103,18.6,18.77,18.5,18.73,18.54,0.19,1.0248,23292.23,43547.937
603898.SH,20231103,10.87,11.16,10.8,11.02,10.83,0.19,1.7544,13629.0,15045.262
603899.SH,20231103,39.13,40.58,38.91,40.29,39.13,1.16,2.9645,53891.76,216857.161
603900.SH,20231103,6.41,6.47,6.37,6.4,6.43,-0.03,-0.4666,28557.2,18333.008
603901.SH,20231103,11.54,11.96,11.53,11.82,11.58,0.24,2.0725,24799.71,29412.897
603903.SH,20231103,9.74,9.85,9.67,9.74,9.69,0.05,0.516,26703.44,26074.989
603906.SH,20231103,12.31,12.7,12.31,12.58,12.35,0.23,1.8623,88882.13,111647.472
603908.SH,20231103,39.8,40.56,39.6,40.12,39.8,0.32,0.804,5424.0,21796.678
603909.SH,20231103,11.41,11.62,11.41,11.57,11.42,0.15,1.3135,11093.48,12799.833
603912.SH,20231103,9.8,9.85,9.6,9.67,9.67,0.0,0.0,279885.22,272271.633
603915.SH,20231103,16.77,17.3,16.4,17.19,16.25,0.94,5.7846,106992.26,181668.169
603916.SH,20231103,11.75,11.93,11.7,11.84,11.75,0.09,0.766,16737.03,19853.652
603917.SH,20231103,18.23,18.76,18.18,18.54,18.23,0.31,1.7005,19394.8,35946.696
603918.SH,20231103,19.85,20.06,19.59,19.85,19.64,0.21,1.0692,198485.0,393906.499
603919.SH,20231103,27.04,27.69,27.04,27.15,27.22,-0.07,-0.2572,27533.85,75250.435
603920.SH,20231103,17.25,17.98,17.25,17.9,17.2,0.7,4.0698,74958.05,133140.693
603922.SH,20231103,24.81,25.45,24.81,25.17,25.15,0.02,0.0795,4494.23,11335.396
603926.SH,20231103,11.38,11.84,11.27,11.7,11.48,0.22,1.9164,105703.75,122436.377
603927.SH,20231103,30.18,30.8,30.12,30.5,30.18,0.32,1.0603,40539.0,123953.361
603928.SH,20231103,12.31,12.54,12.28,12.45,12.31,0.14,1.1373,14675.08,18281.198
603929.SH,20231103,22.0,25.85,22.0,25.85,23.5,2.35,10.0,276038.68,657890.098
603931.SH,20231103,29.18,30.09,29.0,29.88,29.3,0.58,1.9795,10079.16,29991.069
603933.SH,20231103,15.48,16.37,15.48,16.31,15.5,0.81,5.2258,75887.0,122388.789
603936.SH,20231103,10.25,10.85,10.24,10.75,10.24,0.51,4.9805,169336.96,179809.336
603937.SH,20231103,12.76,12.81,12.61,12.76,12.71,0.05,0.3934,13874.0,17715.599
603938.SH,20231103,17.3,17.41,17.15,17.35,16.96,0.39,2.2995,21036.96,36431.182
603939.SH,20231103,34.82,36.25,34.48,35.78,34.48,1.3,3.7703,120761.97,430045.604
603948.SH,20231103,22.27,22.85,22.26,22.65,22.4,0.25,1.1161,10813.0,24475.931
603949.SH,20231103,25.1,25.38,25.01,25.28,25.15,0.13,0.5169,17531.0,44124.372
603950.SH,20231103,13.98,14.35,13.98,14.27,14.12,0.15,1.0623,31936.6,45471.953
688609.SH,20231103,8.98,9.22,8.95,9.15,8.91,0.24,2.6936,122273.12,111682.683
688610.SH,20231103,45.79,47.04,44.94,46.91,45.11,1.8,3.9902,5735.5,26676.465
688611.SH,20231103,30.51,32.13,30.51,31.55,30.4,1.15,3.7829,5401.4,17018.475
688612.SH,20231103,35.4,36.85,35.38,36.56,35.3,1.26,3.5694,17716.34,64258.704
688613.SH,20231103,22.66,23.36,22.6,23.23,22.65,0.58,2.5607,21305.8,49063.521
688616.SH,20231103,13.28,13.35,13.1,13.18,13.19,-0.01,-0.0758,19908.25,26380.264
688617.SH,20231103,356.77,362.85,351.8,355.04,355.0,0.04,0.0113,3421.48,122066.052
688618.SH,20231103,61.62,63.08,60.23,61.55,61.42,0.13,0.2117,3691.4,22834.625
688619.SH,20231103,13.36,13.82,13.34,13.75,13.33,0.42,3.1508,25425.43,34753.649
688620.SH,20231103,12.08,12.6,12.08,12.52,12.05,0.47,3.9004,52745.95,65640.934
688621.SH,20231103,65.79,66.4,64.98,65.77,65.66,0.11,0.1675,7563.77,49758.736
688622.SH,20231103,33.65,34.55,33.34,34.24,33.42,0.82,2.4536,4459.63,15256.02
688623.SH,20231103,74.5,75.88,73.98,75.52,73.86,1.66,2.2475,2749.06,20687.181
688625.SH,20231103,40.9,41.23,40.08,40.85,40.4,0.45,1.1139,4658.87,18990.162
688626.SH,20231103,49.59,50.41,49.14,49.38,49.75,-0.37,-0.7437,7010.64,34873.589
688627.SH,20231103,90.97,95.98,90.31,95.01,91.43,3.58,3.9156,14352.23,134701.004
688628.SH,20231103,39.52,40.54,39.42,39.8,39.7,0.1,0.2519,8517.11,33978.983
688629.SH,20231103,22.95,23.74,22.94,23.53,22.85,0.68,2.9759,47671.68,111653.697
688630.SH,20231103,75.91,81.81,75.0,81.28,75.53,5.75,7.6129,35391.83,278925.801
688631.SH,20231103,35.93,36.75,35.93,36.25,35.9,0.35,0.9749,7358.98,26787.528
688633.SH,20231103,31.58,32.76,31.58,32.38,31.52,0.86,2.7284,6601.53,21348.534
688636.SH,20231103,52.7,54.49,52.19,53.34,52.46,0.88,1.6775,18444.3,98576.253
688638.SH,20231103,59.1,60.06,59.1,59.68,58.76,0.92,1.5657,2449.64,14634.684
688639.SH,20231103,99.08,102.78,97.68,102.32,98.08,4.24,4.323,6944.01,70365.085
688646.SH,20231103,37.35,39.09,37.35,38.69,37.48,1.21,3.2284,10605.48,41071.06
688651.SH,20231103,47.85,49.5,47.56,49.42,47.56,1.86,3.9108,10841.08,52923.608
688655.SH,20231103,14.37,14.8,14.32,14.77,14.23,0.54,3.7948,17376.82,25500.475
688656.SH,20231103,39.52,39.7,39.03,39.1,39.12,-0.02,-0.0511,1714.4,6749.294
688657.SH,20231103,80.35,83.6,80.32,83.09,80.4,2.69,3.3458,5992.56,49578.89
688658.SH,20231103,18.99,19.14,18.61,18.77,18.95,-0.18,-0.9499,96464.56,182192.438
688659.SH,20231103,11.54,11.84,11.46,11.73,11.4,0.33,2.8947,27193.02,31838.365
688660.SH,20231103,5.0,5.06,4.98,5.05,4.98,0.07,1.4056,50921.11,25692.837
688661.SH,20231103,51.0,54.55,49.72,53.6,49.95,3.65,7.3073,31894.38,169217.017
688662.SH,20231103,34.8,38.19,34.8,37.69,35.0,2.69,7.6857,37953.68,141242.485
688663.SH,20231103,26.67,27.78,26.67,27.3,26.55,0.75,2.8249,21841.68,59683.757
688665.SH,20231103,78.25,79.85,77.69,79.11,78.25,0.86,1.099,4783.06,37717.626
688667.SH,20231103,87.38,96.19,87.09,94.18,87.38,6.8,7.7821,10636.78,98917.466
688668.SH,20231103,43.0,45.8,42.98,45.25,43.09,2.16,5.0128,39752.95,178928.035
688669.SH,20231103,18.19,18.64,18.19,18.57,18.19,0.38,2.0891,14366.34,26618.054
688670.SH,20231103,32.2,33.58,31.5,32.99,32.16,0.83,2.5808,17705.33,57916.466
688671.SH,20231103,39.1,41.05,39.1,40.49,39.08,1.41,3.608,13657.92,55203.002
688676.SH,20231103,33.28,33.28,32.04,32.31,32.6,-0.29,-0.8896,18539.76,60089.206
000948.SZ,20231103,16.01,16.3,15.95,16.25,15.98,0.27,1.6896,65795.88,106508.959
000949.SZ,20231103,3.36,3.39,3.31,3.32,3.36,-0.04,-1.1905,125464.29,42026.435
000950.SZ,20231103,5.16,5.26,5.14,5.18,5.15,0.03,0.5825,242610.49,126372.843
000951.SZ,20231103,14.66,14.82,14.55,14.65,14.56,0.09,0.6181,72447.24,106354.294
000952.SZ,20231103,7.95,8.07,7.95,7.99,7.95,0.04,0.5031,44479.8,35635.302
000953.SZ,20231103,5.76,5.79,5.71,5.76,5.73,0.03,0.5236,39105.0,22521.195
000955.SZ,20231103,4.89,4.95,4.81,4.9,4.89,0.01,0.2045,126841.0,62022.77
000957.SZ,20231103,10.21,10.31,10.13,10.24,10.26,-0.02,-0.1949,188307.9,192378.519
000958.SZ,20231103,4.15,4.19,4.13,4.15,4.14,0.01,0.2415,90898.0,37822.071
000959.SZ,20231103,3.85,3.87,3.73,3.73,3.83,-0.1,-2.611,255271.73,96386.495
000960.SZ,20231103,13.97,14.17,13.94,14.12,13.97,0.15,1.0737,112675.12,158773.28
000961.SZ,20231103,1.45,1.46,1.44,1.45,1.45,0.0,0.0,461580.45,66987.376
000962.SZ,20231103,12.37,12.61,12.31,12.47,12.36,0.11,0.89,102614.0,128200.917
000963.SZ,20231103,42.18,42.6,42.0,42.18,42.24,-0.06,-0.142,58398.9,246746.736
000965.SZ,20231103,3.38,3.4,3.35,3.36,3.39,-0.03,-0.885,121605.7,40958.555
000966.SZ,20231103,4.61,4.67,4.59,4.63,4.6,0.03,0.6522,92541.0,42954.938
000967.SZ,20231103,4.89,4.89,4.83,4.85,4.88,-0.03,-0.6148,76263.99,37129.752
000968.SZ,20231103,7.9,8.21,7.9,8.18,7.95,0.23,2.8931,223474.63,181258.309
000969.SZ,20231103,9.18,9.42,9.18,9.34,9.18,0.16,1.7429,188646.49,175823.564
000970.SZ,20231103,10.37,10.67,10.35,10.61,10.32,0.29,2.8101,119874.29,126705.287
000971.SZ,20231103,1.94,1.99,1.92,1.95,1.98,-0.03,-1.5152,94528.98,18445.032
000972.SZ,20231103,3.68,3.75,3.66,3.7,3.66,0.04,1.0929,80454.73,29887.112
000973.SZ,20231103,4.82,4.82,4.74,4.76,4.74,0.02,0.4219,153061.74,73139.219
000975.SZ,20231103,13.46,13.48,13.05,13.19,13.44,-0.25,-1.8601,344926.46,456478.292
000976.SZ,20231103,2.02,2.04,2.01,2.03,2.02,0.01,0.495,132721.0,26865.863
000977.SZ,20231103,29.11,30.38,29.11,30.17,29.07,1.1,3.784,932720.17,2791656.138
000978.SZ,20231103,6.77,6.84,6.73,6.79,6.74,0.05,0.7418,45132.47,30668.451
000980.SZ,20231103,3.58,3.64,3.51,3.61,3.59,0.02,0.5571,1612531.77,575870.704
000981.SZ,20231103,1.64,1.66,1.62,1.66,1.64,0.02,1.2195,778689.6,127629.516
000982.SZ,20231103,1.58,1.6,1.57,1.58,1.57,0.01,0.6369,450712.0,71533.404
000983.SZ,20231103,8.59,8.77,8.58,8.63,8.52,0.11,1.2911,482027.67,417249.883
000985.SZ,20231103,16.18,16.43,16.08,16.16,16.19,-0.03,-0.1853,19517.01,31649.667
000987.SZ,20231103,6.41,6.53,6.41,6.47,6.43,0.04,0.6221,139272.16,90174.003
000988.SZ,20231103,27.86,28.97,27.79,28.61,27.63,0.98,3.5469,482741.25,1374707.529
000989.SZ,20231103,10.51,10.7,10.45,10.58,10.46,0.12,1.1472,112386.04,119107.893
000990.SZ,20231103,8.27,8.4,8.26,8.32,8.27,0.05,0.6046,101291.89,84385.694
000993.SZ,20231103,9.38,9.5,9.33,9.44,9.33,0.11,1.179,35490.76,33544.678
000995.SZ,20231103,15.5,15.98,15.35,15.71,15.5,0.21,1.3548,35305.46,55560.623
000996.SZ,20231103,4.96,5.11,4.95,5.05,4.99,0.06,1.2024,44456.0,22479.78
000997.SZ,20231103,17.08,17.54,17.08,17.33,17.07,0.26,1.5231,75802.42,131747.976
000998.SZ,20231103,16.19,16.23,15.89,16.13,16.18,-0.05,-0.309,168934.37,271269.052
002554.SZ,20231103,3.46,3.47,3.37,3.4,3.47,-0.07,-2.0173,231661.0,79027.403
002555.SZ,20231103,21.5,21.82,20.93,21.6,21.6,0.0,0.0,544053.25,1172807.942
002556.SZ,20231103,6.19,6.26,6.14,6.23,6.18,0.05,0.8091,61085.02,38066.22
002557.SZ,20231103,35.69,37.0,35.6,36.71,35.59,1.12,3.147,42227.64,154228.691
002558.SZ,20231103,12.47,12.73,12.17,12.59,12.48,0.11,0.8814,704114.09,884425.734
002559.SZ,20231103,8.08,8.37,8.08,8.26,7.97,0.29,3.6386,391874.25,323499.097
002560.SZ,20231103,7.12,7.35,7.12,7.33,7.12,0.21,2.9494,148033.58,108011.143
002561.SZ,20231103,8.68,8.75,8.66,8.72,8.71,0.01,0.1148,32271.85,28138.961
002562.SZ,20231103,4.09,4.13,4.07,4.1,4.08,0.02,0.4902,36933.4,15157.238
002563.SZ,20231103,6.24,6.29,6.2,6.24,6.24,0.0,0.0,123603.71,77312.799
002564.SZ,20231103,3.37,3.47,3.36,3.38,3.4,-0.02,-0.5882,215416.0,73256.071
002565.SZ,20231103,3.39,3.42,3.37,3.38,3.39,-0.01,-0.295,116436.0,39520.606
002566.SZ,20231103,8.74,8.88,8.7,8.76,8.71,0.05,0.5741,45796.0,40168.061
002567.SZ,20231103,6.54,6.69,6.46,6.61,6.54,0.07,1.0703,322650.26,211736.343
002568.SZ,20231103,25.25,26.38,25.25,26.01,25.4,0.61,2.4016,102724.94,267003.75
002569.SZ,20231103,7.47,7.56,7.3,7.49,7.48,0.01,0.1337,19091.0,14213.997
002570.SZ,20231103,4.19,4.23,4.19,4.2,4.19,0.01,0.2387,65912.0,27757.395
002571.SZ,20231103,6.31,6.33,6.24,6.27,6.29,-0.02,-0.318,28116.0,17685.757
002572.SZ,20231103,17.94,18.43,17.88,18.21,17.99,0.22,1.2229,59468.82,108608.125
002573.SZ,20231103,5.16,5.2,5.14,5.18,5.14,0.04,0.7782,48562.0,25173.587
002574.SZ,20231103,6.16,6.18,6.09,6.1,6.11,-0.01,-0.1637,33345.0,20436.52
002575.SZ,20231103,5.78,5.78,5.61,5.63,5.74,-0.11,-1.9164,53326.6,30217.107
002576.SZ,20231103,17.08,18.65,17.08,18.65,16.95,1.7,10.0295,270929.33,501509.72
002577.SZ,20231103,16.35,16.35,16.01,16.13,16.35,-0.22,-1.3456,135488.18,219190.538
002578.SZ,20231103,3.81,3.82,3.74,3.74,3.79,-0.05,-1.3193,79611.0,30015.513
002579.SZ,20231103,9.65,10.22,9.54,9.86,9.64,0.22,2.2822,547694.39,539203.244
002580.SZ,20231103,8.58,8.72,8.56,8.64,8.6,0.04,0.4651,228136.14,197648.494
002581.SZ,20231103,17.35,17.45,17.11,17.15,17.35,-0.2,-1.1527,31713.0,54552.971
002582.SZ,20231103,7.86,8.02,7.86,7.96,7.85,0.11,1.4013,72965.0,58066.791
002583.SZ,20231103,5.96,6.19,5.96,6.11,5.94,0.17,2.862,429519.25,261676.843
002584.SZ,20231103,6.03,6.07,5.96,6.0,6.13,-0.13,-2.1207,240237.57,144243.964
002585.SZ,20231103,8.64,8.88,8.64,8.82,8.66,0.16,1.8476,105296.63,92861.329
002586.SZ,20231103,2.86,2.91,2.85,2.88,2.87,0.01,0.3484,50494.52,14553.205
002587.SZ,20231103,6.3,6.5,6.26,6.47,6.26,0.21,3.3546,196382.13,126503.962
002588.SZ,20231103,6.31,6.33,6.18,6.21,6.31,-0.1,-1.5848,127492.0,79494.543
002589.SZ,20231103,3.61,3.63,3.54,3.55,3.62,-0.07,-1.9337,178107.0,63685.591
002590.SZ,20231103,12.39,12.64,12.27,12.45,12.56,-0.11,-0.8758,193087.0,240914.921
002591.SZ,20231103,6.52,6.55,6.46,6.48,6.5,-0.02,-0.3077,43048.0,27945.607
002592.SZ,20231103,6.28,6.43,6.19,6.43,6.12,0.31,5.0654,60275.0,38264.081
002593.SZ,20231103,4.06,4.11,4.04,4.07,4.05,0.02,0.4938,169026.31,68737.662
002594.SZ,20231103,235.51,239.15,234.88,238.65,234.8,3.85,1.6397,90679.42,2154652.391
300214.SZ,20231103,6.34,6.41,6.33,6.33,6.36,-0.03,-0.4717,22574.0,14385.127
300215.SZ,20231103,5.05,5.1,5.05,5.07,5.05,0.02,0.396,28546.0,14510.992
300217.SZ,20231103,5.64,5.7,5.63,5.66,5.64,0.02,0.3546,140324.01,79589.059
300218.SZ,20231103,12.41,12.75,12.34,12.48,12.47,0.01,0.0802,67969.0,85166.282
300219.SZ,20231103,8.13,8.4,8.06,8.35,8.22,0.13,1.5815,189607.23,157491.467
300220.SZ,20231103,7.82,8.08,7.77,8.02,7.83,0.19,2.4266,16801.16,13402.778
300221.SZ,20231103,5.65,5.75,5.63,5.68,5.64,0.04,0.7092,73704.0,41993.262
300222.SZ,20231103,7.07,7.39,7.06,7.35,6.94,0.41,5.9078,191482.46,139259.304
300223.SZ,20231103,72.46,76.99,72.46,76.27,72.31,3.96,5.4764,88993.63,669237.43
300224.SZ,20231103,11.9,12.13,11.9,12.05,11.9,0.15,1.2605,60743.0,73163.574
300225.SZ,20231103,10.4,10.54,10.38,10.47,10.45,0.02,0.1914,48205.36,50474.481
300226.SZ,20231103,24.78,25.4,24.64,25.19,24.78,0.41,1.6546,67043.0,168433.086
300227.SZ,20231103,7.9,8.12,7.86,8.1,7.87,0.23,2.9225,145835.23,117694.706
300228.SZ,20231103,7.78,7.95,7.66,7.69,7.76,-0.07,-0.9021,277888.4,215563.982
300229.SZ,20231103,15.99,16.6,15.99,16.38,15.89,0.49,3.0837,270697.6,442938.825
300230.SZ,20231103,4.04,4.1,4.02,4.08,4.02,0.06,1.4925,98309.0,40103.636
300231.SZ,20231103,12.34,12.72,12.23,12.52,12.39,0.13,1.0492,582078.41,725472.988
300232.SZ,20231103,6.4,6.63,6.38,6.61,6.4,0.21,3.2813,246863.72,161669.916
300233.SZ,20231103,18.56,18.64,18.33,18.37,18.41,-0.04,-0.2173,25214.21,46620.402
300234.SZ,20231103,5.27,5.34,5.25,5.3,5.26,0.04,0.7605,46044.81,24406.698
300235.SZ,20231103,11.08,11.66,11.01,11.66,11.07,0.59,5.3297,259734.5,294030.913
300236.SZ,20231103,35.66,37.0,35.63,36.61,35.65,0.96,2.6928,38763.58,141436.964
300237.SZ,20231103,2.04,2.05,2.01,2.03,2.03,0.0,0.0,224314.63,45424.03
300238.SZ,20231103,14.48,14.6,14.29,14.31,14.43,-0.12,-0.8316,72125.0,103735.573
300239.SZ,20231103,6.49,6.59,6.47,6.47,6.54,-0.07,-1.0703,82908.24,53914.181
300240.SZ,20231103,7.37,7.49,7.22,7.27,7.53,-0.26,-3.4529,200256.5,147307.185
300241.SZ,20231103,5.23,5.35,5.23,5.33,5.23,0.1,1.912,89416.0,47550.968
300242.SZ,20231103,3.53,3.56,3.45,3.49,3.52,-0.03,-0.8523,290834.0,101381.815
300243.SZ,20231103,9.83,9.93,9.71,9.73,9.79,-0.06,-0.6129,39615.34,38898.06
300244.SZ,20231103,22.63,23.47,22.61,23.35,22.69,0.66,2.9088,46436.01,108180.303
300245.SZ,20231103,8.44,8.72,8.44,8.66,8.44,0.22,2.6066,72352.0,62442.756
300246.SZ,20231103,10.77,10.97,10.77,10.86,10.74,0.12,1.1173,38313.0,41648.244
300247.SZ,20231103,3.63,3.67,3.6,3.61,3.63,-0.02,-0.551,106344.0,38602.844
300248.SZ,20231103,9.08,9.33,9.08,9.28,9.09,0.19,2.0902,57828.0,53562.853
300249.SZ,20231103,9.57,9.67,9.51,9.57,9.51,0.06,0.6309,112545.17,107827.76
300250.SZ,20231103,18.07,18.41,17.75,18.28,17.94,0.34,1.8952,189222.0,343404.415
300251.SZ,20231103,8.02,8.13,7.89,8.04,7.99,0.05,0.6258,282906.28,226630.977
300252.SZ,20231103,9.26,9.47,9.24,9.44,9.24,0.2,2.1645,218960.0,206073.603
300253.SZ,20231103,7.38,7.64,7.38,7.53,7.38,0.15,2.0325,320350.67,241432.967
300254.SZ,20231103,10.3,10.34,10.08,10.13,10.24,-0.11,-1.0742,87970.8,89719.854
300255.SZ,20231103,11.3,11.84,11.04,11.3,11.54,-0.24,-2.0797,1050876.64,1192706.14
300900.SZ,20231103,24.16,24.68,24.12,24.48,24.12,0.36,1.4925,17768.22,43520.115
300901.SZ,20231103,10.78,10.96,10.54,10.7,10.75,-0.05,-0.4651,98919.39,105780.996
300902.SZ,20231103,33.78,34.47,33.5,34.27,33.49,0.78,2.3291,17124.0,58549.647
300903.SZ,20231103,9.75,10.14,9.74,10.1,9.74,0.36,3.6961,84985.4,85181.165
300904.SZ,20231103,77.51,80.8,77.21,77.7,74.58,3.12,4.1834,47495.45,374540.0
300905.SZ,20231103,20.05,20.49,20.03,20.43,20.1,0.33,1.6418,17941.9,36551.414
300906.SZ,20231103,24.94,25.81,24.94,25.47,24.93,0.54,2.1661,10265.0,26196.91
300907.SZ,20231103,21.47,22.36,21.4,22.01,21.49,0.52,2.4197,14515.16,32027.384
300908.SZ,20231103,43.64,44.26,43.23,43.83,43.38,0.45,1.0373,6292.99,27500.904
300909.SZ,20231103,29.21,30.0,28.71,29.91,29.14,0.77,2.6424,54303.32,160423.548
300910.SZ,20231103,45.39,46.7,45.11,46.5,45.3,1.2,2.649,30871.89,142713.027
300911.SZ,20231103,36.02,36.91,36.02,36.47,36.05,0.42,1.165,13535.21,49322.4
300912.SZ,20231103,20.57,20.6,19.94,20.29,20.93,-0.64,-3.0578,122726.26,248355.822
300913.SZ,20231103,27.58,31.3,26.91,30.13,26.65,3.48,13.0582,205827.79,607546.204
300915.SZ,20231103,34.22,35.08,34.2,34.76,34.14,0.62,1.8161,3496.5,12143.132
300916.SZ,20231103,24.87,25.68,24.87,25.46,24.66,0.8,3.2441,12345.68,31415.854
300917.SZ,20231103,26.28,26.55,25.94,26.43,26.28,0.15,0.5708,50982.47,133907.551
300918.SZ,20231103,11.29,11.42,11.16,11.32,11.2,0.12,1.0714,14965.0,16903.66
300919.SZ,20231103,53.66,54.3,53.38,53.92,53.49,0.43,0.8039,24583.05,132489.706
300920.SZ,20231103,20.6,20.75,20.39,20.56,20.44,0.12,0.5871,7112.0,14647.844
300921.SZ,20231103,26.54,26.82,26.28,26.45,26.34,0.11,0.4176,35251.4,93482.005
300922.SZ,20231103,16.9,17.39,16.9,17.23,16.97,0.26,1.5321,28840.61,49745.332
300923.SZ,20231103,23.9,24.73,23.8,24.4,23.97,0.43,1.7939,8035.0,19637.384
300925.SZ,20231103,12.59,12.89,12.38,12.75,12.39,0.36,2.9056,61881.93,79003.967
300926.SZ,20231103,30.73,31.2,30.5,30.87,30.58,0.29,0.9483,42258.18,130301.195
300927.SZ,20231103,16.06,16.49,16.06,16.35,16.15,0.2,1.2384,7554.0,12374.74
300928.SZ,20231103,56.8,62.28,56.8,60.55,56.8,3.75,6.6021,48035.63,287436.814
300929.SZ,20231103,11.84,11.98,11.83,11.85,11.84,0.01,0.0845,17015.08,20286.759
300930.SZ,20231103,24.1,24.82,24.1,24.62,24.1,0.52,2.1577,5488.0,13477.057
300931.SZ,20231103,8.18,8.4,8.16,8.29,8.17,0.12,1.4688,35192.0,29272.035
300932.SZ,20231103,15.23,15.65,15.21,15.55,15.18,0.37,2.4374,17650.2,27392.028
300933.SZ,20231103,9.36,9.69,9.27,9.63,9.36,0.27,2.8846,154133.18,146335.26
300935.SZ,20231103,28.14,29.12,28.1,28.81,28.14,0.67,2.381,9072.43,26134.657
300936.SZ,20231103,42.23,43.55,42.23,43.16,42.0,1.16,2.7619,45356.42,194942.218
300937.SZ,20231103,33.44,33.48,32.56,32.86,33.44,-0.58,-1.7344,31333.0,103306.142
300938.SZ,20231103,35.99,36.6,35.63,36.52,35.7,0.82,2.2969,7059.0,25638.487
300939.SZ,20231103,33.9,35.37,33.73,35.18,33.76,1.42,4.2062,32010.57,111791.326
300940.SZ,20231103,18.52,18.96,18.52,18.95,18.47,0.48,2.5988,32306.41,60711.181
300941.SZ,20231103,22.05,22.45,22.03,22.32,22.05,0.27,1.2245,39356.21,87856.775
300942.SZ,20231103,12.5,12.52,12.32,12.4,12.42,-0.02,-0.161,25481.05,31688.048
300943.SZ,20231103,14.08,14.42,13.95,14.32,13.98,0.34,2.432,20527.5,29375.552
600241.SH,20231103,7.83,7.95,7.75,7.75,7.87,-0.12,-1.5248,22776.0,17889.665
600243.SH,20231103,4.47,4.59,4.44,4.53,4.4,0.13,2.9545,202727.0,91756.593
600246.SH,20231103,5.7,5.93,5.67,5.87,5.8,0.07,1.2069,354228.57,205736.069
600248.SH,20231103,4.2,4.22,4.18,4.2,4.18,0.02,0.4785,188232.89,79058.409
600249.SH,20231103,5.55,5.58,5.5,5.5,5.54,-0.04,-0.722,84888.4,46901.289
600250.SH,20231103,6.79,6.79,6.63,6.66,6.73,-0.07,-1.0401,54785.0,36670.019
600251.SH,20231103,9.17,9.23,9.13,9.15,9.17,-0.02,-0.2181,60678.17,55651.945
600252.SH,20231103,2.68,2.72,2.65,2.66,2.68,-0.02,-0.7463,309743.87,83068.176
600255.SH,20231103,2.02,2.05,2.02,2.03,2.02,0.01,0.495,112570.25,22919.765
600256.SH,20231103,7.54,7.59,7.48,7.5,7.5,0.0,0.0,404140.67,303513.256
600257.SH,20231103,6.6,6.76,6.52,6.6,6.59,0.01,0.1517,495080.08,329420.054
600258.SH,20231103,16.38,16.54,16.3,16.44,16.41,0.03,0.1828,61148.63,100578.556
600259.SH,20231103,35.69,36.65,35.69,36.48,35.98,0.5,1.3897,39166.1,142411.087
600261.SH,20231103,3.52,3.56,3.5,3.55,3.52,0.03,0.8523,71061.0,25135.002
600262.SH,20231103,17.41,17.85,17.4,17.71,17.4,0.31,1.7816,17396.67,30834.563
600265.SH,20231103,17.0,17.51,16.99,17.5,16.99,0.51,3.0018,4486.93,7719.423
600266.SH,20231103,5.83,5.99,5.8,5.92,5.86,0.06,1.0239,334827.8,197424.687
600267.SH,20231103,10.04,10.14,10.01,10.12,10.04,0.08,0.7968,156276.62,157793.401
600268.SH,20231103,6.71,6.85,6.7,6.81,6.71,0.1,1.4903,61168.69,41627.112
600269.SH,20231103,4.33,4.35,4.16,4.18,4.36,-0.18,-4.1284,341334.9,144423.567
600271.SH,20231103,10.88,11.32,10.88,11.19,10.87,0.32,2.9439,211832.16,235988.467
600272.SH,20231103,12.13,12.31,12.08,12.12,12.13,-0.01,-0.0824,50939.0,62094.118
600273.SH,20231103,8.43,8.47,8.37,8.37,8.38,-0.01,-0.1193,73104.0,61489.603
600276.SH,20231103,47.8,48.1,47.4,47.51,47.9,-0.39,-0.8142,212838.11,1015296.077
600277.SH,20231103,2.69,2.73,2.68,2.71,2.68,0.03,1.1194,161962.86,43929.995
600278.SH,20231103,7.03,7.06,6.88,6.9,7.13,-0.23,-3.2258,151086.25,104972.811
600279.SH,20231103,4.19,4.19,4.14,4.15,4.17,-0.02,-0.4796,50201.0,20886.968
600280.SH,20231103,3.51,3.54,3.5,3.52,3.51,0.01,0.2849,142056.14,50020.435
600281.SH,20231103,4.38,4.41,4.32,4.33,4.38,-0.05,-1.1416,55826.0,24331.556
600282.SH,20231103,3.81,3.83,3.76,3.76,3.8,-0.04,-1.0526,249969.48,94893.659
600283.SH,20231103,13.17,13.37,13.17,13.31,13.25,0.06,0.4528,56412.7,75025.75
600284.SH,20231103,6.36,6.47,6.36,6.39,6.34,0.05,0.7886,104267.49,66923.598
600285.SH,20231103,15.66,16.15,15.66,15.98,15.71,0.27,1.7187,80624.14,128797.818
600287.SH,20231103,5.52,5.56,5.44,5.44,5.5,-0.06,-1.0909,46505.79,25504.357
600288.SH,20231103,10.16,10.49,10.16,10.46,10.2,0.26,2.549,48780.58,50867.734
600289.SH,20231103,2.63,2.74,2.62,2.72,2.65,0.07,2.6415,46022.2,12379.706
600290.SH,20231103,1.24,1.25,1.22,1.23,1.24,-0.01,-0.8065,69458.0,8592.447
600292.SH,20231103,6.08,6.14,6.07,6.08,6.08,0.0,0.0,50941.0,31100.251
600293.SH,20231103,3.2,3.2,3.15,3.17,3.17,0.0,0.0,75708.79,24022.61
600295.SH,20231103,9.33,9.38,9.24,9.27,9.32,-0.05,-0.5365,35439.32,32995.2
600297.SH,20231103,1.92,1.94,1.91,1.91,1.92,-0.01,-0.5208,507752.67,97794.629
601199.SH,20231103,5.32,5.43,5.32,5.38,5.33,0.05,0.9381,83735.0,45229.252
601200.SH,20231103,9.43,9.56,9.42,9.46,9.44,0.02,0.2119,38702.27,36783.242
601208.SH,20231103,12.0,12.24,12.0,12.13,12.05,0.08,0.6639,54039.88,65668.528
601211.SH,20231103,14.85,15.03,14.83,14.94,14.87,0.07,0.4707,178709.15,266837.889
601212.SH,20231103,2.75,2.76,2.73,2.74,2.75,-0.01,-0.3636,199297.0,54729.306
601216.SH,20231103,3.98,4.01,3.97,3.99,3.98,0.01,0.2513,140377.28,56068.221
601218.SH,20231103,3.77,3.87,3.77,3.82,3.77,0.05,1.3263,94640.0,36233.621
601222.SH,20231103,6.48,6.62,6.48,6.58,6.48,0.1,1.5432,215799.46,141891.366
601225.SH,20231103,18.11,18.38,17.84,17.98,18.0,-0.02,-0.1111,208268.0,375659.292
601226.SH,20231103,5.68,5.78,5.66,5.69,5.66,0.03,0.53,64966.27,37173.444
601228.SH,20231103,3.11,3.12,3.07,3.08,3.1,-0.02,-0.6452,198319.0,61348.298
601229.SH,20231103,6.11,6.13,6.07,6.08,6.11,-0.03,-0.491,174002.91,106180.895
601231.SH,20231103,14.18,14.66,14.12,14.6,14.18,0.42,2.9619,47744.68,69385.094
601233.SH,20231103,14.37,14.46,14.27,14.3,14.37,-0.07,-0.4871,87701.91,125941.822
601236.SH,20231103,7.61,7.72,7.61,7.69,7.64,0.05,0.6545,174065.56,133599.882
601238.SH,20231103,10.05,10.14,9.98,10.1,10.06,0.04,0.3976,169949.62,171232.251
601279.SH,20231103,5.95,6.01,5.92,5.94,5.96,-0.02,-0.3356,63626.78,37940.802
601288.SH,20231103,3.66,3.66,3.61,3.62,3.66,-0.04,-1.0929,2936573.87,1064833.946
601298.SH,20231103,5.98,6.03,5.95,5.96,6.0,-0.04,-0.6667,75351.59,45089.204
601311.SH,20231103,8.09,8.24,8.09,8.19,8.08,0.11,1.3614,80641.87,66065.77
601318.SH,20231103,45.19,45.31,44.89,45.24,45.06,0.18,0.3995,386406.87,1744002.549
601319.SH,20231103,5.32,5.35,5.3,5.32,5.3,0.02,0.3774,361258.33,192191.048
601326.SH,20231103,2.97,2.98,2.95,2.96,2.97,-0.01,-0.3367,168674.0,49953.671
601328.SH,20231103,5.76,5.77,5.71,5.71,5.76,-0.05,-0.8681,626451.44,358897.055
601330.SH,20231103,6.81,6.89,6.8,6.84,6.8,0.04,0.5882,19671.0,13489.488
601333.SH,20231103,2.6,2.62,2.57,2.59,2.59,0.0,0.0,534245.0,138483.934
601336.SH,20231103,32.63,32.76,32.41,32.52,32.55,-0.03,-0.0922,104384.82,339782.747
601339.SH,20231103,5.49,5.53,5.43,5.47,5.48,-0.01,-0.1825,58655.0,32159.042
601360.SH,20231103,8.93,9.15,8.85,9.05,8.91,0.14,1.5713,1032280.41,934648.765
601366.SH,20231103,5.41,5.41,5.34,5.35,5.41,-0.06,-1.1091,20853.0,11185.905
601368.SH,20231103,5.34,5.37,5.3,5.32,5.34,-0.02,-0.3745,45947.0,24481.862
601369.SH,20231103,7.68,7.88,7.66,7.81,7.65,0.16,2.0915,89019.09,69528.147
601375.SH,20231103,3.86,3.9,3.84,3.87,3.85,0.02,0.5195,302095.0,116976.942
601377.SH,20231103,6.18,6.26,6.18,6.23,6.17,0.06,0.9724,379815.8,236262.151
601388.SH,20231103,2.69,2.73,2.68,2.69,2.7,-0.01,-0.3704,104908.0,28359.637
601390.SH,20231103,5.9,5.92,5.86,5.88,5.9,-0.02,-0.339,1028458.35,605416.949
601398.SH,20231103,4.78,4.79,4.73,4.74,4.78,-0.04,-0.8368,1995544.43,948809.75
601399.SH,20231103,2.96,3.0,2.96,3.0,2.95,0.05,1.6949,149580.0,44718.495
601456.SH,20231103,10.58,10.97,10.46,10.84,10.55,0.29,2.7488,490426.44,527427.253
601500.SH,20231103,3.88,3.89,3.84,3.88,3.86,0.02,0.5181,233214.47,90316.902
601512.SH,20231103,8.1,8.28,8.08,8.1,8.15,-0.05,-0.6135,32658.57,26503.495
603955.SH,20231103,15.91,16.07,15.82,15.87,15.91,-0.04,-0.2514,7956.0,12672.009
603956.SH,20231103,7.64,7.77,7.61,7.71,7.59,0.12,1.581,78913.0,60735.824
603958.SH,20231103,8.8,9.65,8.8,9.19,8.77,0.42,4.7891,173366.0,161473.013
603959.SH,20231103,7.55,7.92,7.55,7.88,7.69,0.19,2.4707,122565.76,95980.843
603960.SH,20231103,14.17,14.76,14.15,14.56,14.05,0.51,3.6299,95536.08,139208.35
603963.SH,20231103,11.1,11.22,11.06,11.08,11.12,-0.04,-0.3597,25608.2,28485.701
603966.SH,20231103,8.12,8.36,8.07,8.28,8.05,0.23,2.8571,68968.56,57022.547
603967.SH,20231103,9.63,9.74,9.62,9.65,9.67,-0.02,-0.2068,18194.31,17594.582
603968.SH,20231103,14.5,14.81,14.5,14.74,14.49,0.25,1.7253,8397.0,12349.616
603969.SH,20231103,5.4,5.59,5.39,5.53,5.41,0.12,2.2181,276792.93,152322.639
603970.SH,20231103,15.71,16.53,15.64,16.35,15.72,0.63,4.0076,29460.2,47734.005
603976.SH,20231103,20.5,20.5,20.01,20.09,20.33,-0.24,-1.1805,6954.0,14040.686
603977.SH,20231103,8.23,8.38,8.23,8.35,8.22,0.13,1.5815,54751.68,45603.817
603978.SH,20231103,16.75,16.93,16.72,16.75,16.74,0.01,0.0597,4935.0,8298.818
603979.SH,20231103,35.59,35.69,34.79,34.86,35.53,-0.67,-1.8857,30054.29,105674.208
603980.SH,20231103,4.69,4.71,4.65,4.69,4.69,0.0,0.0,45355.4,21266.161
603982.SH,20231103,16.53,16.83,16.1,16.45,16.55,-0.1,-0.6042,176128.03,289364.007
603983.SH,20231103,26.5,26.7,26.22,26.34,26.72,-0.38,-1.4222,30660.43,80920.138
603985.SH,20231103,41.9,43.11,39.81,41.46,42.04,-0.58,-1.3796,508712.2,2102644.145
603986.SH,20231103,104.7,108.86,104.7,108.0,104.53,3.47,3.3196,109671.16,1177051.978
603987.SH,20231103,10.41,10.58,10.4,10.43,10.38,0.05,0.4817,43131.59,45256.497
603988.SH,20231103,10.46,10.76,10.45,10.56,10.5,0.06,0.5714,55010.84,58372.224
603989.SH,20231103,22.4,23.37,22.4,23.29,22.45,0.84,3.7416,37685.58,86874.706
603990.SH,20231103,13.95,14.05,13.8,14.01,13.9,0.11,0.7914,49894.49,69709.323
603991.SH,20231103,36.2,36.46,35.94,36.34,36.07,0.27,0.7485,1716.0,6222.735
603992.SH,20231103,15.19,15.27,15.02,15.18,15.24,-0.06,-0.3937,22561.0,34184.896
603993.SH,20231103,5.4,5.47,5.39,5.41,5.37,0.04,0.7449,693507.37,375831.46
603995.SH,20231103,21.26,21.56,21.05,21.3,21.26,0.04,0.1881,22941.1,48962.919
603997.SH,20231103,14.7,15.25,14.57,14.99,14.54,0.45,3.0949,75585.66,113560.642
603998.SH,20231103,10.94,11.18,10.9,10.99,10.93,0.06,0.5489,105177.01,116049.5
603999.SH,20231103,6.08,6.14,6.02,6.09,6.08,0.01,0.1645,73910.27,45029.553
605001.SH,20231103,6.41,6.59,6.41,6.55,6.44,0.11,1.7081,34863.45,22804.488
605003.SH,20231103,19.81,19.94,19.74,19.82,19.8,0.02,0.101,7216.32,14325.492
605005.SH,20231103,18.75,19.2,18.47,18.83,18.2,0.63,3.4615,89680.0,168167.607
605006.SH,20231103,7.14,7.17,7.1,7.11,7.1,0.01,0.1408,8630.4,6154.391
605007.SH,20231103,15.28,15.34,15.11,15.26,15.27,-0.01,-0.0655,24201.39,36937.71
605008.SH,20231103,14.24,14.54,14.24,14.48,14.24,0.24,1.6854,13152.2,18991.048
605009.SH,20231103,39.29,40.18,39.17,39.9,39.21,0.69,1.7598,6724.95,26758.102
605011.SH,20231103,23.92,24.88,23.92,24.73,23.93,0.8,3.3431,37596.0,92458.156
605016.SH,20231103,27.54,27.73,27.0,27.25,27.21,0.04,0.147,16336.04,44750.207
605018.SH,20231103,11.42,11.55,11.21,11.44,11.33,0.11,0.9709,60613.0,69099.522
688677.SH,20231103,56.29,57.98,55.95,57.32,55.74,1.58,2.8346,7209.29,41238.165
688678.SH,20231103,17.07,17.8,17.07,17.69,17.03,0.66,3.8755,20169.5,35506.289
688679.SH,20231103,14.08,14.2,12.97,13.17,14.01,-0.84,-5.9957,47952.3,65091.502
688680.SH,20231103,67.29,69.59,66.53,69.06,66.97,2.09,3.1208,14850.42,101889.145
688681.SH,20231103,14.76,15.19,14.76,15.0,14.77,0.23,1.5572,8063.98,12133.656
688682.SH,20231103,49.76,50.56,48.65,50.08,48.88,1.2,2.455,3920.05,19647.03
688683.SH,20231103,23.81,24.23,23.61,23.9,23.81,0.09,0.378,7752.08,18530.549
688685.SH,20231103,19.92,20.38,19.81,20.15,19.88,0.27,1.3581,9218.6,18584.6
688686.SH,20231103,97.25,105.09,97.08,103.7,95.89,7.81,8.1447,10764.0,110211.006
688687.SH,20231103,30.5,31.79,29.91,30.42,30.14,0.28,0.929,60081.6,185632.614
688689.SH,20231103,26.0,27.29,25.77,27.08,25.82,1.26,4.8799,14927.39,39973.818
688690.SH,20231103,30.25,30.88,29.99,30.53,30.07,0.46,1.5298,16246.83,49672.775
688693.SH,20231103,50.29,53.38,50.29,52.83,50.16,2.67,5.323,16867.89,88338.612
688696.SH,20231103,113.8,118.88,113.74,118.58,113.88,4.7,4.1272,5658.52,66313.442
688697.SH,20231103,19.82,20.77,19.8,20.39,19.64,0.75,3.8187,25859.8,52716.356
688698.SH,20231103,33.77,35.79,33.72,34.43,32.89,1.54,4.6823,16063.07,55790.853
688699.SH,20231103,41.25,43.2,41.25,42.96,41.36,1.6,3.8685,13670.55,58295.075
688700.SH,20231103,51.5,53.2,51.37,52.65,51.35,1.3,2.5316,25029.4,131318.638
688701.SH,20231103,9.39,9.45,9.2,9.27,9.34,-0.07,-0.7495,7743.07,7235.182
688702.SH,20231103,46.5,49.15,46.5,48.67,46.4,2.27,4.8922,22559.68,108343.734
688707.SH,20231103,22.43,22.93,22.38,22.81,22.33,0.48,2.1496,17722.59,40317.686
688711.SH,20231103,48.0,52.44,47.91,52.1,47.9,4.2,8.7683,45646.7,231344.347
688716.SH,20231103,25.2,25.76,25.2,25.67,25.21,0.46,1.8247,8633.45,22108.567
688718.SH,20231103,14.6,14.94,14.58,14.78,14.46,0.32,2.213,9543.45,14121.301
688719.SH,20231103,65.26,68.18,64.8,67.67,64.58,3.09,4.7848,16957.59,113901.729
688722.SH,20231103,13.72,14.1,13.69,13.93,13.69,0.24,1.7531,16360.95,22769.785
688728.SH,20231103,19.04,19.39,18.79,18.88,19.12,-0.24,-1.2552,155062.1,294277.099
688733.SH,20231103,23.77,24.28,23.65,24.16,23.6,0.56,2.3729,12652.1,30475.231
688737.SH,20231103,35.8,35.8,34.69,34.84,35.37,-0.53,-1.4984,6050.04,21187.0
688739.SH,20231103,33.5,33.69,33.39,33.55,33.42,0.13,0.389,12048.06,40457.665
688766.SH,20231103,104.18,109.41,103.31,108.35,103.86,4.49,4.3231,14474.74,154248.73
688767.SH,20231103,29.2,29.5,28.95,29.2,29.11,0.09,0.3092,8695.07,25364.711
688768.SH,20231103,39.85,41.9,39.85,41.58,39.73,1.85,4.6564,16321.53,67445.223
688772.SH,20231103,20.16,20.94,19.92,20.64,20.12,0.52,2.5845,176505.55,362900.827
688776.SH,20231103,91.0,96.86,88.23,94.4,89.72,4.68,5.2162,34403.17,321543.21
688777.SH,20231103,42.55,43.9,42.26,43.21,42.15,1.06,2.5148,70535.3,306406.191
688778.SH,20231103,42.31,43.45,42.01,42.91,42.36,0.55,1.2984,10483.84,45183.614
688779.SH,20231103,8.47,8.55,8.42,8.48,8.44,0.04,0.4739,79116.09,67268.3
688786.SH,20231103,42.13,43.52,41.68,43.19,42.22,0.97,2.2975,7755.54,33399.593
688787.SH,20231103,65.64,68.5,65.01,67.96,65.33,2.63,4.0257,22379.11,151175.592
688788.SH,20231103,38.0,39.07,37.84,38.75,37.63,1.12,2.9763,4810.67,18621.594
000999.SZ,20231103,42.6,43.86,42.6,43.17,42.81,0.36,0.8409,72086.83,311478.536
001201.SZ,20231103,22.84,23.0,22.62,22.63,22.8,-0.17,-0.7456,7432.08,16885.401
001202.SZ,20231103,17.3,17.3,16.88,17.03,17.18,-0.15,-0.8731,15909.0,27136.844
001203.SZ,20231103,10.82,10.95,10.81,10.88,10.82,0.06,0.5545,38598.0,42041.008
001205.SZ,20231103,17.31,17.62,17.16,17.5,17.35,0.15,0.8646,13874.4,24262.799
001206.SZ,20231103,15.65,15.83,15.59,15.66,15.66,0.0,0.0,10842.08,17016.786
001207.SZ,20231103,17.03,17.3,17.03,17.07,17.07,0.0,0.0,18572.0,31847.126
001208.SZ,20231103,9.0,9.15,8.98,9.12,8.96,0.16,1.7857,27593.0,25151.172
001209.SZ,20231103,17.13,17.34,16.97,16.97,17.08,-0.11,-0.644,12001.8,20571.234
001210.SZ,20231103,20.3,20.7,20.23,20.36,20.33,0.03,0.1476,10388.21,21246.677
001211.SZ,20231103,24.0,24.59,23.69,23.9,23.95,-0.05,-0.2088,40901.0,98161.14
001212.SZ,20231103,23.99,24.22,23.75,24.08,23.88,0.2,0.8375,7290.5,17551.837
001213.SZ,20231103,4.16,4.19,4.15,4.18,4.16,0.02,0.4808,85461.03,35686.78
001215.SZ,20231103,56.77,57.96,56.06,57.05,56.8,0.25,0.4401,3944.19,22556.82
001216.SZ,20231103,12.7,12.86,12.65,12.76,12.68,0.08,0.6309,12805.56,16360.88
001217.SZ,20231103,11.8,11.84,11.72,11.77,11.78,-0.01,-0.0849,13885.0,16356.12
001218.SZ,20231103,21.92,22.02,21.7,21.82,21.8,0.02,0.0917,6697.8,14664.61
001219.SZ,20231103,19.81,20.05,19.12,19.85,19.65,0.2,1.0178,180256.25,355387.778
001222.SZ,20231103,14.75,14.85,14.6,14.64,14.75,-0.11,-0.7458,11315.29,16645.732
001223.SZ,20231103,66.69,69.49,66.58,68.92,66.7,2.22,3.3283,5997.0,41197.988
001225.SZ,20231103,39.73,40.39,39.73,40.3,39.73,0.57,1.4347,2416.0,9731.188
001226.SZ,20231103,34.86,35.17,34.41,34.9,34.9,0.0,0.0,16288.0,56793.951
001227.SZ,20231103,2.88,2.89,2.87,2.88,2.88,0.0,0.0,338532.24,97483.052
001228.SZ,20231103,34.8,35.09,34.0,34.62,34.97,-0.35,-1.0009,9550.49,33089.315
001229.SZ,20231103,30.15,31.05,29.99,30.72,29.99,0.73,2.4341,12939.94,39666.48
001230.SZ,20231103,23.51,23.85,23.48,23.73,23.51,0.22,0.9358,4731.0,11223.239
001231.SZ,20231103,21.0,21.19,20.85,21.14,20.8,0.34,1.6346,5576.0,11769.47
001234.SZ,20231103,22.82,23.78,22.7,23.58,22.82,0.76,3.3304,41030.45,95999.958
001236.SZ,20231103,11.69,11.92,11.66,11.85,11.61,0.24,2.0672,40024.99,47335.404
001238.SZ,20231103,27.66,31.55,26.44,26.55,29.38,-2.83,-9.6324,195793.0,549474.36
001255.SZ,20231103,32.9,34.27,32.86,33.94,32.85,1.09,3.3181,9138.0,30983.815
001256.SZ,20231103,17.83,18.2,17.75,18.07,17.74,0.33,1.8602,9673.26,17500.438
001258.SZ,20231103,7.92,8.07,7.9,7.97,7.94,0.03,0.3778,62037.88,49689.727
001259.SZ,20231103,28.3,28.73,28.27,28.53,28.27,0.26,0.9197,8775.0,25051.412
001260.SZ,20231103,20.64,21.38,20.61,21.11,20.61,0.5,2.426,43336.97,91343.371
001266.SZ,20231103,28.23,30.77,28.21,30.77,27.97,2.8,10.0107,90763.36,275544.25
001267.SZ,20231103,5.26,5.29,5.21,5.25,5.25,0.0,0.0,35310.72,18585.411
001268.SZ,20231103,25.75,26.75,25.74,26.25,25.73,0.52,2.021,45355.0,119854.883
001269.SZ,20231103,40.02,41.68,40.02,41.52,40.01,1.51,3.7741,34775.6,143300.197
001270.SZ,20231103,81.0,84.71,81.0,83.72,81.8,1.92,2.3472,28449.35,237071.12
001278.SZ,20231103,22.7,23.16,22.7,22.99,22.63,0.36,1.5908,28208.5,64764.775
002595.SZ,20231103,30.35,31.51,30.34,31.0,30.33,0.67,2.209,29371.0,91457.104
002596.SZ,20231103,2.85,2.89,2.82,2.85,2.85,0.0,0.0,304228.97,86677.231
002597.SZ,20231103,21.3,21.77,21.18,21.69,21.14,0.55,2.6017,42923.71,92456.009
002598.SZ,20231103,9.96,10.23,9.96,10.05,10.02,0.03,0.2994,51119.72,51696.0
002599.SZ,20231103,6.8,7.39,6.79,7.16,6.84,0.32,4.6784,594496.3,422837.064
002600.SZ,20231103,5.93,6.1,5.9,6.08,5.89,0.19,3.2258,608731.71,366556.691
002601.SZ,20231103,18.05,18.37,18.05,18.26,18.03,0.23,1.2757,86421.68,157766.991
002602.SZ,20231103,5.7,5.78,5.6,5.73,5.64,0.09,1.5957,1367164.16,779853.247
002603.SZ,20231103,21.73,22.1,21.72,21.92,21.82,0.1,0.4583,102061.15,224078.175
002605.SZ,20231103,24.0,24.19,23.11,23.9,24.51,-0.61,-2.4888,307747.83,729441.493
002606.SZ,20231103,7.27,7.46,7.25,7.41,7.27,0.14,1.9257,46689.6,34630.421
002607.SZ,20231103,3.91,3.96,3.89,3.94,3.92,0.02,0.5102,1017509.95,399827.423
002608.SZ,20231103,7.12,7.17,7.03,7.05,7.13,-0.08,-1.122,76704.47,54430.531
002609.SZ,20231103,10.4,10.73,10.31,10.65,10.57,0.08,0.7569,103595.0,109697.343
002610.SZ,20231103,2.18,2.23,2.18,2.23,2.18,0.05,2.2936,410287.0,91027.315
002611.SZ,20231103,4.67,4.76,4.6,4.74,4.61,0.13,2.82,218500.5,102826.685
002612.SZ,20231103,20.86,21.25,20.77,21.09,20.84,0.25,1.1996,56134.39,118353.523
002613.SZ,20231103,4.36,4.46,4.35,4.41,4.35,0.06,1.3793,105473.9,46670.641
002614.SZ,20231103,7.34,7.46,7.34,7.45,7.33,0.12,1.6371,63288.95,46981.48
002615.SZ,20231103,8.14,8.59,8.07,8.49,8.3,0.19,2.2892,312459.55,261391.683
002616.SZ,20231103,5.26,5.37,5.26,5.3,5.27,0.03,0.5693,50804.0,27063.316
002617.SZ,20231103,6.61,6.76,6.6,6.74,6.61,0.13,1.9667,205524.58,137852.28
002620.SZ,20231103,5.18,5.2,5.13,5.14,5.17,-0.03,-0.5803,28227.0,14573.643
002621.SZ,20231103,3.23,3.26,3.2,3.2,3.23,-0.03,-0.9288,77560.6,24951.656
002622.SZ,20231103,3.31,3.35,3.3,3.32,3.3,0.02,0.6061,79007.0,26307.976
002623.SZ,20231103,26.49,27.39,26.49,27.3,26.4,0.9,3.4091,40624.61,110544.338
002624.SZ,20231103,12.32,12.54,12.11,12.41,12.44,-0.03,-0.2412,430188.89,532047.302
002625.SZ,20231103,13.9,14.16,13.9,14.09,13.9,0.19,1.3669,109621.51,154509.745
002626.SZ,20231103,18.0,18.12,17.9,17.94,17.94,0.0,0.0,31028.11,55799.282
002627.SZ,20231103,5.25,5.3,5.23,5.25,5.25,0.0,0.0,39801.98,20926.519
002628.SZ,20231103,3.27,3.3,3.26,3.27,3.28,-0.01,-0.3049,119063.0,39032.482
002629.SZ,20231103,4.14,4.14,4.01,4.04,4.1,-0.06,-1.4634,173234.05,70065.996
002630.SZ,20231103,2.45,2.5,2.45,2.48,2.46,0.02,0.813,176936.6,43989.666
002631.SZ,20231103,6.2,6.24,6.14,6.23,6.2,0.03,0.4839,127724.79,79182.32
002632.SZ,20231103,7.08,7.19,7.05,7.11,7.07,0.04,0.5658,50249.0,35866.818
002633.SZ,20231103,10.77,10.93,10.61,10.8,10.69,0.11,1.029,19288.0,20877.699
002634.SZ,20231103,7.83,7.86,7.75,7.8,7.75,0.05,0.6452,18051.0,14109.242
002635.SZ,20231103,14.15,14.44,14.12,14.38,14.08,0.3,2.1307,73501.0,105411.937
002636.SZ,20231103,9.6,9.66,9.44,9.62,9.44,0.18,1.9068,48760.6,46637.579
002637.SZ,20231103,10.67,10.73,10.63,10.63,10.64,-0.01,-0.094,14741.03,15756.272
002638.SZ,20231103,2.7,2.76,2.68,2.74,2.69,0.05,1.8587,148673.0,40522.507
300256.SZ,20231103,2.99,3.15,2.98,3.08,2.98,0.1,3.3557,794785.5,244671.776
300257.SZ,20231103,13.99,14.07,13.92,13.98,13.96,0.02,0.1433,20959.83,29310.284
300258.SZ,20231103,12.9,13.52,12.74,13.43,12.63,0.8,6.3341,138777.01,183937.343
300259.SZ,20231103,3.64,3.71,3.63,3.69,3.62,0.07,1.9337,91622.44,33796.601
300260.SZ,20231103,31.8,33.45,31.7,33.41,32.0,1.41,4.4063,73924.41,242233.105
300261.SZ,20231103,7.6,7.72,7.6,7.67,7.6,0.07,0.9211,54905.82,42161.418
300262.SZ,20231103,3.01,3.17,2.99,3.12,3.02,0.1,3.3113,594749.39,184761.221
300263.SZ,20231103,7.13,7.3,7.11,7.25,7.12,0.13,1.8258,88605.17,64262.464
300264.SZ,20231103,6.61,6.63,6.48,6.51,6.68,-0.17,-2.5449,344888.6,225702.299
300265.SZ,20231103,9.11,9.22,9.06,9.13,9.06,0.07,0.7726,25032.03,22957.157
300266.SZ,20231103,3.28,3.32,3.24,3.26,3.26,0.0,0.0,163576.0,53774.593
300267.SZ,20231103,3.48,3.49,3.42,3.44,3.47,-0.03,-0.8646,226461.08,78038.78
300268.SZ,20231103,11.53,12.18,11.45,12.11,11.6,0.51,4.3966,23302.0,27565.724
300269.SZ,20231103,4.82,5.43,4.82,5.03,4.94,0.09,1.8219,1344596.69,690522.581
300270.SZ,20231103,7.26,7.61,7.26,7.51,7.2,0.31,4.3056,101148.0,75778.869
300271.SZ,20231103,8.37,8.58,8.37,8.53,8.33,0.2,2.401,90417.12,76950.649
300272.SZ,20231103,5.91,5.95,5.81,5.82,5.91,-0.09,-1.5228,64331.2,37695.461
300274.SZ,20231103,80.9,85.4,80.86,83.61,80.3,3.31,4.122,249951.15,2092017.303
300275.SZ,20231103,12.85,13.24,12.81,12.83,12.91,-0.08,-0.6197,87992.6,114498.131
300276.SZ,20231103,3.72,4.35,3.71,4.2,3.64,0.56,15.3846,1397688.05,573084.148
300277.SZ,20231103,8.36,8.45,8.27,8.35,8.29,0.06,0.7238,52281.0,43739.81
300278.SZ,20231103,3.82,3.99,3.82,3.91,3.74,0.17,4.5455,468669.34,182787.096
300279.SZ,20231103,6.69,7.18,6.65,6.79,6.73,0.06,0.8915,550528.86,378346.569
300280.SZ,20231103,44.2,47.33,44.11,46.51,43.05,3.46,8.0372,304610.04,1399825.175
300281.SZ,20231103,5.7,5.85,5.66,5.71,5.67,0.04,0.7055,113828.03,65402.794
300282.SZ,20231103,3.38,3.4,3.24,3.29,3.41,-0.12,-3.5191,47912.5,15884.527
300283.SZ,20231103,5.94,6.11,5.89,6.06,5.87,0.19,3.2368,94285.0,57012.704
300284.SZ,20231103,5.5,5.56,5.47,5.55,5.49,0.06,1.0929,62181.68,34417.156
300285.SZ,20231103,24.22,25.05,24.08,24.8,24.25,0.55,2.268,61161.29,151140.182
300286.SZ,20231103,27.69,28.01,27.51,27.92,27.54,0.38,1.3798,13867.0,38581.311
300287.SZ,20231103,4.16,4.44,4.14,4.32,4.15,0.17,4.0964,1146085.21,492635.188
300288.SZ,20231103,14.97,15.27,14.85,15.15,14.93,0.22,1.4735,84723.58,127754.564
300289.SZ,20231103,6.27,6.32,6.21,6.24,6.22,0.02,0.3215,64796.56,40611.617
300290.SZ,20231103,6.34,6.54,6.32,6.42,6.43,-0.01,-0.1555,629501.16,404160.859
300291.SZ,20231103,8.2,8.6,7.6,7.99,8.21,-0.22,-2.6797,1897905.83,1554854.644
300292.SZ,20231103,3.89,3.96,3.88,3.95,3.9,0.05,1.2821,295055.0,115926.406
300293.SZ,20231103,16.34,16.65,16.2,16.45,16.3,0.15,0.9202,222699.0,366048.411
300294.SZ,20231103,30.57,30.8,30.33,30.5,30.59,-0.09,-0.2942,27197.9,83049.473
300295.SZ,20231103,12.52,12.86,12.38,12.67,12.53,0.14,1.1173,99496.0,126316.987
300296.SZ,20231103,6.01,6.21,6.01,6.17,6.01,0.16,2.6622,285084.33,175240.831
300298.SZ,20231103,28.71,28.88,28.21,28.6,28.34,0.26,0.9174,41794.06,119262.351
300945.SZ,20231103,15.06,15.28,14.99,15.12,15.21,-0.09,-0.5917,56214.2,85052.039
300946.SZ,20231103,31.35,32.45,31.3,31.97,30.98,0.99,3.1956,10003.8,31987.158
300947.SZ,20231103,15.07,15.27,15.06,15.08,15.15,-0.07,-0.462,17834.89,26966.695
300948.SZ,20231103,15.26,15.46,15.22,15.28,15.21,0.07,0.4602,21216.07,32550.125
300949.SZ,20231103,39.61,39.61,38.77,38.87,39.16,-0.29,-0.7406,6300.25,24648.663
300950.SZ,20231103,17.07,17.39,16.81,17.21,16.92,0.29,1.7139,16311.21,28171.937
300951.SZ,20231103,48.31,51.56,48.25,50.57,48.6,1.97,4.0535,27788.51,138854.889
300952.SZ,20231103,19.47,19.57,19.3,19.56,19.36,0.2,1.0331,10814.99,21043.846
300953.SZ,20231103,56.82,58.49,56.82,58.05,56.58,1.47,2.5981,4508.0,26084.691
300955.SZ,20231103,22.1,22.66,21.95,22.27,22.05,0.22,0.9977,7075.0,15809.18
300956.SZ,20231103,17.95,18.45,17.95,18.41,17.99,0.42,2.3346,22086.41,40553.419
300957.SZ,20231103,75.3,76.57,75.25,75.61,75.79,-0.18,-0.2375,35901.82,272815.895
300958.SZ,20231103,18.22,18.6,18.19,18.33,18.32,0.01,0.0546,20189.0,37260.771
300959.SZ,20231103,35.65,36.26,35.49,36.05,35.44,0.61,1.7212,11233.0,40414.273
300960.SZ,20231103,22.73,23.09,22.41,22.6,22.41,0.19,0.8478,9231.0,21048.467
300961.SZ,20231103,10.65,10.8,10.6,10.77,10.64,0.13,1.2218,24190.16,25978.26
300962.SZ,20231103,16.32,16.64,16.27,16.48,16.32,0.16,0.9804,9156.61,15123.405
300963.SZ,20231103,12.62,12.87,12.5,12.74,12.62,0.12,0.9509,21077.0,26900.576
300964.SZ,20231103,40.31,41.99,40.06,41.62,39.68,1.94,4.8891,30253.56,125019.204
300965.SZ,20231103,53.97,55.31,53.8,54.42,53.63,0.79,1.4731,8630.24,47188.218
300966.SZ,20231103,26.54,26.95,25.86,25.88,28.15,-2.27,-8.0639,134698.66,353207.172
300967.SZ,20231103,14.59,14.78,14.5,14.7,14.61,0.09,0.616,14538.0,21352.514
300968.SZ,20231103,10.48,10.95,10.48,10.87,10.48,0.39,3.7214,141390.5,153190.068
300969.SZ,20231103,83.03,87.71,80.4,85.0,81.43,3.57,4.3841,38527.63,322479.465
300970.SZ,20231103,17.62,17.93,17.62,17.84,17.63,0.21,1.1912,14850.0,26488.498
300971.SZ,20231103,23.96,24.95,23.96,24.67,23.84,0.83,3.4815,35967.0,88725.218
300972.SZ,20231103,36.5,36.96,35.82,35.89,36.5,-0.61,-1.6712,12504.09,45445.948
300973.SZ,20231103,52.4,55.8,52.4,55.33,52.4,2.93,5.5916,31213.12,171389.859
300975.SZ,20231103,8.16,8.29,8.09,8.26,8.15,0.11,1.3497,210825.89,172878.661
300976.SZ,20231103,48.5,49.7,48.49,49.43,48.6,0.83,1.7078,11630.0,57290.13
300977.SZ,20231103,18.86,19.64,18.78,19.36,18.85,0.51,2.7056,25678.46,49393.801
300978.SZ,20231103,15.0,15.49,14.68,14.71,14.54,0.17,1.1692,244340.41,366631.087
300979.SZ,20231103,50.21,51.58,50.03,51.51,50.1,1.41,2.8144,13826.54,70446.483
300980.SZ,20231103,21.06,21.48,21.03,21.36,21.02,0.34,1.6175,16713.5,35628.32
300981.SZ,20231103,15.85,16.0,15.72,15.83,15.85,-0.02,-0.1262,20036.54,31803.807
300982.SZ,20231103,30.75,31.45,30.75,31.22,30.7,0.52,1.6938,24634.87,76917.28
300983.SZ,20231103,30.39,30.39,29.91,29.96,30.04,-0.08,-0.2663,3284.0,9867.511
300984.SZ,20231103,24.71,24.99,24.21,24.89,24.45,0.44,1.7996,6768.42,16811.207
300985.SZ,20231103,36.8,38.5,36.7,37.45,37.0,0.45,1.2162,39493.01,148342.135
300986.SZ,20231103,14.36,14.75,14.28,14.65,14.28,0.37,2.591,15719.75,22976.534
300987.SZ,20231103,17.04,17.19,16.83,16.98,16.98,0.0,0.0,34625.5,58896.238
600298.SH,20231103,34.23,35.72,34.23,35.53,34.3,1.23,3.586,88056.34,310623.083
600299.SH,20231103,7.65,7.8,7.65,7.76,7.65,0.11,1.4379,32020.01,24818.081
600300.SH,20231103,3.19,3.21,3.18,3.19,3.18,0.01,0.3145,169919.02,54260.628
600301.SH,20231103,13.31,13.56,13.3,13.54,13.28,0.26,1.9578,25643.0,34462.293
600302.SH,20231103,5.45,5.54,5.41,5.5,5.41,0.09,1.6636,44844.0,24665.161
600303.SH,20231103,4.7,4.75,4.61,4.63,4.75,-0.12,-2.5263,89364.0,41731.366
600305.SH,20231103,9.8,9.95,9.8,9.85,9.81,0.04,0.4077,36962.46,36561.459
600306.SH,20231103,10.69,10.77,10.56,10.61,10.62,-0.01,-0.0942,5982.0,6366.573
600307.SH,20231103,1.57,1.58,1.55,1.56,1.57,-0.01,-0.6369,211282.03,33019.701
600308.SH,20231103,3.58,3.61,3.54,3.55,3.59,-0.04,-1.1142,78175.98,27942.78
600309.SH,20231103,86.37,87.22,85.73,87.09,86.36,0.73,0.8453,46231.54,401156.683
600310.SH,20231103,3.58,3.65,3.58,3.58,3.59,-0.01,-0.2786,161735.2,58433.247
600312.SH,20231103,10.52,10.73,10.52,10.66,10.56,0.1,0.947,69426.89,74049.499
600313.SH,20231103,7.69,7.8,7.68,7.78,7.71,0.07,0.9079,71930.63,55896.189
600315.SH,20231103,22.7,23.25,22.67,23.13,22.96,0.17,0.7404,29303.84,67695.671
600316.SH,20231103,19.78,20.09,19.72,20.07,19.72,0.35,1.7748,32975.65,65924.83
600318.SH,20231103,6.58,6.65,6.53,6.58,6.56,0.02,0.3049,104131.0,68646.675
600319.SH,20231103,5.15,5.23,5.15,5.17,5.18,-0.01,-0.1931,26303.0,13657.265
600320.SH,20231103,3.37,3.42,3.36,3.4,3.36,0.04,1.1905,151600.02,51500.926
600321.SH,20231103,1.7,1.72,1.67,1.68,1.7,-0.02,-1.1765,146035.26,24707.423
600322.SH,20231103,2.51,2.55,2.46,2.47,2.53,-0.06,-2.3715,886252.15,219689.881
600323.SH,20231103,17.81,18.05,17.74,17.97,17.74,0.23,1.2965,29845.69,53590.697
600325.SH,20231103,8.16,8.21,8.0,8.04,8.19,-0.15,-1.8315,250532.0,202042.933
600326.SH,20231103,5.53,5.56,5.23,5.29,5.53,-0.24,-4.34,806287.14,432644.284
600327.SH,20231103,4.81,4.84,4.77,4.78,4.81,-0.03,-0.6237,57924.41,27748.035
600328.SH,20231103,7.94,7.99,7.91,7.93,7.91,0.02,0.2528,71102.84,56514.809
600329.SH,20231103,29.3,29.84,29.03,29.43,29.35,0.08,0.2726,62593.56,183952.006
600330.SH,20231103,8.56,8.82,8.55,8.79,8.54,0.25,2.9274,196189.1,171345.603
600331.SH,20231103,4.65,4.74,4.6,4.63,4.64,-0.01,-0.2155,399965.0,186637.438
600332.SH,20231103,29.51,29.78,29.45,29.55,29.56,-0.01,-0.0338,40067.0,118667.544
600333.SH,20231103,5.19,5.24,5.17,5.18,5.19,-0.01,-0.1927,46920.14,24416.111
600335.SH,20231103,9.2,9.39,8.44,8.48,8.83,-0.35,-3.9638,1153896.91,1018748.066
600336.SH,20231103,5.4,5.48,5.4,5.47,5.42,0.05,0.9225,71208.0,38865.237
600337.SH,20231103,2.51,2.56,2.49,2.53,2.52,0.01,0.3968,112978.3,28599.694
600338.SH,20231103,13.51,13.64,13.32,13.55,13.51,0.04,0.2961,139474.51,188086.275
600339.SH,20231103,3.36,3.37,3.33,3.34,3.35,-0.01,-0.2985,258464.28,86540.209
600340.SH,20231103,1.86,1.87,1.84,1.85,1.86,-0.01,-0.5376,267826.55,49673.786
600343.SH,20231103,9.85,10.48,9.81,10.29,9.81,0.48,4.893,153737.82,158083.077
600345.SH,20231103,19.09,19.95,19.02,19.63,19.02,0.61,3.2072,42107.01,82631.934
600346.SH,20231103,14.75,14.85,14.6,14.68,14.76,-0.08,-0.542,104798.33,154254.225
600348.SH,20231103,8.02,8.1,7.96,7.99,7.97,0.02,0.2509,243789.9,195548.371
601515.SH,20231103,3.95,4.0,3.95,3.99,3.96,0.03,0.7576,62964.08,25104.715
601518.SH,20231103,2.61,2.63,2.55,2.57,2.6,-0.03,-1.1538,213825.89,55130.48
601519.SH,20231103,7.5,7.75,7.5,7.63,7.51,0.12,1.5979,251787.05,192210.28
601528.SH,20231103,5.1,5.17,5.1,5.15,5.1,0.05,0.9804,135879.8,69795.116
601555.SH,20231103,7.9,7.97,7.84,7.87,7.92,-0.05,-0.6313,718414.55,566786.825
601566.SH,20231103,9.9,9.98,9.86,9.89,9.9,-0.01,-0.101,14348.0,14230.229
601567.SH,20231103,16.04,16.41,15.98,16.3,15.98,0.32,2.0025,77476.99,126100.707
601568.SH,20231103,5.01,5.02,4.95,4.98,5.01,-0.03,-0.5988,122565.08,61145.941
601577.SH,20231103,7.36,7.41,7.32,7.34,7.36,-0.02,-0.2717,126804.97,93316.092
601579.SH,20231103,11.18,11.32,11.1,11.22,11.12,0.1,0.8993,22797.0,25612.129
601588.SH,20231103,2.02,2.04,2.0,2.0,2.02,-0.02,-0.9901,247037.01,49707.953
601595.SH,20231103,18.83,21.01,18.6,20.14,19.1,1.04,5.445,387789.91,780005.64
601598.SH,20231103,4.44,4.48,4.41,4.42,4.44,-0.02,-0.4505,151808.0,67470.412
601599.SH,20231103,3.44,3.64,3.4,3.49,3.45,0.04,1.1594,320086.0,111995.792
601600.SH,20231103,6.2,6.21,6.01,6.03,6.17,-0.14,-2.269,1148150.3,698742.056
601601.SH,20231103,27.21,27.29,26.83,26.94,27.12,-0.18,-0.6637,235796.85,637015.123
601606.SH,20231103,12.1,12.41,12.1,12.34,12.13,0.21,1.7312,91677.83,112956.114
601607.SH,20231103,18.05,18.17,17.85,17.91,18.1,-0.19,-1.0497,112408.55,202256.022
601608.SH,20231103,3.68,3.73,3.67,3.71,3.66,0.05,1.3661,163673.0,60664.187
601609.SH,20231103,6.9,6.92,6.83,6.85,6.9,-0.05,-0.7246,74723.93,51281.426
601611.SH,20231103,7.0,7.06,6.99,7.03,7.02,0.01,0.1425,68314.0,48022.397
601615.SH,20231103,13.73,14.14,13.73,14.04,13.72,0.32,2.3324,187183.53,262022.604
601616.SH,20231103,3.29,3.34,3.29,3.3,3.29,0.01,0.304,54775.49,18175.566
601618.SH,20231103,3.26,3.29,3.25,3.27,3.26,0.01,0.3067,577171.81,188751.875
601619.SH,20231103,3.51,3.6,3.5,3.57,3.51,0.06,1.7094,294822.12,105161.733
601628.SH,20231103,32.53,32.88,32.36,32.74,32.53,0.21,0.6456,108438.39,353961.535
601633.SH,20231103,29.86,30.25,29.73,29.97,29.92,0.05,0.1671,127166.9,381552.901
601636.SH,20231103,7.83,7.98,7.82,7.96,7.83,0.13,1.6603,165331.09,130709.46
601658.SH,20231103,4.67,4.68,4.63,4.64,4.67,-0.03,-0.6424,789256.0,367007.653
601665.SH,20231103,4.03,4.05,4.01,4.01,4.03,-0.02,-0.4963,122488.82,49295.369
601666.SH,20231103,10.02,10.23,9.93,10.01,9.91,0.1,1.0091,294347.47,296575.677
601668.SH,20231103,5.17,5.19,5.14,5.15,5.16,-0.01,-0.1938,1190154.85,614140.819
601669.SH,20231103,5.17,5.2,5.16,5.18,5.17,0.01,0.1934,529016.13,273928.846
601677.SH,20231103,12.14,12.33,12.12,12.25,12.13,0.12,0.9893,95837.98,117201.12
601678.SH,20231103,4.49,4.52,4.44,4.45,4.49,-0.04,-0.8909,121097.57,54212.895
601686.SH,20231103,6.25,6.3,6.22,6.25,6.25,0.0,0.0,44287.03,27764.072
601688.SH,20231103,16.09,16.53,15.95,16.36,16.1,0.26,1.6149,741407.93,1208087.606
601689.SH,20231103,66.3,68.47,64.95,67.2,64.21,2.99,4.6566,114920.63,768124.105
601696.SH,20231103,10.72,10.83,10.7,10.79,10.69,0.1,0.9355,195274.36,210338.047
601698.SH,20231103,18.0,18.7,17.86,18.51,18.06,0.45,2.4917,512004.33,944959.954
601699.SH,20231103,19.09,19.38,18.99,19.17,18.92,0.25,1.3214,139053.98,267244.938
605020.SH,20231103,22.81,23.43,22.81,23.15,22.81,0.34,1.4906,20077.2,46577.01
605028.SH,20231103,18.51,18.88,18.29,18.31,18.51,-0.2,-1.0805,18800.03,34810.66
605033.SH,20231103,19.08,19.45,19.08,19.36,19.11,0.25,1.3082,11711.0,22621.094
605050.SH,20231103,11.11,11.2,10.95,11.05,11.05,0.0,0.0,48423.01,53486.471
605055.SH,20231103,7.3,7.37,7.04,7.17,7.38,-0.21,-2.8455,117777.0,84859.995
605056.SH,20231103,12.05,12.34,11.93,12.26,12.07,0.19,1.5742,10425.0,12795.319
605058.SH,20231103,21.54,22.27,21.4,22.15,21.54,0.61,2.8319,12540.0,27627.058
605060.SH,20231103,19.2,20.06,19.07,19.73,19.0,0.73,3.8421,20384.12,40136.784
605066.SH,20231103,8.74,8.9,8.73,8.78,8.77,0.01,0.114,48796.0,43016.705
605068.SH,20231103,24.65,25.51,24.3,25.0,24.82,0.18,0.7252,21588.0,54170.981
605069.SH,20231103,10.33,10.5,10.3,10.38,10.26,0.12,1.1696,41831.3,43466.837
605077.SH,20231103,22.23,22.45,21.99,22.06,22.16,-0.1,-0.4513,19258.25,42735.767
605080.SH,20231103,23.01,23.52,22.93,23.44,23.1,0.34,1.4719,11897.63,27730.451
605081.SH,20231103,13.82,14.14,13.78,13.95,13.82,0.13,0.9407,15601.05,21892.771
605086.SH,20231103,22.82,25.03,22.18,24.0,22.75,1.25,5.4945,103424.21,250334.906
605088.SH,20231103,20.15,20.6,19.8,20.43,19.86,0.57,2.8701,56224.0,114181.771
605089.SH,20231103,36.3,37.58,36.2,37.27,36.42,0.85,2.3339,6051.87,22488.887
605090.SH,20231103,24.32,24.59,24.25,24.31,24.37,-0.06,-0.2462,39193.0,95605.662
605098.SH,20231103,37.04,38.17,37.02,37.83,37.51,0.32,0.8531,3739.9,14144.349
605099.SH,20231103,20.06,20.3,19.91,20.13,20.16,-0.03,-0.1488,7363.0,14825.841
605100.SH,20231103,15.12,15.41,15.12,15.36,15.14,0.22,1.4531,9313.96,14272.819
605108.SH,20231103,28.91,29.8,28.91,29.48,29.06,0.42,1.4453,5360.0,15746.574
605111.SH,20231103,40.5,44.03,39.75,42.7,40.41,2.29,5.6669,263152.8,1096604.975
605116.SH,20231103,25.0,25.49,24.72,25.1,25.34,-0.24,-0.9471,46626.79,117001.862
605117.SH,20231103,66.22,71.6,66.22,70.61,66.38,4.23,6.3724,129601.43,906770.456
605118.SH,20231103,15.11,15.54,15.0,15.5,15.01,0.49,3.2645,23613.59,36409.235
605122.SH,20231103,15.49,15.5,15.27,15.3,15.45,-0.15,-0.9709,7051.4,10826.123
605123.SH,20231103,80.82,83.11,80.02,82.72,80.82,1.9,2.3509,7244.04,59642.497
605128.SH,20231103,54.39,54.39,53.05,53.28,53.9,-0.62,-1.1503,15807.0,84417.944
605133.SH,20231103,28.04,28.98,28.04,28.45,28.08,0.37,1.3177,23704.96,67730.804
605136.SH,20231103,10.35,10.38,10.23,10.27,10.35,-0.08,-0.7729,32295.0,33241.991
605138.SH,20231103,7.78,7.89,7.77,7.84,7.77,0.07,0.9009,11831.0,9274.034
605151.SH,20231103,19.96,20.15,19.69,19.9,20.27,-0.37,-1.8254,47405.91,94323.122
605155.SH,20231103,15.94,16.11,15.82,15.97,15.94,0.03,0.1882,11233.2,17968.954
605158.SH,20231103,7.58,7.62,7.54,7.56,7.6,-0.04,-0.5263,35320.2,26780.556
605162.SH,20231103,9.17,9.17,9.01,9.08,9.09,-0.01,-0.11,23160.0,21133.616
605166.SH,20231103,9.54,9.69,9.5,9.65,9.47,0.18,1.9007,20672.0,19889.883
605167.SH,20231103,8.95,9.07,8.92,9.02,8.93,0.09,1.0078,54608.88,49275.848
605168.SH,20231103,60.44,61.69,59.81,61.49,60.51,0.98,1.6196,24574.7,149931.776
605169.SH,20231103,11.22,11.26,11.12,11.18,11.16,0.02,0.1792,26413.06,29554.151
605177.SH,20231103,30.5,30.55,29.7,29.7,30.37,-0.67,-2.2061,17389.59,52320.241
688789.SH,20231103,95.01,102.35,95.01,99.75,95.31,4.44,4.6585,11947.46,119409.462
688793.SH,20231103,36.89,38.42,36.89,38.24,36.89,1.35,3.6595,9903.27,37714.914
688798.SH,20231103,82.46,84.6,79.66,84.25,81.66,2.59,3.1717,24861.98,206407.746
688799.SH,20231103,46.83,47.77,45.0,45.4,47.07,-1.67,-3.5479,28240.61,129223.277
688800.SH,20231103,38.18,39.25,38.01,38.99,38.01,0.98,2.5783,14511.49,56406.503
688819.SH,20231103,31.82,32.25,31.73,31.8,31.82,-0.02,-0.0629,12450.29,39825.478
688981.SH,20231103,57.45,57.99,56.81,57.86,57.31,0.55,0.9597,276587.32,1589991.427
689009.SH,20231103,33.3,33.93,33.05,33.42,32.92,0.5,1.5188,29955.52,100381.867
920000.BJ,20231103,5.08,5.12,5.01,5.09,5.11,-0.02,-0.3914,4146.17,2095.755
920058.BJ,20231103,9.82,10.2,9.82,10.07,9.88,0.19,1.9231,2447.65,2457.941
920429.BJ,20231103,7.25,7.39,7.21,7.39,7.25,0.14,1.931,687.44,501.517
920953.BJ,20231103,9.89,10.34,9.89,10.21,9.88,0.33,3.3401,9970.03,10160.658
920651.BJ,20231103,11.73,12.0,11.62,11.79,11.6,0.19,1.6379,1622.28,1912.822
920505.BJ,20231103,10.06,10.13,10.0,10.1,9.93,0.17,1.712,642.88,648.491
920765.BJ,20231103,5.49,5.49,5.14,5.25,5.19,0.06,1.1561,408.0,215.455
920821.BJ,20231103,8.19,8.2,8.0,8.07,8.02,0.05,0.6234,874.76,703.392
920509.BJ,20231103,6.71,6.73,6.61,6.73,6.67,0.06,0.8996,252.4,168.341
920576.BJ,20231103,13.2,14.19,13.2,14.03,13.57,0.46,3.3898,6990.76,9702.747
920575.BJ,20231103,15.5,15.81,15.45,15.5,15.61,-0.11,-0.7047,1972.64,3064.036
920693.BJ,20231103,30.0,30.3,27.27,27.74,29.5,-1.76,-5.9661,48655.35,137253.012
920179.BJ,20231103,15.81,16.09,15.67,16.09,15.74,0.35,2.2236,1544.16,2456.249
920701.BJ,20231103,6.29,6.54,6.29,6.44,6.34,0.1,1.5773,4579.26,2960.508
920553.BJ,20231103,2.94,2.95,2.92,2.95,2.95,0.0,0.0,988.87,291.12
920436.BJ,20231103,5.55,5.55,5.33,5.47,5.38,0.09,1.6729,352.91,192.62
920768.BJ,20231103,3.96,3.99,3.93,3.94,3.94,0.0,0.0,1038.34,410.738
920057.BJ,20231103,3.04,3.06,3.01,3.05,3.04,0.01,0.3289,2360.87,715.046
920198.BJ,20231103,3.82,3.85,3.78,3.83,3.8,0.03,0.7895,246.01,94.277
920876.BJ,20231103,6.08,6.17,6.0,6.13,6.11,0.02,0.3273,2962.33,1808.508
920578.BJ,20231103,11.52,13.65,11.0,13.65,10.5,3.15,30.0,52235.32,68022.584
920839.BJ,20231103,7.0,7.07,6.97,7.06,6.98,0.08,1.1461,974.24,683.935
920508.BJ,20231103,5.9,6.0,5.78,5.98,5.79,0.19,3.2815,1158.54,687.579
920357.BJ,20231103,7.04,7.15,7.04,7.14,7.09,0.05,0.7052,368.26,262.167
920970.BJ,20231103,3.24,3.24,3.17,3.19,3.16,0.03,0.9494,269.01,86.156
920402.BJ,20231103,11.87,11.99,11.76,11.85,11.84,0.01,0.0845,15240.96,18069.339
920663.BJ,20231103,8.33,8.8,8.05,8.59,8.0,0.59,7.375,54186.2,46273.64
920062.BJ,20231103,4.25,4.35,4.24,4.34,4.28,0.06,1.4019,4108.35,1762.735
920370.BJ,20231103,2.27,2.3,2.27,2.29,2.28,0.01,0.4386,2426.66,555.202
920212.BJ,20231103,4.22,4.36,4.21,4.32,4.26,0.06,1.4085,5372.54,2306.259
920469.BJ,20231103,5.97,6.4,5.97,6.32,6.03,0.29,4.8093,15287.69,9464.538
920227.BJ,20231103,17.6,17.89,17.24,17.54,17.6,-0.06,-0.3409,1315.44,2295.273
920396.BJ,20231103,6.26,6.39,6.23,6.31,6.31,0.0,0.0,149.37,94.257
920533.BJ,20231103,12.21,12.7,12.14,12.55,12.09,0.46,3.8048,3759.65,4705.288
001282.SZ,20231103,36.37,36.97,35.8,36.2,35.78,0.42,1.1738,60938.46,221572.867
001283.SZ,20231103,43.18,43.8,42.62,43.2,43.18,0.02,0.0463,24409.0,105194.671
001286.SZ,20231103,8.39,8.49,8.39,8.45,8.33,0.12,1.4406,118071.77,99802.308
001287.SZ,20231103,21.22,22.06,21.22,21.92,21.22,0.7,3.2988,96495.6,209799.023
001288.SZ,20231103,16.82,17.15,16.73,16.9,16.76,0.14,0.8353,10313.0,17484.178
001289.SZ,20231103,20.26,20.7,19.96,20.05,20.18,-0.13,-0.6442,33158.45,67088.306
001296.SZ,20231103,23.01,23.73,22.74,23.25,22.79,0.46,2.0184,35928.7,83628.357
001298.SZ,20231103,28.5,29.46,28.13,29.3,28.13,1.17,4.1593,99520.47,287457.238
001299.SZ,20231103,16.41,16.65,16.31,16.6,16.41,0.19,1.1578,31763.41,52492.863
001300.SZ,20231103,12.08,12.2,11.83,11.99,12.15,-0.16,-1.3169,52323.62,62388.703
001301.SZ,20231103,43.94,44.92,43.88,44.38,44.12,0.26,0.5893,6343.0,28224.3
001308.SZ,20231103,23.77,24.29,23.67,24.22,23.8,0.42,1.7647,17766.72,42858.001
001309.SZ,20231103,88.32,91.91,88.0,91.49,88.3,3.19,3.6127,15940.0,143685.752
001311.SZ,20231103,49.68,50.38,49.34,50.05,49.38,0.67,1.3568,21110.29,105582.741
001313.SZ,20231103,9.2,9.38,9.15,9.34,9.21,0.13,1.4115,39343.32,36614.764
001314.SZ,20231103,37.0,38.55,36.38,38.25,36.15,2.1,5.8091,32763.15,123770.89
001316.SZ,20231103,35.12,36.64,34.86,35.92,34.9,1.02,2.9226,11428.0,40929.077
001317.SZ,20231103,35.03,35.29,34.63,35.05,35.3,-0.25,-0.7082,19990.31,69796.414
001318.SZ,20231103,13.1,13.33,13.1,13.28,13.07,0.21,1.6067,14995.0,19881.918
001319.SZ,20231103,28.53,29.8,28.09,29.57,29.28,0.29,0.9904,104301.13,302153.655
001322.SZ,20231103,12.55,12.86,12.49,12.76,12.58,0.18,1.4308,29622.92,37769.556
001323.SZ,20231103,33.67,33.88,33.3,33.46,33.68,-0.22,-0.6532,16896.5,56768.625
001324.SZ,20231103,25.25,26.08,25.25,26.0,25.21,0.79,3.1337,39013.67,100903.242
001328.SZ,20231103,28.99,29.49,28.99,29.32,29.0,0.32,1.1034,10324.13,30318.999
001330.SZ,20231103,7.22,7.31,7.15,7.24,7.23,0.01,0.1383,82211.59,59472.108
001331.SZ,20231103,18.58,18.59,18.13,18.18,18.77,-0.59,-3.1433,56030.49,102497.442
001332.SZ,20231103,32.39,33.45,32.38,33.29,32.38,0.91,2.8104,7408.58,24575.499
001333.SZ,20231103,23.5,23.5,22.27,22.6,22.33,0.27,1.2091,9619.13,21761.925
001336.SZ,20231103,26.5,27.3,26.5,26.65,26.49,0.16,0.604,15288.23,41216.661
001337.SZ,20231103,28.58,28.89,28.33,28.87,28.67,0.2,0.6976,34446.29,98723.543
001338.SZ,20231103,13.8,14.08,13.77,13.94,13.73,0.21,1.5295,24838.7,34707.931
001339.SZ,20231103,23.14,23.93,23.09,23.84,22.96,0.88,3.8328,25171.0,59589.407
001360.SZ,20231103,17.34,17.76,17.32,17.64,17.32,0.32,1.8476,20883.99,36864.277
001366.SZ,20231103,14.95,15.04,14.92,15.0,14.94,0.06,0.4016,12319.42,18466.736
001367.SZ,20231103,46.79,50.95,45.64,50.95,46.32,4.63,9.9957,40237.79,196568.31
001368.SZ,20231103,23.95,24.65,23.95,24.58,24.03,0.55,2.2888,12502.89,30572.514
001373.SZ,20231103,39.8,41.76,39.7,41.61,40.0,1.61,4.025,16404.0,67755.447
001376.SZ,20231103,38.0,49.4,27.01,38.9,4.56,34.34,753.0702,388488.37,1389924.149
001378.SZ,20231103,52.34,54.39,48.3,48.37,55.0,-6.63,-12.0545,146221.12,740512.999
001380.SZ,20231103,35.0,35.44,33.96,34.04,34.1,-0.06,-0.176,61077.5,210878.616
001696.SZ,20231103,6.31,6.49,6.31,6.45,6.31,0.14,2.2187,85756.0,55206.711
001872.SZ,20231103,15.77,15.78,15.54,15.62,15.74,-0.12,-0.7624,22216.56,34734.175
002639.SZ,20231103,7.5,7.61,7.5,7.53,7.49,0.04,0.534,59029.0,44653.012
002640.SZ,20231103,4.5,4.56,4.41,4.44,4.67,-0.23,-4.9251,2314935.96,1036744.135
002641.SZ,20231103,5.23,5.37,5.22,5.32,5.22,0.1,1.9157,104854.01,55775.644
002642.SZ,20231103,8.58,8.64,8.51,8.56,8.57,-0.01,-0.1167,342873.5,293806.55
002643.SZ,20231103,16.55,17.03,16.5,16.89,16.6,0.29,1.747,31721.5,53584.889
002644.SZ,20231103,9.9,10.03,9.84,9.92,9.82,0.1,1.0183,41638.0,41423.618
002645.SZ,20231103,9.71,10.09,9.7,10.0,9.72,0.28,2.8807,68637.64,68428.538
002646.SZ,20231103,14.78,14.96,14.71,14.77,14.72,0.05,0.3397,48082.63,71273.697
002647.SZ,20231103,5.61,5.68,5.61,5.65,5.62,0.03,0.5338,54239.0,30663.104
002648.SZ,20231103,16.19,16.38,16.11,16.2,16.15,0.05,0.3096,125057.13,203232.692
002649.SZ,20231103,11.53,11.97,11.49,11.82,11.47,0.35,3.0514,138305.03,162576.401
002650.SZ,20231103,4.12,4.15,4.1,4.12,4.12,0.0,0.0,58443.0,24145.194
002651.SZ,20231103,6.9,7.11,6.89,7.06,6.91,0.15,2.1708,106574.0,75104.778
002652.SZ,20231103,3.25,3.34,3.23,3.24,3.28,-0.04,-1.2195,269369.0,88367.868
002653.SZ,20231103,24.25,24.91,23.87,24.02,24.25,-0.23,-0.9485,42576.0,103787.939
002654.SZ,20231103,14.8,15.16,14.22,14.88,15.01,-0.13,-0.8661,1150739.88,1681585.81
002655.SZ,20231103,12.57,12.89,12.43,12.85,12.57,0.28,2.2275,82343.0,105065.908
002656.SZ,20231103,1.92,1.93,1.89,1.91,1.91,0.0,0.0,43895.0,8381.703
002657.SZ,20231103,17.57,17.92,17.41,17.57,17.82,-0.25,-1.4029,264490.49,465541.176
002658.SZ,20231103,8.06,8.25,8.02,8.19,8.04,0.15,1.8657,130173.27,106118.658
002659.SZ,20231103,4.38,4.39,4.31,4.32,4.36,-0.04,-0.9174,90574.0,39315.042
002660.SZ,20231103,9.03,9.25,9.01,9.19,9.01,0.18,1.9978,40179.0,36938.758
002661.SZ,20231103,9.57,9.6,9.5,9.52,9.52,0.0,0.0,19778.0,18888.199
002662.SZ,20231103,3.64,3.69,3.61,3.67,3.64,0.03,0.8242,302635.89,110877.723
002663.SZ,20231103,1.88,1.91,1.87,1.88,1.87,0.01,0.5348,111893.46,21108.74
002664.SZ,20231103,17.93,19.69,17.9,19.35,17.9,1.45,8.1006,152438.32,289066.304
002665.SZ,20231103,2.66,2.72,2.66,2.7,2.66,0.04,1.5038,202790.7,54700.483
002666.SZ,20231103,5.05,5.07,5.01,5.03,5.05,-0.02,-0.396,63661.19,32037.304
002667.SZ,20231103,12.09,12.45,12.09,12.39,12.08,0.31,2.5662,41395.0,51206.462
002668.SZ,20231103,6.99,7.11,6.91,6.94,7.0,-0.06,-0.8571,104999.8,73499.045
002669.SZ,20231103,12.13,12.37,12.1,12.33,12.16,0.17,1.398,41150.73,50644.446
002670.SZ,20231103,9.71,9.87,9.68,9.77,9.71,0.06,0.6179,218798.29,213907.981
002671.SZ,20231103,5.48,5.62,5.37,5.53,5.64,-0.11,-1.9504,699212.93,383403.269
002672.SZ,20231103,5.55,5.65,5.55,5.59,5.61,-0.02,-0.3565,37331.5,20894.174
002673.SZ,20231103,6.59,6.66,6.57,6.61,6.55,0.06,0.916,298358.48,197434.396
002674.SZ,20231103,11.91,12.24,11.86,12.02,11.86,0.16,1.3491,22626.9,27358.317
002675.SZ,20231103,17.88,18.0,17.52,17.7,17.9,-0.2,-1.1173,116267.12,206002.912
002676.SZ,20231103,4.43,4.57,4.4,4.53,4.43,0.1,2.2573,138110.0,62325.502
002677.SZ,20231103,10.48,10.65,10.4,10.53,10.48,0.05,0.4771,25654.0,27147.047
002678.SZ,20231103,5.49,5.49,5.39,5.45,5.46,-0.01,-0.1832,20557.0,11170.607
002679.SZ,20231103,12.16,12.42,12.16,12.4,12.16,0.24,1.9737,38605.0,47611.062
300299.SZ,20231103,6.79,6.84,6.5,6.62,7.17,-0.55,-7.6709,1067188.34,709868.972
300300.SZ,20231103,4.27,4.37,4.27,4.34,4.28,0.06,1.4019,173822.92,75348.721
300301.SZ,20231103,1.89,1.92,1.87,1.88,1.93,-0.05,-2.5907,270707.55,51116.716
300302.SZ,20231103,13.99,14.58,13.88,14.33,14.01,0.32,2.2841,321414.09,456410.914
300303.SZ,20231103,5.5,5.66,5.5,5.64,5.49,0.15,2.7322,320948.12,180276.563
300304.SZ,20231103,6.16,6.22,6.09,6.16,6.17,-0.01,-0.1621,253381.4,156005.657
300305.SZ,20231103,9.78,10.0,9.75,9.89,9.78,0.11,1.1247,27998.0,27791.76
300306.SZ,20231103,11.79,12.1,11.76,12.0,11.75,0.25,2.1277,46501.68,55919.792
300307.SZ,20231103,6.57,6.77,6.55,6.67,6.49,0.18,2.7735,214997.67,143544.293
300308.SZ,20231103,86.5,91.16,86.5,88.65,85.93,2.72,3.1654,383209.98,3426594.903
300310.SZ,20231103,4.51,4.57,4.48,4.53,4.5,0.03,0.6667,130020.26,59017.898
300311.SZ,20231103,5.76,5.89,5.76,5.85,5.77,0.08,1.3865,73745.46,43165.486
300313.SZ,20231103,12.15,13.66,12.15,13.35,12.9,0.45,3.4884,246143.65,323467.893
300314.SZ,20231103,13.64,13.98,13.6,13.88,13.64,0.24,1.7595,28833.0,39891.767
300315.SZ,20231103,4.59,4.61,4.45,4.56,4.62,-0.06,-1.2987,1169304.41,530281.713
300316.SZ,20231103,41.58,43.08,41.54,42.85,41.53,1.32,3.1784,107612.48,459312.446
300317.SZ,20231103,4.96,5.06,4.96,5.01,4.94,0.07,1.417,76033.42,38215.423
300318.SZ,20231103,6.28,6.33,6.16,6.18,6.27,-0.09,-1.4354,74160.92,46115.164
300319.SZ,20231103,10.38,10.64,10.33,10.59,10.4,0.19,1.8269,390299.13,411100.82
300320.SZ,20231103,7.02,7.2,7.01,7.16,7.02,0.14,1.9943,51717.0,36934.9
300321.SZ,20231103,17.97,18.3,17.91,18.09,18.01,0.08,0.4442,14436.0,26197.985
300322.SZ,20231103,11.58,12.32,11.56,11.98,11.75,0.23,1.9574,563183.13,676893.093
300323.SZ,20231103,6.57,6.8,6.56,6.78,6.57,0.21,3.1963,90935.0,61176.104
300324.SZ,20231103,3.45,3.63,3.43,3.55,3.45,0.1,2.8986,730098.15,258534.757
300326.SZ,20231103,6.66,6.78,6.66,6.69,6.69,0.0,0.0,44421.28,29831.112
300327.SZ,20231103,24.48,25.76,24.48,25.56,24.5,1.06,4.3265,71371.32,180551.056
300328.SZ,20231103,7.11,7.25,7.01,7.16,7.09,0.07,0.9873,285147.75,204450.942
300329.SZ,20231103,7.18,7.22,7.12,7.16,7.18,-0.02,-0.2786,25547.18,18316.149
300331.SZ,20231103,22.84,23.42,22.83,23.34,22.87,0.47,2.0551,78263.81,181572.689
300332.SZ,20231103,9.31,9.48,9.27,9.41,9.31,0.1,1.0741,50040.0,47175.25
300333.SZ,20231103,7.39,7.65,7.38,7.57,7.41,0.16,2.1592,141541.77,106820.09
300334.SZ,20231103,7.45,7.57,7.43,7.53,7.45,0.08,1.0738,35150.1,26471.389
300335.SZ,20231103,5.64,5.68,5.58,5.61,5.62,-0.01,-0.1779,169929.0,95727.865
300337.SZ,20231103,9.55,9.75,8.78,9.33,9.49,-0.16,-1.686,1618158.85,1494394.182
300338.SZ,20231103,4.3,4.33,4.26,4.3,4.27,0.03,0.7026,80338.0,34512.842
300339.SZ,20231103,25.4,25.98,25.35,25.71,25.26,0.45,1.7815,586683.62,1505285.987
300340.SZ,20231103,11.31,11.66,11.31,11.62,11.37,0.25,2.1988,26524.0,30736.981
300341.SZ,20231103,12.13,13.99,11.98,13.64,12.09,1.55,12.8205,376045.07,496684.018
300342.SZ,20231103,17.05,17.3,16.58,16.88,16.98,-0.1,-0.5889,661253.81,1121336.876
300343.SZ,20231103,6.76,6.89,6.76,6.87,6.76,0.11,1.6272,112757.5,77196.418
300344.SZ,20231103,6.2,6.41,6.18,6.2,6.18,0.02,0.3236,201784.42,126904.85
300988.SZ,20231103,21.44,22.0,21.44,21.82,21.48,0.34,1.5829,25006.8,54635.844
300989.SZ,20231103,19.34,19.56,19.06,19.38,19.57,-0.19,-0.9709,40167.84,77352.071
300990.SZ,20231103,45.56,46.2,45.07,45.73,45.07,0.66,1.4644,26436.73,120427.706
300991.SZ,20231103,16.26,16.76,16.26,16.67,16.26,0.41,2.5215,52650.2,87576.236
300992.SZ,20231103,20.42,21.14,20.42,20.98,20.56,0.42,2.0428,22101.36,46389.939
300993.SZ,20231103,11.44,11.53,11.38,11.45,11.45,0.0,0.0,25788.74,29554.937
300994.SZ,20231103,14.5,14.71,14.5,14.53,14.58,-0.05,-0.3429,16836.0,24564.011
300995.SZ,20231103,22.44,22.66,22.15,22.46,22.16,0.3,1.3538,8935.15,20065.565
300996.SZ,20231103,22.03,22.73,21.9,22.49,22.03,0.46,2.0881,38640.56,86818.541
300997.SZ,20231103,13.43,13.64,13.4,13.49,13.45,0.04,0.2974,19626.28,26455.728
300998.SZ,20231103,22.78,23.5,22.78,23.21,22.77,0.44,1.9324,17341.74,40293.315
300999.SZ,20231103,34.58,35.03,34.51,34.85,34.65,0.2,0.5772,66711.54,232109.121
301000.SZ,20231103,16.5,17.05,16.43,16.86,16.37,0.49,2.9933,20559.62,34679.655
301001.SZ,20231103,26.52,26.78,26.17,26.4,26.58,-0.18,-0.6772,14842.74,39155.436
301002.SZ,20231103,19.89,20.22,19.71,20.03,19.7,0.33,1.6751,11396.64,22863.983
301003.SZ,20231103,25.08,25.25,24.88,24.99,25.08,-0.09,-0.3589,8436.1,21166.064
301004.SZ,20231103,44.99,45.8,44.83,45.3,44.99,0.31,0.689,7980.89,36207.974
301005.SZ,20231103,28.8,29.59,28.68,29.48,28.28,1.2,4.2433,27629.95,80679.441
301006.SZ,20231103,17.81,18.39,17.8,18.26,17.8,0.46,2.5843,12530.0,22853.003
301007.SZ,20231103,18.19,18.85,17.9,18.34,17.78,0.56,3.1496,193580.52,356855.451
301008.SZ,20231103,29.56,30.38,29.56,29.92,29.66,0.26,0.8766,8326.4,25042.574
301009.SZ,20231103,12.01,12.12,11.88,11.95,11.88,0.07,0.5892,11237.0,13501.798
301010.SZ,20231103,18.82,19.28,18.82,19.0,18.82,0.18,0.9564,9399.12,17912.829
301011.SZ,20231103,20.79,21.07,20.3,20.76,21.06,-0.3,-1.4245,38439.56,79834.085
301012.SZ,20231103,20.96,21.73,20.85,21.59,20.8,0.79,3.7981,14554.93,31262.098
301013.SZ,20231103,14.79,15.12,14.6,15.05,14.69,0.36,2.4506,98103.53,146197.387
301015.SZ,20231103,33.72,35.35,33.13,33.5,33.89,-0.39,-1.1508,85104.81,288551.986
301016.SZ,20231103,22.54,23.1,22.49,22.65,22.36,0.29,1.297,12662.0,28902.585
301017.SZ,20231103,19.53,19.53,19.02,19.38,19.34,0.04,0.2068,14565.35,28210.657
301018.SZ,20231103,26.57,27.06,26.57,26.98,26.43,0.55,2.081,35828.05,96258.201
301019.SZ,20231103,22.1,22.4,22.05,22.24,22.09,0.15,0.679,7865.0,17522.744
301020.SZ,20231103,20.08,20.4,19.99,20.23,19.98,0.25,1.2513,6653.41,13467.089
301021.SZ,20231103,24.48,25.58,24.3,25.51,24.24,1.27,5.2393,64673.4,162294.994
301022.SZ,20231103,28.29,29.27,28.22,28.71,28.42,0.29,1.0204,27261.2,78384.685
301023.SZ,20231103,39.52,40.98,39.52,40.43,38.78,1.65,4.2548,11265.75,45482.121
301024.SZ,20231103,29.01,29.82,29.01,29.48,28.78,0.7,2.4322,9301.0,27359.439
301025.SZ,20231103,11.05,11.16,10.82,11.04,11.0,0.04,0.3636,36729.96,40397.957
301026.SZ,20231103,28.28,29.2,28.28,28.9,28.56,0.34,1.1905,9432.0,27310.52
301027.SZ,20231103,12.2,12.35,12.17,12.31,12.19,0.12,0.9844,14479.0,17816.838
301028.SZ,20231103,10.49,10.84,10.49,10.76,10.48,0.28,2.6718,21504.33,23088.991
301029.SZ,20231103,27.39,28.12,27.21,27.93,27.68,0.25,0.9032,99976.83,277864.523
600350.SH,20231103,6.65,6.7,6.56,6.57,6.66,-0.09,-1.3514,101412.95,67198.733
600351.SH,20231103,7.55,7.67,7.36,7.39,7.77,-0.38,-4.8906,672425.0,503201.629
600352.SH,20231103,8.85,8.91,8.82,8.84,8.83,0.01,0.1133,72284.93,64129.037
600353.SH,20231103,7.71,8.25,7.65,8.22,7.9,0.32,4.0506,617539.63,496101.84
600354.SH,20231103,5.96,6.03,5.94,6.01,5.95,0.06,1.0084,45343.4,27223.024
600355.SH,20231103,4.98,5.08,4.95,5.06,4.94,0.12,2.4291,401693.1,202573.811
600356.SH,20231103,7.79,7.85,7.73,7.79,7.74,0.05,0.646,23379.0,18272.797
600358.SH,20231103,4.68,4.77,4.64,4.71,4.71,0.0,0.0,46245.51,21857.556
600359.SH,20231103,7.4,7.48,7.4,7.43,7.43,0.0,0.0,23062.0,17172.982
600360.SH,20231103,6.88,7.15,6.88,7.12,6.88,0.24,3.4884,258663.72,182789.687
600361.SH,20231103,5.03,5.12,4.98,5.07,5.02,0.05,0.996,129800.0,65779.574
600362.SH,20231103,18.04,18.15,17.99,18.09,18.01,0.08,0.4442,88530.0,159963.146
600363.SH,20231103,34.28,35.67,33.99,35.48,33.77,1.71,5.0637,136224.27,477445.441
600365.SH,20231103,4.19,4.29,4.14,4.15,4.23,-0.08,-1.8913,101442.0,42555.834
600366.SH,20231103,6.95,7.13,6.9,7.08,6.92,0.16,2.3121,86300.64,60938.01
600367.SH,20231103,12.87,13.1,12.87,12.93,12.87,0.06,0.4662,37015.43,48077.393
600368.SH,20231103,3.92,3.93,3.86,3.86,3.92,-0.06,-1.5306,151108.69,58647.505
600369.SH,20231103,4.03,4.09,4.01,4.04,4.03,0.01,0.2481,343867.0,139388.369
600370.SH,20231103,2.59,2.59,2.52,2.53,2.56,-0.03,-1.1719,76106.0,19424.165
600371.SH,20231103,10.79,10.9,10.79,10.85,10.77,0.08,0.7428,13591.56,14775.742
600372.SH,20231103,13.46,13.66,13.44,13.6,13.46,0.14,1.0401,131015.36,177920.758
600373.SH,20231103,12.25,12.3,11.83,12.03,12.43,-0.4,-3.218,376825.75,454378.128
600375.SH,20231103,5.95,6.02,5.93,5.99,5.96,0.03,0.5034,55619.93,33257.28
600376.SH,20231103,3.68,3.71,3.62,3.66,3.67,-0.01,-0.2725,151790.89,55468.915
600377.SH,20231103,10.0,10.08,9.84,9.85,10.01,-0.16,-1.5984,71228.54,70746.381
600378.SH,20231103,30.24,31.36,30.11,31.04,30.03,1.01,3.3633,14970.0,46351.435
600379.SH,20231103,9.67,9.76,9.63,9.72,9.64,0.08,0.8299,19187.0,18662.159
600380.SH,20231103,11.99,12.12,11.89,11.9,11.99,-0.09,-0.7506,105719.21,126647.083
600381.SH,20231103,7.77,7.89,7.74,7.84,7.74,0.1,1.292,41427.0,32426.737
600382.SH,20231103,4.59,4.63,4.57,4.62,4.62,0.0,0.0,42737.57,19680.632
600383.SH,20231103,5.03,5.06,4.99,5.02,5.02,0.0,0.0,807561.65,405734.216
600386.SH,20231103,3.93,3.98,3.91,3.93,3.96,-0.03,-0.7576,81354.0,32075.279
600387.SH,20231103,5.67,5.74,5.64,5.65,5.67,-0.02,-0.3527,39033.0,22159.527
600388.SH,20231103,14.81,14.99,14.81,14.92,14.77,0.15,1.0156,29766.0,44404.132
600389.SH,20231103,18.8,19.16,18.69,18.79,18.83,-0.04,-0.2124,36921.31,69686.009
600390.SH,20231103,5.03,5.07,5.01,5.02,5.02,0.0,0.0,220467.32,111103.451
600391.SH,20231103,18.81,19.34,18.74,19.21,18.8,0.41,2.1809,44008.13,84308.245
600392.SH,20231103,10.59,10.75,10.56,10.69,10.54,0.15,1.4231,90095.0,96306.997
600395.SH,20231103,6.03,6.08,6.02,6.06,6.01,0.05,0.8319,79689.49,48258.341
600396.SH,20231103,2.54,2.56,2.52,2.54,2.54,0.0,0.0,60457.0,15353.317
600397.SH,20231103,2.89,2.94,2.89,2.9,2.88,0.02,0.6944,149712.0,43490.541
601700.SH,20231103,4.82,4.87,4.81,4.84,4.83,0.01,0.207,48964.0,23747.261
601702.SH,20231103,15.9,16.2,15.86,15.95,15.95,0.0,0.0,26633.0,42616.673
601717.SH,20231103,12.6,13.04,12.5,12.8,12.52,0.28,2.2364,138971.34,178144.692
601718.SH,20231103,2.87,2.89,2.87,2.87,2.87,0.0,0.0,184888.0,53216.907
601727.SH,20231103,4.38,4.43,4.38,4.4,4.38,0.02,0.4566,350552.49,154552.609
601728.SH,20231103,5.32,5.36,5.3,5.34,5.33,0.01,0.1876,995548.54,530628.875
601766.SH,20231103,5.3,5.37,5.29,5.35,5.29,0.06,1.1342,493090.55,263341.536
601777.SH,20231103,3.84,3.87,3.77,3.81,3.86,-0.05,-1.2953,259671.22,99055.961
601778.SH,20231103,3.61,3.66,3.61,3.65,3.61,0.04,1.108,282056.99,102774.82
601788.SH,20231103,16.28,16.55,16.23,16.45,16.21,0.24,1.4806,259661.29,426460.523
601789.SH,20231103,4.22,4.27,4.2,4.22,4.18,0.04,0.9569,169894.0,71692.817
601798.SH,20231103,7.0,7.01,6.9,6.94,6.92,0.02,0.289,30773.0,21435.335
601799.SH,20231103,143.67,145.68,141.8,145.66,142.96,2.7,1.8886,12120.04,174707.374
601800.SH,20231103,8.0,8.06,7.95,8.0,8.01,-0.01,-0.1248,306088.06,244968.088
601801.SH,20231103,6.7,6.85,6.63,6.8,6.7,0.1,1.4925,267130.8,180729.253
601808.SH,20231103,15.55,15.6,15.4,15.42,15.47,-0.05,-0.3232,30750.7,47536.969
601811.SH,20231103,13.13,13.2,12.97,13.05,13.11,-0.06,-0.4577,34215.0,44774.052
601816.SH,20231103,4.97,5.03,4.96,4.99,4.96,0.03,0.6048,619096.78,310166.725
601818.SH,20231103,2.98,2.99,2.96,2.96,2.98,-0.02,-0.6711,889978.65,264559.358
601825.SH,20231103,5.9,5.92,5.81,5.81,5.91,-0.1,-1.692,254858.46,148881.785
601827.SH,20231103,7.75,7.78,7.67,7.69,7.72,-0.03,-0.3886,43861.0,33881.377
601828.SH,20231103,4.21,4.24,4.19,4.2,4.23,-0.03,-0.7092,109254.89,46063.907
601838.SH,20231103,12.29,12.32,12.19,12.28,12.26,0.02,0.1631,141296.96,173151.122
601857.SH,20231103,7.28,7.38,7.22,7.33,7.25,0.08,1.1034,1068222.48,779650.234
601858.SH,20231103,25.25,25.51,24.66,25.2,25.24,-0.04,-0.1585,147169.99,370057.283
601860.SH,20231103,2.59,2.6,2.58,2.59,2.58,0.01,0.3876,280593.43,72630.39
601865.SH,20231103,25.7,26.52,25.62,26.47,25.68,0.79,3.0763,71322.08,187076.295
601866.SH,20231103,2.29,2.3,2.28,2.28,2.28,0.0,0.0,177324.0,40624.887
601868.SH,20231103,2.18,2.19,2.17,2.18,2.18,0.0,0.0,1094777.34,238586.72
601869.SH,20231103,28.5,29.45,28.49,29.23,28.54,0.69,2.4177,25510.76,74285.933
601872.SH,20231103,6.55,6.63,6.42,6.59,6.52,0.07,1.0736,322880.96,210936.392
601877.SH,20231103,22.97,23.3,22.97,23.21,23.01,0.2,0.8692,67488.0,156755.115
601878.SH,20231103,9.94,10.07,9.94,10.06,9.95,0.11,1.1055,135986.13,136280.286
601880.SH,20231103,1.51,1.52,1.5,1.51,1.51,0.0,0.0,231199.27,34989.152
601881.SH,20231103,12.0,12.08,11.87,12.01,12.0,0.01,0.0833,476368.46,571321.27
601882.SH,20231103,25.88,26.75,25.62,26.54,25.79,0.75,2.9081,22815.49,60337.752
601886.SH,20231103,6.72,6.84,6.68,6.77,6.71,0.06,0.8942,52076.3,35369.536
601888.SH,20231103,93.41,95.05,92.9,94.58,92.73,1.85,1.995,108980.8,1027122.763
601890.SH,20231103,9.15,9.38,9.11,9.3,9.13,0.17,1.862,123355.94,114911.84
601898.SH,20231103,8.6,8.68,8.51,8.52,8.54,-0.02,-0.2342,201112.65,172210.212
601899.SH,20231103,12.22,12.3,12.1,12.17,12.21,-0.04,-0.3276,815859.21,992620.604
605178.SH,20231103,20.93,21.04,20.66,20.85,20.74,0.11,0.5304,6354.0,13261.163
605179.SH,20231103,11.92,12.12,11.86,12.07,11.93,0.14,1.1735,15103.0,18172.823
605180.SH,20231103,13.7,13.81,13.65,13.75,13.65,0.1,0.7326,9261.19,12721.059
605183.SH,20231103,14.97,15.19,14.95,15.17,14.97,0.2,1.336,15597.0,23581.91
605186.SH,20231103,35.54,37.8,35.54,37.45,35.53,1.92,5.4039,19128.0,70860.446
605188.SH,20231103,9.72,9.89,9.65,9.83,9.7,0.13,1.3402,48256.94,47216.13
605189.SH,20231103,16.04,16.11,15.9,16.01,15.95,0.06,0.3762,10016.93,16044.61
605196.SH,20231103,7.15,7.37,7.14,7.27,7.17,0.1,1.3947,104663.0,76443.925
605198.SH,20231103,20.4,20.8,20.32,20.49,20.5,-0.01,-0.0488,7135.0,14676.508
605199.SH,20231103,15.41,15.5,15.31,15.4,15.42,-0.02,-0.1297,31140.0,47980.495
605208.SH,20231103,9.13,9.28,9.08,9.22,9.11,0.11,1.2075,39828.21,36704.156
605218.SH,20231103,15.51,15.89,15.38,15.82,15.46,0.36,2.3286,20839.0,32792.553
605222.SH,20231103,19.36,20.47,19.29,20.05,19.26,0.79,4.1018,67438.54,135549.904
605228.SH,20231103,11.5,11.52,11.07,11.2,11.42,-0.22,-1.9264,87153.0,98011.561
605255.SH,20231103,17.19,17.28,16.78,16.95,17.32,-0.37,-2.1363,57993.37,98634.086
605258.SH,20231103,26.9,28.16,26.81,28.15,27.46,0.69,2.5127,53824.38,150090.135
605259.SH,20231103,22.4,23.12,22.33,22.89,22.31,0.58,2.5997,6075.8,13903.395
605266.SH,20231103,53.93,56.28,53.33,55.3,53.52,1.78,3.3259,17429.39,96555.89
605268.SH,20231103,10.09,10.27,9.96,10.22,10.06,0.16,1.5905,18648.0,19009.632
605277.SH,20231103,14.92,15.45,14.91,15.38,14.81,0.57,3.8488,109793.28,167645.002
605286.SH,20231103,23.88,24.45,23.88,24.22,23.89,0.33,1.3813,12179.0,29550.013
605287.SH,20231103,16.81,17.25,16.81,17.07,16.99,0.08,0.4709,12128.33,20739.335
605288.SH,20231103,44.28,44.79,44.01,44.5,44.0,0.5,1.1364,14693.6,65414.64
605289.SH,20231103,35.0,35.45,34.49,35.27,34.42,0.85,2.4695,13232.87,46287.943
605296.SH,20231103,21.36,21.61,21.0,21.42,21.21,0.21,0.9901,16253.9,34728.587
605298.SH,20231103,15.39,15.64,15.2,15.33,15.27,0.06,0.3929,18177.8,28054.555
605299.SH,20231103,10.63,10.89,10.56,10.72,10.66,0.06,0.5629,51619.95,55500.582
605300.SH,20231103,16.28,16.63,16.22,16.47,16.25,0.22,1.3538,25597.51,42123.51
605303.SH,20231103,11.61,11.8,11.55,11.64,11.61,0.03,0.2584,10486.1,12254.523
605305.SH,20231103,28.85,29.96,28.85,29.57,28.93,0.64,2.2122,16106.54,47772.891
605318.SH,20231103,18.63,18.9,17.83,18.0,18.72,-0.72,-3.8462,51932.0,95014.923
605319.SH,20231103,21.6,21.98,21.1,21.75,22.2,-0.45,-2.027,114574.11,246733.438
605333.SH,20231103,18.96,19.5,18.67,19.27,18.83,0.44,2.3367,70259.0,134858.384
605336.SH,20231103,14.92,15.23,14.89,15.09,14.95,0.14,0.9365,18660.9,28227.097
605337.SH,20231103,15.3,15.67,15.3,15.62,15.37,0.25,1.6265,19534.71,30449.328
605338.SH,20231103,22.49,23.05,22.49,22.69,22.66,0.03,0.1324,16433.0,37386.582
605339.SH,20231103,18.8,18.99,18.6,18.93,18.66,0.27,1.4469,7275.0,13748.754
605358.SH,20231103,31.4,33.17,31.4,32.9,31.32,1.58,5.0447,97220.09,315318.318
605365.SH,20231103,17.59,17.93,17.47,17.55,17.48,0.07,0.4005,64710.09,114004.573
605366.SH,20231103,8.12,8.26,8.08,8.15,8.08,0.07,0.8663,14135.42,11532.013
605368.SH,20231103,9.65,9.75,9.63,9.71,9.66,0.05,0.5176,20032.1,19439.563
920427.BJ,20231103,5.19,5.19,5.09,5.09,5.07,0.02,0.3945,253.18,130.964
920260.BJ,20231103,5.08,5.12,5.07,5.1,5.11,-0.01,-0.1957,1606.3,817.972
920270.BJ,20231103,7.62,7.68,7.61,7.62,7.54,0.08,1.061,2214.51,1691.173
920675.BJ,20231103,4.56,5.18,4.56,4.98,4.62,0.36,7.7922,22817.6,11318.882
920433.BJ,20231103,3.06,3.1,3.04,3.08,3.06,0.02,0.6536,2136.91,656.148
920639.BJ,20231103,3.63,3.7,3.59,3.65,3.63,0.02,0.551,6334.99,2320.817
920493.BJ,20231103,50.5,55.0,47.0,49.7,48.79,0.91,1.8651,55595.88,285306.81
920892.BJ,20231103,8.15,8.26,8.09,8.23,8.15,0.08,0.9816,1095.2,896.286
920906.BJ,20231103,9.42,10.91,9.42,10.33,9.43,0.9,9.544,7376.74,7508.491
920870.BJ,20231103,5.49,5.62,5.49,5.53,5.49,0.04,0.7286,8316.31,4618.614
920802.BJ,20231103,6.0,6.0,5.94,5.99,5.95,0.04,0.6723,160.3,95.87
920504.BJ,20231103,8.45,8.9,8.31,8.7,8.47,0.23,2.7155,6751.42,5827.756
920455.BJ,20231103,2.61,2.69,2.61,2.67,2.62,0.05,1.9084,10944.8,2924.122
920943.BJ,20231103,6.9,6.94,6.82,6.84,6.78,0.06,0.885,2667.96,1833.975
920950.BJ,20231103,11.2,11.32,11.11,11.15,11.15,0.0,0.0,383.42,429.253
920856.BJ,20231103,4.61,4.72,4.61,4.68,4.59,0.09,1.9608,414.12,192.806
920185.BJ,20231103,23.01,23.85,23.01,23.82,23.01,0.81,3.5202,10982.34,25859.112
920735.BJ,20231103,23.67,24.19,23.63,24.12,23.66,0.46,1.9442,572.73,1373.626
920489.BJ,20231103,4.63,4.65,4.6,4.65,4.63,0.02,0.432,770.8,357.06
920001.BJ,20231103,5.8,6.01,5.8,5.98,5.96,0.02,0.3356,641.4,383.473
920351.BJ,20231103,4.78,4.81,4.77,4.78,4.78,0.0,0.0,1277.14,610.781
920640.BJ,20231103,13.58,13.8,13.32,13.68,13.61,0.07,0.5143,5880.52,8016.963
920879.BJ,20231103,6.48,6.6,6.48,6.59,6.52,0.07,1.0736,1189.82,781.954
920699.BJ,20231103,8.27,8.3,8.17,8.27,8.28,-0.01,-0.1208,998.04,825.319
920092.BJ,20231103,14.08,14.08,13.71,13.98,13.96,0.02,0.1433,1024.19,1416.714
920207.BJ,20231103,5.0,5.0,4.94,4.97,4.91,0.06,1.222,1623.85,810.089
920541.BJ,20231103,3.2,3.27,3.18,3.25,3.23,0.02,0.6192,2500.3,809.217
920608.BJ,20231103,6.82,6.83,6.8,6.83,6.82,0.01,0.1466,119.57,81.439
920425.BJ,20231103,11.22,12.55,11.22,12.1,11.22,0.88,7.8431,6454.65,7830.212
920662.BJ,20231103,7.88,8.05,7.8,8.0,7.83,0.17,2.1711,3173.89,2530.268
920263.BJ,20231103,4.64,4.69,4.64,4.65,4.6,0.05,1.087,451.52,210.28
920392.BJ,20231103,5.75,5.88,5.75,5.78,5.76,0.02,0.3472,512.63,299.52
920090.BJ,20231103,2.32,2.34,2.31,2.34,2.31,0.03,1.2987,1354.38,315.934
920346.BJ,20231103,6.3,6.37,6.3,6.37,6.34,0.03,0.4732,829.59,527.348
920885.BJ,20231103,3.67,3.84,3.63,3.78,3.65,0.13,3.5616,7730.82,2893.061
920344.BJ,20231103,15.45,15.47,15.29,15.42,15.3,0.12,0.7843,497.1,763.881
920046.BJ,20231103,4.57,4.61,4.51,4.6,4.54,0.06,1.3216,1467.01,669.628
920971.BJ,20231103,6.82,6.9,6.82,6.88,6.83,0.05,0.7321,258.41,177.064
920720.BJ,20231103,4.76,4.89,4.75,4.8,4.77,0.03,0.6289,3127.07,1504.947
920174.BJ,20231103,13.24,13.39,13.06,13.25,13.2,0.05,0.3788,9964.01,13213.652
920680.BJ,20231103,11.76,12.0,11.75,11.95,11.85,0.1,0.8439,1952.83,2331.364
920857.BJ,20231103,7.43,7.52,7.43,7.52,7.44,0.08,1.0753,764.51,573.452
001896.SZ,20231103,4.65,5.03,4.65,4.77,4.65,0.12,2.5806,431177.16,209334.182
001914.SZ,20231103,13.37,13.59,13.26,13.56,13.38,0.18,1.3453,50129.84,67596.355
001965.SZ,20231103,9.4,9.42,9.22,9.25,9.39,-0.14,-1.4909,90332.59,83956.693
001979.SZ,20231103,10.88,10.96,10.71,10.77,10.86,-0.09,-0.8287,338877.97,366031.856
002001.SZ,20231103,16.16,16.29,16.11,16.2,16.16,0.04,0.2475,67011.89,108598.567
002002.SZ,20231103,1.4,1.47,1.39,1.43,1.41,0.02,1.4184,1243402.02,178272.93
002003.SZ,20231103,10.38,10.43,10.29,10.31,10.33,-0.02,-0.1936,24904.28,25763.376
002004.SZ,20231103,4.81,4.84,4.78,4.79,4.81,-0.02,-0.4158,125055.0,60204.507
002005.SZ,20231103,1.43,1.43,1.41,1.42,1.42,0.0,0.0,46635.88,6625.339
002006.SZ,20231103,15.5,16.07,15.43,15.96,15.36,0.6,3.9063,43514.01,69159.112
002007.SZ,20231103,23.4,23.65,23.2,23.23,23.43,-0.2,-0.8536,95643.23,223772.32
002008.SZ,20231103,21.39,21.97,21.39,21.87,21.23,0.64,3.0146,147786.35,321736.954
002009.SZ,20231103,13.45,13.45,13.3,13.45,12.23,1.22,9.9755,243963.7,328090.984
002010.SZ,20231103,4.94,4.98,4.93,4.95,4.94,0.01,0.2024,96847.43,48013.638
002011.SZ,20231103,12.02,12.22,11.99,12.01,12.07,-0.06,-0.4971,89097.0,107710.221
002012.SZ,20231103,5.51,5.54,5.46,5.48,5.46,0.02,0.3663,30304.02,16696.979
002014.SZ,20231103,8.57,8.66,8.52,8.55,8.57,-0.02,-0.2334,24359.35,20960.905
002015.SZ,20231103,11.47,11.85,11.44,11.72,11.42,0.3,2.627,175234.71,204481.138
002016.SZ,20231103,6.63,6.69,6.55,6.57,6.61,-0.04,-0.6051,40264.96,26602.835
002017.SZ,20231103,10.53,10.72,10.51,10.68,10.51,0.17,1.6175,55171.39,58800.267
002019.SZ,20231103,13.76,13.86,13.57,13.6,13.77,-0.17,-1.2346,70053.99,95592.646
002020.SZ,20231103,14.4,14.57,13.86,14.05,14.36,-0.31,-2.1588,536736.08,757073.458
002021.SZ,20231103,2.24,2.24,2.2,2.21,2.25,-0.04,-1.7778,90806.14,20115.813
002022.SZ,20231103,8.62,8.79,8.61,8.7,8.68,0.02,0.2304,36138.09,31531.694
002023.SZ,20231103,9.45,9.63,9.45,9.61,9.43,0.18,1.9088,94499.0,90420.854
002024.SZ,20231103,1.88,1.89,1.87,1.87,1.87,0.0,0.0,101083.23,18963.69
002025.SZ,20231103,50.47,51.82,50.25,51.55,50.46,1.09,2.1601,36837.15,189001.972
002026.SZ,20231103,8.91,9.13,8.86,9.05,8.88,0.17,1.9144,45429.83,41179.233
002027.SZ,20231103,6.9,6.97,6.84,6.88,6.92,-0.04,-0.578,773899.8,535317.632
002028.SZ,20231103,48.78,49.89,48.78,49.35,48.89,0.46,0.9409,31132.52,154020.202
002029.SZ,20231103,6.22,6.23,6.11,6.13,6.11,0.02,0.3273,64443.0,39578.88
002030.SZ,20231103,9.62,9.78,9.6,9.71,9.62,0.09,0.9356,73884.6,71730.155
002031.SZ,20231103,3.51,3.51,3.51,3.51,3.19,0.32,10.0313,666500.04,233941.514
002032.SZ,20231103,49.54,50.21,49.4,49.56,50.14,-0.58,-1.1568,15050.0,74894.238
002033.SZ,20231103,8.02,8.08,8.01,8.06,8.02,0.04,0.4988,66133.03,53257.993
002034.SZ,20231103,14.81,14.97,14.74,14.88,14.81,0.07,0.4727,19701.66,29338.128
002035.SZ,20231103,5.97,6.06,5.96,5.99,5.97,0.02,0.335,102118.49,61339.79
002036.SZ,20231103,10.16,10.46,10.1,10.32,10.14,0.18,1.7751,369279.43,381024.868
002037.SZ,20231103,8.45,8.53,8.42,8.49,8.47,0.02,0.2361,73316.0,62239.153
002038.SZ,20231103,11.35,11.42,11.18,11.21,11.3,-0.09,-0.7965,520501.85,587704.739
002039.SZ,20231103,14.14,14.37,14.12,14.31,14.19,0.12,0.8457,27423.76,39233.209
002681.SZ,20231103,5.1,5.21,5.05,5.18,5.03,0.15,2.9821,680532.59,350729.358
002682.SZ,20231103,5.91,6.14,5.83,5.96,6.03,-0.07,-1.1609,1363124.68,813737.933
002683.SZ,20231103,21.38,21.69,21.25,21.49,21.42,0.07,0.3268,36453.0,78509.177
002685.SZ,20231103,3.59,3.67,3.58,3.65,3.55,0.1,2.8169,334091.09,121646.515
002686.SZ,20231103,6.3,6.4,6.27,6.38,6.25,0.13,2.08,46017.0,29287.766
002687.SZ,20231103,5.44,5.45,5.33,5.35,5.43,-0.08,-1.4733,93243.35,50133.93
002688.SZ,20231103,4.91,4.95,4.88,4.89,4.9,-0.01,-0.2041,71076.38,34879.134
002689.SZ,20231103,4.2,4.3,4.18,4.22,4.08,0.14,3.4314,337049.64,142941.063
002690.SZ,20231103,19.35,19.9,19.31,19.68,19.34,0.34,1.758,30134.49,59373.331
002691.SZ,20231103,6.2,6.4,6.17,6.37,6.17,0.2,3.2415,109640.3,69600.967
002692.SZ,20231103,4.1,4.1,4.09,4.1,3.9,0.2,5.1282,286835.2,117598.711
002693.SZ,20231103,7.31,7.34,7.22,7.26,7.29,-0.03,-0.4115,107150.0,77959.906
002694.SZ,20231103,6.28,6.46,6.25,6.44,6.28,0.16,2.5478,48075.03,30791.321
002695.SZ,20231103,11.03,11.07,10.87,11.04,10.94,0.1,0.9141,22332.93,24557.75
002696.SZ,20231103,6.25,6.35,6.24,6.27,6.24,0.03,0.4808,47385.0,29866.202
002697.SZ,20231103,5.2,5.22,5.18,5.18,5.2,-0.02,-0.3846,78024.0,40556.938
002698.SZ,20231103,13.58,14.02,13.39,13.74,13.22,0.52,3.9334,164809.81,226760.328
002699.SZ,20231103,1.79,1.82,1.77,1.8,1.79,0.01,0.5587,295913.0,53066.918
002700.SZ,20231103,4.83,4.89,4.8,4.81,4.86,-0.05,-1.0288,20427.0,9874.779
002701.SZ,20231103,4.36,4.49,4.34,4.38,4.34,0.04,0.9217,202262.31,89331.398
002702.SZ,20231103,5.37,5.45,5.34,5.43,5.34,0.09,1.6854,57543.62,31186.348
002703.SZ,20231103,13.86,14.37,13.86,14.18,13.92,0.26,1.8678,285643.71,405558.765
002705.SZ,20231103,16.75,17.0,16.65,16.88,16.76,0.12,0.716,30270.15,51190.124
002706.SZ,20231103,9.23,9.54,9.23,9.45,9.22,0.23,2.4946,97859.94,92512.281
002707.SZ,20231103,6.72,6.82,6.72,6.78,6.74,0.04,0.5935,102297.05,69436.601
002708.SZ,20231103,8.32,8.71,8.2,8.5,8.14,0.36,4.4226,609401.46,515711.654
002709.SZ,20231103,27.03,27.27,26.66,27.17,26.91,0.26,0.9662,125566.4,339636.367
002712.SZ,20231103,5.86,5.98,5.6,5.84,5.82,0.02,0.3436,482410.9,281214.796
002713.SZ,20231103,7.75,7.82,7.7,7.78,7.75,0.03,0.3871,43606.03,33873.815
002714.SZ,20231103,37.8,38.39,37.38,38.21,37.8,0.41,1.0847,293618.51,1112124.201
002715.SZ,20231103,15.1,15.37,15.04,15.26,15.11,0.15,0.9927,12937.5,19732.468
002716.SZ,20231103,2.7,2.73,2.7,2.72,2.72,0.0,0.0,70543.0,19153.019
002717.SZ,20231103,2.89,2.94,2.89,2.92,2.89,0.03,1.0381,182556.95,53327.84
002718.SZ,20231103,16.66,16.98,16.51,16.8,16.58,0.22,1.3269,12936.0,21818.427
002719.SZ,20231103,10.47,10.55,10.4,10.46,10.4,0.06,0.5769,46916.4,49119.543
002721.SZ,20231103,3.18,3.23,3.12,3.15,3.18,-0.03,-0.9434,42150.2,13364.663
002722.SZ,20231103,14.46,14.66,14.42,14.55,14.47,0.08,0.5529,31345.0,45674.329
002723.SZ,20231103,9.88,10.32,9.87,10.06,10.08,-0.02,-0.1984,61868.0,62651.302
002724.SZ,20231103,7.52,7.94,7.52,7.88,7.5,0.38,5.0667,117771.75,91631.826
002725.SZ,20231103,10.68,10.79,10.53,10.69,10.69,0.0,0.0,209564.39,223245.896
002726.SZ,20231103,7.52,7.7,7.51,7.62,7.54,0.08,1.061,115546.14,87878.017
300345.SZ,20231103,7.92,8.16,7.9,8.1,7.93,0.17,2.1438,27240.0,22039.15
300346.SZ,20231103,29.85,31.16,29.85,30.93,29.84,1.09,3.6528,148180.29,454777.536
300347.SZ,20231103,66.3,67.78,65.7,67.2,66.0,1.2,1.8182,100890.69,675229.273
300348.SZ,20231103,9.85,10.1,9.81,10.05,9.81,0.24,2.4465,63490.0,63465.024
300349.SZ,20231103,12.21,12.58,12.13,12.48,12.13,0.35,2.8854,53710.38,66936.616
300350.SZ,20231103,5.24,5.4,5.15,5.2,5.28,-0.08,-1.5152,435402.95,227245.759
300351.SZ,20231103,17.02,17.65,17.02,17.3,17.28,0.02,0.1157,256457.06,443872.333
300352.SZ,20231103,4.99,5.12,4.99,5.09,5.0,0.09,1.8,265861.06,135257.413
300353.SZ,20231103,9.79,10.14,9.79,10.03,9.72,0.31,3.1893,107318.4,107676.025
300354.SZ,20231103,32.55,33.78,32.49,33.1,32.74,0.36,1.0996,7992.0,26683.757
300355.SZ,20231103,4.15,4.26,4.13,4.16,4.16,0.0,0.0,425384.86,178714.928
300357.SZ,20231103,28.37,28.78,28.3,28.65,28.45,0.2,0.703,28322.51,81016.613
300358.SZ,20231103,11.02,11.38,11.02,11.31,11.04,0.27,2.4457,62203.67,70049.311
300359.SZ,20231103,5.79,5.92,5.76,5.89,5.81,0.08,1.3769,113917.0,66710.258
300360.SZ,20231103,13.65,13.95,13.65,13.9,13.63,0.27,1.9809,68717.13,95276.4
300363.SZ,20231103,29.5,30.45,29.35,30.26,29.69,0.57,1.9198,154055.1,461418.393
300364.SZ,20231103,15.3,16.18,15.03,15.59,15.35,0.24,1.5635,1332437.71,2086006.092
300365.SZ,20231103,7.05,7.23,7.04,7.17,7.06,0.11,1.5581,95089.0,67997.684
300366.SZ,20231103,14.0,14.47,13.9,14.12,13.97,0.15,1.0737,417085.51,592569.996
300368.SZ,20231103,7.17,7.33,7.16,7.3,7.17,0.13,1.8131,107940.0,78600.024
300369.SZ,20231103,9.11,9.42,9.11,9.32,9.08,0.24,2.6432,120502.42,111936.888
300370.SZ,20231103,2.83,2.87,2.8,2.83,2.81,0.02,0.7117,278496.47,78946.348
300371.SZ,20231103,12.61,13.05,12.61,12.82,12.6,0.22,1.746,20009.16,25800.524
300373.SZ,20231103,38.16,40.24,38.16,40.12,38.23,1.89,4.9438,144541.98,571357.142
300374.SZ,20231103,12.82,12.91,12.65,12.78,12.67,0.11,0.8682,34316.6,43907.408
300375.SZ,20231103,5.73,6.14,5.69,5.74,5.96,-0.22,-3.6913,1361235.93,795368.004
300376.SZ,20231103,6.32,6.44,6.32,6.43,6.32,0.11,1.7405,179516.94,115223.565
300377.SZ,20231103,8.4,8.65,8.39,8.51,8.4,0.11,1.3095,142528.96,121426.276
300378.SZ,20231103,19.85,23.5,19.83,22.9,19.75,3.15,15.9494,399850.63,874269.582
300379.SZ,20231103,18.99,19.22,18.82,18.96,19.02,-0.06,-0.3155,91551.81,174124.213
300380.SZ,20231103,22.58,22.82,22.46,22.59,22.32,0.27,1.2097,32211.0,73000.443
300381.SZ,20231103,7.99,8.12,7.96,7.99,7.98,0.01,0.1253,58156.0,46708.778
300382.SZ,20231103,9.85,10.35,9.84,10.28,9.83,0.45,4.5778,83930.97,85557.063
300383.SZ,20231103,9.9,10.14,9.89,10.07,9.91,0.16,1.6145,207778.87,208817.852
300384.SZ,20231103,15.4,15.79,15.4,15.74,15.41,0.33,2.1415,20458.11,32108.88
300385.SZ,20231103,6.42,6.51,6.4,6.43,6.41,0.02,0.312,22841.0,14733.972
300386.SZ,20231103,10.57,10.83,10.56,10.78,10.57,0.21,1.9868,21997.0,23602.487
300387.SZ,20231103,7.51,7.56,7.42,7.44,7.52,-0.08,-1.0638,45696.0,34211.121
300388.SZ,20231103,6.71,6.78,6.68,6.69,6.68,0.01,0.1497,29949.2,20168.135
300389.SZ,20231103,15.06,15.68,15.06,15.52,15.09,0.43,2.8496,54190.4,84148.145
300390.SZ,20231103,26.39,26.64,26.31,26.46,26.27,0.19,0.7233,119847.52,317503.477
301030.SZ,20231103,35.81,36.6,35.69,35.75,35.77,-0.02,-0.0559,36352.11,130952.297
301031.SZ,20231103,117.67,120.9,117.67,120.08,118.43,1.65,1.3932,3069.0,36715.682
301032.SZ,20231103,9.51,9.67,9.4,9.56,9.47,0.09,0.9504,26017.0,24976.854
301033.SZ,20231103,41.32,42.41,40.95,41.9,41.25,0.65,1.5758,9578.76,39871.902
301035.SZ,20231103,67.68,70.63,67.32,69.8,67.67,2.13,3.1476,12609.15,87770.914
301036.SZ,20231103,22.56,22.82,22.52,22.58,22.52,0.06,0.2664,22830.92,51739.179
301037.SZ,20231103,20.53,20.71,20.27,20.61,20.35,0.26,1.2776,9930.5,20361.384
301038.SZ,20231103,19.62,20.75,19.6,20.36,20.17,0.19,0.942,90535.91,182069.899
301039.SZ,20231103,10.07,10.32,10.0,10.22,10.02,0.2,1.996,201176.1,205537.229
301040.SZ,20231103,18.53,19.06,18.53,18.88,18.57,0.31,1.6694,11165.0,21104.601
301041.SZ,20231103,26.13,27.5,26.12,27.48,26.14,1.34,5.1262,41823.0,113278.088
301042.SZ,20231103,35.64,37.47,35.6,37.26,35.27,1.99,5.6422,17426.28,64226.083
301043.SZ,20231103,32.2,33.19,32.2,32.78,32.19,0.59,1.8329,6796.3,22356.482
301045.SZ,20231103,25.38,26.15,25.22,26.07,25.31,0.76,3.0028,11155.9,28935.529
301046.SZ,20231103,26.44,27.08,26.44,26.79,26.38,0.41,1.5542,12260.21,32913.489
301047.SZ,20231103,86.67,87.2,86.19,86.51,86.62,-0.11,-0.127,4406.93,38211.609
301048.SZ,20231103,10.31,10.54,10.31,10.45,10.31,0.14,1.3579,25995.0,27177.257
301049.SZ,20231103,23.62,24.03,23.62,24.02,23.61,0.41,1.7366,9357.17,22408.559
301050.SZ,20231103,64.48,67.48,64.48,65.84,63.81,2.03,3.1813,57622.92,379355.41
301051.SZ,20231103,55.65,56.71,54.85,56.29,55.05,1.24,2.2525,13076.0,73246.195
301052.SZ,20231103,38.58,39.77,37.51,38.99,38.9,0.09,0.2314,41044.75,158567.172
301053.SZ,20231103,25.16,26.88,25.16,26.82,25.2,1.62,6.4286,27601.22,72808.645
301055.SZ,20231103,14.83,15.07,14.79,14.88,14.83,0.05,0.3372,11642.56,17405.789
301056.SZ,20231103,10.18,10.42,10.17,10.31,10.11,0.2,1.9782,27784.05,28667.712
301057.SZ,20231103,17.33,17.67,17.26,17.44,17.32,0.12,0.6928,9204.0,16100.24
301058.SZ,20231103,12.05,12.26,12.05,12.17,12.0,0.17,1.4167,14313.02,17437.273
301059.SZ,20231103,11.84,11.99,11.77,11.95,11.83,0.12,1.0144,12270.5,14623.461
301060.SZ,20231103,14.1,14.25,14.03,14.11,14.07,0.04,0.2843,22158.0,31342.957
301061.SZ,20231103,43.8,45.03,43.8,44.41,43.8,0.61,1.3927,3211.4,14299.607
301062.SZ,20231103,10.35,10.61,10.32,10.46,10.36,0.1,0.9653,38677.31,40467.548
301063.SZ,20231103,24.25,24.74,23.93,24.44,24.05,0.39,1.6216,7230.06,17721.338
301065.SZ,20231103,23.58,23.66,23.19,23.22,23.39,-0.17,-0.7268,8497.0,19813.059
301066.SZ,20231103,13.6,13.84,13.57,13.79,13.62,0.17,1.2482,12757.17,17518.814
301067.SZ,20231103,23.21,24.23,23.05,24.15,23.13,1.02,4.4099,32538.78,77995.501
301068.SZ,20231103,27.53,28.53,27.49,27.92,27.71,0.21,0.7578,5390.99,15142.5
301069.SZ,20231103,19.94,20.18,19.85,20.09,19.9,0.19,0.9548,13960.0,28005.235
301070.SZ,20231103,37.73,40.79,37.73,39.29,38.9,0.39,1.0026,12472.0,49655.552
301071.SZ,20231103,32.88,33.68,32.88,33.51,32.81,0.7,2.1335,35843.39,119582.632
301072.SZ,20231103,26.35,26.9,26.22,26.59,26.14,0.45,1.7215,34132.29,90688.43
301073.SZ,20231103,24.12,24.3,23.93,24.07,24.04,0.03,0.1248,26874.96,64764.33
301075.SZ,20231103,29.07,29.3,28.27,28.42,29.0,-0.58,-2.0,20641.0,59063.101
600398.SH,20231103,7.43,7.57,7.37,7.43,7.39,0.04,0.5413,124710.82,93435.294
600399.SH,20231103,9.17,9.21,9.06,9.09,9.12,-0.03,-0.3289,107020.18,97696.52
600400.SH,20231103,2.91,2.96,2.91,2.94,2.92,0.02,0.6849,134613.39,39472.21
600403.SH,20231103,3.85,3.92,3.85,3.87,3.85,0.02,0.5195,85447.0,33163.013
600405.SH,20231103,5.27,5.35,5.23,5.33,5.25,0.08,1.5238,71950.87,38314.056
600406.SH,20231103,22.65,22.82,22.52,22.58,22.67,-0.09,-0.397,107732.49,244214.41
600408.SH,20231103,2.5,2.53,2.4,2.45,2.48,-0.03,-1.2097,209444.02,51827.183
600409.SH,20231103,5.82,5.87,5.77,5.77,5.83,-0.06,-1.0292,102320.0,59457.857
600410.SH,20231103,7.52,7.69,7.51,7.58,7.56,0.02,0.2646,537666.05,408055.759
600415.SH,20231103,7.55,7.58,7.46,7.5,7.53,-0.03,-0.3984,493854.74,370816.482
600416.SH,20231103,14.36,14.56,14.14,14.49,14.18,0.31,2.1862,73920.5,106827.195
600418.SH,20231103,17.43,18.85,17.24,18.54,17.66,0.88,4.983,2566084.62,4638412.872
600419.SH,20231103,12.22,12.41,12.21,12.34,12.23,0.11,0.8994,33689.0,41610.429
600420.SH,20231103,10.17,10.23,10.09,10.11,10.14,-0.03,-0.2959,87015.42,88325.391
600421.SH,20231103,9.68,9.98,9.62,9.9,9.68,0.22,2.2727,13378.0,13242.248
600422.SH,20231103,20.94,21.18,19.98,20.28,21.04,-0.76,-3.6122,180683.48,368131.982
600423.SH,20231103,3.53,3.54,3.44,3.46,3.5,-0.04,-1.1429,109784.37,38316.958
600425.SH,20231103,3.87,3.89,3.85,3.88,3.87,0.01,0.2584,248229.04,96182.562
600426.SH,20231103,30.77,31.25,30.71,30.97,30.77,0.2,0.65,62243.64,193137.411
600428.SH,20231103,5.1,5.12,5.07,5.1,5.08,0.02,0.3937,90234.95,45997.948
600429.SH,20231103,4.72,4.79,4.7,4.72,4.71,0.01,0.2123,82972.82,39301.187
600433.SH,20231103,3.59,3.61,3.54,3.55,3.58,-0.03,-0.838,76036.43,27238.727
600435.SH,20231103,10.54,11.3,10.54,11.15,10.59,0.56,5.288,385229.89,426256.113
600436.SH,20231103,248.81,251.85,248.81,251.42,249.8,1.62,0.6485,11662.0,292397.004
600438.SH,20231103,26.04,26.66,26.04,26.32,26.02,0.3,1.153,315880.96,833612.403
600439.SH,20231103,2.75,2.76,2.73,2.76,2.74,0.02,0.7299,307168.0,84369.471
600444.SH,20231103,13.85,14.01,13.77,13.82,13.77,0.05,0.3631,20455.0,28395.719
600446.SH,20231103,11.62,11.95,11.6,11.84,11.56,0.28,2.4221,194730.27,230180.65
600448.SH,20231103,3.21,3.26,3.19,3.19,3.23,-0.04,-1.2384,109913.6,35358.932
600449.SH,20231103,17.85,18.0,17.84,17.94,17.82,0.12,0.6734,84295.0,150984.526
600452.SH,20231103,12.26,12.37,12.12,12.28,12.16,0.12,0.9868,80644.27,99224.278
600455.SH,20231103,23.23,23.58,23.22,23.33,23.32,0.01,0.0429,10209.0,23910.802
600456.SH,20231103,31.9,33.38,31.73,33.15,31.73,1.42,4.4753,81658.77,269308.997
600458.SH,20231103,9.82,10.02,9.81,9.95,9.76,0.19,1.9467,42614.0,42421.512
600459.SH,20231103,14.41,14.59,14.4,14.5,14.44,0.06,0.4155,46986.02,68152.916
600460.SH,20231103,24.0,25.44,23.99,25.18,23.87,1.31,5.4881,276237.14,687742.059
600461.SH,20231103,8.55,8.67,8.49,8.54,8.53,0.01,0.1172,55082.0,47288.009
600462.SH,20231103,2.04,2.05,2.02,2.04,2.04,0.0,0.0,19606.0,3984.73
600463.SH,20231103,9.1,9.2,8.95,8.98,9.12,-0.14,-1.5351,21948.0,19856.639
600467.SH,20231103,2.37,2.39,2.36,2.38,2.36,0.02,0.8475,143947.69,34271.831
600468.SH,20231103,5.5,5.84,5.49,5.67,5.64,0.03,0.5319,918753.14,521416.252
601900.SH,20231103,14.7,15.27,14.38,15.06,14.92,0.14,0.9383,306288.98,455677.533
601901.SH,20231103,7.48,8.2,7.47,7.86,7.46,0.4,5.3619,1306719.85,1028718.763
601908.SH,20231103,4.54,4.66,4.53,4.61,4.54,0.07,1.5419,108229.56,49938.635
601916.SH,20231103,2.55,2.55,2.52,2.52,2.54,-0.02,-0.7874,787212.0,199495.721
601918.SH,20231103,4.8,4.88,4.76,4.82,4.78,0.04,0.8368,309306.5,148822.459
601919.SH,20231103,9.76,9.82,9.68,9.81,9.76,0.05,0.5123,416008.42,406295.346
601921.SH,20231103,7.69,7.72,7.53,7.61,7.64,-0.03,-0.3927,103252.7,78481.733
601928.SH,20231103,9.81,9.96,9.7,9.8,9.95,-0.15,-1.5075,153175.16,150380.872
601929.SH,20231103,1.86,1.88,1.84,1.87,1.86,0.01,0.5376,459025.93,85397.361
601933.SH,20231103,3.05,3.08,3.05,3.06,3.05,0.01,0.3279,266073.0,81474.353
601939.SH,20231103,6.34,6.36,6.27,6.3,6.34,-0.04,-0.6309,916970.18,577514.447
601949.SH,20231103,8.71,8.86,8.5,8.76,8.74,0.02,0.2288,208613.55,181924.728
601952.SH,20231103,10.57,10.67,10.53,10.58,10.55,0.03,0.2844,38317.33,40667.154
601956.SH,20231103,5.77,5.83,5.76,5.78,5.77,0.01,0.1733,44399.4,25769.821
601958.SH,20231103,9.99,10.05,9.95,9.98,9.95,0.03,0.3015,109534.61,109453.256
601963.SH,20231103,7.61,7.67,7.59,7.6,7.62,-0.02,-0.2625,30385.72,23155.476
601965.SH,20231103,18.55,19.14,18.49,18.87,18.58,0.29,1.5608,29931.87,56702.626
601966.SH,20231103,20.08,20.44,20.03,20.29,20.09,0.2,0.9955,81117.53,164631.039
601968.SH,20231103,5.6,5.67,5.58,5.65,5.58,0.07,1.2545,44346.62,24978.672
601969.SH,20231103,6.64,6.69,6.55,6.56,6.63,-0.07,-1.0558,76977.0,50778.099
601975.SH,20231103,2.99,3.0,2.95,2.99,2.99,0.0,0.0,627619.2,186746.221
601985.SH,20231103,7.42,7.52,7.36,7.37,7.41,-0.04,-0.5398,483430.82,359205.655
601988.SH,20231103,3.95,3.96,3.89,3.89,3.95,-0.06,-1.519,1727244.11,674608.314
601989.SH,20231103,4.0,4.04,3.99,4.02,4.0,0.02,0.5,394916.09,158984.543
601990.SH,20231103,7.92,8.03,7.92,7.98,7.92,0.06,0.7576,110702.74,88423.379
601991.SH,20231103,2.61,2.64,2.6,2.61,2.61,0.0,0.0,445776.0,116727.451
601992.SH,20231103,2.04,2.06,2.03,2.03,2.04,-0.01,-0.4902,319548.0,65328.858
601995.SH,20231103,36.5,36.8,36.45,36.66,36.49,0.17,0.4659,87149.52,319037.142
601996.SH,20231103,2.71,2.73,2.69,2.69,2.7,-0.01,-0.3704,96280.67,26089.695
601997.SH,20231103,5.21,5.22,5.19,5.19,5.21,-0.02,-0.3839,252641.18,131396.662
601998.SH,20231103,5.5,5.5,5.44,5.45,5.5,-0.05,-0.9091,313367.93,171207.011
601999.SH,20231103,6.66,6.72,6.59,6.65,6.71,-0.06,-0.8942,70517.34,46922.076
603000.SH,20231103,33.01,33.5,32.4,32.71,33.56,-0.85,-2.5328,418997.87,1378890.912
603001.SH,20231103,5.81,5.86,5.77,5.84,5.81,0.03,0.5164,14640.05,8519.578
603002.SH,20231103,5.44,5.54,5.44,5.52,5.43,0.09,1.6575,57066.5,31442.711
603003.SH,20231103,10.37,12.0,10.37,11.49,11.22,0.27,2.4064,756003.2,828019.616
603005.SH,20231103,22.92,24.38,22.5,24.05,22.87,1.18,5.1596,674748.27,1592382.008
603006.SH,20231103,11.67,11.86,11.43,11.74,11.66,0.08,0.6861,62732.0,73061.341
603007.SH,20231103,4.1,4.12,4.05,4.09,4.09,0.0,0.0,12593.0,5145.796
603008.SH,20231103,18.88,19.37,18.87,19.16,18.92,0.24,1.2685,35815.65,68767.311
603009.SH,20231103,11.03,11.95,10.52,11.83,11.03,0.8,7.2529,725097.25,813187.746
605369.SH,20231103,56.6,57.33,56.17,56.66,56.82,-0.16,-0.2816,3862.0,21930.625
605376.SH,20231103,27.62,29.2,27.48,28.9,27.72,1.18,4.2569,19374.04,55688.564
605377.SH,20231103,20.48,21.35,20.42,21.23,20.41,0.82,4.0176,34119.87,71472.892
605378.SH,20231103,22.84,23.25,22.74,23.14,22.81,0.33,1.4467,10843.5,25059.662
605388.SH,20231103,12.78,13.13,12.7,13.02,12.79,0.23,1.7983,53196.0,69052.617
605389.SH,20231103,24.7,26.15,24.7,25.75,24.7,1.05,4.251,15601.0,40142.303
605398.SH,20231103,32.38,33.38,32.38,33.2,33.27,-0.07,-0.2104,43372.88,142755.583
605399.SH,20231103,14.39,14.51,14.27,14.39,14.31,0.08,0.559,14381.2,20712.38
605488.SH,20231103,14.58,15.08,14.55,14.89,14.59,0.3,2.0562,24946.7,37218.406
605499.SH,20231103,180.89,185.1,179.02,182.49,181.26,1.23,0.6786,6469.38,118280.871
605500.SH,20231103,7.95,8.09,7.93,8.07,7.97,0.1,1.2547,32551.01,26164.983
605507.SH,20231103,19.7,19.94,19.64,19.64,19.8,-0.16,-0.8081,13303.1,26277.002
605555.SH,20231103,21.5,21.77,20.18,20.41,20.41,0.0,0.0,133951.0,277439.506
605566.SH,20231103,21.06,21.52,21.01,21.43,21.05,0.38,1.8052,10451.0,22353.851
605567.SH,20231103,12.66,12.85,12.65,12.83,12.73,0.1,0.7855,10905.0,13968.547
605577.SH,20231103,14.38,15.02,13.82,14.63,15.02,-0.39,-2.5965,337562.28,485781.678
605580.SH,20231103,11.65,11.82,11.61,11.73,11.64,0.09,0.7732,22361.36,26291.896
605588.SH,20231103,52.0,56.71,52.0,53.89,52.47,1.42,2.7063,41238.49,222762.136
605589.SH,20231103,20.95,21.85,20.92,21.78,20.96,0.82,3.9122,93639.97,202225.543
605598.SH,20231103,25.88,26.28,25.66,26.28,25.87,0.41,1.5848,16512.8,42850.493
605599.SH,20231103,13.65,13.79,13.61,13.7,13.65,0.05,0.3663,13021.0,17835.993
688001.SH,20231103,30.47,31.78,30.28,31.5,30.28,1.22,4.0291,17352.69,54581.962
688002.SH,20231103,46.84,48.57,46.54,47.84,46.8,1.04,2.2222,42296.62,202282.101
688003.SH,20231103,34.98,36.43,34.7,36.36,34.43,1.93,5.6056,19184.66,68618.768
688004.SH,20231103,29.04,29.58,28.64,29.33,28.73,0.6,2.0884,9656.39,28250.947
688005.SH,20231103,43.05,43.57,42.95,43.17,42.88,0.29,0.6763,31780.05,137439.119
688006.SH,20231103,23.91,24.59,23.91,24.36,24.03,0.33,1.3733,38756.47,94533.278
688007.SH,20231103,27.38,27.73,26.96,27.21,27.13,0.08,0.2949,72974.86,199484.0
688008.SH,20231103,55.18,57.42,55.18,56.7,55.4,1.3,2.3466,121089.28,684629.024
688009.SH,20231103,4.67,4.67,4.63,4.63,4.66,-0.03,-0.6438,251582.1,116829.863
688010.SH,20231103,20.75,21.4,20.49,21.26,20.56,0.7,3.4047,14307.23,30290.183
688011.SH,20231103,23.67,24.1,23.42,23.91,23.46,0.45,1.9182,5321.55,12745.63
688012.SH,20231103,166.09,168.4,164.04,165.38,166.18,-0.8,-0.4814,58010.38,962151.08
688013.SH,20231103,21.85,22.19,21.85,21.88,21.78,0.1,0.4591,7265.42,15983.4
688015.SH,20231103,18.15,18.53,18.15,18.39,18.07,0.32,1.7709,6368.68,11717.246
688016.SH,20231103,190.2,194.77,190.2,192.18,190.56,1.62,0.8501,5451.43,105200.152
688017.SH,20231103,120.0,127.8,120.0,125.14,116.78,8.36,7.1588,48732.17,604417.922
688018.SH,20231103,102.8,108.3,102.77,107.28,102.89,4.39,4.2667,11152.02,118939.386
688019.SH,20231103,179.02,184.22,178.58,182.06,179.9,2.16,1.2007,11588.95,210241.622
688020.SH,20231103,60.0,60.49,58.8,60.0,59.27,0.73,1.2317,9208.38,54685.623
688021.SH,20231103,21.4,21.99,21.36,21.67,21.25,0.42,1.9765,6748.33,14637.133
920278.BJ,20231103,4.78,4.83,4.77,4.82,4.8,0.02,0.4167,848.16,405.415
920781.BJ,20231103,3.78,3.8,3.78,3.8,3.78,0.02,0.5291,341.73,129.472
920418.BJ,20231103,14.82,15.48,14.81,15.26,14.42,0.84,5.8252,8719.68,13223.159
920221.BJ,20231103,7.21,7.49,7.21,7.36,7.18,0.18,2.507,5582.14,4125.586
920924.BJ,20231103,6.01,6.15,6.01,6.12,5.98,0.14,2.3411,1621.42,988.749
920023.BJ,20231103,2.42,2.45,2.4,2.43,2.42,0.01,0.4132,7770.98,1879.562
920871.BJ,20231103,4.13,4.25,4.11,4.2,4.17,0.03,0.7194,832.42,348.241
920299.BJ,20231103,3.93,3.97,3.9,3.94,3.88,0.06,1.5464,304.35,119.994
920367.BJ,20231103,8.22,8.32,8.2,8.29,8.26,0.03,0.3632,1040.73,860.865
920571.BJ,20231103,3.4,3.43,3.39,3.41,3.39,0.02,0.59,10466.02,3576.685
920627.BJ,20231103,6.41,7.28,6.39,6.77,6.5,0.27,4.1538,56311.9,38764.165
920718.BJ,20231103,5.65,5.7,5.63,5.68,5.63,0.05,0.8881,2654.71,1509.136
920564.BJ,20231103,5.22,5.28,5.2,5.26,5.28,-0.02,-0.3788,590.27,309.116
920526.BJ,20231103,4.38,4.68,4.37,4.55,4.39,0.16,3.6446,5168.24,2337.174
920419.BJ,20231103,6.77,6.97,6.77,6.95,6.77,0.18,2.6588,2102.02,1453.111
920942.BJ,20231103,9.0,9.05,8.98,9.04,9.01,0.03,0.333,382.59,344.487
920204.BJ,20231103,6.22,6.29,6.22,6.28,6.26,0.02,0.3195,603.94,378.414
920974.BJ,20231103,5.02,5.02,4.93,4.95,4.92,0.03,0.6098,168.46,83.393
920305.BJ,20231103,11.91,12.4,11.83,12.19,11.91,0.28,2.351,7901.51,9669.783
920670.BJ,20231103,10.25,10.53,10.18,10.4,10.06,0.34,3.3797,10609.32,10984.01
920230.BJ,20231103,8.29,8.33,8.23,8.31,8.29,0.02,0.2413,72.38,60.032
920992.BJ,20231103,6.57,6.67,6.49,6.59,6.48,0.11,1.6975,2216.07,1459.671
920729.BJ,20231103,6.98,7.05,6.94,7.05,6.97,0.08,1.1478,709.09,495.472
920407.BJ,20231103,5.1,5.15,5.03,5.14,5.13,0.01,0.1949,590.09,300.168
920075.BJ,20231103,8.36,8.58,8.1,8.39,8.58,-0.19,-2.2145,7199.17,5972.353
920122.BJ,20231103,10.05,10.25,9.9,10.15,10.05,0.1,0.995,1378.95,1385.723
920199.BJ,20231103,10.07,10.15,10.05,10.1,10.04,0.06,0.5976,159.98,161.498
920169.BJ,20231103,4.56,4.6,4.49,4.58,4.53,0.05,1.1038,607.3,276.133
920247.BJ,20231103,6.29,6.39,6.29,6.34,6.29,0.05,0.7949,917.84,581.666
920866.BJ,20231103,5.37,5.41,5.37,5.37,5.38,-0.01,-0.1859,438.15,236.009
920245.BJ,20231103,8.27,8.27,8.03,8.1,8.22,-0.12,-1.4599,1318.73,1073.923
920223.BJ,20231103,2.47,2.49,2.44,2.49,2.46,0.03,1.2195,3400.52,839.758
920556.BJ,20231103,3.19,3.26,3.19,3.25,3.2,0.05,1.5625,1983.55,643.824
920146.BJ,20231103,2.38,2.42,2.35,2.41,2.4,0.01,0.4167,597.93,142.293
920682.BJ,20231103,5.4,5.48,5.39,5.43,5.41,0.02,0.3697,4419.28,2392.577
920225.BJ,20231103,13.85,14.23,13.85,14.0,13.96,0.04,0.2865,3223.36,4508.629
920237.BJ,20231103,9.71,9.83,9.66,9.76,9.71,0.05,0.5149,405.62,396.724
920685.BJ,20231103,7.98,8.15,7.93,8.1,7.93,0.17,2.1438,1099.14,885.581
920252.BJ,20231103,6.17,6.25,6.12,6.2,6.1,0.1,1.6393,5064.88,3135.827
920985.BJ,20231103,4.64,4.74,4.64,4.73,4.65,0.08,1.7204,6471.96,3050.783
920110.BJ,20231103,12.62,12.8,12.49,12.77,12.57,0.2,1.5911,153.76,196.273
920033.BJ,20231103,30.05,30.76,29.98,30.38,29.88,0.5,1.6734,594.74,1806.067
002040.SZ,20231103,6.83,6.87,6.76,6.77,6.82,-0.05,-0.7331,32537.73,22149.447
002041.SZ,20231103,14.74,15.04,14.72,15.03,14.8,0.23,1.5541,38935.05,58017.001
002042.SZ,20231103,3.72,3.96,3.66,3.93,3.73,0.2,5.3619,844350.0,323400.14
002043.SZ,20231103,9.4,9.56,9.4,9.5,9.4,0.1,1.0638,108481.26,103058.027
002044.SZ,20231103,6.05,6.16,6.05,6.07,6.04,0.03,0.4967,242118.29,147665.766
002045.SZ,20231103,15.21,15.6,15.16,15.46,15.45,0.01,0.0647,252048.17,388714.946
002046.SZ,20231103,10.1,10.44,10.09,10.41,9.97,0.44,4.4132,133983.85,138363.184
002047.SZ,20231103,2.7,2.71,2.67,2.67,2.69,-0.02,-0.7435,128622.4,34553.822
002048.SZ,20231103,13.25,13.59,13.21,13.51,13.19,0.32,2.4261,120386.27,161929.158
002049.SZ,20231103,73.66,75.93,73.66,75.35,73.62,1.73,2.3499,121549.2,910750.186
002050.SZ,20231103,26.43,27.02,26.03,26.5,25.83,0.67,2.5939,334769.68,889630.614
002051.SZ,20231103,8.69,8.77,8.66,8.71,8.68,0.03,0.3456,88594.11,77325.561
002052.SZ,20231103,1.64,1.67,1.64,1.65,1.64,0.01,0.6098,26374.6,4370.994
002053.SZ,20231103,9.86,9.92,9.8,9.87,9.83,0.04,0.4069,24400.0,24113.98
002054.SZ,20231103,7.04,7.07,6.96,6.97,7.02,-0.05,-0.7123,23688.3,16591.496
002055.SZ,20231103,9.33,9.64,9.33,9.62,9.34,0.28,2.9979,138891.0,132653.706
002056.SZ,20231103,14.25,14.62,14.23,14.59,14.26,0.33,2.3142,117404.71,170379.584
002057.SZ,20231103,8.28,8.47,8.28,8.43,8.28,0.15,1.8116,47676.0,40076.802
002058.SZ,20231103,11.66,11.98,11.66,11.79,11.73,0.06,0.5115,15625.0,18491.733
002059.SZ,20231103,5.43,5.46,5.4,5.43,5.42,0.01,0.1845,34593.0,18803.942
002060.SZ,20231103,5.23,5.29,5.22,5.24,5.23,0.01,0.1912,88454.0,46531.944
002061.SZ,20231103,3.71,3.75,3.71,3.72,3.72,0.0,0.0,155610.26,57979.158
002062.SZ,20231103,4.54,4.57,4.53,4.53,4.53,0.0,0.0,50877.0,23122.761
002063.SZ,20231103,5.68,5.85,5.68,5.79,5.68,0.11,1.9366,170572.27,98789.244
002064.SZ,20231103,7.25,7.28,7.17,7.2,7.22,-0.02,-0.277,116066.69,83822.761
002065.SZ,20231103,6.27,6.45,6.27,6.38,6.27,0.11,1.7544,375790.1,239692.934
002066.SZ,20231103,10.62,10.68,10.55,10.64,10.62,0.02,0.1883,16556.62,17615.7
002067.SZ,20231103,3.42,3.44,3.39,3.4,3.42,-0.02,-0.5848,93398.04,31889.508
002068.SZ,20231103,10.39,10.87,10.36,10.69,10.3,0.39,3.7864,194732.65,207356.358
002069.SZ,20231103,4.36,4.44,4.34,4.37,4.35,0.02,0.4598,64168.0,28169.113
002072.SZ,20231103,6.54,6.56,6.43,6.46,6.53,-0.07,-1.072,32345.0,21004.172
002073.SZ,20231103,6.81,7.05,6.81,6.99,6.8,0.19,2.7941,161495.6,112835.807
002074.SZ,20231103,22.62,23.05,22.6,22.95,22.63,0.32,1.4141,87310.68,199890.118
002075.SZ,20231103,3.94,3.99,3.92,3.93,3.94,-0.01,-0.2538,99430.44,39306.786
002076.SZ,20231103,2.36,2.4,2.35,2.38,2.36,0.02,0.8475,76711.0,18276.961
002077.SZ,20231103,15.87,16.5,15.68,16.27,15.9,0.37,2.327,357563.31,577096.195
002078.SZ,20231103,12.26,12.39,12.26,12.26,12.31,-0.05,-0.4062,109243.56,134525.025
002079.SZ,20231103,11.7,12.08,11.67,12.03,11.58,0.45,3.886,239985.68,286864.635
002080.SZ,20231103,17.02,17.41,17.02,17.35,17.01,0.34,1.9988,110668.14,191219.29
002081.SZ,20231103,4.06,4.09,4.04,4.05,4.05,0.0,0.0,123698.97,50271.873
002082.SZ,20231103,6.4,6.48,6.36,6.45,6.42,0.03,0.4673,46662.0,30054.349
002727.SZ,20231103,22.1,23.01,21.95,22.44,22.24,0.2,0.8993,170384.71,382628.7
002728.SZ,20231103,16.82,16.94,16.65,16.91,16.81,0.1,0.5949,200346.39,336723.872
002729.SZ,20231103,19.23,21.18,19.23,21.18,19.25,1.93,10.026,104278.93,212578.803
002730.SZ,20231103,8.98,9.18,8.98,9.15,8.97,0.18,2.0067,51977.68,47476.134
002731.SZ,20231103,11.01,11.21,11.01,11.07,11.01,0.06,0.545,21200.0,23597.268
002732.SZ,20231103,19.78,20.26,19.78,20.12,19.77,0.35,1.7704,25103.94,50440.136
002733.SZ,20231103,14.31,14.58,14.25,14.49,14.24,0.25,1.7556,46180.07,66955.336
002734.SZ,20231103,8.33,8.42,8.33,8.34,8.33,0.01,0.12,14366.0,12036.444
002735.SZ,20231103,12.18,12.8,12.18,12.39,12.16,0.23,1.8914,55833.28,69711.032
002736.SZ,20231103,9.54,9.62,9.51,9.55,9.53,0.02,0.2099,122712.61,117357.712
002737.SZ,20231103,23.65,23.94,23.56,23.86,23.71,0.15,0.6326,41424.26,98604.569
002738.SZ,20231103,36.28,36.6,36.01,36.2,35.92,0.28,0.7795,115505.63,419121.489
002739.SZ,20231103,12.54,12.75,12.46,12.61,12.54,0.07,0.5582,183391.59,231425.312
002740.SZ,20231103,1.82,1.86,1.8,1.84,1.81,0.03,1.6575,102598.96,18819.032
002741.SZ,20231103,13.89,14.26,13.85,14.18,13.9,0.28,2.0144,22228.76,31418.687
002742.SZ,20231103,3.56,3.57,3.51,3.55,3.55,0.0,0.0,30642.63,10843.409
002743.SZ,20231103,5.74,5.76,5.7,5.71,5.74,-0.03,-0.5226,53757.0,30802.465
002745.SZ,20231103,9.14,9.29,9.12,9.27,9.12,0.15,1.6447,93449.78,86340.316
002746.SZ,20231103,7.38,7.44,7.37,7.4,7.42,-0.02,-0.2695,82040.88,60742.266
002747.SZ,20231103,18.9,19.9,18.66,19.46,18.16,1.3,7.1586,386536.28,744383.057
002748.SZ,20231103,9.68,9.91,9.65,9.67,9.78,-0.11,-1.1247,47328.0,46162.828
002749.SZ,20231103,10.67,10.83,10.61,10.78,10.67,0.11,1.0309,14129.7,15225.683
002750.SZ,20231103,11.03,11.21,10.82,10.9,11.21,-0.31,-2.7654,253846.72,277583.26
002752.SZ,20231103,5.22,5.29,5.19,5.25,5.19,0.06,1.1561,50929.25,26742.815
002753.SZ,20231103,7.77,8.0,7.77,7.81,7.76,0.05,0.6443,63179.76,49682.428
002755.SZ,20231103,10.47,10.54,10.12,10.18,10.41,-0.23,-2.2094,87623.0,90143.258
002756.SZ,20231103,48.98,49.15,48.48,48.89,48.73,0.16,0.3283,73061.85,356818.64
002757.SZ,20231103,14.88,15.05,14.77,14.91,14.78,0.13,0.8796,147913.76,221079.781
002758.SZ,20231103,10.9,10.9,10.78,10.86,10.83,0.03,0.277,12065.11,13097.757
002759.SZ,20231103,11.62,11.69,11.52,11.68,11.55,0.13,1.1255,29429.52,34282.005
002760.SZ,20231103,23.98,24.35,23.74,24.28,23.86,0.42,1.7603,17326.53,41933.753
002761.SZ,20231103,11.87,11.97,11.8,11.92,11.77,0.15,1.2744,137712.69,163970.269
002762.SZ,20231103,9.26,9.34,9.14,9.17,9.26,-0.09,-0.9719,125491.31,115915.288
002763.SZ,20231103,8.4,8.5,8.33,8.36,8.4,-0.04,-0.4762,26232.6,22062.539
002765.SZ,20231103,7.55,7.72,7.51,7.56,7.45,0.11,1.4765,307836.7,233959.616
002766.SZ,20231103,5.63,5.8,5.52,5.57,5.46,0.11,2.0147,173976.9,97337.851
002767.SZ,20231103,14.9,15.55,14.9,15.39,15.1,0.29,1.9205,112593.0,171853.438
002768.SZ,20231103,21.13,21.31,21.07,21.19,21.02,0.17,0.8088,13729.96,29144.027
002769.SZ,20231103,9.0,9.05,8.85,8.88,9.06,-0.18,-1.9868,81101.49,72314.828
002771.SZ,20231103,24.79,25.25,24.53,25.18,25.07,0.11,0.4388,305889.24,762046.595
002772.SZ,20231103,8.1,8.2,8.09,8.14,8.1,0.04,0.4938,34689.26,28270.221
300391.SZ,20231103,7.12,7.23,6.99,7.18,7.07,0.11,1.5559,111397.5,79482.507
300393.SZ,20231103,10.7,11.12,10.7,11.07,10.73,0.34,3.1687,169684.16,186509.151
300394.SZ,20231103,69.02,72.27,68.74,71.3,69.02,2.28,3.3034,211136.9,1503711.931
300395.SZ,20231103,37.61,39.15,37.61,38.53,38.23,0.3,0.7847,46634.74,180654.124
300396.SZ,20231103,26.79,27.08,25.97,26.13,26.97,-0.84,-3.1146,44039.54,116338.557
300397.SZ,20231103,11.07,11.53,10.93,11.33,10.93,0.4,3.6597,237513.66,267948.774
300398.SZ,20231103,17.96,19.4,17.6,19.16,17.6,1.56,8.8636,482982.66,901646.331
300399.SZ,20231103,12.69,12.93,12.67,12.89,12.69,0.2,1.576,29542.0,37963.836
300400.SZ,20231103,16.08,17.6,16.08,17.17,16.18,0.99,6.1187,76277.0,130307.542
300401.SZ,20231103,10.59,10.72,10.59,10.63,10.61,0.02,0.1885,30704.32,32741.202
300402.SZ,20231103,16.85,17.32,16.85,17.17,16.84,0.33,1.9596,13985.0,24062.029
300403.SZ,20231103,7.88,8.17,7.65,8.0,7.39,0.61,8.2544,650577.54,515147.774
300404.SZ,20231103,9.43,9.57,9.38,9.4,9.43,-0.03,-0.3181,70378.0,66635.276
300405.SZ,20231103,6.05,6.15,5.99,6.05,6.04,0.01,0.1656,54557.64,33116.796
300406.SZ,20231103,17.65,17.87,17.45,17.65,17.56,0.09,0.5125,41679.0,73620.233
300407.SZ,20231103,8.61,8.72,8.52,8.66,8.53,0.13,1.524,33675.77,29217.645
300408.SZ,20231103,30.54,31.36,30.49,31.14,30.6,0.54,1.7647,78846.79,245132.291
300409.SZ,20231103,11.32,11.47,11.28,11.4,11.29,0.11,0.9743,47028.63,53639.952
300410.SZ,20231103,7.92,8.23,7.92,8.21,7.92,0.29,3.6616,69792.52,56956.443
300411.SZ,20231103,6.54,6.7,6.48,6.59,6.5,0.09,1.3846,45028.0,29848.79
300412.SZ,20231103,5.59,5.63,5.56,5.57,5.55,0.02,0.3604,77380.0,43271.814
300413.SZ,20231103,25.21,26.09,24.8,25.74,25.55,0.19,0.7436,110594.73,282436.582
300414.SZ,20231103,9.7,10.03,9.66,9.99,9.69,0.3,3.096,97075.64,96626.69
300415.SZ,20231103,17.85,18.79,17.84,18.51,17.8,0.71,3.9888,113115.47,209176.699
300416.SZ,20231103,15.35,16.36,15.32,16.12,15.32,0.8,5.2219,87624.47,140318.749
300417.SZ,20231103,12.06,12.22,11.9,11.99,11.92,0.07,0.5872,17583.4,21275.339
300418.SZ,20231103,31.01,32.93,30.27,32.36,31.45,0.91,2.8935,812591.83,2588462.065
300419.SZ,20231103,7.06,7.26,7.05,7.2,7.06,0.14,1.983,135981.0,97699.14
300420.SZ,20231103,2.96,3.05,2.95,3.03,2.95,0.08,2.7119,174086.88,52588.883
300421.SZ,20231103,9.45,9.69,9.36,9.57,9.26,0.31,3.3477,104076.0,99496.267
300422.SZ,20231103,6.04,6.12,6.04,6.06,6.05,0.01,0.1653,31377.0,19095.551
300423.SZ,20231103,8.17,8.38,8.16,8.31,8.16,0.15,1.8382,45119.0,37528.455
300424.SZ,20231103,13.09,13.41,13.06,13.36,13.08,0.28,2.1407,36759.0,48985.72
300425.SZ,20231103,4.71,4.79,4.71,4.73,4.72,0.01,0.2119,75057.11,35713.374
300426.SZ,20231103,11.48,11.75,11.23,11.35,11.77,-0.42,-3.5684,264124.26,301618.22
300427.SZ,20231103,6.36,6.45,6.34,6.35,6.35,0.0,0.0,30839.99,19673.837
300428.SZ,20231103,22.35,22.6,22.2,22.34,22.25,0.09,0.4045,32666.11,73294.139
300429.SZ,20231103,12.5,13.83,12.22,13.55,12.81,0.74,5.7767,1012001.11,1320907.757
300430.SZ,20231103,15.4,16.04,15.4,15.95,15.35,0.6,3.9088,32950.75,52054.213
300432.SZ,20231103,10.58,10.94,10.58,10.8,10.56,0.24,2.2727,252875.11,274158.514
300433.SZ,20231103,13.11,13.55,13.1,13.41,13.1,0.31,2.3664,467498.14,626450.15
301076.SZ,20231103,21.8,22.39,21.73,21.99,21.81,0.18,0.8253,16313.42,36054.663
301077.SZ,20231103,21.14,21.52,21.12,21.18,21.17,0.01,0.0472,4631.0,9863.338
301078.SZ,20231103,8.52,8.69,8.52,8.64,8.55,0.09,1.0526,65389.9,56455.976
301079.SZ,20231103,17.56,18.33,17.56,17.96,17.51,0.45,2.57,18880.82,34120.739
301080.SZ,20231103,63.83,65.0,63.0,63.45,63.81,-0.36,-0.5642,10826.0,69134.981
301081.SZ,20231103,10.67,10.9,10.6,10.7,10.63,0.07,0.6585,18134.49,19496.485
301082.SZ,20231103,17.15,17.4,16.78,17.28,16.89,0.39,2.3091,20307.05,35045.06
301083.SZ,20231103,15.98,17.95,15.85,17.02,15.62,1.4,8.9629,94849.47,160420.155
301085.SZ,20231103,59.22,60.68,58.77,60.23,59.49,0.74,1.2439,34769.95,208479.648
301086.SZ,20231103,46.16,47.26,46.16,46.91,46.02,0.89,1.9339,8552.5,40090.185
301087.SZ,20231103,37.93,38.3,37.72,37.94,37.93,0.01,0.0264,8451.6,32169.374
301088.SZ,20231103,16.18,16.3,16.1,16.18,16.18,0.0,0.0,11689.0,18927.658
301089.SZ,20231103,50.33,51.37,50.33,51.0,50.64,0.36,0.7109,24290.0,123532.156
301090.SZ,20231103,11.14,11.24,11.0,11.01,11.14,-0.13,-1.167,35012.0,38823.049
301091.SZ,20231103,23.24,25.77,22.51,23.2,23.16,0.04,0.1727,381507.66,905528.3
301092.SZ,20231103,27.65,28.07,27.5,27.9,27.51,0.39,1.4177,10529.92,29303.374
301093.SZ,20231103,35.03,35.5,34.43,34.5,35.12,-0.62,-1.7654,12292.23,42716.898
301095.SZ,20231103,87.86,92.0,87.83,90.75,88.35,2.4,2.7165,19235.57,172661.986
301096.SZ,20231103,68.61,69.03,67.85,68.58,68.61,-0.03,-0.0437,10964.92,75112.054
301097.SZ,20231103,50.43,51.6,50.12,50.55,50.41,0.14,0.2777,3923.86,19974.827
301098.SZ,20231103,11.47,11.64,11.47,11.51,11.47,0.04,0.3487,13089.0,15139.577
301099.SZ,20231103,50.05,51.65,49.7,51.23,49.84,1.39,2.7889,23463.0,119294.003
301100.SZ,20231103,19.26,19.53,19.19,19.52,19.15,0.37,1.9321,7840.04,15245.422
301101.SZ,20231103,35.35,35.95,35.23,35.23,35.58,-0.35,-0.9837,6239.48,22141.318
301102.SZ,20231103,18.96,19.24,18.62,19.15,18.98,0.17,0.8957,15423.38,29371.52
301103.SZ,20231103,32.96,33.44,32.9,33.22,32.97,0.25,0.7583,12250.13,40730.736
301105.SZ,20231103,36.67,37.45,36.67,36.98,36.66,0.32,0.8729,5583.0,20709.423
301106.SZ,20231103,40.78,42.77,40.77,42.32,40.59,1.73,4.2621,9708.38,40998.919
301107.SZ,20231103,31.88,32.65,31.23,32.19,31.55,0.64,2.0285,11648.78,37627.483
301108.SZ,20231103,34.8,35.32,34.61,34.91,34.76,0.15,0.4315,13392.5,46977.369
301109.SZ,20231103,16.16,16.21,16.05,16.1,16.09,0.01,0.0622,9607.0,15520.407
301110.SZ,20231103,45.16,45.49,44.28,44.46,45.17,-0.71,-1.5718,12870.16,57499.291
301111.SZ,20231103,20.25,20.48,20.07,20.08,20.22,-0.14,-0.6924,9312.0,18790.371
301112.SZ,20231103,28.85,29.9,28.6,29.58,28.12,1.46,5.192,25064.28,73856.675
301113.SZ,20231103,32.62,32.79,31.88,31.93,32.82,-0.89,-2.7118,19462.28,62688.011
301115.SZ,20231103,18.19,18.52,18.14,18.44,18.2,0.24,1.3187,7101.16,13093.566
301116.SZ,20231103,13.05,13.3,13.05,13.17,13.09,0.08,0.6112,20675.0,27298.754
301117.SZ,20231103,56.0,58.22,55.03,57.46,55.85,1.61,2.8827,28402.62,162497.722
301118.SZ,20231103,23.54,24.07,23.54,23.84,23.54,0.3,1.2744,9193.15,21923.005
301119.SZ,20231103,25.8,26.59,25.78,26.36,25.98,0.38,1.4627,15060.8,39611.841
301120.SZ,20231103,11.3,11.74,11.3,11.6,11.29,0.31,2.7458,60125.2,69913.04
600469.SH,20231103,5.82,5.87,5.73,5.82,5.78,0.04,0.692,69268.0,40403.515
600470.SH,20231103,5.2,5.23,5.18,5.19,5.19,0.0,0.0,48400.4,25200.409
600475.SH,20231103,9.6,9.69,9.56,9.59,9.57,0.02,0.209,46771.69,44981.498
600476.SH,20231103,16.31,16.88,16.25,16.78,16.49,0.29,1.7586,125611.21,209007.235
600477.SH,20231103,3.43,3.45,3.4,3.43,3.4,0.03,0.8824,110892.84,38081.979
600478.SH,20231103,5.2,5.35,5.2,5.33,5.21,0.12,2.3033,133956.31,71272.02
600479.SH,20231103,11.13,11.22,11.06,11.08,11.13,-0.05,-0.4492,36566.2,40683.461
600480.SH,20231103,8.43,8.63,8.4,8.57,8.4,0.17,2.0238,150922.37,129156.111
600481.SH,20231103,9.19,9.43,9.19,9.38,9.18,0.2,2.1786,162504.0,152055.409
600482.SH,20231103,17.31,17.63,17.31,17.51,17.35,0.16,0.9222,65610.01,114912.356
600483.SH,20231103,8.72,8.83,8.66,8.7,8.7,0.0,0.0,101105.7,88562.108
600486.SH,20231103,65.17,66.0,64.91,64.91,65.17,-0.26,-0.399,11903.68,77845.604
600487.SH,20231103,12.93,13.18,12.93,13.13,12.93,0.2,1.5468,238681.45,312793.355
600488.SH,20231103,5.18,5.26,5.15,5.17,5.21,-0.04,-0.7678,82578.08,42935.166
600489.SH,20231103,10.64,10.67,10.5,10.54,10.68,-0.14,-1.3109,427368.7,451211.179
600490.SH,20231103,3.0,3.03,2.99,2.99,3.0,-0.01,-0.3333,247288.62,74303.84
600491.SH,20231103,4.33,4.36,4.3,4.32,4.32,0.0,0.0,109436.0,47355.663
600493.SH,20231103,6.44,6.73,6.42,6.53,6.43,0.1,1.5552,134140.62,88539.213
600495.SH,20231103,3.88,3.95,3.87,3.89,3.86,0.03,0.7772,97104.76,37937.545
600496.SH,20231103,3.23,3.27,3.23,3.25,3.23,0.02,0.6192,134179.03,43576.387
600497.SH,20231103,5.11,5.14,5.08,5.11,5.11,0.0,0.0,436006.1,222638.456
600498.SH,20231103,18.25,19.1,18.21,18.84,18.5,0.34,1.8378,269785.71,507454.59
600499.SH,20231103,10.7,10.85,10.67,10.73,10.69,0.04,0.3742,91260.07,98293.825
600500.SH,20231103,4.96,4.99,4.92,4.93,4.96,-0.03,-0.6048,91105.0,45166.021
600501.SH,20231103,13.88,14.49,13.68,13.96,13.81,0.15,1.0862,111165.52,156498.156
600502.SH,20231103,4.75,4.81,4.74,4.8,4.73,0.07,1.4799,224976.86,107418.909
600503.SH,20231103,2.7,2.71,2.67,2.68,2.69,-0.01,-0.3717,259807.28,69688.688
600505.SH,20231103,7.76,7.86,7.73,7.8,7.76,0.04,0.5155,22892.0,17887.947
600506.SH,20231103,10.6,10.67,10.5,10.5,10.54,-0.04,-0.3795,19420.0,20546.771
600507.SH,20231103,4.92,4.94,4.84,4.84,4.92,-0.08,-1.626,150407.28,73597.461
600508.SH,20231103,13.35,13.44,13.3,13.34,13.27,0.07,0.5275,43965.01,58786.211
600509.SH,20231103,6.25,6.36,6.22,6.34,6.28,0.06,0.9554,79519.81,50312.906
600510.SH,20231103,5.75,5.78,5.68,5.7,5.75,-0.05,-0.8696,145482.0,83299.861
600511.SH,20231103,28.38,28.6,28.22,28.34,28.4,-0.06,-0.2113,36890.32,104645.904
600512.SH,20231103,2.58,2.61,2.57,2.59,2.58,0.01,0.3876,165780.0,42916.051
600513.SH,20231103,10.2,10.25,10.02,10.1,10.19,-0.09,-0.8832,55281.29,56068.443
600515.SH,20231103,3.77,3.8,3.77,3.78,3.76,0.02,0.5319,116023.38,43888.867
600516.SH,20231103,5.81,5.87,5.81,5.83,5.8,0.03,0.5172,136182.77,79535.225
600517.SH,20231103,4.87,4.92,4.84,4.87,4.85,0.02,0.4124,96507.0,47136.46
600518.SH,20231103,1.86,1.88,1.85,1.87,1.86,0.01,0.5376,389275.69,72730.15
600519.SH,20231103,1780.0,1814.89,1774.0,1811.24,1779.5,31.74,1.7836,30176.0,5433116.881
603010.SH,20231103,11.35,11.5,11.35,11.45,11.32,0.13,1.1484,20741.0,23733.408
603011.SH,20231103,6.88,7.09,6.88,7.05,6.88,0.17,2.4709,87304.78,61419.342
603012.SH,20231103,5.69,5.82,5.69,5.77,5.68,0.09,1.5845,77440.44,44792.387
603013.SH,20231103,16.17,16.48,16.12,16.39,16.17,0.22,1.3605,53520.77,87524.663
603015.SH,20231103,9.35,9.99,9.13,9.99,9.08,0.91,10.022,409372.15,401426.534
603016.SH,20231103,18.86,19.65,18.86,19.38,18.9,0.48,2.5397,11189.0,21755.883
603017.SH,20231103,9.96,10.11,9.92,10.06,9.89,0.17,1.7189,22889.0,23046.991
603018.SH,20231103,7.59,7.77,7.59,7.69,7.58,0.11,1.4512,93061.7,71716.431
603019.SH,20231103,36.6,37.45,36.53,37.26,36.68,0.58,1.5812,303682.46,1127283.511
603020.SH,20231103,9.14,9.18,9.09,9.13,9.09,0.04,0.44,14456.0,13218.634
603021.SH,20231103,5.62,5.68,5.55,5.6,5.6,0.0,0.0,30831.2,17342.331
603022.SH,20231103,9.74,9.98,9.73,9.92,9.74,0.18,1.848,22645.0,22453.303
603023.SH,20231103,4.9,4.95,4.84,4.86,4.93,-0.07,-1.4199,218995.0,106722.792
603025.SH,20231103,11.99,12.28,11.94,12.16,11.9,0.26,2.1849,62929.0,76641.9
603026.SH,20231103,51.45,52.69,51.43,52.05,51.4,0.65,1.2646,13305.0,69416.365
603027.SH,20231103,17.08,17.8,17.08,17.7,17.23,0.47,2.7278,149475.21,263426.801
603028.SH,20231103,13.09,13.2,12.58,12.72,13.08,-0.36,-2.7523,67001.8,85756.422
603029.SH,20231103,19.33,19.77,19.33,19.6,19.39,0.21,1.083,19013.3,37358.38
603030.SH,20231103,3.32,3.39,3.32,3.37,3.33,0.04,1.2012,42464.75,14258.348
603031.SH,20231103,45.45,45.69,45.22,45.44,45.46,-0.02,-0.044,1469.0,6684.825
603032.SH,20231103,20.23,21.17,20.21,21.15,20.21,0.94,4.6512,93576.82,195229.784
603033.SH,20231103,17.49,17.96,17.46,17.73,17.51,0.22,1.2564,34350.94,61015.557
603035.SH,20231103,19.7,19.82,19.44,19.78,19.43,0.35,1.8013,43637.0,85948.025
603036.SH,20231103,12.49,13.07,12.49,12.95,12.45,0.5,4.0161,74865.0,96637.592
603037.SH,20231103,20.08,20.48,19.28,19.4,20.18,-0.78,-3.8652,172208.7,338192.811
603038.SH,20231103,9.98,10.09,9.89,9.98,9.95,0.03,0.3015,29361.4,29348.039
603039.SH,20231103,48.26,51.9,48.06,51.0,48.55,2.45,5.0463,18936.0,95590.747
603040.SH,20231103,21.18,21.93,21.18,21.64,21.18,0.46,2.1719,17717.0,38369.119
603041.SH,20231103,12.77,12.82,12.61,12.62,12.64,-0.02,-0.1582,18741.0,23831.319
603042.SH,20231103,15.83,16.12,15.82,15.92,15.83,0.09,0.5685,96214.56,153493.705
603043.SH,20231103,21.03,21.29,20.96,21.18,21.02,0.16,0.7612,20724.69,43921.719
603045.SH,20231103,15.48,15.78,15.42,15.63,15.5,0.13,0.8387,22465.0,35182.056
603048.SH,20231103,19.41,19.63,18.96,19.11,19.16,-0.05,-0.261,82175.0,157815.414
603050.SH,20231103,16.31,16.56,16.23,16.32,16.28,0.04,0.2457,33736.9,55371.902
603051.SH,20231103,33.06,33.7,33.0,33.65,33.02,0.63,1.9079,17879.0,59888.328
603052.SH,20231103,30.74,31.65,30.74,31.48,30.7,0.78,2.5407,14121.2,44183.64
603053.SH,20231103,10.18,10.25,10.11,10.17,10.17,0.0,0.0,30247.0,30835.685
603055.SH,20231103,12.26,12.5,12.17,12.44,12.24,0.2,1.634,74151.94,91799.34
603056.SH,20231103,15.15,15.29,14.98,15.19,15.08,0.11,0.7294,25960.0,39371.178
603057.SH,20231103,22.76,23.23,22.44,23.08,22.75,0.33,1.4505,13235.0,30388.955
603058.SH,20231103,8.07,8.14,8.05,8.05,8.06,-0.01,-0.1241,26055.0,21097.284
688022.SH,20231103,22.16,23.25,22.15,22.9,21.92,0.98,4.4708,50427.95,114884.107
688023.SH,20231103,116.05,121.49,116.05,120.36,116.12,4.24,3.6514,7754.55,93094.279
688025.SH,20231103,76.37,79.0,76.37,78.3,76.06,2.24,2.945,9139.92,71032.41
688026.SH,20231103,17.8,17.95,17.53,17.85,17.62,0.23,1.3053,13130.22,23371.464
688027.SH,20231103,125.02,130.4,125.02,129.9,125.55,4.35,3.4648,10123.13,130425.742
688028.SH,20231103,23.73,24.72,23.47,24.16,23.54,0.62,2.6338,37113.31,89499.531
688029.SH,20231103,87.41,88.97,86.8,86.94,87.53,-0.59,-0.6741,13239.57,116102.968
688030.SH,20231103,19.06,19.74,18.82,19.56,19.06,0.5,2.6233,11225.44,21831.326
688031.SH,20231103,53.39,55.44,52.26,55.1,52.9,2.2,4.1588,19744.93,107697.973
688032.SH,20231103,216.83,222.0,216.83,220.61,216.83,3.78,1.7433,4913.32,108386.903
688033.SH,20231103,17.56,18.3,17.52,18.0,17.52,0.48,2.7397,55487.24,99998.728
688035.SH,20231103,52.81,59.2,52.46,59.2,53.07,6.13,11.5508,63684.68,360816.2
688036.SH,20231103,136.5,139.58,132.66,135.33,136.0,-0.67,-0.4926,59605.06,802909.259
688037.SH,20231103,144.39,149.88,144.2,149.31,144.02,5.29,3.6731,24439.43,361836.017
688038.SH,20231103,13.1,13.45,13.05,13.26,13.06,0.2,1.5314,13380.31,17795.804
688039.SH,20231103,29.57,30.89,29.26,30.3,29.22,1.08,3.6961,20090.08,60612.799
688041.SH,20231103,63.65,66.77,63.38,66.65,64.38,2.27,3.5259,325011.65,2125578.154
688045.SH,20231103,46.09,47.18,45.22,47.16,45.81,1.35,2.947,6264.18,29189.55
688046.SH,20231103,16.91,17.21,16.8,17.0,17.02,-0.02,-0.1175,13439.28,22847.801
688047.SH,20231103,80.79,84.75,80.78,83.93,81.22,2.71,3.3366,30009.74,250178.606
688048.SH,20231103,58.09,65.57,58.09,64.3,58.19,6.11,10.5001,52458.23,327729.513
688049.SH,20231103,34.55,35.91,34.55,35.52,34.8,0.72,2.069,25809.4,91270.276
688050.SH,20231103,179.59,182.49,179.59,180.35,179.59,0.76,0.4232,3583.37,64852.862
688051.SH,20231103,32.11,32.77,32.11,32.5,31.9,0.6,1.8809,3813.3,12399.091
688052.SH,20231103,143.13,150.7,140.32,147.9,140.51,7.39,5.2594,17120.92,250797.186
688053.SH,20231103,49.0,51.5,48.4,51.5,48.72,2.78,5.7061,13491.8,67552.492
688055.SH,20231103,4.52,4.66,4.5,4.64,4.49,0.15,3.3408,86746.66,39998.654
688056.SH,20231103,34.5,35.78,34.5,35.48,34.55,0.93,2.6918,3598.56,12739.122
688057.SH,20231103,13.9,13.98,13.76,13.82,13.82,0.0,0.0,6717.1,9324.488
688058.SH,20231103,46.1,47.17,45.87,46.89,45.89,1.0,2.1791,6778.22,31651.728
688059.SH,20231103,97.16,97.52,94.29,95.51,96.5,-0.99,-1.0259,11441.4,109106.978
688060.SH,20231103,47.33,48.98,47.31,48.55,47.3,1.25,2.6427,3114.65,15114.271
688061.SH,20231103,38.45,40.35,38.26,39.98,37.91,2.07,5.4603,13086.48,51966.505
688062.SH,20231103,26.08,26.78,25.88,26.18,26.2,-0.02,-0.0763,27255.46,71515.541
688063.SH,20231103,106.15,109.18,106.15,108.61,106.91,1.7,1.5901,33026.7,358088.026
688065.SH,20231103,52.74,53.5,52.54,53.04,52.74,0.3,0.5688,8004.52,42576.504
688066.SH,20231103,40.36,43.5,40.22,42.67,40.12,2.55,6.3559,63137.71,267282.718
688067.SH,20231103,23.77,23.96,23.58,23.63,23.66,-0.03,-0.1268,7014.39,16668.167
688068.SH,20231103,40.68,40.91,40.03,40.13,40.45,-0.32,-0.7911,13733.03,55456.914
688069.SH,20231103,20.08,20.4,19.99,20.07,19.98,0.09,0.4505,3651.0,7379.378
688070.SH,20231103,34.99,35.98,34.06,35.71,34.52,1.19,3.4473,1932.82,6872.904
920694.BJ,20231103,11.6,11.99,11.47,11.8,11.54,0.26,2.253,2985.38,3514.499
920491.BJ,20231103,12.55,13.09,12.39,13.05,12.17,0.88,7.2309,26317.81,33793.117
920415.BJ,20231103,3.7,3.72,3.69,3.7,3.7,0.0,0.0,1263.18,466.998
920145.BJ,20231103,4.44,4.45,4.37,4.42,4.43,-0.01,-0.2257,744.46,328.864
920964.BJ,20231103,2.79,2.85,2.78,2.8,2.76,0.04,1.4493,1058.26,296.708
920753.BJ,20231103,7.03,7.2,6.98,7.1,6.96,0.14,2.0115,1131.25,803.734
920808.BJ,20231103,32.4,33.44,32.1,32.54,32.06,0.48,1.4972,11431.67,37472.357
920274.BJ,20231103,6.29,6.35,6.29,6.35,6.33,0.02,0.316,1368.19,865.455
920273.BJ,20231103,9.14,9.25,9.09,9.2,9.18,0.02,0.2179,1032.73,947.156
920271.BJ,20231103,9.63,9.65,9.5,9.64,9.54,0.1,1.0482,1831.96,1752.099
920242.BJ,20231103,10.08,10.2,10.0,10.15,10.16,-0.01,-0.0984,2136.65,2167.196
920895.BJ,20231103,5.53,5.57,5.53,5.55,5.54,0.01,0.1805,193.0,107.095
920748.BJ,20231103,7.98,8.23,7.95,8.12,7.97,0.15,1.8821,5776.24,4691.93
920304.BJ,20231103,3.95,4.02,3.92,4.02,3.94,0.08,2.0305,4820.46,1929.392
920017.BJ,20231103,10.45,10.48,10.32,10.4,10.34,0.06,0.5803,4333.4,4494.725
920599.BJ,20231103,7.96,8.33,7.91,8.2,7.97,0.23,2.8858,20612.92,16739.644
920592.BJ,20231103,9.52,9.89,9.43,9.47,9.32,0.15,1.6094,6618.84,6389.654
920422.BJ,20231103,5.0,5.0,4.96,4.99,4.98,0.01,0.2008,571.48,283.957
920371.BJ,20231103,3.31,3.34,3.3,3.33,3.31,0.02,0.6042,2377.35,789.397
920087.BJ,20231103,6.43,6.52,6.43,6.5,6.45,0.05,0.7752,2498.84,1618.374
920039.BJ,20231103,4.82,4.84,4.81,4.82,4.81,0.01,0.2079,310.02,149.61
920026.BJ,20231103,21.42,21.95,21.28,21.75,21.36,0.39,1.8258,3950.39,8594.965
920006.BJ,20231103,9.73,9.93,9.67,9.84,9.67,0.17,1.758,4608.69,4517.764
920770.BJ,20231103,4.82,4.94,4.82,4.92,4.85,0.07,1.4433,2619.88,1283.381
920982.BJ,20231103,225.52,231.42,225.52,227.61,227.49,0.12,0.0527,1709.9,38934.099
920167.BJ,20231103,10.35,10.59,10.35,10.55,10.41,0.14,1.3449,1545.86,1630.279
920914.BJ,20231103,8.05,8.38,8.05,8.15,8.09,0.06,0.7417,1084.02,887.526
920405.BJ,20231103,9.88,10.02,9.88,9.95,9.89,0.06,0.6067,589.65,588.566
920873.BJ,20231103,2.86,2.86,2.83,2.85,2.83,0.02,0.7067,1362.59,388.26
920454.BJ,20231103,4.89,4.94,4.85,4.91,4.89,0.02,0.409,719.58,353.77
920014.BJ,20231103,8.23,8.3,8.16,8.26,8.23,0.03,0.3645,367.07,303.6
920719.BJ,20231103,10.17,10.24,10.07,10.23,10.09,0.14,1.3875,3577.31,3644.288
920089.BJ,20231103,12.92,13.05,12.71,12.97,12.91,0.06,0.4648,1570.51,2024.51
920634.BJ,20231103,7.03,7.14,7.03,7.14,7.12,0.02,0.2809,206.7,146.443
920786.BJ,20231103,4.19,4.27,4.19,4.22,4.19,0.03,0.716,6086.56,2579.459
920792.BJ,20231103,5.28,5.3,5.27,5.29,5.28,0.01,0.1894,754.65,398.984
920300.BJ,20231103,7.0,7.0,6.89,6.95,6.96,-0.01,-0.1437,4025.23,2787.055
920855.BJ,20231103,6.51,6.51,6.41,6.47,6.41,0.06,0.936,294.85,189.888
920249.BJ,20231103,3.97,4.09,3.93,4.02,3.95,0.07,1.7722,14893.47,5960.479
920519.BJ,20231103,7.0,7.15,7.0,7.02,7.02,0.0,0.0,1851.16,1303.963
920523.BJ,20231103,9.42,9.42,9.3,9.36,9.28,0.08,0.8621,437.89,410.231
920394.BJ,20231103,11.95,12.56,11.94,12.33,11.84,0.49,4.1385,7156.12,8835.311
920932.BJ,20231103,10.51,10.9,10.5,10.8,10.51,0.29,2.7593,2251.18,2425.366
920030.BJ,20231103,2.45,2.48,2.45,2.46,2.44,0.02,0.8197,1453.92,358.158
920819.BJ,20231103,3.7,3.75,3.69,3.74,3.71,0.03,0.8086,2613.84,975.655
920976.BJ,20231103,8.62,9.04,8.48,8.86,8.59,0.27,3.1432,9288.66,8270.272
920957.BJ,20231103,4.68,4.73,4.68,4.71,4.67,0.04,0.8565,119.86,56.454
920689.BJ,20231103,8.7,8.74,8.66,8.71,8.66,0.05,0.5774,1182.47,1030.205
920510.BJ,20231103,6.45,7.49,6.42,7.16,6.29,0.87,13.8315,14386.33,10212.779
920961.BJ,20231103,7.86,8.03,7.74,7.97,7.9,0.07,0.8861,4518.01,3583.166
920826.BJ,20231103,5.39,5.4,5.25,5.37,5.34,0.03,0.5618,1555.94,832.339
920471.BJ,20231103,6.11,6.18,6.11,6.17,6.16,0.01,0.1623,474.61,292.044
920414.BJ,20231103,8.22,8.41,8.18,8.18,8.15,0.03,0.3681,747.74,618.605
920149.BJ,20231103,3.74,3.74,3.68,3.71,3.75,-0.04,-1.0667,1306.08,483.937
920239.BJ,20231103,9.98,10.1,9.93,9.97,9.92,0.05,0.504,3509.93,3518.946
920208.BJ,20231103,28.37,28.39,28.2,28.27,28.18,0.09,0.3194,545.57,1547.221
920926.BJ,20231103,9.54,9.65,9.52,9.59,9.52,0.07,0.7353,437.9,420.422
920566.BJ,20231103,6.23,6.3,6.22,6.26,6.28,-0.02,-0.3185,1123.92,704.225
920021.BJ,20231103,2.51,2.53,2.46,2.51,2.48,0.03,1.2097,2787.79,697.419
920527.BJ,20231103,6.22,6.22,6.15,6.22,6.19,0.03,0.4847,274.32,170.011
920368.BJ,20231103,32.33,32.76,31.89,32.1,32.29,-0.19,-0.5884,3762.55,12175.188
920580.BJ,20231103,3.78,3.8,3.71,3.79,3.74,0.05,1.3369,702.68,265.431
920799.BJ,20231103,7.38,7.6,7.37,7.57,7.41,0.16,2.1592,7879.33,5937.561
920593.BJ,20231103,27.05,31.4,27.05,30.16,25.4,4.76,18.7402,63297.15,185392.274
002083.SZ,20231103,4.89,4.9,4.85,4.86,4.88,-0.02,-0.4098,71415.02,34805.158
002084.SZ,20231103,3.97,4.04,3.97,3.99,3.98,0.01,0.2513,55527.28,22260.699
002085.SZ,20231103,5.11,5.19,5.08,5.14,5.08,0.06,1.1811,173461.56,89249.588
002086.SZ,20231103,2.46,2.5,2.44,2.44,2.47,-0.03,-1.2146,91679.18,22634.66
002087.SZ,20231103,2.18,2.18,2.12,2.16,2.16,0.0,0.0,80225.01,17246.083
002088.SZ,20231103,15.2,15.34,15.05,15.23,15.1,0.13,0.8609,12354.44,18819.989
002089.SZ,20231103,1.29,1.32,1.27,1.28,1.29,-0.01,-0.7752,320899.52,41411.435
002090.SZ,20231103,9.5,9.84,9.48,9.78,9.45,0.33,3.4921,82036.8,79930.22
002091.SZ,20231103,7.64,7.66,7.57,7.58,7.64,-0.06,-0.7853,72421.76,55059.553
002092.SZ,20231103,6.66,6.73,6.62,6.63,6.65,-0.02,-0.3008,161338.93,107383.889
002093.SZ,20231103,7.57,7.72,7.54,7.65,7.55,0.1,1.3245,96658.52,73960.128
002094.SZ,20231103,3.84,3.87,3.82,3.83,3.83,0.0,0.0,105872.71,40681.962
002095.SZ,20231103,21.38,21.73,21.3,21.52,21.52,0.0,0.0,46686.46,100606.406
002096.SZ,20231103,10.56,10.62,10.49,10.52,10.57,-0.05,-0.473,16973.23,17938.726
002097.SZ,20231103,5.82,6.04,5.82,5.99,5.82,0.17,2.921,137954.06,82492.874
002098.SZ,20231103,6.78,6.88,6.69,6.72,6.79,-0.07,-1.0309,37108.0,25070.822
002099.SZ,20231103,7.13,7.34,7.13,7.26,7.17,0.09,1.2552,123714.75,89893.74
002100.SZ,20231103,7.11,7.22,7.09,7.19,7.13,0.06,0.8415,110567.0,79192.282
002101.SZ,20231103,16.27,16.6,16.15,16.46,16.13,0.33,2.0459,76533.04,125952.547
002102.SZ,20231103,2.85,2.88,2.85,2.86,2.87,-0.01,-0.3484,108916.0,31173.467
002103.SZ,20231103,6.0,6.04,5.96,5.98,6.01,-0.03,-0.4992,108539.4,65108.333
002104.SZ,20231103,8.1,8.19,8.07,8.15,8.06,0.09,1.1166,89646.74,72965.798
002105.SZ,20231103,6.16,6.25,6.14,6.19,6.17,0.02,0.3241,27974.0,17381.3
002106.SZ,20231103,10.46,10.82,10.32,10.64,10.53,0.11,1.0446,357407.73,379328.942
002107.SZ,20231103,6.51,6.55,6.42,6.42,6.48,-0.06,-0.9259,52411.9,33970.569
002108.SZ,20231103,4.15,4.18,4.14,4.15,4.14,0.01,0.2415,74621.14,31060.672
002109.SZ,20231103,4.72,4.73,4.66,4.68,4.71,-0.03,-0.6369,40818.0,19162.711
002110.SZ,20231103,4.7,4.75,4.59,4.6,4.72,-0.12,-2.5424,103583.0,48174.487
002111.SZ,20231103,9.3,9.4,9.23,9.34,9.26,0.08,0.8639,31118.6,29092.779
002112.SZ,20231103,9.8,10.08,9.75,9.98,9.81,0.17,1.7329,61254.28,61261.51
002114.SZ,20231103,6.94,6.99,6.9,6.91,6.92,-0.01,-0.1445,55642.0,38581.696
002115.SZ,20231103,7.49,7.63,7.45,7.57,7.46,0.11,1.4745,654984.68,493943.455
002116.SZ,20231103,10.37,10.49,10.37,10.45,10.37,0.08,0.7715,20843.0,21770.245
002117.SZ,20231103,8.47,8.64,8.42,8.57,8.45,0.12,1.4201,62084.86,53128.054
002119.SZ,20231103,12.69,13.96,12.68,13.96,12.69,1.27,10.0079,723572.78,995778.894
002120.SZ,20231103,9.06,9.25,9.05,9.24,9.05,0.19,2.0994,140673.45,129246.54
002121.SZ,20231103,5.32,5.5,5.32,5.45,5.32,0.13,2.4436,172432.0,93841.669
002122.SZ,20231103,3.95,4.0,3.87,3.97,3.88,0.09,2.3196,828169.35,327211.399
002123.SZ,20231103,15.59,15.77,15.43,15.6,15.5,0.1,0.6452,150911.42,235525.694
002124.SZ,20231103,4.02,4.03,3.98,3.99,4.01,-0.02,-0.4988,182000.35,72807.858
002125.SZ,20231103,10.61,10.81,10.6,10.76,10.61,0.15,1.4138,34628.0,37221.197
002773.SZ,20231103,17.43,17.62,17.28,17.56,17.43,0.13,0.7458,102386.16,179035.71
002774.SZ,20231103,7.76,8.05,7.72,7.95,7.77,0.18,2.3166,50856.38,40499.135
002775.SZ,20231103,3.95,3.98,3.91,3.95,3.93,0.02,0.5089,41668.2,16455.318
002776.SZ,20231103,1.17,1.23,1.16,1.18,1.19,-0.01,-0.8403,482307.73,57487.668
002777.SZ,20231103,23.08,24.1,23.08,23.82,23.36,0.46,1.9692,122059.07,290198.779
002778.SZ,20231103,13.7,13.98,13.69,13.96,13.7,0.26,1.8978,12768.6,17750.11
002779.SZ,20231103,19.13,19.85,19.13,19.6,19.36,0.24,1.2397,7071.0,13899.965
002780.SZ,20231103,12.27,12.36,12.16,12.18,12.25,-0.07,-0.5714,31420.85,38459.666
002782.SZ,20231103,13.9,14.28,13.85,13.97,14.07,-0.1,-0.7107,154753.12,217516.282
002783.SZ,20231103,9.54,10.3,9.36,10.13,9.55,0.58,6.0733,514051.71,507961.684
002785.SZ,20231103,25.74,25.99,25.4,25.82,25.79,0.03,0.1163,26771.0,68815.59
002786.SZ,20231103,7.75,8.14,7.55,7.94,7.72,0.22,2.8497,949784.11,743292.588
002787.SZ,20231103,8.71,8.92,8.68,8.86,8.73,0.13,1.4891,37255.0,32962.674
002788.SZ,20231103,9.59,9.74,9.56,9.73,9.59,0.14,1.4599,50517.59,48964.676
002789.SZ,20231103,14.4,14.58,14.34,14.45,14.32,0.13,0.9078,10438.6,15124.792
002790.SZ,20231103,11.5,11.66,11.28,11.28,11.5,-0.22,-1.913,32351.04,37006.288
002791.SZ,20231103,48.34,48.8,48.09,48.44,48.2,0.24,0.4979,18760.35,90957.983
002792.SZ,20231103,17.85,18.06,17.51,17.89,17.73,0.16,0.9024,194277.69,346734.639
002793.SZ,20231103,5.76,5.79,5.62,5.65,5.76,-0.11,-1.9097,148491.0,84162.502
002795.SZ,20231103,8.35,8.97,8.35,8.91,8.37,0.54,6.4516,190816.8,167807.771
002796.SZ,20231103,11.72,11.89,11.67,11.86,11.75,0.11,0.9362,101347.44,119645.936
002797.SZ,20231103,5.79,5.86,5.77,5.84,5.79,0.05,0.8636,266676.79,155301.583
002798.SZ,20231103,6.5,6.57,6.47,6.53,6.51,0.02,0.3072,34964.0,22837.957
002799.SZ,20231103,10.72,10.73,10.5,10.53,10.62,-0.09,-0.8475,61216.08,64645.205
002800.SZ,20231103,16.66,16.87,16.61,16.72,16.72,0.0,0.0,12398.2,20728.519
002801.SZ,20231103,20.52,21.33,20.52,21.19,20.51,0.68,3.3155,7706.4,16278.036
002802.SZ,20231103,12.62,12.85,12.62,12.7,12.57,0.13,1.0342,27554.0,35127.223
002803.SZ,20231103,20.51,21.15,20.46,20.88,20.51,0.37,1.804,164185.4,343455.767
002805.SZ,20231103,17.78,17.99,17.61,17.65,17.81,-0.16,-0.8984,100419.59,178255.597
002806.SZ,20231103,11.81,12.01,11.76,11.94,11.81,0.13,1.1008,38093.18,45458.724
002807.SZ,20231103,3.66,3.66,3.64,3.64,3.65,-0.01,-0.274,143609.48,52393.852
002808.SZ,20231103,5.77,5.85,5.72,5.8,5.78,0.02,0.346,54631.0,31581.535
002809.SZ,20231103,10.52,10.75,10.5,10.69,10.54,0.15,1.4231,22456.5,24044.798
002810.SZ,20231103,18.79,19.2,18.63,18.97,18.78,0.19,1.0117,96603.33,183234.572
002811.SZ,20231103,8.9,9.0,8.89,8.98,8.92,0.06,0.6726,22834.0,20478.99
002812.SZ,20231103,63.0,64.25,62.77,63.54,63.06,0.48,0.7612,153048.21,973143.149
002813.SZ,20231103,34.5,35.2,34.02,34.16,34.37,-0.21,-0.611,41340.0,142803.297
002815.SZ,20231103,9.79,10.13,9.78,10.11,9.79,0.32,3.2686,147434.19,148128.813
002816.SZ,20231103,12.0,12.2,12.0,12.06,12.05,0.01,0.083,4826.0,5818.747
002817.SZ,20231103,8.72,8.8,8.69,8.73,8.7,0.03,0.3448,28841.51,25225.996
002818.SZ,20231103,13.45,13.62,13.43,13.54,13.44,0.1,0.744,13327.9,18024.919
300434.SZ,20231103,11.88,11.88,11.62,11.81,11.82,-0.01,-0.0846,42849.0,50503.959
300435.SZ,20231103,13.47,13.81,13.47,13.77,13.47,0.3,2.2272,56133.9,76993.98
300436.SZ,20231103,27.97,28.16,27.51,27.6,27.86,-0.26,-0.9332,17562.1,48717.059
300437.SZ,20231103,12.6,12.68,12.41,12.62,12.46,0.16,1.2841,18816.0,23760.823
300438.SZ,20231103,29.33,30.35,29.33,30.18,29.3,0.88,3.0034,121338.81,364710.742
300439.SZ,20231103,11.97,12.04,11.91,11.95,11.94,0.01,0.0838,34588.19,41433.262
300440.SZ,20231103,7.11,7.22,7.05,7.16,7.07,0.09,1.273,40294.0,28864.15
300441.SZ,20231103,6.42,6.64,6.42,6.62,6.42,0.2,3.1153,112811.58,74299.665
300442.SZ,20231103,22.33,22.96,22.33,22.73,22.26,0.47,2.1114,53816.6,122300.984
300443.SZ,20231103,30.02,31.07,30.01,30.42,30.23,0.19,0.6285,41519.07,127152.541
300444.SZ,20231103,7.07,7.15,7.03,7.11,7.03,0.08,1.138,206836.15,147072.637
300445.SZ,20231103,15.3,15.66,15.13,15.37,14.96,0.41,2.7406,38773.8,59761.79
300446.SZ,20231103,13.87,14.65,13.82,14.36,13.72,0.64,4.6647,123911.3,178066.81
300447.SZ,20231103,14.4,14.96,14.4,14.88,14.44,0.44,3.0471,42749.0,63458.282
300448.SZ,20231103,5.48,5.64,5.46,5.61,5.47,0.14,2.5594,120567.0,67228.899
300449.SZ,20231103,5.87,5.98,5.87,5.93,5.87,0.06,1.0221,54704.33,32497.98
300450.SZ,20231103,27.29,27.5,27.11,27.27,27.15,0.12,0.442,178810.47,488599.866
300451.SZ,20231103,7.12,7.42,7.12,7.36,7.13,0.23,3.2258,219341.05,160646.147
300452.SZ,20231103,14.91,15.04,14.9,14.95,14.98,-0.03,-0.2003,24908.3,37269.382
300453.SZ,20231103,7.61,7.68,7.55,7.59,7.64,-0.05,-0.6545,55846.42,42584.322
300454.SZ,20231103,81.88,84.48,81.5,83.51,81.7,1.81,2.2154,20086.54,167815.562
300455.SZ,20231103,12.0,12.35,11.9,12.18,12.03,0.15,1.2469,227363.81,277262.04
300456.SZ,20231103,23.07,23.54,22.83,23.41,22.97,0.44,1.9155,266232.4,619334.984
300457.SZ,20231103,19.28,19.82,19.26,19.75,19.28,0.47,2.4378,178344.1,349469.246
300458.SZ,20231103,24.6,25.4,24.54,25.23,24.4,0.83,3.4016,205114.12,513739.74
300459.SZ,20231103,4.74,4.84,4.61,4.76,4.71,0.05,1.0616,1695868.85,799757.366
300460.SZ,20231103,12.28,12.72,12.27,12.69,12.31,0.38,3.0869,81775.2,102693.453
300461.SZ,20231103,20.55,22.24,20.55,21.5,20.54,0.96,4.6738,27930.0,60347.601
300462.SZ,20231103,11.18,11.44,11.09,11.39,11.11,0.28,2.5203,35913.0,40718.38
300463.SZ,20231103,15.34,15.51,15.29,15.31,15.39,-0.08,-0.5198,35765.76,55056.223
300464.SZ,20231103,6.1,6.14,6.05,6.06,6.06,0.0,0.0,35610.0,21669.677
300465.SZ,20231103,10.47,10.6,10.44,10.52,10.51,0.01,0.0951,155500.0,163594.639
300466.SZ,20231103,6.4,6.83,6.37,6.67,6.28,0.39,6.2102,340770.0,226605.395
300467.SZ,20231103,15.24,15.49,15.1,15.39,15.31,0.08,0.5225,90756.56,138805.715
300468.SZ,20231103,10.64,10.87,10.64,10.81,10.64,0.17,1.5977,89620.93,96664.915
300469.SZ,20231103,14.95,15.72,14.94,15.59,14.91,0.68,4.5607,62076.28,95854.362
300470.SZ,20231103,39.09,39.84,39.08,39.2,39.09,0.11,0.2814,8550.39,33725.132
300471.SZ,20231103,12.83,13.15,12.83,13.07,12.88,0.19,1.4752,40703.84,53159.969
300472.SZ,20231103,9.23,9.75,9.16,9.54,9.17,0.37,4.0349,110080.65,105315.138
300473.SZ,20231103,18.77,19.05,18.62,18.84,18.66,0.18,0.9646,64079.0,120882.544
300474.SZ,20231103,78.51,80.88,78.48,80.15,78.95,1.2,1.5199,97544.22,777945.949
301121.SZ,20231103,40.5,41.77,40.5,41.5,40.47,1.03,2.5451,8072.0,33411.041
301122.SZ,20231103,39.23,39.94,38.85,39.47,39.23,0.24,0.6118,8045.89,31672.644
301123.SZ,20231103,22.2,22.64,22.09,22.55,22.0,0.55,2.5,17842.52,40088.579
301125.SZ,20231103,18.68,19.23,18.44,19.15,18.44,0.71,3.8503,27695.11,52736.01
301126.SZ,20231103,13.49,13.68,13.33,13.33,13.56,-0.23,-1.6962,40602.0,54687.314
301127.SZ,20231103,10.16,10.23,10.1,10.11,10.14,-0.03,-0.2959,34220.58,34784.361
301128.SZ,20231103,54.0,55.14,53.28,54.62,55.33,-0.71,-1.2832,36020.25,194821.264
301129.SZ,20231103,26.42,27.8,26.36,27.63,26.39,1.24,4.6987,10261.86,28117.923
301130.SZ,20231103,31.15,31.28,30.66,30.75,31.2,-0.45,-1.4423,10401.7,32106.057
301131.SZ,20231103,47.99,49.69,47.21,49.03,48.53,0.5,1.0303,36213.84,176000.748
301132.SZ,20231103,28.11,29.24,28.11,29.1,28.11,0.99,3.5219,22953.0,66435.436
301133.SZ,20231103,27.61,28.7,27.61,28.42,27.53,0.89,3.2328,32214.32,91102.14
301135.SZ,20231103,24.11,25.07,24.1,24.71,23.99,0.72,3.0013,17245.28,42692.531
301136.SZ,20231103,13.15,13.35,13.13,13.25,13.13,0.12,0.9139,26217.64,34744.965
301137.SZ,20231103,18.21,19.3,18.2,18.82,17.86,0.96,5.3751,106123.71,199926.759
301138.SZ,20231103,27.8,29.3,27.8,28.8,27.73,1.07,3.8586,18252.11,52680.939
301139.SZ,20231103,31.72,31.95,30.67,30.86,31.41,-0.55,-1.751,65010.15,201816.654
301141.SZ,20231103,52.53,54.98,52.53,54.04,53.02,1.02,1.9238,55883.6,301216.343
301148.SZ,20231103,23.0,23.41,22.95,23.27,22.92,0.35,1.5271,9510.45,22144.694
301149.SZ,20231103,12.04,12.09,11.86,11.89,11.99,-0.1,-0.834,57477.77,68803.09
301150.SZ,20231103,36.12,36.75,36.06,36.54,36.14,0.4,1.1068,7546.9,27577.697
301151.SZ,20231103,22.3,22.96,21.53,22.18,22.88,-0.7,-3.0594,129362.03,285660.286
301152.SZ,20231103,30.73,31.68,30.73,31.52,30.7,0.82,2.671,25771.15,80758.3
301153.SZ,20231103,58.26,61.01,58.21,59.95,58.38,1.57,2.6893,12233.4,73354.958
301155.SZ,20231103,66.5,69.86,66.5,69.37,66.59,2.78,4.1748,43382.98,299761.985
301156.SZ,20231103,18.67,18.83,18.49,18.51,18.65,-0.14,-0.7507,11306.6,21078.289
301157.SZ,20231103,45.52,46.68,45.51,46.32,45.45,0.87,1.9142,3832.98,17771.332
301158.SZ,20231103,17.05,17.26,17.03,17.23,16.95,0.28,1.6519,33068.19,56777.535
301159.SZ,20231103,42.38,43.17,42.27,42.79,42.4,0.39,0.9198,16172.26,69077.537
301160.SZ,20231103,40.09,40.29,39.43,40.0,39.6,0.4,1.0101,23676.53,94479.643
301161.SZ,20231103,20.74,21.2,20.51,20.93,20.51,0.42,2.0478,9364.0,19674.574
301162.SZ,20231103,58.56,63.58,57.93,62.65,58.32,4.33,7.4246,18237.6,112450.682
301163.SZ,20231103,27.59,28.43,27.25,28.1,27.33,0.77,2.8174,12359.3,34725.472
301165.SZ,20231103,35.98,37.3,35.94,37.28,36.0,1.28,3.5556,35383.72,130740.543
301166.SZ,20231103,42.2,42.69,41.72,42.16,42.0,0.16,0.381,11901.0,50136.911
301167.SZ,20231103,17.0,17.0,16.65,16.68,16.69,-0.01,-0.0599,13040.35,21823.001
301168.SZ,20231103,36.44,39.6,36.25,38.6,36.1,2.5,6.9252,48851.62,187712.575
301169.SZ,20231103,47.54,48.7,47.36,48.28,47.5,0.78,1.6421,16840.21,81191.673
301170.SZ,20231103,33.93,34.6,33.65,34.25,33.6,0.65,1.9345,12218.9,41900.601
301171.SZ,20231103,18.0,18.19,17.62,17.98,18.25,-0.27,-1.4795,172195.44,309464.88
301172.SZ,20231103,44.68,44.98,44.2,44.92,44.51,0.41,0.9211,48576.16,216994.194
600520.SH,20231103,22.0,24.51,20.7,23.25,22.28,0.97,4.3537,607004.23,1377668.379
600521.SH,20231103,15.78,15.94,15.7,15.76,15.79,-0.03,-0.19,80532.47,127325.613
600522.SH,20231103,13.84,14.1,13.84,13.99,13.83,0.16,1.1569,385182.4,539543.75
600523.SH,20231103,13.21,13.42,13.17,13.4,13.17,0.23,1.7464,44291.53,59170.916
600525.SH,20231103,5.2,5.29,5.2,5.22,5.22,0.0,0.0,157331.02,82404.26
600526.SH,20231103,4.75,4.81,4.74,4.78,4.76,0.02,0.4202,43984.0,21050.705
600527.SH,20231103,1.96,1.98,1.96,1.97,1.95,0.02,1.0256,75132.0,14837.913
600528.SH,20231103,7.9,7.93,7.85,7.86,7.86,0.0,0.0,107794.88,84959.646
600529.SH,20231103,27.3,27.62,27.15,27.16,27.37,-0.21,-0.7673,52566.96,143683.226
600530.SH,20231103,2.23,2.25,2.21,2.24,2.24,0.0,0.0,50633.0,11309.779
600531.SH,20231103,6.22,6.28,6.19,6.23,6.2,0.03,0.4839,159263.62,99418.597
600533.SH,20231103,2.99,3.01,2.97,2.97,2.99,-0.02,-0.6689,84471.2,25190.305
600535.SH,20231103,14.79,14.87,14.64,14.68,14.8,-0.12,-0.8108,98064.23,144484.488
600536.SH,20231103,33.63,34.53,33.55,34.28,33.51,0.77,2.2978,130299.06,445447.677
600537.SH,20231103,5.13,5.24,5.13,5.2,5.12,0.08,1.5625,230889.59,120005.264
600538.SH,20231103,4.45,4.47,4.41,4.44,4.44,0.0,0.0,39869.02,17752.437
600539.SH,20231103,6.93,7.0,6.83,6.92,6.93,-0.01,-0.1443,38511.0,26721.13
600540.SH,20231103,5.05,5.12,5.02,5.05,5.05,0.0,0.0,196806.61,99808.403
600543.SH,20231103,5.72,5.72,5.67,5.69,5.68,0.01,0.1761,16937.0,9636.808
600545.SH,20231103,2.75,2.85,2.72,2.77,2.78,-0.01,-0.3597,722686.65,200371.617
600546.SH,20231103,15.99,16.15,15.97,16.05,15.89,0.16,1.0069,178258.98,285992.553
600547.SH,20231103,23.62,23.65,23.32,23.47,23.62,-0.15,-0.6351,167868.87,394048.828
600548.SH,20231103,9.88,9.95,9.63,9.68,9.88,-0.2,-2.0243,23139.34,22544.05
600549.SH,20231103,16.92,17.27,16.92,17.06,16.97,0.09,0.5303,70433.87,120427.505
600550.SH,20231103,4.52,4.6,4.52,4.57,4.51,0.06,1.3304,50832.07,23259.365
600551.SH,20231103,10.84,10.95,10.69,10.87,10.85,0.02,0.1843,26181.0,28353.39
600552.SH,20231103,11.5,12.01,11.5,11.85,11.48,0.37,3.223,224078.42,265171.672
600556.SH,20231103,6.06,6.16,5.99,6.12,6.08,0.04,0.6579,180541.0,110008.613
600557.SH,20231103,16.66,16.92,16.61,16.72,16.66,0.06,0.3601,73816.22,123770.602
600558.SH,20231103,3.75,3.87,3.74,3.87,3.75,0.12,3.2,166476.06,63632.712
600559.SH,20231103,23.32,23.66,23.25,23.49,23.27,0.22,0.9454,128105.69,301051.37
600560.SH,20231103,13.2,13.45,13.1,13.31,12.87,0.44,3.4188,53170.0,70845.761
600561.SH,20231103,6.14,6.23,6.09,6.1,6.16,-0.06,-0.974,61424.3,37756.08
600562.SH,20231103,14.07,14.45,14.06,14.34,14.06,0.28,1.9915,54183.8,77547.162
600563.SH,20231103,97.37,100.95,97.21,100.49,97.7,2.79,2.8557,19253.47,192367.576
600565.SH,20231103,1.53,1.55,1.52,1.54,1.53,0.01,0.6536,252241.0,38821.883
600566.SH,20231103,26.65,26.86,26.5,26.71,26.62,0.09,0.3381,46413.48,123963.056
600567.SH,20231103,2.18,2.2,2.15,2.16,2.18,-0.02,-0.9174,208847.0,45428.342
600568.SH,20231103,1.76,1.77,1.74,1.75,1.76,-0.01,-0.5682,53211.0,9345.426
600569.SH,20231103,2.32,2.34,2.25,2.26,2.29,-0.03,-1.31,249855.85,57165.406
600570.SH,20231103,30.41,31.5,30.32,31.3,30.3,1.0,3.3003,279204.08,870157.269
603059.SH,20231103,22.58,23.07,22.58,22.71,22.74,-0.03,-0.1319,8670.0,19809.533
603060.SH,20231103,9.55,9.74,9.48,9.66,9.49,0.17,1.7914,22776.31,21962.18
603061.SH,20231103,84.15,92.57,83.8,92.57,84.15,8.42,10.0059,18892.0,168942.695
603063.SH,20231103,23.55,24.63,23.45,24.31,23.59,0.72,3.0521,54123.21,131532.558
603065.SH,20231103,13.82,13.94,13.62,13.82,13.79,0.03,0.2175,20576.27,28359.574
603066.SH,20231103,9.83,10.08,9.83,9.98,9.8,0.18,1.8367,27244.0,27267.822
603067.SH,20231103,10.2,10.2,10.05,10.09,10.1,-0.01,-0.099,39522.08,39943.791
603068.SH,20231103,28.89,29.41,28.59,29.34,28.74,0.6,2.0877,25255.0,73651.55
603069.SH,20231103,18.09,19.54,18.09,19.04,18.05,0.99,5.4848,117943.78,225127.268
603070.SH,20231103,16.41,16.67,16.41,16.53,16.35,0.18,1.1009,12583.33,20856.579
603071.SH,20231103,15.03,15.17,14.98,15.12,15.03,0.09,0.5988,16138.8,24414.374
603073.SH,20231103,19.5,19.85,19.5,19.77,19.59,0.18,0.9188,7767.53,15350.333
603075.SH,20231103,25.32,25.81,25.32,25.68,25.35,0.33,1.3018,32869.8,84270.962
603076.SH,20231103,26.99,27.97,26.96,27.93,26.86,1.07,3.9836,25387.14,70477.629
603077.SH,20231103,2.38,2.39,2.36,2.37,2.38,-0.01,-0.4202,434733.42,103227.824
603078.SH,20231103,16.26,16.76,16.24,16.69,16.26,0.43,2.6445,60139.67,99695.383
603079.SH,20231103,13.83,13.98,13.71,13.77,13.83,-0.06,-0.4338,16355.0,22656.204
603080.SH,20231103,16.84,16.95,16.63,16.72,16.81,-0.09,-0.5354,68746.5,115220.705
603081.SH,20231103,11.03,11.42,10.92,11.32,11.01,0.31,2.8156,72889.0,81975.153
603083.SH,20231103,35.36,36.24,35.28,35.88,35.36,0.52,1.4706,178362.37,639939.836
603085.SH,20231103,10.89,11.06,10.82,10.92,10.81,0.11,1.0176,42705.79,46689.935
603086.SH,20231103,5.8,5.89,5.79,5.81,5.79,0.02,0.3454,36151.09,21086.475
603087.SH,20231103,46.99,47.38,46.42,46.82,47.14,-0.32,-0.6788,61195.18,286900.05
603088.SH,20231103,8.11,8.4,8.09,8.36,8.11,0.25,3.0826,107697.23,89445.091
603089.SH,20231103,12.8,14.01,12.16,14.01,12.74,1.27,9.9686,316507.78,423733.214
603090.SH,20231103,20.1,20.72,19.92,20.7,19.92,0.78,3.9157,13682.0,28080.213
603093.SH,20231103,12.25,12.46,12.24,12.28,12.24,0.04,0.3268,52997.95,65422.307
603095.SH,20231103,17.25,17.77,17.01,17.02,17.36,-0.34,-1.9585,24838.8,43002.193
603096.SH,20231103,18.0,18.52,17.95,18.26,18.08,0.18,0.9956,28891.55,52934.831
603097.SH,20231103,20.4,21.05,20.4,20.82,20.42,0.4,1.9589,18990.68,39617.082
603098.SH,20231103,16.2,16.54,16.11,16.44,16.22,0.22,1.3564,14658.22,24058.579
603099.SH,20231103,13.85,13.93,13.6,13.74,13.82,-0.08,-0.5789,49388.0,67713.867
603100.SH,20231103,28.47,29.46,28.43,29.11,28.47,0.64,2.248,16814.74,48772.273
603101.SH,20231103,7.02,7.1,6.81,6.85,7.0,-0.15,-2.1429,272032.96,188076.487
603102.SH,20231103,39.41,39.82,39.34,39.55,39.33,0.22,0.5594,6698.0,26545.068
603103.SH,20231103,14.67,15.05,14.52,14.79,14.8,-0.01,-0.0676,39773.0,59046.177
603105.SH,20231103,12.1,12.38,12.06,12.31,12.11,0.2,1.6515,35843.56,44060.318
603106.SH,20231103,6.54,6.74,6.52,6.68,6.54,0.14,2.1407,141191.38,94179.381
603107.SH,20231103,37.62,39.99,34.38,34.44,38.98,-4.54,-11.647,409626.25,1508010.653
603108.SH,20231103,19.57,21.08,18.37,20.69,20.1,0.59,2.9353,918639.17,1820735.622
603109.SH,20231103,15.5,15.71,15.39,15.54,15.33,0.21,1.3699,29284.72,45636.97
688071.SH,20231103,44.88,45.42,42.01,42.98,43.32,-0.34,-0.7849,40542.23,176073.278
688072.SH,20231103,235.5,240.67,233.3,237.8,233.44,4.36,1.8677,15996.24,379773.295
688073.SH,20231103,61.72,63.49,61.08,62.43,61.8,0.63,1.0194,11852.55,74428.193
688075.SH,20231103,41.53,42.0,41.08,41.49,41.53,-0.04,-0.0963,6711.14,27885.892
688076.SH,20231103,45.35,47.4,44.51,47.2,46.34,0.86,1.8558,98214.53,452557.363
688077.SH,20231103,25.57,26.23,25.2,25.84,25.34,0.5,1.9732,14458.57,37458.084
688078.SH,20231103,39.28,40.8,39.28,40.26,39.28,0.98,2.4949,8406.31,33799.701
688079.SH,20231103,10.75,11.26,10.75,11.21,10.75,0.46,4.2791,44179.36,49094.67
688080.SH,20231103,36.12,38.03,36.12,37.76,36.3,1.46,4.022,11127.92,41826.339
688081.SH,20231103,16.14,16.73,16.11,16.49,16.14,0.35,2.1685,12377.27,20415.754
688082.SH,20231103,116.3,118.4,116.12,117.6,116.3,1.3,1.1178,9002.59,105737.217
688083.SH,20231103,104.25,107.88,104.04,106.6,104.04,2.56,2.4606,8279.43,88237.351
688084.SH,20231103,61.81,65.48,61.81,64.36,61.21,3.15,5.1462,4737.8,30327.411
688085.SH,20231103,21.61,21.85,21.33,21.4,21.56,-0.16,-0.7421,13839.54,29740.764
688087.SH,20231103,22.69,22.98,22.6,22.6,22.58,0.02,0.0886,7914.37,18030.33
688088.SH,20231103,35.0,36.46,34.71,35.95,34.41,1.54,4.4754,69365.03,247064.682
688089.SH,20231103,19.13,19.38,19.08,19.13,19.22,-0.09,-0.4683,15722.84,30188.238
688090.SH,20231103,29.0,30.2,28.99,29.97,28.56,1.41,4.937,12197.04,36320.558
688091.SH,20231103,50.84,51.65,50.4,51.15,50.7,0.45,0.8876,8740.03,44688.064
688092.SH,20231103,29.0,30.18,28.99,29.66,28.81,0.85,2.9504,15123.44,45063.214
688093.SH,20231103,18.18,18.63,18.09,18.55,18.0,0.55,3.0556,11912.89,21992.925
688095.SH,20231103,66.87,71.75,66.87,70.6,66.53,4.07,6.1175,27285.05,190559.824
688096.SH,20231103,9.58,9.69,9.55,9.6,9.58,0.02,0.2088,9743.74,9380.411
688097.SH,20231103,25.8,25.95,25.34,25.4,25.29,0.11,0.435,14252.7,36468.922
688098.SH,20231103,7.44,7.48,7.41,7.42,7.44,-0.02,-0.2688,17103.17,12743.088
688099.SH,20231103,60.89,64.25,60.89,63.59,60.6,2.99,4.934,59193.54,374419.649
688100.SH,20231103,27.42,28.2,27.41,27.82,27.2,0.62,2.2794,11180.73,31110.076
688101.SH,20231103,13.38,13.51,13.3,13.36,13.3,0.06,0.4511,10238.84,13733.877
688102.SH,20231103,11.01,11.39,10.95,11.32,10.92,0.4,3.663,27747.77,31326.285
688103.SH,20231103,52.49,53.0,51.32,52.4,52.39,0.01,0.0191,11994.68,62281.999
688105.SH,20231103,32.44,33.31,32.02,32.59,32.37,0.22,0.6796,12205.48,40033.239
688106.SH,20231103,23.44,23.95,23.38,23.8,23.4,0.4,1.7094,32506.45,76981.057
688107.SH,20231103,37.8,40.65,37.68,40.29,37.77,2.52,6.672,30152.15,118687.282
688108.SH,20231103,13.63,13.97,13.45,13.65,13.6,0.05,0.3676,60682.09,83327.846
688109.SH,20231103,24.9,25.55,24.88,25.31,24.98,0.33,1.3211,6438.38,16322.683
688110.SH,20231103,36.7,39.0,36.69,38.8,36.69,2.11,5.7509,98321.99,375466.434
688111.SH,20231103,288.0,304.0,286.0,301.0,286.59,14.41,5.0281,43576.96,1300543.63
688112.SH,20231103,38.39,39.68,38.03,39.07,38.12,0.95,2.4921,14016.56,54659.345
688113.SH,20231103,42.74,44.68,42.6,43.73,42.85,0.88,2.0537,3590.34,15786.236
688114.SH,20231103,78.19,81.0,77.68,80.01,78.43,1.58,2.0145,20337.59,162106.448
688115.SH,20231103,31.28,32.65,31.28,32.18,31.28,0.9,2.8772,7354.02,23743.092
920641.BJ,20231103,5.93,6.12,5.93,6.06,5.99,0.07,1.1686,1193.06,724.062
920266.BJ,20231103,6.01,6.18,6.01,6.12,6.01,0.11,1.8303,2277.11,1390.306
920896.BJ,20231103,4.32,4.4,4.28,4.37,4.29,0.08,1.8648,1501.15,655.748
920642.BJ,20231103,6.2,6.34,6.2,6.32,6.19,0.13,2.1002,295.33,185.991
920190.BJ,20231103,9.27,9.46,9.09,9.3,9.14,0.16,1.7505,2295.72,2129.723
920163.BJ,20231103,5.49,5.5,5.44,5.48,5.46,0.02,0.3663,120.47,65.844
920925.BJ,20231103,9.49,10.18,9.48,9.92,9.69,0.23,2.3736,3669.74,3594.979
920807.BJ,20231103,4.88,4.91,4.88,4.88,4.88,0.0,0.0,604.87,295.967
920665.BJ,20231103,5.7,5.78,5.7,5.74,5.71,0.03,0.5254,8115.33,4657.623
920339.BJ,20231103,3.78,3.83,3.78,3.83,3.82,0.01,0.2618,356.49,135.9
920374.BJ,20231103,7.13,7.18,7.08,7.16,7.09,0.07,0.9873,827.08,591.551
920978.BJ,20231103,7.85,8.06,7.74,7.87,7.8,0.07,0.8974,18871.21,14927.95
920837.BJ,20231103,4.07,4.16,4.04,4.11,4.07,0.04,0.9828,3884.63,1603.507
920275.BJ,20231103,2.79,2.79,2.67,2.68,2.72,-0.04,-1.4706,1937.47,522.802
920152.BJ,20231103,14.1,14.43,13.91,14.18,13.9,0.28,2.0144,1617.9,2303.124
920717.BJ,20231103,4.14,4.23,4.14,4.21,4.18,0.03,0.7177,809.38,340.077
920184.BJ,20231103,4.17,4.23,4.14,4.23,4.17,0.06,1.4388,682.33,284.958
920130.BJ,20231103,13.51,14.24,12.51,12.81,16.0,-3.19,-19.9375,107418.61,143175.649
920726.BJ,20231103,7.35,7.42,7.31,7.41,7.4,0.01,0.1351,217.05,160.498
920262.BJ,20231103,8.88,8.95,8.75,8.88,8.87,0.01,0.1127,990.64,878.841
920195.BJ,20231103,8.16,8.3,8.16,8.25,8.22,0.03,0.365,1225.46,1011.016
920445.BJ,20231103,5.35,6.48,5.3,5.98,5.07,0.91,17.9487,123116.41,70763.006
920175.BJ,20231103,8.0,8.09,8.0,8.07,8.03,0.04,0.4981,1697.65,1366.227
920832.BJ,20231103,3.31,3.36,3.31,3.34,3.32,0.02,0.6024,1155.62,386.045
920751.BJ,20231103,5.33,5.48,5.32,5.38,5.34,0.04,0.7491,11818.81,6385.315
920395.BJ,20231103,5.74,5.75,5.61,5.74,5.71,0.03,0.5254,845.59,481.838
920790.BJ,20231103,5.01,5.05,4.98,5.05,5.02,0.03,0.5976,1032.83,518.914
920077.BJ,20231103,14.2,14.42,14.14,14.35,14.13,0.22,1.557,3783.02,5419.52
920810.BJ,20231103,6.46,6.46,6.35,6.44,6.44,0.0,0.0,459.51,293.924
920779.BJ,20231103,23.25,23.69,23.04,23.5,23.01,0.49,2.1295,376.03,878.141
920378.BJ,20231103,2.9,3.15,2.89,3.0,2.85,0.15,5.2632,30277.59,9126.324
920981.BJ,20231103,10.34,11.49,10.34,11.06,10.49,0.57,5.4337,2154.08,2383.751
920475.BJ,20231103,5.91,5.97,5.85,5.97,5.9,0.07,1.1864,516.84,305.598
920725.BJ,20231103,11.35,11.44,11.35,11.4,11.29,0.11,0.9743,1049.21,1196.941
920261.BJ,20231103,6.61,6.61,6.45,6.48,6.61,-0.13,-1.9667,2336.27,1520.462
920047.BJ,20231103,15.13,15.35,14.66,14.84,14.98,-0.14,-0.9346,31705.11,47420.024
920476.BJ,20231103,11.16,11.4,11.11,11.26,11.16,0.1,0.8961,1349.94,1514.715
920478.BJ,20231103,14.15,14.15,13.93,14.03,14.01,0.02,0.1428,805.47,1131.231
920171.BJ,20231103,3.55,3.63,3.54,3.62,3.6,0.02,0.5556,517.53,186.103
920946.BJ,20231103,6.85,6.94,6.85,6.93,6.87,0.06,0.8734,3339.66,2308.257
920834.BJ,20231103,3.35,3.4,3.35,3.4,3.35,0.05,1.4925,927.75,314.994
920267.BJ,20231103,9.16,9.23,9.15,9.23,9.22,0.01,0.1085,315.0,289.331
920809.BJ,20231103,3.93,4.05,3.92,4.04,3.94,0.1,2.5381,24577.95,9831.477
920010.BJ,20231103,3.33,3.34,3.3,3.33,3.32,0.01,0.3012,2708.27,899.687
920139.BJ,20231103,10.16,10.35,10.1,10.27,10.14,0.13,1.2821,1427.9,1460.611
000001.SZ,20231103,10.49,10.52,10.43,10.48,10.48,0.0,0.0,705463.47,738879.704
000002.SZ,20231103,11.24,11.28,11.07,11.27,11.22,0.05,0.4456,829990.98,929764.546
000004.SZ,20231103,16.4,16.71,16.26,16.53,16.32,0.21,1.2868,61400.79,101236.046
000005.SZ,20231103,1.4,1.42,1.39,1.42,1.4,0.02,1.4286,44768.23,6310.608
000006.SZ,20231103,4.37,4.42,4.36,4.41,4.38,0.03,0.6849,200271.13,87959.445
000007.SZ,20231103,5.12,5.35,5.12,5.18,5.15,0.03,0.5825,28217.19,14658.136
000008.SZ,20231103,2.36,2.38,2.35,2.37,2.35,0.02,0.8511,151719.65,35890.926
000009.SZ,20231103,10.24,10.39,10.22,10.33,10.23,0.1,0.9775,93033.02,96043.064
000010.SZ,20231103,3.92,4.04,3.85,3.99,3.93,0.06,1.5267,673813.0,264979.222
000011.SZ,20231103,8.96,8.96,8.9,8.93,8.9,0.03,0.3371,29878.0,26682.679
000012.SZ,20231103,5.4,5.46,5.38,5.43,5.39,0.04,0.7421,90357.12,49174.62
000014.SZ,20231103,10.9,10.97,10.84,10.87,10.9,-0.03,-0.2752,50692.92,55210.61
000016.SZ,20231103,4.2,4.27,4.18,4.24,4.19,0.05,1.1933,81308.79,34455.923
000017.SZ,20231103,4.35,4.36,4.29,4.33,4.31,0.02,0.464,33351.0,14468.986
000019.SZ,20231103,7.24,7.31,7.24,7.25,7.29,-0.04,-0.5487,34880.74,25370.074
000020.SZ,20231103,12.36,12.69,12.28,12.65,12.29,0.36,2.9292,41837.0,52627.649
000021.SZ,20231103,15.91,16.85,15.87,16.76,16.11,0.65,4.0348,738042.88,1213152.402
000023.SZ,20231103,6.21,6.25,6.19,6.24,6.24,0.0,0.0,9058.78,5639.077
000025.SZ,20231103,16.28,16.38,16.05,16.17,16.22,-0.05,-0.3083,51907.2,83832.752
000026.SZ,20231103,10.54,10.71,10.42,10.66,10.55,0.11,1.0427,24212.98,25718.128
002126.SZ,20231103,17.59,17.94,17.5,17.66,17.5,0.16,0.9143,86422.02,153157.593
002127.SZ,20231103,3.46,3.48,3.42,3.45,3.46,-0.01,-0.289,166144.0,57366.309
002128.SZ,20231103,13.52,13.6,13.47,13.48,13.48,0.0,0.0,51021.0,69010.915
002129.SZ,20231103,17.6,18.16,17.6,17.95,17.58,0.37,2.1047,690809.18,1239024.611
002130.SZ,20231103,7.1,7.22,7.09,7.17,7.08,0.09,1.2712,117820.84,84553.167
002131.SZ,20231103,2.28,2.3,2.26,2.27,2.29,-0.02,-0.8734,1360261.38,310022.258
002132.SZ,20231103,3.15,3.18,3.14,3.16,3.15,0.01,0.3175,101735.65,32172.875
002133.SZ,20231103,3.53,3.55,3.47,3.47,3.53,-0.06,-1.6997,102737.3,35935.628
002134.SZ,20231103,10.32,10.62,10.32,10.57,10.39,0.18,1.7324,42071.0,44401.331
002135.SZ,20231103,5.65,5.72,5.64,5.69,5.64,0.05,0.8865,44823.23,25526.138
002136.SZ,20231103,11.16,11.18,11.06,11.11,11.05,0.06,0.543,14393.0,16017.11
002137.SZ,20231103,6.81,6.87,6.69,6.83,6.78,0.05,0.7375,297752.01,202090.776
002138.SZ,20231103,28.38,29.04,28.38,28.56,28.37,0.19,0.6697,68248.03,195913.786
002139.SZ,20231103,9.42,9.79,9.41,9.7,9.26,0.44,4.7516,349464.12,336752.536
002140.SZ,20231103,8.51,8.62,8.5,8.59,8.5,0.09,1.0588,20768.0,17821.261
002141.SZ,20231103,2.94,2.96,2.92,2.92,2.92,0.0,0.0,121999.0,35774.937
002142.SZ,20231103,24.85,25.16,24.81,25.06,24.85,0.21,0.8451,189557.62,474571.202
002144.SZ,20231103,11.45,11.51,11.35,11.4,11.4,0.0,0.0,17965.0,20552.3
002145.SZ,20231103,4.76,4.82,4.75,4.8,4.77,0.03,0.6289,332769.09,159488.186
002146.SZ,20231103,1.87,1.88,1.85,1.87,1.87,0.0,0.0,876952.0,163421.959
002148.SZ,20231103,6.08,6.11,6.03,6.05,6.03,0.02,0.3317,111116.47,67358.152
002149.SZ,20231103,14.15,14.58,14.11,14.53,14.17,0.36,2.5406,51466.45,74372.342
002150.SZ,20231103,12.62,13.03,12.62,12.93,12.66,0.27,2.1327,43343.0,56015.512
002151.SZ,20231103,35.5,38.31,35.5,38.31,34.83,3.48,9.9914,406239.79,1540140.539
002152.SZ,20231103,11.34,11.63,11.32,11.48,11.34,0.14,1.2346,148751.0,170972.004
002153.SZ,20231103,10.45,10.8,10.42,10.68,10.47,0.21,2.0057,100570.0,107420.314
002154.SZ,20231103,5.98,6.05,5.94,5.96,6.01,-0.05,-0.8319,140778.0,84332.07
002155.SZ,20231103,11.36,11.44,11.33,11.4,11.39,0.01,0.0878,181759.35,206776.124
002156.SZ,20231103,20.12,21.34,20.11,21.23,20.36,0.87,4.2731,493707.97,1031513.401
002157.SZ,20231103,2.71,2.82,2.67,2.8,2.71,0.09,3.321,373150.84,102173.133
002158.SZ,20231103,23.08,23.09,22.71,22.96,22.88,0.08,0.3497,39078.97,89540.108
002159.SZ,20231103,15.21,15.21,14.92,14.97,15.14,-0.17,-1.1229,27530.01,41306.096
002160.SZ,20231103,3.99,4.03,3.96,3.98,3.99,-0.01,-0.2506,87813.0,35040.202
002161.SZ,20231103,5.38,5.55,5.38,5.49,5.4,0.09,1.6667,151244.37,82923.496
002162.SZ,20231103,4.4,4.41,4.36,4.37,4.4,-0.03,-0.6818,284547.0,124456.598
002163.SZ,20231103,9.04,9.37,9.0,9.2,8.99,0.21,2.3359,88852.45,81592.337
002164.SZ,20231103,5.46,5.67,5.41,5.59,5.33,0.26,4.878,158580.62,88006.441
002165.SZ,20231103,4.19,4.22,4.17,4.18,4.19,-0.01,-0.2387,122002.0,51104.449
002166.SZ,20231103,7.39,7.46,7.37,7.45,7.37,0.08,1.0855,51247.91,38073.45
002167.SZ,20231103,6.29,6.39,6.29,6.36,6.28,0.08,1.2739,65405.0,41578.37
002168.SZ,20231103,4.23,4.24,4.17,4.23,4.23,0.0,0.0,121117.99,51005.763
002819.SZ,20231103,23.76,24.52,23.76,24.49,23.78,0.71,2.9857,11874.3,28922.339
002820.SZ,20231103,10.7,10.81,10.6,10.66,10.7,-0.04,-0.3738,34539.8,36950.712
002821.SZ,20231103,146.0,150.77,146.0,147.52,144.89,2.63,1.8152,46891.9,695490.667
002822.SZ,20231103,4.13,4.21,4.13,4.17,4.15,0.02,0.4819,91722.0,38325.586
002823.SZ,20231103,12.19,12.58,12.19,12.52,12.18,0.34,2.7915,82077.12,102276.055
002824.SZ,20231103,17.31,17.73,17.31,17.63,17.4,0.23,1.3218,16683.27,29347.86
002825.SZ,20231103,7.83,7.94,7.82,7.9,7.87,0.03,0.3812,18702.75,14796.806
002826.SZ,20231103,12.01,12.1,11.88,11.92,11.9,0.02,0.1681,69202.15,82850.984
002827.SZ,20231103,16.88,17.42,16.31,16.8,17.28,-0.48,-2.7778,177956.9,299707.674
002828.SZ,20231103,10.96,11.02,10.86,10.96,11.0,-0.04,-0.3636,191416.74,209082.634
002829.SZ,20231103,27.0,28.07,26.9,27.78,26.97,0.81,3.0033,44865.43,124464.896
002830.SZ,20231103,14.18,14.32,14.08,14.16,14.01,0.15,1.0707,10768.94,15309.865
002831.SZ,20231103,25.41,26.17,25.25,26.13,25.4,0.73,2.874,45144.82,116833.143
002832.SZ,20231103,33.29,33.98,33.29,33.46,33.4,0.06,0.1796,19553.53,65653.682
002833.SZ,20231103,17.63,18.15,17.57,18.0,17.45,0.55,3.1519,50235.64,90015.416
002835.SZ,20231103,16.38,16.82,16.35,16.69,16.38,0.31,1.8926,25521.0,42578.219
002836.SZ,20231103,8.2,8.29,8.2,8.24,8.22,0.02,0.2433,20907.84,17245.745
002837.SZ,20231103,24.29,25.29,24.25,25.15,24.35,0.8,3.2854,83362.48,208527.823
002838.SZ,20231103,13.54,13.71,13.45,13.67,13.51,0.16,1.1843,18774.0,25583.167
002839.SZ,20231103,4.08,4.11,4.07,4.09,4.09,0.0,0.0,260748.06,106540.344
002840.SZ,20231103,16.08,16.79,16.0,16.55,16.2,0.35,2.1605,96968.5,158697.045
002841.SZ,20231103,41.34,42.81,41.34,42.64,41.42,1.22,2.9454,37112.37,157507.942
002842.SZ,20231103,8.57,8.7,8.57,8.65,8.59,0.06,0.6985,24433.6,21171.605
002843.SZ,20231103,24.98,25.45,24.08,24.37,25.1,-0.73,-2.9084,106211.2,260770.603
002845.SZ,20231103,17.3,19.04,17.29,19.04,17.31,1.73,9.9942,241239.15,441380.714
002846.SZ,20231103,10.02,10.93,10.02,10.6,10.08,0.52,5.1587,114169.0,120971.579
002847.SZ,20231103,77.4,79.66,77.4,78.37,78.18,0.19,0.243,15145.73,119340.459
002848.SZ,20231103,10.79,11.5,10.74,11.19,10.75,0.44,4.093,116427.68,129797.777
002849.SZ,20231103,18.09,18.52,18.09,18.11,18.17,-0.06,-0.3302,51562.0,94289.487
002850.SZ,20231103,90.27,93.39,89.7,92.7,90.07,2.63,2.92,25888.21,238237.301
002851.SZ,20231103,24.86,26.47,24.82,26.26,24.86,1.4,5.6315,84403.2,218719.187
002852.SZ,20231103,11.01,11.14,11.0,11.05,11.03,0.02,0.1813,34119.64,37798.338
002853.SZ,20231103,14.18,14.42,14.06,14.13,14.13,0.0,0.0,19259.0,27427.732
002855.SZ,20231103,30.64,31.11,30.41,30.94,30.77,0.17,0.5525,163087.71,503258.471
002856.SZ,20231103,10.84,10.9,10.73,10.74,10.8,-0.06,-0.5556,21183.0,22894.45
002857.SZ,20231103,17.93,18.29,17.87,17.95,17.81,0.14,0.7861,7517.2,13599.866
002858.SZ,20231103,16.1,16.42,15.7,16.12,16.1,0.02,0.1242,60558.0,97168.67
002859.SZ,20231103,27.14,28.17,27.11,27.86,27.0,0.86,3.1852,31599.92,87708.515
002860.SZ,20231103,12.75,13.09,12.75,13.05,12.75,0.3,2.3529,39276.07,51117.58
002861.SZ,20231103,12.38,12.86,12.38,12.78,12.52,0.26,2.0767,54904.34,69913.846
002862.SZ,20231103,16.05,16.3,15.88,16.24,16.08,0.16,0.995,14893.0,24108.362
300475.SZ,20231103,26.79,27.65,26.12,27.42,26.79,0.63,2.3516,194890.03,525488.018
300476.SZ,20231103,19.59,20.19,19.49,19.91,19.47,0.44,2.2599,267779.55,534113.98
300477.SZ,20231103,4.09,4.16,4.07,4.16,4.09,0.07,1.7115,134121.0,55542.162
300478.SZ,20231103,11.97,12.06,11.78,11.81,11.88,-0.07,-0.5892,29555.2,35216.445
300479.SZ,20231103,19.88,20.15,19.62,20.0,19.37,0.63,3.2525,68006.11,135540.908
300480.SZ,20231103,19.53,20.14,19.51,20.0,19.44,0.56,2.8807,27284.86,54467.383
300481.SZ,20231103,17.24,17.54,17.21,17.52,17.21,0.31,1.8013,23904.0,41720.182
300482.SZ,20231103,26.01,26.19,25.87,25.92,25.98,-0.06,-0.2309,24199.6,62929.32
300483.SZ,20231103,12.07,12.2,12.06,12.18,12.06,0.12,0.995,39363.0,47845.338
300484.SZ,20231103,11.86,12.18,11.77,12.08,11.75,0.33,2.8085,35854.0,43248.116
300485.SZ,20231103,11.48,11.55,11.27,11.31,11.48,-0.17,-1.4808,74998.0,85189.023
300486.SZ,20231103,6.92,7.32,6.9,7.16,6.85,0.31,4.5255,151566.73,108225.697
300487.SZ,20231103,52.06,53.28,51.85,51.98,51.82,0.16,0.3088,24490.64,128412.794
300488.SZ,20231103,22.79,23.95,22.66,23.35,22.38,0.97,4.3342,38311.34,89331.696
300489.SZ,20231103,18.25,19.06,18.24,18.84,18.24,0.6,3.2895,26079.0,49106.53
300490.SZ,20231103,11.62,12.02,11.61,11.98,11.59,0.39,3.365,93267.61,111133.192
300491.SZ,20231103,22.26,23.32,22.26,22.98,22.34,0.64,2.8648,43080.0,99137.734
300492.SZ,20231103,59.28,60.0,59.07,59.3,59.41,-0.11,-0.1852,1707.0,10151.668
300493.SZ,20231103,8.68,9.14,8.64,9.07,8.63,0.44,5.0985,218540.46,195368.325
300494.SZ,20231103,12.3,13.47,11.9,13.3,12.45,0.85,6.8273,802092.67,1022455.274
300495.SZ,20231103,1.92,1.93,1.89,1.9,1.93,-0.03,-1.5544,135823.66,25911.277
300496.SZ,20231103,79.45,79.87,78.0,79.15,77.79,1.36,1.7483,123095.84,974692.41
300497.SZ,20231103,10.39,10.6,10.31,10.56,10.39,0.17,1.6362,59876.2,62900.349
300498.SZ,20231103,18.53,18.68,18.42,18.57,18.56,0.01,0.0539,234352.77,435007.688
300499.SZ,20231103,15.92,16.48,15.91,16.08,16.04,0.04,0.2494,215853.69,349182.51
300500.SZ,20231103,14.85,15.03,14.68,14.93,14.72,0.21,1.4266,14888.6,22259.002
300501.SZ,20231103,14.56,14.71,14.5,14.6,14.57,0.03,0.2059,16110.0,23574.959
300502.SZ,20231103,30.49,33.45,30.15,32.0,30.06,1.94,6.4538,756315.26,2416394.115
300503.SZ,20231103,14.68,16.18,14.67,16.18,13.48,2.7,20.0297,468143.89,727625.425
300504.SZ,20231103,18.06,18.68,18.05,18.58,18.12,0.46,2.5386,46290.0,85780.632
300505.SZ,20231103,14.51,14.6,14.41,14.5,14.36,0.14,0.9749,16503.0,23961.489
300506.SZ,20231103,6.58,6.62,6.48,6.55,6.58,-0.03,-0.4559,50727.9,33253.643
300507.SZ,20231103,6.53,6.67,6.5,6.52,6.5,0.02,0.3077,528159.12,347049.975
300508.SZ,20231103,27.7,29.27,27.7,29.07,27.71,1.36,4.908,21506.31,62024.249
300509.SZ,20231103,6.81,7.06,6.8,6.96,6.83,0.13,1.9034,41515.45,28958.68
300510.SZ,20231103,6.34,6.43,6.3,6.39,6.27,0.12,1.9139,192740.41,123108.083
300511.SZ,20231103,5.67,5.75,5.66,5.74,5.65,0.09,1.5929,75682.06,43359.229
300512.SZ,20231103,7.86,8.12,7.85,8.06,7.84,0.22,2.8061,23195.49,18675.25
300513.SZ,20231103,12.71,12.89,12.64,12.84,12.69,0.15,1.182,51019.0,65345.914
300514.SZ,20231103,14.7,15.02,14.67,14.92,14.57,0.35,2.4022,55756.0,83085.15
300515.SZ,20231103,11.25,11.75,11.24,11.68,11.17,0.51,4.5658,43553.0,50604.818
301175.SZ,20231103,5.25,5.31,5.23,5.29,5.24,0.05,0.9542,67157.73,35493.259
301176.SZ,20231103,17.17,17.44,17.17,17.37,17.05,0.32,1.8768,12650.2,21959.828
301177.SZ,20231103,30.98,31.64,30.98,31.42,31.03,0.39,1.2568,5558.86,17489.283
301178.SZ,20231103,31.65,32.58,31.64,32.16,31.64,0.52,1.6435,12138.4,39119.861
301179.SZ,20231103,25.67,26.18,25.53,25.97,25.54,0.43,1.6836,13662.2,35510.196
301180.SZ,20231103,17.05,17.68,17.03,17.61,17.05,0.56,3.2845,23814.69,41693.802
301181.SZ,20231103,28.6,29.59,28.58,29.32,28.59,0.73,2.5533,15029.38,44004.92
301182.SZ,20231103,23.81,24.48,23.81,24.4,23.88,0.52,2.1776,14005.69,34082.934
301183.SZ,20231103,42.14,43.62,42.0,43.49,42.12,1.37,3.2526,35774.56,154645.888
301185.SZ,20231103,20.57,21.3,20.57,21.1,20.55,0.55,2.6764,50408.0,106128.995
301186.SZ,20231103,41.53,42.7,41.3,42.29,41.25,1.04,2.5212,27743.43,116872.596
301187.SZ,20231103,18.3,18.93,18.18,18.72,18.18,0.54,2.9703,33208.34,62078.96
301188.SZ,20231103,12.44,12.62,12.37,12.55,12.39,0.16,1.2914,16202.9,20337.6
301189.SZ,20231103,29.24,29.66,29.19,29.54,29.17,0.37,1.2684,4768.86,14071.872
301190.SZ,20231103,20.24,20.49,20.12,20.27,20.15,0.12,0.5955,8949.65,18183.716
301191.SZ,20231103,89.11,91.8,89.11,90.32,89.31,1.01,1.1309,25693.25,232741.118
301192.SZ,20231103,22.73,23.4,22.73,23.1,22.72,0.38,1.6725,8199.0,18968.65
301193.SZ,20231103,17.26,17.55,17.06,17.14,17.22,-0.08,-0.4646,7536.41,13023.445
301195.SZ,20231103,40.65,41.95,40.65,41.5,40.65,0.85,2.091,5989.15,24885.674
301196.SZ,20231103,34.09,34.69,34.09,34.41,34.04,0.37,1.087,6981.0,24063.364
301197.SZ,20231103,19.54,19.99,19.4,19.88,19.5,0.38,1.9487,9966.15,19806.52
301198.SZ,20231103,13.0,13.33,12.99,13.26,12.99,0.27,2.0785,16501.2,21855.315
301199.SZ,20231103,25.1,25.86,24.71,25.65,24.28,1.37,5.6425,38021.82,96646.161
301200.SZ,20231103,38.25,39.1,37.91,38.82,38.0,0.82,2.1579,8516.0,33081.43
301201.SZ,20231103,27.71,27.88,26.91,27.02,27.63,-0.61,-2.2077,49720.01,135083.611
301202.SZ,20231103,32.03,32.79,32.03,32.59,31.89,0.7,2.195,17830.31,58019.515
301203.SZ,20231103,42.0,43.1,41.83,42.87,41.92,0.95,2.2662,10415.87,44482.45
301205.SZ,20231103,67.0,68.46,66.12,67.88,66.12,1.76,2.6618,34540.19,234088.617
301206.SZ,20231103,28.41,29.01,28.41,28.91,28.39,0.52,1.8316,5106.0,14742.134
301207.SZ,20231103,29.62,29.94,29.43,29.57,29.61,-0.04,-0.1351,32962.16,97769.527
301208.SZ,20231103,37.29,38.3,37.29,38.08,37.3,0.78,2.0912,12764.75,48472.73
301209.SZ,20231103,25.31,25.65,25.31,25.44,25.29,0.15,0.5931,6292.0,16043.087
301210.SZ,20231103,45.41,47.28,45.37,46.24,45.04,1.2,2.6643,15107.29,70198.207
301211.SZ,20231103,22.35,22.51,22.16,22.37,22.46,-0.09,-0.4007,35678.4,79687.525
301212.SZ,20231103,28.04,28.53,28.0,28.52,27.9,0.62,2.2222,5906.59,16774.453
301213.SZ,20231103,40.74,42.61,40.72,42.41,40.74,1.67,4.0992,13879.0,58469.131
301215.SZ,20231103,6.02,6.06,5.93,6.01,6.04,-0.03,-0.4967,98567.37,59159.406
301216.SZ,20231103,14.05,14.18,14.0,14.13,14.0,0.13,0.9286,16798.66,23754.484
301217.SZ,20231103,11.95,12.12,11.94,12.07,11.92,0.15,1.2584,21927.0,26479.928
301218.SZ,20231103,34.08,35.0,33.76,34.76,34.08,0.68,1.9953,38188.46,132401.996
301219.SZ,20231103,38.38,38.49,37.98,38.37,38.11,0.26,0.6822,18277.94,69968.638
600571.SH,20231103,9.65,9.72,9.56,9.57,9.63,-0.06,-0.6231,58077.0,55947.261
600572.SH,20231103,5.17,5.22,5.15,5.15,5.16,-0.01,-0.1938,292222.0,151303.842
600573.SH,20231103,10.44,10.59,10.4,10.5,10.48,0.02,0.1908,27679.0,29095.365
600575.SH,20231103,2.55,2.58,2.53,2.54,2.54,0.0,0.0,263094.52,67351.17
600576.SH,20231103,7.35,7.49,7.2,7.39,7.45,-0.06,-0.8054,70700.2,52282.613
600577.SH,20231103,4.09,4.16,4.08,4.14,4.08,0.06,1.4706,218059.31,90236.115
600578.SH,20231103,3.01,3.03,2.97,2.97,3.01,-0.04,-1.3289,176619.0,52968.69
600579.SH,20231103,7.08,7.24,7.08,7.18,7.06,0.12,1.6997,28971.0,20805.226
600580.SH,20231103,11.32,11.91,11.31,11.68,11.08,0.6,5.4152,509561.92,593534.258
600581.SH,20231103,4.01,4.05,3.99,4.0,4.01,-0.01,-0.2494,130995.0,52562.068
600582.SH,20231103,5.14,5.21,5.13,5.15,5.12,0.03,0.5859,166487.72,86028.477
600583.SH,20231103,6.21,6.29,6.18,6.23,6.18,0.05,0.8091,251550.15,157021.11
600584.SH,20231103,30.56,31.37,30.45,31.28,30.55,0.73,2.3895,281373.81,873607.266
600585.SH,20231103,23.7,23.84,23.69,23.77,23.72,0.05,0.2108,116674.53,277246.644
600586.SH,20231103,6.77,6.92,6.75,6.87,6.76,0.11,1.6272,110739.0,76103.811
600587.SH,20231103,23.73,24.25,23.6,23.83,23.75,0.08,0.3368,63459.0,151844.992
600588.SH,20231103,16.25,16.7,16.2,16.55,16.18,0.37,2.2868,151667.69,250500.517
600589.SH,20231103,4.39,4.48,4.17,4.19,4.39,-0.2,-4.5558,302091.5,128154.923
600590.SH,20231103,6.33,6.56,6.33,6.53,6.36,0.17,2.673,96445.27,62580.016
600592.SH,20231103,10.78,10.78,10.78,10.78,9.8,0.98,10.0,104630.14,112791.291
600593.SH,20231103,16.49,16.8,16.45,16.47,16.5,-0.03,-0.1818,12498.57,20703.078
600594.SH,20231103,5.75,5.8,5.72,5.74,5.77,-0.03,-0.5199,87913.0,50637.348
600595.SH,20231103,3.49,3.5,3.44,3.49,3.49,0.0,0.0,435140.89,151279.297
600596.SH,20231103,9.68,9.8,9.68,9.77,9.67,0.1,1.0341,43728.68,42700.031
600597.SH,20231103,9.39,9.46,9.38,9.41,9.39,0.02,0.213,92275.64,86916.32
600598.SH,20231103,12.59,12.66,12.5,12.6,12.55,0.05,0.3984,79695.6,100347.172
600599.SH,20231103,13.6,14.08,13.5,14.01,13.54,0.47,3.4712,35842.76,49726.372
600600.SH,20231103,80.72,80.98,79.53,80.01,80.82,-0.81,-1.0022,54578.62,437701.773
600601.SH,20231103,3.05,3.14,3.03,3.1,3.05,0.05,1.6393,428190.85,132601.74
600602.SH,20231103,12.12,12.35,12.1,12.22,12.09,0.13,1.0753,184688.25,226248.27
600603.SH,20231103,6.88,6.94,6.8,6.84,6.87,-0.03,-0.4367,80791.22,55341.428
600604.SH,20231103,4.59,4.61,4.54,4.56,4.58,-0.02,-0.4367,70892.0,32388.119
600605.SH,20231103,19.5,19.88,19.43,19.51,19.6,-0.09,-0.4592,17595.8,34532.289
600606.SH,20231103,2.52,2.53,2.5,2.51,2.51,0.0,0.0,312606.8,78674.729
600608.SH,20231103,4.13,4.15,4.1,4.15,4.15,0.0,0.0,12659.38,5220.428
600609.SH,20231103,4.78,4.85,4.76,4.82,4.78,0.04,0.8368,84966.87,40880.528
600610.SH,20231103,7.44,7.7,7.35,7.52,7.39,0.13,1.7591,303346.7,229221.409
600611.SH,20231103,3.02,3.03,2.99,3.0,3.01,-0.01,-0.3322,130844.52,39439.691
600612.SH,20231103,60.16,60.76,59.84,60.08,60.28,-0.2,-0.3318,9821.0,59128.813
600613.SH,20231103,7.98,8.05,7.9,7.92,7.97,-0.05,-0.6274,129932.0,103376.542
600615.SH,20231103,10.04,10.3,10.02,10.11,9.99,0.12,1.2012,91642.0,92987.991
603110.SH,20231103,31.96,32.75,31.64,31.81,32.11,-0.3,-0.9343,76020.4,243665.947
603111.SH,20231103,5.07,5.33,5.07,5.19,5.08,0.11,2.1654,317831.77,164652.497
603112.SH,20231103,12.03,12.22,11.9,12.12,11.95,0.17,1.4226,24485.0,29621.065
603113.SH,20231103,8.22,8.31,8.2,8.22,8.22,0.0,0.0,51325.0,42356.519
603115.SH,20231103,13.91,14.2,13.86,14.15,13.94,0.21,1.5065,10537.5,14872.521
603116.SH,20231103,6.22,6.26,6.16,6.18,6.22,-0.04,-0.6431,40406.0,25022.212
603117.SH,20231103,3.47,3.51,3.44,3.48,3.45,0.03,0.8696,10512.77,3649.187
603118.SH,20231103,8.7,8.95,8.68,8.89,8.71,0.18,2.0666,254671.9,225344.265
603119.SH,20231103,24.72,25.05,24.68,24.89,24.64,0.25,1.0146,48158.24,119847.32
603121.SH,20231103,8.57,8.65,8.47,8.62,8.49,0.13,1.5312,61011.8,52452.757
603122.SH,20231103,8.21,8.29,8.15,8.21,8.15,0.06,0.7362,34355.0,28273.993
603123.SH,20231103,13.43,13.44,12.85,12.97,13.43,-0.46,-3.4252,588437.6,770551.49
603125.SH,20231103,29.8,30.79,29.69,30.61,29.66,0.95,3.203,27379.13,83419.899
603126.SH,20231103,6.59,6.73,6.59,6.65,6.59,0.06,0.9105,33042.0,22050.086
603127.SH,20231103,26.25,26.66,25.96,26.29,26.22,0.07,0.267,147794.79,389142.707
603128.SH,20231103,7.19,7.21,7.14,7.16,7.18,-0.02,-0.2786,79994.69,57328.89
603129.SH,20231103,98.7,102.98,98.02,101.75,98.75,3.0,3.038,15380.15,156374.606
603130.SH,20231103,21.39,21.47,21.13,21.44,21.27,0.17,0.7992,15438.8,33005.363
603131.SH,20231103,15.75,16.37,15.71,15.96,15.67,0.29,1.8507,248573.85,399174.423
603132.SH,20231103,12.76,12.92,12.69,12.86,12.76,0.1,0.7837,19448.84,25009.267
603133.SH,20231103,7.16,7.27,7.16,7.22,7.23,-0.01,-0.1383,8553.0,6172.031
603135.SH,20231103,15.36,15.73,15.28,15.63,15.21,0.42,2.7613,32676.85,50978.7
603136.SH,20231103,18.97,19.33,18.97,19.19,18.97,0.22,1.1597,14086.0,27011.527
603137.SH,20231103,18.8,19.12,18.8,18.98,18.79,0.19,1.0112,11618.36,22072.456
603138.SH,20231103,16.56,16.88,16.52,16.82,16.56,0.26,1.57,38122.14,63890.098
603139.SH,20231103,19.85,20.36,19.64,20.01,19.93,0.08,0.4014,27564.0,55107.624
603150.SH,20231103,27.58,27.94,27.33,27.81,27.44,0.37,1.3484,6956.0,19322.771
603151.SH,20231103,15.2,15.37,15.19,15.24,15.11,0.13,0.8604,5599.0,8565.017
603153.SH,20231103,15.38,16.92,15.31,16.92,15.38,1.54,10.013,101409.56,166776.766
603155.SH,20231103,23.65,24.0,23.65,23.84,23.61,0.23,0.9742,2894.75,6912.775
603156.SH,20231103,24.68,25.1,24.5,24.9,24.68,0.22,0.8914,11949.2,29767.686
603158.SH,20231103,10.18,11.09,9.87,10.77,10.1,0.67,6.6337,977555.64,1018575.672
603159.SH,20231103,16.19,16.6,16.18,16.44,16.13,0.31,1.9219,22270.0,36629.708
603160.SH,20231103,73.0,77.5,73.0,76.2,73.42,2.78,3.7864,115491.2,875379.063
603161.SH,20231103,17.11,17.28,16.92,17.19,17.0,0.19,1.1176,41514.69,71282.752
603162.SH,20231103,15.4,15.66,15.4,15.59,15.38,0.21,1.3654,17647.37,27427.077
603163.SH,20231103,35.0,38.61,34.26,38.61,35.1,3.51,10.0,60494.0,225604.735
603165.SH,20231103,12.95,13.29,12.95,13.12,12.94,0.18,1.391,34144.99,44913.648
603166.SH,20231103,7.12,7.17,7.05,7.11,7.07,0.04,0.5658,67068.26,47730.043
603167.SH,20231103,7.83,7.88,7.69,7.71,7.81,-0.1,-1.2804,89766.01,69608.403
603168.SH,20231103,10.8,10.86,10.51,10.6,10.71,-0.11,-1.0271,236350.8,252473.906
688116.SH,20231103,28.73,29.22,28.56,28.6,28.81,-0.21,-0.7289,57372.29,165634.803
688117.SH,20231103,29.87,31.07,29.2,30.2,29.85,0.35,1.1725,58367.23,177316.758
688118.SH,20231103,27.77,28.39,27.3,28.11,27.71,0.4,1.4435,40481.49,112860.991
688119.SH,20231103,4.99,5.01,4.95,4.98,4.95,0.03,0.6061,25430.42,12684.163
688120.SH,20231103,205.6,212.26,203.61,210.38,204.26,6.12,2.9962,11685.7,243465.928
688121.SH,20231103,24.67,25.18,24.42,24.53,24.63,-0.1,-0.406,25060.85,62040.365
688122.SH,20231103,45.19,46.03,45.1,45.69,45.19,0.5,1.1064,31030.75,141672.02
688123.SH,20231103,61.3,66.4,60.94,66.03,61.3,4.73,7.7162,57054.43,366201.952
688125.SH,20231103,35.13,37.56,34.99,37.34,34.56,2.78,8.044,12952.92,47583.048
688126.SH,20231103,17.98,18.45,17.97,18.37,17.96,0.41,2.2829,110935.17,202793.904
688127.SH,20231103,19.99,20.55,19.88,20.27,19.84,0.43,2.1673,42721.39,86626.66
688128.SH,20231103,20.25,20.61,20.0,20.43,19.95,0.48,2.406,14669.96,29970.749
688129.SH,20231103,16.3,16.5,16.13,16.31,16.13,0.18,1.1159,12182.78,19948.079
688130.SH,20231103,43.5,44.78,43.15,44.53,42.98,1.55,3.6063,3432.27,15156.605
688131.SH,20231103,63.95,66.19,63.29,64.48,64.16,0.32,0.4988,12549.8,81228.588
688132.SH,20231103,21.11,21.68,20.94,21.53,20.94,0.59,2.8176,9398.34,20187.776
688133.SH,20231103,49.31,50.96,48.86,50.59,49.16,1.43,2.9089,19260.27,96991.03
688135.SH,20231103,21.6,23.1,21.56,22.97,21.55,1.42,6.5893,59726.54,135387.104
688136.SH,20231103,19.77,20.25,19.74,19.78,19.97,-0.19,-0.9514,11066.99,22012.91
688137.SH,20231103,51.19,51.95,50.38,51.02,51.19,-0.17,-0.3321,6611.23,33804.122
688138.SH,20231103,21.86,22.77,21.86,22.68,21.97,0.71,3.2317,31001.41,69866.287
688139.SH,20231103,36.36,37.29,36.36,36.5,36.41,0.09,0.2472,14671.7,54046.903
688141.SH,20231103,32.51,34.34,32.5,34.01,32.5,1.51,4.6462,24438.19,81875.251
688143.SH,20231103,35.54,37.21,35.03,36.03,35.54,0.49,1.3787,6659.57,24203.406
688146.SH,20231103,35.55,36.87,35.46,36.7,35.53,1.17,3.293,16992.32,61813.714
688147.SH,20231103,40.0,41.18,39.82,40.88,39.88,1.0,2.5075,16747.81,68163.196
688148.SH,20231103,8.3,8.52,8.26,8.47,8.28,0.19,2.2947,41590.75,35111.056
688150.SH,20231103,19.01,20.19,18.88,20.0,18.92,1.08,5.7082,53676.59,106163.612
688151.SH,20231103,19.02,19.3,18.96,19.14,18.95,0.19,1.0026,5062.64,9694.107
688152.SH,20231103,62.8,66.44,62.6,65.78,62.8,2.98,4.7452,17660.75,115133.663
688153.SH,20231103,68.52,69.9,67.24,68.64,68.52,0.12,0.1751,18741.48,128489.434
688155.SH,20231103,46.48,47.15,46.01,46.79,46.0,0.79,1.7174,7072.67,33008.607
688156.SH,20231103,27.02,27.3,26.82,26.85,27.02,-0.17,-0.6292,7149.15,19299.231
688157.SH,20231103,55.13,55.48,54.16,54.79,54.8,-0.01,-0.0182,5988.32,32820.34
688158.SH,20231103,15.92,16.4,15.88,16.22,15.92,0.3,1.8844,128687.59,208455.496
688159.SH,20231103,41.96,42.63,41.21,41.55,41.75,-0.2,-0.479,18440.27,77461.027
688160.SH,20231103,53.8,59.0,52.8,55.95,50.99,4.96,9.7274,41776.84,234797.445
688161.SH,20231103,41.02,41.5,40.5,40.72,40.92,-0.2,-0.4888,6220.84,25435.602
688162.SH,20231103,30.6,31.7,30.6,31.27,30.6,0.67,2.1895,17690.56,55430.081
688163.SH,20231103,20.6,21.05,20.47,20.75,20.61,0.14,0.6793,8044.25,16628.254
688165.SH,20231103,10.97,11.09,10.65,10.82,10.4,0.42,4.0385,101399.51,110663.401
000027.SZ,20231103,6.14,6.22,6.11,6.18,6.12,0.06,0.9804,137234.06,84748.747
000028.SZ,20231103,28.34,29.05,28.22,28.76,28.34,0.42,1.482,55035.12,158142.253
000029.SZ,20231103,11.47,11.88,11.47,11.72,11.52,0.2,1.7361,33795.0,39463.509
000030.SZ,20231103,5.32,5.4,5.31,5.32,5.31,0.01,0.1883,82814.45,44297.073
000031.SZ,20231103,3.46,3.47,3.38,3.39,3.46,-0.07,-2.0231,173661.82,59073.414
000032.SZ,20231103,18.51,19.12,18.48,19.02,18.48,0.54,2.9221,200422.8,376448.535
000034.SZ,20231103,29.56,30.6,29.56,30.23,29.55,0.68,2.3012,276629.96,837931.023
000035.SZ,20231103,5.9,5.98,5.85,5.87,5.88,-0.01,-0.1701,153772.0,91010.565
000036.SZ,20231103,3.85,3.87,3.79,3.79,3.85,-0.06,-1.5584,90372.8,34439.167
000037.SZ,20231103,8.34,8.52,8.33,8.43,8.35,0.08,0.9581,51871.95,43868.892
000039.SZ,20231103,6.66,6.73,6.65,6.68,6.69,-0.01,-0.1495,106921.5,71516.424
000040.SZ,20231103,3.88,3.91,3.88,3.89,3.87,0.02,0.5168,84604.43,32970.053
000042.SZ,20231103,6.53,6.57,6.35,6.39,6.55,-0.16,-2.4427,61689.0,39544.725
000045.SZ,20231103,11.3,12.22,11.25,12.0,11.32,0.68,6.0071,186974.99,221344.835
000046.SZ,20231103,1.44,1.44,1.44,1.44,1.37,0.07,5.1095,135363.0,19492.272
000048.SZ,20231103,18.28,18.34,18.01,18.14,18.24,-0.1,-0.5482,26203.75,47708.114
000049.SZ,20231103,31.55,32.17,31.55,32.07,31.44,0.63,2.0038,27762.75,88838.948
000050.SZ,20231103,9.73,9.9,9.7,9.87,9.74,0.13,1.3347,95866.0,94320.434
000055.SZ,20231103,4.57,4.6,4.55,4.58,4.57,0.01,0.2188,56402.3,25864.011
000056.SZ,20231103,2.98,3.0,2.94,2.95,2.99,-0.04,-1.3378,124262.0,36855.036
000058.SZ,20231103,7.1,7.23,7.05,7.2,7.16,0.04,0.5587,256957.51,184073.766
000059.SZ,20231103,5.89,5.91,5.83,5.83,5.87,-0.04,-0.6814,70919.0,41543.943
000060.SZ,20231103,4.67,4.72,4.67,4.67,4.68,-0.01,-0.2137,213120.53,99903.546
000061.SZ,20231103,6.54,6.58,6.48,6.49,6.54,-0.05,-0.7645,78442.36,51208.553
000062.SZ,20231103,11.27,11.51,11.27,11.46,11.27,0.19,1.6859,36219.09,41376.571
000063.SZ,20231103,25.72,26.38,25.72,26.3,25.71,0.59,2.2948,868432.53,2270769.809
000065.SZ,20231103,11.28,11.42,11.21,11.34,11.21,0.13,1.1597,100979.57,114542.627
000066.SZ,20231103,10.61,10.98,10.61,10.88,10.6,0.28,2.6415,545462.62,590776.896
000068.SZ,20231103,3.47,3.51,3.45,3.48,3.47,0.01,0.2882,61746.01,21518.031
000069.SZ,20231103,3.59,3.62,3.56,3.6,3.59,0.01,0.2786,264564.47,95145.281
000070.SZ,20231103,8.39,8.48,8.35,8.37,8.35,0.02,0.2395,214672.4,180292.097
000078.SZ,20231103,3.06,3.1,3.05,3.06,3.09,-0.03,-0.9709,121350.11,37347.77
000088.SZ,20231103,5.0,5.0,4.89,4.9,4.95,-0.05,-1.0101,70725.34,34804.957
000089.SZ,20231103,6.72,6.74,6.69,6.72,6.72,0.0,0.0,59211.0,39780.734
000090.SZ,20231103,5.07,5.1,5.04,5.05,5.06,-0.01,-0.1976,237568.73,120267.788
000096.SZ,20231103,8.84,9.17,8.84,9.11,8.93,0.18,2.0157,67505.0,61031.201
000099.SZ,20231103,7.8,7.95,7.8,7.94,7.8,0.14,1.7949,63809.03,50484.532
000100.SZ,20231103,3.89,4.05,3.88,4.03,3.88,0.15,3.866,3390173.69,1349451.205
000151.SZ,20231103,11.01,11.17,11.01,11.11,11.01,0.1,0.9083,32914.0,36603.856
000153.SZ,20231103,10.03,10.12,9.98,10.01,10.04,-0.03,-0.2988,84724.0,85042.022
000155.SZ,20231103,11.5,11.66,11.5,11.6,11.49,0.11,0.9574,71111.4,82490.513
002169.SZ,20231103,7.0,7.11,7.0,7.09,7.0,0.09,1.2857,57976.68,41085.414
002170.SZ,20231103,5.6,5.66,5.6,5.6,5.61,-0.01,-0.1783,68877.03,38781.537
002171.SZ,20231103,7.2,7.26,7.15,7.22,7.15,0.07,0.979,100159.22,72242.73
002172.SZ,20231103,3.86,3.93,3.85,3.86,3.87,-0.01,-0.2584,120740.0,46969.067
002173.SZ,20231103,8.28,8.34,8.2,8.31,8.15,0.16,1.9632,165229.29,136922.144
002174.SZ,20231103,11.2,11.44,11.04,11.33,11.22,0.11,0.9804,272222.99,306667.158
002175.SZ,20231103,3.02,3.06,3.01,3.04,3.01,0.03,0.9967,211396.0,64270.919
002176.SZ,20231103,11.41,11.58,11.41,11.49,11.48,0.01,0.0871,676626.38,777630.744
002177.SZ,20231103,4.05,4.09,4.04,4.07,4.06,0.01,0.2463,132202.32,53861.11
002178.SZ,20231103,4.55,4.74,4.48,4.68,4.57,0.11,2.407,720466.19,332538.552
002179.SZ,20231103,39.01,39.38,38.9,39.34,39.19,0.15,0.3828,54166.28,212641.604
002180.SZ,20231103,24.33,25.9,24.23,25.66,24.22,1.44,5.9455,120386.9,303816.373
002181.SZ,20231103,4.57,4.62,4.53,4.59,4.59,0.0,0.0,97128.0,44506.441
002182.SZ,20231103,19.43,20.67,19.26,20.48,19.28,1.2,6.2241,141102.91,284506.083
002183.SZ,20231103,4.34,4.38,4.33,4.38,4.34,0.04,0.9217,115102.0,50251.815
002184.SZ,20231103,14.38,14.75,14.2,14.65,14.07,0.58,4.1222,148159.0,215752.547
002185.SZ,20231103,8.82,9.06,8.81,9.05,8.83,0.22,2.4915,262069.87,235397.871
002186.SZ,20231103,11.33,11.47,11.33,11.38,11.32,0.06,0.53,27425.9,31251.134
002187.SZ,20231103,6.49,6.49,6.4,6.42,6.48,-0.06,-0.9259,29646.0,19090.142
002188.SZ,20231103,6.38,6.44,6.31,6.31,6.4,-0.09,-1.4063,44495.0,28296.303
002189.SZ,20231103,16.72,17.96,16.66,17.5,16.74,0.76,4.54,103153.02,179221.57
002190.SZ,20231103,19.24,19.82,19.12,19.72,19.17,0.55,2.8691,43552.3,85351.895
002191.SZ,20231103,5.82,5.92,5.81,5.88,5.82,0.06,1.0309,52106.0,30633.935
002192.SZ,20231103,53.83,54.44,53.62,54.27,53.5,0.77,1.4393,67018.33,362534.327
002193.SZ,20231103,6.62,6.67,6.55,6.55,6.64,-0.09,-1.3554,42151.99,27822.409
002194.SZ,20231103,10.59,10.77,10.54,10.73,10.56,0.17,1.6098,215865.21,231100.136
002195.SZ,20231103,2.76,2.82,2.75,2.8,2.76,0.04,1.4493,593273.0,165667.115
002196.SZ,20231103,6.84,7.24,6.84,7.15,6.79,0.36,5.3019,348849.53,247107.072
002197.SZ,20231103,10.47,10.68,10.42,10.6,10.42,0.18,1.7274,240014.27,254334.815
002198.SZ,20231103,6.78,6.82,6.71,6.77,6.73,0.04,0.5944,29942.0,20303.077
002199.SZ,20231103,8.4,8.68,8.38,8.62,8.4,0.22,2.619,63513.0,54622.338
002200.SZ,20231103,7.63,7.72,7.58,7.7,7.62,0.08,1.0499,6081.58,4659.647
002201.SZ,20231103,7.98,8.25,7.9,8.15,7.97,0.18,2.2585,402223.44,324966.561
002202.SZ,20231103,8.78,8.91,8.78,8.85,8.79,0.06,0.6826,136210.23,120761.007
002203.SZ,20231103,10.31,10.82,10.31,10.78,10.42,0.36,3.4549,109315.26,116664.416
002204.SZ,20231103,4.58,4.61,4.57,4.59,4.55,0.04,0.8791,61350.0,28185.435
002205.SZ,20231103,10.25,10.44,10.23,10.38,10.27,0.11,1.0711,96830.13,100359.498
002206.SZ,20231103,5.35,5.46,5.35,5.39,5.35,0.04,0.7477,86366.94,46793.439
002207.SZ,20231103,7.33,7.38,7.17,7.24,7.3,-0.06,-0.8219,118857.0,86118.652
002208.SZ,20231103,6.83,6.85,6.7,6.71,6.86,-0.15,-2.1866,169470.57,114212.654
002209.SZ,20231103,10.15,10.33,10.06,10.25,9.99,0.26,2.6026,54370.36,55763.329
002863.SZ,20231103,6.29,6.33,6.23,6.3,6.27,0.03,0.4785,148072.84,93235.866
002864.SZ,20231103,42.3,42.48,40.85,41.71,42.79,-1.08,-2.524,69132.19,287701.244
002865.SZ,20231103,84.37,88.08,84.37,85.18,84.37,0.81,0.9601,64147.99,552829.013
002866.SZ,20231103,19.62,20.24,19.6,20.1,19.6,0.5,2.551,48840.88,97802.057
002867.SZ,20231103,14.94,15.17,14.81,14.94,14.77,0.17,1.151,97134.35,145534.05
002868.SZ,20231103,24.82,25.39,24.58,25.1,24.66,0.44,1.7843,7665.69,19262.402
002869.SZ,20231103,22.0,22.7,21.3,21.37,21.91,-0.54,-2.4646,197948.15,430054.14
002870.SZ,20231103,38.29,38.5,36.6,36.6,37.1,-0.5,-1.3477,53573.0,199289.31
002871.SZ,20231103,10.78,10.96,10.7,10.88,10.74,0.14,1.3035,19308.14,21026.918
002872.SZ,20231103,5.01,5.04,5.0,5.04,5.01,0.03,0.5988,7586.75,3811.537
002873.SZ,20231103,12.58,12.67,12.45,12.48,12.58,-0.1,-0.7949,31556.72,39603.885
002875.SZ,20231103,11.76,11.79,11.66,11.7,11.75,-0.05,-0.4255,21350.38,25028.566
002876.SZ,20231103,30.53,31.8,30.5,31.64,30.52,1.12,3.6697,32963.52,103421.763
002877.SZ,20231103,9.49,9.85,9.49,9.8,9.44,0.36,3.8136,71203.0,69466.928
002878.SZ,20231103,15.92,16.08,15.79,15.92,15.8,0.12,0.7595,35387.89,56426.406
002879.SZ,20231103,14.8,15.25,14.8,15.1,14.83,0.27,1.8206,17577.0,26580.935
002880.SZ,20231103,34.88,35.4,34.56,34.98,34.56,0.42,1.2153,7909.6,27744.315
002881.SZ,20231103,25.81,27.0,25.79,26.7,25.65,1.05,4.0936,63764.08,169737.423
002882.SZ,20231103,15.22,15.65,15.13,15.58,15.41,0.17,1.1032,132194.36,204058.087
002883.SZ,20231103,11.63,11.77,11.62,11.69,11.62,0.07,0.6024,13973.48,16364.007
002884.SZ,20231103,16.34,16.75,16.34,16.71,16.36,0.35,2.1394,7555.0,12565.881
002885.SZ,20231103,17.16,17.67,17.09,17.58,16.92,0.66,3.9007,104626.28,182661.316
002886.SZ,20231103,21.03,21.4,20.33,20.5,20.71,-0.21,-1.014,188679.04,390621.032
002887.SZ,20231103,8.63,8.71,8.59,8.67,8.64,0.03,0.3472,19775.0,17130.513
002888.SZ,20231103,15.8,17.93,15.78,17.93,16.3,1.63,10.0,121539.42,210921.241
002889.SZ,20231103,34.61,34.63,31.15,31.15,34.61,-3.46,-9.9971,172183.35,547732.683
002890.SZ,20231103,14.01,14.47,13.97,14.34,14.02,0.32,2.2825,14006.04,20085.715
002891.SZ,20231103,24.17,24.17,23.75,23.95,23.94,0.01,0.0418,33272.85,79645.649
002892.SZ,20231103,13.55,14.19,13.36,14.19,12.9,1.29,10.0,419496.26,581946.259
002893.SZ,20231103,10.88,11.12,10.86,11.06,10.89,0.17,1.5611,35291.0,39007.894
002895.SZ,20231103,18.4,18.74,18.4,18.48,18.43,0.05,0.2713,37332.0,69321.532
002896.SZ,20231103,37.4,38.87,36.6,38.87,35.34,3.53,9.9887,178313.47,674810.561
002897.SZ,20231103,34.31,36.63,34.31,36.04,34.3,1.74,5.0729,70375.14,251667.647
002898.SZ,20231103,20.0,20.02,16.76,16.76,18.62,-1.86,-9.9893,318536.6,566349.76
002899.SZ,20231103,15.98,16.07,15.51,15.57,16.0,-0.43,-2.6875,39033.56,61298.022
002900.SZ,20231103,13.56,13.68,13.4,13.56,13.63,-0.07,-0.5136,28808.5,39023.853
002901.SZ,20231103,38.33,38.47,37.89,38.4,38.25,0.15,0.3922,16694.0,63734.364
002902.SZ,20231103,24.01,24.79,23.79,24.52,24.52,0.0,0.0,159431.62,390328.043
002903.SZ,20231103,20.99,21.46,20.82,21.3,20.98,0.32,1.5253,74289.17,157301.599
002905.SZ,20231103,10.14,10.34,9.94,10.22,10.16,0.06,0.5906,117149.5,119221.573
002906.SZ,20231103,33.73,34.46,33.28,34.03,33.11,0.92,2.7786,80642.47,274048.22
300516.SZ,20231103,31.03,32.0,31.03,31.95,31.25,0.7,2.24,16044.0,51052.84
300517.SZ,20231103,12.8,13.01,12.69,12.78,12.63,0.15,1.1876,11874.8,15263.188
300518.SZ,20231103,18.81,18.92,17.65,18.1,18.85,-0.75,-3.9788,67257.64,121867.477
300519.SZ,20231103,16.35,16.44,16.1,16.1,16.39,-0.29,-1.7694,19593.32,31751.886
300520.SZ,20231103,20.85,21.66,20.75,21.53,20.67,0.86,4.1606,87322.28,186357.409
300521.SZ,20231103,13.88,14.35,13.86,14.16,14.0,0.16,1.1429,41322.8,58390.125
300522.SZ,20231103,12.78,12.9,12.35,12.58,12.74,-0.16,-1.2559,97533.58,122497.479
300523.SZ,20231103,20.14,20.54,20.13,20.43,20.13,0.3,1.4903,17910.9,36547.732
300525.SZ,20231103,13.89,14.4,13.87,14.2,13.92,0.28,2.0115,47653.98,67397.64
300527.SZ,20231103,7.46,7.64,7.46,7.6,7.45,0.15,2.0134,64896.48,49274.439
300528.SZ,20231103,10.13,10.37,10.0,10.08,10.3,-0.22,-2.1359,197914.3,199987.142
300529.SZ,20231103,22.97,23.15,22.87,22.89,22.96,-0.07,-0.3049,36303.69,83449.504
300530.SZ,20231103,17.84,18.19,17.83,17.91,17.84,0.07,0.3924,6440.0,11621.072
300531.SZ,20231103,14.46,14.88,14.42,14.83,14.53,0.3,2.0647,79104.0,116833.255
300532.SZ,20231103,16.3,16.59,16.18,16.37,15.98,0.39,2.4406,71935.94,118029.695
300533.SZ,20231103,30.88,31.58,29.8,31.07,33.0,-1.93,-5.8485,387900.94,1185314.615
300534.SZ,20231103,9.83,10.0,9.78,9.78,9.84,-0.06,-0.6098,60089.0,59414.448
300535.SZ,20231103,16.92,17.25,16.87,17.14,16.88,0.26,1.5403,18256.26,31243.327
300536.SZ,20231103,15.99,16.19,15.81,15.88,15.9,-0.02,-0.1258,34492.0,54971.186
300537.SZ,20231103,19.99,20.78,19.9,20.64,19.88,0.76,3.8229,166273.34,340196.007
300538.SZ,20231103,20.5,21.28,19.8,21.09,20.11,0.98,4.8732,194862.4,402285.138
300539.SZ,20231103,15.98,16.67,14.81,14.96,13.89,1.07,7.7034,495389.71,797964.465
300540.SZ,20231103,22.41,22.9,22.12,22.57,22.08,0.49,2.2192,19006.14,42872.553
300541.SZ,20231103,15.87,16.28,15.87,16.11,16.04,0.07,0.4364,161072.44,259992.345
300542.SZ,20231103,12.68,12.94,12.66,12.84,12.71,0.13,1.0228,48697.65,62445.64
300543.SZ,20231103,9.81,10.27,9.81,10.17,9.8,0.37,3.7755,61306.8,62128.569
300545.SZ,20231103,30.0,31.13,30.0,30.69,30.34,0.35,1.1536,144969.81,443378.253
300546.SZ,20231103,15.55,15.94,15.54,15.9,15.5,0.4,2.5806,33049.48,52272.86
300547.SZ,20231103,16.63,16.95,16.4,16.87,16.48,0.39,2.3665,70745.4,118455.152
300548.SZ,20231103,23.96,24.9,23.89,24.58,23.83,0.75,3.1473,128400.39,315429.908
300549.SZ,20231103,19.89,21.65,19.6,20.77,19.05,1.72,9.0289,156434.6,325841.483
300550.SZ,20231103,14.41,14.78,14.4,14.73,14.42,0.31,2.1498,13308.67,19512.189
300551.SZ,20231103,20.71,22.56,20.66,22.42,20.66,1.76,8.5189,127864.5,279201.813
300552.SZ,20231103,21.8,21.92,21.0,21.24,21.32,-0.08,-0.3752,83044.99,177591.723
300553.SZ,20231103,41.29,43.71,40.9,42.3,41.38,0.92,2.2233,20877.71,89155.597
300554.SZ,20231103,19.25,19.82,19.25,19.77,19.27,0.5,2.5947,35199.14,69201.24
300555.SZ,20231103,7.33,7.75,7.33,7.69,7.37,0.32,4.3419,53309.0,40541.979
300556.SZ,20231103,22.15,22.62,22.15,22.47,22.02,0.45,2.0436,42865.0,96176.99
300557.SZ,20231103,34.76,36.13,34.71,35.61,34.75,0.86,2.4748,7716.0,27467.053
300558.SZ,20231103,60.8,61.12,59.51,59.82,61.0,-1.18,-1.9344,29661.49,178226.8
300559.SZ,20231103,14.76,15.28,14.76,15.1,14.77,0.33,2.2343,86735.0,130856.575
301220.SZ,20231103,32.89,33.27,32.88,33.08,32.86,0.22,0.6695,5323.72,17607.588
301221.SZ,20231103,64.49,65.7,62.16,63.69,62.1,1.59,2.5604,80145.64,509125.238
301222.SZ,20231103,29.42,30.23,29.42,30.11,29.42,0.69,2.3453,12450.0,37280.817
301223.SZ,20231103,18.35,18.5,18.33,18.41,18.31,0.1,0.5461,4658.17,8587.776
301225.SZ,20231103,37.4,38.22,37.24,37.68,37.16,0.52,1.3994,29677.03,112056.302
301226.SZ,20231103,22.3,23.0,22.09,22.84,22.01,0.83,3.771,18265.6,41657.027
301227.SZ,20231103,29.46,29.8,29.38,29.59,29.58,0.01,0.0338,5426.99,16082.13
301228.SZ,20231103,18.01,18.21,17.52,17.81,18.01,-0.2,-1.1105,66902.41,119796.497
301229.SZ,20231103,35.06,35.98,35.0,35.25,34.81,0.44,1.264,30655.9,108980.638
301230.SZ,20231103,38.92,39.45,38.53,38.93,38.98,-0.05,-0.1283,10531.8,41044.086
301231.SZ,20231103,26.69,27.06,26.03,26.88,26.73,0.15,0.5612,28443.81,75894.817
301232.SZ,20231103,49.25,50.93,49.1,50.07,49.05,1.02,2.0795,6034.21,30326.998
301233.SZ,20231103,43.1,43.98,42.96,43.62,42.94,0.68,1.5836,13699.08,59693.914
301234.SZ,20231103,34.96,35.6,34.81,35.12,34.99,0.13,0.3715,9710.0,34236.38
301235.SZ,20231103,24.57,25.34,24.51,24.9,24.56,0.34,1.3844,20673.0,51636.155
301236.SZ,20231103,33.03,35.2,33.03,34.77,33.52,1.25,3.7291,697973.07,2395654.914
301237.SZ,20231103,30.8,31.5,30.8,31.22,31.1,0.12,0.3859,4577.0,14340.139
301238.SZ,20231103,17.47,17.72,17.43,17.64,17.42,0.22,1.2629,17789.11,31374.685
301239.SZ,20231103,99.63,103.37,98.8,101.7,99.16,2.54,2.5615,10673.02,108603.458
301246.SZ,20231103,27.92,28.06,27.77,27.87,27.77,0.1,0.3601,6318.0,17638.054
301248.SZ,20231103,17.36,17.83,17.3,17.62,17.26,0.36,2.0857,26705.71,47219.456
301251.SZ,20231103,38.9,40.25,38.8,40.09,38.26,1.83,4.7831,45308.7,180033.835
301252.SZ,20231103,44.39,45.69,44.39,45.22,44.36,0.86,1.9387,10319.46,46745.072
301255.SZ,20231103,42.0,46.45,40.61,44.3,39.05,5.25,13.4443,108184.61,473182.511
301256.SZ,20231103,8.4,8.51,8.38,8.44,8.38,0.06,0.716,21165.0,17883.783
301257.SZ,20231103,70.45,71.39,68.87,70.01,70.5,-0.49,-0.695,16233.35,113761.186
301258.SZ,20231103,34.36,34.8,34.29,34.51,34.27,0.24,0.7003,12657.39,43762.602
301259.SZ,20231103,15.48,16.36,15.47,15.85,15.47,0.38,2.4564,59662.47,95434.954
301260.SZ,20231103,16.1,16.54,15.96,16.44,15.96,0.48,3.0075,40950.45,67162.766
301261.SZ,20231103,44.58,47.3,43.78,45.97,42.45,3.52,8.2921,60777.57,277588.563
301262.SZ,20231103,27.72,28.25,26.57,27.01,27.17,-0.16,-0.5889,81706.72,221603.707
301263.SZ,20231103,17.67,17.96,17.61,17.73,17.61,0.12,0.6814,47989.23,85311.607
301265.SZ,20231103,11.24,11.38,11.2,11.36,11.19,0.17,1.5192,15349.1,17377.155
301266.SZ,20231103,44.01,45.63,43.95,45.01,43.73,1.28,2.9271,13790.25,62195.58
301267.SZ,20231103,39.5,40.23,39.1,39.94,39.38,0.56,1.422,13610.44,54324.424
301268.SZ,20231103,32.04,32.6,31.75,32.21,31.89,0.32,1.0034,41887.67,135125.054
301269.SZ,20231103,101.53,103.33,100.9,102.87,101.5,1.37,1.3498,17915.16,183506.82
301270.SZ,20231103,39.15,39.98,38.0,39.31,39.09,0.22,0.5628,34526.84,135869.555
301272.SZ,20231103,53.78,55.7,53.62,54.83,53.22,1.61,3.0252,9090.08,49897.747
301273.SZ,20231103,26.78,27.94,26.78,27.5,26.79,0.71,2.6502,5860.0,16175.043
301276.SZ,20231103,25.81,26.04,25.7,25.85,25.71,0.14,0.5445,9499.4,24585.013
600616.SH,20231103,6.21,6.34,6.19,6.33,6.21,0.12,1.9324,56586.25,35702.546
600617.SH,20231103,4.13,4.15,4.12,4.15,4.12,0.03,0.7282,60864.09,25156.484
600618.SH,20231103,8.94,8.97,8.86,8.88,8.89,-0.01,-0.1125,31891.0,28453.056
600619.SH,20231103,7.02,7.48,7.02,7.19,7.09,0.1,1.4104,364006.29,261647.569
600620.SH,20231103,10.1,10.18,10.03,10.09,10.11,-0.02,-0.1978,30360.15,30655.054
600621.SH,20231103,12.34,12.54,12.18,12.34,12.39,-0.05,-0.4036,273095.22,336885.633
600622.SH,20231103,2.7,2.73,2.68,2.68,2.7,-0.02,-0.7407,139741.57,37687.04
600623.SH,20231103,6.92,6.94,6.73,6.73,6.94,-0.21,-3.0259,237701.71,160960.698
600624.SH,20231103,5.84,5.92,5.84,5.88,5.83,0.05,0.8576,37112.19,21825.069
600626.SH,20231103,3.69,3.7,3.61,3.61,3.68,-0.07,-1.9022,62346.68,22718.463
600628.SH,20231103,7.2,7.24,7.15,7.16,7.18,-0.02,-0.2786,29375.03,21107.402
600629.SH,20231103,5.34,5.49,5.33,5.44,5.35,0.09,1.6822,184922.07,99988.403
600630.SH,20231103,8.98,10.0,8.9,9.17,9.09,0.08,0.8801,1177360.53,1110872.12
600633.SH,20231103,11.9,12.0,11.5,11.75,11.87,-0.12,-1.011,403620.89,472887.428
600635.SH,20231103,3.02,3.07,3.01,3.04,3.01,0.03,0.9967,244726.83,74505.813
600636.SH,20231103,9.64,9.73,9.47,9.7,9.57,0.13,1.3584,56084.61,54024.577
600637.SH,20231103,7.5,7.57,7.44,7.51,7.51,0.0,0.0,154576.93,116095.688
600638.SH,20231103,5.64,5.7,5.58,5.6,5.66,-0.06,-1.0601,36593.0,20586.799
600639.SH,20231103,11.09,11.16,11.08,11.12,11.12,0.0,0.0,40750.11,45333.238
600640.SH,20231103,10.31,10.46,10.2,10.32,10.46,-0.14,-1.3384,77115.5,79635.929
600641.SH,20231103,16.65,16.95,16.61,16.83,16.74,0.09,0.5376,185079.99,310468.26
600642.SH,20231103,5.89,5.94,5.86,5.87,5.91,-0.04,-0.6768,190506.22,112301.639
600643.SH,20231103,5.21,5.26,5.2,5.21,5.2,0.01,0.1923,68574.13,35828.709
600644.SH,20231103,6.87,6.9,6.81,6.82,6.86,-0.04,-0.5831,33464.04,22905.923
600645.SH,20231103,20.73,20.96,20.69,20.8,20.79,0.01,0.0481,69349.15,144370.64
600647.SH,20231103,12.05,12.18,11.93,12.05,12.2,-0.15,-1.2295,10184.77,12262.699
600648.SH,20231103,10.57,10.6,10.54,10.59,10.57,0.02,0.1892,43406.0,45907.706
600649.SH,20231103,4.03,4.07,4.01,4.01,4.04,-0.03,-0.7426,120425.61,48508.676
600650.SH,20231103,9.42,9.45,9.29,9.3,9.37,-0.07,-0.7471,15309.43,14335.031
600651.SH,20231103,3.44,3.51,3.41,3.48,3.43,0.05,1.4577,92606.76,32231.504
600653.SH,20231103,1.92,1.93,1.89,1.9,1.93,-0.03,-1.5544,228405.14,43553.876
600654.SH,20231103,2.26,2.31,2.25,2.28,2.26,0.02,0.885,78966.84,18079.689
600655.SH,20231103,6.39,6.49,6.37,6.46,6.39,0.07,1.0955,185636.21,119562.118
600657.SH,20231103,4.15,4.18,4.03,4.09,4.15,-0.06,-1.4458,396254.98,162050.575
600658.SH,20231103,4.45,4.48,4.42,4.45,4.46,-0.01,-0.2242,66288.32,29536.425
600660.SH,20231103,37.1,37.63,37.1,37.38,37.09,0.29,0.7819,49890.01,186761.325
600661.SH,20231103,8.88,8.89,8.72,8.85,8.79,0.06,0.6826,22924.0,20249.023
600662.SH,20231103,5.08,5.14,5.08,5.11,5.08,0.03,0.5906,45977.4,23532.469
600663.SH,20231103,9.21,9.29,9.19,9.21,9.23,-0.02,-0.2167,37484.38,34653.688
600664.SH,20231103,3.6,3.63,3.58,3.58,3.61,-0.03,-0.831,249118.07,89663.31
603169.SH,20231103,5.81,5.97,5.8,5.93,5.8,0.13,2.2414,151191.25,89499.697
603170.SH,20231103,19.22,19.92,19.11,19.73,19.26,0.47,2.4403,24985.54,48982.993
603171.SH,20231103,29.92,31.17,29.81,30.65,29.97,0.68,2.2689,16906.0,51952.628
603172.SH,20231103,16.54,16.81,16.54,16.73,16.54,0.19,1.1487,11821.58,19781.033
603173.SH,20231103,23.74,24.29,23.69,24.01,23.69,0.32,1.3508,12600.88,30395.301
603176.SH,20231103,6.07,6.16,6.05,6.12,6.07,0.05,0.8237,31036.49,19002.088
603177.SH,20231103,12.85,12.95,12.65,12.69,12.8,-0.11,-0.8594,13580.0,17349.754
603178.SH,20231103,33.7,35.66,32.91,34.61,33.7,0.91,2.7003,366386.8,1262852.334
603179.SH,20231103,47.44,48.11,46.32,46.79,45.86,0.93,2.0279,38088.58,179554.654
603180.SH,20231103,26.47,26.65,26.27,26.48,26.26,0.22,0.8378,7000.99,18526.72
603181.SH,20231103,11.03,11.14,10.99,11.11,10.99,0.12,1.0919,9808.0,10886.001
603182.SH,20231103,14.58,14.72,14.51,14.68,14.48,0.2,1.3812,8273.46,12135.156
603183.SH,20231103,4.75,4.8,4.73,4.75,4.75,0.0,0.0,63226.76,30116.384
603185.SH,20231103,36.6,37.48,36.58,37.1,36.57,0.53,1.4493,39418.93,146305.185
603186.SH,20231103,38.39,39.4,37.57,39.4,38.03,1.37,3.6024,33109.81,128094.422
603187.SH,20231103,16.14,16.55,16.14,16.39,16.14,0.25,1.5489,19264.9,31580.876
603188.SH,20231103,3.95,3.97,3.93,3.95,3.97,-0.02,-0.5038,78403.0,30938.762
603189.SH,20231103,13.56,14.37,13.56,14.08,13.62,0.46,3.3774,57922.0,81199.363
603190.SH,20231103,31.95,32.53,31.73,32.39,31.72,0.67,2.1122,21136.7,68295.421
603191.SH,20231103,14.9,15.37,14.88,15.25,14.9,0.35,2.349,61292.5,93489.412
603192.SH,20231103,19.2,19.67,19.2,19.44,19.08,0.36,1.8868,7865.0,15338.766
603193.SH,20231103,17.45,18.11,17.42,17.84,17.5,0.34,1.9429,72124.46,128926.202
603195.SH,20231103,103.94,105.99,103.5,104.71,104.11,0.6,0.5763,11013.12,115694.931
603196.SH,20231103,16.17,16.23,15.93,16.03,16.07,-0.04,-0.2489,19259.0,31034.833
603197.SH,20231103,64.3,65.19,63.32,64.1,64.3,-0.2,-0.311,27108.75,173601.321
603198.SH,20231103,74.8,75.73,74.0,74.61,75.0,-0.39,-0.52,19878.0,148972.991
603199.SH,20231103,25.9,26.24,25.9,26.2,25.93,0.27,1.0413,15151.0,39604.015
603200.SH,20231103,17.9,18.27,17.9,17.98,17.91,0.07,0.3908,21911.91,39704.322
603201.SH,20231103,25.25,25.38,24.5,25.38,25.1,0.28,1.1155,17076.43,42759.244
603203.SH,20231103,24.01,25.25,24.01,25.22,24.01,1.21,5.0396,17651.49,44015.865
603206.SH,20231103,17.29,17.66,17.28,17.61,17.3,0.31,1.7919,40703.43,71422.811
603208.SH,20231103,32.62,33.54,32.51,33.2,32.62,0.58,1.7781,12072.96,40095.869
603209.SH,20231103,15.47,15.88,15.35,15.76,15.53,0.23,1.481,14696.45,23110.279
603211.SH,20231103,15.4,15.83,15.36,15.66,15.25,0.41,2.6885,127791.17,200031.576
603212.SH,20231103,15.66,16.03,15.66,15.94,15.65,0.29,1.853,50129.54,79898.929
603213.SH,20231103,11.08,11.21,11.08,11.17,11.08,0.09,0.8123,9196.99,10282.536
603214.SH,20231103,15.81,15.98,15.78,15.84,15.83,0.01,0.0632,10966.23,17413.949
603215.SH,20231103,16.22,16.52,16.2,16.47,16.18,0.29,1.7923,25498.51,41818.758
603216.SH,20231103,12.93,13.2,12.89,13.18,12.93,0.25,1.9335,20647.53,27079.563
603217.SH,20231103,19.98,20.55,19.94,20.29,19.92,0.37,1.8574,11552.18,23493.644
603218.SH,20231103,13.49,14.02,13.46,13.94,13.46,0.48,3.5661,161429.28,223611.124
688166.SH,20231103,35.8,36.23,34.7,35.39,36.3,-0.91,-2.5069,239358.83,848547.309
688167.SH,20231103,83.89,87.34,83.02,86.23,83.39,2.84,3.4057,12147.08,103842.841
688168.SH,20231103,32.1,33.31,32.03,32.77,32.13,0.64,1.9919,11217.59,36873.639
688169.SH,20231103,303.55,310.5,300.13,307.38,301.77,5.61,1.859,10815.9,332449.057
688170.SH,20231103,33.3,34.79,33.26,34.61,33.34,1.27,3.8092,10372.89,35685.868
688171.SH,20231103,23.42,24.09,23.42,23.84,23.56,0.28,1.1885,6649.27,15886.185
688172.SH,20231103,18.54,19.4,18.49,19.3,18.44,0.86,4.6638,39890.31,76050.733
688173.SH,20231103,17.37,18.49,17.37,18.35,17.31,1.04,6.0081,61562.18,110974.068
688175.SH,20231103,28.37,29.73,28.37,29.49,28.51,0.98,3.4374,8340.83,24470.572
688176.SH,20231103,11.16,11.18,10.94,10.95,11.13,-0.18,-1.6173,92765.71,102395.171
688177.SH,20231103,37.65,38.28,36.59,36.72,37.75,-1.03,-2.7285,18110.88,67165.902
688178.SH,20231103,18.27,18.56,18.26,18.34,18.36,-0.02,-0.1089,5344.33,9854.995
688179.SH,20231103,20.02,20.18,19.72,20.05,19.97,0.08,0.4006,34089.22,68200.595
688180.SH,20231103,44.18,44.59,43.33,43.45,44.17,-0.72,-1.6301,61904.32,270364.173
688181.SH,20231103,27.51,28.28,27.51,28.2,27.45,0.75,2.7322,11647.64,32702.334
688182.SH,20231103,20.12,20.4,19.91,20.15,20.08,0.07,0.3486,40892.83,82243.353
688183.SH,20231103,10.6,10.86,10.53,10.83,10.52,0.31,2.9468,27363.5,29476.371
688184.SH,20231103,20.85,21.3,20.7,21.15,20.86,0.29,1.3902,3931.07,8313.195
688185.SH,20231103,80.0,80.68,79.37,79.95,79.99,-0.04,-0.05,10751.19,85981.215
688186.SH,20231103,19.01,19.43,18.98,19.36,18.99,0.37,1.9484,28451.13,54885.838
688187.SH,20231103,37.9,40.36,37.82,40.06,37.92,2.14,5.6435,57572.27,226826.791
688188.SH,20231103,228.0,234.2,226.17,231.5,228.0,3.5,1.5351,4052.33,94022.74
688189.SH,20231103,9.84,9.94,9.8,9.82,9.84,-0.02,-0.2033,39736.0,39149.911
688190.SH,20231103,65.39,67.48,64.77,66.85,64.99,1.86,2.862,4071.92,27150.434
688191.SH,20231103,17.49,18.38,17.48,18.18,17.51,0.67,3.8264,34431.12,62571.862
688192.SH,20231103,43.5,44.58,42.72,43.09,43.83,-0.74,-1.6883,17653.19,76654.231
688193.SH,20231103,48.22,49.66,48.02,49.4,48.53,0.87,1.7927,2480.46,12198.061
688195.SH,20231103,29.42,31.3,29.4,30.92,29.24,1.68,5.7456,37424.9,115185.795
688196.SH,20231103,39.45,40.36,39.08,39.41,39.44,-0.03,-0.0761,4933.7,19541.279
688197.SH,20231103,43.54,45.33,43.54,44.4,43.76,0.64,1.4625,3834.23,17102.771
688198.SH,20231103,134.49,135.79,132.82,133.54,133.61,-0.07,-0.0524,1860.64,24960.683
688199.SH,20231103,28.36,29.05,28.21,28.88,28.3,0.58,2.0495,8215.94,23639.049
688200.SH,20231103,118.49,126.69,118.49,126.02,118.5,7.52,6.346,19088.5,235802.59
688201.SH,20231103,21.61,22.77,21.5,22.59,21.61,0.98,4.5349,24557.42,54707.44
688202.SH,20231103,69.66,71.55,68.88,71.02,69.66,1.36,1.9523,17162.23,121024.205
688203.SH,20231103,13.09,13.28,12.91,13.12,13.06,0.06,0.4594,8777.77,11549.849
688205.SH,20231103,53.7,55.08,53.31,54.2,53.55,0.65,1.2138,13412.54,72905.564
688206.SH,20231103,23.06,24.38,22.93,24.24,23.01,1.23,5.3455,36355.52,87071.008
688207.SH,20231103,18.28,19.5,18.25,19.03,18.03,1.0,5.5463,86173.36,162951.668
688208.SH,20231103,27.14,28.08,27.14,27.83,27.05,0.78,2.8835,37505.03,104342.489
688209.SH,20231103,16.6,16.87,16.41,16.81,16.45,0.36,2.1884,21941.05,36681.245
000156.SZ,20231103,7.42,7.45,7.27,7.39,7.38,0.01,0.1355,81637.33,60237.145
000157.SZ,20231103,6.35,6.5,6.3,6.43,6.3,0.13,2.0635,352999.61,227262.038
000158.SZ,20231103,9.5,9.9,9.4,9.68,9.6,0.08,0.8333,1269335.75,1224577.241
000159.SZ,20231103,6.73,6.8,6.71,6.72,6.74,-0.02,-0.2967,63128.64,42571.991
000166.SZ,20231103,4.35,4.4,4.35,4.38,4.35,0.03,0.6897,400442.17,175277.364
000301.SZ,20231103,10.46,10.57,10.44,10.53,10.46,0.07,0.6692,112016.57,117925.701
000333.SZ,20231103,53.12,53.35,52.72,52.8,53.18,-0.38,-0.7146,177406.44,939971.081
000338.SZ,20231103,14.16,14.25,14.07,14.1,14.16,-0.06,-0.4237,433285.88,611991.028
000400.SZ,20231103,17.02,17.75,17.02,17.61,17.06,0.55,3.2239,182426.7,319635.126
000401.SZ,20231103,7.0,7.05,7.0,7.01,7.0,0.01,0.1429,97195.49,68193.649
000402.SZ,20231103,4.1,4.13,4.03,4.04,4.11,-0.07,-1.7032,123370.0,50195.184
000403.SZ,20231103,23.71,24.19,23.51,23.86,23.71,0.15,0.6326,48115.18,115045.463
000404.SZ,20231103,6.1,6.14,6.06,6.09,6.05,0.04,0.6612,74791.0,45618.599
000407.SZ,20231103,3.62,3.66,3.61,3.63,3.63,0.0,0.0,71237.9,25930.909
000408.SZ,20231103,22.18,22.4,22.15,22.19,22.16,0.03,0.1354,39447.39,87719.391
000409.SZ,20231103,7.39,7.55,7.39,7.49,7.4,0.09,1.2162,43774.07,32798.096
000410.SZ,20231103,7.18,7.34,7.17,7.26,7.22,0.04,0.554,71326.7,51836.637
000411.SZ,20231103,11.68,11.79,11.65,11.7,11.66,0.04,0.3431,35168.62,41234.623
000413.SZ,20231103,2.15,2.21,2.14,2.17,2.17,0.0,0.0,1419113.68,307874.724
000415.SZ,20231103,2.37,2.38,2.32,2.33,2.37,-0.04,-1.6878,474240.76,111360.279
000416.SZ,20231103,2.2,2.3,2.17,2.21,2.22,-0.01,-0.4505,194219.41,43243.368
000417.SZ,20231103,4.75,4.82,4.74,4.78,4.75,0.03,0.6316,144548.0,69197.055
000419.SZ,20231103,5.51,5.54,5.49,5.49,5.51,-0.02,-0.363,36418.0,20074.144
000420.SZ,20231103,3.06,3.07,3.03,3.04,3.04,0.0,0.0,133621.48,40777.992
000421.SZ,20231103,5.34,5.38,5.23,5.24,5.33,-0.09,-1.6886,68412.45,36196.492
000422.SZ,20231103,10.11,10.27,10.09,10.18,10.09,0.09,0.892,49156.27,50125.444
000423.SZ,20231103,46.65,47.57,46.29,46.46,46.8,-0.34,-0.7265,35831.01,168346.472
000425.SZ,20231103,5.6,5.76,5.59,5.68,5.58,0.1,1.7921,591833.45,337098.811
000426.SZ,20231103,9.1,9.16,8.9,9.0,9.1,-0.1,-1.0989,204063.0,184489.398
000428.SZ,20231103,3.93,3.98,3.93,3.97,3.94,0.03,0.7614,84281.52,33398.832
000429.SZ,20231103,8.13,8.14,8.01,8.04,8.12,-0.08,-0.9852,49142.16,39674.671
000430.SZ,20231103,6.58,6.72,6.57,6.67,6.59,0.08,1.214,26604.0,17754.105
000488.SZ,20231103,4.42,4.44,4.39,4.4,4.42,-0.02,-0.4525,86853.0,38380.992
000498.SZ,20231103,5.82,5.85,5.81,5.82,5.81,0.01,0.1721,79946.5,46586.249
000501.SZ,20231103,8.63,8.64,8.51,8.54,8.59,-0.05,-0.5821,39239.81,33530.991
000503.SZ,20231103,10.78,11.25,10.74,10.99,10.64,0.35,3.2895,188469.45,208315.544
000504.SZ,20231103,11.54,11.54,11.36,11.45,11.48,-0.03,-0.2613,19361.24,22107.551
000505.SZ,20231103,7.16,7.18,7.12,7.14,7.13,0.01,0.1403,26996.36,19309.393
000506.SZ,20231103,4.34,4.37,4.3,4.34,4.36,-0.02,-0.4587,247953.5,107333.595
000507.SZ,20231103,5.3,5.32,5.28,5.29,5.29,0.0,0.0,42373.0,22462.523
000509.SZ,20231103,3.77,3.79,3.73,3.77,3.76,0.01,0.266,81279.03,30591.958
002210.SZ,20231103,1.9,1.92,1.89,1.9,1.9,0.0,0.0,104024.7,19821.186
002211.SZ,20231103,3.94,3.97,3.87,3.88,3.95,-0.07,-1.7722,57950.4,22680.167
002212.SZ,20231103,9.24,9.45,9.23,9.36,9.27,0.09,0.9709,99510.13,92972.203
002213.SZ,20231103,15.41,15.6,14.7,15.31,15.42,-0.11,-0.7134,309645.14,466792.951
002214.SZ,20231103,11.66,12.03,11.59,11.96,11.63,0.33,2.8375,34429.87,41016.707
002215.SZ,20231103,7.74,8.02,7.67,7.9,7.74,0.16,2.0672,184739.84,145623.696
002216.SZ,20231103,14.48,14.61,14.38,14.45,14.47,-0.02,-0.1382,25276.13,36649.175
002217.SZ,20231103,3.17,3.28,3.16,3.25,3.16,0.09,2.8481,557164.79,180422.384
002218.SZ,20231103,4.18,4.27,4.18,4.25,4.2,0.05,1.1905,88736.3,37713.1
002219.SZ,20231103,3.2,3.24,3.17,3.22,3.19,0.03,0.9404,126677.67,40773.531
002221.SZ,20231103,10.57,10.62,10.35,10.41,10.53,-0.12,-1.1396,98948.0,103489.883
002222.SZ,20231103,24.95,25.65,24.8,25.6,24.86,0.74,2.9767,135856.4,343887.313
002223.SZ,20231103,32.7,33.0,32.56,32.66,32.78,-0.12,-0.3661,95876.13,313780.691
002224.SZ,20231103,5.13,5.21,5.12,5.17,5.13,0.04,0.7797,48323.0,25070.311
002225.SZ,20231103,3.85,3.89,3.85,3.86,3.86,0.0,0.0,59140.42,22884.126
002226.SZ,20231103,4.75,4.79,4.73,4.74,4.73,0.01,0.2114,89909.0,42817.808
002227.SZ,20231103,12.2,12.59,12.2,12.56,12.18,0.38,3.1199,21661.88,27097.059
002228.SZ,20231103,3.44,3.5,3.41,3.43,3.42,0.01,0.2924,163521.54,56465.867
002229.SZ,20231103,33.4,33.74,32.72,32.9,33.9,-1.0,-2.9499,302334.42,1001699.545
002230.SZ,20231103,44.8,46.33,44.48,46.05,44.39,1.66,3.7396,685631.19,3132499.302
002231.SZ,20231103,6.55,7.01,6.44,6.72,6.5,0.22,3.3846,386877.01,261658.304
002232.SZ,20231103,17.37,18.93,17.37,17.98,17.37,0.61,3.5118,627518.3,1135099.961
002233.SZ,20231103,7.46,7.52,7.45,7.47,7.46,0.01,0.134,80039.01,59914.229
002234.SZ,20231103,13.52,13.53,13.15,13.33,13.53,-0.2,-1.4782,123202.36,163456.083
002235.SZ,20231103,7.42,7.61,7.39,7.49,7.45,0.04,0.5369,399740.68,299523.36
002236.SZ,20231103,19.96,20.62,19.91,20.31,19.78,0.53,2.6795,383782.1,778382.116
002237.SZ,20231103,11.39,11.39,11.27,11.34,11.29,0.05,0.4429,51156.73,57981.354
002238.SZ,20231103,7.35,7.95,7.01,7.95,7.23,0.72,9.9585,578582.76,438025.394
002239.SZ,20231103,2.72,2.78,2.7,2.74,2.72,0.02,0.7353,573160.38,156076.099
002240.SZ,20231103,23.0,23.15,22.83,22.97,22.97,0.0,0.0,147235.68,338564.946
002241.SZ,20231103,17.59,18.5,17.59,18.29,17.55,0.74,4.2165,1091097.27,1976033.999
002242.SZ,20231103,13.16,13.36,13.15,13.28,13.16,0.12,0.9119,16737.98,22238.658
002243.SZ,20231103,7.65,7.77,7.62,7.73,7.62,0.11,1.4436,92588.47,71463.036
002244.SZ,20231103,8.27,8.28,8.13,8.17,8.26,-0.09,-1.0896,166370.5,136137.192
002245.SZ,20231103,9.15,9.29,9.15,9.26,9.16,0.1,1.0917,94140.91,87164.701
002246.SZ,20231103,8.27,8.41,8.25,8.37,8.27,0.1,1.2092,33588.0,28116.103
002247.SZ,20231103,2.23,2.24,2.19,2.19,2.24,-0.05,-2.2321,172986.0,38141.928
002248.SZ,20231103,8.32,8.55,8.32,8.48,8.27,0.21,2.5393,164807.03,139696.999
002249.SZ,20231103,5.07,5.19,5.07,5.18,5.07,0.11,2.1696,223809.07,115549.679
002250.SZ,20231103,7.72,7.87,7.71,7.82,7.7,0.12,1.5584,103138.29,80595.178
002251.SZ,20231103,4.48,4.7,4.48,4.62,4.48,0.14,3.125,1109185.36,509838.507
002907.SZ,20231103,16.61,16.78,16.52,16.66,16.81,-0.15,-0.8923,62996.67,104757.867
002908.SZ,20231103,10.48,10.93,10.48,10.85,10.5,0.35,3.3333,123006.16,132578.282
002909.SZ,20231103,7.78,7.88,7.67,7.82,7.71,0.11,1.4267,37069.0,28968.982
002910.SZ,20231103,10.8,10.95,10.79,10.88,10.83,0.05,0.4617,13546.0,14749.834
002911.SZ,20231103,11.98,12.1,11.92,12.0,12.0,0.0,0.0,12419.4,14948.456
002912.SZ,20231103,27.51,28.19,27.31,27.85,27.25,0.6,2.2018,36691.76,102148.232
002913.SZ,20231103,31.48,33.05,31.26,32.81,31.25,1.56,4.992,46051.82,149394.105
002915.SZ,20231103,12.71,13.05,12.61,12.91,12.59,0.32,2.5417,33007.58,42564.894
002916.SZ,20231103,68.91,70.97,68.82,70.66,68.81,1.85,2.6886,36558.85,256817.076
002917.SZ,20231103,9.54,9.73,9.54,9.65,9.55,0.1,1.0471,32952.0,31799.856
002918.SZ,20231103,14.76,15.04,14.74,14.92,14.72,0.2,1.3587,39346.54,58680.958
002919.SZ,20231103,28.63,29.22,28.21,28.95,28.95,0.0,0.0,31531.17,90708.977
002920.SZ,20231103,125.43,128.94,124.11,125.0,125.43,-0.43,-0.3428,33897.59,426312.095
002921.SZ,20231103,16.6,17.48,16.22,16.88,16.02,0.86,5.3683,147909.47,248799.162
002922.SZ,20231103,14.02,14.38,14.01,14.33,14.01,0.32,2.2841,66626.71,95183.231
002923.SZ,20231103,13.49,13.52,13.31,13.44,13.44,0.0,0.0,29289.1,39233.832
002925.SZ,20231103,17.57,18.24,17.52,18.08,17.49,0.59,3.3734,50808.67,91583.481
002926.SZ,20231103,7.89,7.96,7.85,7.9,7.87,0.03,0.3812,164405.0,129989.565
002927.SZ,20231103,13.55,13.85,13.54,13.78,13.51,0.27,1.9985,29057.55,39903.721
002928.SZ,20231103,7.05,7.17,7.03,7.1,7.04,0.06,0.8523,71146.95,50560.294
002929.SZ,20231103,40.32,40.84,39.9,40.31,40.0,0.31,0.775,141530.84,571334.768
002930.SZ,20231103,21.58,21.78,21.5,21.58,21.58,0.0,0.0,6115.36,13222.285
002931.SZ,20231103,14.87,15.48,14.87,15.48,14.07,1.41,10.0213,93266.99,143621.608
002932.SZ,20231103,23.27,23.46,23.16,23.19,23.14,0.05,0.2161,16563.18,38586.181
002933.SZ,20231103,28.29,28.66,28.07,28.61,28.15,0.46,1.6341,14698.96,41874.323
002935.SZ,20231103,17.93,18.45,17.93,18.18,17.97,0.21,1.1686,43054.68,78617.899
002936.SZ,20231103,2.08,2.1,2.08,2.08,2.09,-0.01,-0.4785,261769.51,54717.857
002937.SZ,20231103,20.85,21.3,20.84,21.11,20.85,0.26,1.247,14705.92,31046.885
002938.SZ,20231103,20.77,21.19,20.69,21.03,20.7,0.33,1.5942,87658.0,184109.904
002939.SZ,20231103,8.25,8.35,8.23,8.29,8.25,0.04,0.4848,193260.72,160233.665
002940.SZ,20231103,20.05,20.24,19.6,19.86,20.05,-0.19,-0.9476,42100.7,83509.348
002941.SZ,20231103,14.99,15.18,14.97,15.07,15.09,-0.02,-0.1325,185999.25,280505.221
002942.SZ,20231103,17.94,17.94,17.23,17.74,17.65,0.09,0.5099,3953.0,7018.505
002943.SZ,20231103,25.04,25.9,25.04,25.63,25.04,0.59,2.3562,20027.91,51431.131
002945.SZ,20231103,13.55,13.78,13.55,13.69,13.65,0.04,0.293,96690.93,132355.168
002946.SZ,20231103,12.82,13.34,12.82,13.15,12.86,0.29,2.2551,49414.0,64949.806
002947.SZ,20231103,28.0,28.95,27.8,27.89,28.09,-0.2,-0.712,64994.58,183468.718
002948.SZ,20231103,3.27,3.27,3.25,3.25,3.26,-0.01,-0.3067,197808.24,64469.434
002949.SZ,20231103,14.21,14.37,14.15,14.3,14.17,0.13,0.9174,16302.05,23295.908
002950.SZ,20231103,10.21,10.32,10.19,10.21,10.17,0.04,0.3933,33451.5,34283.458
002951.SZ,20231103,7.73,7.85,7.7,7.85,7.72,0.13,1.6839,6383.0,4976.605
300560.SZ,20231103,16.55,16.75,16.37,16.61,16.37,0.24,1.4661,32984.0,54782.52
300561.SZ,20231103,12.27,12.36,12.18,12.32,12.15,0.17,1.3992,35990.46,44247.605
300562.SZ,20231103,11.42,11.5,11.3,11.34,11.33,0.01,0.0883,47841.0,54341.958
300563.SZ,20231103,15.33,15.68,15.19,15.68,15.16,0.52,3.4301,76851.0,119676.375
300564.SZ,20231103,13.32,13.53,13.27,13.33,13.32,0.01,0.0751,19040.2,25474.996
300565.SZ,20231103,14.45,14.84,14.41,14.74,14.45,0.29,2.0069,42366.0,62405.378
300566.SZ,20231103,17.1,17.36,16.96,17.34,17.03,0.31,1.8203,45555.13,78628.314
300567.SZ,20231103,80.75,83.46,79.88,82.19,80.95,1.24,1.5318,23912.81,195909.8
300568.SZ,20231103,15.02,15.16,14.91,14.98,14.94,0.04,0.2677,172232.35,259018.481
300569.SZ,20231103,7.34,7.49,7.34,7.39,7.36,0.03,0.4076,71664.97,53185.558
300570.SZ,20231103,30.71,32.8,30.71,32.14,30.93,1.21,3.9121,172383.84,551570.931
300571.SZ,20231103,37.1,38.35,36.73,37.89,36.98,0.91,2.4608,48695.0,182593.74
300572.SZ,20231103,15.46,16.01,15.32,16.01,15.34,0.67,4.3677,28337.87,44902.526
300573.SZ,20231103,161.0,161.98,153.06,154.26,161.99,-7.73,-4.7719,31676.02,496101.89
300575.SZ,20231103,8.12,8.4,8.08,8.3,8.12,0.18,2.2167,66140.5,54783.708
300576.SZ,20231103,44.3,45.98,43.92,45.43,44.16,1.27,2.8759,142569.73,642989.162
300577.SZ,20231103,15.57,15.74,15.35,15.4,15.52,-0.12,-0.7732,20907.54,32412.138
300578.SZ,20231103,19.33,19.73,19.28,19.58,19.36,0.22,1.1364,26350.0,51491.894
300579.SZ,20231103,26.9,27.51,26.9,27.2,27.09,0.11,0.4061,29408.0,80206.683
300580.SZ,20231103,25.2,26.85,24.75,26.59,24.5,2.09,8.5306,148304.74,386866.075
300581.SZ,20231103,10.26,10.45,10.23,10.35,10.25,0.1,0.9756,83117.78,86007.301
300582.SZ,20231103,12.21,12.51,12.21,12.48,12.18,0.3,2.4631,32451.18,40383.464
300583.SZ,20231103,21.51,21.98,20.26,20.86,22.27,-1.41,-6.3314,154616.03,325982.979
300584.SZ,20231103,27.74,27.74,26.86,27.28,28.31,-1.03,-3.6383,90575.0,246215.64
300585.SZ,20231103,16.42,16.82,16.37,16.72,16.25,0.47,2.8923,67249.99,112067.1
300586.SZ,20231103,9.09,9.27,9.06,9.21,9.03,0.18,1.9934,31333.74,28814.024
300587.SZ,20231103,5.46,5.65,5.45,5.62,5.44,0.18,3.3088,173800.77,97162.076
300588.SZ,20231103,12.13,12.54,12.1,12.2,12.3,-0.1,-0.813,218158.22,268484.752
300589.SZ,20231103,13.26,13.58,13.26,13.55,13.28,0.27,2.0331,42737.54,57711.012
300590.SZ,20231103,11.23,11.64,11.21,11.52,11.23,0.29,2.5824,83551.3,96251.134
300591.SZ,20231103,6.98,7.14,6.92,6.97,6.95,0.02,0.2878,128359.72,90151.495
300592.SZ,20231103,23.7,24.06,23.42,23.44,23.73,-0.29,-1.2221,31806.0,75482.058
300593.SZ,20231103,16.24,16.72,16.24,16.53,16.27,0.26,1.598,41775.96,69209.231
300594.SZ,20231103,20.61,21.38,20.42,21.27,20.61,0.66,3.2023,17089.0,36217.727
300595.SZ,20231103,24.78,25.43,24.7,25.28,24.87,0.41,1.6486,59752.08,150791.124
300596.SZ,20231103,31.39,32.54,31.39,32.04,31.51,0.53,1.682,8939.84,28736.634
300597.SZ,20231103,9.05,9.28,9.03,9.17,9.05,0.12,1.326,80921.05,74483.236
300598.SZ,20231103,44.58,46.44,44.5,46.07,44.82,1.25,2.7889,41696.54,191185.592
300599.SZ,20231103,7.93,8.03,7.88,7.99,7.91,0.08,1.0114,22261.96,17782.429
300600.SZ,20231103,9.89,10.23,9.86,10.1,9.84,0.26,2.6423,50288.88,50963.962
300601.SZ,20231103,29.79,30.1,29.65,29.85,29.77,0.08,0.2687,57027.7,170579.588
301277.SZ,20231103,22.37,22.64,22.29,22.4,22.45,-0.05,-0.2227,35198.69,79064.259
301278.SZ,20231103,48.3,50.17,48.17,49.27,48.17,1.1,2.2836,12301.77,60887.661
301279.SZ,20231103,24.43,25.6,24.43,25.37,24.1,1.27,5.2697,22966.04,58091.719
301280.SZ,20231103,36.97,37.1,36.39,36.8,36.54,0.26,0.7115,6732.6,24763.03
301281.SZ,20231103,37.68,38.72,37.26,38.29,37.44,0.85,2.2703,52428.66,199125.739
301282.SZ,20231103,25.39,27.11,25.39,26.87,25.23,1.64,6.5002,56672.95,150452.801
301283.SZ,20231103,33.83,34.64,33.61,34.34,33.8,0.54,1.5976,9037.87,30989.462
301285.SZ,20231103,15.94,16.66,15.94,16.42,15.93,0.49,3.076,126716.45,207252.875
301286.SZ,20231103,26.79,27.13,26.24,27.08,26.7,0.38,1.4232,9384.84,25193.822
301287.SZ,20231103,38.53,38.92,38.21,38.27,38.5,-0.23,-0.5974,12118.0,46540.38
301288.SZ,20231103,19.98,20.45,19.91,20.2,19.98,0.22,1.1011,10204.86,20677.57
301289.SZ,20231103,56.25,62.58,55.11,59.2,58.5,0.7,1.1966,85614.68,507304.101
301290.SZ,20231103,30.81,31.1,30.6,31.05,30.68,0.37,1.206,4003.48,12388.523
301291.SZ,20231103,29.07,29.51,29.07,29.14,29.11,0.03,0.1031,14584.11,42702.558
301292.SZ,20231103,20.1,20.66,20.1,20.58,20.05,0.53,2.6434,15950.22,32684.331
301293.SZ,20231103,65.43,66.3,63.76,64.35,63.44,0.91,1.4344,26447.75,171116.386
301295.SZ,20231103,33.2,34.2,33.2,33.9,33.22,0.68,2.047,7044.78,23903.553
301296.SZ,20231103,12.13,12.34,12.1,12.19,12.09,0.1,0.8271,18143.0,22182.84
301297.SZ,20231103,24.3,25.41,24.21,25.1,24.39,0.71,2.911,110412.41,274956.748
301298.SZ,20231103,17.1,18.28,17.1,17.94,17.06,0.88,5.1583,125820.76,225376.889
301299.SZ,20231103,59.37,60.95,59.29,60.46,59.4,1.06,1.7845,9707.0,58417.544
301300.SZ,20231103,31.57,31.65,31.0,31.41,31.23,0.18,0.5764,3518.11,11057.17
301301.SZ,20231103,9.19,9.33,9.13,9.14,9.19,-0.05,-0.5441,95042.88,87543.604
301302.SZ,20231103,27.65,28.9,27.65,28.79,27.57,1.22,4.4251,33890.74,96614.071
301303.SZ,20231103,20.2,20.59,20.19,20.55,20.13,0.42,2.0864,12383.81,25381.627
301305.SZ,20231103,18.64,19.0,18.64,18.91,18.64,0.27,1.4485,8772.08,16573.632
301306.SZ,20231103,35.5,41.8,35.3,40.26,37.88,2.38,6.283,80307.97,307381.723
301307.SZ,20231103,32.82,33.65,32.82,33.42,32.68,0.74,2.2644,25133.92,83845.666
301308.SZ,20231103,101.0,104.5,99.0,103.89,100.6,3.29,3.2704,39665.99,405273.834
301309.SZ,20231103,27.57,27.79,27.3,27.46,27.09,0.37,1.3658,4742.46,13064.263
301310.SZ,20231103,48.75,51.25,48.75,50.7,48.72,1.98,4.064,19332.52,97847.863
301311.SZ,20231103,20.53,21.28,20.38,21.07,20.35,0.72,3.5381,48431.0,101966.379
301312.SZ,20231103,70.38,76.5,70.38,75.23,70.38,4.85,6.8912,11332.38,84647.316
301313.SZ,20231103,28.73,29.35,28.41,29.02,28.74,0.28,0.9743,40395.5,117098.065
301314.SZ,20231103,43.2,44.67,43.03,44.5,43.2,1.3,3.0093,8151.25,36077.177
301315.SZ,20231103,56.01,58.18,56.01,57.29,55.6,1.69,3.0396,26356.86,150998.924
301316.SZ,20231103,28.25,28.3,26.57,27.3,28.56,-1.26,-4.4118,184650.35,498511.806
301317.SZ,20231103,21.12,21.34,20.89,21.06,20.93,0.13,0.6211,7869.64,16644.009
301318.SZ,20231103,30.71,31.2,30.59,31.07,30.58,0.49,1.6024,5855.5,18151.719
301319.SZ,20231103,53.42,55.8,53.42,55.42,53.44,1.98,3.7051,7681.09,42304.01
301320.SZ,20231103,18.55,19.45,18.54,19.15,18.53,0.62,3.3459,34414.67,65838.242
600665.SH,20231103,3.89,3.9,3.84,3.86,3.89,-0.03,-0.7712,74430.0,28791.021
600666.SH,20231103,2.23,2.25,2.2,2.23,2.23,0.0,0.0,77711.8,17323.081
600667.SH,20231103,6.32,6.51,6.28,6.48,6.33,0.15,2.3697,345831.6,222614.123
600668.SH,20231103,11.24,11.28,11.15,11.15,11.23,-0.08,-0.7124,20998.36,23545.653
600671.SH,20231103,10.33,10.64,10.24,10.55,10.33,0.22,2.1297,14861.95,15565.523
600673.SH,20231103,6.95,7.0,6.82,6.82,6.95,-0.13,-1.8705,84064.03,58015.453
600674.SH,20231103,14.82,14.91,14.69,14.71,14.8,-0.09,-0.6081,82227.95,121673.32
600675.SH,20231103,3.3,3.38,3.28,3.33,3.3,0.03,0.9091,247624.92,82745.249
600676.SH,20231103,4.27,4.34,4.26,4.27,4.27,0.0,0.0,67991.0,29162.965
600678.SH,20231103,5.46,5.48,5.42,5.43,5.44,-0.01,-0.1838,35715.0,19462.585
600679.SH,20231103,8.67,8.78,8.6,8.66,8.66,0.0,0.0,31096.0,26974.965
600681.SH,20231103,4.25,4.29,4.23,4.24,4.24,0.0,0.0,55397.8,23537.358
600682.SH,20231103,7.68,7.77,7.66,7.69,7.68,0.01,0.1302,43559.0,33657.316
600683.SH,20231103,5.41,5.44,5.32,5.36,5.43,-0.07,-1.2891,143724.0,77094.711
600684.SH,20231103,3.77,3.82,3.66,3.69,3.8,-0.11,-2.8947,364940.0,135411.46
600685.SH,20231103,22.1,22.62,22.08,22.53,22.01,0.52,2.3626,58922.2,132379.916
600686.SH,20231103,8.23,8.37,8.13,8.27,8.41,-0.14,-1.6647,640605.99,528487.638
600688.SH,20231103,3.03,3.03,3.0,3.0,3.02,-0.02,-0.6623,188562.01,56862.321
600689.SH,20231103,10.56,10.71,10.48,10.49,10.56,-0.07,-0.6629,26824.0,28278.212
600690.SH,20231103,22.49,22.65,22.45,22.61,22.43,0.18,0.8025,183432.06,413856.567
600691.SH,20231103,3.29,3.31,3.25,3.25,3.28,-0.03,-0.9146,138622.0,45434.426
600692.SH,20231103,5.94,5.97,5.87,5.89,5.94,-0.05,-0.8418,44551.0,26334.003
600693.SH,20231103,3.9,3.91,3.86,3.88,3.89,-0.01,-0.2571,56413.0,21927.193
600694.SH,20231103,16.99,17.08,16.88,16.9,16.94,-0.04,-0.2361,28999.0,49186.108
600696.SH,20231103,22.92,23.71,22.74,23.38,22.83,0.55,2.4091,23783.25,55589.746
600697.SH,20231103,12.48,12.56,12.31,12.34,12.48,-0.14,-1.1218,37758.56,46771.252
600698.SH,20231103,4.75,4.77,4.7,4.75,4.75,0.0,0.0,99994.0,47219.931
600699.SH,20231103,19.02,19.25,18.79,19.18,18.87,0.31,1.6428,291583.78,557110.003
600702.SH,20231103,111.9,116.68,111.84,114.9,112.41,2.49,2.2151,60754.27,696827.337
600703.SH,20231103,14.75,15.1,14.72,15.03,14.75,0.28,1.8983,353749.0,530090.428
600704.SH,20231103,4.58,4.6,4.56,4.58,4.59,-0.01,-0.2179,212959.0,97579.055
600705.SH,20231103,3.31,3.35,3.3,3.33,3.31,0.02,0.6042,417363.86,138940.457
600706.SH,20231103,14.05,14.21,14.01,14.08,14.04,0.04,0.2849,60633.1,85571.4
600707.SH,20231103,5.83,5.96,5.8,5.94,5.81,0.13,2.2375,187535.47,110375.997
600708.SH,20231103,2.21,2.23,2.17,2.18,2.21,-0.03,-1.3575,373637.68,81719.897
600710.SH,20231103,7.3,7.38,7.29,7.32,7.27,0.05,0.6878,46669.86,34206.335
600711.SH,20231103,4.51,4.56,4.5,4.53,4.5,0.03,0.6667,142128.37,64470.889
600712.SH,20231103,4.47,4.48,4.22,4.26,4.45,-0.19,-4.2697,234426.05,100688.128
600713.SH,20231103,5.07,5.1,5.03,5.04,5.05,-0.01,-0.198,58309.0,29567.722
600714.SH,20231103,9.16,9.23,9.13,9.15,9.15,0.0,0.0,12423.0,11390.229
600715.SH,20231103,2.12,2.19,2.1,2.14,2.19,-0.05,-2.2831,933661.39,200194.455
603219.SH,20231103,14.95,15.8,14.16,14.3,14.94,-0.64,-4.2838,202114.37,302069.159
603220.SH,20231103,37.27,37.58,35.86,36.52,36.54,-0.02,-0.0547,458086.69,1679285.428
603221.SH,20231103,9.52,9.85,9.52,9.6,9.69,-0.09,-0.9288,24537.0,23868.225
603222.SH,20231103,9.47,9.55,9.37,9.41,9.45,-0.04,-0.4233,54047.38,51108.002
603223.SH,20231103,9.89,9.97,9.83,9.93,9.88,0.05,0.5061,35095.6,34802.847
603225.SH,20231103,12.55,12.65,12.44,12.5,12.56,-0.06,-0.4777,43591.22,54715.177
603226.SH,20231103,5.61,5.73,5.6,5.69,5.62,0.07,1.2456,35323.68,20106.39
603227.SH,20231103,7.58,7.67,7.55,7.6,7.59,0.01,0.1318,34510.0,26305.958
603228.SH,20231103,21.35,22.28,21.35,22.16,21.3,0.86,4.0376,69991.91,154036.359
603229.SH,20231103,14.95,15.2,14.88,15.01,14.99,0.02,0.1334,62668.58,94169.895
603230.SH,20231103,12.25,12.34,12.11,12.26,12.23,0.03,0.2453,35053.76,42939.281
603232.SH,20231103,12.98,13.63,12.89,13.45,12.99,0.46,3.5412,95889.14,127368.004
603233.SH,20231103,24.35,25.14,24.01,24.96,24.39,0.57,2.337,91043.69,226242.721
603235.SH,20231103,26.19,26.43,26.07,26.27,26.24,0.03,0.1143,8107.12,21300.733
603236.SH,20231103,47.67,49.0,47.65,48.64,47.65,0.99,2.0776,54370.59,264126.118
603237.SH,20231103,27.0,27.54,26.95,27.24,27.04,0.2,0.7396,6687.35,18227.614
603238.SH,20231103,13.91,14.15,13.65,14.03,14.06,-0.03,-0.2134,77888.93,109026.023
603239.SH,20231103,17.52,17.98,17.3,17.94,17.52,0.42,2.3973,119345.7,211083.883
603255.SH,20231103,35.81,36.76,35.75,36.66,35.78,0.88,2.4595,6487.63,23645.174
603256.SH,20231103,8.2,8.48,8.2,8.39,8.29,0.1,1.2063,74864.0,62792.207
603258.SH,20231103,24.63,25.3,24.1,25.13,24.92,0.21,0.8427,98808.9,245638.777
603259.SH,20231103,85.6,87.89,85.0,86.92,85.38,1.54,1.8037,183849.37,1595929.163
603260.SH,20231103,55.91,57.45,55.78,57.08,55.85,1.23,2.2023,23987.79,136181.1
603261.SH,20231103,33.08,34.1,32.7,33.95,33.06,0.89,2.6921,8447.0,28602.089
603266.SH,20231103,36.03,36.03,36.03,36.03,32.75,3.28,10.0153,46600.12,167900.232
603267.SH,20231103,55.2,56.58,55.2,56.19,55.32,0.87,1.5727,31195.0,175065.728
603268.SH,20231103,16.76,17.27,16.76,16.95,16.89,0.06,0.3552,11716.6,19983.06
603269.SH,20231103,14.7,14.97,14.66,14.69,14.67,0.02,0.1363,37338.65,55268.928
603270.SH,20231103,29.99,30.74,29.84,30.53,29.83,0.7,2.3466,44277.69,134864.508
603272.SH,20231103,17.45,17.54,17.3,17.34,17.38,-0.04,-0.2301,5526.95,9630.979
603273.SH,20231103,28.3,28.84,27.6,27.61,27.92,-0.31,-1.1103,169164.57,474724.451
603275.SH,20231103,42.25,44.38,42.2,43.17,41.53,1.64,3.949,37738.19,164565.858
603276.SH,20231103,22.93,23.27,22.9,23.16,22.92,0.24,1.0471,26135.04,60530.938
603277.SH,20231103,27.85,28.36,27.6,28.32,27.81,0.51,1.8339,10985.0,30767.515
603278.SH,20231103,10.99,11.93,10.99,11.69,11.0,0.69,6.2727,103839.61,120988.274
603279.SH,20231103,22.53,23.23,22.5,23.15,22.54,0.61,2.7063,40371.14,92830.88
603280.SH,20231103,23.31,23.92,23.21,23.71,23.04,0.67,2.908,24571.63,58109.934
603281.SH,20231103,28.07,28.9,28.01,28.61,28.07,0.54,1.9238,10093.83,28815.123
603282.SH,20231103,27.32,27.92,27.02,27.34,27.35,-0.01,-0.0366,14525.55,39988.367
603283.SH,20231103,54.34,55.18,53.68,54.5,53.71,0.79,1.4709,36252.7,197444.749
603286.SH,20231103,19.81,20.19,19.26,19.75,19.34,0.41,2.12,70625.9,139884.027
688210.SH,20231103,25.98,27.39,25.21,26.92,26.1,0.82,3.1418,47286.21,125305.363
688211.SH,20231103,35.4,36.86,35.03,36.49,35.03,1.46,4.1679,9105.85,33102.304
688212.SH,20231103,63.97,64.55,63.11,63.71,63.97,-0.26,-0.4064,5832.25,37137.596
688213.SH,20231103,50.05,53.5,50.05,52.56,49.15,3.41,6.9379,96854.87,501753.59
688215.SH,20231103,35.21,36.18,35.21,35.59,35.17,0.42,1.1942,2847.3,10194.652
688216.SH,20231103,26.94,28.18,26.66,28.02,26.99,1.03,3.8162,11276.56,31346.671
688217.SH,20231103,37.86,38.87,37.85,38.2,37.96,0.24,0.6322,3805.18,14564.264
688218.SH,20231103,18.2,20.38,18.12,19.96,17.68,2.28,12.8959,114069.81,221122.395
688219.SH,20231103,10.6,10.84,10.6,10.79,10.6,0.19,1.7925,36280.76,39070.756
688220.SH,20231103,65.99,69.94,65.6,69.7,66.21,3.49,5.2711,43863.62,298359.292
688221.SH,20231103,10.95,11.0,10.82,10.84,10.9,-0.06,-0.5505,31575.13,34367.642
688222.SH,20231103,15.53,15.77,15.46,15.66,15.6,0.06,0.3846,37547.9,58731.395
688223.SH,20231103,8.94,9.19,8.94,9.02,8.88,0.14,1.5766,595498.16,538859.84
688225.SH,20231103,16.89,17.46,16.85,17.36,16.85,0.51,3.0267,7755.03,13388.671
688226.SH,20231103,17.14,17.54,17.03,17.36,17.0,0.36,2.1176,21762.75,37883.911
688227.SH,20231103,19.92,20.5,19.81,20.19,19.71,0.48,2.4353,11807.97,23809.971
688228.SH,20231103,37.84,39.07,37.84,38.75,37.75,1.0,2.649,8623.58,33365.842
688229.SH,20231103,42.66,45.49,42.47,44.45,42.66,1.79,4.196,8030.53,35515.31
688230.SH,20231103,43.19,44.23,42.82,44.2,42.64,1.56,3.6585,8068.05,35341.338
688231.SH,20231103,22.84,23.41,22.83,23.24,22.83,0.41,1.7959,9713.48,22557.805
688232.SH,20231103,32.82,35.43,32.82,34.83,32.81,2.02,6.1567,23959.39,82788.096
688233.SH,20231103,30.65,32.0,30.65,31.78,30.57,1.21,3.9581,21921.76,69165.649
688234.SH,20231103,60.55,63.02,60.03,62.43,60.55,1.88,3.1049,45615.34,282003.333
688235.SH,20231103,146.85,150.18,146.21,149.6,146.85,2.75,1.8727,14256.92,212951.63
688236.SH,20231103,28.49,28.87,27.55,28.72,28.38,0.34,1.198,9735.4,27618.115
688237.SH,20231103,42.91,44.15,42.91,43.72,43.07,0.65,1.5092,2178.3,9520.927
688238.SH,20231103,9.5,9.57,9.36,9.48,9.46,0.02,0.2114,62111.01,58886.588
688239.SH,20231103,48.5,49.74,48.3,49.29,48.06,1.23,2.5593,10709.94,52678.694
688244.SH,20231103,47.4,50.28,47.33,49.93,47.16,2.77,5.8736,9622.26,47458.758
688246.SH,20231103,32.3,33.6,31.89,32.42,32.36,0.06,0.1854,14020.89,45803.369
688247.SH,20231103,11.69,11.85,11.58,11.65,11.7,-0.05,-0.4274,20110.69,23479.639
688248.SH,20231103,25.9,27.09,25.81,26.8,25.75,1.05,4.0777,38027.38,101636.824
688249.SH,20231103,16.75,17.15,16.63,16.9,16.75,0.15,0.8955,90537.19,153049.517
688251.SH,20231103,28.36,29.55,28.25,29.13,28.24,0.89,3.1516,6061.5,17672.628
688252.SH,20231103,19.72,20.52,19.72,20.29,19.8,0.49,2.4747,68934.71,138523.469
688253.SH,20231103,22.85,23.08,22.63,22.69,22.75,-0.06,-0.2637,14302.17,32650.519
688255.SH,20231103,24.31,25.79,24.28,25.13,23.79,1.34,5.6326,22881.88,57766.819
688256.SH,20231103,104.79,109.98,104.62,109.03,104.75,4.28,4.0859,106156.41,1146162.141
688257.SH,20231103,26.17,26.6,25.74,26.23,25.88,0.35,1.3524,9318.33,24509.308
688258.SH,20231103,54.5,56.35,54.5,54.82,54.78,0.04,0.073,17322.11,95920.138
688259.SH,20231103,66.4,68.28,66.33,67.85,66.26,1.59,2.3996,20253.49,136823.24
000510.SZ,20231103,5.06,5.09,5.02,5.04,5.05,-0.01,-0.198,47094.01,23773.413
000513.SZ,20231103,34.67,35.12,34.6,34.68,34.75,-0.07,-0.2014,25957.37,90300.142
000514.SZ,20231103,4.35,4.41,4.28,4.3,4.35,-0.05,-1.1494,194636.01,84260.051
000516.SZ,20231103,9.43,9.7,9.38,9.46,9.25,0.21,2.2703,354832.69,338447.309
000517.SZ,20231103,2.72,2.73,2.66,2.67,2.72,-0.05,-1.8382,201312.03,54131.458
000518.SZ,20231103,3.06,3.09,3.01,3.03,3.05,-0.02,-0.6557,149937.0,45587.715
000519.SZ,20231103,13.99,14.36,13.96,14.3,13.95,0.35,2.509,160429.98,228375.774
000520.SZ,20231103,2.92,2.94,2.9,2.92,2.92,0.0,0.0,33905.0,9895.584
000521.SZ,20231103,5.85,6.01,5.84,5.94,5.85,0.09,1.5385,135910.41,80511.229
000523.SZ,20231103,3.19,3.21,3.18,3.19,3.19,0.0,0.0,51228.1,16369.738
000524.SZ,20231103,8.48,8.55,8.4,8.5,8.46,0.04,0.4728,31030.0,26333.043
000525.SZ,20231103,8.69,8.8,8.53,8.65,8.69,-0.04,-0.4603,28649.43,24736.149
000526.SZ,20231103,36.54,37.48,36.15,36.49,36.65,-0.16,-0.4366,31069.9,113979.944
000528.SZ,20231103,6.24,6.4,6.24,6.34,6.24,0.1,1.6026,179595.16,114021.43
000529.SZ,20231103,6.38,6.41,6.33,6.39,6.36,0.03,0.4717,31911.0,20375.526
000530.SZ,20231103,5.56,5.56,5.5,5.52,5.53,-0.01,-0.1808,166232.7,91982.779
000531.SZ,20231103,6.84,6.92,6.8,6.82,6.83,-0.01,-0.1464,68207.77,46759.797
000532.SZ,20231103,10.87,10.96,10.78,10.93,10.78,0.15,1.3915,19608.0,21384.333
000533.SZ,20231103,4.25,4.31,4.24,4.26,4.25,0.01,0.2353,94219.38,40240.31
000534.SZ,20231103,13.0,13.0,12.83,12.88,12.89,-0.01,-0.0776,24554.0,31659.476
000536.SZ,20231103,3.65,3.71,3.61,3.69,3.61,0.08,2.2161,1049950.23,385476.924
000537.SZ,20231103,10.89,11.08,10.84,10.91,10.88,0.03,0.2757,38261.09,41992.613
000538.SZ,20231103,50.75,51.1,50.7,51.01,50.87,0.14,0.2752,55034.49,280356.141
000539.SZ,20231103,5.3,5.47,5.29,5.39,5.3,0.09,1.6981,217314.32,117506.728
000541.SZ,20231103,7.21,7.47,7.18,7.31,7.29,0.02,0.2743,538929.0,395540.809
000543.SZ,20231103,6.31,6.4,6.26,6.3,6.3,0.0,0.0,148343.57,93993.62
000544.SZ,20231103,7.15,7.2,7.11,7.11,7.15,-0.04,-0.5594,57230.0,40916.565
000545.SZ,20231103,3.13,3.16,3.12,3.14,3.13,0.01,0.3195,65263.04,20519.242
000546.SZ,20231103,7.11,7.26,7.11,7.19,7.16,0.03,0.419,240401.21,172274.759
000547.SZ,20231103,8.34,8.57,8.31,8.52,8.34,0.18,2.1583,131720.46,111896.587
000548.SZ,20231103,5.24,5.26,5.16,5.18,5.22,-0.04,-0.7663,54173.18,28225.966
000550.SZ,20231103,16.15,16.49,16.03,16.4,16.36,0.04,0.2445,108159.32,176374.666
000551.SZ,20231103,9.89,10.0,9.85,9.89,9.83,0.06,0.6104,30720.0,30453.703
000552.SZ,20231103,3.18,3.2,3.17,3.18,3.17,0.01,0.3155,189959.0,60522.322
000553.SZ,20231103,7.56,7.65,7.52,7.61,7.54,0.07,0.9284,31112.06,23640.311
000554.SZ,20231103,5.87,5.91,5.83,5.85,5.85,0.0,0.0,108706.12,63718.069
000555.SZ,20231103,12.03,12.11,11.97,12.05,12.03,0.02,0.1663,151198.77,182040.733
000557.SZ,20231103,4.46,4.46,4.4,4.42,4.43,-0.01,-0.2257,48153.69,21350.851
000558.SZ,20231103,2.76,2.78,2.75,2.75,2.77,-0.02,-0.722,117485.5,32434.726
000559.SZ,20231103,5.25,5.29,5.21,5.24,5.22,0.02,0.3831,127637.0,67056.244
000560.SZ,20231103,2.4,2.41,2.37,2.39,2.4,-0.01,-0.4167,360617.09,86267.936
002252.SZ,20231103,6.96,7.07,6.96,7.01,6.95,0.06,0.8633,270897.66,190260.069
002253.SZ,20231103,14.6,14.75,14.5,14.65,14.51,0.14,0.9649,100966.67,147819.112
002254.SZ,20231103,15.37,15.9,15.37,15.71,15.38,0.33,2.1456,62840.0,98768.996
002255.SZ,20231103,5.02,5.11,5.0,5.08,5.01,0.07,1.3972,82183.0,41796.7
002256.SZ,20231103,2.26,2.29,2.25,2.27,2.26,0.01,0.4425,85821.0,19494.978
002258.SZ,20231103,11.95,12.13,11.95,12.01,11.98,0.03,0.2504,26899.2,32401.402
002259.SZ,20231103,3.25,3.26,3.21,3.21,3.25,-0.04,-1.2308,16210.0,5232.696
002261.SZ,20231103,16.25,16.26,16.01,16.2,16.08,0.12,0.7463,521008.24,842222.767
002262.SZ,20231103,25.87,25.95,25.44,25.5,25.88,-0.38,-1.4683,80315.71,206380.166
002263.SZ,20231103,2.56,2.59,2.55,2.55,2.56,-0.01,-0.3906,96010.0,24640.613
002264.SZ,20231103,5.41,5.44,5.38,5.39,5.41,-0.02,-0.3697,35039.0,18935.818
002265.SZ,20231103,11.83,12.15,11.83,12.09,11.86,0.23,1.9393,28975.39,34936.201
002266.SZ,20231103,3.68,3.74,3.67,3.7,3.68,0.02,0.5435,137621.4,51095.055
002267.SZ,20231103,7.16,7.25,7.15,7.18,7.17,0.01,0.1395,34400.01,24773.636
002268.SZ,20231103,21.65,22.26,21.65,22.16,21.65,0.51,2.3557,98063.33,216449.059
002269.SZ,20231103,1.76,1.78,1.75,1.76,1.79,-0.03,-1.676,607118.69,107007.114
002270.SZ,20231103,12.55,12.69,12.5,12.58,12.54,0.04,0.319,87802.0,110589.214
002271.SZ,20231103,23.64,23.99,23.64,23.77,23.77,0.0,0.0,275721.18,655800.543
002272.SZ,20231103,5.95,6.1,5.93,6.04,5.94,0.1,1.6835,64571.0,39046.557
002273.SZ,20231103,13.42,14.0,13.4,13.76,13.4,0.36,2.6866,484621.66,666279.345
002274.SZ,20231103,7.18,7.25,7.14,7.15,7.2,-0.05,-0.6944,73269.23,52689.45
002275.SZ,20231103,14.57,14.81,14.53,14.68,14.61,0.07,0.4791,40998.4,60256.677
002276.SZ,20231103,10.35,10.82,10.34,10.68,10.35,0.33,3.1884,148513.55,158456.435
002277.SZ,20231103,3.9,3.92,3.68,3.71,3.91,-0.2,-5.1151,1270959.39,478332.019
002278.SZ,20231103,5.91,5.99,5.89,5.91,5.9,0.01,0.1695,48503.0,28793.576
002279.SZ,20231103,6.61,6.72,6.61,6.68,6.62,0.06,0.9063,206876.5,137931.646
002280.SZ,20231103,2.88,2.89,2.82,2.83,2.84,-0.01,-0.3521,256420.93,72890.413
002281.SZ,20231103,26.52,27.93,26.51,27.23,26.76,0.47,1.7564,450924.6,1235014.033
002282.SZ,20231103,7.5,7.57,7.4,7.45,7.49,-0.04,-0.534,45568.0,34187.275
002283.SZ,20231103,6.08,6.25,6.08,6.19,6.01,0.18,2.995,191589.0,118383.934
002284.SZ,20231103,9.34,9.53,9.28,9.47,9.27,0.2,2.1575,184892.31,174482.714
002285.SZ,20231103,2.58,2.62,2.56,2.57,2.59,-0.02,-0.7722,185296.58,47847.77
002286.SZ,20231103,7.99,8.08,7.97,8.02,7.99,0.03,0.3755,31255.0,25124.078
002287.SZ,20231103,23.05,23.4,23.05,23.2,23.1,0.1,0.4329,12204.0,28363.096
002288.SZ,20231103,4.39,4.54,4.38,4.53,4.39,0.14,3.1891,149503.68,67262.545
002289.SZ,20231103,6.18,6.2,6.12,6.16,6.18,-0.02,-0.3236,8819.62,5433.234
002290.SZ,20231103,11.48,11.89,11.43,11.65,11.5,0.15,1.3043,14913.4,17466.868
002291.SZ,20231103,8.72,9.12,8.57,8.92,8.72,0.2,2.2936,548673.37,487057.206
002292.SZ,20231103,8.06,8.06,7.78,7.82,8.06,-0.24,-2.9777,1571244.94,1237459.433
002293.SZ,20231103,10.05,10.11,10.04,10.08,10.09,-0.01,-0.0991,23935.42,24122.328
002294.SZ,20231103,31.92,32.6,31.82,32.35,31.94,0.41,1.2837,36292.59,117345.561
002952.SZ,20231103,15.68,16.58,15.5,16.08,15.5,0.58,3.7419,44638.0,71426.144
002953.SZ,20231103,12.72,13.58,12.71,13.23,12.74,0.49,3.8462,174008.06,230610.633
002955.SZ,20231103,25.41,25.87,25.36,25.67,25.52,0.15,0.5878,41789.3,106989.046
002956.SZ,20231103,14.13,14.39,14.11,14.28,14.08,0.2,1.4205,15149.98,21640.271
002957.SZ,20231103,15.84,16.82,15.82,16.59,15.7,0.89,5.6688,149899.31,246779.607
002958.SZ,20231103,2.7,2.72,2.69,2.69,2.7,-0.01,-0.3704,208669.29,56417.568
002959.SZ,20231103,54.35,55.59,54.31,55.25,54.45,0.8,1.4692,11405.81,62740.167
002960.SZ,20231103,15.77,16.05,15.76,15.92,15.75,0.17,1.0794,23975.44,38197.581
002961.SZ,20231103,15.26,15.45,15.12,15.35,15.1,0.25,1.6556,20605.0,31562.85
002962.SZ,20231103,13.54,14.19,13.4,13.79,13.46,0.33,2.4517,253028.01,349624.346
002963.SZ,20231103,15.05,16.52,14.93,16.52,15.02,1.5,9.9867,162895.95,261893.463
002965.SZ,20231103,43.67,44.68,43.51,44.35,43.45,0.9,2.0713,67396.82,298610.224
002966.SZ,20231103,6.26,6.29,6.23,6.26,6.26,0.0,0.0,224305.37,140528.389
002967.SZ,20231103,14.17,14.67,14.17,14.55,14.19,0.36,2.537,63883.9,92826.962
002968.SZ,20231103,13.04,13.26,13.04,13.17,13.08,0.09,0.6881,21697.7,28598.212
002969.SZ,20231103,4.11,4.14,4.07,4.08,4.11,-0.03,-0.7299,100583.0,41259.747
002970.SZ,20231103,28.55,29.32,28.33,29.14,28.32,0.82,2.8955,20962.0,60882.28
002971.SZ,20231103,23.6,24.06,23.6,23.78,23.7,0.08,0.3376,18070.0,43087.965
002972.SZ,20231103,11.37,11.69,11.25,11.62,11.37,0.25,2.1988,14235.8,16512.469
002973.SZ,20231103,11.18,11.24,11.08,11.17,11.08,0.09,0.8123,12166.0,13610.176
002975.SZ,20231103,30.47,31.81,30.44,31.4,30.32,1.08,3.562,14189.0,44581.74
002976.SZ,20231103,40.67,40.67,34.6,35.86,36.97,-1.11,-3.0024,161501.86,603741.121
002977.SZ,20231103,37.1,38.08,37.09,37.65,37.68,-0.03,-0.0796,51672.91,193957.834
002978.SZ,20231103,33.1,33.46,33.0,33.1,33.26,-0.16,-0.4811,10229.0,33939.241
002979.SZ,20231103,16.23,17.19,16.05,16.6,15.63,0.97,6.206,179337.81,299905.615
002980.SZ,20231103,27.64,28.35,27.64,28.1,27.64,0.46,1.6643,7140.0,20110.824
002981.SZ,20231103,41.97,41.97,40.47,41.97,38.15,3.82,10.0131,41481.8,173625.377
002982.SZ,20231103,21.85,21.99,21.6,21.88,21.7,0.18,0.8295,10857.4,23747.492
002983.SZ,20231103,26.59,27.55,26.37,27.49,26.68,0.81,3.036,37048.0,100940.739
002984.SZ,20231103,29.2,30.28,29.2,30.11,29.17,0.94,3.2225,44838.7,134076.558
002985.SZ,20231103,35.0,35.6,34.82,35.02,35.4,-0.38,-1.0734,43746.17,153578.425
002986.SZ,20231103,18.1,18.26,18.03,18.13,18.03,0.1,0.5546,8962.5,16260.947
002987.SZ,20231103,17.7,18.27,17.7,18.15,17.73,0.42,2.3689,53086.58,95970.718
002988.SZ,20231103,20.1,20.62,19.8,20.48,19.99,0.49,2.4512,44553.65,90478.46
002989.SZ,20231103,14.19,14.39,14.1,14.3,14.18,0.12,0.8463,8734.6,12497.854
002990.SZ,20231103,29.6,30.28,29.38,30.04,29.29,0.75,2.5606,17719.9,53114.554
002991.SZ,20231103,76.49,78.28,76.26,77.0,76.0,1.0,1.3158,12083.89,93161.613
002992.SZ,20231103,61.4,63.1,61.09,62.42,61.23,1.19,1.9435,11729.3,73017.912
002993.SZ,20231103,37.27,38.32,37.27,37.87,37.31,0.56,1.5009,22552.5,85299.729
002995.SZ,20231103,22.0,22.41,21.5,22.34,22.13,0.21,0.9489,81140.88,179508.219
002996.SZ,20231103,11.29,11.4,11.22,11.31,11.28,0.03,0.266,13215.98,14984.05
300602.SZ,20231103,18.88,19.65,18.8,19.15,18.58,0.57,3.0678,122782.14,236942.425
300603.SZ,20231103,10.38,10.68,10.35,10.35,10.33,0.02,0.1936,419235.54,438949.702
300604.SZ,20231103,38.15,41.59,37.88,41.07,38.19,2.88,7.5412,255816.01,1017119.619
300605.SZ,20231103,14.01,14.32,13.83,14.15,13.85,0.3,2.1661,24086.2,34170.076
300606.SZ,20231103,29.18,35.26,29.18,34.95,29.88,5.07,16.9679,190171.14,618589.749
300607.SZ,20231103,14.7,15.35,14.43,15.24,14.07,1.17,8.3156,240269.19,358914.949
300608.SZ,20231103,10.85,11.01,10.72,10.89,10.9,-0.01,-0.0917,171040.61,186205.507
300609.SZ,20231103,23.65,24.45,23.65,23.94,23.87,0.07,0.2933,53086.0,127968.56
300610.SZ,20231103,11.17,11.32,11.15,11.2,11.17,0.03,0.2686,12063.8,13547.008
300611.SZ,20231103,10.24,10.79,10.24,10.58,10.23,0.35,3.4213,75669.43,80413.58
300612.SZ,20231103,18.3,18.98,18.22,18.61,18.38,0.23,1.2514,59512.0,110514.044
300613.SZ,20231103,46.21,48.78,46.0,48.3,45.88,2.42,5.2746,41743.18,198697.27
300614.SZ,20231103,23.61,24.75,23.61,24.21,23.98,0.23,0.9591,53375.08,130112.505
300615.SZ,20231103,15.45,16.13,15.44,16.02,15.4,0.62,4.026,73678.96,117294.841
300616.SZ,20231103,18.26,18.47,18.22,18.28,18.26,0.02,0.1095,20306.0,37241.495
300617.SZ,20231103,29.98,30.92,29.97,30.71,29.97,0.74,2.4691,13013.06,39932.69
300618.SZ,20231103,30.14,30.39,30.04,30.11,30.2,-0.09,-0.298,23425.82,70754.175
300619.SZ,20231103,58.89,59.28,58.1,58.8,58.38,0.42,0.7194,3443.0,20198.603
300620.SZ,20231103,37.19,38.97,37.19,38.76,37.44,1.32,3.5256,83672.4,322350.803
300621.SZ,20231103,10.63,10.78,10.49,10.58,10.57,0.01,0.0946,17555.0,18713.224
300622.SZ,20231103,19.64,19.8,19.53,19.66,19.62,0.04,0.2039,10364.0,20403.316
300623.SZ,20231103,17.32,17.95,17.29,17.88,17.32,0.56,3.2333,60499.65,107323.674
300624.SZ,20231103,78.29,85.98,77.26,84.17,78.31,5.86,7.4831,162717.01,1340481.491
300625.SZ,20231103,13.59,14.04,13.58,13.85,13.58,0.27,1.9882,48100.0,66826.865
300626.SZ,20231103,10.0,10.3,10.0,10.15,10.02,0.13,1.2974,36309.04,36977.645
300627.SZ,20231103,28.81,29.45,28.67,29.26,28.61,0.65,2.2719,28336.49,82750.82
300628.SZ,20231103,32.6,33.55,32.6,32.99,32.69,0.3,0.9177,31860.07,105717.414
300629.SZ,20231103,19.33,20.5,19.3,19.67,19.62,0.05,0.2548,215529.06,430777.008
300630.SZ,20231103,27.03,28.28,26.12,27.1,28.0,-0.9,-3.2143,641325.2,1740241.949
300631.SZ,20231103,29.0,29.3,28.6,28.68,29.0,-0.32,-1.1034,21381.04,61696.924
300632.SZ,20231103,12.15,12.38,12.15,12.35,12.09,0.26,2.1505,30878.8,38001.469
300633.SZ,20231103,47.31,47.75,46.96,47.03,47.2,-0.17,-0.3602,16392.04,77379.932
300634.SZ,20231103,21.45,22.05,21.39,21.72,21.31,0.41,1.924,153333.57,332681.062
300635.SZ,20231103,12.89,13.02,12.83,12.9,12.85,0.05,0.3891,15150.0,19600.342
300636.SZ,20231103,11.5,11.51,11.34,11.36,11.44,-0.08,-0.6993,22354.2,25477.742
300637.SZ,20231103,8.78,9.03,8.74,8.97,8.72,0.25,2.867,106416.9,95009.277
300638.SZ,20231103,20.32,21.15,20.2,20.92,20.2,0.72,3.5644,177487.97,370159.608
300639.SZ,20231103,9.19,9.32,9.16,9.23,9.17,0.06,0.6543,32786.2,30326.861
300640.SZ,20231103,6.13,6.22,6.1,6.14,6.13,0.01,0.1631,38142.36,23507.977
300641.SZ,20231103,5.64,5.67,5.55,5.56,5.6,-0.04,-0.7143,36039.0,20177.099
300642.SZ,20231103,17.95,18.14,17.88,17.98,17.9,0.08,0.4469,9794.56,17636.164
301321.SZ,20231103,16.5,17.09,16.36,16.92,16.49,0.43,2.6076,161027.94,270209.272
301322.SZ,20231103,42.91,44.16,42.61,43.8,42.78,1.02,2.3843,10640.73,46461.071
301323.SZ,20231103,39.63,40.38,39.63,40.05,39.6,0.45,1.1364,8155.78,32754.521
301325.SZ,20231103,71.47,73.99,71.47,73.65,71.45,2.2,3.0791,9948.81,73003.084
301326.SZ,20231103,35.45,36.6,35.45,36.5,35.54,0.96,2.7012,5975.56,21704.231
301327.SZ,20231103,61.44,63.58,61.44,63.17,61.43,1.74,2.8325,9107.2,57347.049
301328.SZ,20231103,45.3,47.77,44.93,47.02,44.09,2.93,6.6455,13894.28,64661.111
301329.SZ,20231103,21.19,22.07,21.19,21.86,21.21,0.65,3.0646,29102.9,63510.8
301330.SZ,20231103,30.33,31.83,30.33,31.6,30.26,1.34,4.4283,26066.8,81640.92
301331.SZ,20231103,44.71,44.71,43.2,43.48,43.84,-0.36,-0.8212,15386.0,67007.329
301332.SZ,20231103,12.48,12.67,12.41,12.61,12.36,0.25,2.0227,28930.19,36453.91
301333.SZ,20231103,76.26,76.86,74.6,75.2,76.27,-1.07,-1.4029,7040.0,53125.031
301335.SZ,20231103,22.45,22.45,22.07,22.27,22.21,0.06,0.2701,3444.14,7686.889
301336.SZ,20231103,44.4,45.3,44.13,44.99,44.18,0.81,1.8334,4731.51,21258.545
301337.SZ,20231103,29.45,30.43,29.41,30.19,29.5,0.69,2.339,9641.3,29092.785
301338.SZ,20231103,40.01,43.73,40.01,43.1,39.91,3.19,7.993,55660.62,234656.855
301339.SZ,20231103,21.39,22.16,21.39,21.67,21.65,0.02,0.0924,25070.39,54546.32
301345.SZ,20231103,48.7,48.95,48.01,48.59,48.29,0.3,0.6212,4940.45,24015.223
301348.SZ,20231103,45.36,47.77,45.36,47.08,45.57,1.51,3.3136,84716.59,394750.808
301349.SZ,20231103,43.95,44.55,43.61,44.24,43.82,0.42,0.9585,9408.84,41563.942
301353.SZ,20231103,33.15,34.2,33.15,33.67,32.84,0.83,2.5274,8261.14,27898.87
301355.SZ,20231103,15.83,16.12,15.83,15.98,15.83,0.15,0.9476,18966.42,30354.93
301356.SZ,20231103,17.65,18.1,17.57,17.85,17.63,0.22,1.2479,15880.69,28372.936
301357.SZ,20231103,54.22,57.19,54.19,56.04,54.83,1.21,2.2068,36958.19,207430.66
301358.SZ,20231103,36.35,36.56,36.12,36.3,36.35,-0.05,-0.1376,22253.02,80932.177
301359.SZ,20231103,25.25,26.05,25.2,25.83,25.27,0.56,2.2161,6952.67,17937.792
301360.SZ,20231103,67.56,71.88,67.56,70.26,67.83,2.43,3.5825,11051.75,76824.705
301361.SZ,20231103,23.39,24.15,23.39,23.98,23.37,0.61,2.6102,11175.43,26770.991
301362.SZ,20231103,40.34,41.78,40.34,41.38,40.33,1.05,2.6035,9831.18,40688.173
301363.SZ,20231103,36.1,36.59,34.79,34.85,36.18,-1.33,-3.6761,41258.95,146084.862
301365.SZ,20231103,15.01,15.21,15.01,15.18,15.0,0.18,1.2,11096.54,16820.978
301366.SZ,20231103,32.7,33.55,32.5,33.42,33.46,-0.04,-0.1195,35722.14,118409.465
301367.SZ,20231103,103.51,106.3,102.61,105.45,103.02,2.43,2.3588,7974.2,83643.337
301368.SZ,20231103,40.0,42.85,39.82,42.85,35.71,7.14,19.9944,98453.47,414260.042
301369.SZ,20231103,61.3,64.35,61.3,63.98,61.5,2.48,4.0325,16633.5,105610.521
301370.SZ,20231103,17.44,17.85,17.4,17.7,17.38,0.32,1.8412,34523.43,61084.893
301371.SZ,20231103,43.99,44.77,43.3,44.52,44.04,0.48,1.0899,46139.56,202857.45
301372.SZ,20231103,48.98,50.96,48.9,50.7,48.69,2.01,4.1282,20404.91,102989.275
301373.SZ,20231103,29.9,30.43,29.9,30.36,29.77,0.59,1.9819,6714.7,20345.639
301376.SZ,20231103,22.2,22.79,22.08,22.51,22.23,0.28,1.2596,28577.72,64464.924
301377.SZ,20231103,21.07,21.5,20.76,21.13,20.86,0.27,1.2943,27516.98,58292.727
600716.SH,20231103,3.66,3.68,3.57,3.58,3.67,-0.09,-2.4523,96618.34,34901.356
600717.SH,20231103,4.26,4.28,4.22,4.23,4.25,-0.02,-0.4706,110858.05,47161.609
600718.SH,20231103,9.45,9.68,9.44,9.62,9.42,0.2,2.1231,94095.01,90415.764
600719.SH,20231103,7.42,7.43,7.32,7.34,7.39,-0.05,-0.6766,73351.0,53971.163
600720.SH,20231103,10.6,10.73,10.6,10.66,10.64,0.02,0.188,29550.93,31542.347
600721.SH,20231103,8.47,8.57,8.36,8.43,8.54,-0.11,-1.2881,237317.51,200053.294
600722.SH,20231103,4.75,4.8,4.72,4.73,4.75,-0.02,-0.4211,33446.0,15931.827
600724.SH,20231103,3.7,3.72,3.67,3.68,3.7,-0.02,-0.5405,58108.0,21448.191
600725.SH,20231103,2.72,2.77,2.7,2.71,2.72,-0.01,-0.3676,70643.16,19277.424
600726.SH,20231103,2.21,2.23,2.19,2.2,2.2,0.0,0.0,91399.0,20185.826
600727.SH,20231103,6.38,6.42,6.27,6.29,6.38,-0.09,-1.4107,62298.1,39457.228
600728.SH,20231103,5.62,5.75,5.61,5.73,5.58,0.15,2.6882,274707.32,156489.189
600729.SH,20231103,27.27,27.89,27.27,27.63,27.41,0.22,0.8026,24578.72,68014.703
600730.SH,20231103,5.5,5.55,5.48,5.53,5.51,0.02,0.363,51138.0,28247.063
600731.SH,20231103,6.4,6.52,6.4,6.48,6.42,0.06,0.9346,26703.97,17316.037
600732.SH,20231103,17.71,18.15,17.36,17.72,17.84,-0.12,-0.6726,415151.43,735094.155
600733.SH,20231103,6.75,6.88,6.66,6.8,6.84,-0.04,-0.5848,1809004.31,1225157.668
600734.SH,20231103,3.67,3.74,3.63,3.72,3.67,0.05,1.3624,43084.98,15913.809
600735.SH,20231103,6.65,6.72,6.43,6.49,6.74,-0.25,-3.7092,274398.89,179353.326
600736.SH,20231103,4.79,4.81,4.76,4.77,4.79,-0.02,-0.4175,86783.0,41507.394
600737.SH,20231103,8.71,8.74,8.55,8.57,8.65,-0.08,-0.9249,251626.95,216873.12
600738.SH,20231103,5.41,5.41,5.36,5.37,5.38,-0.01,-0.1859,31837.0,17149.659
600739.SH,20231103,12.3,12.44,12.27,12.31,12.27,0.04,0.326,38569.52,47688.457
600740.SH,20231103,5.03,5.05,5.01,5.02,5.02,0.0,0.0,106362.19,53469.141
600741.SH,20231103,17.58,17.85,17.48,17.71,17.52,0.19,1.0845,89173.11,158021.149
600742.SH,20231103,9.18,9.31,9.16,9.22,9.2,0.02,0.2174,143958.74,133061.077
600743.SH,20231103,1.68,1.69,1.63,1.64,1.68,-0.04,-2.381,287410.0,47431.484
600744.SH,20231103,3.38,3.43,3.37,3.4,3.37,0.03,0.8902,163994.0,55944.792
600745.SH,20231103,48.91,50.4,48.8,50.05,48.92,1.13,2.3099,216912.91,1079080.35
600746.SH,20231103,7.35,7.42,7.32,7.32,7.38,-0.06,-0.813,45326.23,33354.323
600748.SH,20231103,3.7,3.73,3.64,3.65,3.73,-0.08,-2.1448,177208.0,65037.272
600749.SH,20231103,11.63,11.8,11.58,11.7,11.64,0.06,0.5155,16892.91,19817.167
600750.SH,20231103,19.9,20.06,19.8,19.8,19.93,-0.13,-0.6523,46729.0,92918.602
600751.SH,20231103,2.9,2.94,2.84,2.85,2.91,-0.06,-2.0619,544408.71,157354.112
600753.SH,20231103,10.1,10.21,10.08,10.12,10.13,-0.01,-0.0987,26321.0,26695.844
600754.SH,20231103,32.18,32.72,31.85,32.58,32.03,0.55,1.7171,66229.0,214432.679
600755.SH,20231103,6.83,6.86,6.79,6.79,6.83,-0.04,-0.5857,153641.48,104804.272
600756.SH,20231103,13.72,14.1,13.71,13.99,13.74,0.25,1.8195,43399.07,60537.148
600757.SH,20231103,7.73,7.78,7.61,7.69,7.73,-0.04,-0.5175,106574.55,81953.009
600758.SH,20231103,3.92,3.96,3.91,3.91,3.91,0.0,0.0,79393.67,31207.881
600759.SH,20231103,2.71,2.73,2.56,2.65,2.69,-0.04,-1.487,198086.6,52152.394
603288.SH,20231103,36.83,38.0,36.7,37.53,36.86,0.67,1.8177,100742.37,377363.099
603289.SH,20231103,9.25,9.7,9.24,9.6,9.25,0.35,3.7838,51603.1,49398.981
603290.SH,20231103,172.25,189.46,172.25,189.46,172.24,17.22,9.9977,55733.51,1014505.321
603291.SH,20231103,15.07,15.24,14.99,15.19,15.0,0.19,1.2667,20546.12,31179.925
603296.SH,20231103,80.78,81.6,79.56,80.87,81.03,-0.16,-0.1975,27478.24,221466.2
603297.SH,20231103,81.62,83.89,81.02,82.84,81.36,1.48,1.8191,5000.76,41485.117
603298.SH,20231103,21.47,22.68,21.47,22.51,21.58,0.93,4.3095,86102.14,192714.887
603299.SH,20231103,8.64,8.74,8.63,8.69,8.62,0.07,0.8121,37536.0,32673.093
603300.SH,20231103,5.64,5.88,5.61,5.83,5.61,0.22,3.9216,158767.26,92029.571
603301.SH,20231103,25.53,26.01,25.5,25.75,25.67,0.08,0.3116,9898.0,25562.12
603303.SH,20231103,13.07,13.64,13.01,13.47,13.05,0.42,3.2184,27275.0,36684.502
603305.SH,20231103,18.05,19.2,17.96,18.97,17.84,1.13,6.3341,211539.44,397627.231
603306.SH,20231103,31.05,32.2,30.95,31.8,30.99,0.81,2.6137,103166.39,326527.935
603307.SH,20231103,43.43,43.88,43.24,43.74,43.35,0.39,0.8997,7106.0,31009.644
603308.SH,20231103,13.42,13.94,13.42,13.82,13.39,0.43,3.2114,69429.65,95650.08
603309.SH,20231103,14.3,14.56,14.17,14.35,14.36,-0.01,-0.0696,82735.05,118869.422
603311.SH,20231103,10.77,10.97,10.76,10.89,10.79,0.1,0.9268,16458.16,17955.058
603313.SH,20231103,10.1,10.62,10.1,10.42,10.1,0.32,3.1683,42584.8,44427.604
603315.SH,20231103,10.71,11.04,10.7,10.88,10.67,0.21,1.9681,24380.0,26612.52
603316.SH,20231103,6.54,6.65,6.47,6.54,6.49,0.05,0.7704,58980.44,38838.955
603317.SH,20231103,14.66,14.96,14.52,14.77,14.62,0.15,1.026,55510.55,82096.799
603318.SH,20231103,7.92,7.98,7.88,7.94,7.91,0.03,0.3793,43422.0,34457.526
603319.SH,20231103,17.28,17.31,17.05,17.25,17.2,0.05,0.2907,40737.1,70170.909
603320.SH,20231103,14.48,15.03,14.42,14.82,14.48,0.34,2.3481,24428.6,36219.818
603321.SH,20231103,7.99,8.18,7.91,8.15,7.95,0.2,2.5157,33781.0,27398.842
603322.SH,20231103,34.7,36.6,34.31,36.29,34.4,1.89,5.4942,158649.94,564670.661
603323.SH,20231103,4.3,4.34,4.28,4.31,4.31,0.0,0.0,194697.7,83831.295
603324.SH,20231103,31.77,33.9,31.75,33.31,31.81,1.5,4.7155,26781.86,88247.567
603326.SH,20231103,9.9,10.07,9.89,10.03,9.88,0.15,1.5182,64996.6,65116.468
603327.SH,20231103,13.43,13.85,13.29,13.68,13.58,0.1,0.7364,142984.3,195099.399
603328.SH,20231103,7.84,8.13,7.84,8.08,7.83,0.25,3.1928,114813.12,92216.417
603329.SH,20231103,14.1,14.15,13.96,13.99,14.1,-0.11,-0.7801,18398.85,25851.32
603330.SH,20231103,7.79,8.0,7.79,7.95,7.8,0.15,1.9231,64416.4,51245.41
603331.SH,20231103,13.41,13.58,13.37,13.52,13.35,0.17,1.2734,17904.51,24201.326
603332.SH,20231103,9.75,9.95,9.65,9.76,9.78,-0.02,-0.2045,102305.34,100306.983
603333.SH,20231103,4.82,4.9,4.8,4.85,4.79,0.06,1.2526,67745.0,32908.126
603335.SH,20231103,6.58,6.8,6.58,6.73,6.7,0.03,0.4478,179074.42,120557.183
603336.SH,20231103,5.0,5.04,4.96,5.01,4.97,0.04,0.8048,68507.97,34336.875
603337.SH,20231103,21.5,21.8,21.29,21.37,21.5,-0.13,-0.6047,19634.52,42282.375
603338.SH,20231103,54.95,56.0,53.95,54.85,54.97,-0.12,-0.2183,83047.77,456451.357
603339.SH,20231103,11.58,11.94,11.56,11.87,11.59,0.28,2.4159,31392.38,37191.917
688260.SH,20231103,30.57,33.03,29.8,32.09,29.83,2.26,7.5763,46194.86,146348.022
688261.SH,20231103,83.0,89.46,81.75,87.05,81.5,5.55,6.8098,22411.98,192411.037
688262.SH,20231103,29.39,31.78,29.14,31.42,28.51,2.91,10.2069,131699.22,403791.507
688265.SH,20231103,38.31,39.33,38.31,38.86,38.31,0.55,1.4357,4494.41,17492.764
688266.SH,20231103,44.64,45.67,44.44,45.07,44.85,0.22,0.4905,18653.26,84134.686
688267.SH,20231103,19.7,19.87,19.36,19.69,19.59,0.1,0.5105,7061.67,13899.384
688268.SH,20231103,68.69,70.64,68.21,70.29,68.35,1.94,2.8383,10250.84,71604.313
688269.SH,20231103,39.5,40.97,39.25,39.98,39.48,0.5,1.2665,14598.94,58472.894
688270.SH,20231103,51.12,54.55,50.49,53.63,51.01,2.62,5.1362,46830.12,248329.082
688271.SH,20231103,115.25,117.8,114.11,116.76,115.29,1.47,1.275,22791.16,265227.976
688272.SH,20231103,18.56,18.74,18.52,18.7,18.59,0.11,0.5917,2114.39,3943.462
688273.SH,20231103,30.59,31.56,30.59,31.11,30.6,0.51,1.6667,6320.37,19678.759
688275.SH,20231103,60.25,60.38,59.86,60.0,59.85,0.15,0.2506,4744.1,28526.098
688276.SH,20231103,62.18,64.2,62.18,63.8,62.18,1.62,2.6053,14955.24,95181.86
688277.SH,20231103,14.2,14.52,14.17,14.4,14.05,0.35,2.4911,50885.79,73193.546
688278.SH,20231103,43.11,43.46,42.73,42.88,43.24,-0.36,-0.8326,14342.19,61748.749
688279.SH,20231103,103.25,111.34,102.14,110.64,101.26,9.38,9.2633,10936.39,117740.118
688280.SH,20231103,7.82,8.03,7.78,7.95,7.8,0.15,1.9231,28530.75,22680.262
688281.SH,20231103,133.38,138.44,132.4,137.82,133.24,4.58,3.4374,6417.58,87418.939
688282.SH,20231103,48.47,50.4,48.47,49.73,48.43,1.3,2.6843,3855.68,19163.161
688283.SH,20231103,59.13,60.42,58.3,59.24,58.76,0.48,0.8169,1702.06,10123.209
688285.SH,20231103,8.87,9.02,8.76,8.92,8.83,0.09,1.0193,30708.61,27450.143
688286.SH,20231103,52.73,54.16,51.89,53.98,51.74,2.24,4.3293,7018.44,37287.012
688287.SH,20231103,10.26,10.56,10.21,10.5,10.21,0.29,2.8404,53549.74,56034.944
688288.SH,20231103,23.96,24.51,23.81,24.19,23.86,0.33,1.3831,8942.15,21666.548
688289.SH,20231103,16.53,16.73,16.45,16.53,16.53,0.0,0.0,24191.63,40163.464
688290.SH,20231103,41.82,43.5,41.11,42.68,40.96,1.72,4.1992,5185.67,22052.942
688291.SH,20231103,29.57,30.59,29.5,30.11,29.71,0.4,1.3463,18050.09,54345.271
688292.SH,20231103,26.35,27.1,26.02,26.85,26.13,0.72,2.7555,28309.94,75622.366
688293.SH,20231103,53.46,54.65,53.11,53.39,53.84,-0.45,-0.8358,7558.05,40518.645
688295.SH,20231103,27.61,27.97,27.25,27.36,27.5,-0.14,-0.5091,14647.23,40418.142
688296.SH,20231103,14.35,15.07,14.22,14.7,14.22,0.48,3.3755,20843.77,30783.533
688297.SH,20231103,44.93,45.4,44.78,45.38,44.77,0.61,1.3625,15729.11,71127.359
688298.SH,20231103,39.0,39.1,38.52,38.92,38.87,0.05,0.1286,11046.3,42909.067
688299.SH,20231103,13.89,14.34,13.88,14.26,13.9,0.36,2.5899,39279.98,55846.926
688300.SH,20231103,44.99,45.86,44.5,45.6,44.76,0.84,1.8767,7408.86,33448.896
688301.SH,20231103,219.56,225.98,216.57,216.57,219.22,-2.65,-1.2088,2738.48,60298.959
688302.SH,20231103,44.99,45.31,44.18,44.28,44.99,-0.71,-1.5781,6889.58,30778.114
688303.SH,20231103,35.21,35.6,35.02,35.03,35.15,-0.12,-0.3414,34796.67,122542.457
688305.SH,20231103,69.76,72.4,69.76,72.19,69.11,3.08,4.4567,10446.57,74992.339
688306.SH,20231103,5.17,5.34,5.11,5.29,5.03,0.26,5.169,165097.2,86890.467
000561.SZ,20231103,8.45,8.82,8.44,8.67,8.44,0.23,2.7251,89232.43,77512.532
000563.SZ,20231103,3.04,3.06,3.03,3.04,3.03,0.01,0.33,233097.18,71003.231
000564.SZ,20231103,1.2,1.24,1.2,1.23,1.21,0.02,1.6529,889160.7,108634.484
000565.SZ,20231103,5.9,5.91,5.82,5.9,5.86,0.04,0.6826,26881.4,15818.947
000566.SZ,20231103,4.73,4.75,4.7,4.73,4.71,0.02,0.4246,118897.47,56169.421
000567.SZ,20231103,11.78,11.85,11.71,11.74,11.71,0.03,0.2562,33056.0,38970.621
000568.SZ,20231103,218.02,222.0,217.03,221.28,218.44,2.84,1.3001,46084.5,1015519.605
000570.SZ,20231103,5.77,5.79,5.65,5.68,5.85,-0.17,-2.906,669538.64,381962.061
000571.SZ,20231103,2.54,2.66,2.54,2.55,2.54,0.01,0.3937,152224.01,39379.735
000572.SZ,20231103,4.28,4.35,4.25,4.35,4.38,-0.03,-0.6849,553346.63,238172.583
000573.SZ,20231103,3.45,3.45,3.39,3.39,3.43,-0.04,-1.1662,99056.63,33773.211
000576.SZ,20231103,8.93,9.23,8.92,9.15,8.92,0.23,2.5785,34920.0,31915.864
000581.SZ,20231103,16.18,16.36,16.16,16.26,16.19,0.07,0.4324,41667.82,67836.452
000582.SZ,20231103,7.38,7.44,7.37,7.4,7.35,0.05,0.6803,65645.67,48612.449
000584.SZ,20231103,4.26,4.35,4.2,4.22,4.16,0.06,1.4423,187439.1,79912.304
000586.SZ,20231103,14.38,14.85,14.38,14.63,14.41,0.22,1.5267,28645.8,42161.139
000589.SZ,20231103,6.41,6.53,6.41,6.45,6.41,0.04,0.624,129302.34,83721.826
000590.SZ,20231103,9.14,9.17,8.97,9.01,9.06,-0.05,-0.5519,31027.01,28150.703
000591.SZ,20231103,5.7,5.79,5.69,5.75,5.7,0.05,0.8772,195701.81,112667.798
000592.SZ,20231103,2.38,2.43,2.38,2.42,2.38,0.04,1.6807,318023.1,76494.835
000593.SZ,20231103,7.87,8.52,7.79,8.07,7.9,0.17,2.1519,360458.81,291514.411
000595.SZ,20231103,5.02,5.09,5.01,5.05,5.02,0.03,0.5976,81156.0,41033.383
000596.SZ,20231103,275.5,277.6,272.76,273.65,275.0,-1.35,-0.4909,10688.26,293737.337
000597.SZ,20231103,5.43,5.47,5.41,5.42,5.44,-0.02,-0.3676,100948.89,54917.995
000598.SZ,20231103,5.68,5.7,5.56,5.58,5.67,-0.09,-1.5873,270556.48,151752.311
000599.SZ,20231103,4.4,4.47,4.4,4.45,4.4,0.05,1.1364,72852.0,32379.462
000600.SZ,20231103,5.22,5.39,5.21,5.33,5.22,0.11,2.1073,183614.47,97853.516
000601.SZ,20231103,4.28,4.36,4.25,4.34,4.26,0.08,1.8779,82400.35,35702.054
000603.SZ,20231103,12.45,12.7,12.38,12.55,12.45,0.1,0.8032,55359.01,69232.452
000605.SZ,20231103,6.13,6.2,6.1,6.11,6.12,-0.01,-0.1634,29847.0,18358.454
000607.SZ,20231103,4.61,4.66,4.55,4.61,4.61,0.0,0.0,97717.33,45010.288
000608.SZ,20231103,2.94,2.94,2.85,2.86,2.92,-0.06,-2.0548,78598.4,22696.111
000609.SZ,20231103,6.39,6.6,6.27,6.39,6.81,-0.42,-6.1674,543097.37,348789.218
000610.SZ,20231103,13.6,13.72,13.55,13.66,13.55,0.11,0.8118,29712.0,40553.533
000612.SZ,20231103,5.71,5.71,5.58,5.58,5.69,-0.11,-1.9332,186407.93,104698.516
000615.SZ,20231103,3.83,3.89,3.6,3.89,3.7,0.19,5.1351,535680.02,203999.144
000617.SZ,20231103,5.86,5.97,5.85,5.95,5.85,0.1,1.7094,597599.02,354337.093
000619.SZ,20231103,6.33,6.37,6.27,6.27,6.33,-0.06,-0.9479,31527.0,19922.823
000620.SZ,20231103,1.61,1.62,1.59,1.62,1.6,0.02,1.25,109682.0,17659.787
000622.SZ,20231103,4.5,4.58,4.49,4.51,4.54,-0.03,-0.6608,108067.0,48937.51
000623.SZ,20231103,15.91,16.17,15.91,16.04,15.93,0.11,0.6905,96598.41,155026.657
002295.SZ,20231103,7.65,7.67,7.55,7.58,7.6,-0.02,-0.2632,50786.52,38606.726
002296.SZ,20231103,8.05,8.18,8.01,8.12,8.06,0.06,0.7444,46265.0,37639.261
002297.SZ,20231103,7.6,7.86,7.6,7.72,7.6,0.12,1.5789,99663.72,77167.399
002298.SZ,20231103,5.96,6.02,5.93,5.98,5.92,0.06,1.0135,80704.0,48306.73
002299.SZ,20231103,18.7,18.8,18.26,18.41,18.7,-0.29,-1.5508,121669.47,224269.601
002300.SZ,20231103,8.91,9.04,8.84,8.91,8.96,-0.05,-0.558,106527.91,94885.05
002301.SZ,20231103,6.73,6.85,6.7,6.82,6.73,0.09,1.3373,33520.0,22849.004
002302.SZ,20231103,6.53,6.62,6.52,6.59,6.53,0.06,0.9188,65869.1,43381.815
002303.SZ,20231103,3.5,3.53,3.48,3.5,3.5,0.0,0.0,84272.07,29579.507
002304.SZ,20231103,119.8,121.75,119.51,121.11,119.91,1.2,1.0008,32686.93,395152.734
002305.SZ,20231103,2.1,2.12,2.09,2.1,2.1,0.0,0.0,227184.0,47709.51
002306.SZ,20231103,3.88,3.92,3.84,3.9,3.85,0.05,1.2987,57284.0,22318.934
002307.SZ,20231103,4.55,4.61,4.54,4.57,4.57,0.0,0.0,121613.6,55778.695
002308.SZ,20231103,5.25,5.32,5.23,5.28,5.26,0.02,0.3802,177464.55,93649.277
002309.SZ,20231103,3.51,3.55,3.5,3.53,3.49,0.04,1.1461,63367.77,22366.119
002310.SZ,20231103,2.18,2.25,2.17,2.23,2.18,0.05,2.2936,592950.23,131930.719
002311.SZ,20231103,44.57,45.22,44.57,44.85,44.57,0.28,0.6282,24300.61,109271.662
002312.SZ,20231103,7.05,7.13,7.05,7.08,7.05,0.03,0.4255,81026.5,57523.191
002313.SZ,20231103,8.36,8.36,8.36,8.36,7.6,0.76,10.0,5255.0,4393.18
002314.SZ,20231103,3.13,3.14,3.08,3.09,3.13,-0.04,-1.278,235770.48,73020.175
002315.SZ,20231103,28.15,30.3,27.77,29.11,27.98,1.13,4.0386,221989.18,644262.127
002316.SZ,20231103,5.72,5.85,5.71,5.77,5.8,-0.03,-0.5172,358460.0,207328.525
002317.SZ,20231103,18.19,18.19,17.68,17.79,17.98,-0.19,-1.0567,297366.94,529361.338
002318.SZ,20231103,20.06,20.06,19.76,19.8,19.9,-0.1,-0.5025,38681.6,76920.383
002319.SZ,20231103,13.79,14.36,13.58,13.97,14.0,-0.03,-0.2143,54900.01,76997.694
002320.SZ,20231103,5.53,5.6,5.53,5.57,5.54,0.03,0.5415,61585.48,34298.52
002321.SZ,20231103,2.38,2.4,2.37,2.39,2.39,0.0,0.0,85769.0,20477.588
002322.SZ,20231103,12.39,12.58,12.18,12.39,12.51,-0.12,-0.9592,144068.0,178513.923
002323.SZ,20231103,2.28,2.32,2.26,2.3,2.27,0.03,1.3216,134557.65,30959.623
002324.SZ,20231103,13.55,13.81,13.52,13.72,13.55,0.17,1.2546,55309.16,75689.644
002325.SZ,20231103,1.56,1.59,1.56,1.56,1.56,0.0,0.0,186156.25,29254.699
002326.SZ,20231103,12.41,12.67,12.41,12.63,12.41,0.22,1.7728,93284.52,117383.717
002327.SZ,20231103,8.76,8.85,8.64,8.78,8.66,0.12,1.3857,41330.41,36320.32
002328.SZ,20231103,5.9,5.99,5.88,5.98,5.87,0.11,1.8739,148345.39,88352.081
002329.SZ,20231103,5.26,5.4,5.24,5.4,5.24,0.16,3.0534,122514.95,65432.459
002330.SZ,20231103,5.61,5.65,5.58,5.64,5.58,0.06,1.0753,49145.0,27634.453
002331.SZ,20231103,7.18,7.36,7.13,7.31,7.14,0.17,2.381,76895.64,56119.651
002332.SZ,20231103,12.04,12.05,11.78,11.95,11.96,-0.01,-0.0836,128664.62,153615.088
002333.SZ,20231103,5.98,6.05,5.96,6.01,5.98,0.03,0.5017,57667.0,34686.768
002334.SZ,20231103,8.19,8.57,8.15,8.48,8.04,0.44,5.4726,457069.95,384047.409
002335.SZ,20231103,27.16,28.66,27.16,28.34,27.13,1.21,4.46,137407.78,388230.518
002997.SZ,20231103,41.26,42.69,40.77,42.6,41.56,1.04,2.5024,80926.77,340478.098
002998.SZ,20231103,8.15,8.28,8.07,8.1,8.14,-0.04,-0.4914,101109.0,82361.819
002999.SZ,20231103,7.31,7.41,7.3,7.36,7.31,0.05,0.684,30635.51,22583.027
003000.SZ,20231103,11.61,12.04,11.6,11.79,11.58,0.21,1.8135,77011.11,90591.693
003001.SZ,20231103,17.23,17.48,17.23,17.4,17.22,0.18,1.0453,12028.89,20902.743
003002.SZ,20231103,16.34,16.58,16.17,16.18,16.44,-0.26,-1.5815,22731.0,37057.475
003003.SZ,20231103,11.17,11.28,11.1,11.21,11.15,0.06,0.5381,22989.0,25784.11
003004.SZ,20231103,27.55,28.14,27.0,27.89,27.45,0.44,1.6029,7156.0,19997.152
003005.SZ,20231103,33.16,34.32,33.14,33.59,33.7,-0.11,-0.3264,47465.4,160402.771
003006.SZ,20231103,16.61,16.86,16.4,16.68,16.64,0.04,0.2404,21312.3,35458.093
003007.SZ,20231103,27.99,28.9,27.4,28.68,28.14,0.54,1.919,72384.36,205514.383
003008.SZ,20231103,26.69,27.19,26.69,27.05,26.68,0.37,1.3868,4138.0,11190.044
003009.SZ,20231103,45.83,46.96,45.8,46.33,45.97,0.36,0.7831,19188.23,89140.089
003010.SZ,20231103,20.3,20.38,20.01,20.18,20.34,-0.16,-0.7866,40350.5,81497.531
003011.SZ,20231103,21.55,21.93,21.46,21.67,21.5,0.17,0.7907,46784.28,101424.895
003012.SZ,20231103,8.96,9.04,8.85,8.99,8.84,0.15,1.6968,54917.0,49314.714
003013.SZ,20231103,15.87,16.11,15.83,16.02,15.88,0.14,0.8816,7289.0,11677.088
003015.SZ,20231103,10.45,10.86,10.45,10.61,10.59,0.02,0.1889,310289.9,329995.295
003016.SZ,20231103,8.56,8.63,8.48,8.62,8.53,0.09,1.0551,38433.0,33034.259
003017.SZ,20231103,31.53,31.85,31.33,31.52,31.55,-0.03,-0.0951,8107.0,25596.508
003018.SZ,20231103,10.4,10.43,10.22,10.32,10.35,-0.03,-0.2899,18345.0,18959.028
003019.SZ,20231103,20.68,21.25,20.62,21.15,20.68,0.47,2.2727,25334.58,53389.678
003020.SZ,20231103,29.73,30.1,28.67,28.9,29.88,-0.98,-3.2798,77926.37,226568.094
003021.SZ,20231103,72.5,74.89,71.36,74.11,71.22,2.89,4.0578,25365.08,186840.587
003022.SZ,20231103,18.8,19.23,18.8,19.16,18.78,0.38,2.0234,40615.4,77671.161
003023.SZ,20231103,19.87,20.12,19.8,20.05,19.77,0.28,1.4163,16427.2,32873.693
003025.SZ,20231103,11.56,11.99,11.46,11.8,11.38,0.42,3.6907,55203.71,65098.339
003026.SZ,20231103,38.9,39.89,38.55,39.49,39.05,0.44,1.1268,42580.26,167082.317
003027.SZ,20231103,18.13,18.3,18.01,18.22,18.0,0.22,1.2222,8455.5,15396.218
003028.SZ,20231103,38.75,40.25,38.75,39.97,38.73,1.24,3.2017,11914.0,47443.494
003029.SZ,20231103,19.38,20.03,19.25,19.95,19.2,0.75,3.9063,40926.02,81184.963
003030.SZ,20231103,21.9,22.18,21.78,21.9,21.95,-0.05,-0.2278,4706.0,10350.864
003031.SZ,20231103,92.1,96.79,92.1,95.98,92.1,3.88,4.2128,12182.4,115896.065
003032.SZ,20231103,13.13,13.3,12.98,13.21,13.2,0.01,0.0758,118218.0,155661.492
003033.SZ,20231103,30.92,31.7,30.92,31.41,30.64,0.77,2.5131,6715.87,21043.213
003035.SZ,20231103,5.43,5.51,5.42,5.49,5.43,0.06,1.105,94896.94,51999.227
003036.SZ,20231103,12.42,12.89,12.42,12.81,12.51,0.3,2.3981,42125.41,53782.0
003037.SZ,20231103,11.42,11.51,11.38,11.43,11.37,0.06,0.5277,17760.0,20317.81
003038.SZ,20231103,32.92,33.63,32.58,33.42,32.63,0.79,2.4211,13162.0,43903.01
003039.SZ,20231103,15.66,15.83,15.65,15.77,15.73,0.04,0.2543,70902.55,111845.28
003040.SZ,20231103,19.59,19.59,18.92,19.26,19.69,-0.43,-2.1838,465624.01,890590.296
300643.SZ,20231103,12.69,13.0,12.6,12.92,12.73,0.19,1.4925,74639.0,95864.961
300644.SZ,20231103,18.29,18.55,18.25,18.36,18.37,-0.01,-0.0544,13729.0,25297.187
300645.SZ,20231103,24.83,28.19,24.83,27.12,24.74,2.38,9.62,89269.7,237314.002
300647.SZ,20231103,6.65,6.84,6.65,6.8,6.65,0.15,2.2556,91359.5,62086.895
300648.SZ,20231103,27.3,27.67,27.19,27.5,27.09,0.41,1.5135,16746.63,45992.906
300649.SZ,20231103,17.7,17.96,17.6,17.72,17.74,-0.02,-0.1127,27794.0,49472.31
300650.SZ,20231103,14.55,16.1,14.39,15.88,14.99,0.89,5.9373,471300.8,715089.424
300651.SZ,20231103,20.04,20.4,19.91,20.17,19.98,0.19,0.951,16362.0,33073.861
300652.SZ,20231103,24.78,25.1,24.4,24.7,24.78,-0.08,-0.3228,37136.57,91936.434
300653.SZ,20231103,30.19,30.49,30.04,30.06,30.11,-0.05,-0.1661,18291.75,55299.717
300654.SZ,20231103,11.05,11.35,10.8,11.24,11.46,-0.22,-1.9197,342441.17,378905.384
300655.SZ,20231103,10.8,11.47,10.76,11.35,10.96,0.39,3.5584,731962.49,819079.39
300656.SZ,20231103,25.25,25.99,25.16,25.9,25.14,0.76,3.0231,7996.9,20569.676
300657.SZ,20231103,19.41,20.3,19.29,19.98,19.51,0.47,2.409,337064.06,670692.091
300658.SZ,20231103,6.92,6.95,6.81,6.84,6.92,-0.08,-1.1561,41708.18,28656.632
300659.SZ,20231103,21.28,21.68,21.2,21.52,21.3,0.22,1.0329,43847.6,94214.666
300660.SZ,20231103,28.88,30.53,28.43,29.86,27.59,2.27,8.2276,192063.73,570903.912
300661.SZ,20231103,89.81,92.89,89.6,92.4,90.37,2.03,2.2463,35137.18,322487.774
300662.SZ,20231103,29.92,30.94,29.88,30.62,29.97,0.65,2.1688,15565.76,47585.016
300663.SZ,20231103,14.85,15.1,14.85,15.01,14.88,0.13,0.8737,143793.12,215821.929
300664.SZ,20231103,5.57,5.66,5.57,5.62,5.58,0.04,0.7168,54133.28,30475.651
300665.SZ,20231103,8.62,8.77,8.62,8.68,8.62,0.06,0.6961,41805.0,36383.286
300666.SZ,20231103,60.23,63.28,60.06,62.6,60.21,2.39,3.9694,52146.33,322374.439
300667.SZ,20231103,16.27,17.0,16.27,16.87,16.22,0.65,4.0074,53817.75,90440.54
300668.SZ,20231103,22.2,22.74,21.7,22.02,22.11,-0.09,-0.4071,25739.0,56919.563
300669.SZ,20231103,15.52,15.61,15.41,15.52,15.51,0.01,0.0645,16731.75,25945.189
300670.SZ,20231103,7.81,8.02,7.78,7.93,7.75,0.18,2.3226,50396.0,40051.113
300671.SZ,20231103,34.59,36.18,34.58,36.08,34.68,1.4,4.0369,31690.42,112952.965
300672.SZ,20231103,63.91,67.64,63.91,67.38,64.3,3.08,4.79,52977.54,351307.627
300673.SZ,20231103,13.23,13.43,13.16,13.27,13.28,-0.01,-0.0753,14243.0,18897.63
300674.SZ,20231103,16.21,16.67,16.19,16.51,16.22,0.29,1.7879,112882.57,186029.297
300675.SZ,20231103,14.65,14.97,14.61,14.94,14.67,0.27,1.8405,17710.0,26360.928
300676.SZ,20231103,48.87,49.8,48.75,49.48,48.9,0.58,1.1861,17541.5,86754.613
300677.SZ,20231103,21.33,21.53,21.21,21.37,21.2,0.17,0.8019,47857.03,102285.014
300678.SZ,20231103,29.0,29.88,28.93,29.25,28.56,0.69,2.416,142515.63,418311.792
300679.SZ,20231103,40.47,41.27,40.47,40.65,40.38,0.27,0.6686,29830.99,121895.271
300680.SZ,20231103,20.85,21.66,20.77,21.3,20.47,0.83,4.0547,116693.42,249270.59
300681.SZ,20231103,19.77,20.05,19.69,19.88,19.74,0.14,0.7092,47302.25,93963.973
300682.SZ,20231103,18.55,19.13,18.47,18.85,18.57,0.28,1.5078,47806.0,90485.845
300683.SZ,20231103,50.0,50.89,42.2,42.4,49.7,-7.3,-14.6881,135496.54,616617.328
300684.SZ,20231103,17.2,17.65,17.18,17.56,17.02,0.54,3.1727,54085.0,94549.232
301378.SZ,20231103,46.91,48.14,46.6,47.79,46.53,1.26,2.7079,5554.03,26472.959
301379.SZ,20231103,27.84,29.25,27.83,29.01,27.84,1.17,4.2026,26635.2,76777.151
301380.SZ,20231103,45.21,46.18,45.04,45.62,45.2,0.42,0.9292,14896.22,68026.985
301381.SZ,20231103,32.71,32.94,32.22,32.6,33.0,-0.4,-1.2121,46382.48,151171.643
301382.SZ,20231103,40.7,41.19,40.34,41.14,41.25,-0.11,-0.2667,46351.52,189206.789
301383.SZ,20231103,41.2,42.15,41.01,41.38,41.13,0.25,0.6078,18008.65,75026.919
301386.SZ,20231103,25.08,25.98,24.9,25.86,24.87,0.99,3.9807,36403.66,93693.375
301387.SZ,20231103,58.88,64.78,58.11,62.2,59.49,2.71,4.5554,31481.55,193199.85
301388.SZ,20231103,23.9,24.48,23.85,24.33,23.71,0.62,2.6149,8775.92,21314.019
301389.SZ,20231103,18.06,18.32,18.06,18.13,18.07,0.06,0.332,11865.16,21607.214
301390.SZ,20231103,40.3,41.21,40.3,40.99,40.21,0.78,1.9398,4294.0,17593.541
301391.SZ,20231103,93.0,99.97,91.99,99.18,91.98,7.2,7.8278,12273.8,119418.624
301393.SZ,20231103,75.8,76.59,74.13,74.49,77.1,-2.61,-3.3852,43694.75,328338.651
301395.SZ,20231103,19.55,19.84,19.47,19.79,19.49,0.3,1.5393,10764.76,21277.603
301396.SZ,20231103,28.98,29.42,28.54,29.33,28.62,0.71,2.4808,12157.59,35526.455
301397.SZ,20231103,46.17,47.98,46.17,47.62,46.1,1.52,3.2972,24850.45,117507.142
301398.SZ,20231103,49.96,53.0,49.89,52.27,49.6,2.67,5.3831,39527.8,205741.332
301399.SZ,20231103,42.3,43.18,41.87,42.81,41.65,1.16,2.7851,8001.52,34233.779
301408.SZ,20231103,17.28,17.35,17.1,17.18,17.23,-0.05,-0.2902,31074.27,53527.021
301418.SZ,20231103,56.1,58.6,56.01,58.6,55.88,2.72,4.8676,21536.87,124407.824
301419.SZ,20231103,38.98,39.75,38.9,39.57,38.71,0.86,2.2216,15865.99,62664.946
301421.SZ,20231103,67.8,74.35,67.3,71.1,69.2,1.9,2.7457,93494.6,668064.716
301428.SZ,20231103,37.37,38.15,37.3,37.94,37.24,0.7,1.8797,11455.88,43405.234
301429.SZ,20231103,21.41,21.69,21.21,21.48,21.19,0.29,1.3686,10043.89,21629.609
301439.SZ,20231103,15.07,15.35,15.07,15.27,15.07,0.2,1.3271,20268.25,30983.66
301446.SZ,20231103,31.74,32.78,31.74,32.4,31.74,0.66,2.0794,6872.0,22301.493
301448.SZ,20231103,31.2,31.38,30.72,30.83,31.12,-0.29,-0.9319,16492.0,51185.054
301456.SZ,20231103,32.35,33.6,32.34,33.21,32.25,0.96,2.9767,21924.67,72808.766
301468.SZ,20231103,31.1,31.71,31.1,31.58,31.12,0.46,1.4781,8380.18,26465.199
301469.SZ,20231103,38.08,39.2,38.08,39.05,38.08,0.97,2.5473,11411.0,44449.753
301486.SZ,20231103,44.1,45.49,44.02,45.25,44.09,1.16,2.631,19841.36,89377.825
301487.SZ,20231103,45.21,46.06,45.11,45.34,45.1,0.24,0.5322,62695.19,285123.984
301488.SZ,20231103,75.19,79.86,75.0,78.02,75.38,2.64,3.5023,39349.16,305241.525
301489.SZ,20231103,65.0,68.38,63.05,66.64,67.01,-0.37,-0.5522,50029.62,328658.018
301498.SZ,20231103,44.35,44.94,43.94,44.03,44.36,-0.33,-0.7439,11403.12,50544.075
301499.SZ,20231103,31.35,33.02,31.34,32.3,30.99,1.31,4.2272,38529.37,124331.836
301500.SZ,20231103,22.28,23.09,22.23,22.91,22.2,0.71,3.1982,39513.86,90264.952
301503.SZ,20231103,33.2,35.99,33.2,35.47,33.2,2.27,6.8373,26861.3,94276.819
301505.SZ,20231103,39.6,40.43,39.6,40.12,39.57,0.55,1.3899,20458.99,81936.542
301507.SZ,20231103,18.07,18.69,18.07,18.5,18.19,0.31,1.7042,58313.02,107736.866
301509.SZ,20231103,76.75,78.6,75.79,77.3,78.21,-0.91,-1.1635,32263.49,248700.733
301510.SZ,20231103,42.14,43.08,41.17,41.67,39.98,1.69,4.2271,52103.19,218155.681
600760.SH,20231103,40.88,41.45,40.76,41.28,40.92,0.36,0.8798,82315.82,338752.605
600761.SH,20231103,16.53,17.56,16.25,17.33,16.31,1.02,6.2538,203899.26,350451.88
600763.SH,20231103,89.05,90.45,89.0,89.88,89.23,0.65,0.7285,17858.38,160455.321
600764.SH,20231103,21.19,21.65,21.19,21.48,21.19,0.29,1.3686,18001.68,38708.896
600765.SH,20231103,20.91,21.22,20.89,21.11,20.91,0.2,0.9565,74260.63,156726.579
600766.SH,20231103,11.9,11.97,11.69,11.84,11.88,-0.04,-0.3367,8342.0,9891.378
600768.SH,20231103,10.79,10.89,10.75,10.8,10.8,0.0,0.0,12642.01,13668.89
600769.SH,20231103,9.14,9.37,9.12,9.19,9.15,0.04,0.4372,77012.51,71055.902
600770.SH,20231103,4.8,4.9,4.78,4.87,4.78,0.09,1.8828,107560.0,52319.362
600771.SH,20231103,29.3,29.84,29.3,29.46,29.43,0.03,0.1019,40381.49,119506.171
600773.SH,20231103,11.53,11.64,11.51,11.54,11.53,0.01,0.0867,32675.91,37783.472
600774.SH,20231103,10.01,10.07,9.91,9.92,10.01,-0.09,-0.8991,37110.1,36982.696
600775.SH,20231103,8.54,9.2,8.53,8.9,8.45,0.45,5.3254,205537.94,182923.658
600776.SH,20231103,13.22,13.39,13.03,13.26,13.19,0.07,0.5307,397470.13,525440.084
600777.SH,20231103,2.58,2.59,2.56,2.58,2.57,0.01,0.3891,709138.2,182591.939
600778.SH,20231103,6.19,6.24,6.11,6.14,6.19,-0.05,-0.8078,48701.4,30071.458
600779.SH,20231103,59.43,60.87,59.4,60.08,59.49,0.59,0.9918,38021.93,228717.517
600780.SH,20231103,9.69,10.05,9.63,9.87,9.68,0.19,1.9628,105649.79,104087.942
600782.SH,20231103,4.03,4.1,3.97,3.98,4.03,-0.05,-1.2407,342373.0,137236.723
600783.SH,20231103,11.41,11.62,11.4,11.55,11.38,0.17,1.4938,25255.0,29143.315
600784.SH,20231103,6.01,6.07,6.01,6.05,6.0,0.05,0.8333,38862.0,23501.206
600785.SH,20231103,13.51,13.79,13.51,13.6,13.51,0.09,0.6662,13606.01,18586.631
600787.SH,20231103,5.16,5.16,5.1,5.12,5.14,-0.02,-0.3891,90050.0,46139.243
600789.SH,20231103,6.95,7.04,6.94,6.96,6.93,0.03,0.4329,121774.49,85093.705
600790.SH,20231103,3.92,3.96,3.91,3.93,3.93,0.0,0.0,43390.82,17064.118
600791.SH,20231103,4.5,4.53,4.41,4.41,4.49,-0.08,-1.7817,57258.0,25463.015
600792.SH,20231103,4.1,4.31,4.1,4.12,4.12,0.0,0.0,355979.0,148347.797
600793.SH,20231103,11.86,12.0,11.61,11.63,11.79,-0.16,-1.3571,42073.0,49491.914
600794.SH,20231103,3.56,3.59,3.55,3.56,3.56,0.0,0.0,79593.0,28377.023
600795.SH,20231103,3.69,3.75,3.67,3.71,3.69,0.02,0.542,788338.74,293141.691
600796.SH,20231103,5.4,5.49,5.4,5.42,5.43,-0.01,-0.1842,43288.0,23597.754
600797.SH,20231103,6.5,6.61,6.4,6.55,6.5,0.05,0.7692,325577.45,212248.129
600798.SH,20231103,3.64,3.66,3.6,3.61,3.64,-0.03,-0.8242,59695.0,21678.758
600800.SH,20231103,3.61,3.63,3.59,3.61,3.61,0.0,0.0,43663.02,15774.124
600801.SH,20231103,14.6,14.69,14.41,14.44,14.64,-0.2,-1.3661,73982.33,107569.501
600802.SH,20231103,5.25,5.29,5.2,5.21,5.28,-0.07,-1.3258,50749.2,26616.625
600803.SH,20231103,17.05,17.3,16.99,17.01,17.08,-0.07,-0.4098,46759.86,79967.325
600804.SH,20231103,4.33,4.4,4.27,4.38,4.42,-0.04,-0.905,236936.25,102824.945
600805.SH,20231103,4.42,4.45,4.39,4.4,4.41,-0.01,-0.2268,37335.09,16508.601
600807.SH,20231103,3.11,3.11,3.07,3.07,3.1,-0.03,-0.9677,69673.0,21481.269
600808.SH,20231103,2.78,2.79,2.7,2.71,2.78,-0.07,-2.518,320961.56,87771.868
603345.SH,20231103,126.24,129.2,125.04,128.97,125.7,3.27,2.6014,25247.31,323880.752
603348.SH,20231103,39.52,41.12,39.38,40.72,39.2,1.52,3.8776,49438.5,200297.558
603351.SH,20231103,26.45,26.8,26.45,26.46,26.57,-0.11,-0.414,2984.92,7942.143
603353.SH,20231103,28.07,28.65,27.37,27.69,28.82,-1.13,-3.9209,55851.45,155507.676
603355.SH,20231103,22.5,22.95,22.5,22.74,22.53,0.21,0.9321,12798.89,29149.199
603356.SH,20231103,13.38,13.58,13.29,13.37,13.34,0.03,0.2249,12527.0,16845.39
603357.SH,20231103,8.56,8.67,8.55,8.63,8.56,0.07,0.8178,43789.62,37809.591
603358.SH,20231103,18.33,19.5,18.33,19.2,18.24,0.96,5.2632,99560.84,190703.279
603359.SH,20231103,8.11,8.15,8.05,8.08,8.08,0.0,0.0,47441.64,38440.112
603360.SH,20231103,10.04,10.25,10.04,10.11,10.03,0.08,0.7976,25666.14,26045.028
603363.SH,20231103,8.01,8.17,7.94,8.06,8.0,0.06,0.75,153541.26,123903.948
603365.SH,20231103,14.34,14.56,14.29,14.35,14.39,-0.04,-0.278,15624.75,22503.935
603366.SH,20231103,5.64,5.73,5.62,5.7,5.66,0.04,0.7067,60634.22,34536.485
603367.SH,20231103,14.0,14.06,13.89,13.93,13.99,-0.06,-0.4289,33048.17,46165.798
603368.SH,20231103,20.71,21.1,20.66,20.83,20.74,0.09,0.4339,23263.13,48577.103
603369.SH,20231103,58.0,59.15,57.6,57.89,58.3,-0.41,-0.7033,59132.97,343717.968
603377.SH,20231103,5.36,5.43,5.32,5.39,5.35,0.04,0.7477,57351.8,30846.628
603378.SH,20231103,8.72,8.84,8.63,8.8,8.65,0.15,1.7341,27592.14,24234.86
603379.SH,20231103,27.75,28.36,27.68,27.97,27.7,0.27,0.9747,33016.0,92641.86
603380.SH,20231103,25.69,26.09,24.32,24.89,24.85,0.04,0.161,83443.61,210037.338
603383.SH,20231103,52.6,54.2,52.6,53.84,52.85,0.99,1.8732,11923.0,64172.475
603385.SH,20231103,7.47,7.59,7.45,7.56,7.46,0.1,1.3405,25897.0,19539.967
603386.SH,20231103,12.3,12.54,12.24,12.49,12.34,0.15,1.2156,31036.4,38719.721
603387.SH,20231103,11.33,11.49,11.29,11.33,11.31,0.02,0.1768,22155.32,25222.518
603388.SH,20231103,7.51,7.79,7.46,7.7,7.6,0.1,1.3158,344985.75,264295.916
603389.SH,20231103,6.06,6.25,6.04,6.11,6.03,0.08,1.3267,36873.4,22626.334
603390.SH,20231103,11.4,11.4,11.4,11.4,10.36,1.04,10.0386,57280.0,65299.2
603392.SH,20231103,44.39,45.24,44.22,44.95,44.46,0.49,1.1021,39123.97,175382.142
603393.SH,20231103,27.6,27.89,27.38,27.6,27.6,0.0,0.0,43060.93,118907.827
603396.SH,20231103,46.74,48.59,46.74,48.2,46.76,1.44,3.0796,18625.4,89613.213
603398.SH,20231103,17.67,17.97,17.31,17.82,17.37,0.45,2.5907,23262.0,41310.701
603399.SH,20231103,10.57,10.66,10.35,10.45,10.59,-0.14,-1.322,194850.11,203652.187
603408.SH,20231103,11.48,11.61,11.43,11.53,11.53,0.0,0.0,21496.0,24797.635
603416.SH,20231103,36.5,38.55,36.31,37.93,35.77,2.16,6.0386,34531.93,129908.994
603421.SH,20231103,9.16,9.43,9.16,9.4,9.16,0.24,2.6201,45448.32,42487.053
603429.SH,20231103,8.54,8.77,8.51,8.69,8.54,0.15,1.7564,60996.0,52973.951
603439.SH,20231103,18.2,18.45,18.06,18.13,18.21,-0.08,-0.4393,28772.0,52382.506
603444.SH,20231103,274.65,281.94,270.12,279.29,275.6,3.69,1.3389,11529.84,319423.994
603456.SH,20231103,28.19,28.52,27.86,28.18,28.12,0.06,0.2134,114545.0,323565.904
603458.SH,20231103,9.0,9.07,8.98,9.0,9.01,-0.01,-0.111,21465.96,19362.585
603466.SH,20231103,12.12,12.27,11.89,12.2,12.09,0.11,0.9098,144887.98,175976.57
688307.SH,20231103,27.96,29.1,27.96,29.05,27.96,1.09,3.8984,9230.93,26592.427
688308.SH,20231103,33.6,33.99,32.97,33.39,33.5,-0.11,-0.3284,23506.14,78070.02
688309.SH,20231103,21.18,21.36,20.98,20.99,20.97,0.02,0.0954,3875.8,8206.592
688310.SH,20231103,36.63,37.56,36.36,37.0,36.62,0.38,1.0377,10628.07,39150.03
688311.SH,20231103,48.1,51.04,47.48,49.8,47.65,2.15,4.5121,67562.23,336020.833
688312.SH,20231103,17.52,18.22,17.52,18.19,17.44,0.75,4.3005,13327.64,24009.122
688313.SH,20231103,13.03,13.6,12.92,13.43,12.93,0.5,3.867,192951.71,255909.464
688314.SH,20231103,31.0,31.47,30.87,31.13,30.8,0.33,1.0714,4324.77,13478.691
688315.SH,20231103,22.21,22.78,22.09,22.36,22.21,0.15,0.6754,11940.13,26848.733
688316.SH,20231103,54.32,55.32,53.01,53.75,54.99,-1.24,-2.255,43448.28,234729.365
688317.SH,20231103,22.45,22.68,22.3,22.33,22.33,0.0,0.0,9114.07,20472.109
688318.SH,20231103,144.0,151.0,143.09,148.03,144.19,3.84,2.6632,32312.17,476511.063
688319.SH,20231103,19.38,20.05,19.38,19.98,19.49,0.49,2.5141,21884.99,43298.736
688320.SH,20231103,42.82,45.0,41.04,42.6,40.55,2.05,5.0555,121032.36,522354.397
688321.SH,20231103,22.88,23.15,22.79,22.93,22.85,0.08,0.3501,40026.99,91912.37
688322.SH,20231103,30.65,31.99,30.1,31.42,29.1,2.32,7.9725,76293.07,238038.795
688323.SH,20231103,19.52,20.56,19.52,20.32,19.5,0.82,4.2051,18534.06,37302.291
688325.SH,20231103,39.47,41.0,39.47,40.46,39.48,0.98,2.4823,12274.43,49597.703
688326.SH,20231103,114.15,120.0,114.15,119.44,114.2,5.24,4.5884,7439.07,87871.352
688327.SH,20231103,13.4,14.03,13.36,13.97,13.26,0.71,5.3544,225814.19,310705.494
688328.SH,20231103,24.82,27.99,24.62,27.3,24.6,2.7,10.9756,83154.31,224162.079
688329.SH,20231103,25.06,26.18,25.06,25.7,25.1,0.6,2.3904,10971.81,28251.389
688330.SH,20231103,29.65,30.63,29.65,30.5,29.65,0.85,2.8668,7681.41,23327.843
688331.SH,20231103,64.19,65.69,63.68,64.08,64.4,-0.32,-0.4969,15579.25,100854.875
688332.SH,20231103,72.51,75.37,72.01,74.63,72.25,2.38,3.2941,22271.91,165193.495
688333.SH,20231103,107.66,112.2,105.03,111.7,108.42,3.28,3.0253,10938.31,121057.089
688334.SH,20231103,16.89,17.08,16.86,17.0,16.86,0.14,0.8304,16122.02,27379.699
688335.SH,20231103,12.71,13.22,12.71,13.08,12.7,0.38,2.9921,13761.0,18005.741
688336.SH,20231103,22.88,23.37,22.83,22.91,22.97,-0.06,-0.2612,25660.36,59189.203
688337.SH,20231103,42.5,43.41,41.95,42.69,41.65,1.04,2.497,7890.58,33759.283
688338.SH,20231103,31.33,32.12,31.15,31.83,31.37,0.46,1.4664,5061.22,16088.663
688339.SH,20231103,49.28,51.2,49.28,50.75,49.54,1.21,2.4425,12737.34,64522.33
688343.SH,20231103,46.95,49.66,46.55,48.47,46.42,2.05,4.4162,62579.9,302297.915
688345.SH,20231103,30.61,31.83,30.6,31.18,30.85,0.33,1.0697,9506.6,29780.574
688347.SH,20231103,45.25,46.75,45.05,46.53,44.99,1.54,3.423,75662.67,348498.996
688348.SH,20231103,116.98,121.43,116.91,120.0,117.22,2.78,2.3716,10132.89,121287.421
688349.SH,20231103,29.77,30.13,29.68,29.68,29.76,-0.08,-0.2688,11253.49,33599.342
688350.SH,20231103,16.51,17.12,16.51,17.02,16.64,0.38,2.2837,10779.88,18315.766
688351.SH,20231103,21.91,22.9,21.8,22.32,22.0,0.32,1.4545,16247.72,36661.929
688352.SH,20231103,13.03,13.5,12.95,13.37,12.98,0.39,3.0046,79994.87,106198.357
688353.SH,20231103,29.8,30.44,29.78,30.28,29.55,0.73,2.4704,3779.39,11432.308
000625.SZ,20231103,15.02,15.4,14.87,15.29,15.08,0.21,1.3926,1436178.35,2178791.073
000626.SZ,20231103,7.16,7.22,7.11,7.12,7.17,-0.05,-0.6974,23703.0,16980.666
000627.SZ,20231103,3.06,3.08,3.03,3.05,3.06,-0.01,-0.3268,294114.65,89816.945
000628.SZ,20231103,46.66,47.99,44.71,45.33,46.59,-1.26,-2.7044,649944.61,3015730.765
000629.SZ,20231103,3.43,3.47,3.42,3.44,3.43,0.01,0.2915,274153.78,94640.108
000630.SZ,20231103,3.07,3.09,3.05,3.06,3.06,0.0,0.0,640189.0,196311.137
000631.SZ,20231103,3.44,3.48,3.39,3.45,3.45,0.0,0.0,637789.25,219643.78
000632.SZ,20231103,4.26,4.3,4.24,4.25,4.25,0.0,0.0,77002.0,32851.857
000633.SZ,20231103,7.59,7.72,7.53,7.63,7.61,0.02,0.2628,71871.0,54745.883
000635.SZ,20231103,8.79,8.85,8.7,8.78,8.75,0.03,0.3429,17759.52,15635.702
000636.SZ,20231103,15.01,15.49,14.99,15.41,15.02,0.39,2.5965,97253.68,149103.251
000637.SZ,20231103,3.58,3.6,3.56,3.58,3.59,-0.01,-0.2786,22733.0,8133.182
000638.SZ,20231103,6.43,6.51,6.39,6.41,6.49,-0.08,-1.2327,143352.0,92383.078
000639.SZ,20231103,4.4,4.48,4.4,4.42,4.42,0.0,0.0,58068.0,25694.744
000650.SZ,20231103,6.84,6.96,6.8,6.82,6.85,-0.03,-0.438,253941.56,174571.085
000651.SZ,20231103,34.03,34.16,33.86,34.01,34.03,-0.02,-0.0588,244876.08,833080.838
000652.SZ,20231103,4.05,4.06,4.02,4.03,4.03,0.0,0.0,96234.0,38874.45
000655.SZ,20231103,7.15,7.24,7.07,7.08,7.11,-0.03,-0.4219,43469.01,30953.982
000656.SZ,20231103,1.58,1.6,1.55,1.58,1.57,0.01,0.6369,2638211.29,414025.614
000657.SZ,20231103,9.15,9.57,9.13,9.42,9.15,0.27,2.9508,170839.92,160623.939
000659.SZ,20231103,2.71,2.75,2.68,2.73,2.71,0.02,0.738,119637.0,32532.843
000661.SZ,20231103,153.12,153.5,150.6,151.15,151.88,-0.73,-0.4806,44591.0,677541.733
000663.SZ,20231103,8.79,9.07,8.73,8.91,8.8,0.11,1.25,78368.0,69851.232
000665.SZ,20231103,4.95,5.0,4.9,4.99,4.94,0.05,1.0121,119246.17,59111.727
000668.SZ,20231103,11.79,11.93,11.62,11.67,11.72,-0.05,-0.4266,17064.0,20090.724
000669.SZ,20231103,1.85,1.87,1.84,1.85,1.86,-0.01,-0.5376,32792.82,6084.923
000670.SZ,20231103,7.05,7.37,6.9,7.21,7.05,0.16,2.2695,785702.19,558844.827
000672.SZ,20231103,8.6,8.64,8.56,8.56,8.6,-0.04,-0.4651,41542.8,35684.157
000676.SZ,20231103,9.4,9.49,8.37,8.67,9.3,-0.63,-6.7742,3138953.86,2747073.48
000677.SZ,20231103,3.17,3.3,3.16,3.25,3.2,0.05,1.5625,418069.03,135633.484
000678.SZ,20231103,6.36,6.54,6.3,6.44,6.27,0.17,2.7113,221469.8,142363.436
000679.SZ,20231103,5.5,5.53,5.4,5.44,5.53,-0.09,-1.6275,90297.05,49057.172
000680.SZ,20231103,5.13,5.28,5.13,5.27,5.17,0.1,1.9342,375507.77,196823.189
000681.SZ,20231103,14.08,14.45,13.9,14.34,14.08,0.26,1.8466,218085.35,311013.227
000682.SZ,20231103,7.37,7.57,7.35,7.51,7.35,0.16,2.1769,157387.71,118013.704
000683.SZ,20231103,6.83,6.91,6.77,6.78,6.79,-0.01,-0.1473,166099.2,113414.888
000685.SZ,20231103,7.31,7.35,7.3,7.31,7.3,0.01,0.137,66246.86,48534.595
000686.SZ,20231103,7.47,7.53,7.43,7.48,7.46,0.02,0.2681,135855.89,101674.529
000688.SZ,20231103,10.44,10.63,10.44,10.54,10.45,0.09,0.8612,27888.79,29436.562
000690.SZ,20231103,4.8,4.95,4.77,4.8,4.79,0.01,0.2088,509456.65,247338.231
000691.SZ,20231103,4.71,4.75,4.66,4.7,4.7,0.0,0.0,40127.0,18899.508
002336.SZ,20231103,13.56,13.76,13.49,13.65,13.46,0.19,1.4116,48138.41,65680.538
002337.SZ,20231103,6.12,6.25,6.02,6.13,5.99,0.14,2.3372,405451.05,248532.713
002338.SZ,20231103,31.92,33.53,31.71,33.17,31.64,1.53,4.8357,87029.0,286070.79
002339.SZ,20231103,7.27,7.77,7.27,7.5,7.27,0.23,3.1637,255850.13,193250.213
002340.SZ,20231103,5.86,5.95,5.85,5.92,5.86,0.06,1.0239,301440.03,178446.236
002341.SZ,20231103,3.75,3.85,3.72,3.79,3.84,-0.05,-1.3021,642490.0,243522.859
002342.SZ,20231103,4.2,4.25,4.2,4.24,4.2,0.04,0.9524,104226.24,44092.781
002343.SZ,20231103,6.78,6.96,6.61,6.79,7.04,-0.25,-3.5511,646844.96,438320.572
002344.SZ,20231103,4.15,4.17,4.13,4.14,4.14,0.0,0.0,73075.0,30360.076
002345.SZ,20231103,6.35,6.38,6.28,6.35,6.32,0.03,0.4747,64115.0,40699.661
002346.SZ,20231103,11.23,11.48,11.23,11.36,11.22,0.14,1.2478,20144.03,22945.295
002347.SZ,20231103,5.3,5.42,5.26,5.37,5.19,0.18,3.4682,136407.6,73185.046
002348.SZ,20231103,3.52,3.52,3.44,3.49,3.51,-0.02,-0.5698,121656.2,42278.025
002349.SZ,20231103,9.0,9.11,9.0,9.07,9.03,0.04,0.443,105741.45,95785.038
002350.SZ,20231103,6.21,6.34,6.21,6.3,6.21,0.09,1.4493,37586.19,23720.523
002351.SZ,20231103,16.61,17.36,16.3,17.17,16.44,0.73,4.4404,408130.82,694824.411
002352.SZ,20231103,38.36,39.1,38.35,39.02,38.43,0.59,1.5353,190454.41,739511.703
002353.SZ,20231103,29.2,29.89,29.02,29.56,29.14,0.42,1.4413,58672.72,173549.991
002354.SZ,20231103,5.17,5.24,5.08,5.21,5.16,0.05,0.969,670566.89,346950.054
002355.SZ,20231103,5.45,5.57,5.45,5.53,5.44,0.09,1.6544,280962.65,155009.739
002356.SZ,20231103,5.3,5.34,5.1,5.13,5.26,-0.13,-2.4715,231983.69,119537.658
002357.SZ,20231103,7.08,7.13,7.03,7.04,7.06,-0.02,-0.2833,59574.0,42091.185
002358.SZ,20231103,4.14,4.2,4.14,4.18,4.13,0.05,1.2107,59454.23,24837.556
002360.SZ,20231103,6.93,7.0,6.88,6.94,6.91,0.03,0.4342,40441.93,28167.452
002361.SZ,20231103,3.98,4.05,3.97,4.04,3.98,0.06,1.5075,196830.0,79151.536
002362.SZ,20231103,21.83,22.56,21.6,22.33,21.49,0.84,3.9088,129596.08,288076.071
002363.SZ,20231103,8.1,8.26,8.08,8.2,8.15,0.05,0.6135,211353.1,172910.365
002364.SZ,20231103,8.07,8.15,7.97,8.09,8.11,-0.02,-0.2466,174265.92,140871.346
002365.SZ,20231103,10.02,10.08,9.97,9.99,9.97,0.02,0.2006,26531.5,26592.333
002366.SZ,20231103,5.1,5.21,5.08,5.17,5.07,0.1,1.9724,111846.0,57894.825
002367.SZ,20231103,7.72,8.02,7.69,7.91,7.69,0.22,2.8609,89794.38,70850.624
002368.SZ,20231103,28.27,29.0,28.16,28.58,28.3,0.28,0.9894,88368.24,253502.558
002369.SZ,20231103,6.15,6.63,6.15,6.37,6.3,0.07,1.1111,898210.01,575376.631
002370.SZ,20231103,4.75,4.78,4.69,4.72,4.76,-0.04,-0.8403,265157.79,125265.951
002371.SZ,20231103,250.56,258.0,249.72,257.04,250.2,6.84,2.7338,62016.87,1578131.021
002372.SZ,20231103,16.41,16.69,16.36,16.5,16.38,0.12,0.7326,65538.55,108150.348
002373.SZ,20231103,11.39,11.72,11.35,11.61,11.31,0.3,2.6525,116346.08,134593.151
002374.SZ,20231103,3.7,3.71,3.67,3.67,3.69,-0.02,-0.542,117897.89,43454.532
002375.SZ,20231103,4.95,4.97,4.91,4.93,4.95,-0.02,-0.404,171255.37,84480.068
002376.SZ,20231103,7.37,7.57,7.36,7.54,7.37,0.17,2.3066,51672.3,38812.939
002377.SZ,20231103,2.64,2.65,2.59,2.6,2.63,-0.03,-1.1407,190643.0,49710.692
003041.SZ,20231103,17.0,17.13,16.81,16.82,17.0,-0.18,-1.0588,13444.6,22777.816
003042.SZ,20231103,17.79,17.95,17.64,17.9,17.83,0.07,0.3926,7419.0,13272.541
003043.SZ,20231103,54.04,56.37,53.95,55.9,54.17,1.73,3.1936,16777.0,92740.329
003816.SZ,20231103,3.03,3.06,2.99,2.99,3.03,-0.04,-1.3201,1099359.59,331217.12
300001.SZ,20231103,17.8,18.23,17.8,18.15,17.77,0.38,2.1384,75953.01,137559.836
300002.SZ,20231103,8.85,8.9,8.57,8.8,8.83,-0.03,-0.3398,821324.77,717878.384
300003.SZ,20231103,17.15,17.3,17.06,17.13,17.08,0.05,0.2927,151872.68,261123.604
300004.SZ,20231103,6.01,6.09,5.98,6.0,5.99,0.01,0.1669,58487.0,35295.271
300005.SZ,20231103,7.86,7.99,7.66,7.81,7.86,-0.05,-0.6361,207431.0,161866.516
300006.SZ,20231103,4.05,4.06,3.97,3.98,4.05,-0.07,-1.7284,151300.0,60573.57
300007.SZ,20231103,17.15,17.5,16.56,17.0,15.82,1.18,7.4589,270917.57,461656.674
300008.SZ,20231103,4.19,4.31,4.19,4.26,4.18,0.08,1.9139,319725.93,136473.359
300009.SZ,20231103,10.52,10.58,10.44,10.45,10.55,-0.1,-0.9479,92665.84,97353.56
300010.SZ,20231103,2.37,2.5,2.37,2.47,2.41,0.06,2.4896,187717.92,45658.623
300011.SZ,20231103,6.88,7.08,6.85,7.0,6.85,0.15,2.1898,79347.5,55706.44
300012.SZ,20231103,15.0,15.19,14.98,15.04,15.01,0.03,0.1999,109615.24,165339.962
300013.SZ,20231103,3.96,4.02,3.92,3.95,3.96,-0.01,-0.2525,124567.5,49532.813
300014.SZ,20231103,44.82,45.65,44.48,45.35,44.68,0.67,1.4996,145449.92,657068.135
300015.SZ,20231103,18.3,18.45,18.2,18.38,18.3,0.08,0.4372,296644.28,544531.941
300016.SZ,20231103,7.23,7.27,7.09,7.11,7.23,-0.12,-1.6598,74357.0,53317.859
300017.SZ,20231103,6.82,6.97,6.78,6.92,6.78,0.14,2.0649,461818.54,318873.624
300018.SZ,20231103,6.0,6.13,5.97,6.09,5.97,0.12,2.0101,63052.0,38365.184
300019.SZ,20231103,16.43,16.65,16.42,16.55,16.43,0.12,0.7304,19064.23,31581.41
300020.SZ,20231103,8.55,8.67,8.51,8.59,8.53,0.06,0.7034,136300.33,117311.41
300021.SZ,20231103,4.77,4.84,4.77,4.84,4.78,0.06,1.2552,104911.5,50400.082
300022.SZ,20231103,4.72,4.77,4.69,4.71,4.7,0.01,0.2128,43304.0,20526.917
300024.SZ,20231103,11.68,12.05,11.4,11.86,11.08,0.78,7.0397,852471.32,1001416.258
300025.SZ,20231103,8.95,9.03,8.89,8.94,8.89,0.05,0.5624,176768.28,158344.004
300026.SZ,20231103,4.44,4.51,4.42,4.47,4.44,0.03,0.6757,370807.0,166053.191
300027.SZ,20231103,2.64,2.67,2.59,2.64,2.62,0.02,0.7634,516408.0,135675.9
300029.SZ,20231103,8.25,8.76,8.24,8.36,8.66,-0.3,-3.4642,125084.85,105114.697
300030.SZ,20231103,8.28,8.28,7.95,7.97,8.15,-0.18,-2.2086,74335.0,59892.179
300031.SZ,20231103,17.55,17.6,16.88,17.51,17.9,-0.39,-2.1788,425077.25,737162.976
300032.SZ,20231103,7.88,8.15,6.97,7.02,7.38,-0.36,-4.878,1619340.0,1209171.147
300033.SZ,20231103,137.21,140.49,136.49,138.71,137.08,1.63,1.1891,51030.6,707241.407
300034.SZ,20231103,20.92,21.69,20.92,21.55,20.92,0.63,3.0115,42950.0,92306.536
300035.SZ,20231103,10.67,10.87,10.67,10.83,10.64,0.19,1.7857,78979.99,85333.238
300036.SZ,20231103,18.71,19.27,18.71,19.12,18.69,0.43,2.3007,86287.57,164847.013
300037.SZ,20231103,42.54,43.2,42.31,42.5,42.54,-0.04,-0.094,32851.9,140373.703
300039.SZ,20231103,6.78,6.95,6.78,6.86,6.9,-0.04,-0.5797,175773.0,121126.094
300040.SZ,20231103,5.57,5.65,5.55,5.61,5.56,0.05,0.8993,37625.6,21155.19
300685.SZ,20231103,21.22,21.76,21.22,21.69,21.01,0.68,3.2366,36770.96,79310.084
300686.SZ,20231103,10.81,11.06,10.79,10.99,10.8,0.19,1.7593,31489.0,34552.35
300687.SZ,20231103,23.92,24.51,23.57,23.92,23.8,0.12,0.5042,88415.69,212353.398
300688.SZ,20231103,28.68,29.15,28.15,28.9,28.64,0.26,0.9078,62398.96,179133.215
300689.SZ,20231103,19.4,20.31,19.38,20.22,19.38,0.84,4.3344,17134.4,34428.918
300690.SZ,20231103,17.57,18.5,17.54,17.93,17.51,0.42,2.3986,65334.45,117326.229
300691.SZ,20231103,17.72,18.52,17.72,18.41,17.69,0.72,4.0701,60808.91,111289.618
300692.SZ,20231103,6.47,6.51,6.43,6.48,6.43,0.05,0.7776,19102.65,12375.912
300693.SZ,20231103,25.85,26.77,25.85,26.51,25.85,0.66,2.5532,81477.55,216277.878
300694.SZ,20231103,12.08,12.21,11.61,11.82,11.97,-0.15,-1.2531,221380.0,260513.015
300695.SZ,20231103,51.47,51.97,51.03,51.88,51.23,0.65,1.2688,4191.57,21627.423
300696.SZ,20231103,18.53,19.05,18.22,18.86,18.33,0.53,2.8914,33193.78,62297.078
300697.SZ,20231103,10.81,10.96,10.77,10.8,10.86,-0.06,-0.5525,23932.4,26008.368
300698.SZ,20231103,36.0,37.2,35.75,35.83,36.0,-0.17,-0.4722,23513.0,85092.62
300699.SZ,20231103,24.91,25.47,24.65,25.19,24.85,0.34,1.3682,79331.38,198693.557
300700.SZ,20231103,16.92,17.64,16.92,17.6,16.9,0.7,4.142,39746.46,69381.294
300701.SZ,20231103,10.53,10.89,10.51,10.79,10.46,0.33,3.1549,41435.6,44615.438
300702.SZ,20231103,22.46,22.72,22.35,22.46,22.55,-0.09,-0.3991,13517.2,30405.532
300703.SZ,20231103,10.9,10.97,10.48,10.53,10.95,-0.42,-3.8356,133291.75,141165.024
300705.SZ,20231103,25.82,26.58,25.82,26.1,25.95,0.15,0.578,29868.0,78156.039
300706.SZ,20231103,26.1,26.82,25.85,26.71,25.82,0.89,3.4469,50717.09,134517.744
300707.SZ,20231103,15.41,15.74,15.31,15.67,15.26,0.41,2.6868,45829.0,71515.123
300708.SZ,20231103,11.03,11.35,11.03,11.31,11.02,0.29,2.6316,96855.2,108609.856
300709.SZ,20231103,33.43,35.56,32.88,33.81,34.72,-0.91,-2.621,369352.27,1258441.444
300710.SZ,20231103,24.34,24.65,24.2,24.4,24.4,0.0,0.0,11544.55,28205.628
300711.SZ,20231103,13.13,13.74,13.11,13.64,13.05,0.59,4.5211,65617.8,88865.84
300712.SZ,20231103,26.97,27.58,26.8,27.43,26.97,0.46,1.7056,12383.5,33919.295
300713.SZ,20231103,17.36,18.03,17.36,18.0,17.38,0.62,3.5673,37110.0,66406.399
300715.SZ,20231103,12.31,12.5,12.29,12.47,12.3,0.17,1.3821,11554.8,14355.456
300716.SZ,20231103,11.8,12.03,11.69,11.95,11.75,0.2,1.7021,19744.5,23572.732
300717.SZ,20231103,16.85,17.09,16.63,16.84,16.71,0.13,0.778,8754.0,14846.822
300718.SZ,20231103,16.75,17.38,16.6,17.21,16.38,0.83,5.0672,46058.0,78872.816
300719.SZ,20231103,13.0,13.27,12.96,13.19,12.95,0.24,1.8533,43085.0,56793.565
300720.SZ,20231103,12.9,13.28,12.75,13.15,12.82,0.33,2.5741,17543.4,23063.096
300721.SZ,20231103,15.25,15.76,15.25,15.69,15.41,0.28,1.817,27287.6,42696.521
300722.SZ,20231103,26.53,27.39,26.53,26.96,26.52,0.44,1.6591,42179.62,113954.551
300723.SZ,20231103,30.61,30.75,29.55,29.75,30.34,-0.59,-1.9446,64219.72,192267.935
300724.SZ,20231103,70.46,73.59,70.37,71.97,70.17,1.8,2.5652,73062.87,526735.146
300725.SZ,20231103,44.08,44.99,43.83,44.38,44.1,0.28,0.6349,23739.69,105450.837
300726.SZ,20231103,31.99,33.49,31.88,33.37,31.88,1.49,4.6738,37932.34,125172.435
300727.SZ,20231103,25.21,25.5,24.9,24.94,24.93,0.01,0.0401,14045.0,35165.237
301511.SZ,20231103,26.5,27.38,26.34,27.01,26.24,0.77,2.9345,31882.48,86229.249
301512.SZ,20231103,55.88,56.95,54.91,56.0,54.22,1.78,3.2829,11769.43,65935.454
301515.SZ,20231103,32.4,33.28,32.39,32.9,32.39,0.51,1.5746,10688.08,35089.501
301517.SZ,20231103,63.01,65.46,62.51,63.77,63.11,0.66,1.0458,48460.15,310789.684
301518.SZ,20231103,24.47,25.08,24.47,25.0,24.46,0.54,2.2077,9850.41,24558.425
301519.SZ,20231103,22.17,22.93,22.17,22.64,22.35,0.29,1.2975,41370.69,93720.613
301520.SZ,20231103,61.0,62.48,60.71,61.45,60.77,0.68,1.119,17792.36,109809.502
301525.SZ,20231103,80.24,84.6,80.24,83.86,79.06,4.8,6.0713,39458.51,329344.905
301528.SZ,20231103,80.65,95.21,80.64,91.91,80.83,11.08,13.7078,54663.31,476819.271
301529.SZ,20231103,44.88,46.49,44.47,45.07,44.56,0.51,1.1445,41415.54,188292.878
301533.SZ,20231103,38.99,40.55,38.98,39.87,38.9,0.97,2.4936,13251.81,53002.256
301548.SZ,20231103,62.31,64.66,62.31,62.88,63.0,-0.12,-0.1905,12912.54,81939.723
301550.SZ,20231103,51.7,57.98,51.68,54.8,49.8,5.0,10.0402,72307.23,392485.009
301555.SZ,20231103,60.12,66.92,56.3,57.01,64.01,-7.0,-10.9358,123039.45,733755.837
301558.SZ,20231103,14.02,14.08,13.5,13.73,14.52,-0.79,-5.4408,329076.38,452623.759
301559.SZ,20231103,20.02,20.5,20.0,20.38,19.91,0.47,2.3606,64896.43,132103.608
600000.SH,20231103,6.94,6.95,6.89,6.89,6.94,-0.05,-0.7205,222025.36,153480.943
600004.SH,20231103,10.54,10.71,10.52,10.63,10.54,0.09,0.8539,85840.0,91243.94
600006.SH,20231103,6.69,6.69,6.35,6.5,6.72,-0.22,-3.2738,1241733.47,804847.673
600007.SH,20231103,20.67,20.95,20.23,20.31,20.79,-0.48,-2.3088,27289.28,55846.214
600008.SH,20231103,2.76,2.79,2.75,2.75,2.75,0.0,0.0,368714.8,102081.144
600009.SH,20231103,36.72,37.4,36.72,37.27,36.72,0.55,1.4978,78822.62,293286.829
600010.SH,20231103,1.61,1.63,1.6,1.61,1.6,0.01,0.625,1480295.39,239225.138
600011.SH,20231103,7.62,7.84,7.59,7.67,7.62,0.05,0.6562,417193.63,322713.489
600012.SH,20231103,10.24,10.39,10.11,10.13,10.29,-0.16,-1.5549,51807.44,52800.324
600015.SH,20231103,5.7,5.71,5.62,5.63,5.69,-0.06,-1.0545,260814.94,147360.074
600016.SH,20231103,3.81,3.83,3.78,3.79,3.8,-0.01,-0.2632,757009.42,287922.392
600017.SH,20231103,2.85,2.86,2.82,2.83,2.84,-0.01,-0.3521,312079.74,88674.935
600018.SH,20231103,5.07,5.09,4.98,4.99,5.07,-0.08,-1.5779,151205.36,75992.638
600019.SH,20231103,6.3,6.34,6.15,6.17,6.29,-0.12,-1.9078,934810.29,581801.449
600020.SH,20231103,3.54,3.56,3.47,3.47,3.55,-0.08,-2.2535,116930.0,40925.511
600021.SH,20231103,8.67,8.81,8.66,8.76,8.67,0.09,1.0381,243676.87,213432.376
600022.SH,20231103,1.42,1.44,1.42,1.42,1.42,0.0,0.0,375089.92,53523.16
600023.SH,20231103,4.49,4.58,4.47,4.53,4.49,0.04,0.8909,338154.03,153114.337
600025.SH,20231103,7.83,7.92,7.78,7.8,7.83,-0.03,-0.3831,227469.5,178148.618
600026.SH,20231103,14.32,14.55,14.18,14.49,14.47,0.02,0.1382,174727.83,251621.189
600027.SH,20231103,4.96,5.03,4.9,4.94,4.94,0.0,0.0,544301.87,269607.041
600028.SH,20231103,5.54,5.61,5.49,5.51,5.53,-0.02,-0.3617,1219224.79,675773.096
600029.SH,20231103,6.12,6.14,6.03,6.05,6.11,-0.06,-0.982,322785.94,196265.787
600030.SH,20231103,21.53,21.9,21.42,21.86,21.53,0.33,1.5327,895102.65,1944098.923
600031.SH,20231103,14.08,14.28,14.08,14.24,14.04,0.2,1.4245,438647.29,623242.089
600032.SH,20231103,8.23,8.45,8.22,8.33,8.21,0.12,1.4616,143294.06,119948.729
600809.SH,20231103,245.81,251.08,245.0,249.58,246.73,2.85,1.1551,25045.59,624103.777
600810.SH,20231103,7.85,7.94,7.84,7.89,7.83,0.06,0.7663,51466.0,40711.875
600811.SH,20231103,2.25,2.31,2.23,2.3,2.25,0.05,2.2222,735684.19,167006.874
600812.SH,20231103,6.03,6.08,5.96,5.96,6.02,-0.06,-0.9967,100412.99,60358.397
600814.SH,20231103,7.11,7.13,7.04,7.07,7.08,-0.01,-0.1412,109094.0,77171.902
600815.SH,20231103,2.61,2.64,2.61,2.64,2.62,0.02,0.7634,37622.65,9896.165
600816.SH,20231103,3.23,3.42,3.22,3.42,3.26,0.16,4.908,181312.36,60536.798
600817.SH,20231103,8.59,8.87,8.59,8.84,8.64,0.2,2.3148,28867.55,25377.471
600818.SH,20231103,13.06,13.39,13.02,13.31,13.03,0.28,2.1489,36261.0,48183.329
600819.SH,20231103,4.94,4.95,4.88,4.89,4.9,-0.01,-0.2041,38216.0,18787.436
600820.SH,20231103,5.54,5.58,5.53,5.54,5.55,-0.01,-0.1802,139243.02,77307.842
600821.SH,20231103,6.73,6.74,6.66,6.68,6.71,-0.03,-0.4471,123415.56,82727.116
600822.SH,20231103,10.85,10.99,10.66,10.68,10.82,-0.14,-1.2939,110719.9,119187.81
600823.SH,20231103,1.27,1.29,1.26,1.27,1.27,0.0,0.0,223993.41,28514.497
600824.SH,20231103,3.75,3.78,3.7,3.71,3.75,-0.04,-1.0667,76091.0,28435.766
600825.SH,20231103,4.34,4.36,4.26,4.32,4.32,0.0,0.0,131937.21,56770.628
600826.SH,20231103,9.3,9.44,9.28,9.38,9.3,0.08,0.8602,53825.15,50482.869
600827.SH,20231103,10.18,10.35,10.17,10.26,10.19,0.07,0.6869,59106.0,60735.955
600828.SH,20231103,3.78,3.8,3.71,3.72,3.78,-0.06,-1.5873,55478.82,20794.214
600829.SH,20231103,7.61,7.74,7.61,7.63,7.61,0.02,0.2628,50559.0,38743.795
600830.SH,20231103,6.3,6.33,6.25,6.28,6.27,0.01,0.1595,48718.0,30660.422
600831.SH,20231103,5.5,5.59,5.42,5.56,5.46,0.1,1.8315,118536.97,65529.03
600833.SH,20231103,11.53,11.56,11.4,11.43,11.56,-0.13,-1.1246,33267.0,38164.115
600834.SH,20231103,8.05,8.14,8.02,8.04,8.07,-0.03,-0.3717,22703.37,18345.297
600835.SH,20231103,12.5,12.77,12.5,12.7,12.33,0.37,3.0008,81537.39,103211.971
600836.SH,20231103,3.95,4.0,3.94,3.96,3.94,0.02,0.5076,73718.0,29249.352
600837.SH,20231103,9.79,9.84,9.73,9.8,9.73,0.07,0.7194,259742.05,254350.167
600838.SH,20231103,7.34,7.68,7.33,7.45,7.32,0.13,1.776,113180.71,84651.162
600839.SH,20231103,5.5,5.56,5.46,5.51,5.52,-0.01,-0.1812,3109236.68,1714558.307
600841.SH,20231103,6.02,6.19,6.0,6.13,6.07,0.06,0.9885,68235.2,41759.564
600843.SH,20231103,5.62,5.79,5.61,5.76,5.61,0.15,2.6738,84765.0,48554.249
600844.SH,20231103,2.86,2.88,2.82,2.84,2.85,-0.01,-0.3509,53865.0,15353.803
600845.SH,20231103,41.53,42.2,41.41,41.78,41.55,0.23,0.5535,41000.89,171534.477
600846.SH,20231103,9.81,9.95,9.67,9.73,9.81,-0.08,-0.8155,101836.28,99817.402
600847.SH,20231103,11.44,11.68,11.38,11.57,11.39,0.18,1.5803,12639.99,14656.492
600848.SH,20231103,10.76,10.93,10.73,10.79,10.79,0.0,0.0,45211.92,48977.219
600850.SH,20231103,22.81,24.06,22.81,23.65,22.79,0.86,3.7736,94789.1,223563.392
600851.SH,20231103,6.85,6.95,6.82,6.86,6.85,0.01,0.146,36262.33,24994.788
600853.SH,20231103,4.3,4.32,4.26,4.29,4.33,-0.04,-0.9238,405663.41,174021.321
600854.SH,20231103,4.99,5.1,4.98,5.0,4.98,0.02,0.4016,90067.0,45371.394
600855.SH,20231103,10.85,11.04,10.83,10.98,10.8,0.18,1.6667,41264.77,45242.408
603477.SH,20231103,31.65,32.35,31.21,32.07,31.44,0.63,2.0038,55181.0,175117.853
603486.SH,20231103,42.49,44.58,42.46,44.32,42.09,2.23,5.2982,91526.5,400856.022
603488.SH,20231103,8.15,8.89,8.03,8.89,8.08,0.81,10.0248,96468.7,83569.4
603489.SH,20231103,46.21,48.95,46.09,48.34,45.95,2.39,5.2013,15128.78,72329.412
603496.SH,20231103,27.44,27.49,26.77,26.91,27.11,-0.2,-0.7377,284432.21,770712.326
603499.SH,20231103,9.61,9.73,9.49,9.65,9.5,0.15,1.5789,23998.96,23193.09
603500.SH,20231103,11.3,11.57,11.3,11.47,11.32,0.15,1.3251,22183.56,25473.978
603501.SH,20231103,105.0,107.48,104.98,106.39,104.98,1.41,1.3431,209585.47,2235656.457
603505.SH,20231103,29.57,29.91,29.07,29.32,29.45,-0.13,-0.4414,44254.89,130533.727
603506.SH,20231103,11.57,11.7,11.51,11.53,11.49,0.04,0.3481,16277.62,18894.741
603507.SH,20231103,25.6,26.18,25.51,25.79,25.58,0.21,0.821,25469.9,65881.064
603508.SH,20231103,15.27,15.68,15.25,15.57,15.27,0.3,1.9646,23051.94,35892.286
603511.SH,20231103,16.1,16.26,16.02,16.07,16.1,-0.03,-0.1863,12703.0,20479.824
603515.SH,20231103,19.39,19.74,19.35,19.43,19.43,0.0,0.0,23152.22,45196.037
603516.SH,20231103,18.41,19.77,17.76,19.19,18.23,0.96,5.266,154486.07,290473.349
603517.SH,20231103,34.65,35.89,34.61,35.45,34.69,0.76,2.1908,45091.81,159948.459
603518.SH,20231103,8.85,9.08,8.78,8.88,8.86,0.02,0.2257,64305.67,57369.493
603519.SH,20231103,13.0,13.28,12.99,13.24,13.0,0.24,1.8462,19618.96,25917.956
603520.SH,20231103,15.5,15.72,15.5,15.58,15.57,0.01,0.0642,21577.26,33705.721
603527.SH,20231103,10.48,10.62,10.42,10.53,10.42,0.11,1.0557,18967.35,19994.103
603528.SH,20231103,7.8,8.59,7.79,8.59,7.81,0.78,9.9872,403769.0,339905.246
603529.SH,20231103,27.95,29.2,27.95,28.4,27.92,0.48,1.7192,49891.6,143479.039
603530.SH,20231103,14.55,14.73,14.47,14.63,14.51,0.12,0.827,14074.0,20625.393
603533.SH,20231103,20.8,21.45,19.91,21.0,20.81,0.19,0.913,394803.64,816974.14
603535.SH,20231103,17.11,17.23,17.06,17.16,17.11,0.05,0.2922,7308.4,12533.513
603536.SH,20231103,8.07,8.2,8.0,8.14,8.05,0.09,1.118,25900.0,21074.379
603538.SH,20231103,20.3,20.54,20.1,20.21,20.38,-0.17,-0.8342,45288.93,91822.229
603551.SH,20231103,10.34,10.67,10.34,10.5,10.31,0.19,1.8429,22576.05,23786.16
603555.SH,20231103,1.78,1.79,1.74,1.77,1.78,-0.01,-0.5618,288631.75,51014.145
603556.SH,20231103,22.45,22.95,22.45,22.92,22.4,0.52,2.3214,31275.83,71230.943
603557.SH,20231103,2.25,2.28,2.23,2.24,2.26,-0.02,-0.885,36269.0,8174.4
603558.SH,20231103,9.34,9.38,9.14,9.16,9.35,-0.19,-2.0321,37304.41,34455.802
603559.SH,20231103,8.66,9.12,8.66,8.83,8.9,-0.07,-0.7865,32400.47,28781.815
603565.SH,20231103,9.32,9.6,9.19,9.34,9.32,0.02,0.2146,61725.61,57985.776
603566.SH,20231103,20.02,20.48,20.0,20.23,20.15,0.08,0.397,15371.0,31184.741
603567.SH,20231103,13.35,14.37,13.21,14.28,13.06,1.22,9.3415,371089.71,524335.865
603568.SH,20231103,18.2,18.32,18.11,18.16,18.22,-0.06,-0.3293,27436.04,49942.252
603569.SH,20231103,12.28,12.72,12.27,12.55,12.28,0.27,2.1987,132911.07,166811.416
603577.SH,20231103,9.08,9.3,9.04,9.22,9.12,0.1,1.0965,15884.4,14676.661
603578.SH,20231103,13.9,14.24,13.78,14.15,13.78,0.37,2.6851,34817.22,49113.52
603579.SH,20231103,20.15,20.49,20.12,20.39,20.08,0.31,1.5438,23055.32,46964.946
688355.SH,20231103,19.5,20.15,19.37,19.89,19.37,0.52,2.6846,12541.4,24826.503
688356.SH,20231103,131.92,134.98,130.2,132.8,132.63,0.17,0.1282,5209.28,68560.569
688357.SH,20231103,53.36,53.98,52.62,53.55,53.26,0.29,0.5445,11487.33,61093.534
688358.SH,20231103,41.32,43.33,40.57,42.38,41.0,1.38,3.3659,23756.16,100480.029
688359.SH,20231103,65.1,68.96,65.1,67.5,64.9,2.6,4.0062,8306.21,55993.197
688360.SH,20231103,19.28,20.11,19.17,19.89,19.11,0.78,4.0816,17357.57,34392.401
688361.SH,20231103,74.62,78.3,74.48,77.8,74.82,2.98,3.9829,18004.42,138089.993
688362.SH,20231103,27.5,32.83,27.33,32.83,27.36,5.47,19.9927,122091.77,381831.652
688363.SH,20231103,74.75,77.67,74.6,76.5,74.71,1.79,2.3959,20722.66,158445.426
688365.SH,20231103,10.89,11.01,10.7,10.9,10.7,0.2,1.8692,55898.29,60919.091
688366.SH,20231103,97.44,102.5,97.44,100.39,97.32,3.07,3.1545,9504.1,95570.608
688367.SH,20231103,17.3,17.62,17.17,17.4,17.15,0.25,1.4577,5224.32,9105.378
688368.SH,20231103,111.55,115.85,111.55,114.84,111.55,3.29,2.9494,6523.24,74515.476
688369.SH,20231103,35.49,36.7,34.81,35.6,35.75,-0.15,-0.4196,49199.89,174270.077
688370.SH,20231103,25.1,25.39,25.1,25.23,25.12,0.11,0.4379,1867.71,4716.103
688371.SH,20231103,17.59,19.65,17.28,19.31,17.37,1.94,11.1687,88280.98,166026.621
688372.SH,20231103,80.36,84.3,78.51,83.91,79.99,3.92,4.9006,28471.95,233118.085
688373.SH,20231103,6.93,7.06,6.9,6.99,6.92,0.07,1.0116,29347.56,20496.123
688375.SH,20231103,81.88,84.6,81.0,82.8,81.2,1.6,1.9704,8361.63,69570.609
688376.SH,20231103,35.66,37.78,35.35,37.39,35.35,2.04,5.7709,24033.81,88781.939
688377.SH,20231103,23.22,23.78,23.22,23.46,23.22,0.24,1.0336,8718.68,20494.037
688378.SH,20231103,37.08,38.85,35.6,38.31,36.06,2.25,6.2396,39141.85,147409.179
688379.SH,20231103,19.62,20.45,19.62,20.13,19.54,0.59,3.0194,14648.79,29484.965
688380.SH,20231103,23.64,24.74,23.27,24.58,23.44,1.14,4.8635,29674.07,72357.914
688381.SH,20231103,25.54,26.51,25.26,26.41,25.27,1.14,4.5113,24707.04,64344.923
688382.SH,20231103,16.85,17.16,16.58,16.96,17.0,-0.04,-0.2353,64199.25,108441.995
688383.SH,20231103,85.77,101.79,85.1,98.0,85.59,12.41,14.4994,19832.23,186886.178
688385.SH,20231103,45.0,47.8,44.74,47.47,44.81,2.66,5.9362,71776.91,335185.912
688386.SH,20231103,38.8,39.82,38.56,39.59,38.79,0.8,2.0624,4444.64,17548.548
688387.SH,20231103,7.09,7.24,7.09,7.13,7.05,0.08,1.1348,116207.5,83064.928
688388.SH,20231103,20.18,20.56,20.12,20.54,20.0,0.54,2.7,31241.19,63829.161
688389.SH,20231103,21.95,22.14,21.7,21.93,21.98,-0.05,-0.2275,29829.12,65381.555
688390.SH,20231103,108.48,114.26,108.38,113.9,108.09,5.81,5.3752,40424.53,454520.773
688391.SH,20231103,50.31,52.19,50.08,51.98,50.19,1.79,3.5664,9104.25,46938.078
688392.SH,20231103,77.8,80.26,76.96,79.64,77.4,2.24,2.8941,6984.4,55213.17
688393.SH,20231103,26.01,26.02,25.51,25.55,26.01,-0.46,-1.7686,13959.86,35896.489
688395.SH,20231103,22.88,23.98,22.72,23.55,22.52,1.03,4.5737,11905.57,28125.325
688396.SH,20231103,53.81,54.75,53.71,54.24,53.8,0.44,0.8178,29941.16,162711.178
688398.SH,20231103,30.4,31.38,30.2,31.0,30.3,0.7,2.3102,8078.31,25035.51
688399.SH,20231103,51.61,52.24,51.4,51.74,51.4,0.34,0.6615,3591.82,18575.301
688400.SH,20231103,23.62,24.55,23.62,24.17,23.18,0.99,4.2709,50499.11,122210.244
000692.SZ,20231103,2.6,2.66,2.6,2.65,2.6,0.05,1.9231,21134.58,5568.729
000695.SZ,20231103,11.2,11.39,11.11,11.28,11.21,0.07,0.6244,10214.0,11528.225
000697.SZ,20231103,5.07,5.26,5.01,5.13,5.09,0.04,0.7859,74390.09,38193.648
000698.SZ,20231103,4.2,4.28,4.19,4.23,4.19,0.04,0.9547,69902.1,29638.539
000700.SZ,20231103,8.11,8.33,7.94,8.05,8.03,0.02,0.2491,345460.05,279478.417
000701.SZ,20231103,5.81,5.9,5.79,5.87,5.81,0.06,1.0327,62889.26,36923.735
000702.SZ,20231103,5.81,5.94,5.81,5.87,5.85,0.02,0.3419,44923.0,26419.328
000703.SZ,20231103,7.16,7.32,7.15,7.22,7.17,0.05,0.6974,76447.0,55363.657
000705.SZ,20231103,8.74,8.78,8.68,8.69,8.69,0.0,0.0,63985.0,55822.441
000707.SZ,20231103,7.37,7.5,7.37,7.46,7.36,0.1,1.3587,54884.5,40973.418
000708.SZ,20231103,14.42,14.61,14.39,14.44,14.4,0.04,0.2778,62161.56,90084.884
000709.SZ,20231103,2.22,2.24,2.18,2.18,2.22,-0.04,-1.8018,770994.32,170199.973
000710.SZ,20231103,10.71,10.81,10.66,10.71,10.67,0.04,0.3749,32939.0,35366.869
000711.SZ,20231103,1.9,1.93,1.9,1.92,1.91,0.01,0.5236,131334.6,25154.401
000712.SZ,20231103,14.59,15.33,14.46,15.08,14.65,0.43,2.9352,797863.04,1194806.907
000713.SZ,20231103,8.11,8.16,8.1,8.14,8.08,0.06,0.7426,44602.61,36288.861
000715.SZ,20231103,7.42,7.46,7.28,7.39,7.42,-0.03,-0.4043,44125.0,32642.629
000716.SZ,20231103,6.19,6.25,6.16,6.23,6.16,0.07,1.1364,120172.0,74823.094
000717.SZ,20231103,2.93,2.94,2.85,2.86,2.92,-0.06,-2.0548,176169.0,50923.342
000718.SZ,20231103,2.78,2.8,2.68,2.69,2.82,-0.13,-4.6099,479966.92,129933.284
000719.SZ,20231103,10.24,10.25,10.02,10.11,10.26,-0.15,-1.462,156236.35,158093.394
000720.SZ,20231103,4.42,4.44,4.35,4.36,4.4,-0.04,-0.9091,29625.0,13016.135
000721.SZ,20231103,10.6,10.81,10.6,10.75,10.59,0.16,1.5109,119681.0,128414.548
000722.SZ,20231103,9.91,10.03,9.87,9.94,9.91,0.03,0.3027,21250.0,21194.715
000723.SZ,20231103,6.97,7.04,6.96,7.01,6.94,0.07,1.0086,179295.0,125635.308
000725.SZ,20231103,3.8,3.87,3.77,3.85,3.79,0.06,1.5831,4184209.11,1602869.994
000726.SZ,20231103,6.74,6.75,6.66,6.67,6.73,-0.06,-0.8915,32790.67,21939.895
000727.SZ,20231103,2.67,2.72,2.66,2.69,2.67,0.02,0.7491,1100967.0,296425.911
000728.SZ,20231103,6.87,6.94,6.84,6.91,6.85,0.06,0.8759,312467.83,215627.275
000729.SZ,20231103,10.2,10.4,10.2,10.35,10.24,0.11,1.0742,116949.15,120869.189
000731.SZ,20231103,7.34,7.38,7.33,7.34,7.31,0.03,0.4104,39391.0,28961.231
000733.SZ,20231103,64.2,66.35,64.12,66.05,64.24,1.81,2.8176,56159.13,369167.759
000735.SZ,20231103,5.66,5.71,5.65,5.69,5.66,0.03,0.53,88049.26,50041.254
000736.SZ,20231103,11.16,11.17,10.95,11.13,11.1,0.03,0.2703,112072.07,124352.062
000737.SZ,20231103,5.49,5.56,5.48,5.48,5.5,-0.02,-0.3636,68680.01,37850.426
000738.SZ,20231103,20.52,20.97,20.5,20.81,20.54,0.27,1.3145,42041.4,87446.8
000739.SZ,20231103,17.01,17.27,16.85,16.87,17.01,-0.14,-0.823,101248.53,172497.692
000750.SZ,20231103,3.55,3.6,3.55,3.58,3.55,0.03,0.8451,546341.29,195663.673
000751.SZ,20231103,3.24,3.26,3.22,3.23,3.25,-0.02,-0.6154,108249.1,35019.22
000752.SZ,20231103,7.09,7.46,6.98,7.46,7.1,0.36,5.0704,198384.01,145019.265
000753.SZ,20231103,4.44,4.48,4.43,4.43,4.44,-0.01,-0.2252,81393.0,36190.101
002378.SZ,20231103,5.66,5.75,5.64,5.69,5.66,0.03,0.53,70972.8,40530.689
002379.SZ,20231103,4.48,4.53,4.44,4.51,4.48,0.03,0.6696,50692.0,22853.695
002380.SZ,20231103,17.54,17.92,17.32,17.85,17.35,0.5,2.8818,65984.48,117271.2
002381.SZ,20231103,7.75,7.82,7.73,7.76,7.76,0.0,0.0,43782.43,34095.252
002382.SZ,20231103,6.93,7.01,6.91,6.92,6.95,-0.03,-0.4317,71570.61,49790.259
002383.SZ,20231103,7.62,7.85,7.61,7.78,7.71,0.07,0.9079,341187.73,265111.91
002384.SZ,20231103,18.3,19.05,18.26,18.95,18.24,0.71,3.8925,350202.95,658739.092
002385.SZ,20231103,6.82,6.85,6.72,6.74,6.81,-0.07,-1.0279,720749.79,486988.118
002386.SZ,20231103,5.49,5.53,5.47,5.49,5.47,0.02,0.3656,48507.09,26692.147
002387.SZ,20231103,10.85,11.3,10.65,11.07,10.92,0.15,1.3736,579263.04,640902.999
002388.SZ,20231103,6.63,6.73,6.45,6.73,6.63,0.1,1.5083,229722.8,152082.353
002389.SZ,20231103,19.6,19.91,19.6,19.82,19.58,0.24,1.2257,73963.68,146533.946
002390.SZ,20231103,4.82,4.84,4.77,4.78,4.83,-0.05,-1.0352,160763.41,77206.5
002391.SZ,20231103,6.56,6.56,6.52,6.52,6.53,-0.01,-0.1531,26216.0,17146.114
002392.SZ,20231103,3.77,3.8,3.7,3.71,3.76,-0.05,-1.3298,111904.58,41820.697
002393.SZ,20231103,26.81,26.84,26.08,26.18,26.61,-0.43,-1.6159,29464.01,77382.427
002394.SZ,20231103,9.01,9.03,8.93,8.99,8.94,0.05,0.5593,38326.0,34445.33
002395.SZ,20231103,11.23,11.44,11.22,11.32,11.21,0.11,0.9813,30349.0,34391.923
002396.SZ,20231103,17.79,18.26,17.78,18.2,17.8,0.4,2.2472,65590.61,118942.117
002397.SZ,20231103,3.68,3.74,3.66,3.68,3.69,-0.01,-0.271,118677.53,43805.464
002398.SZ,20231103,4.92,4.98,4.91,4.96,4.92,0.04,0.813,50533.0,25046.395
002399.SZ,20231103,12.4,12.51,12.3,12.41,12.42,-0.01,-0.0805,28789.0,35784.514
002400.SZ,20231103,5.15,5.22,5.11,5.19,5.23,-0.04,-0.7648,786932.4,406382.751
002401.SZ,20231103,17.15,17.62,17.1,17.5,17.18,0.32,1.8626,62468.12,109197.026
002402.SZ,20231103,13.65,14.19,13.65,14.13,13.65,0.48,3.5165,155889.11,218659.314
002403.SZ,20231103,8.36,8.53,8.27,8.43,8.21,0.22,2.6797,60880.0,51427.971
002404.SZ,20231103,6.16,6.2,6.13,6.18,6.16,0.02,0.3247,29775.0,18390.485
002405.SZ,20231103,9.8,10.12,9.79,10.09,9.76,0.33,3.3811,265023.42,265679.562
002406.SZ,20231103,6.26,6.47,6.23,6.45,6.2,0.25,4.0323,703504.5,450257.355
002407.SZ,20231103,15.67,15.9,15.65,15.84,15.65,0.19,1.2141,76817.58,121438.366
002408.SZ,20231103,5.89,6.0,5.87,5.92,5.87,0.05,0.8518,100743.27,59883.049
002409.SZ,20231103,54.37,56.9,54.11,56.42,54.35,2.07,3.8086,81320.1,453372.516
002410.SZ,20231103,17.81,19.05,17.79,18.6,17.8,0.8,4.4944,412662.2,766900.02
002412.SZ,20231103,6.78,6.81,6.73,6.76,6.78,-0.02,-0.295,59680.06,40413.297
002413.SZ,20231103,5.58,6.11,5.56,5.95,5.55,0.4,7.2072,1411165.08,835963.931
002414.SZ,20231103,7.75,7.93,7.72,7.87,7.71,0.16,2.0752,154546.72,121279.377
002415.SZ,20231103,36.0,36.31,35.76,35.81,35.87,-0.06,-0.1673,164707.67,592987.816
002416.SZ,20231103,7.81,7.86,7.73,7.75,7.77,-0.02,-0.2574,73844.27,57582.882
002418.SZ,20231103,2.93,2.95,2.93,2.94,2.93,0.01,0.3413,120608.09,35433.072
002419.SZ,20231103,5.44,5.44,5.38,5.39,5.41,-0.02,-0.3697,82489.0,44632.175
002420.SZ,20231103,6.86,7.27,6.75,7.13,6.91,0.22,3.1838,573459.51,400669.227
300041.SZ,20231103,9.57,10.24,9.56,10.13,9.58,0.55,5.7411,237565.89,235390.337
300042.SZ,20231103,26.1,31.32,26.03,31.32,26.1,5.22,20.0,276275.49,818535.111
300043.SZ,20231103,3.68,3.7,3.58,3.61,3.69,-0.08,-2.168,622977.0,225336.909
300044.SZ,20231103,4.92,5.32,4.92,5.21,4.84,0.37,7.6446,1261684.26,656337.379
300045.SZ,20231103,26.07,26.75,25.94,26.28,25.9,0.38,1.4672,576949.5,1520314.432
300046.SZ,20231103,16.42,16.94,16.37,16.85,16.43,0.42,2.5563,44520.92,74646.208
300047.SZ,20231103,8.68,8.84,8.67,8.77,8.7,0.07,0.8046,334257.42,292466.22
300048.SZ,20231103,5.05,5.13,5.02,5.09,5.03,0.06,1.1928,63142.0,32177.308
300049.SZ,20231103,37.68,38.5,35.75,35.88,38.07,-2.19,-5.7526,97850.35,360321.165
300050.SZ,20231103,4.87,5.0,4.87,4.94,4.85,0.09,1.8557,175619.0,86911.045
300051.SZ,20231103,11.33,11.46,11.12,11.39,11.28,0.11,0.9752,40386.0,45861.769
300052.SZ,20231103,18.8,19.07,18.53,18.9,19.17,-0.27,-1.4085,199203.3,374320.015
300053.SZ,20231103,12.47,13.0,12.47,12.87,12.39,0.48,3.8741,271771.25,348375.669
300054.SZ,20231103,23.88,24.52,23.38,24.39,24.08,0.31,1.2874,140522.63,338812.324
300055.SZ,20231103,6.85,6.94,6.84,6.88,6.86,0.02,0.2915,30491.82,21045.921
300056.SZ,20231103,7.04,7.32,7.02,7.25,7.08,0.17,2.4011,94894.25,68648.546
300057.SZ,20231103,6.12,6.25,6.1,6.21,6.12,0.09,1.4706,62535.19,38812.518
300058.SZ,20231103,7.35,7.52,7.23,7.4,7.46,-0.06,-0.8043,1553498.65,1145607.477
300059.SZ,20231103,15.11,15.42,15.09,15.36,15.05,0.31,2.0598,1857262.44,2842849.854
300061.SZ,20231103,6.02,6.12,6.01,6.06,6.05,0.01,0.1653,93362.0,56642.231
300062.SZ,20231103,6.18,6.31,6.18,6.26,6.18,0.08,1.2945,63986.4,40154.606
300063.SZ,20231103,5.6,6.08,5.59,5.8,6.12,-0.32,-5.2288,2043500.18,1179878.247
300065.SZ,20231103,10.24,10.72,10.24,10.66,10.24,0.42,4.1016,216908.71,229576.234
300066.SZ,20231103,5.36,5.47,5.34,5.42,5.34,0.08,1.4981,99452.0,54029.129
300067.SZ,20231103,3.07,3.08,3.04,3.05,3.05,0.0,0.0,55839.86,17105.068
300068.SZ,20231103,13.11,13.5,13.08,13.44,13.06,0.38,2.9096,216442.62,289803.042
300069.SZ,20231103,14.8,15.19,14.75,14.98,14.8,0.18,1.2162,8368.01,12608.398
300070.SZ,20231103,5.06,5.13,5.05,5.08,5.06,0.02,0.3953,166271.48,84721.344
300071.SZ,20231103,3.63,3.67,3.6,3.64,3.64,0.0,0.0,121472.0,44129.827
300072.SZ,20231103,3.59,3.61,3.54,3.55,3.58,-0.03,-0.838,140514.47,50103.179
300073.SZ,20231103,42.7,43.21,42.65,42.91,42.58,0.33,0.775,41646.98,178849.771
300074.SZ,20231103,4.61,4.81,4.59,4.73,4.61,0.12,2.603,344631.0,162729.198
300075.SZ,20231103,17.38,17.93,17.37,17.53,17.27,0.26,1.5055,120118.04,211500.884
300076.SZ,20231103,5.0,5.13,4.97,5.1,4.95,0.15,3.0303,109479.0,55646.49
300077.SZ,20231103,11.85,12.4,11.85,12.31,11.81,0.5,4.2337,148410.18,181151.308
300078.SZ,20231103,4.53,4.6,4.48,4.57,4.5,0.07,1.5556,78266.8,35686.408
300079.SZ,20231103,5.56,5.69,5.54,5.64,5.54,0.1,1.8051,269997.22,152064.677
300080.SZ,20231103,4.74,4.89,4.73,4.83,4.72,0.11,2.3305,101623.0,49070.769
300081.SZ,20231103,8.56,8.76,8.42,8.61,8.56,0.05,0.5841,282561.9,243561.734
300082.SZ,20231103,7.15,7.18,7.11,7.14,7.11,0.03,0.4219,19322.4,13829.774
300083.SZ,20231103,7.3,7.36,7.13,7.29,7.19,0.1,1.3908,364072.13,264459.713
300729.SZ,20231103,14.43,14.66,14.4,14.6,14.46,0.14,0.9682,39645.65,57709.551
300730.SZ,20231103,12.22,12.59,12.22,12.51,12.27,0.24,1.956,50550.74,63161.513
300731.SZ,20231103,20.99,21.33,20.9,20.99,21.2,-0.21,-0.9906,56459.4,119040.35
300732.SZ,20231103,9.09,9.21,9.09,9.15,9.08,0.07,0.7709,21459.8,19671.434
300733.SZ,20231103,12.5,12.8,12.48,12.64,12.43,0.21,1.6895,65709.0,83151.662
300735.SZ,20231103,28.0,30.24,27.64,28.93,29.4,-0.47,-1.5986,937286.17,2736620.238
300736.SZ,20231103,14.3,14.63,14.05,14.12,14.16,-0.04,-0.2825,25901.6,37010.877
300737.SZ,20231103,6.55,6.65,6.51,6.53,6.53,0.0,0.0,134109.0,87844.536
300738.SZ,20231103,8.64,8.85,8.63,8.78,8.67,0.11,1.2687,208242.39,182681.801
300739.SZ,20231103,14.24,14.79,14.24,14.75,14.26,0.49,3.4362,38051.09,55763.526
300740.SZ,20231103,14.57,14.86,14.52,14.68,14.55,0.13,0.8935,84603.43,124240.705
300741.SZ,20231103,22.25,22.37,22.1,22.2,22.17,0.03,0.1353,14556.79,32393.043
300742.SZ,20231103,4.72,4.8,4.67,4.75,4.65,0.1,2.1505,58168.36,27584.61
300743.SZ,20231103,14.08,14.51,14.06,14.34,14.09,0.25,1.7743,27885.67,40068.996
300745.SZ,20231103,28.64,29.34,28.64,29.1,28.64,0.46,1.6061,30877.01,89949.077
300746.SZ,20231103,10.03,10.22,10.03,10.12,10.06,0.06,0.5964,17900.0,18164.844
300747.SZ,20231103,23.38,24.6,23.35,24.42,23.35,1.07,4.5824,87103.1,210837.362
300748.SZ,20231103,16.89,17.34,16.81,17.25,16.82,0.43,2.5565,157678.45,271361.146
300749.SZ,20231103,9.16,9.27,9.09,9.15,9.1,0.05,0.5495,30131.82,27681.401
300750.SZ,20231103,186.0,188.68,184.6,187.44,185.57,1.87,1.0077,143654.5,2683301.612
300751.SZ,20231103,113.88,119.0,113.16,117.93,113.91,4.02,3.5291,27845.67,326295.932
300752.SZ,20231103,17.16,18.09,17.16,17.91,17.11,0.8,4.6756,48292.58,85677.384
300753.SZ,20231103,17.65,17.8,17.5,17.56,17.59,-0.03,-0.1706,18119.0,31969.99
300755.SZ,20231103,19.68,20.18,19.68,19.93,19.72,0.21,1.0649,32693.38,65323.44
300756.SZ,20231103,16.44,16.74,16.42,16.65,16.43,0.22,1.339,17716.0,29446.991
300757.SZ,20231103,61.88,64.05,61.88,63.16,62.28,0.88,1.413,29241.0,185373.355
300758.SZ,20231103,10.1,10.29,10.1,10.19,10.12,0.07,0.6917,31494.52,32212.148
300759.SZ,20231103,32.48,32.85,32.05,32.44,32.48,-0.04,-0.1232,314867.78,1023237.5
300760.SZ,20231103,283.4,285.35,281.68,282.65,283.4,-0.75,-0.2646,31362.83,889348.165
300761.SZ,20231103,16.98,17.05,16.84,16.86,16.88,-0.02,-0.1185,15492.2,26228.495
300762.SZ,20231103,16.0,17.21,16.0,16.82,16.77,0.05,0.2982,721839.96,1209940.457
300763.SZ,20231103,63.33,66.21,63.33,64.93,63.32,1.61,2.5426,88309.39,575584.942
300765.SZ,20231103,28.9,29.64,28.24,29.13,28.93,0.2,0.6913,157552.88,455773.677
300766.SZ,20231103,14.81,15.62,14.81,15.3,15.15,0.15,0.9901,182953.0,278863.088
300767.SZ,20231103,18.19,18.89,18.19,18.73,18.18,0.55,3.0253,47217.03,88154.356
300768.SZ,20231103,14.33,14.89,14.33,14.67,14.36,0.31,2.1588,23461.16,34510.285
300769.SZ,20231103,74.18,75.67,73.35,75.0,73.5,1.5,2.0408,35709.19,266727.398
300770.SZ,20231103,36.64,37.23,36.32,36.97,36.87,0.1,0.2712,23679.21,87181.743
300771.SZ,20231103,10.59,10.71,10.52,10.62,10.51,0.11,1.0466,24072.5,25632.759
300772.SZ,20231103,10.48,10.81,10.48,10.68,10.51,0.17,1.6175,75578.99,80968.568
300773.SZ,20231103,17.08,17.38,17.08,17.28,17.08,0.2,1.171,74860.79,129423.44
600033.SH,20231103,3.24,3.26,3.19,3.2,3.25,-0.05,-1.5385,173035.45,55559.826
600035.SH,20231103,3.88,3.91,3.84,3.85,3.9,-0.05,-1.2821,152457.16,58981.258
600036.SH,20231103,30.68,31.04,30.6,30.99,30.68,0.31,1.0104,439568.79,1357177.293
600037.SH,20231103,7.82,7.94,7.74,7.87,7.8,0.07,0.8974,132420.78,104258.251
600038.SH,20231103,37.43,37.96,37.4,37.71,37.36,0.35,0.9368,23907.0,90244.529
600039.SH,20231103,7.68,7.79,7.68,7.73,7.71,0.02,0.2594,167079.36,129405.907
600048.SH,20231103,10.91,10.94,10.77,10.8,10.89,-0.09,-0.8264,571761.01,619346.948
600050.SH,20231103,4.41,4.46,4.4,4.45,4.41,0.04,0.907,1347282.45,598207.782
600051.SH,20231103,7.11,7.22,7.09,7.09,7.11,-0.02,-0.2813,20910.0,14921.39
600052.SH,20231103,4.59,4.61,4.53,4.54,4.57,-0.03,-0.6565,50098.37,22795.722
600053.SH,20231103,12.25,12.57,12.25,12.46,12.33,0.13,1.0543,18738.0,23359.694
600054.SH,20231103,11.28,11.35,11.23,11.29,11.28,0.01,0.0887,27031.25,30555.867
600055.SH,20231103,17.97,18.02,17.71,17.87,17.76,0.11,0.6194,25446.98,45543.669
600056.SH,20231103,11.78,11.9,11.78,11.83,11.78,0.05,0.4244,70344.55,83351.177
600057.SH,20231103,6.46,6.5,6.4,6.47,6.45,0.02,0.3101,116148.4,74978.154
600058.SH,20231103,9.31,9.33,9.21,9.24,9.27,-0.03,-0.3236,31239.01,28923.51
600059.SH,20231103,9.49,9.73,9.49,9.62,9.49,0.13,1.3699,105720.71,101768.715
600060.SH,20231103,23.59,23.86,23.36,23.55,23.56,-0.01,-0.0424,46597.52,110022.425
600061.SH,20231103,6.78,6.84,6.74,6.78,6.76,0.02,0.2959,247774.8,168342.13
600062.SH,20231103,16.42,16.7,16.42,16.51,16.59,-0.08,-0.4822,133400.3,221359.836
600063.SH,20231103,4.63,4.71,4.63,4.67,4.65,0.02,0.4301,81127.6,37955.066
600064.SH,20231103,6.13,6.16,6.1,6.1,6.13,-0.03,-0.4894,103510.33,63417.257
600066.SH,20231103,13.67,13.87,13.56,13.58,13.71,-0.13,-0.9482,106331.0,145596.823
600067.SH,20231103,2.6,2.61,2.56,2.57,2.6,-0.03,-1.1538,122174.39,31487.304
600070.SH,20231103,2.71,2.73,2.7,2.71,2.73,-0.02,-0.7326,64781.23,17584.674
600071.SH,20231103,21.1,22.65,21.06,21.6,21.05,0.55,2.6128,102124.57,222029.906
600072.SH,20231103,17.66,17.74,17.34,17.64,17.36,0.28,1.6129,143764.47,253167.88
600073.SH,20231103,6.97,7.04,6.97,6.99,6.97,0.02,0.2869,70403.13,49324.154
600075.SH,20231103,4.54,4.62,4.53,4.57,4.54,0.03,0.6608,77384.8,35371.586
600076.SH,20231103,2.62,2.65,2.59,2.61,2.63,-0.02,-0.7605,69698.8,18200.195
600078.SH,20231103,7.4,7.55,7.33,7.41,7.44,-0.03,-0.4032,81364.0,60502.906
600079.SH,20231103,23.46,23.64,23.0,23.28,23.46,-0.18,-0.7673,94898.52,221847.493
600080.SH,20231103,7.62,7.68,7.54,7.55,7.62,-0.07,-0.9186,33456.0,25486.417
600081.SH,20231103,11.87,11.99,11.64,11.93,12.0,-0.07,-0.5833,159983.89,189585.535
600082.SH,20231103,3.34,3.35,3.28,3.29,3.34,-0.05,-1.497,76484.09,25327.141
600083.SH,20231103,7.24,7.31,7.19,7.2,7.19,0.01,0.1391,24863.0,18006.419
600084.SH,20231103,7.94,7.96,7.82,7.86,7.88,-0.02,-0.2538,26240.0,20637.684
600085.SH,20231103,51.0,51.68,50.82,50.95,51.37,-0.42,-0.8176,68123.48,348765.593
600088.SH,20231103,12.28,12.6,12.14,12.48,12.41,0.07,0.5641,76396.61,94518.987
600089.SH,20231103,13.86,14.03,13.86,13.94,13.87,0.07,0.5047,253884.02,354141.517
600094.SH,20231103,3.18,3.2,3.15,3.15,3.17,-0.02,-0.6309,209154.0,66099.629
600857.SH,20231103,9.24,9.28,9.11,9.14,9.25,-0.11,-1.1892,22531.0,20707.985
600858.SH,20231103,5.45,5.5,5.43,5.47,5.45,0.02,0.367,56942.87,31147.999
600859.SH,20231103,17.6,17.79,17.54,17.67,17.62,0.05,0.2838,132025.55,233310.822
600860.SH,20231103,11.18,11.55,11.18,11.5,11.2,0.3,2.6786,81867.0,93860.354
600861.SH,20231103,21.93,22.17,21.68,22.01,21.8,0.21,0.9633,19457.5,42765.808
600862.SH,20231103,24.17,24.34,22.81,23.08,24.26,-1.18,-4.864,216329.82,501519.066
600863.SH,20231103,3.59,3.6,3.55,3.56,3.58,-0.02,-0.5587,407426.8,145648.671
600864.SH,20231103,5.86,5.94,5.8,5.89,5.86,0.03,0.5119,346393.13,203360.48
600865.SH,20231103,8.22,8.31,8.14,8.23,8.18,0.05,0.6112,18462.0,15226.505
600866.SH,20231103,5.33,5.43,5.3,5.36,5.34,0.02,0.3745,73787.39,39636.481
600867.SH,20231103,11.45,11.69,11.27,11.53,11.34,0.19,1.6755,419133.98,482916.787
600868.SH,20231103,2.6,2.63,2.6,2.62,2.6,0.02,0.7692,101049.27,26504.938
600869.SH,20231103,4.45,4.54,4.44,4.51,4.45,0.06,1.3483,103294.46,46544.747
600871.SH,20231103,1.92,1.93,1.91,1.91,1.91,0.0,0.0,375604.52,72118.836
600872.SH,20231103,33.79,34.56,33.73,34.24,33.82,0.42,1.2419,44855.0,153804.95
600873.SH,20231103,9.4,9.52,9.39,9.41,9.43,-0.02,-0.2121,91720.01,86620.965
600874.SH,20231103,5.74,5.77,5.71,5.71,5.72,-0.01,-0.1748,52583.0,30176.254
600875.SH,20231103,14.9,15.29,14.88,15.25,14.92,0.33,2.2118,131929.71,200619.522
600876.SH,20231103,13.6,13.84,13.5,13.76,13.51,0.25,1.8505,18548.0,25493.527
600877.SH,20231103,13.92,14.25,13.9,14.16,13.93,0.23,1.6511,131374.3,185567.905
600879.SH,20231103,7.76,8.17,7.71,8.16,7.72,0.44,5.6995,893605.56,715260.723
600880.SH,20231103,5.21,5.3,5.18,5.24,5.23,0.01,0.1912,126229.02,66046.624
600881.SH,20231103,2.14,2.15,2.12,2.12,2.14,-0.02,-0.9346,130279.0,27788.241
600882.SH,20231103,17.07,17.91,17.06,17.76,17.06,0.7,4.1032,75375.54,132521.902
600883.SH,20231103,8.12,8.3,8.11,8.22,8.16,0.06,0.7353,30046.71,24753.814
600884.SH,20231103,13.8,13.97,13.78,13.92,13.79,0.13,0.9427,81114.52,112756.148
600885.SH,20231103,27.7,28.35,27.65,28.08,27.61,0.47,1.7023,93538.85,262709.116
600886.SH,20231103,12.33,12.5,12.28,12.33,12.28,0.05,0.4072,164378.63,203692.278
600887.SH,20231103,27.5,27.7,27.44,27.6,27.34,0.26,0.951,302979.98,835590.738
600888.SH,20231103,7.45,7.55,7.45,7.5,7.46,0.04,0.5362,67925.6,50991.819
600889.SH,20231103,5.33,5.37,5.26,5.27,5.31,-0.04,-0.7533,36905.55,19597.486
600892.SH,20231103,5.36,5.43,5.33,5.36,5.36,0.0,0.0,123124.0,66127.338
600893.SH,20231103,34.7,35.22,34.66,35.17,34.66,0.51,1.4714,65369.97,228813.581
600894.SH,20231103,7.18,7.39,7.18,7.36,7.19,0.17,2.3644,65200.01,47734.798
600895.SH,20231103,22.09,22.55,21.66,22.3,22.24,0.06,0.2698,794586.72,1761903.974
600897.SH,20231103,12.52,12.64,12.52,12.57,12.56,0.01,0.0796,12296.1,15476.922
600898.SH,20231103,3.18,3.2,3.13,3.17,3.16,0.01,0.3165,18332.11,5807.195
600900.SH,20231103,22.76,22.97,22.67,22.71,22.76,-0.05,-0.2197,547430.02,1249401.663
600901.SH,20231103,4.73,4.73,4.65,4.65,4.72,-0.07,-1.4831,252929.44,118179.08
600903.SH,20231103,8.2,8.27,8.18,8.23,8.21,0.02,0.2436,35057.01,28856.05
600905.SH,20231103,4.76,4.81,4.75,4.78,4.76,0.02,0.4202,440728.06,211041.995
603580.SH,20231103,13.66,13.99,13.62,13.83,13.58,0.25,1.8409,11397.0,15753.348
603583.SH,20231103,21.43,22.55,20.76,21.13,20.91,0.22,1.0521,251076.03,541151.749
603585.SH,20231103,14.89,15.0,14.77,14.85,14.89,-0.04,-0.2686,6994.0,10414.893
603586.SH,20231103,13.99,14.22,13.97,14.05,14.0,0.05,0.3571,22041.0,31029.819
603587.SH,20231103,14.11,14.2,14.05,14.07,14.09,-0.02,-0.1419,23175.98,32724.087
603588.SH,20231103,7.77,7.91,7.75,7.85,7.74,0.11,1.4212,45885.98,36063.436
603589.SH,20231103,48.53,49.94,48.44,49.5,48.53,0.97,1.9988,71388.16,352641.337
603590.SH,20231103,39.0,39.55,38.53,39.09,39.17,-0.08,-0.2042,12087.0,47299.065
603595.SH,20231103,37.68,39.94,37.51,39.39,37.78,1.61,4.2615,51954.2,201495.619
603596.SH,20231103,75.41,77.6,74.99,75.84,75.26,0.58,0.7707,27798.29,212857.578
603598.SH,20231103,9.8,10.44,9.65,10.08,9.83,0.25,2.5432,140088.85,140357.335
603599.SH,20231103,16.2,16.97,16.2,16.6,16.32,0.28,1.7157,81803.16,136526.635
603600.SH,20231103,9.27,9.43,9.25,9.28,9.27,0.01,0.1079,37405.0,34881.504
603601.SH,20231103,4.39,4.48,4.39,4.46,4.38,0.08,1.8265,81060.0,36050.486
603602.SH,20231103,15.2,15.54,15.2,15.33,15.23,0.1,0.6566,35599.45,54833.68
603603.SH,20231103,3.18,3.23,3.1,3.23,3.08,0.15,4.8701,77391.0,24710.613
603605.SH,20231103,105.0,105.7,104.12,104.51,105.22,-0.71,-0.6748,14403.73,150831.619
603606.SH,20231103,44.4,46.46,44.3,45.85,44.34,1.51,3.4055,129844.98,594432.033
603607.SH,20231103,15.95,16.1,15.79,15.83,15.87,-0.04,-0.252,58566.0,93250.272
603608.SH,20231103,4.7,4.78,4.63,4.64,4.76,-0.12,-2.521,61536.0,28871.866
603609.SH,20231103,8.84,8.9,8.83,8.86,8.87,-0.01,-0.1127,26027.0,23095.864
603610.SH,20231103,11.48,11.82,11.46,11.66,11.5,0.16,1.3913,51128.98,59823.379
603611.SH,20231103,18.39,19.09,18.24,18.91,18.22,0.69,3.787,73695.02,138826.403
603612.SH,20231103,17.1,17.28,17.03,17.06,17.06,0.0,0.0,40012.04,68539.315
603613.SH,20231103,38.3,38.88,37.65,38.21,38.28,-0.07,-0.1829,71736.2,274470.494
603615.SH,20231103,10.48,10.58,10.17,10.23,10.46,-0.23,-2.1989,58610.33,60439.323
603616.SH,20231103,5.93,6.04,5.91,5.99,5.97,0.02,0.335,225238.9,134792.555
603617.SH,20231103,8.52,8.85,8.45,8.73,8.49,0.24,2.8269,109860.89,95756.975
603618.SH,20231103,6.12,6.21,6.11,6.14,6.11,0.03,0.491,63665.8,39311.123
603619.SH,20231103,20.55,20.84,20.37,20.71,20.53,0.18,0.8768,85665.68,176586.422
603626.SH,20231103,7.48,7.68,7.48,7.57,7.48,0.09,1.2032,148379.72,112906.375
603628.SH,20231103,11.63,12.01,11.63,11.9,11.57,0.33,2.8522,48567.2,57810.455
603629.SH,20231103,32.5,33.5,31.6,32.58,33.21,-0.63,-1.897,235578.86,766805.861
603630.SH,20231103,15.09,15.24,15.02,15.13,15.08,0.05,0.3316,15070.2,22851.32
603633.SH,20231103,9.74,9.88,9.7,9.84,9.7,0.14,1.4433,95487.26,93450.489
603636.SH,20231103,11.58,12.39,11.56,12.23,11.63,0.6,5.1591,189463.37,227961.484
603637.SH,20231103,8.36,8.5,8.36,8.44,8.42,0.02,0.2375,23230.4,19631.712
603638.SH,20231103,16.28,16.95,16.28,16.59,16.21,0.38,2.3442,29417.0,49039.006
603639.SH,20231103,16.9,17.07,16.85,16.95,16.82,0.13,0.7729,15385.99,26154.058
603648.SH,20231103,9.44,9.5,9.32,9.37,9.43,-0.06,-0.6363,64864.01,60947.154
603650.SH,20231103,34.45,37.54,34.07,36.81,34.13,2.68,7.8523,267360.9,972933.529
302132.SZ,20231103,44.95,45.6,44.55,45.36,45.26,0.1,0.2209,60861.3,274693.407
