ts_code,trade_date,open,high,low,close,pre_close,change,pct_chg,vol,amount
300294.SZ,20230411,37.34,37.34,36.36,36.67,37.0,-0.33,-0.8919,52655.11,192959.526
300295.SZ,20230411,11.19,11.97,11.11,11.69,11.16,0.53,4.7491,162724.94,189006.903
300296.SZ,20230411,6.94,6.99,6.85,6.91,6.96,-0.05,-0.7184,381120.56,263802.411
300297.SZ,20230411,0.85,0.88,0.83,0.86,0.83,0.03,3.6145,559251.0,47608.393
300298.SZ,20230411,30.27,30.5,29.75,30.05,30.29,-0.24,-0.7923,34776.94,104484.383
300299.SZ,20230411,9.76,10.62,9.51,9.77,9.91,-0.14,-1.4127,1093532.63,1097034.681
300300.SZ,20230411,4.75,4.88,4.68,4.83,4.77,0.06,1.2579,130403.66,62401.677
300301.SZ,20230411,1.78,1.84,1.78,1.83,1.79,0.04,2.2346,97352.2,17660.848
300302.SZ,20230411,11.66,13.3,11.65,12.71,11.84,0.87,7.348,881440.66,1116783.132
300303.SZ,20230411,5.9,6.33,5.8,6.2,6.08,0.12,1.9737,1779516.37,1085021.07
300304.SZ,20230411,4.62,4.62,4.51,4.54,4.61,-0.07,-1.5184,76550.16,34847.194
300305.SZ,20230411,11.8,11.8,11.62,11.73,11.78,-0.05,-0.4244,14338.0,16752.294
300306.SZ,20230411,11.78,12.0,11.66,11.89,11.79,0.1,0.8482,54756.32,64850.272
300307.SZ,20230411,5.78,5.8,5.55,5.67,5.82,-0.15,-2.5773,153048.0,86697.625
300308.SZ,20230411,69.05,72.0,65.98,68.3,70.18,-1.88,-2.6788,552440.83,3778873.273
300310.SZ,20230411,4.17,4.28,4.12,4.24,4.19,0.05,1.1933,178349.52,75037.402
300311.SZ,20230411,7.96,8.68,7.8,8.5,7.98,0.52,6.5163,734618.27,607210.513
300313.SZ,20230411,5.23,5.29,4.8,5.01,5.31,-0.3,-5.6497,59532.43,29687.911
300314.SZ,20230411,17.2,17.28,16.62,16.75,17.1,-0.35,-2.0468,36550.0,61715.229
300315.SZ,20230411,4.35,4.69,4.31,4.55,4.36,0.19,4.3578,1532870.71,692515.225
300316.SZ,20230411,70.77,71.5,70.02,71.05,71.0,0.05,0.0704,83792.18,594476.948
300317.SZ,20230411,6.99,7.0,6.64,6.71,7.04,-0.33,-4.6875,440852.91,297347.571
300318.SZ,20230411,5.77,5.8,5.7,5.72,5.75,-0.03,-0.5217,35929.72,20596.835
300319.SZ,20230411,10.15,10.18,9.93,10.0,10.13,-0.13,-1.2833,233348.0,234003.307
300320.SZ,20230411,9.01,9.09,8.91,8.96,8.99,-0.03,-0.3337,57443.63,51495.451
300321.SZ,20230411,16.11,16.19,15.81,15.93,16.2,-0.27,-1.6667,5818.0,9283.88
300322.SZ,20230411,9.28,9.45,9.13,9.28,9.31,-0.03,-0.3222,104615.91,97195.84
300323.SZ,20230411,7.98,8.03,7.85,7.99,7.94,0.05,0.6297,168542.0,133958.284
300324.SZ,20230411,3.31,3.47,3.28,3.42,3.34,0.08,2.3952,562879.98,190461.217
300326.SZ,20230411,7.38,7.46,7.32,7.34,7.36,-0.02,-0.2717,53038.99,39047.623
300327.SZ,20230411,41.35,42.51,40.95,42.0,40.95,1.05,2.5641,114557.19,479459.463
300328.SZ,20230411,6.68,6.74,6.58,6.66,6.7,-0.04,-0.597,85348.0,56593.349
300329.SZ,20230411,6.88,6.91,6.8,6.87,6.9,-0.03,-0.4348,28208.02,19336.566
300331.SZ,20230411,23.44,24.18,23.4,24.08,23.28,0.8,3.4364,45850.72,109093.015
300332.SZ,20230411,11.9,11.93,11.72,11.79,11.84,-0.05,-0.4223,29593.17,34950.754
300333.SZ,20230411,6.99,7.19,6.91,7.13,6.99,0.14,2.0029,129947.82,92057.472
300334.SZ,20230411,7.63,7.81,7.55,7.73,7.64,0.09,1.178,94701.01,72810.015
300335.SZ,20230411,4.63,4.65,4.57,4.64,4.63,0.01,0.216,86005.0,39680.77
300336.SZ,20230411,1.83,1.91,1.83,1.88,1.86,0.02,1.0753,78692.1,14784.406
300337.SZ,20230411,7.54,7.54,7.34,7.44,7.56,-0.12,-1.5873,139126.97,102795.131
600744.SH,20230411,4.11,4.13,4.08,4.09,4.13,-0.04,-0.9685,63850.93,26121.585
600745.SH,20230411,57.83,63.93,57.03,63.93,58.12,5.81,9.9966,625770.86,3752772.205
600746.SH,20230411,7.92,7.94,7.87,7.93,7.94,-0.01,-0.1259,19385.0,15323.777
600748.SH,20230411,3.54,3.61,3.51,3.59,3.54,0.05,1.4124,96177.89,34246.306
600749.SH,20230411,13.15,14.3,13.0,13.58,13.04,0.54,4.1411,183816.12,250120.036
600750.SH,20230411,19.69,20.1,19.65,20.08,19.64,0.44,2.2403,87703.05,174568.166
600751.SH,20230411,2.71,2.74,2.68,2.72,2.71,0.01,0.369,176342.97,47779.023
600753.SH,20230411,11.42,11.55,11.3,11.52,11.48,0.04,0.3484,20637.0,23570.355
600754.SH,20230411,65.94,67.14,64.46,64.99,65.82,-0.83,-1.261,68291.57,445758.866
600755.SH,20230411,8.42,8.56,8.42,8.54,8.42,0.12,1.4252,96984.93,82496.612
600756.SH,20230411,17.54,17.94,17.4,17.88,17.55,0.33,1.8803,140492.29,249302.235
600757.SH,20230411,6.55,6.94,6.53,6.76,6.56,0.2,3.0488,266106.79,180221.935
600758.SH,20230411,4.0,4.05,3.98,4.05,4.0,0.05,1.25,68422.75,27450.462
600759.SH,20230411,2.36,2.44,2.36,2.39,2.37,0.02,0.8439,234725.1,56402.376
600760.SH,20230411,54.81,55.11,54.51,54.75,54.81,-0.06,-0.1095,42277.43,231492.699
600761.SH,20230411,19.26,19.45,18.96,19.37,19.26,0.11,0.5711,83371.89,160432.538
600763.SH,20230411,129.89,134.21,128.61,129.48,129.98,-0.5,-0.3847,64945.94,849406.648
600764.SH,20230411,25.12,25.55,25.12,25.54,25.31,0.23,0.9087,30914.4,78425.277
600765.SH,20230411,25.51,25.51,24.77,24.89,25.52,-0.63,-2.4687,149828.01,374134.866
600766.SH,20230411,16.14,16.6,15.98,16.43,16.22,0.21,1.2947,36249.55,59382.545
600767.SH,20230411,5.65,5.71,5.63,5.65,5.7,-0.05,-0.8772,7926.0,4480.281
600768.SH,20230411,10.43,10.55,10.31,10.42,10.54,-0.12,-1.1385,30091.01,31236.151
600769.SH,20230411,7.37,7.43,7.32,7.42,7.37,0.05,0.6784,25575.57,18858.252
600770.SH,20230411,6.77,6.89,6.74,6.81,6.79,0.02,0.2946,59840.11,40771.0
600771.SH,20230411,36.7,37.24,36.43,36.97,36.7,0.27,0.7357,63353.18,234063.485
600773.SH,20230411,14.78,14.94,14.62,14.92,14.81,0.11,0.7427,91610.98,135776.578
600774.SH,20230411,11.86,12.11,11.81,12.0,11.87,0.13,1.0952,20097.0,23999.19
600775.SH,20230411,10.28,10.57,10.07,10.34,10.25,0.09,0.878,109225.74,112856.696
600776.SH,20230411,11.32,11.4,11.14,11.26,11.27,-0.01,-0.0887,118375.72,133012.976
600777.SH,20230411,2.54,2.55,2.51,2.54,2.55,-0.01,-0.3922,753164.61,190406.837
600778.SH,20230411,6.06,6.39,6.0,6.35,6.08,0.27,4.4408,31068.55,19386.318
600779.SH,20230411,72.42,72.42,70.7,71.3,72.49,-1.19,-1.6416,33660.84,240016.495
600780.SH,20230411,9.6,9.65,8.69,8.79,9.65,-0.86,-8.9119,393509.33,352066.83
600781.SH,20230411,1.05,1.06,1.0,1.01,1.05,-0.04,-3.8095,111408.69,11297.397
600782.SH,20230411,4.16,4.23,4.12,4.21,4.17,0.04,0.9592,338015.23,141324.368
600783.SH,20230411,13.31,13.45,13.27,13.29,13.32,-0.03,-0.2252,27126.52,36180.789
600784.SH,20230411,6.07,6.13,6.03,6.12,6.06,0.06,0.9901,29388.0,17899.358
600785.SH,20230411,15.94,15.94,15.6,15.8,15.81,-0.01,-0.0633,20043.06,31653.506
600787.SH,20230411,6.0,6.0,5.77,5.88,6.06,-0.18,-2.9703,629439.29,368000.676
600789.SH,20230411,6.82,6.85,6.77,6.82,6.83,-0.01,-0.1464,85687.09,58240.535
600790.SH,20230411,4.33,4.39,4.3,4.34,4.31,0.03,0.6961,125811.56,54595.299
600791.SH,20230411,4.24,4.3,4.19,4.28,4.24,0.04,0.9434,68450.8,29087.493
601019.SH,20230411,7.73,8.07,7.66,8.0,7.7,0.3,3.8961,129592.79,102709.412
601020.SH,20230411,14.32,15.32,14.14,15.21,14.39,0.82,5.6984,218869.64,326007.792
601021.SH,20230411,64.29,64.55,62.71,63.61,64.35,-0.74,-1.15,56229.59,356365.915
601022.SH,20230411,11.75,11.78,11.5,11.58,11.79,-0.21,-1.7812,59991.76,69482.003
601028.SH,20230411,11.82,11.82,11.57,11.72,11.83,-0.11,-0.9298,134275.53,156386.382
601038.SH,20230411,10.8,10.86,10.6,10.77,10.83,-0.06,-0.554,45979.6,49056.385
601058.SH,20230411,10.45,10.95,10.45,10.59,10.37,0.22,2.1215,321533.49,344775.645
601059.SH,20230411,17.0,17.43,16.7,16.87,16.81,0.06,0.3569,489543.26,836190.456
601061.SH,20230411,10.01,10.6,9.74,10.14,11.24,-1.1,-9.7865,1638036.44,1657539.432
601065.SH,20230411,14.6,15.11,13.6,13.69,16.3,-2.61,-16.0123,563436.53,795456.79
601066.SH,20230411,26.48,27.25,26.48,26.78,26.3,0.48,1.8251,288623.55,776350.437
601068.SH,20230411,5.19,5.19,5.11,5.18,5.15,0.03,0.5825,138558.99,71297.475
601069.SH,20230411,14.43,15.3,14.38,15.13,14.55,0.58,3.9863,172921.56,257475.187
601077.SH,20230411,3.66,3.67,3.64,3.66,3.66,0.0,0.0,341768.5,124838.939
601086.SH,20230411,4.0,4.01,3.9,3.95,4.01,-0.06,-1.4963,88436.0,34765.388
601088.SH,20230411,27.65,27.74,27.33,27.58,27.61,-0.03,-0.1087,181547.84,500091.251
601089.SH,20230411,15.82,16.02,15.8,15.99,15.81,0.18,1.1385,28671.31,45780.644
601098.SH,20230411,11.38,12.1,11.25,11.89,11.35,0.54,4.7577,188912.52,222631.365
601099.SH,20230411,2.66,2.69,2.65,2.67,2.65,0.02,0.7547,597242.38,159629.234
601100.SH,20230411,66.05,67.1,65.07,65.51,65.71,-0.2,-0.3044,33762.53,222559.503
601101.SH,20230411,6.24,6.27,6.22,6.26,6.27,-0.01,-0.1595,41927.01,26157.045
601106.SH,20230411,3.33,3.37,3.29,3.33,3.32,0.01,0.3012,350281.12,116428.863
601107.SH,20230411,3.76,3.78,3.73,3.75,3.76,-0.01,-0.266,41070.01,15375.993
601108.SH,20230411,7.72,7.8,7.67,7.7,7.67,0.03,0.3911,397259.99,307184.268
601111.SH,20230411,11.22,11.25,10.89,10.96,11.28,-0.32,-2.8369,374139.01,412430.341
601113.SH,20230411,3.6,3.66,3.58,3.65,3.61,0.04,1.108,51720.87,18708.593
601116.SH,20230411,12.76,13.05,12.55,12.95,12.81,0.14,1.0929,257553.1,330919.466
601117.SH,20230411,9.81,9.86,9.59,9.8,9.82,-0.02,-0.2037,447957.94,436078.257
601118.SH,20230411,4.74,4.77,4.69,4.75,4.73,0.02,0.4228,214052.08,101103.247
601121.SH,20230411,8.57,8.62,8.32,8.4,8.65,-0.25,-2.8902,253503.34,213115.74
601126.SH,20230411,14.36,14.4,14.15,14.29,14.32,-0.03,-0.2095,86840.71,123577.065
601127.SH,20230411,33.04,33.64,33.04,33.34,33.05,0.29,0.8775,122179.94,406746.901
601128.SH,20230411,7.56,7.65,7.49,7.62,7.6,0.02,0.2632,310992.14,236060.943
601133.SH,20230411,21.3,22.21,18.65,18.99,24.56,-5.57,-22.6792,577400.97,1169394.296
601136.SH,20230411,14.9,15.54,14.9,15.06,14.77,0.29,1.9634,346790.49,527564.892
601137.SH,20230411,15.67,15.68,15.0,15.32,15.66,-0.34,-2.1711,169242.63,257429.925
601138.SH,20230411,17.64,17.75,16.91,17.35,17.47,-0.12,-0.6869,1725069.41,2993061.079
601139.SH,20230411,6.8,6.82,6.75,6.82,6.77,0.05,0.7386,66986.01,45436.028
601155.SH,20230411,17.68,17.73,17.27,17.53,17.6,-0.07,-0.3977,226493.7,395667.103
601156.SH,20230411,15.33,15.36,15.09,15.12,15.49,-0.37,-2.3886,116928.71,177213.231
601158.SH,20230411,5.42,5.44,5.37,5.39,5.44,-0.05,-0.9191,94105.34,50727.943
601162.SH,20230411,2.98,3.01,2.97,2.99,2.96,0.03,1.0135,972047.39,290680.244
300355.SZ,20230411,3.35,3.54,3.33,3.52,3.26,0.26,7.9755,1160191.22,400256.891
300356.SZ,20230411,4.64,4.7,4.61,4.67,4.66,0.01,0.2146,27907.03,13010.899
300357.SZ,20230411,49.99,50.28,48.3,48.6,49.72,-1.12,-2.2526,27753.93,135908.673
300358.SZ,20230411,18.0,18.34,17.5,17.65,18.0,-0.35,-1.9444,74180.26,132146.74
300359.SZ,20230411,6.68,6.98,6.67,6.82,6.67,0.15,2.2489,233215.26,159600.84
300360.SZ,20230411,14.72,14.78,14.36,14.55,14.72,-0.17,-1.1549,89627.75,129979.161
300363.SZ,20230411,38.5,38.95,37.93,38.29,38.54,-0.25,-0.6487,76520.98,293283.475
300364.SZ,20230411,22.89,26.52,22.89,26.52,22.1,4.42,20.0,1939036.19,4886160.021
300365.SZ,20230411,8.66,9.32,8.59,8.87,8.83,0.04,0.453,273179.66,241353.046
300366.SZ,20230411,13.0,13.98,12.73,13.73,13.05,0.68,5.2107,969632.78,1313461.117
300368.SZ,20230411,7.15,7.34,7.12,7.28,7.16,0.12,1.676,91551.13,66352.961
300369.SZ,20230411,15.5,16.69,15.39,16.62,15.62,1.0,6.402,744031.43,1198895.664
300370.SZ,20230411,2.62,2.66,2.61,2.66,2.63,0.03,1.1407,34299.8,9039.062
300371.SZ,20230411,13.5,13.63,13.25,13.57,13.61,-0.04,-0.2939,12147.6,16340.684
300373.SZ,20230411,57.0,57.76,56.32,57.0,56.8,0.2,0.3521,91935.18,523421.079
300374.SZ,20230411,15.77,15.77,15.12,15.35,15.77,-0.42,-2.6633,123697.7,189215.209
300375.SZ,20230411,3.54,3.54,3.47,3.5,3.53,-0.03,-0.8499,70647.0,24749.486
300376.SZ,20230411,8.66,8.79,8.48,8.58,8.93,-0.35,-3.9194,1199019.73,1028575.965
300377.SZ,20230411,10.08,10.29,10.02,10.19,10.08,0.11,1.0913,178921.33,182229.762
300378.SZ,20230411,22.2,23.0,21.8,22.98,22.17,0.81,3.6536,106356.69,240409.642
300379.SZ,20230411,26.07,26.34,25.49,26.11,25.99,0.12,0.4617,160489.29,415887.839
300380.SZ,20230411,19.68,20.18,19.44,19.96,19.69,0.27,1.3713,32034.5,63467.022
300381.SZ,20230411,8.66,8.78,8.6,8.71,8.68,0.03,0.3456,32000.0,27871.553
300382.SZ,20230411,15.1,15.16,14.58,14.7,14.98,-0.28,-1.8692,71698.38,105752.427
300383.SZ,20230411,12.86,13.18,12.67,13.0,12.81,0.19,1.4832,766457.09,991417.927
300384.SZ,20230411,18.14,18.14,17.45,17.75,18.1,-0.35,-1.9337,31103.1,54861.701
300385.SZ,20230411,5.96,6.03,5.91,5.98,5.99,-0.01,-0.1669,18441.6,10972.367
300386.SZ,20230411,13.5,14.26,13.29,14.26,13.75,0.51,3.7091,223822.04,309922.377
300387.SZ,20230411,6.6,6.6,6.48,6.53,6.6,-0.07,-1.0606,52901.68,34514.709
300388.SZ,20230411,6.93,7.0,6.87,6.97,6.94,0.03,0.4323,25248.0,17544.605
300389.SZ,20230411,17.68,18.46,17.4,17.74,17.51,0.23,1.3135,196076.02,352222.528
300390.SZ,20230411,51.1,51.48,50.1,51.18,51.28,-0.1,-0.195,104463.17,530572.167
300391.SZ,20230411,8.21,8.41,8.14,8.19,8.27,-0.08,-0.9674,35797.5,29347.061
300392.SZ,20230411,2.3,2.3,2.19,2.27,2.31,-0.04,-1.7316,60580.0,13639.363
300393.SZ,20230411,15.32,15.32,15.01,15.18,15.38,-0.2,-1.3004,336559.43,509686.177
300394.SZ,20230411,62.0,63.69,59.46,61.39,61.71,-0.32,-0.5186,204171.2,1251343.494
300395.SZ,20230411,46.46,46.93,45.3,45.38,46.86,-1.48,-3.1583,56531.59,259541.359
300396.SZ,20230411,30.66,31.95,30.64,31.27,30.82,0.45,1.4601,23181.3,72505.914
300397.SZ,20230411,11.13,11.25,11.05,11.14,11.2,-0.06,-0.5357,88186.33,97988.828
300398.SZ,20230411,20.99,21.27,20.65,21.07,21.03,0.04,0.1902,160348.41,336500.286
300399.SZ,20230411,13.14,13.58,13.08,13.52,13.18,0.34,2.5797,64789.39,86908.877
300400.SZ,20230411,17.9,18.0,17.53,17.67,18.01,-0.34,-1.8878,40517.0,71782.345
300401.SZ,20230411,13.61,13.68,13.49,13.59,13.64,-0.05,-0.3666,38320.93,52059.084
300402.SZ,20230411,20.57,21.18,20.22,20.92,20.78,0.14,0.6737,56250.14,116602.498
300403.SZ,20230411,7.0,7.02,6.81,6.87,7.0,-0.13,-1.8571,108143.5,74327.66
300404.SZ,20230411,10.89,11.05,10.49,10.62,10.78,-0.16,-1.4842,72796.62,77953.504
300405.SZ,20230411,5.18,5.18,5.06,5.11,5.16,-0.05,-0.969,34709.2,17726.954
300406.SZ,20230411,20.87,21.13,20.5,20.8,20.76,0.04,0.1927,39733.0,82604.557
300407.SZ,20230411,8.05,8.62,7.93,8.5,8.08,0.42,5.198,134129.41,112454.589
300408.SZ,20230411,32.91,33.44,32.61,33.1,33.14,-0.04,-0.1207,133887.48,442736.855
300409.SZ,20230411,14.85,14.9,14.6,14.67,14.89,-0.22,-1.4775,67219.41,98804.069
300410.SZ,20230411,8.99,9.03,8.75,8.83,8.99,-0.16,-1.7798,49848.87,44004.147
300411.SZ,20230411,6.57,6.63,6.46,6.48,6.57,-0.09,-1.3699,19391.9,12620.858
300412.SZ,20230411,5.43,5.45,5.34,5.38,5.43,-0.05,-0.9208,60902.4,32772.689
300413.SZ,20230411,38.16,40.8,37.8,39.24,38.28,0.96,2.5078,292855.63,1151067.947
300414.SZ,20230411,9.25,9.4,9.2,9.32,9.31,0.01,0.1074,49456.24,45978.126
300415.SZ,20230411,21.04,21.19,20.45,20.62,21.0,-0.38,-1.8095,53612.05,111167.438
300416.SZ,20230411,27.44,28.08,27.1,27.61,27.53,0.08,0.2906,43954.42,121128.252
300417.SZ,20230411,10.47,10.57,10.22,10.3,10.48,-0.18,-1.7176,13324.0,13779.391
300418.SZ,20230411,44.4,48.42,43.95,45.76,41.79,3.97,9.4999,1701378.17,7763381.226
300419.SZ,20230411,6.94,7.1,6.88,7.02,6.9,0.12,1.7391,106002.24,74232.752
300420.SZ,20230411,2.86,2.87,2.81,2.84,2.85,-0.01,-0.3509,103748.5,29375.703
300421.SZ,20230411,11.4,11.45,11.18,11.28,11.39,-0.11,-0.9658,28654.0,32279.916
300422.SZ,20230411,5.83,5.85,5.72,5.84,5.78,0.06,1.0381,17335.68,10024.109
300423.SZ,20230411,10.97,11.37,10.88,11.2,10.99,0.21,1.9108,118021.9,131939.353
300424.SZ,20230411,13.53,13.63,13.34,13.38,13.54,-0.16,-1.1817,27672.82,37236.291
300425.SZ,20230411,4.71,4.72,4.64,4.71,4.7,0.01,0.2128,61259.0,28659.563
300426.SZ,20230411,7.86,8.68,7.77,8.55,7.82,0.73,9.335,168369.3,141479.153
300427.SZ,20230411,12.47,12.56,12.18,12.34,12.56,-0.22,-1.7516,180930.07,222708.526
300428.SZ,20230411,25.0,25.16,24.67,24.93,25.1,-0.17,-0.6773,43244.11,107404.357
300429.SZ,20230411,9.8,9.93,9.66,9.84,9.84,0.0,0.0,104596.59,102441.41
300430.SZ,20230411,15.2,15.2,14.8,14.9,15.2,-0.3,-1.9737,25252.21,37668.502
300432.SZ,20230411,13.53,13.6,13.43,13.46,13.6,-0.14,-1.0294,93441.21,126137.675
300433.SZ,20230411,13.28,13.67,13.27,13.51,13.24,0.27,2.0393,352171.09,474831.474
300434.SZ,20230411,11.1,11.3,11.05,11.18,11.06,0.12,1.085,54973.0,61373.142
300435.SZ,20230411,15.8,16.04,15.56,15.77,15.83,-0.06,-0.379,59285.0,93653.991
300436.SZ,20230411,33.02,33.34,32.72,32.9,33.02,-0.12,-0.3634,14542.88,47931.642
300437.SZ,20230411,16.25,16.45,16.18,16.23,16.52,-0.29,-1.7554,35543.45,57803.338
300438.SZ,20230411,56.0,56.39,54.2,55.12,56.39,-1.27,-2.2522,177408.11,976181.974
300439.SZ,20230411,12.64,12.68,12.45,12.56,12.59,-0.03,-0.2383,31893.0,40014.997
300440.SZ,20230411,7.63,7.79,7.48,7.71,7.63,0.08,1.0485,66061.0,50677.003
300441.SZ,20230411,5.73,5.79,5.69,5.72,5.76,-0.04,-0.6944,29624.24,16949.046
300442.SZ,20230411,67.17,68.73,65.81,66.83,67.8,-0.97,-1.4307,23124.69,154968.35
300443.SZ,20230411,41.62,41.7,40.5,41.34,41.79,-0.45,-1.0768,37279.38,153519.796
300444.SZ,20230411,5.51,5.52,5.31,5.4,5.5,-0.1,-1.8182,97704.84,52543.286
300445.SZ,20230411,13.37,13.44,12.98,13.11,13.33,-0.22,-1.6504,21638.4,28387.321
300446.SZ,20230411,11.16,11.29,10.9,11.02,11.15,-0.13,-1.1659,28278.0,31130.211
300447.SZ,20230411,18.58,18.69,18.22,18.51,18.62,-0.11,-0.5908,96393.98,177670.928
300448.SZ,20230411,6.19,6.31,6.06,6.21,6.17,0.04,0.6483,201397.24,124912.345
300449.SZ,20230411,6.3,6.82,6.25,6.7,6.33,0.37,5.8452,221648.4,145933.644
300450.SZ,20230411,39.25,39.9,38.71,38.77,39.41,-0.64,-1.624,125699.53,491567.05
300451.SZ,20230411,10.58,10.82,10.35,10.54,10.88,-0.34,-3.125,387537.1,408993.107
300452.SZ,20230411,18.77,19.16,18.3,18.89,18.68,0.21,1.1242,100111.58,187261.749
300453.SZ,20230411,10.55,10.57,10.33,10.36,10.53,-0.17,-1.6144,51067.8,53268.712
300454.SZ,20230411,146.16,147.98,143.0,146.14,147.21,-1.07,-0.7269,40209.65,586311.138
300455.SZ,20230411,9.96,10.03,9.77,9.9,9.96,-0.06,-0.6024,58168.2,57345.706
300456.SZ,20230411,18.49,19.3,18.28,18.78,18.49,0.29,1.5684,289604.39,542758.013
300457.SZ,20230411,19.62,19.62,19.08,19.2,19.62,-0.42,-2.1407,147779.92,284667.241
300458.SZ,20230411,34.31,35.37,33.11,33.88,35.0,-1.12,-3.2,735456.19,2507833.029
300459.SZ,20230411,7.5,8.05,7.47,7.7,7.51,0.19,2.53,4481374.41,3481807.541
300460.SZ,20230411,12.58,12.64,12.35,12.52,12.52,0.0,0.0,77849.2,97210.839
300461.SZ,20230411,16.76,17.52,16.59,17.46,16.77,0.69,4.1145,15708.0,27076.875
300462.SZ,20230411,10.89,11.11,10.72,10.8,10.89,-0.09,-0.8264,37300.0,40573.23
300463.SZ,20230411,18.63,18.79,18.35,18.45,18.62,-0.17,-0.913,46695.44,86466.35
300464.SZ,20230411,6.26,6.34,6.19,6.33,6.27,0.06,0.9569,41470.0,25993.643
300465.SZ,20230411,10.19,10.55,10.05,10.38,10.18,0.2,1.9646,103468.2,106985.917
300466.SZ,20230411,5.85,5.96,5.71,5.93,5.88,0.05,0.8503,113325.6,66225.964
300467.SZ,20230411,13.8,14.6,13.77,14.45,13.9,0.55,3.9568,81028.33,115833.052
300468.SZ,20230411,12.75,12.97,12.57,12.91,12.74,0.17,1.3344,287137.02,367279.296
300469.SZ,20230411,21.16,23.55,20.8,22.92,21.98,0.94,4.2766,188405.49,414891.978
300470.SZ,20230411,44.07,44.47,43.75,44.01,44.18,-0.17,-0.3848,8994.44,39623.739
300471.SZ,20230411,15.71,16.26,15.55,15.93,15.64,0.29,1.8542,177416.25,283952.152
300472.SZ,20230411,11.27,11.38,11.18,11.24,11.34,-0.1,-0.8818,35819.91,40333.849
300473.SZ,20230411,16.41,16.6,15.77,16.19,16.47,-0.28,-1.7001,69034.0,110841.436
300474.SZ,20230411,110.41,113.7,105.94,110.45,107.89,2.56,2.3728,306316.73,3374886.892
300475.SZ,20230411,20.17,20.95,20.17,20.67,20.31,0.36,1.7725,36630.16,75180.311
300476.SZ,20230411,20.0,20.44,19.6,19.96,19.97,-0.01,-0.0501,613005.77,1226343.939
300477.SZ,20230411,5.28,5.3,5.24,5.26,5.3,-0.04,-0.7547,82383.96,43291.73
300478.SZ,20230411,9.27,9.29,9.16,9.26,9.26,0.0,0.0,6385.65,5888.618
300479.SZ,20230411,23.26,24.23,22.9,23.5,23.1,0.4,1.7316,211857.98,498714.084
300480.SZ,20230411,22.2,22.2,21.41,21.7,22.21,-0.51,-2.2963,65416.29,142338.952
300481.SZ,20230411,26.3,26.4,25.82,25.97,26.18,-0.21,-0.8021,45558.13,118678.36
300482.SZ,20230411,31.41,31.58,31.0,31.1,31.41,-0.31,-0.9869,46542.72,145055.689
300483.SZ,20230411,12.72,12.72,12.52,12.62,12.64,-0.02,-0.1582,15961.4,20082.903
300484.SZ,20230411,13.66,13.77,13.39,13.49,13.67,-0.18,-1.3168,34791.0,47029.446
300485.SZ,20230411,11.52,11.67,11.49,11.55,11.57,-0.02,-0.1729,27907.55,32254.34
600792.SH,20230411,3.19,3.19,3.13,3.17,3.18,-0.01,-0.3145,50712.0,15991.93
600793.SH,20230411,11.93,12.04,11.77,12.01,11.9,0.11,0.9244,14264.28,17015.135
600794.SH,20230411,3.79,3.79,3.69,3.76,3.7,0.06,1.6216,188518.0,70398.767
600795.SH,20230411,3.85,3.88,3.82,3.86,3.86,0.0,0.0,933728.82,359480.005
600796.SH,20230411,5.17,5.2,5.09,5.15,5.17,-0.02,-0.3868,26030.6,13348.811
600797.SH,20230411,7.84,8.08,7.77,7.98,7.84,0.14,1.7857,386762.76,307200.165
600798.SH,20230411,3.69,3.69,3.65,3.69,3.69,0.0,0.0,55331.19,20306.193
600800.SH,20230411,4.1,4.12,4.03,4.09,4.1,-0.01,-0.2439,91425.97,37185.755
600801.SH,20230411,15.83,16.14,15.72,16.12,15.88,0.24,1.5113,72507.2,116103.724
600802.SH,20230411,5.37,5.45,5.36,5.42,5.41,0.01,0.1848,28746.0,15538.982
600803.SH,20230411,21.2,21.29,20.69,21.05,21.15,-0.1,-0.4728,83734.7,175866.404
600804.SH,20230411,4.23,4.44,4.23,4.44,4.23,0.21,4.9645,376100.82,164779.753
600805.SH,20230411,4.35,4.39,4.32,4.36,4.34,0.02,0.4608,30439.33,13254.185
600807.SH,20230411,3.17,3.22,3.12,3.21,3.14,0.07,2.2293,81177.0,25729.303
600808.SH,20230411,2.78,2.8,2.75,2.79,2.78,0.01,0.3597,278186.02,77154.223
600809.SH,20230411,245.9,252.0,245.08,245.56,244.11,1.45,0.594,88128.22,2186408.308
600810.SH,20230411,7.83,7.87,7.81,7.84,7.83,0.01,0.1277,30735.75,24091.418
600811.SH,20230411,2.4,2.41,2.39,2.4,2.41,-0.01,-0.4149,176412.27,42358.442
600812.SH,20230411,6.1,6.11,6.02,6.05,6.09,-0.04,-0.6568,53281.48,32268.1
600814.SH,20230411,7.38,7.47,7.36,7.43,7.42,0.01,0.1348,33699.17,24998.491
600815.SH,20230411,2.66,2.69,2.65,2.68,2.66,0.02,0.7519,76393.12,20418.712
600816.SH,20230411,3.63,3.65,3.61,3.64,3.64,0.0,0.0,85666.4,31079.555
600817.SH,20230411,12.11,12.19,11.82,11.88,12.2,-0.32,-2.623,64139.0,76741.098
600818.SH,20230411,25.1,25.49,24.71,25.4,25.09,0.31,1.2356,36054.37,90398.051
600819.SH,20230411,5.6,5.6,5.31,5.52,5.79,-0.27,-4.6632,389672.73,211861.741
600820.SH,20230411,5.78,5.87,5.71,5.87,5.75,0.12,2.087,287465.43,167197.94
600821.SH,20230411,7.06,7.07,6.97,6.99,7.06,-0.07,-0.9915,154452.0,108205.641
600822.SH,20230411,8.06,8.06,7.98,8.02,8.05,-0.03,-0.3727,15863.0,12707.587
600823.SH,20230411,2.12,2.16,2.1,2.15,2.12,0.03,1.4151,111181.8,23715.978
600824.SH,20230411,3.44,3.48,3.41,3.47,3.43,0.04,1.1662,36555.41,12602.865
600825.SH,20230411,4.41,4.79,4.31,4.79,4.35,0.44,10.1149,306117.65,140651.605
600826.SH,20230411,9.55,9.74,9.43,9.7,9.47,0.23,2.4287,27629.9,26630.91
600827.SH,20230411,12.74,12.85,12.71,12.8,12.75,0.05,0.3922,78076.26,99825.347
600828.SH,20230411,3.84,3.87,3.78,3.85,3.83,0.02,0.5222,61157.51,23434.533
600829.SH,20230411,6.42,6.49,6.35,6.48,6.44,0.04,0.6211,40556.0,26024.587
600830.SH,20230411,5.81,5.87,5.76,5.87,5.8,0.07,1.2069,40575.01,23595.043
600831.SH,20230411,6.65,6.85,6.57,6.82,6.63,0.19,2.8658,231890.36,156792.7
600833.SH,20230411,11.3,11.35,11.2,11.29,11.27,0.02,0.1775,37261.0,41984.025
600834.SH,20230411,8.59,8.6,8.43,8.46,8.6,-0.14,-1.6279,43657.9,37014.598
600835.SH,20230411,13.1,13.13,12.94,13.06,13.1,-0.04,-0.3053,37679.06,49053.492
600836.SH,20230411,5.39,5.39,5.21,5.27,5.37,-0.1,-1.8622,80386.82,42377.624
600837.SH,20230411,9.07,9.21,9.05,9.11,9.03,0.08,0.8859,437331.8,399637.841
601163.SH,20230411,13.13,13.16,12.98,13.11,13.09,0.02,0.1528,29007.8,37871.275
601166.SH,20230411,17.09,17.14,16.97,16.99,17.05,-0.06,-0.3519,439627.05,749371.364
601168.SH,20230411,12.79,12.93,12.6,12.91,12.79,0.12,0.9382,368367.45,471317.79
601169.SH,20230411,4.42,4.47,4.41,4.46,4.41,0.05,1.1338,834706.99,370959.298
601177.SH,20230411,9.67,9.82,9.58,9.71,9.69,0.02,0.2064,38638.75,37395.653
601179.SH,20230411,5.43,5.47,5.32,5.45,5.47,-0.02,-0.3656,476860.87,256814.489
601186.SH,20230411,10.0,10.05,9.81,9.96,10.02,-0.06,-0.5988,949271.3,939589.72
601187.SH,20230411,5.36,5.37,5.32,5.34,5.36,-0.02,-0.3731,72119.66,38495.555
601188.SH,20230411,3.05,3.06,3.02,3.05,3.06,-0.01,-0.3268,81379.62,24793.121
601198.SH,20230411,8.39,8.56,8.34,8.46,8.33,0.13,1.5606,246831.37,208780.96
601199.SH,20230411,7.66,7.79,7.53,7.75,7.63,0.12,1.5727,99008.4,75901.78
601200.SH,20230411,9.34,9.35,9.27,9.35,9.33,0.02,0.2144,45776.11,42628.366
601208.SH,20230411,13.26,13.41,13.16,13.36,13.24,0.12,0.9063,80816.26,107637.26
603123.SH,20230411,11.33,11.7,11.25,11.49,11.4,0.09,0.7895,143474.12,164940.766
603125.SH,20230411,41.32,41.34,35.8,35.84,44.6,-8.76,-19.6413,193601.83,738799.32
603126.SH,20230411,8.67,8.67,8.45,8.66,8.67,-0.01,-0.1153,262985.42,224437.624
603127.SH,20230411,56.87,56.98,55.21,55.85,56.49,-0.64,-1.1329,63063.96,352589.263
603128.SH,20230411,9.59,9.59,9.37,9.39,9.5,-0.11,-1.1579,92856.36,87408.666
603129.SH,20230411,120.17,123.36,119.05,122.97,120.2,2.77,2.3045,11826.77,144209.427
603130.SH,20230411,25.75,25.98,25.31,25.47,25.75,-0.28,-1.0874,17361.5,44325.786
603131.SH,20230411,13.2,13.36,13.08,13.18,13.27,-0.09,-0.6782,44084.92,58188.189
603132.SH,20230411,12.68,13.1,12.65,13.03,12.71,0.32,2.5177,25074.47,32281.333
603133.SH,20230411,11.63,11.63,11.38,11.4,11.57,-0.17,-1.4693,19286.0,22081.514
603135.SH,20230411,25.65,25.79,23.86,23.89,28.48,-4.59,-16.1166,305309.33,748791.193
603136.SH,20230411,32.58,33.49,30.9,31.25,32.49,-1.24,-3.8166,66888.19,213444.853
603138.SH,20230411,25.34,27.2,24.8,26.55,25.4,1.15,4.5276,219179.96,574731.384
603139.SH,20230411,17.28,17.61,17.11,17.15,17.33,-0.18,-1.0387,9166.0,15810.805
603150.SH,20230411,27.86,27.86,27.08,27.39,27.64,-0.25,-0.9045,6287.51,17176.857
603151.SH,20230411,19.32,19.36,18.87,19.03,19.32,-0.29,-1.501,11172.0,21274.343
603153.SH,20230411,18.24,18.5,17.88,18.31,18.21,0.1,0.5491,86490.05,157554.445
603155.SH,20230411,27.56,27.8,27.37,27.42,27.66,-0.24,-0.8677,3803.25,10473.858
603156.SH,20230411,22.9,23.04,22.52,22.7,22.9,-0.2,-0.8734,23281.0,52995.61
603158.SH,20230411,6.9,6.97,6.84,6.96,6.9,0.06,0.8696,52213.48,36103.417
603159.SH,20230411,13.24,13.25,13.04,13.14,13.19,-0.05,-0.3791,5594.8,7330.8
603160.SH,20230411,60.03,61.6,59.85,60.68,60.0,0.68,1.1333,70258.82,425594.498
603161.SH,20230411,14.35,14.38,14.0,14.09,14.21,-0.12,-0.8445,17596.0,24902.967
603162.SH,20230411,30.05,30.05,29.04,29.18,30.08,-0.9,-2.992,40143.32,117928.747
603163.SH,20230411,40.94,44.0,40.52,43.42,40.88,2.54,6.2133,67091.05,283407.765
603165.SH,20230411,15.97,15.97,15.3,15.48,15.84,-0.36,-2.2727,33390.91,51678.058
603166.SH,20230411,6.02,6.03,5.9,5.97,6.0,-0.03,-0.5,50051.4,29770.134
603167.SH,20230411,7.21,7.23,7.15,7.22,7.19,0.03,0.4172,21381.84,15379.361
603168.SH,20230411,7.5,7.55,7.4,7.48,7.58,-0.1,-1.3193,26286.22,19645.391
603222.SH,20230411,13.24,13.41,13.16,13.4,13.23,0.17,1.285,72274.09,96191.569
603223.SH,20230411,19.98,20.44,19.87,20.27,19.87,0.4,2.0131,12769.9,25758.52
603225.SH,20230411,11.3,11.53,11.19,11.4,11.28,0.12,1.0638,126558.38,143377.702
603226.SH,20230411,5.12,5.14,5.03,5.04,5.09,-0.05,-0.9823,16666.54,8458.469
603227.SH,20230411,8.23,8.29,8.1,8.27,8.24,0.03,0.3641,79763.92,65239.979
603228.SH,20230411,25.7,25.88,25.36,25.58,25.6,-0.02,-0.0781,46279.32,118414.771
603229.SH,20230411,22.71,22.86,22.61,22.79,22.66,0.13,0.5737,27257.75,61976.317
603230.SH,20230411,12.18,12.71,12.18,12.6,12.24,0.36,2.9412,63330.28,79504.453
603232.SH,20230411,17.81,18.35,17.46,17.9,17.61,0.29,1.6468,84400.23,150897.35
603233.SH,20230411,37.05,38.3,37.05,37.79,37.3,0.49,1.3137,54833.52,207631.562
603235.SH,20230411,31.85,33.2,31.85,32.3,32.04,0.26,0.8115,13092.07,42702.786
603236.SH,20230411,127.2,127.26,121.54,123.0,127.88,-4.88,-3.8161,54410.35,670847.849
603237.SH,20230411,49.44,50.31,49.35,49.85,49.44,0.41,0.8293,7047.18,35059.223
603238.SH,20230411,11.16,11.27,11.06,11.11,11.16,-0.05,-0.448,12009.35,13371.988
603239.SH,20230411,14.59,14.68,14.48,14.65,14.64,0.01,0.0683,11502.0,16741.5
603255.SH,20230411,56.74,57.99,53.25,54.76,57.35,-2.59,-4.5161,40611.01,223779.797
603256.SH,20230411,7.9,7.94,7.81,7.93,7.89,0.04,0.507,18179.0,14334.269
603258.SH,20230411,32.44,35.75,32.29,35.75,32.5,3.25,10.0,150733.01,523119.611
603259.SH,20230411,85.0,85.39,82.42,83.8,84.61,-0.81,-0.9573,259074.38,2168236.384
603260.SH,20230411,81.66,81.66,80.61,81.3,81.11,0.19,0.2342,27960.0,226619.211
603261.SH,20230411,35.02,35.24,34.72,34.8,35.22,-0.42,-1.1925,6044.0,21121.253
603266.SH,20230411,13.46,13.46,13.22,13.28,13.45,-0.17,-1.2639,14841.0,19743.092
603267.SH,20230411,79.15,81.0,78.3,80.96,79.22,1.74,2.1964,34868.95,278472.816
603268.SH,20230411,13.95,14.04,13.87,14.0,13.95,0.05,0.3584,3861.6,5390.725
603269.SH,20230411,15.36,15.55,14.9,14.99,15.36,-0.37,-2.4089,23938.25,36019.974
603272.SH,20230411,17.92,18.01,17.8,17.97,17.89,0.08,0.4472,9439.77,16904.802
603277.SH,20230411,20.69,21.08,20.6,20.73,20.72,0.01,0.0483,6367.0,13224.773
603278.SH,20230411,7.95,8.01,7.86,7.97,8.01,-0.04,-0.4994,25934.0,20539.842
603279.SH,20230411,27.38,27.65,27.1,27.45,27.58,-0.13,-0.4714,22468.5,61560.036
603280.SH,20230411,25.39,25.39,24.69,24.74,25.3,-0.56,-2.2134,18524.88,45900.9
603281.SH,20230411,49.91,50.5,49.07,49.13,49.96,-0.83,-1.6613,20459.35,101434.857
603282.SH,20230411,34.0,34.99,33.19,34.66,34.41,0.25,0.7265,52627.43,179567.357
603283.SH,20230411,46.35,46.35,43.68,44.25,46.4,-2.15,-4.6336,58321.77,260296.469
603286.SH,20230411,15.72,15.88,15.47,15.66,15.72,-0.06,-0.3817,10749.0,16767.122
603288.SH,20230411,74.18,76.14,74.18,75.08,75.7,-0.62,-0.819,38244.07,288632.571
603289.SH,20230411,10.5,10.66,10.21,10.32,10.52,-0.2,-1.9011,40012.0,41304.402
603290.SH,20230411,288.28,289.5,280.5,282.82,289.7,-6.88,-2.3749,33026.63,939377.268
603291.SH,20230411,15.3,15.49,14.66,14.66,16.29,-1.63,-10.0061,198694.45,294914.255
603297.SH,20230411,88.98,89.7,86.52,87.19,90.47,-3.28,-3.6255,11878.9,104226.499
603298.SH,20230411,19.0,19.5,18.78,18.87,19.26,-0.39,-2.0249,71523.28,135884.216
603299.SH,20230411,10.24,10.28,10.13,10.28,10.23,0.05,0.4888,36640.92,37450.908
603300.SH,20230411,8.12,8.44,8.02,8.41,8.06,0.35,4.3424,171313.34,141856.975
603363.SH,20230411,12.21,12.28,12.11,12.2,12.21,-0.01,-0.0819,123015.28,149775.634
603365.SH,20230411,13.12,13.22,13.02,13.1,13.04,0.06,0.4601,8125.0,10653.524
603366.SH,20230411,5.59,5.69,5.53,5.65,5.6,0.05,0.8929,60841.0,34226.375
603367.SH,20230411,14.19,14.31,14.1,14.17,14.15,0.02,0.1413,29438.0,41734.791
603368.SH,20230411,23.99,24.66,23.66,24.56,23.85,0.71,2.9769,52265.36,126154.159
603369.SH,20230411,63.03,63.03,59.69,60.23,63.15,-2.92,-4.6239,148561.09,900781.908
603377.SH,20230411,7.8,8.05,7.71,7.87,7.76,0.11,1.4175,114304.0,90119.295
603378.SH,20230411,10.5,10.63,10.34,10.6,10.46,0.14,1.3384,45340.93,47655.093
603379.SH,20230411,35.5,35.5,34.55,35.04,35.5,-0.46,-1.2958,48228.82,168667.254
603380.SH,20230411,25.99,26.34,25.44,25.49,26.02,-0.53,-2.0369,7216.0,18611.992
603383.SH,20230411,53.26,54.5,52.95,53.32,53.05,0.27,0.509,33236.36,178394.373
603385.SH,20230411,8.81,9.16,8.75,9.03,8.75,0.28,3.2,106559.5,95786.962
603386.SH,20230411,12.42,12.53,12.36,12.41,12.43,-0.02,-0.1609,34314.44,42657.721
603387.SH,20230411,13.56,13.66,13.38,13.43,13.5,-0.07,-0.5185,38408.27,51716.634
603388.SH,20230411,8.77,8.84,8.6,8.64,8.76,-0.12,-1.3699,43914.6,38035.125
603389.SH,20230411,4.92,4.97,4.82,4.89,4.92,-0.03,-0.6098,21685.41,10555.513
603390.SH,20230411,6.95,6.99,6.86,6.93,6.97,-0.04,-0.5739,21332.0,14755.929
603392.SH,20230411,117.3,118.22,113.98,115.88,117.3,-1.42,-1.2106,29925.88,345652.111
603393.SH,20230411,22.7,22.72,22.43,22.69,22.63,0.06,0.2651,22810.55,51429.582
603396.SH,20230411,71.45,71.6,67.6,68.8,71.61,-2.81,-3.924,40484.71,280354.128
603398.SH,20230411,26.18,26.6,25.78,26.06,26.19,-0.13,-0.4964,17845.31,46490.328
603399.SH,20230411,12.95,13.27,12.72,13.27,12.88,0.39,3.028,125104.72,163098.948
603408.SH,20230411,11.69,11.84,11.57,11.7,11.68,0.02,0.1712,12105.4,14109.559
603416.SH,20230411,41.32,41.32,40.6,40.74,41.56,-0.82,-1.9731,13771.18,56259.68
603421.SH,20230411,11.54,11.56,10.94,11.11,11.6,-0.49,-4.2241,82887.18,92208.817
603429.SH,20230411,9.27,9.33,9.26,9.33,9.3,0.03,0.3226,18494.49,17199.184
603439.SH,20230411,17.1,17.25,16.9,17.17,17.13,0.04,0.2335,87404.09,149639.627
603444.SH,20230411,535.32,571.0,533.0,541.52,536.89,4.63,0.8624,21838.97,1197004.14
603456.SH,20230411,35.17,35.45,34.81,35.02,35.16,-0.14,-0.3982,61171.94,214753.294
603458.SH,20230411,9.63,9.64,9.55,9.63,9.6,0.03,0.3125,19844.49,19040.648
603466.SH,20230411,15.93,17.1,15.81,16.72,15.93,0.79,4.9592,235195.26,391055.165
603477.SH,20230411,32.5,34.1,31.98,33.51,32.94,0.57,1.7304,151619.43,505059.119
603486.SH,20230411,82.39,85.6,81.61,83.39,82.41,0.98,1.1892,41904.01,351501.899
603488.SH,20230411,6.94,7.0,6.86,6.94,6.95,-0.01,-0.1439,12901.4,8941.008
603489.SH,20230411,108.03,108.03,105.56,106.49,107.7,-1.21,-1.1235,3037.98,32323.458
603496.SH,20230411,19.16,19.71,18.75,19.45,19.26,0.19,0.9865,32772.0,63022.672
603499.SH,20230411,9.11,9.23,9.04,9.13,9.14,-0.01,-0.1094,18016.0,16398.539
603500.SH,20230411,12.27,12.28,11.98,12.06,12.27,-0.21,-1.7115,10594.32,12799.058
603501.SH,20230411,105.89,110.15,104.07,107.99,107.49,0.5,0.4652,274284.0,2934638.272
603505.SH,20230411,38.01,38.33,37.41,38.0,38.16,-0.16,-0.4193,21927.42,83069.663
603506.SH,20230411,12.24,12.37,12.15,12.32,12.32,0.0,0.0,20560.61,25208.039
603507.SH,20230411,38.43,38.46,36.4,36.79,38.6,-1.81,-4.6891,54149.34,200701.571
603669.SH,20230411,5.36,5.37,5.2,5.3,5.33,-0.03,-0.5629,28077.0,14822.566
603676.SH,20230411,13.81,14.08,13.71,13.86,13.75,0.11,0.8,34096.27,47245.765
603677.SH,20230411,12.02,12.1,11.87,11.9,12.03,-0.13,-1.0806,10576.0,12630.387
603678.SH,20230411,42.5,43.04,42.19,42.58,42.75,-0.17,-0.3977,22072.86,93792.972
603679.SH,20230411,13.74,13.74,13.41,13.68,13.68,0.0,0.0,15384.4,20842.589
603680.SH,20230411,8.71,8.77,8.52,8.57,8.76,-0.19,-2.1689,14461.48,12423.247
603681.SH,20230411,20.24,20.5,20.12,20.45,20.25,0.2,0.9877,11957.05,24274.113
603682.SH,20230411,5.31,5.38,5.26,5.37,5.33,0.04,0.7505,33407.2,17812.454
603683.SH,20230411,9.19,9.26,9.07,9.15,9.15,0.0,0.0,20778.68,19000.105
603685.SH,20230411,11.2,11.23,10.83,10.92,11.15,-0.23,-2.0628,14021.45,15427.73
603686.SH,20230411,9.72,9.85,9.66,9.82,9.73,0.09,0.925,39288.0,38301.231
603687.SH,20230411,9.15,9.33,9.14,9.22,9.21,0.01,0.1086,47377.0,43763.04
603688.SH,20230411,136.46,137.36,133.22,136.0,137.04,-1.04,-0.7589,49547.23,670177.387
603689.SH,20230411,7.65,7.66,7.55,7.62,7.64,-0.02,-0.2618,36680.8,27846.153
603690.SH,20230411,42.8,43.38,42.21,42.85,42.51,0.34,0.7998,118469.3,506606.498
603693.SH,20230411,12.54,12.55,12.35,12.39,12.51,-0.12,-0.9592,22844.3,28338.355
603696.SH,20230411,8.87,8.94,8.81,8.84,8.91,-0.07,-0.7856,24054.0,21314.343
603697.SH,20230411,14.22,14.33,14.04,14.22,14.22,0.0,0.0,32248.0,45735.362
603698.SH,20230411,14.6,14.68,14.42,14.65,14.6,0.05,0.3425,22636.63,32877.132
603699.SH,20230411,12.12,12.64,11.98,12.61,12.12,0.49,4.0429,95415.13,118030.252
603700.SH,20230411,13.81,13.92,13.66,13.77,13.83,-0.06,-0.4338,9368.9,12917.049
603701.SH,20230411,15.51,15.54,15.0,15.19,15.64,-0.45,-2.8772,32182.4,49160.07
603703.SH,20230411,15.3,15.3,14.96,15.03,15.23,-0.2,-1.3132,33424.5,50383.622
603706.SH,20230411,14.27,14.27,14.08,14.13,14.18,-0.05,-0.3526,7775.0,10999.216
603707.SH,20230411,16.56,16.89,16.4,16.49,16.53,-0.04,-0.242,67368.21,111952.907
603708.SH,20230411,12.79,12.84,12.61,12.67,12.76,-0.09,-0.7053,29322.9,37230.64
603709.SH,20230411,15.53,15.62,15.35,15.62,15.46,0.16,1.0349,6132.0,9503.623
603711.SH,20230411,18.36,18.78,18.31,18.61,18.44,0.17,0.9219,17277.69,32055.424
603712.SH,20230411,31.34,31.34,30.61,30.89,31.28,-0.39,-1.2468,46466.48,143206.208
603713.SH,20230411,103.0,103.98,101.78,102.68,103.91,-1.23,-1.1837,6998.76,71825.105
603716.SH,20230411,10.33,10.37,10.15,10.22,10.28,-0.06,-0.5837,23310.5,23862.97
603717.SH,20230411,9.07,9.79,9.06,9.79,8.9,0.89,10.0,350953.2,341299.215
603718.SH,20230411,11.23,11.27,11.14,11.2,11.2,0.0,0.0,28120.37,31487.598
603719.SH,20230411,33.15,33.35,32.68,32.75,33.0,-0.25,-0.7576,18606.38,61256.21
603721.SH,20230411,15.58,16.38,15.43,16.3,15.78,0.52,3.2953,87500.0,141007.728
603722.SH,20230411,51.83,51.83,49.58,50.55,51.23,-0.68,-1.3273,13035.0,65771.071
603725.SH,20230411,6.7,6.79,6.61,6.67,6.71,-0.04,-0.5961,24852.8,16586.642
603726.SH,20230411,12.65,12.87,12.52,12.78,12.62,0.16,1.2678,19819.0,25224.231
603727.SH,20230411,12.68,12.79,12.64,12.75,12.68,0.07,0.5521,26212.92,33334.39
603728.SH,20230411,39.72,40.3,39.56,40.2,40.35,-0.15,-0.3717,27137.68,108465.256
603729.SH,20230411,13.87,14.35,13.73,14.32,13.87,0.45,3.2444,13999.0,19786.869
603730.SH,20230411,18.0,18.63,17.95,18.12,17.96,0.16,0.8909,20763.85,37791.618
000040.SZ,20230411,3.92,3.94,3.87,3.93,3.93,0.0,0.0,124898.2,48583.819
000042.SZ,20230411,8.41,8.58,8.31,8.56,8.41,0.15,1.7836,35488.13,30088.85
000045.SZ,20230411,10.2,10.28,10.1,10.16,10.18,-0.02,-0.1965,51348.11,52247.263
000046.SZ,20230411,0.99,1.01,0.94,1.01,1.0,0.01,1.0,1133607.2,110493.102
000048.SZ,20230411,25.21,25.41,24.58,25.21,25.0,0.21,0.84,58223.21,145685.411
000049.SZ,20230411,43.89,43.89,42.8,43.02,43.91,-0.89,-2.0269,53253.93,229352.756
000050.SZ,20230411,10.73,10.94,10.68,10.84,10.67,0.17,1.5933,203228.86,220107.345
000055.SZ,20230411,4.75,4.82,4.69,4.8,4.73,0.07,1.4799,74329.04,35350.174
000056.SZ,20230411,4.19,4.23,4.18,4.22,4.22,0.0,0.0,79970.86,33619.509
000058.SZ,20230411,6.46,6.52,6.37,6.51,6.43,0.08,1.2442,66097.0,42779.137
000059.SZ,20230411,7.47,7.47,7.33,7.38,7.42,-0.04,-0.5391,151945.82,112083.995
000060.SZ,20230411,4.77,4.9,4.63,4.88,4.76,0.12,2.521,752010.33,359140.564
000061.SZ,20230411,6.14,6.15,6.06,6.13,6.11,0.02,0.3273,61025.77,37179.321
000062.SZ,20230411,13.8,14.13,13.61,13.98,13.71,0.27,1.9694,73454.38,102309.537
000063.SZ,20230411,35.48,35.55,34.3,35.05,35.6,-0.55,-1.5449,1097152.37,3834400.77
000065.SZ,20230411,14.8,14.9,14.24,14.9,14.74,0.16,1.0855,322794.56,470566.727
000066.SZ,20230411,12.89,13.13,12.6,12.88,12.89,-0.01,-0.0776,869688.45,1116284.621
000068.SZ,20230411,3.47,3.5,3.41,3.44,3.47,-0.03,-0.8646,77822.0,26775.1
000069.SZ,20230411,5.15,5.2,5.08,5.19,5.08,0.11,2.1654,586714.16,302910.046
000070.SZ,20230411,9.6,9.81,9.51,9.65,9.6,0.05,0.5208,317854.31,306648.928
000078.SZ,20230411,3.33,3.36,3.3,3.35,3.31,0.04,1.2085,136991.18,45527.358
000088.SZ,20230411,5.06,5.06,5.01,5.03,5.05,-0.02,-0.396,48338.8,24293.92
000089.SZ,20230411,7.47,7.52,7.45,7.5,7.47,0.03,0.4016,88531.04,66343.453
000090.SZ,20230411,5.47,5.56,5.41,5.55,5.47,0.08,1.4625,200423.38,110447.081
000096.SZ,20230411,8.21,8.25,8.11,8.17,8.19,-0.02,-0.2442,9742.0,7941.285
000099.SZ,20230411,8.0,8.04,7.93,8.02,8.03,-0.01,-0.1245,104153.92,83183.976
000100.SZ,20230411,4.54,4.6,4.53,4.56,4.53,0.03,0.6623,1299043.42,592909.315
000150.SZ,20230411,0.82,0.83,0.8,0.8,0.84,-0.04,-4.7619,390521.79,31427.997
000151.SZ,20230411,13.65,13.83,13.31,13.83,13.71,0.12,0.8753,114890.68,156114.952
000153.SZ,20230411,9.32,9.39,9.27,9.37,9.34,0.03,0.3212,51863.41,48410.512
000155.SZ,20230411,15.65,15.79,15.5,15.76,15.68,0.08,0.5102,104935.9,164348.173
000156.SZ,20230411,9.01,9.35,8.91,9.32,9.0,0.32,3.5556,257689.3,237617.469
000157.SZ,20230411,6.37,6.4,6.3,6.4,6.35,0.05,0.7874,202407.45,128671.752
000158.SZ,20230411,7.97,8.24,7.9,8.08,8.06,0.02,0.2481,987289.91,796959.415
000159.SZ,20230411,8.13,8.22,8.02,8.17,8.12,0.05,0.6158,88467.0,71727.422
000166.SZ,20230411,4.23,4.29,4.22,4.25,4.22,0.03,0.7109,712538.74,303759.84
000301.SZ,20230411,13.14,13.29,13.07,13.28,13.14,0.14,1.0654,187762.81,247679.309
000333.SZ,20230411,54.41,56.37,54.4,55.84,54.76,1.08,1.9722,324365.52,1815026.843
000338.SZ,20230411,12.25,12.33,12.2,12.32,12.24,0.08,0.6536,315587.73,387119.946
000400.SZ,20230411,21.51,21.62,21.29,21.4,21.52,-0.12,-0.5576,122739.95,263265.04
000401.SZ,20230411,9.08,9.21,9.04,9.16,9.09,0.07,0.7701,113385.29,103530.352
000402.SZ,20230411,5.1,5.15,5.07,5.15,5.11,0.04,0.7828,152354.77,78070.013
000707.SZ,20230411,9.12,9.16,9.04,9.16,9.11,0.05,0.5488,44759.46,40696.031
000708.SZ,20230411,17.33,17.36,17.11,17.36,17.25,0.11,0.6377,75406.64,129991.866
000709.SZ,20230411,2.31,2.32,2.3,2.32,2.31,0.01,0.4329,407512.68,94129.795
000710.SZ,20230411,13.4,13.53,13.29,13.43,13.38,0.05,0.3737,49207.44,66055.753
000711.SZ,20230411,2.5,2.51,2.47,2.5,2.5,0.0,0.0,80762.0,20051.803
000712.SZ,20230411,14.11,14.26,14.08,14.12,14.1,0.02,0.1418,46334.16,65659.33
000713.SZ,20230411,9.63,9.74,9.56,9.74,9.62,0.12,1.2474,166572.33,160818.365
000715.SZ,20230411,8.51,8.9,8.4,8.8,8.7,0.1,1.1494,202234.76,176011.854
000716.SZ,20230411,8.26,8.39,8.21,8.23,8.3,-0.07,-0.8434,297157.05,245837.211
000717.SZ,20230411,2.7,2.73,2.67,2.72,2.7,0.02,0.7407,155783.01,41999.225
000718.SZ,20230411,3.09,3.13,3.06,3.13,3.09,0.04,1.2945,118881.53,36881.407
000719.SZ,20230411,10.78,11.92,10.64,11.74,10.94,0.8,7.3126,284196.55,325794.336
000720.SZ,20230411,5.16,5.17,5.07,5.11,5.16,-0.05,-0.969,49056.65,25031.224
000721.SZ,20230411,16.37,17.28,16.14,16.47,16.45,0.02,0.1216,982041.17,1634013.532
000722.SZ,20230411,11.97,11.97,11.7,11.84,11.97,-0.13,-1.086,62362.06,73435.628
000723.SZ,20230411,9.04,9.04,8.9,8.93,9.02,-0.09,-0.9978,240140.64,214811.162
000725.SZ,20230411,4.37,4.47,4.37,4.43,4.38,0.05,1.1416,3037805.79,1341366.938
000726.SZ,20230411,7.91,8.1,7.88,8.07,7.93,0.14,1.7654,77507.3,62079.841
000727.SZ,20230411,2.27,2.3,2.26,2.28,2.27,0.01,0.4405,308317.0,70325.535
000728.SZ,20230411,6.95,7.07,6.94,6.99,6.92,0.07,1.0116,489602.34,343116.009
000729.SZ,20230411,13.72,13.74,13.46,13.5,13.76,-0.26,-1.8895,156932.95,213061.707
000731.SZ,20230411,8.09,8.12,8.06,8.09,8.07,0.02,0.2478,34290.73,27723.652
000732.SZ,20230411,1.14,1.17,1.13,1.15,1.13,0.02,1.7699,298625.0,34332.127
000733.SZ,20230411,94.68,94.68,92.43,93.99,94.68,-0.69,-0.7288,39285.52,366977.707
000735.SZ,20230411,7.99,8.01,7.83,7.89,7.99,-0.1,-1.2516,238838.79,188252.821
000736.SZ,20230411,15.7,16.03,15.5,15.81,16.0,-0.19,-1.1875,329095.34,519034.797
000737.SZ,20230411,6.3,6.47,6.17,6.44,6.3,0.14,2.2222,164936.39,104638.908
000738.SZ,20230411,23.83,23.98,23.53,23.77,23.93,-0.16,-0.6686,56422.77,133748.53
000739.SZ,20230411,21.72,22.22,21.57,22.12,21.82,0.3,1.3749,80625.62,176686.362
000750.SZ,20230411,3.44,3.48,3.43,3.45,3.43,0.02,0.5831,393978.7,136210.643
000751.SZ,20230411,3.14,3.43,3.1,3.43,3.12,0.31,9.9359,555528.6,184342.895
000752.SZ,20230411,3.81,3.87,3.79,3.83,3.83,0.0,0.0,15325.02,5858.332
000753.SZ,20230411,4.04,4.17,4.0,4.16,4.05,0.11,2.716,125876.52,51618.38
000755.SZ,20230411,5.35,5.36,5.23,5.27,5.36,-0.09,-1.6791,86517.6,45563.29
000756.SZ,20230411,24.43,24.55,23.96,24.37,24.43,-0.06,-0.2456,130821.13,315912.504
000757.SZ,20230411,4.23,4.24,4.07,4.16,4.21,-0.05,-1.1876,91276.83,37731.891
000758.SZ,20230411,5.41,5.58,5.3,5.56,5.41,0.15,2.7726,601129.22,327455.037
000759.SZ,20230411,4.68,4.71,4.66,4.69,4.69,0.0,0.0,63948.0,29921.178
000761.SZ,20230411,3.97,3.99,3.82,3.96,3.95,0.01,0.2532,181084.04,70433.818
000762.SZ,20230411,35.9,36.3,35.4,36.26,35.94,0.32,0.8904,103315.07,371006.426
000766.SZ,20230411,5.22,5.22,5.13,5.19,5.21,-0.02,-0.3839,43934.39,22717.112
000767.SZ,20230411,3.14,3.15,3.11,3.12,3.14,-0.02,-0.6369,97983.3,30632.396
001212.SZ,20230411,33.28,34.19,33.08,33.52,33.55,-0.03,-0.0894,26457.2,88913.26
001213.SZ,20230411,4.51,4.52,4.46,4.48,4.51,-0.03,-0.6652,117421.77,52566.216
001215.SZ,20230411,69.69,69.98,68.24,68.81,69.92,-1.11,-1.5875,6636.5,45749.03
001216.SZ,20230411,12.58,12.66,12.45,12.64,12.56,0.08,0.6369,10808.0,13566.501
001217.SZ,20230411,12.76,12.8,12.61,12.7,12.86,-0.16,-1.2442,17296.0,21923.164
001218.SZ,20230411,21.3,21.48,21.26,21.38,21.33,0.05,0.2344,3375.98,7201.282
001219.SZ,20230411,21.9,22.06,21.61,21.79,21.9,-0.11,-0.5023,14851.13,32386.398
001222.SZ,20230411,24.29,24.4,24.11,24.4,24.28,0.12,0.4942,5115.6,12420.934
001223.SZ,20230411,69.31,70.11,68.61,69.79,69.3,0.49,0.7071,7556.19,52324.342
001225.SZ,20230411,50.32,50.65,49.69,49.88,50.31,-0.43,-0.8547,5925.22,29629.811
001226.SZ,20230411,28.98,28.98,28.7,28.77,28.89,-0.12,-0.4154,4242.0,12215.323
001227.SZ,20230411,3.05,3.05,3.0,3.02,3.04,-0.02,-0.6579,292101.6,88271.812
001228.SZ,20230411,49.39,49.39,48.3,48.66,49.39,-0.73,-1.478,8625.0,41978.129
001229.SZ,20230411,34.33,35.58,34.3,35.12,35.07,0.05,0.1426,28013.39,98348.011
001230.SZ,20230411,25.77,25.99,25.66,25.85,25.79,0.06,0.2326,2584.59,6668.008
001231.SZ,20230411,22.13,22.24,22.02,22.21,22.13,0.08,0.3615,4087.88,9053.037
001234.SZ,20230411,22.86,22.96,22.75,22.95,22.87,0.08,0.3498,3541.33,8103.742
001236.SZ,20230411,15.26,15.27,14.7,14.87,15.15,-0.28,-1.8482,81047.82,120564.662
001238.SZ,20230411,23.84,24.26,23.55,23.62,23.84,-0.22,-0.9228,10129.69,24037.877
001255.SZ,20230411,39.46,40.49,39.2,39.61,39.45,0.16,0.4056,12032.0,47834.956
001256.SZ,20230411,18.84,18.94,18.66,18.77,18.83,-0.06,-0.3186,7831.46,14686.035
001258.SZ,20230411,10.3,10.33,10.07,10.18,10.29,-0.11,-1.069,52897.97,53684.415
001259.SZ,20230411,28.68,28.92,28.51,28.61,28.81,-0.2,-0.6942,4965.0,14234.034
001260.SZ,20230411,22.9,22.94,22.32,22.55,22.86,-0.31,-1.3561,25752.32,58029.582
001266.SZ,20230411,27.25,27.4,26.94,27.07,27.24,-0.17,-0.6241,6578.07,17810.167
001267.SZ,20230411,6.6,6.61,6.33,6.46,6.62,-0.16,-2.4169,142414.0,91753.337
001268.SZ,20230411,23.7,24.06,23.62,24.01,23.7,0.31,1.308,6707.0,16028.958
001269.SZ,20230411,126.5,126.72,123.6,124.2,128.25,-4.05,-3.1579,31458.75,392329.116
001270.SZ,20230411,119.95,125.42,118.84,122.95,119.78,3.17,2.6465,18300.29,224181.117
001278.SZ,20230411,23.18,23.62,23.08,23.46,23.33,0.13,0.5572,29212.54,68193.169
001283.SZ,20230411,57.3,57.8,56.61,56.86,57.12,-0.26,-0.4552,5065.0,28905.817
001286.SZ,20230411,13.1,13.78,11.77,12.3,14.2,-1.9,-13.3803,2330213.9,2941182.784
001287.SZ,20230411,34.79,35.33,31.0,31.55,38.2,-6.65,-17.4084,987395.2,3286312.361
001288.SZ,20230411,15.4,15.6,15.23,15.31,15.44,-0.13,-0.842,7564.6,11570.281
001289.SZ,20230411,17.72,17.74,17.41,17.6,17.71,-0.11,-0.6211,30934.54,54179.956
001296.SZ,20230411,19.56,19.59,19.24,19.47,19.56,-0.09,-0.4601,9037.03,17475.731
001298.SZ,20230411,39.88,40.14,38.89,39.25,40.08,-0.83,-2.0709,18793.12,74090.641
001299.SZ,20230411,16.7,16.74,16.18,16.35,16.7,-0.35,-2.0958,18901.42,30970.767
001300.SZ,20230411,14.08,14.08,13.74,13.8,14.04,-0.24,-1.7094,15972.1,22146.808
001301.SZ,20230411,72.59,73.19,71.62,72.65,73.33,-0.68,-0.9273,25262.12,183026.201
001308.SZ,20230411,37.67,38.13,37.15,37.72,37.82,-0.1,-0.2644,22339.96,84033.319
001309.SZ,20230411,90.42,97.96,85.64,93.76,89.21,4.55,5.1003,81463.9,752157.887
001311.SZ,20230411,82.0,83.85,80.67,82.89,82.54,0.35,0.424,24407.31,200704.002
300486.SZ,20230411,8.31,8.43,8.21,8.27,8.36,-0.09,-1.0766,21644.25,17916.285
300487.SZ,20230411,91.72,93.4,90.6,91.76,91.8,-0.04,-0.0436,16072.78,147872.035
300488.SZ,20230411,23.69,23.79,23.23,23.45,23.65,-0.2,-0.8457,10674.0,25018.98
300489.SZ,20230411,18.23,18.38,17.86,18.01,18.1,-0.09,-0.4972,21349.5,38565.442
300490.SZ,20230411,15.58,15.58,14.68,14.93,15.7,-0.77,-4.9045,233732.78,349059.8
300491.SZ,20230411,20.02,20.84,19.7,20.52,20.3,0.22,1.0837,76655.8,155098.882
300492.SZ,20230411,45.85,46.31,45.62,45.83,45.9,-0.07,-0.1525,2355.0,10819.634
300493.SZ,20230411,10.14,10.27,9.65,10.0,10.09,-0.09,-0.892,639068.62,633603.05
300494.SZ,20230411,29.84,33.88,29.22,32.1,30.05,2.05,6.822,261014.25,830713.254
300495.SZ,20230411,2.41,2.49,2.4,2.44,2.4,0.04,1.6667,103721.22,25474.938
300496.SZ,20230411,112.8,114.6,109.7,111.08,112.4,-1.32,-1.1744,117477.55,1312135.533
300497.SZ,20230411,13.18,13.3,13.05,13.17,13.17,0.0,0.0,57782.28,76068.211
300498.SZ,20230411,21.33,21.76,21.12,21.42,21.32,0.1,0.469,353157.34,757592.744
300499.SZ,20230411,13.55,13.77,13.13,13.5,13.72,-0.22,-1.6035,212933.3,285943.689
300500.SZ,20230411,16.5,16.88,16.21,16.83,16.38,0.45,2.7473,42920.6,71093.203
300501.SZ,20230411,15.9,15.9,15.69,15.84,15.92,-0.08,-0.5025,30366.0,47875.114
300502.SZ,20230411,70.77,75.4,68.18,72.08,71.85,0.23,0.3201,744024.06,5289649.807
300503.SZ,20230411,10.15,10.21,9.9,10.03,10.22,-0.19,-1.8591,79823.0,79928.66
300504.SZ,20230411,20.6,21.28,20.11,21.05,20.48,0.57,2.7832,88857.45,184413.784
300505.SZ,20230411,23.2,23.46,23.07,23.25,23.41,-0.16,-0.6835,30998.19,72005.87
300506.SZ,20230411,7.1,7.19,6.97,7.17,7.1,0.07,0.9859,93592.94,66330.906
300507.SZ,20230411,6.35,6.36,6.21,6.24,6.34,-0.1,-1.5773,101681.84,63759.131
300508.SZ,20230411,28.19,28.19,27.46,27.9,28.22,-0.32,-1.1339,27773.68,76942.2
300509.SZ,20230411,6.06,6.09,5.98,6.0,6.06,-0.06,-0.9901,26031.92,15669.923
300510.SZ,20230411,5.18,5.19,5.06,5.13,5.18,-0.05,-0.9653,151663.0,77430.353
300511.SZ,20230411,7.78,7.94,7.41,7.85,7.13,0.72,10.0982,599692.15,457599.531
300512.SZ,20230411,8.07,8.09,7.95,8.02,8.07,-0.05,-0.6196,22745.0,18224.329
300513.SZ,20230411,13.14,13.43,13.09,13.23,13.2,0.03,0.2273,85012.8,112360.013
300514.SZ,20230411,11.93,11.97,11.72,11.78,11.96,-0.18,-1.505,36649.0,43299.015
300515.SZ,20230411,14.53,14.83,14.53,14.8,14.7,0.1,0.6803,24392.0,35871.466
300516.SZ,20230411,29.75,29.75,28.8,29.18,30.2,-1.02,-3.3775,28877.0,84078.995
300517.SZ,20230411,13.65,13.92,13.55,13.78,13.86,-0.08,-0.5772,15517.36,21263.259
300518.SZ,20230411,37.3,38.6,36.9,38.28,37.46,0.82,2.189,17394.88,65868.903
300519.SZ,20230411,17.46,17.55,17.2,17.34,17.47,-0.13,-0.7441,20522.0,35546.271
300520.SZ,20230411,25.54,26.34,25.19,25.6,25.54,0.06,0.2349,182993.45,471059.533
300521.SZ,20230411,12.27,12.39,12.15,12.27,12.33,-0.06,-0.4866,13700.08,16774.902
300522.SZ,20230411,12.3,12.65,12.13,12.58,12.25,0.33,2.6939,34206.0,42449.28
300523.SZ,20230411,25.22,25.88,24.93,25.56,25.13,0.43,1.7111,30875.3,78527.416
300525.SZ,20230411,24.11,24.3,23.07,23.53,24.3,-0.77,-3.1687,173792.87,409799.058
300526.SZ,20230411,6.11,6.46,6.09,6.19,6.03,0.16,2.6534,176479.02,110419.189
300527.SZ,20230411,7.76,7.77,7.48,7.55,7.81,-0.26,-3.3291,183985.32,139519.29
300528.SZ,20230411,8.1,8.64,7.91,8.44,8.0,0.44,5.5,111081.4,92905.681
300555.SZ,20230411,6.28,6.34,6.24,6.29,6.28,0.01,0.1592,15404.0,9701.799
300556.SZ,20230411,26.52,27.41,25.35,26.64,26.9,-0.26,-0.9665,236624.33,617878.254
300557.SZ,20230411,33.2,33.86,32.55,32.66,33.36,-0.7,-2.0983,9548.0,31473.495
300558.SZ,20230411,70.1,71.17,69.2,71.03,70.77,0.26,0.3674,57207.57,402024.373
300559.SZ,20230411,11.41,11.5,11.11,11.27,11.39,-0.12,-1.0536,70825.5,79724.392
300560.SZ,20230411,18.18,19.57,17.84,19.42,18.7,0.72,3.8503,302938.57,570371.711
300561.SZ,20230411,12.5,12.72,12.39,12.5,12.45,0.05,0.4016,77127.05,96639.83
300562.SZ,20230411,11.28,11.42,11.17,11.27,11.39,-0.12,-1.0536,72067.8,81160.663
300563.SZ,20230411,13.58,13.88,13.39,13.65,13.57,0.08,0.5895,56945.1,77666.331
300564.SZ,20230411,13.95,14.13,13.7,14.11,13.89,0.22,1.5839,27405.6,38253.217
300565.SZ,20230411,20.48,20.49,19.4,19.5,20.36,-0.86,-4.224,137282.2,270741.095
300566.SZ,20230411,18.6,18.63,18.28,18.34,18.54,-0.2,-1.0787,44302.39,81691.452
300567.SZ,20230411,76.51,78.71,74.0,75.64,76.02,-0.38,-0.4999,88509.38,670033.514
300568.SZ,20230411,19.19,19.64,19.1,19.18,19.3,-0.12,-0.6218,162213.55,312688.542
300569.SZ,20230411,8.34,8.34,8.22,8.26,8.35,-0.09,-1.0778,51687.14,42647.249
300570.SZ,20230411,29.55,30.22,27.5,29.9,29.8,0.1,0.3356,225568.91,655217.621
300571.SZ,20230411,45.09,49.95,45.09,46.6,45.22,1.38,3.0517,97208.21,461007.819
300572.SZ,20230411,15.22,15.36,15.05,15.15,15.24,-0.09,-0.5906,19983.0,30326.549
300573.SZ,20230411,136.54,140.59,135.58,137.88,135.69,2.19,1.614,20826.1,287401.964
300575.SZ,20230411,18.95,18.95,18.55,18.9,18.81,0.09,0.4785,19160.77,35992.062
300576.SZ,20230411,41.43,42.39,40.8,42.36,41.12,1.24,3.0156,161997.76,676269.836
300577.SZ,20230411,14.77,15.16,14.64,14.9,14.74,0.16,1.0855,7397.52,11010.72
300578.SZ,20230411,20.9,21.57,20.75,21.18,20.8,0.38,1.8269,75764.41,160455.735
300579.SZ,20230411,34.9,36.09,34.16,35.46,34.99,0.47,1.3432,105236.73,370304.143
300580.SZ,20230411,21.75,21.77,21.2,21.47,21.53,-0.06,-0.2787,14643.0,31299.208
300581.SZ,20230411,18.5,18.56,18.12,18.56,18.66,-0.1,-0.5359,56313.83,102953.599
300582.SZ,20230411,17.39,17.49,16.92,17.49,17.26,0.23,1.3326,118307.9,203896.171
300583.SZ,20230411,25.1,25.1,24.27,24.35,24.62,-0.27,-1.0967,4667.0,11442.058
300584.SZ,20230411,24.91,25.05,24.2,24.41,24.95,-0.54,-2.1643,15545.0,38171.809
300585.SZ,20230411,18.76,18.95,18.59,18.66,18.84,-0.18,-0.9554,55076.0,103051.563
300586.SZ,20230411,15.75,15.75,15.4,15.5,15.76,-0.26,-1.6497,59363.76,91957.735
300587.SZ,20230411,10.18,10.22,10.06,10.1,10.17,-0.07,-0.6883,56677.15,57403.583
300588.SZ,20230411,12.0,12.39,11.95,12.28,11.92,0.36,3.0201,116937.0,142426.671
300589.SZ,20230411,13.62,13.77,13.36,13.76,13.75,0.01,0.0727,60309.87,81929.772
300590.SZ,20230411,13.51,13.7,13.29,13.6,13.47,0.13,0.9651,119717.2,161663.82
300591.SZ,20230411,5.92,6.21,5.9,6.08,5.94,0.14,2.3569,137744.51,83880.532
300592.SZ,20230411,23.43,24.88,23.34,24.39,23.38,1.01,4.3199,117812.74,283625.1
300593.SZ,20230411,31.25,32.12,30.85,31.5,31.25,0.25,0.8,89222.28,280756.772
300594.SZ,20230411,23.0,23.28,22.39,22.67,23.18,-0.51,-2.2002,26471.85,60270.444
300595.SZ,20230411,37.0,38.49,35.81,36.1,34.0,2.1,6.1765,403648.22,1498664.519
300596.SZ,20230411,43.31,43.48,42.48,42.6,43.3,-0.7,-1.6166,22147.84,94792.034
300597.SZ,20230411,9.19,9.33,9.11,9.21,9.13,0.08,0.8762,52669.0,48585.227
300640.SZ,20230411,5.74,5.81,5.7,5.77,5.74,0.03,0.5226,38545.04,22184.588
300641.SZ,20230411,5.24,5.24,5.15,5.22,5.24,-0.02,-0.3817,31935.7,16581.57
300642.SZ,20230411,24.2,24.27,23.48,23.87,24.18,-0.31,-1.2821,22166.9,52793.068
300643.SZ,20230411,13.13,13.14,12.82,12.94,13.08,-0.14,-1.0703,24009.0,30999.098
300644.SZ,20230411,16.65,16.8,16.4,16.65,16.56,0.09,0.5435,11014.6,18281.191
300645.SZ,20230411,31.8,32.68,31.45,32.54,31.84,0.7,2.1985,26604.71,85406.39
300647.SZ,20230411,7.77,7.83,7.7,7.8,7.76,0.04,0.5155,56167.51,43575.105
300648.SZ,20230411,36.94,37.11,35.96,36.35,37.09,-0.74,-1.9951,25268.0,91956.276
300649.SZ,20230411,18.34,18.45,18.0,18.17,18.34,-0.17,-0.9269,16781.68,30434.777
300650.SZ,20230411,12.85,13.45,12.83,13.4,12.85,0.55,4.2802,138998.14,184689.373
300651.SZ,20230411,22.5,22.71,22.35,22.53,22.41,0.12,0.5355,8523.0,19194.894
300652.SZ,20230411,21.52,21.52,21.23,21.38,21.39,-0.01,-0.0468,6394.57,13649.531
300653.SZ,20230411,46.64,47.78,45.95,46.21,46.64,-0.43,-0.922,17728.32,83019.452
300654.SZ,20230411,7.25,7.7,7.2,7.56,7.31,0.25,3.42,292561.7,218984.903
300655.SZ,20230411,23.05,23.33,22.4,23.11,22.88,0.23,1.0052,411159.5,942903.171
300656.SZ,20230411,38.8,39.29,38.04,38.82,38.8,0.02,0.0515,20050.79,77757.918
300657.SZ,20230411,13.9,14.83,13.76,14.58,13.99,0.59,4.2173,183768.32,265393.631
300658.SZ,20230411,8.29,8.32,8.16,8.32,8.21,0.11,1.3398,18024.5,14857.84
300659.SZ,20230411,30.94,32.0,30.5,31.88,31.08,0.8,2.574,107485.16,338368.037
300660.SZ,20230411,28.73,28.88,27.75,28.23,28.78,-0.55,-1.911,37934.26,106738.188
300661.SZ,20230411,164.24,164.91,156.3,158.5,161.65,-3.15,-1.9487,43747.36,698686.498
300662.SZ,20230411,42.96,43.4,42.49,43.07,42.7,0.37,0.8665,12140.61,52216.201
300663.SZ,20230411,16.42,16.86,16.3,16.72,16.61,0.11,0.6623,217851.14,361645.263
300664.SZ,20230411,5.42,5.46,5.37,5.46,5.39,0.07,1.2987,35793.5,19392.15
300665.SZ,20230411,7.74,7.77,7.65,7.71,7.72,-0.01,-0.1295,25066.08,19310.184
300666.SZ,20230411,79.08,81.2,78.3,79.9,78.55,1.35,1.7187,96513.18,769421.336
300667.SZ,20230411,18.19,18.27,17.83,17.95,18.13,-0.18,-0.9928,25619.5,46181.454
300668.SZ,20230411,22.53,23.3,22.01,22.51,22.53,-0.02,-0.0888,26755.0,60534.295
300669.SZ,20230411,10.51,10.55,10.37,10.4,10.59,-0.19,-1.7941,23397.5,24385.439
300670.SZ,20230411,7.66,7.69,7.5,7.6,7.66,-0.06,-0.7833,20564.27,15566.025
300671.SZ,20230411,57.1,58.12,56.08,57.49,56.8,0.69,1.2148,86150.46,493328.251
300672.SZ,20230411,108.73,112.97,107.4,109.29,108.26,1.03,0.9514,107010.53,1177404.787
300673.SZ,20230411,17.2,17.3,16.93,17.09,17.19,-0.1,-0.5817,20921.5,35716.804
300674.SZ,20230411,19.52,20.07,19.22,19.73,19.56,0.17,0.8691,324840.94,637856.763
300675.SZ,20230411,15.39,15.44,15.07,15.35,15.27,0.08,0.5239,20003.0,30506.649
300676.SZ,20230411,71.48,72.98,70.8,71.81,71.56,0.25,0.3494,83706.89,599931.17
300677.SZ,20230411,26.58,26.85,26.3,26.59,26.63,-0.04,-0.1502,63379.14,168350.239
300678.SZ,20230411,23.69,24.29,23.51,23.88,23.67,0.21,0.8872,74398.54,178147.156
300679.SZ,20230411,34.33,34.5,33.66,33.89,34.4,-0.51,-1.4826,40304.02,137139.496
300680.SZ,20230411,20.17,20.21,19.59,19.97,20.17,-0.2,-0.9916,44897.0,88906.304
300681.SZ,20230411,32.05,32.22,31.38,31.86,32.13,-0.27,-0.8403,20653.24,65539.016
300682.SZ,20230411,24.5,24.76,24.06,24.36,24.7,-0.34,-1.3765,101461.36,247514.349
300727.SZ,20230411,32.83,33.7,32.41,33.46,33.0,0.46,1.3939,25046.65,83206.712
300729.SZ,20230411,18.77,19.15,18.61,18.9,18.75,0.15,0.8,36907.1,69681.975
300730.SZ,20230411,15.53,16.07,15.21,15.74,16.14,-0.4,-2.4783,265977.73,415290.827
300731.SZ,20230411,18.0,18.42,17.73,17.92,18.18,-0.26,-1.4301,15203.0,27323.862
300732.SZ,20230411,10.09,10.24,9.98,10.16,10.09,0.07,0.6938,47317.64,47900.031
300733.SZ,20230411,24.65,24.95,24.54,24.88,24.81,0.07,0.2821,8032.0,19933.605
300735.SZ,20230411,12.06,12.85,12.06,12.64,12.08,0.56,4.6358,286734.41,360112.623
300736.SZ,20230411,10.96,10.98,10.78,10.85,10.98,-0.13,-1.184,44396.87,48198.9
300737.SZ,20230411,11.96,12.42,11.9,12.17,11.96,0.21,1.7559,126533.01,154380.826
300738.SZ,20230411,14.61,14.97,14.4,14.72,14.51,0.21,1.4473,294161.02,431968.864
300739.SZ,20230411,16.34,16.42,15.98,16.15,16.38,-0.23,-1.4042,55406.1,89543.109
300740.SZ,20230411,14.12,14.66,14.02,14.66,14.11,0.55,3.8979,122553.62,176851.753
300741.SZ,20230411,25.71,25.73,25.0,25.25,25.71,-0.46,-1.7892,24787.11,62745.341
300742.SZ,20230411,8.53,8.65,8.33,8.47,8.33,0.14,1.6807,75607.22,64204.944
300743.SZ,20230411,13.48,13.75,13.34,13.62,13.5,0.12,0.8889,28595.67,38750.302
300745.SZ,20230411,39.28,39.38,37.85,38.04,39.38,-1.34,-3.4027,21218.1,81264.269
300746.SZ,20230411,10.17,10.31,10.1,10.24,10.18,0.06,0.5894,24603.0,25129.951
300747.SZ,20230411,28.23,28.38,27.63,27.94,28.4,-0.46,-1.6197,71418.32,199773.628
300748.SZ,20230411,28.58,28.79,28.23,28.77,28.54,0.23,0.8059,62510.98,178397.135
300749.SZ,20230411,7.56,7.7,7.42,7.52,7.62,-0.1,-1.3123,25246.91,18972.452
300750.SZ,20230411,400.01,409.87,398.0,399.95,402.01,-2.06,-0.5124,143662.94,5785418.238
300751.SZ,20230411,297.63,302.88,295.03,298.58,297.63,0.95,0.3192,15376.86,458934.883
300752.SZ,20230411,18.43,18.51,18.08,18.15,18.36,-0.21,-1.1438,16872.8,30779.314
300753.SZ,20230411,14.47,14.72,14.47,14.6,14.46,0.14,0.9682,12774.8,18628.575
300755.SZ,20230411,28.0,28.7,27.78,28.18,27.98,0.2,0.7148,22871.74,64676.587
300756.SZ,20230411,16.74,17.26,16.53,16.99,16.71,0.28,1.6756,27220.0,46313.792
300757.SZ,20230411,54.0,54.06,51.36,52.94,53.78,-0.84,-1.5619,19450.0,101824.387
300758.SZ,20230411,11.95,11.95,11.6,11.62,11.9,-0.28,-2.3529,59287.92,69403.424
300759.SZ,20230411,52.25,53.16,51.33,52.0,52.23,-0.23,-0.4404,120633.57,627996.532
300760.SZ,20230411,315.5,315.5,309.67,309.78,311.9,-2.12,-0.6797,24108.01,751476.008
300761.SZ,20230411,41.43,41.45,40.2,40.9,41.23,-0.33,-0.8004,17051.0,69829.54
300762.SZ,20230411,14.9,15.06,14.67,14.89,14.98,-0.09,-0.6008,96211.5,143085.726
300763.SZ,20230411,129.97,131.36,127.02,129.0,129.54,-0.54,-0.4169,61979.99,798553.192
300765.SZ,20230411,21.91,22.26,21.74,22.14,21.99,0.15,0.6821,68225.24,150395.18
300766.SZ,20230411,22.11,26.22,21.77,25.54,22.1,3.44,15.5656,571608.67,1387196.564
300767.SZ,20230411,40.5,40.81,40.13,40.28,40.82,-0.54,-1.3229,8582.52,34653.001
300768.SZ,20230411,18.89,19.36,18.59,19.19,18.73,0.46,2.456,66032.07,125566.85
300769.SZ,20230411,198.02,211.68,194.0,205.9,202.95,2.95,1.4536,110362.24,2222503.003
300770.SZ,20230411,47.87,52.7,46.17,52.69,48.1,4.59,9.5426,155677.89,770548.527
300771.SZ,20230411,13.75,13.95,13.6,13.73,13.76,-0.03,-0.218,43851.81,60239.014
300772.SZ,20230411,14.4,14.42,14.21,14.33,14.4,-0.07,-0.4861,61007.32,87152.995
300773.SZ,20230411,19.34,21.43,18.93,21.06,19.15,1.91,9.9739,638908.14,1303924.396
000403.SZ,20230411,25.7,25.96,24.9,25.17,25.62,-0.45,-1.7564,74146.79,187306.785
000404.SZ,20230411,5.85,5.88,5.78,5.86,5.87,-0.01,-0.1704,101863.64,59384.699
000407.SZ,20230411,3.75,3.75,3.69,3.71,3.74,-0.03,-0.8021,70305.61,26043.231
000408.SZ,20230411,24.06,24.36,23.75,24.24,24.06,0.18,0.7481,86989.64,210106.282
000409.SZ,20230411,9.0,9.17,8.9,9.13,9.1,0.03,0.3297,195847.16,177206.689
000410.SZ,20230411,6.11,6.18,6.05,6.06,6.11,-0.05,-0.8183,54195.11,33083.343
000411.SZ,20230411,12.21,12.35,12.13,12.34,12.21,0.13,1.0647,24947.99,30574.806
000413.SZ,20230411,1.88,1.88,1.85,1.87,1.87,0.0,0.0,350079.0,65244.153
000415.SZ,20230411,2.07,2.08,2.06,2.08,2.07,0.01,0.4831,131562.18,27263.55
000416.SZ,20230411,3.86,3.86,3.81,3.84,3.83,0.01,0.2611,47763.0,18297.008
000417.SZ,20230411,4.56,4.57,4.47,4.53,4.56,-0.03,-0.6579,257757.6,116207.117
000419.SZ,20230411,5.54,5.57,5.49,5.56,5.56,0.0,0.0,45214.36,25042.3
000420.SZ,20230411,4.04,4.07,4.03,4.07,4.05,0.02,0.4938,142869.51,57878.863
000421.SZ,20230411,4.77,4.78,4.71,4.76,4.79,-0.03,-0.6263,49860.0,23624.368
000422.SZ,20230411,14.22,14.31,14.05,14.12,14.34,-0.22,-1.5342,106014.25,149749.141
000423.SZ,20230411,52.33,52.88,51.2,52.49,51.77,0.72,1.3908,74207.38,387020.356
000425.SZ,20230411,6.84,6.89,6.78,6.86,6.85,0.01,0.146,421225.77,288187.588
000426.SZ,20230411,8.28,9.1,8.22,9.0,8.3,0.7,8.4337,639167.43,558653.991
000428.SZ,20230411,5.64,5.73,5.51,5.55,5.59,-0.04,-0.7156,583128.16,327386.108
000429.SZ,20230411,7.67,7.68,7.62,7.65,7.68,-0.03,-0.3906,32351.0,24758.488
000430.SZ,20230411,8.82,9.03,8.7,8.77,8.79,-0.02,-0.2275,216168.35,191096.962
000488.SZ,20230411,5.21,5.21,5.16,5.2,5.19,0.01,0.1927,98702.23,51167.538
000498.SZ,20230411,7.46,7.7,7.44,7.67,7.51,0.16,2.1305,193117.8,146704.958
000501.SZ,20230411,11.35,11.44,11.2,11.41,11.35,0.06,0.5286,77997.18,88217.696
000503.SZ,20230411,12.02,12.26,11.67,11.94,12.01,-0.07,-0.5828,393264.02,469239.725
000504.SZ,20230411,11.65,11.7,11.46,11.5,11.57,-0.07,-0.605,15766.0,18232.909
000505.SZ,20230411,8.06,8.09,7.96,8.01,8.07,-0.06,-0.7435,68269.73,54590.98
000506.SZ,20230411,4.83,5.08,4.73,5.02,4.89,0.13,2.6585,988165.65,485345.659
000507.SZ,20230411,5.59,5.59,5.5,5.56,5.56,0.0,0.0,65445.4,36194.432
000509.SZ,20230411,3.84,3.85,3.81,3.85,3.84,0.01,0.2604,40693.0,15563.805
000510.SZ,20230411,6.11,6.17,6.07,6.11,6.12,-0.01,-0.1634,56585.1,34599.46
000513.SZ,20230411,37.37,37.79,37.16,37.61,37.5,0.11,0.2933,51802.3,194071.058
000514.SZ,20230411,4.08,4.09,3.97,4.09,4.07,0.02,0.4914,134514.0,54198.185
000516.SZ,20230411,11.3,11.63,11.2,11.4,11.5,-0.1,-0.8696,410327.09,468266.967
000517.SZ,20230411,2.86,2.88,2.8,2.87,2.84,0.03,1.0563,179676.0,50987.07
000518.SZ,20230411,2.9,2.91,2.83,2.85,2.89,-0.04,-1.3841,102362.83,29163.85
000519.SZ,20230411,22.23,22.23,21.35,21.51,22.36,-0.85,-3.8014,535610.46,1156034.826
000520.SZ,20230411,3.27,3.31,3.22,3.31,3.28,0.03,0.9146,101736.28,33238.241
000521.SZ,20230411,5.26,5.38,5.23,5.37,5.24,0.13,2.4809,181112.0,95973.485
000523.SZ,20230411,3.27,3.29,3.21,3.29,3.26,0.03,0.9202,71522.2,23205.529
000524.SZ,20230411,12.28,12.44,12.03,12.09,12.12,-0.03,-0.2475,134143.92,163884.258
000525.SZ,20230411,9.3,9.54,9.08,9.36,9.39,-0.03,-0.3195,68568.79,63979.15
000768.SZ,20230411,26.33,26.55,25.9,26.32,26.52,-0.2,-0.7541,146970.79,385511.375
000776.SZ,20230411,16.5,16.94,16.49,16.63,16.4,0.23,1.4024,890670.51,1488249.29
000777.SZ,20230411,11.87,11.87,11.48,11.59,11.81,-0.22,-1.8628,56185.0,65017.092
000778.SZ,20230411,4.25,4.3,4.2,4.3,4.25,0.05,1.1765,478816.3,204202.638
000779.SZ,20230411,13.14,13.68,12.88,13.68,13.14,0.54,4.1096,173197.8,231795.039
000782.SZ,20230411,4.8,4.8,4.74,4.76,4.8,-0.04,-0.8333,43955.0,20903.684
000783.SZ,20230411,5.65,5.72,5.63,5.67,5.63,0.04,0.7105,212814.12,120842.287
000785.SZ,20230411,4.31,4.35,4.26,4.34,4.32,0.02,0.463,162465.0,69997.321
000786.SZ,20230411,27.75,28.39,27.46,27.8,27.8,0.0,0.0,78007.51,216838.336
000788.SZ,20230411,7.27,7.27,7.16,7.21,7.22,-0.01,-0.1385,41822.0,30086.797
000789.SZ,20230411,8.91,9.0,8.84,8.96,8.93,0.03,0.3359,47229.01,42251.696
000790.SZ,20230411,4.77,4.8,4.7,4.74,4.77,-0.03,-0.6289,94025.37,44486.682
000791.SZ,20230411,5.18,5.18,5.13,5.15,5.18,-0.03,-0.5792,69433.6,35769.826
000792.SZ,20230411,22.46,22.49,22.17,22.49,22.53,-0.04,-0.1775,223493.11,499882.56
000793.SZ,20230411,2.64,2.76,2.62,2.72,2.63,0.09,3.4221,683469.51,185002.01
000795.SZ,20230411,6.75,6.84,6.7,6.84,6.75,0.09,1.3333,132456.24,89884.386
000796.SZ,20230411,5.39,5.46,5.34,5.35,5.36,-0.01,-0.1866,119733.51,64664.907
000797.SZ,20230411,3.3,3.33,3.23,3.32,3.29,0.03,0.9119,315683.52,103578.947
000798.SZ,20230411,10.6,10.78,10.48,10.75,10.62,0.13,1.2241,42044.01,44646.983
000799.SZ,20230411,124.58,124.95,122.25,123.02,124.62,-1.6,-1.2839,50833.48,626908.522
000800.SZ,20230411,8.11,8.15,8.03,8.07,8.08,-0.01,-0.1238,65730.0,53105.261
000801.SZ,20230411,7.19,7.2,7.03,7.05,7.19,-0.14,-1.9471,91325.74,64659.931
000802.SZ,20230411,5.15,5.47,5.09,5.39,5.09,0.3,5.8939,387993.57,206901.312
000803.SZ,20230411,11.53,11.61,11.45,11.54,11.6,-0.06,-0.5172,20091.4,23132.591
000806.SZ,20230411,1.26,1.28,1.23,1.28,1.22,0.06,4.918,110507.95,13978.424
000807.SZ,20230411,13.48,13.73,13.32,13.69,13.53,0.16,1.1826,337753.75,458044.664
000809.SZ,20230411,3.29,3.36,3.2,3.23,3.28,-0.05,-1.5244,47944.02,15604.231
000810.SZ,20230411,19.81,21.45,19.81,20.64,20.07,0.57,2.8401,630017.36,1300062.359
000811.SZ,20230411,12.46,12.88,12.42,12.68,12.51,0.17,1.3589,90230.51,114744.861
000812.SZ,20230411,5.67,5.71,5.6,5.71,5.68,0.03,0.5282,115180.56,65290.978
000813.SZ,20230411,3.38,3.38,3.3,3.35,3.36,-0.01,-0.2976,143533.6,48087.571
000815.SZ,20230411,13.4,13.49,13.31,13.42,13.36,0.06,0.4491,139106.77,186484.497
000816.SZ,20230411,3.63,3.64,3.59,3.62,3.62,0.0,0.0,102701.37,37011.512
000818.SZ,20230411,37.87,38.97,37.54,38.87,37.56,1.31,3.4878,140096.63,536794.436
000819.SZ,20230411,19.8,19.99,19.05,19.19,19.8,-0.61,-3.0808,45009.22,86755.139
000820.SZ,20230411,3.97,4.01,3.93,4.01,3.98,0.03,0.7538,64169.8,25451.7
000821.SZ,20230411,22.7,22.7,21.36,21.83,22.62,-0.79,-3.4925,407713.14,888221.269
000822.SZ,20230411,7.88,7.89,7.78,7.88,7.86,0.02,0.2545,84101.42,65848.877
000823.SZ,20230411,11.41,11.61,11.32,11.45,11.52,-0.07,-0.6076,97243.07,111379.678
000825.SZ,20230411,4.35,4.39,4.3,4.39,4.35,0.04,0.9195,198759.92,86364.999
000826.SZ,20230411,3.39,3.42,3.34,3.4,3.38,0.02,0.5917,128451.31,43289.753
000828.SZ,20230411,9.71,9.77,9.65,9.69,9.69,0.0,0.0,25558.0,24774.142
001313.SZ,20230411,9.43,9.59,9.34,9.59,9.43,0.16,1.6967,24594.99,23267.18
001314.SZ,20230411,45.05,45.42,44.54,45.12,45.05,0.07,0.1554,19476.36,87400.491
001316.SZ,20230411,36.9,37.2,36.7,36.91,36.95,-0.04,-0.1083,4240.0,15653.251
001317.SZ,20230411,39.09,39.09,37.37,37.7,39.1,-1.4,-3.5806,21055.0,79677.433
001318.SZ,20230411,14.05,14.15,13.99,14.04,14.05,-0.01,-0.0712,13542.0,19027.895
001319.SZ,20230411,21.01,21.02,20.7,20.77,21.01,-0.24,-1.1423,8955.24,18605.945
001322.SZ,20230411,22.18,23.11,21.83,22.27,22.03,0.24,1.0894,48390.16,108198.281
001323.SZ,20230411,37.59,38.8,37.32,37.72,37.58,0.14,0.3725,14089.19,53472.304
001328.SZ,20230411,48.0,49.57,41.65,42.1,56.64,-14.54,-25.6709,251817.73,1149501.128
001330.SZ,20230411,10.32,11.26,10.32,10.99,10.38,0.61,5.8767,553540.47,604115.026
001331.SZ,20230411,29.16,29.33,28.83,28.96,29.13,-0.17,-0.5836,6204.64,17963.029
001332.SZ,20230411,71.76,72.58,67.3,68.02,71.82,-3.8,-5.291,14167.12,98214.208
001333.SZ,20230411,28.27,28.27,27.9,28.16,28.15,0.01,0.0355,7036.05,19734.132
001336.SZ,20230411,30.68,31.18,30.33,30.88,30.46,0.42,1.3789,15905.78,49089.238
001337.SZ,20230411,27.38,30.25,26.61,29.84,27.83,2.01,7.2224,255335.72,731894.207
001338.SZ,20230411,17.36,17.38,16.81,16.91,17.42,-0.51,-2.9277,66087.9,112069.876
001339.SZ,20230411,27.92,28.69,27.56,28.3,27.99,0.31,1.1075,51990.94,146529.585
001360.SZ,20230411,31.1,33.33,27.92,28.23,28.15,0.08,0.2842,308490.48,948677.176
001366.SZ,20230411,17.31,17.84,17.13,17.6,17.58,0.02,0.1138,100039.69,175584.057
001367.SZ,20230411,68.5,88.83,66.81,82.0,74.88,7.12,9.5085,112604.81,885228.823
001368.SZ,20230411,27.05,27.33,26.82,27.22,27.24,-0.02,-0.0734,31224.89,84743.885
001696.SZ,20230411,6.46,6.49,6.4,6.44,6.48,-0.04,-0.6173,91979.73,59145.367
001872.SZ,20230411,17.5,17.94,17.11,17.94,17.5,0.44,2.5143,54647.94,95478.17
001896.SZ,20230411,4.6,4.61,4.52,4.55,4.62,-0.07,-1.5152,88911.0,40472.632
001914.SZ,20230411,15.8,16.27,15.7,16.12,15.8,0.32,2.0253,52140.9,83838.815
001965.SZ,20230411,8.72,8.77,8.68,8.72,8.77,-0.05,-0.5701,59109.02,51509.963
001979.SZ,20230411,14.81,15.29,14.68,15.16,15.0,0.16,1.0667,539416.16,814873.776
002001.SZ,20230411,18.12,18.13,17.95,18.0,18.08,-0.08,-0.4425,115547.94,208112.43
002002.SZ,20230411,2.7,2.71,2.67,2.69,2.7,-0.01,-0.3704,253578.94,68175.163
002003.SZ,20230411,9.21,9.28,9.1,9.15,9.26,-0.11,-1.1879,53784.53,49289.759
002004.SZ,20230411,5.65,5.66,5.58,5.62,5.66,-0.04,-0.7067,137937.5,77551.786
002005.SZ,20230411,1.62,1.65,1.59,1.6,1.61,-0.01,-0.6211,108653.0,17605.151
002006.SZ,20230411,22.6,22.6,21.6,22.18,22.5,-0.32,-1.4222,67835.08,149892.607
002007.SZ,20230411,24.51,24.83,24.29,24.54,24.62,-0.08,-0.3249,289772.2,711140.497
002008.SZ,20230411,30.11,30.3,29.67,30.05,30.35,-0.3,-0.9885,281068.67,840641.569
002009.SZ,20230411,14.26,14.35,14.02,14.29,14.14,0.15,1.0608,75278.72,106977.371
002010.SZ,20230411,6.03,6.13,6.0,6.05,6.03,0.02,0.3317,185654.42,112411.498
002011.SZ,20230411,12.37,12.38,12.15,12.22,12.28,-0.06,-0.4886,88595.04,108160.9
002012.SZ,20230411,5.64,5.69,5.57,5.68,5.63,0.05,0.8881,55262.11,31269.402
002014.SZ,20230411,8.8,8.88,8.78,8.84,8.82,0.02,0.2268,18923.2,16702.31
002015.SZ,20230411,12.68,13.15,12.63,12.77,12.62,0.15,1.1886,554007.39,713603.03
002016.SZ,20230411,6.43,6.68,6.34,6.6,6.41,0.19,2.9641,87369.0,56979.173
002148.SZ,20230411,6.56,7.03,6.44,6.73,6.54,0.19,2.9052,470406.18,316615.874
002149.SZ,20230411,17.61,17.62,17.08,17.62,17.26,0.36,2.0857,69684.52,121239.396
002150.SZ,20230411,19.3,19.64,18.94,19.52,19.44,0.08,0.4115,97710.73,188398.901
002151.SZ,20230411,35.6,35.76,34.6,35.2,35.28,-0.08,-0.2268,107077.93,375611.196
002152.SZ,20230411,12.5,12.94,12.36,12.92,12.49,0.43,3.4428,481431.87,609207.534
002153.SZ,20230411,21.7,23.41,21.51,22.59,21.91,0.68,3.1036,637087.42,1424035.197
002154.SZ,20230411,5.39,5.39,5.19,5.23,5.38,-0.15,-2.7881,153856.06,80878.36
002155.SZ,20230411,15.1,16.14,15.03,15.9,15.3,0.6,3.9216,463330.22,729512.795
002156.SZ,20230411,23.36,23.39,22.33,22.7,22.99,-0.29,-1.2614,612576.16,1398383.719
002157.SZ,20230411,3.32,3.33,3.28,3.33,3.32,0.01,0.3012,274214.51,90461.749
002158.SZ,20230411,26.47,26.47,25.66,25.89,26.3,-0.41,-1.5589,52742.41,136598.923
002159.SZ,20230411,16.0,16.57,15.78,15.82,15.91,-0.09,-0.5657,121400.0,195845.458
002160.SZ,20230411,4.03,4.11,4.0,4.09,4.04,0.05,1.2376,113474.0,45934.885
002161.SZ,20230411,5.4,5.57,5.36,5.44,5.41,0.03,0.5545,125797.17,68763.941
002162.SZ,20230411,4.18,4.2,4.14,4.2,4.15,0.05,1.2048,81317.8,33948.934
002163.SZ,20230411,12.14,12.14,11.94,12.04,12.09,-0.05,-0.4136,120570.86,144911.949
002164.SZ,20230411,5.91,6.0,5.86,6.0,5.94,0.06,1.0101,45127.22,26804.608
002165.SZ,20230411,3.88,3.89,3.84,3.86,3.88,-0.02,-0.5155,52919.39,20400.869
002166.SZ,20230411,9.29,9.29,9.05,9.13,9.23,-0.1,-1.0834,110085.28,100536.264
002167.SZ,20230411,7.31,7.64,7.25,7.58,7.34,0.24,3.2698,369121.01,275762.33
002168.SZ,20230411,4.35,4.52,4.3,4.45,4.33,0.12,2.7714,302747.12,134376.382
002169.SZ,20230411,7.9,7.92,7.78,7.83,7.89,-0.06,-0.7605,95770.32,75035.154
002170.SZ,20230411,6.12,6.16,6.07,6.14,6.11,0.03,0.491,53674.24,32818.606
002171.SZ,20230411,7.75,7.77,7.62,7.71,7.74,-0.03,-0.3876,73335.39,56230.71
002172.SZ,20230411,3.71,3.72,3.66,3.69,3.7,-0.01,-0.2703,65020.7,23959.773
002173.SZ,20230411,6.94,6.98,6.86,6.92,6.91,0.01,0.1447,42820.0,29577.179
002174.SZ,20230411,13.54,14.77,13.39,14.1,13.68,0.42,3.0702,642009.56,907277.392
002175.SZ,20230411,3.17,3.2,3.15,3.19,3.16,0.03,0.9494,85290.4,27085.242
002176.SZ,20230411,15.36,15.46,15.15,15.42,15.42,0.0,0.0,257031.62,394219.235
002177.SZ,20230411,3.2,3.2,3.13,3.19,3.18,0.01,0.3145,72322.0,22998.03
002178.SZ,20230411,4.34,4.37,4.24,4.32,4.32,0.0,0.0,102459.0,44059.204
002179.SZ,20230411,55.74,56.76,55.09,55.4,56.0,-0.6,-1.0714,59519.13,331488.106
002180.SZ,20230411,43.36,43.99,43.16,43.47,43.41,0.06,0.1382,93795.21,408334.505
002181.SZ,20230411,5.41,5.76,5.33,5.72,5.42,0.3,5.5351,474376.28,266869.183
002182.SZ,20230411,22.74,25.18,22.61,24.99,22.89,2.1,9.1743,357113.28,857463.879
002183.SZ,20230411,5.7,5.74,5.65,5.69,5.68,0.01,0.1761,121243.3,69015.578
002184.SZ,20230411,13.76,14.06,13.66,13.86,13.93,-0.07,-0.5025,62498.42,86486.395
002185.SZ,20230411,10.56,10.71,10.43,10.56,10.54,0.02,0.1898,535399.88,565290.499
002186.SZ,20230411,14.98,15.61,14.62,14.97,14.97,0.0,0.0,300427.72,457725.887
002187.SZ,20230411,6.71,6.87,6.67,6.8,6.73,0.07,1.0401,42320.7,28624.611
002188.SZ,20230411,6.5,6.53,6.41,6.44,6.5,-0.06,-0.9231,33985.33,21881.058
002189.SZ,20230411,17.39,17.5,16.95,17.14,17.39,-0.25,-1.4376,52980.35,90949.538
002319.SZ,20230411,14.18,14.87,14.18,14.73,14.11,0.62,4.394,42497.0,62110.816
002320.SZ,20230411,7.28,7.38,6.98,7.02,7.5,-0.48,-6.4,841770.76,598662.414
002321.SZ,20230411,2.72,2.72,2.69,2.7,2.72,-0.02,-0.7353,45460.0,12282.468
002322.SZ,20230411,11.6,11.75,11.44,11.7,11.68,0.02,0.1712,57946.02,67131.914
002323.SZ,20230411,2.91,2.92,2.86,2.87,2.91,-0.04,-1.3746,182886.96,52610.236
002324.SZ,20230411,14.65,14.65,14.13,14.4,14.55,-0.15,-1.0309,114081.61,163237.019
002325.SZ,20230411,1.88,1.88,1.86,1.88,1.87,0.01,0.5348,151058.49,28227.102
002326.SZ,20230411,20.73,21.06,20.7,20.84,21.06,-0.22,-1.0446,128344.37,267440.79
002327.SZ,20230411,7.83,7.89,7.75,7.87,7.81,0.06,0.7682,18233.43,14282.622
002328.SZ,20230411,6.4,6.4,6.11,6.18,6.35,-0.17,-2.6772,391090.45,241704.502
002329.SZ,20230411,6.42,6.45,6.33,6.36,6.42,-0.06,-0.9346,131494.47,83796.948
002330.SZ,20230411,6.06,6.18,6.01,6.13,6.04,0.09,1.4901,82364.0,50315.092
002331.SZ,20230411,7.74,7.82,7.63,7.69,7.74,-0.05,-0.646,56566.2,43643.218
002332.SZ,20230411,13.69,13.8,13.51,13.63,13.71,-0.08,-0.5835,64856.0,88274.999
002333.SZ,20230411,5.67,5.68,5.62,5.67,5.67,0.0,0.0,15822.0,8945.995
002334.SZ,20230411,11.53,12.34,11.51,12.18,11.64,0.54,4.6392,389464.55,468304.441
002335.SZ,20230411,44.38,45.1,43.67,44.25,44.44,-0.19,-0.4275,111335.9,493631.224
002336.SZ,20230411,14.19,14.51,14.02,14.32,14.18,0.14,0.9873,133283.93,190514.947
002337.SZ,20230411,5.38,5.49,5.32,5.44,5.44,0.0,0.0,221565.0,119730.223
002338.SZ,20230411,29.52,30.23,29.28,29.91,29.55,0.36,1.2183,62126.62,184719.973
002339.SZ,20230411,7.8,7.8,7.7,7.76,7.82,-0.06,-0.7673,123172.39,95452.564
002340.SZ,20230411,7.42,7.48,7.35,7.48,7.42,0.06,0.8086,395166.13,293548.404
002341.SZ,20230411,4.14,4.14,3.91,3.97,4.09,-0.12,-2.934,184513.8,73874.935
002342.SZ,20230411,4.22,4.26,4.18,4.26,4.22,0.04,0.9479,83408.25,35198.691
002343.SZ,20230411,6.5,7.1,6.49,7.1,6.45,0.65,10.0775,170472.8,117780.802
002344.SZ,20230411,4.57,4.6,4.52,4.58,4.56,0.02,0.4386,83710.0,38191.856
002345.SZ,20230411,8.5,8.53,8.05,8.16,8.5,-0.34,-4.0,208279.0,170315.608
002346.SZ,20230411,13.36,13.48,13.22,13.31,13.36,-0.05,-0.3743,17861.3,23786.726
002347.SZ,20230411,4.86,4.88,4.81,4.85,4.86,-0.01,-0.2058,58324.0,28225.298
002348.SZ,20230411,4.45,4.51,4.4,4.44,4.45,-0.01,-0.2247,107783.0,47924.343
002349.SZ,20230411,10.66,10.73,10.56,10.64,10.66,-0.02,-0.1876,108012.78,114740.753
002350.SZ,20230411,7.36,7.4,7.27,7.37,7.36,0.01,0.1359,72345.0,53166.378
002351.SZ,20230411,14.32,15.95,14.3,15.54,15.32,0.22,1.436,679446.36,1021230.892
002352.SZ,20230411,57.45,57.48,56.4,56.52,57.45,-0.93,-1.6188,156181.36,887673.159
002353.SZ,20230411,27.02,27.7,27.02,27.7,27.04,0.66,2.4408,103504.58,284006.634
002354.SZ,20230411,5.63,5.95,5.55,5.8,5.62,0.18,3.2028,1024122.33,593126.474
002355.SZ,20230411,4.07,4.11,4.04,4.07,4.07,0.0,0.0,52061.0,21156.683
002356.SZ,20230411,5.27,5.34,5.2,5.31,5.24,0.07,1.3359,34280.87,18060.928
002357.SZ,20230411,5.85,5.88,5.8,5.85,5.84,0.01,0.1712,42743.41,24908.768
002358.SZ,20230411,4.74,4.87,4.67,4.85,4.72,0.13,2.7542,132686.45,62938.884
002360.SZ,20230411,7.24,7.25,7.12,7.18,7.21,-0.03,-0.4161,44803.0,32129.414
002361.SZ,20230411,4.07,4.08,4.01,4.06,4.06,0.0,0.0,66056.01,26674.38
002482.SZ,20230411,1.87,1.87,1.84,1.86,1.87,-0.01,-0.5348,47064.0,8716.203
002483.SZ,20230411,5.66,5.67,5.57,5.6,5.67,-0.07,-1.2346,94708.72,53061.592
002484.SZ,20230411,21.56,21.67,21.35,21.47,21.56,-0.09,-0.4174,40769.26,87738.454
002485.SZ,20230411,3.57,3.61,3.53,3.57,3.57,0.0,0.0,6727.6,2413.425
002486.SZ,20230411,3.14,3.17,3.1,3.16,3.13,0.03,0.9585,132153.0,41495.994
002487.SZ,20230411,33.17,33.17,32.13,32.33,33.14,-0.81,-2.4442,152969.82,495781.667
002488.SZ,20230411,6.85,6.88,6.69,6.73,6.87,-0.14,-2.0378,98648.23,66599.691
002489.SZ,20230411,3.84,3.84,3.65,3.68,3.5,0.18,5.1429,1030964.03,382253.298
002490.SZ,20230411,4.47,4.52,4.44,4.52,4.49,0.03,0.6682,64126.0,28707.999
002491.SZ,20230411,5.83,6.01,5.82,5.94,5.88,0.06,1.0204,468113.04,277831.618
002492.SZ,20230411,6.05,6.09,5.98,6.08,6.04,0.04,0.6623,55729.5,33626.101
002493.SZ,20230411,15.13,15.25,14.9,15.01,15.13,-0.12,-0.7931,811870.22,1219161.752
002494.SZ,20230411,4.53,4.54,4.44,4.49,4.51,-0.02,-0.4435,37100.01,16626.666
002495.SZ,20230411,2.51,2.55,2.48,2.51,2.5,0.01,0.4,152960.93,38350.989
002496.SZ,20230411,2.27,2.28,2.24,2.26,2.27,-0.01,-0.4405,80181.8,18109.091
002497.SZ,20230411,21.0,21.23,20.75,21.23,21.1,0.13,0.6161,157646.27,331355.279
002498.SZ,20230411,4.1,4.11,4.06,4.08,4.09,-0.01,-0.2445,89639.37,36542.671
002499.SZ,20230411,0.67,0.72,0.67,0.71,0.67,0.04,5.9701,95669.24,6722.024
002500.SZ,20230411,5.86,5.95,5.84,5.87,5.84,0.03,0.5137,239953.7,141266.283
002501.SZ,20230411,1.67,1.7,1.65,1.69,1.67,0.02,1.1976,159389.8,26683.849
002502.SZ,20230411,3.61,3.78,3.58,3.73,3.61,0.12,3.3241,284852.0,105480.487
002503.SZ,20230411,0.89,0.97,0.88,0.96,0.92,0.04,4.3478,1408568.4,131250.475
002504.SZ,20230411,1.23,1.25,1.21,1.25,1.23,0.02,1.626,60299.63,7433.231
002505.SZ,20230411,2.94,3.03,2.92,3.01,2.95,0.06,2.0339,914403.87,273240.246
002506.SZ,20230411,3.08,3.11,3.06,3.07,3.09,-0.02,-0.6472,377716.46,116219.832
002507.SZ,20230411,25.12,25.16,25.0,25.09,25.12,-0.03,-0.1194,58511.0,146717.941
002508.SZ,20230411,29.34,29.98,29.16,29.37,29.36,0.01,0.0341,52196.7,154127.007
002510.SZ,20230411,3.78,3.8,3.75,3.78,3.79,-0.01,-0.2639,68748.0,25909.837
002511.SZ,20230411,11.98,12.04,11.82,12.03,11.96,0.07,0.5853,96269.27,115047.62
002512.SZ,20230411,4.07,4.21,4.0,4.12,4.09,0.03,0.7335,318693.53,131023.853
002513.SZ,20230411,5.0,5.01,4.91,4.93,5.0,-0.07,-1.4,30896.6,15276.643
002514.SZ,20230411,10.19,10.2,9.75,9.87,10.19,-0.32,-3.1403,229285.9,225475.894
002515.SZ,20230411,4.34,4.35,4.28,4.31,4.33,-0.02,-0.4619,53551.8,23082.95
002516.SZ,20230411,5.11,5.14,5.07,5.1,5.11,-0.01,-0.1957,89202.0,45473.042
002517.SZ,20230411,13.26,14.23,12.85,13.64,13.56,0.08,0.59,1119060.71,1518514.112
002518.SZ,20230411,49.2,50.14,47.8,48.03,49.44,-1.41,-2.8519,372410.95,1808639.12
002519.SZ,20230411,5.19,5.25,5.13,5.23,5.2,0.03,0.5769,151944.3,78966.892
002520.SZ,20230411,6.39,6.4,6.15,6.21,6.39,-0.18,-2.8169,187044.0,116434.171
002521.SZ,20230411,5.87,5.98,5.8,5.94,5.88,0.06,1.0204,90440.0,53287.403
002522.SZ,20230411,5.35,5.37,5.24,5.29,5.36,-0.07,-1.306,98720.0,52167.189
002523.SZ,20230411,2.99,2.99,2.91,2.94,2.98,-0.04,-1.3423,141968.87,41735.313
002524.SZ,20230411,7.5,7.76,7.5,7.55,7.55,0.0,0.0,225824.92,171904.534
002655.SZ,20230411,13.36,13.52,13.22,13.32,13.29,0.03,0.2257,74754.0,99792.023
002656.SZ,20230411,2.16,2.26,2.12,2.26,2.17,0.09,4.1475,187107.6,41676.055
002657.SZ,20230411,18.5,19.1,18.26,18.8,18.53,0.27,1.4571,191648.44,359644.849
002658.SZ,20230411,8.24,8.24,8.11,8.19,8.24,-0.05,-0.6068,57585.34,47073.028
002659.SZ,20230411,4.53,4.72,4.5,4.59,4.52,0.07,1.5487,141922.0,65154.117
002660.SZ,20230411,8.92,8.96,8.68,8.8,8.91,-0.11,-1.2346,60797.42,53249.235
002661.SZ,20230411,11.57,11.57,11.46,11.49,11.57,-0.08,-0.6914,31101.0,35743.323
002662.SZ,20230411,3.39,3.4,3.35,3.39,3.39,0.0,0.0,138727.19,46850.269
002663.SZ,20230411,1.88,1.89,1.84,1.86,1.88,-0.02,-1.0638,235149.66,43756.216
002664.SZ,20230411,13.42,13.5,13.2,13.22,13.39,-0.17,-1.2696,24261.0,32147.922
002665.SZ,20230411,4.53,4.74,4.37,4.57,4.32,0.25,5.787,6018783.27,2726922.229
002666.SZ,20230411,4.85,4.85,4.8,4.83,4.83,0.0,0.0,34355.0,16575.701
002667.SZ,20230411,17.96,18.1,17.8,17.98,18.13,-0.15,-0.8274,29028.0,52021.913
002668.SZ,20230411,6.07,6.13,6.0,6.11,6.08,0.03,0.4934,76776.78,46521.683
002669.SZ,20230411,13.51,13.61,13.38,13.44,13.63,-0.19,-1.394,64010.95,86199.412
002670.SZ,20230411,8.64,8.84,8.62,8.65,8.6,0.05,0.5814,190882.43,166257.429
002671.SZ,20230411,4.25,4.26,4.14,4.21,4.22,-0.01,-0.237,50973.0,21289.151
002672.SZ,20230411,5.69,5.72,5.65,5.72,5.71,0.01,0.1751,38042.49,21616.527
002673.SZ,20230411,6.53,6.64,6.51,6.57,6.49,0.08,1.2327,310293.12,204151.536
002674.SZ,20230411,10.54,10.85,10.5,10.78,10.64,0.14,1.3158,29049.96,31047.264
002675.SZ,20230411,16.9,17.13,16.83,16.98,16.98,0.0,0.0,55862.0,94706.883
002676.SZ,20230411,4.03,4.04,3.94,4.0,4.04,-0.04,-0.9901,119291.0,47578.827
002677.SZ,20230411,12.19,12.33,12.08,12.2,12.19,0.01,0.082,24286.0,29618.042
002678.SZ,20230411,6.0,6.15,5.98,6.06,6.0,0.06,1.0,32957.21,19980.009
002679.SZ,20230411,11.55,11.61,11.34,11.59,11.51,0.08,0.695,21315.56,24394.928
002681.SZ,20230411,6.06,6.69,5.89,6.48,6.22,0.26,4.1801,3607517.62,2258986.132
002682.SZ,20230411,4.35,4.39,4.32,4.38,4.36,0.02,0.4587,47121.5,20506.781
002683.SZ,20230411,30.9,31.08,30.46,31.01,30.61,0.4,1.3068,75622.78,233103.741
002685.SZ,20230411,3.89,3.9,3.82,3.84,3.89,-0.05,-1.2853,121829.05,46808.744
002686.SZ,20230411,6.67,6.67,6.49,6.55,6.63,-0.08,-1.2066,59389.0,38849.448
002687.SZ,20230411,4.61,4.65,4.57,4.65,4.61,0.04,0.8677,20842.8,9608.082
002688.SZ,20230411,5.09,5.11,5.01,5.08,5.09,-0.01,-0.1965,38196.0,19344.331
002689.SZ,20230411,4.69,4.7,4.61,4.66,4.7,-0.04,-0.8511,203783.12,94829.33
002690.SZ,20230411,31.8,32.1,31.51,31.75,31.88,-0.13,-0.4078,29959.7,95119.265
002691.SZ,20230411,5.6,5.64,5.5,5.59,5.57,0.02,0.3591,49745.0,27689.617
002692.SZ,20230411,3.83,3.86,3.82,3.83,3.85,-0.02,-0.5195,14726.0,5654.776
002693.SZ,20230411,6.67,6.69,6.57,6.63,6.68,-0.05,-0.7485,51162.0,33864.349
002694.SZ,20230411,4.9,4.93,4.83,4.93,4.91,0.02,0.4073,22263.6,10882.134
002695.SZ,20230411,11.92,12.21,11.85,11.93,11.96,-0.03,-0.2508,30666.44,36723.074
002696.SZ,20230411,6.35,6.35,6.25,6.34,6.33,0.01,0.158,39854.07,25116.548
002697.SZ,20230411,6.02,6.04,5.94,5.99,6.02,-0.03,-0.4983,187818.0,112354.196
002698.SZ,20230411,16.21,16.35,16.05,16.13,16.3,-0.17,-1.0429,42566.9,68672.916
002838.SZ,20230411,17.04,17.08,16.87,16.94,17.03,-0.09,-0.5285,17116.31,28977.419
002839.SZ,20230411,4.44,4.45,4.4,4.42,4.45,-0.03,-0.6742,201702.66,89132.031
002840.SZ,20230411,19.44,19.58,18.99,19.34,19.45,-0.11,-0.5656,81079.26,156100.971
002841.SZ,20230411,76.65,77.55,75.35,76.19,76.19,0.0,0.0,31831.11,244177.201
002842.SZ,20230411,8.63,8.82,8.55,8.77,8.63,0.14,1.6222,41279.51,35901.666
002843.SZ,20230411,17.01,17.09,16.39,16.47,16.99,-0.52,-3.0606,39917.78,66157.206
002845.SZ,20230411,16.25,16.32,15.78,15.93,16.26,-0.33,-2.0295,71127.03,113947.454
002846.SZ,20230411,8.07,8.07,7.82,7.99,8.06,-0.07,-0.8685,37343.84,29686.404
002847.SZ,20230411,136.35,138.11,133.01,134.5,137.61,-3.11,-2.26,6270.54,84500.411
002848.SZ,20230411,9.71,9.91,9.71,9.86,9.74,0.12,1.232,35793.0,35181.051
002849.SZ,20230411,19.62,19.97,19.49,19.86,19.59,0.27,1.3783,13393.4,26461.793
002850.SZ,20230411,136.73,139.34,136.0,136.6,138.28,-1.68,-1.2149,18866.24,259586.953
002851.SZ,20230411,29.57,30.29,29.16,29.68,29.47,0.21,0.7126,63080.72,188259.828
002852.SZ,20230411,11.34,12.33,11.3,12.33,11.21,1.12,9.9911,91300.91,110663.486
002853.SZ,20230411,20.27,20.74,19.96,20.54,19.99,0.55,2.7514,23120.0,47302.535
002855.SZ,20230411,9.92,10.33,9.92,10.08,10.3,-0.22,-2.1359,87279.0,87842.803
002856.SZ,20230411,9.55,9.56,9.41,9.48,9.58,-0.1,-1.0438,16038.93,15205.386
002857.SZ,20230411,15.63,15.86,15.43,15.57,15.88,-0.31,-1.9521,6871.0,10709.17
002858.SZ,20230411,20.0,21.9,19.59,21.9,19.91,1.99,9.995,242476.29,508283.105
002859.SZ,20230411,29.8,30.03,29.5,29.66,29.8,-0.14,-0.4698,21629.92,64302.893
002860.SZ,20230411,13.46,13.49,13.23,13.32,13.46,-0.14,-1.0401,30006.12,39891.479
002861.SZ,20230411,12.33,12.48,12.02,12.09,12.4,-0.31,-2.5,62715.2,76237.075
002862.SZ,20230411,16.33,16.85,16.31,16.69,16.44,0.25,1.5207,16787.0,27921.686
002863.SZ,20230411,5.47,5.49,5.42,5.47,5.47,0.0,0.0,51193.5,27906.113
002864.SZ,20230411,40.47,41.3,40.06,40.85,40.48,0.37,0.914,70378.23,286479.924
002865.SZ,20230411,143.0,146.2,138.2,138.95,142.73,-3.78,-2.6484,45654.78,642421.799
002866.SZ,20230411,31.68,31.69,30.03,30.3,31.66,-1.36,-4.2956,136288.01,414052.013
002867.SZ,20230411,15.92,16.3,15.9,16.21,16.0,0.21,1.3125,51352.24,82892.314
002868.SZ,20230411,38.25,38.37,37.56,38.16,38.11,0.05,0.1312,14833.37,56256.495
002869.SZ,20230411,27.92,28.96,27.29,28.14,28.05,0.09,0.3209,138423.62,389273.034
002870.SZ,20230411,29.36,29.47,28.75,28.93,29.44,-0.51,-1.7323,18380.0,53336.47
002871.SZ,20230411,14.56,14.56,14.24,14.24,14.6,-0.36,-2.4658,17174.35,24576.389
002872.SZ,20230411,5.57,5.64,5.53,5.6,5.58,0.02,0.3584,7288.5,4064.096
002873.SZ,20230411,14.36,14.4,14.2,14.37,14.28,0.09,0.6303,35494.95,50783.615
002875.SZ,20230411,14.94,14.96,14.46,14.6,14.83,-0.23,-1.5509,81564.09,119306.811
002876.SZ,20230411,47.06,47.78,46.2,46.91,46.84,0.07,0.1494,45117.24,212063.248
002877.SZ,20230411,9.37,9.45,9.32,9.35,9.37,-0.02,-0.2134,61757.4,57946.691
002878.SZ,20230411,19.21,20.18,19.03,19.82,19.28,0.54,2.8008,69735.9,137707.272
002879.SZ,20230411,15.97,15.97,15.63,15.83,15.97,-0.14,-0.8766,17236.4,27175.82
002880.SZ,20230411,31.9,32.1,30.92,31.1,31.92,-0.82,-2.5689,13934.67,43746.646
002881.SZ,20230411,33.87,34.38,33.04,33.35,34.37,-1.02,-2.9677,50532.4,169786.858
002882.SZ,20230411,15.9,15.95,15.6,15.8,16.0,-0.2,-1.25,82756.46,130488.541
300995.SZ,20230411,20.85,20.85,20.4,20.72,20.85,-0.13,-0.6235,3435.91,7065.083
300996.SZ,20230411,47.5,48.33,46.86,47.4,47.38,0.02,0.0422,14676.88,69913.313
300997.SZ,20230411,13.21,13.41,12.84,12.88,12.98,-0.1,-0.7704,98152.99,128965.604
300998.SZ,20230411,31.1,31.49,30.81,31.45,31.11,0.34,1.0929,7740.01,24148.956
300999.SZ,20230411,43.37,43.64,43.16,43.26,43.38,-0.12,-0.2766,63832.24,276836.292
301000.SZ,20230411,30.2,30.55,29.63,30.35,30.62,-0.27,-0.8818,10739.62,32302.483
301001.SZ,20230411,25.8,26.56,25.56,26.05,25.74,0.31,1.2044,34139.65,89377.333
301002.SZ,20230411,22.3,22.43,21.75,21.84,22.27,-0.43,-1.9308,8653.42,19038.51
301003.SZ,20230411,23.38,23.64,23.24,23.36,23.39,-0.03,-0.1283,4509.0,10562.548
301004.SZ,20230411,31.16,31.59,30.85,31.27,31.31,-0.04,-0.1278,10890.3,34060.762
301005.SZ,20230411,26.24,26.38,25.4,25.86,26.24,-0.38,-1.4482,8553.58,22012.203
301006.SZ,20230411,23.6,24.2,22.92,24.17,24.3,-0.13,-0.535,29640.61,70363.655
301007.SZ,20230411,11.66,11.66,11.34,11.49,11.58,-0.09,-0.7772,24924.62,28539.541
301008.SZ,20230411,26.72,26.98,26.47,26.97,26.75,0.22,0.8224,3677.0,9828.926
301009.SZ,20230411,11.9,12.12,11.75,11.79,11.98,-0.19,-1.586,13972.01,16522.699
301010.SZ,20230411,20.09,21.38,19.85,20.86,20.09,0.77,3.8328,40250.38,83169.706
301011.SZ,20230411,30.45,32.0,30.02,31.17,30.45,0.72,2.3645,19480.6,60738.238
301012.SZ,20230411,34.93,34.93,33.96,34.14,34.8,-0.66,-1.8966,12070.7,41401.509
301013.SZ,20230411,11.15,11.33,11.05,11.29,11.18,0.11,0.9839,50379.56,56490.72
301015.SZ,20230411,27.29,28.66,27.06,27.24,27.27,-0.03,-0.11,34187.86,94483.567
301016.SZ,20230411,21.48,21.52,20.84,21.35,21.35,0.0,0.0,12874.11,27175.123
301017.SZ,20230411,20.68,21.35,20.68,20.99,20.75,0.24,1.1566,22741.2,47896.54
301018.SZ,20230411,44.39,45.49,41.5,42.45,44.37,-1.92,-4.3272,85223.4,369123.602
301019.SZ,20230411,19.96,20.08,19.88,19.96,19.96,0.0,0.0,2811.5,5604.03
301020.SZ,20230411,20.13,20.19,19.8,19.96,20.27,-0.31,-1.5294,7743.21,15465.767
301021.SZ,20230411,27.7,27.78,26.98,27.13,27.54,-0.41,-1.4887,22376.1,60989.158
301022.SZ,20230411,30.78,31.47,30.3,30.53,31.04,-0.51,-1.643,10065.0,30942.088
301023.SZ,20230411,40.93,41.35,40.58,40.92,41.22,-0.3,-0.7278,4138.0,16946.719
301024.SZ,20230411,24.15,24.16,23.73,23.9,24.19,-0.29,-1.1988,4009.65,9575.209
301025.SZ,20230411,12.8,14.28,12.66,13.82,12.66,1.16,9.1627,231940.85,316223.449
301026.SZ,20230411,40.05,41.08,39.62,40.9,40.07,0.83,2.0714,11219.09,45361.869
301027.SZ,20230411,13.86,13.98,13.63,13.96,13.86,0.1,0.7215,18535.39,25606.657
301028.SZ,20230411,10.13,10.14,9.93,10.03,10.14,-0.11,-1.0848,12170.33,12179.557
301029.SZ,20230411,56.71,56.9,54.81,55.1,56.94,-1.84,-3.2315,29931.55,165846.502
301030.SZ,20230411,38.43,38.8,37.51,37.81,37.66,0.15,0.3983,23792.42,89985.889
301031.SZ,20230411,136.2,139.33,135.64,137.48,136.21,1.27,0.9324,11582.49,158409.51
301032.SZ,20230411,8.0,8.15,7.88,8.14,8.0,0.14,1.75,13516.0,10801.758
301033.SZ,20230411,44.56,44.77,42.79,43.1,44.2,-1.1,-2.4887,8691.84,37985.97
301035.SZ,20230411,69.88,70.4,68.66,69.01,70.17,-1.16,-1.6531,11078.21,76789.615
301036.SZ,20230411,18.92,19.11,18.77,19.11,18.99,0.12,0.6319,13032.6,24672.205
301037.SZ,20230411,17.07,17.08,16.61,16.77,17.0,-0.23,-1.3529,5650.72,9475.164
301038.SZ,20230411,15.55,15.76,15.41,15.59,15.63,-0.04,-0.2559,8908.58,13838.89
301086.SZ,20230411,66.52,67.13,66.01,66.03,66.71,-0.68,-1.0193,4071.78,27035.885
301087.SZ,20230411,41.47,42.28,41.47,41.9,41.64,0.26,0.6244,15223.73,63638.524
301088.SZ,20230411,17.39,17.43,17.07,17.12,17.26,-0.14,-0.8111,10413.41,17866.909
301089.SZ,20230411,54.51,55.2,54.11,54.85,54.6,0.25,0.4579,16761.58,91563.934
301090.SZ,20230411,10.69,10.7,10.56,10.57,10.7,-0.13,-1.215,31831.45,33728.668
301091.SZ,20230411,27.47,27.87,26.85,27.59,26.98,0.61,2.2609,72690.42,199400.043
301092.SZ,20230411,28.49,28.54,27.8,28.02,28.15,-0.13,-0.4618,7652.3,21406.939
301093.SZ,20230411,33.78,33.96,33.25,33.55,33.74,-0.19,-0.5631,14303.16,47923.101
301095.SZ,20230411,109.56,111.35,107.29,109.82,108.75,1.07,0.9839,24392.85,267226.758
301096.SZ,20230411,66.75,67.29,64.8,65.53,66.75,-1.22,-1.8277,9930.36,65239.365
301097.SZ,20230411,60.35,61.0,58.7,59.57,60.56,-0.99,-1.6347,3997.49,23882.813
301098.SZ,20230411,16.77,16.93,16.55,16.88,16.62,0.26,1.5644,9326.29,15668.83
301099.SZ,20230411,65.39,66.07,63.61,64.28,65.4,-1.12,-1.7125,19704.84,127683.656
301100.SZ,20230411,21.98,22.06,21.77,21.93,21.9,0.03,0.137,6078.55,13311.958
301101.SZ,20230411,57.47,61.15,57.29,59.82,57.88,1.94,3.3518,15638.24,93731.316
301102.SZ,20230411,37.9,38.98,37.78,38.54,37.9,0.64,1.6887,12054.97,46492.114
301103.SZ,20230411,32.91,35.05,32.29,32.67,32.92,-0.25,-0.7594,38931.07,132012.489
301105.SZ,20230411,37.45,37.45,36.86,37.14,37.45,-0.31,-0.8278,3391.28,12570.017
301106.SZ,20230411,30.45,30.61,30.0,30.32,30.62,-0.3,-0.9798,7451.6,22558.046
301107.SZ,20230411,29.18,29.74,29.02,29.19,29.45,-0.26,-0.8829,5635.7,16455.947
301108.SZ,20230411,38.01,38.12,37.5,37.74,37.97,-0.23,-0.6057,4651.47,17563.594
301109.SZ,20230411,16.74,16.91,16.71,16.86,16.77,0.09,0.5367,10003.6,16775.599
301110.SZ,20230411,52.78,55.26,52.66,54.02,52.92,1.1,2.0786,30347.76,163573.427
301111.SZ,20230411,20.23,20.45,20.13,20.35,20.29,0.06,0.2957,9645.68,19561.982
301112.SZ,20230411,34.93,34.99,33.5,33.65,34.95,-1.3,-3.7196,15858.97,53911.987
301113.SZ,20230411,27.13,27.35,26.34,26.5,26.47,0.03,0.1133,6461.35,17408.904
301115.SZ,20230411,24.98,25.02,24.82,24.9,24.93,-0.03,-0.1203,6388.71,15905.942
301116.SZ,20230411,15.53,15.58,15.2,15.4,15.47,-0.07,-0.4525,28504.62,43701.15
301117.SZ,20230411,71.99,72.5,70.3,72.0,72.0,0.0,0.0,7634.77,54532.949
301118.SZ,20230411,32.27,32.28,30.9,31.23,32.19,-0.96,-2.9823,22299.37,69872.071
301119.SZ,20230411,28.7,28.7,28.05,28.38,28.73,-0.35,-1.2182,6657.99,18847.185
301120.SZ,20230411,20.77,20.77,20.12,20.35,20.76,-0.41,-1.975,40752.5,82663.634
301121.SZ,20230411,55.83,55.89,53.7,54.24,55.43,-1.19,-2.1469,12560.57,68240.458
301122.SZ,20230411,48.5,51.28,48.13,50.12,48.68,1.44,2.9581,18872.4,94509.817
301123.SZ,20230411,25.43,25.65,24.95,25.1,25.31,-0.21,-0.8297,24069.07,60798.647
301125.SZ,20230411,24.41,24.52,24.11,24.38,24.62,-0.24,-0.9748,6369.79,15487.97
301126.SZ,20230411,15.12,15.22,14.82,14.91,15.12,-0.21,-1.3889,20267.54,30326.913
301127.SZ,20230411,10.18,10.2,9.95,10.04,10.2,-0.16,-1.5686,28064.08,28174.561
301128.SZ,20230411,28.79,28.83,28.38,28.41,28.8,-0.39,-1.3542,4090.0,11676.969
301129.SZ,20230411,76.99,82.0,76.98,81.95,76.68,5.27,6.8727,4477.56,35867.276
301130.SZ,20230411,29.22,29.54,28.67,28.88,29.35,-0.47,-1.6014,7704.62,22387.408
301131.SZ,20230411,37.33,37.51,36.97,37.19,37.33,-0.14,-0.375,3132.0,11640.752
301189.SZ,20230411,34.38,34.88,34.16,34.55,34.41,0.14,0.4069,10430.4,36039.108
301190.SZ,20230411,18.36,18.36,18.17,18.23,18.36,-0.13,-0.7081,4850.34,8840.632
301191.SZ,20230411,106.58,108.5,103.66,105.26,105.5,-0.24,-0.2275,9916.6,104675.636
301192.SZ,20230411,18.54,18.54,18.2,18.4,18.54,-0.14,-0.7551,8544.75,15652.175
301193.SZ,20230411,33.6,33.78,32.35,32.58,33.57,-0.99,-2.9491,12034.14,39517.95
301195.SZ,20230411,87.01,90.88,85.0,88.77,86.74,2.03,2.3403,32470.19,287496.942
301196.SZ,20230411,35.01,35.01,34.6,34.61,35.01,-0.4,-1.1425,2813.9,9762.801
301197.SZ,20230411,23.8,23.98,23.15,23.54,23.92,-0.38,-1.5886,13847.2,32530.265
301198.SZ,20230411,27.31,27.31,26.68,26.81,27.38,-0.57,-2.0818,11280.75,30367.994
301199.SZ,20230411,23.54,23.82,22.68,22.78,23.67,-0.89,-3.76,18873.88,43357.533
301200.SZ,20230411,46.68,46.73,45.93,46.39,47.23,-0.84,-1.7785,22810.16,105558.446
301201.SZ,20230411,45.75,46.1,44.76,45.06,45.75,-0.69,-1.5082,10338.83,46818.76
301203.SZ,20230411,38.07,38.35,37.5,37.66,38.18,-0.52,-1.362,18240.12,68973.204
301205.SZ,20230411,79.01,82.59,76.8,80.66,78.87,1.79,2.2696,37831.18,301706.191
301206.SZ,20230411,33.29,33.46,33.0,33.23,33.3,-0.07,-0.2102,5788.92,19210.412
301207.SZ,20230411,50.85,51.69,50.49,51.11,50.85,0.26,0.5113,16422.52,84024.085
301208.SZ,20230411,60.36,60.93,59.78,60.49,60.26,0.23,0.3817,6246.41,37660.242
301209.SZ,20230411,24.6,25.26,24.24,25.05,24.6,0.45,1.8293,10607.0,26429.425
301211.SZ,20230411,28.3,28.49,27.2,27.59,28.26,-0.67,-2.3708,63685.35,176711.364
301212.SZ,20230411,39.0,39.73,38.4,39.33,38.85,0.48,1.2355,24163.8,94854.765
301213.SZ,20230411,42.84,42.98,42.1,42.37,42.75,-0.38,-0.8889,9088.03,38574.829
301215.SZ,20230411,5.8,5.81,5.61,5.66,5.77,-0.11,-1.9064,115945.47,65655.735
301216.SZ,20230411,27.51,27.51,26.78,26.82,27.49,-0.67,-2.4372,36052.55,97278.034
301217.SZ,20230411,13.35,13.4,13.23,13.4,13.29,0.11,0.8277,24076.01,32069.364
301218.SZ,20230411,23.97,24.39,23.4,24.17,23.8,0.37,1.5546,26068.54,62588.735
301219.SZ,20230411,59.7,61.25,58.94,61.25,59.88,1.37,2.2879,23700.11,143001.65
301220.SZ,20230411,39.42,39.42,38.9,39.15,39.21,-0.06,-0.153,2681.27,10474.079
301221.SZ,20230411,52.38,56.78,50.58,55.6,53.19,2.41,4.5309,59672.74,321352.177
301222.SZ,20230411,29.89,30.23,28.88,29.3,29.59,-0.29,-0.9801,30851.66,90406.537
301223.SZ,20230411,19.91,20.0,19.71,19.93,19.88,0.05,0.2515,8243.6,16357.655
301226.SZ,20230411,34.28,34.28,33.21,33.66,34.2,-0.54,-1.5789,9006.9,30321.518
301227.SZ,20230411,29.05,29.24,28.59,29.11,29.0,0.11,0.3793,9658.22,27897.462
301228.SZ,20230411,16.1,16.12,15.93,16.0,15.99,0.01,0.0625,4546.67,7279.201
301229.SZ,20230411,28.31,28.43,28.11,28.28,28.26,0.02,0.0708,2835.0,7994.925
301230.SZ,20230411,61.4,62.73,58.57,59.2,61.43,-2.23,-3.6301,17589.36,105768.664
301231.SZ,20230411,25.15,27.66,25.01,27.05,25.15,1.9,7.5547,74755.87,199598.02
301233.SZ,20230411,38.4,38.77,38.0,38.45,38.65,-0.2,-0.5175,4438.11,17032.528
301234.SZ,20230411,29.82,30.11,29.7,29.89,29.82,0.07,0.2347,2796.0,8355.956
301235.SZ,20230411,36.02,36.28,35.31,35.41,35.96,-0.55,-1.5295,10739.26,38267.935
301236.SZ,20230411,46.42,47.41,45.6,46.78,46.18,0.6,1.2993,183728.71,854586.633
301237.SZ,20230411,31.25,31.35,30.91,31.08,31.18,-0.1,-0.3207,2901.02,9012.4
301238.SZ,20230411,23.61,23.8,23.42,23.48,23.82,-0.34,-1.4274,30110.19,70886.446
002362.SZ,20230411,27.1,27.85,26.79,27.23,27.39,-0.16,-0.5842,215088.12,587625.892
002363.SZ,20230411,7.15,7.16,6.99,7.13,7.11,0.02,0.2813,57016.22,40292.495
002364.SZ,20230411,8.17,8.23,8.01,8.06,8.15,-0.09,-1.1043,127156.0,102772.524
002365.SZ,20230411,10.94,10.95,10.77,10.85,10.88,-0.03,-0.2757,30707.5,33260.969
002366.SZ,20230411,4.81,4.84,4.77,4.8,4.82,-0.02,-0.4149,45914.0,22059.259
002367.SZ,20230411,8.1,8.17,8.06,8.11,8.13,-0.02,-0.246,39931.24,32373.823
002368.SZ,20230411,43.16,44.22,41.61,42.63,43.15,-0.52,-1.2051,217978.92,933842.857
002369.SZ,20230411,5.6,5.74,5.55,5.64,5.61,0.03,0.5348,161032.0,90551.073
002370.SZ,20230411,4.51,4.52,4.44,4.47,4.52,-0.05,-1.1062,71869.01,32066.562
002371.SZ,20230411,300.82,304.85,291.04,295.4,299.7,-4.3,-1.4348,116010.1,3456831.955
002372.SZ,20230411,24.42,24.73,23.96,24.2,24.39,-0.19,-0.779,43758.86,106112.391
002373.SZ,20230411,14.29,14.4,13.5,13.67,14.42,-0.75,-5.2011,590580.73,818868.014
002374.SZ,20230411,4.31,4.32,4.28,4.29,4.32,-0.03,-0.6944,75301.48,32348.981
002375.SZ,20230411,4.68,4.7,4.63,4.69,4.67,0.02,0.4283,63072.5,29423.627
002376.SZ,20230411,8.0,8.08,7.9,8.02,8.0,0.02,0.25,67894.0,54253.632
002377.SZ,20230411,2.78,2.81,2.73,2.77,2.76,0.01,0.3623,396409.0,109671.505
002378.SZ,20230411,7.78,7.97,7.66,7.97,7.75,0.22,2.8387,130552.66,102584.938
002379.SZ,20230411,4.18,4.21,4.12,4.2,4.16,0.04,0.9615,63557.0,26485.51
002380.SZ,20230411,18.31,18.61,17.96,18.21,18.32,-0.11,-0.6004,49165.0,89499.449
002381.SZ,20230411,6.96,6.96,6.85,6.87,6.94,-0.07,-1.0086,24442.0,16821.658
002382.SZ,20230411,7.88,7.88,7.74,7.78,7.86,-0.08,-1.0178,81384.96,63398.753
002383.SZ,20230411,7.17,7.26,7.1,7.21,7.17,0.04,0.5579,128766.0,92363.863
002384.SZ,20230411,28.5,28.6,27.43,28.01,28.46,-0.45,-1.5812,288786.62,806695.003
002385.SZ,20230411,7.59,7.59,7.33,7.42,7.7,-0.28,-3.6364,880850.24,653109.644
002386.SZ,20230411,7.0,7.02,6.91,6.95,7.02,-0.07,-0.9972,89664.27,62332.374
002387.SZ,20230411,7.94,8.03,7.8,7.84,7.97,-0.13,-1.6311,131863.81,103885.594
002388.SZ,20230411,7.9,7.91,7.7,7.74,7.85,-0.11,-1.4013,77510.0,60146.093
002389.SZ,20230411,22.42,22.45,22.1,22.22,22.52,-0.3,-1.3321,122859.82,272904.744
002390.SZ,20230411,5.02,5.08,5.01,5.04,5.03,0.01,0.1988,151465.0,76342.858
002391.SZ,20230411,7.19,7.2,7.1,7.18,7.2,-0.02,-0.2778,48279.48,34478.716
002392.SZ,20230411,3.45,3.49,3.42,3.48,3.46,0.02,0.578,76968.25,26591.42
002526.SZ,20230411,2.31,2.34,2.29,2.32,2.31,0.01,0.4329,165294.83,38266.957
002527.SZ,20230411,7.02,7.07,6.92,6.99,7.01,-0.02,-0.2853,80939.87,56565.12
002528.SZ,20230411,10.42,10.67,10.31,10.43,10.54,-0.11,-1.0436,447018.12,467339.498
002529.SZ,20230411,14.8,14.8,14.56,14.64,14.75,-0.11,-0.7458,28175.0,41188.86
002530.SZ,20230411,9.68,9.81,9.41,9.57,9.58,-0.01,-0.1044,351061.2,336330.421
002531.SZ,20230411,14.26,14.3,13.76,13.92,14.36,-0.44,-3.0641,212255.11,295373.279
002532.SZ,20230411,7.3,7.44,7.22,7.44,7.32,0.12,1.6393,335499.27,246737.837
002533.SZ,20230411,7.45,7.45,7.26,7.34,7.43,-0.09,-1.2113,217697.66,159198.527
002534.SZ,20230411,18.02,19.12,17.88,19.12,17.38,1.74,10.0115,549690.13,1019082.154
002535.SZ,20230411,2.97,3.03,2.9,2.98,2.97,0.01,0.3367,160744.11,47591.497
002536.SZ,20230411,10.5,10.93,10.5,10.86,10.66,0.2,1.8762,249450.76,268361.3
002537.SZ,20230411,8.03,8.1,7.98,8.05,8.03,0.02,0.2491,229780.55,184615.283
002538.SZ,20230411,7.82,7.82,7.7,7.77,7.84,-0.07,-0.8929,49290.72,38116.436
002539.SZ,20230411,11.25,11.29,11.04,11.13,11.24,-0.11,-0.9786,126754.39,140793.911
002540.SZ,20230411,5.92,5.99,5.85,5.98,5.95,0.03,0.5042,69486.1,41218.117
002541.SZ,20230411,35.59,35.81,34.63,35.47,35.47,0.0,0.0,31709.76,111731.563
002542.SZ,20230411,2.88,2.89,2.82,2.84,2.89,-0.05,-1.7301,181951.0,51729.81
002543.SZ,20230411,8.77,8.84,8.7,8.79,8.76,0.03,0.3425,27001.06,23707.099
002544.SZ,20230411,22.5,22.74,21.77,21.97,22.52,-0.55,-2.4423,99782.87,219543.767
002545.SZ,20230411,8.39,8.41,8.31,8.36,8.38,-0.02,-0.2387,55934.96,46738.931
002546.SZ,20230411,3.87,3.9,3.83,3.9,3.88,0.02,0.5155,72017.0,27844.486
002547.SZ,20230411,5.21,5.26,5.12,5.17,5.24,-0.07,-1.3359,277983.48,143501.629
002548.SZ,20230411,5.59,5.6,5.49,5.54,5.55,-0.01,-0.1802,231198.3,127727.958
002549.SZ,20230411,15.09,15.28,14.8,14.92,15.08,-0.16,-1.061,108332.38,162682.533
002550.SZ,20230411,5.97,6.01,5.96,6.0,5.99,0.01,0.1669,69038.0,41343.613
002551.SZ,20230411,4.28,4.28,4.17,4.22,4.26,-0.04,-0.939,104364.36,43960.898
002552.SZ,20230411,18.81,19.17,18.65,19.1,18.84,0.26,1.38,24021.37,45477.107
002553.SZ,20230411,12.08,12.15,11.91,12.06,12.08,-0.02,-0.1656,52947.46,63676.057
002554.SZ,20230411,3.95,3.95,3.9,3.95,3.95,0.0,0.0,117519.16,46116.653
002555.SZ,20230411,27.3,28.96,26.89,27.98,27.9,0.08,0.2867,1206375.59,3360645.728
002556.SZ,20230411,8.32,8.33,8.24,8.31,8.31,0.0,0.0,31536.28,26131.13
002557.SZ,20230411,43.15,43.4,42.24,42.39,43.15,-0.76,-1.7613,46048.0,196164.806
002558.SZ,20230411,14.91,15.8,14.74,15.26,14.84,0.42,2.8302,920753.33,1402730.79
002559.SZ,20230411,8.93,8.93,8.26,8.53,8.77,-0.24,-2.7366,491018.0,417872.086
002560.SZ,20230411,8.12,8.13,8.03,8.1,8.08,0.02,0.2475,106535.51,85953.299
002561.SZ,20230411,9.95,10.02,9.87,10.01,9.95,0.06,0.603,72195.84,71909.527
002562.SZ,20230411,5.11,5.15,5.11,5.13,5.12,0.01,0.1953,46475.6,23832.941
002563.SZ,20230411,6.04,6.08,5.98,6.0,6.03,-0.03,-0.4975,76712.51,46216.708
002564.SZ,20230411,5.8,5.89,5.68,5.81,5.87,-0.06,-1.0221,416281.0,241079.835
002565.SZ,20230411,3.76,3.81,3.72,3.79,3.76,0.03,0.7979,73794.86,27822.58
002566.SZ,20230411,8.22,8.22,8.06,8.11,8.16,-0.05,-0.6127,33444.0,27168.547
002567.SZ,20230411,8.55,8.75,8.43,8.61,8.54,0.07,0.8197,406670.82,349081.845
002699.SZ,20230411,3.39,3.52,3.39,3.47,3.41,0.06,1.7595,365184.58,126614.636
002700.SZ,20230411,4.67,4.7,4.63,4.69,4.67,0.02,0.4283,6716.0,3134.616
002701.SZ,20230411,5.05,5.05,4.97,4.99,5.04,-0.05,-0.9921,136995.87,68401.593
002702.SZ,20230411,5.75,5.77,5.67,5.74,5.72,0.02,0.3497,86546.8,49493.631
002703.SZ,20230411,8.1,8.61,7.96,8.23,8.09,0.14,1.7305,191642.63,158012.927
002705.SZ,20230411,17.28,17.44,17.15,17.35,17.24,0.11,0.6381,61691.49,106894.749
002706.SZ,20230411,12.16,12.17,11.98,11.99,12.12,-0.13,-1.0726,50554.26,60821.306
002707.SZ,20230411,10.07,10.29,9.8,9.92,9.96,-0.04,-0.4016,655342.03,657314.743
002708.SZ,20230411,6.03,6.03,5.92,5.98,6.03,-0.05,-0.8292,51234.08,30529.423
002709.SZ,20230411,42.49,43.13,42.34,42.8,42.72,0.08,0.1873,262546.11,1123097.495
002712.SZ,20230411,6.12,6.91,6.08,6.78,6.28,0.5,7.9618,1096066.44,729538.89
002713.SZ,20230411,7.57,7.65,7.52,7.64,7.58,0.06,0.7916,52037.11,39536.959
002714.SZ,20230411,49.45,49.56,48.83,49.1,49.38,-0.28,-0.567,247552.59,1216407.329
002715.SZ,20230411,15.2,15.7,15.05,15.44,15.22,0.22,1.4455,12341.0,18941.922
002716.SZ,20230411,3.19,3.34,3.15,3.29,3.18,0.11,3.4591,574365.21,186990.496
002717.SZ,20230411,3.61,3.7,3.56,3.64,3.61,0.03,0.831,737083.44,268673.665
002718.SZ,20230411,14.82,14.84,14.52,14.62,14.82,-0.2,-1.3495,9072.0,13259.822
002719.SZ,20230411,10.54,10.61,10.13,10.25,10.62,-0.37,-3.484,105117.2,107752.793
002721.SZ,20230411,3.42,3.64,3.38,3.63,3.43,0.2,5.8309,258652.62,91851.661
002722.SZ,20230411,14.07,14.24,13.96,14.16,14.07,0.09,0.6397,22187.01,31350.665
002723.SZ,20230411,10.45,10.65,10.34,10.58,10.45,0.13,1.244,58169.0,61280.437
002724.SZ,20230411,9.65,9.65,9.45,9.48,9.62,-0.14,-1.4553,20347.15,19389.548
002725.SZ,20230411,10.16,10.18,9.77,9.99,10.05,-0.06,-0.597,103986.8,103446.153
002726.SZ,20230411,8.44,8.44,8.36,8.4,8.45,-0.05,-0.5917,49048.62,41162.642
002727.SZ,20230411,32.8,35.2,32.7,34.72,32.9,1.82,5.5319,134210.02,459871.804
002728.SZ,20230411,22.18,22.39,21.88,22.14,22.02,0.12,0.545,89214.34,197205.331
002729.SZ,20230411,20.3,20.38,20.05,20.11,20.29,-0.18,-0.8871,37679.52,75953.321
002730.SZ,20230411,8.76,8.85,8.66,8.75,8.65,0.1,1.1561,47376.42,41477.279
002731.SZ,20230411,14.28,14.35,13.89,14.26,14.19,0.07,0.4933,25681.37,36356.028
002732.SZ,20230411,19.31,19.37,19.1,19.18,19.37,-0.19,-0.9809,10651.89,20421.647
002733.SZ,20230411,17.68,17.7,17.23,17.39,17.77,-0.38,-2.1384,81570.35,142084.74
002734.SZ,20230411,9.8,9.8,9.64,9.7,9.76,-0.06,-0.6148,16760.0,16237.319
002735.SZ,20230411,21.68,21.85,21.5,21.82,21.85,-0.03,-0.1373,10118.6,21913.884
002736.SZ,20230411,9.62,9.72,9.57,9.6,9.54,0.06,0.6289,154798.93,149106.421
002737.SZ,20230411,23.99,24.4,23.78,24.18,24.05,0.13,0.5405,67333.1,162043.163
002738.SZ,20230411,68.0,73.2,67.42,72.32,68.43,3.89,5.6846,282244.97,2007378.451
002739.SZ,20230411,14.25,14.98,14.18,14.69,14.19,0.5,3.5236,382556.48,561444.213
002740.SZ,20230411,3.72,3.73,3.62,3.72,3.72,0.0,0.0,88460.0,32509.637
002741.SZ,20230411,18.94,19.05,18.64,18.7,18.9,-0.2,-1.0582,23083.52,43364.172
002742.SZ,20230411,4.39,4.42,4.29,4.33,4.39,-0.06,-1.3667,47620.5,20652.258
002743.SZ,20230411,5.45,5.47,5.4,5.46,5.44,0.02,0.3676,33795.1,18375.798
002745.SZ,20230411,9.61,9.79,9.55,9.73,9.6,0.13,1.3542,180424.76,174732.227
002883.SZ,20230411,11.21,11.34,11.06,11.13,11.28,-0.15,-1.3298,31189.2,34703.472
002884.SZ,20230411,16.0,16.0,15.43,15.57,15.91,-0.34,-2.137,28471.46,44491.555
002885.SZ,20230411,32.6,33.1,31.92,32.67,32.8,-0.13,-0.3963,48408.05,156601.47
002886.SZ,20230411,17.41,17.77,17.16,17.65,17.49,0.16,0.9148,37716.86,65753.848
002887.SZ,20230411,8.87,8.97,8.72,8.9,8.98,-0.08,-0.8909,34741.5,30661.747
002888.SZ,20230411,15.96,16.35,15.53,16.0,15.81,0.19,1.2018,105885.55,169257.549
002889.SZ,20230411,24.74,25.09,24.38,24.55,24.7,-0.15,-0.6073,13702.0,33807.904
002890.SZ,20230411,17.45,17.63,17.01,17.43,17.53,-0.1,-0.5705,8623.0,15004.704
002891.SZ,20230411,23.06,23.19,22.81,22.98,23.0,-0.02,-0.087,19146.9,43976.677
002892.SZ,20230411,12.66,12.66,12.3,12.41,12.51,-0.1,-0.7994,27230.8,33826.291
002893.SZ,20230411,8.52,8.62,8.46,8.59,8.54,0.05,0.5855,21701.0,18518.026
002895.SZ,20230411,24.17,24.19,23.61,23.73,24.31,-0.58,-2.3858,51198.46,122004.454
002896.SZ,20230411,24.91,25.0,24.25,24.54,24.91,-0.37,-1.4853,35512.97,86888.34
002897.SZ,20230411,46.36,46.38,45.02,45.96,46.41,-0.45,-0.9696,52848.97,240841.464
002898.SZ,20230411,10.44,10.48,10.24,10.29,10.43,-0.14,-1.3423,20962.3,21597.642
002899.SZ,20230411,13.11,13.17,12.86,12.99,13.1,-0.11,-0.8397,20429.0,26516.035
002900.SZ,20230411,12.5,12.65,12.35,12.47,12.5,-0.03,-0.24,16903.0,21071.602
002901.SZ,20230411,37.1,37.8,36.61,36.73,37.22,-0.49,-1.3165,17799.57,66042.285
002902.SZ,20230411,18.49,18.68,17.99,18.38,18.8,-0.42,-2.234,166426.61,304564.366
002903.SZ,20230411,28.3,28.84,27.98,28.33,29.08,-0.75,-2.5791,110605.12,313231.713
002905.SZ,20230411,8.66,9.11,8.59,9.02,8.65,0.37,4.2775,100204.92,89793.115
002906.SZ,20230411,32.2,32.36,31.69,31.95,32.23,-0.28,-0.8688,37624.01,120460.725
002907.SZ,20230411,18.13,18.28,18.0,18.25,18.24,0.01,0.0548,25014.22,45308.699
002908.SZ,20230411,22.11,23.69,22.0,23.31,21.62,1.69,7.8168,408828.1,934495.109
002909.SZ,20230411,7.75,7.8,7.69,7.79,7.78,0.01,0.1285,39611.56,30670.612
002910.SZ,20230411,11.1,11.19,11.03,11.17,11.12,0.05,0.4496,22289.0,24766.299
002911.SZ,20230411,12.6,12.65,12.37,12.45,12.56,-0.11,-0.8758,28604.3,35574.409
002912.SZ,20230411,42.0,44.46,41.0,42.68,42.02,0.66,1.5707,50484.96,214830.763
002913.SZ,20230411,37.68,40.43,37.38,39.6,37.89,1.71,4.5131,81201.44,317993.691
002915.SZ,20230411,20.66,20.85,20.44,20.8,20.79,0.01,0.0481,32011.01,66179.534
002916.SZ,20230411,91.3,92.18,90.0,90.8,91.3,-0.5,-0.5476,44117.93,401436.206
002918.SZ,20230411,19.66,20.85,19.54,20.37,19.65,0.72,3.6641,83716.11,170159.204
002919.SZ,20230411,41.99,44.56,41.91,43.37,42.6,0.77,1.8075,67959.3,293826.985
002920.SZ,20230411,114.96,114.96,111.33,112.99,115.01,-2.02,-1.7564,45072.53,509197.03
002921.SZ,20230411,13.5,13.57,13.36,13.52,13.55,-0.03,-0.2214,18078.71,24342.32
002922.SZ,20230411,15.57,15.62,15.31,15.42,15.57,-0.15,-0.9634,52210.58,80555.81
002923.SZ,20230411,19.36,19.52,19.12,19.3,19.46,-0.16,-0.8222,30862.8,59678.124
002925.SZ,20230411,20.67,21.0,20.55,20.62,20.67,-0.05,-0.2419,48540.2,100526.075
002926.SZ,20230411,8.22,8.37,8.21,8.26,8.19,0.07,0.8547,147857.45,122438.986
002927.SZ,20230411,12.65,12.65,12.4,12.52,12.64,-0.12,-0.9494,32714.08,40881.984
002928.SZ,20230411,11.81,11.9,11.6,11.68,11.82,-0.14,-1.1844,63016.28,73835.121
003020.SZ,20230411,44.82,45.68,43.93,44.77,44.57,0.2,0.4487,16032.37,72080.134
003021.SZ,20230411,79.91,80.94,78.04,78.33,79.9,-1.57,-1.965,26361.88,209053.908
003022.SZ,20230411,27.84,27.99,27.43,27.6,27.84,-0.24,-0.8621,63368.04,174850.009
003023.SZ,20230411,20.03,20.08,19.83,19.93,20.0,-0.07,-0.35,12126.9,24160.38
003025.SZ,20230411,24.63,24.88,24.2,24.59,24.74,-0.15,-0.6063,15128.14,37012.862
003026.SZ,20230411,50.31,50.63,49.31,49.95,50.01,-0.06,-0.12,23155.52,115822.944
003027.SZ,20230411,23.07,23.14,22.3,22.52,23.2,-0.68,-2.931,29310.0,66307.457
003028.SZ,20230411,43.41,43.51,42.68,42.95,43.4,-0.45,-1.0369,8815.0,37912.953
003029.SZ,20230411,36.0,36.48,35.64,36.1,36.1,0.0,0.0,29830.5,107385.343
003030.SZ,20230411,24.67,24.95,24.52,24.77,24.66,0.11,0.4461,5629.0,13911.03
003031.SZ,20230411,97.02,100.16,95.34,99.45,97.19,2.26,2.3253,39480.23,388553.013
003032.SZ,20230411,17.36,17.88,17.1,17.48,17.37,0.11,0.6333,65226.13,114320.171
003033.SZ,20230411,33.56,34.01,33.01,33.35,33.66,-0.31,-0.921,6551.7,21815.332
003035.SZ,20230411,7.47,7.75,7.42,7.6,7.51,0.09,1.1984,210180.85,159124.497
003036.SZ,20230411,13.22,13.31,12.87,12.94,13.32,-0.38,-2.8529,21631.67,28134.778
003037.SZ,20230411,12.04,12.2,11.81,12.2,12.03,0.17,1.4131,26967.0,32543.679
003038.SZ,20230411,39.56,39.68,39.07,39.42,39.57,-0.15,-0.3791,10760.69,42312.355
003039.SZ,20230411,18.89,18.95,18.59,18.8,18.88,-0.08,-0.4237,29247.0,54780.142
003040.SZ,20230411,20.2,20.66,19.85,20.35,20.2,0.15,0.7426,87918.93,178425.638
003041.SZ,20230411,19.88,19.89,18.2,18.51,19.88,-1.37,-6.8913,31460.2,59615.481
003042.SZ,20230411,22.15,22.25,21.84,22.24,22.17,0.07,0.3157,26606.2,58651.372
003043.SZ,20230411,66.66,67.6,64.6,65.75,66.0,-0.25,-0.3788,20793.27,137024.793
003816.SZ,20230411,2.93,2.95,2.89,2.94,2.92,0.02,0.6849,1034472.73,302356.875
300001.SZ,20230411,17.96,17.99,17.45,17.56,17.76,-0.2,-1.1261,94253.24,166034.091
300002.SZ,20230411,10.8,12.42,10.52,11.88,11.0,0.88,8.0,3084029.18,3571165.261
300003.SZ,20230411,24.2,24.74,23.84,24.08,24.3,-0.22,-0.9053,155242.85,373757.453
300004.SZ,20230411,5.59,5.6,5.51,5.55,5.58,-0.03,-0.5376,38728.0,21489.933
300005.SZ,20230411,8.18,8.42,8.13,8.37,8.2,0.17,2.0732,136322.01,113542.091
300006.SZ,20230411,3.93,3.94,3.85,3.87,3.92,-0.05,-1.2755,93690.85,36304.329
300007.SZ,20230411,18.6,19.44,18.57,19.04,18.7,0.34,1.8182,122535.17,233839.043
300008.SZ,20230411,4.45,4.46,4.38,4.43,4.51,-0.08,-1.7738,353987.86,156198.665
300009.SZ,20230411,11.9,11.96,11.64,11.78,11.91,-0.13,-1.0915,162512.96,191150.959
300010.SZ,20230411,3.22,3.3,3.18,3.24,3.2,0.04,1.25,337400.48,109440.921
300011.SZ,20230411,6.19,6.2,6.06,6.19,6.15,0.04,0.6504,45374.07,27776.531
300012.SZ,20230411,19.72,20.08,19.7,19.98,19.77,0.21,1.0622,110586.5,220315.769
300013.SZ,20230411,4.09,4.13,4.06,4.12,4.09,0.03,0.7335,67367.5,27514.581
300014.SZ,20230411,69.5,69.98,68.62,68.86,70.18,-1.32,-1.8809,277853.8,1918439.226
300015.SZ,20230411,32.13,32.76,31.0,31.05,31.1,-0.05,-0.1608,494513.97,1570809.664
300016.SZ,20230411,6.84,6.85,6.74,6.78,6.81,-0.03,-0.4405,48798.72,33071.507
300017.SZ,20230411,7.2,7.48,7.19,7.3,7.26,0.04,0.551,1106367.0,811220.832
300018.SZ,20230411,6.29,6.29,6.13,6.19,6.25,-0.06,-0.96,48617.0,30055.052
300019.SZ,20230411,17.24,17.27,16.98,17.23,17.25,-0.02,-0.1159,29372.0,50287.814
300067.SZ,20230411,3.05,3.07,3.03,3.07,3.06,0.01,0.3268,36439.41,11120.499
300068.SZ,20230411,22.23,22.29,21.4,21.51,22.29,-0.78,-3.4993,276495.81,600084.064
300069.SZ,20230411,13.17,13.22,12.88,12.94,13.15,-0.21,-1.597,6898.76,8973.197
300070.SZ,20230411,5.38,5.38,5.28,5.34,5.38,-0.04,-0.7435,215202.99,114668.643
300071.SZ,20230411,5.18,5.5,5.18,5.37,5.25,0.12,2.2857,609547.0,327353.851
300072.SZ,20230411,3.94,3.95,3.89,3.91,3.95,-0.04,-1.0127,169153.58,66242.277
300073.SZ,20230411,59.45,60.08,58.87,59.1,59.99,-0.89,-1.4836,164214.08,972371.507
300074.SZ,20230411,4.28,4.42,4.24,4.38,4.3,0.08,1.8605,183301.0,79691.419
300075.SZ,20230411,24.21,24.87,24.11,24.76,24.21,0.55,2.2718,299066.1,732972.869
300076.SZ,20230411,5.35,5.59,5.31,5.51,5.39,0.12,2.2263,100033.0,54645.489
300077.SZ,20230411,17.61,18.18,17.58,17.86,17.62,0.24,1.3621,289593.34,517203.591
300078.SZ,20230411,6.0,6.11,5.89,6.04,6.0,0.04,0.6667,308648.6,185476.457
300079.SZ,20230411,6.5,6.89,6.48,6.82,6.54,0.28,4.2813,811754.02,548817.704
300080.SZ,20230411,5.33,5.37,5.26,5.28,5.34,-0.06,-1.1236,125609.82,66373.982
300081.SZ,20230411,8.15,8.57,8.11,8.43,8.16,0.27,3.3088,344317.35,289563.417
300082.SZ,20230411,9.34,9.67,9.24,9.6,9.36,0.24,2.5641,98244.19,93318.423
300083.SZ,20230411,9.38,9.41,9.19,9.35,9.37,-0.02,-0.2134,507140.04,472704.014
300084.SZ,20230411,6.0,6.25,5.93,6.22,5.99,0.23,3.8397,117325.4,71367.826
300085.SZ,20230411,12.07,12.35,11.97,12.12,12.2,-0.08,-0.6557,181366.98,220310.63
300086.SZ,20230411,6.22,6.26,6.15,6.2,6.22,-0.02,-0.3215,65572.5,40596.291
300087.SZ,20230411,15.38,15.46,15.27,15.41,15.4,0.01,0.0649,62930.41,96718.251
300088.SZ,20230411,7.08,7.15,7.02,7.11,7.09,0.02,0.2821,400848.99,284240.021
300089.SZ,20230411,1.86,1.96,1.84,1.9,1.85,0.05,2.7027,223343.0,42517.296
300091.SZ,20230411,3.61,3.61,3.53,3.58,3.59,-0.01,-0.2786,115680.1,41390.52
300092.SZ,20230411,16.13,16.28,15.76,16.1,16.1,0.0,0.0,41087.08,65445.863
300093.SZ,20230411,37.15,37.19,35.23,35.32,36.6,-1.28,-3.4973,40014.88,142987.533
300094.SZ,20230411,5.2,5.46,5.17,5.4,5.18,0.22,4.2471,396133.04,209955.6
300095.SZ,20230411,9.59,9.6,9.42,9.49,9.59,-0.1,-1.0428,32121.0,30456.431
300096.SZ,20230411,7.58,7.82,7.38,7.7,7.72,-0.02,-0.2591,323301.73,246238.931
300097.SZ,20230411,5.82,5.83,5.6,5.66,5.8,-0.14,-2.4138,46575.91,26412.656
300098.SZ,20230411,3.86,3.95,3.83,3.9,3.88,0.02,0.5155,316443.29,122980.21
300099.SZ,20230411,7.08,7.15,6.96,7.04,7.05,-0.01,-0.1418,82913.49,58307.192
300100.SZ,20230411,7.29,7.31,7.19,7.24,7.26,-0.02,-0.2755,31367.0,22663.266
300101.SZ,20230411,28.5,28.68,27.8,28.09,28.57,-0.48,-1.6801,76801.92,215719.773
300102.SZ,20230411,7.59,7.64,7.51,7.56,7.57,-0.01,-0.1321,99077.12,74924.892
300103.SZ,20230411,6.3,6.3,6.07,6.14,6.2,-0.06,-0.9677,17630.5,10809.847
300105.SZ,20230411,7.33,7.36,7.18,7.23,7.37,-0.14,-1.8996,109013.0,78761.351
300106.SZ,20230411,8.0,8.04,7.94,8.01,8.03,-0.02,-0.2491,32984.0,26324.964
300107.SZ,20230411,5.52,5.52,5.35,5.42,5.5,-0.08,-1.4545,73420.0,39662.88
300108.SZ,20230411,1.78,1.8,1.7,1.75,1.8,-0.05,-2.7778,143283.99,24893.29
300109.SZ,20230411,25.61,26.35,25.37,25.72,25.77,-0.05,-0.194,60919.0,156913.8
300110.SZ,20230411,4.28,4.28,4.2,4.23,4.29,-0.06,-1.3986,147741.71,62565.284
600493.SH,20230411,5.58,5.61,5.5,5.56,5.58,-0.02,-0.3584,32420.0,17967.452
600495.SH,20230411,3.72,3.74,3.7,3.73,3.73,0.0,0.0,88001.6,32733.446
600496.SH,20230411,4.1,4.13,4.07,4.11,4.1,0.01,0.2439,243532.55,99947.534
600497.SH,20230411,5.27,5.41,5.21,5.38,5.28,0.1,1.8939,955059.03,508867.148
600498.SH,20230411,19.7,20.21,19.57,20.08,19.7,0.38,1.9289,284884.67,567172.02
600499.SH,20230411,14.3,14.51,14.11,14.44,14.35,0.09,0.6272,248496.37,356329.961
600597.SH,20230411,10.62,10.64,10.54,10.56,10.61,-0.05,-0.4713,55115.8,58304.0
600598.SH,20230411,13.4,13.42,13.33,13.4,13.38,0.02,0.1495,79135.76,105827.858
600599.SH,20230411,13.79,14.08,13.76,13.92,13.84,0.08,0.578,9354.0,12952.955
600600.SH,20230411,122.26,123.03,118.72,119.89,124.33,-4.44,-3.5711,59634.52,716267.265
600601.SH,20230411,2.62,2.63,2.59,2.61,2.63,-0.02,-0.7605,111304.2,29000.335
600602.SH,20230411,11.34,12.05,11.2,11.7,11.35,0.35,3.0837,538933.21,631157.137
600603.SH,20230411,7.28,7.85,7.1,7.85,7.14,0.71,9.944,450003.58,337896.108
600604.SH,20230411,5.38,5.49,5.33,5.48,5.36,0.12,2.2388,140735.05,76510.977
600605.SH,20230411,14.11,14.33,13.83,14.28,14.08,0.2,1.4205,61774.7,87035.222
600606.SH,20230411,2.93,2.99,2.91,2.98,2.93,0.05,1.7065,571886.96,169838.941
600608.SH,20230411,4.69,4.75,4.64,4.7,4.77,-0.07,-1.4675,17281.0,8088.124
600609.SH,20230411,4.06,4.1,4.04,4.09,4.06,0.03,0.7389,51205.44,20857.238
600610.SH,20230411,14.34,14.66,14.2,14.23,14.35,-0.12,-0.8362,46865.93,67561.781
600611.SH,20230411,3.03,3.03,3.01,3.03,3.02,0.01,0.3311,55987.91,16917.831
600612.SH,20230411,59.0,61.5,59.0,60.52,59.74,0.78,1.3057,31919.1,193252.102
600613.SH,20230411,7.62,7.67,7.56,7.65,7.62,0.03,0.3937,47247.0,35976.968
600615.SH,20230411,8.14,8.29,8.0,8.26,8.14,0.12,1.4742,14924.61,12213.237
600616.SH,20230411,7.57,7.65,7.34,7.4,7.57,-0.17,-2.2457,83948.84,62411.094
600617.SH,20230411,4.07,4.07,4.02,4.06,4.06,0.0,0.0,62238.0,25120.932
600618.SH,20230411,9.84,9.92,9.83,9.88,9.88,0.0,0.0,25302.15,24942.348
600619.SH,20230411,6.2,6.24,6.1,6.15,6.18,-0.03,-0.4854,52529.0,32221.592
600620.SH,20230411,12.9,12.92,12.38,12.49,12.91,-0.42,-3.2533,62550.59,78628.308
600621.SH,20230411,12.0,12.13,11.88,11.95,11.9,0.05,0.4202,108324.19,129825.769
600622.SH,20230411,3.18,3.22,3.13,3.21,3.17,0.04,1.2618,136571.74,43480.107
600623.SH,20230411,6.78,6.81,6.71,6.77,6.8,-0.03,-0.4412,78453.0,52912.892
600624.SH,20230411,6.34,6.46,6.29,6.41,6.36,0.05,0.7862,82630.21,52737.997
600626.SH,20230411,3.42,3.43,3.36,3.41,3.42,-0.01,-0.2924,67755.29,22955.825
600628.SH,20230411,7.31,7.34,7.25,7.33,7.3,0.03,0.411,16085.0,11740.872
600629.SH,20230411,5.25,5.4,5.16,5.37,5.25,0.12,2.2857,161376.03,85489.299
600630.SH,20230411,5.22,5.23,5.16,5.2,5.2,0.0,0.0,31400.69,16295.784
600633.SH,20230411,14.0,15.62,13.83,15.62,14.2,1.42,10.0,867334.86,1294992.031
600635.SH,20230411,3.01,3.01,2.97,2.98,2.99,-0.01,-0.3344,96394.0,28764.485
600636.SH,20230411,10.87,11.35,10.8,11.15,10.87,0.28,2.5759,128167.26,142399.659
600637.SH,20230411,8.04,8.42,7.97,8.34,8.03,0.31,3.8605,582904.9,482146.702
600638.SH,20230411,5.63,5.64,5.51,5.63,5.61,0.02,0.3565,20880.61,11658.317
600639.SH,20230411,12.23,12.53,12.12,12.44,12.23,0.21,1.7171,67859.68,83893.864
600640.SH,20230411,12.4,13.26,12.4,12.87,12.58,0.29,2.3052,142987.55,183676.171
600641.SH,20230411,20.78,21.04,20.25,20.4,20.76,-0.36,-1.7341,221482.58,456033.593
600642.SH,20230411,6.14,6.17,6.06,6.1,6.15,-0.05,-0.813,131898.41,80498.783
600643.SH,20230411,5.4,5.44,5.37,5.42,5.37,0.05,0.9311,65876.35,35652.539
600644.SH,20230411,6.96,6.99,6.88,6.93,6.99,-0.06,-0.8584,34381.01,23762.022
600838.SH,20230411,6.56,6.6,6.5,6.59,6.53,0.06,0.9188,28855.03,18930.369
600839.SH,20230411,4.17,4.32,4.07,4.21,4.32,-0.11,-2.5463,5507867.78,2309075.61
600841.SH,20230411,6.65,6.72,6.54,6.58,6.65,-0.07,-1.0526,44449.0,29310.777
600843.SH,20230411,5.0,5.01,4.95,4.99,4.99,0.0,0.0,23474.0,11683.488
600844.SH,20230411,3.1,3.17,3.0,3.01,2.97,0.04,1.3468,245449.57,74730.057
600845.SH,20230411,58.98,59.34,57.39,58.32,59.36,-1.04,-1.752,74286.88,432364.727
600846.SH,20230411,8.94,9.11,8.78,9.03,8.92,0.11,1.2332,69195.24,61907.947
600847.SH,20230411,12.08,12.1,11.9,11.97,12.09,-0.12,-0.9926,14292.0,17115.56
600848.SH,20230411,13.08,13.15,12.88,13.0,12.87,0.13,1.0101,60146.67,78087.012
600850.SH,20230411,26.78,27.29,26.47,27.1,26.7,0.4,1.4981,81581.86,219586.28
600851.SH,20230411,6.28,6.3,6.24,6.29,6.26,0.03,0.4792,48428.68,30345.841
600853.SH,20230411,4.79,4.79,4.69,4.74,4.75,-0.01,-0.2105,356390.96,168687.922
600854.SH,20230411,4.52,4.52,4.45,4.47,4.52,-0.05,-1.1062,56952.0,25515.619
600855.SH,20230411,12.9,12.97,12.68,12.77,12.94,-0.17,-1.3138,58145.26,74174.785
600857.SH,20230411,9.79,9.83,9.69,9.82,9.77,0.05,0.5118,16409.15,16006.594
600858.SH,20230411,5.01,5.02,4.96,5.02,5.0,0.02,0.4,45022.0,22461.221
600859.SH,20230411,25.72,25.76,24.93,25.09,25.58,-0.49,-1.9156,154809.71,390848.669
600860.SH,20230411,14.35,14.57,14.21,14.37,14.35,0.02,0.1394,52287.98,75171.905
600861.SH,20230411,24.8,25.25,24.3,24.88,24.76,0.12,0.4847,15502.68,38486.696
600862.SH,20230411,22.39,22.39,22.02,22.07,22.4,-0.33,-1.4732,89186.64,197385.35
600863.SH,20230411,3.33,3.37,3.31,3.37,3.34,0.03,0.8982,471105.35,157340.342
600864.SH,20230411,5.08,5.15,5.05,5.08,5.05,0.03,0.5941,148606.94,75712.49
600865.SH,20230411,9.55,9.55,9.45,9.49,9.55,-0.06,-0.6283,8578.0,8140.69
600866.SH,20230411,6.1,6.17,6.05,6.08,6.08,0.0,0.0,89195.43,54325.555
600867.SH,20230411,12.1,12.24,11.95,12.11,12.11,0.0,0.0,131783.19,159279.98
600868.SH,20230411,2.78,2.79,2.74,2.77,2.79,-0.02,-0.7168,222200.54,61331.625
600869.SH,20230411,5.47,5.54,5.42,5.49,5.49,0.0,0.0,103857.0,56949.684
600871.SH,20230411,2.21,2.22,2.17,2.19,2.21,-0.02,-0.905,604402.15,132084.522
600872.SH,20230411,37.35,37.55,36.34,36.56,37.02,-0.46,-1.2426,82749.07,305345.853
600873.SH,20230411,9.82,9.82,9.66,9.72,9.88,-0.16,-1.6194,284382.62,275884.276
600874.SH,20230411,5.88,5.89,5.86,5.89,5.89,0.0,0.0,52914.45,31074.624
600875.SH,20230411,18.0,18.38,17.88,18.37,18.0,0.37,2.0556,231894.76,422096.556
600876.SH,20230411,20.18,20.25,19.81,19.91,20.14,-0.23,-1.142,28123.99,56012.643
600877.SH,20230411,16.25,16.46,16.19,16.29,16.28,0.01,0.0614,114348.92,186318.318
600879.SH,20230411,8.03,8.1,7.97,8.05,8.04,0.01,0.1244,330218.74,264984.889
600880.SH,20230411,5.72,6.03,5.67,5.95,5.7,0.25,4.386,411004.85,242757.602
600881.SH,20230411,2.27,2.28,2.25,2.27,2.27,0.0,0.0,66769.9,15146.383
600882.SH,20230411,29.15,29.28,27.76,28.29,29.14,-0.85,-2.917,99134.87,280927.076
600883.SH,20230411,7.26,7.5,7.18,7.26,7.24,0.02,0.2762,27076.53,19706.2
600884.SH,20230411,17.07,17.1,16.9,16.97,17.07,-0.1,-0.5858,136321.49,231230.064
600885.SH,20230411,32.96,33.0,32.62,32.65,32.91,-0.26,-0.79,52909.68,173585.91
600886.SH,20230411,11.21,11.26,11.08,11.22,11.2,0.02,0.1786,116031.28,129715.879
688538.SH,20230411,2.59,2.6,2.58,2.58,2.59,-0.01,-0.3861,209000.46,54023.121
688550.SH,20230411,56.24,56.63,55.67,56.39,56.1,0.29,0.5169,19957.84,111926.062
688551.SH,20230411,57.86,59.29,57.07,58.58,57.58,1.0,1.7367,2985.83,17395.711
688553.SH,20230411,19.54,20.12,19.42,19.63,19.54,0.09,0.4606,46477.59,91977.057
688555.SH,20230411,4.5,4.66,4.49,4.53,4.51,0.02,0.4435,16757.28,7646.886
688556.SH,20230411,71.21,71.8,68.7,69.12,70.01,-0.89,-1.2712,48684.97,340099.547
688557.SH,20230411,36.17,36.17,34.7,35.04,35.99,-0.95,-2.6396,8676.28,30500.882
688558.SH,20230411,40.32,40.52,38.91,39.28,40.79,-1.51,-3.7019,15842.91,62551.107
688559.SH,20230411,53.3,53.8,52.02,53.1,53.7,-0.6,-1.1173,41445.65,218986.694
688560.SH,20230411,34.7,34.7,33.9,33.95,34.65,-0.7,-2.0202,25534.96,87170.188
688561.SH,20230411,74.36,75.88,73.02,74.78,74.76,0.02,0.0268,59332.32,441923.972
688565.SH,20230411,8.15,8.23,8.08,8.16,8.15,0.01,0.1227,11472.91,9345.608
688566.SH,20230411,31.25,31.47,29.57,30.11,31.25,-1.14,-3.648,21737.71,65826.798
688567.SH,20230411,23.33,23.33,22.75,22.98,23.24,-0.26,-1.1188,41936.58,96199.282
688568.SH,20230411,84.5,86.35,83.25,85.8,86.07,-0.27,-0.3137,17668.7,149703.355
688569.SH,20230411,24.54,25.03,23.97,24.33,24.54,-0.21,-0.8557,27359.18,66758.508
688571.SH,20230411,7.52,7.52,7.42,7.47,7.49,-0.02,-0.267,13705.56,10219.746
688575.SH,20230411,18.97,19.07,18.7,18.9,18.89,0.01,0.0529,25632.5,48270.635
688577.SH,20230411,51.7,51.74,49.6,50.33,51.05,-0.72,-1.4104,7229.35,36288.185
688578.SH,20230411,28.4,28.7,27.9,28.12,28.5,-0.38,-1.3333,55774.52,157131.187
688579.SH,20230411,19.39,20.19,17.94,19.94,19.29,0.65,3.3696,308731.55,582516.099
688580.SH,20230411,69.2,69.96,67.58,69.6,68.55,1.05,1.5317,4060.78,27875.572
688585.SH,20230411,8.55,8.64,8.39,8.48,8.55,-0.07,-0.8187,11269.76,9548.494
688586.SH,20230411,18.28,18.28,17.86,17.93,18.24,-0.31,-1.6996,30998.18,55760.796
688588.SH,20230411,17.08,17.18,16.26,16.62,16.95,-0.33,-1.9469,96765.61,161600.678
688589.SH,20230411,44.29,46.58,44.29,45.86,43.89,1.97,4.4885,44820.59,203946.029
688590.SH,20230411,13.17,13.49,12.94,13.31,13.21,0.1,0.757,85725.87,113287.924
688595.SH,20230411,49.62,50.7,48.66,49.19,50.15,-0.96,-1.9143,37326.74,185049.532
688596.SH,20230411,41.8,43.2,40.02,41.0,42.38,-1.38,-3.2563,86532.15,357634.975
688597.SH,20230411,14.13,14.19,13.9,13.99,14.1,-0.11,-0.7801,12913.87,18060.81
688598.SH,20230411,197.5,197.68,192.69,195.99,196.65,-0.66,-0.3356,8609.99,167840.064
688599.SH,20230411,50.4,51.15,49.8,50.6,50.4,0.2,0.3968,182792.53,923792.358
688600.SH,20230411,25.68,26.26,25.5,25.79,25.94,-0.15,-0.5783,8841.3,22844.013
688601.SH,20230411,87.6,91.9,87.6,91.78,88.74,3.04,3.4257,18488.3,166212.674
688606.SH,20230411,100.55,100.55,99.28,99.51,100.15,-0.64,-0.639,1763.91,17601.529
688607.SH,20230411,23.03,23.17,22.34,22.94,22.83,0.11,0.4818,8472.34,19286.673
688608.SH,20230411,162.96,168.8,160.06,164.1,163.35,0.75,0.4591,28923.89,476935.486
688609.SH,20230411,9.3,9.57,9.1,9.46,9.37,0.09,0.9605,259221.57,241691.303
688611.SH,20230411,48.77,50.0,47.92,48.79,48.77,0.02,0.041,4469.49,21738.395
688613.SH,20230411,26.02,26.58,25.66,26.14,25.86,0.28,1.0828,27920.17,73039.07
688616.SH,20230411,12.33,12.55,12.18,12.5,12.3,0.2,1.626,12275.37,15176.66
688617.SH,20230411,372.97,376.88,359.38,365.9,372.36,-6.46,-1.7349,4591.49,167759.994
603801.SH,20230411,36.3,38.18,36.3,37.69,36.63,1.06,2.8938,26984.02,101517.802
603803.SH,20230411,8.79,9.1,8.72,8.8,8.73,0.07,0.8018,173206.67,153223.047
603806.SH,20230411,55.89,56.19,54.6,55.12,55.92,-0.8,-1.4306,85571.66,472752.223
603808.SH,20230411,11.18,11.5,11.15,11.21,11.18,0.03,0.2683,19273.95,21723.751
603809.SH,20230411,10.86,10.98,10.81,10.84,10.93,-0.09,-0.8234,15077.92,16393.385
603810.SH,20230411,15.31,15.32,15.09,15.16,15.35,-0.19,-1.2378,11912.06,18073.99
603811.SH,20230411,17.68,18.1,17.68,17.83,17.88,-0.05,-0.2796,15517.76,27680.801
603813.SH,20230411,14.7,14.77,14.52,14.75,14.71,0.04,0.2719,5734.0,8396.577
603815.SH,20230411,7.62,7.66,7.55,7.61,7.67,-0.06,-0.7823,56574.0,42937.995
603816.SH,20230411,43.01,44.66,43.0,43.6,43.26,0.34,0.7859,32103.16,140546.884
603817.SH,20230411,5.88,5.88,5.8,5.84,5.86,-0.02,-0.3413,32076.31,18686.613
603818.SH,20230411,6.58,6.66,6.55,6.6,6.56,0.04,0.6098,30931.79,20397.229
603819.SH,20230411,14.43,14.55,14.37,14.46,14.51,-0.05,-0.3446,6328.3,9138.001
603822.SH,20230411,34.3,34.42,33.75,33.97,34.41,-0.44,-1.2787,5867.42,19971.703
603823.SH,20230411,16.68,16.69,16.32,16.48,16.6,-0.12,-0.7229,24666.0,40578.999
603825.SH,20230411,15.54,16.25,15.34,15.89,15.49,0.4,2.5823,131788.28,209052.466
603826.SH,20230411,57.75,57.75,56.6,57.35,57.21,0.14,0.2447,8005.63,45720.756
603828.SH,20230411,3.05,3.09,3.02,3.05,3.04,0.01,0.3289,65306.6,19910.921
603829.SH,20230411,12.12,12.13,11.55,11.66,12.07,-0.41,-3.3969,54790.0,64200.563
603833.SH,20230411,131.13,133.8,128.85,130.48,130.81,-0.33,-0.2523,12794.11,167169.463
603836.SH,20230411,17.55,17.9,17.17,17.74,17.64,0.1,0.5669,54273.38,95513.744
603838.SH,20230411,6.19,6.19,5.96,6.03,6.12,-0.09,-1.4706,38123.0,22954.353
603839.SH,20230411,6.65,6.66,6.58,6.64,6.63,0.01,0.1508,13286.0,8786.252
603843.SH,20230411,3.88,3.9,3.82,3.9,3.86,0.04,1.0363,65237.56,25133.218
603848.SH,20230411,14.77,14.87,14.45,14.55,14.7,-0.15,-1.0204,10934.0,15970.02
603855.SH,20230411,26.91,26.91,26.35,26.51,26.68,-0.17,-0.6372,6901.98,18319.731
603856.SH,20230411,11.33,11.38,11.01,11.2,11.12,0.08,0.7194,35572.0,39712.703
603858.SH,20230411,20.44,20.53,20.15,20.29,20.44,-0.15,-0.7339,69247.01,140637.466
603859.SH,20230411,43.75,45.28,43.45,44.32,44.16,0.16,0.3623,22087.56,98439.422
603860.SH,20230411,30.17,30.64,29.92,30.55,30.24,0.31,1.0251,28044.0,85239.63
603861.SH,20230411,7.67,7.75,7.6,7.7,7.74,-0.04,-0.5168,35636.0,27269.201
603863.SH,20230411,15.68,15.69,15.3,15.69,15.62,0.07,0.4481,75873.71,117474.803
603866.SH,20230411,14.92,15.02,14.57,14.66,14.92,-0.26,-1.7426,109136.96,160652.218
603867.SH,20230411,32.8,33.45,32.48,33.4,32.74,0.66,2.0159,31016.87,102679.567
603868.SH,20230411,82.66,83.5,80.34,80.5,82.62,-2.12,-2.566,6115.81,49698.656
603869.SH,20230411,10.09,10.31,10.07,10.21,10.15,0.06,0.5911,53308.55,54337.719
603871.SH,20230411,28.39,28.7,28.04,28.43,28.42,0.01,0.0352,34635.5,98163.477
603876.SH,20230411,40.3,40.3,39.5,39.97,40.3,-0.33,-0.8189,32653.23,130000.83
603877.SH,20230411,22.55,23.23,22.19,22.8,22.09,0.71,3.2141,93840.34,213321.75
603878.SH,20230411,12.16,12.17,11.65,11.85,11.97,-0.12,-1.0025,38787.41,45749.85
603879.SH,20230411,5.95,6.0,5.88,5.93,5.95,-0.02,-0.3361,28710.2,17032.045
603880.SH,20230411,5.61,5.63,5.44,5.51,5.6,-0.09,-1.6071,39219.7,21584.774
603955.SH,20230411,16.31,16.49,15.95,16.1,16.41,-0.31,-1.8891,12121.0,19609.92
603956.SH,20230411,9.42,9.45,9.2,9.31,9.41,-0.1,-1.0627,34096.02,31710.609
603958.SH,20230411,6.02,6.05,5.92,6.05,6.02,0.03,0.4983,14336.0,8586.025
603959.SH,20230411,9.35,9.39,9.21,9.33,9.31,0.02,0.2148,40916.56,37885.233
603960.SH,20230411,19.57,19.57,18.4,18.61,19.3,-0.69,-3.5751,52919.35,99483.42
603963.SH,20230411,11.51,11.67,11.49,11.6,11.62,-0.02,-0.1721,14321.78,16531.239
603966.SH,20230411,14.0,14.95,13.87,14.81,14.03,0.78,5.5595,91479.92,133126.482
603967.SH,20230411,9.83,9.86,9.73,9.8,9.83,-0.03,-0.3052,15160.2,14798.742
603968.SH,20230411,19.01,19.08,18.78,18.99,19.01,-0.02,-0.1052,8733.34,16483.613
603969.SH,20230411,4.63,4.65,4.59,4.65,4.62,0.03,0.6494,49622.54,22925.79
603970.SH,20230411,24.73,24.73,24.5,24.63,24.62,0.01,0.0406,6034.4,14855.668
603976.SH,20230411,20.09,20.09,19.75,19.78,19.96,-0.18,-0.9018,5418.0,10748.678
603977.SH,20230411,9.01,9.04,8.87,8.97,9.05,-0.08,-0.884,40773.24,36452.085
603978.SH,20230411,20.08,20.08,19.73,19.9,20.1,-0.2,-0.995,14465.0,28728.094
603979.SH,20230411,30.48,32.0,30.13,31.48,30.65,0.83,2.708,53153.2,165636.607
603980.SH,20230411,4.61,4.62,4.58,4.61,4.62,-0.01,-0.2165,17940.6,8249.507
603982.SH,20230411,17.16,17.25,16.84,16.99,17.17,-0.18,-1.0483,21165.16,35936.503
603983.SH,20230411,36.03,36.34,35.35,35.88,36.03,-0.15,-0.4163,7553.0,27003.972
603985.SH,20230411,21.14,21.18,20.73,21.13,21.07,0.06,0.2848,43364.53,90771.302
603986.SH,20230411,133.16,136.49,130.32,132.72,130.86,1.86,1.4214,345842.87,4616250.058
603987.SH,20230411,15.32,15.39,15.15,15.31,15.25,0.06,0.3934,21648.8,33068.775
603988.SH,20230411,9.77,9.84,9.59,9.62,9.77,-0.15,-1.5353,23142.0,22316.234
603989.SH,20230411,24.4,24.4,24.03,24.15,24.22,-0.07,-0.289,20765.15,50204.8
603990.SH,20230411,18.01,18.08,17.7,17.78,18.01,-0.23,-1.2771,29789.48,53039.224
603991.SH,20230411,37.22,37.97,37.0,37.34,37.52,-0.18,-0.4797,3026.0,11261.939
603992.SH,20230411,17.19,17.2,16.9,17.0,17.19,-0.19,-1.1053,7421.6,12605.143
603993.SH,20230411,5.97,6.15,5.92,6.12,5.95,0.17,2.8571,2024716.7,1227536.769
603995.SH,20230411,27.7,28.24,27.68,28.24,27.96,0.28,1.0014,15775.75,44204.983
603997.SH,20230411,13.21,13.33,12.99,13.11,13.29,-0.18,-1.3544,49231.77,64555.554
603998.SH,20230411,12.93,13.38,12.73,13.38,13.18,0.2,1.5175,143323.77,187823.801
603999.SH,20230411,6.25,6.58,6.17,6.53,6.22,0.31,4.9839,105518.0,68094.253
605001.SH,20230411,6.86,6.87,6.79,6.83,6.84,-0.01,-0.1462,20393.2,13916.374
605003.SH,20230411,19.27,19.49,19.1,19.31,19.27,0.04,0.2076,2809.5,5400.868
605005.SH,20230411,15.77,15.84,15.61,15.84,15.74,0.1,0.6353,6203.0,9745.846
605006.SH,20230411,8.78,8.83,8.71,8.8,8.79,0.01,0.1138,14109.6,12350.181
605007.SH,20230411,15.94,16.52,15.83,16.26,15.9,0.36,2.2642,25899.34,42183.367
605008.SH,20230411,15.3,15.67,15.22,15.35,15.27,0.08,0.5239,8314.2,12731.368
605009.SH,20230411,44.2,44.84,43.91,44.4,44.45,-0.05,-0.1125,8621.05,38243.896
605011.SH,20230411,15.09,15.27,14.89,14.94,15.07,-0.13,-0.8626,6440.25,9623.507
605016.SH,20230411,28.89,28.89,28.24,28.36,28.9,-0.54,-1.8685,8464.83,24064.387
605018.SH,20230411,10.56,10.57,10.35,10.38,10.55,-0.17,-1.6114,17415.04,18103.895
605020.SH,20230411,50.19,50.31,48.56,49.27,50.2,-0.93,-1.8526,28370.28,139868.068
605180.SH,20230411,15.64,15.73,15.48,15.56,15.61,-0.05,-0.3203,4491.38,7001.978
605183.SH,20230411,17.8,18.06,17.71,18.03,17.96,0.07,0.3898,11920.86,21307.073
605186.SH,20230411,39.8,41.11,38.9,40.2,39.57,0.63,1.5921,44970.05,179461.852
605188.SH,20230411,7.51,7.52,7.4,7.44,7.51,-0.07,-0.9321,14921.0,11104.434
605189.SH,20230411,20.13,20.29,19.89,19.9,20.18,-0.28,-1.3875,7196.22,14390.97
605196.SH,20230411,7.13,7.22,7.11,7.19,7.14,0.05,0.7003,51408.72,36824.228
605198.SH,20230411,18.38,18.38,18.11,18.31,18.38,-0.07,-0.3808,6905.7,12566.5
605199.SH,20230411,16.4,16.44,16.19,16.31,16.31,0.0,0.0,19475.28,31707.665
605208.SH,20230411,14.17,14.33,14.06,14.11,14.22,-0.11,-0.7736,14527.07,20488.481
605218.SH,20230411,14.64,14.64,13.88,14.01,14.6,-0.59,-4.0411,52704.45,74040.373
605222.SH,20230411,21.72,21.77,21.08,21.29,21.72,-0.43,-1.9797,26357.81,56196.796
605228.SH,20230411,8.66,8.68,8.46,8.48,8.67,-0.19,-2.1915,12760.0,10909.184
605255.SH,20230411,14.25,14.28,14.06,14.17,14.25,-0.08,-0.5614,7604.0,10766.145
605258.SH,20230411,25.92,26.28,25.79,25.95,26.06,-0.11,-0.4221,15245.0,39636.479
605259.SH,20230411,36.25,36.47,35.13,35.39,36.0,-0.61,-1.6944,7509.0,26798.589
605266.SH,20230411,74.92,80.9,74.92,77.94,74.85,3.09,4.1283,16128.49,127679.182
605268.SH,20230411,9.94,9.94,9.71,9.8,9.9,-0.1,-1.0101,18236.35,17871.673
605277.SH,20230411,18.88,18.89,18.3,18.63,18.9,-0.27,-1.4286,42748.39,79108.048
605286.SH,20230411,33.69,34.13,33.22,33.39,33.57,-0.18,-0.5362,26701.97,89608.092
605287.SH,20230411,23.14,23.14,22.72,22.83,23.12,-0.29,-1.2543,6456.94,14735.825
605288.SH,20230411,36.3,36.3,35.72,35.88,36.19,-0.31,-0.8566,2228.4,8002.114
605289.SH,20230411,24.0,25.4,23.88,25.03,24.05,0.98,4.0748,27389.25,68278.727
605296.SH,20230411,26.25,26.48,26.11,26.36,26.19,0.17,0.6491,9353.9,24568.136
605298.SH,20230411,13.75,13.82,13.43,13.58,13.74,-0.16,-1.1645,6114.14,8284.082
605299.SH,20230411,12.75,12.92,12.69,12.83,12.7,0.13,1.0236,61028.81,78209.588
605300.SH,20230411,18.95,18.95,18.33,18.47,18.95,-0.48,-2.533,7975.0,14733.241
605303.SH,20230411,10.84,10.98,10.76,10.82,10.86,-0.04,-0.3683,5102.0,5515.127
605305.SH,20230411,42.23,42.48,41.11,42.17,42.23,-0.06,-0.1421,12768.87,53383.372
605318.SH,20230411,13.47,13.62,13.46,13.55,13.51,0.04,0.2961,5179.0,7006.281
605319.SH,20230411,14.06,14.26,14.06,14.22,14.31,-0.09,-0.6289,6630.56,9377.179
605333.SH,20230411,17.65,17.68,17.35,17.46,17.67,-0.21,-1.1885,24737.0,43208.198
605336.SH,20230411,18.01,18.31,17.78,17.9,18.1,-0.2,-1.105,14943.54,26890.483
605337.SH,20230411,24.03,25.37,23.64,24.95,24.08,0.87,3.613,54171.21,134568.89
605338.SH,20230411,30.65,31.2,29.89,29.94,30.64,-0.7,-2.2846,14574.97,44253.506
605339.SH,20230411,24.84,24.93,24.49,24.7,24.72,-0.02,-0.0809,7501.0,18539.614
605358.SH,20230411,56.3,57.57,55.71,57.07,55.9,1.17,2.093,222981.73,1264371.596
605365.SH,20230411,17.68,17.87,17.5,17.71,17.69,0.02,0.1131,20993.0,37159.407
605366.SH,20230411,15.99,16.1,15.8,15.89,15.98,-0.09,-0.5632,12329.9,19602.384
605368.SH,20230411,13.48,13.5,13.23,13.36,13.48,-0.12,-0.8902,30654.0,40921.457
605369.SH,20230411,69.68,70.43,68.78,69.54,69.68,-0.14,-0.2009,9073.2,63164.18
605376.SH,20230411,39.97,40.0,39.2,39.8,40.0,-0.2,-0.5,19365.0,76698.779
605377.SH,20230411,19.84,20.19,19.64,19.92,19.84,0.08,0.4032,33025.0,65614.417
688027.SH,20230411,155.48,156.59,148.1,150.85,154.1,-3.25,-2.109,15989.33,242969.703
688028.SH,20230411,33.67,34.05,32.72,32.89,33.88,-0.99,-2.9221,5427.25,17975.891
688029.SH,20230411,83.54,84.79,81.71,83.0,83.23,-0.23,-0.2763,21164.74,176275.361
688030.SH,20230411,25.81,26.8,25.55,26.58,25.81,0.77,2.9833,27619.63,72545.971
688031.SH,20230411,125.17,127.98,122.13,124.87,125.5,-0.63,-0.502,20046.49,249225.491
688032.SH,20230411,684.0,708.0,667.0,696.97,683.38,13.59,1.9886,12165.53,840560.73
688033.SH,20230411,19.92,20.1,19.76,19.96,20.13,-0.17,-0.8445,19949.5,39726.734
688035.SH,20230411,65.62,66.08,63.81,64.39,65.2,-0.81,-1.2423,26532.09,172295.167
688036.SH,20230411,111.06,117.86,108.36,113.94,112.0,1.94,1.7321,118114.65,1336235.959
688037.SH,20230411,249.22,256.95,240.68,246.9,247.98,-1.08,-0.4355,24544.45,608067.194
688038.SH,20230411,15.59,15.83,15.32,15.66,15.59,0.07,0.449,31403.43,48806.858
688039.SH,20230411,69.14,70.77,66.14,67.73,69.81,-2.08,-2.9795,54612.8,371425.229
688041.SH,20230411,75.61,77.02,71.95,76.0,74.8,1.2,1.6043,284575.04,2138543.412
688045.SH,20230411,70.8,75.8,70.8,72.55,71.33,1.22,1.7104,12231.19,90049.488
688046.SH,20230411,25.77,26.18,25.45,25.78,25.65,0.13,0.5068,7780.72,20062.816
688047.SH,20230411,158.0,162.3,152.0,154.01,160.02,-6.01,-3.7558,33646.88,526037.339
688048.SH,20230411,118.5,119.0,113.49,114.5,118.21,-3.71,-3.1385,17498.12,202655.586
688049.SH,20230411,42.46,44.4,42.1,43.27,42.46,0.81,1.9077,43037.21,186223.194
688050.SH,20230411,215.2,235.0,210.13,213.75,205.98,7.77,3.7722,22680.62,495930.155
688051.SH,20230411,39.8,42.66,39.26,41.5,39.36,2.14,5.437,24459.02,100875.091
688052.SH,20230411,295.01,321.0,293.0,312.96,296.69,16.27,5.4838,17963.69,563007.251
688053.SH,20230411,58.3,59.98,58.3,58.97,58.44,0.53,0.9069,7359.24,43503.793
688055.SH,20230411,5.1,5.21,5.08,5.15,5.13,0.02,0.3899,91246.13,46943.039
688056.SH,20230411,46.42,46.79,45.65,46.3,45.94,0.36,0.7836,4237.67,19539.024
688057.SH,20230411,15.7,15.86,15.56,15.68,15.65,0.03,0.1917,8039.73,12632.07
688058.SH,20230411,56.89,58.01,56.56,57.38,56.98,0.4,0.702,8440.1,48341.547
688059.SH,20230411,153.5,156.0,147.4,148.18,155.96,-7.78,-4.9885,3794.63,57149.348
688060.SH,20230411,64.18,65.45,63.73,64.72,64.63,0.09,0.1393,5180.72,33476.552
688061.SH,20230411,86.94,88.8,86.57,87.76,86.94,0.82,0.9432,9477.16,82969.177
688062.SH,20230411,22.15,23.16,22.15,22.91,22.48,0.43,1.9128,112105.76,255031.15
688063.SH,20230411,260.01,263.88,253.0,257.7,264.01,-6.31,-2.3901,56843.36,1460722.776
688065.SH,20230411,60.68,60.98,59.59,59.95,60.7,-0.75,-1.2356,14113.49,84476.965
688066.SH,20230411,107.3,107.3,100.03,101.4,107.21,-5.81,-5.4193,30681.47,314063.647
688067.SH,20230411,21.87,21.87,21.3,21.36,21.64,-0.28,-1.2939,5868.19,12606.069
688068.SH,20230411,50.4,50.47,49.25,49.58,50.21,-0.63,-1.2547,14082.59,70060.544
688069.SH,20230411,30.17,31.0,30.03,30.93,30.35,0.58,1.911,4412.92,13518.048
688070.SH,20230411,46.32,47.08,45.1,46.2,45.86,0.34,0.7414,5601.57,25826.332
688071.SH,20230411,53.65,56.16,53.11,54.55,53.09,1.46,2.75,6910.37,37629.266
688072.SH,20230411,355.82,358.0,325.0,340.6,353.0,-12.4,-3.5127,29346.54,995618.576
688073.SH,20230411,147.0,156.95,144.99,146.89,146.83,0.06,0.0409,8126.29,122016.759
688075.SH,20230411,80.96,81.48,79.72,80.27,80.96,-0.69,-0.8523,3656.55,29347.693
688120.SH,20230411,340.2,347.5,323.0,327.77,340.23,-12.46,-3.6622,20117.03,665081.158
688121.SH,20230411,29.11,29.4,28.19,28.32,28.78,-0.46,-1.5983,34208.03,98145.306
688122.SH,20230411,82.1,83.59,81.56,82.12,82.89,-0.77,-0.9289,38884.55,319719.305
688123.SH,20230411,103.1,108.8,103.1,106.8,102.61,4.19,4.0834,61300.42,648471.285
688125.SH,20230411,52.52,52.8,51.51,52.29,52.48,-0.19,-0.362,3905.77,20311.577
688126.SH,20230411,23.36,23.78,22.49,22.97,23.47,-0.5,-2.1304,397854.71,914282.47
688127.SH,20230411,21.52,21.58,20.78,21.12,21.57,-0.45,-2.0862,39936.26,84541.861
688128.SH,20230411,22.86,23.01,22.5,22.82,22.91,-0.09,-0.3928,25317.26,57696.172
688129.SH,20230411,14.2,14.23,14.02,14.06,14.23,-0.17,-1.1947,3204.63,4514.069
688130.SH,20230411,50.5,53.38,50.36,53.0,50.8,2.2,4.3307,19492.69,101624.594
688131.SH,20230411,115.65,117.0,112.0,113.6,115.69,-2.09,-1.8066,8025.57,91462.073
688132.SH,20230411,26.08,26.08,24.98,25.23,26.01,-0.78,-2.9988,19198.9,48603.94
688133.SH,20230411,123.6,123.6,120.0,122.0,123.56,-1.56,-1.2625,5479.61,66714.075
688135.SH,20230411,35.33,36.0,34.7,34.95,35.17,-0.22,-0.6255,31496.77,110964.317
688136.SH,20230411,22.4,22.72,22.32,22.39,22.37,0.02,0.0894,7502.67,16843.954
688137.SH,20230411,70.01,74.42,70.0,71.65,70.0,1.65,2.3571,11813.95,85637.07
688138.SH,20230411,25.4,25.85,24.6,25.05,25.24,-0.19,-0.7528,51938.4,130698.417
688139.SH,20230411,67.13,68.67,67.03,68.38,67.57,0.81,1.1988,18400.05,124727.899
688141.SH,20230411,53.37,56.29,52.49,54.45,53.51,0.94,1.7567,37485.34,203402.759
688143.SH,20230411,45.47,46.23,44.27,46.0,45.47,0.53,1.1656,8626.12,39071.055
688147.SH,20230411,37.65,39.7,37.0,39.38,37.6,1.78,4.734,44631.15,172163.52
688148.SH,20230411,13.68,13.69,13.41,13.47,13.69,-0.22,-1.607,38391.69,51791.851
688150.SH,20230411,27.1,28.95,26.97,28.0,26.65,1.35,5.0657,48923.16,136437.98
688151.SH,20230411,20.81,20.95,20.52,20.6,20.73,-0.13,-0.6271,6844.87,14128.798
688152.SH,20230411,223.6,224.0,217.68,218.9,220.88,-1.98,-0.8964,5092.69,112134.97
688153.SH,20230411,67.68,72.99,65.6,65.74,65.35,0.39,0.5968,25062.27,171296.013
688155.SH,20230411,56.93,57.57,54.89,55.75,56.93,-1.18,-2.0727,5216.64,28986.976
688156.SH,20230411,29.55,30.03,29.31,29.5,29.93,-0.43,-1.4367,5982.12,17672.83
688157.SH,20230411,101.1,105.49,99.88,105.23,101.39,3.84,3.7874,4203.87,43335.615
688158.SH,20230411,24.99,25.97,24.06,24.85,24.55,0.3,1.222,240151.53,599918.341
688159.SH,20230411,22.42,22.8,21.27,21.85,22.4,-0.55,-2.4554,22737.31,49353.256
688160.SH,20230411,38.75,38.79,37.1,37.47,38.49,-1.02,-2.65,16361.89,61767.699
688161.SH,20230411,60.1,61.5,59.05,59.83,60.1,-0.27,-0.4493,5458.93,32772.342
688162.SH,20230411,45.15,45.37,43.85,44.06,45.38,-1.32,-2.9088,10020.26,44406.723
688163.SH,20230411,25.04,25.25,24.7,25.03,24.92,0.11,0.4414,5659.23,14128.58
688165.SH,20230411,10.11,10.25,9.96,10.02,10.0,0.02,0.2,34648.16,34876.185
688166.SH,20230411,23.85,24.19,23.6,23.71,23.85,-0.14,-0.587,25140.89,59849.816
688167.SH,20230411,140.2,141.13,134.01,135.25,140.3,-5.05,-3.5994,33820.7,463470.425
688168.SH,20230411,48.47,55.47,47.78,54.4,48.59,5.81,11.9572,69573.61,359040.326
688169.SH,20230411,342.77,355.58,339.39,346.5,342.77,3.73,1.0882,7365.79,256569.741
688170.SH,20230411,46.41,46.77,45.6,45.92,46.84,-0.92,-1.9641,6168.01,28405.487
688171.SH,20230411,24.0,25.86,23.81,25.8,24.16,1.64,6.7881,29281.86,72626.466
688172.SH,20230411,26.03,28.2,26.03,27.48,26.08,1.4,5.3681,212852.56,579566.437
688173.SH,20230411,25.85,26.8,25.84,26.15,25.88,0.27,1.0433,28736.18,75502.118
688175.SH,20230411,39.3,39.62,38.62,39.16,39.19,-0.03,-0.0766,5399.64,21107.289
688176.SH,20230411,17.33,17.75,16.37,16.55,17.49,-0.94,-5.3745,88191.67,148799.536
688177.SH,20230411,27.61,28.11,27.05,27.46,27.45,0.01,0.0364,11672.81,32122.531
688178.SH,20230411,19.37,19.48,19.0,19.18,19.41,-0.23,-1.185,4492.84,8622.262
688179.SH,20230411,38.88,39.08,38.43,38.8,38.86,-0.06,-0.1544,9796.27,37912.7
688180.SH,20230411,51.84,52.48,50.61,51.34,51.82,-0.48,-0.9263,49958.54,255799.352
688181.SH,20230411,44.91,45.86,44.58,44.89,45.13,-0.24,-0.5318,13956.45,63071.921
688182.SH,20230411,19.69,20.63,19.05,20.03,19.08,0.95,4.979,102554.65,203482.407
688183.SH,20230411,12.86,12.93,12.62,12.83,12.82,0.01,0.078,74439.0,95120.064
688184.SH,20230411,37.52,37.55,37.08,37.29,37.52,-0.23,-0.613,6033.13,22526.328
688185.SH,20230411,114.38,121.31,114.18,117.0,113.76,3.24,2.8481,43322.24,511203.126
688186.SH,20230411,29.02,30.79,28.75,30.68,29.1,1.58,5.4296,37960.34,113336.318
688187.SH,20230411,50.73,51.4,49.7,50.54,50.76,-0.22,-0.4334,52834.95,265723.984
688188.SH,20230411,195.18,201.63,191.0,198.02,194.28,3.74,1.9251,10590.93,209765.874
688189.SH,20230411,15.52,15.56,15.08,15.38,15.47,-0.09,-0.5818,33264.88,50751.346
688190.SH,20230411,75.64,75.88,73.38,73.79,75.64,-1.85,-2.4458,5366.77,39761.387
688191.SH,20230411,19.03,19.68,18.5,18.75,19.7,-0.95,-4.8223,69784.56,132971.969
688192.SH,20230411,51.0,51.0,48.83,49.19,50.49,-1.3,-2.5748,13828.56,68667.751
688193.SH,20230411,49.65,49.65,48.77,49.5,49.27,0.23,0.4668,1607.36,7903.741
688195.SH,20230411,31.19,32.3,29.97,30.65,31.25,-0.6,-1.92,40718.56,126419.265
688196.SH,20230411,57.96,58.09,57.01,57.2,57.96,-0.76,-1.3112,3605.92,20634.036
688197.SH,20230411,60.14,61.0,57.6,58.39,61.76,-3.37,-5.4566,33459.94,196434.77
688198.SH,20230411,125.0,133.5,125.0,129.11,125.88,3.23,2.5659,4589.73,59684.838
688199.SH,20230411,37.8,38.09,37.04,37.49,37.8,-0.31,-0.8201,14276.25,53517.082
688200.SH,20230411,318.0,322.5,310.16,313.05,315.0,-1.95,-0.619,8423.78,266317.778
688201.SH,20230411,53.26,54.17,51.6,54.09,52.88,1.21,2.2882,23697.62,125716.109
688202.SH,20230411,169.0,171.99,165.5,168.96,169.35,-0.39,-0.2303,18279.22,308413.327
688203.SH,20230411,16.88,16.94,16.63,16.77,16.82,-0.05,-0.2973,10103.43,16904.851
688205.SH,20230411,68.13,76.0,66.27,74.5,69.1,5.4,7.8148,50596.22,357095.732
688206.SH,20230411,35.96,36.69,35.36,35.8,35.53,0.27,0.7599,57110.0,205752.986
688207.SH,20230411,42.6,43.78,41.72,42.23,42.5,-0.27,-0.6353,54924.61,234534.019
688208.SH,20230411,31.64,31.75,30.6,31.3,31.71,-0.41,-1.293,58636.76,182002.296
688209.SH,20230411,26.3,27.79,26.17,26.81,26.55,0.26,0.9793,60771.17,164218.984
688210.SH,20230411,29.51,29.64,28.93,29.1,29.38,-0.28,-0.953,8144.63,23801.911
688211.SH,20230411,43.79,43.8,42.73,43.24,43.59,-0.35,-0.8029,7014.61,30274.844
688212.SH,20230411,67.88,68.99,67.05,67.98,67.9,0.08,0.1178,13904.56,94481.191
688213.SH,20230411,69.69,76.6,67.12,74.0,67.52,6.48,9.5972,65849.01,466510.259
688215.SH,20230411,37.69,37.69,36.4,36.75,37.69,-0.94,-2.494,11226.92,41359.333
688216.SH,20230411,31.51,31.88,30.69,31.18,31.28,-0.1,-0.3197,22466.91,70257.071
688217.SH,20230411,44.6,45.03,43.85,44.07,44.6,-0.53,-1.1883,4107.36,18170.955
601211.SH,20230411,14.94,15.17,14.87,14.96,14.9,0.06,0.4027,330357.01,495777.997
601212.SH,20230411,2.91,3.01,2.91,2.99,2.92,0.07,2.3973,507635.44,150419.528
601216.SH,20230411,4.34,4.37,4.33,4.36,4.33,0.03,0.6928,247399.29,107780.918
601218.SH,20230411,4.0,4.0,3.92,3.96,4.0,-0.04,-1.0,55102.0,21747.893
601222.SH,20230411,7.83,7.85,7.7,7.74,7.86,-0.12,-1.5267,185578.6,143854.178
601225.SH,20230411,19.48,19.48,19.19,19.34,19.47,-0.13,-0.6677,223629.49,432715.072
601226.SH,20230411,7.81,8.25,7.78,8.07,7.84,0.23,2.9337,254205.26,203748.767
601228.SH,20230411,3.11,3.11,3.09,3.1,3.1,0.0,0.0,179320.0,55554.024
601229.SH,20230411,6.03,6.04,6.01,6.04,6.02,0.02,0.3322,228700.39,137848.839
601231.SH,20230411,18.01,18.03,17.54,17.68,17.9,-0.22,-1.2291,161123.87,286095.525
601233.SH,20230411,14.29,14.4,14.16,14.32,14.29,0.03,0.2099,142509.33,203437.937
601236.SH,20230411,8.64,8.84,8.61,8.67,8.57,0.1,1.1669,269570.48,235045.885
601238.SH,20230411,11.0,11.02,10.83,10.97,10.97,0.0,0.0,252874.44,275572.321
601258.SH,20230411,1.05,1.05,1.04,1.05,1.05,0.0,0.0,297428.45,31075.073
601279.SH,20230411,4.97,4.99,4.91,4.94,4.99,-0.05,-1.002,30288.0,14955.951
601288.SH,20230411,3.17,3.21,3.16,3.21,3.17,0.04,1.2618,3567007.06,1138864.46
601298.SH,20230411,6.29,6.3,6.22,6.29,6.29,0.0,0.0,59320.0,37146.894
601311.SH,20230411,9.4,9.51,9.3,9.43,9.43,0.0,0.0,80844.77,76203.464
601318.SH,20230411,46.02,46.3,45.63,45.66,46.06,-0.4,-0.8684,543094.02,2495273.529
601319.SH,20230411,5.19,5.23,5.16,5.19,5.2,-0.01,-0.1923,568410.07,294417.84
601326.SH,20230411,2.82,2.82,2.77,2.82,2.82,0.0,0.0,183645.23,51322.035
601328.SH,20230411,5.2,5.21,5.18,5.2,5.18,0.02,0.3861,683984.88,355462.626
601330.SH,20230411,7.35,7.5,7.33,7.5,7.35,0.15,2.0408,65039.12,48255.321
601333.SH,20230411,2.43,2.44,2.41,2.43,2.42,0.01,0.4132,397528.0,96454.72
601336.SH,20230411,31.9,32.09,31.4,31.72,31.77,-0.05,-0.1574,67130.9,212662.128
601339.SH,20230411,6.8,6.85,6.66,6.75,6.8,-0.05,-0.7353,76371.52,51377.495
601360.SH,20230411,16.1,16.52,15.15,15.84,16.74,-0.9,-5.3763,7698387.45,12154825.703
601366.SH,20230411,5.46,5.47,5.4,5.41,5.49,-0.08,-1.4572,14157.0,7686.746
601368.SH,20230411,5.23,5.25,5.19,5.23,5.22,0.01,0.1916,30843.0,16088.976
601369.SH,20230411,10.6,10.64,10.31,10.43,10.59,-0.16,-1.5109,111328.3,116279.051
601375.SH,20230411,3.83,3.88,3.83,3.85,3.82,0.03,0.7853,297901.0,114780.468
601377.SH,20230411,6.6,6.87,6.59,6.64,6.5,0.14,2.1538,2202338.44,1483406.453
601388.SH,20230411,3.29,3.32,3.26,3.32,3.29,0.03,0.9119,132016.5,43367.862
601390.SH,20230411,7.89,7.93,7.66,7.85,7.98,-0.13,-1.6291,2691345.39,2093938.331
601398.SH,20230411,4.55,4.57,4.53,4.55,4.55,0.0,0.0,1852176.53,843163.088
601399.SH,20230411,3.2,3.21,3.16,3.21,3.19,0.02,0.627,188411.44,59958.913
601456.SH,20230411,11.27,11.38,11.14,11.24,11.17,0.07,0.6267,292702.2,329607.284
601500.SH,20230411,3.92,3.93,3.85,3.87,3.92,-0.05,-1.2755,75003.8,29047.858
601512.SH,20230411,9.53,9.62,9.42,9.58,9.52,0.06,0.6303,18315.0,17409.403
601515.SH,20230411,4.3,4.32,4.29,4.3,4.33,-0.03,-0.6928,97943.59,42105.699
601518.SH,20230411,2.81,2.82,2.79,2.82,2.82,0.0,0.0,86242.0,24187.854
601519.SH,20230411,7.9,8.32,7.9,8.04,7.95,0.09,1.1321,929857.84,752635.657
601528.SH,20230411,7.16,7.18,7.06,7.1,7.16,-0.06,-0.838,62436.31,44357.268
601555.SH,20230411,7.05,7.17,7.05,7.07,7.03,0.04,0.569,399595.58,283697.467
601566.SH,20230411,9.96,10.07,9.78,10.07,9.92,0.15,1.5121,68824.98,68413.044
601567.SH,20230411,13.11,13.25,12.95,12.99,13.06,-0.07,-0.536,64753.0,84660.298
601568.SH,20230411,5.69,5.69,5.65,5.67,5.68,-0.01,-0.1761,126351.3,71548.603
601577.SH,20230411,7.63,7.65,7.51,7.55,7.61,-0.06,-0.7884,125700.54,94953.214
601579.SH,20230411,11.89,11.9,11.63,11.7,11.94,-0.24,-2.0101,72070.54,84542.465
601588.SH,20230411,1.96,1.98,1.94,1.97,1.96,0.01,0.5102,139424.0,27380.595
601595.SH,20230411,27.6,30.49,26.95,30.49,27.72,2.77,9.9928,211124.15,619701.671
601598.SH,20230411,4.32,4.4,4.3,4.38,4.36,0.02,0.4587,325900.64,141770.328
601599.SH,20230411,3.05,3.36,3.04,3.36,3.05,0.31,10.1639,366066.94,119610.436
601600.SH,20230411,5.9,6.02,5.86,6.0,5.91,0.09,1.5228,1554787.77,928394.347
601601.SH,20230411,27.44,27.65,26.84,26.96,27.5,-0.54,-1.9636,245046.06,663452.288
601606.SH,20230411,12.48,12.66,12.38,12.63,12.55,0.08,0.6375,83353.69,104716.292
601607.SH,20230411,21.32,21.32,20.89,21.15,21.1,0.05,0.237,119469.4,251635.352
601608.SH,20230411,3.97,3.98,3.92,3.97,3.96,0.01,0.2525,269334.01,106337.923
601609.SH,20230411,6.62,6.74,6.58,6.73,6.63,0.1,1.5083,61968.0,41180.65
601611.SH,20230411,8.48,8.6,8.34,8.59,8.46,0.13,1.5366,179449.25,152449.256
601615.SH,20230411,22.55,22.55,22.02,22.17,22.43,-0.26,-1.1592,210029.54,466215.79
601616.SH,20230411,3.48,3.51,3.43,3.49,3.48,0.01,0.2874,64594.0,22444.884
601618.SH,20230411,4.09,4.14,4.01,4.13,4.1,0.03,0.7317,1036798.84,423918.541
601619.SH,20230411,4.75,4.78,4.68,4.73,4.78,-0.05,-1.046,273337.34,129278.284
601628.SH,20230411,33.9,34.09,33.25,33.41,33.96,-0.55,-1.6196,101026.82,339201.285
601633.SH,20230411,26.86,27.1,26.44,26.82,27.01,-0.19,-0.7034,202962.52,542070.952
601636.SH,20230411,10.18,10.6,10.08,10.56,10.17,0.39,3.8348,512658.63,537617.846
601658.SH,20230411,4.68,4.69,4.65,4.68,4.68,0.0,0.0,1274186.01,594627.689
601665.SH,20230411,4.04,4.05,4.01,4.03,4.03,0.0,0.0,125056.11,50388.456
601666.SH,20230411,9.85,9.88,9.7,9.86,9.83,0.03,0.3052,238123.4,232806.297
601668.SH,20230411,6.16,6.24,6.05,6.22,6.17,0.05,0.8104,3002979.1,1851785.842
601669.SH,20230411,7.28,7.28,7.12,7.25,7.3,-0.05,-0.6849,789729.3,567888.29
601677.SH,20230411,15.44,15.65,15.15,15.63,15.46,0.17,1.0996,115483.87,178541.974
601678.SH,20230411,5.52,5.55,5.48,5.52,5.54,-0.02,-0.361,115522.56,63616.523
601686.SH,20230411,6.04,6.11,6.0,6.1,6.03,0.07,1.1609,25354.0,15334.878
601688.SH,20230411,13.88,14.18,13.78,13.87,13.75,0.12,0.8727,967299.36,1349039.299
601689.SH,20230411,57.93,58.58,57.0,58.1,57.78,0.32,0.5538,84867.45,489973.764
601696.SH,20230411,11.03,11.18,10.98,11.03,10.95,0.08,0.7306,300113.29,332069.999
601698.SH,20230411,20.83,20.93,19.5,19.98,21.15,-1.17,-5.5319,808880.58,1614056.736
601699.SH,20230411,20.3,20.3,19.51,19.57,20.24,-0.67,-3.3103,289817.88,569941.234
601700.SH,20230411,5.43,5.46,5.39,5.41,5.42,-0.01,-0.1845,78891.37,42768.327
601702.SH,20230411,13.56,13.98,13.46,13.74,13.56,0.18,1.3274,225491.79,310643.158
601717.SH,20230411,14.39,14.43,14.23,14.39,14.32,0.07,0.4888,94924.86,136014.599
601718.SH,20230411,3.18,3.21,3.15,3.21,3.16,0.05,1.5823,343702.2,109406.091
000526.SZ,20230411,17.29,17.76,17.15,17.48,17.27,0.21,1.216,22593.2,39593.065
000528.SZ,20230411,6.63,6.67,6.58,6.64,6.61,0.03,0.4539,52162.18,34535.957
000529.SZ,20230411,7.82,7.92,7.74,7.88,7.84,0.04,0.5102,59451.01,46650.418
000530.SZ,20230411,4.56,4.57,4.5,4.55,4.55,0.0,0.0,48243.21,21838.794
000531.SZ,20230411,6.19,6.2,6.06,6.17,6.19,-0.02,-0.3231,35263.82,21572.82
000532.SZ,20230411,11.08,11.18,11.05,11.15,11.1,0.05,0.4505,20165.02,22433.879
000533.SZ,20230411,3.99,4.01,3.94,3.98,4.0,-0.02,-0.5,78914.0,31361.31
000534.SZ,20230411,16.1,16.27,15.92,16.11,16.07,0.04,0.2489,33817.88,54397.875
000536.SZ,20230411,2.14,2.17,2.13,2.15,2.14,0.01,0.4673,189331.4,40668.501
000537.SZ,20230411,12.12,12.12,11.6,11.73,11.94,-0.21,-1.7588,141826.46,166221.54
000538.SZ,20230411,55.49,56.46,55.05,56.0,55.26,0.74,1.3391,67181.41,374715.861
000539.SZ,20230411,6.13,6.19,5.91,6.14,6.12,0.02,0.3268,361532.87,218885.066
000540.SZ,20230411,1.0,1.03,0.96,1.02,1.01,0.01,0.9901,1625583.44,162259.925
000541.SZ,20230411,5.53,5.65,5.49,5.57,5.54,0.03,0.5415,71131.09,39631.838
000543.SZ,20230411,5.16,5.2,5.04,5.11,5.13,-0.02,-0.3899,291193.16,148586.278
000544.SZ,20230411,6.35,6.45,6.31,6.44,6.37,0.07,1.0989,67364.73,43008.513
000545.SZ,20230411,3.36,3.39,3.35,3.39,3.36,0.03,0.8929,44867.24,15128.357
000546.SZ,20230411,9.27,9.34,9.17,9.3,9.26,0.04,0.432,126136.29,117081.496
000547.SZ,20230411,11.39,11.47,11.26,11.43,11.37,0.06,0.5277,319080.36,362789.636
000548.SZ,20230411,4.61,4.69,4.59,4.69,4.64,0.05,1.0776,58447.01,27130.96
000550.SZ,20230411,13.36,13.47,13.28,13.46,13.4,0.06,0.4478,28192.0,37693.946
000551.SZ,20230411,10.03,10.12,9.88,10.06,9.91,0.15,1.5136,45328.79,45262.466
000552.SZ,20230411,3.27,3.27,3.23,3.27,3.26,0.01,0.3067,186748.19,60614.353
000553.SZ,20230411,8.95,8.99,8.9,8.97,8.95,0.02,0.2235,43913.99,39186.68
000554.SZ,20230411,5.49,5.49,5.35,5.42,5.48,-0.06,-1.0949,101008.0,54423.234
000555.SZ,20230411,13.51,13.98,13.43,13.95,13.58,0.37,2.7246,184011.1,253731.941
000557.SZ,20230411,5.16,5.17,5.05,5.07,5.17,-0.1,-1.9342,109433.6,55709.58
000558.SZ,20230411,2.88,2.9,2.86,2.89,2.85,0.04,1.4035,247286.0,71223.65
000559.SZ,20230411,5.13,5.14,5.08,5.11,5.14,-0.03,-0.5837,81078.4,41312.597
000560.SZ,20230411,3.46,3.49,3.34,3.48,3.46,0.02,0.578,1036799.75,354894.662
000561.SZ,20230411,9.21,9.23,9.05,9.18,9.18,0.0,0.0,66351.23,60535.913
000563.SZ,20230411,3.22,3.24,3.19,3.21,3.21,0.0,0.0,214636.98,69076.795
000564.SZ,20230411,1.5,1.52,1.49,1.5,1.51,-0.01,-0.6623,819343.19,123017.637
000565.SZ,20230411,5.98,5.99,5.85,5.93,5.98,-0.05,-0.8361,39734.49,23467.964
000566.SZ,20230411,5.22,5.3,5.1,5.18,5.15,0.03,0.5825,320857.0,166790.051
000567.SZ,20230411,18.16,18.39,18.16,18.28,18.18,0.1,0.5501,35659.15,65054.453
000568.SZ,20230411,245.0,245.49,237.8,238.99,247.5,-8.51,-3.4384,91882.48,2202877.434
000570.SZ,20230411,5.0,5.03,4.94,4.98,4.99,-0.01,-0.2004,54647.74,27156.322
000571.SZ,20230411,2.13,2.14,2.08,2.13,2.14,-0.01,-0.4673,61286.99,12912.857
000572.SZ,20230411,4.99,5.05,4.96,5.02,5.02,0.0,0.0,128853.0,64433.781
000573.SZ,20230411,3.56,3.62,3.51,3.61,3.55,0.06,1.6901,101463.17,36236.239
000576.SZ,20230411,12.02,12.05,11.59,11.68,11.93,-0.25,-2.0956,69210.0,81025.3
000829.SZ,20230411,11.0,11.29,10.85,11.25,10.97,0.28,2.5524,243852.22,271669.8
000830.SZ,20230411,13.05,13.16,12.97,13.15,13.04,0.11,0.8436,78905.11,103107.037
000831.SZ,20230411,35.15,36.17,35.0,36.12,35.44,0.68,1.9187,266579.83,949788.152
000833.SZ,20230411,7.38,7.61,7.29,7.52,7.44,0.08,1.0753,211034.56,156919.678
000836.SZ,20230411,3.44,3.52,3.38,3.51,3.45,0.06,1.7391,527192.91,182413.193
000837.SZ,20230411,11.99,12.02,11.68,11.73,12.13,-0.4,-3.2976,448940.41,529215.446
000838.SZ,20230411,5.82,5.86,5.73,5.84,5.81,0.03,0.5164,123284.71,71428.887
000839.SZ,20230411,2.37,2.44,2.37,2.4,2.38,0.02,0.8403,110597.04,26536.985
000848.SZ,20230411,8.62,8.64,8.31,8.35,8.6,-0.25,-2.907,172251.63,145134.431
000850.SZ,20230411,3.61,3.65,3.58,3.65,3.61,0.04,1.108,42569.65,15388.822
000851.SZ,20230411,6.21,6.45,6.16,6.31,6.23,0.08,1.2841,460575.58,290896.515
000852.SZ,20230411,7.5,7.79,7.19,7.35,7.1,0.25,3.5211,400254.74,296179.484
000856.SZ,20230411,8.5,8.57,8.44,8.53,8.49,0.04,0.4711,24684.0,21016.167
000858.SZ,20230411,183.97,184.15,180.01,180.53,184.65,-4.12,-2.2312,191194.46,3472021.583
000859.SZ,20230411,5.73,5.77,5.64,5.7,5.76,-0.06,-1.0417,76977.1,43785.058
000860.SZ,20230411,36.83,37.24,34.93,35.22,36.99,-1.77,-4.7851,145989.8,520740.847
000861.SZ,20230411,2.11,2.11,2.08,2.09,2.1,-0.01,-0.4762,168676.84,35271.488
000862.SZ,20230411,6.73,7.07,6.64,6.93,6.73,0.2,2.9718,316507.91,217380.782
000863.SZ,20230411,4.08,4.18,4.04,4.17,4.1,0.07,1.7073,169124.0,69711.304
000868.SZ,20230411,5.39,5.45,5.35,5.44,5.41,0.03,0.5545,99341.0,53673.158
000869.SZ,20230411,32.41,32.43,31.75,31.88,32.29,-0.41,-1.2697,15253.55,48839.867
000875.SZ,20230411,5.5,5.5,5.42,5.44,5.48,-0.04,-0.7299,120308.61,65559.337
000876.SZ,20230411,14.28,14.4,13.5,13.64,13.97,-0.33,-2.3622,633795.81,871052.29
000877.SZ,20230411,9.03,9.19,8.93,9.15,9.02,0.13,1.4412,130899.45,119166.992
000878.SZ,20230411,12.94,13.28,12.87,13.23,13.04,0.19,1.4571,295517.99,387021.578
000880.SZ,20230411,10.2,10.23,10.03,10.11,10.16,-0.05,-0.4921,20950.01,21166.978
000881.SZ,20230411,8.1,8.13,8.03,8.12,8.08,0.04,0.495,29124.0,23524.289
000882.SZ,20230411,1.68,1.69,1.66,1.68,1.68,0.0,0.0,128974.0,21579.798
000883.SZ,20230411,4.26,4.27,4.24,4.25,4.27,-0.02,-0.4684,113804.01,48416.327
000885.SZ,20230411,10.89,10.96,10.74,10.95,10.88,0.07,0.6434,48171.7,52270.453
000886.SZ,20230411,6.29,6.33,6.08,6.14,6.25,-0.11,-1.76,377049.72,232208.808
000887.SZ,20230411,12.75,12.94,12.27,12.31,12.46,-0.15,-1.2039,259328.32,324096.391
000888.SZ,20230411,9.3,9.49,9.23,9.31,9.29,0.02,0.2153,182941.43,170912.793
000889.SZ,20230411,1.93,1.93,1.91,1.92,1.93,-0.01,-0.5181,77175.0,14810.971
000890.SZ,20230411,4.7,4.74,4.65,4.74,4.7,0.04,0.8511,180543.01,85060.726
000892.SZ,20230411,4.3,4.63,4.21,4.54,4.29,0.25,5.8275,559183.76,251358.478
000893.SZ,20230411,24.85,24.85,24.11,24.33,24.83,-0.5,-2.0137,88172.32,214285.015
000895.SZ,20230411,26.0,26.25,25.85,25.96,25.95,0.01,0.0385,73883.83,192076.865
000897.SZ,20230411,2.26,2.3,2.22,2.29,2.26,0.03,1.3274,201003.18,45550.409
000898.SZ,20230411,2.9,2.92,2.87,2.91,2.9,0.01,0.3448,289560.26,83723.936
000899.SZ,20230411,8.54,8.54,8.34,8.39,8.56,-0.17,-1.986,79928.42,67060.838
000900.SZ,20230411,4.15,4.15,4.06,4.11,4.14,-0.03,-0.7246,154229.85,63150.123
002017.SZ,20230411,15.62,15.88,15.48,15.69,15.77,-0.08,-0.5073,94342.71,147413.091
002019.SZ,20230411,14.83,15.05,14.8,15.04,14.84,0.2,1.3477,82496.51,123162.388
002020.SZ,20230411,14.54,14.71,14.22,14.36,14.52,-0.16,-1.1019,148380.75,213638.458
002021.SZ,20230411,1.8,1.82,1.78,1.81,1.8,0.01,0.5556,45249.0,8136.871
002022.SZ,20230411,12.91,12.92,12.51,12.6,12.86,-0.26,-2.0218,64558.54,81418.997
002023.SZ,20230411,9.61,9.64,9.48,9.57,9.55,0.02,0.2094,85538.62,81689.269
002024.SZ,20230411,2.11,2.12,2.1,2.11,2.11,0.0,0.0,121251.96,25542.053
002025.SZ,20230411,62.02,62.25,61.05,61.29,62.04,-0.75,-1.2089,16256.18,99964.102
002026.SZ,20230411,9.96,9.98,9.76,9.82,9.96,-0.14,-1.4056,46162.12,45379.369
002027.SZ,20230411,6.46,6.94,6.39,6.72,6.4,0.32,5.0,3541187.08,2385418.42
002028.SZ,20230411,42.54,43.06,41.82,43.0,42.38,0.62,1.463,71776.18,304692.203
002029.SZ,20230411,5.61,5.63,5.53,5.57,5.61,-0.04,-0.713,50636.86,28151.072
002030.SZ,20230411,16.2,16.2,16.03,16.11,16.18,-0.07,-0.4326,89345.17,143866.446
002031.SZ,20230411,3.13,3.15,3.09,3.13,3.13,0.0,0.0,432431.64,134622.32
002032.SZ,20230411,52.45,53.33,51.7,51.92,52.05,-0.13,-0.2498,19703.78,102830.796
002033.SZ,20230411,11.42,11.69,11.22,11.38,11.29,0.09,0.7972,412979.98,472693.116
002034.SZ,20230411,17.74,17.82,17.63,17.75,17.8,-0.05,-0.2809,14621.74,25895.06
002035.SZ,20230411,6.74,6.99,6.66,6.88,6.71,0.17,2.5335,137128.07,94284.094
002036.SZ,20230411,13.25,13.27,12.67,12.76,13.29,-0.53,-3.988,373967.37,481046.508
002037.SZ,20230411,9.55,9.6,9.35,9.42,9.55,-0.13,-1.3613,57481.31,54156.456
002038.SZ,20230411,9.16,9.19,9.07,9.14,9.14,0.0,0.0,94455.46,86201.019
002039.SZ,20230411,14.85,14.85,14.56,14.77,14.85,-0.08,-0.5387,30465.6,44778.673
002040.SZ,20230411,6.72,6.76,6.67,6.75,6.73,0.02,0.2972,28690.4,19250.667
002041.SZ,20230411,18.23,18.44,18.11,18.43,18.27,0.16,0.8758,40432.53,73873.296
002042.SZ,20230411,3.13,3.14,3.1,3.12,3.13,-0.01,-0.3195,112182.04,34936.51
002043.SZ,20230411,11.82,12.14,11.71,11.9,11.89,0.01,0.0841,132918.0,158085.43
002044.SZ,20230411,7.22,7.28,7.12,7.19,7.24,-0.05,-0.6906,351503.82,252236.701
002045.SZ,20230411,16.2,17.09,16.16,16.72,16.61,0.11,0.6623,341538.86,571082.621
002046.SZ,20230411,12.15,12.29,11.87,11.99,12.19,-0.2,-1.6407,66099.57,79633.936
002047.SZ,20230411,3.65,3.74,3.61,3.74,3.63,0.11,3.0303,166635.29,61664.731
002048.SZ,20230411,14.08,14.18,13.88,13.9,14.06,-0.16,-1.138,41867.55,58396.463
002049.SZ,20230411,117.3,119.6,115.6,118.41,117.3,1.11,0.9463,308593.67,3628796.108
002050.SZ,20230411,24.36,24.6,24.15,24.41,24.36,0.05,0.2053,218139.33,531066.02
002051.SZ,20230411,10.9,11.0,10.3,10.99,10.93,0.06,0.5489,450282.57,479677.33
002052.SZ,20230411,1.94,1.98,1.87,1.98,1.95,0.03,1.5385,67485.9,12998.975
002053.SZ,20230411,10.63,10.67,10.5,10.61,10.68,-0.07,-0.6554,46736.63,49295.049
002054.SZ,20230411,7.28,7.29,7.21,7.25,7.29,-0.04,-0.5487,20489.01,14826.394
002055.SZ,20230411,9.84,9.94,9.74,9.79,9.86,-0.07,-0.7099,77544.0,76197.606
002056.SZ,20230411,20.6,20.92,20.39,20.84,20.71,0.13,0.6277,156709.43,324515.24
002057.SZ,20230411,10.54,10.61,10.35,10.52,10.54,-0.02,-0.1898,86526.48,90626.519
002058.SZ,20230411,11.44,11.53,11.23,11.37,11.47,-0.1,-0.8718,7269.0,8232.727
002059.SZ,20230411,7.62,7.84,7.57,7.65,7.62,0.03,0.3937,298679.0,229983.204
002190.SZ,20230411,23.17,23.17,22.8,22.91,23.1,-0.19,-0.8225,38105.83,87205.695
002191.SZ,20230411,7.41,7.46,7.38,7.43,7.41,0.02,0.2699,69792.49,51787.56
002192.SZ,20230411,75.55,77.35,75.0,77.16,76.06,1.1,1.4462,98018.09,749072.773
002193.SZ,20230411,7.47,7.53,7.41,7.49,7.47,0.02,0.2677,49486.0,36919.203
002194.SZ,20230411,11.48,11.62,11.33,11.42,11.56,-0.14,-1.2111,218820.69,250376.651
002195.SZ,20230411,3.24,3.32,3.23,3.28,3.25,0.03,0.9231,1696520.67,556102.155
002196.SZ,20230411,7.08,7.1,6.96,7.0,7.09,-0.09,-1.2694,41366.87,28970.541
002197.SZ,20230411,11.66,12.66,11.6,12.05,11.66,0.39,3.3448,803184.96,978073.081
002198.SZ,20230411,7.85,7.92,7.77,7.92,7.85,0.07,0.8917,69323.0,54412.989
002199.SZ,20230411,7.15,7.26,7.12,7.12,7.22,-0.1,-1.385,32048.0,22977.359
002200.SZ,20230411,9.63,9.75,9.6,9.66,9.68,-0.02,-0.2066,12913.0,12523.53
002201.SZ,20230411,10.89,10.99,10.85,10.91,10.89,0.02,0.1837,31827.48,34747.68
002202.SZ,20230411,10.98,11.1,10.93,11.1,11.02,0.08,0.726,175572.2,193667.121
002203.SZ,20230411,11.58,11.67,11.47,11.66,11.6,0.06,0.5172,37111.82,43001.32
002204.SZ,20230411,5.14,5.17,5.11,5.15,5.14,0.01,0.1946,101558.02,52225.491
002205.SZ,20230411,12.21,12.41,12.08,12.34,12.32,0.02,0.1623,101349.01,124224.41
002206.SZ,20230411,5.79,5.87,5.79,5.85,5.82,0.03,0.5155,78120.59,45555.239
002207.SZ,20230411,6.82,6.87,6.77,6.87,6.82,0.05,0.7331,26507.0,18021.762
002208.SZ,20230411,6.86,6.94,6.76,6.92,6.86,0.06,0.8746,60101.8,41111.773
002209.SZ,20230411,10.02,10.14,9.9,10.1,10.07,0.03,0.2979,42240.0,42363.436
002210.SZ,20230411,2.29,2.3,2.26,2.27,2.29,-0.02,-0.8734,174035.52,39463.679
002211.SZ,20230411,2.93,3.01,2.91,2.93,2.89,0.04,1.3841,35892.0,10626.42
002212.SZ,20230411,12.0,12.28,11.85,12.22,11.96,0.26,2.1739,289238.71,350110.85
002213.SZ,20230411,15.19,15.4,14.9,15.4,15.08,0.32,2.122,89592.43,136861.718
002214.SZ,20230411,15.4,15.49,15.02,15.1,15.4,-0.3,-1.9481,40357.4,61181.043
002215.SZ,20230411,7.16,7.36,7.16,7.22,7.2,0.02,0.2778,108581.87,78708.248
002216.SZ,20230411,16.25,16.28,16.07,16.15,16.21,-0.06,-0.3701,37501.58,60562.495
002217.SZ,20230411,3.24,3.33,3.22,3.29,3.22,0.07,2.1739,709698.45,233251.036
002218.SZ,20230411,5.15,5.15,5.06,5.09,5.14,-0.05,-0.9728,122243.27,62130.117
002219.SZ,20230411,5.21,5.35,5.15,5.25,5.22,0.03,0.5747,319566.68,167581.847
002221.SZ,20230411,9.4,9.79,9.4,9.67,9.51,0.16,1.6824,395210.21,379946.636
002222.SZ,20230411,30.39,31.3,27.29,27.89,30.32,-2.43,-8.0145,821986.9,2380467.973
002223.SZ,20230411,31.2,31.97,31.0,31.7,31.18,0.52,1.6677,92026.54,290722.317
002224.SZ,20230411,4.59,4.61,4.52,4.61,4.58,0.03,0.655,48146.0,21947.189
002225.SZ,20230411,4.06,4.16,4.02,4.14,4.03,0.11,2.7295,101992.08,41787.949
002226.SZ,20230411,5.33,5.56,5.28,5.46,5.35,0.11,2.0561,277998.19,152047.729
002227.SZ,20230411,12.98,13.03,12.81,12.82,13.05,-0.23,-1.7625,24149.69,31061.802
002228.SZ,20230411,3.28,3.29,3.25,3.27,3.27,0.0,0.0,42842.72,13971.787
002229.SZ,20230411,13.45,13.77,13.31,13.66,13.4,0.26,1.9403,602444.84,816423.223
002230.SZ,20230411,59.0,61.53,58.58,59.85,58.95,0.9,1.5267,897883.09,5383179.071
002231.SZ,20230411,6.99,7.01,6.87,6.95,6.99,-0.04,-0.5722,88447.1,61294.341
002232.SZ,20230411,17.8,18.55,17.65,18.47,17.98,0.49,2.7253,334225.7,608383.598
002233.SZ,20230411,8.01,8.31,7.96,8.24,8.1,0.14,1.7284,293055.06,239010.079
002234.SZ,20230411,21.05,21.09,20.32,20.92,20.94,-0.02,-0.0955,131415.32,272452.524
002235.SZ,20230411,7.35,7.64,7.27,7.55,7.37,0.18,2.4423,375683.48,281514.811
002236.SZ,20230411,26.74,26.8,24.43,25.1,26.38,-1.28,-4.8522,1688862.21,4280803.425
002237.SZ,20230411,12.54,12.95,12.44,12.93,12.67,0.26,2.0521,317975.92,405745.191
002238.SZ,20230411,7.62,7.93,7.45,7.8,7.62,0.18,2.3622,151914.77,117356.836
002239.SZ,20230411,2.7,2.72,2.68,2.69,2.72,-0.03,-1.1029,211806.95,57047.065
002240.SZ,20230411,33.68,35.8,33.4,35.36,33.8,1.56,4.6154,311514.97,1086999.05
002241.SZ,20230411,22.74,23.33,22.41,22.78,22.64,0.14,0.6184,1201733.18,2738307.288
002242.SZ,20230411,16.05,16.58,16.03,16.3,16.05,0.25,1.5576,78035.61,127844.33
002243.SZ,20230411,9.29,9.4,9.23,9.33,9.31,0.02,0.2148,83110.96,77426.218
002244.SZ,20230411,9.98,10.02,9.81,9.97,9.96,0.01,0.1004,198526.19,196707.025
002245.SZ,20230411,15.0,15.13,14.74,14.93,15.08,-0.15,-0.9947,583673.56,870122.853
002246.SZ,20230411,9.84,9.84,9.69,9.78,9.81,-0.03,-0.3058,57182.39,55712.03
002247.SZ,20230411,2.44,2.47,2.39,2.45,2.43,0.02,0.823,161522.0,39429.112
002248.SZ,20230411,10.4,10.42,10.14,10.34,10.43,-0.09,-0.8629,255176.08,262002.677
002249.SZ,20230411,5.17,5.19,5.12,5.18,5.17,0.01,0.1934,132427.0,68258.766
002250.SZ,20230411,13.86,13.89,13.61,13.79,13.9,-0.11,-0.7914,121013.3,165919.163
002251.SZ,20230411,5.76,5.82,5.73,5.8,5.77,0.03,0.5199,153567.03,88734.039
002252.SZ,20230411,6.54,6.56,6.42,6.48,6.49,-0.01,-0.1541,346374.89,224235.124
002253.SZ,20230411,16.45,17.14,16.45,17.14,16.7,0.44,2.6347,135841.5,229416.903
002254.SZ,20230411,22.29,22.79,22.23,22.72,22.4,0.32,1.4286,51680.25,116548.914
002255.SZ,20230411,5.52,5.52,5.35,5.46,5.53,-0.07,-1.2658,95968.0,52258.686
002256.SZ,20230411,2.57,2.57,2.51,2.56,2.53,0.03,1.1858,179557.58,45691.889
002258.SZ,20230411,15.65,15.65,15.54,15.59,15.63,-0.04,-0.2559,63492.43,98864.364
002259.SZ,20230411,3.44,3.49,3.43,3.46,3.46,0.0,0.0,12638.0,4367.677
002261.SZ,20230411,13.62,14.45,13.61,14.3,13.46,0.84,6.2407,1901200.08,2674983.164
002262.SZ,20230411,25.85,26.0,25.2,25.58,25.81,-0.23,-0.8911,51092.4,130123.979
002263.SZ,20230411,2.79,2.79,2.75,2.77,2.76,0.01,0.3623,64271.36,17755.115
002264.SZ,20230411,5.91,6.02,5.86,5.99,5.93,0.06,1.0118,91287.47,54352.561
002265.SZ,20230411,13.52,13.53,13.25,13.26,13.53,-0.27,-1.9956,32240.48,43049.899
002266.SZ,20230411,3.99,4.0,3.95,3.99,3.98,0.01,0.2513,131894.93,52403.131
002267.SZ,20230411,7.35,7.39,7.29,7.39,7.34,0.05,0.6812,37757.0,27684.956
002268.SZ,20230411,38.78,40.6,38.22,40.19,38.8,1.39,3.5825,512571.14,2026997.284
002269.SZ,20230411,1.75,1.76,1.72,1.74,1.75,-0.01,-0.5714,198087.0,34328.591
002270.SZ,20230411,9.5,9.54,9.2,9.28,9.42,-0.14,-1.4862,124777.59,115812.266
002271.SZ,20230411,35.61,35.85,34.67,34.94,35.6,-0.66,-1.8539,166339.5,582750.879
002272.SZ,20230411,7.08,7.08,6.85,6.92,7.09,-0.17,-2.3977,225752.62,155871.29
002273.SZ,20230411,13.92,14.1,13.85,13.92,13.91,0.01,0.0719,162677.06,227057.843
002274.SZ,20230411,7.82,7.84,7.72,7.83,7.82,0.01,0.1279,38941.94,30289.697
002275.SZ,20230411,17.78,18.27,17.4,18.13,18.12,0.01,0.0552,79988.59,142884.711
002276.SZ,20230411,9.92,9.93,9.81,9.85,9.92,-0.07,-0.7056,88219.29,86892.23
002393.SZ,20230411,22.78,22.87,22.56,22.67,22.8,-0.13,-0.5702,7929.0,18008.606
002394.SZ,20230411,7.31,7.38,7.3,7.36,7.34,0.02,0.2725,18464.0,13546.129
002395.SZ,20230411,8.7,8.81,8.61,8.74,8.78,-0.04,-0.4556,13026.0,11357.219
002396.SZ,20230411,24.64,25.09,24.0,24.75,24.6,0.15,0.6098,198541.78,488012.239
002397.SZ,20230411,4.1,4.14,4.03,4.09,4.1,-0.01,-0.2439,80001.4,32654.566
002398.SZ,20230411,6.23,6.4,6.16,6.39,6.24,0.15,2.4038,100129.6,63250.946
002399.SZ,20230411,13.96,14.0,13.85,13.88,13.96,-0.08,-0.5731,25833.68,35953.223
002400.SZ,20230411,5.65,5.95,5.64,5.77,5.68,0.09,1.5845,1397417.12,810349.527
002401.SZ,20230411,23.9,27.31,23.88,26.86,25.23,1.63,6.4606,585640.81,1487223.19
002402.SZ,20230411,17.87,18.19,17.7,17.85,17.88,-0.03,-0.1678,130163.14,233378.077
002403.SZ,20230411,8.61,8.62,8.46,8.52,8.61,-0.09,-1.0453,39544.0,33704.448
002404.SZ,20230411,6.58,6.6,6.51,6.54,6.56,-0.02,-0.3049,29835.0,19526.09
002405.SZ,20230411,14.58,14.73,14.22,14.49,14.55,-0.06,-0.4124,811343.61,1170178.479
002406.SZ,20230411,5.19,5.3,5.16,5.29,5.19,0.1,1.9268,114109.0,59613.369
002407.SZ,20230411,33.88,33.99,33.26,33.85,34.05,-0.2,-0.5874,154025.4,518087.805
002408.SZ,20230411,7.15,7.16,7.14,7.14,7.15,-0.01,-0.1399,85420.38,61049.535
002409.SZ,20230411,63.79,67.4,63.07,65.4,64.3,1.1,1.7107,190002.67,1243615.788
002410.SZ,20230411,69.21,70.42,68.6,68.82,69.5,-0.68,-0.9784,80521.72,558248.351
002411.SZ,20230411,5.19,5.42,5.17,5.39,5.3,0.09,1.6981,173224.72,91220.72
002412.SZ,20230411,6.45,6.45,6.35,6.44,6.42,0.02,0.3115,48397.8,30981.552
002413.SZ,20230411,5.12,5.12,5.02,5.06,5.11,-0.05,-0.9785,197951.86,99954.801
002414.SZ,20230411,12.23,12.32,12.13,12.2,12.21,-0.01,-0.0819,130697.29,159647.318
002415.SZ,20230411,44.51,45.89,43.69,44.38,45.05,-0.67,-1.4872,589568.57,2632625.896
002416.SZ,20230411,9.29,9.35,9.21,9.27,9.22,0.05,0.5423,57087.29,52915.953
002417.SZ,20230411,1.91,1.95,1.91,1.91,2.01,-0.1,-4.9751,102071.0,19535.645
002418.SZ,20230411,2.77,2.78,2.72,2.73,2.77,-0.04,-1.444,125759.0,34488.859
002419.SZ,20230411,5.94,5.97,5.86,5.93,5.97,-0.04,-0.67,112686.48,66607.99
002420.SZ,20230411,6.4,6.44,6.34,6.38,6.4,-0.02,-0.3125,53253.0,33971.975
002421.SZ,20230411,4.21,4.29,4.15,4.22,4.2,0.02,0.4762,632760.07,266811.541
002422.SZ,20230411,29.4,29.59,28.98,29.43,29.79,-0.36,-1.2085,180981.78,530491.021
002423.SZ,20230411,7.2,7.24,7.04,7.21,7.18,0.03,0.4178,139622.0,99734.341
002424.SZ,20230411,8.26,8.28,8.16,8.23,8.23,0.0,0.0,197209.73,162042.556
002425.SZ,20230411,6.13,6.47,6.09,6.31,6.12,0.19,3.1046,587619.6,369839.371
002426.SZ,20230411,2.22,2.26,2.18,2.24,2.23,0.01,0.4484,509751.2,113339.001
002427.SZ,20230411,7.0,7.0,6.81,6.88,6.96,-0.08,-1.1494,26675.62,18386.474
002428.SZ,20230411,11.92,12.36,11.74,12.25,11.79,0.46,3.9016,398551.65,480920.705
002429.SZ,20230411,4.74,4.92,4.71,4.79,4.69,0.1,2.1322,485979.76,234649.448
002430.SZ,20230411,40.08,41.0,39.27,39.67,40.08,-0.41,-1.023,107803.98,430002.48
002431.SZ,20230411,2.83,2.86,2.8,2.85,2.82,0.03,1.0638,110807.0,31351.76
002432.SZ,20230411,45.04,45.26,44.75,45.13,45.04,0.09,0.1998,59736.9,268741.039
002433.SZ,20230411,3.49,3.55,3.47,3.55,3.53,0.02,0.5666,44006.0,15502.075
002434.SZ,20230411,9.04,9.1,8.89,8.96,9.04,-0.08,-0.885,118619.0,106338.294
002568.SZ,20230411,43.45,44.15,42.33,42.42,43.94,-1.52,-3.4593,45342.21,194913.634
002569.SZ,20230411,5.9,5.9,5.84,5.89,5.91,-0.02,-0.3384,3259.0,1916.292
002570.SZ,20230411,4.56,4.56,4.44,4.44,4.56,-0.12,-2.6316,222059.08,99448.044
002571.SZ,20230411,6.38,6.39,6.3,6.36,6.37,-0.01,-0.157,18196.0,11503.326
002572.SZ,20230411,20.87,21.65,20.71,20.89,20.88,0.01,0.0479,132622.64,280090.932
002573.SZ,20230411,5.49,5.5,5.44,5.49,5.48,0.01,0.1825,61817.35,33759.643
002574.SZ,20230411,6.5,6.62,6.48,6.55,6.46,0.09,1.3932,62217.34,40766.312
002575.SZ,20230411,5.72,5.74,5.62,5.73,5.7,0.03,0.5263,29924.0,17031.891
002576.SZ,20230411,18.53,18.54,16.96,17.4,18.28,-0.88,-4.814,188930.2,329515.499
002577.SZ,20230411,13.81,14.17,13.72,13.91,13.96,-0.05,-0.3582,43368.8,60469.091
002578.SZ,20230411,4.0,4.04,3.96,4.03,4.0,0.03,0.75,103331.17,41269.857
002579.SZ,20230411,10.39,10.42,10.17,10.25,10.33,-0.08,-0.7744,181040.26,186262.414
002580.SZ,20230411,10.2,10.24,10.05,10.13,10.27,-0.14,-1.3632,212541.28,214626.086
002581.SZ,20230411,18.3,18.84,18.17,18.7,18.22,0.48,2.6345,148804.21,276210.789
002582.SZ,20230411,6.86,6.89,6.81,6.88,6.86,0.02,0.2915,28158.0,19307.896
002583.SZ,20230411,6.29,6.4,6.24,6.35,6.31,0.04,0.6339,226871.98,143361.285
002584.SZ,20230411,6.72,6.73,6.65,6.68,6.71,-0.03,-0.4471,53018.6,35366.179
002585.SZ,20230411,12.19,12.2,11.84,11.92,12.18,-0.26,-2.1346,167404.74,199980.334
002586.SZ,20230411,3.88,3.88,3.81,3.85,3.88,-0.03,-0.7732,23522.0,9013.771
002587.SZ,20230411,6.6,6.74,6.55,6.68,6.55,0.13,1.9847,162953.5,108432.076
002588.SZ,20230411,5.89,5.91,5.84,5.9,5.9,0.0,0.0,53209.99,31177.008
002589.SZ,20230411,3.91,3.92,3.89,3.91,3.92,-0.01,-0.2551,90091.52,35139.466
002590.SZ,20230411,8.68,8.73,8.51,8.61,8.69,-0.08,-0.9206,58049.0,49768.087
002591.SZ,20230411,6.42,6.49,6.36,6.42,6.45,-0.03,-0.4651,58174.05,37273.149
002592.SZ,20230411,5.03,5.03,4.98,5.0,5.01,-0.01,-0.1996,16897.0,8449.034
002593.SZ,20230411,3.5,3.55,3.47,3.53,3.5,0.03,0.8571,70784.03,24851.585
002594.SZ,20230411,252.15,254.49,248.6,249.83,251.0,-1.17,-0.4661,87455.12,2194591.845
002595.SZ,20230411,29.22,29.6,28.8,29.11,29.2,-0.09,-0.3082,44710.02,130179.623
002596.SZ,20230411,4.15,4.15,3.98,3.99,4.23,-0.24,-5.6738,902938.72,363204.887
002597.SZ,20230411,30.51,30.77,30.4,30.64,30.63,0.01,0.0326,45034.2,137613.928
002598.SZ,20230411,11.89,11.97,11.52,11.68,11.92,-0.24,-2.0134,84737.13,98897.318
002599.SZ,20230411,6.29,6.42,6.11,6.35,6.21,0.14,2.2544,216733.0,136869.237
002600.SZ,20230411,6.2,6.24,6.12,6.17,6.24,-0.07,-1.1218,514863.99,317618.586
002601.SZ,20230411,19.65,19.95,19.52,19.84,19.63,0.21,1.0698,86731.05,171693.061
002602.SZ,20230411,6.52,6.78,6.31,6.51,6.38,0.13,2.0376,3140989.1,2053371.21
002603.SZ,20230411,30.82,31.46,30.12,30.49,30.82,-0.33,-1.0707,325887.43,998177.927
002605.SZ,20230411,32.41,35.94,32.41,35.7,32.67,3.03,9.2746,332445.24,1157011.004
002606.SZ,20230411,10.15,10.15,9.9,10.01,10.09,-0.08,-0.7929,86724.04,86488.329
002607.SZ,20230411,4.6,4.8,4.56,4.68,4.59,0.09,1.9608,1323098.7,620992.346
002608.SZ,20230411,6.39,6.41,6.29,6.4,6.42,-0.02,-0.3115,65414.2,41517.351
002609.SZ,20230411,10.96,11.35,10.7,11.21,11.08,0.13,1.1733,130465.42,144714.142
002610.SZ,20230411,2.92,2.92,2.86,2.88,2.94,-0.06,-2.0408,756597.0,217909.575
002746.SZ,20230411,8.97,9.1,8.91,8.99,9.0,-0.01,-0.1111,118392.9,106589.108
002747.SZ,20230411,27.26,27.39,26.57,26.65,27.25,-0.6,-2.2018,105458.69,282767.087
002748.SZ,20230411,10.64,10.69,10.51,10.63,10.62,0.01,0.0942,17942.16,19016.892
002749.SZ,20230411,8.84,8.84,8.7,8.77,8.84,-0.07,-0.7919,9758.92,8540.038
002750.SZ,20230411,10.52,10.59,10.3,10.35,10.52,-0.17,-1.616,50940.0,52942.105
002751.SZ,20230411,6.98,7.08,6.98,6.98,7.35,-0.37,-5.034,34917.0,24386.983
002752.SZ,20230411,4.9,4.95,4.88,4.92,4.93,-0.01,-0.2028,61158.48,30026.431
002753.SZ,20230411,7.5,7.58,7.41,7.44,7.55,-0.11,-1.457,41971.0,31409.734
002755.SZ,20230411,10.45,10.74,10.3,10.72,10.45,0.27,2.5837,152896.56,160843.193
002756.SZ,20230411,84.62,87.26,83.89,86.52,85.1,1.42,1.6686,92791.73,795534.146
002757.SZ,20230411,15.47,15.84,15.28,15.84,15.46,0.38,2.458,165527.83,258373.685
002758.SZ,20230411,13.09,13.1,12.87,12.99,13.09,-0.1,-0.7639,37210.84,48241.968
002759.SZ,20230411,16.7,16.76,16.51,16.58,16.72,-0.14,-0.8373,40671.93,67584.937
002760.SZ,20230411,22.17,22.17,21.65,21.95,22.19,-0.24,-1.0816,8081.0,17659.887
002761.SZ,20230411,18.16,18.38,17.92,18.32,18.22,0.1,0.5488,86223.54,156820.282
002762.SZ,20230411,10.65,10.8,10.61,10.73,10.76,-0.03,-0.2788,82904.93,88764.076
002763.SZ,20230411,7.26,7.31,7.19,7.25,7.28,-0.03,-0.4121,17564.8,12717.338
002765.SZ,20230411,7.62,7.65,7.51,7.57,7.6,-0.03,-0.3947,56488.0,42663.269
002766.SZ,20230411,5.51,5.55,5.39,5.49,5.47,0.02,0.3656,56940.0,31064.271
002767.SZ,20230411,12.94,13.05,12.81,13.01,12.95,0.06,0.4633,14469.0,18719.35
002768.SZ,20230411,26.43,26.47,26.13,26.34,26.37,-0.03,-0.1138,15142.5,39794.897
002769.SZ,20230411,9.06,9.15,8.97,9.1,9.06,0.04,0.4415,35169.0,31862.104
002771.SZ,20230411,13.41,13.65,13.24,13.45,13.27,0.18,1.3564,81070.2,108980.896
002772.SZ,20230411,10.58,10.58,10.58,10.58,9.62,0.96,9.9792,54649.04,57818.684
002773.SZ,20230411,18.68,19.05,18.51,18.99,18.72,0.27,1.4423,80152.65,150794.758
002774.SZ,20230411,6.8,6.8,6.66,6.73,6.8,-0.07,-1.0294,36323.63,24411.17
002775.SZ,20230411,3.69,3.71,3.63,3.69,3.68,0.01,0.2717,70413.4,25796.606
002776.SZ,20230411,2.85,2.95,2.83,2.91,2.84,0.07,2.4648,53830.11,15586.641
002777.SZ,20230411,39.01,41.7,36.28,41.52,39.0,2.52,6.4615,522706.58,2034572.466
002778.SZ,20230411,14.81,14.86,14.56,14.67,14.82,-0.15,-1.0121,10357.4,15208.383
002779.SZ,20230411,24.5,24.76,24.39,24.53,24.46,0.07,0.2862,3167.5,7774.509
002780.SZ,20230411,12.08,12.22,12.0,12.12,12.05,0.07,0.5809,26965.67,32712.113
002781.SZ,20230411,2.66,2.71,2.66,2.66,2.8,-0.14,-5.0,42003.0,11204.917
002782.SZ,20230411,16.88,17.12,16.78,16.88,17.0,-0.12,-0.7059,58331.66,98694.086
002783.SZ,20230411,8.6,8.67,8.5,8.65,8.61,0.04,0.4646,34986.6,30098.404
002785.SZ,20230411,20.23,21.65,20.04,21.11,20.23,0.88,4.35,81697.0,171194.581
002786.SZ,20230411,5.83,5.87,5.75,5.82,5.82,0.0,0.0,88024.23,51008.45
002787.SZ,20230411,8.5,8.56,8.12,8.3,8.46,-0.16,-1.8913,109692.0,90642.155
002788.SZ,20230411,9.08,9.12,8.98,9.11,9.04,0.07,0.7743,62490.83,56597.389
002789.SZ,20230411,14.4,14.5,14.31,14.45,14.47,-0.02,-0.1382,9522.9,13729.601
002790.SZ,20230411,9.55,9.8,9.46,9.66,9.48,0.18,1.8987,32065.0,30933.499
002791.SZ,20230411,83.61,86.0,82.8,84.29,83.35,0.94,1.1278,17645.34,148848.3
002929.SZ,20230411,40.84,41.87,40.17,41.76,40.93,0.83,2.0279,33851.74,139072.707
002930.SZ,20230411,21.66,21.88,21.39,21.4,21.62,-0.22,-1.0176,11768.5,25387.788
002931.SZ,20230411,10.95,11.11,10.8,11.09,11.0,0.09,0.8182,14785.4,16234.333
002932.SZ,20230411,57.18,57.44,56.12,56.78,57.17,-0.39,-0.6822,17817.13,100799.536
002933.SZ,20230411,28.31,28.47,28.01,28.28,28.31,-0.03,-0.106,12299.0,34671.668
002935.SZ,20230411,25.33,25.5,24.86,25.09,25.33,-0.24,-0.9475,32192.2,80896.602
002936.SZ,20230411,2.25,2.26,2.25,2.25,2.25,0.0,0.0,181680.0,40957.51
002937.SZ,20230411,24.43,24.66,24.02,24.23,24.59,-0.36,-1.464,46514.14,112895.999
002938.SZ,20230411,30.76,31.2,30.32,30.6,30.69,-0.09,-0.2933,238551.96,732593.91
002939.SZ,20230411,8.53,8.63,8.48,8.55,8.46,0.09,1.0638,382609.86,327067.009
002940.SZ,20230411,30.7,30.79,30.28,30.39,30.64,-0.25,-0.8159,10756.55,32747.933
002941.SZ,20230411,16.87,17.67,16.75,17.3,16.91,0.39,2.3063,310292.51,532138.404
002942.SZ,20230411,19.43,19.49,18.86,19.23,19.29,-0.06,-0.311,7248.3,13803.52
002943.SZ,20230411,47.3,47.63,46.15,46.19,47.7,-1.51,-3.1656,25881.97,120903.381
002945.SZ,20230411,15.0,15.19,14.8,14.94,14.9,0.04,0.2685,163980.86,245667.837
002946.SZ,20230411,15.49,15.83,15.39,15.65,15.37,0.28,1.8217,46045.73,72170.702
002947.SZ,20230411,21.4,21.54,21.08,21.24,21.4,-0.16,-0.7477,23285.27,49472.804
002948.SZ,20230411,3.27,3.27,3.25,3.25,3.27,-0.02,-0.6116,122601.99,39932.797
002949.SZ,20230411,14.06,14.22,13.94,14.21,14.06,0.15,1.0669,22324.0,31432.22
002950.SZ,20230411,11.93,11.96,11.56,11.62,11.89,-0.27,-2.2708,41594.42,48506.244
002951.SZ,20230411,10.0,10.0,9.84,9.92,9.95,-0.03,-0.3015,17230.0,17066.946
002952.SZ,20230411,17.6,17.81,17.35,17.6,17.65,-0.05,-0.2833,17660.0,31060.605
002953.SZ,20230411,11.55,11.68,11.5,11.67,11.62,0.05,0.4303,30566.08,35484.832
002955.SZ,20230411,26.19,26.45,25.9,26.14,26.36,-0.22,-0.8346,56241.14,147157.043
002956.SZ,20230411,14.33,14.34,14.17,14.28,14.38,-0.1,-0.6954,23624.31,33638.481
002957.SZ,20230411,17.75,17.85,17.24,17.29,17.86,-0.57,-3.1915,63378.13,110253.419
002958.SZ,20230411,2.83,2.83,2.81,2.82,2.83,-0.01,-0.3534,146724.16,41316.862
002959.SZ,20230411,69.91,73.18,69.2,72.34,70.08,2.26,3.2249,24700.8,178094.366
002960.SZ,20230411,26.4,26.4,26.08,26.3,26.28,0.02,0.0761,19977.54,52334.384
002961.SZ,20230411,16.18,16.28,15.89,15.95,16.13,-0.18,-1.1159,20009.0,32135.58
002962.SZ,20230411,12.66,12.75,12.48,12.61,12.66,-0.05,-0.3949,76048.34,95873.136
002963.SZ,20230411,13.4,13.4,13.17,13.37,13.29,0.08,0.602,8949.0,11892.118
002965.SZ,20230411,50.2,50.78,48.51,49.15,50.58,-1.43,-2.8272,74957.84,368273.293
002966.SZ,20230411,7.07,7.07,6.86,6.9,7.03,-0.13,-1.8492,295034.09,203780.194
002967.SZ,20230411,21.38,21.42,21.02,21.14,21.32,-0.18,-0.8443,17007.0,36025.126
002968.SZ,20230411,21.5,21.5,21.0,21.26,21.52,-0.26,-1.2082,4378.0,9288.274
002969.SZ,20230411,3.8,3.83,3.75,3.79,3.8,-0.01,-0.2632,61565.0,23280.269
002970.SZ,20230411,25.01,26.0,25.01,25.33,25.2,0.13,0.5159,28288.1,72009.613
002971.SZ,20230411,24.03,24.48,23.7,24.15,24.04,0.11,0.4576,18653.0,44968.78
002972.SZ,20230411,17.88,17.88,17.37,17.55,17.8,-0.25,-1.4045,16604.0,29117.146
002973.SZ,20230411,10.92,11.01,10.81,11.0,10.87,0.13,1.196,7460.02,8149.711
002975.SZ,20230411,44.67,44.92,43.2,43.7,44.92,-1.22,-2.7159,15961.0,70071.932
300111.SZ,20230411,3.56,3.64,3.55,3.63,3.57,0.06,1.6807,134687.0,48479.288
300112.SZ,20230411,12.26,12.5,12.18,12.42,12.48,-0.06,-0.4808,218169.71,268803.802
300113.SZ,20230411,15.3,15.98,15.09,15.59,15.25,0.34,2.2295,346027.76,540500.511
300114.SZ,20230411,50.05,50.18,48.77,49.5,50.3,-0.8,-1.5905,203863.41,1009013.57
300115.SZ,20230411,13.59,13.92,13.44,13.65,13.7,-0.05,-0.365,266421.27,364253.936
300116.SZ,20230411,1.59,1.6,1.57,1.58,1.6,-0.02,-1.25,367453.84,58116.423
300117.SZ,20230411,3.39,3.43,3.36,3.42,3.4,0.02,0.5882,67523.0,22928.684
300118.SZ,20230411,27.2,27.3,26.71,26.96,27.44,-0.48,-1.7493,196088.5,528371.897
300119.SZ,20230411,21.78,21.79,21.31,21.45,21.65,-0.2,-0.9238,28303.85,60890.689
300120.SZ,20230411,7.4,7.43,7.32,7.4,7.41,-0.01,-0.135,70975.69,52353.989
300164.SZ,20230411,4.19,4.21,4.09,4.13,4.21,-0.08,-1.9002,197215.98,81225.4
300165.SZ,20230411,5.41,5.42,5.29,5.34,5.41,-0.07,-1.2939,160816.2,85940.138
300166.SZ,20230411,13.03,13.45,13.01,13.22,13.13,0.09,0.6855,981287.51,1297152.482
300167.SZ,20230411,5.35,5.45,5.21,5.36,5.36,0.0,0.0,108425.0,57956.247
300168.SZ,20230411,13.6,14.68,13.36,14.57,13.93,0.64,4.5944,1015145.18,1418824.25
300169.SZ,20230411,4.13,4.2,4.1,4.15,4.17,-0.02,-0.4796,36052.01,14943.583
300170.SZ,20230411,12.4,12.85,12.33,12.54,12.46,0.08,0.6421,463648.15,584294.625
300171.SZ,20230411,26.24,26.82,26.03,26.36,26.34,0.02,0.0759,40619.81,107123.966
300172.SZ,20230411,4.51,4.52,4.47,4.52,4.52,0.0,0.0,33257.41,14948.704
300173.SZ,20230411,4.42,4.45,4.38,4.42,4.44,-0.02,-0.4505,36508.26,16090.46
300174.SZ,20230411,16.53,16.6,16.2,16.29,16.62,-0.33,-1.9856,75620.85,123524.438
300175.SZ,20230411,3.51,3.57,3.47,3.55,3.52,0.03,0.8523,99398.82,35044.536
300176.SZ,20230411,6.15,6.23,6.04,6.23,6.11,0.12,1.964,67641.0,41584.323
300177.SZ,20230411,7.32,7.41,7.18,7.33,7.29,0.04,0.5487,107877.31,78850.9
300179.SZ,20230411,10.58,10.67,10.48,10.64,10.62,0.02,0.1883,61590.64,65175.061
300180.SZ,20230411,4.11,4.24,4.06,4.17,4.1,0.07,1.7073,192564.52,80189.966
300181.SZ,20230411,15.0,15.51,14.88,15.2,15.13,0.07,0.4627,180746.26,273823.656
300182.SZ,20230411,6.55,7.77,6.53,7.45,6.53,0.92,14.0888,4536888.84,3303513.967
300183.SZ,20230411,17.62,17.85,17.4,17.63,17.61,0.02,0.1136,62370.97,109890.318
300184.SZ,20230411,5.49,5.62,5.46,5.54,5.51,0.03,0.5445,369048.73,204773.54
300185.SZ,20230411,2.46,2.47,2.43,2.44,2.46,-0.02,-0.813,220804.74,53980.479
300187.SZ,20230411,5.86,5.91,5.82,5.89,5.84,0.05,0.8562,25069.0,14696.696
300188.SZ,20230411,23.81,28.4,23.33,28.4,24.06,4.34,18.0382,1470013.8,3773724.766
300189.SZ,20230411,3.89,3.92,3.86,3.9,3.88,0.02,0.5155,83693.1,32458.755
300190.SZ,20230411,4.17,4.2,4.15,4.19,4.19,0.0,0.0,26984.96,11258.296
300191.SZ,20230411,19.15,19.57,19.15,19.41,19.22,0.19,0.9886,28103.0,54438.216
300192.SZ,20230411,9.25,9.89,9.25,9.56,9.2,0.36,3.913,428013.38,410750.97
300193.SZ,20230411,7.8,7.93,7.73,7.93,7.83,0.1,1.2771,56021.93,44028.301
300194.SZ,20230411,3.93,3.93,3.87,3.92,3.91,0.01,0.2558,213757.21,83444.458
300195.SZ,20230411,5.95,5.99,5.85,5.95,5.99,-0.04,-0.6678,47128.46,27892.876
300196.SZ,20230411,15.83,16.07,15.66,15.73,15.95,-0.22,-1.3793,32354.05,51161.807
300198.SZ,20230411,2.79,2.82,2.77,2.79,2.8,-0.01,-0.3571,71230.79,19865.03
300199.SZ,20230411,11.03,11.07,10.83,10.96,10.96,0.0,0.0,163535.84,178665.682
300200.SZ,20230411,8.81,8.86,8.7,8.86,8.76,0.1,1.1416,83141.6,72940.073
300201.SZ,20230411,3.74,3.81,3.7,3.81,3.74,0.07,1.8717,144823.66,54299.398
300203.SZ,20230411,27.56,28.46,26.94,27.02,27.53,-0.51,-1.8525,60492.04,167421.109
300204.SZ,20230411,12.22,12.38,11.9,12.06,12.41,-0.35,-2.8203,229884.05,278675.227
300205.SZ,20230411,14.15,14.25,13.9,14.15,14.27,-0.12,-0.8409,133819.68,188325.048
300206.SZ,20230411,13.27,13.5,13.21,13.5,13.27,0.23,1.7332,56212.27,75313.982
300207.SZ,20230411,20.0,20.12,19.6,19.89,20.08,-0.19,-0.9462,174447.14,346513.154
300208.SZ,20230411,10.03,10.09,9.85,10.01,10.05,-0.04,-0.398,61536.5,61246.834
300020.SZ,20230411,8.26,8.5,8.24,8.42,8.28,0.14,1.6908,209390.5,175729.608
300021.SZ,20230411,4.65,4.7,4.64,4.7,4.67,0.03,0.6424,58456.01,27299.239
300022.SZ,20230411,4.62,4.65,4.58,4.65,4.6,0.05,1.087,53559.0,24742.225
300024.SZ,20230411,12.06,12.21,11.81,11.96,12.14,-0.18,-1.4827,428040.28,513111.755
300025.SZ,20230411,6.07,6.28,5.94,6.17,6.07,0.1,1.6474,207958.0,127462.483
300026.SZ,20230411,6.2,6.22,6.08,6.15,6.16,-0.01,-0.1623,275713.46,168750.755
300027.SZ,20230411,2.95,3.27,2.94,3.16,2.97,0.19,6.3973,2253878.56,706744.139
300029.SZ,20230411,7.18,7.18,6.73,6.82,7.15,-0.33,-4.6154,38278.0,26383.617
300030.SZ,20230411,7.0,7.07,6.85,6.89,7.0,-0.11,-1.5714,37006.99,25597.107
300031.SZ,20230411,19.58,20.88,19.57,20.09,19.56,0.53,2.7096,282685.05,572480.335
300032.SZ,20230411,5.98,6.14,5.95,6.01,5.98,0.03,0.5017,124360.0,75168.971
300033.SZ,20230411,198.55,203.0,188.0,193.7,193.24,0.46,0.238,183116.51,3551833.868
300034.SZ,20230411,38.45,38.46,37.31,37.71,38.53,-0.82,-2.1282,37649.96,141955.982
300035.SZ,20230411,16.57,16.64,16.33,16.43,16.6,-0.17,-1.0241,90281.14,148572.585
300036.SZ,20230411,23.81,24.37,23.51,23.92,23.82,0.1,0.4198,132543.7,316293.144
300037.SZ,20230411,54.05,55.05,53.55,53.82,54.91,-1.09,-1.9851,74720.74,404971.229
300039.SZ,20230411,7.44,7.48,7.33,7.41,7.41,0.0,0.0,204752.64,151326.755
300040.SZ,20230411,5.95,6.02,5.86,5.9,5.99,-0.09,-1.5025,78647.02,46414.303
300041.SZ,20230411,14.3,14.5,14.21,14.43,14.28,0.15,1.0504,62348.16,89604.222
300042.SZ,20230411,24.52,28.5,24.52,27.79,24.9,2.89,11.6064,245606.5,661192.842
300043.SZ,20230411,3.51,3.7,3.43,3.65,3.49,0.16,4.5845,591794.0,212878.354
300044.SZ,20230411,4.33,4.41,4.27,4.34,4.35,-0.01,-0.2299,365885.67,158701.382
300045.SZ,20230411,9.25,9.35,9.0,9.24,9.25,-0.01,-0.1081,201188.33,184802.911
300046.SZ,20230411,18.88,19.08,18.4,18.97,18.75,0.22,1.1733,104596.5,196811.695
300047.SZ,20230411,8.11,8.41,8.06,8.33,8.14,0.19,2.3342,374692.86,309747.517
300048.SZ,20230411,5.33,5.38,5.28,5.35,5.33,0.02,0.3752,53508.0,28531.185
300049.SZ,20230411,31.85,32.59,30.09,30.75,31.8,-1.05,-3.3019,63689.5,197649.473
300050.SZ,20230411,4.38,4.52,4.32,4.43,4.39,0.04,0.9112,146178.0,64516.025
300051.SZ,20230411,10.93,11.1,10.76,11.01,10.85,0.16,1.4747,58200.96,63986.958
300052.SZ,20230411,21.88,23.78,21.88,22.99,21.9,1.09,4.9772,404619.11,929323.554
300053.SZ,20230411,10.89,11.27,10.8,11.23,11.0,0.23,2.0909,373930.45,414205.829
300054.SZ,20230411,26.25,27.4,26.03,26.39,26.44,-0.05,-0.1891,119456.1,319398.14
300055.SZ,20230411,8.37,8.42,8.28,8.41,8.38,0.03,0.358,26557.26,22211.076
300056.SZ,20230411,7.22,7.22,6.99,7.11,7.17,-0.06,-0.8368,47405.21,33537.825
300057.SZ,20230411,8.19,8.23,8.05,8.09,8.27,-0.18,-2.1765,117421.48,94924.361
300058.SZ,20230411,7.92,8.85,7.92,8.5,7.9,0.6,7.5949,3060023.65,2543562.988
300059.SZ,20230411,21.95,22.3,21.5,21.76,21.78,-0.02,-0.0918,2663732.25,5837061.135
300061.SZ,20230411,7.68,7.96,7.66,7.84,7.7,0.14,1.8182,243342.2,191057.708
300062.SZ,20230411,6.31,6.31,6.14,6.19,6.29,-0.1,-1.5898,79924.4,49380.123
300063.SZ,20230411,4.29,4.54,4.24,4.46,4.29,0.17,3.9627,336230.5,148878.155
300065.SZ,20230411,16.2,16.35,15.31,15.51,15.94,-0.43,-2.6976,325190.11,509826.571
300066.SZ,20230411,5.72,5.76,5.59,5.66,5.73,-0.07,-1.2216,107662.56,60695.956
300121.SZ,20230411,11.37,11.39,11.09,11.15,11.35,-0.2,-1.7621,48656.92,54346.192
300122.SZ,20230411,82.95,84.13,82.2,82.81,82.6,0.21,0.2542,66156.55,547863.223
300123.SZ,20230411,7.77,7.83,7.43,7.48,7.77,-0.29,-3.7323,369405.05,279170.999
300124.SZ,20230411,70.15,70.59,68.88,69.9,69.1,0.8,1.1577,88382.36,618477.789
300125.SZ,20230411,17.5,17.9,17.43,17.71,17.65,0.06,0.3399,58302.0,103297.318
300126.SZ,20230411,6.04,6.08,5.9,5.94,6.05,-0.11,-1.8182,24432.0,14579.604
300127.SZ,20230411,16.66,16.76,16.47,16.73,16.73,0.0,0.0,23616.0,39272.128
300128.SZ,20230411,4.16,4.24,4.1,4.2,4.14,0.06,1.4493,242010.39,101226.403
300129.SZ,20230411,9.07,9.07,8.65,8.77,9.1,-0.33,-3.6264,232670.24,204571.581
300130.SZ,20230411,16.76,17.8,16.76,17.61,16.91,0.7,4.1396,250879.0,438817.842
300131.SZ,20230411,5.86,5.95,5.81,5.87,5.84,0.03,0.5137,272767.4,160119.657
300132.SZ,20230411,6.21,6.28,6.12,6.28,6.19,0.09,1.454,68069.0,42283.988
300133.SZ,20230411,7.45,9.02,7.43,8.58,7.52,1.06,14.0957,1968028.19,1660244.599
300134.SZ,20230411,10.96,11.05,10.6,10.91,10.92,-0.01,-0.0916,202837.9,219769.144
300135.SZ,20230411,2.57,2.58,2.54,2.57,2.56,0.01,0.3906,79759.85,20387.536
300136.SZ,20230411,21.11,21.48,20.73,21.1,21.1,0.0,0.0,221376.65,466576.955
300137.SZ,20230411,6.11,6.12,6.0,6.06,6.1,-0.04,-0.6557,36947.41,22298.105
300138.SZ,20230411,18.2,18.34,17.79,17.99,18.17,-0.18,-0.9906,35650.04,64187.342
300139.SZ,20230411,10.26,10.53,10.09,10.42,10.26,0.16,1.5595,213410.6,220553.975
300140.SZ,20230411,7.46,7.58,7.31,7.36,7.38,-0.02,-0.271,68136.07,50525.15
300141.SZ,20230411,9.11,9.11,8.72,8.75,9.01,-0.26,-2.8857,34533.66,30355.851
300142.SZ,20230411,35.6,36.05,35.38,35.55,35.7,-0.15,-0.4202,103134.36,367472.859
300143.SZ,20230411,10.82,10.9,10.7,10.74,10.79,-0.05,-0.4634,34279.0,36923.622
300144.SZ,20230411,16.92,17.16,16.67,16.75,16.86,-0.11,-0.6524,262356.94,442796.993
300145.SZ,20230411,2.71,2.74,2.69,2.71,2.73,-0.02,-0.7326,205067.3,55534.195
300146.SZ,20230411,23.0,23.39,22.77,22.8,22.88,-0.08,-0.3497,115885.05,265720.146
300147.SZ,20230411,5.58,5.58,5.47,5.53,5.56,-0.03,-0.5396,67778.51,37354.784
300148.SZ,20230411,3.78,4.13,3.74,4.08,3.76,0.32,8.5106,1055339.11,421774.948
300149.SZ,20230411,10.56,10.6,10.33,10.42,10.52,-0.1,-0.9506,57534.0,60034.906
300150.SZ,20230411,4.19,4.3,4.13,4.29,4.18,0.11,2.6316,108231.0,45759.538
300151.SZ,20230411,22.39,22.95,22.23,22.4,22.5,-0.1,-0.4444,69292.62,155976.756
300152.SZ,20230411,3.28,3.28,3.22,3.23,3.26,-0.03,-0.9202,55086.11,17815.158
300153.SZ,20230411,8.18,8.5,8.1,8.22,8.32,-0.1,-1.2019,182551.02,150145.303
300154.SZ,20230411,6.47,6.52,6.36,6.51,6.55,-0.04,-0.6107,69136.0,44500.938
300155.SZ,20230411,5.2,5.32,5.15,5.26,5.19,0.07,1.3487,58354.69,30521.529
300157.SZ,20230411,3.51,3.54,3.48,3.54,3.52,0.02,0.5682,172244.95,60376.118
300158.SZ,20230411,6.44,6.45,6.35,6.43,6.41,0.02,0.312,138709.1,88700.881
300159.SZ,20230411,3.24,3.24,3.16,3.19,3.24,-0.05,-1.5432,161903.0,51664.955
300160.SZ,20230411,6.96,7.05,6.96,7.03,7.0,0.03,0.4286,43119.0,30211.228
300161.SZ,20230411,42.33,44.38,40.0,43.5,42.04,1.46,3.4729,159994.59,677961.209
300162.SZ,20230411,7.7,7.77,7.6,7.7,7.68,0.02,0.2604,73310.0,56293.572
300163.SZ,20230411,3.15,3.18,3.14,3.16,3.15,0.01,0.3175,67094.0,21193.642
300209.SZ,20230411,5.56,5.7,5.44,5.52,5.55,-0.03,-0.5405,121243.0,67176.78
300210.SZ,20230411,2.96,2.97,2.9,2.96,2.97,-0.01,-0.3367,57197.2,16811.056
300211.SZ,20230411,11.1,12.57,11.05,12.3,11.45,0.85,7.4236,272972.96,322727.993
300212.SZ,20230411,40.82,43.55,39.89,43.13,40.77,2.36,5.7886,648213.4,2695882.578
300213.SZ,20230411,6.28,6.42,6.21,6.32,6.3,0.02,0.3175,150371.89,95050.963
300214.SZ,20230411,6.5,6.53,6.4,6.42,6.49,-0.07,-1.0786,23700.69,15247.313
300215.SZ,20230411,5.36,5.4,5.32,5.35,5.38,-0.03,-0.5576,55665.97,29759.094
300217.SZ,20230411,5.99,6.01,5.88,5.92,5.98,-0.06,-1.0033,275727.37,163403.054
300218.SZ,20230411,10.01,10.14,9.99,10.07,10.04,0.03,0.2988,12292.0,12353.695
300219.SZ,20230411,8.33,8.57,8.24,8.42,8.34,0.08,0.9592,144674.74,121439.084
300220.SZ,20230411,11.36,11.84,11.24,11.53,11.35,0.18,1.5859,47859.2,55279.284
300221.SZ,20230411,5.25,5.26,5.09,5.13,5.22,-0.09,-1.7241,88286.4,45393.064
300222.SZ,20230411,7.8,7.82,7.67,7.7,7.82,-0.12,-1.5345,100097.44,77236.054
300223.SZ,20230411,107.0,113.15,106.76,109.12,103.99,5.13,4.9332,337799.93,3709068.197
300224.SZ,20230411,12.81,12.81,12.67,12.75,12.83,-0.08,-0.6235,77240.92,98350.437
300225.SZ,20230411,6.65,6.71,6.49,6.67,6.65,0.02,0.3008,148529.19,98286.432
300226.SZ,20230411,48.1,56.0,48.1,53.48,49.96,3.52,7.0456,223375.51,1171275.437
300227.SZ,20230411,8.19,8.23,8.01,8.11,8.2,-0.09,-1.0976,93617.9,75851.191
300228.SZ,20230411,5.67,5.72,5.6,5.63,5.66,-0.03,-0.53,83157.29,46930.294
300229.SZ,20230411,27.45,28.15,26.9,27.65,26.98,0.67,2.4833,908204.59,2498038.195
300230.SZ,20230411,3.84,3.84,3.76,3.8,3.83,-0.03,-0.7833,94997.94,35919.861
300231.SZ,20230411,9.56,9.95,9.49,9.77,9.49,0.28,2.9505,193059.1,188510.837
300232.SZ,20230411,7.59,7.74,7.53,7.6,7.58,0.02,0.2639,159483.38,121675.234
300233.SZ,20230411,22.24,22.24,21.83,21.99,22.24,-0.25,-1.1241,38348.52,84388.927
300234.SZ,20230411,5.7,5.72,5.59,5.6,5.71,-0.11,-1.9264,58472.0,32962.398
300235.SZ,20230411,15.61,16.29,15.18,15.94,15.45,0.49,3.1715,231340.54,365699.507
300236.SZ,20230411,40.98,41.8,40.31,41.05,41.0,0.05,0.122,79288.48,325393.563
300237.SZ,20230411,2.06,2.08,2.04,2.07,2.06,0.01,0.4854,111217.0,22939.088
300238.SZ,20230411,12.4,12.79,12.36,12.44,12.46,-0.02,-0.1605,42838.19,53657.743
300239.SZ,20230411,6.64,6.67,6.59,6.65,6.64,0.01,0.1506,39401.08,26115.806
300240.SZ,20230411,6.8,6.8,6.66,6.73,6.76,-0.03,-0.4438,31158.78,20863.735
300241.SZ,20230411,5.83,5.85,5.75,5.8,5.81,-0.01,-0.1721,116987.0,67799.455
300242.SZ,20230411,3.85,4.06,3.82,3.99,3.85,0.14,3.6364,223775.0,88829.115
300243.SZ,20230411,8.21,8.28,8.11,8.24,8.19,0.05,0.6105,15490.4,12666.72
300244.SZ,20230411,29.37,29.59,28.88,29.17,29.28,-0.11,-0.3757,71975.46,209896.021
300245.SZ,20230411,9.92,10.19,9.73,10.08,9.85,0.23,2.335,101142.69,101300.065
300246.SZ,20230411,16.3,16.42,16.03,16.15,16.15,0.0,0.0,20362.07,32895.564
300247.SZ,20230411,3.62,3.62,3.54,3.57,3.6,-0.03,-0.8333,74196.0,26498.742
300248.SZ,20230411,13.21,13.8,12.71,13.4,13.15,0.25,1.9011,399673.21,527550.153
300249.SZ,20230411,12.2,12.88,12.08,12.78,12.2,0.58,4.7541,378144.37,474498.73
300250.SZ,20230411,18.55,19.39,18.2,18.88,18.57,0.31,1.6694,164258.3,309366.101
300251.SZ,20230411,9.06,10.1,9.06,9.8,9.15,0.65,7.1038,1056876.9,1023756.254
300338.SZ,20230411,4.49,4.59,4.47,4.51,4.53,-0.02,-0.4415,69297.32,31432.748
300339.SZ,20230411,26.05,26.78,25.81,26.29,25.99,0.3,1.1543,691290.68,1818319.859
300340.SZ,20230411,13.55,13.75,13.45,13.7,13.6,0.1,0.7353,51104.0,69605.214
300341.SZ,20230411,13.4,13.93,13.34,13.76,13.95,-0.19,-1.362,194588.0,265160.517
300342.SZ,20230411,9.65,9.66,9.35,9.45,9.66,-0.21,-2.1739,102550.62,96982.14
300343.SZ,20230411,10.23,10.99,10.21,10.7,10.2,0.5,4.902,962041.7,1030553.225
300344.SZ,20230411,6.43,6.46,6.1,6.26,6.22,0.04,0.6431,273687.24,171046.188
300345.SZ,20230411,8.48,8.49,8.36,8.43,8.43,0.0,0.0,35831.0,30190.209
300346.SZ,20230411,39.01,39.3,38.11,39.1,38.59,0.51,1.3216,262121.83,1016985.853
300347.SZ,20230411,103.0,103.66,98.77,100.68,102.7,-2.02,-1.9669,70611.29,710331.75
300348.SZ,20230411,13.59,14.27,13.42,13.77,13.7,0.07,0.5109,350622.58,483227.136
300349.SZ,20230411,12.12,12.24,12.0,12.23,12.12,0.11,0.9076,22091.0,26781.112
300350.SZ,20230411,4.95,4.97,4.79,4.83,4.96,-0.13,-2.621,129792.06,62830.677
300351.SZ,20230411,14.19,14.19,13.66,13.79,14.2,-0.41,-2.8873,71935.17,99278.415
300352.SZ,20230411,5.68,5.92,5.63,5.88,5.69,0.19,3.3392,674440.8,391857.767
300353.SZ,20230411,13.84,14.14,13.61,13.79,13.77,0.02,0.1452,270720.98,375634.2
300354.SZ,20230411,45.6,46.11,44.3,44.65,45.98,-1.33,-2.8926,6669.0,29917.851
300529.SZ,20230411,31.9,32.5,31.82,32.11,31.92,0.19,0.5952,44607.9,143141.031
300530.SZ,20230411,24.09,24.18,23.47,23.58,24.04,-0.46,-1.9135,3226.0,7632.512
300531.SZ,20230411,15.43,15.96,15.23,15.69,15.39,0.3,1.9493,84076.33,131515.867
300532.SZ,20230411,17.57,18.09,17.48,17.89,17.64,0.25,1.4172,51726.73,92280.17
300533.SZ,20230411,38.57,47.09,38.17,45.7,39.24,6.46,16.4628,164846.5,724111.487
300534.SZ,20230411,9.45,9.46,9.28,9.39,9.41,-0.02,-0.2125,71461.5,66895.883
300535.SZ,20230411,13.44,13.53,13.24,13.35,13.47,-0.12,-0.8909,8724.02,11652.771
300536.SZ,20230411,12.32,13.55,12.32,13.55,12.32,1.23,9.9838,109983.56,143947.002
300537.SZ,20230411,16.02,16.14,15.45,15.7,16.1,-0.4,-2.4845,87783.07,138033.213
300538.SZ,20230411,15.8,16.4,15.8,16.17,16.17,0.0,0.0,49311.13,79689.735
300539.SZ,20230411,12.27,12.59,12.27,12.45,12.31,0.14,1.1373,18752.0,23261.527
300540.SZ,20230411,19.46,19.68,19.31,19.46,19.37,0.09,0.4646,10776.18,21000.44
300541.SZ,20230411,13.94,14.65,13.93,14.41,13.99,0.42,3.0021,156884.25,224994.196
300542.SZ,20230411,14.1,14.33,13.91,14.19,14.09,0.1,0.7097,71561.13,101190.5
300543.SZ,20230411,9.7,9.9,9.6,9.67,9.72,-0.05,-0.5144,38853.31,37768.147
300545.SZ,20230411,20.96,21.49,20.94,21.04,20.95,0.09,0.4296,30634.0,64812.702
300546.SZ,20230411,25.22,25.8,25.19,25.58,25.35,0.23,0.9073,36199.64,92491.991
300547.SZ,20230411,15.68,15.77,15.35,15.59,15.68,-0.09,-0.574,20007.14,31104.229
300548.SZ,20230411,37.02,41.7,36.28,41.51,36.53,4.98,13.6326,311732.51,1218194.471
300549.SZ,20230411,13.31,13.36,13.03,13.15,13.32,-0.17,-1.2763,8370.0,11001.614
300550.SZ,20230411,17.5,17.79,17.1,17.36,17.57,-0.21,-1.1952,25923.89,45068.204
300551.SZ,20230411,17.5,17.76,16.86,17.08,17.31,-0.23,-1.3287,257995.31,446695.497
300552.SZ,20230411,23.11,23.86,23.0,23.69,23.13,0.56,2.4211,41039.21,96554.173
300553.SZ,20230411,59.45,61.35,58.12,58.65,59.75,-1.1,-1.841,6113.0,36003.13
300554.SZ,20230411,19.93,20.55,19.88,20.26,20.1,0.16,0.796,34284.99,69438.984
300598.SZ,20230411,56.5,57.2,54.96,56.77,56.42,0.35,0.6203,71062.41,399426.241
300599.SZ,20230411,7.38,7.46,7.31,7.42,7.36,0.06,0.8152,16983.65,12539.951
300600.SZ,20230411,9.63,9.66,9.2,9.25,9.8,-0.55,-5.6122,143086.55,133256.131
300601.SZ,20230411,33.74,33.85,32.93,33.19,33.59,-0.4,-1.1908,64989.65,216200.154
300602.SZ,20230411,18.34,18.55,18.18,18.25,18.53,-0.28,-1.5111,40097.64,73502.181
300603.SZ,20230411,13.45,13.6,13.21,13.44,13.21,0.23,1.7411,161712.45,216723.902
300604.SZ,20230411,53.33,55.66,53.33,54.31,52.9,1.41,2.6654,210982.62,1150968.881
300605.SZ,20230411,16.29,16.75,16.13,16.52,16.23,0.29,1.7868,67302.96,110734.346
300606.SZ,20230411,14.84,14.89,14.43,14.56,14.92,-0.36,-2.4129,35964.21,52398.122
300607.SZ,20230411,16.39,16.45,15.88,16.02,16.37,-0.35,-2.1381,80498.8,129405.502
300608.SZ,20230411,10.93,11.2,10.68,11.12,10.9,0.22,2.0183,80140.16,88121.75
300609.SZ,20230411,19.28,20.45,19.28,19.96,19.38,0.58,2.9928,68162.28,136028.24
300610.SZ,20230411,11.9,12.18,11.5,11.68,12.44,-0.76,-6.1093,65845.89,77171.364
300611.SZ,20230411,8.46,8.5,8.32,8.4,8.47,-0.07,-0.8264,22531.0,18848.93
300612.SZ,20230411,24.71,25.86,24.5,25.61,24.81,0.8,3.2245,179556.75,454410.006
300613.SZ,20230411,78.0,82.62,78.0,79.11,78.87,0.24,0.3043,104372.07,834550.566
300614.SZ,20230411,25.02,25.09,24.46,24.8,24.85,-0.05,-0.2012,10848.14,26782.942
300615.SZ,20230411,14.35,14.53,13.95,14.04,14.35,-0.31,-2.1603,25341.0,35737.765
300616.SZ,20230411,23.86,24.26,23.61,23.79,23.86,-0.07,-0.2934,25239.58,60306.11
300617.SZ,20230411,35.59,35.7,35.34,35.4,35.62,-0.22,-0.6176,4791.67,16976.362
300618.SZ,20230411,42.0,42.59,41.51,42.55,42.06,0.49,1.165,32598.5,137521.6
300619.SZ,20230411,60.4,60.7,58.85,59.28,60.23,-0.95,-1.5773,4827.55,28670.632
300620.SZ,20230411,55.1,56.12,51.9,53.31,55.01,-1.7,-3.0903,92435.14,495026.15
300621.SZ,20230411,9.5,9.58,9.27,9.51,9.43,0.08,0.8484,29213.5,27611.002
300622.SZ,20230411,21.29,21.86,21.29,21.69,21.37,0.32,1.4974,10851.26,23440.865
300623.SZ,20230411,24.14,24.3,23.67,23.87,23.86,0.01,0.0419,149904.67,359146.75
300624.SZ,20230411,70.73,77.48,70.69,74.6,70.7,3.9,5.5163,152527.39,1136365.972
300625.SZ,20230411,12.2,12.32,12.06,12.17,12.17,0.0,0.0,13407.0,16309.402
300626.SZ,20230411,8.46,8.49,8.33,8.41,8.44,-0.03,-0.3555,11172.2,9375.702
300627.SZ,20230411,27.85,27.93,27.33,27.9,27.65,0.25,0.9042,50745.48,140224.446
300628.SZ,20230411,69.38,69.94,68.67,68.99,69.36,-0.37,-0.5334,35129.61,242869.043
300629.SZ,20230411,25.1,25.39,24.45,24.61,25.35,-0.74,-2.9191,54683.13,135533.406
300630.SZ,20230411,29.46,29.8,28.58,29.08,29.46,-0.38,-1.2899,70407.32,204307.963
300631.SZ,20230411,34.0,34.0,33.21,33.84,33.67,0.17,0.5049,26083.17,87661.388
300632.SZ,20230411,12.72,12.77,12.46,12.59,12.67,-0.08,-0.6314,35219.02,44302.122
300633.SZ,20230411,57.8,57.82,55.33,56.06,57.61,-1.55,-2.6905,32180.6,180632.405
300634.SZ,20230411,24.46,25.64,24.46,25.09,24.45,0.64,2.6176,191660.82,483171.342
300635.SZ,20230411,12.9,12.99,12.74,12.88,12.96,-0.08,-0.6173,14332.22,18398.037
300636.SZ,20230411,13.35,13.44,13.18,13.28,13.33,-0.05,-0.3751,28432.34,37750.485
300637.SZ,20230411,8.16,8.2,7.96,8.03,8.1,-0.07,-0.8642,48432.1,38999.495
300638.SZ,20230411,25.14,25.62,24.62,24.95,25.3,-0.35,-1.3834,167400.36,419907.614
300639.SZ,20230411,17.55,17.63,17.25,17.28,17.6,-0.32,-1.8182,54052.39,93923.122
300683.SZ,20230411,38.31,38.69,38.23,38.38,38.45,-0.07,-0.1821,3894.0,14953.184
300684.SZ,20230411,18.44,18.69,18.13,18.3,18.38,-0.08,-0.4353,62024.08,113777.256
300685.SZ,20230411,28.02,29.32,27.88,28.77,27.88,0.89,3.1923,35418.51,102014.261
300686.SZ,20230411,11.61,11.68,11.38,11.43,11.61,-0.18,-1.5504,30592.0,35112.1
300687.SZ,20230411,35.24,35.92,34.8,35.15,35.23,-0.08,-0.2271,84448.78,299310.451
300688.SZ,20230411,27.66,28.48,27.21,27.85,27.48,0.37,1.3464,227795.32,635361.13
300689.SZ,20230411,21.59,21.59,20.88,20.95,21.48,-0.53,-2.4674,24765.54,52369.797
300690.SZ,20230411,18.22,18.25,17.8,17.99,18.56,-0.57,-3.0711,77567.5,139317.74
300691.SZ,20230411,16.68,17.09,16.52,17.04,16.89,0.15,0.8881,87200.41,146946.577
300692.SZ,20230411,6.79,6.86,6.74,6.85,6.78,0.07,1.0324,29993.4,20387.057
300693.SZ,20230411,55.56,56.55,53.8,54.8,56.1,-1.3,-2.3173,111184.02,610066.96
300694.SZ,20230411,9.79,9.85,9.67,9.73,9.82,-0.09,-0.9165,28511.0,27804.547
300695.SZ,20230411,44.4,44.82,44.22,44.38,44.65,-0.27,-0.6047,1340.0,5953.066
300696.SZ,20230411,27.55,27.59,26.86,27.08,27.61,-0.53,-1.9196,32096.17,87082.212
300697.SZ,20230411,10.11,10.11,9.9,10.07,10.12,-0.05,-0.4941,17356.16,17313.668
300698.SZ,20230411,26.87,27.02,26.54,26.8,26.85,-0.05,-0.1862,14804.0,39670.669
300699.SZ,20230411,53.81,54.78,53.35,53.93,53.81,0.12,0.223,52652.7,283707.81
300700.SZ,20230411,16.43,16.56,16.15,16.29,16.47,-0.18,-1.0929,46869.59,76351.063
300701.SZ,20230411,9.82,10.08,9.77,9.96,9.89,0.07,0.7078,43751.87,43444.476
300702.SZ,20230411,24.48,24.58,24.09,24.36,24.48,-0.12,-0.4902,14516.79,35338.595
300703.SZ,20230411,10.28,10.37,10.18,10.31,10.23,0.08,0.782,19696.5,20266.683
300705.SZ,20230411,27.03,27.59,26.15,26.62,27.16,-0.54,-1.9882,30643.35,81728.567
300706.SZ,20230411,30.58,31.07,30.0,31.04,30.5,0.54,1.7705,70962.4,216945.325
300707.SZ,20230411,15.54,15.54,15.05,15.18,15.45,-0.27,-1.7476,31625.0,48046.386
300708.SZ,20230411,11.71,11.96,11.57,11.96,11.78,0.18,1.528,233478.2,274390.508
300709.SZ,20230411,27.4,27.5,26.46,27.1,26.97,0.13,0.482,93094.45,250861.246
300710.SZ,20230411,28.99,28.99,27.96,28.3,28.91,-0.61,-2.11,29630.99,83814.506
300711.SZ,20230411,13.9,14.17,13.81,13.94,13.94,0.0,0.0,33095.0,46275.24
300712.SZ,20230411,40.67,41.06,39.91,40.09,40.8,-0.71,-1.7402,27507.23,110792.507
300713.SZ,20230411,16.78,16.83,16.11,16.12,17.0,-0.88,-5.1765,54068.4,88189.537
300715.SZ,20230411,14.32,14.59,14.13,14.28,14.43,-0.15,-1.0395,18421.24,26393.267
300716.SZ,20230411,16.28,18.43,15.94,18.39,16.22,2.17,13.3785,134011.3,232157.528
300717.SZ,20230411,14.82,14.91,14.74,14.83,14.82,0.01,0.0675,7877.0,11673.37
300718.SZ,20230411,17.59,17.87,17.49,17.74,17.69,0.05,0.2826,19415.27,34199.218
300719.SZ,20230411,11.9,12.01,11.78,11.92,11.92,0.0,0.0,26438.0,31475.261
300720.SZ,20230411,12.18,12.3,12.0,12.06,12.18,-0.12,-0.9852,8475.3,10228.468
300721.SZ,20230411,19.63,19.63,18.81,19.0,19.64,-0.64,-3.2587,51904.6,98967.376
300722.SZ,20230411,28.75,28.9,28.39,28.62,28.79,-0.17,-0.5905,14696.34,42004.342
300723.SZ,20230411,47.08,47.82,45.4,45.67,47.56,-1.89,-3.9739,13709.15,63308.181
300724.SZ,20230411,118.5,119.73,115.0,117.01,119.16,-2.15,-1.8043,54826.03,640246.019
300725.SZ,20230411,72.68,73.95,72.24,73.8,73.03,0.77,1.0544,37713.93,275737.864
300726.SZ,20230411,47.34,47.68,46.79,47.32,47.59,-0.27,-0.5673,29576.8,139572.267
300774.SZ,20230411,12.5,12.67,12.4,12.67,12.52,0.15,1.1981,34953.7,43926.704
300775.SZ,20230411,34.8,34.82,34.36,34.81,34.86,-0.05,-0.1434,39695.08,137194.397
300776.SZ,20230411,110.46,111.55,108.08,108.82,110.97,-2.15,-1.9375,26896.94,294316.248
300777.SZ,20230411,52.99,53.1,52.13,52.4,52.67,-0.27,-0.5126,29860.48,157015.68
300778.SZ,20230411,18.34,18.58,18.12,18.44,18.35,0.09,0.4905,41467.79,76192.511
300779.SZ,20230411,39.31,39.78,38.7,39.27,39.88,-0.61,-1.5296,15478.23,60344.474
300780.SZ,20230411,16.44,16.46,16.07,16.33,16.47,-0.14,-0.85,28272.0,45986.588
300781.SZ,20230411,27.0,28.45,26.83,27.6,26.9,0.7,2.6022,40487.58,112047.411
300782.SZ,20230411,131.7,133.4,128.18,130.83,131.46,-0.63,-0.4792,86108.9,1127167.967
300783.SZ,20230411,19.22,19.29,19.1,19.16,19.22,-0.06,-0.3122,25178.72,48307.67
300785.SZ,20230411,46.11,48.44,46.1,46.85,46.43,0.42,0.9046,61628.95,291431.56
300786.SZ,20230411,18.21,18.36,17.98,18.28,18.13,0.15,0.8274,25228.68,45854.803
300787.SZ,20230411,33.91,34.69,33.42,34.66,33.1,1.56,4.713,63643.1,217808.437
300788.SZ,20230411,26.5,30.5,26.45,29.85,26.91,2.94,10.9253,102843.88,297060.324
300789.SZ,20230411,31.81,31.81,29.28,30.24,31.44,-1.2,-3.8168,57956.87,172879.539
300790.SZ,20230411,17.67,18.2,17.0,17.87,18.16,-0.29,-1.5969,99606.79,174801.182
300791.SZ,20230411,35.61,35.97,34.71,35.06,35.75,-0.69,-1.9301,13023.68,45618.839
300792.SZ,20230411,33.61,35.52,33.09,35.09,33.42,1.67,4.997,113011.06,393266.29
300793.SZ,20230411,18.84,19.42,18.47,18.99,19.52,-0.53,-2.7152,215107.63,406773.604
300795.SZ,20230411,58.27,58.95,56.81,57.8,58.27,-0.47,-0.8066,6516.57,37579.127
300796.SZ,20230411,13.03,13.2,12.88,13.18,13.18,0.0,0.0,68016.0,88576.715
300797.SZ,20230411,17.61,17.65,17.18,17.48,17.59,-0.11,-0.6254,22281.07,38753.325
300798.SZ,20230411,6.42,6.42,6.22,6.3,6.36,-0.06,-0.9434,21290.0,13345.967
300799.SZ,20230411,184.76,186.49,176.2,180.5,182.65,-2.15,-1.1771,14965.66,269501.721
300800.SZ,20230411,13.31,13.4,13.13,13.2,13.25,-0.05,-0.3774,11824.5,15607.094
300801.SZ,20230411,17.87,18.05,17.72,17.97,17.84,0.13,0.7287,15993.92,28658.96
300802.SZ,20230411,24.5,24.5,23.62,23.82,24.5,-0.68,-2.7755,71138.2,170362.854
300803.SZ,20230411,55.37,56.5,54.33,55.18,54.91,0.27,0.4917,105380.91,583367.747
300805.SZ,20230411,8.22,8.87,8.13,8.7,8.16,0.54,6.6176,129360.84,111257.472
300806.SZ,20230411,26.03,26.18,24.8,24.96,26.01,-1.05,-4.0369,30280.0,76050.223
300807.SZ,20230411,25.19,26.21,25.19,25.87,25.71,0.16,0.6223,12906.0,33250.738
300808.SZ,20230411,13.64,13.84,13.45,13.57,13.64,-0.07,-0.5132,6932.0,9403.316
300809.SZ,20230411,24.1,24.29,23.54,23.74,24.37,-0.63,-2.5851,63223.72,150688.024
300810.SZ,20230411,20.48,20.73,20.2,20.6,20.48,0.12,0.5859,14561.0,29817.123
300811.SZ,20230411,93.88,95.29,90.57,92.5,92.15,0.35,0.3798,12812.3,118482.585
300812.SZ,20230411,22.5,22.97,22.01,22.62,22.5,0.12,0.5333,47935.76,108140.893
300813.SZ,20230411,44.4,44.6,43.0,43.65,44.09,-0.44,-0.998,22615.8,98773.827
300814.SZ,20230411,22.15,22.51,21.73,22.15,22.4,-0.25,-1.1161,34803.81,77068.134
300815.SZ,20230411,17.22,17.33,17.05,17.31,17.23,0.08,0.4643,20232.0,34705.195
300816.SZ,20230411,30.12,30.48,29.18,29.28,30.17,-0.89,-2.95,15371.8,45533.927
300817.SZ,20230411,16.8,16.8,16.34,16.4,16.8,-0.4,-2.381,10309.56,16942.135
300818.SZ,20230411,23.6,23.6,23.18,23.27,23.6,-0.33,-1.3983,8957.5,20897.734
300861.SZ,20230411,48.51,50.05,48.48,49.14,49.36,-0.22,-0.4457,63301.78,310923.376
300862.SZ,20230411,27.28,27.31,26.18,26.75,27.08,-0.33,-1.2186,18933.44,50470.949
300863.SZ,20230411,85.74,86.57,84.81,85.49,85.74,-0.25,-0.2916,3950.2,33728.597
300864.SZ,20230411,21.99,22.1,21.61,21.84,21.88,-0.04,-0.1828,10179.81,22255.215
300865.SZ,20230411,19.54,19.88,19.43,19.43,19.66,-0.23,-1.1699,5020.0,9829.149
300866.SZ,20230411,70.6,71.79,69.5,70.56,70.74,-0.18,-0.2545,36850.98,259801.39
300867.SZ,20230411,19.02,19.22,18.91,19.2,19.08,0.12,0.6289,23598.0,44967.656
300868.SZ,20230411,17.74,17.88,17.32,17.47,17.75,-0.28,-1.5775,12818.95,22494.285
300869.SZ,20230411,24.4,24.48,24.04,24.22,24.32,-0.1,-0.4112,24855.34,60185.629
300870.SZ,20230411,71.65,71.97,66.44,70.54,72.01,-1.47,-2.0414,43242.39,299549.465
300871.SZ,20230411,19.13,19.28,19.0,19.06,19.17,-0.11,-0.5738,11714.65,22374.821
300872.SZ,20230411,15.32,15.64,15.18,15.53,15.3,0.23,1.5033,108171.89,166907.722
300873.SZ,20230411,30.15,30.47,29.31,29.76,30.13,-0.37,-1.228,9037.17,26861.26
300875.SZ,20230411,38.3,38.3,37.18,38.13,38.32,-0.19,-0.4958,16142.64,60772.685
300876.SZ,20230411,26.08,26.08,25.48,25.69,26.03,-0.34,-1.3062,4706.5,12101.404
300877.SZ,20230411,16.16,16.16,15.88,16.04,16.16,-0.12,-0.7426,8988.0,14368.249
300878.SZ,20230411,25.44,25.63,25.05,25.44,25.3,0.14,0.5534,12573.96,31797.08
300879.SZ,20230411,18.06,18.09,17.61,17.73,18.07,-0.34,-1.8816,12992.33,23141.301
300880.SZ,20230411,17.08,17.16,16.85,16.97,17.08,-0.11,-0.644,10406.76,17637.201
300881.SZ,20230411,33.72,33.75,32.56,33.35,33.27,0.08,0.2405,14956.88,49371.415
300882.SZ,20230411,18.13,18.37,17.86,17.97,18.2,-0.23,-1.2637,14872.12,26829.899
300883.SZ,20230411,6.06,6.09,6.02,6.07,6.04,0.03,0.4967,26589.93,16116.308
300884.SZ,20230411,14.8,15.2,14.5,15.04,14.85,0.19,1.2795,98093.12,145686.429
300885.SZ,20230411,9.13,9.13,9.01,9.07,9.05,0.02,0.221,7743.12,7017.89
300886.SZ,20230411,23.23,23.4,23.01,23.26,23.23,0.03,0.1291,7005.0,16262.782
300887.SZ,20230411,37.0,37.31,36.5,36.98,37.17,-0.19,-0.5112,11910.02,43791.335
300888.SZ,20230411,65.04,65.48,64.68,64.89,65.3,-0.41,-0.6279,10601.49,68880.023
300889.SZ,20230411,16.3,16.4,15.69,15.88,16.42,-0.54,-3.2887,39271.06,62423.316
300890.SZ,20230411,41.1,41.1,40.34,40.48,41.3,-0.82,-1.9855,20594.4,83559.05
300891.SZ,20230411,10.74,10.82,10.58,10.79,10.64,0.15,1.4098,21793.11,23315.126
300892.SZ,20230411,24.11,24.22,23.5,23.69,24.06,-0.37,-1.5378,8659.41,20616.852
300893.SZ,20230411,23.29,23.6,23.11,23.41,23.29,0.12,0.5152,5570.33,13009.832
300894.SZ,20230411,30.8,32.1,30.57,31.4,30.95,0.45,1.454,26761.55,84282.206
300895.SZ,20230411,41.4,42.69,40.41,42.66,41.4,1.26,3.0435,78953.18,331935.785
300896.SZ,20230411,572.34,595.08,564.0,569.31,574.5,-5.19,-0.9034,13406.05,775092.287
300897.SZ,20230411,29.86,29.87,29.28,29.35,29.96,-0.61,-2.036,2011.0,5936.715
300898.SZ,20230411,19.23,19.24,18.87,19.03,19.23,-0.2,-1.04,16630.0,31666.642
300899.SZ,20230411,22.21,22.29,22.04,22.18,22.24,-0.06,-0.2698,5331.0,11813.218
300900.SZ,20230411,32.19,32.19,31.5,31.65,32.26,-0.61,-1.8909,21337.54,67769.914
300901.SZ,20230411,9.22,9.22,9.1,9.15,9.19,-0.04,-0.4353,14161.0,12953.928
300902.SZ,20230411,35.77,35.77,34.9,35.07,35.66,-0.59,-1.6545,11052.5,38952.593
300903.SZ,20230411,12.57,13.05,12.55,12.76,12.58,0.18,1.4308,102532.84,130969.558
300819.SZ,20230411,13.5,13.58,13.37,13.57,13.47,0.1,0.7424,5181.0,6985.754
300820.SZ,20230411,111.88,114.0,107.4,108.88,112.31,-3.43,-3.054,51046.9,560329.569
300821.SZ,20230411,12.31,12.93,12.22,12.78,12.36,0.42,3.3981,148503.61,187791.609
300822.SZ,20230411,17.18,17.44,17.0,17.09,17.11,-0.02,-0.1169,12783.0,21968.672
300823.SZ,20230411,17.38,17.41,17.0,17.1,17.41,-0.31,-1.7806,10558.0,18101.844
300824.SZ,20230411,9.65,9.78,9.54,9.76,9.63,0.13,1.3499,24357.31,23665.832
300825.SZ,20230411,12.86,13.0,12.61,12.79,12.93,-0.14,-1.0828,52556.21,67216.757
300826.SZ,20230411,14.28,14.29,13.83,13.85,14.33,-0.48,-3.3496,52548.67,73388.282
300827.SZ,20230411,56.98,57.12,55.55,56.01,56.97,-0.96,-1.6851,60180.75,337816.487
300828.SZ,20230411,14.02,14.09,13.79,13.91,13.97,-0.06,-0.4295,10213.5,14155.556
300829.SZ,20230411,23.91,24.28,23.78,24.05,23.91,0.14,0.5855,18875.51,45337.198
300830.SZ,20230411,9.9,10.12,9.82,9.94,9.89,0.05,0.5056,99626.0,99439.77
300831.SZ,20230411,15.15,15.35,14.88,14.96,15.15,-0.19,-1.2541,77882.0,117396.069
300832.SZ,20230411,60.78,61.85,58.81,59.26,60.5,-1.24,-2.0496,29502.14,176551.937
300833.SZ,20230411,109.35,113.4,107.41,112.5,109.35,3.15,2.8807,4337.1,48183.243
300834.SZ,20230411,26.31,26.33,26.08,26.21,26.36,-0.15,-0.569,4390.51,11487.413
300835.SZ,20230411,35.0,35.33,34.45,34.94,35.15,-0.21,-0.5974,25511.5,88760.12
300836.SZ,20230411,24.9,25.1,24.01,24.09,24.74,-0.65,-2.6273,9014.84,22038.142
300837.SZ,20230411,44.88,46.19,44.26,45.2,44.78,0.42,0.9379,4959.53,22427.414
300838.SZ,20230411,17.09,17.19,16.83,16.92,17.08,-0.16,-0.9368,11332.0,19204.874
300839.SZ,20230411,17.84,18.01,17.51,17.96,17.7,0.26,1.4689,20586.77,36663.368
300840.SZ,20230411,11.14,11.56,11.03,11.16,11.3,-0.14,-1.2389,89608.04,100459.509
300841.SZ,20230411,97.64,98.86,96.6,97.24,97.64,-0.4,-0.4097,10342.52,101004.431
300842.SZ,20230411,56.77,57.29,55.52,55.81,57.19,-1.38,-2.413,22228.96,125117.133
300843.SZ,20230411,21.47,21.78,21.1,21.2,21.53,-0.33,-1.5327,12882.0,27565.316
300844.SZ,20230411,26.8,26.93,26.4,26.48,26.8,-0.32,-1.194,7643.36,20295.583
300845.SZ,20230411,23.34,23.44,22.71,23.06,22.87,0.19,0.8308,24752.43,57110.789
300846.SZ,20230411,18.95,22.18,18.95,21.05,18.73,2.32,12.3865,1005040.55,2089230.481
300847.SZ,20230411,15.63,15.65,15.2,15.33,15.56,-0.23,-1.4781,55008.02,84199.39
300848.SZ,20230411,36.15,36.39,35.21,35.5,36.15,-0.65,-1.7981,15335.8,54516.547
300849.SZ,20230411,11.65,11.65,11.26,11.34,11.52,-0.18,-1.5625,7703.5,8747.837
300850.SZ,20230411,45.84,46.12,45.4,45.49,45.99,-0.5,-1.0872,40802.23,186282.714
300851.SZ,20230411,25.12,25.42,24.73,25.12,25.43,-0.31,-1.219,3109.0,7774.98
300852.SZ,20230411,40.21,41.3,39.78,40.1,39.96,0.14,0.3504,13658.8,55178.477
300853.SZ,20230411,28.57,28.6,27.84,28.0,28.6,-0.6,-2.0979,10423.8,29311.392
300854.SZ,20230411,15.92,16.15,15.56,15.74,15.9,-0.16,-1.0063,6349.0,9974.491
300855.SZ,20230411,43.84,44.18,43.01,43.85,44.0,-0.15,-0.3409,17110.04,74502.605
300856.SZ,20230411,53.96,55.28,53.23,55.25,52.93,2.32,4.3831,27855.65,151006.756
300857.SZ,20230411,26.42,27.82,25.78,27.82,26.69,1.13,4.2338,107061.92,290653.452
300858.SZ,20230411,35.82,35.97,34.3,34.7,35.92,-1.22,-3.3964,14589.0,50907.265
300859.SZ,20230411,36.68,39.46,36.12,36.2,36.68,-0.48,-1.3086,141211.84,530398.312
300860.SZ,20230411,57.7,59.9,57.26,59.05,57.7,1.35,2.3397,14080.4,82817.943
300905.SZ,20230411,18.2,18.27,17.63,17.9,18.14,-0.24,-1.323,16092.68,28641.423
300906.SZ,20230411,23.32,23.34,22.75,23.21,23.38,-0.17,-0.7271,4833.57,11142.299
300907.SZ,20230411,19.29,19.29,18.88,18.9,19.38,-0.48,-2.4768,7215.79,13688.623
300908.SZ,20230411,44.3,44.57,43.3,43.96,44.6,-0.64,-1.435,20597.03,90180.04
300909.SZ,20230411,34.33,34.86,33.73,34.85,34.28,0.57,1.6628,19341.45,66664.727
300910.SZ,20230411,112.92,113.88,109.35,111.0,113.88,-2.88,-2.529,15335.44,169746.542
300911.SZ,20230411,44.65,46.39,44.51,45.57,44.68,0.89,1.9919,28928.91,131491.283
300912.SZ,20230411,21.28,21.86,20.95,21.35,21.44,-0.09,-0.4198,70810.98,151230.551
300913.SZ,20230411,34.18,39.5,32.72,37.65,34.18,3.47,10.1521,195464.12,703634.457
300915.SZ,20230411,42.67,42.85,41.72,42.11,42.65,-0.54,-1.2661,4016.5,16868.842
300916.SZ,20230411,42.11,42.31,41.26,41.42,42.1,-0.68,-1.6152,9460.74,39392.689
300917.SZ,20230411,23.81,24.59,23.54,24.44,24.0,0.44,1.8333,48387.7,117405.198
300918.SZ,20230411,11.5,11.73,11.42,11.65,11.48,0.17,1.4808,37012.12,42935.491
300919.SZ,20230411,67.51,67.95,66.9,67.65,67.6,0.05,0.074,26109.12,176069.724
300920.SZ,20230411,17.25,17.29,16.91,16.97,17.25,-0.28,-1.6232,6868.87,11697.576
300921.SZ,20230411,23.3,24.03,23.26,23.72,23.44,0.28,1.1945,36712.0,86764.981
300922.SZ,20230411,17.15,17.5,17.02,17.47,17.38,0.09,0.5178,30319.02,52348.328
300923.SZ,20230411,22.02,22.31,21.86,21.91,22.02,-0.11,-0.4995,3615.97,7941.621
300925.SZ,20230411,15.76,16.02,15.39,15.68,15.77,-0.09,-0.5707,129494.98,203040.321
300926.SZ,20230411,31.94,32.25,31.07,31.41,32.37,-0.96,-2.9657,39515.21,124199.018
300927.SZ,20230411,16.43,16.43,16.13,16.35,16.38,-0.03,-0.1832,10348.8,16821.052
300928.SZ,20230411,37.16,37.19,36.41,36.77,37.19,-0.42,-1.1293,9312.0,34164.184
300929.SZ,20230411,11.75,11.75,11.59,11.67,11.69,-0.02,-0.1711,11830.6,13758.185
300930.SZ,20230411,26.94,27.29,26.25,26.7,26.94,-0.24,-0.8909,6794.87,18082.217
300931.SZ,20230411,7.5,7.55,7.28,7.32,7.55,-0.23,-3.0464,35703.56,26233.724
300932.SZ,20230411,15.95,15.96,15.58,15.62,15.92,-0.3,-1.8844,12110.82,19015.867
300933.SZ,20230411,7.75,7.76,7.63,7.7,7.72,-0.02,-0.2591,14808.07,11388.408
300935.SZ,20230411,35.45,36.9,34.89,36.82,35.45,1.37,3.8646,29945.81,108291.805
300936.SZ,20230411,32.9,32.99,31.98,32.26,32.6,-0.34,-1.0429,11853.0,38347.537
300937.SZ,20230411,29.7,29.7,28.81,29.25,29.59,-0.34,-1.149,15598.65,45505.488
300938.SZ,20230411,37.86,37.86,36.35,37.2,37.62,-0.42,-1.1164,12667.0,46794.012
300939.SZ,20230411,33.49,33.63,32.92,33.07,33.33,-0.26,-0.7801,16973.31,56374.191
300940.SZ,20230411,19.4,19.48,18.83,19.06,19.33,-0.27,-1.3968,20643.8,39330.329
300941.SZ,20230411,23.51,24.35,23.47,24.0,23.67,0.33,1.3942,41042.38,98562.362
300942.SZ,20230411,16.26,16.38,16.2,16.27,16.35,-0.08,-0.4893,15734.01,25584.699
300943.SZ,20230411,14.59,14.74,14.27,14.48,14.56,-0.08,-0.5495,40546.0,58620.147
300945.SZ,20230411,14.8,15.16,14.63,15.04,14.81,0.23,1.553,48203.47,72093.482
300946.SZ,20230411,31.8,31.98,31.21,31.31,31.91,-0.6,-1.8803,6686.6,20996.155
300947.SZ,20230411,14.82,15.22,14.58,15.18,14.87,0.31,2.0847,39875.43,59982.286
300948.SZ,20230411,13.9,14.25,13.89,14.1,13.88,0.22,1.585,16142.41,22709.453
300949.SZ,20230411,35.95,36.73,35.4,36.54,35.69,0.85,2.3816,7552.82,27390.136
300950.SZ,20230411,19.13,19.5,18.96,19.12,19.23,-0.11,-0.572,23770.47,45583.176
301039.SZ,20230411,11.16,12.04,10.45,11.87,10.77,1.1,10.2136,568225.54,629400.834
301040.SZ,20230411,21.9,21.91,21.33,21.6,21.94,-0.34,-1.5497,18248.99,39329.719
301041.SZ,20230411,24.07,24.3,23.54,24.02,23.95,0.07,0.2923,45018.44,107781.216
301042.SZ,20230411,42.82,42.89,40.31,41.14,43.43,-2.29,-5.2729,31345.57,129265.236
301043.SZ,20230411,25.18,25.23,24.84,25.01,25.18,-0.17,-0.6751,2573.0,6429.38
301045.SZ,20230411,20.0,20.18,19.53,19.55,20.24,-0.69,-3.4091,10356.06,20393.345
301046.SZ,20230411,34.3,34.3,33.0,33.33,34.46,-1.13,-3.2792,31141.02,104068.255
301047.SZ,20230411,108.8,108.8,106.81,107.56,108.38,-0.82,-0.7566,4764.02,51233.266
301048.SZ,20230411,9.72,9.72,9.55,9.65,9.73,-0.08,-0.8222,28956.43,27834.244
301049.SZ,20230411,21.26,21.39,21.04,21.34,21.25,0.09,0.4235,3431.23,7265.413
301050.SZ,20230411,77.0,78.25,76.9,78.01,77.3,0.71,0.9185,19446.74,151277.458
301051.SZ,20230411,66.01,66.7,65.11,65.36,66.19,-0.83,-1.254,7267.0,47576.492
301052.SZ,20230411,43.53,52.58,42.0,52.58,43.82,8.76,19.9909,119976.01,578363.859
301053.SZ,20230411,23.21,23.22,22.68,22.87,23.21,-0.34,-1.4649,5334.0,12194.082
301055.SZ,20230411,14.38,14.76,14.32,14.5,14.38,0.12,0.8345,13576.41,19846.249
301056.SZ,20230411,8.13,8.13,7.89,7.97,8.13,-0.16,-1.968,19376.1,15479.692
301057.SZ,20230411,17.57,17.62,17.4,17.5,17.57,-0.07,-0.3984,3799.18,6652.389
301058.SZ,20230411,15.2,15.29,14.78,14.98,15.22,-0.24,-1.5769,62960.11,94010.357
301059.SZ,20230411,13.64,13.89,13.6,13.8,13.7,0.1,0.7299,24101.36,33134.876
301060.SZ,20230411,22.98,23.76,22.7,23.13,22.96,0.17,0.7404,111986.75,258245.656
301061.SZ,20230411,32.87,32.87,31.86,32.25,32.77,-0.52,-1.5868,7636.8,24607.852
301062.SZ,20230411,9.52,9.54,9.33,9.46,9.54,-0.08,-0.8386,29971.0,28231.478
301063.SZ,20230411,29.5,29.58,29.09,29.57,29.61,-0.04,-0.1351,8286.51,24315.014
301065.SZ,20230411,32.07,32.07,31.63,31.77,31.93,-0.16,-0.5011,3074.0,9770.301
301066.SZ,20230411,13.08,13.58,12.93,13.38,13.07,0.31,2.3718,39181.2,52327.609
301067.SZ,20230411,46.06,46.08,43.4,44.42,45.39,-0.97,-2.137,12328.11,54657.476
301068.SZ,20230411,37.0,37.5,36.52,37.5,37.01,0.49,1.324,4384.15,16248.066
301069.SZ,20230411,28.16,28.27,28.0,28.15,28.1,0.05,0.1779,12548.98,35295.92
301070.SZ,20230411,35.85,35.85,34.58,34.93,35.85,-0.92,-2.5662,10113.0,35466.485
301071.SZ,20230411,93.79,94.26,92.85,93.5,93.79,-0.29,-0.3092,27122.14,253036.96
301072.SZ,20230411,22.12,22.17,21.82,22.08,22.12,-0.04,-0.1808,7017.0,15429.371
301073.SZ,20230411,71.63,72.88,69.58,69.65,71.1,-1.45,-2.0394,26495.58,188572.601
301075.SZ,20230411,26.35,26.5,26.07,26.17,26.17,0.0,0.0,7264.0,19066.265
301076.SZ,20230411,21.68,21.98,21.51,21.72,21.88,-0.16,-0.7313,9547.51,20673.344
301077.SZ,20230411,22.3,22.49,22.04,22.3,22.3,0.0,0.0,7829.01,17411.575
301078.SZ,20230411,11.72,11.72,11.42,11.59,11.73,-0.14,-1.1935,50042.53,57793.47
301079.SZ,20230411,22.98,23.04,22.1,22.44,23.21,-0.77,-3.3175,11928.81,26875.162
301080.SZ,20230411,106.14,107.28,104.0,104.9,105.9,-1.0,-0.9443,10095.2,106275.554
301081.SZ,20230411,11.86,11.9,11.72,11.85,11.82,0.03,0.2538,4653.0,5482.632
301082.SZ,20230411,19.7,21.3,18.82,20.54,19.7,0.84,4.264,165679.93,330817.641
301083.SZ,20230411,13.11,13.2,12.76,12.98,13.02,-0.04,-0.3072,16822.62,21808.414
301085.SZ,20230411,39.56,41.33,39.2,40.82,39.3,1.52,3.8677,38782.85,156814.142
301132.SZ,20230411,29.35,29.71,28.7,29.42,29.35,0.07,0.2385,29282.84,85352.135
301133.SZ,20230411,22.31,22.74,22.14,22.46,22.49,-0.03,-0.1334,4108.86,9224.017
301135.SZ,20230411,25.8,26.16,25.02,25.14,25.98,-0.84,-3.2333,15752.47,40094.23
301136.SZ,20230411,13.96,14.83,13.85,14.68,13.98,0.7,5.0072,90356.36,130723.756
301137.SZ,20230411,14.91,15.08,14.81,14.95,14.91,0.04,0.2683,14566.01,21736.36
301138.SZ,20230411,27.53,27.7,26.9,27.19,27.81,-0.62,-2.2294,23873.51,64815.574
301139.SZ,20230411,29.2,29.43,28.58,29.0,29.35,-0.35,-1.1925,13373.05,38724.436
301141.SZ,20230411,39.91,41.6,39.41,41.07,40.55,0.52,1.2824,59006.73,237758.277
301148.SZ,20230411,22.45,22.52,22.08,22.28,22.45,-0.17,-0.7572,4843.65,10785.634
301149.SZ,20230411,10.69,10.75,10.61,10.75,10.69,0.06,0.5613,12888.89,13770.59
301150.SZ,20230411,66.5,66.58,65.56,65.85,66.54,-0.69,-1.037,4340.17,28579.014
301151.SZ,20230411,17.9,18.06,17.86,17.94,17.94,0.0,0.0,5539.55,9956.262
301152.SZ,20230411,46.7,47.13,46.2,46.44,47.31,-0.87,-1.8389,17778.07,82743.055
301153.SZ,20230411,138.43,150.78,138.43,148.81,145.0,3.81,2.6276,24477.53,358521.757
301155.SZ,20230411,81.31,81.48,77.38,78.0,81.29,-3.29,-4.0472,27404.11,215095.111
301156.SZ,20230411,23.5,23.55,22.9,23.05,23.45,-0.4,-1.7058,7913.0,18293.994
301157.SZ,20230411,65.28,65.9,63.96,64.47,66.46,-1.99,-2.9943,27421.65,177667.864
301158.SZ,20230411,16.55,16.61,16.33,16.46,16.56,-0.1,-0.6039,16957.76,27888.386
301159.SZ,20230411,38.7,42.11,38.02,40.79,38.76,2.03,5.2374,40633.55,164753.963
301160.SZ,20230411,35.11,35.83,34.86,35.83,35.13,0.7,1.9926,6255.17,22141.31
301161.SZ,20230411,22.38,22.69,22.21,22.41,22.43,-0.02,-0.0892,15027.18,33676.142
301162.SZ,20230411,85.9,88.4,84.84,85.22,86.47,-1.25,-1.4456,5131.98,44383.293
301163.SZ,20230411,28.0,28.0,27.18,27.19,27.85,-0.66,-2.3698,5861.77,16104.069
301165.SZ,20230411,53.18,55.24,52.7,53.9,53.66,0.24,0.4473,40677.27,219609.166
301166.SZ,20230411,49.96,50.5,49.6,50.19,49.96,0.23,0.4604,5165.79,25795.866
301167.SZ,20230411,25.03,25.11,24.5,24.58,25.08,-0.5,-1.9936,11807.0,29095.6
301168.SZ,20230411,55.18,55.6,53.37,54.17,55.76,-1.59,-2.8515,33690.76,183017.179
301169.SZ,20230411,50.7,57.88,49.8,56.19,51.38,4.81,9.3616,91297.96,492609.228
301171.SZ,20230411,28.42,29.46,28.01,28.88,28.13,0.75,2.6662,91556.68,263667.941
301175.SZ,20230411,6.16,6.18,6.11,6.14,6.16,-0.02,-0.3247,50242.42,30818.475
301176.SZ,20230411,18.51,18.71,18.38,18.65,18.57,0.08,0.4308,15522.36,28766.384
301177.SZ,20230411,50.51,51.9,50.11,51.2,50.32,0.88,1.7488,15552.95,79543.464
301178.SZ,20230411,37.5,39.2,36.67,39.01,37.7,1.31,3.4748,49286.19,188399.546
301179.SZ,20230411,27.62,27.99,27.05,27.25,27.76,-0.51,-1.8372,29561.74,81163.476
301180.SZ,20230411,19.85,19.87,19.5,19.62,19.7,-0.08,-0.4061,12946.61,25451.884
301181.SZ,20230411,39.3,39.38,38.01,38.52,39.45,-0.93,-2.3574,10242.54,39406.008
301182.SZ,20230411,22.03,22.31,21.52,21.93,22.18,-0.25,-1.1271,9432.05,20639.603
301183.SZ,20230411,29.21,29.59,28.41,29.58,29.59,-0.01,-0.0338,34058.01,98810.969
301185.SZ,20230411,19.99,20.43,19.78,20.0,19.93,0.07,0.3512,36486.84,73303.603
301186.SZ,20230411,29.61,29.62,28.95,29.19,29.62,-0.43,-1.4517,10446.04,30539.214
301187.SZ,20230411,17.69,17.69,17.42,17.45,17.55,-0.1,-0.5698,9008.96,15758.0
301188.SZ,20230411,19.59,20.35,18.89,19.54,19.61,-0.07,-0.357,34493.76,66991.023
301239.SZ,20230411,97.0,106.5,97.0,99.99,97.0,2.99,3.0825,16440.02,168513.029
301246.SZ,20230411,36.93,37.46,36.91,37.06,36.74,0.32,0.871,27372.77,101638.853
301248.SZ,20230411,36.43,36.98,35.97,36.98,36.23,0.75,2.0701,22105.56,80817.759
301255.SZ,20230411,35.05,35.23,34.34,34.58,35.18,-0.6,-1.7055,6331.39,22001.419
301256.SZ,20230411,8.33,8.4,8.22,8.4,8.3,0.1,1.2048,24777.6,20592.629
301257.SZ,20230411,64.76,64.89,61.0,61.8,64.06,-2.26,-3.5279,6105.5,38151.28
301258.SZ,20230411,40.8,40.8,39.85,40.2,40.61,-0.41,-1.0096,12209.58,49162.969
301259.SZ,20230411,18.87,19.14,18.85,19.02,18.99,0.03,0.158,4806.28,9130.015
301260.SZ,20230411,27.15,27.19,26.66,26.9,27.25,-0.35,-1.2844,37644.71,101072.781
301263.SZ,20230411,36.37,37.43,35.41,36.28,36.36,-0.08,-0.22,35022.36,126909.23
301265.SZ,20230411,12.23,12.25,12.16,12.18,12.16,0.02,0.1645,11718.87,14288.789
301266.SZ,20230411,65.36,65.36,62.0,62.35,64.96,-2.61,-4.0179,14420.21,90892.363
301267.SZ,20230411,78.0,83.79,76.8,77.99,77.89,0.1,0.1284,36331.17,291911.553
301268.SZ,20230411,42.14,42.68,41.5,41.64,42.38,-0.74,-1.7461,23482.41,98410.961
301269.SZ,20230411,128.0,132.68,127.02,129.56,128.22,1.34,1.0451,68780.7,891740.7
301270.SZ,20230411,41.21,43.13,40.5,42.78,41.21,1.57,3.8098,35688.35,150188.471
301273.SZ,20230411,39.15,39.15,38.34,38.4,39.15,-0.75,-1.9157,3706.0,14293.481
301276.SZ,20230411,24.32,24.4,24.21,24.38,24.28,0.1,0.4119,3107.62,7554.801
301277.SZ,20230411,30.42,30.66,30.04,30.57,30.3,0.27,0.8911,15591.98,47298.635
301278.SZ,20230411,91.46,91.46,88.02,88.85,91.47,-2.62,-2.8643,13806.02,122957.034
301279.SZ,20230411,27.38,27.38,26.22,26.39,27.15,-0.76,-2.7993,7008.2,18621.967
301280.SZ,20230411,51.08,51.48,50.38,50.79,51.29,-0.5,-0.9748,5817.62,29592.086
301281.SZ,20230411,37.33,37.9,36.88,37.04,38.12,-1.08,-2.8332,34697.77,129197.508
301282.SZ,20230411,31.6,31.78,30.87,31.1,31.52,-0.42,-1.3325,28354.89,88471.404
301283.SZ,20230411,47.06,47.86,46.03,46.66,47.05,-0.39,-0.8289,5911.12,27701.262
301285.SZ,20230411,14.78,14.86,14.38,14.55,14.85,-0.3,-2.0202,45154.62,65840.568
301286.SZ,20230411,25.22,25.76,25.0,25.08,25.26,-0.18,-0.7126,9705.56,24507.951
301288.SZ,20230411,17.06,17.25,17.02,17.21,17.11,0.1,0.5845,4835.52,8291.816
301289.SZ,20230411,45.6,45.6,44.11,44.47,45.0,-0.53,-1.1778,4340.0,19415.664
301290.SZ,20230411,37.5,37.62,36.91,37.09,37.46,-0.37,-0.9877,4499.66,16717.567
301296.SZ,20230411,15.9,15.92,15.64,15.75,15.82,-0.07,-0.4425,11339.82,17864.874
301297.SZ,20230411,20.12,20.93,20.12,20.67,20.08,0.59,2.9382,113358.34,232899.716
301298.SZ,20230411,15.8,15.92,15.62,15.84,15.76,0.08,0.5076,7379.69,11647.903
301299.SZ,20230411,61.4,65.0,57.86,62.61,59.6,3.01,5.0503,39351.25,242953.512
301300.SZ,20230411,32.28,32.3,31.65,31.68,32.04,-0.36,-1.1236,4427.74,14067.381
301301.SZ,20230411,9.48,9.53,9.3,9.39,9.44,-0.05,-0.5297,96322.25,90391.92
301302.SZ,20230411,65.5,66.0,63.89,63.98,66.12,-2.14,-3.2365,14948.11,96664.941
301303.SZ,20230411,23.82,23.88,23.46,23.53,23.83,-0.3,-1.2589,26630.45,62726.253
301306.SZ,20230411,41.45,42.16,40.9,41.5,41.03,0.47,1.1455,6565.43,27312.974
301308.SZ,20230411,104.11,118.64,104.11,115.5,101.64,13.86,13.6364,171426.8,1918468.028
301309.SZ,20230411,28.17,28.54,28.01,28.21,28.41,-0.2,-0.704,9873.81,27883.756
301311.SZ,20230411,19.48,19.57,19.09,19.22,19.76,-0.54,-2.7328,48766.19,93764.502
301312.SZ,20230411,122.86,124.88,118.47,121.29,124.99,-3.7,-2.9602,12556.98,152487.664
301419.SZ,20230411,36.91,37.2,36.16,36.51,36.99,-0.48,-1.2976,23124.03,84508.486
301439.SZ,20230411,18.1,18.19,17.91,18.03,18.1,-0.07,-0.3867,47641.32,85969.712
600000.SH,20230411,7.23,7.23,7.18,7.18,7.21,-0.03,-0.4161,201912.51,145358.007
600004.SH,20230411,16.15,16.35,16.02,16.2,16.1,0.1,0.6211,167287.89,270470.479
600006.SH,20230411,5.7,5.79,5.66,5.76,5.62,0.14,2.4911,293848.66,168517.627
600007.SH,20230411,17.48,17.53,17.25,17.52,17.5,0.02,0.1143,13344.53,23227.686
600008.SH,20230411,3.0,3.02,2.98,3.01,3.0,0.01,0.3333,436719.86,130964.216
600009.SH,20230411,56.21,56.54,55.81,56.49,56.29,0.2,0.3553,73883.82,415844.138
600010.SH,20230411,1.86,1.89,1.86,1.89,1.87,0.02,1.0695,1650362.87,309727.377
600011.SH,20230411,8.85,8.93,8.74,8.88,8.85,0.03,0.339,325217.48,287331.069
600015.SH,20230411,5.36,5.38,5.33,5.37,5.36,0.01,0.1866,202324.54,108459.697
600016.SH,20230411,3.46,3.46,3.45,3.45,3.46,-0.01,-0.289,427408.87,147615.161
600017.SH,20230411,2.8,2.81,2.77,2.79,2.8,-0.01,-0.3571,235248.19,65480.858
600018.SH,20230411,5.48,5.48,5.42,5.47,5.47,0.0,0.0,153252.44,83509.014
600019.SH,20230411,6.61,6.67,6.52,6.65,6.57,0.08,1.2177,589829.43,390133.548
600020.SH,20230411,3.24,3.25,3.21,3.23,3.25,-0.02,-0.6154,45813.8,14765.751
600021.SH,20230411,10.2,10.29,10.12,10.25,10.23,0.02,0.1955,371941.28,379382.47
600022.SH,20230411,1.56,1.58,1.55,1.57,1.56,0.01,0.641,440636.21,68964.812
600023.SH,20230411,3.75,3.78,3.69,3.73,3.76,-0.03,-0.7979,408597.04,152110.614
600025.SH,20230411,6.88,6.89,6.79,6.81,6.88,-0.07,-1.0174,259036.34,176781.591
600026.SH,20230411,12.88,12.96,12.58,12.8,12.99,-0.19,-1.4627,349424.74,444301.136
600027.SH,20230411,5.96,6.03,5.89,5.96,5.96,0.0,0.0,798401.99,476229.29
600028.SH,20230411,5.86,6.01,5.83,6.0,5.89,0.11,1.8676,2536340.13,1510460.31
600029.SH,20230411,8.18,8.22,7.99,8.04,8.18,-0.14,-1.7115,483422.41,389771.4
600030.SH,20230411,21.25,21.71,21.24,21.34,21.12,0.22,1.0417,1161389.94,2496887.124
600031.SH,20230411,17.06,17.55,16.91,17.52,17.03,0.49,2.8773,904570.0,1569056.901
600032.SH,20230411,11.75,11.81,11.5,11.52,11.75,-0.23,-1.9574,47573.49,55131.918
600033.SH,20230411,2.88,2.9,2.87,2.89,2.89,0.0,0.0,88973.08,25651.897
600035.SH,20230411,3.46,3.46,3.41,3.44,3.46,-0.02,-0.578,158300.0,54343.344
600036.SH,20230411,34.24,34.34,33.63,33.73,34.24,-0.51,-1.4895,733991.53,2485887.912
600037.SH,20230411,9.58,9.98,9.46,9.83,9.62,0.21,2.183,353155.06,345470.531
600038.SH,20230411,42.09,42.54,42.08,42.35,42.31,0.04,0.0945,42224.89,178628.63
600039.SH,20230411,14.3,14.39,14.13,14.34,14.27,0.07,0.4905,173573.92,248042.667
600048.SH,20230411,15.16,15.28,14.93,15.26,15.15,0.11,0.7261,808039.02,1225505.87
600050.SH,20230411,5.53,5.55,5.39,5.51,5.55,-0.04,-0.7207,3373911.49,1845105.374
600051.SH,20230411,7.34,7.4,7.18,7.28,7.36,-0.08,-1.087,42845.0,31062.764
600052.SH,20230411,4.77,4.85,4.69,4.82,4.73,0.09,1.9027,37431.16,17910.116
600053.SH,20230411,15.78,15.82,15.41,15.63,15.69,-0.06,-0.3824,20995.87,32745.588
600054.SH,20230411,14.68,14.82,13.95,14.16,14.56,-0.4,-2.7473,303940.0,434833.544
600055.SH,20230411,24.76,24.76,24.06,24.55,24.52,0.03,0.1223,84353.0,205882.151
600056.SH,20230411,13.8,13.87,13.72,13.81,13.8,0.01,0.0725,135466.72,186561.0
600110.SH,20230411,7.82,7.87,7.8,7.81,7.84,-0.03,-0.3827,98793.07,77334.517
600111.SH,20230411,26.5,26.95,26.33,26.95,26.5,0.45,1.6981,367357.15,982398.755
600112.SH,20230411,3.72,3.72,3.65,3.7,3.68,0.02,0.5435,29540.0,10853.52
600113.SH,20230411,7.58,7.67,7.58,7.63,7.65,-0.02,-0.2614,27032.9,20604.052
600114.SH,20230411,8.71,8.76,8.56,8.67,8.7,-0.03,-0.3448,76957.86,66468.723
600115.SH,20230411,5.42,5.46,5.31,5.34,5.4,-0.06,-1.1111,540997.73,290979.856
600116.SH,20230411,9.23,9.34,9.12,9.25,9.23,0.02,0.2167,122555.91,113282.577
600117.SH,20230411,2.91,2.99,2.87,2.98,2.91,0.07,2.4055,70396.07,20634.395
600118.SH,20230411,28.5,28.73,27.89,28.11,28.58,-0.47,-1.6445,263295.89,742434.206
600119.SH,20230411,6.18,6.23,6.13,6.19,6.23,-0.04,-0.6421,22624.0,13959.219
600120.SH,20230411,4.01,4.03,3.98,4.03,4.02,0.01,0.2488,231830.22,92812.408
600121.SH,20230411,4.71,4.73,4.69,4.72,4.71,0.01,0.2123,69441.7,32703.957
600122.SH,20230411,1.29,1.29,1.27,1.28,1.3,-0.02,-1.5385,75999.01,9738.404
600123.SH,20230411,12.58,12.59,12.38,12.51,12.57,-0.06,-0.4773,89747.6,111903.943
600125.SH,20230411,5.96,5.97,5.81,5.91,6.01,-0.1,-1.6639,423889.78,249062.317
600126.SH,20230411,4.97,5.23,4.95,5.11,4.98,0.13,2.6104,405123.86,206420.429
600127.SH,20230411,7.56,7.58,7.52,7.57,7.55,0.02,0.2649,36632.05,27620.019
600128.SH,20230411,7.99,8.21,7.93,8.12,7.95,0.17,2.1384,35321.36,28546.875
600129.SH,20230411,43.49,43.78,42.0,42.92,43.49,-0.57,-1.3106,58821.49,251165.158
600130.SH,20230411,4.55,4.68,4.48,4.65,4.55,0.1,2.1978,180791.13,83277.936
600131.SH,20230411,20.31,20.68,20.1,20.27,20.49,-0.22,-1.0737,142965.09,290178.632
600132.SH,20230411,122.0,123.0,117.4,118.68,123.23,-4.55,-3.6923,53974.29,643963.396
600133.SH,20230411,5.68,5.74,5.62,5.73,5.67,0.06,1.0582,119949.61,68165.824
600135.SH,20230411,7.33,7.41,7.25,7.39,7.34,0.05,0.6812,36952.0,27124.662
600136.SH,20230411,3.03,3.21,3.03,3.21,3.06,0.15,4.902,151334.85,47956.761
600137.SH,20230411,14.7,14.87,14.57,14.87,14.74,0.13,0.882,9349.0,13805.766
600138.SH,20230411,15.88,16.1,15.68,15.82,15.83,-0.01,-0.0632,254710.36,404697.484
600141.SH,20230411,28.08,28.1,26.55,26.85,29.5,-2.65,-8.9831,580494.12,1569351.355
600143.SH,20230411,9.36,9.47,9.33,9.47,9.37,0.1,1.0672,117917.02,111194.994
600148.SH,20230411,13.79,13.79,13.58,13.68,13.8,-0.12,-0.8696,9674.0,13214.042
600149.SH,20230411,5.48,5.49,5.42,5.48,5.48,0.0,0.0,45487.01,24796.956
600150.SH,20230411,24.2,24.21,23.63,23.81,24.29,-0.48,-1.9761,747579.48,1779804.977
600151.SH,20230411,9.13,9.17,9.03,9.09,9.07,0.02,0.2205,54530.29,49650.344
600152.SH,20230411,10.96,11.04,10.66,10.81,10.97,-0.16,-1.4585,218539.14,237521.316
600153.SH,20230411,12.86,13.08,12.75,13.05,12.86,0.19,1.4774,352114.45,457489.068
600155.SH,20230411,7.1,7.18,7.05,7.13,7.03,0.1,1.4225,220941.06,157268.079
600156.SH,20230411,4.26,4.32,4.22,4.28,4.26,0.02,0.4695,37311.29,15926.323
600157.SH,20230411,1.57,1.57,1.55,1.56,1.56,0.0,0.0,1901492.77,296763.908
600158.SH,20230411,9.54,9.94,9.53,9.87,9.53,0.34,3.5677,319602.9,312993.486
600159.SH,20230411,2.57,2.63,2.53,2.61,2.56,0.05,1.9531,109315.0,28304.265
600160.SH,20230411,18.0,18.15,17.69,17.8,18.19,-0.39,-2.144,206936.8,369541.358
600161.SH,20230411,27.16,27.47,26.75,27.06,27.11,-0.05,-0.1844,129542.75,350118.101
600265.SH,20230411,15.73,15.85,15.59,15.84,15.74,0.1,0.6353,1442.0,2261.297
600266.SH,20230411,5.07,5.12,4.98,5.03,5.08,-0.05,-0.9843,410457.45,207001.21
600267.SH,20230411,10.86,10.88,10.76,10.82,10.84,-0.02,-0.1845,59781.96,64679.95
600268.SH,20230411,8.23,8.24,8.01,8.07,8.24,-0.17,-2.0631,111944.95,90205.883
600269.SH,20230411,3.38,3.4,3.37,3.39,3.37,0.02,0.5935,96782.0,32727.417
600271.SH,20230411,15.52,15.57,14.96,15.21,15.7,-0.49,-3.121,642481.66,976290.019
600272.SH,20230411,9.4,9.48,9.35,9.43,9.4,0.03,0.3191,14605.83,13727.886
600273.SH,20230411,9.17,9.5,9.14,9.42,9.18,0.24,2.6144,298115.97,278001.802
600276.SH,20230411,46.2,46.66,45.72,46.01,46.27,-0.26,-0.5619,327026.06,1506697.778
600277.SH,20230411,4.25,4.38,4.21,4.35,4.22,0.13,3.0806,659434.67,285020.29
600278.SH,20230411,7.08,7.09,7.02,7.09,7.08,0.01,0.1412,36455.46,25710.43
600279.SH,20230411,4.21,4.21,4.12,4.16,4.19,-0.03,-0.716,99193.9,41226.752
600280.SH,20230411,4.63,4.8,4.54,4.67,4.63,0.04,0.8639,266763.28,124560.276
600281.SH,20230411,4.42,4.43,4.37,4.41,4.43,-0.02,-0.4515,22118.0,9726.372
600282.SH,20230411,3.85,3.89,3.84,3.88,3.84,0.04,1.0417,447691.82,172897.055
600283.SH,20230411,12.34,12.38,12.25,12.34,12.34,0.0,0.0,17022.0,20956.183
600284.SH,20230411,7.04,7.06,6.88,6.92,7.11,-0.19,-2.6723,188208.38,130294.884
600285.SH,20230411,15.51,15.77,15.33,15.69,15.56,0.13,0.8355,76838.75,119939.526
600287.SH,20230411,5.01,5.01,4.91,4.98,4.98,0.0,0.0,26393.56,13060.611
600288.SH,20230411,14.03,14.18,13.77,13.94,13.91,0.03,0.2157,92765.75,129290.919
600289.SH,20230411,2.74,2.81,2.73,2.81,2.76,0.05,1.8116,30491.0,8437.631
600290.SH,20230411,1.62,1.7,1.58,1.67,1.66,0.01,0.6024,167602.46,27550.935
600292.SH,20230411,5.68,5.73,5.65,5.69,5.7,-0.01,-0.1754,33994.1,19319.03
600293.SH,20230411,2.63,2.68,2.61,2.68,2.64,0.04,1.5152,125702.97,33264.172
600295.SH,20230411,15.48,15.48,15.19,15.4,15.44,-0.04,-0.2591,34213.52,52327.58
600297.SH,20230411,2.16,2.16,2.14,2.16,2.15,0.01,0.4651,190240.0,40895.708
600298.SH,20230411,41.6,42.5,41.11,41.22,40.7,0.52,1.2776,176067.86,735427.888
600299.SH,20230411,9.28,9.33,9.16,9.23,9.27,-0.04,-0.4315,65211.93,60073.605
600300.SH,20230411,3.08,3.11,3.06,3.11,3.08,0.03,0.974,82507.93,25417.163
600301.SH,20230411,16.67,17.27,16.51,17.16,16.67,0.49,2.9394,48418.0,82076.197
600302.SH,20230411,5.01,5.05,4.99,5.04,5.02,0.02,0.3984,26456.04,13273.986
600303.SH,20230411,5.65,5.92,5.61,5.8,5.88,-0.08,-1.3605,244617.44,140283.198
600305.SH,20230411,11.71,11.79,11.59,11.62,11.72,-0.1,-0.8532,65728.27,76659.573
600306.SH,20230411,9.34,9.43,9.09,9.14,9.57,-0.43,-4.4932,44313.38,40552.798
600307.SH,20230411,1.61,1.62,1.6,1.61,1.61,0.0,0.0,236501.01,38019.04
600308.SH,20230411,5.17,5.18,5.13,5.17,5.17,0.0,0.0,56890.62,29351.107
600309.SH,20230411,93.6,94.6,93.26,93.26,93.6,-0.34,-0.3632,73271.19,686737.868
600310.SH,20230411,2.98,2.98,2.94,2.96,2.98,-0.02,-0.6711,116847.2,34489.505
600312.SH,20230411,9.64,9.64,9.37,9.47,9.58,-0.11,-1.1482,116883.31,110490.059
600313.SH,20230411,9.5,9.57,9.4,9.53,9.51,0.02,0.2103,199152.97,188543.854
600315.SH,20230411,29.45,29.59,29.13,29.29,29.48,-0.19,-0.6445,53730.48,157680.492
600316.SH,20230411,26.0,26.01,25.49,25.76,26.06,-0.3,-1.1512,54596.69,140334.643
600162.SH,20230411,1.9,1.95,1.86,1.94,1.89,0.05,2.6455,382378.25,73531.868
600163.SH,20230411,5.24,5.25,5.17,5.2,5.24,-0.04,-0.7634,53738.56,27914.409
600165.SH,20230411,4.26,4.42,4.22,4.25,4.39,-0.14,-3.1891,460878.61,198325.379
600166.SH,20230411,3.43,3.46,3.31,3.38,3.44,-0.06,-1.7442,567332.38,191284.092
600167.SH,20230411,6.06,6.08,6.0,6.01,6.08,-0.07,-1.1513,49028.2,29541.182
600168.SH,20230411,6.05,6.05,5.99,6.02,6.07,-0.05,-0.8237,21523.0,12950.861
600169.SH,20230411,2.45,2.45,2.4,2.42,2.44,-0.02,-0.8197,120461.0,29158.084
600170.SH,20230411,2.74,2.8,2.72,2.8,2.74,0.06,2.1898,703865.23,195145.651
600171.SH,20230411,23.27,23.29,22.34,22.91,23.44,-0.53,-2.2611,408547.81,934216.585
600172.SH,20230411,5.14,5.19,5.09,5.15,5.14,0.01,0.1946,141167.07,72513.391
600173.SH,20230411,5.1,5.15,5.0,5.14,5.13,0.01,0.1949,71050.02,36087.502
600176.SH,20230411,15.07,15.57,15.03,15.36,15.08,0.28,1.8568,296177.58,455244.231
600177.SH,20230411,6.52,6.54,6.49,6.53,6.52,0.01,0.1534,80539.96,52565.063
600178.SH,20230411,6.21,6.22,6.11,6.17,6.19,-0.02,-0.3231,40586.0,24926.187
600179.SH,20230411,3.27,3.33,3.25,3.31,3.28,0.03,0.9146,171687.16,56507.218
600180.SH,20230411,5.62,5.64,5.55,5.64,5.62,0.02,0.3559,32515.78,18193.987
600182.SH,20230411,13.93,14.27,13.8,13.98,13.97,0.01,0.0716,5375.0,7540.971
600183.SH,20230411,19.49,19.73,19.31,19.53,19.53,0.0,0.0,195150.31,380440.418
600184.SH,20230411,13.37,13.42,13.09,13.18,13.35,-0.17,-1.2734,35881.0,47363.626
600185.SH,20230411,8.51,8.7,8.39,8.62,8.53,0.09,1.0551,263510.02,225777.636
600186.SH,20230411,2.61,2.62,2.58,2.61,2.61,0.0,0.0,163416.18,42418.544
600187.SH,20230411,2.54,2.55,2.49,2.51,2.54,-0.03,-1.1811,280179.21,70317.435
600188.SH,20230411,33.51,33.58,32.71,33.06,33.51,-0.45,-1.3429,197179.57,651789.578
600189.SH,20230411,6.08,6.09,6.0,6.03,6.07,-0.04,-0.659,44363.7,26744.954
600190.SH,20230411,3.32,3.34,3.28,3.34,3.32,0.02,0.6024,139614.38,46040.745
600191.SH,20230411,5.64,5.87,5.55,5.71,5.65,0.06,1.0619,76356.0,43491.495
600192.SH,20230411,5.55,5.63,5.52,5.57,5.61,-0.04,-0.713,62061.66,34545.594
600193.SH,20230411,5.65,5.69,5.55,5.68,5.61,0.07,1.2478,25310.01,14206.958
600195.SH,20230411,14.42,14.42,14.19,14.31,14.38,-0.07,-0.4868,70380.39,100485.942
600196.SH,20230411,33.84,34.18,33.62,33.84,33.84,0.0,0.0,132424.84,448079.945
600197.SH,20230411,26.0,26.0,25.37,25.46,26.04,-0.58,-2.2273,64586.31,165006.256
600198.SH,20230411,7.8,7.87,7.7,7.8,7.8,0.0,0.0,126059.1,98047.959
600199.SH,20230411,26.93,26.93,26.0,26.11,26.87,-0.76,-2.8284,139987.95,367891.171
600200.SH,20230411,7.98,8.13,7.9,8.12,7.93,0.19,2.396,149760.28,120131.651
600201.SH,20230411,11.1,11.18,10.96,11.04,11.09,-0.05,-0.4509,123177.59,136355.156
600202.SH,20230411,5.13,5.16,5.08,5.14,5.13,0.01,0.1949,54066.0,27649.417
600203.SH,20230411,6.99,7.58,6.87,7.31,6.89,0.42,6.0958,871095.77,644719.353
600206.SH,20230411,15.7,15.85,15.43,15.78,15.63,0.15,0.9597,242008.17,379209.757
600207.SH,20230411,6.77,6.92,6.66,6.84,6.92,-0.08,-1.1561,292136.29,198142.648
600208.SH,20230411,2.93,3.14,2.9,3.11,2.93,0.18,6.1433,2608245.59,792376.127
600210.SH,20230411,5.4,5.44,5.35,5.44,5.42,0.02,0.369,128124.07,69152.086
600211.SH,20230411,58.14,59.96,58.01,59.96,54.51,5.45,9.9982,107330.97,640026.429
600318.SH,20230411,6.6,6.63,6.5,6.6,6.55,0.05,0.7634,36993.0,24345.64
600319.SH,20230411,5.81,5.81,5.69,5.78,5.76,0.02,0.3472,28472.65,16341.415
600320.SH,20230411,3.91,3.91,3.85,3.87,3.9,-0.03,-0.7692,146117.81,56509.882
600321.SH,20230411,1.7,1.7,1.66,1.67,1.7,-0.03,-1.7647,126025.01,21102.143
600322.SH,20230411,1.93,1.97,1.9,1.96,1.93,0.03,1.5544,182183.82,35409.843
600323.SH,20230411,18.9,18.97,18.68,18.85,18.95,-0.1,-0.5277,31747.43,59636.33
600325.SH,20230411,12.22,12.5,12.15,12.45,12.39,0.06,0.4843,306524.4,377544.358
600326.SH,20230411,5.18,5.49,5.15,5.48,5.18,0.3,5.7915,280164.42,149942.914
600327.SH,20230411,4.58,4.64,4.57,4.63,4.58,0.05,1.0917,44071.24,20252.898
600328.SH,20230411,14.53,14.54,14.32,14.37,14.53,-0.16,-1.1012,67232.37,96558.895
600329.SH,20230411,38.98,39.6,38.5,39.48,39.29,0.19,0.4836,46309.6,181034.138
600330.SH,20230411,12.12,12.13,11.88,12.03,12.11,-0.08,-0.6606,181432.85,217650.903
600331.SH,20230411,3.45,3.49,3.41,3.48,3.44,0.04,1.1628,254675.91,88061.973
600332.SH,20230411,33.69,34.24,33.62,33.9,33.59,0.31,0.9229,100764.85,341068.148
600333.SH,20230411,4.76,4.78,4.68,4.71,4.76,-0.05,-1.0504,42985.13,20246.242
600335.SH,20230411,9.49,9.51,9.26,9.34,9.48,-0.14,-1.4768,145298.53,135649.339
600336.SH,20230411,5.73,5.77,5.69,5.76,5.74,0.02,0.3484,47664.0,27281.654
600337.SH,20230411,2.85,2.86,2.8,2.82,2.85,-0.03,-1.0526,48962.91,13761.706
600338.SH,20230411,21.89,22.2,21.61,22.15,21.87,0.28,1.2803,154720.51,340081.446
600339.SH,20230411,3.9,3.91,3.75,3.89,3.93,-0.04,-1.0178,866708.47,333081.691
600340.SH,20230411,2.44,2.47,2.41,2.46,2.44,0.02,0.8197,251187.6,61356.663
600343.SH,20230411,10.14,10.18,9.95,10.05,10.15,-0.1,-0.9852,62529.72,62638.366
600345.SH,20230411,19.54,19.61,19.13,19.29,19.45,-0.16,-0.8226,29391.0,56799.8
600346.SH,20230411,16.35,17.38,16.35,17.27,16.26,1.01,6.2116,592584.87,1004510.589
600348.SH,20230411,13.34,13.37,13.13,13.28,13.36,-0.08,-0.5988,230771.32,305127.019
600350.SH,20230411,6.35,6.4,6.3,6.37,6.38,-0.01,-0.1567,60156.03,38185.644
600351.SH,20230411,7.29,7.42,7.23,7.29,7.29,0.0,0.0,188932.05,138130.989
600352.SH,20230411,10.04,10.15,10.0,10.05,10.0,0.05,0.5,168474.36,169712.573
600353.SH,20230411,13.5,13.87,13.25,13.4,13.55,-0.15,-1.107,103128.96,139669.355
600354.SH,20230411,6.77,6.86,6.77,6.86,6.79,0.07,1.0309,89985.76,61301.595
600355.SH,20230411,3.45,3.52,3.39,3.48,3.46,0.02,0.578,121932.0,42147.792
600356.SH,20230411,8.04,8.05,7.77,7.85,7.98,-0.13,-1.6291,77114.3,60656.698
600358.SH,20230411,6.43,6.59,6.39,6.5,6.4,0.1,1.5625,192499.0,125310.639
600359.SH,20230411,8.15,8.37,8.13,8.3,8.16,0.14,1.7157,75257.39,62104.609
600360.SH,20230411,7.78,7.92,7.74,7.83,7.78,0.05,0.6427,240854.62,188492.811
600361.SH,20230411,6.01,6.15,6.0,6.12,6.02,0.1,1.6611,58576.01,35605.552
600362.SH,20230411,19.7,20.24,19.58,20.24,19.74,0.5,2.5329,191615.55,383281.719
600363.SH,20230411,36.45,37.1,35.52,36.04,36.24,-0.2,-0.5519,153234.76,555336.562
600365.SH,20230411,3.38,3.39,3.32,3.36,3.39,-0.03,-0.885,17194.38,5774.649
600366.SH,20230411,9.52,9.65,9.44,9.63,9.54,0.09,0.9434,79953.28,76497.385
600367.SH,20230411,15.4,15.48,15.22,15.41,15.54,-0.13,-0.8366,41955.21,64394.071
600368.SH,20230411,3.89,3.94,3.86,3.93,3.89,0.04,1.0283,107197.0,41744.493
600425.SH,20230411,4.24,4.27,4.18,4.25,4.24,0.01,0.2358,212232.46,89674.993
600426.SH,20230411,34.13,34.25,33.24,33.6,34.05,-0.45,-1.3216,186065.06,625718.535
600428.SH,20230411,6.41,6.44,6.3,6.44,6.41,0.03,0.468,181319.75,115243.938
600429.SH,20230411,4.8,4.81,4.73,4.76,4.81,-0.05,-1.0395,55475.0,26363.188
600433.SH,20230411,4.16,4.17,4.08,4.13,4.16,-0.03,-0.7212,135252.19,55622.776
600435.SH,20230411,10.8,11.75,10.77,11.65,10.82,0.83,7.671,649969.8,738846.721
600436.SH,20230411,283.87,287.62,283.87,286.15,284.69,1.46,0.5128,15928.63,455317.19
600438.SH,20230411,40.49,40.85,40.12,40.53,40.47,0.06,0.1483,487455.28,1972898.65
600439.SH,20230411,2.6,2.6,2.57,2.6,2.6,0.0,0.0,87868.6,22700.25
600444.SH,20230411,12.83,12.89,12.72,12.82,12.82,0.0,0.0,12138.0,15523.276
600446.SH,20230411,14.99,15.21,14.79,15.15,14.93,0.22,1.4735,310783.04,466847.927
600448.SH,20230411,2.95,2.97,2.91,2.95,2.98,-0.03,-1.0067,139307.1,40883.114
600449.SH,20230411,15.56,15.84,15.36,15.64,15.57,0.07,0.4496,101356.96,158396.277
600452.SH,20230411,20.72,20.79,19.69,19.85,20.11,-0.26,-1.2929,77722.31,155155.494
600455.SH,20230411,22.88,23.42,22.8,23.25,22.93,0.32,1.3956,12312.0,28465.719
600456.SH,20230411,36.32,36.65,36.0,36.57,36.33,0.24,0.6606,42198.3,153109.067
600458.SH,20230411,11.38,11.38,11.1,11.18,11.34,-0.16,-1.4109,77561.0,86816.862
600459.SH,20230411,16.53,16.65,16.35,16.61,16.51,0.1,0.6057,67010.39,110803.498
600460.SH,20230411,39.32,40.02,38.66,39.66,39.32,0.34,0.8647,480451.48,1891380.072
600461.SH,20230411,7.12,7.12,7.0,7.03,7.18,-0.15,-2.0891,128782.39,90583.05
600462.SH,20230411,2.3,2.3,2.26,2.29,2.3,-0.01,-0.4348,18932.0,4315.235
600463.SH,20230411,7.75,7.86,7.71,7.83,7.78,0.05,0.6427,11897.0,9284.766
600466.SH,20230411,0.8,0.91,0.76,0.88,0.84,0.04,4.7619,4928413.11,407900.331
600467.SH,20230411,2.42,2.46,2.42,2.45,2.43,0.02,0.823,131771.89,32138.939
600468.SH,20230411,4.63,4.65,4.51,4.55,4.63,-0.08,-1.7279,205228.5,93137.221
600469.SH,20230411,4.98,5.02,4.93,4.98,4.97,0.01,0.2012,61025.87,30274.558
600470.SH,20230411,6.08,6.08,5.99,6.03,6.06,-0.03,-0.495,39316.06,23628.069
600475.SH,20230411,11.34,12.19,11.31,12.17,11.3,0.87,7.6991,265588.56,314171.267
600476.SH,20230411,17.39,18.01,16.9,17.82,18.36,-0.54,-2.9412,154144.23,270506.39
600477.SH,20230411,4.51,4.64,4.44,4.56,4.48,0.08,1.7857,711604.29,323398.153
600478.SH,20230411,8.21,8.21,8.02,8.07,8.21,-0.14,-1.7052,180957.6,146277.196
600479.SH,20230411,11.71,11.99,11.61,11.9,11.69,0.21,1.7964,87138.66,103017.119
600480.SH,20230411,7.64,7.64,7.45,7.52,7.6,-0.08,-1.0526,55866.5,41933.494
600481.SH,20230411,16.06,16.15,15.59,15.64,15.99,-0.35,-2.1889,253105.76,399132.189
600482.SH,20230411,16.86,16.86,16.54,16.56,16.87,-0.31,-1.8376,46724.0,77574.489
600483.SH,20230411,12.61,12.68,12.18,12.6,12.69,-0.09,-0.7092,235616.75,292169.823
600486.SH,20230411,95.48,95.67,94.0,94.31,95.62,-1.31,-1.37,12763.87,120907.185
600487.SH,20230411,16.55,16.61,15.95,16.19,16.52,-0.33,-1.9976,1164325.64,1888485.8
600488.SH,20230411,4.54,4.57,4.48,4.52,4.54,-0.02,-0.4405,54430.5,24581.303
600489.SH,20230411,11.32,12.05,11.2,12.0,11.4,0.6,5.2632,1154384.06,1348510.838
600490.SH,20230411,3.6,3.81,3.57,3.79,3.61,0.18,4.9861,830848.16,308042.458
600491.SH,20230411,4.98,5.0,4.91,4.96,4.97,-0.01,-0.2012,206955.4,102414.285
600500.SH,20230411,6.8,6.83,6.71,6.76,6.8,-0.04,-0.5882,99031.07,66873.027
600501.SH,20230411,15.91,16.1,15.67,16.07,15.9,0.17,1.0692,82739.91,131784.119
600502.SH,20230411,6.07,6.22,6.01,6.21,6.12,0.09,1.4706,524936.99,321215.275
600503.SH,20230411,2.72,2.77,2.7,2.75,2.72,0.03,1.1029,91552.39,25090.092
600505.SH,20230411,7.96,7.99,7.86,7.92,7.93,-0.01,-0.1261,29633.0,23410.698
600506.SH,20230411,11.45,11.73,11.3,11.68,11.51,0.17,1.477,31458.53,36189.01
600507.SH,20230411,5.66,5.68,5.63,5.68,5.66,0.02,0.3534,76721.12,43412.143
600508.SH,20230411,13.72,13.72,13.51,13.61,13.73,-0.12,-0.874,49718.68,67489.634
600509.SH,20230411,6.69,6.78,6.64,6.69,6.68,0.01,0.1497,118284.52,79208.978
600510.SH,20230411,6.54,6.61,6.45,6.6,6.54,0.06,0.9174,60874.2,39835.089
600511.SH,20230411,36.0,36.94,36.0,36.81,36.33,0.48,1.3212,50889.22,185335.18
600512.SH,20230411,2.64,2.66,2.6,2.65,2.63,0.02,0.7605,155348.91,40907.779
600513.SH,20230411,10.66,10.77,10.53,10.56,10.69,-0.13,-1.2161,45651.01,48376.532
600515.SH,20230411,4.71,4.75,4.63,4.67,4.71,-0.04,-0.8493,730730.76,341461.072
600516.SH,20230411,6.36,6.41,6.33,6.41,6.37,0.04,0.6279,184576.47,117477.461
600517.SH,20230411,5.22,5.24,5.15,5.18,5.21,-0.03,-0.5758,121596.0,63150.16
600518.SH,20230411,2.11,2.13,2.1,2.12,2.14,-0.02,-0.9346,731982.83,154704.25
600519.SH,20230411,1793.0,1793.0,1744.0,1745.5,1771.7,-26.2,-1.4788,29209.19,5138854.627
600520.SH,20230411,14.9,15.1,14.54,14.7,14.92,-0.22,-1.4745,61939.0,91437.068
600521.SH,20230411,20.8,20.85,20.4,20.49,20.78,-0.29,-1.3956,109982.43,226203.065
600522.SH,20230411,17.41,17.55,17.05,17.38,17.12,0.26,1.5187,1117940.87,1931292.563
600523.SH,20230411,13.92,13.92,13.61,13.74,13.88,-0.14,-1.0086,56806.75,77954.747
600525.SH,20230411,5.32,5.35,5.23,5.27,5.32,-0.05,-0.9398,132363.75,69648.026
600526.SH,20230411,5.15,5.2,5.13,5.18,5.17,0.01,0.1934,53080.0,27388.623
600527.SH,20230411,2.02,2.02,1.99,2.0,2.01,-0.01,-0.4975,79811.04,15981.848
600528.SH,20230411,9.7,9.78,9.59,9.74,9.69,0.05,0.516,166565.69,161212.1
600529.SH,20230411,26.46,26.75,26.37,26.56,26.46,0.1,0.3779,52256.35,138712.62
600530.SH,20230411,3.26,3.29,3.25,3.28,3.27,0.01,0.3058,60141.52,19671.921
600531.SH,20230411,6.07,6.66,6.03,6.47,6.08,0.39,6.4145,890056.72,563463.888
600532.SH,20230411,5.9,5.9,5.9,5.9,6.21,-0.31,-4.9919,12989.0,7663.51
600533.SH,20230411,3.48,3.55,3.43,3.55,3.48,0.07,2.0115,117467.2,41077.228
600535.SH,20230411,15.78,16.08,15.74,15.93,15.69,0.24,1.5296,205451.61,326949.024
600536.SH,20230411,65.03,65.98,63.68,64.99,65.28,-0.29,-0.4442,185714.14,1203599.78
600537.SH,20230411,6.9,6.92,6.79,6.91,6.9,0.01,0.1449,226166.5,154968.561
600538.SH,20230411,4.34,4.37,4.3,4.35,4.34,0.01,0.2304,63847.04,27596.651
600539.SH,20230411,6.49,6.54,6.45,6.51,6.49,0.02,0.3082,27499.01,17877.29
600540.SH,20230411,4.26,4.27,4.22,4.27,4.25,0.02,0.4706,32287.0,13691.69
600543.SH,20230411,4.96,4.97,4.89,4.91,4.99,-0.08,-1.6032,43501.0,21425.387
600545.SH,20230411,2.81,2.84,2.8,2.82,2.81,0.01,0.3559,39310.04,11077.821
600546.SH,20230411,15.39,15.49,15.17,15.48,15.39,0.09,0.5848,224063.24,344037.561
600547.SH,20230411,24.41,26.08,24.34,25.86,24.52,1.34,5.4649,648590.37,1640518.123
600548.SH,20230411,8.82,8.83,8.78,8.81,8.81,0.0,0.0,31730.15,27930.56
600645.SH,20230411,18.44,18.59,18.27,18.39,18.37,0.02,0.1089,71897.11,132361.024
600647.SH,20230411,12.95,12.95,12.71,12.82,12.73,0.09,0.707,11845.0,15147.456
600648.SH,20230411,12.64,12.66,12.53,12.65,12.6,0.05,0.3968,47796.74,60199.747
600649.SH,20230411,3.94,3.97,3.9,3.97,3.93,0.04,1.0178,76268.88,30083.953
600650.SH,20230411,10.62,10.75,10.57,10.75,10.59,0.16,1.5109,26556.0,28330.722
600651.SH,20230411,3.79,3.93,3.77,3.91,3.82,0.09,2.356,269849.17,104549.035
600653.SH,20230411,1.83,1.83,1.81,1.82,1.83,-0.01,-0.5464,82817.0,15045.622
600654.SH,20230411,2.63,2.63,2.6,2.62,2.62,0.0,0.0,35477.63,9269.866
600655.SH,20230411,8.04,8.16,7.98,8.15,8.03,0.12,1.4944,131365.63,106282.183
600657.SH,20230411,4.93,5.0,4.85,4.96,4.91,0.05,1.0183,229288.9,113237.139
600658.SH,20230411,5.38,5.53,5.31,5.5,5.38,0.12,2.2305,213423.26,116376.758
600660.SH,20230411,34.19,34.21,33.59,33.79,34.18,-0.39,-1.141,143330.52,483718.355
600661.SH,20230411,9.9,10.29,9.85,10.09,9.9,0.19,1.9192,52910.96,53488.433
600662.SH,20230411,6.28,6.3,6.22,6.28,6.24,0.04,0.641,67523.51,42302.581
600663.SH,20230411,10.47,10.57,10.43,10.51,10.47,0.04,0.382,73867.38,77578.58
600664.SH,20230411,3.13,3.18,3.11,3.14,3.1,0.04,1.2903,277211.65,86986.794
600665.SH,20230411,3.83,4.16,3.78,4.16,3.78,0.38,10.0529,248988.6,99806.322
600666.SH,20230411,2.93,3.02,2.92,2.98,2.94,0.04,1.3605,123774.0,36919.416
600667.SH,20230411,7.46,7.76,7.36,7.38,7.5,-0.12,-1.6,1662302.89,1250814.466
600668.SH,20230411,12.51,12.66,12.5,12.64,12.54,0.1,0.7974,22364.55,28151.891
600671.SH,20230411,8.09,8.13,7.9,8.04,8.14,-0.1,-1.2285,5974.0,4793.114
600673.SH,20230411,8.6,8.65,8.49,8.64,8.61,0.03,0.3484,124127.52,106288.802
600674.SH,20230411,13.9,13.95,13.74,13.84,13.89,-0.05,-0.36,132262.18,182663.193
600675.SH,20230411,2.76,2.81,2.72,2.81,2.75,0.06,2.1818,163293.63,45361.674
600676.SH,20230411,4.07,4.17,4.03,4.1,4.07,0.03,0.7371,72491.0,29609.906
600678.SH,20230411,5.67,5.71,5.61,5.68,5.7,-0.02,-0.3509,34470.4,19497.676
600679.SH,20230411,8.34,8.38,8.28,8.33,8.35,-0.02,-0.2395,13156.0,10947.301
600681.SH,20230411,4.36,4.36,4.31,4.34,4.36,-0.02,-0.4587,18768.2,8142.475
600682.SH,20230411,8.91,8.94,8.82,8.87,8.91,-0.04,-0.4489,45811.8,40629.851
600683.SH,20230411,4.58,4.68,4.54,4.67,4.62,0.05,1.0823,65959.0,30549.602
600684.SH,20230411,3.53,3.57,3.49,3.55,3.52,0.03,0.8523,59827.16,21116.65
600685.SH,20230411,24.16,24.23,23.41,23.61,24.13,-0.52,-2.155,106564.72,252007.486
600686.SH,20230411,5.8,5.83,5.71,5.79,5.83,-0.04,-0.6861,79248.0,45615.211
600688.SH,20230411,3.42,3.48,3.4,3.46,3.44,0.02,0.5814,285819.12,98344.095
600689.SH,20230411,8.68,8.77,8.64,8.67,8.71,-0.04,-0.4592,13078.0,11365.442
600690.SH,20230411,22.61,22.99,22.58,22.72,22.55,0.17,0.7539,456447.02,1040531.448
600691.SH,20230411,3.33,3.35,3.31,3.33,3.34,-0.01,-0.2994,57596.0,19147.185
600692.SH,20230411,6.09,6.1,6.02,6.06,6.08,-0.02,-0.3289,24830.15,15037.675
600693.SH,20230411,4.05,4.09,4.03,4.09,4.06,0.03,0.7389,56376.66,22892.864
600694.SH,20230411,18.23,18.56,18.12,18.44,18.23,0.21,1.1519,16693.23,30659.865
600696.SH,20230411,26.48,26.58,26.24,26.35,26.38,-0.03,-0.1137,8474.35,22391.999
600697.SH,20230411,11.89,11.93,11.71,11.81,11.87,-0.06,-0.5055,21419.46,25260.62
600887.SH,20230411,28.8,28.88,28.46,28.52,28.86,-0.34,-1.1781,459654.81,1316101.128
600888.SH,20230411,8.52,8.6,8.42,8.58,8.51,0.07,0.8226,145333.88,123905.563
600889.SH,20230411,4.78,4.78,4.66,4.7,4.73,-0.03,-0.6342,29022.0,13610.057
600892.SH,20230411,5.65,5.91,5.59,5.87,5.64,0.23,4.078,142518.0,82640.141
600893.SH,20230411,43.76,43.76,43.09,43.2,43.7,-0.5,-1.1442,81423.88,352298.478
600894.SH,20230411,7.1,7.13,6.97,7.03,7.09,-0.06,-0.8463,47569.14,33407.1
600895.SH,20230411,16.45,16.58,16.2,16.41,16.4,0.01,0.061,377833.98,618446.129
600897.SH,20230411,17.71,17.71,17.51,17.68,17.66,0.02,0.1133,6922.41,12209.285
600898.SH,20230411,6.0,6.05,5.9,5.95,6.0,-0.05,-0.8333,31042.0,18504.754
600900.SH,20230411,21.29,21.32,21.1,21.28,21.24,0.04,0.1883,407301.52,864131.766
600901.SH,20230411,5.99,6.03,5.92,6.01,5.97,0.04,0.67,164028.92,97962.431
600903.SH,20230411,7.79,7.82,7.75,7.76,7.79,-0.03,-0.3851,20389.2,15861.06
600905.SH,20230411,5.53,5.54,5.48,5.51,5.53,-0.02,-0.3617,780277.78,429469.111
600906.SH,20230411,8.1,8.21,8.08,8.11,8.07,0.04,0.4957,192567.92,156755.932
600908.SH,20230411,5.39,5.4,5.35,5.39,5.39,0.0,0.0,106992.0,57521.961
600909.SH,20230411,4.96,5.02,4.95,4.98,4.94,0.04,0.8097,360617.4,179825.171
600916.SH,20230411,12.64,12.87,12.56,12.8,12.65,0.15,1.1858,374397.54,477109.876
600917.SH,20230411,7.48,7.48,7.36,7.38,7.46,-0.08,-1.0724,29019.0,21454.109
600918.SH,20230411,6.88,7.14,6.87,7.04,6.85,0.19,2.7737,479437.23,337164.698
600919.SH,20230411,7.06,7.06,7.01,7.03,7.05,-0.02,-0.2837,505676.35,355189.566
600925.SH,20230411,6.5,6.53,6.42,6.45,6.55,-0.1,-1.5267,585082.47,377125.28
600926.SH,20230411,11.67,11.73,11.62,11.72,11.71,0.01,0.0854,136707.18,159830.794
600927.SH,20230411,17.81,17.98,17.71,17.79,17.81,-0.02,-0.1123,33225.0,59271.223
600928.SH,20230411,3.39,3.4,3.37,3.39,3.39,0.0,0.0,100430.3,33994.843
600929.SH,20230411,7.96,7.98,7.89,7.93,7.98,-0.05,-0.6266,61165.94,48451.529
600933.SH,20230411,22.73,22.9,22.16,22.55,22.89,-0.34,-1.4854,58627.54,131673.229
600935.SH,20230411,4.14,4.15,4.12,4.13,4.15,-0.02,-0.4819,47390.22,19561.458
600936.SH,20230411,4.13,4.3,4.08,4.24,4.14,0.1,2.4155,182780.15,77034.188
600938.SH,20230411,17.85,17.86,17.61,17.82,18.0,-0.18,-1.0,468806.19,832026.197
600939.SH,20230411,3.59,3.61,3.54,3.61,3.58,0.03,0.838,79839.35,28606.303
600941.SH,20230411,97.28,97.28,93.0,94.59,97.25,-2.66,-2.7352,179568.68,1694135.941
600955.SH,20230411,22.0,22.08,21.81,22.01,22.0,0.01,0.0455,16610.21,36456.007
600956.SH,20230411,9.2,9.2,9.1,9.11,9.18,-0.07,-0.7625,35416.0,32338.926
600958.SH,20230411,11.3,12.12,11.3,11.7,11.16,0.54,4.8387,3095884.77,3630580.347
600959.SH,20230411,3.32,3.45,3.32,3.43,3.32,0.11,3.3133,625006.65,212431.381
600960.SH,20230411,3.36,3.37,3.32,3.35,3.35,0.0,0.0,70143.0,23455.448
600961.SH,20230411,8.86,9.25,8.67,9.21,8.86,0.35,3.9503,244719.02,220767.333
600962.SH,20230411,12.67,12.79,12.32,12.5,12.69,-0.19,-1.4972,57703.92,72466.128
600963.SH,20230411,7.11,7.44,7.02,7.37,7.05,0.32,4.539,239223.24,174456.54
600965.SH,20230411,6.76,6.83,6.73,6.79,6.76,0.03,0.4438,33521.96,22724.512
600966.SH,20230411,7.11,7.25,7.11,7.18,7.18,0.0,0.0,60159.05,43232.504
600967.SH,20230411,9.8,9.87,9.7,9.82,9.79,0.03,0.3064,111978.4,109427.703
601727.SH,20230411,4.61,4.62,4.52,4.57,4.6,-0.03,-0.6522,357960.83,163171.539
601728.SH,20230411,6.81,6.84,6.5,6.62,6.89,-0.27,-3.9187,5470273.03,3621943.548
601766.SH,20230411,6.68,6.76,6.63,6.75,6.68,0.07,1.0479,1076351.26,722366.911
601777.SH,20230411,3.63,3.64,3.59,3.62,3.63,-0.01,-0.2755,76943.3,27811.738
601778.SH,20230411,4.91,4.92,4.84,4.88,4.91,-0.03,-0.611,242801.13,118151.585
601788.SH,20230411,15.59,15.95,15.57,15.65,15.48,0.17,1.0982,514806.08,809678.922
601789.SH,20230411,5.15,5.24,5.11,5.23,5.18,0.05,0.9653,335808.51,173885.038
601798.SH,20230411,7.53,7.75,7.51,7.66,7.5,0.16,2.1333,93063.0,71039.811
601799.SH,20230411,116.71,116.89,114.5,115.55,116.74,-1.19,-1.0194,11405.44,131639.072
601800.SH,20230411,11.61,11.8,11.33,11.8,11.63,0.17,1.4617,910157.65,1052381.369
601801.SH,20230411,6.2,6.78,6.18,6.68,6.19,0.49,7.916,356911.14,233992.17
601808.SH,20230411,15.09,15.15,14.81,15.11,15.14,-0.03,-0.1982,60765.38,91140.622
601811.SH,20230411,11.99,12.87,11.92,12.68,11.87,0.81,6.8239,90349.78,112923.66
601816.SH,20230411,5.21,5.22,5.11,5.13,5.21,-0.08,-1.5355,815551.06,418816.013
601818.SH,20230411,3.03,3.04,3.02,3.04,3.03,0.01,0.33,772538.89,234117.501
601825.SH,20230411,5.79,5.8,5.77,5.78,5.8,-0.02,-0.3448,69838.37,40352.906
601827.SH,20230411,7.48,7.53,7.43,7.5,7.5,0.0,0.0,85697.01,64116.6
601828.SH,20230411,5.49,5.5,5.36,5.41,5.5,-0.09,-1.6364,143047.43,77275.923
601838.SH,20230411,13.63,13.64,13.42,13.46,13.63,-0.17,-1.2472,261618.74,353056.92
601857.SH,20230411,6.42,6.6,6.37,6.56,6.46,0.1,1.548,2763521.28,1798648.2
601858.SH,20230411,18.4,20.53,18.35,20.53,18.66,1.87,10.0214,323273.15,643568.452
601860.SH,20230411,2.59,2.6,2.58,2.59,2.6,-0.01,-0.3846,115226.81,29779.126
601865.SH,20230411,33.02,33.48,32.73,33.4,33.01,0.39,1.1815,52111.16,172595.65
601866.SH,20230411,2.48,2.49,2.45,2.47,2.48,-0.01,-0.4032,326765.52,80580.754
601868.SH,20230411,2.47,2.48,2.45,2.47,2.47,0.0,0.0,2159995.54,532026.223
601869.SH,20230411,41.36,41.36,39.93,40.67,41.2,-0.53,-1.2864,49000.21,198509.639
601872.SH,20230411,6.76,6.78,6.64,6.72,6.81,-0.09,-1.3216,308118.12,206650.719
601877.SH,20230411,27.6,27.61,27.12,27.31,27.54,-0.23,-0.8351,128691.36,350645.812
601878.SH,20230411,10.39,10.55,10.39,10.45,10.32,0.13,1.2597,312845.72,327324.298
601880.SH,20230411,1.61,1.61,1.6,1.6,1.61,-0.01,-0.6211,368875.46,59109.637
601881.SH,20230411,10.32,10.57,10.3,10.41,10.23,0.18,1.7595,561427.44,585847.442
601882.SH,20230411,37.96,37.96,34.82,35.6,36.98,-1.38,-3.7317,129158.05,459034.739
601886.SH,20230411,7.14,7.22,7.09,7.15,7.14,0.01,0.1401,34112.01,24373.877
601888.SH,20230411,179.87,182.82,178.21,179.27,179.85,-0.58,-0.3225,110630.31,1995413.329
601890.SH,20230411,9.61,9.68,9.42,9.63,9.76,-0.13,-1.332,227400.51,216437.868
601898.SH,20230411,7.81,7.89,7.72,7.86,7.82,0.04,0.5115,226572.88,176440.536
601899.SH,20230411,12.98,13.44,12.84,13.43,12.98,0.45,3.4669,2253745.58,2979279.873
601900.SH,20230411,9.51,10.03,9.49,9.9,9.51,0.39,4.1009,62374.19,61371.591
601901.SH,20230411,7.18,7.26,7.14,7.18,7.12,0.06,0.8427,406085.74,292114.793
601908.SH,20230411,6.61,6.63,6.55,6.59,6.61,-0.02,-0.3026,139113.71,91628.545
601916.SH,20230411,2.89,2.91,2.88,2.9,2.89,0.01,0.346,536014.47,155179.548
601918.SH,20230411,4.09,4.09,4.04,4.08,4.06,0.02,0.4926,142437.4,57827.018
601919.SH,20230411,10.72,10.8,10.66,10.73,10.88,-0.15,-1.3787,824465.61,883098.695
601921.SH,20230411,8.09,8.38,8.04,8.27,8.08,0.19,2.3515,148323.0,122238.183
601928.SH,20230411,10.7,11.87,10.63,11.77,10.79,0.98,9.0825,476321.69,544129.931
601929.SH,20230411,2.11,2.2,2.09,2.18,2.11,0.07,3.3175,870175.48,187964.134
601933.SH,20230411,3.33,3.33,3.3,3.31,3.33,-0.02,-0.6006,250507.9,82882.276
601939.SH,20230411,6.07,6.08,6.03,6.07,6.05,0.02,0.3306,533176.67,323145.327
601949.SH,20230411,6.0,6.4,5.96,6.4,6.0,0.4,6.6667,368201.71,231610.459
601952.SH,20230411,11.69,11.73,11.63,11.73,11.67,0.06,0.5141,45363.12,52973.37
601956.SH,20230411,5.62,5.66,5.58,5.64,5.64,0.0,0.0,52006.72,29196.284
601958.SH,20230411,10.78,11.01,10.64,10.99,10.78,0.21,1.9481,343604.54,374069.205
601963.SH,20230411,7.23,7.24,7.21,7.24,7.22,0.02,0.277,25008.0,18075.655
601965.SH,20230411,24.07,24.16,22.9,23.45,24.16,-0.71,-2.9387,102904.83,240393.273
601966.SH,20230411,22.05,22.4,21.5,21.98,21.4,0.58,2.7103,198011.84,434434.078
601968.SH,20230411,7.01,7.04,6.97,7.02,7.01,0.01,0.1427,42727.0,29910.51
601969.SH,20230411,7.42,7.49,7.36,7.48,7.42,0.06,0.8086,104698.0,77667.181
601975.SH,20230411,3.56,3.57,3.5,3.56,3.56,0.0,0.0,564410.97,199055.45
601985.SH,20230411,6.6,6.61,6.52,6.61,6.59,0.02,0.3035,579030.02,380648.827
601988.SH,20230411,3.44,3.46,3.42,3.46,3.43,0.03,0.8746,1913724.54,658610.513
601989.SH,20230411,3.89,3.9,3.85,3.87,3.9,-0.03,-0.7692,743570.67,287703.75
601990.SH,20230411,9.0,9.13,8.94,9.0,8.94,0.06,0.6711,334564.86,301987.361
601991.SH,20230411,3.01,3.02,2.94,2.97,3.01,-0.04,-1.3289,868897.67,258045.454
601992.SH,20230411,2.43,2.45,2.42,2.45,2.44,0.01,0.4098,291212.64,71000.258
601995.SH,20230411,41.28,41.66,40.47,40.88,40.71,0.17,0.4176,156073.7,641664.939
601996.SH,20230411,2.56,2.56,2.52,2.54,2.56,-0.02,-0.7813,52974.0,13425.239
601997.SH,20230411,5.47,5.48,5.42,5.44,5.47,-0.03,-0.5484,202411.59,110160.012
601998.SH,20230411,5.43,5.52,5.39,5.49,5.41,0.08,1.4787,367767.32,201053.556
601999.SH,20230411,6.92,7.27,6.81,7.22,6.93,0.29,4.1847,85356.01,60912.684
603000.SH,20230411,21.66,23.83,21.21,23.83,21.66,2.17,10.0185,1120723.21,2549381.85
603001.SH,20230411,6.48,6.48,6.4,6.44,6.45,-0.01,-0.155,16755.0,10762.793
603002.SH,20230411,5.78,5.8,5.72,5.74,5.78,-0.04,-0.692,52390.5,30099.811
603003.SH,20230411,9.99,10.03,9.64,9.71,10.06,-0.35,-3.4791,145508.06,142053.073
603005.SH,20230411,27.91,28.51,27.19,28.18,28.0,0.18,0.6429,617795.26,1724166.552
603006.SH,20230411,9.74,9.79,9.58,9.58,9.68,-0.1,-1.0331,16025.82,15485.678
603007.SH,20230411,5.49,5.76,5.3,5.65,5.58,0.07,1.2545,96575.33,53349.459
603008.SH,20230411,33.5,34.09,33.02,33.31,33.86,-0.55,-1.6243,25394.0,85235.75
603009.SH,20230411,6.32,6.32,6.22,6.28,6.33,-0.05,-0.7899,30995.0,19411.44
603010.SH,20230411,12.48,12.48,12.04,12.11,12.48,-0.37,-2.9647,52999.0,64575.658
603011.SH,20230411,8.13,8.15,7.9,7.92,8.11,-0.19,-2.3428,126104.37,100332.332
603012.SH,20230411,5.68,5.68,5.58,5.63,5.64,-0.01,-0.1773,76809.0,43114.673
603013.SH,20230411,14.84,15.12,14.76,15.11,14.86,0.25,1.6824,20976.0,31483.927
603015.SH,20230411,7.88,7.91,7.73,7.82,7.86,-0.04,-0.5089,56172.0,43820.809
603016.SH,20230411,25.55,26.2,25.28,26.09,25.68,0.41,1.5966,44617.0,115059.337
603017.SH,20230411,10.31,10.35,9.87,10.06,10.31,-0.25,-2.4248,68502.0,68599.015
603018.SH,20230411,9.0,9.1,8.96,9.04,9.02,0.02,0.2217,95380.87,86051.005
603019.SH,20230411,38.56,41.02,37.69,41.02,38.56,2.46,6.3797,1113058.24,4371590.313
603020.SH,20230411,9.55,9.55,9.38,9.45,9.54,-0.09,-0.9434,21398.0,20228.918
603021.SH,20230411,5.55,5.55,5.47,5.5,5.53,-0.03,-0.5425,24171.6,13270.543
603022.SH,20230411,9.09,9.17,9.03,9.07,9.13,-0.06,-0.6572,13325.79,12106.618
603023.SH,20230411,3.83,3.9,3.81,3.83,3.84,-0.01,-0.2604,42067.24,16124.986
603025.SH,20230411,15.88,16.05,15.69,15.94,15.85,0.09,0.5678,48021.01,76312.069
603026.SH,20230411,81.36,82.82,80.74,82.05,81.36,0.69,0.8481,23330.27,191212.909
603027.SH,20230411,23.09,23.32,22.58,22.67,23.03,-0.36,-1.5632,141353.13,322692.224
603028.SH,20230411,10.65,10.75,10.5,10.7,10.65,0.05,0.4695,21003.4,22314.907
603029.SH,20230411,21.25,21.29,20.79,20.99,21.12,-0.13,-0.6155,32097.3,67283.835
603030.SH,20230411,1.97,2.01,1.95,2.0,1.99,0.01,0.5025,199038.0,39370.469
603031.SH,20230411,47.51,48.52,47.5,48.46,48.0,0.46,0.9583,3601.0,17321.769
603032.SH,20230411,69.09,71.07,67.8,70.0,66.73,3.27,4.9003,39329.52,274277.392
603033.SH,20230411,17.93,18.02,17.73,17.83,17.93,-0.1,-0.5577,13647.3,24316.749
603035.SH,20230411,18.06,18.23,17.85,18.13,18.05,0.08,0.4432,57527.41,103953.946
603036.SH,20230411,12.71,12.8,12.52,12.72,12.72,0.0,0.0,27302.0,34502.728
603037.SH,20230411,16.95,17.04,16.73,17.01,16.95,0.06,0.354,8486.98,14332.743
603038.SH,20230411,7.45,7.51,7.37,7.45,7.49,-0.04,-0.534,28454.84,21133.231
603039.SH,20230411,84.3,86.83,79.73,81.72,86.84,-5.12,-5.8959,50760.94,419188.943
603040.SH,20230411,19.25,19.32,18.89,19.11,19.25,-0.14,-0.7273,12314.45,23463.343
603041.SH,20230411,11.43,11.43,11.2,11.3,11.36,-0.06,-0.5282,11961.0,13496.656
603042.SH,20230411,12.76,12.86,12.53,12.66,12.58,0.08,0.6359,72580.26,92038.857
603043.SH,20230411,30.3,30.58,29.8,29.94,30.3,-0.36,-1.1881,27525.13,82875.216
603045.SH,20230411,13.99,13.99,13.8,13.88,14.02,-0.14,-0.9986,10214.0,14130.97
603048.SH,20230411,15.99,16.09,15.6,15.81,15.89,-0.08,-0.5035,9477.0,15009.268
603050.SH,20230411,19.0,19.25,18.9,19.06,19.15,-0.09,-0.47,24477.2,46526.826
603051.SH,20230411,48.02,48.48,47.31,48.39,48.31,0.08,0.1656,18900.56,90507.597
603052.SH,20230411,51.62,52.29,51.28,52.17,51.61,0.56,1.0851,9747.77,50549.907
603053.SH,20230411,9.44,9.45,9.29,9.31,9.43,-0.12,-1.2725,23397.57,21865.621
603055.SH,20230411,11.18,11.25,10.94,11.0,11.18,-0.18,-1.61,51153.38,56553.835
603056.SH,20230411,17.71,17.76,17.49,17.64,17.78,-0.14,-0.7874,41073.52,72281.696
603057.SH,20230411,26.6,26.89,26.25,26.46,26.45,0.01,0.0378,11164.13,29611.63
603058.SH,20230411,8.8,8.99,8.7,8.96,8.85,0.11,1.2429,63420.0,56311.228
603059.SH,20230411,26.15,26.22,25.53,25.74,26.17,-0.43,-1.6431,15242.27,39363.069
603060.SH,20230411,12.3,12.71,12.26,12.56,12.24,0.32,2.6144,32009.85,40185.218
603061.SH,20230411,114.75,116.75,113.28,115.92,114.69,1.23,1.0725,17217.54,198167.458
603063.SH,20230411,28.79,29.51,28.53,29.13,28.79,0.34,1.181,58813.87,171243.271
603065.SH,20230411,16.5,16.5,15.97,16.09,16.43,-0.34,-2.0694,42800.98,68985.888
603066.SH,20230411,12.18,12.2,11.45,11.75,12.21,-0.46,-3.7674,133631.45,156342.752
603067.SH,20230411,12.79,12.79,12.52,12.65,12.79,-0.14,-1.0946,51000.06,64253.853
603068.SH,20230411,37.34,38.38,36.82,37.63,37.32,0.31,0.8307,94266.86,355140.469
603069.SH,20230411,24.8,25.05,24.12,24.33,25.08,-0.75,-2.9904,75618.38,184766.517
603070.SH,20230411,17.2,17.29,16.96,17.04,17.14,-0.1,-0.5834,9315.43,15849.965
603071.SH,20230411,16.3,16.35,16.21,16.27,16.33,-0.06,-0.3674,14082.27,22904.83
603073.SH,20230411,20.54,20.67,20.18,20.29,20.6,-0.31,-1.5049,29347.83,59718.035
603076.SH,20230411,46.6,48.1,46.31,47.41,46.9,0.51,1.0874,21707.43,102902.404
603077.SH,20230411,2.93,2.93,2.9,2.92,2.93,-0.01,-0.3413,511292.8,148745.811
603078.SH,20230411,25.11,25.42,24.94,25.28,25.11,0.17,0.677,81820.52,206067.515
603079.SH,20230411,12.76,12.83,12.6,12.71,12.75,-0.04,-0.3137,9815.0,12466.337
603080.SH,20230411,13.67,13.84,13.61,13.81,13.7,0.11,0.8029,11347.0,15560.939
603081.SH,20230411,15.56,15.58,15.22,15.26,15.53,-0.27,-1.7386,36037.0,55414.925
603083.SH,20230411,44.35,46.44,41.85,46.04,45.73,0.31,0.6779,565175.46,2515673.725
603085.SH,20230411,9.85,10.01,9.74,10.01,9.89,0.12,1.2133,18258.92,18039.813
603086.SH,20230411,11.16,11.22,11.09,11.21,11.16,0.05,0.448,25699.51,28634.954
603087.SH,20230411,39.13,39.9,39.01,39.54,39.01,0.53,1.3586,58222.6,229356.022
603088.SH,20230411,8.85,8.85,8.49,8.59,8.68,-0.09,-1.0369,126493.83,108617.953
603089.SH,20230411,9.99,9.99,8.89,9.03,9.15,-0.12,-1.3115,97425.71,90126.842
603090.SH,20230411,21.33,21.45,21.01,21.24,21.33,-0.09,-0.4219,18430.0,39024.594
603093.SH,20230411,11.81,12.02,11.69,11.9,11.84,0.06,0.5068,39600.0,46996.132
603095.SH,20230411,23.46,23.6,23.25,23.52,23.35,0.17,0.7281,5811.0,13613.311
603096.SH,20230411,21.06,23.2,20.9,23.2,21.09,2.11,10.0047,65242.13,147095.729
603097.SH,20230411,19.36,19.36,19.0,19.22,19.38,-0.16,-0.8256,11338.72,21705.415
603098.SH,20230411,26.65,27.18,26.4,26.48,26.65,-0.17,-0.6379,15520.07,41463.45
603099.SH,20230411,10.49,10.64,10.33,10.5,10.43,0.07,0.6711,54535.0,57407.53
603100.SH,20230411,37.25,38.7,37.0,38.55,37.65,0.9,2.3904,29601.42,113340.736
603101.SH,20230411,5.05,5.2,5.05,5.19,5.11,0.08,1.5656,24902.6,12774.919
603102.SH,20230411,44.64,44.85,43.91,44.15,44.82,-0.67,-1.4949,12320.56,54525.891
603103.SH,20230411,15.86,16.45,15.6,16.22,15.75,0.47,2.9841,40049.22,64659.047
603105.SH,20230411,15.8,16.05,15.56,15.81,15.84,-0.03,-0.1894,92273.44,145407.48
603106.SH,20230411,6.09,6.21,5.99,6.15,6.14,0.01,0.1629,87176.87,53325.875
603108.SH,20230411,13.46,13.82,13.46,13.51,13.54,-0.03,-0.2216,214754.32,292250.955
603109.SH,20230411,17.16,17.16,16.56,16.75,17.13,-0.38,-2.2183,84282.1,140833.558
603110.SH,20230411,36.02,36.02,36.02,36.02,40.02,-4.0,-9.995,4222.0,15207.644
603111.SH,20230411,4.46,4.48,4.43,4.47,4.48,-0.01,-0.2232,30626.88,13629.1
603112.SH,20230411,10.79,10.81,10.51,10.59,10.79,-0.2,-1.8536,21321.0,22574.827
603113.SH,20230411,9.75,9.89,9.71,9.85,9.78,0.07,0.7157,53315.0,52315.382
603115.SH,20230411,17.1,17.17,16.72,16.87,17.18,-0.31,-1.8044,19547.8,33066.393
603116.SH,20230411,5.19,5.24,5.14,5.21,5.18,0.03,0.5792,18290.2,9510.13
603117.SH,20230411,3.96,4.05,3.96,4.03,4.01,0.02,0.4988,25006.2,10041.705
603118.SH,20230411,10.53,10.78,10.3,10.51,10.57,-0.06,-0.5676,121393.62,126980.182
603121.SH,20230411,6.72,6.86,6.63,6.67,6.77,-0.1,-1.4771,28327.86,18945.659
603122.SH,20230411,10.05,10.11,9.97,10.0,10.05,-0.05,-0.4975,25403.83,25417.527
300252.SZ,20230411,10.39,10.68,10.38,10.45,10.35,0.1,0.9662,198032.39,208224.065
300253.SZ,20230411,13.55,13.85,13.22,13.73,13.78,-0.05,-0.3628,673167.25,909357.462
300254.SZ,20230411,6.41,6.44,6.29,6.34,6.41,-0.07,-1.092,37460.8,23824.397
300255.SZ,20230411,5.59,5.62,5.5,5.54,5.56,-0.02,-0.3597,37260.65,20631.663
300256.SZ,20230411,2.96,2.98,2.94,2.98,2.95,0.03,1.0169,85681.5,25362.138
300257.SZ,20230411,17.57,18.8,17.57,18.13,17.51,0.62,3.5408,145642.35,267346.565
300258.SZ,20230411,10.52,10.55,10.29,10.37,10.54,-0.17,-1.6129,51662.14,53615.152
300259.SZ,20230411,3.56,3.62,3.52,3.61,3.57,0.04,1.1204,113545.2,40503.054
300260.SZ,20230411,74.22,76.77,73.37,73.83,75.07,-1.24,-1.6518,48131.32,359075.776
300261.SZ,20230411,11.33,11.43,11.31,11.4,11.32,0.08,0.7067,88538.68,100701.819
300262.SZ,20230411,2.6,2.62,2.57,2.58,2.62,-0.04,-1.5267,52446.21,13540.462
300263.SZ,20230411,7.88,7.91,7.71,7.77,7.91,-0.14,-1.7699,178866.05,139220.134
300264.SZ,20230411,6.77,7.1,6.71,6.88,6.73,0.15,2.2288,266198.82,184349.277
300265.SZ,20230411,9.5,9.5,9.18,9.23,9.5,-0.27,-2.8421,52755.92,48830.511
300266.SZ,20230411,3.37,3.38,3.3,3.32,3.36,-0.04,-1.1905,138233.96,46054.145
300267.SZ,20230411,3.34,3.34,3.29,3.31,3.35,-0.04,-1.194,153986.69,50994.682
300268.SZ,20230411,19.61,20.82,19.38,20.56,19.35,1.21,6.2532,73339.22,147198.56
300269.SZ,20230411,4.19,4.27,4.11,4.19,4.18,0.01,0.2392,141235.0,59318.393
300270.SZ,20230411,6.94,7.16,6.85,7.07,6.89,0.18,2.6125,52319.0,36820.539
300271.SZ,20230411,10.25,10.4,10.08,10.38,10.18,0.2,1.9646,171778.87,176145.452
300272.SZ,20230411,5.52,5.55,5.46,5.51,5.53,-0.02,-0.3617,33067.73,18200.355
300273.SZ,20230411,2.24,2.31,2.16,2.26,2.31,-0.05,-2.1645,297595.17,66545.951
300274.SZ,20230411,102.0,104.43,100.12,102.82,101.45,1.37,1.3504,327716.25,3356564.314
300275.SZ,20230411,23.68,25.31,23.2,23.72,24.01,-0.29,-1.2078,119724.0,290941.266
300276.SZ,20230411,3.52,3.56,3.49,3.51,3.53,-0.02,-0.5666,97597.24,34303.291
300277.SZ,20230411,7.92,8.07,7.8,8.01,7.88,0.13,1.6497,51894.0,41333.474
300278.SZ,20230411,4.34,4.35,4.27,4.31,4.31,0.0,0.0,84437.17,36346.919
300279.SZ,20230411,5.8,5.8,5.66,5.73,5.74,-0.01,-0.1742,47377.0,27090.533
300280.SZ,20230411,22.78,23.68,22.53,23.17,22.77,0.4,1.7567,55454.93,129015.432
300281.SZ,20230411,5.09,5.15,5.05,5.09,5.1,-0.01,-0.1961,27977.0,14233.121
300282.SZ,20230411,5.04,5.12,4.9,4.94,5.04,-0.1,-1.9841,36232.78,18039.841
300283.SZ,20230411,5.54,5.57,5.46,5.54,5.57,-0.03,-0.5386,53187.32,29386.88
300284.SZ,20230411,5.93,6.0,5.86,5.99,5.93,0.06,1.0118,87068.53,51669.175
300285.SZ,20230411,29.35,30.04,29.08,29.14,29.49,-0.35,-1.1868,42479.77,125059.657
300286.SZ,20230411,41.31,41.8,38.8,39.54,41.22,-1.68,-4.0757,30198.18,121199.309
300287.SZ,20230411,4.29,4.53,4.22,4.52,4.29,0.23,5.3613,1021296.17,450459.294
300288.SZ,20230411,16.98,17.95,16.16,17.83,16.97,0.86,5.0678,472187.63,814327.749
300289.SZ,20230411,5.8,5.87,5.73,5.79,5.8,-0.01,-0.1724,42553.0,24627.221
300290.SZ,20230411,5.36,5.64,5.32,5.59,5.43,0.16,2.9466,434938.36,239797.216
300291.SZ,20230411,6.7,7.86,6.69,7.78,6.75,1.03,15.2593,1226959.75,911088.87
300292.SZ,20230411,3.66,3.77,3.63,3.73,3.66,0.07,1.9126,326802.08,121354.349
300293.SZ,20230411,12.3,12.5,12.03,12.14,12.41,-0.27,-2.1757,147814.0,180552.69
300951.SZ,20230411,55.9,56.76,55.61,55.66,55.8,-0.14,-0.2509,7713.98,43267.403
300952.SZ,20230411,19.55,19.77,19.13,19.55,19.46,0.09,0.4625,18589.55,36086.018
300953.SZ,20230411,76.83,78.5,76.05,78.08,76.83,1.25,1.627,7573.29,58603.313
300955.SZ,20230411,23.72,24.05,23.43,23.89,23.68,0.21,0.8868,6708.17,15960.109
300956.SZ,20230411,16.63,16.65,16.21,16.41,16.63,-0.22,-1.3229,21794.12,35766.937
300957.SZ,20230411,127.22,128.95,125.0,127.37,127.47,-0.1,-0.0784,24573.38,311079.352
300958.SZ,20230411,19.6,19.97,19.33,19.57,19.53,0.04,0.2048,24942.0,48957.379
300959.SZ,20230411,38.35,40.19,37.47,39.78,39.01,0.77,1.9739,56333.95,221296.703
300960.SZ,20230411,18.11,18.33,17.9,18.03,18.28,-0.25,-1.3676,5272.0,9525.49
300961.SZ,20230411,11.75,11.75,11.41,11.64,11.67,-0.03,-0.2571,23771.89,27531.974
300962.SZ,20230411,16.66,16.68,16.33,16.51,16.61,-0.1,-0.602,17925.76,29499.569
300963.SZ,20230411,17.33,17.5,17.08,17.35,17.33,0.02,0.1154,13500.67,23319.129
300964.SZ,20230411,47.06,48.07,46.0,47.0,47.05,-0.05,-0.1063,43611.6,206065.395
300965.SZ,20230411,46.78,47.14,46.46,47.07,46.77,0.3,0.6414,2284.0,10709.639
300966.SZ,20230411,25.76,25.89,25.49,25.78,25.58,0.2,0.7819,10932.25,28050.115
300967.SZ,20230411,18.2,18.25,17.7,17.83,18.41,-0.58,-3.1505,59261.47,105951.488
300968.SZ,20230411,9.54,9.57,9.37,9.46,9.53,-0.07,-0.7345,35111.0,33185.525
300969.SZ,20230411,61.25,61.45,59.19,59.89,61.15,-1.26,-2.0605,7582.13,45533.162
300970.SZ,20230411,20.99,21.85,20.18,21.46,19.36,2.1,10.8471,135479.09,283464.185
300971.SZ,20230411,25.19,25.6,24.2,24.36,25.37,-1.01,-3.9811,24518.32,60486.251
300972.SZ,20230411,29.0,31.9,28.21,31.72,27.75,3.97,14.3063,137316.45,410001.987
300973.SZ,20230411,97.75,99.88,95.05,96.51,98.01,-1.5,-1.5305,6658.0,64619.934
300975.SZ,20230411,7.34,7.44,7.28,7.37,7.35,0.02,0.2721,50175.76,36895.568
300976.SZ,20230411,52.4,53.54,52.11,52.68,52.39,0.29,0.5535,6954.0,36784.253
300977.SZ,20230411,23.5,23.94,23.07,23.72,23.54,0.18,0.7647,13225.73,31029.977
300978.SZ,20230411,11.92,12.0,11.75,11.88,11.92,-0.04,-0.3356,18652.83,22042.254
300979.SZ,20230411,49.43,50.49,49.22,49.35,49.43,-0.08,-0.1618,18864.88,94075.128
300980.SZ,20230411,21.23,21.4,20.8,20.94,21.53,-0.59,-2.7404,14242.87,29926.713
300981.SZ,20230411,22.7,23.62,22.62,23.47,22.78,0.69,3.029,45165.06,104843.53
300982.SZ,20230411,58.2,60.88,56.93,58.3,56.26,2.04,3.626,47535.39,281611.587
300983.SZ,20230411,31.01,31.2,30.85,31.17,31.16,0.01,0.0321,2213.4,6871.45
300984.SZ,20230411,23.23,23.46,22.7,22.85,23.35,-0.5,-2.1413,11082.37,25426.255
300985.SZ,20230411,28.74,30.18,28.74,29.68,29.4,0.28,0.9524,50330.02,149004.063
300986.SZ,20230411,40.08,40.88,39.7,40.68,40.1,0.58,1.4464,6485.39,26168.077
300987.SZ,20230411,18.82,21.38,18.53,20.91,18.67,2.24,11.9979,206242.05,419689.082
300988.SZ,20230411,21.25,21.25,20.85,20.92,21.26,-0.34,-1.5992,13684.6,28686.773
300989.SZ,20230411,21.62,22.1,21.33,21.36,21.61,-0.25,-1.1569,14854.8,32061.411
300990.SZ,20230411,77.08,77.3,74.68,75.4,77.05,-1.65,-2.1415,11460.29,86605.352
300991.SZ,20230411,14.51,14.63,14.25,14.35,14.63,-0.28,-1.9139,41157.82,59194.704
300992.SZ,20230411,19.19,19.24,18.57,18.73,19.13,-0.4,-2.091,11277.81,21174.331
300993.SZ,20230411,12.55,12.69,12.49,12.6,12.61,-0.01,-0.0793,14755.82,18584.628
300994.SZ,20230411,22.2,22.47,21.88,22.08,22.07,0.01,0.0453,9738.51,21555.686
603169.SH,20230411,7.8,8.38,7.78,8.37,7.82,0.55,7.0332,893039.75,731090.326
603170.SH,20230411,24.5,25.63,24.2,24.85,24.15,0.7,2.8986,31962.91,79464.747
603171.SH,20230411,47.0,47.4,45.8,46.52,46.8,-0.28,-0.5983,19238.0,89562.817
603173.SH,20230411,26.0,26.0,25.37,25.57,26.01,-0.44,-1.6917,12236.33,31252.506
603176.SH,20230411,6.74,6.75,6.63,6.67,6.75,-0.08,-1.1852,20263.73,13514.186
603177.SH,20230411,14.62,14.7,14.44,14.66,14.64,0.02,0.1366,12933.0,18846.73
603178.SH,20230411,9.8,9.89,9.73,9.86,9.78,0.08,0.818,18613.0,18266.549
603179.SH,20230411,40.81,41.04,39.5,40.74,40.89,-0.15,-0.3668,70479.22,282513.032
603180.SH,20230411,40.81,42.3,40.02,41.1,41.01,0.09,0.2195,6175.1,25516.362
603181.SH,20230411,12.65,12.74,12.3,12.37,12.66,-0.29,-2.2907,52717.73,65643.41
603182.SH,20230411,16.27,16.3,16.13,16.3,16.28,0.02,0.1229,8849.61,14353.124
603183.SH,20230411,4.54,4.74,4.54,4.7,4.46,0.24,5.3812,295926.68,137782.853
603185.SH,20230411,106.0,106.2,102.82,103.23,105.71,-2.48,-2.346,36794.32,382891.865
603186.SH,20230411,33.7,33.85,32.2,32.54,33.3,-0.76,-2.2823,48896.0,160978.325
603187.SH,20230411,26.43,26.56,26.26,26.53,26.43,0.1,0.3784,11153.0,29433.629
603188.SH,20230411,3.7,3.7,3.66,3.68,3.71,-0.03,-0.8086,33051.0,12156.748
603189.SH,20230411,17.61,17.98,17.27,17.55,17.72,-0.17,-0.9594,79956.74,140268.452
603190.SH,20230411,30.2,30.3,29.91,29.95,30.36,-0.41,-1.3505,16384.42,49219.107
603191.SH,20230411,20.9,21.25,20.59,21.25,20.91,0.34,1.626,23191.0,48682.251
603192.SH,20230411,19.58,19.92,19.21,19.39,19.8,-0.41,-2.0707,7064.55,13769.155
603195.SH,20230411,153.9,155.47,151.5,152.34,153.9,-1.56,-1.0136,6251.8,95584.639
603196.SH,20230411,8.23,8.61,8.1,8.43,8.23,0.2,2.4301,46999.0,39530.488
603197.SH,20230411,42.83,43.42,40.98,41.42,42.11,-0.69,-1.6386,76425.07,322763.148
603198.SH,20230411,62.0,62.18,59.98,60.08,62.28,-2.2,-3.5324,69977.36,424913.644
603199.SH,20230411,29.39,30.5,28.96,29.18,28.88,0.3,1.0388,66165.01,195796.309
603200.SH,20230411,22.78,22.81,21.87,21.94,22.81,-0.87,-3.8141,54333.04,120775.771
603201.SH,20230411,32.48,34.88,32.4,33.76,32.0,1.76,5.5,24490.0,82822.388
603203.SH,20230411,33.9,34.14,33.08,33.24,33.72,-0.48,-1.4235,7682.21,25754.574
603206.SH,20230411,17.45,18.09,17.28,17.8,17.45,0.35,2.0057,45101.15,80044.067
603208.SH,20230411,67.21,69.0,66.13,67.11,67.29,-0.18,-0.2675,8106.02,54552.542
603209.SH,20230411,32.82,33.31,32.31,33.12,32.82,0.3,0.9141,9788.14,32086.548
603211.SH,20230411,14.95,15.13,14.83,15.0,14.98,0.02,0.1335,36964.65,55325.021
603212.SH,20230411,24.74,24.93,24.43,24.57,24.87,-0.3,-1.2063,67860.92,166816.029
603213.SH,20230411,14.5,14.61,14.31,14.58,14.43,0.15,1.0395,8435.11,12187.754
603214.SH,20230411,17.99,18.14,17.82,18.05,18.0,0.05,0.2778,11880.0,21394.23
603215.SH,20230411,15.94,16.06,15.7,16.05,15.82,0.23,1.4539,13424.0,21381.866
603216.SH,20230411,14.23,14.32,14.12,14.21,14.21,0.0,0.0,7192.86,10212.022
603217.SH,20230411,30.4,30.67,29.55,29.63,30.38,-0.75,-2.4687,11970.48,35740.214
603218.SH,20230411,21.66,21.66,21.16,21.3,21.52,-0.22,-1.0223,45497.48,96835.41
603219.SH,20230411,18.72,18.74,18.32,18.47,18.63,-0.16,-0.8588,13229.46,24418.144
603220.SH,20230411,13.0,13.25,13.0,13.13,13.1,0.03,0.229,30851.91,40439.205
603221.SH,20230411,7.53,7.53,7.4,7.43,7.51,-0.08,-1.0652,11454.0,8519.973
603301.SH,20230411,36.33,36.43,35.91,36.12,36.16,-0.04,-0.1106,9960.03,35986.472
603303.SH,20230411,15.07,15.14,14.9,15.13,14.99,0.14,0.934,14934.0,22397.284
603305.SH,20230411,35.8,36.3,34.84,35.06,35.75,-0.69,-1.9301,72882.47,257221.351
603306.SH,20230411,39.66,39.83,38.45,38.76,39.78,-1.02,-2.5641,54393.83,212108.758
603307.SH,20230411,56.45,56.48,54.93,55.26,55.9,-0.64,-1.1449,10864.23,60295.08
603308.SH,20230411,19.74,19.74,19.19,19.32,19.74,-0.42,-2.1277,53857.52,104128.155
603309.SH,20230411,17.4,18.2,17.31,17.66,17.54,0.12,0.6842,55653.62,98465.379
603311.SH,20230411,13.19,13.23,12.82,12.99,13.28,-0.29,-2.1837,18527.93,24040.355
603313.SH,20230411,11.0,11.0,10.77,10.85,10.85,0.0,0.0,25566.5,27764.462
603315.SH,20230411,15.65,15.99,15.59,15.76,16.17,-0.41,-2.5356,37659.2,59208.808
603316.SH,20230411,5.58,5.63,5.51,5.58,5.59,-0.01,-0.1789,32886.1,18299.177
603317.SH,20230411,17.3,17.3,16.78,16.81,17.28,-0.47,-2.7199,74709.2,126487.855
603318.SH,20230411,7.84,7.9,7.77,7.89,7.83,0.06,0.7663,35013.97,27461.956
603319.SH,20230411,15.54,15.54,15.24,15.4,15.54,-0.14,-0.9009,20155.43,30929.397
603320.SH,20230411,12.64,12.8,12.23,12.32,12.7,-0.38,-2.9921,13380.0,16593.281
603321.SH,20230411,6.93,6.95,6.83,6.87,6.92,-0.05,-0.7225,18460.0,12690.021
603322.SH,20230411,19.17,19.18,18.57,18.81,19.17,-0.36,-1.8779,39811.0,74898.265
603323.SH,20230411,4.64,4.64,4.59,4.61,4.64,-0.03,-0.6466,150298.8,69240.974
603324.SH,20230411,36.57,36.87,35.55,35.85,36.18,-0.33,-0.9121,10878.49,39221.473
603326.SH,20230411,8.22,8.35,8.19,8.28,8.17,0.11,1.3464,15603.01,12922.015
603327.SH,20230411,15.01,15.15,14.92,15.1,15.08,0.02,0.1326,20896.7,31480.738
603328.SH,20230411,7.55,7.66,7.45,7.57,7.52,0.05,0.6649,154325.28,116657.364
603329.SH,20230411,15.24,15.27,15.12,15.26,15.25,0.01,0.0656,7881.26,11971.213
603330.SH,20230411,12.0,12.05,11.8,11.86,12.05,-0.19,-1.5768,37473.64,44538.815
603331.SH,20230411,13.2,13.34,13.09,13.25,13.24,0.01,0.0755,15385.77,20282.358
603332.SH,20230411,10.72,10.74,10.62,10.66,10.68,-0.02,-0.1873,10896.65,11628.666
603333.SH,20230411,5.97,5.99,5.84,5.89,5.98,-0.09,-1.505,48706.75,28670.617
603335.SH,20230411,5.68,5.74,5.6,5.65,5.68,-0.03,-0.5282,32857.7,18489.714
603336.SH,20230411,6.37,6.39,6.31,6.39,6.36,0.03,0.4717,42958.34,27254.373
603337.SH,20230411,20.8,21.0,20.63,20.85,20.82,0.03,0.1441,11511.01,23960.734
603338.SH,20230411,56.49,56.49,54.54,54.88,55.9,-1.02,-1.8247,24348.19,133883.222
603339.SH,20230411,14.49,14.62,14.34,14.5,14.49,0.01,0.069,37783.12,54730.035
603345.SH,20230411,157.5,159.99,153.26,154.6,158.0,-3.4,-2.1519,25687.19,399903.319
603348.SH,20230411,49.26,49.46,48.44,48.7,49.22,-0.52,-1.0565,20866.0,101621.223
603351.SH,20230411,24.7,25.56,24.52,24.64,24.7,-0.06,-0.2429,6722.0,16744.419
603353.SH,20230411,17.4,17.4,17.01,17.14,17.17,-0.03,-0.1747,9219.1,15771.309
603355.SH,20230411,30.38,30.67,29.4,29.58,30.68,-1.1,-3.5854,25110.68,75227.197
603356.SH,20230411,12.14,12.26,12.12,12.21,12.24,-0.03,-0.2451,10945.0,13322.738
603357.SH,20230411,11.11,11.2,10.93,11.15,11.11,0.04,0.36,62554.37,69239.699
603358.SH,20230411,19.55,19.73,19.3,19.45,19.55,-0.1,-0.5115,20496.52,39915.869
603359.SH,20230411,10.77,11.11,10.73,10.82,10.74,0.08,0.7449,68309.45,74513.781
603360.SH,20230411,15.37,15.5,15.16,15.27,15.38,-0.11,-0.7152,35505.56,54232.104
603508.SH,20230411,16.87,17.18,16.7,16.98,16.83,0.15,0.8913,33815.54,57311.54
603511.SH,20230411,15.75,15.87,15.7,15.73,15.8,-0.07,-0.443,3431.0,5405.399
603515.SH,20230411,19.63,19.63,19.22,19.32,19.63,-0.31,-1.5792,10905.0,21104.228
603516.SH,20230411,19.02,19.62,18.86,19.42,19.06,0.36,1.8888,46612.34,90014.292
603517.SH,20230411,45.32,46.09,43.78,44.48,45.31,-0.83,-1.8318,91144.29,406860.802
603518.SH,20230411,9.08,9.34,8.93,9.1,9.08,0.02,0.2203,88641.6,80759.376
603519.SH,20230411,13.23,13.49,13.02,13.26,13.13,0.13,0.9901,43863.52,58227.473
603520.SH,20230411,18.51,18.81,18.41,18.81,18.59,0.22,1.1834,31412.0,58404.524
603527.SH,20230411,12.65,12.85,12.45,12.84,12.63,0.21,1.6627,24036.81,30478.788
603528.SH,20230411,8.09,8.23,8.03,8.17,8.03,0.14,1.7435,107201.3,87416.282
603529.SH,20230411,67.51,67.77,65.29,67.2,68.15,-0.95,-1.394,58400.47,388757.716
603530.SH,20230411,15.28,15.28,14.95,15.04,15.24,-0.2,-1.3123,15100.0,22670.226
603533.SH,20230411,22.3,24.68,22.15,23.77,22.44,1.33,5.9269,258015.17,617214.158
603535.SH,20230411,17.47,17.56,17.23,17.45,17.61,-0.16,-0.9086,7437.4,12936.471
603536.SH,20230411,6.33,6.36,6.23,6.26,6.35,-0.09,-1.4173,30426.8,19109.857
603538.SH,20230411,24.6,24.64,24.14,24.36,24.61,-0.25,-1.0158,31191.33,75905.867
603551.SH,20230411,11.35,11.47,11.13,11.16,11.39,-0.23,-2.0193,18665.0,21016.168
603555.SH,20230411,3.09,3.17,3.08,3.15,3.11,0.04,1.2862,85256.0,26609.414
603556.SH,20230411,23.07,23.56,22.93,23.35,23.11,0.24,1.0385,36900.99,85877.509
603557.SH,20230411,2.76,2.8,2.7,2.73,2.78,-0.05,-1.7986,50995.84,13971.662
603558.SH,20230411,8.23,8.26,8.13,8.21,8.26,-0.05,-0.6053,29280.25,23937.739
603559.SH,20230411,12.52,12.62,12.25,12.42,12.6,-0.18,-1.4286,50666.71,62886.373
603565.SH,20230411,17.33,17.73,16.35,17.49,17.41,0.08,0.4595,118755.9,205282.993
603566.SH,20230411,30.2,30.29,29.51,29.93,30.01,-0.08,-0.2666,37803.58,112562.03
603567.SH,20230411,16.12,16.88,15.87,16.63,16.32,0.31,1.8995,142577.72,234192.431
603568.SH,20230411,18.41,18.47,18.3,18.4,18.37,0.03,0.1633,24777.2,45544.775
603569.SH,20230411,8.75,8.81,8.6,8.81,8.79,0.02,0.2275,14332.23,12483.715
603577.SH,20230411,9.65,9.7,9.57,9.66,9.67,-0.01,-0.1034,14916.7,14330.119
603578.SH,20230411,14.12,14.39,13.94,14.15,14.29,-0.14,-0.9797,35163.17,49612.829
603579.SH,20230411,21.77,22.03,21.53,21.92,21.7,0.22,1.0138,8184.0,17894.37
603580.SH,20230411,15.0,15.09,14.7,14.75,15.06,-0.31,-2.0584,12740.26,18913.883
603583.SH,20230411,24.58,24.58,24.02,24.26,24.48,-0.22,-0.8987,37197.34,90099.583
603585.SH,20230411,17.9,17.9,17.67,17.76,17.81,-0.05,-0.2807,6730.0,11923.0
603586.SH,20230411,14.37,14.5,14.22,14.36,14.37,-0.01,-0.0696,11622.0,16629.733
603587.SH,20230411,15.46,15.48,15.34,15.37,15.37,0.0,0.0,7453.75,11476.636
603588.SH,20230411,10.4,10.4,10.02,10.18,10.32,-0.14,-1.3566,120524.05,122630.93
603589.SH,20230411,64.09,64.29,61.29,62.0,64.37,-2.37,-3.6818,138851.75,863987.925
603590.SH,20230411,36.42,36.68,35.23,35.97,36.56,-0.59,-1.6138,19652.3,70419.258
603595.SH,20230411,51.28,51.62,50.06,50.54,51.3,-0.76,-1.4815,28533.62,144398.139
603596.SH,20230411,65.7,66.25,64.5,65.61,66.08,-0.47,-0.7113,32967.75,215262.83
603598.SH,20230411,10.2,10.65,10.12,10.56,10.24,0.32,3.125,137282.0,144005.898
603599.SH,20230411,31.0,31.41,30.8,31.13,31.18,-0.05,-0.1604,43320.17,134580.44
603733.SH,20230411,25.93,26.4,25.81,25.91,26.05,-0.14,-0.5374,26268.03,68386.821
603737.SH,20230411,113.14,116.35,111.26,111.8,112.89,-1.09,-0.9655,22570.04,255548.054
603738.SH,20230411,27.3,27.7,27.0,27.37,27.39,-0.02,-0.073,43757.6,119717.909
603739.SH,20230411,14.36,14.41,14.16,14.23,14.3,-0.07,-0.4895,10777.6,15371.058
603755.SH,20230411,38.69,39.0,38.0,38.44,38.74,-0.3,-0.7744,7053.0,27063.01
603757.SH,20230411,25.8,26.47,25.48,26.43,25.8,0.63,2.4419,25850.94,67595.607
603758.SH,20230411,10.67,10.72,10.54,10.67,10.67,0.0,0.0,30758.0,32700.089
603759.SH,20230411,9.52,9.52,9.34,9.38,9.51,-0.13,-1.367,23712.62,22290.57
603766.SH,20230411,4.9,4.94,4.85,4.92,4.9,0.02,0.4082,98388.02,48166.643
603767.SH,20230411,6.98,7.02,6.83,6.86,7.0,-0.14,-2.0,27686.4,19082.276
603768.SH,20230411,14.99,15.03,14.8,14.88,14.96,-0.08,-0.5348,8935.0,13287.528
603773.SH,20230411,20.41,20.79,19.93,20.14,20.55,-0.41,-1.9951,42231.26,85503.293
603776.SH,20230411,16.15,16.22,15.78,15.95,15.93,0.02,0.1255,38548.46,61551.434
603777.SH,20230411,16.93,17.06,16.58,16.8,16.89,-0.09,-0.5329,24151.3,40512.844
603778.SH,20230411,5.5,5.66,5.41,5.58,5.47,0.11,2.011,215570.71,119113.712
603779.SH,20230411,6.48,6.55,6.4,6.49,6.54,-0.05,-0.7645,38419.65,24857.916
603786.SH,20230411,59.8,61.66,57.8,58.2,58.93,-0.73,-1.2388,14889.57,88781.351
603787.SH,20230411,19.27,19.32,18.88,19.07,19.24,-0.17,-0.8836,14828.0,28218.521
603788.SH,20230411,11.08,11.08,10.85,10.94,11.02,-0.08,-0.726,10116.8,11051.488
603789.SH,20230411,8.66,8.77,8.56,8.77,8.71,0.06,0.6889,31160.0,26952.913
603790.SH,20230411,10.65,10.83,10.55,10.61,10.67,-0.06,-0.5623,8756.5,9304.581
603797.SH,20230411,5.65,5.66,5.56,5.61,5.65,-0.04,-0.708,38508.4,21539.847
603798.SH,20230411,10.59,10.68,10.46,10.59,10.54,0.05,0.4744,17008.0,17983.442
603799.SH,20230411,54.25,55.99,54.14,55.9,54.2,1.7,3.1365,387996.51,2152908.82
603800.SH,20230411,28.06,28.09,27.46,27.98,27.97,0.01,0.0358,11372.0,31606.417
688618.SH,20230411,101.83,104.29,100.68,104.29,100.99,3.3,3.2677,2492.22,25655.792
688619.SH,20230411,23.0,23.92,21.32,23.18,21.92,1.26,5.7482,142683.05,319240.451
688621.SH,20230411,109.98,109.98,104.73,106.6,109.5,-2.9,-2.6484,6625.25,70034.711
688622.SH,20230411,38.44,39.47,38.09,38.7,38.44,0.26,0.6764,6850.12,26513.455
688625.SH,20230411,46.8,47.43,45.85,46.98,46.19,0.79,1.7103,3156.79,14782.849
688626.SH,20230411,42.1,44.0,41.66,43.23,42.0,1.23,2.9286,17428.38,75095.63
688628.SH,20230411,39.59,41.5,39.59,40.6,39.99,0.61,1.5254,17675.26,71776.322
688630.SH,20230411,79.01,79.3,76.58,77.59,78.44,-0.85,-1.0836,15965.99,124243.716
688633.SH,20230411,47.28,47.28,45.93,46.46,47.05,-0.59,-1.254,3275.81,15204.342
688636.SH,20230411,92.3,93.88,91.2,92.21,92.78,-0.57,-0.6144,6212.04,57052.086
688639.SH,20230411,167.3,175.58,166.35,174.4,167.64,6.76,4.0325,9160.81,158154.74
688655.SH,20230411,14.69,14.97,14.36,14.51,14.54,-0.03,-0.2063,25875.06,37741.694
688656.SH,20230411,40.3,41.88,39.08,39.7,40.12,-0.42,-1.0469,3072.09,12315.968
688658.SH,20230411,22.16,22.67,21.47,21.57,22.22,-0.65,-2.9253,71825.64,156432.836
688659.SH,20230411,13.37,13.4,12.97,13.06,13.34,-0.28,-2.099,30638.8,40119.073
688660.SH,20230411,6.05,6.08,6.05,6.06,6.08,-0.02,-0.3289,33652.41,20397.88
688661.SH,20230411,109.12,110.11,99.45,104.0,107.77,-3.77,-3.4982,28844.83,298764.644
603881.SH,20230411,36.37,37.05,35.33,36.13,36.36,-0.23,-0.6326,147185.12,533090.141
603882.SH,20230411,88.76,89.99,87.58,89.9,87.57,2.33,2.6607,28699.82,255820.925
603883.SH,20230411,36.0,37.69,35.73,36.6,36.0,0.6,1.6667,59740.75,219328.144
603885.SH,20230411,19.79,19.79,18.9,19.05,19.82,-0.77,-3.885,156707.21,300570.729
603886.SH,20230411,18.82,19.12,18.73,18.92,18.82,0.1,0.5313,28499.0,54100.423
603887.SH,20230411,8.06,8.24,7.98,8.19,8.1,0.09,1.1111,81136.77,65964.736
603888.SH,20230411,34.88,37.72,33.0,37.72,34.29,3.43,10.0029,446969.0,1618710.92
603889.SH,20230411,7.76,8.08,7.7,8.07,7.77,0.3,3.861,44069.3,34813.345
603890.SH,20230411,9.88,10.06,9.76,9.82,9.92,-0.1,-1.0081,94574.82,93403.087
603893.SH,20230411,100.05,100.6,93.0,96.8,100.09,-3.29,-3.287,96256.58,931652.943
603895.SH,20230411,27.22,27.59,27.08,27.3,27.3,0.0,0.0,5323.49,14512.264
603896.SH,20230411,48.99,49.5,48.48,48.55,49.06,-0.51,-1.0395,24522.62,119658.503
603897.SH,20230411,20.29,20.39,19.88,19.93,20.39,-0.46,-2.256,37239.92,74629.66
603898.SH,20230411,11.55,11.83,11.55,11.67,11.68,-0.01,-0.0856,13363.0,15628.445
603899.SH,20230411,48.32,49.88,48.17,48.9,48.41,0.49,1.0122,55268.5,271361.376
603900.SH,20230411,6.29,6.41,6.24,6.4,6.29,0.11,1.7488,16045.39,10176.838
603901.SH,20230411,14.89,15.11,14.61,15.03,14.82,0.21,1.417,34162.73,51142.359
603903.SH,20230411,9.2,9.7,9.09,9.61,9.21,0.4,4.3431,67435.8,63939.43
603906.SH,20230411,21.73,21.9,21.51,21.78,21.75,0.03,0.1379,44696.65,97081.87
603908.SH,20230411,60.18,61.61,60.02,60.57,59.8,0.77,1.2876,16050.16,97772.338
603909.SH,20230411,14.32,14.77,14.2,14.69,14.38,0.31,2.1558,21579.7,31343.503
603912.SH,20230411,13.9,14.14,13.8,14.08,13.99,0.09,0.6433,74215.68,103773.596
603915.SH,20230411,21.23,21.23,20.62,20.63,21.28,-0.65,-3.0545,21971.0,45726.735
603916.SH,20230411,16.2,16.35,16.02,16.29,16.18,0.11,0.6799,23888.16,38767.906
603917.SH,20230411,22.4,22.7,22.22,22.48,22.47,0.01,0.0445,15414.0,34565.214
603918.SH,20230411,18.97,20.46,18.86,20.46,18.6,1.86,10.0,790282.56,1564711.507
603919.SH,20230411,26.19,26.28,25.78,26.0,26.23,-0.23,-0.8769,35936.46,93267.85
603920.SH,20230411,18.95,19.22,18.68,18.91,18.94,-0.03,-0.1584,94789.83,179145.194
603922.SH,20230411,22.32,22.4,21.56,21.73,22.32,-0.59,-2.6434,4667.0,10183.536
603926.SH,20230411,9.08,9.08,8.9,8.95,9.03,-0.08,-0.8859,13120.3,11759.493
603927.SH,20230411,37.47,37.99,36.8,37.93,37.46,0.47,1.2547,70004.52,262620.996
603928.SH,20230411,11.63,11.63,11.4,11.48,11.59,-0.11,-0.9491,9175.0,10540.985
603929.SH,20230411,17.3,17.39,16.93,17.13,17.21,-0.08,-0.4648,58029.0,99445.498
603931.SH,20230411,33.34,33.65,32.74,33.22,32.9,0.32,0.9726,34819.37,115592.8
603933.SH,20230411,12.79,12.83,12.61,12.72,12.71,0.01,0.0787,18901.44,24024.965
603936.SH,20230411,15.09,15.29,14.71,14.96,15.03,-0.07,-0.4657,240031.2,360609.895
603937.SH,20230411,11.5,11.61,11.4,11.57,11.56,0.01,0.0865,16456.0,18959.073
603938.SH,20230411,34.62,35.51,34.5,35.08,34.75,0.33,0.9496,31479.78,110583.075
603939.SH,20230411,56.02,58.63,56.02,57.14,56.28,0.86,1.5281,51326.74,296161.902
603948.SH,20230411,21.84,21.92,21.56,21.92,21.85,0.07,0.3204,6957.0,15109.924
603949.SH,20230411,16.15,16.18,15.54,16.01,16.15,-0.14,-0.8669,19741.92,31199.844
603950.SH,20230411,20.1,20.15,19.74,20.1,19.97,0.13,0.651,10786.0,21569.887
605028.SH,20230411,17.58,17.68,17.38,17.67,17.62,0.05,0.2838,6363.0,11139.733
605033.SH,20230411,17.47,17.54,17.36,17.48,17.58,-0.1,-0.5688,5128.67,8936.968
605050.SH,20230411,12.99,12.99,12.8,12.87,12.94,-0.07,-0.541,5034.09,6480.04
605055.SH,20230411,6.02,6.16,6.02,6.1,6.09,0.01,0.1642,33710.0,20628.6
605056.SH,20230411,12.74,12.81,12.65,12.68,12.7,-0.02,-0.1575,8646.43,10994.216
605058.SH,20230411,21.6,21.74,21.05,21.15,21.63,-0.48,-2.2191,23067.0,49109.915
605060.SH,20230411,27.95,28.68,27.35,28.59,27.82,0.77,2.7678,12429.0,34948.587
605066.SH,20230411,7.7,7.74,7.6,7.67,7.72,-0.05,-0.6477,30410.0,23308.182
605068.SH,20230411,25.28,25.38,24.99,25.2,25.35,-0.15,-0.5917,6084.0,15297.467
605069.SH,20230411,9.23,9.25,9.11,9.21,9.17,0.04,0.4362,8324.6,7655.516
605077.SH,20230411,29.09,29.31,28.5,28.92,28.9,0.02,0.0692,64113.93,185452.375
605080.SH,20230411,45.47,46.2,45.03,45.9,45.23,0.67,1.4813,2143.0,9816.321
605081.SH,20230411,20.4,21.58,20.24,21.39,20.63,0.76,3.684,91631.49,193582.802
605086.SH,20230411,21.33,21.33,20.95,21.15,21.12,0.03,0.142,6611.0,13941.978
605088.SH,20230411,17.82,17.89,17.41,17.67,17.82,-0.15,-0.8418,17490.0,30701.74
605089.SH,20230411,68.2,69.2,67.5,67.6,69.08,-1.48,-2.1424,5836.0,39569.201
605090.SH,20230411,21.99,22.34,21.68,22.3,21.92,0.38,1.7336,41214.58,90897.607
605098.SH,20230411,35.15,36.13,35.0,35.96,35.4,0.56,1.5819,8057.44,28848.073
605099.SH,20230411,22.22,22.59,22.22,22.35,22.32,0.03,0.1344,6421.14,14392.059
605100.SH,20230411,14.37,14.67,14.28,14.52,14.37,0.15,1.0438,12239.79,17760.092
605108.SH,20230411,39.52,40.93,38.44,38.59,39.42,-0.83,-2.1055,46561.77,183884.934
605111.SH,20230411,87.35,88.42,86.2,88.01,86.49,1.52,1.7574,58355.56,509716.101
605116.SH,20230411,27.5,28.27,27.13,27.42,27.43,-0.01,-0.0365,15671.0,43258.666
605117.SH,20230411,268.0,280.0,261.11,273.03,259.03,14.0,5.4048,48785.27,1320421.179
605118.SH,20230411,14.66,14.73,14.31,14.39,14.69,-0.3,-2.0422,21150.3,30661.855
605122.SH,20230411,15.28,15.41,15.15,15.37,15.23,0.14,0.9192,4220.91,6464.001
605123.SH,20230411,116.23,116.9,113.5,114.55,116.23,-1.68,-1.4454,4559.51,52331.758
605128.SH,20230411,40.08,40.09,38.67,38.9,40.06,-1.16,-2.8957,8994.5,35179.587
605133.SH,20230411,30.4,30.96,30.04,30.75,30.43,0.32,1.0516,20950.15,63931.353
605136.SH,20230411,15.26,16.92,15.15,16.92,15.38,1.54,10.013,138751.41,226187.126
605138.SH,20230411,9.43,9.43,9.3,9.41,9.43,-0.02,-0.2121,19754.0,18536.064
605151.SH,20230411,20.05,21.29,19.81,20.06,20.01,0.05,0.2499,37484.66,77152.231
605155.SH,20230411,13.6,13.61,13.35,13.44,13.6,-0.16,-1.1765,8425.6,11306.863
605158.SH,20230411,6.41,6.42,6.34,6.4,6.38,0.02,0.3135,21159.0,13462.22
605162.SH,20230411,8.59,8.6,8.5,8.53,8.61,-0.08,-0.9292,11287.62,9625.389
605166.SH,20230411,10.86,11.08,10.76,10.93,10.9,0.03,0.2752,29817.01,32640.97
605167.SH,20230411,9.84,9.9,9.63,9.68,9.95,-0.27,-2.7136,75110.49,73201.561
605168.SH,20230411,137.52,151.58,136.76,148.18,137.8,10.38,7.5327,46597.26,690121.984
605169.SH,20230411,10.96,11.04,10.9,11.04,10.94,0.1,0.9141,10956.11,12005.015
605177.SH,20230411,24.2,24.82,24.03,24.5,23.89,0.61,2.5534,17418.48,42724.421
605178.SH,20230411,22.85,23.5,22.43,22.72,22.89,-0.17,-0.7427,12595.0,28775.536
605179.SH,20230411,11.28,11.38,10.99,11.06,11.46,-0.4,-3.4904,43151.0,47959.518
605378.SH,20230411,22.5,22.54,22.09,22.25,22.53,-0.28,-1.2428,9312.0,20756.358
605388.SH,20230411,14.04,14.05,13.8,13.91,14.03,-0.12,-0.8553,24366.0,33804.017
605389.SH,20230411,28.8,28.94,28.43,28.62,28.8,-0.18,-0.625,5359.6,15326.313
605398.SH,20230411,36.7,39.21,36.6,38.84,36.41,2.43,6.674,46738.2,179198.9
605399.SH,20230411,34.13,34.15,33.53,33.69,34.13,-0.44,-1.2892,9532.74,32124.547
605488.SH,20230411,13.09,13.29,13.01,13.22,13.08,0.14,1.0703,7737.05,10187.539
605499.SH,20230411,184.6,187.5,182.0,185.42,185.9,-0.48,-0.2582,6454.52,120053.056
605500.SH,20230411,10.26,10.31,10.21,10.23,10.25,-0.02,-0.1951,4672.52,4786.0
605507.SH,20230411,24.83,25.06,24.44,24.64,24.68,-0.04,-0.1621,27808.28,68665.043
605555.SH,20230411,20.74,21.2,20.5,20.99,20.74,0.25,1.2054,13533.3,28184.983
605566.SH,20230411,22.6,22.6,21.74,21.98,22.56,-0.58,-2.5709,8680.0,19130.231
605567.SH,20230411,14.5,14.5,14.16,14.28,14.55,-0.27,-1.8557,41875.06,59786.429
605577.SH,20230411,10.52,11.34,10.45,11.15,10.51,0.64,6.0894,50018.0,55140.731
605580.SH,20230411,14.11,14.17,13.97,14.05,14.09,-0.04,-0.2839,11457.75,16092.802
605588.SH,20230411,36.21,36.7,36.02,36.63,36.55,0.08,0.2189,9049.0,32922.541
605589.SH,20230411,20.05,20.35,19.94,20.33,19.93,0.4,2.007,81951.15,165758.031
605598.SH,20230411,30.66,31.16,30.3,30.71,30.88,-0.17,-0.5505,10997.58,33658.601
605599.SH,20230411,10.51,10.76,10.5,10.74,10.66,0.08,0.7505,50376.52,53593.667
688001.SH,20230411,36.66,37.11,36.14,36.29,36.61,-0.32,-0.8741,15252.98,55627.115
688002.SH,20230411,50.1,50.9,49.32,49.84,50.11,-0.27,-0.5388,45674.56,228407.995
688003.SH,20230411,43.66,44.11,41.85,42.11,43.67,-1.56,-3.5722,26605.7,113664.73
688004.SH,20230411,33.93,39.68,33.2,39.01,33.2,5.81,17.5,64176.81,237123.236
688005.SH,20230411,71.97,72.15,70.91,71.35,72.08,-0.73,-1.0128,35057.81,250229.562
688006.SH,20230411,47.28,47.34,45.17,45.36,47.4,-2.04,-4.3038,42353.08,194128.75
688007.SH,20230411,25.8,25.8,25.31,25.6,25.48,0.12,0.471,26056.1,66742.991
688008.SH,20230411,72.16,74.88,71.45,72.6,71.7,0.9,1.2552,259699.59,1896392.634
688009.SH,20230411,5.53,5.57,5.48,5.52,5.52,0.0,0.0,213744.12,117617.508
688010.SH,20230411,27.48,28.3,25.7,26.02,27.46,-1.44,-5.244,28951.33,76446.58
688011.SH,20230411,27.46,27.46,26.42,26.73,27.2,-0.47,-1.7279,6285.52,16836.091
688012.SH,20230411,177.47,179.92,164.0,168.43,175.08,-6.65,-3.7983,256701.06,4373905.41
688013.SH,20230411,22.4,22.64,22.16,22.41,22.44,-0.03,-0.1337,2451.29,5472.087
688015.SH,20230411,24.51,24.66,23.41,23.58,24.57,-0.99,-4.0293,23549.04,56133.545
688016.SH,20230411,186.7,195.0,184.09,185.83,187.95,-2.12,-1.128,9513.83,179521.256
688017.SH,20230411,124.98,124.98,119.55,120.98,124.98,-4.0,-3.2005,36617.87,445452.157
688018.SH,20230411,134.5,137.18,131.48,132.45,134.1,-1.65,-1.2304,14580.87,195046.974
688019.SH,20230411,232.0,234.13,224.81,227.23,229.01,-1.78,-0.7773,14943.53,341556.085
688020.SH,20230411,66.9,67.8,65.33,65.61,66.0,-0.39,-0.5909,12548.9,83346.497
688021.SH,20230411,27.1,27.58,26.62,26.79,27.42,-0.63,-2.2976,4412.98,11885.579
688022.SH,20230411,59.95,59.96,58.4,58.85,59.5,-0.65,-1.0924,9795.25,57607.014
688023.SH,20230411,226.2,238.49,219.58,236.26,226.71,9.55,4.2124,25099.29,576475.654
688025.SH,20230411,53.1,53.13,51.2,51.93,52.72,-0.79,-1.4985,17098.73,89170.558
688026.SH,20230411,23.43,23.43,22.92,23.04,23.3,-0.26,-1.1159,11984.25,27603.711
688076.SH,20230411,31.75,32.96,31.29,32.3,31.85,0.45,1.4129,49195.54,158520.856
688077.SH,20230411,43.82,44.08,43.38,43.95,43.84,0.11,0.2509,6393.73,27939.322
688078.SH,20230411,45.69,47.5,45.46,46.6,45.6,1.0,2.193,13228.65,61490.854
688079.SH,20230411,12.14,12.36,12.0,12.13,12.14,-0.01,-0.0824,33236.85,40367.667
688080.SH,20230411,69.51,71.22,65.73,67.69,69.35,-1.66,-2.3937,20846.83,139413.748
688081.SH,20230411,22.33,22.44,21.66,21.74,22.21,-0.47,-2.1162,11842.13,25865.345
688082.SH,20230411,107.2,110.78,103.82,106.35,106.9,-0.55,-0.5145,56643.31,606727.095
688083.SH,20230411,233.0,238.05,230.0,235.09,230.5,4.59,1.9913,9897.05,231889.0
688084.SH,20230411,88.6,89.0,86.26,86.61,88.56,-1.95,-2.2019,3184.38,27871.912
688085.SH,20230411,29.86,30.48,29.57,30.27,29.72,0.55,1.8506,15902.23,47833.476
688086.SH,20230411,2.64,2.73,2.62,2.64,2.62,0.02,0.7634,38807.85,10372.717
688087.SH,20230411,38.83,38.83,37.52,37.91,38.83,-0.92,-2.3693,9996.1,37942.95
688088.SH,20230411,41.04,42.7,36.99,38.55,41.0,-2.45,-5.9756,234801.09,930426.953
688089.SH,20230411,37.19,37.34,36.59,36.86,37.39,-0.53,-1.4175,13747.14,50687.784
688090.SH,20230411,28.49,28.57,27.85,28.2,28.61,-0.41,-1.4331,5756.91,16227.899
688091.SH,20230411,96.58,97.89,93.54,93.93,96.2,-2.27,-2.3597,11098.32,105618.494
688092.SH,20230411,28.85,28.93,28.28,28.39,28.6,-0.21,-0.7343,9144.82,26106.143
688093.SH,20230411,21.8,21.96,21.2,21.31,21.83,-0.52,-2.382,21615.45,46505.509
688095.SH,20230411,107.53,113.25,107.53,109.55,108.53,1.02,0.9398,18642.38,206992.557
688096.SH,20230411,13.03,13.19,12.9,12.96,13.03,-0.07,-0.5372,6141.34,7972.525
688097.SH,20230411,32.76,32.87,31.18,32.1,32.7,-0.6,-1.8349,20542.28,65237.571
688098.SH,20230411,8.21,8.23,8.11,8.13,8.22,-0.09,-1.0949,14107.65,11518.504
688099.SH,20230411,89.0,90.6,86.68,88.09,89.34,-1.25,-1.3991,96601.74,853144.4
688100.SH,20230411,29.04,30.77,29.04,30.3,29.05,1.25,4.3029,22794.02,68516.429
688101.SH,20230411,14.41,14.42,14.18,14.34,14.45,-0.11,-0.7612,10688.17,15267.587
688102.SH,20230411,16.3,16.39,15.74,15.83,16.3,-0.47,-2.8834,23254.0,37026.554
688103.SH,20230411,69.91,74.5,69.8,71.21,70.2,1.01,1.4387,22971.93,165295.082
688105.SH,20230411,41.77,42.36,41.31,42.3,41.81,0.49,1.172,21611.51,90262.987
688106.SH,20230411,23.63,24.13,23.43,23.8,23.6,0.2,0.8475,44710.72,106404.726
688107.SH,20230411,76.0,76.7,72.77,74.59,75.54,-0.95,-1.2576,43296.28,323418.085
688108.SH,20230411,6.35,6.39,6.25,6.3,6.32,-0.02,-0.3165,53114.84,33488.261
688109.SH,20230411,37.12,38.12,36.39,37.64,37.16,0.48,1.2917,11265.25,41909.599
688110.SH,20230411,43.39,45.45,41.3,41.99,42.38,-0.39,-0.9202,365276.79,1580776.462
688111.SH,20230411,426.88,446.0,422.97,431.3,423.0,8.3,1.9622,66311.7,2863750.833
688112.SH,20230411,89.9,94.74,89.57,94.1,90.22,3.88,4.3006,17913.9,166010.648
688113.SH,20230411,48.61,49.39,48.56,49.19,49.16,0.03,0.061,726.87,3560.582
688114.SH,20230411,93.3,93.98,91.3,93.13,93.3,-0.17,-0.1822,14806.73,136873.45
688115.SH,20230411,40.7,40.7,39.2,39.45,40.38,-0.93,-2.3031,6963.94,27547.301
688116.SH,20230411,67.98,68.0,66.2,66.71,67.85,-1.14,-1.6802,29250.74,195122.835
688117.SH,20230411,38.98,46.6,38.0,43.62,39.0,4.62,11.8462,111858.06,479608.642
688118.SH,20230411,26.2,27.11,26.01,27.01,26.17,0.84,3.2098,23338.44,62447.862
688119.SH,20230411,6.91,6.91,6.8,6.83,6.86,-0.03,-0.4373,32218.44,22041.803
301313.SZ,20230411,40.1,40.98,39.52,40.73,40.11,0.62,1.5457,33781.78,137092.313
301314.SZ,20230411,69.3,69.88,68.33,68.95,69.79,-0.84,-1.2036,13903.56,95929.208
301316.SZ,20230411,26.9,27.63,26.06,27.15,26.9,0.25,0.9294,52061.67,140157.831
301317.SZ,20230411,24.54,24.69,23.99,24.24,24.76,-0.52,-2.1002,20859.66,50526.569
301318.SZ,20230411,53.5,53.92,52.03,52.66,53.11,-0.45,-0.8473,12258.06,64873.396
301319.SZ,20230411,58.19,59.48,57.28,58.08,57.77,0.31,0.5366,5890.98,34217.78
301321.SZ,20230411,20.77,20.77,20.28,20.5,20.63,-0.13,-0.6302,9257.6,18934.455
301322.SZ,20230411,120.0,120.1,114.66,114.91,121.33,-6.42,-5.2914,9456.05,109725.224
301326.SZ,20230411,40.71,41.1,40.36,40.72,40.71,0.01,0.0246,8253.36,33574.111
301327.SZ,20230411,148.5,148.6,144.81,145.91,149.0,-3.09,-2.0738,13378.2,195328.305
301328.SZ,20230411,83.0,84.78,81.95,82.7,82.48,0.22,0.2667,5865.85,48819.543
301330.SZ,20230411,45.9,47.06,45.39,46.37,45.9,0.47,1.024,42418.6,196226.795
301331.SZ,20230411,38.68,38.8,38.41,38.66,38.63,0.03,0.0777,3964.0,15300.406
301333.SZ,20230411,120.19,124.09,113.0,118.03,120.18,-2.15,-1.789,4291.05,50444.005
301335.SZ,20230411,36.5,36.65,36.21,36.39,36.49,-0.1,-0.274,2921.05,10633.031
301336.SZ,20230411,53.2,53.3,51.38,52.0,53.39,-1.39,-2.6035,10270.8,53703.244
301338.SZ,20230411,60.9,61.01,59.25,59.85,60.8,-0.95,-1.5625,12746.23,76213.33
301339.SZ,20230411,28.51,29.34,25.61,28.15,27.31,0.84,3.0758,147872.19,409483.93
301345.SZ,20230411,50.7,50.78,50.21,50.23,50.95,-0.72,-1.4132,9682.81,48780.615
301349.SZ,20230411,91.09,91.09,88.7,88.88,91.2,-2.32,-2.5439,7841.59,69918.447
301356.SZ,20230411,48.1,48.16,47.81,48.06,48.12,-0.06,-0.1247,3063.62,14703.473
301358.SZ,20230411,44.3,46.23,43.69,45.69,44.87,0.82,1.8275,183511.52,827590.296
301359.SZ,20230411,23.64,23.92,23.57,23.9,23.63,0.27,1.1426,11264.59,26776.921
301361.SZ,20230411,23.52,23.56,23.0,23.22,23.65,-0.43,-1.8182,7161.2,16608.551
301363.SZ,20230411,39.17,40.65,39.16,40.29,39.33,0.96,2.4409,11720.88,47081.434
301365.SZ,20230411,26.84,27.09,26.67,26.98,26.85,0.13,0.4842,10511.47,28262.2
301366.SZ,20230411,58.75,59.7,58.08,58.61,58.38,0.23,0.394,10030.15,58976.162
301367.SZ,20230411,257.33,258.1,246.0,249.21,257.7,-8.49,-3.2945,4674.37,116974.774
301368.SZ,20230411,24.25,24.56,23.81,24.15,24.61,-0.46,-1.8692,36248.42,87413.884
301369.SZ,20230411,118.7,124.76,118.0,122.67,118.5,4.17,3.519,14420.71,175444.613
301373.SZ,20230411,34.51,34.63,33.8,34.14,34.56,-0.42,-1.2153,10769.57,36800.299
301377.SZ,20230411,22.28,22.59,21.85,22.05,22.4,-0.35,-1.5625,20653.25,45783.602
301378.SZ,20230411,109.25,112.52,104.88,108.0,111.64,-3.64,-3.2605,19978.08,216053.011
301379.SZ,20230411,28.2,28.2,27.76,27.87,28.1,-0.23,-0.8185,6610.44,18444.028
301380.SZ,20230411,49.72,50.88,49.0,50.24,49.6,0.64,1.2903,35688.23,178649.35
301386.SZ,20230411,24.89,24.9,24.15,24.29,24.86,-0.57,-2.2928,35414.37,86398.989
301388.SZ,20230411,24.7,25.09,24.1,25.04,24.64,0.4,1.6234,19172.08,47540.04
301389.SZ,20230411,19.7,19.76,19.46,19.62,19.71,-0.09,-0.4566,17684.21,34651.769
301391.SZ,20230411,91.99,94.51,90.26,92.27,92.01,0.26,0.2826,7540.68,69632.097
301396.SZ,20230411,43.2,44.68,42.35,43.73,43.21,0.52,1.2034,30802.64,134133.855
301398.SZ,20230411,33.84,33.85,32.5,32.62,33.91,-1.29,-3.8042,13977.1,46213.806
301408.SZ,20230411,20.38,20.38,19.6,19.72,20.47,-0.75,-3.6639,66097.93,131715.481
600057.SH,20230411,10.85,10.93,10.67,10.89,10.81,0.08,0.7401,99042.61,107161.436
600058.SH,20230411,9.79,10.0,9.69,9.99,9.79,0.2,2.0429,97162.86,95703.643
600059.SH,20230411,10.07,10.08,9.91,9.94,10.0,-0.06,-0.6,68851.0,68569.973
600060.SH,20230411,19.37,19.98,19.36,19.67,19.71,-0.04,-0.2029,92586.59,181718.297
600061.SH,20230411,7.19,7.3,7.1,7.18,7.16,0.02,0.2793,538441.67,387433.998
600062.SH,20230411,17.67,17.82,17.57,17.74,17.6,0.14,0.7955,100717.58,178346.114
600063.SH,20230411,6.32,6.35,6.27,6.34,6.34,0.0,0.0,155822.18,98280.077
600064.SH,20230411,6.79,6.82,6.72,6.8,6.8,0.0,0.0,116923.33,79164.792
600066.SH,20230411,11.92,12.07,11.81,11.99,12.03,-0.04,-0.3325,323868.85,387199.577
600067.SH,20230411,3.1,3.14,3.07,3.14,3.1,0.04,1.2903,151665.22,47190.594
600070.SH,20230411,5.41,5.62,5.41,5.59,5.47,0.12,2.1938,93078.5,51548.719
600071.SH,20230411,22.7,22.93,22.02,22.22,22.7,-0.48,-2.1145,58202.9,129826.475
600072.SH,20230411,15.04,15.04,14.5,14.66,15.14,-0.48,-3.1704,247044.1,362844.715
600073.SH,20230411,8.72,8.79,8.65,8.74,8.78,-0.04,-0.4556,125928.88,109786.457
600075.SH,20230411,5.58,5.58,5.5,5.54,5.58,-0.04,-0.7168,82992.89,45874.436
600076.SH,20230411,2.83,2.85,2.81,2.84,2.83,0.01,0.3534,51033.0,14430.31
600077.SH,20230411,2.53,2.57,2.49,2.54,2.52,0.02,0.7937,170899.0,43327.793
600078.SH,20230411,12.29,12.8,12.13,12.6,12.54,0.06,0.4785,101170.39,126247.763
600079.SH,20230411,27.59,27.94,27.22,27.44,27.81,-0.37,-1.3305,97567.44,267685.689
600080.SH,20230411,7.88,7.9,7.78,7.82,7.9,-0.08,-1.0127,33041.0,25839.052
600081.SH,20230411,10.95,10.95,10.7,10.79,10.91,-0.12,-1.0999,20017.07,21577.085
600082.SH,20230411,3.12,3.16,3.08,3.15,3.12,0.03,0.9615,66871.52,20939.904
600083.SH,20230411,7.4,7.43,7.23,7.27,7.4,-0.13,-1.7568,22910.0,16743.698
600084.SH,20230411,7.36,7.4,7.27,7.34,7.35,-0.01,-0.1361,23431.0,17132.572
600085.SH,20230411,54.53,55.76,54.48,55.21,54.71,0.5,0.9139,75504.26,415742.417
600088.SH,20230411,10.87,11.65,10.8,11.55,10.91,0.64,5.8662,88072.3,100099.649
600089.SH,20230411,21.78,21.85,21.6,21.7,21.84,-0.14,-0.641,308380.97,668582.386
600094.SH,20230411,3.13,3.17,3.11,3.17,3.14,0.03,0.9554,99348.99,31270.764
600095.SH,20230411,9.6,9.82,9.58,9.65,9.58,0.07,0.7307,561615.0,545042.486
600096.SH,20230411,20.24,20.25,19.84,19.98,20.54,-0.56,-2.7264,401060.33,800255.078
600097.SH,20230411,10.62,10.63,10.42,10.55,10.6,-0.05,-0.4717,38053.0,40008.595
600098.SH,20230411,6.05,6.06,5.96,5.99,6.04,-0.05,-0.8278,205618.54,123229.906
600099.SH,20230411,8.29,8.3,8.18,8.27,8.27,0.0,0.0,14011.0,11554.561
600100.SH,20230411,7.79,8.2,7.61,8.1,7.45,0.65,8.7248,3146013.94,2518025.212
600101.SH,20230411,8.59,8.59,8.4,8.48,8.59,-0.11,-1.2806,72845.82,61553.049
600103.SH,20230411,2.53,2.56,2.52,2.54,2.54,0.0,0.0,222574.34,56390.323
600104.SH,20230411,14.21,14.26,14.16,14.19,14.23,-0.04,-0.2811,150878.61,214300.299
600105.SH,20230411,5.53,5.55,5.15,5.28,5.53,-0.25,-4.5208,1611308.3,851082.574
600106.SH,20230411,4.79,4.8,4.72,4.75,4.79,-0.04,-0.8351,75432.74,35830.724
600107.SH,20230411,6.01,6.08,5.96,6.04,6.08,-0.04,-0.6579,35356.0,21209.25
600108.SH,20230411,3.07,3.09,3.05,3.08,3.06,0.02,0.6536,113197.09,34789.815
600109.SH,20230411,9.28,9.43,9.25,9.3,9.19,0.11,1.197,349798.83,326340.746
600212.SH,20230411,8.47,8.87,8.39,8.85,8.44,0.41,4.8578,183241.14,159968.356
600213.SH,20230411,8.65,8.76,8.58,8.74,8.69,0.05,0.5754,37557.0,32537.189
600215.SH,20230411,6.44,6.44,6.36,6.41,6.44,-0.03,-0.4658,25233.0,16132.251
600216.SH,20230411,12.56,12.6,12.44,12.55,12.53,0.02,0.1596,89205.94,111519.066
600217.SH,20230411,5.21,5.22,5.12,5.16,5.2,-0.04,-0.7692,73602.96,37944.672
600218.SH,20230411,8.76,8.78,8.7,8.72,8.76,-0.04,-0.4566,23519.0,20508.25
600219.SH,20230411,3.42,3.44,3.38,3.44,3.42,0.02,0.5848,483063.03,165016.282
600220.SH,20230411,2.49,2.51,2.46,2.5,2.5,0.0,0.0,156023.51,38730.699
600221.SH,20230411,1.78,1.78,1.75,1.76,1.77,-0.01,-0.565,797792.55,140798.633
600222.SH,20230411,5.86,5.9,5.75,5.88,5.84,0.04,0.6849,104039.23,60427.016
600223.SH,20230411,11.05,11.11,10.9,11.04,11.02,0.02,0.1815,72558.02,79983.388
600225.SH,20230411,4.46,4.57,4.46,4.56,4.49,0.07,1.559,217885.49,98293.776
600226.SH,20230411,2.98,3.0,2.96,3.0,2.97,0.03,1.0101,166741.02,49766.779
600227.SH,20230411,2.91,2.92,2.88,2.9,2.92,-0.02,-0.6849,47893.01,13880.587
600228.SH,20230411,12.3,12.65,11.98,12.1,12.3,-0.2,-1.626,216040.92,265656.232
600229.SH,20230411,7.83,8.1,7.76,8.06,7.83,0.23,2.9374,74676.19,59824.876
600230.SH,20230411,16.69,16.91,16.57,16.86,16.69,0.17,1.0186,52045.05,87085.517
600231.SH,20230411,2.15,2.16,2.13,2.16,2.15,0.01,0.4651,109261.0,23386.749
600232.SH,20230411,5.43,5.47,5.35,5.41,5.43,-0.02,-0.3683,35603.01,19244.442
600233.SH,20230411,19.11,19.12,18.9,18.99,19.07,-0.08,-0.4195,122790.73,233226.644
600234.SH,20230411,7.05,7.55,6.91,7.54,7.08,0.46,6.4972,78801.26,57392.112
600235.SH,20230411,5.25,5.25,5.15,5.21,5.21,0.0,0.0,33258.81,17249.408
600236.SH,20230411,5.6,5.63,5.57,5.59,5.63,-0.04,-0.7105,72991.81,40791.053
600237.SH,20230411,7.04,7.15,7.01,7.06,7.05,0.01,0.1418,105292.0,74492.436
600238.SH,20230411,13.99,13.99,13.43,13.66,14.05,-0.39,-2.7758,264334.18,360544.569
600239.SH,20230411,1.93,1.95,1.91,1.92,1.92,0.0,0.0,40638.75,7834.873
600241.SH,20230411,9.2,9.2,8.96,9.02,9.01,0.01,0.111,52865.63,47948.857
600242.SH,20230411,0.86,0.86,0.86,0.86,0.91,-0.05,-5.4945,9415.0,809.69
600243.SH,20230411,4.11,4.16,4.01,4.04,4.1,-0.06,-1.4634,96461.02,39195.316
600246.SH,20230411,6.35,6.4,6.27,6.33,6.35,-0.02,-0.315,124379.0,78637.013
600248.SH,20230411,4.74,4.88,4.66,4.87,4.74,0.13,2.7426,566849.61,271553.177
600249.SH,20230411,4.83,4.85,4.77,4.84,4.84,0.0,0.0,59222.5,28464.356
600250.SH,20230411,5.54,5.61,5.48,5.54,5.51,0.03,0.5445,40291.0,22272.48
600251.SH,20230411,8.52,8.59,8.4,8.5,8.54,-0.04,-0.4684,51226.02,43529.64
600252.SH,20230411,2.66,2.67,2.64,2.65,2.66,-0.01,-0.3759,139599.5,37016.072
600255.SH,20230411,2.43,2.47,2.39,2.47,2.43,0.04,1.6461,159332.03,38635.301
600256.SH,20230411,8.98,9.11,8.76,9.1,8.99,0.11,1.2236,966617.78,863171.531
600257.SH,20230411,5.15,5.22,5.09,5.21,5.15,0.06,1.165,87480.51,45063.876
600258.SH,20230411,25.35,25.73,24.88,25.1,25.36,-0.26,-1.0252,153855.88,387718.043
600259.SH,20230411,39.17,40.56,39.02,40.44,39.39,1.05,2.6657,64069.7,255895.509
600261.SH,20230411,3.4,3.4,3.35,3.37,3.38,-0.01,-0.2959,45813.54,15448.27
600262.SH,20230411,17.79,17.82,17.3,17.44,17.74,-0.3,-1.6911,16029.0,28040.234
600369.SH,20230411,3.94,3.99,3.94,3.98,3.93,0.05,1.2723,236551.82,93825.989
600370.SH,20230411,2.92,2.93,2.9,2.93,2.91,0.02,0.6873,68259.02,19929.092
600371.SH,20230411,12.09,12.13,12.04,12.12,12.08,0.04,0.3311,27470.92,33226.151
600372.SH,20230411,17.41,17.41,17.2,17.37,17.43,-0.06,-0.3442,97774.29,169129.509
600373.SH,20230411,12.66,13.63,12.42,13.17,12.64,0.53,4.193,333568.1,439721.629
600375.SH,20230411,7.1,7.26,7.01,7.23,7.12,0.11,1.5449,68439.56,48567.542
600376.SH,20230411,4.79,4.83,4.72,4.83,4.79,0.04,0.8351,158958.07,75981.46
600377.SH,20230411,8.41,8.47,8.36,8.44,8.4,0.04,0.4762,51387.0,43285.059
600378.SH,20230411,43.72,43.95,42.35,42.89,43.74,-0.85,-1.9433,15310.13,65728.005
600379.SH,20230411,11.39,11.39,11.18,11.34,11.34,0.0,0.0,30078.54,33972.904
600380.SH,20230411,13.93,13.95,13.55,13.68,13.77,-0.09,-0.6536,206666.28,282842.688
600381.SH,20230411,8.84,8.89,8.72,8.82,8.84,-0.02,-0.2262,45584.39,40073.21
600382.SH,20230411,4.56,4.65,4.54,4.63,4.55,0.08,1.7582,49980.59,23049.912
600383.SH,20230411,8.78,8.98,8.68,8.96,8.81,0.15,1.7026,995197.81,883064.306
600386.SH,20230411,4.42,4.58,4.34,4.57,4.39,0.18,4.1002,128343.18,57702.822
600387.SH,20230411,6.72,6.74,6.55,6.65,6.72,-0.07,-1.0417,49487.76,32789.038
600388.SH,20230411,17.99,18.0,17.33,17.38,18.24,-0.86,-4.7149,207964.39,364327.878
600389.SH,20230411,37.0,37.22,36.54,36.81,37.3,-0.49,-1.3137,36839.46,135588.828
600390.SH,20230411,5.27,5.31,5.24,5.27,5.26,0.01,0.1901,191190.17,100784.499
600391.SH,20230411,21.15,21.46,21.11,21.38,21.16,0.22,1.0397,67428.32,143685.06
600392.SH,20230411,14.31,14.9,14.19,14.9,14.26,0.64,4.4881,428130.95,626961.342
600393.SH,20230411,1.44,1.54,1.41,1.5,1.44,0.06,4.1667,951645.41,141931.008
600395.SH,20230411,7.1,7.12,7.01,7.06,7.1,-0.04,-0.5634,178684.85,125935.149
600396.SH,20230411,2.32,2.33,2.27,2.29,2.33,-0.04,-1.7167,120373.02,27448.904
600397.SH,20230411,2.79,2.8,2.76,2.79,2.77,0.02,0.722,99288.01,27587.636
600398.SH,20230411,6.1,6.2,6.09,6.17,6.12,0.05,0.817,103139.0,63464.771
600399.SH,20230411,11.95,12.09,11.89,11.91,11.99,-0.08,-0.6672,168856.48,201967.221
600400.SH,20230411,3.45,3.63,3.4,3.6,3.47,0.13,3.7464,275599.05,98181.748
600403.SH,20230411,5.11,5.11,5.02,5.05,5.09,-0.04,-0.7859,71078.0,35882.865
600405.SH,20230411,7.19,7.25,6.81,7.04,7.15,-0.11,-1.5385,689980.69,484282.482
600406.SH,20230411,26.84,27.04,26.42,26.86,27.08,-0.22,-0.8124,147237.05,393635.121
600408.SH,20230411,2.63,2.63,2.55,2.61,2.64,-0.03,-1.1364,121414.0,31396.854
600409.SH,20230411,6.5,6.51,6.44,6.5,6.52,-0.02,-0.3067,101463.01,65692.6
600410.SH,20230411,6.85,6.95,6.74,6.83,6.86,-0.03,-0.4373,328319.8,224573.741
600415.SH,20230411,5.94,6.45,5.93,6.36,5.94,0.42,7.0707,1722690.64,1069526.058
600416.SH,20230411,19.9,19.97,19.48,19.9,19.9,0.0,0.0,110297.5,217063.83
600418.SH,20230411,12.63,12.72,12.47,12.68,12.63,0.05,0.3959,411223.54,517223.574
600419.SH,20230411,16.07,16.34,16.0,16.27,16.08,0.19,1.1816,28587.2,46313.173
600420.SH,20230411,11.9,12.39,11.8,12.34,11.9,0.44,3.6975,230355.88,280553.041
600421.SH,20230411,10.58,10.59,10.41,10.43,10.6,-0.17,-1.6038,9067.0,9510.707
600422.SH,20230411,19.63,20.07,19.49,19.89,19.73,0.16,0.8109,64211.43,126724.332
600423.SH,20230411,3.21,3.22,3.14,3.21,3.21,0.0,0.0,52630.0,16711.725
688218.SH,20230411,18.25,18.45,17.93,18.11,18.27,-0.16,-0.8758,30452.01,55335.38
688219.SH,20230411,10.89,11.0,10.4,10.6,10.95,-0.35,-3.1963,49634.67,52525.048
688220.SH,20230411,81.96,87.0,77.3,78.0,80.35,-2.35,-2.9247,81951.24,659325.328
688221.SH,20230411,13.75,13.79,13.39,13.43,13.7,-0.27,-1.9708,40630.58,54987.928
688222.SH,20230411,19.66,19.73,18.66,18.89,20.0,-1.11,-5.55,111347.7,211819.055
688223.SH,20230411,13.72,13.86,13.46,13.61,13.73,-0.12,-0.874,412953.46,561387.681
688225.SH,20230411,24.54,25.9,23.96,25.45,24.36,1.09,4.4745,43576.68,109124.495
688226.SH,20230411,19.72,20.39,19.06,19.22,19.83,-0.61,-3.0761,32593.96,63887.104
688227.SH,20230411,30.87,31.4,29.5,30.34,30.69,-0.35,-1.1404,29700.83,89906.933
688228.SH,20230411,54.2,58.8,53.91,57.71,54.62,3.09,5.6573,44370.58,252032.903
688229.SH,20230411,64.14,68.5,62.8,67.0,64.21,2.79,4.3451,13244.75,86921.018
688230.SH,20230411,72.94,74.15,72.01,73.46,72.35,1.11,1.5342,8959.51,65523.554
688231.SH,20230411,30.28,30.38,30.06,30.15,30.28,-0.13,-0.4293,5287.59,15961.11
688232.SH,20230411,61.94,62.98,60.44,61.42,61.42,0.0,0.0,16153.39,99336.405
688233.SH,20230411,51.42,52.41,50.56,51.63,51.05,0.58,1.1361,35540.13,183061.682
688234.SH,20230411,81.0,81.5,77.66,79.28,80.83,-1.55,-1.9176,29957.36,237825.068
688235.SH,20230411,156.0,159.5,154.26,156.0,158.6,-2.6,-1.6393,35098.63,549937.906
688236.SH,20230411,35.79,35.79,33.48,34.5,36.2,-1.7,-4.6961,24875.65,85811.923
688237.SH,20230411,51.0,52.3,50.7,51.2,51.0,0.2,0.3922,7652.89,39322.213
688238.SH,20230411,21.22,21.57,20.66,20.93,21.27,-0.34,-1.5985,37202.31,78173.969
688239.SH,20230411,76.35,76.92,74.06,74.9,76.47,-1.57,-2.0531,12736.78,95782.287
688244.SH,20230411,90.25,110.35,87.32,110.35,91.96,18.39,19.9978,15977.69,155263.527
688246.SH,20230411,49.51,49.54,47.31,48.23,49.44,-1.21,-2.4474,25634.25,123353.361
688247.SH,20230411,15.05,15.05,14.44,14.67,14.97,-0.3,-2.004,27112.79,39779.351
688248.SH,20230411,47.08,48.48,45.89,46.9,47.52,-0.62,-1.3047,55747.04,261334.639
688251.SH,20230411,34.39,34.95,33.54,34.27,34.39,-0.12,-0.3489,8237.05,28116.702
688252.SH,20230411,23.0,23.88,22.9,23.33,22.94,0.39,1.7001,47197.05,110147.25
688253.SH,20230411,27.8,27.8,26.8,27.09,27.9,-0.81,-2.9032,18187.21,49482.282
688255.SH,20230411,39.0,39.39,38.26,38.5,38.71,-0.21,-0.5425,10796.64,41714.927
688256.SH,20230411,205.67,213.6,187.51,201.5,207.59,-6.09,-2.9337,184134.54,3699557.296
688257.SH,20230411,37.21,37.34,36.49,36.63,37.15,-0.52,-1.3997,4335.27,16009.271
688258.SH,20230411,69.47,72.5,67.0,70.34,69.36,0.98,1.4129,36556.88,254916.765
688259.SH,20230411,81.7,84.36,81.0,82.42,81.46,0.96,1.1785,14546.35,120301.233
688260.SH,20230411,17.96,18.36,17.5,18.21,17.89,0.32,1.7887,23348.41,42172.607
688261.SH,20230411,214.9,216.87,210.61,212.65,214.15,-1.5,-0.7004,4640.46,99139.101
688262.SH,20230411,70.23,70.94,67.62,69.34,69.77,-0.43,-0.6163,52024.4,360898.676
688265.SH,20230411,50.77,50.98,48.82,48.83,49.95,-1.12,-2.2422,2369.12,11734.026
688266.SH,20230411,56.5,58.0,55.96,56.81,57.21,-0.4,-0.6992,40374.69,229457.305
688267.SH,20230411,29.13,29.41,28.45,28.7,29.14,-0.44,-1.51,28838.48,82795.398
688268.SH,20230411,99.87,101.95,94.88,96.72,98.1,-1.38,-1.4067,35525.68,345892.419
688269.SH,20230411,74.88,75.88,72.94,74.21,75.22,-1.01,-1.3427,4920.77,36408.683
688270.SH,20230411,95.28,97.29,94.91,95.85,95.29,0.56,0.5877,11384.39,108944.104
688271.SH,20230411,159.7,161.71,154.8,156.54,159.84,-3.3,-2.0646,14725.08,231651.793
688272.SH,20230411,19.33,19.33,19.08,19.16,19.33,-0.17,-0.8795,4474.06,8572.934
688273.SH,20230411,44.37,44.37,43.0,43.29,43.98,-0.69,-1.5689,4608.25,20027.293
688275.SH,20230411,181.52,184.58,181.0,182.88,182.8,0.08,0.0438,5866.49,107133.093
688276.SH,20230411,62.0,62.35,61.03,61.56,61.47,0.09,0.1464,17235.82,106326.663
688277.SH,20230411,17.07,17.4,16.93,17.08,16.91,0.17,1.0053,66088.92,113238.683
688278.SH,20230411,48.53,48.53,46.6,47.82,48.56,-0.74,-1.5239,16637.54,78882.357
688279.SH,20230411,88.08,89.45,86.03,86.45,88.07,-1.62,-1.8394,4241.92,37022.354
688280.SH,20230411,9.06,9.08,8.78,8.85,8.98,-0.13,-1.4477,28341.98,25125.445
688281.SH,20230411,261.23,265.88,261.23,265.54,263.1,2.44,0.9274,1808.44,47729.929
688282.SH,20230411,48.48,49.49,47.23,49.44,48.3,1.14,2.3602,10418.83,50601.124
688283.SH,20230411,64.81,66.6,64.04,64.66,64.69,-0.03,-0.0464,6993.37,45761.151
688285.SH,20230411,9.2,9.2,8.96,9.05,9.11,-0.06,-0.6586,22843.99,20629.591
688286.SH,20230411,62.06,63.24,61.46,62.52,61.61,0.91,1.477,9039.74,56482.173
688287.SH,20230411,13.46,13.49,13.23,13.37,13.46,-0.09,-0.6686,23604.65,31523.982
688288.SH,20230411,22.93,23.49,22.51,22.71,23.11,-0.4,-1.7309,11827.48,27006.258
688289.SH,20230411,24.06,24.27,23.95,24.08,23.97,0.11,0.4589,39813.68,95929.562
688290.SH,20230411,82.9,83.0,80.0,81.4,81.24,0.16,0.1969,3179.96,25812.827
688291.SH,20230411,30.47,30.87,29.68,30.72,30.25,0.47,1.5537,15535.77,47084.406
688292.SH,20230411,37.98,41.5,35.77,41.1,37.9,3.2,8.4433,85612.05,324015.462
688293.SH,20230411,103.73,106.2,102.0,104.61,103.0,1.61,1.5631,6427.9,67182.015
688295.SH,20230411,41.12,41.46,40.58,41.16,40.99,0.17,0.4147,19727.19,80919.64
688296.SH,20230411,26.92,26.93,24.51,25.4,27.07,-1.67,-6.1692,14824.94,38324.381
688297.SH,20230411,53.23,53.3,52.36,52.68,53.17,-0.49,-0.9216,53624.49,282765.309
688298.SH,20230411,66.25,66.85,65.0,66.26,66.25,0.01,0.0151,15007.79,99000.137
688299.SH,20230411,17.05,17.15,16.56,16.69,16.99,-0.3,-1.7657,43110.07,72340.187
688300.SH,20230411,81.69,84.59,80.08,80.57,81.97,-1.4,-1.7079,18691.0,153374.571
688301.SH,20230411,365.0,367.34,353.0,363.0,360.02,2.98,0.8277,3675.44,132283.259
688302.SH,20230411,63.99,66.8,62.6,63.51,65.39,-1.88,-2.8751,10961.98,70614.244
688303.SH,20230411,49.3,49.3,48.81,48.98,49.08,-0.1,-0.2037,81663.65,400063.285
688305.SH,20230411,97.0,97.0,92.37,94.6,97.09,-2.49,-2.5646,23291.93,219874.257
688306.SH,20230411,5.31,5.33,5.19,5.22,5.3,-0.08,-1.5094,46168.42,24148.393
688307.SH,20230411,40.54,42.8,39.78,42.65,40.96,1.69,4.126,60066.83,248781.379
688308.SH,20230411,72.96,72.97,68.37,68.5,72.96,-4.46,-6.1129,16808.73,117625.162
688309.SH,20230411,22.85,22.85,22.2,22.5,22.52,-0.02,-0.0888,2918.21,6547.112
688310.SH,20230411,38.49,39.63,37.23,39.0,37.85,1.15,3.0383,18946.38,72993.813
688311.SH,20230411,72.68,79.26,72.68,73.59,72.32,1.27,1.7561,26879.61,205114.419
688312.SH,20230411,18.6,18.61,18.05,18.19,18.49,-0.3,-1.6225,12656.48,23147.462
688313.SH,20230411,16.71,17.65,16.02,17.65,16.79,0.86,5.1221,510942.71,860644.248
688314.SH,20230411,52.78,52.78,50.76,51.44,51.68,-0.24,-0.4644,2117.13,10871.307
688315.SH,20230411,30.26,31.05,29.88,30.1,30.3,-0.2,-0.6601,13268.36,40182.093
688316.SH,20230411,60.04,62.89,59.0,61.7,59.97,1.73,2.8848,29793.15,182444.239
688317.SH,20230411,31.79,31.82,31.35,31.54,31.7,-0.16,-0.5047,10057.51,31718.753
688318.SH,20230411,147.28,154.88,147.0,150.0,147.81,2.19,1.4816,25054.41,377266.653
688319.SH,20230411,22.29,22.7,21.4,21.65,22.29,-0.64,-2.8712,25004.71,54772.555
688320.SH,20230411,41.16,41.3,40.03,40.44,41.1,-0.66,-1.6058,11489.17,46498.452
688321.SH,20230411,30.4,31.46,30.23,31.0,30.62,0.38,1.241,79060.22,245393.033
688322.SH,20230411,38.47,39.33,35.95,37.18,38.54,-1.36,-3.5288,72397.79,270572.823
688323.SH,20230411,25.3,25.4,24.28,24.66,25.39,-0.73,-2.8751,17449.2,43014.165
688325.SH,20230411,50.66,51.41,49.81,50.8,50.2,0.6,1.1952,10050.25,50917.627
688326.SH,20230411,143.0,143.0,134.2,135.0,145.01,-10.01,-6.903,11169.37,153284.768
688327.SH,20230411,46.12,48.98,43.5,44.98,47.15,-2.17,-4.6023,311298.68,1430443.944
688328.SH,20230411,26.02,26.38,25.31,25.76,26.02,-0.26,-0.9992,25611.78,66288.605
688329.SH,20230411,38.56,38.75,37.19,38.08,38.71,-0.63,-1.6275,8461.85,32036.323
688330.SH,20230411,65.75,66.3,64.8,65.24,66.14,-0.9,-1.3607,3640.36,23839.852
688331.SH,20230411,69.39,69.91,65.2,66.77,69.5,-2.73,-3.9281,35207.81,236506.83
688332.SH,20230411,71.19,73.88,69.5,72.21,71.05,1.16,1.6327,32708.39,233969.491
688333.SH,20230411,143.29,144.07,140.33,141.55,143.0,-1.45,-1.014,6088.61,86177.588
688335.SH,20230411,22.88,22.88,22.41,22.56,22.82,-0.26,-1.1394,3984.91,8976.268
688336.SH,20230411,17.82,17.87,17.43,17.75,17.72,0.03,0.1693,27039.98,47636.582
688337.SH,20230411,100.5,103.15,98.59,101.6,99.53,2.07,2.0798,9321.12,94632.203
688338.SH,20230411,57.01,57.49,54.64,54.94,56.42,-1.48,-2.6232,9116.45,50683.159
688339.SH,20230411,98.71,98.71,91.18,91.94,97.2,-5.26,-5.4115,34679.45,325862.617
688343.SH,20230411,83.68,86.48,78.83,80.7,85.01,-4.31,-5.07,232170.4,1911638.612
688345.SH,20230411,44.59,44.6,43.33,43.7,44.59,-0.89,-1.996,7381.62,32292.799
688348.SH,20230411,333.73,345.26,326.26,338.32,331.29,7.03,2.122,21543.67,721543.036
688349.SH,20230411,31.6,31.71,31.37,31.45,31.69,-0.24,-0.7573,12674.31,39884.147
688350.SH,20230411,20.0,20.32,19.8,20.18,19.91,0.27,1.3561,13255.36,26653.977
688351.SH,20230411,22.16,22.49,21.8,21.94,22.16,-0.22,-0.9928,12604.64,27789.829
688353.SH,20230411,66.99,67.32,66.32,66.83,67.25,-0.42,-0.6245,4084.89,27269.137
688355.SH,20230411,26.88,27.05,26.59,26.66,27.17,-0.51,-1.8771,6223.34,16628.2
688356.SH,20230411,149.96,151.37,145.88,145.98,149.12,-3.14,-2.1057,4022.06,59465.447
688357.SH,20230411,96.2,97.76,93.07,93.7,96.99,-3.29,-3.3921,6559.83,62171.739
688358.SH,20230411,37.75,38.5,37.0,37.46,37.64,-0.18,-0.4782,8196.28,30845.048
688359.SH,20230411,67.75,68.72,65.98,66.2,67.75,-1.55,-2.2878,6749.94,45134.239
688360.SH,20230411,28.22,28.22,27.56,27.75,28.26,-0.51,-1.8047,6577.04,18286.378
688362.SH,20230411,33.39,39.12,33.08,38.59,33.1,5.49,16.5861,111851.03,397834.69
688363.SH,20230411,114.17,116.1,112.51,113.13,114.21,-1.08,-0.9456,36676.99,417730.998
688365.SH,20230411,20.03,21.1,18.9,19.25,20.24,-0.99,-4.8913,186326.62,371444.494
688366.SH,20230411,112.21,117.5,110.63,112.11,111.62,0.49,0.439,12861.43,146178.039
688367.SH,20230411,18.02,18.28,17.9,18.08,18.06,0.02,0.1107,4683.31,8432.501
688368.SH,20230411,165.83,167.71,159.5,161.37,164.0,-2.63,-1.6037,10186.49,166319.185
688369.SH,20230411,90.05,92.69,86.52,91.03,92.93,-1.9,-2.0445,17835.05,161702.932
688370.SH,20230411,37.02,37.2,36.88,37.05,37.02,0.03,0.081,1541.83,5700.332
688371.SH,20230411,21.2,21.2,20.5,20.79,21.25,-0.46,-2.1647,25724.53,53491.693
688372.SH,20230411,116.0,130.7,116.0,126.19,115.54,10.65,9.2176,32020.07,398682.47
688373.SH,20230411,10.19,10.42,9.88,10.17,10.27,-0.1,-0.9737,109824.82,111574.69
688375.SH,20230411,87.81,89.2,87.07,88.41,87.81,0.6,0.6833,8264.42,72776.218
688376.SH,20230411,36.98,36.98,35.94,36.29,36.61,-0.32,-0.8741,9963.07,36240.424
688377.SH,20230411,32.93,33.06,31.91,32.25,32.9,-0.65,-1.9757,5978.4,19375.336
688378.SH,20230411,59.6,60.28,57.8,58.4,59.4,-1.0,-1.6835,6983.6,41004.592
688379.SH,20230411,18.3,18.67,18.03,18.38,18.48,-0.1,-0.5411,9931.69,18268.153
688380.SH,20230411,34.57,35.37,34.12,34.69,34.41,0.28,0.8137,49372.02,171843.409
688381.SH,20230411,43.77,45.67,43.63,44.7,43.92,0.78,1.776,36661.63,164036.446
688382.SH,20230411,22.61,23.56,20.33,21.92,23.21,-1.29,-5.5579,114451.05,249245.11
688383.SH,20230411,126.98,131.68,125.15,126.24,127.42,-1.18,-0.9261,7151.43,91571.06
688385.SH,20230411,71.32,71.5,68.5,69.79,70.74,-0.95,-1.3429,126841.86,887687.79
688386.SH,20230411,46.53,47.11,45.6,45.94,46.2,-0.26,-0.5628,6356.2,29320.864
688387.SH,20230411,6.93,6.93,6.71,6.87,6.9,-0.03,-0.4348,273366.25,186509.198
688388.SH,20230411,43.96,44.39,43.52,43.77,43.93,-0.16,-0.3642,18867.25,82738.563
688389.SH,20230411,29.59,29.59,27.6,27.87,29.8,-1.93,-6.4765,35697.1,100520.068
688390.SH,20230411,287.95,294.5,278.47,292.85,284.18,8.67,3.0509,38069.16,1096255.427
688391.SH,20230411,122.18,126.68,122.18,124.52,122.8,1.72,1.4007,9280.96,115688.942
688392.SH,20230411,120.0,121.97,118.02,118.8,121.0,-2.2,-1.8182,4152.47,49596.687
688393.SH,20230411,27.05,27.19,26.1,26.4,26.99,-0.59,-2.186,16805.21,44490.56
688395.SH,20230411,20.69,20.82,20.21,20.41,20.69,-0.28,-1.3533,2569.43,5256.926
688396.SH,20230411,63.34,63.78,62.11,63.32,63.12,0.2,0.3169,90028.6,567741.007
688398.SH,20230411,40.8,41.39,40.2,40.52,40.77,-0.25,-0.6132,3900.8,15857.272
688399.SH,20230411,86.43,86.96,85.83,86.26,86.2,0.06,0.0696,3702.67,31868.182
688400.SH,20230411,41.99,43.58,38.45,43.5,41.39,2.11,5.0978,319554.29,1304392.955
688401.SH,20230411,50.95,52.56,50.5,51.24,50.75,0.49,0.9655,22618.59,116336.968
688403.SH,20230411,14.67,15.19,14.35,14.86,14.66,0.2,1.3643,147509.32,217670.565
688408.SH,20230411,81.8,83.2,80.37,81.1,81.8,-0.7,-0.8557,18257.91,148558.586
688409.SH,20230411,115.19,118.8,114.11,115.95,115.88,0.07,0.0604,29832.98,347582.843
688410.SH,20230411,43.46,44.44,42.41,42.93,42.71,0.22,0.5151,14811.72,64078.793
688416.SH,20230411,67.55,78.24,67.39,78.24,65.2,13.04,20.0,92139.92,698233.712
688418.SH,20230411,16.06,16.88,15.96,16.44,16.12,0.32,1.9851,69976.41,115506.663
688419.SH,20230411,41.68,42.27,40.6,41.77,41.37,0.4,0.9669,25248.23,104548.993
688420.SH,20230411,46.5,54.53,46.0,54.53,45.44,9.09,20.0044,75335.65,384101.682
688425.SH,20230411,5.53,5.61,5.32,5.37,5.57,-0.2,-3.5907,564066.11,305963.46
688426.SH,20230411,43.8,43.8,41.62,42.15,43.41,-1.26,-2.9026,5800.22,24517.357
688428.SH,20230411,14.4,14.48,13.9,14.25,14.36,-0.11,-0.766,120373.08,170783.836
688432.SH,20230411,17.68,18.04,17.4,17.88,17.93,-0.05,-0.2789,160673.23,285154.005
688435.SH,20230411,123.15,123.49,118.69,120.15,123.3,-3.15,-2.5547,3704.3,44790.774
688439.SH,20230411,98.69,100.66,97.6,99.88,99.4,0.48,0.4829,11610.21,114944.34
688448.SH,20230411,25.94,25.94,25.35,25.58,25.53,0.05,0.1958,4394.06,11253.277
920810.BJ,20230411,8.15,8.15,8.09,8.13,8.15,-0.02,-0.2454,1758.02,1425.681
920906.BJ,20230411,11.19,11.2,11.12,11.2,11.18,0.02,0.1789,1003.13,1119.838
920768.BJ,20230411,4.99,5.02,4.97,4.98,4.99,-0.01,-0.2004,1036.77,517.195
920245.BJ,20230411,9.58,9.71,9.55,9.62,9.6,0.02,0.2083,60.62,58.373
920418.BJ,20230411,10.57,10.6,10.43,10.55,10.55,0.0,0.0,315.57,332.312
920873.BJ,20230411,3.14,3.17,3.13,3.15,3.15,0.0,0.0,1178.88,370.555
920857.BJ,20230411,8.41,8.5,8.37,8.45,8.49,-0.04,-0.4711,485.86,408.185
920305.BJ,20230411,13.78,14.19,13.56,13.65,13.78,-0.13,-0.9434,17777.12,24613.418
920685.BJ,20230411,10.98,11.05,10.69,10.98,11.02,-0.04,-0.363,3108.61,3392.423
920932.BJ,20230411,12.05,12.27,12.05,12.17,12.13,0.04,0.3298,988.24,1196.068
000001.SZ,20230411,12.7,12.72,12.52,12.54,12.68,-0.14,-1.1041,777779.62,978302.908
000002.SZ,20230411,15.6,16.25,15.56,16.04,15.7,0.34,2.1656,1730535.38,2766563.555
000004.SZ,20230411,9.81,9.92,9.67,9.9,9.84,0.06,0.6098,8661.0,8494.612
000005.SZ,20230411,1.75,1.75,1.73,1.74,1.75,-0.01,-0.5714,27926.47,4870.623
000006.SZ,20230411,5.03,5.18,4.99,5.17,5.03,0.14,2.7833,257274.53,131712.537
000007.SZ,20230411,7.47,7.55,7.41,7.52,7.47,0.05,0.6693,24207.5,18140.055
000008.SZ,20230411,2.36,2.37,2.34,2.36,2.36,0.0,0.0,126363.0,29714.205
000009.SZ,20230411,11.39,11.46,11.25,11.39,11.4,-0.01,-0.0877,132977.73,151388.639
000010.SZ,20230411,2.56,2.61,2.51,2.58,2.57,0.01,0.3891,276738.41,70531.34
000011.SZ,20230411,10.17,10.27,10.03,10.26,10.14,0.12,1.1834,41572.73,42350.037
000012.SZ,20230411,6.64,6.65,6.58,6.64,6.65,-0.01,-0.1504,149114.16,98670.51
000014.SZ,20230411,9.41,9.59,9.3,9.58,9.47,0.11,1.1616,38805.2,36789.703
000016.SZ,20230411,5.18,5.28,5.14,5.17,5.18,-0.01,-0.1931,246340.31,128087.556
000017.SZ,20230411,4.42,4.48,4.31,4.47,4.42,0.05,1.1312,49306.0,21651.52
000019.SZ,20230411,7.67,7.7,7.61,7.69,7.68,0.01,0.1302,40870.55,31276.343
000020.SZ,20230411,10.43,10.78,10.38,10.47,10.35,0.12,1.1594,17145.0,18015.714
000021.SZ,20230411,20.3,22.24,20.0,20.45,20.66,-0.21,-1.0165,2547805.84,5368045.685
000023.SZ,20230411,9.61,9.68,9.4,9.5,9.61,-0.11,-1.1446,36729.01,34990.989
000025.SZ,20230411,17.83,18.28,17.65,18.18,17.88,0.3,1.6779,53296.24,95941.61
000026.SZ,20230411,11.14,11.14,10.93,11.08,11.03,0.05,0.4533,27450.0,30324.729
000027.SZ,20230411,6.12,6.16,6.11,6.15,6.14,0.01,0.1629,114514.8,70220.209
000028.SZ,20230411,46.47,49.03,46.01,48.88,46.72,2.16,4.6233,41341.84,197269.129
000029.SZ,20230411,11.69,11.79,11.51,11.74,11.59,0.15,1.2942,23011.25,26846.896
000030.SZ,20230411,4.68,4.69,4.61,4.64,4.65,-0.01,-0.2151,50339.0,23350.247
000031.SZ,20230411,3.87,4.05,3.83,4.03,3.87,0.16,4.1344,560245.27,222639.046
000032.SZ,20230411,38.43,39.21,37.33,38.55,38.41,0.14,0.3645,304652.47,1164557.783
000034.SZ,20230411,28.4,28.97,27.92,28.82,28.44,0.38,1.3361,330619.62,944138.766
000035.SZ,20230411,4.88,4.94,4.8,4.91,4.88,0.03,0.6148,133819.1,64980.894
000036.SZ,20230411,3.9,3.93,3.87,3.93,3.9,0.03,0.7692,54864.17,21435.516
000037.SZ,20230411,7.54,7.6,7.4,7.48,7.53,-0.05,-0.664,38926.01,28996.128
000038.SZ,20230411,4.18,4.18,4.03,4.06,4.24,-0.18,-4.2453,77522.8,31616.133
000039.SZ,20230411,7.5,7.51,7.38,7.42,7.51,-0.09,-1.1984,116352.48,86299.42
000581.SZ,20230411,19.64,19.68,19.55,19.68,19.59,0.09,0.4594,51523.76,101079.601
000582.SZ,20230411,7.84,8.05,7.71,8.02,7.78,0.24,3.0848,186437.58,147636.956
000584.SZ,20230411,8.05,8.06,7.77,7.87,8.05,-0.18,-2.236,229093.82,180338.803
000586.SZ,20230411,10.95,11.14,10.87,11.01,11.04,-0.03,-0.2717,48883.85,53859.33
000589.SZ,20230411,5.11,5.12,4.99,5.01,5.09,-0.08,-1.5717,89030.37,44899.279
000590.SZ,20230411,8.86,8.93,8.77,8.83,8.82,0.01,0.1134,43961.0,38866.774
000591.SZ,20230411,6.9,6.92,6.81,6.84,6.89,-0.05,-0.7257,291712.77,199434.986
000592.SZ,20230411,2.5,2.5,2.46,2.48,2.5,-0.02,-0.8,201688.43,49916.675
000593.SZ,20230411,6.83,6.89,6.79,6.86,6.85,0.01,0.146,27818.0,19018.588
000595.SZ,20230411,6.29,6.33,6.15,6.22,6.35,-0.13,-2.0472,130312.48,80680.468
000596.SZ,20230411,291.06,292.35,283.03,286.43,290.9,-4.47,-1.5366,17701.32,507218.398
000597.SZ,20230411,5.81,5.83,5.76,5.79,5.8,-0.01,-0.1724,88988.18,51474.201
000598.SZ,20230411,5.09,5.1,5.07,5.1,5.09,0.01,0.1965,105123.21,53468.01
000599.SZ,20230411,4.14,4.16,4.1,4.14,4.14,0.0,0.0,58924.0,24345.959
000600.SZ,20230411,5.22,5.3,5.19,5.26,5.28,-0.02,-0.3788,123141.66,64505.459
000601.SZ,20230411,4.68,4.69,4.61,4.65,4.68,-0.03,-0.641,56072.35,26015.35
000603.SZ,20230411,17.49,18.5,17.34,18.47,17.6,0.87,4.9432,128943.0,233324.689
000605.SZ,20230411,5.95,5.97,5.86,5.9,5.95,-0.05,-0.8403,45745.6,26977.787
000606.SZ,20230411,1.86,1.86,1.79,1.79,1.88,-0.09,-4.7872,56785.0,10221.676
000607.SZ,20230411,5.51,5.88,5.47,5.78,5.52,0.26,4.7101,353317.31,202525.084
000608.SZ,20230411,2.75,2.83,2.74,2.81,2.76,0.05,1.8116,120987.2,33746.099
000609.SZ,20230411,4.9,4.94,4.84,4.91,4.91,0.0,0.0,38539.0,18826.399
000610.SZ,20230411,18.49,19.88,17.98,18.12,18.36,-0.24,-1.3072,675580.73,1274612.371
000612.SZ,20230411,5.44,5.52,5.36,5.46,5.45,0.01,0.1835,121669.88,66113.394
000615.SZ,20230411,6.42,6.46,6.25,6.32,6.45,-0.13,-2.0155,153560.98,97330.016
000616.SZ,20230411,1.35,1.36,1.31,1.35,1.35,0.0,0.0,130612.03,17428.587
000617.SZ,20230411,7.39,7.64,7.3,7.54,7.41,0.13,1.7544,2254335.08,1683523.13
000619.SZ,20230411,6.34,6.38,6.31,6.38,6.34,0.04,0.6309,21848.52,13885.12
000620.SZ,20230411,2.89,2.95,2.84,2.9,2.89,0.01,0.346,263044.76,76275.053
000622.SZ,20230411,4.92,5.06,4.86,5.03,4.94,0.09,1.8219,84225.0,41850.466
000623.SZ,20230411,15.77,15.85,15.7,15.78,15.68,0.1,0.6378,74503.73,117467.043
000625.SZ,20230411,11.83,11.93,11.76,11.86,11.87,-0.01,-0.0842,600720.86,710356.266
000626.SZ,20230411,8.5,8.56,8.42,8.55,8.48,0.07,0.8255,26175.0,22263.176
000627.SZ,20230411,3.44,3.46,3.39,3.42,3.41,0.01,0.2933,192708.28,65921.527
000628.SZ,20230411,14.93,14.94,14.53,14.74,14.86,-0.12,-0.8075,38792.6,56882.987
000629.SZ,20230411,4.85,4.87,4.76,4.87,4.85,0.02,0.4124,554452.6,267013.331
000630.SZ,20230411,3.17,3.21,3.1,3.2,3.16,0.04,1.2658,1561246.4,493251.242
000631.SZ,20230411,3.42,3.46,3.38,3.46,3.41,0.05,1.4663,70931.47,24290.724
000632.SZ,20230411,4.18,4.22,4.15,4.21,4.18,0.03,0.7177,54280.36,22752.575
000633.SZ,20230411,9.31,9.64,9.25,9.54,9.31,0.23,2.4705,70228.6,66726.533
000635.SZ,20230411,9.31,9.44,9.15,9.41,9.34,0.07,0.7495,28073.0,26234.056
000636.SZ,20230411,18.41,18.79,18.31,18.55,18.41,0.14,0.7605,174215.38,323223.608
000901.SZ,20230411,10.1,10.14,9.82,10.0,10.09,-0.09,-0.892,183245.81,182404.86
000902.SZ,20230411,11.21,11.22,11.09,11.16,11.2,-0.04,-0.3571,55353.0,61624.787
000903.SZ,20230411,2.41,2.42,2.38,2.39,2.41,-0.02,-0.8299,117578.28,28178.403
000905.SZ,20230411,7.07,7.07,6.98,7.05,7.04,0.01,0.142,63792.45,44827.616
000906.SZ,20230411,9.35,9.38,9.22,9.34,9.29,0.05,0.5382,70118.6,65214.792
000908.SZ,20230411,3.0,3.0,2.95,2.97,2.99,-0.02,-0.6689,92568.0,27493.325
000909.SZ,20230411,9.19,9.21,8.85,8.91,9.2,-0.29,-3.1522,139380.85,125202.731
000910.SZ,20230411,9.26,9.44,9.15,9.35,9.25,0.1,1.0811,59246.7,55205.782
000911.SZ,20230411,10.2,10.98,9.96,10.79,10.2,0.59,5.7843,351371.11,367401.523
000912.SZ,20230411,4.71,4.73,4.69,4.72,4.73,-0.01,-0.2114,48320.0,22755.437
000913.SZ,20230411,21.96,22.39,21.7,21.81,22.09,-0.28,-1.2675,39421.89,86404.056
000915.SZ,20230411,37.6,37.76,36.73,36.96,37.79,-0.83,-2.1963,38066.9,141055.664
000917.SZ,20230411,6.08,6.45,6.01,6.33,6.1,0.23,3.7705,313816.3,197008.127
000918.SZ,20230411,1.82,1.85,1.78,1.85,1.82,0.03,1.6484,185237.56,33703.259
000919.SZ,20230411,7.68,7.73,7.61,7.67,7.68,-0.01,-0.1302,42492.0,32562.691
000920.SZ,20230411,9.18,9.26,9.03,9.14,9.24,-0.1,-1.0823,51756.17,47008.144
000921.SZ,20230411,20.26,21.2,19.95,21.14,20.22,0.92,4.55,123569.41,256101.324
000922.SZ,20230411,11.23,11.34,11.13,11.26,11.3,-0.04,-0.354,62657.19,70259.368
000923.SZ,20230411,14.24,14.37,13.96,14.3,14.27,0.03,0.2102,46802.0,66051.652
000925.SZ,20230411,8.51,8.74,8.43,8.62,8.54,0.08,0.9368,156138.2,134534.704
000926.SZ,20230411,4.22,4.27,4.15,4.26,4.2,0.06,1.4286,124153.57,52356.392
000927.SZ,20230411,2.96,2.98,2.93,2.95,2.97,-0.02,-0.6734,287836.67,84816.524
000928.SZ,20230411,8.38,8.4,7.99,8.2,8.27,-0.07,-0.8464,793881.34,650904.804
000929.SZ,20230411,9.99,10.0,9.68,9.79,9.98,-0.19,-1.9038,51511.0,50375.78
000930.SZ,20230411,8.48,8.52,8.4,8.52,8.46,0.06,0.7092,90780.18,76881.859
000931.SZ,20230411,6.22,6.26,6.19,6.23,6.24,-0.01,-0.1603,25313.52,15730.236
000932.SZ,20230411,5.53,5.68,5.4,5.67,5.53,0.14,2.5316,869539.38,486035.328
000933.SZ,20230411,17.38,17.65,17.02,17.31,17.53,-0.22,-1.255,353890.11,609195.528
000935.SZ,20230411,21.32,21.51,21.16,21.34,21.32,0.02,0.0938,27096.0,57823.972
000936.SZ,20230411,7.88,8.66,7.74,8.39,7.87,0.52,6.6074,1457044.75,1205196.602
000937.SZ,20230411,6.8,6.82,6.71,6.79,6.8,-0.01,-0.1471,154193.33,104100.165
000938.SZ,20230411,31.21,31.65,30.31,31.52,31.2,0.32,1.0256,798266.73,2490256.22
000948.SZ,20230411,20.86,21.16,20.58,21.0,20.89,0.11,0.5266,89315.95,186803.248
000949.SZ,20230411,3.28,3.29,3.24,3.29,3.28,0.01,0.3049,83047.62,27122.73
000950.SZ,20230411,5.53,5.53,5.44,5.52,5.5,0.02,0.3636,111621.37,61247.281
000951.SZ,20230411,15.09,15.22,14.63,14.77,15.09,-0.32,-2.1206,157673.44,233978.202
000952.SZ,20230411,7.48,7.53,7.43,7.46,7.51,-0.05,-0.6658,24491.6,18282.13
000953.SZ,20230411,5.51,5.53,5.41,5.47,5.5,-0.03,-0.5455,34601.98,18856.258
000955.SZ,20230411,4.75,4.76,4.67,4.72,4.76,-0.04,-0.8403,41090.11,19328.986
000957.SZ,20230411,10.42,10.54,10.28,10.44,10.46,-0.02,-0.1912,116820.58,121273.969
000958.SZ,20230411,4.26,4.28,4.23,4.25,4.28,-0.03,-0.7009,99094.02,42121.961
000959.SZ,20230411,3.8,3.85,3.77,3.85,3.81,0.04,1.0499,140209.21,53481.07
002060.SZ,20230411,6.84,6.84,6.76,6.78,6.82,-0.04,-0.5865,85387.63,57831.605
002061.SZ,20230411,6.12,6.24,6.06,6.24,6.13,0.11,1.7945,292426.83,180492.468
002062.SZ,20230411,5.35,5.36,5.26,5.32,5.34,-0.02,-0.3745,87161.47,46070.829
002063.SZ,20230411,8.8,9.05,8.75,8.97,8.83,0.14,1.5855,396122.48,353489.219
002064.SZ,20230411,7.36,7.65,7.3,7.53,7.36,0.17,2.3098,210511.02,158131.073
002065.SZ,20230411,7.73,8.01,7.68,7.89,7.79,0.1,1.2837,1160572.75,913102.086
002066.SZ,20230411,11.41,11.41,11.17,11.26,11.44,-0.18,-1.5734,34999.64,39354.829
002067.SZ,20230411,3.44,3.44,3.4,3.42,3.43,-0.01,-0.2915,66957.83,22890.388
002068.SZ,20230411,11.84,11.98,11.75,11.96,11.94,0.02,0.1675,68984.01,81783.502
002069.SZ,20230411,3.63,3.64,3.55,3.57,3.63,-0.06,-1.6529,45899.0,16471.605
002072.SZ,20230411,7.19,7.19,7.01,7.04,7.19,-0.15,-2.0862,34009.0,24003.053
002073.SZ,20230411,7.05,7.14,7.03,7.11,7.06,0.05,0.7082,120356.87,85285.632
002074.SZ,20230411,28.77,29.0,28.22,28.9,28.82,0.08,0.2776,136552.13,391997.226
002075.SZ,20230411,4.07,4.1,4.03,4.1,4.07,0.03,0.7371,146555.27,59616.641
002076.SZ,20230411,2.83,2.9,2.77,2.88,2.83,0.05,1.7668,150395.48,42690.863
002077.SZ,20230411,16.8,17.07,16.6,16.94,16.82,0.12,0.7134,173314.16,291876.817
002078.SZ,20230411,12.2,12.4,12.19,12.39,12.17,0.22,1.8077,126183.31,155613.857
002079.SZ,20230411,15.91,16.06,15.58,15.8,15.86,-0.06,-0.3783,415279.12,657867.152
002080.SZ,20230411,24.04,24.27,23.91,24.1,24.04,0.06,0.2496,126058.81,303612.324
002081.SZ,20230411,5.11,5.27,5.08,5.23,5.12,0.11,2.1484,166104.98,86242.717
002082.SZ,20230411,8.47,8.51,8.29,8.37,8.51,-0.14,-1.6451,44575.0,37318.537
002083.SZ,20230411,4.43,4.48,4.39,4.47,4.42,0.05,1.1312,56337.0,25041.029
002084.SZ,20230411,4.29,4.33,4.26,4.31,4.28,0.03,0.7009,77838.97,33439.294
002085.SZ,20230411,5.97,6.04,5.92,6.02,5.96,0.06,1.0067,151595.06,90752.605
002086.SZ,20230411,3.0,3.03,2.88,2.93,3.03,-0.1,-3.3003,111994.46,32904.047
002087.SZ,20230411,2.92,2.93,2.9,2.92,2.91,0.01,0.3436,63382.4,18491.949
002088.SZ,20230411,21.95,22.11,21.51,22.0,21.64,0.36,1.6636,21039.24,45901.473
002089.SZ,20230411,0.86,0.88,0.84,0.85,0.88,-0.03,-3.4091,774875.32,66045.657
002090.SZ,20230411,12.6,12.67,12.1,12.22,12.73,-0.51,-4.0063,120720.9,148488.634
002091.SZ,20230411,8.27,8.27,8.14,8.17,8.26,-0.09,-1.0896,83340.14,68111.115
002092.SZ,20230411,7.16,7.17,7.05,7.1,7.15,-0.05,-0.6993,328010.2,232620.292
002093.SZ,20230411,8.47,8.63,8.34,8.56,8.46,0.1,1.182,239048.57,203228.058
002094.SZ,20230411,3.65,3.72,3.62,3.7,3.66,0.04,1.0929,77906.2,28578.823
002095.SZ,20230411,22.78,24.62,22.28,24.02,22.82,1.2,5.2585,318673.44,753273.864
002096.SZ,20230411,13.08,13.08,12.84,12.9,13.09,-0.19,-1.4515,35435.0,45791.379
002097.SZ,20230411,6.38,6.4,6.24,6.31,6.36,-0.05,-0.7862,73124.5,46066.521
002098.SZ,20230411,5.88,5.95,5.82,5.91,5.87,0.04,0.6814,15796.0,9323.205
002099.SZ,20230411,7.29,7.75,7.26,7.72,7.29,0.43,5.8985,279170.53,211007.958
002100.SZ,20230411,9.82,9.85,9.52,9.62,9.76,-0.14,-1.4344,428432.06,413367.745
002101.SZ,20230411,19.14,19.22,18.86,19.13,19.13,0.0,0.0,75095.91,142532.094
002102.SZ,20230411,3.72,3.83,3.63,3.83,3.65,0.18,4.9315,443348.0,166469.277
002103.SZ,20230411,5.58,5.74,5.52,5.65,5.57,0.08,1.4363,111787.61,63120.105
600549.SH,20230411,20.14,20.46,19.98,20.43,20.14,0.29,1.4399,134044.4,271184.071
600550.SH,20230411,5.0,5.02,4.93,4.96,5.02,-0.06,-1.1952,82123.67,40666.577
600551.SH,20230411,11.17,11.63,11.03,11.53,11.14,0.39,3.5009,33728.94,38512.697
600552.SH,20230411,13.06,13.26,12.8,12.87,13.16,-0.29,-2.2036,169099.14,219436.475
600556.SH,20230411,8.37,8.96,8.3,8.71,8.39,0.32,3.8141,877398.33,761395.844
600557.SH,20230411,29.13,30.67,28.88,30.6,29.5,1.1,3.7288,159473.26,477078.908
600558.SH,20230411,3.47,3.49,3.41,3.48,3.47,0.01,0.2882,135647.25,46729.227
600559.SH,20230411,37.08,37.11,35.93,36.22,37.19,-0.97,-2.6082,190644.56,695092.715
600560.SH,20230411,11.72,11.74,11.36,11.46,11.72,-0.26,-2.2184,37835.0,43445.192
600561.SH,20230411,5.15,5.18,5.09,5.17,5.15,0.02,0.3883,22660.87,11654.842
600562.SH,20230411,16.69,16.77,16.38,16.5,16.69,-0.19,-1.1384,48373.79,79839.949
600563.SH,20230411,144.19,146.25,143.3,145.69,145.1,0.59,0.4066,17812.4,258173.346
600565.SH,20230411,1.9,1.92,1.88,1.92,1.9,0.02,1.0526,136408.74,25989.483
600566.SH,20230411,30.54,30.65,29.96,30.31,30.59,-0.28,-0.9153,95963.91,290088.677
600567.SH,20230411,2.45,2.45,2.42,2.43,2.44,-0.01,-0.4098,185589.81,45116.228
600568.SH,20230411,1.7,1.71,1.69,1.7,1.7,0.0,0.0,39850.6,6760.767
600569.SH,20230411,2.06,2.09,2.03,2.08,2.06,0.02,0.9709,151986.3,31290.103
600570.SH,20230411,49.0,49.94,48.42,49.18,49.0,0.18,0.3673,365347.02,1798772.199
600571.SH,20230411,11.09,11.27,10.94,11.2,11.09,0.11,0.9919,155805.61,173543.786
600572.SH,20230411,6.33,6.47,6.28,6.4,6.33,0.07,1.1058,409844.24,260846.859
600573.SH,20230411,12.82,12.86,12.53,12.64,12.83,-0.19,-1.4809,67081.02,85079.194
600575.SH,20230411,2.43,2.44,2.41,2.43,2.44,-0.01,-0.4098,100800.01,24382.4
600576.SH,20230411,7.8,8.2,7.71,8.16,7.82,0.34,4.3478,144974.43,117183.6
600577.SH,20230411,4.47,4.56,4.42,4.45,4.54,-0.09,-1.9824,445783.5,199088.65
600578.SH,20230411,3.15,3.16,3.12,3.13,3.15,-0.02,-0.6349,107143.0,33516.607
600579.SH,20230411,6.33,6.39,6.2,6.23,6.36,-0.13,-2.044,30227.0,18894.806
600580.SH,20230411,12.7,12.76,12.51,12.61,12.65,-0.04,-0.3162,113994.82,143946.613
600581.SH,20230411,4.22,4.25,4.14,4.24,4.22,0.02,0.4739,137510.57,57587.105
600582.SH,20230411,4.89,4.91,4.8,4.84,4.89,-0.05,-1.0225,335270.19,162029.12
600583.SH,20230411,6.75,6.8,6.58,6.68,6.77,-0.09,-1.3294,327265.32,217416.291
600584.SH,20230411,35.55,36.41,35.2,35.78,35.6,0.18,0.5056,570398.75,2039618.972
600585.SH,20230411,28.53,29.16,28.36,29.06,28.56,0.5,1.7507,297909.13,861207.332
600586.SH,20230411,8.38,8.45,8.26,8.44,8.37,0.07,0.8363,212364.27,178194.965
600587.SH,20230411,30.1,30.4,29.14,29.43,30.09,-0.66,-2.1934,65981.16,194873.605
600588.SH,20230411,24.6,25.27,24.47,24.7,24.53,0.17,0.693,370087.72,917656.385
600589.SH,20230411,2.41,2.47,2.36,2.41,2.43,-0.02,-0.823,91636.0,22120.928
600590.SH,20230411,6.6,6.61,6.49,6.6,6.57,0.03,0.4566,69124.51,45341.416
600592.SH,20230411,7.55,7.6,7.51,7.55,7.57,-0.02,-0.2642,16756.73,12650.924
600593.SH,20230411,14.88,16.2,14.87,15.78,14.73,1.05,7.1283,94865.88,149713.287
600594.SH,20230411,5.88,5.92,5.82,5.92,5.87,0.05,0.8518,107682.66,63362.032
600595.SH,20230411,3.16,3.19,3.13,3.19,3.16,0.03,0.9494,70784.05,22359.262
600596.SH,20230411,14.94,14.95,14.42,14.45,15.03,-0.58,-3.8589,281889.49,410117.917
600698.SH,20230411,4.52,4.54,4.46,4.54,4.51,0.03,0.6652,26755.0,12030.238
600699.SH,20230411,15.0,15.05,14.83,14.91,15.0,-0.09,-0.6,108312.51,161436.663
600702.SH,20230411,192.01,193.39,186.4,187.69,192.37,-4.68,-2.4328,39396.81,742945.811
600703.SH,20230411,21.01,21.3,20.85,21.25,21.08,0.17,0.8065,642375.31,1355793.137
600704.SH,20230411,4.91,4.91,4.87,4.89,4.9,-0.01,-0.2041,221736.96,108380.151
600705.SH,20230411,4.05,4.07,4.02,4.03,4.04,-0.01,-0.2475,553698.05,223675.534
600706.SH,20230411,15.73,15.73,15.4,15.73,14.3,1.43,10.0,229753.24,360944.63
600707.SH,20230411,5.06,5.13,5.05,5.11,5.07,0.04,0.789,181125.13,92129.41
600708.SH,20230411,2.22,2.29,2.21,2.29,2.22,0.07,3.1532,172146.82,38888.433
600710.SH,20230411,6.42,6.48,6.35,6.45,6.42,0.03,0.4673,91835.31,58811.29
600711.SH,20230411,5.63,5.77,5.59,5.76,5.65,0.11,1.9469,414661.62,235581.559
600712.SH,20230411,3.81,3.84,3.79,3.84,3.82,0.02,0.5236,46004.0,17549.862
600713.SH,20230411,5.14,5.16,5.09,5.11,5.16,-0.05,-0.969,76763.0,39263.725
600714.SH,20230411,9.07,9.24,8.99,9.2,9.08,0.12,1.3216,13653.0,12432.201
600715.SH,20230411,2.42,2.56,2.4,2.53,2.42,0.11,4.5455,538532.84,134558.668
600716.SH,20230411,3.73,3.77,3.71,3.77,3.73,0.04,1.0724,36674.0,13709.028
600717.SH,20230411,4.08,4.09,4.06,4.09,4.08,0.01,0.2451,70055.96,28545.305
600718.SH,20230411,12.32,12.72,12.12,12.71,12.41,0.3,2.4174,724623.43,904265.865
600719.SH,20230411,4.82,4.88,4.69,4.87,4.84,0.03,0.6198,37615.0,18081.677
600720.SH,20230411,10.92,11.1,10.78,10.96,10.88,0.08,0.7353,90935.68,99568.01
600721.SH,20230411,6.54,6.54,6.38,6.42,6.34,0.08,1.2618,45644.01,29380.989
600722.SH,20230411,5.06,5.06,4.96,5.0,5.06,-0.06,-1.1858,39885.0,19936.435
600724.SH,20230411,3.85,3.86,3.8,3.84,3.83,0.01,0.2611,37185.0,14224.667
600725.SH,20230411,2.84,2.89,2.83,2.88,2.88,0.0,0.0,59860.05,17063.62
600726.SH,20230411,2.6,2.64,2.6,2.64,2.6,0.04,1.5385,39895.6,10475.378
600727.SH,20230411,6.32,6.33,6.24,6.28,6.33,-0.05,-0.7899,31704.0,19861.673
600728.SH,20230411,7.15,7.26,7.01,7.17,7.1,0.07,0.9859,485258.12,347399.235
600729.SH,20230411,24.66,24.92,24.06,24.14,24.62,-0.48,-1.9496,57509.69,139992.728
600730.SH,20230411,6.11,6.22,6.03,6.12,6.1,0.02,0.3279,71384.0,43632.845
600731.SH,20230411,8.2,8.23,8.08,8.13,8.23,-0.1,-1.2151,71665.31,58209.613
600732.SH,20230411,32.79,34.35,32.79,33.71,32.67,1.04,3.1833,354353.33,1195090.079
600733.SH,20230411,5.94,5.96,5.88,5.96,5.94,0.02,0.3367,194837.27,115182.698
600734.SH,20230411,4.03,4.08,4.03,4.05,4.05,0.0,0.0,67440.32,27336.601
600735.SH,20230411,6.0,6.03,5.95,6.03,6.02,0.01,0.1661,36619.03,21910.511
600736.SH,20230411,4.99,5.05,4.96,5.04,4.99,0.05,1.002,79053.04,39533.46
600737.SH,20230411,8.28,8.52,8.15,8.44,8.23,0.21,2.5516,475755.42,397780.286
600738.SH,20230411,7.59,7.69,7.54,7.66,7.59,0.07,0.9223,96015.8,73361.63
600739.SH,20230411,13.24,13.33,13.21,13.25,13.23,0.02,0.1512,58585.57,77625.317
600740.SH,20230411,5.47,5.48,5.43,5.47,5.47,0.0,0.0,102233.85,55718.817
600741.SH,20230411,16.72,16.84,16.57,16.63,16.75,-0.12,-0.7164,94577.09,157432.913
600742.SH,20230411,8.41,8.5,8.36,8.38,8.46,-0.08,-0.9456,51473.93,43188.296
600743.SH,20230411,1.68,1.71,1.66,1.7,1.68,0.02,1.1905,137073.53,23068.001
600968.SH,20230411,3.45,3.54,3.43,3.5,3.42,0.08,2.3392,639878.03,222950.219
600969.SH,20230411,7.23,7.23,7.1,7.14,7.19,-0.05,-0.6954,38355.0,27389.594
600970.SH,20230411,12.5,13.04,12.28,12.98,12.54,0.44,3.5088,384820.07,491482.963
600971.SH,20230411,8.76,8.8,8.62,8.73,8.76,-0.03,-0.3425,196082.48,170238.409
600973.SH,20230411,5.04,5.05,4.94,4.97,5.01,-0.04,-0.7984,130545.05,64812.568
600975.SH,20230411,12.25,12.64,12.02,12.5,12.42,0.08,0.6441,436795.26,540155.726
600976.SH,20230411,76.52,76.53,73.0,74.45,75.51,-1.06,-1.4038,36476.64,270598.306
600977.SH,20230411,14.23,15.11,14.16,14.99,14.22,0.77,5.4149,446428.77,660029.107
600979.SH,20230411,3.21,3.21,3.17,3.21,3.21,0.0,0.0,127461.62,40658.587
600980.SH,20230411,14.83,14.88,14.65,14.87,14.83,0.04,0.2697,9677.29,14303.575
600981.SH,20230411,2.6,2.61,2.58,2.6,2.59,0.01,0.3861,86772.66,22488.861
600982.SH,20230411,4.18,4.21,4.15,4.21,4.19,0.02,0.4773,63664.0,26634.045
600983.SH,20230411,8.06,8.06,7.89,7.93,8.1,-0.17,-2.0988,31165.0,24764.094
600984.SH,20230411,5.86,5.88,5.7,5.82,5.86,-0.04,-0.6826,161463.02,93177.234
600985.SH,20230411,12.9,12.94,12.74,12.9,12.92,-0.02,-0.1548,155982.46,199988.739
600986.SH,20230411,6.32,6.99,6.26,6.86,6.35,0.51,8.0315,1030064.65,697852.744
600987.SH,20230411,8.12,8.12,7.91,7.96,8.01,-0.05,-0.6242,71800.11,57270.005
600988.SH,20230411,18.0,18.6,17.87,18.53,18.06,0.47,2.6024,469045.4,859988.749
600989.SH,20230411,14.28,14.56,14.18,14.54,14.26,0.28,1.9635,289641.95,416598.093
600990.SH,20230411,34.48,34.73,33.85,34.2,34.5,-0.3,-0.8696,22541.21,76913.473
600992.SH,20230411,19.15,19.21,18.7,18.95,19.12,-0.17,-0.8891,56227.54,106529.113
600993.SH,20230411,25.15,25.52,24.51,25.3,25.36,-0.06,-0.2366,154335.84,386026.956
600995.SH,20230411,14.4,14.41,14.1,14.16,14.36,-0.2,-1.3928,71064.39,101143.093
600996.SH,20230411,11.98,12.55,11.59,12.14,11.91,0.23,1.9312,334561.78,404573.856
600997.SH,20230411,6.8,6.8,6.73,6.79,6.78,0.01,0.1475,74583.84,50416.148
600998.SH,20230411,14.37,14.9,14.11,14.85,14.2,0.65,4.5775,118408.29,172505.926
600999.SH,20230411,14.25,14.44,14.18,14.26,14.1,0.16,1.1348,238327.22,340951.832
601000.SH,20230411,3.19,3.25,3.18,3.19,3.2,-0.01,-0.3125,313467.24,100480.713
601001.SH,20230411,11.09,11.14,10.9,11.03,11.09,-0.06,-0.541,115877.64,127161.137
601002.SH,20230411,4.63,4.64,4.6,4.63,4.64,-0.01,-0.2155,45704.0,21103.379
601003.SH,20230411,4.05,4.11,3.98,4.1,4.05,0.05,1.2346,138344.65,55832.459
601005.SH,20230411,1.55,1.56,1.54,1.55,1.55,0.0,0.0,307926.08,47668.78
601006.SH,20230411,7.14,7.16,7.07,7.12,7.11,0.01,0.1406,315931.65,224584.629
601007.SH,20230411,10.33,10.58,10.26,10.57,10.32,0.25,2.4225,232276.8,243100.697
601008.SH,20230411,4.64,4.64,4.57,4.6,4.64,-0.04,-0.8621,107903.87,49507.691
601009.SH,20230411,9.1,9.12,9.02,9.03,9.1,-0.07,-0.7692,212656.01,192408.803
601010.SH,20230411,2.41,2.42,2.37,2.41,2.41,0.0,0.0,92389.0,22110.405
601011.SH,20230411,3.51,3.53,3.5,3.53,3.51,0.02,0.5698,82049.62,28817.672
601012.SH,20230411,41.49,41.5,40.38,40.46,41.23,-0.77,-1.8676,770474.63,3134487.79
601015.SH,20230411,4.64,4.71,4.59,4.7,4.66,0.04,0.8584,76988.01,35796.029
601016.SH,20230411,3.85,3.86,3.81,3.83,3.86,-0.03,-0.7772,333570.08,127605.104
601018.SH,20230411,3.68,3.69,3.67,3.68,3.68,0.0,0.0,68065.06,25028.196
603600.SH,20230411,9.94,9.96,9.78,9.93,9.9,0.03,0.303,35305.5,34780.303
603601.SH,20230411,5.26,5.35,5.23,5.33,5.26,0.07,1.3308,72287.57,38357.152
603602.SH,20230411,13.62,13.73,13.44,13.63,13.59,0.04,0.2943,22064.8,29950.702
603603.SH,20230411,4.42,4.42,4.42,4.42,4.65,-0.23,-4.9462,7565.0,3343.73
603605.SH,20230411,174.49,175.55,172.62,174.0,173.89,0.11,0.0633,14121.22,245528.765
603606.SH,20230411,47.04,47.1,46.0,46.47,47.02,-0.55,-1.1697,90699.73,420168.774
603607.SH,20230411,13.7,13.89,13.51,13.82,13.65,0.17,1.2454,13179.16,18100.646
603608.SH,20230411,4.08,4.11,4.02,4.08,4.06,0.02,0.4926,25289.21,10292.446
603609.SH,20230411,12.42,12.6,12.21,12.28,12.38,-0.1,-0.8078,53955.09,66334.191
603610.SH,20230411,11.8,11.92,11.75,11.9,11.84,0.06,0.5068,18595.05,22037.152
603611.SH,20230411,19.89,20.21,19.77,20.03,20.09,-0.06,-0.2987,28645.2,57288.977
603612.SH,20230411,22.73,22.79,22.18,22.49,22.79,-0.3,-1.3164,85646.28,191845.641
603613.SH,20230411,72.0,72.3,66.03,66.5,73.37,-6.87,-9.3635,225108.01,1514904.156
603615.SH,20230411,7.98,8.08,7.83,7.88,7.98,-0.1,-1.2531,10143.0,8003.105
603616.SH,20230411,5.28,5.31,5.2,5.3,5.26,0.04,0.7605,31683.0,16654.739
603617.SH,20230411,8.1,8.18,8.04,8.13,8.12,0.01,0.1232,28347.86,22963.64
603618.SH,20230411,5.54,5.54,5.44,5.48,5.52,-0.04,-0.7246,40982.16,22421.989
603619.SH,20230411,16.59,16.76,16.33,16.73,16.65,0.08,0.4805,47408.4,78470.303
603626.SH,20230411,7.95,7.98,7.83,7.89,7.94,-0.05,-0.6297,67109.6,52963.579
603628.SH,20230411,14.8,14.85,14.65,14.65,14.85,-0.2,-1.3468,21589.87,31719.401
603629.SH,20230411,16.85,17.23,16.81,17.18,17.0,0.18,1.0588,12288.6,20974.238
603630.SH,20230411,13.96,14.08,13.91,14.02,13.92,0.1,0.7184,11621.4,16268.647
603633.SH,20230411,12.02,12.14,11.9,12.0,12.02,-0.02,-0.1664,35065.49,42083.569
603636.SH,20230411,16.8,17.08,16.39,17.06,16.77,0.29,1.7293,245483.47,411647.944
603637.SH,20230411,9.14,9.19,8.94,9.08,9.14,-0.06,-0.6565,58505.53,53007.731
603638.SH,20230411,16.9,17.03,16.77,16.84,16.95,-0.11,-0.649,19198.42,32438.783
603639.SH,20230411,20.2,20.3,20.07,20.29,20.2,0.09,0.4455,25234.29,50974.268
603648.SH,20230411,8.86,8.91,8.78,8.91,8.86,0.05,0.5643,20872.0,18443.299
603650.SH,20230411,40.43,40.98,39.63,40.3,40.44,-0.14,-0.3462,98301.64,395814.982
603655.SH,20230411,32.21,32.47,31.2,31.65,32.2,-0.55,-1.7081,7543.85,23724.215
603656.SH,20230411,15.1,15.15,14.17,14.22,13.87,0.35,2.5234,189740.71,273542.385
603657.SH,20230411,16.28,16.5,15.7,15.84,16.41,-0.57,-3.4735,17495.4,27835.717
603658.SH,20230411,62.99,63.01,61.06,61.6,62.7,-1.1,-1.7544,27878.9,172042.574
603659.SH,20230411,52.97,53.69,52.11,52.25,52.84,-0.59,-1.1166,107831.79,568424.689
603660.SH,20230411,7.09,7.09,6.76,6.84,7.04,-0.2,-2.8409,186048.25,127486.858
603661.SH,20230411,33.7,34.73,33.0,34.2,33.83,0.37,1.0937,5487.1,18633.395
603662.SH,20230411,18.53,18.6,18.12,18.32,18.56,-0.24,-1.2931,23925.54,43895.881
603663.SH,20230411,14.23,14.39,14.12,14.39,14.23,0.16,1.1244,27782.98,39689.011
603665.SH,20230411,33.76,34.3,33.34,33.46,33.66,-0.2,-0.5942,14372.0,48400.168
603666.SH,20230411,41.66,43.47,40.29,42.51,41.65,0.86,2.0648,59140.5,248689.116
603667.SH,20230411,12.31,12.35,12.08,12.21,12.35,-0.14,-1.1336,30062.97,36644.304
603668.SH,20230411,15.71,15.79,15.25,15.34,15.77,-0.43,-2.7267,105301.62,162287.374
688455.SH,20230411,15.78,15.79,15.32,15.43,15.72,-0.29,-1.8448,15031.55,23249.886
688456.SH,20230411,31.09,31.33,30.38,30.6,31.0,-0.4,-1.2903,4881.38,14947.886
688459.SH,20230411,9.53,9.59,9.46,9.5,9.53,-0.03,-0.3148,17946.74,17095.138
688466.SH,20230411,20.42,21.39,20.06,21.14,20.53,0.61,2.9713,12316.18,25819.116
688468.SH,20230411,13.26,13.3,11.6,11.84,13.31,-1.47,-11.0443,82429.34,100614.969
688475.SH,20230411,48.49,51.5,46.47,50.0,49.2,0.8,1.626,71694.85,351516.861
688480.SH,20230411,28.48,28.73,27.98,28.38,28.05,0.33,1.1765,5219.35,14785.337
688484.SH,20230411,50.01,50.79,47.88,48.61,51.04,-2.43,-4.761,131591.8,645954.392
688485.SH,20230411,17.57,17.6,17.37,17.4,17.6,-0.2,-1.1364,8018.38,13988.439
688486.SH,20230411,106.46,107.72,99.12,101.81,106.0,-4.19,-3.9528,18704.75,194021.812
688488.SH,20230411,11.27,11.36,11.08,11.16,11.21,-0.05,-0.446,26195.01,29321.176
688489.SH,20230411,130.26,145.01,127.01,141.61,130.39,11.22,8.605,26163.01,354853.615
688496.SH,20230411,13.6,13.9,13.18,13.84,13.34,0.5,3.7481,95391.03,129726.556
688498.SH,20230411,275.0,287.96,259.0,277.77,289.29,-11.52,-3.9822,43903.05,1199447.587
688499.SH,20230411,134.89,134.89,130.4,131.21,134.89,-3.68,-2.7281,7104.91,93791.684
688500.SH,20230411,32.64,34.18,31.18,34.0,32.83,1.17,3.5638,43863.33,144307.633
688501.SH,20230411,22.16,22.24,21.45,21.87,21.97,-0.1,-0.4552,16588.11,36377.416
688502.SH,20230411,250.5,265.0,234.01,242.37,254.2,-11.83,-4.6538,16688.7,411973.493
688503.SH,20230411,127.3,128.78,124.71,126.14,127.3,-1.16,-0.9112,3866.26,48869.85
688505.SH,20230411,11.33,11.33,10.86,10.98,11.21,-0.23,-2.0517,123000.1,135687.466
688506.SH,20230411,84.0,90.48,80.52,82.04,86.2,-4.16,-4.826,26267.46,221767.118
688508.SH,20230411,86.0,86.68,83.67,84.66,85.87,-1.21,-1.4091,25193.57,214244.028
688509.SH,20230411,5.1,5.18,5.05,5.1,5.14,-0.04,-0.7782,134686.84,68720.788
688510.SH,20230411,16.49,16.73,16.05,16.21,16.58,-0.37,-2.2316,9968.92,16256.113
688511.SH,20230411,36.77,37.17,36.03,36.54,36.71,-0.17,-0.4631,6063.37,22107.793
688513.SH,20230411,58.97,59.47,58.48,59.1,59.09,0.01,0.0169,5646.51,33314.103
688515.SH,20230411,201.56,207.99,198.52,201.34,204.2,-2.86,-1.4006,12405.33,251599.61
688516.SH,20230411,176.49,186.65,176.4,182.0,177.91,4.09,2.2989,13610.56,247852.415
688517.SH,20230411,18.09,18.09,17.21,17.61,17.86,-0.25,-1.3998,29177.58,51002.934
688518.SH,20230411,31.68,31.98,30.66,31.1,31.58,-0.48,-1.5199,38753.99,120170.689
688519.SH,20230411,28.6,28.6,27.44,27.86,28.26,-0.4,-1.4154,18384.56,51502.007
688520.SH,20230411,66.8,72.89,66.8,71.38,66.66,4.72,7.0807,33186.67,236191.501
688521.SH,20230411,101.0,101.78,92.5,96.02,99.83,-3.81,-3.8165,179351.42,1737450.163
688522.SH,20230411,62.5,62.7,60.3,60.31,62.15,-1.84,-2.9606,28036.62,171127.1
688525.SH,20230411,82.06,97.89,82.05,94.88,81.9,12.98,15.8486,157404.18,1415096.379
688526.SH,20230411,25.76,26.17,25.52,25.72,25.8,-0.08,-0.3101,8065.0,20806.875
688528.SH,20230411,11.24,11.32,11.07,11.15,11.26,-0.11,-0.9769,4071.31,4539.227
688529.SH,20230411,22.8,22.94,22.51,22.83,22.8,0.03,0.1316,6578.68,14932.901
688531.SH,20230411,183.0,191.95,180.08,191.0,187.42,3.58,1.9101,14741.07,274962.718
688533.SH,20230411,41.22,41.37,40.34,40.54,41.3,-0.76,-1.8402,16051.08,65315.266
688535.SH,20230411,64.0,69.89,63.22,67.66,65.93,1.73,2.624,62514.17,422670.669
688536.SH,20230411,275.0,278.7,267.0,271.23,272.56,-1.33,-0.488,14491.1,394902.757
000637.SZ,20230411,4.59,4.62,4.5,4.61,4.59,0.02,0.4357,52099.01,23739.88
000638.SZ,20230411,6.38,6.5,6.33,6.49,6.43,0.06,0.9331,39051.1,25061.724
000639.SZ,20230411,4.78,4.79,4.66,4.7,4.78,-0.08,-1.6736,78070.33,36704.849
000650.SZ,20230411,6.44,6.47,6.39,6.46,6.43,0.03,0.4666,174761.42,112344.674
000651.SZ,20230411,37.95,39.4,37.88,39.4,37.75,1.65,4.3709,953640.85,3728690.732
000652.SZ,20230411,4.4,4.41,4.33,4.38,4.39,-0.01,-0.2278,122169.97,53280.868
000655.SZ,20230411,6.92,7.11,6.87,7.1,6.92,0.18,2.6012,65289.6,45683.702
000656.SZ,20230411,1.55,1.59,1.54,1.57,1.55,0.02,1.2903,1340357.3,209949.942
000657.SZ,20230411,13.25,13.31,13.12,13.29,13.31,-0.02,-0.1503,99543.8,131517.875
000659.SZ,20230411,3.21,3.23,3.14,3.19,3.2,-0.01,-0.3125,212809.26,67725.527
000661.SZ,20230411,167.8,170.29,165.63,166.62,169.08,-2.46,-1.4549,55037.48,918257.173
000663.SZ,20230411,9.25,9.43,9.2,9.34,9.25,0.09,0.973,56061.0,52315.332
000665.SZ,20230411,6.39,6.6,6.29,6.43,6.41,0.02,0.312,451651.74,291406.884
000666.SZ,20230411,9.14,9.23,9.0,9.22,9.13,0.09,0.9858,66663.0,60873.491
000667.SZ,20230411,1.15,1.18,1.12,1.17,1.14,0.03,2.6316,415787.75,47940.806
000668.SZ,20230411,11.05,11.17,11.03,11.11,11.05,0.06,0.543,9539.0,10576.865
000669.SZ,20230411,1.98,1.98,1.94,1.97,1.98,-0.01,-0.5051,43607.0,8546.879
000670.SZ,20230411,8.49,8.55,8.38,8.46,8.44,0.02,0.237,229061.4,193950.497
000671.SZ,20230411,1.65,1.66,1.62,1.65,1.64,0.01,0.6098,466935.76,76859.341
000672.SZ,20230411,12.22,12.4,12.06,12.3,12.26,0.04,0.3263,75595.2,92576.462
000676.SZ,20230411,6.59,6.87,6.55,6.75,6.6,0.15,2.2727,453862.2,305208.157
000677.SZ,20230411,2.85,2.85,2.8,2.82,2.85,-0.03,-1.0526,70846.6,19978.155
000678.SZ,20230411,5.39,5.4,5.32,5.4,5.4,0.0,0.0,51958.42,27909.515
000679.SZ,20230411,4.91,4.99,4.85,4.95,4.89,0.06,1.227,37410.0,18488.354
000680.SZ,20230411,4.57,4.59,4.48,4.55,4.57,-0.02,-0.4376,154116.07,69651.746
000681.SZ,20230411,15.88,17.42,15.75,17.42,15.84,1.58,9.9747,551613.36,922373.607
000682.SZ,20230411,8.59,8.82,8.51,8.81,8.6,0.21,2.4419,225409.53,195632.443
000683.SZ,20230411,8.14,8.28,8.1,8.2,8.14,0.06,0.7371,285222.27,233448.949
000685.SZ,20230411,7.14,7.21,7.08,7.16,7.11,0.05,0.7032,78562.53,56127.673
000686.SZ,20230411,6.84,6.96,6.82,6.88,6.81,0.07,1.0279,146280.28,100917.502
000688.SZ,20230411,18.03,19.4,17.82,19.27,18.02,1.25,6.9367,187311.22,351634.085
000690.SZ,20230411,6.63,6.63,6.25,6.3,6.64,-0.34,-5.1205,513416.63,326494.866
000691.SZ,20230411,4.36,4.39,4.29,4.36,4.34,0.02,0.4608,66843.0,29006.521
000692.SZ,20230411,3.17,3.22,3.08,3.09,3.17,-0.08,-2.5237,84078.0,26335.725
000695.SZ,20230411,14.97,15.32,14.88,15.29,14.97,0.32,2.1376,22704.43,34344.57
000697.SZ,20230411,6.6,6.71,6.53,6.69,6.56,0.13,1.9817,80968.65,53537.327
000698.SZ,20230411,4.39,4.41,4.33,4.4,4.39,0.01,0.2278,53339.0,23293.835
000700.SZ,20230411,5.31,5.34,5.25,5.31,5.3,0.01,0.1887,65327.94,34548.239
000701.SZ,20230411,6.68,6.78,6.62,6.69,6.67,0.02,0.2999,50542.01,33866.475
000702.SZ,20230411,5.25,5.28,5.13,5.2,5.28,-0.08,-1.5152,54899.81,28427.708
000703.SZ,20230411,8.66,8.85,8.59,8.8,8.66,0.14,1.6166,504449.67,440423.229
000705.SZ,20230411,8.05,8.06,7.96,7.99,8.05,-0.06,-0.7453,44846.0,35883.988
000960.SZ,20230411,14.44,14.95,14.15,14.87,14.48,0.39,2.6934,284546.44,415854.836
000961.SZ,20230411,1.95,1.98,1.91,1.96,1.95,0.01,0.5128,584594.97,113771.289
000962.SZ,20230411,11.58,12.03,11.45,11.99,11.53,0.46,3.9896,89435.01,105363.48
000963.SZ,20230411,48.03,49.57,47.6,47.76,48.06,-0.3,-0.6242,102421.3,496202.557
000965.SZ,20230411,4.64,4.79,4.52,4.73,4.66,0.07,1.5021,740459.12,344422.293
000966.SZ,20230411,4.77,4.77,4.7,4.74,4.76,-0.02,-0.4202,102286.17,48435.28
000967.SZ,20230411,5.24,5.25,5.15,5.22,5.24,-0.02,-0.3817,110458.71,57314.006
000968.SZ,20230411,7.89,7.92,7.84,7.91,7.91,0.0,0.0,45933.44,36195.789
000969.SZ,20230411,9.33,9.41,9.23,9.39,9.33,0.06,0.6431,143543.6,133826.228
000970.SZ,20230411,13.27,13.32,13.07,13.32,13.25,0.07,0.5283,178542.49,235935.318
000971.SZ,20230411,1.91,1.94,1.87,1.88,1.92,-0.04,-2.0833,82957.0,15798.375
000972.SZ,20230411,3.73,3.73,3.63,3.67,3.73,-0.06,-1.6086,48937.0,17958.46
000973.SZ,20230411,4.63,4.67,4.6,4.66,4.65,0.01,0.2151,73114.66,33867.739
000975.SZ,20230411,13.58,14.49,13.48,14.28,13.76,0.52,3.7791,459100.25,648606.762
000976.SZ,20230411,3.75,3.76,3.7,3.72,3.75,-0.03,-0.8,88674.17,33000.677
000977.SZ,20230411,38.05,41.75,37.66,41.5,38.05,3.45,9.067,2572216.41,10265731.609
000978.SZ,20230411,8.72,8.95,8.6,8.7,8.7,0.0,0.0,284802.21,249596.218
000980.SZ,20230411,3.37,3.47,3.33,3.44,3.39,0.05,1.4749,600663.95,204507.251
000981.SZ,20230411,1.8,1.8,1.78,1.79,1.79,0.0,0.0,164931.64,29539.974
000982.SZ,20230411,1.58,1.59,1.56,1.57,1.59,-0.02,-1.2579,317803.63,49946.252
000983.SZ,20230411,10.26,10.43,10.25,10.43,10.32,0.11,1.0659,312100.64,323187.403
000985.SZ,20230411,15.96,16.03,15.7,15.91,16.07,-0.16,-0.9956,14437.0,22918.477
000987.SZ,20230411,7.03,7.12,6.96,7.0,7.02,-0.02,-0.2849,322297.91,226563.806
000988.SZ,20230411,32.27,33.25,30.9,31.95,32.5,-0.55,-1.6923,1143125.66,3628886.178
000989.SZ,20230411,14.21,14.41,13.96,14.2,14.22,-0.02,-0.1406,312171.01,442512.105
000990.SZ,20230411,8.89,8.94,8.83,8.92,8.91,0.01,0.1122,51173.0,45491.093
000993.SZ,20230411,9.96,9.97,9.86,9.88,9.98,-0.1,-1.002,26329.0,26034.397
000995.SZ,20230411,17.12,17.35,17.12,17.27,17.06,0.21,1.2309,18629.0,32098.804
000996.SZ,20230411,6.8,7.07,6.72,6.93,6.79,0.14,2.0619,111993.94,77823.878
000997.SZ,20230411,16.9,17.14,16.78,16.99,16.96,0.03,0.1769,75645.8,128187.661
000998.SZ,20230411,16.29,16.35,15.89,16.29,16.29,0.0,0.0,172958.17,278812.775
000999.SZ,20230411,56.65,57.99,56.0,56.66,57.14,-0.48,-0.84,61176.29,346455.763
001201.SZ,20230411,31.0,31.32,30.66,31.19,30.82,0.37,1.2005,16763.94,51977.658
001202.SZ,20230411,14.32,14.32,14.08,14.19,14.32,-0.13,-0.9078,10161.0,14390.711
001203.SZ,20230411,12.54,12.78,12.41,12.74,12.54,0.2,1.5949,81062.62,102506.748
001205.SZ,20230411,21.37,21.49,21.15,21.27,21.44,-0.17,-0.7929,14384.4,30583.084
001206.SZ,20230411,24.12,24.21,23.96,24.13,24.12,0.01,0.0415,8099.89,19511.228
001207.SZ,20230411,14.53,14.65,14.45,14.61,14.53,0.08,0.5506,9457.37,13746.989
001208.SZ,20230411,10.0,10.0,9.91,9.97,10.03,-0.06,-0.5982,23143.45,23015.491
001209.SZ,20230411,14.02,14.08,13.74,13.89,14.06,-0.17,-1.2091,9679.85,13453.943
001210.SZ,20230411,23.26,23.38,22.83,22.98,23.3,-0.32,-1.3734,4822.0,11088.03
001211.SZ,20230411,21.61,21.79,21.56,21.72,21.69,0.03,0.1383,2740.0,5938.551
002104.SZ,20230411,9.36,9.55,9.22,9.41,9.36,0.05,0.5342,272813.26,256258.164
002105.SZ,20230411,6.3,6.34,6.25,6.28,6.3,-0.02,-0.3175,25885.0,16268.574
002106.SZ,20230411,8.98,9.18,8.97,9.04,9.0,0.04,0.4444,113886.31,103305.491
002107.SZ,20230411,6.66,6.7,6.6,6.67,6.69,-0.02,-0.299,61663.2,40977.935
002108.SZ,20230411,4.29,4.3,4.24,4.26,4.29,-0.03,-0.6993,114849.39,48947.231
002109.SZ,20230411,5.01,5.11,5.0,5.1,5.04,0.06,1.1905,47519.0,24096.196
002110.SZ,20230411,4.88,4.91,4.85,4.9,4.91,-0.01,-0.2037,100248.49,48875.736
002111.SZ,20230411,10.5,10.83,10.28,10.37,10.32,0.05,0.4845,122454.05,128819.112
002112.SZ,20230411,12.2,12.3,11.91,11.97,12.35,-0.38,-3.0769,283870.28,342253.47
002113.SZ,20230411,1.18,1.23,1.17,1.23,1.22,0.01,0.8197,278785.67,33675.484
002114.SZ,20230411,6.63,7.06,6.53,7.04,6.63,0.41,6.184,158107.13,108661.319
002115.SZ,20230411,6.7,6.83,6.43,6.72,6.7,0.02,0.2985,553788.94,367952.371
002116.SZ,20230411,10.99,11.02,10.51,10.72,11.04,-0.32,-2.8986,89846.88,96158.761
002117.SZ,20230411,9.38,10.26,9.25,9.95,9.4,0.55,5.8511,516230.59,512404.172
002118.SZ,20230411,1.93,1.94,1.89,1.91,1.93,-0.02,-1.0363,223862.04,42606.42
002119.SZ,20230411,14.61,14.89,14.42,14.65,14.69,-0.04,-0.2723,196620.08,288180.707
002120.SZ,20230411,11.66,11.91,11.6,11.86,11.79,0.07,0.5937,265430.99,313203.931
002121.SZ,20230411,8.69,8.7,8.51,8.58,8.68,-0.1,-1.1521,227919.7,195424.042
002122.SZ,20230411,4.64,5.07,4.41,4.89,4.87,0.02,0.4107,2331920.12,1097293.241
002123.SZ,20230411,14.23,14.55,14.08,14.31,14.23,0.08,0.5622,171257.54,245062.665
002124.SZ,20230411,5.76,5.79,5.71,5.76,5.76,0.0,0.0,171122.64,98246.822
002125.SZ,20230411,13.0,13.04,12.76,12.88,13.14,-0.26,-1.9787,108685.75,140062.228
002126.SZ,20230411,13.68,13.87,13.41,13.5,13.74,-0.24,-1.7467,116287.91,157585.497
002127.SZ,20230411,4.85,5.06,4.82,4.95,4.86,0.09,1.8519,474524.25,235057.165
002128.SZ,20230411,13.09,13.18,13.02,13.17,13.11,0.06,0.4577,71906.75,94181.021
002129.SZ,20230411,48.3,49.05,47.77,48.22,48.88,-0.66,-1.3502,356715.26,1722379.903
002130.SZ,20230411,7.67,7.74,7.53,7.6,7.71,-0.11,-1.4267,119644.46,90755.33
002131.SZ,20230411,2.31,2.42,2.29,2.38,2.31,0.07,3.0303,3186073.4,758016.372
002132.SZ,20230411,4.29,4.29,4.2,4.24,4.28,-0.04,-0.9346,145499.7,61565.944
002133.SZ,20230411,3.19,3.25,3.14,3.25,3.19,0.06,1.8809,96495.01,30917.24
002134.SZ,20230411,9.67,9.82,9.47,9.55,9.67,-0.12,-1.241,58866.0,56503.59
002135.SZ,20230411,6.53,6.55,6.47,6.52,6.53,-0.01,-0.1531,62039.92,40325.712
002136.SZ,20230411,13.34,13.34,13.14,13.27,13.35,-0.08,-0.5993,28402.0,37508.025
002137.SZ,20230411,7.34,7.59,7.28,7.46,7.33,0.13,1.7735,161375.77,120424.38
002138.SZ,20230411,25.76,25.99,25.47,25.62,25.85,-0.23,-0.8897,75951.93,195191.193
002139.SZ,20230411,12.55,12.62,12.37,12.49,12.54,-0.05,-0.3987,162840.0,203252.74
002140.SZ,20230411,10.28,10.28,9.95,10.14,10.34,-0.2,-1.9342,136318.34,137231.39
002141.SZ,20230411,4.06,4.07,4.0,4.04,4.05,-0.01,-0.2469,72879.0,29379.098
002142.SZ,20230411,27.87,27.98,27.5,27.78,27.87,-0.09,-0.3229,227274.82,630284.435
002144.SZ,20230411,10.98,11.04,10.9,10.98,10.99,-0.01,-0.091,14690.0,16123.705
002145.SZ,20230411,6.41,6.5,6.35,6.5,6.41,0.09,1.4041,175258.66,112538.163
002146.SZ,20230411,1.82,1.84,1.8,1.84,1.82,0.02,1.0989,435167.11,79287.814
002277.SZ,20230411,3.47,3.48,3.43,3.44,3.47,-0.03,-0.8646,105442.94,36308.042
002278.SZ,20230411,5.24,5.25,5.18,5.23,5.21,0.02,0.3839,52560.55,27422.516
002279.SZ,20230411,7.91,8.09,7.79,7.94,7.99,-0.05,-0.6258,354431.17,280987.338
002280.SZ,20230411,3.92,4.11,3.9,4.0,3.91,0.09,2.3018,897303.02,360362.168
002281.SZ,20230411,27.1,27.6,26.38,26.9,27.44,-0.54,-1.9679,387839.52,1044022.861
002282.SZ,20230411,7.79,8.05,7.48,8.03,7.82,0.21,2.6854,131327.46,103232.219
002283.SZ,20230411,5.46,5.51,5.37,5.41,5.45,-0.04,-0.7339,89352.36,48429.458
002284.SZ,20230411,7.75,7.84,7.68,7.79,7.75,0.04,0.5161,54777.4,42375.762
002285.SZ,20230411,2.91,2.93,2.85,2.93,2.9,0.03,1.0345,182786.36,52990.96
002286.SZ,20230411,9.03,9.03,8.9,8.98,9.02,-0.04,-0.4435,27131.01,24268.202
002287.SZ,20230411,26.38,26.68,25.71,26.13,25.8,0.33,1.2791,29288.0,76481.817
002288.SZ,20230411,5.39,5.49,5.37,5.41,5.41,0.0,0.0,111067.08,60087.038
002289.SZ,20230411,8.34,8.45,8.15,8.22,8.35,-0.13,-1.5569,37962.0,31204.623
002290.SZ,20230411,9.27,9.32,9.11,9.27,9.27,0.0,0.0,18828.71,17347.894
002291.SZ,20230411,15.69,16.46,15.65,15.8,15.68,0.12,0.7653,343064.17,546126.872
002292.SZ,20230411,7.61,8.57,7.61,8.57,7.79,0.78,10.0128,1133933.37,936141.654
002293.SZ,20230411,12.17,12.23,11.96,11.97,12.12,-0.15,-1.2376,12742.14,15395.832
002294.SZ,20230411,37.74,38.08,37.12,37.35,37.89,-0.54,-1.4252,34713.7,130372.59
002295.SZ,20230411,6.9,6.94,6.78,6.92,6.86,0.06,0.8746,31313.0,21476.081
002296.SZ,20230411,8.64,8.7,8.45,8.56,8.67,-0.11,-1.2687,108215.0,92614.761
002297.SZ,20230411,7.88,7.88,7.7,7.76,7.87,-0.11,-1.3977,71766.27,55733.941
002298.SZ,20230411,7.38,7.53,7.28,7.43,7.34,0.09,1.2262,170745.47,126544.463
002299.SZ,20230411,24.37,24.7,24.11,24.55,24.4,0.15,0.6148,96162.72,235208.508
002300.SZ,20230411,8.7,8.89,8.59,8.76,8.75,0.01,0.1143,144295.21,126272.163
002301.SZ,20230411,7.78,7.86,7.7,7.84,7.74,0.1,1.292,72430.8,56453.587
002302.SZ,20230411,8.54,8.74,8.5,8.69,8.58,0.11,1.2821,188244.29,162232.627
002303.SZ,20230411,3.48,3.52,3.46,3.5,3.48,0.02,0.5747,88358.82,30899.5
002304.SZ,20230411,155.6,156.28,153.81,154.8,155.7,-0.9,-0.578,58376.97,904890.008
002305.SZ,20230411,2.33,2.38,2.31,2.37,2.34,0.03,1.2821,283446.99,66538.728
002306.SZ,20230411,4.16,4.45,4.16,4.24,4.16,0.08,1.9231,170462.02,72789.791
002307.SZ,20230411,5.67,5.77,5.59,5.75,5.71,0.04,0.7005,315953.8,179621.074
002308.SZ,20230411,5.27,5.48,5.26,5.46,5.29,0.17,3.2136,238736.15,128825.508
002309.SZ,20230411,4.84,4.94,4.8,4.92,4.89,0.03,0.6135,89047.07,43432.761
002310.SZ,20230411,2.0,2.01,1.99,2.0,2.01,-0.01,-0.4975,160489.07,32087.197
002311.SZ,20230411,56.0,56.34,55.85,56.17,56.12,0.05,0.0891,40569.3,227591.14
002312.SZ,20230411,10.1,10.12,9.87,9.92,10.08,-0.16,-1.5873,126711.5,125841.198
002313.SZ,20230411,7.0,7.37,7.0,7.37,7.02,0.35,4.9858,111958.14,81219.232
002314.SZ,20230411,3.38,3.44,3.36,3.43,3.37,0.06,1.7804,171743.7,58527.013
002315.SZ,20230411,21.09,22.46,20.94,22.27,21.09,1.18,5.5951,245479.44,538897.77
002316.SZ,20230411,4.46,4.46,4.28,4.32,4.47,-0.15,-3.3557,90684.0,39467.06
002317.SZ,20230411,20.98,21.22,20.57,20.85,21.04,-0.19,-0.903,183231.74,381851.164
002318.SZ,20230411,15.94,16.19,15.87,16.09,16.11,-0.02,-0.1241,65353.19,104722.762
002435.SZ,20230411,4.9,4.9,4.82,4.85,4.9,-0.05,-1.0204,74393.46,36088.119
002436.SZ,20230411,13.59,13.73,13.23,13.43,13.53,-0.1,-0.7391,415373.51,559802.298
002437.SZ,20230411,2.29,2.3,2.26,2.27,2.29,-0.02,-0.8734,316154.71,71756.316
002438.SZ,20230411,12.22,12.22,12.0,12.1,12.17,-0.07,-0.5752,29338.3,35443.221
002439.SZ,20230411,32.21,33.19,31.75,32.59,32.32,0.27,0.8354,178358.56,580727.162
002440.SZ,20230411,7.69,7.7,7.62,7.69,7.65,0.04,0.5229,23143.1,17714.579
002441.SZ,20230411,9.83,9.85,9.73,9.82,9.81,0.01,0.1019,51666.62,50570.065
002442.SZ,20230411,5.03,5.06,4.98,5.05,5.02,0.03,0.5976,41992.0,21083.489
002443.SZ,20230411,6.37,6.43,6.33,6.42,6.41,0.01,0.156,48935.32,31184.439
002444.SZ,20230411,18.76,18.94,18.6,18.76,18.8,-0.04,-0.2128,79002.28,148241.93
002445.SZ,20230411,2.41,2.53,2.39,2.49,2.41,0.08,3.3195,385214.8,95209.199
002446.SZ,20230411,9.52,9.55,9.29,9.38,9.52,-0.14,-1.4706,311559.08,292086.909
002448.SZ,20230411,5.36,5.36,5.28,5.31,5.34,-0.03,-0.5618,43109.0,22885.0
002449.SZ,20230411,9.62,9.71,9.45,9.59,9.69,-0.1,-1.032,149136.89,142798.213
002451.SZ,20230411,6.5,6.56,6.45,6.52,6.53,-0.01,-0.1531,45549.0,29564.286
002452.SZ,20230411,6.9,6.93,6.78,6.92,6.9,0.02,0.2899,102894.0,70555.763
002453.SZ,20230411,11.98,12.11,11.77,11.94,12.09,-0.15,-1.2407,92871.0,110674.983
002454.SZ,20230411,7.09,7.11,7.03,7.1,7.1,0.0,0.0,40745.5,28806.12
002455.SZ,20230411,9.16,9.16,9.0,9.06,9.13,-0.07,-0.7667,54190.5,48979.169
002456.SZ,20230411,5.38,5.44,5.34,5.36,5.38,-0.02,-0.3717,265388.08,142699.183
002457.SZ,20230411,8.52,8.64,8.48,8.62,8.55,0.07,0.8187,47916.0,41095.539
002458.SZ,20230411,15.58,16.0,15.42,15.98,15.59,0.39,2.5016,381957.31,601652.933
002459.SZ,20230411,56.33,57.45,56.11,57.0,56.66,0.34,0.6001,139005.68,789643.816
002460.SZ,20230411,65.0,66.96,64.26,66.94,65.23,1.71,2.6215,303736.07,2007309.207
002461.SZ,20230411,9.37,9.41,9.22,9.3,9.37,-0.07,-0.7471,62658.5,58212.003
002462.SZ,20230411,14.56,14.69,14.49,14.63,14.6,0.03,0.2055,23596.5,34460.299
002463.SZ,20230411,23.29,24.81,23.2,23.63,24.13,-0.5,-2.0721,853893.29,2044401.973
002465.SZ,20230411,10.56,10.64,10.45,10.54,10.62,-0.08,-0.7533,175053.93,184497.558
002466.SZ,20230411,77.8,80.29,77.33,79.97,78.15,1.82,2.3289,426906.02,3378561.039
002467.SZ,20230411,5.79,5.87,5.69,5.81,5.76,0.05,0.8681,470397.05,271816.377
002468.SZ,20230411,11.28,11.43,11.18,11.39,11.27,0.12,1.0648,109104.14,123374.396
002469.SZ,20230411,6.78,6.86,6.67,6.75,6.75,0.0,0.0,433977.61,292397.71
002470.SZ,20230411,1.84,1.84,1.75,1.76,1.84,-0.08,-4.3478,445678.0,78964.098
002471.SZ,20230411,2.49,2.52,2.45,2.5,2.49,0.01,0.4016,194862.5,48457.5
002472.SZ,20230411,25.81,25.81,25.07,25.41,25.7,-0.29,-1.1284,90049.26,227941.815
002474.SZ,20230411,9.43,9.64,9.32,9.59,9.39,0.2,2.1299,369250.23,350689.744
002475.SZ,20230411,30.21,30.85,30.08,30.46,30.73,-0.27,-0.8786,438224.31,1334579.505
002476.SZ,20230411,5.62,5.7,5.58,5.67,5.63,0.04,0.7105,116744.97,66079.995
002478.SZ,20230411,5.76,5.8,5.65,5.8,5.67,0.13,2.2928,129861.92,74473.64
002479.SZ,20230411,4.88,4.92,4.8,4.86,4.92,-0.06,-1.2195,105233.78,50932.45
002480.SZ,20230411,4.81,4.83,4.72,4.76,4.8,-0.04,-0.8333,34916.2,16610.795
002481.SZ,20230411,5.78,5.83,5.71,5.74,5.77,-0.03,-0.5199,95210.39,54890.683
002611.SZ,20230411,5.42,5.5,5.3,5.39,5.42,-0.03,-0.5535,475354.35,256642.866
002612.SZ,20230411,27.96,29.5,27.77,28.25,28.04,0.21,0.7489,209126.82,596595.319
002613.SZ,20230411,4.92,4.94,4.78,4.85,4.94,-0.09,-1.8219,131891.3,63955.878
002614.SZ,20230411,8.5,8.63,8.4,8.55,8.45,0.1,1.1834,80588.23,68886.327
002615.SZ,20230411,7.04,7.13,6.97,7.07,7.04,0.03,0.4261,33029.8,23293.422
002616.SZ,20230411,5.05,5.05,4.94,4.98,5.0,-0.02,-0.4,37271.0,18522.838
002617.SZ,20230411,9.08,9.13,8.83,8.92,9.05,-0.13,-1.4365,609882.4,545732.626
002620.SZ,20230411,5.41,5.41,5.3,5.34,5.38,-0.04,-0.7435,39214.0,20917.124
002621.SZ,20230411,4.03,4.1,3.98,4.07,4.03,0.04,0.9926,129645.6,52612.004
002622.SZ,20230411,3.29,3.3,3.26,3.29,3.29,0.0,0.0,67734.0,22192.966
002623.SZ,20230411,30.87,30.87,30.2,30.43,30.78,-0.35,-1.1371,29652.94,90104.227
002624.SZ,20230411,18.08,19.24,17.84,18.6,18.09,0.51,2.8192,1004430.01,1868222.183
002625.SZ,20230411,16.83,16.98,16.8,16.89,16.89,0.0,0.0,67218.66,113444.499
002626.SZ,20230411,23.5,23.95,23.3,23.59,23.53,0.06,0.255,57211.67,134965.133
002627.SZ,20230411,5.58,5.7,5.56,5.6,5.57,0.03,0.5386,67593.0,37936.624
002628.SZ,20230411,3.44,3.45,3.39,3.44,3.44,0.0,0.0,101129.0,34507.965
002629.SZ,20230411,3.67,3.7,3.63,3.68,3.69,-0.01,-0.271,95897.0,35103.982
002630.SZ,20230411,2.71,2.74,2.67,2.71,2.69,0.02,0.7435,198788.8,53651.492
002631.SZ,20230411,5.79,5.79,5.65,5.76,5.74,0.02,0.3484,27042.0,15451.261
002632.SZ,20230411,7.24,7.28,7.09,7.26,7.22,0.04,0.554,42480.0,30649.484
002633.SZ,20230411,11.34,11.54,11.07,11.5,11.34,0.16,1.4109,28636.0,32571.487
002634.SZ,20230411,8.19,8.35,8.16,8.34,8.16,0.18,2.2059,42398.73,35030.611
002635.SZ,20230411,14.82,15.08,14.74,14.94,14.86,0.08,0.5384,86607.35,129095.525
002636.SZ,20230411,9.65,9.82,9.61,9.73,9.71,0.02,0.206,94536.28,91750.629
002637.SZ,20230411,12.05,12.1,11.86,11.96,12.0,-0.04,-0.3333,9573.0,11428.996
002638.SZ,20230411,2.5,2.53,2.48,2.51,2.49,0.02,0.8032,143391.32,35873.417
002639.SZ,20230411,8.63,8.7,8.57,8.63,8.64,-0.01,-0.1157,85101.31,73442.121
002640.SZ,20230411,4.31,4.35,4.28,4.33,4.3,0.03,0.6977,272596.76,117582.067
002641.SZ,20230411,4.86,4.93,4.82,4.93,4.88,0.05,1.0246,80804.64,39532.77
002642.SZ,20230411,8.28,8.47,8.17,8.35,8.32,0.03,0.3606,234922.71,195537.902
002643.SZ,20230411,17.6,17.6,16.82,16.92,17.53,-0.61,-3.4797,150709.01,257541.63
002644.SZ,20230411,11.69,11.83,11.53,11.7,11.59,0.11,0.9491,68098.15,79524.031
002645.SZ,20230411,15.9,15.95,15.65,15.7,15.86,-0.16,-1.0088,40498.0,63841.494
002646.SZ,20230411,14.74,14.76,14.37,14.52,14.75,-0.23,-1.5593,56400.4,82036.383
002647.SZ,20230411,6.59,6.64,6.55,6.6,6.6,0.0,0.0,68218.0,44979.252
002648.SZ,20230411,15.86,16.2,15.83,16.14,15.89,0.25,1.5733,133614.87,214524.373
002649.SZ,20230411,14.96,15.49,14.9,15.37,15.0,0.37,2.4667,339322.49,517783.437
002650.SZ,20230411,3.89,3.92,3.88,3.91,3.89,0.02,0.5141,47192.55,18394.717
002651.SZ,20230411,7.52,7.52,7.38,7.42,7.54,-0.12,-1.5915,59682.0,44309.955
002652.SZ,20230411,2.47,2.49,2.44,2.48,2.47,0.01,0.4049,74293.0,18322.129
002653.SZ,20230411,27.42,27.99,27.33,27.61,27.7,-0.09,-0.3249,41934.16,115855.176
002654.SZ,20230411,6.23,6.79,6.1,6.7,6.25,0.45,7.2,687549.6,446691.013
002792.SZ,20230411,15.1,15.32,14.81,15.2,15.12,0.08,0.5291,114563.27,172707.742
002793.SZ,20230411,7.19,7.2,7.07,7.12,7.17,-0.05,-0.6974,24670.17,17575.778
002795.SZ,20230411,12.6,12.72,12.19,12.29,12.62,-0.33,-2.6149,111523.8,138177.49
002796.SZ,20230411,11.31,11.42,11.14,11.32,11.36,-0.04,-0.3521,122910.98,138420.026
002797.SZ,20230411,6.03,6.1,6.02,6.04,6.0,0.04,0.6667,420809.59,254860.508
002798.SZ,20230411,7.28,7.3,7.13,7.29,7.24,0.05,0.6906,29471.0,21282.18
002799.SZ,20230411,12.38,12.64,12.18,12.45,12.34,0.11,0.8914,30883.6,38295.219
002800.SZ,20230411,24.33,24.42,23.61,23.98,24.33,-0.35,-1.4386,29170.8,69881.714
002801.SZ,20230411,25.7,25.75,25.43,25.72,25.7,0.02,0.0778,6520.9,16695.546
002802.SZ,20230411,14.56,14.63,14.35,14.52,14.53,-0.01,-0.0688,14691.67,21256.793
002803.SZ,20230411,18.5,19.58,18.37,19.04,18.46,0.58,3.1419,311091.1,589496.577
002805.SZ,20230411,31.91,32.78,31.58,32.23,32.25,-0.02,-0.062,44557.78,142876.346
002806.SZ,20230411,11.5,11.6,11.32,11.54,11.52,0.02,0.1736,28145.0,32314.355
002807.SZ,20230411,3.99,3.99,3.93,3.94,3.99,-0.05,-1.2531,351855.7,138894.001
002808.SZ,20230411,13.93,14.01,13.69,13.86,13.93,-0.07,-0.5025,148823.72,205972.835
002809.SZ,20230411,9.96,10.0,9.83,9.9,9.93,-0.03,-0.3021,20998.8,20790.884
002810.SZ,20230411,21.92,22.02,21.79,22.01,21.91,0.1,0.4564,22569.69,49397.072
002811.SZ,20230411,7.24,7.3,7.16,7.25,7.24,0.01,0.1381,18713.99,13512.702
002812.SZ,20230411,121.1,124.05,118.6,120.2,118.0,2.2,1.8644,186270.0,2257281.417
002813.SZ,20230411,31.94,32.3,31.42,31.48,31.95,-0.47,-1.471,12826.0,40666.02
002815.SZ,20230411,12.62,12.88,12.47,12.61,12.78,-0.17,-1.3302,165466.88,208716.481
002816.SZ,20230411,10.92,11.03,10.77,10.79,10.95,-0.16,-1.4612,26176.22,28364.977
002817.SZ,20230411,8.29,8.38,8.25,8.34,8.3,0.04,0.4819,31229.89,25985.98
002818.SZ,20230411,13.6,13.75,13.52,13.58,13.58,0.0,0.0,22334.8,30338.901
002819.SZ,20230411,31.95,32.32,31.35,31.97,31.72,0.25,0.7881,35431.13,112823.843
002820.SZ,20230411,9.06,9.21,9.0,9.09,9.06,0.03,0.3311,39158.64,35618.185
002821.SZ,20230411,146.67,147.57,143.85,145.28,145.78,-0.5,-0.343,43624.05,634237.951
002822.SZ,20230411,4.49,4.5,4.43,4.49,4.49,0.0,0.0,79667.06,35551.631
002823.SZ,20230411,10.32,10.38,10.19,10.3,10.25,0.05,0.4878,18797.79,19344.86
002824.SZ,20230411,30.81,30.81,29.9,30.09,30.81,-0.72,-2.3369,39687.98,119778.621
002825.SZ,20230411,12.82,12.91,12.75,12.9,12.81,0.09,0.7026,20914.6,26823.753
002826.SZ,20230411,10.4,10.55,10.39,10.5,10.4,0.1,0.9615,31111.0,32576.179
002827.SZ,20230411,10.76,10.93,10.62,10.84,10.76,0.08,0.7435,61926.5,66730.421
002828.SZ,20230411,9.0,9.06,8.91,8.96,9.06,-0.1,-1.1038,49029.0,43819.092
002829.SZ,20230411,42.11,42.12,40.47,41.07,42.1,-1.03,-2.4466,38474.2,157677.042
002830.SZ,20230411,12.23,12.29,11.81,12.01,12.1,-0.09,-0.7438,13391.0,16013.163
002831.SZ,20230411,26.95,27.2,26.39,26.55,27.24,-0.69,-2.533,41927.55,111769.543
002832.SZ,20230411,32.26,32.72,31.5,31.99,32.52,-0.53,-1.6298,24329.1,77729.892
002833.SZ,20230411,17.99,18.26,17.74,17.99,17.9,0.09,0.5028,28919.88,52101.051
002835.SZ,20230411,15.99,16.89,15.51,16.85,16.35,0.5,3.0581,243793.16,402123.175
002836.SZ,20230411,9.68,9.9,9.61,9.71,9.68,0.03,0.3099,20393.6,19846.911
002837.SZ,20230411,36.3,37.01,35.5,36.4,34.84,1.56,4.4776,180951.37,657859.288
002976.SZ,20230411,24.2,24.44,24.0,24.17,24.21,-0.04,-0.1652,6474.8,15674.481
002977.SZ,20230411,40.38,40.55,39.72,40.28,40.3,-0.02,-0.0496,7841.57,31400.683
002978.SZ,20230411,36.31,36.9,35.84,36.73,36.3,0.43,1.1846,8826.0,32214.769
002979.SZ,20230411,22.48,22.61,22.19,22.2,22.48,-0.28,-1.2456,20365.02,45510.09
002980.SZ,20230411,31.22,31.5,30.85,31.14,31.22,-0.08,-0.2562,6598.0,20500.397
002981.SZ,20230411,26.83,26.98,25.53,25.7,26.85,-1.15,-4.2831,17226.0,44832.374
002982.SZ,20230411,42.7,42.81,41.88,41.97,42.86,-0.89,-2.0765,13677.0,57569.375
002983.SZ,20230411,22.0,22.26,21.61,22.22,21.99,0.23,1.0459,24235.36,53306.222
002984.SZ,20230411,32.21,32.41,31.88,32.28,32.07,0.21,0.6548,49751.57,160316.079
002985.SZ,20230411,46.24,46.69,45.95,46.59,46.22,0.37,0.8005,17441.12,80824.771
002986.SZ,20230411,27.58,27.98,27.12,27.75,27.6,0.15,0.5435,21491.27,59415.908
002987.SZ,20230411,31.62,32.29,31.34,32.18,31.62,0.56,1.771,48486.63,155073.194
002988.SZ,20230411,17.92,17.93,16.74,16.99,17.93,-0.94,-5.2426,46307.0,79560.274
002989.SZ,20230411,15.19,15.31,15.04,15.14,15.18,-0.04,-0.2635,9563.29,14483.955
002990.SZ,20230411,33.92,34.7,33.6,34.58,33.84,0.74,2.1868,22959.0,78701.034
002991.SZ,20230411,84.2,85.9,83.4,84.33,85.0,-0.67,-0.7882,6902.05,58136.076
002992.SZ,20230411,43.97,44.02,42.21,42.61,44.52,-1.91,-4.2902,57432.15,245986.297
002993.SZ,20230411,34.31,34.58,33.22,33.39,34.37,-0.98,-2.8513,35719.95,120420.811
002995.SZ,20230411,28.04,28.9,27.77,28.29,28.37,-0.08,-0.282,69780.88,197796.137
002996.SZ,20230411,12.38,12.47,12.21,12.3,12.38,-0.08,-0.6462,17051.0,20913.384
002997.SZ,20230411,24.37,24.69,23.88,24.1,24.55,-0.45,-1.833,29284.0,70542.562
002998.SZ,20230411,6.42,6.43,6.27,6.35,6.4,-0.05,-0.7813,51202.16,32490.504
002999.SZ,20230411,8.16,8.25,8.08,8.25,8.15,0.1,1.227,46145.8,37738.405
003000.SZ,20230411,14.71,14.89,14.47,14.68,14.61,0.07,0.4791,23120.87,33926.447
003001.SZ,20230411,15.47,15.62,15.37,15.61,15.5,0.11,0.7097,21076.44,32705.31
003002.SZ,20230411,20.09,20.09,19.31,19.47,20.2,-0.73,-3.6139,47492.34,92845.163
003003.SZ,20230411,9.89,9.92,9.75,9.84,9.9,-0.06,-0.6061,17836.0,17528.384
003004.SZ,20230411,27.45,28.18,26.9,27.36,27.5,-0.14,-0.5091,15468.0,42453.338
003005.SZ,20230411,35.84,36.49,35.46,35.88,35.84,0.04,0.1116,18873.6,67792.424
003006.SZ,20230411,19.75,20.02,19.1,19.21,19.83,-0.62,-3.1266,32840.0,63690.865
003007.SZ,20230411,29.77,30.33,29.2,29.8,29.89,-0.09,-0.3011,22371.0,66648.28
003008.SZ,20230411,26.06,26.82,26.06,26.56,26.21,0.35,1.3354,5424.0,14419.993
003009.SZ,20230411,47.15,47.49,46.22,47.0,47.4,-0.4,-0.8439,24697.0,115588.658
003010.SZ,20230411,19.06,19.66,18.88,19.47,19.03,0.44,2.3121,33808.04,65585.858
003011.SZ,20230411,23.55,23.66,23.26,23.5,23.56,-0.06,-0.2547,8256.6,19359.794
003012.SZ,20230411,8.91,9.2,8.9,9.06,8.99,0.07,0.7786,57187.47,51857.154
003013.SZ,20230411,18.15,18.3,17.78,18.2,18.07,0.13,0.7194,20494.0,36987.955
003015.SZ,20230411,9.8,9.9,9.6,9.69,9.93,-0.24,-2.4169,52262.45,50893.304
003016.SZ,20230411,11.31,11.52,11.12,11.48,11.35,0.13,1.1454,54159.37,61795.737
003017.SZ,20230411,29.03,29.13,28.68,28.85,29.03,-0.18,-0.62,4341.0,12532.105
003018.SZ,20230411,9.42,9.42,9.13,9.16,9.42,-0.26,-2.7601,35481.0,32687.469
003019.SZ,20230411,26.0,26.28,25.58,25.62,26.0,-0.38,-1.4615,37957.88,98133.789
688662.SH,20230411,36.9,38.95,36.63,38.85,37.6,1.25,3.3245,30298.68,115329.975
688663.SH,20230411,37.24,37.49,35.23,35.38,37.09,-1.71,-4.6104,55006.03,197763.286
688665.SH,20230411,92.67,93.57,90.8,91.61,93.57,-1.96,-2.0947,2646.85,24318.211
688667.SH,20230411,85.7,85.77,84.01,84.28,85.31,-1.03,-1.2074,2056.1,17352.036
688668.SH,20230411,61.74,61.92,58.8,59.65,61.92,-2.27,-3.666,19664.55,117608.66
688669.SH,20230411,24.51,24.79,24.28,24.67,24.52,0.15,0.6117,5623.75,13754.656
688670.SH,20230411,57.48,58.52,56.71,57.88,57.09,0.79,1.3838,4550.3,26228.156
688676.SH,20230411,35.06,35.85,31.92,32.59,34.02,-1.43,-4.2034,177652.26,595949.795
688677.SH,20230411,103.5,108.0,102.3,104.3,103.37,0.93,0.8997,10996.11,114844.502
688678.SH,20230411,21.6,21.6,20.84,20.9,21.55,-0.65,-3.0162,13060.37,27470.494
688679.SH,20230411,12.25,12.47,12.13,12.22,12.35,-0.13,-1.0526,5936.49,7252.491
688680.SH,20230411,152.0,152.1,147.76,148.9,151.24,-2.34,-1.5472,13315.52,198768.921
688681.SH,20230411,15.48,15.63,15.12,15.23,15.48,-0.25,-1.615,11554.84,17652.769
688682.SH,20230411,98.97,99.51,96.5,98.7,97.89,0.81,0.8275,2563.33,25094.187
688683.SH,20230411,23.51,23.72,22.94,23.18,23.52,-0.34,-1.4456,11903.06,27691.815
688685.SH,20230411,20.35,20.68,20.04,20.35,20.36,-0.01,-0.0491,9860.77,19981.425
688686.SH,20230411,172.98,179.83,168.7,172.67,175.77,-3.1,-1.7637,14081.2,242440.96
688687.SH,20230411,31.0,31.11,29.99,31.1,31.0,0.1,0.3226,38677.73,118158.361
688689.SH,20230411,29.79,29.99,29.25,29.53,29.52,0.01,0.0339,14390.53,42617.276
688690.SH,20230411,50.38,50.85,49.85,49.91,50.45,-0.54,-1.0704,20976.68,105123.5
688696.SH,20230411,197.06,200.97,194.78,195.41,197.77,-2.36,-1.1933,7398.56,145838.149
688697.SH,20230411,28.92,29.09,27.49,27.93,28.92,-0.99,-3.4232,48590.57,136013.411
688698.SH,20230411,23.84,23.84,22.96,23.1,23.65,-0.55,-2.3256,7978.05,18516.225
688699.SH,20230411,67.87,69.73,67.04,68.17,68.0,0.17,0.25,38754.8,264617.471
688700.SH,20230411,96.21,98.5,92.61,92.79,96.63,-3.84,-3.9739,21943.97,206359.528
688701.SH,20230411,8.3,8.31,8.18,8.26,8.35,-0.09,-1.0778,3101.51,2558.826
688707.SH,20230411,40.98,41.2,40.25,40.85,40.97,-0.12,-0.2929,34537.9,140550.249
688711.SH,20230411,88.38,89.77,86.08,86.45,88.06,-1.61,-1.8283,17027.53,148931.018
688718.SH,20230411,17.58,17.67,17.04,17.15,17.75,-0.6,-3.3803,9537.39,16408.79
688722.SH,20230411,18.74,19.18,18.65,19.07,18.75,0.32,1.7067,32085.08,60869.576
688728.SH,20230411,18.99,19.17,18.32,18.71,18.82,-0.11,-0.5845,345423.2,647139.522
688733.SH,20230411,39.38,39.6,38.82,38.97,39.38,-0.41,-1.0411,11707.23,45804.321
688737.SH,20230411,40.38,40.38,39.1,39.26,40.09,-0.83,-2.0703,5182.33,20437.883
688739.SH,20230411,36.15,36.31,35.75,35.89,35.99,-0.1,-0.2779,23799.78,85612.744
688766.SH,20230411,193.0,218.93,193.0,210.0,192.6,17.4,9.0343,30504.3,631667.356
688767.SH,20230411,42.72,42.92,41.81,42.17,42.55,-0.38,-0.8931,3995.81,16818.273
688768.SH,20230411,136.55,144.97,135.0,143.0,136.53,6.47,4.7389,8390.89,118922.643
688772.SH,20230411,18.54,19.09,18.32,18.96,18.61,0.35,1.8807,94743.77,177448.533
688776.SH,20230411,149.32,151.3,147.8,150.99,151.0,-0.01,-0.0066,1641.97,24530.049
688777.SH,20230411,108.0,110.2,101.8,104.0,105.24,-1.24,-1.1783,161134.05,1695789.311
688778.SH,20230411,70.06,70.66,69.18,70.35,70.03,0.32,0.4569,14270.14,100026.945
688779.SH,20230411,15.19,15.29,15.06,15.25,15.18,0.07,0.4611,98351.15,149494.884
688786.SH,20230411,45.6,45.7,45.09,45.59,45.6,-0.01,-0.0219,2455.9,11158.257
688787.SH,20230411,178.0,183.0,175.0,180.59,177.0,3.59,2.0282,28603.74,513326.726
688788.SH,20230411,48.57,48.6,47.3,48.29,48.42,-0.13,-0.2685,10796.3,51874.494
688789.SH,20230411,163.03,165.44,160.66,162.8,164.77,-1.97,-1.1956,3203.14,52013.659
688793.SH,20230411,49.53,50.2,46.78,47.2,50.05,-2.85,-5.6943,10982.73,52744.977
688798.SH,20230411,132.21,133.0,127.5,129.48,130.52,-1.04,-0.7968,10395.37,134843.439
688799.SH,20230411,38.6,38.6,37.85,38.25,38.3,-0.05,-0.1305,9004.02,34253.792
688800.SH,20230411,89.3,89.5,80.65,82.01,88.78,-6.77,-7.6256,38646.02,318077.37
688819.SH,20230411,33.76,33.76,33.2,33.36,33.62,-0.26,-0.7733,20981.62,70066.104
688981.SH,20230411,60.0,61.58,57.33,58.43,60.0,-1.57,-2.6167,1090664.38,6464638.063
689009.SH,20230411,36.08,36.45,35.5,35.95,36.1,-0.15,-0.4155,41985.17,150952.859
920237.BJ,20230411,15.04,15.1,14.98,15.08,15.09,-0.01,-0.0663,221.69,333.072
920267.BJ,20230411,9.3,9.63,9.3,9.32,9.32,0.0,0.0,298.64,279.559
920010.BJ,20230411,3.7,3.71,3.62,3.67,3.71,-0.04,-1.0782,1398.11,510.581
920415.BJ,20230411,3.84,3.88,3.8,3.85,3.83,0.02,0.5222,2836.35,1086.111
920961.BJ,20230411,10.38,10.42,10.1,10.32,10.43,-0.11,-1.0547,958.93,984.479
920946.BJ,20230411,8.36,8.36,8.28,8.35,8.33,0.02,0.2401,3889.59,3235.615
920510.BJ,20230411,8.98,8.98,8.85,8.96,9.0,-0.04,-0.4444,280.34,249.541
920212.BJ,20230411,6.82,6.89,6.81,6.82,6.88,-0.06,-0.8721,205.39,140.969
920089.BJ,20230411,10.28,10.31,10.09,10.24,10.21,0.03,0.2938,648.69,664.506
920726.BJ,20230411,10.24,10.24,10.13,10.22,10.24,-0.02,-0.1953,1038.06,1057.082
920663.BJ,20230411,10.86,10.86,10.71,10.78,10.86,-0.08,-0.7366,1320.47,1424.644
920735.BJ,20230411,32.77,33.89,32.77,33.89,32.63,1.26,3.8615,1571.48,5249.693
920491.BJ,20230411,8.78,8.78,8.5,8.62,8.69,-0.07,-0.8055,2182.85,1873.764
920062.BJ,20230411,5.12,5.17,5.1,5.17,5.12,0.05,0.9766,2322.26,1192.439
920262.BJ,20230411,14.4,14.54,14.39,14.49,14.52,-0.03,-0.2066,499.84,720.16
920047.BJ,20230411,12.35,12.58,12.34,12.43,12.37,0.06,0.485,2923.37,3630.791
920943.BJ,20230411,8.27,8.44,8.1,8.25,8.27,-0.02,-0.2418,1892.83,1543.364
920856.BJ,20230411,5.65,5.65,5.56,5.62,5.63,-0.01,-0.1776,164.56,92.031
920957.BJ,20230411,5.58,5.58,5.51,5.53,5.54,-0.01,-0.1805,477.31,263.756
920427.BJ,20230411,5.0,5.07,4.99,5.07,5.02,0.05,0.996,487.71,244.008
920075.BJ,20230411,9.78,9.79,9.62,9.68,9.8,-0.12,-1.2245,545.8,528.238
920266.BJ,20230411,6.87,6.87,6.78,6.86,6.86,0.0,0.0,1106.98,757.736
920275.BJ,20230411,3.2,3.23,3.2,3.23,3.2,0.03,0.9375,5824.52,1868.866
920981.BJ,20230411,13.08,13.21,12.79,12.97,13.13,-0.16,-1.2186,1588.51,2057.001
920753.BJ,20230411,7.5,7.55,7.48,7.54,7.55,-0.01,-0.1325,459.44,344.518
920870.BJ,20230411,17.3,17.39,17.2,17.35,17.35,0.0,0.0,545.03,942.835
920239.BJ,20230411,22.99,23.22,22.85,23.09,23.0,0.09,0.3913,2695.37,6203.647
920030.BJ,20230411,2.84,2.84,2.79,2.81,2.84,-0.03,-1.0563,4325.72,1219.082
920689.BJ,20230411,8.5,8.55,8.4,8.43,8.51,-0.08,-0.9401,650.0,547.791
920152.BJ,20230411,24.78,25.65,24.31,25.55,24.4,1.15,4.7131,10851.98,27246.686
920834.BJ,20230411,3.75,3.81,3.75,3.81,3.8,0.01,0.2632,1590.68,599.64
920087.BJ,20230411,5.87,5.88,5.69,5.77,5.88,-0.11,-1.8707,16199.64,9319.283
920580.BJ,20230411,4.24,4.24,4.15,4.19,4.21,-0.02,-0.4751,1550.04,645.976
920680.BJ,20230411,13.9,14.17,13.83,14.01,13.98,0.03,0.2146,2073.83,2904.938
920599.BJ,20230411,7.15,7.15,7.08,7.12,7.13,-0.01,-0.1403,1580.99,1123.878
920871.BJ,20230411,4.73,4.85,4.73,4.78,4.81,-0.03,-0.6237,596.4,285.807
920808.BJ,20230411,43.01,43.74,41.86,43.71,42.75,0.96,2.2456,2345.71,10089.007
920339.BJ,20230411,5.07,5.08,5.04,5.07,5.07,0.0,0.0,1462.91,741.341
920526.BJ,20230411,4.99,4.99,4.86,4.89,4.92,-0.03,-0.6098,2298.03,1121.755
920419.BJ,20230411,5.78,5.81,5.73,5.81,5.8,0.01,0.1724,645.92,373.184
920190.BJ,20230411,18.33,18.42,18.32,18.37,18.4,-0.03,-0.163,533.24,978.951
920204.BJ,20230411,9.36,9.36,9.18,9.31,9.33,-0.02,-0.2144,579.57,533.863
920819.BJ,20230411,5.29,5.3,5.23,5.27,5.27,0.0,0.0,4530.91,2382.112
920179.BJ,20230411,20.26,20.4,19.93,20.0,20.07,-0.07,-0.3488,645.99,1295.306
920670.BJ,20230411,8.81,8.98,8.71,8.92,8.8,0.12,1.3636,10782.11,9583.287
920892.BJ,20230411,9.27,9.36,9.17,9.35,9.23,0.12,1.3001,398.09,368.68
920839.BJ,20230411,6.59,6.62,6.59,6.62,6.66,-0.04,-0.6006,129.13,85.404
920523.BJ,20230411,12.95,13.12,12.92,13.01,13.02,-0.01,-0.0768,3041.45,3969.574
920199.BJ,20230411,24.74,24.74,24.53,24.64,24.67,-0.03,-0.1216,309.75,762.213
920476.BJ,20230411,13.6,13.62,13.31,13.5,13.5,0.0,0.0,1624.57,2188.808
920242.BJ,20230411,8.39,8.49,8.35,8.42,8.49,-0.07,-0.8245,102.99,86.793
920885.BJ,20230411,11.12,11.13,10.86,10.94,11.06,-0.12,-1.085,511.05,565.238
920436.BJ,20230411,6.57,6.65,6.54,6.62,6.57,0.05,0.761,219.83,144.993
920227.BJ,20230411,18.83,19.0,18.82,18.91,18.99,-0.08,-0.4213,312.89,590.359
920433.BJ,20230411,3.39,3.43,3.39,3.42,3.42,0.0,0.0,1516.23,514.909
920046.BJ,20230411,4.93,4.95,4.92,4.95,4.96,-0.01,-0.2016,405.05,199.754
920374.BJ,20230411,8.83,8.83,8.73,8.76,8.77,-0.01,-0.114,264.91,231.923
920781.BJ,20230411,6.06,6.1,6.06,6.07,6.08,-0.01,-0.1645,624.33,379.483
920422.BJ,20230411,8.27,8.31,8.24,8.27,8.27,0.0,0.0,1169.48,966.484
920802.BJ,20230411,7.86,7.86,7.8,7.84,7.85,-0.01,-0.1274,569.65,445.841
920299.BJ,20230411,4.13,4.22,4.13,4.19,4.17,0.02,0.4796,314.1,131.587
920023.BJ,20230411,3.13,3.14,3.12,3.14,3.15,-0.01,-0.3175,6356.51,1988.311
920230.BJ,20230411,10.01,10.07,9.99,10.06,10.03,0.03,0.2991,897.71,898.497
920575.BJ,20230411,34.36,34.5,34.0,34.19,34.23,-0.04,-0.1169,1965.66,6726.834
920641.BJ,20230411,9.09,9.2,9.09,9.1,9.16,-0.06,-0.655,555.67,507.568
920970.BJ,20230411,7.55,7.64,7.51,7.62,7.59,0.03,0.3953,61.24,46.223
920145.BJ,20230411,4.75,4.82,4.75,4.79,4.8,-0.01,-0.2083,131.01,62.5
920000.BJ,20230411,4.88,4.93,4.86,4.92,4.9,0.02,0.4082,112.29,54.867
920505.BJ,20230411,10.04,10.14,10.04,10.06,10.09,-0.03,-0.2973,314.46,317.127
920402.BJ,20230411,14.34,14.42,14.05,14.29,14.3,-0.01,-0.0699,10509.28,14946.259
920566.BJ,20230411,6.88,6.89,6.83,6.87,6.86,0.01,0.1458,3250.03,2227.957
920396.BJ,20230411,6.76,6.84,6.76,6.84,6.81,0.03,0.4405,51.05,34.796
920866.BJ,20230411,6.29,6.29,6.2,6.23,6.27,-0.04,-0.638,2129.35,1326.868
920942.BJ,20230411,10.32,10.32,10.28,10.29,10.33,-0.04,-0.3872,458.51,472.097
920964.BJ,20230411,3.25,3.26,3.22,3.25,3.24,0.01,0.3086,1007.15,326.116
920407.BJ,20230411,6.84,6.84,6.63,6.74,6.75,-0.01,-0.1481,1178.62,789.675
920826.BJ,20230411,8.41,8.41,8.29,8.35,8.35,0.0,0.0,3241.39,2693.881
920273.BJ,20230411,12.16,12.16,12.11,12.16,12.16,0.0,0.0,1357.83,1647.629
920809.BJ,20230411,10.23,10.31,10.01,10.07,10.3,-0.23,-2.233,36008.74,36384.225
920184.BJ,20230411,4.71,4.77,4.7,4.71,4.75,-0.04,-0.8421,769.15,362.606
920765.BJ,20230411,5.91,5.91,5.86,5.9,5.91,-0.01,-0.1692,143.39,84.348
920985.BJ,20230411,7.88,7.89,7.65,7.66,7.85,-0.19,-2.4204,9964.37,7700.325
920682.BJ,20230411,5.43,5.44,5.39,5.43,5.43,0.0,0.0,4244.99,2300.277
920454.BJ,20230411,5.76,5.84,5.76,5.77,5.84,-0.07,-1.1986,927.9,538.278
920392.BJ,20230411,6.65,6.73,6.65,6.69,6.75,-0.06,-0.8889,975.4,652.75
920252.BJ,20230411,12.3,12.3,11.8,11.83,12.19,-0.36,-2.9532,19381.62,23026.111
920855.BJ,20230411,6.59,6.64,6.56,6.64,6.61,0.03,0.4539,383.7,252.82
920185.BJ,20230411,43.35,44.0,43.06,43.22,43.48,-0.26,-0.598,4282.89,18652.115
920950.BJ,20230411,11.01,11.14,10.99,11.11,11.17,-0.06,-0.5372,878.17,967.975
920039.BJ,20230411,5.0,5.05,5.0,5.04,5.01,0.03,0.5988,145.45,72.905
920720.BJ,20230411,12.42,12.54,12.42,12.5,12.53,-0.03,-0.2394,417.61,522.253
920564.BJ,20230411,6.84,6.88,6.76,6.88,6.86,0.02,0.2915,1722.92,1174.56
920370.BJ,20230411,2.77,2.79,2.75,2.78,2.77,0.01,0.361,2109.76,585.147
920634.BJ,20230411,7.85,7.91,7.81,7.86,7.89,-0.03,-0.3802,602.73,472.632
920414.BJ,20230411,19.75,19.9,19.7,19.81,19.81,0.0,0.0,165.53,327.415
920110.BJ,20230411,15.45,15.55,15.42,15.52,15.52,0.0,0.0,309.85,479.338
920541.BJ,20230411,3.31,3.32,3.22,3.28,3.31,-0.03,-0.9063,17687.06,5791.844
920167.BJ,20230411,11.02,11.19,10.82,10.87,10.91,-0.04,-0.3666,489.29,533.797
920195.BJ,20230411,7.12,7.12,7.0,7.08,7.07,0.01,0.1414,780.82,549.572
920792.BJ,20230411,7.04,7.04,6.94,6.96,7.04,-0.08,-1.1364,6413.72,4470.637
920533.BJ,20230411,19.23,19.38,19.23,19.3,19.28,0.02,0.1037,690.08,1331.547
920974.BJ,20230411,6.97,7.02,6.95,6.99,7.0,-0.01,-0.1429,2114.56,1477.351
920640.BJ,20230411,15.95,16.27,15.94,16.13,16.1,0.03,0.1863,941.91,1514.494
920090.BJ,20230411,2.66,2.74,2.66,2.72,2.68,0.04,1.4925,2753.53,747.876
920395.BJ,20230411,15.18,15.19,15.15,15.16,15.18,-0.02,-0.1318,382.67,580.594
920207.BJ,20230411,6.85,7.12,6.75,6.95,6.8,0.15,2.2059,5249.37,3649.638
920057.BJ,20230411,3.45,3.45,3.41,3.43,3.44,-0.01,-0.2907,2291.25,784.22
920876.BJ,20230411,7.04,7.06,6.97,7.02,7.04,-0.02,-0.2841,1172.12,821.426
920021.BJ,20230411,2.93,3.04,2.91,2.98,2.93,0.05,1.7065,17014.27,5070.442
920425.BJ,20230411,12.82,12.82,12.58,12.69,12.66,0.03,0.237,595.74,754.39
920405.BJ,20230411,8.25,8.25,8.0,8.14,8.37,-0.23,-2.7479,2277.85,1842.805
920249.BJ,20230411,5.4,5.4,5.16,5.23,5.37,-0.14,-2.6071,11857.32,6243.147
920033.BJ,20230411,28.11,28.5,27.58,27.8,27.88,-0.08,-0.2869,2027.91,5646.82
920092.BJ,20230411,16.5,16.56,16.23,16.29,16.56,-0.27,-1.6304,1021.92,1664.333
920174.BJ,20230411,7.57,7.57,7.42,7.51,7.56,-0.05,-0.6614,999.97,750.935
920914.BJ,20230411,10.21,10.35,10.15,10.35,10.21,0.14,1.3712,1330.91,1360.638
920367.BJ,20230411,9.22,9.28,9.19,9.23,9.25,-0.02,-0.2162,2306.46,2129.663
920357.BJ,20230411,11.81,11.81,11.63,11.72,11.74,-0.02,-0.1704,794.12,926.487
920475.BJ,20230411,6.39,6.45,6.35,6.45,6.45,0.0,0.0,550.83,351.41
920832.BJ,20230411,5.64,5.64,5.53,5.55,5.6,-0.05,-0.8929,827.46,460.81
920225.BJ,20230411,7.56,7.58,7.3,7.38,7.54,-0.16,-2.122,4402.12,3249.777
920247.BJ,20230411,6.21,6.26,6.21,6.22,6.22,0.0,0.0,301.28,187.632
920014.BJ,20230411,12.11,12.19,12.08,12.11,12.13,-0.02,-0.1649,509.77,616.963
920527.BJ,20230411,8.01,8.03,7.98,8.0,8.01,-0.01,-0.1248,615.85,492.966
920260.BJ,20230411,5.31,5.37,5.26,5.34,5.35,-0.01,-0.1869,290.13,153.559
920171.BJ,20230411,4.21,4.25,4.19,4.2,4.24,-0.04,-0.9434,2815.81,1182.32
920429.BJ,20230411,7.52,7.58,7.45,7.5,7.57,-0.07,-0.9247,535.75,402.376
920799.BJ,20230411,7.19,7.26,7.02,7.14,7.21,-0.07,-0.9709,4713.14,3362.671
920553.BJ,20230411,3.26,3.35,3.26,3.32,3.3,0.02,0.6061,46.0,15.348
920163.BJ,20230411,5.7,5.7,5.63,5.64,5.68,-0.04,-0.7042,207.29,117.397
920821.BJ,20230411,8.81,8.82,8.69,8.8,8.82,-0.02,-0.2268,242.09,211.354
920270.BJ,20230411,13.07,13.14,13.03,13.14,13.1,0.04,0.3053,215.0,280.971
920122.BJ,20230411,11.5,11.5,11.0,11.15,11.34,-0.19,-1.6755,2778.75,3090.929
920271.BJ,20230411,8.96,8.96,8.69,8.8,8.76,0.04,0.4566,1184.72,1036.261
920895.BJ,20230411,6.32,6.37,6.31,6.33,6.31,0.02,0.317,3987.63,2522.523
920642.BJ,20230411,7.62,7.67,7.58,7.67,7.68,-0.01,-0.1302,405.41,308.966
920807.BJ,20230411,5.63,5.64,5.62,5.63,5.64,-0.01,-0.1773,885.28,498.145
920169.BJ,20230411,5.96,5.98,5.96,5.96,5.95,0.01,0.1681,451.35,269.436
920879.BJ,20230411,6.16,6.18,6.08,6.14,6.15,-0.01,-0.1626,1486.01,910.751
920344.BJ,20230411,15.06,15.28,15.04,15.17,15.29,-0.12,-0.7848,342.53,518.838
920971.BJ,20230411,16.29,16.29,16.05,16.11,16.26,-0.15,-0.9225,135.6,219.289
920146.BJ,20230411,2.76,2.81,2.76,2.8,2.81,-0.01,-0.3559,395.82,110.781
920445.BJ,20230411,6.5,6.5,6.35,6.38,6.47,-0.09,-1.391,649.05,416.048
920509.BJ,20230411,15.77,15.9,15.63,15.63,15.78,-0.15,-0.9506,158.06,250.139
920278.BJ,20230411,5.34,5.39,5.2,5.25,5.38,-0.13,-2.4164,1558.71,821.976
920992.BJ,20230411,10.39,10.49,10.28,10.39,10.47,-0.08,-0.7641,1801.08,1862.958
920770.BJ,20230411,5.87,5.91,5.82,5.84,5.87,-0.03,-0.5111,3918.61,2295.731
920662.BJ,20230411,7.16,7.18,6.95,7.06,7.17,-0.11,-1.5342,1835.08,1290.399
920571.BJ,20230411,4.01,4.01,3.97,3.98,4.0,-0.02,-0.5,4657.34,1855.878
920351.BJ,20230411,5.62,5.64,5.59,5.6,5.65,-0.05,-0.885,1639.48,917.906
920261.BJ,20230411,9.5,9.57,9.48,9.49,9.56,-0.07,-0.7322,5036.92,4790.394
920478.BJ,20230411,18.33,18.56,18.3,18.38,18.35,0.03,0.1635,1815.7,3339.71
920718.BJ,20230411,5.2,5.26,5.2,5.24,5.23,0.01,0.1912,299.46,156.796
920368.BJ,20230411,57.87,58.85,57.7,58.09,57.84,0.25,0.4322,635.57,3681.18
920346.BJ,20230411,7.02,7.04,7.01,7.04,7.04,0.0,0.0,251.79,176.696
920001.BJ,20230411,7.28,7.29,7.21,7.25,7.29,-0.04,-0.5487,783.34,567.321
920556.BJ,20230411,3.52,3.53,3.51,3.52,3.52,0.0,0.0,5410.52,1905.113
920790.BJ,20230411,6.25,6.38,6.22,6.27,6.24,0.03,0.4808,4177.13,2627.824
920378.BJ,20230411,3.26,3.26,3.18,3.2,3.25,-0.05,-1.5385,1299.25,414.262
920725.BJ,20230411,16.38,16.44,16.16,16.19,16.34,-0.15,-0.918,1675.89,2724.06
920198.BJ,20230411,4.63,4.63,4.57,4.61,4.62,-0.01,-0.2165,499.97,229.719
920924.BJ,20230411,5.77,5.8,5.7,5.77,5.77,0.0,0.0,402.22,230.898
920149.BJ,20230411,3.76,3.8,3.74,3.78,3.8,-0.02,-0.5263,176.67,66.67
920675.BJ,20230411,4.74,4.8,4.71,4.77,4.78,-0.01,-0.2092,706.04,335.178
920729.BJ,20230411,8.16,8.16,7.94,8.0,8.08,-0.08,-0.9901,665.3,534.291
920508.BJ,20230411,6.39,6.47,6.39,6.4,6.4,0.0,0.0,295.0,189.008
920608.BJ,20230411,8.15,8.2,8.15,8.18,8.16,0.02,0.2451,384.9,314.259
920263.BJ,20230411,4.89,4.89,4.8,4.84,4.88,-0.04,-0.8197,1887.25,911.05
920223.BJ,20230411,3.25,3.25,3.22,3.23,3.24,-0.01,-0.3086,1371.61,442.971
920489.BJ,20230411,5.59,5.65,5.55,5.56,5.57,-0.01,-0.1795,1809.72,1009.261
920639.BJ,20230411,4.03,4.06,4.03,4.05,4.05,0.0,0.0,1140.9,461.723
920139.BJ,20230411,10.55,10.55,10.25,10.25,10.41,-0.16,-1.537,3565.39,3686.331
920300.BJ,20230411,6.05,6.11,6.04,6.09,6.08,0.01,0.1645,2241.87,1360.605
920077.BJ,20230411,43.0,45.14,42.95,45.08,43.38,1.7,3.9189,4762.2,21228.081
920925.BJ,20230411,14.32,14.32,14.15,14.28,14.3,-0.02,-0.1399,511.3,725.933
920371.BJ,20230411,3.33,3.37,3.32,3.34,3.35,-0.01,-0.2985,1755.6,586.781
302132.SZ,20230411,50.05,50.18,48.77,49.5,50.3,-0.8,-1.5905,203863.41,1009013.57
