ts_code,trade_date,open,high,low,close,pre_close,change,pct_chg,vol,amount
000601.SZ,20230407,4.62,4.63,4.58,4.62,4.61,0.01,0.2169,35940.68,16558.178
000603.SZ,20230407,18.16,18.52,17.89,17.98,18.51,-0.53,-2.8633,116432.4,212475.759
000605.SZ,20230407,6.04,6.13,6.01,6.09,6.04,0.05,0.8278,32923.51,20019.111
000606.SZ,20230407,1.93,1.94,1.92,1.94,1.93,0.01,0.5181,18899.0,3649.727
000607.SZ,20230407,5.63,5.76,5.49,5.74,5.57,0.17,3.0521,236090.37,133648.836
000608.SZ,20230407,2.76,2.87,2.75,2.84,2.75,0.09,3.2727,115497.96,32731.066
000609.SZ,20230407,4.88,5.06,4.86,5.05,4.89,0.16,3.272,48127.01,24117.507
000610.SZ,20230407,16.79,17.36,16.78,16.98,16.78,0.2,1.1919,265569.05,454485.163
000612.SZ,20230407,5.47,5.5,5.43,5.45,5.48,-0.03,-0.5474,49803.02,27185.429
000615.SZ,20230407,6.65,6.7,6.56,6.58,6.74,-0.16,-2.3739,209588.0,138517.633
000616.SZ,20230407,1.39,1.43,1.38,1.41,1.4,0.01,0.7143,119466.66,16886.446
000617.SZ,20230407,7.68,7.75,7.35,7.41,7.86,-0.45,-5.7252,3496751.87,2628826.933
000619.SZ,20230407,6.43,6.48,6.39,6.46,6.43,0.03,0.4666,38362.0,24749.084
000620.SZ,20230407,2.87,3.02,2.85,2.98,2.85,0.13,4.5614,633945.02,188124.227
000622.SZ,20230407,4.96,5.17,4.93,5.04,4.95,0.09,1.8182,75053.0,37849.484
000623.SZ,20230407,15.7,15.82,15.63,15.73,15.65,0.08,0.5112,89745.15,141120.494
000625.SZ,20230407,11.72,11.97,11.72,11.84,11.77,0.07,0.5947,647734.94,768859.555
000626.SZ,20230407,8.57,8.66,8.51,8.61,8.55,0.06,0.7018,23333.02,20107.928
000627.SZ,20230407,3.45,3.48,3.41,3.43,3.45,-0.02,-0.5797,202042.0,69366.24
000628.SZ,20230407,15.4,15.58,15.23,15.3,15.38,-0.08,-0.5202,43909.1,67406.398
000629.SZ,20230407,4.84,4.88,4.83,4.86,4.84,0.02,0.4132,418556.07,203473.264
000630.SZ,20230407,3.22,3.23,3.17,3.17,3.22,-0.05,-1.5528,776631.28,247319.346
000631.SZ,20230407,3.41,3.48,3.39,3.47,3.4,0.07,2.0588,73972.24,25506.539
000632.SZ,20230407,4.22,4.32,4.21,4.31,4.22,0.09,2.1327,65570.82,28112.077
000633.SZ,20230407,9.33,9.88,9.3,9.73,9.37,0.36,3.842,135646.52,130410.61
000635.SZ,20230407,9.5,9.69,9.46,9.65,9.45,0.2,2.1164,35295.0,33942.551
000636.SZ,20230407,19.15,19.25,18.84,19.0,19.15,-0.15,-0.7833,180232.89,342084.756
000637.SZ,20230407,4.58,4.67,4.57,4.66,4.58,0.08,1.7467,55643.0,25827.5
000638.SZ,20230407,6.31,6.53,6.29,6.5,6.31,0.19,3.0111,70370.42,45389.031
000639.SZ,20230407,5.07,5.15,5.04,5.13,5.07,0.06,1.1834,53600.96,27307.601
000650.SZ,20230407,6.46,6.55,6.45,6.52,6.48,0.04,0.6173,270722.76,176440.414
000651.SZ,20230407,36.75,37.56,36.66,37.29,36.75,0.54,1.4694,327832.77,1223357.476
000652.SZ,20230407,4.46,4.47,4.41,4.45,4.44,0.01,0.2252,94420.81,41946.392
000655.SZ,20230407,6.99,7.06,6.96,7.05,6.99,0.06,0.8584,41298.77,28972.03
000656.SZ,20230407,1.53,1.64,1.53,1.59,1.53,0.06,3.9216,2267750.17,360737.652
000657.SZ,20230407,13.12,13.21,13.03,13.19,13.09,0.1,0.7639,103184.11,135516.49
000659.SZ,20230407,3.18,3.25,3.17,3.2,3.18,0.02,0.6289,96886.91,31106.671
000661.SZ,20230407,164.9,171.0,164.62,169.75,164.62,5.13,3.1163,77221.51,1302671.472
000663.SZ,20230407,9.39,9.57,9.31,9.5,9.35,0.15,1.6043,83338.18,78996.278
000665.SZ,20230407,6.49,6.74,6.44,6.59,6.53,0.06,0.9188,453284.22,298721.71
000666.SZ,20230407,9.18,9.36,9.16,9.34,9.19,0.15,1.6322,55346.84,51276.363
000667.SZ,20230407,1.11,1.19,1.11,1.17,1.12,0.05,4.4643,910414.38,105217.428
002339.SZ,20230407,8.04,8.05,7.9,7.93,8.0,-0.07,-0.875,114573.49,90994.891
002340.SZ,20230407,7.41,7.45,7.39,7.42,7.41,0.01,0.135,341630.3,253237.291
002341.SZ,20230407,4.0,4.04,3.98,4.0,4.01,-0.01,-0.2494,64350.0,25766.555
002342.SZ,20230407,4.25,4.29,4.24,4.29,4.24,0.05,1.1792,61359.57,26183.343
002343.SZ,20230407,6.43,6.66,6.3,6.62,6.43,0.19,2.9549,172798.0,112644.993
002344.SZ,20230407,4.67,4.69,4.64,4.66,4.65,0.01,0.2151,84569.87,39451.62
002345.SZ,20230407,8.2,8.34,8.09,8.33,8.2,0.13,1.5854,99900.0,82129.263
002346.SZ,20230407,13.55,13.56,13.47,13.49,13.56,-0.07,-0.5162,17017.0,22985.816
002347.SZ,20230407,4.91,4.97,4.89,4.97,4.91,0.06,1.222,58531.0,28937.029
002348.SZ,20230407,4.52,4.57,4.5,4.54,4.51,0.03,0.6652,86567.0,39350.065
002349.SZ,20230407,10.9,11.0,10.8,10.88,10.94,-0.06,-0.5484,127915.31,138999.42
002350.SZ,20230407,7.42,7.48,7.41,7.45,7.44,0.01,0.1344,79660.69,59330.248
002351.SZ,20230407,16.16,17.45,15.79,17.02,16.56,0.46,2.7778,855171.14,1427336.768
002352.SZ,20230407,54.67,58.02,54.5,58.0,54.68,3.32,6.0717,406575.62,2326540.296
002353.SZ,20230407,27.3,27.75,27.28,27.46,27.29,0.17,0.6229,65414.77,179684.15
002354.SZ,20230407,5.8,6.07,5.7,5.97,5.79,0.18,3.1088,1207599.0,715068.436
002355.SZ,20230407,4.13,4.17,4.11,4.16,4.13,0.03,0.7264,44559.0,18476.445
002356.SZ,20230407,5.4,5.4,5.3,5.34,5.32,0.02,0.3759,21548.7,11509.248
002357.SZ,20230407,5.88,5.95,5.86,5.94,5.87,0.07,1.1925,35588.0,20996.013
002358.SZ,20230407,4.82,4.89,4.81,4.84,4.83,0.01,0.207,80087.0,38777.242
002360.SZ,20230407,7.43,7.45,7.36,7.38,7.39,-0.01,-0.1353,31078.0,22961.626
002361.SZ,20230407,4.1,4.13,4.07,4.11,4.1,0.01,0.2439,77119.66,31660.928
002362.SZ,20230407,29.83,30.55,28.75,30.11,29.78,0.33,1.1081,280223.5,832372.515
002363.SZ,20230407,7.18,7.23,7.15,7.21,7.18,0.03,0.4178,31822.11,22918.695
002364.SZ,20230407,7.78,8.15,7.75,8.04,7.77,0.27,3.4749,132879.0,106371.858
002365.SZ,20230407,10.92,11.14,10.9,11.07,10.87,0.2,1.8399,48066.0,53079.333
002366.SZ,20230407,4.84,4.87,4.84,4.86,4.85,0.01,0.2062,39069.04,18967.368
002367.SZ,20230407,8.04,8.3,8.03,8.3,8.0,0.3,3.75,74615.77,61266.954
002368.SZ,20230407,44.7,46.16,43.56,45.75,45.17,0.58,1.284,286568.11,1282433.679
002369.SZ,20230407,5.75,5.86,5.69,5.81,5.83,-0.02,-0.3431,312319.76,180652.98
002370.SZ,20230407,4.52,4.58,4.51,4.58,4.52,0.06,1.3274,57897.44,26408.29
002371.SZ,20230407,307.43,313.62,305.61,312.66,307.43,5.23,1.7012,126146.63,3903822.129
002372.SZ,20230407,24.01,25.1,23.77,24.43,23.91,0.52,2.1748,63079.28,156274.356
002373.SZ,20230407,14.0,14.77,13.71,14.65,14.0,0.65,4.6429,430292.94,617540.162
002374.SZ,20230407,4.29,4.39,4.27,4.38,4.3,0.08,1.8605,134855.93,58491.236
002375.SZ,20230407,4.74,4.8,4.72,4.76,4.74,0.02,0.4219,74708.0,35604.94
002376.SZ,20230407,8.02,8.09,7.9,8.08,7.96,0.12,1.5075,47848.0,38269.531
002377.SZ,20230407,2.62,2.89,2.61,2.89,2.63,0.26,9.8859,832539.29,234909.082
002378.SZ,20230407,7.85,7.91,7.76,7.77,7.87,-0.1,-1.2706,73687.08,57504.157
002379.SZ,20230407,4.22,4.25,4.19,4.2,4.23,-0.03,-0.7092,81011.36,34113.129
002380.SZ,20230407,18.48,19.15,18.31,19.03,18.27,0.76,4.1598,98299.0,185884.161
002381.SZ,20230407,7.06,7.11,6.99,7.09,7.03,0.06,0.8535,27304.47,19303.751
002862.SZ,20230407,16.45,16.6,16.31,16.57,16.45,0.12,0.7295,10927.0,18038.705
002863.SZ,20230407,5.53,5.58,5.51,5.58,5.54,0.04,0.722,65585.0,36461.595
002864.SZ,20230407,40.11,40.12,39.52,39.71,40.48,-0.77,-1.9022,68564.21,272737.279
002865.SZ,20230407,142.0,146.65,141.14,142.54,142.4,0.14,0.0983,27964.02,401838.206
002866.SZ,20230407,31.31,31.8,31.1,31.54,31.45,0.09,0.2862,90539.5,284562.409
002867.SZ,20230407,15.03,16.21,14.98,16.09,15.03,1.06,7.0526,130819.87,206456.659
002868.SZ,20230407,39.57,40.17,39.0,39.37,39.79,-0.42,-1.0555,11275.3,44620.439
002869.SZ,20230407,23.6,25.92,23.6,25.92,23.56,2.36,10.017,96544.73,246444.039
002870.SZ,20230407,30.18,30.66,30.01,30.15,30.09,0.06,0.1994,15512.0,46980.757
002871.SZ,20230407,14.59,14.75,14.56,14.7,14.65,0.05,0.3413,9214.1,13531.492
002872.SZ,20230407,5.72,5.74,5.68,5.74,5.72,0.02,0.3497,12682.5,7234.515
002873.SZ,20230407,15.01,15.38,14.55,14.57,15.0,-0.43,-2.8667,101739.48,151421.797
002875.SZ,20230407,15.59,15.75,15.45,15.49,15.41,0.08,0.5191,54608.44,84755.718
002876.SZ,20230407,47.07,49.5,46.88,47.6,47.18,0.42,0.8902,94524.15,456448.703
002877.SZ,20230407,9.49,9.67,9.41,9.58,9.51,0.07,0.7361,66508.32,63703.249
002878.SZ,20230407,19.83,20.35,19.56,20.09,19.75,0.34,1.7215,67323.0,134674.479
002879.SZ,20230407,16.03,16.35,15.88,15.92,15.99,-0.07,-0.4378,18684.0,29982.656
002880.SZ,20230407,30.12,30.88,30.01,30.76,30.11,0.65,2.1588,11424.3,35049.149
002881.SZ,20230407,36.14,36.55,34.8,35.49,36.0,-0.51,-1.4167,79171.92,280904.961
002882.SZ,20230407,16.99,17.27,16.88,16.88,17.07,-0.19,-1.1131,99976.0,170262.317
002883.SZ,20230407,11.48,11.58,11.41,11.55,11.51,0.04,0.3475,31968.8,36807.864
002884.SZ,20230407,16.36,16.36,15.88,16.09,15.9,0.19,1.195,12234.69,19698.874
002885.SZ,20230407,33.9,33.9,33.2,33.71,34.06,-0.35,-1.0276,62637.94,209543.778
002886.SZ,20230407,17.48,17.63,17.27,17.42,17.5,-0.08,-0.4571,30282.7,52723.411
002887.SZ,20230407,8.93,8.95,8.85,8.95,8.9,0.05,0.5618,15404.01,13738.747
002888.SZ,20230407,18.05,18.3,17.15,17.27,19.06,-1.79,-9.3914,174980.65,304788.225
002889.SZ,20230407,26.17,26.65,26.11,26.29,26.22,0.07,0.267,15080.0,39694.549
002890.SZ,20230407,17.92,18.15,17.8,18.07,17.84,0.23,1.2892,6384.8,11509.478
002891.SZ,20230407,23.59,23.75,23.36,23.53,23.5,0.03,0.1277,22613.05,53243.899
002892.SZ,20230407,12.31,12.68,12.3,12.65,12.3,0.35,2.8455,37273.73,46793.17
002893.SZ,20230407,8.61,8.7,8.55,8.65,8.6,0.05,0.5814,15183.8,13119.333
002895.SZ,20230407,24.15,24.44,24.0,24.09,24.17,-0.08,-0.331,34666.21,84019.582
002896.SZ,20230407,25.81,26.01,25.48,25.5,25.95,-0.45,-1.7341,43575.97,111877.904
002897.SZ,20230407,47.69,47.69,45.96,47.1,47.71,-0.61,-1.2786,71455.33,333627.324
002898.SZ,20230407,10.62,10.72,10.51,10.66,10.53,0.13,1.2346,18600.0,19818.058
002899.SZ,20230407,13.33,13.44,13.18,13.38,13.27,0.11,0.8289,17206.0,22906.438
002900.SZ,20230407,12.86,13.08,12.8,12.84,13.04,-0.2,-1.5337,35091.0,45197.526
002901.SZ,20230407,35.91,36.9,35.76,36.66,36.28,0.38,1.0474,21278.26,77890.719
002902.SZ,20230407,19.44,19.44,18.63,18.8,19.58,-0.78,-3.9837,302534.01,571035.054
002903.SZ,20230407,27.2,28.41,26.82,27.85,26.43,1.42,5.3727,200352.44,553496.24
002905.SZ,20230407,8.53,9.02,8.45,8.91,8.54,0.37,4.3326,63902.44,56276.056
002906.SZ,20230407,33.0,33.4,32.78,33.07,32.78,0.29,0.8847,25780.76,85484.615
600478.SH,20230407,7.97,8.26,7.96,8.22,7.97,0.25,3.1368,265752.22,216817.876
600479.SH,20230407,12.1,12.23,11.85,11.95,12.2,-0.25,-2.0492,152669.6,183010.325
600480.SH,20230407,7.55,7.61,7.53,7.59,7.56,0.03,0.3968,38067.71,28855.254
600481.SH,20230407,15.97,16.54,15.91,16.27,16.03,0.24,1.4972,279734.09,456426.241
600482.SH,20230407,16.78,16.86,16.61,16.66,16.84,-0.18,-1.0689,47627.02,79606.718
600483.SH,20230407,12.2,12.39,12.17,12.25,12.15,0.1,0.823,77363.46,95135.416
600486.SH,20230407,93.4,94.5,93.4,94.0,93.66,0.34,0.363,9291.94,87469.843
600487.SH,20230407,17.6,18.18,16.92,17.3,16.62,0.68,4.0915,2608207.06,4544774.76
600488.SH,20230407,4.51,4.55,4.5,4.53,4.51,0.02,0.4435,58696.1,26586.443
600489.SH,20230407,11.18,11.68,11.18,11.44,11.38,0.06,0.5272,871119.59,993364.936
600490.SH,20230407,3.73,3.78,3.63,3.76,3.72,0.04,1.0753,724402.08,268766.575
600491.SH,20230407,5.03,5.05,5.01,5.02,5.01,0.01,0.1996,92557.0,46566.516
600493.SH,20230407,5.75,5.78,5.72,5.77,5.76,0.01,0.1736,30172.0,17371.673
600495.SH,20230407,3.78,3.82,3.78,3.8,3.79,0.01,0.2639,81873.62,31090.397
600496.SH,20230407,4.12,4.15,4.1,4.11,4.08,0.03,0.7353,224762.24,92690.316
600497.SH,20230407,5.28,5.3,5.23,5.25,5.3,-0.05,-0.9434,468703.32,246358.931
600498.SH,20230407,20.5,20.96,20.27,20.53,20.5,0.03,0.1463,289333.6,594179.458
600499.SH,20230407,14.0,14.07,13.8,13.85,13.96,-0.11,-0.788,158926.0,221365.874
600500.SH,20230407,6.79,6.87,6.78,6.83,6.83,0.0,0.0,117079.9,79849.281
600501.SH,20230407,16.36,16.63,16.13,16.44,16.38,0.06,0.3663,103392.58,169237.551
600502.SH,20230407,6.18,6.24,6.07,6.13,6.22,-0.09,-1.4469,541767.59,332124.752
600503.SH,20230407,2.7,2.76,2.7,2.75,2.7,0.05,1.8519,93869.03,25738.858
600505.SH,20230407,7.82,7.89,7.77,7.88,7.79,0.09,1.1553,21398.0,16811.431
600506.SH,20230407,11.23,11.56,11.13,11.46,11.24,0.22,1.9573,30759.81,34891.208
600507.SH,20230407,5.67,5.69,5.66,5.68,5.65,0.03,0.531,61791.5,35099.456
600508.SH,20230407,13.82,13.9,13.81,13.86,13.86,0.0,0.0,37197.61,51531.651
600509.SH,20230407,6.87,6.89,6.69,6.72,6.85,-0.13,-1.8978,131108.15,88518.044
600510.SH,20230407,6.46,6.63,6.46,6.6,6.46,0.14,2.1672,67113.78,44212.748
600511.SH,20230407,37.53,37.6,36.02,36.78,37.39,-0.61,-1.6315,60196.52,220279.428
600512.SH,20230407,2.67,2.68,2.65,2.67,2.66,0.01,0.3759,131352.01,35008.876
600513.SH,20230407,10.71,10.89,10.65,10.85,10.71,0.14,1.3072,59542.5,64362.142
600515.SH,20230407,4.9,4.91,4.77,4.83,4.92,-0.09,-1.8293,1205454.62,581474.135
600516.SH,20230407,6.41,6.45,6.4,6.43,6.41,0.02,0.312,123294.34,79245.797
600517.SH,20230407,5.22,5.25,5.21,5.23,5.23,0.0,0.0,78605.32,41111.856
600518.SH,20230407,2.08,2.09,2.07,2.08,2.08,0.0,0.0,368446.54,76400.488
600519.SH,20230407,1795.0,1806.01,1788.34,1790.99,1796.96,-5.97,-0.3322,13524.68,2428160.574
600520.SH,20230407,15.82,15.89,15.41,15.52,15.81,-0.29,-1.8343,93594.65,145778.433
600521.SH,20230407,20.59,20.9,20.5,20.79,20.51,0.28,1.3652,115880.84,240753.702
600522.SH,20230407,18.28,18.49,17.7,17.85,18.0,-0.15,-0.8333,1665255.52,2994000.528
600523.SH,20230407,14.14,14.43,14.14,14.26,14.2,0.06,0.4225,33610.45,48016.383
600525.SH,20230407,5.38,5.47,5.33,5.34,5.36,-0.02,-0.3731,129043.25,69270.026
600526.SH,20230407,5.13,5.19,5.1,5.18,5.14,0.04,0.7782,58061.96,29980.817
601969.SH,20230407,7.68,7.71,7.56,7.57,7.63,-0.06,-0.7864,124067.62,94524.516
601975.SH,20230407,3.55,3.63,3.52,3.58,3.56,0.02,0.5618,1198779.49,428881.988
601985.SH,20230407,6.62,6.62,6.53,6.56,6.61,-0.05,-0.7564,508951.0,334016.838
601988.SH,20230407,3.44,3.45,3.41,3.43,3.44,-0.01,-0.2907,1184618.3,405827.065
601989.SH,20230407,3.92,3.93,3.86,3.9,3.92,-0.02,-0.5102,633227.56,246437.294
601990.SH,20230407,9.05,9.17,8.96,9.11,9.07,0.04,0.441,395842.15,359748.399
601991.SH,20230407,2.93,2.94,2.91,2.92,2.93,-0.01,-0.3413,552587.0,161446.506
601992.SH,20230407,2.44,2.46,2.43,2.46,2.44,0.02,0.8197,253297.05,62068.849
601995.SH,20230407,39.0,41.43,38.94,41.15,38.92,2.23,5.7297,240205.73,969838.238
601996.SH,20230407,2.57,2.59,2.55,2.59,2.57,0.02,0.7782,52469.35,13542.513
601997.SH,20230407,5.49,5.51,5.48,5.49,5.49,0.0,0.0,103390.46,56831.598
601998.SH,20230407,5.48,5.49,5.42,5.44,5.48,-0.04,-0.7299,156989.51,85531.487
601999.SH,20230407,6.99,7.11,6.8,7.05,6.95,0.1,1.4388,49038.74,34215.26
603000.SH,20230407,21.98,23.1,21.31,22.56,22.44,0.12,0.5348,889843.19,1977966.503
603001.SH,20230407,6.55,6.61,6.48,6.58,6.53,0.05,0.7657,23712.44,15537.42
603002.SH,20230407,5.93,5.93,5.79,5.85,5.94,-0.09,-1.5152,118306.0,69066.009
603003.SH,20230407,9.65,10.48,9.63,10.08,9.54,0.54,5.6604,242661.45,241734.747
603005.SH,20230407,27.19,27.38,26.38,26.73,27.19,-0.46,-1.6918,516135.96,1381404.507
603006.SH,20230407,9.99,10.14,9.9,9.99,9.95,0.04,0.402,11451.06,11451.927
603007.SH,20230407,5.91,5.92,5.76,5.83,5.92,-0.09,-1.5203,61804.26,35957.338
603008.SH,20230407,33.3,34.35,33.03,34.19,33.29,0.9,2.7035,31935.32,108640.155
603009.SH,20230407,6.39,6.44,6.36,6.43,6.41,0.02,0.312,29560.52,18942.893
603010.SH,20230407,12.39,12.57,12.39,12.5,12.4,0.1,0.8065,18744.0,23463.224
603011.SH,20230407,7.95,8.02,7.92,7.96,7.97,-0.01,-0.1255,62026.01,49400.157
603012.SH,20230407,5.68,5.75,5.68,5.72,5.68,0.04,0.7042,55826.15,31959.791
603013.SH,20230407,15.14,15.2,14.88,14.9,15.08,-0.18,-1.1936,21388.0,32064.381
603015.SH,20230407,7.94,8.25,7.93,8.09,7.93,0.16,2.0177,160460.21,129869.544
603016.SH,20230407,22.8,24.73,22.56,24.73,22.48,2.25,10.0089,56407.0,137011.292
603017.SH,20230407,10.99,11.08,10.82,10.87,11.11,-0.24,-2.1602,61290.55,66784.05
603018.SH,20230407,9.11,9.17,9.03,9.13,9.11,0.02,0.2195,125531.95,114063.351
603019.SH,20230407,40.42,40.7,39.53,40.08,40.68,-0.6,-1.4749,695680.33,2790883.568
603020.SH,20230407,9.58,9.66,9.51,9.66,9.53,0.13,1.3641,15672.0,15029.625
603021.SH,20230407,5.64,5.67,5.6,5.67,5.64,0.03,0.5319,24290.0,13709.062
603022.SH,20230407,9.18,9.43,9.11,9.4,9.19,0.21,2.2851,16428.31,15251.252
603023.SH,20230407,3.91,3.94,3.89,3.92,3.89,0.03,0.7712,33252.29,13026.222
603025.SH,20230407,16.3,16.5,16.24,16.27,16.37,-0.1,-0.6109,60409.34,98528.517
603026.SH,20230407,79.56,80.76,79.3,79.82,79.56,0.26,0.3268,10889.66,87108.737
603027.SH,20230407,22.0,23.06,22.0,22.71,22.24,0.47,2.1133,165034.33,374524.751
603028.SH,20230407,10.42,11.0,10.29,10.85,10.43,0.42,4.0268,105181.7,111880.105
603029.SH,20230407,22.0,22.19,21.76,21.79,22.07,-0.28,-1.2687,26271.8,57503.066
603030.SH,20230407,2.05,2.09,2.03,2.07,2.06,0.01,0.4854,111401.0,23088.601
603031.SH,20230407,48.25,49.71,48.04,49.25,48.29,0.96,1.988,9722.2,47658.577
605189.SH,20230407,20.25,20.6,20.22,20.44,20.35,0.09,0.4423,5165.19,10541.255
605196.SH,20230407,7.33,7.37,7.25,7.27,7.34,-0.07,-0.9537,82889.0,60401.138
605198.SH,20230407,18.71,18.91,18.6,18.72,18.69,0.03,0.1605,5162.0,9688.983
605199.SH,20230407,16.88,16.98,16.62,16.69,16.9,-0.21,-1.2426,27152.41,45441.316
605208.SH,20230407,14.16,14.35,14.1,14.34,14.16,0.18,1.2712,18262.46,26024.597
605218.SH,20230407,15.17,15.18,14.61,14.84,15.17,-0.33,-2.1753,39556.0,58420.196
605222.SH,20230407,21.82,22.3,21.76,22.22,21.8,0.42,1.9266,24627.0,54605.443
605228.SH,20230407,8.44,8.72,8.44,8.62,8.49,0.13,1.5312,16027.0,13780.718
605255.SH,20230407,14.38,14.67,14.31,14.61,14.39,0.22,1.5288,7561.0,10975.589
605258.SH,20230407,26.61,26.61,25.97,26.28,26.53,-0.25,-0.9423,14558.0,38114.18
605259.SH,20230407,36.17,37.14,35.76,36.01,36.09,-0.08,-0.2217,8406.22,30419.1
605266.SH,20230407,77.08,77.79,74.85,75.48,77.57,-2.09,-2.6943,10569.76,80138.691
605268.SH,20230407,9.57,9.73,9.51,9.72,9.51,0.21,2.2082,12131.0,11722.125
605277.SH,20230407,19.35,19.37,18.97,19.21,19.65,-0.44,-2.2392,52928.42,101181.447
605286.SH,20230407,33.9,35.2,33.7,34.14,33.88,0.26,0.7674,41650.0,143455.674
605287.SH,20230407,23.32,23.4,23.19,23.28,23.38,-0.1,-0.4277,5669.0,13199.929
605288.SH,20230407,36.01,36.63,36.01,36.5,36.3,0.2,0.551,1812.8,6616.321
605289.SH,20230407,24.99,24.99,24.26,24.36,24.86,-0.5,-2.0113,16666.25,40835.006
605296.SH,20230407,26.47,26.56,26.1,26.34,26.44,-0.1,-0.3782,10702.22,28282.426
605298.SH,20230407,14.01,14.05,13.85,14.03,13.9,0.13,0.9353,3230.4,4505.62
605299.SH,20230407,12.93,13.12,12.65,12.99,12.83,0.16,1.2471,68591.56,88244.365
605300.SH,20230407,18.43,18.43,18.1,18.34,18.37,-0.03,-0.1633,5371.52,9818.105
605303.SH,20230407,10.9,11.05,10.88,11.02,10.92,0.1,0.9158,5444.0,5964.69
605305.SH,20230407,44.01,44.29,41.76,41.91,43.69,-1.78,-4.0742,20905.94,88869.87
605318.SH,20230407,13.7,13.78,13.58,13.72,13.65,0.07,0.5128,7085.0,9710.796
605319.SH,20230407,14.44,14.6,14.33,14.36,14.42,-0.06,-0.4161,6101.64,8786.727
605333.SH,20230407,17.86,19.0,17.81,18.28,17.87,0.41,2.2943,40827.0,75444.56
605336.SH,20230407,17.4,17.94,17.34,17.74,17.33,0.41,2.3658,15139.5,26870.229
605337.SH,20230407,23.87,24.09,23.49,23.56,23.85,-0.29,-1.2159,18702.28,44284.983
605338.SH,20230407,30.17,31.19,30.0,30.63,30.23,0.4,1.3232,13556.0,41538.391
605339.SH,20230407,25.08,25.65,24.96,25.36,25.05,0.31,1.2375,11204.0,28355.771
605358.SH,20230407,58.93,59.67,57.5,59.07,58.88,0.19,0.3227,260107.61,1523424.967
605365.SH,20230407,18.0,18.88,17.95,18.57,18.02,0.55,3.0522,49535.0,91970.407
605366.SH,20230407,16.02,16.14,15.96,16.08,16.02,0.06,0.3745,14192.2,22774.85
605368.SH,20230407,13.6,13.6,13.47,13.54,13.55,-0.01,-0.0738,22004.32,29737.548
605369.SH,20230407,67.98,70.38,67.9,69.33,67.87,1.46,2.1512,13509.35,93459.068
605376.SH,20230407,38.8,39.48,38.38,39.0,38.55,0.45,1.1673,28367.08,110911.874
605377.SH,20230407,19.74,20.1,19.48,19.96,19.59,0.37,1.8887,34666.58,68799.111
605378.SH,20230407,22.98,23.05,22.71,22.81,22.96,-0.15,-0.6533,7022.01,16038.35
605388.SH,20230407,14.33,14.43,14.15,14.19,14.31,-0.12,-0.8386,22120.0,31470.806
605389.SH,20230407,28.55,28.9,28.38,28.62,28.51,0.11,0.3858,5894.0,16864.593
605398.SH,20230407,37.6,38.98,36.51,37.98,36.43,1.55,4.2547,38098.2,143925.847
688081.SH,20230407,21.96,22.78,21.96,22.66,22.12,0.54,2.4412,6339.84,14269.94
688082.SH,20230407,108.9,113.0,106.88,110.97,109.0,1.97,1.8073,57541.02,631513.254
688083.SH,20230407,242.99,254.0,238.28,251.3,246.78,4.52,1.8316,9267.67,230115.976
688084.SH,20230407,84.37,85.3,83.37,84.6,84.56,0.04,0.0473,2990.29,25292.371
688085.SH,20230407,27.04,29.78,26.9,29.31,26.98,2.33,8.636,31504.85,91182.429
688086.SH,20230407,2.73,2.82,2.62,2.74,2.7,0.04,1.4815,61650.46,16651.476
688087.SH,20230407,38.9,39.76,38.69,39.49,38.87,0.62,1.5951,4710.53,18565.404
688088.SH,20230407,38.78,40.59,38.42,39.17,38.1,1.07,2.8084,118001.62,462094.839
688089.SH,20230407,36.73,37.42,36.26,36.31,36.41,-0.1,-0.2746,18091.6,66584.583
688090.SH,20230407,28.21,28.86,28.19,28.76,28.27,0.49,1.7333,6832.68,19522.898
688091.SH,20230407,96.0,99.77,95.51,97.0,95.18,1.82,1.9122,21381.29,209571.357
688092.SH,20230407,29.2,29.22,28.62,28.93,29.2,-0.27,-0.9247,12579.87,36396.61
688093.SH,20230407,21.73,21.74,21.4,21.53,21.7,-0.17,-0.7834,18965.36,40849.48
688095.SH,20230407,114.0,117.95,109.36,115.0,113.0,2.0,1.7699,23255.47,265896.343
688096.SH,20230407,13.15,13.21,13.09,13.2,13.18,0.02,0.1517,5485.03,7222.186
688097.SH,20230407,31.47,31.47,30.19,30.48,30.9,-0.42,-1.3592,10771.18,32936.378
688098.SH,20230407,8.24,8.32,8.2,8.31,8.23,0.08,0.9721,15751.14,13060.857
688099.SH,20230407,93.88,93.88,88.68,91.5,93.52,-2.02,-2.16,132970.45,1209061.346
688100.SH,20230407,29.17,30.08,29.17,30.0,29.19,0.81,2.7749,20695.3,61273.737
688101.SH,20230407,14.48,14.7,14.43,14.67,14.51,0.16,1.1027,13292.73,19422.221
688102.SH,20230407,16.8,16.8,16.09,16.18,16.73,-0.55,-3.2875,32983.84,53932.5
688103.SH,20230407,61.26,68.2,61.0,67.98,60.09,7.89,13.1303,39769.02,260596.759
688105.SH,20230407,40.26,42.89,40.08,42.89,40.08,2.81,7.011,55512.15,232144.838
688106.SH,20230407,24.07,24.39,23.55,23.99,24.16,-0.17,-0.7036,70386.59,168279.296
688107.SH,20230407,78.0,80.88,76.81,80.5,77.7,2.8,3.6036,63813.54,503521.359
688108.SH,20230407,6.36,6.53,6.32,6.45,6.34,0.11,1.735,107174.14,69194.055
688109.SH,20230407,38.34,38.72,37.15,38.5,37.92,0.58,1.5295,6272.36,23803.338
688110.SH,20230407,40.52,42.5,39.87,42.3,40.08,2.22,5.5389,312599.34,1288393.837
000668.SZ,20230407,11.17,11.38,11.17,11.23,11.17,0.06,0.5372,17338.84,19554.864
000669.SZ,20230407,1.97,2.01,1.96,1.99,1.97,0.02,1.0152,32207.4,6419.443
000670.SZ,20230407,8.94,8.98,8.8,8.91,9.04,-0.13,-1.4381,413413.23,367375.422
000671.SZ,20230407,1.6,1.76,1.59,1.7,1.6,0.1,6.25,1257220.93,213741.285
000672.SZ,20230407,12.12,12.2,12.04,12.07,11.99,0.08,0.6672,54824.92,66362.293
000676.SZ,20230407,6.77,6.85,6.58,6.81,6.71,0.1,1.4903,403906.18,271877.32
000677.SZ,20230407,2.87,2.91,2.86,2.89,2.88,0.01,0.3472,46252.37,13406.74
000678.SZ,20230407,5.48,5.56,5.47,5.55,5.49,0.06,1.0929,37347.0,20665.946
000679.SZ,20230407,5.08,5.17,5.03,5.11,5.07,0.04,0.789,37425.0,19009.851
000680.SZ,20230407,4.67,4.68,4.62,4.64,4.66,-0.02,-0.4292,113144.12,52583.343
000681.SZ,20230407,16.8,16.92,16.19,16.78,16.47,0.31,1.8822,405125.37,674084.656
000682.SZ,20230407,8.77,8.83,8.61,8.79,8.67,0.12,1.3841,214562.36,187606.95
000683.SZ,20230407,8.35,8.45,8.3,8.37,8.34,0.03,0.3597,146614.34,122957.239
000685.SZ,20230407,7.09,7.16,7.09,7.14,7.1,0.04,0.5634,51684.7,36892.003
000686.SZ,20230407,6.83,6.9,6.81,6.88,6.84,0.04,0.5848,117699.5,80737.593
000688.SZ,20230407,17.45,17.79,17.16,17.65,17.34,0.31,1.7878,81711.78,143245.806
000690.SZ,20230407,6.12,6.3,6.07,6.17,6.07,0.1,1.6474,284384.43,176078.069
000691.SZ,20230407,4.46,4.57,4.46,4.54,4.46,0.08,1.7937,50880.0,23014.068
000692.SZ,20230407,3.05,3.29,3.02,3.16,3.03,0.13,4.2904,182839.21,57183.86
000695.SZ,20230407,14.96,15.1,14.92,14.96,15.04,-0.08,-0.5319,15733.0,23580.748
000697.SZ,20230407,6.78,6.84,6.59,6.68,6.78,-0.1,-1.4749,170508.86,114269.393
000698.SZ,20230407,4.41,4.51,4.4,4.5,4.41,0.09,2.0408,74294.01,33229.559
000700.SZ,20230407,5.48,5.53,5.44,5.49,5.46,0.03,0.5495,60223.9,33019.037
000701.SZ,20230407,6.83,6.94,6.82,6.89,6.8,0.09,1.3235,49008.0,33762.582
000702.SZ,20230407,5.56,5.56,5.43,5.45,5.54,-0.09,-1.6245,52497.1,28702.073
000703.SZ,20230407,8.37,8.52,8.31,8.48,8.3,0.18,2.1687,356325.81,300957.583
000705.SZ,20230407,8.07,8.23,8.04,8.19,8.07,0.12,1.487,62748.39,51245.087
000707.SZ,20230407,9.07,9.38,9.03,9.24,9.05,0.19,2.0994,100663.01,93045.281
000708.SZ,20230407,17.68,17.86,17.51,17.76,17.68,0.08,0.4525,84181.54,148961.485
000709.SZ,20230407,2.31,2.32,2.3,2.32,2.31,0.01,0.4329,296699.16,68593.911
000710.SZ,20230407,13.42,13.96,13.41,13.69,13.49,0.2,1.4826,101082.0,138634.521
000711.SZ,20230407,2.49,2.56,2.49,2.55,2.49,0.06,2.4096,113201.53,28723.359
000712.SZ,20230407,13.95,14.28,13.86,14.21,13.95,0.26,1.8638,77047.8,108845.756
000713.SZ,20230407,9.74,9.86,9.72,9.85,9.81,0.04,0.4077,229129.1,224662.727
000715.SZ,20230407,7.77,8.25,7.77,8.17,7.8,0.37,4.7436,187637.65,152041.635
000716.SZ,20230407,8.5,8.57,8.41,8.43,8.52,-0.09,-1.0563,394576.98,333856.017
000717.SZ,20230407,2.72,2.74,2.71,2.73,2.73,0.0,0.0,128265.28,34967.059
000718.SZ,20230407,3.05,3.12,3.04,3.1,3.04,0.06,1.9737,146786.71,45462.591
000719.SZ,20230407,10.46,10.91,10.13,10.83,10.37,0.46,4.4359,231902.58,246642.356
000720.SZ,20230407,5.15,5.23,5.14,5.18,5.15,0.03,0.5825,37928.24,19651.607
000721.SZ,20230407,15.84,16.34,15.65,15.7,15.92,-0.22,-1.3819,608540.79,973422.071
000722.SZ,20230407,12.0,12.19,11.98,12.13,12.05,0.08,0.6639,42088.24,50926.526
002382.SZ,20230407,7.82,7.97,7.81,7.94,7.81,0.13,1.6645,88890.47,70347.076
002383.SZ,20230407,7.26,7.36,7.18,7.34,7.26,0.08,1.1019,175260.68,127722.542
002384.SZ,20230407,28.7,29.51,28.26,29.43,28.8,0.63,2.1875,257692.53,748121.0
002385.SZ,20230407,7.76,7.84,7.75,7.77,7.78,-0.01,-0.1285,302838.66,235675.908
002386.SZ,20230407,7.02,7.12,7.02,7.04,7.02,0.02,0.2849,96961.24,68356.261
002387.SZ,20230407,7.76,7.78,7.6,7.71,7.72,-0.01,-0.1295,94538.49,72767.292
002388.SZ,20230407,8.07,8.07,7.88,7.98,8.03,-0.05,-0.6227,94114.64,74742.945
002389.SZ,20230407,23.19,23.19,22.6,22.71,23.15,-0.44,-1.9006,178409.92,406107.048
002390.SZ,20230407,5.01,5.07,4.99,5.06,5.01,0.05,0.998,207547.0,104728.719
002391.SZ,20230407,7.27,7.31,7.24,7.28,7.27,0.01,0.1376,34568.5,25107.312
002392.SZ,20230407,3.51,3.54,3.51,3.53,3.52,0.01,0.2841,45645.0,16106.913
002393.SZ,20230407,22.71,22.97,22.68,22.9,22.71,0.19,0.8366,9594.0,21957.235
002394.SZ,20230407,7.41,7.5,7.41,7.49,7.43,0.06,0.8075,22959.0,17121.294
002395.SZ,20230407,8.75,8.88,8.69,8.88,8.76,0.12,1.3699,18090.0,15964.62
002396.SZ,20230407,24.85,25.2,24.55,25.14,24.82,0.32,1.2893,174483.45,435441.997
002397.SZ,20230407,4.25,4.29,4.17,4.2,4.24,-0.04,-0.9434,70583.0,29801.791
002398.SZ,20230407,6.2,6.31,6.19,6.28,6.2,0.08,1.2903,77609.41,48726.747
002399.SZ,20230407,13.62,13.83,13.55,13.79,13.57,0.22,1.6212,31715.2,43669.224
002400.SZ,20230407,6.44,6.7,5.85,5.97,6.3,-0.33,-5.2381,3047348.47,1886220.558
002401.SZ,20230407,22.0,23.44,21.42,22.94,21.8,1.14,5.2294,382619.27,861597.978
002402.SZ,20230407,17.9,18.54,17.88,18.45,17.99,0.46,2.557,231920.29,423895.5
002403.SZ,20230407,8.79,8.9,8.75,8.8,8.79,0.01,0.1138,36605.0,32225.653
002404.SZ,20230407,6.8,6.82,6.71,6.73,6.79,-0.06,-0.8837,40818.0,27511.342
002405.SZ,20230407,15.08,15.16,14.6,14.93,15.24,-0.31,-2.0341,847942.38,1257897.739
002406.SZ,20230407,5.43,5.46,5.37,5.46,5.42,0.04,0.738,119418.0,64746.931
002407.SZ,20230407,32.1,32.35,32.02,32.09,32.06,0.03,0.0936,68271.14,219655.531
002408.SZ,20230407,7.16,7.17,7.15,7.16,7.15,0.01,0.1399,110338.07,78925.359
002409.SZ,20230407,68.0,68.57,64.7,66.5,67.6,-1.1,-1.6272,239799.11,1590156.232
002410.SZ,20230407,71.2,73.22,70.22,70.8,71.13,-0.33,-0.4639,106662.9,763276.214
002411.SZ,20230407,5.45,5.73,5.45,5.56,5.51,0.05,0.9074,151281.38,85121.952
002412.SZ,20230407,6.51,6.62,6.49,6.57,6.51,0.06,0.9217,81503.15,53526.329
002413.SZ,20230407,5.28,5.31,5.2,5.21,5.3,-0.09,-1.6981,203584.99,106499.485
002414.SZ,20230407,12.56,12.56,12.36,12.45,12.55,-0.1,-0.7968,171927.98,213432.905
002415.SZ,20230407,43.9,46.8,43.9,45.58,43.86,1.72,3.9216,784732.97,3572771.702
002416.SZ,20230407,9.29,9.36,9.26,9.27,9.3,-0.03,-0.3226,59348.61,55164.439
002417.SZ,20230407,2.01,2.15,2.0,2.08,2.11,-0.03,-1.4218,338669.25,70105.954
002418.SZ,20230407,2.76,2.88,2.76,2.84,2.76,0.08,2.8986,157335.03,44747.645
002419.SZ,20230407,6.05,6.1,6.01,6.1,6.05,0.05,0.8264,92636.88,56248.919
002420.SZ,20230407,6.57,6.62,6.55,6.56,6.57,-0.01,-0.1522,63072.0,41519.613
002421.SZ,20230407,4.25,4.41,4.16,4.38,4.22,0.16,3.7915,999242.89,430639.769
002422.SZ,20230407,27.23,29.19,27.18,28.79,26.92,1.87,6.9465,301949.02,863200.047
002423.SZ,20230407,7.22,7.22,7.16,7.18,7.24,-0.06,-0.8287,111655.21,80181.565
002907.SZ,20230407,17.82,18.26,17.8,18.05,17.91,0.14,0.7817,30353.21,54754.215
002908.SZ,20230407,18.74,20.31,18.48,20.31,18.46,1.85,10.0217,242375.02,476925.189
002909.SZ,20230407,7.95,8.03,7.94,7.99,7.97,0.02,0.2509,42733.93,34114.467
002910.SZ,20230407,11.43,11.52,11.37,11.44,11.43,0.01,0.0875,18917.0,21680.518
002911.SZ,20230407,12.84,12.94,12.73,12.73,12.88,-0.15,-1.1646,29635.99,37931.015
002912.SZ,20230407,43.6,45.27,43.3,44.77,43.6,1.17,2.6835,37540.49,167762.058
002913.SZ,20230407,38.02,38.54,36.94,37.6,38.3,-0.7,-1.8277,58227.49,218587.372
002915.SZ,20230407,20.8,20.94,20.31,20.56,20.76,-0.2,-0.9634,36489.52,75204.109
002916.SZ,20230407,95.97,96.65,92.81,93.58,96.8,-3.22,-3.3264,77854.82,729639.258
002918.SZ,20230407,18.89,20.2,18.89,19.28,19.01,0.27,1.4203,65497.73,128435.384
002919.SZ,20230407,41.68,43.22,40.54,41.66,42.6,-0.94,-2.2066,69815.2,292175.41
002920.SZ,20230407,112.2,118.88,112.01,117.21,112.21,5.0,4.4559,73216.66,854203.962
002921.SZ,20230407,13.68,14.15,13.55,13.71,13.57,0.14,1.0317,12418.5,17113.084
002922.SZ,20230407,15.87,15.9,15.47,15.5,15.86,-0.36,-2.2699,73780.37,115152.095
002923.SZ,20230407,18.8,19.42,18.8,19.11,18.8,0.31,1.6489,59726.3,114667.495
002925.SZ,20230407,21.23,21.23,20.55,20.98,21.15,-0.17,-0.8038,55556.41,115659.641
002926.SZ,20230407,8.23,8.31,8.18,8.28,8.22,0.06,0.7299,107357.91,88637.496
002927.SZ,20230407,12.72,12.85,12.63,12.78,12.71,0.07,0.5507,29039.6,37094.859
002928.SZ,20230407,11.68,11.85,11.62,11.74,11.65,0.09,0.7725,45342.07,53328.523
002929.SZ,20230407,41.33,42.77,40.65,42.18,41.31,0.87,2.106,44658.56,186813.094
002930.SZ,20230407,21.86,21.86,21.56,21.71,21.67,0.04,0.1846,8831.9,19137.741
002931.SZ,20230407,11.19,11.35,11.09,11.29,11.13,0.16,1.4376,10894.76,12243.68
002932.SZ,20230407,56.68,57.69,56.62,57.53,56.85,0.68,1.1961,21669.37,124328.315
002933.SZ,20230407,29.19,29.58,29.0,29.36,29.17,0.19,0.6514,20297.0,59373.764
002935.SZ,20230407,26.0,26.36,25.75,25.93,26.05,-0.12,-0.4607,25768.6,67105.594
002936.SZ,20230407,2.25,2.26,2.24,2.26,2.25,0.01,0.4444,188917.79,42569.108
002937.SZ,20230407,24.74,25.2,24.57,24.8,24.8,0.0,0.0,30878.65,76598.383
002938.SZ,20230407,32.18,32.6,31.49,31.78,31.99,-0.21,-0.6565,356312.18,1137628.393
002939.SZ,20230407,8.45,8.5,8.4,8.47,8.41,0.06,0.7134,253833.33,214897.418
002940.SZ,20230407,31.35,32.0,30.89,31.18,31.48,-0.3,-0.953,23378.95,73097.506
002941.SZ,20230407,15.8,16.15,15.67,15.88,15.97,-0.09,-0.5636,132564.15,210792.639
002942.SZ,20230407,19.36,20.16,19.22,20.0,19.41,0.59,3.0397,9484.3,18844.503
002943.SZ,20230407,48.7,49.58,48.31,48.62,48.54,0.08,0.1648,20424.18,99926.969
002945.SZ,20230407,15.25,15.41,15.01,15.28,15.28,0.0,0.0,225661.32,343569.665
002946.SZ,20230407,15.7,16.1,15.62,15.9,15.62,0.28,1.7926,24422.91,38778.136
002947.SZ,20230407,21.83,21.83,21.18,21.37,21.48,-0.11,-0.5121,20545.6,43921.494
002948.SZ,20230407,3.28,3.29,3.28,3.28,3.28,0.0,0.0,103810.95,34076.146
002949.SZ,20230407,14.39,14.39,14.18,14.28,14.24,0.04,0.2809,24592.17,35085.7
002950.SZ,20230407,11.97,12.13,11.93,12.06,11.95,0.11,0.9205,25439.5,30664.77
002951.SZ,20230407,10.08,10.23,10.03,10.13,10.07,0.06,0.5958,21171.0,21482.584
002952.SZ,20230407,18.38,18.38,17.66,18.01,18.33,-0.32,-1.7458,33167.25,59422.811
600527.SH,20230407,2.02,2.04,2.01,2.03,2.03,0.0,0.0,79041.0,16035.711
600528.SH,20230407,10.2,10.21,9.67,9.67,10.23,-0.56,-5.4741,402432.86,394624.97
600529.SH,20230407,25.72,26.84,25.68,26.27,25.76,0.51,1.9798,84009.51,221305.216
600530.SH,20230407,3.38,3.45,3.37,3.45,3.37,0.08,2.3739,54139.0,18566.314
600531.SH,20230407,6.21,6.25,6.11,6.15,6.28,-0.13,-2.0701,403103.52,248337.506
600532.SH,20230407,6.54,6.54,6.54,6.54,6.88,-0.34,-4.9419,6865.0,4489.71
600533.SH,20230407,3.43,3.56,3.43,3.56,3.43,0.13,3.7901,180405.2,63637.415
600535.SH,20230407,16.83,16.83,16.26,16.4,16.83,-0.43,-2.555,191628.17,316008.018
600536.SH,20230407,69.41,69.6,68.0,68.13,69.39,-1.26,-1.8158,209031.65,1432197.262
600537.SH,20230407,6.89,6.96,6.83,6.9,6.9,0.0,0.0,198796.43,137110.843
600538.SH,20230407,4.39,4.42,4.37,4.4,4.37,0.03,0.6865,42752.16,18820.767
600539.SH,20230407,6.67,6.75,6.65,6.74,6.66,0.08,1.2012,38249.0,25660.396
600540.SH,20230407,4.27,4.37,4.27,4.34,4.27,0.07,1.6393,36107.92,15635.805
600543.SH,20230407,5.08,5.14,5.04,5.12,5.08,0.04,0.7874,27700.05,14147.708
600545.SH,20230407,2.79,2.83,2.79,2.82,2.8,0.02,0.7143,48825.13,13735.736
600546.SH,20230407,15.68,15.89,15.59,15.73,15.74,-0.01,-0.0635,232848.9,366374.692
600547.SH,20230407,24.5,25.07,24.5,24.97,24.85,0.12,0.4829,440358.34,1094485.108
600548.SH,20230407,8.83,8.84,8.78,8.81,8.8,0.01,0.1136,20600.15,18134.464
600549.SH,20230407,19.99,20.24,19.92,20.13,20.03,0.1,0.4993,79120.54,159264.61
600550.SH,20230407,5.07,5.07,5.02,5.04,5.07,-0.03,-0.5917,57553.39,29002.959
600551.SH,20230407,11.29,11.4,10.95,11.23,11.24,-0.01,-0.089,37639.92,41965.606
600552.SH,20230407,13.2,13.35,13.01,13.19,13.24,-0.05,-0.3776,176852.62,232986.335
600556.SH,20230407,8.47,8.87,8.35,8.77,8.45,0.32,3.787,627310.74,542863.425
600557.SH,20230407,32.1,33.36,30.7,31.5,33.1,-1.6,-4.8338,181509.68,571445.645
600558.SH,20230407,3.38,3.63,3.37,3.49,3.33,0.16,4.8048,327470.58,114510.438
600559.SH,20230407,36.87,37.8,36.3,36.99,36.6,0.39,1.0656,133916.87,498615.403
600560.SH,20230407,11.6,12.03,11.55,11.96,11.59,0.37,3.1924,59526.0,70453.399
600561.SH,20230407,5.23,5.31,5.21,5.27,5.23,0.04,0.7648,24749.0,13001.024
600562.SH,20230407,16.8,17.12,16.77,16.92,16.75,0.17,1.0149,94424.87,160264.328
600563.SH,20230407,140.11,143.48,139.04,142.9,140.11,2.79,1.9913,17562.25,248173.832
600565.SH,20230407,1.88,1.94,1.87,1.94,1.88,0.06,3.1915,220486.66,42232.018
600566.SH,20230407,30.52,31.1,30.48,30.67,30.62,0.05,0.1633,95918.96,294766.917
600567.SH,20230407,2.46,2.47,2.44,2.46,2.46,0.0,0.0,119377.41,29336.408
600568.SH,20230407,1.72,1.74,1.72,1.72,1.72,0.0,0.0,31941.48,5507.168
600569.SH,20230407,2.1,2.11,2.09,2.1,2.1,0.0,0.0,91798.09,19265.284
600570.SH,20230407,52.7,54.39,51.61,53.2,52.81,0.39,0.7385,346599.67,1844008.158
600571.SH,20230407,11.57,11.79,11.14,11.7,11.5,0.2,1.7391,346365.41,400174.282
600572.SH,20230407,6.62,6.63,6.36,6.38,6.63,-0.25,-3.7707,802014.9,516183.583
600573.SH,20230407,12.99,13.24,12.83,13.08,12.99,0.09,0.6928,50949.0,66448.837
600575.SH,20230407,2.43,2.45,2.42,2.45,2.43,0.02,0.823,128378.01,31302.291
600576.SH,20230407,7.79,8.0,7.73,7.91,7.81,0.1,1.2804,90311.76,71088.788
600577.SH,20230407,4.18,4.22,4.16,4.2,4.18,0.02,0.4785,92760.01,38958.815
603032.SH,20230407,62.5,64.5,62.31,63.49,62.83,0.66,1.0505,13847.0,88051.029
603033.SH,20230407,17.61,18.02,17.5,17.89,17.61,0.28,1.59,24207.92,43165.253
603035.SH,20230407,18.18,18.56,18.17,18.47,18.18,0.29,1.5952,57175.99,105391.53
603036.SH,20230407,12.42,13.37,12.39,13.18,12.39,0.79,6.3761,63022.77,81618.86
603037.SH,20230407,17.66,17.72,17.28,17.38,17.62,-0.24,-1.3621,10059.0,17531.938
603038.SH,20230407,7.74,7.78,7.67,7.75,7.73,0.02,0.2587,22010.56,16988.495
603039.SH,20230407,89.76,93.0,85.5,92.5,88.22,4.28,4.8515,65719.94,591229.345
603040.SH,20230407,19.31,19.69,19.31,19.49,19.31,0.18,0.9322,14203.53,27709.924
603041.SH,20230407,11.42,11.53,11.4,11.47,11.42,0.05,0.4378,7637.2,8754.705
603042.SH,20230407,13.07,13.22,12.91,13.13,13.08,0.05,0.3823,82706.55,107773.704
603043.SH,20230407,29.94,30.4,29.6,30.2,29.78,0.42,1.4103,25194.39,75817.964
603045.SH,20230407,13.72,14.15,13.72,13.97,13.85,0.12,0.8664,12599.05,17632.034
603048.SH,20230407,16.66,16.93,16.54,16.56,16.73,-0.17,-1.0161,13241.64,22053.447
603050.SH,20230407,19.28,19.46,19.1,19.16,19.3,-0.14,-0.7254,28564.48,54960.13
603051.SH,20230407,47.04,48.84,46.86,48.02,47.04,0.98,2.0833,35476.03,171103.788
603052.SH,20230407,51.6,52.18,51.51,52.07,51.7,0.37,0.7157,7950.0,41239.202
603053.SH,20230407,9.48,9.52,9.47,9.5,9.49,0.01,0.1054,12103.0,11497.704
603055.SH,20230407,10.65,11.66,10.51,11.65,10.6,1.05,9.9057,161615.22,182707.436
603056.SH,20230407,17.68,18.04,17.2,17.93,17.6,0.33,1.875,54263.0,96902.595
603057.SH,20230407,27.24,27.6,27.0,27.37,27.2,0.17,0.625,12338.29,33716.619
603058.SH,20230407,8.53,8.88,8.4,8.67,8.48,0.19,2.2406,85301.63,73841.235
603059.SH,20230407,26.39,27.18,26.13,26.48,26.39,0.09,0.341,19224.25,51318.279
603060.SH,20230407,12.26,12.41,12.15,12.28,12.36,-0.08,-0.6472,31148.16,38136.79
603061.SH,20230407,124.5,126.36,121.03,122.09,124.04,-1.95,-1.5721,29870.4,366629.562
603063.SH,20230407,28.28,29.2,28.1,28.67,28.38,0.29,1.0218,62282.29,179946.907
603065.SH,20230407,16.68,17.28,16.65,17.1,16.85,0.25,1.4837,47350.24,80514.669
603066.SH,20230407,12.03,12.26,11.98,12.09,12.09,0.0,0.0,128793.0,156075.026
603067.SH,20230407,12.75,12.95,12.73,12.89,12.81,0.08,0.6245,39791.49,51268.61
603068.SH,20230407,39.26,39.91,37.5,37.78,38.1,-0.32,-0.8399,182918.59,704140.615
603069.SH,20230407,25.65,25.9,25.39,25.63,25.65,-0.02,-0.078,51219.81,131208.161
603070.SH,20230407,17.1,17.22,17.1,17.13,17.09,0.04,0.2341,10188.36,17468.973
603071.SH,20230407,16.41,16.49,16.36,16.43,16.42,0.01,0.0609,11814.0,19414.047
603073.SH,20230407,21.11,21.48,20.92,21.31,21.16,0.15,0.7089,29174.76,62024.512
603076.SH,20230407,46.99,48.02,46.5,46.83,46.7,0.13,0.2784,22223.97,104865.016
603077.SH,20230407,2.93,2.96,2.93,2.95,2.94,0.01,0.3401,343393.68,101206.275
603078.SH,20230407,26.51,26.51,25.9,26.25,26.51,-0.26,-0.9808,134459.29,351975.973
603079.SH,20230407,12.87,13.04,12.85,12.98,12.85,0.13,1.0117,7081.4,9180.027
603080.SH,20230407,13.85,13.96,13.82,13.92,13.85,0.07,0.5054,9555.0,13283.833
603081.SH,20230407,15.21,15.68,14.95,15.45,15.16,0.29,1.9129,51314.78,78815.823
603083.SH,20230407,42.61,46.97,42.61,46.97,42.7,4.27,10.0,679498.21,3065394.019
603085.SH,20230407,9.96,10.08,9.83,10.0,9.95,0.05,0.5025,21357.01,21212.896
603086.SH,20230407,11.15,11.32,11.14,11.3,11.18,0.12,1.0733,30656.11,34553.47
605399.SH,20230407,33.93,35.13,33.8,34.43,33.88,0.55,1.6234,25537.97,88071.108
605488.SH,20230407,13.15,13.29,13.1,13.22,13.14,0.08,0.6088,7132.75,9420.604
605499.SH,20230407,186.58,187.69,184.0,184.6,186.48,-1.88,-1.0082,4365.5,81030.225
605500.SH,20230407,10.3,10.57,10.3,10.39,10.3,0.09,0.8738,7563.65,7891.214
605507.SH,20230407,24.1,24.66,24.06,24.53,24.06,0.47,1.9534,29714.04,72723.539
605555.SH,20230407,20.84,21.33,20.81,21.12,20.9,0.22,1.0526,12691.2,26731.857
605566.SH,20230407,22.49,22.58,22.3,22.42,22.31,0.11,0.4931,3285.41,7367.793
605567.SH,20230407,15.23,15.27,15.01,15.09,15.23,-0.14,-0.9192,23468.0,35361.961
605577.SH,20230407,11.0,11.15,10.28,10.77,11.04,-0.27,-2.4457,63268.0,67011.336
605580.SH,20230407,14.3,14.54,14.25,14.34,14.32,0.02,0.1397,10578.0,15214.555
605588.SH,20230407,37.75,37.76,36.62,37.04,37.75,-0.71,-1.8808,18497.0,68218.024
605589.SH,20230407,19.91,20.48,19.91,20.22,19.85,0.37,1.864,70263.16,142227.578
605598.SH,20230407,30.68,31.59,30.44,30.44,30.38,0.06,0.1975,22871.06,70631.633
605599.SH,20230407,10.34,10.52,10.33,10.49,10.45,0.04,0.3828,48991.0,51068.153
688001.SH,20230407,37.99,37.99,36.72,37.14,37.99,-0.85,-2.2374,24095.33,89506.796
688002.SH,20230407,50.47,52.88,50.47,51.91,50.4,1.51,2.996,101187.04,524974.999
688003.SH,20230407,42.51,43.49,41.7,42.78,42.21,0.57,1.3504,19638.41,83540.634
688004.SH,20230407,34.71,34.71,33.31,34.12,34.19,-0.07,-0.2047,17040.21,57579.82
688005.SH,20230407,71.37,72.38,70.51,70.8,71.31,-0.51,-0.7152,47110.26,335991.167
688006.SH,20230407,43.86,44.49,43.6,43.8,43.97,-0.17,-0.3866,19634.16,86337.861
688007.SH,20230407,24.9,26.2,24.8,25.99,24.99,1.0,4.0016,57933.6,148387.381
688008.SH,20230407,76.0,78.75,74.12,76.3,75.23,1.07,1.4223,247250.9,1878996.73
688009.SH,20230407,5.59,5.63,5.53,5.55,5.6,-0.05,-0.8929,239776.11,133454.63
688010.SH,20230407,26.78,26.78,26.1,26.42,26.44,-0.02,-0.0756,11512.77,30374.74
688011.SH,20230407,27.02,28.04,26.75,27.96,27.02,0.94,3.4789,10817.15,29809.993
688012.SH,20230407,174.5,181.97,170.26,180.2,172.8,7.4,4.2824,169236.47,2994374.581
688013.SH,20230407,22.84,23.06,22.51,22.95,22.7,0.25,1.1013,5317.01,12149.351
688015.SH,20230407,23.61,24.14,23.4,23.97,23.62,0.35,1.4818,17376.72,41213.462
688016.SH,20230407,175.8,186.0,175.0,185.0,176.23,8.77,4.9765,13666.16,247860.723
688017.SH,20230407,121.69,125.62,118.5,124.86,120.89,3.97,3.284,47319.0,580438.172
688018.SH,20230407,138.46,144.79,136.15,142.0,138.0,4.0,2.8986,23767.75,332971.402
688019.SH,20230407,241.0,254.68,237.09,242.74,241.0,1.74,0.722,26823.86,656942.328
688020.SH,20230407,67.95,71.29,67.0,70.45,67.28,3.17,4.7117,17945.79,124978.074
688021.SH,20230407,27.29,28.66,27.09,27.91,27.15,0.76,2.7993,6950.47,19532.625
688022.SH,20230407,59.62,60.0,58.12,59.12,59.65,-0.53,-0.8885,10726.55,63217.998
688023.SH,20230407,258.0,258.0,245.56,249.8,265.0,-15.2,-5.7358,20192.19,505027.301
688025.SH,20230407,52.5,53.1,51.75,52.81,52.45,0.36,0.6864,16908.57,88726.308
688026.SH,20230407,22.49,24.0,22.47,23.94,22.56,1.38,6.117,22842.05,53531.34
688027.SH,20230407,166.26,168.24,163.16,164.85,165.15,-0.3,-0.1817,13426.92,221557.488
688028.SH,20230407,33.1,33.8,32.8,33.6,33.04,0.56,1.6949,4195.06,14003.024
688029.SH,20230407,79.9,84.39,79.2,83.2,80.0,3.2,4.0,51224.1,424015.4
688030.SH,20230407,27.44,27.44,26.55,27.18,27.44,-0.26,-0.9475,30306.68,81784.794
688111.SH,20230407,466.0,481.0,451.02,470.34,472.0,-1.66,-0.3517,63674.28,2970003.178
688112.SH,20230407,80.0,89.56,80.0,89.56,74.63,14.93,20.0054,30357.99,265248.458
688113.SH,20230407,50.33,50.43,49.74,49.89,50.45,-0.56,-1.11,1332.39,6649.371
688114.SH,20230407,92.61,95.93,92.44,95.01,93.0,2.01,2.1613,16708.05,158013.458
688115.SH,20230407,40.0,41.1,39.87,41.06,39.9,1.16,2.9073,6058.0,24569.36
688116.SH,20230407,65.05,67.01,65.05,65.59,65.55,0.04,0.061,27858.3,184245.232
688117.SH,20230407,33.25,33.69,32.01,32.5,33.1,-0.6,-1.8127,22664.03,74694.313
688118.SH,20230407,26.98,28.07,26.76,27.84,27.09,0.75,2.7685,20606.32,56661.059
688119.SH,20230407,6.91,6.93,6.85,6.88,6.87,0.01,0.1456,23624.96,16240.229
688120.SH,20230407,355.0,373.85,351.85,369.9,359.0,10.9,3.0362,9462.05,343589.121
688121.SH,20230407,30.9,32.47,30.65,31.2,31.08,0.12,0.3861,36259.08,113800.812
688122.SH,20230407,80.16,84.36,79.83,82.72,80.15,2.57,3.2065,62801.29,521172.917
688123.SH,20230407,108.5,114.59,107.28,109.01,106.75,2.26,2.1171,76822.71,844194.137
688125.SH,20230407,51.17,53.58,51.17,52.93,51.17,1.76,3.4395,10029.4,52930.386
688126.SH,20230407,24.75,25.18,23.96,24.3,24.69,-0.39,-1.5796,451753.77,1101952.192
688127.SH,20230407,21.8,22.04,21.3,21.95,21.8,0.15,0.6881,21377.06,46354.98
688128.SH,20230407,23.6,23.6,22.72,22.99,23.7,-0.71,-2.9958,42119.68,96888.739
688129.SH,20230407,14.36,14.54,14.33,14.49,14.36,0.13,0.9053,3684.09,5316.299
688130.SH,20230407,52.0,52.09,50.41,51.19,51.75,-0.56,-1.0821,14106.17,71937.979
688131.SH,20230407,108.98,117.3,108.73,115.25,108.94,6.31,5.7922,18724.62,214877.008
688132.SH,20230407,26.02,26.41,25.76,25.92,25.88,0.04,0.1546,14774.22,38509.911
688133.SH,20230407,116.03,124.18,116.03,122.64,116.5,6.14,5.2704,9993.02,121873.522
688135.SH,20230407,36.28,36.59,35.38,35.95,36.1,-0.15,-0.4155,28276.01,101498.664
688136.SH,20230407,21.95,22.59,21.69,22.29,21.76,0.53,2.4357,16209.12,36245.748
688137.SH,20230407,68.3,71.35,67.92,70.78,68.54,2.24,3.2682,8628.98,60741.482
688138.SH,20230407,25.27,25.66,24.71,25.25,25.09,0.16,0.6377,55034.82,138204.637
688139.SH,20230407,70.72,70.88,68.91,69.88,70.51,-0.63,-0.8935,13151.84,91796.574
688141.SH,20230407,56.03,56.25,53.48,54.85,55.18,-0.33,-0.598,43422.54,236854.143
688143.SH,20230407,44.89,45.56,44.23,45.35,44.89,0.46,1.0247,5810.41,26073.55
688147.SH,20230407,37.5,38.55,37.11,38.3,38.09,0.21,0.5513,37677.23,142350.817
688148.SH,20230407,13.43,13.6,13.3,13.39,13.36,0.03,0.2246,36085.76,48340.277
688150.SH,20230407,26.6,27.14,26.34,27.13,26.32,0.81,3.0775,16563.34,44431.747
688151.SH,20230407,21.28,21.3,21.06,21.13,21.16,-0.03,-0.1418,8899.94,18828.542
688152.SH,20230407,231.61,235.99,227.01,233.48,234.61,-1.13,-0.4817,6352.11,146712.774
688153.SH,20230407,67.0,75.28,66.8,71.5,65.48,6.02,9.1936,38600.56,273707.352
688155.SH,20230407,55.54,57.3,54.76,56.46,55.02,1.44,2.6172,6073.21,33925.591
688156.SH,20230407,29.35,30.23,29.16,29.93,29.56,0.37,1.2517,8582.69,25690.984
688157.SH,20230407,99.8,105.66,98.0,105.19,99.01,6.18,6.2418,6348.92,65321.407
688158.SH,20230407,26.66,27.69,25.6,27.24,26.45,0.79,2.9868,297809.06,793967.488
688159.SH,20230407,22.21,22.98,21.7,21.83,22.2,-0.37,-1.6667,23715.54,52145.929
688160.SH,20230407,39.74,40.88,39.2,40.68,39.88,0.8,2.006,15778.17,63331.759
688161.SH,20230407,60.97,62.4,60.66,61.56,61.21,0.35,0.5718,5875.76,36215.846
000723.SZ,20230407,8.97,9.06,8.97,9.02,9.0,0.02,0.2222,201029.86,181317.82
000725.SZ,20230407,4.51,4.53,4.43,4.47,4.48,-0.01,-0.2232,2541196.25,1133793.622
000726.SZ,20230407,8.09,8.1,8.01,8.02,8.1,-0.08,-0.9877,56280.01,45265.162
000727.SZ,20230407,2.29,2.29,2.25,2.26,2.28,-0.02,-0.8772,281131.04,63716.981
000728.SZ,20230407,6.95,7.01,6.92,6.97,6.93,0.04,0.5772,335351.58,233726.627
000729.SZ,20230407,13.96,14.21,13.76,13.82,13.97,-0.15,-1.0737,150308.71,209977.701
000731.SZ,20230407,8.1,8.14,8.07,8.1,8.09,0.01,0.1236,41466.29,33595.888
000732.SZ,20230407,1.14,1.18,1.13,1.16,1.13,0.03,2.6549,344348.0,39974.206
000733.SZ,20230407,91.83,97.57,91.83,96.09,91.81,4.28,4.6618,89680.39,861148.018
000735.SZ,20230407,8.37,8.48,8.1,8.16,8.38,-0.22,-2.6253,525446.24,432545.465
000736.SZ,20230407,14.08,15.48,14.08,15.48,14.07,1.41,10.0213,463820.89,700960.02
000737.SZ,20230407,6.5,6.5,6.38,6.39,6.48,-0.09,-1.3889,96848.01,62102.129
000738.SZ,20230407,24.28,24.43,23.94,24.03,24.32,-0.29,-1.1924,81299.96,196630.767
000739.SZ,20230407,21.53,22.0,21.36,21.72,21.49,0.23,1.0703,74776.51,162544.559
000750.SZ,20230407,3.43,3.46,3.42,3.45,3.43,0.02,0.5831,236800.03,81518.191
000751.SZ,20230407,3.22,3.23,3.18,3.19,3.22,-0.03,-0.9317,104577.44,33407.482
000752.SZ,20230407,4.02,4.06,4.01,4.03,4.03,0.0,0.0,10477.11,4212.344
000753.SZ,20230407,4.13,4.19,4.12,4.17,4.14,0.03,0.7246,48735.19,20293.973
000755.SZ,20230407,5.4,5.48,5.36,5.45,5.38,0.07,1.3011,70094.33,38194.127
000756.SZ,20230407,25.15,25.17,24.68,24.7,25.15,-0.45,-1.7893,174993.76,434842.159
000757.SZ,20230407,4.5,4.5,4.42,4.44,4.49,-0.05,-1.1136,46752.0,20811.257
000758.SZ,20230407,5.46,5.47,5.37,5.38,5.47,-0.09,-1.6453,241852.21,130587.393
000759.SZ,20230407,4.73,4.77,4.7,4.77,4.75,0.02,0.4211,80595.01,38275.356
000761.SZ,20230407,3.71,3.83,3.69,3.8,3.71,0.09,2.4259,125066.37,47259.741
000762.SZ,20230407,36.0,36.34,35.5,35.6,35.83,-0.23,-0.6419,95318.44,341939.208
000766.SZ,20230407,5.27,5.31,5.25,5.3,5.27,0.03,0.5693,42070.0,22265.64
000767.SZ,20230407,3.06,3.09,3.06,3.08,3.06,0.02,0.6536,63737.0,19608.811
000768.SZ,20230407,26.98,27.11,26.48,26.6,26.85,-0.25,-0.9311,191478.12,511184.878
000776.SZ,20230407,16.23,16.52,16.23,16.45,16.26,0.19,1.1685,559914.83,919232.573
000777.SZ,20230407,11.63,11.82,11.57,11.79,11.55,0.24,2.0779,49246.49,57793.519
000778.SZ,20230407,4.3,4.33,4.2,4.21,4.28,-0.07,-1.6355,466226.62,197806.058
000779.SZ,20230407,13.38,13.39,13.04,13.12,13.42,-0.3,-2.2355,125094.45,164553.164
000782.SZ,20230407,4.87,4.89,4.81,4.82,4.86,-0.04,-0.823,32658.0,15782.424
000783.SZ,20230407,5.63,5.66,5.6,5.64,5.61,0.03,0.5348,116887.54,65879.726
000785.SZ,20230407,4.44,4.48,4.39,4.45,4.44,0.01,0.2252,139774.01,62077.364
000786.SZ,20230407,27.27,28.58,27.18,28.14,27.4,0.74,2.7007,80017.64,225576.648
000788.SZ,20230407,7.26,7.39,7.23,7.36,7.26,0.1,1.3774,64196.2,47097.131
000789.SZ,20230407,8.8,8.86,8.79,8.84,8.8,0.04,0.4545,33354.6,29465.372
000790.SZ,20230407,4.71,5.06,4.68,4.91,4.69,0.22,4.6908,245685.88,119532.142
000791.SZ,20230407,5.12,5.16,5.11,5.15,5.11,0.04,0.7828,76796.59,39455.075
000792.SZ,20230407,22.24,22.44,22.22,22.3,22.28,0.02,0.0898,171526.5,383163.83
000793.SZ,20230407,2.71,2.74,2.64,2.7,2.7,0.0,0.0,642968.0,172882.497
002424.SZ,20230407,8.34,8.43,8.26,8.34,8.36,-0.02,-0.2392,256724.09,213740.842
002425.SZ,20230407,6.2,6.44,6.11,6.33,6.21,0.12,1.9324,594815.35,374382.298
002426.SZ,20230407,2.08,2.22,2.08,2.19,2.16,0.03,1.3889,951945.44,206873.316
002427.SZ,20230407,6.82,6.9,6.76,6.87,6.86,0.01,0.1458,24219.99,16570.961
002428.SZ,20230407,11.96,12.08,11.75,11.83,12.01,-0.18,-1.4988,195809.4,232239.151
002429.SZ,20230407,4.88,4.9,4.81,4.82,4.88,-0.06,-1.2295,255577.21,123823.915
002430.SZ,20230407,40.62,41.15,39.51,40.3,40.55,-0.25,-0.6165,134785.44,542514.17
002431.SZ,20230407,2.85,2.87,2.83,2.85,2.83,0.02,0.7067,84810.0,24217.638
002432.SZ,20230407,45.8,46.1,45.33,45.64,45.9,-0.26,-0.5664,81207.26,370349.153
002433.SZ,20230407,3.65,3.65,3.62,3.65,3.62,0.03,0.8287,66122.24,24071.128
002434.SZ,20230407,9.05,9.27,9.0,9.2,9.05,0.15,1.6575,81712.0,75175.285
002435.SZ,20230407,4.85,4.97,4.83,4.91,4.85,0.06,1.2371,137550.13,67547.5
002436.SZ,20230407,13.7,13.78,13.31,13.52,13.74,-0.22,-1.6012,579439.15,781753.721
002437.SZ,20230407,2.3,2.42,2.29,2.33,2.29,0.04,1.7467,733271.97,171475.311
002438.SZ,20230407,12.4,12.47,12.27,12.34,12.4,-0.06,-0.4839,34973.72,43140.224
002439.SZ,20230407,35.45,35.45,34.43,34.8,35.45,-0.65,-1.8336,112449.65,392364.117
002440.SZ,20230407,7.74,7.77,7.69,7.69,7.74,-0.05,-0.646,41045.5,31669.313
002441.SZ,20230407,10.0,10.12,9.99,10.01,10.02,-0.01,-0.0998,59284.15,59598.478
002442.SZ,20230407,5.11,5.14,5.07,5.13,5.1,0.03,0.5882,35138.0,17973.079
002443.SZ,20230407,6.43,6.48,6.41,6.47,6.43,0.04,0.6221,52401.77,33831.072
002444.SZ,20230407,18.78,19.2,18.68,18.94,18.78,0.16,0.852,99723.48,189239.859
002445.SZ,20230407,2.44,2.47,2.42,2.46,2.43,0.03,1.2346,165806.75,40530.596
002446.SZ,20230407,9.93,9.95,9.8,9.85,9.91,-0.06,-0.6054,277530.81,273402.83
002448.SZ,20230407,5.44,5.47,5.42,5.45,5.43,0.02,0.3683,33049.8,17999.195
002449.SZ,20230407,9.9,9.9,9.67,9.8,9.85,-0.05,-0.5076,211830.87,206420.278
002451.SZ,20230407,6.43,6.77,6.43,6.72,6.45,0.27,4.186,88242.0,58750.49
002452.SZ,20230407,6.41,6.7,6.4,6.62,6.42,0.2,3.1153,121482.85,80134.182
002453.SZ,20230407,11.98,12.25,11.91,12.18,12.0,0.18,1.5,118760.97,143818.863
002454.SZ,20230407,7.18,7.2,7.11,7.16,7.12,0.04,0.5618,44384.0,31794.178
002455.SZ,20230407,9.11,9.19,9.1,9.14,9.15,-0.01,-0.1093,32869.57,30077.475
002456.SZ,20230407,5.41,5.44,5.34,5.37,5.42,-0.05,-0.9225,249735.11,134072.586
002457.SZ,20230407,8.67,8.68,8.57,8.66,8.64,0.02,0.2315,57063.0,49297.037
002458.SZ,20230407,14.78,14.97,14.6,14.84,14.9,-0.06,-0.4027,104110.46,154081.989
002459.SZ,20230407,56.44,57.48,56.12,56.45,56.56,-0.11,-0.1945,90273.68,513839.685
002460.SZ,20230407,64.22,64.64,63.96,64.19,64.26,-0.07,-0.1089,149798.27,962139.038
002461.SZ,20230407,9.46,9.58,9.4,9.43,9.42,0.01,0.1062,96964.0,91784.96
002462.SZ,20230407,14.62,14.86,14.58,14.81,14.61,0.2,1.3689,30280.0,44662.022
002463.SZ,20230407,25.8,26.0,23.84,25.11,25.75,-0.64,-2.4854,1191590.63,2955524.965
002465.SZ,20230407,10.69,10.72,10.52,10.62,10.64,-0.02,-0.188,181618.73,192245.473
002466.SZ,20230407,75.79,76.68,75.52,75.92,76.24,-0.32,-0.4197,165602.04,1259811.903
002467.SZ,20230407,6.0,6.09,5.87,6.06,5.99,0.07,1.1686,660417.91,396273.748
002468.SZ,20230407,11.23,11.42,11.19,11.27,11.24,0.03,0.2669,111734.88,126473.457
920871.BJ,20230407,4.8,4.86,4.8,4.81,4.84,-0.03,-0.6198,647.66,311.552
920640.BJ,20230407,15.93,16.19,15.91,16.09,15.93,0.16,1.0044,1625.97,2616.759
920230.BJ,20230407,10.03,10.12,10.02,10.04,10.07,-0.03,-0.2979,238.13,239.562
920092.BJ,20230407,17.37,17.5,16.68,17.03,17.41,-0.38,-2.1827,4551.46,7692.712
920564.BJ,20230407,6.95,6.95,6.84,6.94,6.92,0.02,0.289,1250.78,860.037
920634.BJ,20230407,7.95,7.95,7.85,7.9,7.91,-0.01,-0.1264,191.56,151.053
920957.BJ,20230407,5.53,5.58,5.52,5.53,5.55,-0.02,-0.3604,520.7,288.745
920273.BJ,20230407,12.24,12.34,12.16,12.32,12.24,0.08,0.6536,649.2,797.123
920346.BJ,20230407,7.01,7.04,7.01,7.03,7.03,0.0,0.0,285.0,200.295
920145.BJ,20230407,4.76,4.83,4.74,4.81,4.76,0.05,1.0504,690.23,330.424
920608.BJ,20230407,8.2,8.23,8.13,8.14,8.2,-0.06,-0.7317,1679.02,1371.055
920198.BJ,20230407,4.61,4.61,4.58,4.61,4.6,0.01,0.2174,578.25,265.747
920914.BJ,20230407,10.13,10.21,10.08,10.19,10.13,0.06,0.5923,608.03,616.589
920879.BJ,20230407,6.11,6.18,6.11,6.18,6.17,0.01,0.1621,821.51,504.725
920270.BJ,20230407,13.07,13.14,13.07,13.13,13.09,0.04,0.3056,185.5,243.137
920415.BJ,20230407,3.86,3.92,3.85,3.87,3.87,0.0,0.0,1571.21,608.185
920225.BJ,20230407,7.46,7.74,7.46,7.66,7.39,0.27,3.6536,5708.01,4359.984
920139.BJ,20230407,10.6,10.72,10.39,10.61,10.54,0.07,0.6641,7598.16,7979.275
920402.BJ,20230407,14.04,14.45,13.8,14.15,14.11,0.04,0.2835,19459.98,27386.227
920553.BJ,20230407,3.3,3.32,3.28,3.32,3.3,0.02,0.6061,1214.79,400.23
920090.BJ,20230407,2.68,2.72,2.66,2.72,2.69,0.03,1.1152,10080.8,2719.79
920429.BJ,20230407,7.59,7.66,7.58,7.61,7.61,0.0,0.0,422.23,321.623
920237.BJ,20230407,15.0,15.09,14.98,15.08,15.03,0.05,0.3327,117.27,176.09
920305.BJ,20230407,15.51,15.66,14.98,15.12,14.88,0.24,1.6129,20880.82,31680.777
920212.BJ,20230407,6.85,6.88,6.75,6.86,6.83,0.03,0.4392,489.58,334.946
920089.BJ,20230407,10.0,10.18,9.95,10.17,10.0,0.17,1.7,1130.12,1135.535
920252.BJ,20230407,12.03,12.14,11.81,11.83,12.14,-0.31,-2.5535,19943.26,23772.217
920476.BJ,20230407,13.87,13.95,13.33,13.8,13.58,0.22,1.62,2282.12,3137.495
920204.BJ,20230407,9.29,9.35,9.22,9.34,9.36,-0.02,-0.2137,620.19,574.04
920790.BJ,20230407,6.5,6.67,6.45,6.52,6.51,0.01,0.1536,4499.79,2957.199
920718.BJ,20230407,5.2,5.27,5.2,5.25,5.21,0.04,0.7678,1003.39,525.82
920339.BJ,20230407,5.08,5.11,5.08,5.1,5.08,0.02,0.3937,667.0,339.784
920571.BJ,20230407,4.03,4.06,4.0,4.03,4.03,0.0,0.0,6623.07,2667.5
920169.BJ,20230407,6.0,6.03,6.0,6.01,6.0,0.01,0.1667,705.22,423.897
920407.BJ,20230407,6.82,6.89,6.78,6.83,6.82,0.01,0.1466,1234.44,840.824
920932.BJ,20230407,12.11,12.2,12.11,12.13,12.13,0.0,0.0,817.61,992.049
920768.BJ,20230407,4.95,5.0,4.95,5.0,4.98,0.02,0.4016,1300.86,648.581
920726.BJ,20230407,10.14,10.28,10.12,10.25,10.23,0.02,0.1955,558.53,571.916
920599.BJ,20230407,7.04,7.13,7.02,7.09,7.03,0.06,0.8535,6142.79,4354.262
920261.BJ,20230407,9.6,9.7,9.54,9.68,9.54,0.14,1.4675,6712.78,6454.064
920433.BJ,20230407,3.4,3.42,3.38,3.42,3.41,0.01,0.2933,6646.45,2253.233
920260.BJ,20230407,5.38,5.38,5.33,5.38,5.37,0.01,0.1862,107.21,57.465
920639.BJ,20230407,4.04,4.05,4.02,4.04,4.04,0.0,0.0,2180.8,879.665
600578.SH,20230407,3.12,3.13,3.11,3.12,3.11,0.01,0.3215,109784.94,34205.928
600579.SH,20230407,6.33,6.57,6.33,6.37,6.29,0.08,1.2719,32536.0,20970.126
600580.SH,20230407,12.2,12.31,12.2,12.25,12.21,0.04,0.3276,75048.22,91959.216
600581.SH,20230407,4.24,4.25,4.2,4.21,4.23,-0.02,-0.4728,109322.9,46072.776
600582.SH,20230407,4.85,4.9,4.83,4.86,4.85,0.01,0.2062,227324.24,110618.964
600583.SH,20230407,6.73,6.79,6.55,6.64,6.72,-0.08,-1.1905,264577.41,174904.769
600584.SH,20230407,37.5,38.55,37.01,37.67,37.23,0.44,1.1818,874067.09,3288446.912
600585.SH,20230407,28.41,28.65,28.33,28.59,28.4,0.19,0.669,125349.21,358129.764
600586.SH,20230407,8.4,8.55,8.38,8.44,8.44,0.0,0.0,240455.0,203230.927
600587.SH,20230407,29.44,29.92,29.12,29.61,29.58,0.03,0.1014,43076.0,127320.337
600588.SH,20230407,25.82,26.35,25.53,26.19,25.7,0.49,1.9066,456204.49,1189039.992
600589.SH,20230407,2.38,2.48,2.36,2.37,2.36,0.01,0.4237,127715.0,30825.832
600590.SH,20230407,6.76,6.8,6.71,6.74,6.74,0.0,0.0,72496.14,48907.952
600592.SH,20230407,7.69,7.74,7.6,7.71,7.68,0.03,0.3906,21669.71,16584.468
600593.SH,20230407,14.07,14.65,13.92,14.61,13.95,0.66,4.7312,22478.72,32212.966
600594.SH,20230407,5.93,6.04,5.88,6.0,5.92,0.08,1.3514,198762.03,118374.741
600595.SH,20230407,3.18,3.19,3.17,3.17,3.19,-0.02,-0.627,48790.36,15521.051
600596.SH,20230407,15.02,15.19,15.01,15.12,15.05,0.07,0.4651,83040.55,125646.233
600597.SH,20230407,10.53,10.59,10.49,10.54,10.51,0.03,0.2854,45735.0,48259.427
600598.SH,20230407,13.33,13.39,13.32,13.39,13.33,0.06,0.4501,77019.63,102988.755
600599.SH,20230407,13.64,14.33,13.53,14.23,13.65,0.58,4.2491,23752.0,33408.944
600600.SH,20230407,122.05,124.59,120.76,122.1,122.05,0.05,0.041,32746.7,402736.419
600601.SH,20230407,2.55,2.68,2.54,2.65,2.55,0.1,3.9216,304858.38,79902.171
600602.SH,20230407,11.9,11.98,11.36,11.69,11.9,-0.21,-1.7647,491282.85,569156.383
600603.SH,20230407,7.01,7.21,7.0,7.14,7.02,0.12,1.7094,107252.74,76499.485
600604.SH,20230407,5.4,5.54,5.37,5.45,5.32,0.13,2.4436,123064.42,67306.697
600605.SH,20230407,14.57,15.02,14.19,14.58,14.79,-0.21,-1.4199,96827.6,141227.285
600606.SH,20230407,2.89,2.98,2.89,2.97,2.89,0.08,2.7682,666414.6,197055.226
600608.SH,20230407,4.78,4.82,4.76,4.81,4.78,0.03,0.6276,10584.0,5072.747
600609.SH,20230407,4.14,4.16,4.11,4.15,4.14,0.01,0.2415,31095.03,12880.374
600610.SH,20230407,13.94,14.45,13.91,14.33,14.01,0.32,2.2841,64008.38,91176.984
600611.SH,20230407,3.08,3.09,3.06,3.07,3.07,0.0,0.0,46855.1,14410.699
600612.SH,20230407,55.95,61.53,55.95,61.53,55.94,5.59,9.9928,40069.14,239994.761
600613.SH,20230407,7.65,7.8,7.59,7.77,7.65,0.12,1.5686,105573.0,81612.647
600615.SH,20230407,8.32,8.42,8.26,8.32,8.33,-0.01,-0.12,15391.01,12833.019
600616.SH,20230407,7.84,7.92,7.76,7.79,7.84,-0.05,-0.6378,74199.66,58109.637
600617.SH,20230407,4.05,4.08,4.04,4.07,4.04,0.03,0.7426,35062.01,14253.929
600618.SH,20230407,9.93,10.02,9.93,10.02,9.93,0.09,0.9063,17642.97,17626.097
600619.SH,20230407,6.26,6.29,6.21,6.24,6.24,0.0,0.0,36648.0,22918.96
600620.SH,20230407,13.35,13.92,13.34,13.78,13.28,0.5,3.7651,51535.85,70214.529
600621.SH,20230407,11.96,12.3,11.95,12.17,11.85,0.32,2.7004,193239.86,234882.371
603087.SH,20230407,36.87,39.18,36.8,39.05,36.75,2.3,6.2585,115902.08,445284.273
603088.SH,20230407,8.33,8.4,8.28,8.35,8.3,0.05,0.6024,39199.2,32703.707
603089.SH,20230407,8.98,9.09,8.93,9.07,8.98,0.09,1.0022,20588.09,18613.302
603090.SH,20230407,21.39,21.65,21.22,21.64,21.4,0.24,1.1215,30552.63,65738.527
603093.SH,20230407,12.06,12.32,12.02,12.08,12.1,-0.02,-0.1653,29651.0,36037.678
603095.SH,20230407,23.72,23.77,23.57,23.66,23.65,0.01,0.0423,8535.0,20190.832
603096.SH,20230407,21.3,21.8,20.72,21.66,21.22,0.44,2.0735,32291.2,68510.102
603097.SH,20230407,19.56,19.68,19.39,19.41,19.54,-0.13,-0.6653,10961.45,21361.793
603098.SH,20230407,25.84,26.88,25.7,26.34,25.83,0.51,1.9744,18288.22,48543.088
603099.SH,20230407,10.21,10.51,10.19,10.44,10.27,0.17,1.6553,41399.87,43110.46
603100.SH,20230407,36.11,36.38,35.3,36.01,36.11,-0.1,-0.2769,21340.88,76433.663
603101.SH,20230407,5.1,5.17,5.06,5.16,5.1,0.06,1.1765,13981.68,7173.828
603102.SH,20230407,47.18,47.78,43.1,45.24,47.05,-1.81,-3.847,36205.0,165027.516
603103.SH,20230407,15.81,16.22,15.37,15.9,15.65,0.25,1.5974,30048.2,47622.365
603105.SH,20230407,15.2,15.99,15.2,15.8,15.41,0.39,2.5308,144462.63,227616.724
603106.SH,20230407,6.4,6.54,6.22,6.5,6.4,0.1,1.5625,104150.79,66856.546
603108.SH,20230407,13.65,14.03,13.5,13.88,13.65,0.23,1.685,272846.6,376569.156
603109.SH,20230407,16.15,16.31,15.98,16.22,16.23,-0.01,-0.0616,41489.2,66853.65
603110.SH,20230407,40.53,44.47,40.0,44.47,40.43,4.04,9.9926,45300.28,193314.18
603111.SH,20230407,4.51,4.53,4.47,4.48,4.49,-0.01,-0.2227,18015.5,8090.276
603112.SH,20230407,10.7,10.74,10.63,10.7,10.74,-0.04,-0.3724,13184.6,14085.79
603113.SH,20230407,10.0,10.0,9.8,9.9,9.96,-0.06,-0.6024,59511.0,58758.646
603115.SH,20230407,17.54,17.55,17.29,17.3,17.54,-0.24,-1.3683,14557.0,25325.005
603116.SH,20230407,5.25,5.25,5.2,5.23,5.25,-0.02,-0.381,20931.26,10928.204
603117.SH,20230407,4.15,4.28,4.1,4.1,4.19,-0.09,-2.148,67045.2,27903.607
603118.SH,20230407,10.47,10.6,10.32,10.48,10.41,0.07,0.6724,87819.89,91796.584
603121.SH,20230407,6.75,7.2,6.75,6.95,6.73,0.22,3.2689,57927.03,40454.529
603122.SH,20230407,10.07,10.25,10.05,10.25,10.07,0.18,1.7875,31029.13,31660.772
603123.SH,20230407,11.34,12.15,11.26,11.89,11.21,0.68,6.066,347844.68,407520.123
603126.SH,20230407,8.1,8.32,8.09,8.21,8.12,0.09,1.1084,153000.75,125437.972
603127.SH,20230407,52.8,55.68,52.56,55.61,52.55,3.06,5.823,103409.2,567357.915
603128.SH,20230407,9.38,9.46,9.33,9.34,9.33,0.01,0.1072,71036.08,66539.894
603129.SH,20230407,122.23,126.66,122.23,123.56,122.23,1.33,1.0881,8984.69,111777.85
603130.SH,20230407,25.93,26.38,25.8,26.15,26.14,0.01,0.0383,17980.56,47027.721
603131.SH,20230407,13.7,13.71,13.24,13.39,13.64,-0.25,-1.8328,69117.0,92721.785
603132.SH,20230407,13.01,13.01,12.88,12.91,12.95,-0.04,-0.3089,11653.42,15059.388
603133.SH,20230407,11.53,11.83,11.35,11.71,11.53,0.18,1.5611,31855.0,36931.857
603136.SH,20230407,30.65,31.38,30.58,31.33,30.79,0.54,1.7538,33322.93,103573.882
603138.SH,20230407,26.01,26.7,25.71,26.48,26.01,0.47,1.807,159348.88,417201.521
603139.SH,20230407,17.74,17.87,17.55,17.68,17.7,-0.02,-0.113,10293.0,18204.192
603150.SH,20230407,27.95,28.24,27.91,28.16,27.95,0.21,0.7513,3030.62,8520.863
603151.SH,20230407,19.73,19.8,19.56,19.73,19.73,0.0,0.0,8687.05,17107.282
688031.SH,20230407,141.4,147.5,135.47,141.0,141.4,-0.4,-0.2829,14028.06,198545.223
688032.SH,20230407,645.0,658.88,640.0,652.02,645.0,7.02,1.0884,4653.63,302919.328
688033.SH,20230407,19.92,20.3,19.75,20.26,19.84,0.42,2.1169,37209.9,74662.571
688035.SH,20230407,69.5,73.86,68.2,69.12,70.0,-0.88,-1.2571,37687.49,264414.263
688036.SH,20230407,130.89,130.89,121.0,129.47,130.98,-1.51,-1.1528,137556.74,1740727.549
688037.SH,20230407,267.0,283.0,256.88,267.99,271.0,-3.01,-1.1107,37573.11,997235.274
688038.SH,20230407,16.48,16.6,15.82,16.25,16.46,-0.21,-1.2758,36534.51,59154.03
688039.SH,20230407,73.81,75.29,72.0,73.8,72.99,0.81,1.1097,51720.28,381573.503
688041.SH,20230407,82.07,83.47,79.7,81.65,81.23,0.42,0.5171,241526.46,1974814.998
688045.SH,20230407,72.13,74.37,71.13,71.7,72.5,-0.8,-1.1034,8229.93,59420.811
688046.SH,20230407,24.6,26.26,24.43,25.38,24.81,0.57,2.2975,20778.06,53126.048
688047.SH,20230407,150.25,154.44,149.24,153.0,151.01,1.99,1.3178,25588.4,387889.272
688048.SH,20230407,122.0,122.77,116.72,118.32,118.69,-0.37,-0.3117,18423.13,218902.675
688049.SH,20230407,46.29,47.58,44.65,45.68,46.75,-1.07,-2.2888,66911.44,304646.085
688050.SH,20230407,204.76,210.87,204.25,206.92,205.5,1.42,0.691,5465.25,113560.33
688051.SH,20230407,41.05,41.29,39.7,41.03,40.73,0.3,0.7366,13909.99,56396.649
688052.SH,20230407,311.1,318.5,302.31,306.5,309.5,-3.0,-0.9693,10347.03,319511.946
688053.SH,20230407,60.36,61.47,60.07,61.27,60.29,0.98,1.6255,7978.35,48673.174
688055.SH,20230407,5.11,5.25,5.07,5.19,5.15,0.04,0.7767,125431.34,64500.077
688056.SH,20230407,43.99,47.2,43.75,46.52,44.0,2.52,5.7273,9185.07,42018.694
688057.SH,20230407,15.93,16.05,15.91,15.94,15.96,-0.02,-0.1253,9134.25,14573.353
688058.SH,20230407,59.25,59.88,57.01,59.29,59.25,0.04,0.0675,11901.84,69871.023
688059.SH,20230407,151.33,153.88,148.32,152.63,150.6,2.03,1.3479,2993.09,45623.212
688060.SH,20230407,67.2,69.88,65.88,69.39,66.72,2.67,4.0018,6475.41,44372.663
688061.SH,20230407,89.6,89.9,88.0,88.85,89.46,-0.61,-0.6819,13677.81,121513.662
688062.SH,20230407,18.99,20.86,18.99,20.57,19.1,1.47,7.6963,128023.39,259270.222
688063.SH,20230407,237.23,239.52,233.68,234.64,239.07,-4.43,-1.853,21616.26,510104.973
688065.SH,20230407,60.59,61.45,60.12,61.26,60.6,0.66,1.0891,10361.6,63308.997
688066.SH,20230407,97.47,102.72,95.4,100.45,96.72,3.73,3.8565,20642.17,206257.777
688067.SH,20230407,22.23,22.48,21.92,21.92,22.35,-0.43,-1.9239,10809.4,23899.899
688068.SH,20230407,48.58,50.98,48.2,50.4,48.22,2.18,4.5209,28149.02,140006.305
688069.SH,20230407,30.85,31.48,30.6,30.81,30.86,-0.05,-0.162,6918.1,21464.655
688070.SH,20230407,49.0,49.0,47.52,47.97,48.83,-0.86,-1.7612,5865.08,28218.698
688071.SH,20230407,54.22,54.79,53.35,53.65,54.79,-1.14,-2.0807,5742.65,30940.618
688072.SH,20230407,341.28,379.96,340.78,379.5,339.74,39.76,11.7031,27359.37,990874.755
688073.SH,20230407,129.0,149.6,129.0,148.0,129.39,18.61,14.3829,8191.34,117664.33
688075.SH,20230407,78.81,82.98,78.81,82.24,78.83,3.41,4.3258,10051.8,81996.642
688076.SH,20230407,30.48,31.5,30.0,31.05,29.89,1.16,3.8809,38705.14,119783.734
688077.SH,20230407,44.33,44.6,44.07,44.36,44.36,0.0,0.0,7118.17,31556.045
688078.SH,20230407,45.8,47.21,45.02,47.0,45.68,1.32,2.8897,15004.88,69786.578
688079.SH,20230407,12.38,12.49,12.21,12.31,12.36,-0.05,-0.4045,31241.59,38550.772
688080.SH,20230407,66.0,69.44,65.48,69.43,66.26,3.17,4.7842,13732.85,93482.769
688162.SH,20230407,44.09,45.59,44.07,44.69,44.08,0.61,1.3838,8523.35,38206.963
688163.SH,20230407,24.38,25.37,24.25,25.03,24.23,0.8,3.3017,12431.46,31125.995
688165.SH,20230407,10.04,10.14,9.85,9.98,10.05,-0.07,-0.6965,30679.77,30606.264
688166.SH,20230407,22.68,23.49,22.53,23.37,22.44,0.93,4.1444,42046.01,97326.404
688167.SH,20230407,135.05,147.77,134.41,146.02,134.08,11.94,8.9051,53483.27,755961.461
688168.SH,20230407,45.54,46.66,44.91,46.59,45.17,1.42,3.1437,20126.02,92277.782
688169.SH,20230407,350.05,358.34,341.11,342.73,355.18,-12.45,-3.5053,7393.3,256416.873
688170.SH,20230407,46.49,47.74,45.99,47.15,46.2,0.95,2.0563,10455.08,49214.496
688171.SH,20230407,24.4,24.58,23.74,24.49,24.48,0.01,0.0408,12763.62,30927.357
688172.SH,20230407,25.94,26.79,25.57,26.68,25.79,0.89,3.4509,196622.17,514193.116
688173.SH,20230407,26.36,26.48,25.84,26.13,26.13,0.0,0.0,25026.0,65282.093
688175.SH,20230407,40.95,41.8,40.0,40.29,40.87,-0.58,-1.4191,10364.68,42082.921
688176.SH,20230407,15.75,17.56,15.75,17.45,15.6,1.85,11.859,133755.3,227862.255
688177.SH,20230407,25.0,27.08,24.95,26.59,25.0,1.59,6.36,20817.12,55104.078
688178.SH,20230407,19.42,19.82,19.34,19.82,19.42,0.4,2.0597,2142.54,4203.308
688179.SH,20230407,38.05,39.68,37.99,39.37,38.05,1.32,3.4691,29059.4,113336.05
688180.SH,20230407,49.65,52.46,49.56,52.19,49.53,2.66,5.3705,124481.77,641974.034
688181.SH,20230407,45.82,46.05,45.01,45.52,45.67,-0.15,-0.3284,15699.38,71307.85
688182.SH,20230407,19.47,19.91,19.06,19.51,19.46,0.05,0.2569,64128.27,124703.624
688183.SH,20230407,13.3,13.45,12.73,12.97,13.23,-0.26,-1.9652,155594.84,201944.831
688184.SH,20230407,36.94,37.33,36.78,37.15,36.95,0.2,0.5413,5345.08,19841.351
688185.SH,20230407,112.18,117.72,112.18,116.79,112.6,4.19,3.7211,24130.88,279638.709
688186.SH,20230407,29.2,29.55,29.01,29.43,29.2,0.23,0.7877,14932.52,43685.347
688187.SH,20230407,50.63,52.48,50.03,52.04,50.45,1.59,3.1516,74177.16,383074.732
688188.SH,20230407,194.32,199.97,194.22,197.4,192.83,4.57,2.37,6171.22,122136.113
688189.SH,20230407,15.15,15.77,15.14,15.5,15.13,0.37,2.4455,51670.21,80071.356
688190.SH,20230407,73.85,77.01,73.85,75.83,74.22,1.61,2.1692,6465.42,49045.506
688191.SH,20230407,18.65,18.92,17.62,18.75,18.31,0.44,2.4031,56012.75,102379.804
688192.SH,20230407,45.74,52.52,45.39,50.5,44.96,5.54,12.3221,20264.0,101371.966
688193.SH,20230407,48.98,50.97,48.65,50.19,48.59,1.6,3.2929,5746.37,28562.289
688195.SH,20230407,32.57,33.1,31.2,31.75,32.45,-0.7,-2.1572,45525.46,144777.198
688196.SH,20230407,56.73,57.66,56.73,57.15,57.05,0.1,0.1753,3652.81,20896.866
688197.SH,20230407,43.66,52.1,43.66,52.1,43.42,8.68,19.9908,15463.56,77520.785
688198.SH,20230407,122.88,124.8,120.5,121.7,122.93,-1.23,-1.0006,4547.81,55557.098
688199.SH,20230407,38.21,38.88,37.45,38.74,37.77,0.97,2.5682,28601.96,109334.532
688200.SH,20230407,332.0,340.0,325.0,339.99,331.8,8.19,2.4684,13405.72,446698.739
688201.SH,20230407,55.27,56.43,54.05,55.71,55.2,0.51,0.9239,21967.96,121825.709
688202.SH,20230407,153.0,163.66,151.11,163.27,151.79,11.48,7.5631,24525.78,391742.076
688203.SH,20230407,17.07,17.48,17.01,17.13,17.14,-0.01,-0.0583,10289.94,17705.999
688205.SH,20230407,66.55,69.6,63.56,67.8,68.31,-0.51,-0.7466,42367.75,279328.949
688206.SH,20230407,38.0,38.86,36.58,38.27,37.12,1.15,3.0981,95872.65,361854.57
688207.SH,20230407,45.94,46.29,43.96,45.69,45.18,0.51,1.1288,49837.48,225717.573
000795.SZ,20230407,6.85,6.85,6.78,6.81,6.86,-0.05,-0.7289,146233.02,99517.091
000796.SZ,20230407,5.32,5.49,5.29,5.39,5.33,0.06,1.1257,124424.0,67159.0
000797.SZ,20230407,3.21,3.44,3.21,3.39,3.21,0.18,5.6075,764261.26,257557.195
000798.SZ,20230407,10.79,10.86,10.69,10.7,10.79,-0.09,-0.8341,41309.0,44439.469
000799.SZ,20230407,124.8,126.96,123.51,125.23,125.02,0.21,0.168,49226.68,618772.306
000800.SZ,20230407,8.18,8.22,8.11,8.19,8.18,0.01,0.1222,66944.18,54753.335
000801.SZ,20230407,7.11,7.26,7.1,7.25,7.09,0.16,2.2567,72982.03,52458.958
000802.SZ,20230407,4.95,5.18,4.86,5.07,4.91,0.16,3.2587,180959.4,91083.008
000803.SZ,20230407,11.64,11.88,11.57,11.84,11.64,0.2,1.7182,39947.4,47185.243
000806.SZ,20230407,1.1,1.16,1.09,1.16,1.1,0.06,5.4545,129531.75,14808.262
000807.SZ,20230407,13.11,13.4,13.03,13.1,13.11,-0.01,-0.0763,244978.43,323353.043
000809.SZ,20230407,3.26,3.32,3.23,3.28,3.25,0.03,0.9231,51748.0,16966.703
000810.SZ,20230407,20.01,21.56,19.24,21.56,19.6,1.96,10.0,1096189.34,2236941.087
000811.SZ,20230407,12.24,12.62,12.24,12.58,12.24,0.34,2.7778,69590.17,86996.311
000812.SZ,20230407,5.73,5.85,5.73,5.84,5.72,0.12,2.0979,136721.26,79334.725
000813.SZ,20230407,3.45,3.47,3.43,3.46,3.42,0.04,1.1696,141029.24,48702.869
000815.SZ,20230407,14.23,14.29,14.08,14.1,14.22,-0.12,-0.8439,220781.74,312273.529
000816.SZ,20230407,3.64,3.67,3.63,3.67,3.64,0.03,0.8242,91732.14,33594.428
000818.SZ,20230407,38.21,38.96,37.93,38.01,37.78,0.23,0.6088,145938.82,561754.138
000819.SZ,20230407,19.41,20.18,19.4,19.55,19.4,0.15,0.7732,48153.63,94859.899
000820.SZ,20230407,4.11,4.2,4.1,4.13,4.1,0.03,0.7317,60733.34,25086.958
000821.SZ,20230407,23.17,23.35,22.26,22.26,23.23,-0.97,-4.1756,415915.75,942235.304
000822.SZ,20230407,7.7,8.18,7.68,7.95,7.66,0.29,3.7859,362450.51,289745.144
000823.SZ,20230407,11.68,11.69,11.41,11.51,11.64,-0.13,-1.1168,88001.65,101162.527
000825.SZ,20230407,4.34,4.36,4.32,4.35,4.33,0.02,0.4619,161192.09,69990.286
000826.SZ,20230407,3.47,3.62,3.44,3.45,3.41,0.04,1.173,364500.71,127944.222
000828.SZ,20230407,9.77,9.84,9.71,9.82,9.76,0.06,0.6148,34928.57,34170.587
000829.SZ,20230407,11.38,11.48,11.29,11.36,11.4,-0.04,-0.3509,241383.86,274581.251
000830.SZ,20230407,13.36,13.49,13.31,13.37,13.38,-0.01,-0.0747,54655.68,73184.517
000831.SZ,20230407,36.49,36.99,35.86,36.17,36.79,-0.62,-1.6852,287870.05,1049004.076
000833.SZ,20230407,7.4,7.63,7.39,7.52,7.28,0.24,3.2967,298004.65,223516.047
000836.SZ,20230407,3.42,3.47,3.33,3.47,3.4,0.07,2.0588,339379.73,115789.647
000837.SZ,20230407,11.6,11.8,11.39,11.52,11.59,-0.07,-0.604,512098.7,592689.504
000838.SZ,20230407,5.98,6.18,5.96,6.18,5.98,0.2,3.3445,114050.56,69784.78
000839.SZ,20230407,2.47,2.47,2.43,2.44,2.45,-0.01,-0.4082,119089.0,29178.36
000848.SZ,20230407,8.74,8.76,8.65,8.69,8.67,0.02,0.2307,73076.7,63647.262
000850.SZ,20230407,3.66,3.72,3.64,3.7,3.66,0.04,1.0929,41204.61,15137.541
000851.SZ,20230407,6.49,6.65,6.27,6.6,6.46,0.14,2.1672,640688.01,416216.419
000852.SZ,20230407,7.12,7.2,7.0,7.06,7.13,-0.07,-0.9818,108960.46,77153.599
000856.SZ,20230407,8.63,8.7,8.6,8.68,8.63,0.05,0.5794,22654.0,19641.231
000858.SZ,20230407,189.8,191.83,187.54,189.06,190.54,-1.48,-0.7767,113038.17,2139054.072
000859.SZ,20230407,5.92,5.92,5.8,5.88,5.9,-0.02,-0.339,68007.7,39822.65
002469.SZ,20230407,6.31,6.6,6.31,6.6,6.0,0.6,10.0,438545.6,286440.139
002470.SZ,20230407,1.86,1.88,1.85,1.87,1.86,0.01,0.5376,99620.0,18631.906
002471.SZ,20230407,2.53,2.55,2.51,2.54,2.52,0.02,0.7937,124180.75,31477.756
002472.SZ,20230407,25.96,26.38,25.77,26.0,26.09,-0.09,-0.345,99838.83,260434.814
002474.SZ,20230407,9.62,9.84,9.45,9.7,9.61,0.09,0.9365,467386.97,452613.999
002475.SZ,20230407,31.13,31.65,30.9,31.1,31.3,-0.2,-0.639,468841.07,1461850.645
002476.SZ,20230407,5.8,5.81,5.64,5.74,5.83,-0.09,-1.5437,235555.26,134467.847
002478.SZ,20230407,5.66,5.78,5.62,5.75,5.65,0.1,1.7699,115264.74,66123.542
002479.SZ,20230407,4.81,4.86,4.8,4.83,4.81,0.02,0.4158,61520.6,29705.812
002480.SZ,20230407,4.83,4.88,4.81,4.86,4.79,0.07,1.4614,43929.0,21307.392
002481.SZ,20230407,5.95,5.97,5.9,5.94,5.94,0.0,0.0,57914.0,34380.004
002482.SZ,20230407,1.89,1.9,1.87,1.88,1.89,-0.01,-0.5291,44531.0,8380.605
002483.SZ,20230407,5.52,5.58,5.49,5.54,5.54,0.0,0.0,73701.82,40743.252
002484.SZ,20230407,21.31,21.56,21.07,21.5,21.32,0.18,0.8443,77388.33,165297.019
002485.SZ,20230407,3.53,3.57,3.51,3.53,3.53,0.0,0.0,5403.91,1911.732
002486.SZ,20230407,3.2,3.24,3.17,3.23,3.19,0.04,1.2539,100165.0,32195.965
002487.SZ,20230407,33.32,34.16,32.88,32.89,33.36,-0.47,-1.4089,164617.13,549563.863
002488.SZ,20230407,6.84,7.0,6.76,6.87,6.8,0.07,1.0294,65271.82,44950.481
002489.SZ,20230407,3.47,3.53,3.46,3.53,3.47,0.06,1.7291,137781.53,48248.19
002490.SZ,20230407,4.73,4.73,4.5,4.59,4.65,-0.06,-1.2903,198964.03,90850.294
002491.SZ,20230407,6.4,6.4,6.1,6.23,6.52,-0.29,-4.4479,962913.8,601664.664
002492.SZ,20230407,6.33,6.37,6.27,6.31,6.38,-0.07,-1.0972,55210.0,34835.273
002493.SZ,20230407,14.6,16.0,14.39,15.52,14.68,0.84,5.7221,2167203.55,3287431.499
002494.SZ,20230407,4.6,4.67,4.53,4.65,4.6,0.05,1.087,33628.0,15547.133
002495.SZ,20230407,2.61,2.62,2.58,2.6,2.61,-0.01,-0.3831,90514.23,23511.428
002496.SZ,20230407,2.3,2.32,2.28,2.32,2.3,0.02,0.8696,66316.8,15262.016
002497.SZ,20230407,21.02,21.12,20.91,20.94,21.0,-0.06,-0.2857,83885.84,176114.16
002498.SZ,20230407,4.01,4.04,4.01,4.03,4.0,0.03,0.75,86683.85,34872.728
002499.SZ,20230407,0.66,0.67,0.65,0.66,0.66,0.0,0.0,53233.23,3501.721
002500.SZ,20230407,5.92,5.94,5.88,5.92,5.9,0.02,0.339,148260.4,87670.573
002501.SZ,20230407,1.71,1.72,1.7,1.72,1.7,0.02,1.1765,63269.0,10843.592
002502.SZ,20230407,3.65,3.73,3.59,3.69,3.64,0.05,1.3736,155500.0,57022.799
002503.SZ,20230407,1.01,1.02,0.97,1.01,1.01,0.0,0.0,1083273.78,107905.61
002504.SZ,20230407,1.24,1.27,1.2,1.27,1.25,0.02,1.6,159634.26,19781.044
002505.SZ,20230407,2.84,2.9,2.83,2.87,2.83,0.04,1.4134,315355.77,90220.932
002506.SZ,20230407,3.14,3.15,3.12,3.13,3.14,-0.01,-0.3185,352217.79,110401.762
002507.SZ,20230407,25.15,25.52,24.93,25.34,25.02,0.32,1.279,77129.13,195592.904
002508.SZ,20230407,29.01,30.2,28.71,29.4,29.08,0.32,1.1004,89906.62,265053.074
002510.SZ,20230407,3.83,3.85,3.81,3.85,3.82,0.03,0.7853,69113.0,26501.895
002511.SZ,20230407,12.12,12.27,12.12,12.17,12.12,0.05,0.4125,65892.89,80379.617
002512.SZ,20230407,4.26,4.38,4.19,4.38,4.24,0.14,3.3019,341181.57,146879.389
002513.SZ,20230407,5.13,5.13,5.06,5.11,5.1,0.01,0.1961,26287.0,13389.315
920436.BJ,20230407,6.72,6.72,6.58,6.67,6.63,0.04,0.6033,362.77,240.937
920075.BJ,20230407,9.97,9.97,9.85,9.87,9.84,0.03,0.3049,117.0,115.735
920001.BJ,20230407,7.43,7.48,7.36,7.37,7.38,-0.01,-0.1355,1091.45,808.232
920509.BJ,20230407,15.51,15.84,15.51,15.62,15.54,0.08,0.5148,90.28,141.74
920943.BJ,20230407,8.27,8.42,8.27,8.3,8.36,-0.06,-0.7177,1294.5,1075.202
920239.BJ,20230407,22.2,23.38,22.2,23.0,22.41,0.59,2.6328,5470.14,12528.624
920419.BJ,20230407,5.81,5.83,5.73,5.82,5.8,0.02,0.3448,1177.53,678.362
920857.BJ,20230407,8.41,8.49,8.41,8.48,8.45,0.03,0.355,64.04,54.054
920641.BJ,20230407,9.12,9.18,9.06,9.16,9.12,0.04,0.4386,555.39,507.207
920970.BJ,20230407,7.51,7.57,7.51,7.52,7.52,0.0,0.0,512.4,386.064
920047.BJ,20230407,12.54,12.9,12.3,12.79,12.46,0.33,2.6485,3900.33,4966.229
920278.BJ,20230407,5.33,5.41,5.28,5.38,5.33,0.05,0.9381,595.99,318.717
920729.BJ,20230407,8.12,8.12,8.0,8.03,8.05,-0.02,-0.2484,1868.75,1499.573
920810.BJ,20230407,8.16,8.21,8.14,8.17,8.17,0.0,0.0,994.79,813.522
920950.BJ,20230407,11.46,11.46,11.22,11.27,11.28,-0.01,-0.0887,216.95,245.737
920981.BJ,20230407,13.62,13.75,13.17,13.39,13.79,-0.4,-2.9007,4558.79,6061.455
920300.BJ,20230407,6.04,6.1,6.03,6.08,6.07,0.01,0.1647,1557.71,943.063
920152.BJ,20230407,24.44,24.98,24.31,24.42,24.46,-0.04,-0.1635,3396.15,8318.141
920392.BJ,20230407,6.81,6.81,6.76,6.8,6.8,0.0,0.0,648.2,439.704
920770.BJ,20230407,5.81,6.16,5.75,5.92,5.81,0.11,1.8933,12536.71,7475.713
920395.BJ,20230407,14.92,15.08,14.92,15.0,14.96,0.04,0.2674,1006.72,1510.386
920023.BJ,20230407,3.17,3.19,3.14,3.17,3.17,0.0,0.0,18639.63,5879.994
920171.BJ,20230407,4.25,4.32,4.22,4.28,4.23,0.05,1.182,1047.04,447.98
920523.BJ,20230407,12.9,13.16,12.9,13.0,12.97,0.03,0.2313,909.17,1183.959
920985.BJ,20230407,7.91,7.91,7.78,7.9,7.88,0.02,0.2538,7720.87,6050.242
920925.BJ,20230407,14.32,14.48,14.21,14.31,14.3,0.01,0.0699,637.98,913.813
920247.BJ,20230407,6.29,6.29,6.21,6.26,6.26,0.0,0.0,304.41,190.273
920425.BJ,20230407,12.81,12.85,12.64,12.83,12.8,0.03,0.2344,1240.0,1586.995
920946.BJ,20230407,8.31,8.46,8.31,8.4,8.32,0.08,0.9615,6646.16,5587.171
920014.BJ,20230407,12.35,12.35,12.2,12.3,12.35,-0.05,-0.4049,411.4,504.304
920242.BJ,20230407,8.5,8.58,8.4,8.52,8.51,0.01,0.1175,469.24,399.106
920396.BJ,20230407,6.68,6.82,6.68,6.78,6.77,0.01,0.1477,116.43,78.879
920566.BJ,20230407,6.92,6.93,6.87,6.91,6.91,0.0,0.0,2502.16,1726.875
920992.BJ,20230407,10.4,10.49,10.4,10.49,10.41,0.08,0.7685,603.01,631.156
920000.BJ,20230407,4.89,4.91,4.85,4.91,4.89,0.02,0.409,251.81,122.531
920271.BJ,20230407,8.85,8.85,8.63,8.65,8.74,-0.09,-1.0297,3288.31,2861.385
920223.BJ,20230407,3.26,3.27,3.24,3.26,3.23,0.03,0.9288,1954.03,635.929
920856.BJ,20230407,5.62,5.66,5.59,5.61,5.66,-0.05,-0.8834,660.04,370.226
920680.BJ,20230407,14.2,14.44,14.16,14.36,14.26,0.1,0.7013,3561.91,5097.044
920418.BJ,20230407,10.45,10.46,10.4,10.43,10.43,0.0,0.0,165.76,173.142
920924.BJ,20230407,5.82,5.83,5.76,5.76,5.82,-0.06,-1.0309,259.32,149.792
920821.BJ,20230407,8.88,8.9,8.78,8.85,8.9,-0.05,-0.5618,1221.42,1075.916
920906.BJ,20230407,11.1,11.2,11.05,11.18,11.14,0.04,0.3591,882.28,981.781
600622.SH,20230407,3.14,3.26,3.14,3.24,3.14,0.1,3.1847,267787.16,86330.547
600623.SH,20230407,6.85,6.87,6.8,6.85,6.85,0.0,0.0,65065.77,44488.364
600624.SH,20230407,6.27,6.5,6.23,6.47,6.27,0.2,3.1898,191964.83,122842.237
600626.SH,20230407,3.52,3.55,3.5,3.52,3.52,0.0,0.0,49565.17,17472.279
600628.SH,20230407,7.49,7.51,7.43,7.49,7.46,0.03,0.4021,16035.14,11990.862
600629.SH,20230407,5.36,5.36,5.28,5.33,5.3,0.03,0.566,135282.46,72001.93
600630.SH,20230407,5.28,5.35,5.26,5.33,5.28,0.05,0.947,30018.01,15951.896
600633.SH,20230407,13.2,14.45,12.83,14.24,13.18,1.06,8.0425,592669.2,813591.358
600635.SH,20230407,3.02,3.04,3.0,3.03,3.01,0.02,0.6645,98213.65,29653.364
600636.SH,20230407,10.87,11.25,10.78,11.12,10.88,0.24,2.2059,102223.57,113239.677
600637.SH,20230407,7.98,8.19,7.9,8.1,7.97,0.13,1.6311,339528.94,273402.412
600638.SH,20230407,5.6,5.7,5.57,5.69,5.57,0.12,2.1544,39893.48,22563.168
600639.SH,20230407,11.96,12.35,11.95,12.34,11.9,0.44,3.6975,85103.93,104006.195
600640.SH,20230407,12.91,13.07,12.56,12.89,12.82,0.07,0.546,142858.11,183522.564
600641.SH,20230407,21.0,21.56,20.82,21.04,20.85,0.19,0.9113,313652.78,662327.236
600642.SH,20230407,5.83,5.95,5.83,5.93,5.84,0.09,1.5411,134086.75,78963.377
600643.SH,20230407,5.36,5.41,5.34,5.4,5.33,0.07,1.3133,58879.81,31682.896
600644.SH,20230407,6.88,6.93,6.87,6.92,6.88,0.04,0.5814,22095.91,15275.036
600645.SH,20230407,17.93,19.27,17.87,18.82,17.87,0.95,5.3162,270561.86,503996.878
600647.SH,20230407,12.8,12.99,12.7,12.98,12.71,0.27,2.1243,17056.0,21995.106
600648.SH,20230407,12.48,12.66,12.45,12.65,12.46,0.19,1.5249,44564.8,56128.047
600649.SH,20230407,3.9,3.97,3.89,3.96,3.89,0.07,1.7995,95011.02,37516.069
600650.SH,20230407,10.68,10.85,10.67,10.73,10.7,0.03,0.2804,24784.0,26642.32
600651.SH,20230407,3.8,3.92,3.78,3.88,3.79,0.09,2.3747,296169.28,114171.436
600653.SH,20230407,1.84,1.84,1.82,1.84,1.83,0.01,0.5464,60653.88,11104.516
600654.SH,20230407,2.6,2.63,2.58,2.62,2.6,0.02,0.7692,56264.48,14634.241
600655.SH,20230407,7.97,8.1,7.96,8.04,7.98,0.06,0.7519,85866.0,69145.661
600657.SH,20230407,4.67,5.1,4.67,5.07,4.66,0.41,8.7983,578767.7,287080.323
600658.SH,20230407,5.25,5.43,5.22,5.37,5.25,0.12,2.2857,275767.37,148409.248
600660.SH,20230407,34.17,34.32,34.0,34.28,34.17,0.11,0.3219,64115.48,219633.233
600661.SH,20230407,9.83,10.18,9.75,10.08,9.83,0.25,2.5432,59074.0,59094.094
600662.SH,20230407,6.21,6.27,6.17,6.25,6.17,0.08,1.2966,48399.0,30201.741
600663.SH,20230407,10.2,10.48,10.2,10.45,10.26,0.19,1.8519,95840.16,99697.248
600664.SH,20230407,3.12,3.17,3.11,3.15,3.11,0.04,1.2862,214403.96,67448.88
600665.SH,20230407,3.7,3.86,3.7,3.84,3.7,0.14,3.7838,141502.12,54017.264
600666.SH,20230407,3.08,3.11,3.0,3.03,3.12,-0.09,-2.8846,177893.4,54213.518
600667.SH,20230407,8.3,8.38,7.81,8.04,7.98,0.06,0.7519,3490787.72,2831381.932
600668.SH,20230407,12.58,12.7,12.5,12.59,12.6,-0.01,-0.0794,27734.13,35027.972
600671.SH,20230407,8.34,8.34,8.24,8.33,8.28,0.05,0.6039,1988.0,1644.062
600673.SH,20230407,8.6,8.67,8.6,8.62,8.59,0.03,0.3492,62046.67,53607.583
600674.SH,20230407,13.34,13.43,13.32,13.36,13.35,0.01,0.0749,54497.69,72779.316
600675.SH,20230407,2.72,2.79,2.71,2.79,2.7,0.09,3.3333,229901.31,63618.021
603153.SH,20230407,19.49,19.49,18.86,18.93,20.05,-1.12,-5.586,171274.84,326571.472
603155.SH,20230407,27.78,28.05,27.7,28.02,27.86,0.16,0.5743,3130.15,8744.257
603156.SH,20230407,22.8,23.06,22.7,22.81,22.78,0.03,0.1317,15607.04,35634.34
603158.SH,20230407,7.11,7.11,6.94,7.0,7.07,-0.07,-0.9901,100767.56,70611.489
603159.SH,20230407,13.56,13.58,13.34,13.41,13.6,-0.19,-1.3971,6924.55,9291.191
603160.SH,20230407,61.59,61.95,60.18,60.92,61.57,-0.65,-1.0557,80144.22,487478.794
603161.SH,20230407,14.85,14.96,14.6,14.69,14.72,-0.03,-0.2038,13577.0,19985.48
603162.SH,20230407,30.27,30.44,30.0,30.38,30.27,0.11,0.3634,23371.7,70791.022
603163.SH,20230407,34.8,37.57,34.8,37.16,34.91,2.25,6.4451,46903.23,170814.493
603165.SH,20230407,15.95,16.5,15.64,16.21,15.95,0.26,1.6301,90920.75,146425.193
603166.SH,20230407,6.13,6.2,6.09,6.12,6.09,0.03,0.4926,37998.52,23298.891
603167.SH,20230407,7.3,7.36,7.28,7.3,7.32,-0.02,-0.2732,24050.0,17565.165
603168.SH,20230407,7.65,7.72,7.62,7.69,7.65,0.04,0.5229,35987.66,27677.467
603169.SH,20230407,7.48,8.11,7.48,7.76,7.56,0.2,2.6455,594271.87,468214.857
603170.SH,20230407,24.0,24.49,23.95,24.29,24.04,0.25,1.0399,16135.69,39046.187
603171.SH,20230407,49.4,50.56,48.23,49.84,48.95,0.89,1.8182,19674.47,97565.288
603173.SH,20230407,25.21,26.2,25.21,26.12,25.29,0.83,3.2819,23305.6,60293.167
603176.SH,20230407,6.75,6.82,6.71,6.8,6.75,0.05,0.7407,18070.0,12262.272
603177.SH,20230407,14.81,15.15,14.69,14.85,14.82,0.03,0.2024,14203.0,21191.889
603178.SH,20230407,10.02,10.11,9.94,10.04,9.97,0.07,0.7021,17095.0,17187.388
603179.SH,20230407,40.87,41.18,40.1,40.8,40.85,-0.05,-0.1224,40909.68,166544.249
603180.SH,20230407,40.0,43.58,39.7,42.08,40.16,1.92,4.7809,21509.65,90948.068
603181.SH,20230407,13.28,13.39,13.12,13.15,13.28,-0.13,-0.9789,39086.88,51596.221
603182.SH,20230407,16.45,16.62,16.43,16.51,16.43,0.08,0.4869,9859.46,16296.2
603183.SH,20230407,4.56,4.57,4.53,4.55,4.55,0.0,0.0,51318.28,23319.489
603185.SH,20230407,107.0,107.2,104.6,105.27,106.43,-1.16,-1.0899,43105.45,453362.099
603186.SH,20230407,34.49,34.5,32.45,34.04,33.48,0.56,1.6726,74937.0,249402.834
603187.SH,20230407,27.2,27.2,26.69,26.8,27.09,-0.29,-1.0705,25088.2,67379.033
603188.SH,20230407,3.71,3.75,3.7,3.74,3.73,0.01,0.2681,29012.0,10810.54
603189.SH,20230407,19.35,19.36,17.6,18.41,18.87,-0.46,-2.4377,184902.0,337293.787
603190.SH,20230407,31.05,31.25,30.72,30.92,30.96,-0.04,-0.1292,13182.59,40913.481
603191.SH,20230407,20.96,21.45,20.92,21.17,21.06,0.11,0.5223,22440.56,47728.166
603192.SH,20230407,19.77,19.85,19.73,19.83,19.77,0.06,0.3035,3584.05,7092.233
603195.SH,20230407,155.6,157.5,154.0,154.83,154.95,-0.12,-0.0774,6685.49,104205.178
603196.SH,20230407,8.29,8.38,8.2,8.33,8.26,0.07,0.8475,11952.0,9884.591
603197.SH,20230407,40.15,41.12,39.57,41.02,40.15,0.87,2.1669,39967.8,161411.907
603198.SH,20230407,64.99,66.51,64.31,65.16,65.0,0.16,0.2462,38577.19,253036.372
603199.SH,20230407,28.42,29.07,28.3,28.76,28.41,0.35,1.232,26228.0,75435.883
603200.SH,20230407,22.16,23.42,22.08,23.14,22.26,0.88,3.9533,76701.23,176248.67
603201.SH,20230407,32.64,32.79,32.46,32.6,32.64,-0.04,-0.1225,5265.0,17158.922
603203.SH,20230407,33.3,33.67,32.72,33.55,33.34,0.21,0.6299,6613.11,22161.215
603206.SH,20230407,17.69,18.08,17.52,18.02,17.68,0.34,1.9231,47418.89,84732.421
688208.SH,20230407,30.08,32.17,30.08,31.99,30.23,1.76,5.822,84577.04,264273.707
688209.SH,20230407,25.7,26.18,25.14,25.65,25.55,0.1,0.3914,41890.84,106880.829
688210.SH,20230407,29.41,30.69,29.25,30.55,29.55,1.0,3.3841,19327.1,58437.64
688211.SH,20230407,43.88,44.7,43.77,44.57,43.99,0.58,1.3185,6129.66,27154.817
688212.SH,20230407,62.99,65.68,62.58,65.38,63.16,2.22,3.5149,18647.77,120796.971
688213.SH,20230407,55.22,57.57,54.33,56.27,54.6,1.67,3.0586,16554.17,93617.673
688215.SH,20230407,36.09,36.15,34.95,35.59,35.83,-0.24,-0.6698,7064.6,24928.95
688216.SH,20230407,32.96,33.0,31.88,32.48,32.65,-0.17,-0.5207,30787.09,99457.803
688217.SH,20230407,44.47,46.5,44.21,45.81,44.47,1.34,3.0133,5608.33,25630.243
688218.SH,20230407,19.35,19.49,18.71,18.89,19.21,-0.32,-1.6658,35039.64,66839.454
688219.SH,20230407,10.16,10.25,10.1,10.23,10.18,0.05,0.4912,11730.54,11942.024
688220.SH,20230407,81.94,83.22,79.18,81.2,81.95,-0.75,-0.9152,74519.66,604797.593
688221.SH,20230407,13.0,13.87,12.83,13.54,12.86,0.68,5.2877,113859.91,153473.335
688222.SH,20230407,20.2,21.28,19.93,20.69,20.1,0.59,2.9353,134529.28,279470.792
688223.SH,20230407,13.59,14.07,13.59,13.72,13.67,0.05,0.3658,354579.67,491269.695
688225.SH,20230407,25.5,25.83,24.86,25.34,25.85,-0.51,-1.9729,31445.45,79302.109
688226.SH,20230407,19.5,20.0,19.15,19.32,19.59,-0.27,-1.3783,33430.87,65085.588
688227.SH,20230407,30.33,32.58,29.26,32.31,30.18,2.13,7.0577,45939.49,143404.576
688228.SH,20230407,60.09,61.1,57.12,59.52,60.18,-0.66,-1.0967,33850.54,200440.45
688229.SH,20230407,62.66,66.88,62.5,66.1,63.41,2.69,4.2422,10536.55,68618.534
688230.SH,20230407,77.16,77.19,74.3,75.24,76.46,-1.22,-1.5956,12219.08,91980.391
688231.SH,20230407,30.49,31.1,30.29,30.8,30.27,0.53,1.7509,10037.02,30770.798
688232.SH,20230407,60.19,65.4,59.51,65.0,59.89,5.11,8.5323,28609.11,180998.653
688233.SH,20230407,55.0,55.52,53.4,53.95,55.0,-1.05,-1.9091,50995.81,276249.024
688234.SH,20230407,82.68,84.88,81.47,83.98,82.62,1.36,1.6461,38921.83,324366.312
688235.SH,20230407,141.99,157.5,141.99,154.58,135.98,18.6,13.6785,53633.66,809217.265
688236.SH,20230407,35.43,35.43,32.65,33.55,35.09,-1.54,-4.3887,15783.17,53151.41
688237.SH,20230407,50.8,52.17,50.11,51.19,50.98,0.21,0.4119,7399.74,37796.598
688238.SH,20230407,20.02,21.6,20.0,21.35,19.85,1.5,7.5567,79160.76,166895.321
688239.SH,20230407,74.1,75.88,72.7,72.92,74.2,-1.28,-1.7251,20637.81,153057.378
688244.SH,20230407,95.22,95.22,87.5,90.5,95.7,-5.2,-5.4336,14051.85,126466.343
688246.SH,20230407,47.38,53.88,46.93,51.66,47.38,4.28,9.0333,43049.97,218034.165
688247.SH,20230407,14.4,15.33,14.3,15.03,14.5,0.53,3.6552,60367.24,90789.858
688248.SH,20230407,45.8,47.18,45.45,45.99,46.0,-0.01,-0.0217,33562.28,155695.632
688251.SH,20230407,35.26,37.02,34.89,36.5,35.22,1.28,3.6343,21798.72,78756.436
688252.SH,20230407,23.82,24.42,23.4,24.3,23.62,0.68,2.8789,53073.39,127662.382
688253.SH,20230407,27.0,28.54,26.52,28.02,26.89,1.13,4.2023,39234.79,108941.63
688255.SH,20230407,41.63,43.4,39.88,40.11,41.61,-1.5,-3.6049,22284.8,92666.303
688256.SH,20230407,209.45,225.62,207.0,225.5,208.0,17.5,8.4135,127969.32,2781244.484
688257.SH,20230407,37.67,37.67,36.88,37.42,37.59,-0.17,-0.4522,5730.25,21373.219
688258.SH,20230407,73.99,76.5,69.0,74.45,74.0,0.45,0.6081,35932.83,259700.197
688259.SH,20230407,83.23,87.28,83.0,84.65,83.42,1.23,1.4745,25666.98,218437.56
000860.SZ,20230407,37.37,38.82,37.04,37.77,37.54,0.23,0.6127,85416.85,324006.104
000861.SZ,20230407,2.12,2.14,2.11,2.13,2.11,0.02,0.9479,89770.41,19078.94
000862.SZ,20230407,6.56,6.79,6.53,6.74,6.55,0.19,2.9008,303204.89,203219.089
000863.SZ,20230407,4.07,4.2,4.07,4.18,4.05,0.13,3.2099,203710.39,84778.005
000868.SZ,20230407,5.49,5.59,5.46,5.54,5.49,0.05,0.9107,84946.22,47037.876
000869.SZ,20230407,32.0,32.3,31.85,32.08,31.99,0.09,0.2813,10674.22,34294.327
000875.SZ,20230407,5.38,5.4,5.36,5.39,5.36,0.03,0.5597,130137.0,70020.945
000876.SZ,20230407,14.2,14.25,13.93,14.1,14.21,-0.11,-0.7741,321853.01,453680.365
000877.SZ,20230407,8.9,9.1,8.9,8.95,8.92,0.03,0.3363,108018.5,97051.615
000878.SZ,20230407,12.88,12.89,12.74,12.81,12.97,-0.16,-1.2336,172879.17,221266.944
000880.SZ,20230407,10.37,10.46,10.25,10.37,10.26,0.11,1.0721,29425.25,30409.67
000881.SZ,20230407,8.27,8.27,8.15,8.17,8.2,-0.03,-0.3659,68126.95,55923.371
000882.SZ,20230407,1.69,1.71,1.69,1.7,1.69,0.01,0.5917,107443.73,18286.59
000883.SZ,20230407,4.21,4.23,4.2,4.23,4.21,0.02,0.4751,122309.41,51613.043
000885.SZ,20230407,11.14,11.14,11.0,11.04,11.13,-0.09,-0.8086,47037.13,51969.347
000886.SZ,20230407,6.42,6.68,6.33,6.39,6.53,-0.14,-2.144,627052.94,404875.672
000887.SZ,20230407,12.2,12.47,12.17,12.4,12.21,0.19,1.5561,107587.28,132583.675
000888.SZ,20230407,9.12,9.29,9.06,9.19,9.08,0.11,1.2115,116467.96,107180.319
000889.SZ,20230407,1.93,1.97,1.93,1.95,1.93,0.02,1.0363,99958.41,19459.278
000890.SZ,20230407,4.89,4.89,4.78,4.83,4.82,0.01,0.2075,220705.0,106456.24
000892.SZ,20230407,4.25,4.43,4.21,4.38,4.25,0.13,3.0588,307571.15,133506.786
000893.SZ,20230407,25.7,25.92,25.25,25.4,25.8,-0.4,-1.5504,89803.59,229424.13
000895.SZ,20230407,26.26,26.45,26.06,26.08,26.25,-0.17,-0.6476,73726.16,193096.638
000897.SZ,20230407,2.27,2.32,2.25,2.31,2.26,0.05,2.2124,202329.62,46449.967
000898.SZ,20230407,2.93,2.94,2.91,2.92,2.92,0.0,0.0,164852.6,48195.562
000899.SZ,20230407,8.31,8.54,8.31,8.47,8.34,0.13,1.5588,66935.65,56656.082
000900.SZ,20230407,4.48,4.49,4.39,4.41,4.48,-0.07,-1.5625,120059.06,53115.41
000901.SZ,20230407,10.27,10.37,10.22,10.3,10.29,0.01,0.0972,139938.27,144018.821
000902.SZ,20230407,11.14,11.25,11.11,11.19,11.15,0.04,0.3587,59567.94,66709.821
000903.SZ,20230407,2.46,2.48,2.44,2.46,2.46,0.0,0.0,109165.78,26889.233
000905.SZ,20230407,7.21,7.23,7.16,7.22,7.18,0.04,0.5571,57317.7,41259.396
000906.SZ,20230407,9.28,9.38,9.12,9.32,9.02,0.3,3.3259,146600.09,135488.068
000908.SZ,20230407,2.95,3.05,2.94,3.04,2.95,0.09,3.0508,161060.7,48676.087
000909.SZ,20230407,9.37,9.58,9.34,9.54,9.37,0.17,1.8143,98262.79,93470.004
000910.SZ,20230407,9.11,9.36,9.11,9.26,9.1,0.16,1.7582,62990.0,58330.892
000911.SZ,20230407,10.25,10.63,10.0,10.63,9.66,0.97,10.0414,377784.0,393114.892
000912.SZ,20230407,4.8,4.81,4.76,4.78,4.8,-0.02,-0.4167,55397.42,26427.473
000913.SZ,20230407,21.97,22.75,21.8,22.24,22.05,0.19,0.8617,48479.92,107894.563
000915.SZ,20230407,35.8,36.92,35.72,36.69,35.77,0.92,2.572,44059.37,161493.113
000917.SZ,20230407,6.03,6.15,5.98,6.1,6.02,0.08,1.3289,116402.96,70754.568
000918.SZ,20230407,1.83,1.91,1.82,1.88,1.83,0.05,2.7322,264193.88,49754.987
000919.SZ,20230407,7.71,7.88,7.71,7.88,7.73,0.15,1.9405,81918.01,64053.328
002514.SZ,20230407,10.05,10.31,10.03,10.11,10.41,-0.3,-2.8818,226903.5,229681.594
002515.SZ,20230407,4.36,4.42,4.35,4.41,4.34,0.07,1.6129,61705.28,27163.99
002516.SZ,20230407,5.2,5.32,5.18,5.22,5.21,0.01,0.1919,125762.0,66063.791
002517.SZ,20230407,13.17,14.2,12.81,14.03,13.11,0.92,7.0175,816269.11,1118117.224
002518.SZ,20230407,46.44,47.4,45.1,45.78,47.0,-1.22,-2.5957,266682.23,1231277.842
002519.SZ,20230407,5.3,5.34,5.26,5.31,5.32,-0.01,-0.188,117672.8,62346.992
002520.SZ,20230407,6.24,6.43,6.2,6.41,6.25,0.16,2.56,237508.08,150818.669
002521.SZ,20230407,5.66,5.72,5.63,5.68,5.68,0.0,0.0,26766.0,15158.522
002522.SZ,20230407,5.49,5.52,5.45,5.48,5.49,-0.01,-0.1821,60943.0,33368.509
002523.SZ,20230407,3.02,3.05,3.01,3.03,3.02,0.01,0.3311,97628.72,29586.501
002524.SZ,20230407,7.4,7.55,7.4,7.41,7.4,0.01,0.1351,182605.12,136127.928
002526.SZ,20230407,2.35,2.37,2.34,2.35,2.35,0.0,0.0,166849.24,39317.58
002527.SZ,20230407,7.13,7.18,7.06,7.16,7.13,0.03,0.4208,81686.04,58147.242
002528.SZ,20230407,11.11,11.49,11.01,11.26,11.11,0.15,1.3501,583218.33,655566.525
002529.SZ,20230407,14.74,15.04,14.73,14.88,14.74,0.14,0.9498,28407.02,42310.883
002530.SZ,20230407,10.0,10.28,9.72,10.05,9.97,0.08,0.8024,541915.46,543011.239
002531.SZ,20230407,14.07,14.35,13.91,14.05,14.08,-0.03,-0.2131,126873.18,179401.346
002532.SZ,20230407,7.35,7.38,7.16,7.22,7.36,-0.14,-1.9022,638004.59,462557.122
002533.SZ,20230407,7.51,7.6,7.46,7.5,7.51,-0.01,-0.1332,283835.33,213430.851
002534.SZ,20230407,15.7,15.8,15.69,15.8,14.36,1.44,10.0279,76680.13,121033.014
002535.SZ,20230407,2.78,2.86,2.75,2.83,2.77,0.06,2.1661,91234.37,25649.132
002536.SZ,20230407,10.79,10.98,10.72,10.84,10.91,-0.07,-0.6416,211441.16,229078.855
002537.SZ,20230407,8.42,8.46,8.29,8.31,8.28,0.03,0.3623,481209.69,401636.237
002538.SZ,20230407,7.85,7.9,7.83,7.88,7.87,0.01,0.1271,37803.44,29755.263
002539.SZ,20230407,11.27,12.01,11.25,11.65,11.07,0.58,5.2394,398460.63,468647.297
002540.SZ,20230407,5.93,5.96,5.88,5.93,5.93,0.0,0.0,44543.0,26386.633
002541.SZ,20230407,35.91,36.99,35.32,36.12,35.9,0.22,0.6128,31108.15,112806.977
002542.SZ,20230407,2.88,2.91,2.87,2.89,2.88,0.01,0.3472,87878.07,25419.549
002543.SZ,20230407,8.78,8.98,8.76,8.91,8.8,0.11,1.25,36840.0,32790.838
002544.SZ,20230407,22.9,22.99,22.3,22.97,22.6,0.37,1.6372,69900.0,158847.46
002545.SZ,20230407,8.36,8.44,8.28,8.29,8.3,-0.01,-0.1205,87016.66,72575.84
002546.SZ,20230407,3.99,4.0,3.95,3.97,3.95,0.02,0.5063,46814.6,18590.207
002547.SZ,20230407,5.22,5.32,5.21,5.32,5.24,0.08,1.5267,252994.05,133604.369
002548.SZ,20230407,5.9,5.95,5.76,5.79,5.95,-0.16,-2.6891,293140.45,170989.59
002549.SZ,20230407,15.64,16.05,15.33,15.63,15.34,0.29,1.8905,352522.41,552186.484
002550.SZ,20230407,5.91,6.06,5.9,6.05,5.91,0.14,2.3689,158493.0,95325.709
002551.SZ,20230407,4.23,4.33,4.23,4.32,4.22,0.1,2.3697,122983.18,52767.817
002552.SZ,20230407,19.35,19.56,18.91,19.09,19.28,-0.19,-0.9855,46338.6,88761.419
002553.SZ,20230407,12.48,12.7,12.39,12.64,12.57,0.07,0.5569,111264.97,139586.93
002554.SZ,20230407,3.93,3.95,3.89,3.93,3.93,0.0,0.0,125643.0,49233.504
002555.SZ,20230407,30.2,31.61,29.3,31.0,29.97,1.03,3.4368,696008.35,2123018.854
002556.SZ,20230407,8.24,8.37,8.22,8.35,8.25,0.1,1.2121,62620.44,51986.397
920792.BJ,20230407,7.05,7.08,7.02,7.03,7.05,-0.02,-0.2837,8028.22,5649.799
920510.BJ,20230407,8.89,9.01,8.85,8.95,8.92,0.03,0.3363,566.98,505.653
920802.BJ,20230407,7.88,7.9,7.85,7.85,7.88,-0.03,-0.3807,683.36,537.961
920185.BJ,20230407,41.87,42.4,41.85,42.35,41.85,0.5,1.1947,3466.22,14595.326
920275.BJ,20230407,3.2,3.22,3.2,3.2,3.18,0.02,0.6289,404.4,129.942
920174.BJ,20230407,7.54,7.64,7.54,7.61,7.55,0.06,0.7947,569.66,431.319
920834.BJ,20230407,3.79,3.82,3.74,3.8,3.78,0.02,0.5291,286.99,108.374
920580.BJ,20230407,4.2,4.23,4.19,4.23,4.23,0.0,0.0,620.05,260.623
920249.BJ,20230407,5.09,5.15,5.08,5.1,5.09,0.01,0.1965,6721.08,3436.247
920675.BJ,20230407,4.79,4.82,4.77,4.82,4.77,0.05,1.0482,660.25,316.751
920685.BJ,20230407,10.63,10.94,10.62,10.92,10.75,0.17,1.5814,1512.94,1645.051
920039.BJ,20230407,5.08,5.08,4.88,5.02,5.06,-0.04,-0.7905,458.0,229.505
920199.BJ,20230407,24.7,24.75,24.69,24.71,24.67,0.04,0.1621,129.81,320.699
920344.BJ,20230407,15.25,15.3,15.1,15.3,15.08,0.22,1.4589,389.76,594.267
920753.BJ,20230407,7.49,7.58,7.49,7.58,7.56,0.02,0.2646,109.46,82.492
920167.BJ,20230407,10.78,11.04,10.77,11.04,10.86,0.18,1.6575,850.57,928.973
920873.BJ,20230407,3.15,3.18,3.14,3.17,3.17,0.0,0.0,2769.31,872.378
920184.BJ,20230407,4.77,4.77,4.71,4.76,4.75,0.01,0.2105,715.82,337.97
920427.BJ,20230407,5.02,5.1,5.0,5.02,5.09,-0.07,-1.3752,224.6,112.651
920010.BJ,20230407,3.67,3.7,3.66,3.7,3.69,0.01,0.271,1590.27,585.4
920682.BJ,20230407,5.36,5.42,5.36,5.42,5.42,0.0,0.0,2451.38,1323.137
920870.BJ,20230407,17.19,17.47,17.12,17.27,17.19,0.08,0.4654,721.84,1246.695
920885.BJ,20230407,10.78,11.14,10.62,11.0,10.92,0.08,0.7326,846.77,923.755
920765.BJ,20230407,5.92,5.94,5.92,5.94,5.9,0.04,0.678,2.32,1.375
920855.BJ,20230407,6.64,6.67,6.54,6.63,6.61,0.02,0.3026,244.23,161.444
920735.BJ,20230407,32.19,32.31,31.8,32.19,31.91,0.28,0.8775,927.58,2972.649
920541.BJ,20230407,3.32,3.33,3.31,3.32,3.31,0.01,0.3021,8311.18,2759.638
920087.BJ,20230407,5.86,5.91,5.85,5.86,5.86,0.0,0.0,5388.37,3162.729
920367.BJ,20230407,9.26,9.36,9.25,9.31,9.36,-0.05,-0.5342,1564.06,1455.474
920190.BJ,20230407,18.48,18.49,18.34,18.42,18.36,0.06,0.3268,793.3,1459.32
920370.BJ,20230407,2.77,2.77,2.73,2.77,2.76,0.01,0.3623,1954.17,538.968
920781.BJ,20230407,6.09,6.09,6.06,6.08,6.07,0.01,0.1647,526.13,319.694
920267.BJ,20230407,9.29,9.55,9.27,9.42,9.28,0.14,1.5086,1265.43,1194.538
920263.BJ,20230407,4.84,4.88,4.83,4.87,4.84,0.03,0.6198,1456.77,709.207
920077.BJ,20230407,40.96,42.98,40.9,42.88,40.96,1.92,4.6875,2158.1,9136.207
920195.BJ,20230407,7.0,7.04,6.98,7.04,7.0,0.04,0.5714,769.47,539.459
920475.BJ,20230407,6.45,6.51,6.45,6.49,6.51,-0.02,-0.3072,794.15,515.248
920556.BJ,20230407,3.52,3.54,3.5,3.53,3.51,0.02,0.5698,16478.57,5787.874
920357.BJ,20230407,11.82,11.92,11.78,11.83,11.86,-0.03,-0.253,922.12,1091.447
920575.BJ,20230407,33.01,33.93,33.01,33.75,33.19,0.56,1.6873,1783.69,5997.136
920866.BJ,20230407,6.32,6.36,6.3,6.32,6.34,-0.02,-0.3155,880.37,556.178
920057.BJ,20230407,3.41,3.44,3.4,3.44,3.42,0.02,0.5848,3251.39,1115.174
920491.BJ,20230407,8.79,8.9,8.46,8.69,8.63,0.06,0.6952,2956.77,2591.501
600676.SH,20230407,4.18,4.18,4.12,4.12,4.15,-0.03,-0.7229,49171.82,20331.477
600678.SH,20230407,5.67,5.72,5.63,5.71,5.67,0.04,0.7055,31275.12,17772.492
600679.SH,20230407,8.66,8.85,8.57,8.58,8.69,-0.11,-1.2658,43650.21,37783.15
600681.SH,20230407,4.31,4.34,4.31,4.33,4.33,0.0,0.0,13410.29,5804.032
600682.SH,20230407,8.87,9.03,8.86,8.97,8.87,0.1,1.1274,56903.45,50919.831
600683.SH,20230407,4.58,4.74,4.57,4.71,4.58,0.13,2.8384,112603.05,52826.416
600684.SH,20230407,3.53,3.61,3.52,3.6,3.53,0.07,1.983,104070.29,37308.2
600685.SH,20230407,24.14,24.31,23.76,23.92,24.31,-0.39,-1.6043,121279.58,290813.59
600686.SH,20230407,5.91,5.96,5.89,5.92,5.91,0.01,0.1692,68224.0,40422.419
600688.SH,20230407,3.4,3.45,3.38,3.44,3.4,0.04,1.1765,274695.74,93981.379
600689.SH,20230407,8.85,8.97,8.81,8.92,8.84,0.08,0.905,12710.02,11331.534
600690.SH,20230407,22.25,22.7,22.17,22.49,22.29,0.2,0.8973,344159.55,773897.68
600691.SH,20230407,3.31,3.35,3.3,3.35,3.31,0.04,1.2085,57401.84,19148.903
600692.SH,20230407,6.1,6.22,6.07,6.21,6.09,0.12,1.9704,32789.89,20212.471
600693.SH,20230407,4.15,4.17,4.12,4.15,4.17,-0.02,-0.4796,76951.0,31890.808
600694.SH,20230407,18.74,18.78,18.52,18.61,18.81,-0.2,-1.0633,19765.55,36785.208
600696.SH,20230407,26.24,26.6,26.13,26.27,26.18,0.09,0.3438,8365.81,22022.522
600697.SH,20230407,12.12,12.21,12.07,12.17,12.13,0.04,0.3298,17030.0,20706.107
600698.SH,20230407,4.53,4.59,4.51,4.55,4.53,0.02,0.4415,43543.1,19831.626
600699.SH,20230407,15.01,15.26,14.95,15.01,15.01,0.0,0.0,137928.42,208298.965
600702.SH,20230407,196.6,199.79,192.03,193.3,197.32,-4.02,-2.0373,41793.49,817110.427
600703.SH,20230407,22.65,22.69,21.6,21.92,22.72,-0.8,-3.5211,1563028.62,3441752.321
600704.SH,20230407,4.9,4.9,4.85,4.86,4.88,-0.02,-0.4098,200090.9,97488.99
600705.SH,20230407,4.11,4.14,4.08,4.1,4.11,-0.01,-0.2433,536012.0,219960.187
600706.SH,20230407,12.86,13.18,12.81,13.0,12.84,0.16,1.2461,145498.28,189765.212
600707.SH,20230407,5.16,5.21,5.08,5.14,5.11,0.03,0.5871,209806.11,107836.918
600708.SH,20230407,2.22,2.27,2.21,2.26,2.22,0.04,1.8018,144770.36,32611.462
600710.SH,20230407,6.52,6.53,6.41,6.42,6.49,-0.07,-1.0786,88552.56,57108.454
600711.SH,20230407,5.69,5.72,5.66,5.68,5.7,-0.02,-0.3509,231316.73,131444.612
600712.SH,20230407,3.87,3.91,3.85,3.89,3.87,0.02,0.5168,37246.0,14474.073
600713.SH,20230407,5.17,5.2,5.16,5.2,5.18,0.02,0.3861,87841.5,45521.377
600714.SH,20230407,9.18,9.33,9.11,9.28,9.19,0.09,0.9793,9149.0,8452.239
600715.SH,20230407,2.43,2.5,2.37,2.47,2.4,0.07,2.9167,290366.03,70871.802
600716.SH,20230407,3.73,3.83,3.72,3.8,3.72,0.08,2.1505,52300.0,19790.77
600717.SH,20230407,4.09,4.12,4.08,4.1,4.09,0.01,0.2445,100221.83,41034.274
600718.SH,20230407,12.15,13.2,11.92,13.2,12.0,1.2,10.0,670534.29,854639.015
600719.SH,20230407,4.9,5.0,4.86,4.94,4.87,0.07,1.4374,50678.79,24954.437
600720.SH,20230407,10.81,10.94,10.81,10.92,10.84,0.08,0.738,61430.37,66805.927
600721.SH,20230407,6.46,6.53,6.41,6.45,6.47,-0.02,-0.3091,41493.0,26885.51
600722.SH,20230407,5.11,5.12,5.08,5.11,5.11,0.0,0.0,31078.9,15840.56
600724.SH,20230407,3.88,3.92,3.85,3.9,3.87,0.03,0.7752,39148.0,15258.264
600725.SH,20230407,2.93,3.0,2.88,2.95,2.89,0.06,2.0761,81810.72,24134.611
603208.SH,20230407,61.5,67.24,60.68,67.24,61.13,6.11,9.9951,12338.27,81437.208
603209.SH,20230407,32.36,33.1,32.19,32.61,32.36,0.25,0.7726,8585.95,28086.551
603211.SH,20230407,15.66,15.98,15.54,15.64,15.64,0.0,0.0,49159.87,77038.197
603212.SH,20230407,24.8,25.13,24.59,24.82,24.77,0.05,0.2019,75663.36,188176.555
603213.SH,20230407,14.67,14.94,14.64,14.87,14.67,0.2,1.3633,13590.4,20167.593
603214.SH,20230407,18.12,18.63,18.12,18.33,17.91,0.42,2.3451,26584.16,48840.122
603215.SH,20230407,15.9,16.26,15.87,16.1,15.91,0.19,1.1942,16449.32,26509.774
603216.SH,20230407,14.25,14.5,14.2,14.42,14.23,0.19,1.3352,9977.72,14381.598
603217.SH,20230407,31.15,31.6,30.9,31.31,31.16,0.15,0.4814,8866.27,27772.612
603218.SH,20230407,21.6,21.93,21.12,21.26,21.54,-0.28,-1.2999,84493.09,180500.889
603219.SH,20230407,18.85,19.43,18.81,19.11,18.81,0.3,1.5949,21761.0,41800.364
603220.SH,20230407,13.32,13.37,13.15,13.29,13.27,0.02,0.1507,28039.74,37214.964
603221.SH,20230407,7.69,7.72,7.63,7.68,7.67,0.01,0.1304,8156.0,6260.194
603222.SH,20230407,13.44,13.9,13.44,13.67,13.44,0.23,1.7113,109640.0,150272.7
603223.SH,20230407,20.03,20.39,19.83,20.15,19.88,0.27,1.3581,11832.8,23879.884
603225.SH,20230407,11.04,11.12,10.9,10.94,11.04,-0.1,-0.9058,62530.0,68739.861
603226.SH,20230407,5.23,5.29,5.2,5.25,5.22,0.03,0.5747,18767.38,9849.619
603227.SH,20230407,8.28,8.3,8.19,8.25,8.27,-0.02,-0.2418,58341.59,48038.101
603228.SH,20230407,26.75,26.83,26.02,26.39,26.58,-0.19,-0.7148,53537.33,140477.146
603229.SH,20230407,22.03,22.69,22.01,22.64,22.0,0.64,2.9091,50833.1,114429.343
603230.SH,20230407,12.1,12.24,11.97,12.16,12.03,0.13,1.0806,20172.31,24448.955
603232.SH,20230407,18.47,19.25,18.26,19.14,18.34,0.8,4.3621,170121.25,321289.976
603233.SH,20230407,36.7,37.88,36.52,37.47,36.7,0.77,2.0981,39953.02,149918.27
603235.SH,20230407,31.27,31.72,31.25,31.63,31.29,0.34,1.0866,5531.23,17457.348
603236.SH,20230407,130.25,131.25,126.6,127.92,130.25,-2.33,-1.7889,33058.62,424508.243
603237.SH,20230407,50.18,51.4,49.7,51.05,49.79,1.26,2.5306,9426.21,47634.564
603238.SH,20230407,11.46,11.55,11.41,11.51,11.45,0.06,0.524,8281.25,9521.19
603239.SH,20230407,14.79,14.97,14.71,14.88,14.79,0.09,0.6085,12459.0,18539.788
603255.SH,20230407,62.0,68.3,61.22,61.73,64.0,-2.27,-3.5469,50830.84,329053.592
603256.SH,20230407,8.13,8.22,8.05,8.13,8.13,0.0,0.0,48031.0,39049.248
603258.SH,20230407,28.59,31.22,28.18,31.22,28.38,2.84,10.007,80896.96,242810.84
603259.SH,20230407,78.5,83.99,77.88,83.82,78.6,5.22,6.6412,477282.35,3925997.229
603260.SH,20230407,82.2,83.17,82.2,82.38,82.19,0.19,0.2312,22427.47,185233.389
603261.SH,20230407,35.49,36.0,35.49,35.68,35.49,0.19,0.5354,6452.0,23039.404
603266.SH,20230407,13.7,13.77,13.54,13.6,13.68,-0.08,-0.5848,17921.4,24419.47
603267.SH,20230407,78.19,80.2,77.83,79.48,78.16,1.32,1.6888,28713.07,227734.39
603268.SH,20230407,14.0,14.18,13.95,14.09,14.0,0.09,0.6429,3894.2,5484.364
603269.SH,20230407,15.36,15.47,15.1,15.42,15.27,0.15,0.9823,20873.5,32048.135
603272.SH,20230407,17.79,17.91,17.72,17.89,17.73,0.16,0.9024,8275.23,14766.035
603277.SH,20230407,20.64,21.4,20.45,20.99,20.7,0.29,1.401,15673.6,33045.68
603278.SH,20230407,8.19,8.19,7.98,8.05,8.15,-0.1,-1.227,25604.8,20601.121
603279.SH,20230407,27.4,27.95,27.25,27.61,27.25,0.36,1.3211,25409.19,70335.008
688260.SH,20230407,17.76,18.06,17.66,17.99,17.61,0.38,2.1579,22931.0,41005.9
688261.SH,20230407,211.88,221.22,208.8,218.17,211.2,6.97,3.3002,11496.01,247482.733
688262.SH,20230407,75.58,77.76,73.88,76.24,76.04,0.2,0.263,56844.45,428001.799
688265.SH,20230407,47.81,49.44,47.81,49.11,48.09,1.02,2.121,2390.3,11692.58
688266.SH,20230407,47.7,56.7,47.7,54.11,47.25,6.86,14.5185,125979.86,674695.289
688267.SH,20230407,30.68,31.18,30.36,30.47,30.66,-0.19,-0.6197,20763.19,63611.506
688268.SH,20230407,98.98,103.49,97.11,102.33,99.41,2.92,2.9373,32959.19,328767.035
688269.SH,20230407,74.15,75.79,74.05,74.76,74.5,0.26,0.349,5152.58,38488.822
688270.SH,20230407,97.6,99.4,96.5,98.9,97.84,1.06,1.0834,12263.02,120120.09
688271.SH,20230407,162.77,166.4,161.07,163.7,161.7,2.0,1.2369,21521.21,353821.373
688272.SH,20230407,19.61,19.74,19.35,19.67,19.43,0.24,1.2352,6757.22,13228.121
688273.SH,20230407,44.74,45.79,44.48,45.04,44.48,0.56,1.259,8096.72,36466.004
688275.SH,20230407,178.5,179.4,177.4,178.33,178.51,-0.18,-0.1008,2859.62,50926.665
688276.SH,20230407,57.29,60.85,57.29,60.24,57.5,2.74,4.7652,28614.03,170977.554
688277.SH,20230407,17.06,17.92,17.0,17.52,17.17,0.35,2.0384,96436.09,169258.136
688278.SH,20230407,45.45,46.36,45.3,45.68,45.12,0.56,1.2411,13827.52,63397.75
688279.SH,20230407,92.5,94.0,90.0,91.59,92.48,-0.89,-0.9624,3655.09,33407.064
688280.SH,20230407,8.89,8.98,8.82,8.98,8.87,0.11,1.2401,22257.43,19790.413
688281.SH,20230407,246.9,263.49,244.0,262.82,246.33,16.49,6.6943,5393.96,138788.329
688282.SH,20230407,49.32,49.32,48.69,49.11,49.32,-0.21,-0.4258,7065.83,34539.36
688283.SH,20230407,62.34,65.98,58.66,64.96,58.57,6.39,10.91,13955.45,87721.513
688285.SH,20230407,9.27,9.33,9.08,9.13,9.28,-0.15,-1.6164,26950.14,24704.535
688286.SH,20230407,64.98,65.01,62.05,64.02,64.66,-0.64,-0.9898,16718.81,105914.814
688287.SH,20230407,13.99,13.99,13.69,13.85,13.94,-0.09,-0.6456,40662.17,56174.08
688288.SH,20230407,23.98,24.15,23.3,23.65,23.7,-0.05,-0.211,11732.92,27649.15
688289.SH,20230407,23.75,24.23,23.68,24.15,23.75,0.4,1.6842,49483.09,119134.448
688290.SH,20230407,84.37,85.15,82.5,84.41,83.49,0.92,1.1019,4973.41,41839.014
688291.SH,20230407,29.5,30.18,29.2,29.3,29.72,-0.42,-1.4132,11290.87,33321.072
688292.SH,20230407,32.93,39.58,32.16,38.77,33.09,5.68,17.1653,75991.73,272567.832
688293.SH,20230407,108.34,115.0,107.23,112.29,107.7,4.59,4.2618,8012.38,89734.326
688295.SH,20230407,39.58,42.34,39.58,42.3,39.55,2.75,6.9532,57864.7,238357.258
688296.SH,20230407,26.42,27.41,26.14,27.24,26.32,0.92,3.4954,7631.35,20559.536
688297.SH,20230407,53.89,54.7,53.3,53.67,53.89,-0.22,-0.4082,79014.64,425669.889
688298.SH,20230407,65.31,67.18,65.03,67.05,65.31,1.74,2.6642,20840.93,138623.278
688299.SH,20230407,17.39,17.4,17.18,17.31,17.32,-0.01,-0.0577,33087.47,57197.199
688300.SH,20230407,90.78,97.0,85.52,87.34,87.58,-0.24,-0.274,43088.19,385884.696
688301.SH,20230407,347.54,365.88,343.28,361.61,347.3,14.31,4.1204,5054.56,182086.326
688302.SH,20230407,59.25,68.0,58.75,65.67,57.58,8.09,14.05,15994.56,103277.557
688303.SH,20230407,48.18,48.49,48.1,48.37,48.27,0.1,0.2072,65866.5,318355.742
688305.SH,20230407,96.18,98.5,93.5,96.41,95.0,1.41,1.4842,37672.24,362133.758
688306.SH,20230407,5.37,5.39,5.29,5.35,5.37,-0.02,-0.3724,64868.64,34584.403
688307.SH,20230407,38.5,38.85,37.6,38.72,38.52,0.2,0.5192,21940.56,84050.009
000920.SZ,20230407,9.1,9.25,9.09,9.16,9.1,0.06,0.6593,30663.0,28117.755
000921.SZ,20230407,20.29,20.83,20.11,20.38,20.33,0.05,0.2459,37698.8,77090.863
000922.SZ,20230407,11.28,11.49,11.24,11.38,11.24,0.14,1.2456,71427.85,81231.391
000923.SZ,20230407,13.97,14.01,13.81,13.96,14.01,-0.05,-0.3569,48975.18,68138.488
000925.SZ,20230407,8.74,8.9,8.67,8.86,8.74,0.12,1.373,151368.96,133141.074
000926.SZ,20230407,4.19,4.31,4.17,4.3,4.19,0.11,2.6253,146628.44,62597.581
000927.SZ,20230407,3.04,3.05,2.97,3.0,3.04,-0.04,-1.3158,362761.0,108783.041
000928.SZ,20230407,7.6,7.72,7.49,7.52,7.63,-0.11,-1.4417,239928.47,181494.044
000929.SZ,20230407,10.05,10.23,9.9,10.15,10.04,0.11,1.0956,36614.01,37053.572
000930.SZ,20230407,8.49,8.56,8.46,8.53,8.46,0.07,0.8274,87539.66,74640.156
000931.SZ,20230407,6.22,6.34,6.2,6.33,6.23,0.1,1.6051,50028.58,31364.467
000932.SZ,20230407,5.58,5.6,5.54,5.54,5.58,-0.04,-0.7168,310144.64,172525.317
000933.SZ,20230407,17.36,17.55,17.06,17.08,17.43,-0.35,-2.008,249102.01,428624.908
000935.SZ,20230407,21.57,21.87,21.47,21.77,21.57,0.2,0.9272,33212.53,72232.34
000936.SZ,20230407,7.71,7.92,7.56,7.64,7.85,-0.21,-2.6752,944284.63,727679.704
000937.SZ,20230407,7.01,7.04,6.86,6.92,7.02,-0.1,-1.4245,187652.34,130229.863
000938.SZ,20230407,34.4,35.07,34.01,34.16,33.8,0.36,1.0651,618994.74,2133882.631
000948.SZ,20230407,21.59,22.0,21.55,21.74,21.6,0.14,0.6481,133166.78,290193.605
000949.SZ,20230407,3.31,3.34,3.29,3.32,3.31,0.01,0.3021,56638.0,18805.422
000950.SZ,20230407,5.59,5.69,5.59,5.65,5.59,0.06,1.0733,136483.36,77005.318
000951.SZ,20230407,16.0,16.0,15.72,15.8,15.92,-0.12,-0.7538,65085.55,103251.539
000952.SZ,20230407,7.46,7.68,7.45,7.67,7.45,0.22,2.953,35043.0,26631.438
000953.SZ,20230407,5.57,5.7,5.55,5.7,5.57,0.13,2.3339,35857.0,20271.813
000955.SZ,20230407,4.91,5.01,4.88,4.97,4.93,0.04,0.8114,48933.0,24137.363
000957.SZ,20230407,10.39,10.62,10.37,10.55,10.39,0.16,1.5399,115012.67,121497.821
000958.SZ,20230407,4.29,4.32,4.29,4.31,4.29,0.02,0.4662,78779.02,33919.067
000959.SZ,20230407,3.8,3.83,3.79,3.81,3.8,0.01,0.2632,85893.01,32736.893
000960.SZ,20230407,14.57,14.7,14.5,14.56,14.58,-0.02,-0.1372,127200.0,185764.63
000961.SZ,20230407,1.98,2.05,1.98,2.02,1.98,0.04,2.0202,1090424.56,220047.018
000962.SZ,20230407,12.13,12.13,11.88,11.94,12.17,-0.23,-1.8899,69280.01,82893.495
000963.SZ,20230407,47.1,47.56,46.7,47.21,47.2,0.01,0.0212,62902.51,296860.687
000965.SZ,20230407,4.38,4.6,4.29,4.6,4.18,0.42,10.0478,562374.05,253534.712
000966.SZ,20230407,4.66,4.68,4.65,4.68,4.65,0.03,0.6452,86922.0,40602.392
000967.SZ,20230407,5.26,5.3,5.22,5.22,5.25,-0.03,-0.5714,63855.65,33515.292
000968.SZ,20230407,7.93,7.98,7.9,7.93,7.93,0.0,0.0,52103.47,41310.663
000969.SZ,20230407,9.55,9.59,9.4,9.52,9.55,-0.03,-0.3141,186351.58,176778.545
000970.SZ,20230407,13.25,13.35,13.16,13.32,13.25,0.07,0.5283,169938.24,225568.588
000971.SZ,20230407,1.88,1.98,1.88,1.94,1.89,0.05,2.6455,96081.98,18664.493
000972.SZ,20230407,3.65,3.77,3.64,3.75,3.67,0.08,2.1798,51333.1,19056.769
000973.SZ,20230407,4.73,4.73,4.68,4.71,4.73,-0.02,-0.4228,79249.65,37277.829
000975.SZ,20230407,13.75,13.82,13.56,13.57,13.9,-0.33,-2.3741,330817.59,451368.851
000976.SZ,20230407,3.76,3.79,3.75,3.78,3.75,0.03,0.8,76010.85,28664.267
002557.SZ,20230407,42.61,43.55,42.54,43.44,42.61,0.83,1.9479,44510.46,191996.263
002558.SZ,20230407,15.07,16.45,14.4,15.85,15.3,0.55,3.5948,1110737.08,1706912.787
002559.SZ,20230407,8.17,8.32,8.13,8.21,8.18,0.03,0.3667,217537.5,178604.492
002560.SZ,20230407,8.13,8.33,8.11,8.27,8.13,0.14,1.722,198548.0,163822.203
002561.SZ,20230407,10.18,10.24,10.08,10.13,10.16,-0.03,-0.2953,89718.95,90946.569
002562.SZ,20230407,5.11,5.16,5.1,5.16,5.12,0.04,0.7813,80950.14,41629.052
002563.SZ,20230407,5.99,6.09,5.94,6.05,5.96,0.09,1.5101,93851.0,56802.285
002564.SZ,20230407,5.42,5.8,5.42,5.64,5.38,0.26,4.8327,569843.46,322742.584
002565.SZ,20230407,3.8,3.86,3.79,3.85,3.8,0.05,1.3158,100109.56,38378.433
002566.SZ,20230407,8.3,8.38,8.23,8.31,8.3,0.01,0.1205,50123.0,41708.672
002567.SZ,20230407,8.88,9.12,8.74,8.75,9.05,-0.3,-3.3149,361444.13,319597.9
002568.SZ,20230407,42.6,43.4,42.0,42.16,42.81,-0.65,-1.5183,45734.61,195118.925
002569.SZ,20230407,5.81,5.92,5.78,5.88,5.85,0.03,0.5128,11288.0,6621.932
002570.SZ,20230407,4.64,4.65,4.63,4.65,4.65,0.0,0.0,100829.24,46789.469
002571.SZ,20230407,6.27,6.46,6.24,6.44,6.29,0.15,2.3847,30997.06,19867.753
002572.SZ,20230407,20.09,21.3,20.02,20.8,20.18,0.62,3.0723,99038.68,207363.501
002573.SZ,20230407,5.52,5.57,5.49,5.52,5.51,0.01,0.1815,72168.92,39826.121
002574.SZ,20230407,6.65,6.7,6.55,6.56,6.68,-0.12,-1.7964,78234.75,51573.653
002575.SZ,20230407,5.82,5.91,5.8,5.89,5.82,0.07,1.2027,39239.2,22988.602
002576.SZ,20230407,17.94,18.6,17.93,18.12,18.12,0.0,0.0,63020.0,114893.63
002577.SZ,20230407,14.9,15.25,14.35,14.75,14.58,0.17,1.166,105959.19,156294.302
002578.SZ,20230407,4.04,4.06,4.01,4.03,4.04,-0.01,-0.2475,73560.04,29698.612
002579.SZ,20230407,11.34,11.34,10.98,11.01,11.3,-0.29,-2.5664,291649.8,323152.433
002580.SZ,20230407,9.9,10.01,9.8,9.88,10.13,-0.25,-2.4679,309003.44,305730.833
002581.SZ,20230407,17.12,18.36,17.05,18.12,17.24,0.88,5.1044,196865.65,350148.721
002582.SZ,20230407,6.9,6.95,6.89,6.94,6.89,0.05,0.7257,31041.25,21518.938
002583.SZ,20230407,6.44,6.53,6.36,6.45,6.4,0.05,0.7813,219910.32,141748.237
002584.SZ,20230407,6.88,6.88,6.79,6.83,6.86,-0.03,-0.4373,57226.0,39011.941
002585.SZ,20230407,12.01,12.2,11.98,12.07,12.04,0.03,0.2492,100731.0,121876.269
002586.SZ,20230407,3.85,3.89,3.82,3.85,3.82,0.03,0.7853,20138.0,7757.766
002587.SZ,20230407,6.73,6.82,6.58,6.78,6.69,0.09,1.3453,187236.2,125751.696
002588.SZ,20230407,5.91,5.96,5.89,5.96,5.91,0.05,0.846,41482.0,24610.339
002589.SZ,20230407,3.89,3.95,3.88,3.95,3.89,0.06,1.5424,118834.76,46642.109
002590.SZ,20230407,8.99,9.0,8.9,8.99,8.95,0.04,0.4469,46760.0,41888.675
002591.SZ,20230407,6.61,6.72,6.61,6.67,6.63,0.04,0.6033,67710.09,45090.255
002592.SZ,20230407,5.13,5.22,5.07,5.13,5.15,-0.02,-0.3883,36314.38,18654.888
002593.SZ,20230407,3.53,3.57,3.51,3.56,3.53,0.03,0.8499,49332.13,17537.09
002594.SZ,20230407,250.05,252.13,248.33,249.28,250.0,-0.72,-0.288,68722.91,1718631.441
002595.SZ,20230407,29.73,30.15,28.97,29.45,29.94,-0.49,-1.6366,51468.76,151587.356
002596.SZ,20230407,4.15,4.33,4.07,4.12,4.15,-0.03,-0.7229,1913376.45,801533.061
002597.SZ,20230407,29.93,30.42,29.81,30.32,29.93,0.39,1.303,43159.44,130459.727
002598.SZ,20230407,12.01,12.08,11.88,11.9,12.06,-0.16,-1.3267,53325.52,63702.813
920526.BJ,20230407,5.1,5.1,5.0,5.02,5.1,-0.08,-1.5686,3280.95,1650.734
920689.BJ,20230407,8.49,8.54,8.49,8.52,8.52,0.0,0.0,54.0,45.982
920892.BJ,20230407,9.43,9.45,9.37,9.43,9.37,0.06,0.6403,401.3,377.821
920062.BJ,20230407,5.17,5.18,5.13,5.17,5.17,0.0,0.0,944.93,487.851
920964.BJ,20230407,3.25,3.26,3.22,3.24,3.24,0.0,0.0,650.42,210.612
920146.BJ,20230407,2.81,2.81,2.78,2.81,2.81,0.0,0.0,588.9,164.241
920414.BJ,20230407,20.0,20.37,19.91,20.1,20.01,0.09,0.4498,140.1,280.836
920974.BJ,20230407,6.88,7.02,6.88,6.99,6.93,0.06,0.8658,2826.33,1976.495
920368.BJ,20230407,58.45,58.69,58.08,58.62,58.45,0.17,0.2908,679.87,3980.065
920245.BJ,20230407,9.61,9.8,9.61,9.72,9.64,0.08,0.8299,181.0,175.331
920505.BJ,20230407,10.1,10.12,10.06,10.1,10.11,-0.01,-0.0989,413.84,417.201
920807.BJ,20230407,5.64,5.66,5.63,5.65,5.65,0.0,0.0,895.56,505.522
920508.BJ,20230407,6.37,6.53,6.37,6.52,6.41,0.11,1.7161,359.15,230.471
920876.BJ,20230407,7.03,7.08,7.0,7.05,7.0,0.05,0.7143,2213.51,1561.149
920030.BJ,20230407,2.89,2.89,2.87,2.88,2.87,0.01,0.3484,500.25,144.051
920445.BJ,20230407,6.32,6.36,6.3,6.35,6.34,0.01,0.1577,359.44,227.942
920720.BJ,20230407,12.65,12.67,12.51,12.66,12.65,0.01,0.0791,1192.47,1504.138
920839.BJ,20230407,6.77,6.78,6.63,6.69,6.69,0.0,0.0,323.44,217.553
920663.BJ,20230407,10.81,10.96,10.81,10.89,10.92,-0.03,-0.2747,1631.02,1769.841
920478.BJ,20230407,18.62,18.88,18.5,18.75,18.54,0.21,1.1327,1878.77,3516.722
920033.BJ,20230407,28.9,28.9,28.35,28.63,28.51,0.12,0.4209,523.74,1495.433
920405.BJ,20230407,8.05,8.28,8.02,8.28,8.04,0.24,2.9851,2295.22,1874.835
920351.BJ,20230407,5.58,5.63,5.58,5.61,5.58,0.03,0.5376,578.25,324.563
920725.BJ,20230407,16.25,16.45,16.16,16.45,16.31,0.14,0.8584,1793.63,2932.53
920670.BJ,20230407,8.5,8.87,8.5,8.66,8.55,0.11,1.2865,6928.48,6009.596
920149.BJ,20230407,3.8,3.81,3.73,3.81,3.81,0.0,0.0,1827.97,685.959
920374.BJ,20230407,8.84,8.84,8.74,8.76,8.76,0.0,0.0,216.53,189.884
920662.BJ,20230407,7.09,7.18,7.09,7.15,7.09,0.06,0.8463,1930.65,1374.626
920179.BJ,20230407,20.08,20.5,20.08,20.37,20.19,0.18,0.8915,712.55,1448.655
920262.BJ,20230407,14.7,14.7,14.4,14.56,14.56,0.0,0.0,679.14,985.394
920266.BJ,20230407,6.86,6.9,6.78,6.86,6.83,0.03,0.4392,1747.46,1196.894
920371.BJ,20230407,3.31,3.36,3.31,3.34,3.32,0.02,0.6024,4005.13,1336.431
920422.BJ,20230407,8.32,8.35,8.31,8.32,8.31,0.01,0.1203,1362.97,1136.007
920110.BJ,20230407,15.61,15.7,15.6,15.64,15.62,0.02,0.128,100.0,156.505
920809.BJ,20230407,9.83,9.96,9.82,9.92,9.82,0.1,1.0183,12184.6,12082.581
920527.BJ,20230407,8.05,8.05,8.01,8.05,8.05,0.0,0.0,402.22,322.99
920832.BJ,20230407,5.49,5.56,5.48,5.5,5.48,0.02,0.365,774.24,427.879
920961.BJ,20230407,10.23,10.4,10.15,10.4,10.28,0.12,1.1673,2119.0,2182.38
920808.BJ,20230407,42.41,42.92,42.31,42.73,42.38,0.35,0.8259,2147.25,9152.339
920163.BJ,20230407,5.74,5.75,5.71,5.71,5.72,-0.01,-0.1748,154.16,88.35
920489.BJ,20230407,5.61,5.62,5.57,5.59,5.59,0.0,0.0,1475.97,826.794
920378.BJ,20230407,3.19,3.3,3.19,3.25,3.19,0.06,1.8809,1930.0,623.419
920826.BJ,20230407,8.3,8.3,8.21,8.3,8.3,0.0,0.0,255.16,210.524
600726.SH,20230407,2.58,2.62,2.55,2.62,2.58,0.04,1.5504,37988.38,9814.122
600727.SH,20230407,6.36,6.41,6.36,6.41,6.38,0.03,0.4702,25574.0,16324.545
600728.SH,20230407,7.25,7.37,7.14,7.3,7.2,0.1,1.3889,374229.39,271087.208
600729.SH,20230407,26.87,27.02,26.7,26.88,26.9,-0.02,-0.0743,10983.21,29461.377
600730.SH,20230407,6.09,6.23,6.08,6.23,6.1,0.13,2.1311,60805.0,37597.574
600731.SH,20230407,8.39,8.43,8.33,8.36,8.4,-0.04,-0.4762,60033.03,50249.231
600732.SH,20230407,32.88,33.12,32.4,32.47,32.82,-0.35,-1.0664,104657.96,342327.264
600733.SH,20230407,5.97,6.01,5.95,5.99,5.98,0.01,0.1672,161336.36,96651.245
600734.SH,20230407,4.02,4.05,3.98,4.0,4.0,0.0,0.0,65825.66,26376.165
600735.SH,20230407,6.19,6.27,6.17,6.23,6.2,0.03,0.4839,32027.46,19953.15
600736.SH,20230407,4.96,5.05,4.95,5.04,4.96,0.08,1.6129,93642.09,47059.83
600737.SH,20230407,8.43,8.71,8.36,8.55,8.2,0.35,4.2683,905423.75,774318.2
600738.SH,20230407,7.75,7.77,7.61,7.69,7.79,-0.1,-1.2837,123697.0,95067.543
600739.SH,20230407,13.2,13.29,13.2,13.25,13.21,0.04,0.3028,53795.51,71194.645
600740.SH,20230407,5.49,5.53,5.47,5.51,5.5,0.01,0.1818,89200.96,49097.201
600741.SH,20230407,16.65,16.86,16.6,16.82,16.66,0.16,0.9604,95645.39,159888.104
600742.SH,20230407,8.49,8.57,8.47,8.54,8.51,0.03,0.3525,61474.61,52337.888
600743.SH,20230407,1.67,1.73,1.66,1.71,1.67,0.04,2.3952,175373.44,29903.656
600744.SH,20230407,4.07,4.1,4.07,4.09,4.07,0.02,0.4914,44137.78,18032.023
600745.SH,20230407,60.9,61.5,57.82,58.99,59.2,-0.21,-0.3547,444524.18,2630357.65
600746.SH,20230407,7.92,7.97,7.9,7.96,7.93,0.03,0.3783,17652.0,14031.283
600748.SH,20230407,3.51,3.6,3.5,3.59,3.51,0.08,2.2792,95968.5,34358.133
600749.SH,20230407,12.61,12.93,12.52,12.78,12.55,0.23,1.8327,62364.0,79829.783
600750.SH,20230407,20.16,20.32,19.88,19.88,20.18,-0.3,-1.4866,77536.31,155578.951
600751.SH,20230407,2.75,2.78,2.74,2.76,2.75,0.01,0.3636,224243.58,61772.44
600753.SH,20230407,11.59,11.92,11.52,11.83,11.55,0.28,2.4242,35201.92,41482.546
600754.SH,20230407,66.57,68.06,64.99,65.31,66.57,-1.26,-1.8927,50778.79,335990.407
600755.SH,20230407,8.55,8.62,8.4,8.43,8.53,-0.1,-1.1723,141675.99,120080.522
600756.SH,20230407,18.4,18.49,17.8,18.08,18.03,0.05,0.2773,209154.55,378442.231
600757.SH,20230407,6.59,6.67,6.48,6.61,6.58,0.03,0.4559,102172.35,67355.165
600758.SH,20230407,4.08,4.09,4.06,4.07,4.08,-0.01,-0.2451,84427.0,34365.232
600759.SH,20230407,2.32,2.42,2.31,2.39,2.3,0.09,3.913,628358.96,150793.872
600760.SH,20230407,54.24,54.6,54.17,54.38,54.2,0.18,0.3321,60350.26,328446.313
600761.SH,20230407,18.4,19.05,18.22,18.75,18.4,0.35,1.9022,84116.39,157856.207
600763.SH,20230407,125.99,128.89,125.11,127.96,125.69,2.27,1.806,46490.96,594241.438
600764.SH,20230407,26.38,26.38,25.69,25.78,26.31,-0.53,-2.0144,47520.44,123196.821
600765.SH,20230407,25.3,25.82,25.17,25.34,25.36,-0.02,-0.0789,179683.3,459226.536
600766.SH,20230407,16.18,16.55,15.9,16.41,16.15,0.26,1.6099,19979.0,32549.995
600767.SH,20230407,5.78,5.82,5.71,5.73,5.77,-0.04,-0.6932,14473.01,8316.591
600768.SH,20230407,10.58,10.77,10.43,10.68,10.51,0.17,1.6175,23642.01,25182.923
600769.SH,20230407,7.41,7.52,7.35,7.51,7.42,0.09,1.2129,28277.0,21172.184
600770.SH,20230407,6.89,6.92,6.81,6.92,6.89,0.03,0.4354,74526.76,51219.242
603280.SH,20230407,25.19,25.37,25.11,25.17,25.33,-0.16,-0.6317,15014.67,37863.691
603281.SH,20230407,48.7,50.6,48.6,49.98,48.83,1.15,2.3551,36452.09,182091.697
603282.SH,20230407,36.12,36.22,33.82,33.99,36.88,-2.89,-7.8362,92551.21,323786.608
603283.SH,20230407,46.89,47.81,45.64,46.08,46.3,-0.22,-0.4752,38994.16,181570.001
603286.SH,20230407,16.08,16.23,16.0,16.17,16.04,0.13,0.8105,9229.0,14865.035
603288.SH,20230407,76.52,77.42,76.3,76.65,76.68,-0.03,-0.0391,17324.04,133012.507
603289.SH,20230407,10.64,10.7,10.44,10.67,10.63,0.04,0.3763,32800.8,34658.444
603290.SH,20230407,295.4,298.65,291.5,297.55,295.43,2.12,0.7176,31612.72,931879.083
603291.SH,20230407,16.44,18.1,15.7,18.1,16.45,1.65,10.0304,286885.21,486698.187
603297.SH,20230407,84.04,86.49,84.02,85.52,84.9,0.62,0.7303,5089.3,43542.509
603298.SH,20230407,18.78,19.6,18.57,19.17,18.71,0.46,2.4586,68944.01,132173.975
603299.SH,20230407,10.21,10.44,10.21,10.37,10.2,0.17,1.6667,55828.5,57827.552
603300.SH,20230407,8.5,8.56,8.32,8.39,8.39,0.0,0.0,120496.83,101544.085
603301.SH,20230407,35.89,36.44,35.8,36.34,35.83,0.51,1.4234,12954.57,47023.539
603303.SH,20230407,15.52,15.59,15.24,15.25,15.52,-0.27,-1.7397,23620.2,36144.226
603305.SH,20230407,35.96,36.9,35.08,35.39,36.0,-0.61,-1.6944,74650.2,266587.17
603306.SH,20230407,39.0,39.72,38.31,39.33,39.07,0.26,0.6655,54235.45,211240.401
603307.SH,20230407,55.61,55.82,55.01,55.35,55.98,-0.63,-1.1254,8274.0,45815.376
603308.SH,20230407,19.46,19.92,19.12,19.33,19.46,-0.13,-0.668,51929.4,101089.466
603309.SH,20230407,17.06,17.5,16.89,17.33,17.09,0.24,1.4043,47746.5,82149.12
603311.SH,20230407,13.29,13.43,13.17,13.29,13.29,0.0,0.0,14695.94,19578.175
603313.SH,20230407,10.82,11.09,10.82,10.99,10.9,0.09,0.8257,33800.55,37114.61
603315.SH,20230407,16.34,16.67,15.53,15.82,15.39,0.43,2.794,85225.5,137252.336
603316.SH,20230407,5.75,5.86,5.71,5.79,5.75,0.04,0.6957,32623.2,18886.18
603317.SH,20230407,24.69,25.1,24.55,24.83,24.57,0.26,1.0582,35008.7,87175.585
603318.SH,20230407,7.85,8.02,7.82,8.01,7.84,0.17,2.1684,55643.38,44238.858
603319.SH,20230407,15.98,16.18,15.96,16.09,15.98,0.11,0.6884,14941.33,24006.315
603320.SH,20230407,12.88,13.08,12.86,13.05,12.93,0.12,0.9281,7794.5,10108.442
603321.SH,20230407,7.03,7.16,6.99,7.14,7.03,0.11,1.5647,21344.0,15136.966
603322.SH,20230407,20.04,20.33,19.72,20.27,20.5,-0.23,-1.122,66405.29,132956.478
603323.SH,20230407,4.65,4.68,4.63,4.67,4.65,0.02,0.4301,108152.37,50389.138
603324.SH,20230407,36.78,36.88,36.05,36.53,36.67,-0.14,-0.3818,12774.0,46547.013
603326.SH,20230407,8.24,8.59,8.22,8.5,8.32,0.18,2.1635,14452.56,12213.629
603327.SH,20230407,15.04,15.37,14.92,15.32,15.01,0.31,2.0653,31856.68,48566.742
603328.SH,20230407,7.77,7.8,7.65,7.77,7.73,0.04,0.5175,120998.81,93340.105
603329.SH,20230407,15.21,15.3,15.06,15.22,15.17,0.05,0.3296,12010.0,18273.281
603330.SH,20230407,12.0,12.21,11.95,12.05,12.03,0.02,0.1663,26380.45,31845.53
603331.SH,20230407,13.45,13.72,13.41,13.54,13.44,0.1,0.744,15860.7,21471.891
603332.SH,20230407,10.85,10.88,10.8,10.85,10.84,0.01,0.0923,12060.0,13070.29
603333.SH,20230407,5.88,6.02,5.85,6.02,5.9,0.12,2.0339,102247.0,60768.172
603335.SH,20230407,5.72,5.8,5.69,5.8,5.71,0.09,1.5762,23557.8,13587.594
603336.SH,20230407,6.47,6.52,6.4,6.51,6.46,0.05,0.774,33246.51,21538.995
688308.SH,20230407,70.2,70.58,69.39,69.82,70.2,-0.38,-0.5413,7520.0,52654.818
688309.SH,20230407,22.2,22.22,21.96,22.13,22.45,-0.32,-1.4254,4381.79,9668.632
688310.SH,20230407,37.97,38.3,37.06,37.81,37.6,0.21,0.5585,6978.25,26291.599
688311.SH,20230407,69.31,72.5,67.88,71.7,69.31,2.39,3.4483,19868.82,139390.997
688312.SH,20230407,18.96,19.03,18.6,18.89,19.03,-0.14,-0.7357,17534.8,32840.969
688313.SH,20230407,16.91,17.57,16.31,17.5,16.91,0.59,3.4891,502760.5,852458.951
688314.SH,20230407,49.64,53.65,49.64,52.68,49.64,3.04,6.1241,8061.98,41981.4
688315.SH,20230407,29.58,31.79,29.58,30.9,29.88,1.02,3.4137,35642.44,110184.316
688316.SH,20230407,63.55,65.75,60.48,64.38,63.78,0.6,0.9407,44827.58,283397.846
688317.SH,20230407,31.55,32.08,31.48,31.98,31.54,0.44,1.3951,16803.1,53578.503
688318.SH,20230407,160.0,167.3,153.14,160.62,160.99,-0.37,-0.2298,33732.34,543373.037
688319.SH,20230407,21.84,23.15,21.82,22.79,21.97,0.82,3.7324,26790.04,61068.754
688320.SH,20230407,39.8,43.1,39.8,42.0,39.8,2.2,5.5276,29632.85,123932.669
688321.SH,20230407,27.2,30.58,27.1,29.46,27.12,2.34,8.6283,127199.07,374804.369
688322.SH,20230407,36.08,37.59,34.96,37.25,35.67,1.58,4.4295,49721.07,181281.528
688323.SH,20230407,24.86,25.3,24.57,25.05,24.78,0.27,1.0896,9603.51,23999.875
688325.SH,20230407,51.09,51.8,50.11,50.87,51.09,-0.22,-0.4306,10087.97,51158.243
688326.SH,20230407,131.1,143.99,129.15,142.05,131.1,10.95,8.3524,15035.14,207918.59
688327.SH,20230407,56.94,59.18,52.1,58.94,57.22,1.72,3.0059,217669.39,1218480.067
688328.SH,20230407,26.1,26.3,25.69,26.25,26.07,0.18,0.6904,17465.94,45444.644
688329.SH,20230407,38.1,39.18,37.82,38.87,38.08,0.79,2.0746,8836.42,34255.728
688330.SH,20230407,66.35,67.4,66.2,66.6,66.39,0.21,0.3163,4708.23,31430.546
688331.SH,20230407,61.5,69.45,61.5,68.15,61.35,6.8,11.0839,82373.34,558287.64
688332.SH,20230407,76.13,76.87,72.39,76.21,77.09,-0.88,-1.1415,36643.49,273950.054
688333.SH,20230407,139.41,148.0,137.96,145.8,139.41,6.39,4.5836,11240.48,162796.736
688335.SH,20230407,23.0,23.4,23.0,23.09,23.1,-0.01,-0.0433,4592.94,10642.758
688336.SH,20230407,16.74,18.09,16.69,17.56,16.69,0.87,5.2127,44766.03,78776.502
688337.SH,20230407,89.5,97.55,89.5,96.9,89.49,7.41,8.2803,12974.53,123911.007
688338.SH,20230407,50.92,57.19,50.9,56.57,51.0,5.57,10.9216,22432.36,125012.258
688339.SH,20230407,93.17,97.22,92.5,94.33,92.75,1.58,1.7035,22439.12,214210.315
688343.SH,20230407,98.0,104.88,96.82,101.0,99.0,2.0,2.0202,234362.81,2362998.857
688345.SH,20230407,43.5,44.07,43.2,43.46,43.54,-0.08,-0.1837,4873.64,21237.368
688348.SH,20230407,318.0,324.58,316.89,320.38,320.08,0.3,0.0937,8729.26,280313.637
688349.SH,20230407,31.58,32.5,31.32,31.89,31.45,0.44,1.399,28374.64,90674.824
688350.SH,20230407,20.99,20.99,20.44,20.53,20.8,-0.27,-1.2981,10681.08,21993.68
688351.SH,20230407,21.48,23.45,21.48,22.56,21.77,0.79,3.6288,27640.87,62975.174
688353.SH,20230407,65.49,65.88,65.1,65.83,65.49,0.34,0.5192,3470.22,22799.528
688355.SH,20230407,27.3,28.14,27.04,27.55,27.5,0.05,0.1818,11414.99,31420.71
688356.SH,20230407,145.7,153.03,145.53,151.44,145.7,5.74,3.9396,5550.56,83775.835
688357.SH,20230407,95.98,97.9,95.2,97.18,96.19,0.99,1.0292,5580.39,53936.739
688358.SH,20230407,37.61,38.36,37.42,38.04,37.82,0.22,0.5817,15504.84,58773.732
688359.SH,20230407,67.28,67.28,65.33,65.86,66.73,-0.87,-1.3038,5246.16,34522.609
000977.SZ,20230407,38.7,38.87,37.35,38.18,38.78,-0.6,-1.5472,1337380.22,5090319.898
000978.SZ,20230407,8.46,8.66,8.39,8.58,8.44,0.14,1.6588,136963.0,117248.435
000980.SZ,20230407,3.45,3.52,3.45,3.49,3.46,0.03,0.8671,307149.21,107112.099
000981.SZ,20230407,1.8,1.84,1.79,1.82,1.79,0.03,1.676,447862.18,81392.281
000982.SZ,20230407,1.59,1.62,1.57,1.62,1.59,0.03,1.8868,402428.0,64471.078
000983.SZ,20230407,10.77,10.81,10.7,10.73,10.77,-0.04,-0.3714,281036.9,301661.344
000985.SZ,20230407,16.2,16.45,16.17,16.44,16.19,0.25,1.5442,11447.0,18715.275
000987.SZ,20230407,7.13,7.13,6.95,6.98,7.13,-0.15,-2.1038,427532.39,299287.786
000988.SZ,20230407,31.98,32.88,30.84,31.77,31.95,-0.18,-0.5634,849318.87,2679940.847
000989.SZ,20230407,14.65,15.49,14.18,14.68,14.67,0.01,0.0682,742691.58,1096985.714
000990.SZ,20230407,9.02,9.04,8.99,9.02,9.01,0.01,0.111,60019.18,54121.584
000993.SZ,20230407,9.84,9.92,9.82,9.92,9.84,0.08,0.813,21084.86,20838.514
000995.SZ,20230407,17.12,17.16,16.86,16.93,17.05,-0.12,-0.7038,12808.0,21741.017
000996.SZ,20230407,6.75,6.89,6.72,6.89,6.79,0.1,1.4728,43911.43,30026.237
000997.SZ,20230407,17.12,17.36,17.02,17.29,16.98,0.31,1.8257,78421.21,135064.097
000998.SZ,20230407,16.08,16.25,15.97,16.2,16.09,0.11,0.6837,117240.85,189276.371
000999.SZ,20230407,60.08,60.57,58.19,58.35,59.9,-1.55,-2.5876,69662.75,410934.7
001201.SZ,20230407,31.66,31.93,31.35,31.37,31.85,-0.48,-1.5071,17826.28,56286.926
001202.SZ,20230407,14.53,14.94,14.37,14.66,14.48,0.18,1.2431,14047.0,20573.582
001203.SZ,20230407,12.33,12.57,12.28,12.5,12.37,0.13,1.0509,73627.32,91507.173
001205.SZ,20230407,21.65,22.25,21.43,21.48,21.61,-0.13,-0.6016,32455.6,70983.699
001206.SZ,20230407,24.11,24.35,24.11,24.32,24.17,0.15,0.6206,6143.81,14924.151
001207.SZ,20230407,14.99,15.05,14.81,14.94,14.81,0.13,0.8778,10138.54,15159.013
001208.SZ,20230407,10.2,10.2,10.07,10.1,10.11,-0.01,-0.0989,23205.0,23459.4
001209.SZ,20230407,14.04,14.29,14.03,14.23,14.04,0.19,1.3533,8755.6,12412.684
001210.SZ,20230407,23.27,23.56,23.21,23.47,23.3,0.17,0.7296,2323.67,5444.282
001211.SZ,20230407,21.97,22.21,21.8,22.08,21.97,0.11,0.5007,3696.79,8145.846
001212.SZ,20230407,32.3,34.45,32.16,33.95,32.5,1.45,4.4615,47071.58,157604.5
001213.SZ,20230407,4.56,4.57,4.54,4.57,4.57,0.0,0.0,143560.9,65390.388
001215.SZ,20230407,72.01,72.5,70.3,71.14,72.01,-0.87,-1.2082,7406.4,52754.888
001216.SZ,20230407,12.66,12.85,12.65,12.81,12.71,0.1,0.7868,11935.05,15231.314
001217.SZ,20230407,12.76,13.8,12.61,13.1,12.59,0.51,4.0508,83577.1,110630.344
001218.SZ,20230407,21.71,21.87,21.69,21.76,21.71,0.05,0.2303,3733.0,8116.977
001219.SZ,20230407,22.35,22.59,22.3,22.36,22.45,-0.09,-0.4009,11210.4,25149.463
001222.SZ,20230407,24.29,24.7,24.25,24.6,24.26,0.34,1.4015,7514.88,18440.613
001223.SZ,20230407,69.88,73.59,69.52,70.9,70.11,0.79,1.1268,16346.87,117375.336
001225.SZ,20230407,50.64,50.76,50.1,50.58,50.77,-0.19,-0.3742,5115.22,25816.931
001226.SZ,20230407,29.4,29.71,29.2,29.63,29.38,0.25,0.8509,4974.91,14685.344
001227.SZ,20230407,3.05,3.07,3.04,3.05,3.05,0.0,0.0,311319.92,95071.135
001228.SZ,20230407,49.21,50.1,48.96,49.6,49.21,0.39,0.7925,9662.21,48050.988
001229.SZ,20230407,34.31,34.79,33.8,34.16,34.02,0.14,0.4115,26414.41,90394.962
001230.SZ,20230407,26.2,26.4,26.16,26.34,26.18,0.16,0.6112,4473.52,11751.348
002599.SZ,20230407,6.25,6.49,6.16,6.43,6.21,0.22,3.5427,334619.0,213131.244
002600.SZ,20230407,6.38,6.38,6.15,6.2,6.35,-0.15,-2.3622,680642.21,425023.304
002601.SZ,20230407,19.41,19.99,19.41,19.85,19.4,0.45,2.3196,112874.02,223201.053
002602.SZ,20230407,6.07,6.64,5.9,6.64,6.04,0.6,9.9338,4551724.71,2901356.436
002603.SZ,20230407,31.51,32.09,30.82,30.99,31.54,-0.55,-1.7438,521071.81,1634232.012
002605.SZ,20230407,28.98,31.7,28.0,31.01,29.29,1.72,5.8723,216442.61,652336.586
002606.SZ,20230407,10.15,10.3,10.12,10.18,10.19,-0.01,-0.0981,83554.0,85255.869
002607.SZ,20230407,4.64,4.77,4.61,4.69,4.65,0.04,0.8602,1105566.07,520438.461
002608.SZ,20230407,6.17,6.37,6.14,6.35,6.12,0.23,3.7582,63564.69,39960.172
002609.SZ,20230407,11.45,12.0,11.03,11.73,11.08,0.65,5.8664,315776.91,367546.491
002610.SZ,20230407,2.88,2.9,2.86,2.88,2.88,0.0,0.0,542517.22,156223.854
002611.SZ,20230407,5.3,5.55,5.19,5.33,5.23,0.1,1.912,712291.44,383827.091
002612.SZ,20230407,27.3,28.55,27.27,27.34,27.24,0.1,0.3671,291724.47,815199.171
002613.SZ,20230407,4.92,5.12,4.92,5.06,4.92,0.14,2.8455,135095.2,67981.037
002614.SZ,20230407,8.49,8.62,8.46,8.6,8.5,0.1,1.1765,59096.0,50500.763
002615.SZ,20230407,7.26,7.32,7.08,7.11,7.24,-0.13,-1.7956,48856.7,34909.476
002616.SZ,20230407,5.06,5.1,4.99,5.08,5.01,0.07,1.3972,36846.0,18675.173
002617.SZ,20230407,9.37,9.42,9.16,9.22,9.37,-0.15,-1.6009,778735.74,719414.779
002620.SZ,20230407,5.35,5.5,5.34,5.45,5.35,0.1,1.8692,72258.0,39412.587
002621.SZ,20230407,4.06,4.16,4.06,4.13,4.07,0.06,1.4742,127484.0,52484.751
002622.SZ,20230407,3.24,3.38,3.24,3.33,3.25,0.08,2.4615,92559.0,30777.998
002623.SZ,20230407,29.94,30.3,29.89,29.92,29.93,-0.01,-0.0334,23605.73,70951.937
002624.SZ,20230407,18.94,19.87,18.37,19.56,18.42,1.14,6.1889,965030.55,1850948.945
002625.SZ,20230407,17.09,17.24,17.0,17.08,17.09,-0.01,-0.0585,78849.09,134635.106
002626.SZ,20230407,23.75,23.98,23.6,23.69,24.0,-0.31,-1.2917,71755.52,170206.518
002627.SZ,20230407,5.56,5.67,5.55,5.63,5.56,0.07,1.259,57592.11,32364.861
002628.SZ,20230407,3.48,3.51,3.46,3.5,3.48,0.02,0.5747,80677.2,28154.659
002629.SZ,20230407,3.75,3.77,3.72,3.76,3.74,0.02,0.5348,58809.5,22011.884
002630.SZ,20230407,2.63,2.82,2.63,2.71,2.62,0.09,3.4351,504194.8,138358.513
002631.SZ,20230407,5.77,5.85,5.74,5.82,5.77,0.05,0.8666,20025.15,11610.522
002632.SZ,20230407,7.3,7.48,7.3,7.38,7.31,0.07,0.9576,67645.04,50030.001
002633.SZ,20230407,10.73,11.17,10.52,11.17,10.68,0.49,4.588,28795.13,31569.24
002634.SZ,20230407,8.32,8.44,8.2,8.43,8.27,0.16,1.9347,46558.04,38751.821
002635.SZ,20230407,15.15,15.16,14.85,15.09,15.23,-0.14,-0.9192,130766.32,196215.352
002636.SZ,20230407,10.18,10.18,9.89,9.9,10.21,-0.31,-3.0362,183223.69,182664.574
002637.SZ,20230407,11.81,12.03,11.81,12.02,11.82,0.2,1.692,11263.82,13466.826
002638.SZ,20230407,2.56,2.6,2.55,2.58,2.56,0.02,0.7813,197844.5,50905.546
002639.SZ,20230407,8.8,8.9,8.78,8.81,8.8,0.01,0.1136,93566.05,82633.977
002640.SZ,20230407,4.39,4.46,4.36,4.44,4.39,0.05,1.139,336825.31,149318.54
002641.SZ,20230407,4.89,4.95,4.87,4.95,4.86,0.09,1.8519,121489.8,59927.696
002642.SZ,20230407,8.59,8.85,8.42,8.82,8.59,0.23,2.6775,408070.0,355366.313
002643.SZ,20230407,18.13,18.13,17.73,18.05,18.14,-0.09,-0.4961,64987.22,116639.912
002953.SZ,20230407,11.9,12.07,11.85,11.96,11.91,0.05,0.4198,26503.46,31723.713
002955.SZ,20230407,26.69,27.32,26.27,27.18,26.81,0.37,1.3801,97256.22,262138.069
002956.SZ,20230407,14.93,14.98,14.63,14.85,14.86,-0.01,-0.0673,16242.3,24154.35
002957.SZ,20230407,17.9,18.46,17.78,18.33,17.99,0.34,1.8899,69701.46,127033.077
002958.SZ,20230407,2.82,2.84,2.81,2.84,2.82,0.02,0.7092,105477.06,29831.905
002959.SZ,20230407,71.3,74.5,69.51,70.99,69.96,1.03,1.4723,24103.61,172847.853
002960.SZ,20230407,26.12,26.43,25.88,26.16,26.26,-0.1,-0.3808,39245.61,102512.058
002961.SZ,20230407,16.15,16.28,16.05,16.2,16.11,0.09,0.5587,16563.0,26820.258
002962.SZ,20230407,13.41,13.49,13.03,13.12,13.26,-0.14,-1.0558,127535.36,168217.162
002963.SZ,20230407,13.53,13.74,13.48,13.64,13.51,0.13,0.9623,11369.0,15520.075
002965.SZ,20230407,50.19,50.7,49.25,49.72,50.42,-0.7,-1.3883,45167.0,224835.059
002966.SZ,20230407,6.89,6.93,6.87,6.91,6.89,0.02,0.2903,127268.49,87818.236
002967.SZ,20230407,21.68,21.78,21.25,21.42,21.62,-0.2,-0.9251,38119.8,81763.669
002968.SZ,20230407,21.57,22.13,21.46,22.0,21.57,0.43,1.9935,6167.95,13526.536
002969.SZ,20230407,3.88,3.92,3.87,3.91,3.87,0.04,1.0336,37734.2,14725.904
002970.SZ,20230407,25.15,25.89,24.87,25.78,24.95,0.83,3.3267,35714.38,91435.714
002971.SZ,20230407,26.29,26.48,24.38,24.55,25.4,-0.85,-3.3465,54353.0,136316.962
002972.SZ,20230407,17.77,17.95,17.66,17.94,17.75,0.19,1.0704,16314.0,29097.233
002973.SZ,20230407,10.9,11.09,10.8,11.07,10.91,0.16,1.4665,17405.0,19032.954
002975.SZ,20230407,44.04,45.4,43.13,45.28,44.01,1.27,2.8857,18246.0,80997.157
002976.SZ,20230407,24.84,24.95,24.66,24.88,24.84,0.04,0.161,5933.0,14731.369
002977.SZ,20230407,41.11,41.31,40.61,40.98,41.06,-0.08,-0.1948,11918.4,48699.358
002978.SZ,20230407,36.11,36.52,35.93,36.04,36.11,-0.07,-0.1939,8025.22,29038.237
002979.SZ,20230407,21.92,22.65,21.91,22.45,21.93,0.52,2.3712,39567.92,88612.102
002980.SZ,20230407,31.55,32.19,31.4,31.95,31.55,0.4,1.2678,7596.0,24244.227
002981.SZ,20230407,28.05,28.06,27.53,27.6,28.06,-0.46,-1.6393,9552.53,26450.877
002982.SZ,20230407,43.1,43.17,42.67,42.7,43.02,-0.32,-0.7438,11173.0,47926.867
002983.SZ,20230407,22.8,22.99,22.36,22.59,22.99,-0.4,-1.7399,35261.48,79512.628
002984.SZ,20230407,31.08,31.72,31.08,31.5,31.24,0.26,0.8323,36759.37,115550.24
002985.SZ,20230407,46.5,46.79,46.32,46.5,46.3,0.2,0.432,16156.29,75117.806
002986.SZ,20230407,27.57,28.25,27.5,28.03,27.78,0.25,0.8999,14497.08,40421.579
002987.SZ,20230407,32.92,33.04,32.21,32.52,32.47,0.05,0.154,62919.66,205261.694
002988.SZ,20230407,16.96,18.4,16.96,18.3,16.95,1.35,7.9646,58825.88,104574.786
002989.SZ,20230407,15.14,15.6,15.1,15.54,15.16,0.38,2.5066,15851.2,24439.125
002990.SZ,20230407,34.8,35.54,34.18,35.19,34.55,0.64,1.8524,23724.42,82974.668
002991.SZ,20230407,87.87,88.5,84.65,86.0,87.2,-1.2,-1.3761,5655.14,48836.393
002992.SZ,20230407,42.68,43.75,41.9,42.09,42.43,-0.34,-0.8013,36334.7,154200.449
002993.SZ,20230407,34.04,34.65,33.72,34.47,33.86,0.61,1.8015,31922.57,109172.689
002995.SZ,20230407,30.02,30.55,29.05,30.2,29.86,0.34,1.1386,79350.2,236828.565
002996.SZ,20230407,12.44,12.46,12.34,12.37,12.46,-0.09,-0.7223,16204.0,20088.509
002997.SZ,20230407,24.68,25.14,24.29,24.95,24.67,0.28,1.135,25324.26,63160.25
002998.SZ,20230407,6.59,6.61,6.53,6.57,6.57,0.0,0.0,31281.39,20520.634
920299.BJ,20230407,4.11,4.22,4.11,4.21,4.2,0.01,0.2381,184.01,76.911
920942.BJ,20230407,10.4,10.43,10.38,10.43,10.39,0.04,0.385,334.89,348.042
920122.BJ,20230407,11.52,11.52,11.3,11.34,11.32,0.02,0.1767,735.86,834.306
920971.BJ,20230407,16.18,16.23,16.01,16.21,16.0,0.21,1.3125,341.24,550.441
920454.BJ,20230407,5.91,5.91,5.84,5.87,5.87,0.0,0.0,660.34,386.974
920895.BJ,20230407,6.33,6.55,6.24,6.48,6.6,-0.12,-1.8182,29103.52,18409.423
920046.BJ,20230407,5.0,5.0,4.95,5.0,4.99,0.01,0.2004,495.17,246.817
920799.BJ,20230407,7.5,7.6,7.36,7.46,7.45,0.01,0.1342,6124.34,4556.487
920021.BJ,20230407,2.93,2.95,2.93,2.95,2.93,0.02,0.6826,6360.77,1872.166
920227.BJ,20230407,18.9,19.04,18.85,19.04,18.95,0.09,0.4749,162.6,308.384
920819.BJ,20230407,5.25,5.29,5.23,5.29,5.25,0.04,0.7619,13091.61,6876.853
920533.BJ,20230407,19.15,19.44,19.13,19.44,19.15,0.29,1.5144,1289.3,2490.893
920642.BJ,20230407,7.73,7.78,7.62,7.69,7.74,-0.05,-0.646,1191.58,912.433
920207.BJ,20230407,7.05,7.12,6.95,6.99,7.08,-0.09,-1.2712,9363.23,6560.94
600000.SH,20230407,7.19,7.24,7.16,7.23,7.18,0.05,0.6964,174658.2,125889.35
600004.SH,20230407,16.75,16.9,16.4,16.46,16.7,-0.24,-1.4371,203485.22,338260.636
600006.SH,20230407,5.63,5.68,5.61,5.66,5.63,0.03,0.5329,83348.62,47177.081
600007.SH,20230407,16.66,17.58,16.66,17.38,16.67,0.71,4.2591,25138.86,43455.503
600008.SH,20230407,3.0,3.01,2.99,3.0,3.0,0.0,0.0,383014.35,114782.095
600009.SH,20230407,57.01,57.29,56.66,57.06,57.0,0.06,0.1053,67648.0,386108.951
600010.SH,20230407,1.89,1.9,1.88,1.89,1.89,0.0,0.0,1085213.37,204784.794
600011.SH,20230407,8.27,8.55,8.22,8.52,8.28,0.24,2.8986,346662.98,290866.091
600015.SH,20230407,5.4,5.4,5.36,5.38,5.39,-0.01,-0.1855,192673.0,103655.489
600016.SH,20230407,3.45,3.46,3.45,3.46,3.46,0.0,0.0,262897.14,90805.106
600017.SH,20230407,2.82,2.83,2.81,2.82,2.82,0.0,0.0,207391.0,58461.376
600018.SH,20230407,5.53,5.54,5.46,5.49,5.54,-0.05,-0.9025,181094.01,99520.321
600019.SH,20230407,6.53,6.54,6.44,6.53,6.49,0.04,0.6163,320277.21,208457.416
600020.SH,20230407,3.25,3.25,3.22,3.23,3.24,-0.01,-0.3086,43780.01,14144.471
600021.SH,20230407,9.81,9.9,9.78,9.89,9.85,0.04,0.4061,171411.43,169181.718
600022.SH,20230407,1.57,1.57,1.55,1.56,1.57,-0.01,-0.6369,562602.12,87819.188
600023.SH,20230407,3.59,3.61,3.56,3.57,3.6,-0.03,-0.8333,273943.89,98295.73
600025.SH,20230407,6.91,6.93,6.84,6.86,6.91,-0.05,-0.7236,202775.71,139202.855
600026.SH,20230407,12.54,13.05,12.4,12.74,12.66,0.08,0.6319,406298.03,522299.383
600027.SH,20230407,5.45,5.65,5.43,5.59,5.47,0.12,2.1938,406324.68,225995.345
600028.SH,20230407,5.81,5.81,5.65,5.71,5.81,-0.1,-1.7212,1865126.64,1064126.753
600029.SH,20230407,8.16,8.32,8.09,8.21,8.14,0.07,0.86,453232.13,371125.57
600030.SH,20230407,20.9,21.35,20.83,21.17,20.89,0.28,1.3404,789998.64,1667342.293
600031.SH,20230407,17.61,17.7,17.38,17.4,17.61,-0.21,-1.1925,501278.19,875077.945
600032.SH,20230407,11.79,11.87,11.65,11.71,11.78,-0.07,-0.5942,34352.65,40329.069
600033.SH,20230407,2.93,2.94,2.91,2.92,2.93,-0.01,-0.3413,74592.0,21781.338
600035.SH,20230407,3.53,3.53,3.47,3.5,3.53,-0.03,-0.8499,118770.0,41579.459
600771.SH,20230407,37.12,37.51,36.3,36.67,37.17,-0.5,-1.3452,100688.24,370213.487
600773.SH,20230407,14.6,14.91,14.56,14.84,14.56,0.28,1.9231,85913.36,127159.858
600774.SH,20230407,11.75,11.95,11.72,11.93,11.76,0.17,1.4456,12582.31,14960.72
600775.SH,20230407,10.55,10.68,10.5,10.65,10.58,0.07,0.6616,60574.82,64277.628
600776.SH,20230407,11.5,11.55,11.36,11.47,11.41,0.06,0.5259,120733.32,138390.141
600777.SH,20230407,2.57,2.58,2.55,2.57,2.57,0.0,0.0,869462.2,222954.431
600778.SH,20230407,6.12,6.16,6.08,6.15,6.13,0.02,0.3263,11727.0,7182.137
600779.SH,20230407,73.61,76.11,73.53,74.4,73.98,0.42,0.5677,37701.97,283156.623
600780.SH,20230407,8.81,9.11,8.75,9.02,8.91,0.11,1.2346,77773.99,69806.635
600781.SH,20230407,1.09,1.12,1.05,1.1,1.09,0.01,0.9174,94748.09,10242.345
600782.SH,20230407,4.2,4.22,4.18,4.21,4.21,0.0,0.0,201955.96,84917.894
600783.SH,20230407,13.4,13.67,13.35,13.6,13.35,0.25,1.8727,39202.0,52998.286
600784.SH,20230407,6.19,6.24,6.17,6.21,6.18,0.03,0.4854,26246.75,16294.266
600785.SH,20230407,16.53,16.57,16.28,16.33,16.72,-0.39,-2.3325,29179.0,47769.481
600787.SH,20230407,5.97,6.13,5.88,5.97,6.05,-0.08,-1.3223,760415.36,451701.152
600789.SH,20230407,6.83,6.93,6.81,6.91,6.85,0.06,0.8759,108361.94,74687.65
600790.SH,20230407,4.39,4.43,4.37,4.38,4.39,-0.01,-0.2278,98995.78,43550.92
600791.SH,20230407,4.2,4.39,4.18,4.38,4.2,0.18,4.2857,93380.18,40349.462
600792.SH,20230407,3.26,3.26,3.22,3.25,3.26,-0.01,-0.3067,37982.0,12307.821
600793.SH,20230407,12.18,12.56,12.16,12.39,12.14,0.25,2.0593,13031.76,16083.507
600794.SH,20230407,3.69,3.79,3.67,3.78,3.69,0.09,2.439,152014.0,56912.237
600795.SH,20230407,3.69,3.75,3.68,3.75,3.69,0.06,1.626,715623.66,266694.129
600796.SH,20230407,5.24,5.29,5.24,5.25,5.26,-0.01,-0.1901,21837.0,11486.698
600797.SH,20230407,8.04,8.33,7.91,8.26,8.05,0.21,2.6087,633473.9,516390.982
600798.SH,20230407,3.71,3.73,3.69,3.73,3.71,0.02,0.5391,66268.78,24593.971
600800.SH,20230407,4.09,4.14,4.09,4.13,4.13,0.0,0.0,55899.46,22981.003
600801.SH,20230407,15.68,15.92,15.66,15.81,15.66,0.15,0.9579,55759.4,88254.427
600802.SH,20230407,5.42,5.5,5.39,5.42,5.44,-0.02,-0.3676,33760.8,18366.567
600803.SH,20230407,19.88,20.27,19.87,20.13,20.0,0.13,0.65,35564.15,71452.188
600804.SH,20230407,4.33,4.48,4.33,4.34,4.35,-0.01,-0.2299,319043.0,140027.779
600805.SH,20230407,4.35,4.4,4.34,4.39,4.35,0.04,0.9195,31494.23,13794.887
600807.SH,20230407,3.26,3.28,3.23,3.24,3.27,-0.03,-0.9174,83740.0,27204.217
600808.SH,20230407,2.81,2.83,2.8,2.81,2.82,-0.01,-0.3546,235986.11,66325.513
600809.SH,20230407,255.03,257.0,250.3,252.39,257.26,-4.87,-1.893,84525.28,2135026.224
600810.SH,20230407,7.76,7.81,7.76,7.8,7.78,0.02,0.2571,16200.01,12622.237
600811.SH,20230407,2.39,2.42,2.39,2.41,2.4,0.01,0.4167,146173.93,35229.489
600812.SH,20230407,6.03,6.11,6.01,6.1,6.02,0.08,1.3289,81792.49,49731.915
600814.SH,20230407,7.6,7.63,7.55,7.61,7.6,0.01,0.1316,37734.0,28652.263
600815.SH,20230407,2.69,2.72,2.66,2.71,2.68,0.03,1.1194,87281.34,23495.773
600816.SH,20230407,3.64,3.76,3.62,3.68,3.63,0.05,1.3774,190500.98,70184.652
600817.SH,20230407,11.79,12.33,11.7,12.26,11.73,0.53,4.5183,91067.13,110728.183
600818.SH,20230407,24.69,25.76,24.61,25.01,24.6,0.41,1.6667,60302.16,151970.766
603337.SH,20230407,20.14,20.6,19.9,20.56,20.03,0.53,2.646,15984.67,32571.199
603338.SH,20230407,55.52,56.74,54.85,56.29,55.5,0.79,1.4234,20935.0,117085.577
603339.SH,20230407,15.35,15.64,15.12,15.18,15.42,-0.24,-1.5564,59945.45,91655.584
603345.SH,20230407,156.85,159.45,155.52,156.19,156.8,-0.61,-0.389,18906.21,296616.362
603348.SH,20230407,49.11,49.77,48.8,48.97,48.9,0.07,0.1431,19223.0,94577.236
603351.SH,20230407,24.96,25.11,24.51,25.02,24.65,0.37,1.501,7029.0,17506.715
603353.SH,20230407,17.49,17.62,17.45,17.58,17.57,0.01,0.0569,9817.7,17220.058
603355.SH,20230407,28.75,29.26,28.66,28.76,28.87,-0.11,-0.381,7408.3,21412.471
603356.SH,20230407,12.14,12.44,12.09,12.41,12.1,0.31,2.562,28050.0,34493.806
603357.SH,20230407,11.17,11.29,11.1,11.18,11.09,0.09,0.8115,77188.4,86491.085
603358.SH,20230407,19.86,20.18,19.73,19.93,19.85,0.08,0.403,16233.59,32355.053
603359.SH,20230407,10.7,10.78,10.7,10.76,10.74,0.02,0.1862,20398.62,21904.831
603360.SH,20230407,16.39,16.59,16.29,16.47,16.37,0.1,0.6109,25647.42,42236.348
603363.SH,20230407,12.42,12.42,12.26,12.32,12.45,-0.13,-1.0442,152398.58,188045.565
603365.SH,20230407,13.12,13.22,13.1,13.2,13.12,0.08,0.6098,6083.0,8009.949
603366.SH,20230407,5.68,5.73,5.67,5.72,5.68,0.04,0.7042,50662.0,28915.577
603367.SH,20230407,14.1,14.76,14.06,14.75,14.11,0.64,4.5358,50125.22,72926.113
603368.SH,20230407,24.63,24.89,24.4,24.56,24.47,0.09,0.3678,27745.06,68209.781
603369.SH,20230407,64.89,66.7,64.3,65.15,65.32,-0.17,-0.2603,57352.93,376150.848
603377.SH,20230407,7.74,8.18,7.73,7.97,7.74,0.23,2.9716,128846.51,102716.488
603378.SH,20230407,10.61,10.82,10.46,10.78,10.6,0.18,1.6981,41710.08,44721.335
603379.SH,20230407,31.81,33.1,31.48,32.75,31.83,0.92,2.8904,46201.03,150350.665
603380.SH,20230407,26.3,27.0,26.15,26.75,26.22,0.53,2.0214,10890.0,29106.284
603383.SH,20230407,55.96,57.23,55.0,56.11,55.69,0.42,0.7542,30749.59,172049.949
603385.SH,20230407,8.24,8.5,8.19,8.26,8.22,0.04,0.4866,21346.3,17764.655
603386.SH,20230407,12.71,12.73,12.46,12.62,12.71,-0.09,-0.7081,42138.8,52897.316
603387.SH,20230407,13.25,13.64,13.25,13.59,13.25,0.34,2.566,75355.34,101658.113
603388.SH,20230407,8.89,9.0,8.72,8.89,8.93,-0.04,-0.4479,78829.84,69691.177
603389.SH,20230407,5.03,5.09,5.01,5.07,5.04,0.03,0.5952,20588.0,10375.645
603390.SH,20230407,7.24,7.26,7.17,7.18,7.21,-0.03,-0.4161,14334.0,10325.038
603392.SH,20230407,117.01,121.85,116.82,119.2,117.35,1.85,1.5765,21353.97,255617.996
603393.SH,20230407,22.75,22.95,22.69,22.91,22.77,0.14,0.6148,18627.8,42580.744
603396.SH,20230407,70.95,72.36,70.73,71.4,71.1,0.3,0.4219,20746.6,148615.027
603398.SH,20230407,26.92,27.2,26.3,26.66,26.92,-0.26,-0.9658,32625.0,87183.877
603399.SH,20230407,13.16,13.27,13.05,13.08,13.18,-0.1,-0.7587,79729.5,104768.39
603408.SH,20230407,11.78,11.94,11.75,11.87,11.78,0.09,0.764,11520.0,13691.519
603416.SH,20230407,41.34,41.65,41.03,41.28,41.27,0.01,0.0242,14234.7,58869.687
603421.SH,20230407,11.07,11.13,10.96,11.12,11.07,0.05,0.4517,32958.2,36481.134
603429.SH,20230407,9.4,9.41,9.25,9.35,9.4,-0.05,-0.5319,45130.77,42002.285
603439.SH,20230407,18.17,18.2,17.25,17.25,18.28,-1.03,-5.6346,179987.0,316777.431
603444.SH,20230407,541.79,588.4,535.5,582.69,542.1,40.59,7.4875,13872.67,779499.547
603456.SH,20230407,32.29,34.51,32.09,34.32,32.31,2.01,6.221,150796.31,511571.731
688360.SH,20230407,28.23,28.23,27.71,27.86,28.04,-0.18,-0.6419,6961.28,19415.316
688362.SH,20230407,34.48,35.14,33.41,34.8,34.55,0.25,0.7236,69712.67,238025.933
688363.SH,20230407,112.93,114.66,111.35,114.39,112.91,1.48,1.3108,32961.2,375115.295
688365.SH,20230407,20.6,23.88,20.42,22.78,20.26,2.52,12.4383,264837.29,584396.362
688366.SH,20230407,99.21,106.63,97.15,106.43,98.68,7.75,7.8537,13346.34,138298.965
688367.SH,20230407,18.28,18.37,18.21,18.33,18.24,0.09,0.4934,4673.92,8552.484
688368.SH,20230407,170.0,176.83,167.0,174.34,170.0,4.34,2.5529,15154.87,260509.119
688369.SH,20230407,98.73,99.85,95.5,98.41,98.88,-0.47,-0.4753,11530.57,112580.944
688370.SH,20230407,37.1,37.22,37.0,37.1,37.1,0.0,0.0,1717.81,6375.103
688371.SH,20230407,20.6,21.1,20.6,20.99,20.66,0.33,1.5973,20180.47,42215.22
688372.SH,20230407,118.18,123.45,117.5,123.28,119.43,3.85,3.2236,22837.0,275870.409
688373.SH,20230407,8.93,10.04,8.84,9.74,8.89,0.85,9.5613,132301.19,127720.325
688375.SH,20230407,87.99,90.25,87.3,89.0,88.38,0.62,0.7015,14124.61,125713.449
688376.SH,20230407,38.45,38.88,37.7,38.4,38.1,0.3,0.7874,12585.65,48222.663
688377.SH,20230407,32.67,33.25,32.5,33.0,32.85,0.15,0.4566,9035.23,29763.376
688378.SH,20230407,62.0,62.2,58.8,61.0,62.13,-1.13,-1.8188,16125.68,97901.539
688379.SH,20230407,18.62,18.86,18.55,18.75,18.64,0.11,0.5901,7677.04,14370.055
688380.SH,20230407,36.06,36.58,34.8,35.86,36.07,-0.21,-0.5822,84664.24,301410.109
688381.SH,20230407,43.77,44.61,43.13,44.28,43.6,0.68,1.5596,37460.42,164232.193
688382.SH,20230407,18.0,20.39,17.98,20.05,17.75,2.3,12.9577,104374.51,205909.512
688383.SH,20230407,131.94,141.42,129.89,129.89,131.25,-1.36,-1.0362,9971.72,132996.915
688385.SH,20230407,71.0,75.96,69.63,75.11,70.41,4.7,6.6752,211986.11,1542872.374
688386.SH,20230407,46.92,47.4,46.09,47.25,46.69,0.56,1.1994,6374.72,29902.391
688387.SH,20230407,7.17,7.3,7.1,7.14,7.17,-0.03,-0.4184,301179.75,216070.839
688388.SH,20230407,43.44,43.75,43.03,43.2,43.48,-0.28,-0.644,19238.67,83306.569
688389.SH,20230407,27.19,29.12,27.19,28.88,27.15,1.73,6.372,20970.56,59496.49
688390.SH,20230407,283.1,286.99,277.61,278.79,285.76,-6.97,-2.4391,17887.65,503503.003
688391.SH,20230407,123.58,126.0,121.96,125.56,123.2,2.36,1.9156,10444.12,129560.144
688392.SH,20230407,123.25,123.38,119.51,119.62,122.2,-2.58,-2.1113,4374.17,52956.469
688393.SH,20230407,27.19,27.7,26.62,27.42,26.9,0.52,1.9331,13787.42,37739.876
688395.SH,20230407,20.51,20.97,20.51,20.73,20.59,0.14,0.6799,2975.63,6164.718
688396.SH,20230407,64.7,65.95,63.45,64.08,64.49,-0.41,-0.6358,119242.05,766788.605
688398.SH,20230407,40.44,42.77,40.34,42.4,40.36,2.04,5.0545,9469.15,39528.7
688399.SH,20230407,86.37,87.56,86.0,87.17,86.14,1.03,1.1957,5922.04,51601.7
688400.SH,20230407,33.46,38.0,32.1,36.26,32.93,3.33,10.1124,221202.47,769609.404
688401.SH,20230407,51.8,53.24,51.2,52.0,51.75,0.25,0.4831,20974.23,108892.227
688403.SH,20230407,14.18,14.91,13.96,14.63,13.89,0.74,5.3276,203674.38,295315.856
688408.SH,20230407,80.28,82.95,79.93,82.22,80.66,1.56,1.934,19690.17,160402.263
688409.SH,20230407,123.98,127.0,119.81,124.8,122.8,2.0,1.6287,48118.22,594946.229
688410.SH,20230407,41.63,44.35,40.9,43.67,41.17,2.5,6.0724,26777.26,114808.264
688416.SH,20230407,59.0,59.99,57.5,59.7,58.88,0.82,1.3927,24932.79,146268.22
688418.SH,20230407,16.9,17.01,16.42,16.85,17.02,-0.17,-0.9988,54567.79,91342.875
001231.SZ,20230407,22.43,22.48,22.23,22.45,22.33,0.12,0.5374,5236.43,11726.924
001234.SZ,20230407,23.07,23.12,22.92,23.04,23.06,-0.02,-0.0867,5648.32,12997.262
001236.SZ,20230407,15.42,15.92,15.24,15.65,15.37,0.28,1.8217,92063.53,143937.125
001238.SZ,20230407,24.5,24.67,24.3,24.51,24.46,0.05,0.2044,6312.06,15489.534
001255.SZ,20230407,39.63,40.98,39.5,40.09,39.63,0.46,1.1607,18577.2,74931.708
001256.SZ,20230407,19.31,19.47,19.2,19.29,19.27,0.02,0.1038,7709.04,14920.889
001258.SZ,20230407,10.06,10.17,10.03,10.11,10.06,0.05,0.497,30618.0,30973.298
001259.SZ,20230407,29.15,29.65,28.95,29.4,28.96,0.44,1.5193,6436.0,18920.192
001260.SZ,20230407,23.77,24.0,23.56,23.85,23.73,0.12,0.5057,23002.78,54689.458
001266.SZ,20230407,27.67,27.67,27.41,27.63,27.45,0.18,0.6557,7209.07,19872.911
001267.SZ,20230407,6.74,7.0,6.74,6.8,6.74,0.06,0.8902,87696.14,60166.156
001268.SZ,20230407,24.51,24.51,24.05,24.07,24.42,-0.35,-1.4333,10466.26,25254.704
001269.SZ,20230407,126.79,128.5,125.3,126.1,127.3,-1.2,-0.9427,23727.19,300274.559
001270.SZ,20230407,125.88,125.98,123.0,124.13,125.03,-0.9,-0.7198,15515.89,193072.631
001278.SZ,20230407,23.84,24.44,23.71,23.96,24.0,-0.04,-0.1667,34566.68,83259.141
001283.SZ,20230407,57.12,58.82,56.79,57.38,57.12,0.26,0.4552,8281.5,47952.761
001288.SZ,20230407,15.72,15.98,15.63,15.93,15.72,0.21,1.3359,7544.0,11988.528
001289.SZ,20230407,17.07,17.22,17.07,17.19,17.06,0.13,0.762,17665.7,30307.377
001296.SZ,20230407,19.59,19.88,19.45,19.8,19.59,0.21,1.072,9448.15,18689.833
001298.SZ,20230407,41.5,41.51,40.81,41.34,41.77,-0.43,-1.0294,20779.42,85569.483
001299.SZ,20230407,16.41,16.85,16.41,16.73,16.41,0.32,1.95,18587.15,30960.766
001300.SZ,20230407,14.03,14.18,14.03,14.12,14.05,0.07,0.4982,7029.26,9925.156
001301.SZ,20230407,68.3,73.0,68.23,72.4,68.68,3.72,5.4164,56857.17,405630.83
001308.SZ,20230407,37.9,38.9,37.8,38.64,38.2,0.44,1.1518,32518.69,124689.087
001309.SZ,20230407,79.0,81.81,76.18,81.1,79.97,1.13,1.413,49181.41,389070.948
001311.SZ,20230407,84.42,86.63,83.0,86.0,85.24,0.76,0.8916,28911.46,246783.129
001313.SZ,20230407,9.5,9.56,9.46,9.52,9.5,0.02,0.2105,18102.82,17242.721
001314.SZ,20230407,46.4,46.76,45.81,46.41,46.85,-0.44,-0.9392,35368.86,163057.641
001316.SZ,20230407,37.26,38.75,37.24,37.84,36.82,1.02,2.7702,14343.0,54458.803
001317.SZ,20230407,40.1,40.45,40.1,40.28,40.1,0.18,0.4489,10057.0,40467.153
001318.SZ,20230407,14.18,14.33,14.08,14.26,14.16,0.1,0.7062,18235.42,25996.849
001319.SZ,20230407,21.2,21.39,21.17,21.24,21.2,0.04,0.1887,5730.43,12187.855
001322.SZ,20230407,21.88,23.06,21.57,22.78,21.89,0.89,4.0658,65636.01,148275.071
001323.SZ,20230407,37.73,38.95,37.22,37.92,37.59,0.33,0.8779,14931.46,56853.052
001330.SZ,20230407,10.03,10.6,9.99,10.38,10.03,0.35,3.4895,225419.86,232913.002
001331.SZ,20230407,29.19,29.45,29.14,29.45,29.26,0.19,0.6494,5812.24,17072.368
001332.SZ,20230407,66.9,72.66,66.9,71.92,66.46,5.46,8.2155,16242.02,114994.818
001333.SZ,20230407,28.5,28.63,28.31,28.52,28.6,-0.08,-0.2797,9594.05,27286.244
001336.SZ,20230407,31.09,31.69,30.79,31.37,31.29,0.08,0.2557,25729.4,80566.939
001337.SZ,20230407,28.61,29.22,28.29,28.6,29.71,-1.11,-3.7361,214098.42,612879.221
001338.SZ,20230407,17.36,17.82,17.28,17.77,17.41,0.36,2.0678,66871.89,118145.718
001339.SZ,20230407,29.95,29.95,28.62,29.1,29.31,-0.21,-0.7165,63398.07,184303.918
001366.SZ,20230407,19.09,19.69,18.23,18.27,20.04,-1.77,-8.8323,214504.4,399422.01
002644.SZ,20230407,12.14,12.59,11.83,11.9,12.14,-0.24,-1.9769,167746.84,202900.003
002645.SZ,20230407,16.09,16.3,16.09,16.11,16.06,0.05,0.3113,32028.36,51780.454
002646.SZ,20230407,15.39,15.59,15.36,15.43,15.46,-0.03,-0.194,40319.2,62340.877
002647.SZ,20230407,6.72,6.77,6.7,6.75,6.68,0.07,1.0479,82306.83,55433.289
002648.SZ,20230407,15.91,16.16,15.81,16.07,15.89,0.18,1.1328,99852.2,160081.852
002649.SZ,20230407,16.47,16.84,16.26,16.48,16.35,0.13,0.7951,492355.02,814625.308
002650.SZ,20230407,3.96,3.98,3.94,3.97,3.95,0.02,0.5063,49500.0,19646.232
002651.SZ,20230407,7.39,7.71,7.34,7.69,7.34,0.35,4.7684,131726.41,99672.868
002652.SZ,20230407,2.53,2.59,2.51,2.55,2.53,0.02,0.7905,60496.2,15472.403
002653.SZ,20230407,25.09,27.6,25.08,27.6,25.09,2.51,10.004,77593.04,211574.985
002654.SZ,20230407,5.93,6.09,5.89,6.09,5.88,0.21,3.5714,410822.67,246316.974
002655.SZ,20230407,13.63,13.75,13.41,13.54,13.69,-0.15,-1.0957,116265.0,157546.536
002656.SZ,20230407,2.05,2.14,2.04,2.14,2.04,0.1,4.902,124302.32,26198.213
002657.SZ,20230407,18.99,19.87,18.7,19.77,18.87,0.9,4.7695,368387.98,716318.645
002658.SZ,20230407,8.32,8.38,8.23,8.32,8.39,-0.07,-0.8343,107851.76,89347.752
002659.SZ,20230407,4.6,4.77,4.6,4.72,4.6,0.12,2.6087,120873.0,56860.987
002660.SZ,20230407,8.99,8.99,8.83,8.87,8.95,-0.08,-0.8939,55169.0,49014.402
002661.SZ,20230407,11.78,11.8,11.62,11.67,11.75,-0.08,-0.6809,47542.0,55603.342
002662.SZ,20230407,3.47,3.49,3.44,3.47,3.46,0.01,0.289,182228.0,63169.875
002663.SZ,20230407,1.87,1.91,1.86,1.91,1.86,0.05,2.6882,183298.78,34691.834
002664.SZ,20230407,13.5,13.56,13.4,13.53,13.42,0.11,0.8197,12516.25,16887.926
002665.SZ,20230407,3.93,3.93,3.93,3.93,3.57,0.36,10.084,904343.52,355407.003
002666.SZ,20230407,4.91,4.95,4.88,4.95,4.91,0.04,0.8147,28358.0,13993.038
002667.SZ,20230407,18.13,18.29,18.02,18.17,18.14,0.03,0.1654,30344.42,55111.745
002668.SZ,20230407,6.07,6.26,6.04,6.18,6.06,0.12,1.9802,74948.96,46051.383
002669.SZ,20230407,13.89,13.94,13.66,13.73,13.91,-0.18,-1.294,55648.12,76570.53
002670.SZ,20230407,8.71,8.83,8.6,8.77,8.71,0.06,0.6889,162242.45,141854.545
002671.SZ,20230407,4.34,4.42,4.28,4.41,4.33,0.08,1.8476,55671.0,24393.875
002672.SZ,20230407,5.74,5.81,5.72,5.8,5.73,0.07,1.2216,31280.0,18091.869
002673.SZ,20230407,6.46,6.54,6.44,6.51,6.45,0.06,0.9302,185761.46,120763.687
002674.SZ,20230407,10.98,10.98,10.75,10.83,10.91,-0.08,-0.7333,14380.0,15581.951
002675.SZ,20230407,16.04,17.0,15.92,16.77,15.85,0.92,5.8044,122493.19,203018.251
002676.SZ,20230407,4.12,4.17,4.11,4.13,4.12,0.01,0.2427,66238.2,27447.665
002677.SZ,20230407,12.1,12.47,12.01,12.36,12.09,0.27,2.2333,38374.97,47340.609
002678.SZ,20230407,6.06,6.16,6.05,6.12,6.06,0.06,0.9901,31174.6,19091.199
002679.SZ,20230407,11.8,11.95,11.79,11.91,11.9,0.01,0.084,20785.56,24700.444
002681.SZ,20230407,5.92,6.19,5.73,6.09,5.7,0.39,6.8421,4429993.01,2642724.796
002682.SZ,20230407,4.36,4.47,4.35,4.44,4.36,0.08,1.8349,64139.0,28335.973
002683.SZ,20230407,30.8,31.08,30.4,30.59,30.65,-0.06,-0.1958,61554.13,188866.587
002685.SZ,20230407,3.99,4.01,3.94,3.95,3.99,-0.04,-1.0025,114307.03,45398.969
002686.SZ,20230407,6.64,6.74,6.63,6.68,6.61,0.07,1.059,61210.06,40892.158
002687.SZ,20230407,4.59,4.65,4.56,4.64,4.57,0.07,1.5317,25153.35,11610.99
002999.SZ,20230407,8.41,8.42,8.38,8.39,8.4,-0.01,-0.119,38610.0,32402.486
003000.SZ,20230407,14.8,14.99,14.52,14.8,14.72,0.08,0.5435,33066.38,48942.647
003001.SZ,20230407,15.87,15.94,15.81,15.82,15.88,-0.06,-0.3778,21186.03,33628.563
003002.SZ,20230407,20.17,20.3,19.73,19.81,20.17,-0.36,-1.7848,15655.0,31065.695
003003.SZ,20230407,10.12,10.3,10.02,10.27,10.08,0.19,1.8849,14130.0,14441.237
003004.SZ,20230407,28.3,28.58,27.82,28.51,28.02,0.49,1.7488,13972.02,39518.834
003005.SZ,20230407,37.3,37.89,36.75,37.43,37.04,0.39,1.0529,21376.4,79849.031
003006.SZ,20230407,19.15,19.43,18.8,19.08,19.07,0.01,0.0524,16192.0,30846.115
003007.SZ,20230407,30.46,31.14,29.85,30.95,30.23,0.72,2.3817,38203.0,117568.893
003008.SZ,20230407,26.37,26.59,26.16,26.52,26.36,0.16,0.607,3765.0,9951.305
003009.SZ,20230407,48.0,48.99,47.61,48.21,47.9,0.31,0.6472,17408.0,83925.092
003010.SZ,20230407,19.64,19.99,19.26,19.87,19.5,0.37,1.8974,39149.52,77063.882
003011.SZ,20230407,23.45,24.14,23.4,24.04,23.49,0.55,2.3414,12706.8,30379.732
003012.SZ,20230407,8.75,9.04,8.66,8.87,8.68,0.19,2.1889,57494.0,51277.535
003013.SZ,20230407,18.4,18.4,18.17,18.38,18.4,-0.02,-0.1087,21388.13,39112.182
003015.SZ,20230407,9.93,9.94,9.78,9.91,9.93,-0.02,-0.2014,38420.0,37916.664
003016.SZ,20230407,11.71,11.83,11.31,11.65,11.72,-0.07,-0.5973,126117.78,145513.895
003017.SZ,20230407,29.38,29.66,29.3,29.5,29.35,0.15,0.5111,4469.0,13187.99
003018.SZ,20230407,9.41,9.69,9.38,9.65,9.41,0.24,2.5505,21123.0,20207.492
003019.SZ,20230407,26.25,26.35,25.9,26.26,26.25,0.01,0.0381,19911.78,51979.988
003020.SZ,20230407,44.3,45.48,43.35,44.89,44.82,0.07,0.1562,15767.1,70104.935
003021.SZ,20230407,82.36,84.2,79.0,80.1,83.08,-2.98,-3.5869,27106.13,218843.537
003022.SZ,20230407,27.71,28.49,27.71,28.21,27.91,0.3,1.0749,81299.74,229695.549
003023.SZ,20230407,20.28,20.38,20.18,20.34,20.26,0.08,0.3949,13383.57,27168.839
003025.SZ,20230407,24.7,25.4,24.65,24.91,24.83,0.08,0.3222,20031.86,50185.575
003026.SZ,20230407,51.45,51.49,50.23,51.03,51.49,-0.46,-0.8934,36084.0,183345.045
003027.SZ,20230407,23.48,23.86,23.47,23.57,23.52,0.05,0.2126,17470.0,41355.851
003028.SZ,20230407,43.74,44.64,43.27,44.19,43.82,0.37,0.8444,10042.0,44219.244
003029.SZ,20230407,37.34,39.11,37.26,38.27,37.38,0.89,2.381,60564.5,231679.069
003030.SZ,20230407,24.99,25.15,24.81,25.15,24.93,0.22,0.8825,3989.3,9993.322
003031.SZ,20230407,84.95,93.47,84.8,93.47,84.97,8.5,10.0035,40681.03,372823.182
003032.SZ,20230407,17.51,18.23,17.51,18.09,17.53,0.56,3.1945,71975.53,128962.432
003033.SZ,20230407,34.49,34.7,33.79,34.14,34.49,-0.35,-1.0148,12388.0,42332.016
003035.SZ,20230407,7.43,7.58,7.33,7.53,7.44,0.09,1.2097,155397.01,116155.524
003036.SZ,20230407,13.24,13.34,13.11,13.29,13.19,0.1,0.7582,8119.0,10750.492
003037.SZ,20230407,12.45,12.52,12.35,12.38,12.46,-0.08,-0.6421,39261.0,48711.12
003038.SZ,20230407,39.58,40.23,39.31,39.67,39.64,0.03,0.0757,10350.0,41201.251
003039.SZ,20230407,18.4,18.89,18.31,18.71,18.37,0.34,1.8508,38332.52,71141.959
003040.SZ,20230407,21.02,21.55,20.78,21.21,20.45,0.76,3.7164,183554.52,388525.335
003041.SZ,20230407,19.73,19.8,19.52,19.71,19.78,-0.07,-0.3539,9428.8,18542.532
003042.SZ,20230407,22.61,23.0,22.61,22.7,22.8,-0.1,-0.4386,24329.2,55498.09
003043.SZ,20230407,65.65,69.39,65.63,68.44,65.6,2.84,4.3293,45650.16,310330.522
300350.SZ,20230407,5.01,5.12,5.0,5.12,5.02,0.1,1.992,81156.08,41103.737
300351.SZ,20230407,14.18,14.32,14.01,14.12,14.18,-0.06,-0.4231,55952.06,79074.056
300352.SZ,20230407,5.92,6.04,5.77,6.0,5.9,0.1,1.6949,851504.4,505544.806
300353.SZ,20230407,14.96,15.1,14.2,14.85,14.96,-0.11,-0.7353,407840.16,598676.502
300354.SZ,20230407,44.66,47.07,44.64,46.4,44.77,1.63,3.6408,12259.09,56559.154
300355.SZ,20230407,3.27,3.31,3.26,3.3,3.27,0.03,0.9174,145359.13,47774.368
300356.SZ,20230407,4.66,4.78,4.6,4.62,4.68,-0.06,-1.2821,26215.64,12196.19
300357.SZ,20230407,47.08,49.31,46.81,49.06,46.8,2.26,4.8291,30507.08,148742.753
300358.SZ,20230407,17.5,18.05,17.35,17.73,17.38,0.35,2.0138,66513.4,118068.121
300359.SZ,20230407,6.83,7.18,6.79,7.09,6.8,0.29,4.2647,279904.0,196483.101
300360.SZ,20230407,14.59,14.67,14.47,14.62,14.55,0.07,0.4811,56966.01,83000.633
300363.SZ,20230407,37.0,39.05,37.0,38.7,37.22,1.48,3.9764,146995.57,566147.452
300364.SZ,20230407,20.6,23.99,20.1,23.99,19.99,4.0,20.01,1415861.55,3104967.164
300365.SZ,20230407,8.77,8.92,8.54,8.85,8.74,0.11,1.2586,195063.0,170807.924
300366.SZ,20230407,12.45,13.3,12.28,13.19,12.52,0.67,5.3514,663376.49,858530.871
300368.SZ,20230407,7.31,7.5,7.2,7.49,7.27,0.22,3.0261,135944.0,100450.966
300369.SZ,20230407,17.4,17.68,16.65,17.25,18.17,-0.92,-5.0633,899072.44,1539284.12
300370.SZ,20230407,2.66,2.73,2.65,2.65,2.64,0.01,0.3788,81351.9,21767.799
300371.SZ,20230407,13.47,13.57,13.39,13.55,13.47,0.08,0.5939,4720.6,6371.931
300373.SZ,20230407,59.1,59.49,57.8,58.68,59.1,-0.42,-0.7107,133258.34,779265.933
300374.SZ,20230407,15.93,15.93,15.21,15.26,15.93,-0.67,-4.2059,131666.01,202951.944
300375.SZ,20230407,3.59,3.62,3.57,3.6,3.58,0.02,0.5587,56327.0,20249.242
300376.SZ,20230407,7.83,7.92,7.73,7.75,7.82,-0.07,-0.8951,197061.0,154015.545
300377.SZ,20230407,10.43,10.66,10.19,10.59,10.3,0.29,2.8155,271311.87,284335.426
300378.SZ,20230407,22.55,23.1,22.2,22.98,22.32,0.66,2.957,126533.96,288157.194
300379.SZ,20230407,26.98,27.48,26.12,27.29,27.01,0.28,1.0367,307264.96,825697.074
300380.SZ,20230407,20.0,20.84,19.38,20.47,19.9,0.57,2.8643,70212.5,141306.052
300381.SZ,20230407,8.53,8.67,8.48,8.67,8.52,0.15,1.7606,24549.0,21141.169
300382.SZ,20230407,14.82,15.05,14.8,14.94,14.81,0.13,0.8778,39950.81,59642.355
300383.SZ,20230407,14.4,14.58,13.83,14.18,14.61,-0.43,-2.9432,1143742.81,1610904.861
300384.SZ,20230407,17.55,17.75,17.46,17.62,17.46,0.16,0.9164,28104.44,49493.27
300385.SZ,20230407,6.11,6.15,6.08,6.15,6.09,0.06,0.9852,13271.16,8118.837
300386.SZ,20230407,13.37,14.69,13.2,14.57,13.13,1.44,10.9673,363286.4,513965.835
300387.SZ,20230407,6.74,6.79,6.72,6.76,6.75,0.01,0.1481,57607.63,38933.385
300388.SZ,20230407,6.89,7.05,6.86,7.04,6.87,0.17,2.4745,42353.4,29508.562
300389.SZ,20230407,18.39,20.19,18.05,18.52,18.38,0.14,0.7617,326917.5,622602.555
300390.SZ,20230407,50.5,51.49,50.29,50.62,50.55,0.07,0.1385,84175.21,428394.768
300391.SZ,20230407,8.34,8.77,8.31,8.49,8.39,0.1,1.1919,80688.52,69153.695
300392.SZ,20230407,2.44,2.5,2.44,2.47,2.45,0.02,0.8163,45263.0,11207.539
300393.SZ,20230407,14.75,15.05,14.73,14.84,14.83,0.01,0.0674,164688.18,245623.776
300394.SZ,20230407,66.8,67.68,62.33,67.5,66.8,0.7,1.0479,176354.84,1146254.328
300395.SZ,20230407,46.64,48.36,46.38,48.02,46.62,1.4,3.003,123789.7,588920.446
600036.SH,20230407,33.85,34.26,33.75,34.14,33.8,0.34,1.0059,394141.2,1343439.511
600037.SH,20230407,9.42,9.72,9.33,9.64,9.4,0.24,2.5532,274788.42,262363.704
600038.SH,20230407,42.25,42.89,42.2,42.89,42.18,0.71,1.6833,61918.02,263176.711
600039.SH,20230407,14.3,14.33,14.13,14.17,14.22,-0.05,-0.3516,104185.8,147940.13
600048.SH,20230407,14.66,15.25,14.66,15.11,14.61,0.5,3.4223,1111959.71,1680927.637
600050.SH,20230407,5.53,5.67,5.53,5.56,5.57,-0.01,-0.1795,3003268.01,1674923.916
600051.SH,20230407,7.39,7.47,7.39,7.47,7.41,0.06,0.8097,24652.15,18359.315
600052.SH,20230407,4.7,4.85,4.7,4.81,4.72,0.09,1.9068,34738.46,16652.948
600053.SH,20230407,15.74,16.08,15.61,15.95,15.66,0.29,1.8519,23496.45,37313.44
600054.SH,20230407,14.0,14.52,13.97,14.35,14.14,0.21,1.4851,203782.0,290596.276
600055.SH,20230407,24.55,25.46,24.5,24.88,24.45,0.43,1.7587,133927.96,334470.041
600056.SH,20230407,14.16,14.2,14.01,14.08,14.15,-0.07,-0.4947,188581.69,265355.711
600057.SH,20230407,10.55,10.62,10.45,10.48,10.53,-0.05,-0.4748,75674.12,79561.588
600058.SH,20230407,10.05,10.06,9.88,9.9,10.05,-0.15,-1.4925,68444.0,67957.302
600059.SH,20230407,10.19,10.27,10.14,10.21,10.17,0.04,0.3933,65648.85,67028.698
600060.SH,20230407,18.38,19.88,18.38,19.77,18.35,1.42,7.7384,217609.53,418506.476
600061.SH,20230407,7.21,7.25,7.14,7.2,7.24,-0.04,-0.5525,273833.79,196865.071
600062.SH,20230407,17.5,17.92,17.5,17.83,17.56,0.27,1.5376,129679.51,230380.647
600063.SH,20230407,6.37,6.41,6.34,6.37,6.38,-0.01,-0.1567,130474.27,83247.196
600064.SH,20230407,6.64,6.73,6.64,6.71,6.64,0.07,1.0542,110760.21,74257.602
600066.SH,20230407,11.85,11.98,11.59,11.93,11.85,0.08,0.6751,387627.38,456057.292
600067.SH,20230407,3.11,3.17,3.08,3.16,3.1,0.06,1.9355,118822.14,37411.121
600070.SH,20230407,5.47,5.6,5.46,5.49,5.46,0.03,0.5495,60320.1,33279.379
600071.SH,20230407,22.57,22.89,22.4,22.75,22.58,0.17,0.7529,49256.45,111487.668
600072.SH,20230407,15.18,15.24,15.0,15.05,15.29,-0.24,-1.5697,196744.08,296864.517
600073.SH,20230407,8.95,9.05,8.77,8.8,8.98,-0.18,-2.0045,164765.19,146494.514
600075.SH,20230407,5.59,5.6,5.56,5.58,5.57,0.01,0.1795,57634.0,32151.028
600076.SH,20230407,2.85,2.88,2.85,2.86,2.86,0.0,0.0,56050.68,16048.091
600077.SH,20230407,2.43,2.6,2.41,2.58,2.41,0.17,7.0539,437994.54,110994.627
600078.SH,20230407,12.19,12.48,12.07,12.37,12.14,0.23,1.8946,70463.67,86629.192
600079.SH,20230407,26.81,28.0,26.69,27.61,26.8,0.81,3.0224,171416.77,472438.415
600080.SH,20230407,7.93,8.08,7.89,8.05,7.89,0.16,2.0279,48658.0,38982.125
600081.SH,20230407,10.94,11.2,10.94,11.12,10.96,0.16,1.4599,25279.07,28051.12
600082.SH,20230407,3.16,3.23,3.14,3.22,3.16,0.06,1.8987,83918.0,26953.14
600083.SH,20230407,7.46,7.48,7.4,7.47,7.41,0.06,0.8097,14119.97,10501.281
600084.SH,20230407,7.44,7.48,7.38,7.42,7.44,-0.02,-0.2688,27225.2,20176.372
600085.SH,20230407,56.04,56.45,54.05,54.96,56.33,-1.37,-2.4321,111921.21,613506.357
600088.SH,20230407,11.05,11.24,10.81,11.2,10.95,0.25,2.2831,45515.61,50464.53
600089.SH,20230407,21.5,21.6,21.38,21.39,21.55,-0.16,-0.7425,258928.87,555938.8
600094.SH,20230407,3.11,3.16,3.1,3.15,3.11,0.04,1.2862,88955.56,28002.473
600095.SH,20230407,9.43,9.65,9.43,9.52,9.42,0.1,1.0616,445673.73,425777.884
600096.SH,20230407,20.78,20.85,20.56,20.66,20.8,-0.14,-0.6731,237293.47,490605.153
600819.SH,20230407,5.98,6.52,5.9,6.43,5.93,0.5,8.4317,577166.2,363305.657
600820.SH,20230407,5.88,5.93,5.77,5.77,5.85,-0.08,-1.3675,237067.5,138258.317
600821.SH,20230407,6.97,7.05,6.94,6.99,6.97,0.02,0.2869,115889.0,80901.967
600822.SH,20230407,8.13,8.21,8.02,8.19,8.05,0.14,1.7391,16078.0,13065.635
600823.SH,20230407,2.1,2.19,2.1,2.17,2.11,0.06,2.8436,201915.94,43698.181
600824.SH,20230407,3.45,3.48,3.44,3.47,3.45,0.02,0.5797,22236.32,7695.285
600825.SH,20230407,4.38,4.49,4.28,4.45,4.38,0.07,1.5982,229281.0,100614.618
600826.SH,20230407,9.47,9.74,9.47,9.56,9.48,0.08,0.8439,20091.0,19201.459
600827.SH,20230407,13.15,13.19,13.03,13.04,13.05,-0.01,-0.0766,67641.74,88638.852
600828.SH,20230407,3.9,3.91,3.85,3.89,3.86,0.03,0.7772,42391.27,16491.361
600829.SH,20230407,6.67,6.71,6.61,6.71,6.65,0.06,0.9023,37433.01,24946.233
600830.SH,20230407,5.91,6.0,5.88,5.97,5.91,0.06,1.0152,33885.96,20146.159
600831.SH,20230407,6.83,6.89,6.65,6.8,6.84,-0.04,-0.5848,370094.01,250367.953
600833.SH,20230407,11.71,11.83,11.61,11.71,11.71,0.0,0.0,33611.57,39435.616
600834.SH,20230407,8.73,9.18,8.71,8.87,8.52,0.35,4.108,165653.41,148225.134
600835.SH,20230407,12.9,13.11,12.8,13.01,12.9,0.11,0.8527,37282.5,48507.376
600836.SH,20230407,5.39,5.55,5.35,5.45,5.42,0.03,0.5535,62119.0,33880.746
600837.SH,20230407,9.04,9.09,9.02,9.07,9.02,0.05,0.5543,290044.05,262831.592
600838.SH,20230407,6.65,6.72,6.62,6.71,6.65,0.06,0.9023,26262.75,17527.9
600839.SH,20230407,4.99,5.06,4.61,4.8,4.97,-0.17,-3.4205,4807263.72,2308053.374
600841.SH,20230407,6.43,6.74,6.42,6.72,6.43,0.29,4.5101,73352.42,48599.096
600843.SH,20230407,5.05,5.1,5.05,5.08,5.08,0.0,0.0,24816.23,12594.257
600845.SH,20230407,58.25,61.0,58.03,60.57,58.23,2.34,4.0185,67494.72,404878.489
600846.SH,20230407,9.08,9.25,9.03,9.09,9.01,0.08,0.8879,99141.02,90608.587
600847.SH,20230407,12.2,12.36,12.14,12.26,12.21,0.05,0.4095,13113.74,16082.347
600848.SH,20230407,12.45,12.77,12.45,12.74,12.44,0.3,2.4116,43672.8,55277.9
600850.SH,20230407,28.03,28.35,27.6,28.13,28.03,0.1,0.3568,86215.92,241853.739
600851.SH,20230407,6.19,6.3,6.19,6.3,6.19,0.11,1.7771,45199.0,28364.628
600853.SH,20230407,5.15,5.17,4.88,4.89,5.18,-0.29,-5.5985,816294.22,409736.656
600854.SH,20230407,4.57,4.6,4.56,4.59,4.57,0.02,0.4376,30248.76,13856.837
600855.SH,20230407,13.0,13.29,12.98,13.23,13.03,0.2,1.5349,53110.98,69997.319
600857.SH,20230407,9.86,9.93,9.81,9.9,9.86,0.04,0.4057,12423.0,12276.051
600858.SH,20230407,5.05,5.1,5.03,5.09,5.07,0.02,0.3945,32181.0,16339.874
600859.SH,20230407,25.45,26.18,25.38,25.92,25.51,0.41,1.6072,135974.0,352889.066
600860.SH,20230407,14.87,15.07,14.65,14.73,14.77,-0.04,-0.2708,79926.72,118540.237
600861.SH,20230407,23.71,24.26,23.71,24.06,24.0,0.06,0.25,14857.5,35775.389
600862.SH,20230407,22.28,22.4,22.13,22.24,22.22,0.02,0.09,46995.99,104617.704
600863.SH,20230407,3.25,3.29,3.24,3.28,3.25,0.03,0.9231,234006.63,76576.668
600864.SH,20230407,5.12,5.16,5.07,5.12,5.09,0.03,0.5894,136807.25,69839.373
600865.SH,20230407,9.72,9.74,9.63,9.7,9.67,0.03,0.3102,10893.56,10551.667
600866.SH,20230407,6.06,6.29,5.95,6.2,5.98,0.22,3.6789,208288.03,127323.667
603458.SH,20230407,9.83,9.91,9.79,9.81,9.86,-0.05,-0.5071,33164.77,32620.43
603466.SH,20230407,15.79,16.59,15.56,16.23,15.71,0.52,3.31,163547.49,263610.986
603477.SH,20230407,35.27,35.76,34.11,34.35,36.06,-1.71,-4.7421,157557.79,549836.43
603486.SH,20230407,81.0,82.41,79.6,82.04,80.6,1.44,1.7866,35405.83,289367.274
603488.SH,20230407,7.05,7.09,6.96,7.04,7.04,0.0,0.0,11969.8,8387.119
603489.SH,20230407,103.86,107.4,103.3,105.6,103.76,1.84,1.7733,5352.96,56594.298
603496.SH,20230407,19.19,20.25,19.01,19.98,19.19,0.79,4.1167,66225.36,130432.025
603499.SH,20230407,9.25,9.38,9.18,9.27,9.26,0.01,0.108,12444.12,11522.399
603500.SH,20230407,12.42,12.49,12.13,12.27,12.42,-0.15,-1.2077,15283.28,18710.796
603501.SH,20230407,102.1,104.44,99.0,103.52,101.1,2.42,2.3937,275568.88,2801071.96
603505.SH,20230407,35.71,37.28,35.71,37.2,36.0,1.2,3.3333,27690.98,101251.583
603506.SH,20230407,12.09,12.43,12.07,12.38,12.12,0.26,2.1452,19686.38,24294.987
603507.SH,20230407,35.5,37.5,35.06,36.32,35.0,1.32,3.7714,71695.27,263092.528
603508.SH,20230407,17.06,17.21,16.93,17.15,16.97,0.18,1.0607,31217.56,53427.03
603511.SH,20230407,15.91,16.0,15.82,15.95,15.91,0.04,0.2514,3189.0,5079.91
603515.SH,20230407,19.48,19.5,19.2,19.3,19.42,-0.12,-0.6179,8948.0,17316.506
603516.SH,20230407,20.02,20.55,19.68,20.07,20.24,-0.17,-0.8399,53226.78,107043.973
603517.SH,20230407,43.09,45.11,42.82,44.2,43.09,1.11,2.576,72424.21,320394.503
603518.SH,20230407,8.48,8.84,8.44,8.81,8.51,0.3,3.5253,99529.0,86723.86
603519.SH,20230407,12.63,13.15,12.63,13.01,12.63,0.38,3.0087,45159.2,58550.907
603520.SH,20230407,18.66,18.98,18.48,18.88,18.62,0.26,1.3963,39205.8,73585.81
603527.SH,20230407,12.5,12.73,12.43,12.7,12.55,0.15,1.1952,32680.68,41320.19
603528.SH,20230407,8.23,8.42,8.09,8.4,8.2,0.2,2.439,139220.0,115534.43
603529.SH,20230407,69.11,71.97,68.21,70.81,70.28,0.53,0.7541,34845.74,243788.554
603530.SH,20230407,14.83,15.1,14.8,15.03,14.83,0.2,1.3486,18539.5,27863.52
603533.SH,20230407,23.5,24.15,23.07,23.89,23.24,0.65,2.7969,166552.1,393967.943
603535.SH,20230407,17.39,17.57,17.2,17.46,17.4,0.06,0.3448,6073.25,10580.497
603536.SH,20230407,6.47,6.53,6.43,6.5,6.47,0.03,0.4637,22267.0,14459.921
603538.SH,20230407,23.97,25.18,23.88,24.85,23.97,0.88,3.6713,76521.67,189232.639
603551.SH,20230407,11.21,11.84,11.05,11.7,11.12,0.58,5.2158,38386.0,44104.723
603555.SH,20230407,3.22,3.23,3.18,3.21,3.2,0.01,0.3125,50349.01,16156.479
603556.SH,20230407,22.99,23.1,22.05,23.01,22.99,0.02,0.087,32858.37,75344.315
603557.SH,20230407,2.89,2.9,2.87,2.88,2.88,0.0,0.0,28558.0,8230.245
603558.SH,20230407,8.22,8.34,8.18,8.34,8.22,0.12,1.4599,29270.41,24211.835
603559.SH,20230407,12.91,13.08,12.74,13.04,12.91,0.13,1.007,59386.64,76888.604
603565.SH,20230407,17.5,17.76,17.35,17.5,17.35,0.15,0.8646,41006.14,71781.251
603566.SH,20230407,30.69,31.1,30.41,30.75,30.85,-0.1,-0.3241,40367.19,123983.758
603567.SH,20230407,15.42,16.03,15.26,15.98,15.54,0.44,2.8314,132682.71,208543.319
603568.SH,20230407,18.2,18.43,18.18,18.33,18.22,0.11,0.6037,22545.83,41305.497
603569.SH,20230407,8.73,8.87,8.7,8.85,8.73,0.12,1.3746,20415.6,17969.61
603577.SH,20230407,9.88,10.0,9.78,9.86,9.81,0.05,0.5097,10969.5,10863.542
603578.SH,20230407,14.85,15.1,14.72,14.79,14.83,-0.04,-0.2697,35116.02,52302.214
688419.SH,20230407,41.1,41.38,40.01,40.65,40.88,-0.23,-0.5626,22059.64,89480.849
688420.SH,20230407,42.28,43.37,41.8,42.68,42.21,0.47,1.1135,13447.02,57287.058
688425.SH,20230407,5.52,5.56,5.45,5.51,5.53,-0.02,-0.3617,305469.44,168269.842
688426.SH,20230407,39.9,43.49,39.9,42.27,39.84,2.43,6.0994,12631.2,52810.437
688428.SH,20230407,13.17,14.26,13.13,14.19,12.92,1.27,9.8297,179271.79,248935.402
688432.SH,20230407,17.77,18.03,17.49,17.86,17.81,0.05,0.2807,161642.35,286681.035
688435.SH,20230407,127.0,129.0,123.33,126.26,128.1,-1.84,-1.4364,5801.1,72908.089
688439.SH,20230407,100.3,101.5,99.5,100.69,101.32,-0.63,-0.6218,14997.58,150375.73
688448.SH,20230407,25.4,25.62,25.1,25.52,25.4,0.12,0.4724,5258.02,13393.31
688455.SH,20230407,15.96,16.03,15.73,15.98,15.96,0.02,0.1253,13754.46,21863.834
688456.SH,20230407,32.08,32.08,31.39,31.58,32.08,-0.5,-1.5586,7601.08,24039.499
688459.SH,20230407,9.69,9.72,9.63,9.63,9.71,-0.08,-0.8239,18728.54,18091.092
688466.SH,20230407,21.39,21.66,20.7,20.73,21.45,-0.72,-3.3566,9206.29,19366.933
688468.SH,20230407,13.18,13.68,13.0,13.13,13.24,-0.11,-0.8308,34349.5,45945.906
688475.SH,20230407,47.29,47.8,43.66,47.0,47.24,-0.24,-0.508,82252.31,375576.423
688480.SH,20230407,29.25,29.6,28.79,29.45,29.46,-0.01,-0.0339,4029.43,11787.62
688484.SH,20230407,54.0,65.0,53.86,59.35,39.99,19.36,48.4121,374523.32,2126979.145
688485.SH,20230407,17.45,17.68,17.35,17.55,17.45,0.1,0.5731,6619.93,11617.621
688486.SH,20230407,107.51,108.86,104.65,106.5,104.78,1.72,1.6415,10687.53,113817.188
688488.SH,20230407,11.11,11.8,11.1,11.45,11.11,0.34,3.0603,59470.22,68297.915
688489.SH,20230407,125.02,139.99,121.21,136.52,123.97,12.55,10.1234,27683.39,362427.158
688496.SH,20230407,13.52,13.77,13.01,13.4,13.56,-0.16,-1.1799,69690.52,92976.235
688498.SH,20230407,250.0,259.99,234.0,259.99,249.0,10.99,4.4137,34482.59,850107.085
688499.SH,20230407,130.38,133.96,130.36,132.25,130.4,1.85,1.4187,4858.51,64108.814
688500.SH,20230407,32.12,33.24,31.49,32.79,31.8,0.99,3.1132,21177.47,69070.6
688501.SH,20230407,22.59,22.88,22.09,22.72,22.19,0.53,2.3885,14727.04,33203.127
688502.SH,20230407,236.01,247.95,227.12,245.4,238.8,6.6,2.7638,17712.73,419689.205
688503.SH,20230407,124.99,131.95,124.91,129.79,124.16,5.63,4.5345,8751.26,113301.351
688505.SH,20230407,10.18,10.67,10.12,10.61,10.18,0.43,4.224,96684.06,101272.232
688506.SH,20230407,71.0,77.48,71.0,74.41,70.48,3.93,5.576,25049.45,188240.717
688508.SH,20230407,85.5,85.55,80.44,80.99,85.2,-4.21,-4.9413,43369.97,355221.893
688509.SH,20230407,5.13,5.42,5.04,5.34,5.09,0.25,4.9116,203195.71,107366.396
688510.SH,20230407,16.23,16.66,16.23,16.63,16.23,0.4,2.4646,10656.34,17591.677
688511.SH,20230407,37.6,37.83,36.66,37.38,37.46,-0.08,-0.2136,11122.95,41328.057
688513.SH,20230407,59.49,59.94,58.18,59.23,59.49,-0.26,-0.437,9155.51,54002.087
688515.SH,20230407,231.0,235.79,224.5,224.5,230.99,-6.49,-2.8096,17651.83,403910.328
688516.SH,20230407,176.84,180.33,173.84,175.1,177.0,-1.9,-1.0734,7732.0,137005.684
688517.SH,20230407,18.04,18.32,17.67,17.67,18.12,-0.45,-2.4834,38034.45,68045.988
688518.SH,20230407,30.7,31.05,29.88,30.61,30.64,-0.03,-0.0979,36363.67,110526.945
688519.SH,20230407,29.67,29.98,28.69,28.94,29.67,-0.73,-2.4604,27718.87,80392.213
688520.SH,20230407,61.22,66.6,61.22,64.19,61.22,2.97,4.8514,29093.97,188825.808
688521.SH,20230407,105.73,110.68,103.0,109.16,104.91,4.25,4.0511,106681.36,1136290.772
001368.SZ,20230407,28.65,28.8,28.25,28.3,29.22,-0.92,-3.1485,62509.6,178083.227
001696.SZ,20230407,6.66,6.69,6.62,6.64,6.66,-0.02,-0.3003,94851.98,63069.572
001872.SZ,20230407,17.79,17.79,17.35,17.56,17.8,-0.24,-1.3483,26945.62,47197.778
001896.SZ,20230407,4.52,4.66,4.52,4.58,4.52,0.06,1.3274,80332.85,36968.9
001914.SZ,20230407,15.41,15.85,15.41,15.66,15.36,0.3,1.9531,37152.56,58488.157
001965.SZ,20230407,8.94,8.94,8.76,8.8,8.95,-0.15,-1.676,46031.56,40614.713
001979.SZ,20230407,14.04,15.27,14.04,14.87,14.0,0.87,6.2143,791013.81,1174086.3
002001.SZ,20230407,18.08,18.25,18.08,18.12,18.07,0.05,0.2767,109634.52,199044.088
002002.SZ,20230407,2.73,2.76,2.72,2.76,2.73,0.03,1.0989,252136.35,69246.064
002003.SZ,20230407,9.11,9.22,9.07,9.21,9.11,0.1,1.0977,30529.63,27966.098
002004.SZ,20230407,5.64,5.67,5.62,5.65,5.62,0.03,0.5338,109887.51,62049.457
002005.SZ,20230407,1.62,1.63,1.6,1.61,1.63,-0.02,-1.227,89119.0,14367.35
002006.SZ,20230407,22.39,23.16,22.39,23.02,22.43,0.59,2.6304,62637.16,143915.835
002007.SZ,20230407,23.44,23.88,23.44,23.71,23.43,0.28,1.195,222985.92,528665.981
002008.SZ,20230407,31.15,32.65,30.93,31.88,31.28,0.6,1.9182,526404.07,1688377.749
002009.SZ,20230407,14.15,14.27,14.11,14.12,14.14,-0.02,-0.1414,38491.26,54542.436
002010.SZ,20230407,6.09,6.17,6.05,6.11,6.04,0.07,1.1589,200987.52,122709.408
002011.SZ,20230407,12.1,12.25,12.05,12.13,12.07,0.06,0.4971,98036.29,119036.698
002012.SZ,20230407,5.8,5.84,5.76,5.84,5.83,0.01,0.1715,55635.8,32333.461
002014.SZ,20230407,8.97,9.02,8.85,8.88,8.86,0.02,0.2257,30229.4,26980.368
002015.SZ,20230407,11.05,12.05,10.96,12.01,11.08,0.93,8.3935,672459.7,787676.539
002016.SZ,20230407,6.48,6.59,6.42,6.5,6.42,0.08,1.2461,54948.35,35857.969
002017.SZ,20230407,15.6,16.05,15.6,16.05,15.56,0.49,3.1491,138067.68,219433.365
002019.SZ,20230407,14.55,15.11,14.48,14.99,14.44,0.55,3.8089,157844.04,234796.385
002020.SZ,20230407,13.85,14.54,13.55,14.33,13.64,0.69,5.0587,283883.7,402913.585
002021.SZ,20230407,1.81,1.83,1.77,1.82,1.8,0.02,1.1111,91359.13,16442.042
002022.SZ,20230407,12.94,12.96,12.66,12.93,12.87,0.06,0.4662,93079.22,119027.352
002023.SZ,20230407,9.77,9.84,9.62,9.81,9.76,0.05,0.5123,162246.27,158075.243
002024.SZ,20230407,2.14,2.16,2.14,2.15,2.15,0.0,0.0,120341.86,25842.03
002025.SZ,20230407,61.22,62.4,60.8,61.15,61.22,-0.07,-0.1143,24669.56,151785.137
002026.SZ,20230407,9.86,10.03,9.86,9.95,9.88,0.07,0.7085,34972.12,34844.296
002027.SZ,20230407,6.35,6.56,6.31,6.44,6.35,0.09,1.4173,1260707.68,812910.546
002028.SZ,20230407,43.15,43.63,42.82,43.12,43.33,-0.21,-0.4847,45101.85,194762.604
002029.SZ,20230407,5.75,5.79,5.72,5.79,5.75,0.04,0.6957,50526.87,29093.197
002030.SZ,20230407,16.0,16.21,15.97,16.14,15.97,0.17,1.0645,133677.87,215902.868
002031.SZ,20230407,3.18,3.22,3.16,3.2,3.19,0.01,0.3135,578913.68,184898.285
002032.SZ,20230407,52.86,54.29,52.53,53.15,52.97,0.18,0.3398,12143.47,64736.516
002033.SZ,20230407,10.56,11.14,10.56,11.06,10.54,0.52,4.9336,345018.9,376778.162
002034.SZ,20230407,17.75,17.83,17.63,17.73,17.68,0.05,0.2828,16809.62,29780.609
002035.SZ,20230407,6.74,6.86,6.74,6.78,6.75,0.03,0.4444,127157.16,86383.431
002036.SZ,20230407,13.0,13.01,12.82,12.94,13.0,-0.06,-0.4615,157739.57,203345.114
002037.SZ,20230407,9.62,9.96,9.62,9.88,9.66,0.22,2.2774,89009.24,87528.491
002688.SZ,20230407,5.2,5.25,5.15,5.19,5.17,0.02,0.3868,31996.0,16644.976
002689.SZ,20230407,4.86,4.88,4.77,4.8,4.86,-0.06,-1.2346,241941.41,116229.788
002690.SZ,20230407,32.18,32.56,31.5,31.67,32.1,-0.43,-1.3396,39684.38,126534.046
002691.SZ,20230407,5.76,5.79,5.7,5.79,5.71,0.08,1.4011,36131.0,20773.09
002692.SZ,20230407,3.69,3.9,3.69,3.85,3.71,0.14,3.7736,53870.23,20716.295
002693.SZ,20230407,6.7,6.92,6.67,6.89,6.73,0.16,2.3774,82873.0,56854.273
002694.SZ,20230407,4.81,5.04,4.79,5.01,4.82,0.19,3.9419,59983.34,29776.803
002695.SZ,20230407,11.98,12.28,11.9,12.1,11.99,0.11,0.9174,41819.08,50684.185
002696.SZ,20230407,6.45,6.55,6.42,6.53,6.46,0.07,1.0836,44187.0,28698.24
002697.SZ,20230407,6.06,6.16,6.03,6.14,6.06,0.08,1.3201,118562.37,72464.94
002698.SZ,20230407,16.13,16.6,16.07,16.51,16.06,0.45,2.802,75134.73,123818.506
002699.SZ,20230407,3.41,3.5,3.41,3.48,3.41,0.07,2.0528,292558.05,101275.13
002700.SZ,20230407,4.62,4.7,4.58,4.7,4.59,0.11,2.3965,15641.06,7275.73
002701.SZ,20230407,5.09,5.12,5.06,5.08,5.09,-0.01,-0.1965,94329.91,47984.034
002702.SZ,20230407,6.0,6.05,5.93,5.99,6.01,-0.02,-0.3328,70599.7,42284.904
002703.SZ,20230407,8.17,8.29,8.14,8.27,8.17,0.1,1.224,56683.14,46837.216
002705.SZ,20230407,17.0,17.33,16.94,17.16,16.95,0.21,1.2389,67006.37,115245.184
002706.SZ,20230407,12.0,12.29,12.0,12.19,11.99,0.2,1.6681,68745.72,83714.209
002707.SZ,20230407,9.28,9.97,9.24,9.76,9.28,0.48,5.1724,663318.27,641073.437
002708.SZ,20230407,6.16,6.18,6.09,6.12,6.14,-0.02,-0.3257,50304.09,30802.741
002709.SZ,20230407,40.57,41.68,40.51,41.11,40.62,0.49,1.2063,142961.77,589593.429
002712.SZ,20230407,5.6,5.72,5.46,5.71,5.57,0.14,2.5135,113314.6,63488.804
002713.SZ,20230407,7.61,7.98,7.61,7.72,7.63,0.09,1.1796,107181.0,83761.237
002714.SZ,20230407,50.0,50.45,49.38,49.43,50.18,-0.75,-1.4946,229775.09,1143071.315
002715.SZ,20230407,15.22,15.66,15.09,15.64,15.37,0.27,1.7567,6714.0,10407.516
002716.SZ,20230407,3.24,3.27,3.21,3.26,3.29,-0.03,-0.9119,447710.41,144897.73
002717.SZ,20230407,3.67,3.85,3.64,3.78,3.66,0.12,3.2787,1200493.22,449907.872
002718.SZ,20230407,14.85,15.2,14.8,15.2,14.85,0.35,2.3569,8840.0,13336.53
002719.SZ,20230407,10.83,11.03,10.72,10.92,10.87,0.05,0.46,62755.6,68251.774
002721.SZ,20230407,3.46,3.51,3.41,3.5,3.46,0.04,1.1561,117245.58,40613.754
002722.SZ,20230407,14.27,14.57,14.26,14.51,14.3,0.21,1.4685,22505.0,32528.068
002723.SZ,20230407,10.07,10.44,10.01,10.32,10.07,0.25,2.4826,116565.96,119161.349
002724.SZ,20230407,9.67,9.75,9.57,9.68,9.67,0.01,0.1034,18700.63,18037.36
002725.SZ,20230407,10.48,10.59,10.22,10.43,10.3,0.13,1.2621,209417.95,217351.933
002726.SZ,20230407,8.45,8.52,8.43,8.47,8.43,0.04,0.4745,46707.93,39575.087
002727.SZ,20230407,33.03,33.45,32.93,33.17,33.2,-0.03,-0.0904,49855.03,165423.155
002728.SZ,20230407,23.1,23.11,22.56,22.71,23.06,-0.35,-1.5178,147338.69,334957.028
002729.SZ,20230407,20.8,20.97,20.65,20.7,20.77,-0.07,-0.337,34776.68,72244.078
002730.SZ,20230407,8.74,8.96,8.68,8.94,8.74,0.2,2.2883,81883.94,72546.691
002731.SZ,20230407,15.28,15.3,15.01,15.28,15.28,0.0,0.0,31380.0,47591.438
002732.SZ,20230407,19.66,19.66,19.31,19.58,19.57,0.01,0.0511,6211.0,12144.06
002733.SZ,20230407,17.69,17.89,17.56,17.69,17.68,0.01,0.0566,51092.29,90520.762
003816.SZ,20230407,2.93,2.93,2.9,2.91,2.93,-0.02,-0.6826,584091.0,169961.243
300001.SZ,20230407,17.33,17.64,17.32,17.48,17.32,0.16,0.9238,74569.97,130645.951
300002.SZ,20230407,10.12,12.04,10.12,12.04,10.03,2.01,20.0399,2856895.42,3209532.667
300003.SZ,20230407,23.3,24.23,23.27,24.1,23.43,0.67,2.8596,188686.69,452292.318
300004.SZ,20230407,5.7,5.77,5.66,5.76,5.67,0.09,1.5873,36851.0,21122.556
300005.SZ,20230407,8.1,8.25,7.98,8.19,8.06,0.13,1.6129,71370.0,57847.509
300006.SZ,20230407,3.89,4.0,3.86,4.0,3.88,0.12,3.0928,170451.26,67610.419
300007.SZ,20230407,18.51,19.04,18.4,19.02,18.38,0.64,3.482,108519.55,203507.458
300008.SZ,20230407,4.54,4.54,4.48,4.51,4.53,-0.02,-0.4415,256373.0,115557.823
300009.SZ,20230407,11.2,12.13,11.17,11.96,11.23,0.73,6.5004,349864.42,412987.496
300010.SZ,20230407,3.3,3.4,3.24,3.35,3.28,0.07,2.1341,500148.51,166108.118
300011.SZ,20230407,6.17,6.19,6.06,6.19,6.13,0.06,0.9788,49775.81,30466.459
300012.SZ,20230407,20.06,20.23,19.88,20.15,19.94,0.21,1.0532,66476.48,133552.626
300013.SZ,20230407,4.17,4.21,4.13,4.21,4.14,0.07,1.6908,90090.0,37651.719
300014.SZ,20230407,67.3,68.63,66.8,67.12,67.25,-0.13,-0.1933,160927.69,1088959.654
300015.SZ,20230407,29.6,30.65,29.56,30.44,29.68,0.76,2.5606,367171.11,1113609.086
300016.SZ,20230407,6.88,6.96,6.85,6.93,6.88,0.05,0.7267,38965.53,26983.596
300017.SZ,20230407,7.12,7.75,7.02,7.61,7.08,0.53,7.4859,1698476.11,1266479.608
300018.SZ,20230407,6.31,6.48,6.22,6.41,6.27,0.14,2.2329,79008.8,50296.529
300019.SZ,20230407,17.54,17.8,17.34,17.52,17.6,-0.08,-0.4545,36387.02,63755.578
300020.SZ,20230407,8.35,8.69,8.2,8.68,8.3,0.38,4.5783,318397.65,271125.576
300021.SZ,20230407,4.7,4.72,4.68,4.7,4.69,0.01,0.2132,70850.02,33286.798
300022.SZ,20230407,4.7,4.75,4.69,4.73,4.7,0.03,0.6383,57769.0,27276.034
300024.SZ,20230407,12.17,12.17,11.75,11.92,12.17,-0.25,-2.0542,435614.73,519235.757
300025.SZ,20230407,5.91,6.37,5.91,6.13,6.02,0.11,1.8272,356018.0,218615.293
300026.SZ,20230407,6.14,6.33,6.13,6.27,6.16,0.11,1.7857,630057.6,394765.32
300027.SZ,20230407,2.85,3.17,2.81,3.05,2.83,0.22,7.7739,1680054.68,507575.718
300029.SZ,20230407,7.45,7.48,7.33,7.38,7.48,-0.1,-1.3369,18379.0,13568.014
300030.SZ,20230407,6.78,7.1,6.78,7.03,6.8,0.23,3.3824,43836.95,30549.703
300031.SZ,20230407,19.31,20.03,18.88,19.73,19.16,0.57,2.9749,302667.5,590333.133
300032.SZ,20230407,5.86,5.95,5.81,5.94,5.85,0.09,1.5385,99703.0,58852.728
300033.SZ,20230407,214.0,225.5,205.3,220.0,215.3,4.7,2.183,133344.38,2891644.118
300034.SZ,20230407,37.8,38.28,37.38,37.9,37.86,0.04,0.1057,32340.37,122273.841
300035.SZ,20230407,16.12,16.64,16.12,16.42,16.23,0.19,1.1707,101066.58,166313.641
300036.SZ,20230407,25.02,25.28,24.45,25.09,25.09,0.0,0.0,142540.82,355772.752
300037.SZ,20230407,49.85,53.49,49.56,52.52,50.18,2.34,4.6632,134066.17,693092.287
300039.SZ,20230407,7.8,7.84,7.66,7.74,7.85,-0.11,-1.4013,391447.93,302225.882
300040.SZ,20230407,5.99,6.04,5.95,6.02,5.99,0.03,0.5008,74667.15,44896.496
300041.SZ,20230407,14.39,14.62,14.35,14.42,14.42,0.0,0.0,52551.66,75990.048
300042.SZ,20230407,26.6,27.36,25.8,26.51,26.56,-0.05,-0.1883,165675.36,439939.212
300043.SZ,20230407,3.51,3.72,3.41,3.68,3.5,0.18,5.1429,726501.4,261772.564
300044.SZ,20230407,4.61,4.73,4.54,4.69,4.6,0.09,1.9565,445365.96,206967.547
300396.SZ,20230407,30.32,33.2,30.26,31.4,30.22,1.18,3.9047,27416.16,87490.366
300397.SZ,20230407,11.61,11.66,11.35,11.45,11.59,-0.14,-1.2079,110912.88,127007.459
300398.SZ,20230407,22.36,22.38,21.79,22.17,22.19,-0.02,-0.0901,191651.73,421815.401
300399.SZ,20230407,13.4,13.94,13.13,13.87,13.32,0.55,4.1291,105063.56,143419.82
300400.SZ,20230407,18.3,18.5,18.02,18.34,18.3,0.04,0.2186,53631.0,97934.243
300401.SZ,20230407,13.28,13.64,13.27,13.5,13.26,0.24,1.81,77279.04,104484.737
300402.SZ,20230407,19.26,20.99,19.26,19.91,19.17,0.74,3.8602,49051.0,99890.159
300403.SZ,20230407,7.0,7.09,6.97,7.03,7.02,0.01,0.1425,88138.93,61909.678
300404.SZ,20230407,10.31,11.28,10.21,10.81,10.3,0.51,4.9515,173401.99,188691.178
300405.SZ,20230407,5.35,5.37,5.3,5.36,5.34,0.02,0.3745,27675.1,14748.635
300406.SZ,20230407,21.1,21.2,20.8,21.13,21.11,0.02,0.0947,42766.14,89966.219
300407.SZ,20230407,8.09,8.29,8.0,8.24,8.08,0.16,1.9802,42444.59,34606.346
300408.SZ,20230407,32.82,33.49,32.63,33.09,32.76,0.33,1.0073,153563.49,509554.781
300409.SZ,20230407,14.58,14.95,14.58,14.84,15.5,-0.66,-4.2581,187617.96,277884.557
300410.SZ,20230407,9.13,9.25,9.12,9.14,9.16,-0.02,-0.2183,45600.91,41842.564
300411.SZ,20230407,6.63,6.68,6.6,6.64,6.62,0.02,0.3021,14586.0,9686.246
300412.SZ,20230407,5.48,5.58,5.44,5.55,5.45,0.1,1.8349,75334.0,41694.69
300413.SZ,20230407,39.56,40.4,38.08,38.5,39.48,-0.98,-2.4823,288386.3,1127200.366
300414.SZ,20230407,9.31,9.64,9.15,9.57,9.28,0.29,3.125,90770.0,85558.52
300415.SZ,20230407,21.79,21.88,21.15,21.25,21.78,-0.53,-2.4334,90647.55,193837.515
300416.SZ,20230407,27.05,27.44,26.78,27.02,26.99,0.03,0.1112,33485.9,90847.854
300417.SZ,20230407,10.59,10.75,10.56,10.71,10.58,0.13,1.2287,10526.6,11227.811
300418.SZ,20230407,51.83,53.2,47.73,50.5,52.88,-2.38,-4.5008,1073118.1,5416503.645
300419.SZ,20230407,7.15,7.28,7.01,7.26,7.16,0.1,1.3966,135142.0,96869.882
300420.SZ,20230407,2.92,2.96,2.91,2.95,2.91,0.04,1.3746,121758.67,35664.247
300421.SZ,20230407,11.22,11.51,11.22,11.47,11.22,0.25,2.2282,39076.22,44703.04
300422.SZ,20230407,5.7,5.91,5.67,5.87,5.69,0.18,3.1634,32902.1,19117.974
300423.SZ,20230407,11.16,11.58,11.05,11.18,11.11,0.07,0.6301,126455.85,142152.702
300424.SZ,20230407,13.78,13.86,13.65,13.85,13.71,0.14,1.0212,37052.34,50983.088
300425.SZ,20230407,4.84,4.85,4.79,4.81,4.84,-0.03,-0.6198,51292.93,24690.029
300426.SZ,20230407,7.81,8.15,7.66,8.07,7.82,0.25,3.1969,51998.76,41229.504
300427.SZ,20230407,12.3,12.43,12.06,12.26,11.92,0.34,2.8523,286777.1,350773.939
300428.SZ,20230407,25.2,25.66,25.08,25.23,25.18,0.05,0.1986,44461.03,112905.51
300429.SZ,20230407,10.21,10.21,9.92,10.08,10.23,-0.15,-1.4663,184452.98,185045.076
300430.SZ,20230407,14.85,15.31,14.7,15.04,14.7,0.34,2.3129,26918.4,40531.537
300432.SZ,20230407,13.31,13.51,13.3,13.38,13.39,-0.01,-0.0747,91991.64,123357.616
300433.SZ,20230407,13.83,13.88,13.53,13.63,13.88,-0.25,-1.8012,379681.46,517466.68
300434.SZ,20230407,11.14,11.33,11.0,11.24,11.14,0.1,0.8977,47193.2,52995.972
300435.SZ,20230407,15.95,16.23,15.75,15.76,15.92,-0.16,-1.005,59657.01,95126.638
300436.SZ,20230407,33.1,33.96,32.88,33.75,33.24,0.51,1.5343,26132.0,87857.312
300437.SZ,20230407,16.01,16.17,15.94,16.08,15.92,0.16,1.005,23756.8,38219.454
300438.SZ,20230407,54.65,55.5,53.95,53.98,55.04,-1.06,-1.9259,114322.48,624629.04
300741.SZ,20230407,25.59,25.65,25.25,25.43,25.56,-0.13,-0.5086,12337.0,31457.412
300742.SZ,20230407,8.36,8.53,8.23,8.5,8.3,0.2,2.4096,58323.49,48996.393
300743.SZ,20230407,13.47,13.89,13.47,13.89,13.63,0.26,1.9076,28548.2,39144.927
300745.SZ,20230407,39.04,39.8,38.5,39.27,38.76,0.51,1.3158,18801.0,73982.032
300746.SZ,20230407,10.4,10.51,10.26,10.48,10.41,0.07,0.6724,29549.95,30866.484
300747.SZ,20230407,26.25,28.4,25.95,28.28,26.2,2.08,7.9389,122559.08,334904.38
300748.SZ,20230407,28.83,28.86,28.6,28.82,28.9,-0.08,-0.2768,57215.26,164609.367
300749.SZ,20230407,7.83,8.12,7.76,8.06,7.83,0.23,2.9374,33713.47,26989.998
300750.SZ,20230407,386.15,394.0,384.36,390.51,388.02,2.49,0.6417,100581.14,3923098.225
300751.SZ,20230407,299.3,301.39,295.8,296.56,300.0,-3.44,-1.1467,6817.44,203166.514
300752.SZ,20230407,18.83,18.89,18.5,18.84,18.76,0.08,0.4264,20536.15,38395.322
300753.SZ,20230407,14.56,15.1,14.55,15.07,14.48,0.59,4.0746,18953.72,28255.705
300755.SZ,20230407,28.47,29.22,28.46,28.8,28.62,0.18,0.6289,18008.49,52046.596
300756.SZ,20230407,16.73,17.1,16.61,16.85,16.7,0.15,0.8982,17324.51,29215.656
300757.SZ,20230407,51.96,52.68,51.2,51.28,52.34,-1.06,-2.0252,9869.1,51065.449
300758.SZ,20230407,12.43,12.45,12.15,12.18,12.45,-0.27,-2.1687,65099.93,79780.412
300759.SZ,20230407,50.48,52.94,49.59,52.45,50.13,2.32,4.628,189571.18,987413.891
300760.SZ,20230407,300.31,310.77,300.31,309.0,303.06,5.94,1.96,26045.79,801551.476
300761.SZ,20230407,41.88,42.15,41.3,41.81,42.33,-0.52,-1.2284,23777.1,99228.593
300762.SZ,20230407,15.26,15.78,15.07,15.49,15.22,0.27,1.774,179632.81,276915.883
300763.SZ,20230407,129.58,131.28,127.58,127.58,130.18,-2.6,-1.9972,39257.58,506199.543
300765.SZ,20230407,23.1,23.58,22.85,22.91,23.22,-0.31,-1.3351,85928.16,198280.888
300766.SZ,20230407,20.32,22.99,19.8,22.8,20.53,2.27,11.057,385105.58,822700.163
300767.SZ,20230407,41.05,41.2,40.49,40.49,40.65,-0.16,-0.3936,7636.74,31156.62
300768.SZ,20230407,19.74,20.48,19.08,20.06,19.61,0.45,2.2947,79502.55,157785.931
300769.SZ,20230407,177.8,180.5,176.51,178.0,178.15,-0.15,-0.0842,20608.06,368015.937
300770.SZ,20230407,45.48,47.28,45.4,46.82,45.29,1.53,3.3782,32162.01,149330.573
300771.SZ,20230407,13.93,14.33,13.85,14.3,13.93,0.37,2.6561,53926.8,76227.666
300772.SZ,20230407,14.17,14.49,14.13,14.24,14.15,0.09,0.636,76486.02,109559.646
300773.SZ,20230407,20.4,20.68,19.73,19.98,19.91,0.07,0.3516,390184.49,786822.433
300774.SZ,20230407,12.88,13.03,12.68,12.73,12.93,-0.2,-1.5468,53635.12,68745.488
300775.SZ,20230407,34.59,34.99,34.4,34.68,34.65,0.03,0.0866,45936.14,159342.87
300776.SZ,20230407,108.4,110.3,108.4,109.01,109.39,-0.38,-0.3474,18851.5,206408.924
300777.SZ,20230407,52.51,54.0,52.36,53.26,52.57,0.69,1.3125,56457.45,301174.779
300778.SZ,20230407,18.98,19.8,18.72,19.24,18.64,0.6,3.2189,92444.52,178529.656
300779.SZ,20230407,38.78,40.86,38.78,40.03,39.08,0.95,2.4309,30592.42,122100.468
300780.SZ,20230407,15.81,16.63,15.81,16.31,15.9,0.41,2.5786,55766.0,90783.181
300781.SZ,20230407,28.45,28.75,27.41,28.53,28.05,0.48,1.7112,37232.8,104963.84
300782.SZ,20230407,135.5,137.33,132.12,135.0,135.99,-0.99,-0.728,90512.8,1216687.93
300783.SZ,20230407,19.43,19.53,19.32,19.48,19.42,0.06,0.309,26644.0,51818.671
300785.SZ,20230407,47.35,50.1,45.9,49.65,47.35,2.3,4.8574,69743.6,338000.687
300786.SZ,20230407,18.54,18.96,18.4,18.69,18.5,0.19,1.027,44865.2,84093.961
600097.SH,20230407,11.09,11.26,10.98,11.06,11.12,-0.06,-0.5396,38395.0,42652.512
600098.SH,20230407,6.03,6.07,5.99,6.04,6.0,0.04,0.6667,155167.82,93548.325
600099.SH,20230407,8.4,8.48,8.35,8.48,8.36,0.12,1.4354,13118.0,11056.713
600100.SH,20230407,8.04,8.29,7.84,8.21,8.03,0.18,2.2416,1864173.12,1514247.781
600101.SH,20230407,8.27,8.35,8.24,8.34,8.28,0.06,0.7246,45253.21,37640.118
600103.SH,20230407,2.58,2.6,2.55,2.56,2.57,-0.01,-0.3891,273608.55,70261.877
600104.SH,20230407,14.31,14.38,14.26,14.32,14.31,0.01,0.0699,116149.03,166310.295
600105.SH,20230407,4.72,5.17,4.72,5.15,4.7,0.45,9.5745,1858394.9,926325.483
600106.SH,20230407,4.79,4.86,4.77,4.84,4.8,0.04,0.8333,72141.77,34721.932
600107.SH,20230407,5.97,6.21,5.95,6.2,5.96,0.24,4.0268,62376.93,38023.941
600108.SH,20230407,3.07,3.09,3.07,3.08,3.07,0.01,0.3257,86752.51,26738.968
600109.SH,20230407,9.19,9.32,9.14,9.24,9.15,0.09,0.9836,283956.34,262490.689
600110.SH,20230407,7.88,7.96,7.88,7.89,7.89,0.0,0.0,133154.64,105272.35
600111.SH,20230407,26.9,26.97,26.7,26.79,27.0,-0.21,-0.7778,295703.73,792637.853
600112.SH,20230407,3.67,3.8,3.67,3.75,3.68,0.07,1.9022,35859.01,13435.641
600113.SH,20230407,7.6,7.67,7.56,7.65,7.6,0.05,0.6579,35068.6,26714.093
600114.SH,20230407,8.77,9.01,8.75,8.93,8.77,0.16,1.8244,89799.78,79866.096
600115.SH,20230407,5.5,5.52,5.39,5.47,5.46,0.01,0.1832,456827.87,249545.16
600116.SH,20230407,9.24,9.26,9.18,9.2,9.27,-0.07,-0.7551,55532.0,51139.059
600117.SH,20230407,2.86,2.9,2.81,2.9,2.87,0.03,1.0453,69648.01,19868.931
600118.SH,20230407,28.95,29.7,28.95,29.26,29.28,-0.02,-0.0683,251518.28,738590.382
600119.SH,20230407,6.38,6.39,6.31,6.38,6.37,0.01,0.157,12625.17,8018.762
600120.SH,20230407,3.99,4.04,3.99,4.0,3.99,0.01,0.2506,162841.46,65236.375
600121.SH,20230407,4.74,4.77,4.74,4.76,4.74,0.02,0.4219,60702.54,28825.817
600122.SH,20230407,1.3,1.36,1.29,1.33,1.3,0.03,2.3077,80789.0,10745.174
600123.SH,20230407,12.69,12.72,12.62,12.68,12.66,0.02,0.158,64358.02,81525.388
600125.SH,20230407,6.16,6.17,5.95,6.01,6.16,-0.15,-2.4351,668084.57,401191.581
600126.SH,20230407,5.06,5.09,4.97,5.03,5.05,-0.02,-0.396,206229.57,103550.443
600127.SH,20230407,7.57,7.61,7.56,7.61,7.59,0.02,0.2635,30463.73,23138.161
600128.SH,20230407,7.99,8.07,7.95,8.06,7.95,0.11,1.3836,19038.0,15260.547
600129.SH,20230407,44.46,44.6,43.41,44.02,44.46,-0.44,-0.9897,44916.48,197436.977
600130.SH,20230407,4.58,4.61,4.5,4.58,4.57,0.01,0.2188,114688.57,52199.413
600131.SH,20230407,19.7,20.43,19.53,20.13,19.77,0.36,1.8209,111204.89,222822.46
600132.SH,20230407,126.0,127.03,124.51,125.25,125.95,-0.7,-0.5558,20213.58,253703.501
600133.SH,20230407,5.77,5.82,5.74,5.79,5.76,0.03,0.5208,76081.81,44061.439
600135.SH,20230407,7.38,7.52,7.33,7.48,7.38,0.1,1.355,46095.0,34290.68
600136.SH,20230407,3.08,3.12,3.0,3.02,3.1,-0.08,-2.5806,200258.65,61143.156
600137.SH,20230407,15.19,15.19,15.01,15.19,15.09,0.1,0.6627,7262.0,10988.367
600138.SH,20230407,15.7,16.05,15.62,15.9,15.7,0.2,1.2739,270382.84,429240.997
600141.SH,20230407,29.24,29.8,29.21,29.42,29.38,0.04,0.1361,129875.61,383619.856
600143.SH,20230407,9.32,9.37,9.28,9.29,9.32,-0.03,-0.3219,84785.22,78950.998
600148.SH,20230407,14.09,14.21,13.97,14.12,14.03,0.09,0.6415,9127.0,12846.989
600867.SH,20230407,11.92,12.1,11.86,11.93,11.9,0.03,0.2521,188503.15,225913.766
600868.SH,20230407,2.8,2.82,2.79,2.81,2.8,0.01,0.3571,116451.01,32644.004
600869.SH,20230407,5.38,5.44,5.38,5.42,5.37,0.05,0.9311,86543.0,46837.528
600871.SH,20230407,2.29,2.29,2.2,2.22,2.26,-0.04,-1.7699,681668.05,151758.634
600872.SH,20230407,36.65,37.34,36.46,36.96,36.85,0.11,0.2985,52971.91,195500.235
600873.SH,20230407,9.5,9.53,9.39,9.41,9.51,-0.1,-1.0515,183438.03,173206.395
600874.SH,20230407,5.9,5.91,5.88,5.9,5.9,0.0,0.0,68286.01,40284.529
600875.SH,20230407,17.71,18.49,17.66,18.16,17.87,0.29,1.6228,267982.07,488515.833
600876.SH,20230407,20.02,20.45,20.01,20.18,20.07,0.11,0.5481,24350.04,49282.524
600877.SH,20230407,16.91,16.98,16.5,16.77,16.76,0.01,0.0597,247637.59,412961.277
600879.SH,20230407,8.16,8.29,8.12,8.16,8.13,0.03,0.369,471030.87,385670.568
600880.SH,20230407,5.84,6.0,5.73,5.95,5.81,0.14,2.4096,248488.71,146456.592
600881.SH,20230407,2.27,2.28,2.27,2.28,2.27,0.01,0.4405,69253.5,15746.051
600882.SH,20230407,29.17,30.06,28.88,29.66,29.16,0.5,1.7147,70691.95,209726.021
600883.SH,20230407,7.35,7.43,7.31,7.41,7.35,0.06,0.8163,13754.04,10159.732
600884.SH,20230407,17.11,17.26,17.01,17.04,17.19,-0.15,-0.8726,153842.64,263620.86
600885.SH,20230407,31.9,32.38,31.85,32.23,31.94,0.29,0.908,47202.21,151989.254
600886.SH,20230407,10.82,10.89,10.79,10.81,10.85,-0.04,-0.3687,67742.2,73426.207
600887.SH,20230407,28.91,29.28,28.84,29.14,28.92,0.22,0.7607,264010.01,768712.536
600888.SH,20230407,8.4,8.47,8.38,8.42,8.4,0.02,0.2381,103076.43,86885.055
600889.SH,20230407,4.79,4.82,4.75,4.8,4.79,0.01,0.2088,21337.0,10238.627
600892.SH,20230407,5.62,5.85,5.5,5.77,5.62,0.15,2.669,106713.0,60908.788
600893.SH,20230407,43.66,44.04,43.5,43.69,43.74,-0.05,-0.1143,96729.62,423390.994
600894.SH,20230407,7.36,7.39,7.31,7.35,7.38,-0.03,-0.4065,38651.0,28365.517
600895.SH,20230407,17.06,17.58,16.89,17.37,17.3,0.07,0.4046,620027.34,1071621.892
600897.SH,20230407,17.87,17.87,17.73,17.79,17.82,-0.03,-0.1684,11483.0,20420.475
600898.SH,20230407,6.08,6.12,6.01,6.09,6.06,0.03,0.495,22383.14,13563.852
600900.SH,20230407,21.21,21.26,21.01,21.08,21.2,-0.12,-0.566,290180.13,612089.299
600901.SH,20230407,6.15,6.15,6.04,6.06,6.13,-0.07,-1.1419,144373.77,87790.299
600903.SH,20230407,7.85,7.89,7.82,7.89,7.85,0.04,0.5096,18587.6,14607.346
600905.SH,20230407,5.46,5.49,5.45,5.48,5.47,0.01,0.1828,703217.95,384699.986
600906.SH,20230407,8.11,8.18,8.07,8.15,8.08,0.07,0.8663,184973.05,150481.427
600908.SH,20230407,5.38,5.41,5.36,5.38,5.37,0.01,0.1862,79795.19,42952.634
600909.SH,20230407,4.95,4.99,4.93,4.97,4.94,0.03,0.6073,238400.2,118274.441
600916.SH,20230407,12.55,12.71,12.45,12.67,12.68,-0.01,-0.0789,311683.69,391372.631
600917.SH,20230407,7.36,7.44,7.36,7.42,7.38,0.04,0.542,16886.0,12514.442
600918.SH,20230407,6.84,6.89,6.81,6.84,6.82,0.02,0.2933,140756.48,96393.093
600919.SH,20230407,7.05,7.07,7.01,7.04,7.04,0.0,0.0,419230.39,295380.307
600925.SH,20230407,6.62,6.62,6.53,6.56,6.69,-0.13,-1.9432,738820.01,485396.481
600926.SH,20230407,11.64,11.75,11.55,11.71,11.66,0.05,0.4288,104635.72,122168.432
600927.SH,20230407,17.75,18.13,17.75,18.0,17.76,0.24,1.3514,46544.67,83687.793
600928.SH,20230407,3.4,3.4,3.38,3.39,3.39,0.0,0.0,85257.32,28923.591
603579.SH,20230407,21.91,22.35,21.91,22.2,21.91,0.29,1.3236,13121.01,29037.29
603580.SH,20230407,15.33,15.42,15.2,15.25,15.25,0.0,0.0,10264.84,15707.627
603583.SH,20230407,23.96,24.5,23.83,24.22,23.88,0.34,1.4238,30936.65,75078.453
603585.SH,20230407,17.79,18.05,17.68,17.98,17.77,0.21,1.1818,8397.4,15046.522
603586.SH,20230407,14.7,14.7,14.47,14.51,14.59,-0.08,-0.5483,11103.0,16122.312
603587.SH,20230407,15.42,15.56,15.41,15.48,15.46,0.02,0.1294,12127.61,18790.996
603588.SH,20230407,10.44,10.7,10.37,10.5,10.36,0.14,1.3514,67980.66,71824.927
603589.SH,20230407,67.64,69.29,66.95,67.1,67.91,-0.81,-1.1928,61561.52,417463.267
603590.SH,20230407,34.43,36.88,34.14,36.66,34.17,2.49,7.2871,33184.47,119236.853
603595.SH,20230407,52.8,53.93,51.9,53.39,53.0,0.39,0.7358,53570.56,283813.149
603596.SH,20230407,65.66,66.5,64.5,65.14,65.86,-0.72,-1.0932,42278.0,277101.761
603598.SH,20230407,10.38,10.57,10.16,10.5,10.3,0.2,1.9417,129284.0,134628.701
603599.SH,20230407,31.75,32.28,30.93,31.25,31.84,-0.59,-1.853,48168.14,151205.372
603600.SH,20230407,10.41,10.46,10.19,10.22,10.35,-0.13,-1.256,34956.7,35956.846
603601.SH,20230407,5.26,5.37,5.21,5.35,5.24,0.11,2.0992,77969.36,41401.324
603602.SH,20230407,14.0,14.0,13.64,13.75,13.9,-0.15,-1.0791,22099.5,30377.905
603603.SH,20230407,4.89,4.89,4.89,4.89,5.15,-0.26,-5.0485,31412.0,15360.468
603605.SH,20230407,173.74,177.24,173.53,176.66,173.5,3.16,1.8213,8356.45,147088.395
603606.SH,20230407,47.0,48.15,46.8,46.95,47.2,-0.25,-0.5297,90612.91,430562.792
603607.SH,20230407,14.09,14.1,13.93,14.02,14.04,-0.02,-0.1425,7818.6,10936.968
603608.SH,20230407,4.1,4.15,4.08,4.11,4.1,0.01,0.2439,29602.8,12153.123
603609.SH,20230407,12.58,12.74,12.35,12.61,12.49,0.12,0.9608,85188.68,107242.374
603610.SH,20230407,11.81,11.95,11.75,11.88,11.85,0.03,0.2532,18626.32,22090.897
603611.SH,20230407,20.03,20.11,19.68,19.81,20.11,-0.3,-1.4918,42711.0,84876.681
603612.SH,20230407,22.4,22.97,22.39,22.72,22.4,0.32,1.4286,73523.53,167595.933
603613.SH,20230407,75.45,75.63,74.0,75.15,75.64,-0.49,-0.6478,59796.19,447370.212
603615.SH,20230407,7.87,8.16,7.82,8.13,7.9,0.23,2.9114,12744.0,10198.622
603616.SH,20230407,5.26,5.34,5.26,5.32,5.27,0.05,0.9488,31898.55,16916.687
603617.SH,20230407,8.05,8.48,8.01,8.29,8.11,0.18,2.2195,58933.28,48833.608
603618.SH,20230407,5.52,5.56,5.5,5.55,5.49,0.06,1.0929,30258.05,16754.316
603619.SH,20230407,16.75,16.76,16.52,16.63,16.72,-0.09,-0.5383,48390.31,80480.64
603626.SH,20230407,8.25,8.25,8.0,8.12,8.12,0.0,0.0,73539.75,59436.729
603628.SH,20230407,14.9,15.07,14.74,14.82,14.86,-0.04,-0.2692,24370.0,36268.828
603629.SH,20230407,17.0,17.1,16.81,16.89,17.0,-0.11,-0.6471,9171.2,15478.916
603630.SH,20230407,14.2,14.3,14.14,14.25,14.23,0.02,0.1405,15262.79,21723.785
603633.SH,20230407,12.18,12.21,11.96,12.07,12.21,-0.14,-1.1466,44766.0,54006.0
603636.SH,20230407,17.37,17.5,16.89,17.38,17.31,0.07,0.4044,294096.51,505573.074
603637.SH,20230407,8.85,9.59,8.79,9.18,8.79,0.39,4.4369,259187.53,242921.523
603638.SH,20230407,17.25,17.3,17.04,17.13,17.13,0.0,0.0,21836.72,37464.803
603639.SH,20230407,20.73,21.03,20.58,20.89,20.68,0.21,1.0155,24576.19,51118.554
603648.SH,20230407,9.1,9.1,8.98,9.02,9.04,-0.02,-0.2212,17033.0,15396.177
603650.SH,20230407,44.01,44.09,42.6,43.14,44.18,-1.04,-2.354,126203.83,545099.674
688522.SH,20230407,65.65,65.65,63.53,64.7,65.6,-0.9,-1.372,27943.35,179943.08
688525.SH,20230407,64.33,75.3,61.33,75.3,62.75,12.55,20.0,178986.32,1224959.142
688526.SH,20230407,26.62,26.84,24.89,25.86,26.36,-0.5,-1.8968,33626.66,86301.231
688528.SH,20230407,11.11,11.29,11.08,11.29,11.08,0.21,1.8953,5334.09,5973.519
688529.SH,20230407,23.3,23.63,23.02,23.08,23.5,-0.42,-1.7872,8938.57,20768.113
688531.SH,20230407,192.7,196.0,185.55,195.29,193.0,2.29,1.1865,25555.36,483634.938
688533.SH,20230407,42.65,42.72,41.58,41.76,42.66,-0.9,-2.1097,14083.82,59073.78
688535.SH,20230407,77.77,79.46,71.89,72.71,83.0,-10.29,-12.3976,94159.87,705786.129
688536.SH,20230407,277.33,283.28,271.42,282.2,279.74,2.46,0.8794,14905.74,414897.162
688538.SH,20230407,2.6,2.61,2.59,2.6,2.61,-0.01,-0.3831,226301.24,58871.53
688550.SH,20230407,59.37,59.78,57.55,57.97,58.75,-0.78,-1.3277,30003.13,174242.894
688551.SH,20230407,60.92,61.28,58.51,59.76,60.08,-0.32,-0.5326,2344.56,13976.455
688553.SH,20230407,19.1,20.16,19.03,19.75,19.09,0.66,3.4573,57851.57,114124.74
688555.SH,20230407,4.72,4.9,4.57,4.8,4.72,0.08,1.6949,38943.67,18367.604
688556.SH,20230407,68.95,69.81,67.02,67.55,69.3,-1.75,-2.5253,33992.79,232396.699
688557.SH,20230407,35.0,35.48,34.65,35.01,34.88,0.13,0.3727,6299.37,22137.787
688558.SH,20230407,39.17,40.04,38.51,38.76,39.19,-0.43,-1.0972,21362.35,83784.259
688559.SH,20230407,50.29,51.59,50.04,50.87,50.35,0.52,1.0328,34421.42,175574.75
688560.SH,20230407,34.1,34.85,33.97,34.62,34.08,0.54,1.5845,23479.27,81036.865
688561.SH,20230407,78.0,78.06,74.4,77.24,78.07,-0.83,-1.0631,60116.34,457416.902
688565.SH,20230407,8.33,8.36,8.25,8.28,8.27,0.01,0.1209,13881.94,11519.791
688566.SH,20230407,29.03,30.38,28.5,29.68,28.48,1.2,4.2135,20473.16,60600.33
688567.SH,20230407,22.7,23.06,22.58,22.77,22.73,0.04,0.176,33744.61,76907.465
688568.SH,20230407,84.34,87.78,82.92,86.36,84.49,1.87,2.2133,23796.29,203652.486
688569.SH,20230407,24.7,25.45,24.29,24.77,24.77,0.0,0.0,26767.23,66381.546
688571.SH,20230407,7.68,7.72,7.64,7.67,7.68,-0.01,-0.1302,13608.86,10436.15
688575.SH,20230407,18.55,19.03,18.43,18.98,18.45,0.53,2.8726,45304.1,85544.99
688577.SH,20230407,49.27,50.85,48.82,49.8,49.06,0.74,1.5084,10538.73,52563.317
688578.SH,20230407,25.3,28.5,25.3,28.0,25.0,3.0,12.0,131294.41,361930.677
688579.SH,20230407,20.9,23.7,18.91,22.75,20.1,2.65,13.1841,301579.46,643860.972
688580.SH,20230407,69.0,70.5,68.11,70.0,68.52,1.48,2.16,5895.98,41135.639
688585.SH,20230407,8.76,8.83,8.72,8.74,8.74,0.0,0.0,9541.17,8362.128
688586.SH,20230407,18.17,18.32,18.06,18.2,18.15,0.05,0.2755,34968.45,63614.465
688588.SH,20230407,17.25,17.85,17.18,17.47,17.06,0.41,2.4033,106765.5,186908.599
688589.SH,20230407,45.3,45.48,44.05,45.07,44.63,0.44,0.9859,31725.83,141838.1
688590.SH,20230407,14.68,14.78,13.8,14.2,14.78,-0.58,-3.9242,188426.65,266673.822
688595.SH,20230407,50.96,51.67,49.71,51.44,50.46,0.98,1.9421,48438.02,245442.007
688596.SH,20230407,40.87,44.32,40.23,44.0,41.42,2.58,6.2289,105329.08,451986.622
688597.SH,20230407,14.12,14.4,14.05,14.33,14.11,0.22,1.5592,16008.3,22852.154
688598.SH,20230407,186.5,190.8,185.13,187.5,187.1,0.4,0.2138,9777.62,184566.224
688599.SH,20230407,51.23,52.2,50.52,50.61,51.23,-0.62,-1.2102,160221.61,819285.598
688600.SH,20230407,25.39,26.89,25.32,26.25,25.32,0.93,3.673,10666.13,27907.314
002038.SZ,20230407,9.0,9.19,8.98,9.13,8.99,0.14,1.5573,113003.08,103131.512
002039.SZ,20230407,14.61,14.71,14.57,14.71,14.61,0.1,0.6845,23061.71,33787.576
002040.SZ,20230407,6.81,6.83,6.78,6.83,6.8,0.03,0.4412,26371.65,17964.016
002041.SZ,20230407,18.32,18.34,18.2,18.27,18.26,0.01,0.0548,32863.75,60018.477
002042.SZ,20230407,3.13,3.16,3.12,3.15,3.13,0.02,0.639,112190.5,35263.188
002043.SZ,20230407,11.88,12.55,11.88,12.51,11.93,0.58,4.8617,349064.61,432083.842
002044.SZ,20230407,7.44,7.51,7.31,7.43,7.47,-0.04,-0.5355,398352.46,294376.903
002045.SZ,20230407,19.35,19.5,18.1,18.45,19.34,-0.89,-4.6019,429952.26,798974.938
002046.SZ,20230407,12.44,12.56,12.25,12.3,12.42,-0.12,-0.9662,77225.0,95299.812
002047.SZ,20230407,3.65,3.71,3.62,3.68,3.63,0.05,1.3774,143345.83,52735.993
002048.SZ,20230407,13.97,14.08,13.75,13.91,13.97,-0.06,-0.4295,43686.34,60888.723
002049.SZ,20230407,122.0,124.97,119.45,123.24,121.0,2.24,1.8512,416564.59,5088298.65
002050.SZ,20230407,25.28,25.52,24.58,24.75,25.29,-0.54,-2.1352,170929.67,425142.752
002051.SZ,20230407,11.2,11.28,10.79,10.9,11.3,-0.4,-3.5398,389087.78,426147.291
002052.SZ,20230407,2.02,2.08,2.02,2.05,2.04,0.01,0.4902,55275.01,11292.735
002053.SZ,20230407,10.45,10.66,10.43,10.65,10.45,0.2,1.9139,45473.48,48120.345
002054.SZ,20230407,7.25,7.3,7.23,7.28,7.25,0.03,0.4138,12865.41,9342.279
002055.SZ,20230407,9.93,10.08,9.81,10.07,9.92,0.15,1.5121,115853.65,115690.119
002056.SZ,20230407,21.11,21.21,20.27,20.32,20.15,0.17,0.8437,237813.2,489286.996
002057.SZ,20230407,10.18,10.34,10.12,10.33,10.18,0.15,1.4735,85994.52,88095.919
002058.SZ,20230407,11.3,11.6,11.3,11.45,11.25,0.2,1.7778,12034.0,13767.341
002059.SZ,20230407,7.45,7.6,7.4,7.57,7.4,0.17,2.2973,157233.0,118647.262
002060.SZ,20230407,6.81,6.86,6.79,6.84,6.81,0.03,0.4405,67657.61,46192.322
002061.SZ,20230407,6.21,6.27,6.15,6.16,6.2,-0.04,-0.6452,236259.61,146335.424
002062.SZ,20230407,5.38,5.43,5.37,5.41,5.38,0.03,0.5576,79122.36,42764.448
002063.SZ,20230407,9.25,9.67,9.1,9.67,9.21,0.46,4.9946,541347.0,506532.463
002064.SZ,20230407,7.33,7.38,7.29,7.33,7.33,0.0,0.0,95832.95,70171.651
002065.SZ,20230407,8.26,8.58,8.09,8.41,8.25,0.16,1.9394,1628324.31,1360806.242
002066.SZ,20230407,11.41,11.84,11.38,11.74,11.43,0.31,2.7122,36072.65,41960.166
002067.SZ,20230407,3.47,3.53,3.47,3.53,3.48,0.05,1.4368,89391.91,31230.979
002068.SZ,20230407,12.13,12.28,12.03,12.03,12.14,-0.11,-0.9061,102392.01,124085.327
002069.SZ,20230407,3.65,3.66,3.59,3.64,3.58,0.06,1.676,26217.5,9530.188
002072.SZ,20230407,7.05,7.13,7.0,7.1,7.07,0.03,0.4243,28394.0,20076.572
002073.SZ,20230407,7.2,7.22,7.08,7.17,7.18,-0.01,-0.1393,140318.97,100320.992
002074.SZ,20230407,28.42,28.8,28.4,28.51,28.49,0.02,0.0702,104090.82,297296.862
002075.SZ,20230407,4.12,4.14,4.1,4.12,4.11,0.01,0.2433,109776.25,45209.381
002076.SZ,20230407,2.82,2.92,2.81,2.9,2.81,0.09,3.2028,167044.04,47977.113
002077.SZ,20230407,17.88,17.89,17.4,17.51,17.92,-0.41,-2.2879,308156.74,541437.262
002078.SZ,20230407,12.32,12.52,12.24,12.48,12.32,0.16,1.2987,122707.11,152760.499
002079.SZ,20230407,16.5,16.51,16.15,16.39,16.57,-0.18,-1.0863,649931.13,1061010.104
002080.SZ,20230407,24.27,24.55,24.07,24.34,24.2,0.14,0.5785,113732.31,276071.205
002081.SZ,20230407,5.27,5.44,5.26,5.37,5.26,0.11,2.0913,170092.81,91226.106
300045.SZ,20230407,9.85,9.92,9.6,9.8,9.81,-0.01,-0.1019,256012.0,248716.465
300046.SZ,20230407,19.36,19.48,19.0,19.23,19.46,-0.23,-1.1819,135194.0,259349.989
300047.SZ,20230407,8.5,8.85,8.26,8.73,8.47,0.26,3.0697,707173.24,607123.695
300048.SZ,20230407,5.44,5.47,5.4,5.42,5.45,-0.03,-0.5505,55129.6,29916.452
300049.SZ,20230407,28.29,32.37,28.05,31.79,28.29,3.5,12.3719,134830.85,415783.837
300050.SZ,20230407,4.41,4.54,4.32,4.52,4.41,0.11,2.4943,135263.84,60147.137
300051.SZ,20230407,11.21,11.22,11.03,11.09,11.22,-0.13,-1.1586,55116.26,61195.363
300052.SZ,20230407,22.2,24.03,21.79,23.48,22.01,1.47,6.6788,482847.68,1118842.836
300053.SZ,20230407,11.93,11.93,11.34,11.49,11.9,-0.41,-3.4454,565430.85,649903.589
300054.SZ,20230407,26.85,27.96,26.3,27.0,26.84,0.16,0.5961,161322.1,434076.214
300055.SZ,20230407,8.45,8.51,8.33,8.36,8.44,-0.08,-0.9479,35256.0,29552.603
300056.SZ,20230407,7.36,7.42,7.23,7.31,7.34,-0.03,-0.4087,55909.0,40919.94
300057.SZ,20230407,8.13,8.25,8.1,8.18,8.11,0.07,0.8631,65550.11,53645.045
300058.SZ,20230407,8.9,9.49,8.69,9.18,8.86,0.32,3.6117,2254642.92,2063984.871
300059.SZ,20230407,22.15,22.86,21.87,22.45,22.03,0.42,1.9065,3333929.83,7476572.235
300061.SZ,20230407,7.98,8.14,7.81,8.07,7.86,0.21,2.6718,427167.1,342385.931
300062.SZ,20230407,6.38,6.43,6.3,6.3,6.38,-0.08,-1.2539,85013.2,53881.588
300063.SZ,20230407,4.37,4.53,4.32,4.51,4.38,0.13,2.968,340800.01,151242.925
300065.SZ,20230407,15.03,15.86,15.0,15.76,15.12,0.64,4.2328,339576.03,527397.071
300066.SZ,20230407,5.8,5.84,5.74,5.82,5.8,0.02,0.3448,103800.69,60218.413
300067.SZ,20230407,3.09,3.13,3.09,3.11,3.1,0.01,0.3226,47028.68,14630.945
300068.SZ,20230407,22.28,22.54,21.88,21.88,22.4,-0.52,-2.3214,212431.46,470170.883
300069.SZ,20230407,13.48,13.56,13.25,13.36,13.28,0.08,0.6024,4809.0,6432.614
300070.SZ,20230407,5.44,5.5,5.35,5.4,5.32,0.08,1.5038,401773.96,217428.428
300071.SZ,20230407,5.43,5.68,5.35,5.61,5.37,0.24,4.4693,843134.21,468387.68
300072.SZ,20230407,3.98,4.04,3.96,4.01,3.99,0.02,0.5013,121423.11,48625.222
300073.SZ,20230407,56.03,56.91,55.73,56.12,56.1,0.02,0.0357,59365.02,334859.021
300074.SZ,20230407,4.38,4.6,4.29,4.57,4.37,0.2,4.5767,247185.04,111121.68
300075.SZ,20230407,25.23,27.03,24.93,26.37,25.18,1.19,4.726,652577.27,1698712.32
300076.SZ,20230407,5.52,5.63,5.35,5.59,5.47,0.12,2.1938,106141.0,58440.988
300077.SZ,20230407,19.04,19.38,18.63,18.9,18.98,-0.08,-0.4215,413743.16,785461.737
300078.SZ,20230407,5.95,6.5,5.84,6.31,5.87,0.44,7.4957,939940.55,586478.43
300079.SZ,20230407,6.68,6.94,6.58,6.87,6.65,0.22,3.3083,680187.46,460907.219
300080.SZ,20230407,5.33,5.43,5.31,5.39,5.33,0.06,1.1257,152284.0,81983.205
300081.SZ,20230407,8.38,8.83,8.02,8.7,8.3,0.4,4.8193,556656.03,472449.794
300082.SZ,20230407,9.4,9.65,9.2,9.64,9.32,0.32,3.4335,148772.06,141099.644
300083.SZ,20230407,8.94,9.28,8.86,9.26,8.95,0.31,3.4637,821197.42,750703.308
300084.SZ,20230407,6.12,6.14,6.02,6.04,6.08,-0.04,-0.6579,56509.0,34238.784
300085.SZ,20230407,12.23,12.51,12.0,12.5,12.07,0.43,3.5626,200269.23,247255.795
300086.SZ,20230407,6.35,6.43,6.29,6.4,6.34,0.06,0.9464,112552.0,71798.993
300087.SZ,20230407,15.46,15.58,15.38,15.51,15.49,0.02,0.1291,85043.19,131605.714
300088.SZ,20230407,7.31,7.31,7.18,7.22,7.34,-0.12,-1.6349,499990.32,361530.103
300439.SZ,20230407,12.38,12.78,12.38,12.72,12.36,0.36,2.9126,65305.55,82591.083
300440.SZ,20230407,7.89,8.02,7.7,8.01,7.85,0.16,2.0382,82170.34,64876.246
300441.SZ,20230407,5.8,5.86,5.75,5.84,5.76,0.08,1.3889,40018.6,23217.878
300442.SZ,20230407,70.9,72.88,69.0,71.37,70.77,0.6,0.8478,37280.13,264042.139
300443.SZ,20230407,41.7,42.8,40.9,41.44,41.92,-0.48,-1.145,33662.08,139907.181
300444.SZ,20230407,5.2,5.41,5.18,5.37,5.2,0.17,3.2692,87903.67,46833.011
300445.SZ,20230407,13.73,13.88,13.51,13.83,13.62,0.21,1.5419,16523.39,22633.039
300446.SZ,20230407,11.7,11.72,11.46,11.54,11.71,-0.17,-1.4518,24416.4,28183.527
300447.SZ,20230407,19.31,19.68,18.9,19.18,19.41,-0.23,-1.185,152513.55,291857.155
300448.SZ,20230407,6.11,6.68,6.0,6.57,6.07,0.5,8.2372,369565.04,235983.23
300449.SZ,20230407,6.58,6.63,6.3,6.61,6.47,0.14,2.1638,156416.2,101976.269
300450.SZ,20230407,38.45,39.09,38.42,38.81,38.66,0.15,0.388,96397.9,374109.032
300451.SZ,20230407,10.73,11.75,10.41,11.56,10.83,0.73,6.7405,645218.1,729794.785
300452.SZ,20230407,17.5,18.08,17.45,18.03,17.38,0.65,3.7399,56853.62,101542.671
300453.SZ,20230407,10.45,10.7,10.42,10.56,10.48,0.08,0.7634,77353.97,81885.695
300454.SZ,20230407,163.5,164.49,157.0,159.2,165.97,-6.77,-4.0791,59477.02,945672.009
300455.SZ,20230407,9.99,10.18,9.92,10.16,9.97,0.19,1.9057,59724.38,60344.117
300456.SZ,20230407,19.05,19.23,18.65,19.05,18.92,0.13,0.6871,324203.75,613651.051
300457.SZ,20230407,18.73,18.88,18.5,18.6,18.7,-0.1,-0.5348,60894.82,113628.771
300458.SZ,20230407,38.39,38.4,35.85,37.49,37.55,-0.06,-0.1598,933141.74,3454194.744
300459.SZ,20230407,7.62,8.38,7.43,8.09,7.55,0.54,7.1523,6203393.11,4949403.312
300460.SZ,20230407,12.79,12.88,12.52,12.78,12.79,-0.01,-0.0782,135204.4,171473.021
300461.SZ,20230407,17.11,17.42,17.01,17.02,16.99,0.03,0.1766,9464.0,16280.729
300462.SZ,20230407,11.05,11.28,10.91,11.21,11.12,0.09,0.8094,30853.0,34279.826
300463.SZ,20230407,18.16,18.47,18.16,18.43,18.15,0.28,1.5427,48026.15,88291.331
300464.SZ,20230407,6.4,6.51,6.36,6.49,6.36,0.13,2.044,55085.0,35532.075
300465.SZ,20230407,10.49,10.88,10.21,10.74,10.45,0.29,2.7751,157776.0,167382.676
300466.SZ,20230407,5.81,5.91,5.74,5.87,5.79,0.08,1.3817,105291.05,61269.731
300467.SZ,20230407,14.0,14.43,13.75,14.38,14.0,0.38,2.7143,69886.0,98990.633
300468.SZ,20230407,13.07,13.7,12.88,13.47,13.06,0.41,3.1394,531889.74,707869.985
300469.SZ,20230407,18.73,19.29,18.6,19.2,18.69,0.51,2.7287,84634.22,161180.535
300470.SZ,20230407,43.99,45.18,43.73,45.07,44.0,1.07,2.4318,16614.32,74554.791
300471.SZ,20230407,16.15,16.66,15.45,15.7,16.15,-0.45,-2.7864,246322.47,395261.451
300472.SZ,20230407,11.31,11.8,11.27,11.64,11.31,0.33,2.9178,51956.49,59963.149
300473.SZ,20230407,17.04,17.2,16.9,16.92,16.97,-0.05,-0.2946,23560.0,40132.898
300474.SZ,20230407,124.0,129.0,123.01,127.3,127.57,-0.27,-0.2116,272859.6,3445797.225
300475.SZ,20230407,20.51,21.83,20.11,21.58,20.5,1.08,5.2683,113168.94,240987.574
300476.SZ,20230407,22.01,22.01,20.5,21.18,22.45,-1.27,-5.657,917440.6,1935614.427
300477.SZ,20230407,5.25,5.27,5.23,5.25,5.23,0.02,0.3824,87279.99,45830.762
300478.SZ,20230407,9.34,9.41,9.26,9.39,9.34,0.05,0.5353,10163.1,9492.25
300479.SZ,20230407,23.01,26.4,22.68,25.4,22.99,2.41,10.4828,425040.19,1063239.951
300480.SZ,20230407,21.5,22.85,21.46,22.5,21.53,0.97,4.5053,118995.65,266430.479
300787.SZ,20230407,33.99,33.99,33.45,33.79,33.99,-0.2,-0.5884,26625.4,89670.905
300788.SZ,20230407,27.41,27.76,26.48,27.45,27.0,0.45,1.6667,53145.6,144304.472
300789.SZ,20230407,25.55,26.34,25.55,26.2,25.61,0.59,2.3038,7817.6,20368.556
300790.SZ,20230407,18.21,18.21,17.51,17.75,18.2,-0.45,-2.4725,57134.92,100937.646
300791.SZ,20230407,35.02,36.95,34.72,35.63,34.78,0.85,2.4439,16112.8,57787.878
300792.SZ,20230407,33.01,34.69,32.65,34.48,32.85,1.63,4.9619,78488.31,266199.121
300793.SZ,20230407,20.4,20.8,19.7,20.42,21.0,-0.58,-2.7619,324179.05,657610.449
300795.SZ,20230407,56.86,57.48,55.97,57.01,56.48,0.53,0.9384,3980.61,22644.196
300796.SZ,20230407,23.35,24.47,23.29,24.36,23.4,0.96,4.1026,52402.56,125516.657
300797.SZ,20230407,17.31,17.75,17.13,17.74,17.31,0.43,2.4841,18240.0,31874.301
300798.SZ,20230407,6.47,6.56,6.45,6.53,6.47,0.06,0.9274,11124.0,7252.696
300799.SZ,20230407,194.5,199.99,187.0,194.7,194.5,0.2,0.1028,14679.0,283596.09
300800.SZ,20230407,13.58,13.81,13.53,13.62,13.62,0.0,0.0,14059.67,19182.836
300801.SZ,20230407,18.4,18.41,18.29,18.29,18.35,-0.06,-0.327,19848.81,36401.956
300802.SZ,20230407,24.32,24.48,23.82,24.16,24.24,-0.08,-0.33,45437.09,109534.254
300803.SZ,20230407,58.18,59.28,57.16,58.15,57.9,0.25,0.4318,125993.49,733845.478
300805.SZ,20230407,8.37,8.56,8.13,8.48,8.32,0.16,1.9231,83037.99,69488.699
300806.SZ,20230407,26.74,26.79,26.16,26.35,26.59,-0.24,-0.9026,23124.02,61108.17
300807.SZ,20230407,26.26,26.75,25.64,26.71,26.18,0.53,2.0244,14205.0,37390.62
300808.SZ,20230407,13.49,13.91,13.45,13.68,13.48,0.2,1.4837,10907.0,14931.229
300809.SZ,20230407,24.3,24.51,23.74,23.88,24.24,-0.36,-1.4851,77937.31,187370.265
300810.SZ,20230407,20.73,20.89,20.5,20.86,20.57,0.29,1.4098,11038.5,22884.124
300811.SZ,20230407,89.33,90.84,88.61,89.58,89.26,0.32,0.3585,6264.22,56258.074
300812.SZ,20230407,24.7,24.73,23.62,24.29,24.5,-0.21,-0.8571,74608.08,179428.377
300813.SZ,20230407,45.73,46.3,44.49,45.18,45.73,-0.55,-1.2027,43493.4,197486.573
300814.SZ,20230407,23.37,23.37,22.4,22.9,23.3,-0.4,-1.7167,62528.37,142551.937
300815.SZ,20230407,16.57,17.66,16.5,17.27,16.57,0.7,4.2245,46727.65,80297.337
300816.SZ,20230407,30.1,31.99,29.63,31.22,30.0,1.22,4.0667,34402.79,105775.897
300817.SZ,20230407,16.42,16.69,16.37,16.53,16.42,0.11,0.6699,7525.74,12428.111
300818.SZ,20230407,24.07,24.29,23.64,24.24,24.26,-0.02,-0.0824,24814.0,59465.232
300819.SZ,20230407,13.67,13.86,13.62,13.78,13.66,0.12,0.8785,6577.0,9056.672
300820.SZ,20230407,91.8,98.8,91.7,95.77,89.12,6.65,7.4618,69231.48,659124.225
300821.SZ,20230407,12.4,12.61,12.38,12.46,12.5,-0.04,-0.32,77334.91,96410.209
300822.SZ,20230407,17.5,17.5,16.9,17.1,17.35,-0.25,-1.4409,14682.5,25078.872
300823.SZ,20230407,17.41,17.62,17.41,17.53,17.37,0.16,0.9211,6379.0,11180.834
300824.SZ,20230407,10.13,10.13,9.87,9.98,9.93,0.05,0.5035,19207.0,19217.97
300825.SZ,20230407,12.23,12.42,12.1,12.16,12.23,-0.07,-0.5724,31618.06,38603.071
300826.SZ,20230407,15.45,15.8,14.76,14.94,15.3,-0.36,-2.3529,103008.69,153752.337
300827.SZ,20230407,56.28,57.97,55.66,56.03,56.5,-0.47,-0.8319,61300.27,348566.683
300828.SZ,20230407,14.18,14.26,14.11,14.2,14.18,0.02,0.141,9795.0,13909.539
300829.SZ,20230407,24.97,25.03,24.27,24.32,25.06,-0.74,-2.9529,35811.94,87827.523
300830.SZ,20230407,10.32,10.58,10.15,10.45,10.23,0.22,2.1505,127618.01,132664.797
600149.SH,20230407,5.59,5.69,5.53,5.68,5.54,0.14,2.5271,40404.0,22773.552
600150.SH,20230407,23.41,23.54,23.2,23.41,23.4,0.01,0.0427,465117.38,1087345.4
600151.SH,20230407,9.06,9.19,9.04,9.18,9.06,0.12,1.3245,61367.46,55959.886
600152.SH,20230407,10.88,11.07,10.85,10.9,10.88,0.02,0.1838,122346.22,133910.116
600153.SH,20230407,12.35,12.9,12.34,12.7,12.35,0.35,2.834,339603.91,432459.772
600155.SH,20230407,7.14,7.17,7.07,7.13,7.11,0.02,0.2813,172136.22,122697.118
600156.SH,20230407,4.28,4.4,4.28,4.4,4.28,0.12,2.8037,42837.0,18675.082
600157.SH,20230407,1.55,1.56,1.55,1.55,1.56,-0.01,-0.641,1051502.04,163383.026
600158.SH,20230407,9.31,9.77,9.31,9.64,9.35,0.29,3.1016,281904.87,269817.516
600159.SH,20230407,2.58,2.66,2.56,2.64,2.57,0.07,2.7237,95951.12,25241.417
600160.SH,20230407,16.55,17.52,16.45,17.21,16.6,0.61,3.6747,258497.16,442373.626
600161.SH,20230407,26.19,27.11,26.13,26.88,26.13,0.75,2.8703,245881.21,659038.501
600162.SH,20230407,1.79,1.85,1.79,1.84,1.79,0.05,2.7933,143727.31,26300.752
600163.SH,20230407,5.15,5.2,5.13,5.2,5.13,0.07,1.3645,49024.67,25365.118
600165.SH,20230407,4.4,4.4,4.4,4.4,4.89,-0.49,-10.0204,63537.0,27956.28
600166.SH,20230407,3.45,3.53,3.45,3.47,3.45,0.02,0.5797,463166.0,161437.614
600167.SH,20230407,6.06,6.11,6.04,6.05,6.05,0.0,0.0,35961.85,21809.927
600168.SH,20230407,6.05,6.09,6.04,6.09,6.04,0.05,0.8278,16230.0,9850.043
600169.SH,20230407,2.44,2.44,2.42,2.43,2.44,-0.01,-0.4098,104386.5,25387.072
600170.SH,20230407,2.8,2.8,2.76,2.77,2.79,-0.02,-0.7168,350506.72,97359.479
600171.SH,20230407,23.4,23.63,23.01,23.19,23.62,-0.43,-1.8205,408861.06,948916.567
600172.SH,20230407,5.14,5.21,5.13,5.21,5.15,0.06,1.165,176452.0,91495.778
600173.SH,20230407,5.19,5.31,5.19,5.29,5.19,0.1,1.9268,50755.0,26743.022
600176.SH,20230407,15.18,15.23,15.07,15.22,15.13,0.09,0.5948,170831.12,259439.992
600177.SH,20230407,6.52,6.55,6.51,6.52,6.53,-0.01,-0.1531,82572.52,53897.747
600178.SH,20230407,6.23,6.29,6.2,6.27,6.23,0.04,0.6421,30389.51,19020.707
600179.SH,20230407,3.29,3.29,3.25,3.27,3.28,-0.01,-0.3049,131942.76,43102.255
600180.SH,20230407,5.67,5.74,5.62,5.74,5.66,0.08,1.4134,31359.11,17842.494
600182.SH,20230407,14.1,14.5,14.06,14.27,14.12,0.15,1.0623,8751.0,12532.961
600183.SH,20230407,19.71,19.79,19.25,19.63,19.83,-0.2,-1.0086,217793.83,424334.722
600184.SH,20230407,13.51,13.63,13.39,13.48,13.52,-0.04,-0.2959,34430.37,46358.136
600185.SH,20230407,8.71,9.05,8.7,8.88,8.68,0.2,2.3041,432014.11,385071.712
600186.SH,20230407,2.65,2.66,2.63,2.66,2.65,0.01,0.3774,128528.01,34068.08
600187.SH,20230407,2.52,2.7,2.51,2.65,2.52,0.13,5.1587,736642.57,192984.741
600188.SH,20230407,34.2,34.67,33.96,34.09,34.26,-0.17,-0.4962,160899.36,551407.123
600189.SH,20230407,6.13,6.2,6.13,6.18,6.14,0.04,0.6515,35563.92,21924.758
600190.SH,20230407,3.34,3.36,3.31,3.36,3.35,0.01,0.2985,161123.13,53738.031
600191.SH,20230407,5.63,5.93,5.6,5.79,5.54,0.25,4.5126,111970.12,64548.922
600192.SH,20230407,5.43,5.48,5.41,5.46,5.43,0.03,0.5525,42745.0,23331.171
600193.SH,20230407,5.75,5.75,5.63,5.71,5.64,0.07,1.2411,23851.28,13525.913
600195.SH,20230407,14.94,15.05,14.8,14.9,14.93,-0.03,-0.2009,53568.74,79942.769
600196.SH,20230407,33.68,34.26,33.68,34.04,33.5,0.54,1.6119,260426.99,886769.174
600929.SH,20230407,8.07,8.1,8.03,8.07,8.05,0.02,0.2484,54326.22,43833.034
600933.SH,20230407,22.48,22.92,22.36,22.7,22.48,0.22,0.9786,70242.97,158820.729
600935.SH,20230407,4.13,4.2,4.11,4.18,4.13,0.05,1.2107,81502.76,33917.259
600936.SH,20230407,4.19,4.22,4.14,4.2,4.19,0.01,0.2387,86875.15,36286.746
600938.SH,20230407,17.66,17.74,17.33,17.57,17.77,-0.2,-1.1255,477310.03,836563.915
600939.SH,20230407,3.62,3.65,3.61,3.62,3.62,0.0,0.0,60967.71,22115.948
600941.SH,20230407,96.69,98.89,95.79,96.52,97.19,-0.67,-0.6894,143078.2,1386517.432
600955.SH,20230407,21.47,21.76,21.42,21.68,21.49,0.19,0.8841,23749.6,51187.203
600956.SH,20230407,9.14,9.21,9.14,9.17,9.17,0.0,0.0,27259.27,25013.642
600958.SH,20230407,10.47,11.02,10.4,10.81,10.43,0.38,3.6433,1588389.46,1714746.78
600959.SH,20230407,3.32,3.39,3.31,3.37,3.33,0.04,1.2012,437670.08,146740.665
600960.SH,20230407,3.43,3.44,3.4,3.43,3.43,0.0,0.0,53384.01,18295.162
600961.SH,20230407,9.06,9.16,8.86,8.94,9.06,-0.12,-1.3245,227599.51,204773.728
600962.SH,20230407,14.42,14.47,14.05,14.1,14.33,-0.23,-1.605,45550.2,64821.244
600963.SH,20230407,7.3,7.39,7.17,7.19,7.28,-0.09,-1.2363,134094.88,97107.049
600965.SH,20230407,7.03,7.05,6.98,7.04,7.03,0.01,0.1422,44340.82,31081.577
600966.SH,20230407,7.21,7.35,7.21,7.3,7.22,0.08,1.108,62534.0,45585.82
600967.SH,20230407,10.12,10.18,9.99,10.03,10.13,-0.1,-0.9872,141734.52,142480.644
600968.SH,20230407,3.45,3.46,3.39,3.43,3.45,-0.02,-0.5797,307402.0,105293.14
600969.SH,20230407,7.16,7.21,7.15,7.21,7.17,0.04,0.5579,24273.25,17433.986
600970.SH,20230407,12.25,12.32,11.91,12.2,12.35,-0.15,-1.2146,255152.18,308835.292
600971.SH,20230407,9.0,9.06,8.83,8.85,8.99,-0.14,-1.5573,192800.11,171480.457
600973.SH,20230407,5.02,5.06,4.99,5.03,5.03,0.0,0.0,122314.0,61504.282
600975.SH,20230407,12.57,13.1,12.51,12.69,13.1,-0.41,-3.1298,644443.19,823339.869
600976.SH,20230407,81.41,82.09,77.21,77.6,81.03,-3.43,-4.233,33099.93,259543.008
600977.SH,20230407,13.95,14.62,13.7,14.26,13.85,0.41,2.9603,310208.17,442285.906
600979.SH,20230407,3.17,3.21,3.16,3.2,3.17,0.03,0.9464,70034.7,22381.166
600980.SH,20230407,15.0,15.04,14.91,14.98,14.95,0.03,0.2007,15362.0,22993.911
600981.SH,20230407,2.64,2.65,2.62,2.64,2.63,0.01,0.3802,97744.12,25783.974
600982.SH,20230407,4.19,4.23,4.18,4.21,4.19,0.02,0.4773,47720.0,20085.916
600983.SH,20230407,8.05,8.59,8.02,8.37,7.81,0.56,7.1703,75358.47,63131.053
600984.SH,20230407,6.01,6.02,5.97,5.97,5.98,-0.01,-0.1672,88612.7,53124.449
600985.SH,20230407,13.18,13.24,13.06,13.08,13.17,-0.09,-0.6834,118575.72,155568.248
600986.SH,20230407,6.32,6.48,6.08,6.37,6.3,0.07,1.1111,569772.95,358315.81
600987.SH,20230407,8.3,8.31,7.9,7.95,8.26,-0.31,-3.753,141709.67,114184.475
600988.SH,20230407,18.41,18.42,18.14,18.2,18.75,-0.55,-2.9333,487605.51,888279.555
600989.SH,20230407,14.65,14.9,14.28,14.48,14.68,-0.2,-1.3624,243109.99,352776.73
600990.SH,20230407,34.64,35.25,34.52,35.02,34.44,0.58,1.6841,30748.29,107403.453
600992.SH,20230407,19.77,20.0,19.63,19.66,19.82,-0.16,-0.8073,49928.98,98576.182
600993.SH,20230407,28.1,28.65,27.88,28.13,28.1,0.03,0.1068,67299.02,189459.673
600995.SH,20230407,13.95,14.02,13.86,13.89,13.95,-0.06,-0.4301,35547.0,49473.373
600996.SH,20230407,12.57,12.89,12.54,12.67,12.69,-0.02,-0.1576,204079.41,259612.246
603655.SH,20230407,32.9,33.69,32.0,32.31,32.18,0.13,0.404,10176.0,33498.917
603656.SH,20230407,12.5,12.64,12.43,12.61,12.39,0.22,1.7756,16575.4,20807.365
603657.SH,20230407,16.95,17.2,16.66,17.16,16.85,0.31,1.8398,16449.6,28127.578
603658.SH,20230407,62.6,63.9,61.68,62.96,62.34,0.62,0.9945,45428.4,286827.457
603659.SH,20230407,50.1,51.71,50.05,51.45,50.49,0.96,1.9014,101755.81,521793.763
603660.SH,20230407,6.78,7.11,6.73,7.05,6.79,0.26,3.8292,183990.83,128198.071
603661.SH,20230407,34.39,34.98,34.2,34.26,34.38,-0.12,-0.349,3080.8,10607.939
603662.SH,20230407,18.08,18.4,17.93,18.3,18.11,0.19,1.0491,15713.2,28684.872
603663.SH,20230407,14.44,14.52,14.31,14.37,14.48,-0.11,-0.7597,26492.2,38157.209
603665.SH,20230407,34.26,34.99,32.96,33.42,34.21,-0.79,-2.3093,36588.6,123785.586
603666.SH,20230407,42.14,42.3,41.26,41.9,42.34,-0.44,-1.0392,65600.13,274328.387
603667.SH,20230407,12.43,12.51,12.27,12.31,12.44,-0.13,-1.045,27812.4,34462.775
603668.SH,20230407,15.86,15.91,15.69,15.8,15.86,-0.06,-0.3783,105036.23,165849.748
603669.SH,20230407,5.42,5.53,5.39,5.52,5.38,0.14,2.6022,22679.97,12426.887
603676.SH,20230407,14.1,14.24,13.83,13.9,14.14,-0.24,-1.6973,33845.83,47273.281
603677.SH,20230407,12.29,12.38,12.18,12.29,12.25,0.04,0.3265,8476.0,10385.847
603678.SH,20230407,42.18,42.42,41.68,42.29,41.93,0.36,0.8586,22265.49,93869.074
603679.SH,20230407,13.89,14.05,13.82,13.92,13.92,0.0,0.0,8199.2,11406.132
603680.SH,20230407,8.65,8.79,8.65,8.71,8.69,0.02,0.2301,8134.4,7097.346
603681.SH,20230407,21.01,21.19,20.6,20.92,21.13,-0.21,-0.9938,16100.52,33660.34
603682.SH,20230407,5.33,5.4,5.31,5.39,5.33,0.06,1.1257,26778.36,14382.002
603683.SH,20230407,9.16,9.16,9.02,9.15,9.11,0.04,0.4391,21963.56,19911.326
603685.SH,20230407,11.45,11.75,11.3,11.66,11.4,0.26,2.2807,21985.03,25468.769
603686.SH,20230407,9.78,9.92,9.78,9.92,9.78,0.14,1.4315,33439.95,32967.792
603687.SH,20230407,9.35,9.51,9.3,9.47,9.32,0.15,1.6094,69220.23,65233.03
603688.SH,20230407,130.33,132.56,128.3,130.61,130.43,0.18,0.138,38856.97,508531.087
603689.SH,20230407,7.83,7.89,7.81,7.82,7.83,-0.01,-0.1277,20589.19,16136.794
603690.SH,20230407,43.3,45.13,42.98,43.77,43.28,0.49,1.1322,218119.64,957682.034
603693.SH,20230407,12.3,12.44,12.25,12.35,12.28,0.07,0.57,18416.3,22795.792
603696.SH,20230407,9.04,9.14,9.04,9.08,9.06,0.02,0.2208,19895.4,18054.001
603697.SH,20230407,14.2,14.56,14.07,14.1,14.15,-0.05,-0.3534,50624.96,72186.747
603698.SH,20230407,14.87,15.05,14.81,14.97,14.86,0.11,0.7402,19596.3,29228.481
603699.SH,20230407,12.31,12.4,12.15,12.23,12.39,-0.16,-1.2914,34808.09,42563.301
603700.SH,20230407,14.07,14.1,13.93,14.09,14.0,0.09,0.6429,11647.0,16340.094
603701.SH,20230407,15.67,15.91,15.41,15.68,15.53,0.15,0.9659,19627.1,30830.473
603703.SH,20230407,15.45,15.75,15.3,15.59,15.37,0.22,1.4314,26333.01,40823.622
603706.SH,20230407,14.0,14.09,13.91,14.06,14.0,0.06,0.4286,5258.0,7372.394
603707.SH,20230407,16.46,17.27,16.38,16.93,16.45,0.48,2.9179,118885.77,201704.566
603708.SH,20230407,13.36,13.4,13.07,13.1,13.38,-0.28,-2.0927,42096.15,55430.731
603709.SH,20230407,15.96,15.99,15.61,15.83,15.82,0.01,0.0632,5217.0,8232.661
603711.SH,20230407,18.79,19.26,18.5,19.0,18.66,0.34,1.8221,17209.69,32647.797
603712.SH,20230407,31.68,31.95,31.26,31.65,31.63,0.02,0.0632,77318.87,243991.671
688601.SH,20230407,89.47,90.12,86.01,87.18,90.0,-2.82,-3.1333,17308.03,151672.022
688606.SH,20230407,98.88,100.7,98.68,99.61,98.88,0.73,0.7383,2156.63,21507.004
688607.SH,20230407,22.79,23.73,22.79,23.47,22.85,0.62,2.7133,10520.59,24665.474
688608.SH,20230407,184.87,184.87,172.2,178.9,185.1,-6.2,-3.3495,50633.67,894353.264
688609.SH,20230407,9.28,9.55,9.08,9.44,9.11,0.33,3.6224,275948.75,258305.953
688611.SH,20230407,51.25,51.53,49.39,50.16,51.25,-1.09,-2.1268,3442.54,17278.316
688613.SH,20230407,25.18,26.27,25.18,26.1,25.19,0.91,3.6125,40540.29,104996.867
688616.SH,20230407,12.45,12.6,12.39,12.53,12.38,0.15,1.2116,7663.66,9589.44
688617.SH,20230407,360.95,368.3,356.05,367.55,362.9,4.65,1.2813,5116.54,186700.911
688618.SH,20230407,103.91,105.15,102.37,104.04,104.0,0.04,0.0385,2953.93,30607.595
688619.SH,20230407,21.5,23.19,21.45,22.29,21.06,1.23,5.8405,147930.57,327932.229
688621.SH,20230407,104.0,109.81,103.58,109.81,104.8,5.01,4.7805,5207.53,56370.811
688622.SH,20230407,37.28,39.59,37.28,38.95,37.11,1.84,4.9582,10682.84,41357.614
688625.SH,20230407,45.44,46.44,45.44,46.2,45.58,0.62,1.3602,3390.41,15545.626
688626.SH,20230407,42.4,42.89,41.73,42.64,42.42,0.22,0.5186,10385.22,43952.052
688628.SH,20230407,36.35,40.23,36.35,39.97,36.35,3.62,9.9587,30879.47,118952.035
688630.SH,20230407,82.5,83.8,79.73,81.19,82.95,-1.76,-2.1218,28754.16,232488.763
688633.SH,20230407,47.75,48.65,47.75,47.86,47.79,0.07,0.1465,2546.93,12238.415
688636.SH,20230407,95.89,97.6,93.54,95.37,95.93,-0.56,-0.5838,3742.43,35664.136
688639.SH,20230407,166.87,169.4,164.08,169.13,165.5,3.63,2.1934,3339.92,56089.437
688655.SH,20230407,14.8,14.8,14.41,14.56,14.75,-0.19,-1.2881,21280.2,30910.978
688656.SH,20230407,37.6,40.35,37.13,39.22,37.18,2.04,5.4868,5410.35,21151.454
688658.SH,20230407,21.32,22.38,21.32,22.12,21.32,0.8,3.7523,72464.58,159282.965
688659.SH,20230407,13.19,13.5,13.12,13.23,13.33,-0.1,-0.7502,20587.88,27266.166
688660.SH,20230407,6.05,6.09,6.04,6.08,6.04,0.04,0.6623,34376.62,20860.34
688661.SH,20230407,102.15,104.74,96.98,103.9,102.49,1.41,1.3757,30976.79,310443.371
688662.SH,20230407,36.69,37.0,35.82,36.61,37.18,-0.57,-1.5331,28045.84,101849.893
688663.SH,20230407,35.8,36.79,35.6,35.77,36.0,-0.23,-0.6389,29188.74,105600.0
688665.SH,20230407,92.06,94.58,91.53,92.54,91.29,1.25,1.3693,4460.1,41714.063
688667.SH,20230407,85.58,86.3,84.28,85.42,85.26,0.16,0.1877,2372.65,20256.321
688668.SH,20230407,62.3,63.13,60.1,60.37,62.32,-1.95,-3.129,24777.92,151001.402
688669.SH,20230407,24.77,25.32,24.7,25.26,24.73,0.53,2.1431,8622.32,21593.975
688670.SH,20230407,55.0,57.44,54.61,57.2,54.78,2.42,4.4177,7250.43,40878.99
688676.SH,20230407,32.01,33.13,31.83,32.06,32.12,-0.06,-0.1868,44490.77,144591.744
688677.SH,20230407,99.6,104.33,99.46,102.32,99.43,2.89,2.9066,11386.89,116639.039
688678.SH,20230407,21.87,22.03,21.41,21.55,21.79,-0.24,-1.1014,11164.02,24135.423
688679.SH,20230407,12.35,12.52,12.18,12.45,12.3,0.15,1.2195,6516.29,8057.722
688680.SH,20230407,153.88,157.99,152.48,154.6,154.19,0.41,0.2659,11485.15,178877.223
688681.SH,20230407,15.43,15.82,15.31,15.75,15.61,0.14,0.8969,6705.5,10511.075
688682.SH,20230407,105.06,105.06,101.0,103.22,105.76,-2.54,-2.4017,5489.53,56498.118
688683.SH,20230407,22.3,22.9,22.05,22.74,22.53,0.21,0.9321,14639.82,33101.781
688685.SH,20230407,20.7,20.73,20.35,20.54,20.73,-0.19,-0.9165,12625.36,25931.095
002082.SZ,20230407,8.35,8.48,8.3,8.48,8.33,0.15,1.8007,48345.0,40862.134
002083.SZ,20230407,4.51,4.52,4.48,4.52,4.5,0.02,0.4444,48516.5,21880.602
002084.SZ,20230407,4.35,4.42,4.32,4.41,4.36,0.05,1.1468,86592.86,38016.368
002085.SZ,20230407,6.1,6.19,6.09,6.15,6.1,0.05,0.8197,105184.98,64647.69
002086.SZ,20230407,3.06,3.12,3.02,3.09,3.06,0.03,0.9804,87871.42,26957.489
002087.SZ,20230407,2.93,2.97,2.92,2.96,2.95,0.01,0.339,75740.85,22347.797
002088.SZ,20230407,20.95,22.75,20.9,22.32,20.68,1.64,7.9304,60093.27,134188.04
002089.SZ,20230407,0.9,0.92,0.88,0.89,0.91,-0.02,-2.1978,615455.08,54894.867
002090.SZ,20230407,12.58,12.82,12.57,12.72,12.68,0.04,0.3155,54953.2,69947.59
002091.SZ,20230407,8.1,8.16,8.09,8.14,8.1,0.04,0.4938,60497.2,49210.739
002092.SZ,20230407,7.14,7.24,7.12,7.21,7.13,0.08,1.122,177221.45,127594.65
002093.SZ,20230407,8.7,8.92,8.61,8.87,8.72,0.15,1.7202,352643.24,310024.589
002094.SZ,20230407,3.83,3.85,3.75,3.78,3.86,-0.08,-2.0725,177182.0,66973.441
002095.SZ,20230407,22.3,23.27,21.8,22.82,22.18,0.64,2.8855,219043.19,495733.362
002096.SZ,20230407,12.8,12.81,12.66,12.71,12.83,-0.12,-0.9353,23760.05,30203.6
002097.SZ,20230407,6.38,6.42,6.37,6.39,6.37,0.02,0.314,39706.0,25390.784
002098.SZ,20230407,5.97,6.03,5.91,6.02,5.97,0.05,0.8375,22056.15,13209.365
002099.SZ,20230407,7.06,7.22,7.06,7.2,7.1,0.1,1.4085,78288.82,56092.301
002100.SZ,20230407,10.15,10.15,9.87,9.89,10.17,-0.28,-2.7532,347247.04,345675.735
002101.SZ,20230407,19.6,19.78,19.36,19.39,19.6,-0.21,-1.0714,80702.81,157754.243
002102.SZ,20230407,3.73,3.84,3.71,3.74,3.7,0.04,1.0811,545583.0,205341.308
002103.SZ,20230407,5.74,5.82,5.64,5.82,5.72,0.1,1.7483,112785.2,64871.946
002104.SZ,20230407,9.51,9.74,9.35,9.72,9.33,0.39,4.1801,513267.8,492144.327
002105.SZ,20230407,6.43,6.5,6.42,6.49,6.43,0.06,0.9331,20812.0,13456.082
002106.SZ,20230407,9.07,9.15,8.97,9.08,9.11,-0.03,-0.3293,79106.43,71479.394
002107.SZ,20230407,6.85,6.93,6.79,6.82,6.85,-0.03,-0.438,80886.0,55294.246
002108.SZ,20230407,4.29,4.33,4.28,4.32,4.29,0.03,0.6993,88278.76,38068.236
002109.SZ,20230407,5.0,5.04,4.99,5.03,5.0,0.03,0.6,18641.37,9361.123
002110.SZ,20230407,4.93,4.94,4.91,4.91,4.92,-0.01,-0.2033,42004.51,20669.062
002111.SZ,20230407,10.37,10.62,10.3,10.54,10.37,0.17,1.6393,49102.2,51435.343
002112.SZ,20230407,12.28,12.48,12.01,12.09,12.52,-0.43,-3.4345,369969.3,450728.67
002113.SZ,20230407,1.31,1.31,1.26,1.28,1.31,-0.03,-2.2901,396014.07,50962.325
002114.SZ,20230407,6.74,6.77,6.7,6.75,6.75,0.0,0.0,25820.0,17403.945
002115.SZ,20230407,7.3,7.5,7.22,7.27,7.36,-0.09,-1.2228,666792.55,489332.485
002116.SZ,20230407,11.16,11.26,11.1,11.2,11.16,0.04,0.3584,44604.44,49762.589
002117.SZ,20230407,9.36,10.26,9.35,9.93,9.33,0.6,6.4309,434570.61,428673.713
002118.SZ,20230407,1.94,1.97,1.92,1.96,1.93,0.03,1.5544,146934.17,28743.264
002119.SZ,20230407,15.2,15.27,14.91,15.17,15.28,-0.11,-0.7199,274423.3,414385.593
002120.SZ,20230407,11.7,12.04,11.62,11.95,11.57,0.38,3.2844,449810.69,534425.805
002121.SZ,20230407,8.75,8.78,8.55,8.6,8.8,-0.2,-2.2727,376827.5,324873.836
002122.SZ,20230407,4.04,4.43,3.99,4.43,4.03,0.4,9.9256,1810218.62,784921.307
002123.SZ,20230407,15.04,15.14,14.52,15.07,15.25,-0.18,-1.1803,301095.2,445563.969
300089.SZ,20230407,1.92,1.97,1.85,1.89,1.92,-0.03,-1.5625,262307.0,49794.278
300091.SZ,20230407,3.6,3.78,3.6,3.69,3.6,0.09,2.5,303802.09,113216.142
300092.SZ,20230407,14.58,15.88,14.57,15.74,14.67,1.07,7.2938,83816.79,128546.561
300093.SZ,20230407,38.5,38.86,37.92,38.0,38.62,-0.62,-1.6054,17622.84,67717.277
300094.SZ,20230407,5.27,5.33,5.27,5.3,5.27,0.03,0.5693,157554.0,83530.275
300095.SZ,20230407,9.55,9.65,9.5,9.58,9.52,0.06,0.6303,26613.0,25534.607
300096.SZ,20230407,7.48,8.91,7.32,8.4,7.48,0.92,12.2995,777347.65,647584.477
300097.SZ,20230407,6.04,6.04,5.9,5.98,6.0,-0.02,-0.3333,37077.0,22084.969
300098.SZ,20230407,3.89,4.0,3.83,3.99,3.87,0.12,3.1008,440034.37,173195.017
300099.SZ,20230407,7.17,7.25,7.09,7.21,7.17,0.04,0.5579,97622.0,70069.055
300100.SZ,20230407,7.48,7.54,7.4,7.43,7.47,-0.04,-0.5355,43501.0,32418.359
300101.SZ,20230407,28.68,29.16,28.33,29.12,28.75,0.37,1.287,79609.07,230019.652
300102.SZ,20230407,7.8,7.82,7.66,7.72,7.79,-0.07,-0.8986,190700.46,147269.71
300103.SZ,20230407,6.51,6.52,6.34,6.41,6.5,-0.09,-1.3846,20831.0,13322.133
300105.SZ,20230407,7.06,7.3,7.06,7.17,7.03,0.14,1.9915,129171.0,93296.169
300106.SZ,20230407,8.31,8.37,8.25,8.34,8.31,0.03,0.361,23808.0,19801.423
300107.SZ,20230407,5.58,5.77,5.53,5.72,5.59,0.13,2.3256,85813.0,48623.682
300108.SZ,20230407,1.85,1.88,1.85,1.87,1.87,0.0,0.0,77761.03,14471.502
300109.SZ,20230407,24.9,26.13,24.78,26.1,24.91,1.19,4.7772,84959.72,218289.363
300110.SZ,20230407,4.14,4.24,4.14,4.24,4.16,0.08,1.9231,153445.96,64599.8
300111.SZ,20230407,3.7,3.75,3.66,3.67,3.68,-0.01,-0.2717,142711.58,52798.963
300112.SZ,20230407,11.37,12.37,11.37,12.02,11.36,0.66,5.8099,284421.14,337922.303
300113.SZ,20230407,16.81,16.95,15.8,16.46,17.27,-0.81,-4.6902,599140.08,978200.122
300114.SZ,20230407,52.88,53.13,50.52,50.57,52.88,-2.31,-4.3684,297171.85,1529131.733
300115.SZ,20230407,14.13,14.38,13.97,14.0,14.25,-0.25,-1.7544,337286.22,475440.534
300116.SZ,20230407,1.56,1.65,1.55,1.62,1.55,0.07,4.5161,946091.33,153102.121
300117.SZ,20230407,3.44,3.5,3.41,3.49,3.43,0.06,1.7493,88527.32,30719.317
300118.SZ,20230407,27.11,27.74,27.1,27.2,27.27,-0.07,-0.2567,178299.34,488523.926
300119.SZ,20230407,21.86,22.05,21.61,21.85,21.81,0.04,0.1834,29727.0,65246.14
300120.SZ,20230407,7.35,7.49,7.34,7.48,7.36,0.12,1.6304,103210.0,76668.88
300121.SZ,20230407,11.22,11.45,11.17,11.4,11.19,0.21,1.8767,35514.58,40267.148
300122.SZ,20230407,81.97,84.13,81.75,83.0,81.96,1.04,1.2689,123980.75,1033356.973
300123.SZ,20230407,8.06,8.09,7.88,7.89,8.04,-0.15,-1.8657,383315.36,303882.869
300124.SZ,20230407,69.33,69.66,68.31,68.52,69.36,-0.84,-1.2111,94308.55,649720.357
300125.SZ,20230407,17.0,17.61,16.81,17.6,16.96,0.64,3.7736,82724.87,143713.97
300126.SZ,20230407,6.11,6.21,6.09,6.19,6.13,0.06,0.9788,20562.92,12622.148
300127.SZ,20230407,16.57,16.79,16.51,16.64,16.62,0.02,0.1203,24950.97,41637.023
300128.SZ,20230407,4.06,4.14,4.04,4.12,4.05,0.07,1.7284,157854.0,64583.319
300129.SZ,20230407,8.91,9.07,8.82,8.86,8.86,0.0,0.0,143711.66,128515.014
300130.SZ,20230407,17.83,18.96,17.76,18.66,17.66,1.0,5.6625,397530.63,735134.61
300131.SZ,20230407,6.04,6.05,5.94,6.02,6.05,-0.03,-0.4959,408208.16,244324.476
300132.SZ,20230407,6.43,6.49,6.37,6.47,6.44,0.03,0.4658,48031.93,30831.443
300481.SZ,20230407,27.36,27.72,27.03,27.2,27.33,-0.13,-0.4757,66568.53,181818.976
300482.SZ,20230407,31.15,31.72,31.12,31.7,31.15,0.55,1.7657,56171.73,177121.887
300483.SZ,20230407,12.66,12.74,12.55,12.7,12.63,0.07,0.5542,13931.0,17671.997
300484.SZ,20230407,13.76,13.77,13.5,13.7,13.68,0.02,0.1462,44211.0,60370.255
300485.SZ,20230407,11.48,11.68,11.39,11.64,11.42,0.22,1.9264,43891.21,50857.195
300486.SZ,20230407,8.41,8.57,8.33,8.47,8.38,0.09,1.074,29128.5,24586.474
300487.SZ,20230407,88.95,92.71,88.88,91.38,88.26,3.12,3.535,19811.45,181460.874
300488.SZ,20230407,23.43,23.84,23.2,23.2,23.43,-0.23,-0.9816,15093.98,35395.028
300489.SZ,20230407,18.89,19.07,18.65,18.91,18.94,-0.03,-0.1584,19614.0,36972.501
300490.SZ,20230407,14.65,14.98,14.55,14.58,14.68,-0.1,-0.6812,102651.0,151156.775
300491.SZ,20230407,20.1,20.67,19.92,20.03,20.41,-0.38,-1.8618,60543.0,122236.329
300492.SZ,20230407,46.5,47.6,45.81,46.09,46.58,-0.49,-1.052,5754.93,26898.588
300493.SZ,20230407,8.6,10.3,8.5,10.3,8.58,1.72,20.0466,892836.5,857620.638
300494.SZ,20230407,29.32,32.44,28.5,31.85,29.63,2.22,7.4924,243149.11,747115.664
300495.SZ,20230407,2.49,2.53,2.48,2.52,2.51,0.01,0.3984,80255.52,20189.227
300496.SZ,20230407,118.29,122.7,116.23,119.54,116.4,3.14,2.6976,143174.97,1702049.891
300497.SZ,20230407,12.99,13.28,12.98,13.12,12.97,0.15,1.1565,75190.46,98996.825
300498.SZ,20230407,21.85,21.91,21.34,21.4,21.88,-0.48,-2.1938,421012.16,905962.549
300499.SZ,20230407,13.62,13.66,13.2,13.3,13.8,-0.5,-3.6232,175512.24,235087.092
300500.SZ,20230407,16.96,16.96,16.55,16.74,16.89,-0.15,-0.8881,34901.6,58262.286
300501.SZ,20230407,15.98,16.37,15.98,16.31,16.04,0.27,1.6833,27793.17,45115.093
300502.SZ,20230407,66.05,70.2,65.39,70.2,65.89,4.31,6.5412,583605.18,3981736.363
300503.SZ,20230407,10.2,10.31,9.95,9.99,10.1,-0.11,-1.0891,105161.0,105615.382
300504.SZ,20230407,20.94,20.99,20.33,20.88,20.87,0.01,0.0479,61813.45,127949.879
300505.SZ,20230407,22.95,23.2,22.78,22.95,23.18,-0.23,-0.9922,33770.17,77545.033
300506.SZ,20230407,7.23,7.31,7.16,7.21,7.19,0.02,0.2782,54043.4,39010.969
300507.SZ,20230407,6.5,6.6,6.45,6.6,6.52,0.08,1.227,121779.14,79597.673
300508.SZ,20230407,27.5,27.86,27.05,27.3,27.4,-0.1,-0.365,32353.54,88557.295
300509.SZ,20230407,6.22,6.24,6.18,6.19,6.2,-0.01,-0.1613,17849.88,11074.705
300510.SZ,20230407,5.18,5.27,5.16,5.2,5.19,0.01,0.1927,130651.29,67967.211
300511.SZ,20230407,7.13,7.38,7.12,7.35,7.17,0.18,2.5105,126106.4,91835.119
300512.SZ,20230407,7.97,8.19,7.97,8.18,8.0,0.18,2.25,29278.0,23710.888
300513.SZ,20230407,13.45,13.9,13.25,13.88,13.38,0.5,3.7369,128122.33,174775.105
300514.SZ,20230407,12.24,12.24,12.05,12.12,12.26,-0.14,-1.1419,29617.0,35886.76
300515.SZ,20230407,14.79,15.25,14.65,15.15,14.81,0.34,2.2957,33604.0,50423.503
300516.SZ,20230407,30.72,30.72,30.25,30.4,30.92,-0.52,-1.6818,23344.13,70932.582
300517.SZ,20230407,13.95,14.23,13.87,14.1,13.96,0.14,1.0029,20282.4,28537.524
300518.SZ,20230407,35.75,37.62,35.18,37.1,35.44,1.66,4.684,26501.5,97482.91
300519.SZ,20230407,17.92,18.05,17.67,17.79,17.92,-0.13,-0.7254,33677.0,60012.279
300520.SZ,20230407,28.3,28.7,27.58,28.19,29.0,-0.81,-2.7931,328321.27,923792.861
300521.SZ,20230407,12.47,12.66,12.36,12.51,12.43,0.08,0.6436,17872.6,22343.289
300522.SZ,20230407,12.45,12.7,12.38,12.66,12.52,0.14,1.1182,29908.33,37543.509
300831.SZ,20230407,15.81,15.88,15.35,15.52,15.66,-0.14,-0.894,104332.65,161426.09
300832.SZ,20230407,60.89,61.8,57.7,59.69,58.95,0.74,1.2553,39159.29,231808.272
300833.SZ,20230407,106.38,107.0,104.18,105.98,105.81,0.17,0.1607,1241.7,13120.566
300834.SZ,20230407,26.03,26.24,25.92,26.22,25.98,0.24,0.9238,4552.03,11902.339
300835.SZ,20230407,35.29,35.29,34.36,34.98,34.59,0.39,1.1275,20920.0,73185.133
300836.SZ,20230407,24.69,24.69,24.06,24.4,24.71,-0.31,-1.2546,6612.5,16040.097
300837.SZ,20230407,45.46,45.46,44.3,44.4,45.07,-0.67,-1.4866,5531.0,24655.42
300838.SZ,20230407,17.73,17.81,17.46,17.56,17.65,-0.09,-0.5099,10781.09,18981.879
300839.SZ,20230407,17.71,18.52,17.67,18.34,17.78,0.56,3.1496,19741.92,35874.609
300840.SZ,20230407,10.61,11.93,10.45,11.53,10.61,0.92,8.6711,165922.77,186383.348
300841.SZ,20230407,93.05,98.95,93.0,96.71,93.55,3.16,3.3779,19024.35,185140.53
300842.SZ,20230407,57.2,59.09,56.4,56.58,57.98,-1.4,-2.4146,35518.03,203968.799
300843.SZ,20230407,21.6,21.64,21.23,21.43,21.48,-0.05,-0.2328,7572.0,16216.108
300844.SZ,20230407,27.35,27.78,27.18,27.72,27.32,0.4,1.4641,4557.6,12524.897
300845.SZ,20230407,24.34,24.36,23.23,23.84,24.16,-0.32,-1.3245,28383.48,67176.47
300846.SZ,20230407,19.73,19.78,18.31,19.17,19.63,-0.46,-2.3434,594428.22,1128542.256
300847.SZ,20230407,16.13,16.15,15.7,16.03,16.34,-0.31,-1.8972,111930.5,178168.046
300848.SZ,20230407,38.51,38.51,37.2,37.28,38.46,-1.18,-3.0681,17381.0,65176.964
300849.SZ,20230407,11.61,11.81,11.55,11.74,11.64,0.1,0.8591,8407.0,9825.942
300850.SZ,20230407,45.34,47.1,45.34,46.06,45.49,0.57,1.253,60707.46,281084.913
300851.SZ,20230407,25.79,25.79,25.28,25.4,25.44,-0.04,-0.1572,2713.0,6892.599
300852.SZ,20230407,41.62,41.96,40.71,41.5,41.88,-0.38,-0.9074,20838.8,85745.987
300853.SZ,20230407,29.31,29.49,28.72,28.94,29.44,-0.5,-1.6984,13799.0,40040.298
300854.SZ,20230407,16.06,16.35,16.02,16.33,16.0,0.33,2.0625,5262.0,8518.381
300855.SZ,20230407,43.73,45.28,43.63,44.78,43.6,1.18,2.7064,25740.01,114444.115
300856.SZ,20230407,53.24,54.24,52.55,53.39,53.0,0.39,0.7358,13533.0,72378.195
300857.SZ,20230407,27.1,27.15,26.0,26.42,27.44,-1.02,-3.7172,83381.84,220237.54
300858.SZ,20230407,34.29,37.35,33.98,37.03,34.33,2.7,7.8648,28114.9,102467.123
300859.SZ,20230407,34.39,35.85,34.31,35.13,34.38,0.75,2.1815,78968.0,277526.498
300860.SZ,20230407,58.18,59.67,58.18,58.93,58.31,0.62,1.0633,6944.7,40956.634
300861.SZ,20230407,46.0,46.3,45.5,45.74,45.76,-0.02,-0.0437,21035.99,96761.181
300862.SZ,20230407,28.3,28.41,27.78,27.78,28.35,-0.57,-2.0106,9255.0,25891.765
300863.SZ,20230407,86.69,88.48,85.9,86.22,86.68,-0.46,-0.5307,7073.83,61424.063
300864.SZ,20230407,21.83,22.88,21.79,22.57,21.96,0.61,2.7778,28121.25,63293.698
300865.SZ,20230407,19.7,20.16,19.6,20.14,19.63,0.51,2.5981,7579.0,15090.718
300866.SZ,20230407,70.0,72.1,68.98,69.85,69.86,-0.01,-0.0143,49057.32,344988.869
300867.SZ,20230407,19.3,19.45,19.14,19.23,19.21,0.02,0.1041,28108.97,54180.443
300868.SZ,20230407,17.35,17.77,17.27,17.76,17.34,0.42,2.4221,14412.05,25360.028
300869.SZ,20230407,24.28,24.82,24.1,24.72,24.13,0.59,2.4451,50922.79,125127.389
300870.SZ,20230407,70.0,75.32,64.68,75.0,67.27,7.73,11.491,72540.74,503436.657
300871.SZ,20230407,19.58,19.75,19.4,19.66,19.59,0.07,0.3573,12216.54,23907.316
300872.SZ,20230407,15.86,16.25,15.72,16.02,15.74,0.28,1.7789,131765.04,210701.33
301099.SZ,20230407,66.02,66.85,64.18,66.85,66.16,0.69,1.0429,23665.45,154607.088
301100.SZ,20230407,21.8,22.27,21.8,22.16,21.82,0.34,1.5582,7442.08,16408.59
301101.SZ,20230407,56.05,57.9,55.6,57.28,56.09,1.19,2.1216,8138.88,46582.52
301102.SZ,20230407,37.02,37.48,36.1,36.37,37.02,-0.65,-1.7558,8574.9,31513.11
301103.SZ,20230407,30.36,32.77,30.16,32.61,30.15,2.46,8.1592,32695.39,103945.244
301105.SZ,20230407,37.4,37.77,37.4,37.72,37.44,0.28,0.7479,1793.23,6749.699
301106.SZ,20230407,30.5,30.53,30.1,30.48,30.28,0.2,0.6605,5760.72,17517.46
301107.SZ,20230407,30.25,30.25,29.81,30.08,30.03,0.05,0.1665,4373.0,13096.445
301108.SZ,20230407,38.93,39.35,38.73,39.06,38.85,0.21,0.5405,5378.0,21023.225
301109.SZ,20230407,16.78,17.02,16.78,16.96,16.84,0.12,0.7126,10339.49,17511.949
301110.SZ,20230407,56.8,59.1,54.71,58.62,56.88,1.74,3.0591,35539.55,202652.156
301111.SZ,20230407,20.48,20.96,20.4,20.84,20.56,0.28,1.3619,20779.3,43207.473
301112.SZ,20230407,34.96,34.96,34.11,34.62,34.93,-0.31,-0.8875,11545.82,39838.221
301113.SZ,20230407,26.51,26.99,26.31,26.77,26.46,0.31,1.1716,2445.0,6523.808
301115.SZ,20230407,25.11,25.25,25.01,25.19,25.1,0.09,0.3586,6039.03,15211.166
301116.SZ,20230407,15.42,15.54,15.27,15.54,15.43,0.11,0.7129,23794.0,36776.803
301117.SZ,20230407,72.69,74.98,71.7,74.5,72.86,1.64,2.2509,8369.73,61695.606
301118.SZ,20230407,32.7,33.07,32.6,32.72,32.68,0.04,0.1224,12649.73,41410.345
301119.SZ,20230407,28.8,29.8,28.66,29.25,28.88,0.37,1.2812,6025.95,17583.672
301120.SZ,20230407,19.23,19.95,19.2,19.79,19.23,0.56,2.9121,36357.0,71834.998
301121.SZ,20230407,58.23,58.71,57.28,57.83,58.9,-1.07,-1.8166,12237.69,70754.742
301122.SZ,20230407,47.25,49.16,47.25,49.04,47.33,1.71,3.6129,8349.03,40577.369
301123.SZ,20230407,26.25,26.25,25.76,26.05,26.26,-0.21,-0.7997,27822.13,72163.7
301125.SZ,20230407,24.9,25.1,24.66,24.92,24.93,-0.01,-0.0401,5495.01,13665.589
301126.SZ,20230407,15.32,15.45,15.18,15.39,15.19,0.2,1.3167,23373.46,35885.921
301127.SZ,20230407,9.99,10.08,9.96,10.07,9.98,0.09,0.9018,25225.0,25325.041
301128.SZ,20230407,28.92,29.23,28.9,29.1,29.06,0.04,0.1376,2730.0,7936.465
301129.SZ,20230407,76.99,80.18,76.9,78.72,77.27,1.45,1.8765,2419.0,19091.677
301130.SZ,20230407,29.06,29.88,29.06,29.81,29.18,0.63,2.159,7104.0,21046.416
301131.SZ,20230407,37.63,38.18,37.63,37.99,37.63,0.36,0.9567,3048.43,11584.612
301132.SZ,20230407,30.45,30.69,29.94,30.41,30.6,-0.19,-0.6209,34489.43,104140.534
301133.SZ,20230407,22.85,23.0,22.7,22.76,22.84,-0.08,-0.3503,6134.0,14003.524
301135.SZ,20230407,26.2,26.66,25.74,26.19,26.5,-0.31,-1.1698,13091.68,34203.106
301136.SZ,20230407,14.18,14.4,14.03,14.29,14.11,0.18,1.2757,32699.94,46411.7
301137.SZ,20230407,15.15,15.43,15.15,15.24,15.24,0.0,0.0,19652.42,30078.899
301138.SZ,20230407,26.29,26.55,26.0,26.55,26.14,0.41,1.5685,6903.24,18227.673
301139.SZ,20230407,29.54,29.7,29.08,29.63,29.53,0.1,0.3386,11140.19,32804.432
301141.SZ,20230407,42.58,45.98,41.92,42.13,43.46,-1.33,-3.0603,85139.69,373877.646
301148.SZ,20230407,23.03,23.03,22.79,22.85,22.97,-0.12,-0.5224,5823.0,13318.186
301149.SZ,20230407,10.71,10.83,10.71,10.78,10.73,0.05,0.466,12737.37,13713.183
301150.SZ,20230407,67.3,67.48,66.85,66.94,67.37,-0.43,-0.6383,5286.0,35454.064
301151.SZ,20230407,17.85,17.95,17.75,17.9,17.86,0.04,0.224,4639.43,8298.778
301152.SZ,20230407,45.31,45.8,45.25,45.27,45.55,-0.28,-0.6147,7031.55,31997.488
600197.SH,20230407,26.7,27.07,26.38,26.49,26.69,-0.2,-0.7493,46078.99,122742.386
600198.SH,20230407,8.02,8.08,7.87,7.96,8.03,-0.07,-0.8717,153955.0,122423.506
600199.SH,20230407,27.32,28.0,27.12,27.62,27.42,0.2,0.7294,93334.66,258144.247
600200.SH,20230407,8.2,8.3,8.11,8.26,8.23,0.03,0.3645,82416.26,68008.708
600201.SH,20230407,11.5,11.65,11.31,11.4,11.5,-0.1,-0.8696,154941.7,177403.906
600202.SH,20230407,5.18,5.29,5.16,5.27,5.19,0.08,1.5414,69787.0,36708.026
600203.SH,20230407,6.42,6.95,6.34,6.88,6.4,0.48,7.5,437905.43,292124.579
600206.SH,20230407,16.16,16.3,15.84,16.04,16.24,-0.2,-1.2315,380138.12,609369.916
600207.SH,20230407,6.37,6.6,6.35,6.6,6.0,0.6,10.0,236005.29,154809.467
600208.SH,20230407,2.79,2.83,2.78,2.81,2.78,0.03,1.0791,795964.27,223755.215
600210.SH,20230407,5.49,5.58,5.47,5.55,5.49,0.06,1.0929,101809.33,56428.312
600211.SH,20230407,56.96,56.96,54.58,55.36,57.16,-1.8,-3.1491,49587.07,275250.046
600212.SH,20230407,8.3,8.75,8.26,8.7,8.27,0.43,5.1995,208058.76,179456.309
600213.SH,20230407,8.85,8.95,8.76,8.89,8.81,0.08,0.9081,29517.0,26202.056
600215.SH,20230407,6.52,6.57,6.47,6.56,6.49,0.07,1.0786,17446.29,11389.649
600216.SH,20230407,12.3,12.7,12.28,12.7,12.29,0.41,3.336,214530.89,268989.777
600217.SH,20230407,5.2,5.24,5.15,5.18,5.19,-0.01,-0.1927,100376.23,52065.813
600218.SH,20230407,8.8,8.9,8.8,8.85,8.8,0.05,0.5682,32945.0,29162.318
600219.SH,20230407,3.39,3.41,3.38,3.4,3.37,0.03,0.8902,465381.3,158201.152
600220.SH,20230407,2.57,2.6,2.56,2.58,2.57,0.01,0.3891,135492.02,34829.021
600221.SH,20230407,1.8,1.81,1.78,1.79,1.8,-0.01,-0.5556,858868.89,153918.698
600222.SH,20230407,5.93,6.05,5.84,5.99,5.88,0.11,1.8707,145989.26,87294.811
600223.SH,20230407,10.88,10.99,10.83,10.89,10.89,0.0,0.0,69970.45,76375.023
600225.SH,20230407,4.6,4.66,4.57,4.63,4.55,0.08,1.7582,238898.86,110276.564
600226.SH,20230407,2.94,2.99,2.91,2.98,2.92,0.06,2.0548,154866.07,45891.089
600227.SH,20230407,2.94,2.94,2.91,2.93,2.92,0.01,0.3425,30611.0,8961.902
600228.SH,20230407,12.5,13.19,11.95,12.8,12.99,-0.19,-1.4627,326077.53,405907.516
600229.SH,20230407,7.85,8.05,7.75,7.97,7.79,0.18,2.3107,49907.08,39574.41
600230.SH,20230407,17.03,17.22,16.9,16.96,17.03,-0.07,-0.411,75812.94,129130.161
600231.SH,20230407,2.19,2.2,2.16,2.18,2.18,0.0,0.0,95486.8,20858.252
600232.SH,20230407,5.58,5.67,5.54,5.61,5.58,0.03,0.5376,33154.0,18518.941
600233.SH,20230407,18.49,19.06,18.41,18.95,18.48,0.47,2.5433,194394.68,366865.6
600234.SH,20230407,7.65,7.7,7.23,7.24,7.61,-0.37,-4.862,59217.09,44021.155
600235.SH,20230407,5.32,5.37,5.29,5.36,5.32,0.04,0.7519,29993.0,16034.298
600236.SH,20230407,5.58,5.6,5.58,5.58,5.59,-0.01,-0.1789,61347.82,34275.416
600237.SH,20230407,7.16,7.21,7.06,7.12,7.15,-0.03,-0.4196,123455.72,87644.112
600238.SH,20230407,13.35,13.45,13.21,13.28,13.39,-0.11,-0.8215,153869.74,204395.536
600239.SH,20230407,1.9,1.94,1.87,1.92,1.89,0.03,1.5873,102273.86,19670.193
600241.SH,20230407,8.55,8.63,8.5,8.58,8.59,-0.01,-0.1164,41564.0,35592.742
600242.SH,20230407,0.96,0.96,0.96,0.96,1.01,-0.05,-4.9505,10610.0,1018.56
600243.SH,20230407,3.97,4.04,3.96,4.04,3.97,0.07,1.7632,54179.0,21715.314
600246.SH,20230407,6.42,6.7,6.4,6.54,6.4,0.14,2.1875,242283.4,158499.693
600997.SH,20230407,6.86,6.9,6.86,6.87,6.88,-0.01,-0.1453,70113.58,48207.506
600998.SH,20230407,14.64,14.84,14.48,14.57,14.59,-0.02,-0.1371,51324.37,75207.489
600999.SH,20230407,14.17,14.28,14.11,14.2,14.16,0.04,0.2825,143278.62,203633.763
601000.SH,20230407,3.21,3.21,3.13,3.17,3.2,-0.03,-0.9375,270552.39,85497.026
601001.SH,20230407,11.04,11.22,10.99,11.05,11.04,0.01,0.0906,118475.94,131260.835
601002.SH,20230407,4.67,4.69,4.65,4.67,4.68,-0.01,-0.2137,45615.88,21299.173
601003.SH,20230407,4.13,4.17,4.09,4.11,4.11,0.0,0.0,97178.01,39928.471
601005.SH,20230407,1.55,1.56,1.54,1.55,1.55,0.0,0.0,199588.23,30992.756
601006.SH,20230407,7.26,7.26,7.14,7.17,7.26,-0.09,-1.2397,250506.29,179927.658
601007.SH,20230407,9.78,10.2,9.78,10.16,9.79,0.37,3.7794,161372.4,162932.139
601008.SH,20230407,4.65,4.65,4.6,4.63,4.64,-0.01,-0.2155,99887.0,46192.206
601009.SH,20230407,9.07,9.09,9.03,9.06,9.07,-0.01,-0.1103,111635.98,101100.396
601010.SH,20230407,2.49,2.49,2.47,2.48,2.48,0.0,0.0,105741.78,26180.048
601011.SH,20230407,3.53,3.54,3.51,3.54,3.52,0.02,0.5682,98968.39,34931.627
601012.SH,20230407,40.28,40.98,40.08,40.47,40.29,0.18,0.4468,471161.42,1912241.528
601015.SH,20230407,4.7,4.73,4.68,4.72,4.71,0.01,0.2123,56388.81,26567.494
601016.SH,20230407,3.79,3.82,3.78,3.8,3.79,0.01,0.2639,211051.84,80338.925
601018.SH,20230407,3.69,3.7,3.67,3.69,3.69,0.0,0.0,90308.55,33282.751
601019.SH,20230407,7.75,7.84,7.62,7.71,7.74,-0.03,-0.3876,122186.17,94259.177
601020.SH,20230407,14.79,14.84,14.51,14.55,14.91,-0.36,-2.4145,96016.0,140582.02
601021.SH,20230407,64.22,65.86,63.67,64.77,64.03,0.74,1.1557,31264.52,202753.14
601022.SH,20230407,11.98,12.16,11.93,12.05,11.93,0.12,1.0059,43494.55,52459.039
601028.SH,20230407,11.91,12.06,11.89,12.01,12.01,0.0,0.0,125302.88,149871.97
601038.SH,20230407,10.97,10.99,10.89,10.93,10.96,-0.03,-0.2737,29891.3,32659.06
601058.SH,20230407,10.22,10.45,10.12,10.23,10.18,0.05,0.4912,223418.33,228713.15
601059.SH,20230407,16.6,18.0,16.41,17.12,16.63,0.49,2.9465,784076.78,1352295.659
601066.SH,20230407,26.39,26.94,26.23,26.8,26.43,0.37,1.3999,194296.04,518915.08
601068.SH,20230407,5.38,5.39,5.22,5.26,5.41,-0.15,-2.7726,270306.7,142933.79
601069.SH,20230407,14.8,14.98,14.71,14.83,15.04,-0.21,-1.3963,138811.73,205976.835
601077.SH,20230407,3.68,3.68,3.66,3.67,3.67,0.0,0.0,287702.62,105519.7
601086.SH,20230407,4.17,4.18,4.11,4.15,4.17,-0.02,-0.4796,66759.0,27634.866
601088.SH,20230407,27.9,28.0,27.64,27.74,27.92,-0.18,-0.6447,204042.88,566445.28
601089.SH,20230407,15.62,15.83,15.6,15.79,15.61,0.18,1.1531,22944.06,36160.77
601098.SH,20230407,11.34,11.54,11.26,11.3,11.28,0.02,0.1773,106338.0,120888.536
601099.SH,20230407,2.65,2.67,2.64,2.66,2.65,0.01,0.3774,364976.78,97053.852
601100.SH,20230407,65.99,67.58,65.98,66.68,65.75,0.93,1.4144,34098.62,228522.326
601101.SH,20230407,6.28,6.3,6.23,6.28,6.28,0.0,0.0,47069.64,29490.028
601106.SH,20230407,3.32,3.42,3.3,3.33,3.32,0.01,0.3012,500120.1,167392.555
601107.SH,20230407,3.81,3.81,3.78,3.79,3.79,0.0,0.0,30500.0,11553.05
601108.SH,20230407,7.67,7.75,7.62,7.73,7.65,0.08,1.0458,319121.21,245793.804
601111.SH,20230407,11.15,11.3,11.04,11.25,11.08,0.17,1.5343,449125.32,502805.553
601113.SH,20230407,3.65,3.72,3.64,3.69,3.64,0.05,1.3736,64871.38,23848.983
603713.SH,20230407,103.21,104.43,102.0,103.72,103.2,0.52,0.5039,8502.07,87873.616
603716.SH,20230407,10.03,10.56,9.99,10.53,10.03,0.5,4.985,82102.23,85424.108
603717.SH,20230407,8.6,9.85,8.51,9.71,8.95,0.76,8.4916,499847.4,468932.525
603718.SH,20230407,11.33,11.48,11.27,11.47,11.3,0.17,1.5044,36430.8,41652.266
603719.SH,20230407,33.8,34.24,33.72,33.79,33.73,0.06,0.1779,15734.0,53409.15
603721.SH,20230407,15.15,15.78,15.15,15.67,15.19,0.48,3.16,49523.0,76947.699
603722.SH,20230407,48.9,50.99,48.9,50.25,48.8,1.45,2.9713,22010.0,110032.085
603725.SH,20230407,6.85,6.92,6.83,6.9,6.88,0.02,0.2907,17843.0,12284.395
603726.SH,20230407,13.2,13.35,13.0,13.1,13.24,-0.14,-1.0574,23673.96,31047.451
603727.SH,20230407,12.84,12.98,12.67,12.94,12.85,0.09,0.7004,45903.52,58723.675
603728.SH,20230407,41.14,41.95,40.28,40.61,41.19,-0.58,-1.4081,47935.0,196337.67
603729.SH,20230407,13.92,14.25,13.83,14.13,13.96,0.17,1.2178,10346.4,14505.308
603730.SH,20230407,18.1,18.77,17.93,18.25,17.92,0.33,1.8415,22171.41,40548.889
603733.SH,20230407,26.03,27.0,26.03,26.54,26.05,0.49,1.881,41076.6,109096.934
603737.SH,20230407,113.1,115.48,112.4,113.75,112.76,0.99,0.878,6771.53,77284.576
603738.SH,20230407,28.51,28.8,27.51,27.56,28.56,-1.0,-3.5014,75687.44,211194.188
603739.SH,20230407,14.39,14.75,14.29,14.63,14.36,0.27,1.8802,13145.0,19148.629
603755.SH,20230407,41.04,41.47,40.34,40.6,40.64,-0.04,-0.0984,5708.0,23270.293
603757.SH,20230407,25.8,26.85,25.66,26.85,25.71,1.14,4.4341,23100.27,60616.61
603758.SH,20230407,10.68,10.82,10.58,10.74,10.65,0.09,0.8451,22821.0,24479.662
603759.SH,20230407,9.52,9.69,9.45,9.61,9.51,0.1,1.0515,25675.98,24648.268
603766.SH,20230407,5.05,5.07,5.0,5.0,5.05,-0.05,-0.9901,102015.5,51226.391
603767.SH,20230407,7.03,7.12,7.02,7.08,7.03,0.05,0.7112,13623.0,9635.714
603768.SH,20230407,15.05,15.43,15.0,15.21,15.11,0.1,0.6618,9738.0,14834.942
603773.SH,20230407,20.46,21.36,20.0,21.07,20.46,0.61,2.9814,50738.8,105021.77
603776.SH,20230407,16.5,16.87,16.29,16.35,16.39,-0.04,-0.2441,49709.13,82065.023
603777.SH,20230407,17.1,17.4,17.08,17.15,17.11,0.04,0.2338,19955.81,34435.182
603778.SH,20230407,5.74,5.8,5.46,5.46,5.63,-0.17,-3.0195,255379.25,142919.791
603779.SH,20230407,6.68,6.75,6.6,6.74,6.66,0.08,1.2012,29195.45,19552.788
603786.SH,20230407,59.89,60.6,58.72,59.14,60.19,-1.05,-1.7445,8928.35,53162.945
603787.SH,20230407,19.66,19.76,19.37,19.53,19.66,-0.13,-0.6612,14451.0,28211.638
603788.SH,20230407,11.35,11.35,11.16,11.17,11.27,-0.1,-0.8873,8672.0,9713.6
603789.SH,20230407,8.85,8.89,8.79,8.88,8.85,0.03,0.339,17364.6,15344.922
603790.SH,20230407,10.78,11.05,10.71,10.97,10.78,0.19,1.7625,9795.0,10664.733
603797.SH,20230407,5.87,5.89,5.85,5.89,5.87,0.02,0.3407,22230.96,13058.67
603798.SH,20230407,10.96,11.05,10.84,10.92,10.95,-0.03,-0.274,23347.0,25550.53
603799.SH,20230407,53.4,54.65,53.27,53.93,53.4,0.53,0.9925,146228.48,790414.807
603800.SH,20230407,28.34,28.86,27.98,28.47,28.18,0.29,1.0291,10436.21,29775.468
603801.SH,20230407,34.5,36.98,34.31,36.45,34.31,2.14,6.2372,37985.84,137856.142
603803.SH,20230407,9.2,9.32,8.95,9.27,9.15,0.12,1.3115,249541.29,228610.251
603806.SH,20230407,56.51,57.77,56.13,56.26,56.51,-0.25,-0.4424,57601.82,327531.477
603808.SH,20230407,10.98,11.29,10.96,11.27,10.98,0.29,2.6412,36469.5,40803.264
688686.SH,20230407,152.5,158.62,150.5,156.99,152.52,4.47,2.9308,8300.42,128460.405
688687.SH,20230407,26.57,29.3,26.35,28.5,26.47,2.03,7.6691,43591.38,123983.595
688689.SH,20230407,30.54,30.55,29.81,30.16,30.64,-0.48,-1.5666,16928.0,50957.775
688690.SH,20230407,50.38,51.45,50.16,51.0,50.33,0.67,1.3312,40527.39,206441.58
688696.SH,20230407,200.0,203.07,194.88,202.26,199.0,3.26,1.6382,10481.51,208674.088
688697.SH,20230407,26.63,27.86,26.31,27.48,26.62,0.86,3.2307,66393.94,181261.447
688698.SH,20230407,23.49,24.76,23.19,23.92,23.4,0.52,2.2222,13068.5,31441.254
688699.SH,20230407,72.66,75.0,70.5,73.41,73.0,0.41,0.5616,55962.41,407459.874
688700.SH,20230407,96.27,97.0,91.58,91.99,95.58,-3.59,-3.756,22800.01,213802.984
688701.SH,20230407,8.33,8.44,8.3,8.37,8.29,0.08,0.965,7285.06,6100.556
688707.SH,20230407,39.27,39.99,39.17,39.4,39.18,0.22,0.5615,27013.14,106708.316
688711.SH,20230407,88.2,88.9,86.71,88.0,88.2,-0.2,-0.2268,17651.81,154685.931
688718.SH,20230407,17.11,17.68,17.03,17.4,17.12,0.28,1.6355,9753.29,16969.349
688722.SH,20230407,18.9,19.33,18.84,18.88,18.92,-0.04,-0.2114,35699.62,67815.933
688728.SH,20230407,19.0,19.09,18.4,18.77,18.72,0.05,0.2671,387898.65,726986.695
688733.SH,20230407,39.27,39.79,38.96,39.56,38.75,0.81,2.0903,14404.8,56690.793
688737.SH,20230407,41.43,41.78,40.8,40.81,41.63,-0.82,-1.9697,4807.91,19868.735
688739.SH,20230407,35.6,36.89,35.31,36.42,35.43,0.99,2.7942,50510.74,183697.066
688766.SH,20230407,187.53,192.0,182.0,189.12,185.01,4.11,2.2215,13369.17,250304.205
688767.SH,20230407,42.02,42.96,41.92,42.7,42.01,0.69,1.6425,4273.03,18219.46
688768.SH,20230407,134.08,138.78,133.81,134.99,133.02,1.97,1.481,3302.31,44811.093
688772.SH,20230407,18.1,18.25,17.94,18.14,18.03,0.11,0.6101,48993.65,88724.322
688776.SH,20230407,150.57,150.57,146.35,148.4,150.8,-2.4,-1.5915,4121.14,60777.342
688777.SH,20230407,102.61,109.23,102.61,106.85,101.91,4.94,4.8474,97950.66,1045005.769
688778.SH,20230407,68.7,70.29,68.45,69.0,68.56,0.44,0.6418,21126.99,146321.866
688779.SH,20230407,14.9,14.98,14.82,14.88,14.89,-0.01,-0.0672,59426.43,88572.921
688786.SH,20230407,45.48,46.47,45.1,45.42,45.8,-0.38,-0.8297,5700.91,25914.346
688787.SH,20230407,205.5,215.0,201.73,208.99,208.0,0.99,0.476,33004.26,689136.855
688788.SH,20230407,51.17,51.33,49.77,50.46,49.89,0.57,1.1425,26452.68,133204.198
688789.SH,20230407,169.99,173.77,166.62,169.95,169.99,-0.04,-0.0235,4568.1,77570.991
688793.SH,20230407,51.2,52.79,51.2,52.41,51.26,1.15,2.2435,4165.33,21737.827
688798.SH,20230407,132.55,137.88,129.08,134.05,132.46,1.59,1.2004,13217.59,175674.441
688799.SH,20230407,37.4,38.43,37.22,38.0,37.35,0.65,1.7403,9354.67,35524.966
688800.SH,20230407,84.3,87.3,83.65,87.27,84.3,2.97,3.5231,12387.05,106487.48
688819.SH,20230407,33.5,33.65,33.24,33.31,33.39,-0.08,-0.2396,15742.86,52588.716
688981.SH,20230407,59.83,60.9,58.14,59.9,59.07,0.83,1.4051,1205414.06,7196995.176
689009.SH,20230407,36.45,37.29,36.1,36.88,36.2,0.68,1.8785,61362.72,225285.292
000001.SZ,20230407,12.57,12.69,12.5,12.62,12.58,0.04,0.318,607925.26,767354.797
000002.SZ,20230407,15.28,15.83,15.11,15.82,15.04,0.78,5.1862,2244567.26,3505357.547
000004.SZ,20230407,9.66,10.0,9.6,9.96,9.65,0.31,3.2124,16780.0,16484.727
000005.SZ,20230407,1.75,1.77,1.75,1.76,1.75,0.01,0.5714,27373.02,4826.884
000006.SZ,20230407,5.0,5.23,5.0,5.16,5.02,0.14,2.7888,342549.52,176811.756
002124.SZ,20230407,5.84,5.88,5.81,5.84,5.87,-0.03,-0.5111,205390.4,119838.54
002125.SZ,20230407,12.82,12.92,12.72,12.73,12.81,-0.08,-0.6245,55897.76,71573.045
002126.SZ,20230407,13.41,13.82,13.36,13.59,13.42,0.17,1.2668,176030.25,239994.986
002127.SZ,20230407,4.95,4.98,4.88,4.96,4.92,0.04,0.813,231469.0,114359.429
002128.SZ,20230407,13.04,13.11,12.98,13.07,13.06,0.01,0.0766,77722.87,101339.907
002129.SZ,20230407,49.38,50.25,48.65,49.05,49.28,-0.23,-0.4667,405456.68,2002367.111
002130.SZ,20230407,7.63,7.7,7.57,7.68,7.6,0.08,1.0526,134557.81,103050.863
002131.SZ,20230407,2.27,2.35,2.26,2.32,2.27,0.05,2.2026,1703884.91,392023.458
002132.SZ,20230407,4.33,4.37,4.32,4.33,4.33,0.0,0.0,91307.0,39667.171
002133.SZ,20230407,3.19,3.28,3.18,3.28,3.19,0.09,2.8213,111165.0,36164.798
002134.SZ,20230407,9.76,10.15,9.73,9.89,9.72,0.17,1.749,102369.31,101971.78
002135.SZ,20230407,6.59,6.6,6.56,6.58,6.56,0.02,0.3049,50613.0,33305.398
002136.SZ,20230407,13.33,13.51,13.33,13.41,13.38,0.03,0.2242,18479.45,24830.791
002137.SZ,20230407,7.71,7.72,7.52,7.63,7.68,-0.05,-0.651,157130.0,119310.793
002138.SZ,20230407,26.51,26.6,25.64,26.19,26.6,-0.41,-1.5414,164657.19,427812.575
002139.SZ,20230407,12.39,12.89,12.35,12.89,12.32,0.57,4.6266,301938.38,383079.481
002140.SZ,20230407,10.01,10.52,10.0,10.1,9.7,0.4,4.1237,166496.6,170231.68
002141.SZ,20230407,4.08,4.11,4.05,4.07,4.06,0.01,0.2463,56206.0,22865.273
002142.SZ,20230407,27.0,27.68,26.83,27.44,26.97,0.47,1.7427,411758.89,1127112.41
002144.SZ,20230407,11.1,11.2,11.07,11.16,11.13,0.03,0.2695,14821.63,16526.582
002145.SZ,20230407,6.45,6.51,6.41,6.42,6.46,-0.04,-0.6192,192548.46,124135.847
002146.SZ,20230407,1.8,1.88,1.8,1.87,1.8,0.07,3.8889,626153.35,116558.607
002148.SZ,20230407,6.59,6.81,6.42,6.79,6.54,0.25,3.8226,397008.13,264924.068
002149.SZ,20230407,17.28,17.45,17.12,17.29,17.19,0.1,0.5817,66354.43,114629.111
002150.SZ,20230407,19.73,20.05,19.51,19.57,19.73,-0.16,-0.8109,57026.73,112132.415
002151.SZ,20230407,36.1,36.28,35.25,35.91,36.08,-0.17,-0.4712,137423.07,490737.712
002152.SZ,20230407,12.8,13.08,12.56,12.97,12.53,0.44,3.5116,495034.55,635139.452
002153.SZ,20230407,22.82,24.61,22.68,24.33,23.62,0.71,3.0059,624902.83,1477736.585
002154.SZ,20230407,5.22,5.48,5.18,5.39,5.23,0.16,3.0593,165189.4,89150.542
002155.SZ,20230407,15.6,15.81,15.51,15.69,15.91,-0.22,-1.3828,297691.74,466258.523
002156.SZ,20230407,23.99,24.8,23.79,24.5,23.88,0.62,2.5963,1077936.46,2619893.521
002157.SZ,20230407,3.39,3.4,3.35,3.36,3.4,-0.04,-1.1765,372586.14,125499.093
002158.SZ,20230407,24.63,25.58,24.6,24.8,24.62,0.18,0.7311,43880.75,109889.646
002159.SZ,20230407,15.5,16.1,15.45,15.94,15.5,0.44,2.8387,107257.69,170698.764
002160.SZ,20230407,4.05,4.1,4.03,4.09,4.05,0.04,0.9877,79417.0,32363.781
002161.SZ,20230407,5.7,5.7,5.58,5.66,5.66,0.0,0.0,109725.56,61682.004
002162.SZ,20230407,4.18,4.25,4.18,4.24,4.19,0.05,1.1933,93020.2,39300.757
002163.SZ,20230407,12.57,12.79,12.38,12.43,12.68,-0.25,-1.9716,225315.12,282537.307
002164.SZ,20230407,5.95,6.0,5.92,5.99,5.95,0.04,0.6723,31514.0,18817.691
002165.SZ,20230407,3.86,3.94,3.85,3.92,3.86,0.06,1.5544,76923.0,30053.662
002166.SZ,20230407,9.4,9.46,9.37,9.41,9.41,0.0,0.0,66282.18,62476.897
002167.SZ,20230407,7.43,7.51,7.4,7.43,7.43,0.0,0.0,117814.25,87646.041
300133.SZ,20230407,7.51,8.13,7.37,7.74,7.49,0.25,3.3378,1005781.68,783331.185
300134.SZ,20230407,10.75,11.28,10.45,11.08,10.64,0.44,4.1353,284197.86,310654.856
300135.SZ,20230407,2.58,2.62,2.56,2.62,2.58,0.04,1.5504,104911.47,27271.23
300136.SZ,20230407,22.3,22.45,21.91,22.07,22.46,-0.39,-1.7364,235250.35,519408.886
300137.SZ,20230407,6.22,6.28,6.18,6.22,6.2,0.02,0.3226,38872.74,24200.043
300138.SZ,20230407,18.15,18.56,18.09,18.5,18.16,0.34,1.8722,42625.35,78363.997
300139.SZ,20230407,10.8,11.0,10.47,10.88,11.11,-0.23,-2.0702,343361.77,366980.992
300140.SZ,20230407,7.32,7.36,7.3,7.34,7.32,0.02,0.2732,33698.15,24697.398
300141.SZ,20230407,8.85,8.94,8.81,8.85,8.82,0.03,0.3401,16091.0,14245.145
300142.SZ,20230407,34.75,36.28,34.75,36.09,34.92,1.17,3.3505,247012.97,884912.272
300143.SZ,20230407,10.63,11.17,10.63,11.02,10.62,0.4,3.7665,60059.07,65915.17
300144.SZ,20230407,16.77,17.04,16.66,16.74,16.72,0.02,0.1196,256323.92,431875.882
300145.SZ,20230407,2.7,2.71,2.67,2.69,2.69,0.0,0.0,136766.38,36827.864
300146.SZ,20230407,23.2,23.8,22.99,23.01,23.29,-0.28,-1.2022,152410.65,356902.76
300147.SZ,20230407,5.67,5.7,5.62,5.66,5.66,0.0,0.0,83823.14,47381.339
300148.SZ,20230407,3.81,3.95,3.69,3.9,3.8,0.1,2.6316,498832.2,191389.334
300149.SZ,20230407,10.19,10.59,10.13,10.5,10.19,0.31,3.0422,121660.46,127414.003
300150.SZ,20230407,4.2,4.33,4.11,4.3,4.16,0.14,3.3654,81740.0,34619.346
300151.SZ,20230407,20.5,21.54,20.4,21.49,20.32,1.17,5.7579,83533.23,177035.347
300152.SZ,20230407,3.32,3.33,3.3,3.33,3.33,0.0,0.0,67724.52,22444.182
300153.SZ,20230407,7.7,7.97,7.7,7.83,7.69,0.14,1.8205,62081.0,48794.985
300154.SZ,20230407,6.94,6.94,6.69,6.8,6.97,-0.17,-2.439,153013.8,103549.011
300155.SZ,20230407,5.22,5.33,5.14,5.31,5.19,0.12,2.3121,74268.73,39122.167
300157.SZ,20230407,3.66,3.74,3.62,3.68,3.63,0.05,1.3774,275461.54,100730.61
300158.SZ,20230407,6.5,6.59,6.47,6.58,6.53,0.05,0.7657,198633.96,130303.602
300159.SZ,20230407,3.19,3.26,3.18,3.22,3.18,0.04,1.2579,153378.0,49447.385
300160.SZ,20230407,7.02,7.12,7.02,7.12,7.02,0.1,1.4245,60892.5,43179.75
300161.SZ,20230407,44.0,45.88,41.02,41.57,42.57,-1.0,-2.3491,187568.59,804611.081
300162.SZ,20230407,7.94,7.96,7.75,7.86,8.04,-0.18,-2.2388,183623.56,143444.873
300163.SZ,20230407,3.18,3.21,3.15,3.19,3.17,0.02,0.6309,84904.59,27080.27
300164.SZ,20230407,4.29,4.32,4.24,4.3,4.29,0.01,0.2331,206067.0,88083.624
300165.SZ,20230407,5.52,5.79,5.48,5.67,5.5,0.17,3.0909,288700.34,162133.025
300166.SZ,20230407,14.03,14.33,13.3,14.33,13.9,0.43,3.0935,1701296.81,2357242.436
300167.SZ,20230407,5.49,5.65,5.36,5.6,5.48,0.12,2.1898,99123.0,54482.105
300168.SZ,20230407,14.01,15.88,13.76,15.6,14.12,1.48,10.4816,1290394.62,1935428.904
300169.SZ,20230407,4.27,4.31,4.24,4.29,4.25,0.04,0.9412,29670.0,12693.396
300170.SZ,20230407,12.92,13.59,12.8,13.53,12.96,0.57,4.3981,694287.71,918152.212
300171.SZ,20230407,26.0,27.18,25.81,26.69,26.02,0.67,2.5749,60554.74,161359.48
300172.SZ,20230407,4.54,4.59,4.54,4.58,4.55,0.03,0.6593,43440.57,19860.361
300173.SZ,20230407,4.44,4.45,4.4,4.44,4.41,0.03,0.6803,42895.0,18951.418
300174.SZ,20230407,16.83,16.95,16.66,16.88,16.82,0.06,0.3567,50680.0,85169.099
300175.SZ,20230407,3.76,3.76,3.7,3.73,3.75,-0.02,-0.5333,82580.0,30801.561
300523.SZ,20230407,25.95,26.56,25.45,26.5,25.88,0.62,2.3957,45411.07,118587.29
300525.SZ,20230407,23.83,25.86,23.21,25.49,23.7,1.79,7.5527,187108.17,461862.693
300526.SZ,20230407,7.23,7.41,7.06,7.15,7.22,-0.07,-0.9695,146056.96,105271.953
300527.SZ,20230407,7.84,7.86,7.75,7.82,7.87,-0.05,-0.6353,95549.98,74487.997
300528.SZ,20230407,8.05,8.28,7.76,8.2,8.01,0.19,2.372,85845.8,69260.105
300529.SZ,20230407,31.5,32.2,31.5,32.18,31.45,0.73,2.3211,83239.42,265421.544
300530.SZ,20230407,23.67,24.18,23.67,23.9,23.67,0.23,0.9717,3634.25,8684.543
300531.SZ,20230407,15.97,16.29,15.65,16.28,15.8,0.48,3.038,98028.14,157059.155
300532.SZ,20230407,17.68,18.15,17.51,18.02,17.67,0.35,1.9808,44307.98,79404.285
300533.SZ,20230407,37.4,40.07,36.69,38.85,37.5,1.35,3.6,72947.4,281855.057
300534.SZ,20230407,9.78,9.8,9.57,9.77,9.75,0.02,0.2051,126082.0,122263.399
300535.SZ,20230407,13.71,13.83,13.68,13.78,13.82,-0.04,-0.2894,8963.0,12331.666
300536.SZ,20230407,12.36,12.52,12.28,12.37,12.28,0.09,0.7329,18139.75,22432.231
300537.SZ,20230407,17.14,17.14,16.6,16.87,17.14,-0.27,-1.5753,111632.98,187738.921
300538.SZ,20230407,17.8,17.81,16.71,17.2,17.65,-0.45,-2.5496,91833.28,157821.649
300539.SZ,20230407,12.6,12.94,12.43,12.8,12.55,0.25,1.992,24543.0,31210.638
300540.SZ,20230407,19.58,19.85,19.46,19.51,19.58,-0.07,-0.3575,12094.06,23728.104
300541.SZ,20230407,14.52,14.93,14.23,14.86,14.41,0.45,3.1228,197385.91,288357.335
300542.SZ,20230407,14.46,14.84,14.23,14.8,14.36,0.44,3.0641,144717.0,211107.474
300543.SZ,20230407,9.9,9.9,9.71,9.88,9.9,-0.02,-0.202,34806.94,34156.453
300545.SZ,20230407,21.77,21.85,21.34,21.4,21.75,-0.35,-1.6092,29037.0,62401.778
300546.SZ,20230407,25.88,27.33,25.61,26.94,25.6,1.34,5.2344,98472.77,261472.175
300547.SZ,20230407,16.18,16.55,15.99,16.08,16.24,-0.16,-0.9852,31193.8,50331.378
300548.SZ,20230407,36.65,38.09,35.0,37.82,36.65,1.17,3.1924,226901.24,828237.048
300549.SZ,20230407,13.7,13.73,13.42,13.46,13.62,-0.16,-1.1747,10695.0,14434.922
300550.SZ,20230407,17.02,18.51,16.98,18.33,17.0,1.33,7.8235,53592.34,95797.745
300551.SZ,20230407,15.75,15.96,15.38,15.89,15.74,0.15,0.953,198464.05,312959.769
300552.SZ,20230407,23.8,24.95,23.6,24.81,23.84,0.97,4.0688,50919.0,123566.773
300553.SZ,20230407,60.85,63.82,60.85,61.87,61.4,0.47,0.7655,6135.0,38403.215
300554.SZ,20230407,20.71,20.95,20.56,20.66,20.88,-0.22,-1.0536,24185.75,50075.013
300555.SZ,20230407,6.4,6.46,6.38,6.4,6.38,0.02,0.3135,15880.0,10177.576
300556.SZ,20230407,25.12,25.86,24.57,25.57,25.0,0.57,2.28,69426.92,175678.794
300557.SZ,20230407,32.54,33.08,32.25,33.07,32.58,0.49,1.504,5144.0,16842.829
300558.SZ,20230407,61.38,69.1,61.38,68.02,61.0,7.02,11.5082,96215.83,644252.552
300559.SZ,20230407,11.9,12.35,11.62,12.17,11.95,0.22,1.841,98634.56,118537.442
300560.SZ,20230407,17.7,18.0,17.37,17.83,17.99,-0.16,-0.8894,115861.9,205272.921
300561.SZ,20230407,13.02,13.32,12.67,13.3,12.93,0.37,2.8616,137108.38,179625.02
300562.SZ,20230407,11.28,11.87,11.16,11.66,11.34,0.32,2.8219,220274.19,254569.596
300563.SZ,20230407,14.11,14.19,13.72,13.98,14.12,-0.14,-0.9915,68667.3,95624.552
300564.SZ,20230407,14.29,14.37,14.0,14.08,14.29,-0.21,-1.4696,29965.8,42487.613
300565.SZ,20230407,20.2,20.25,19.89,19.94,20.25,-0.31,-1.5309,70194.6,140472.122
300566.SZ,20230407,18.82,18.95,18.66,18.84,18.82,0.02,0.1063,30590.11,57627.011
300873.SZ,20230407,29.39,30.28,29.18,30.2,29.22,0.98,3.3539,10471.74,31415.697
300875.SZ,20230407,38.4,38.44,37.18,37.18,38.16,-0.98,-2.5681,16248.62,61166.459
300876.SZ,20230407,26.3,26.95,26.3,26.65,26.53,0.12,0.4523,3492.0,9264.851
300877.SZ,20230407,16.31,16.55,16.28,16.47,16.31,0.16,0.981,6753.84,11108.41
300878.SZ,20230407,25.47,26.2,25.33,26.08,25.47,0.61,2.395,24011.16,62343.248
300879.SZ,20230407,18.36,18.47,18.27,18.44,18.36,0.08,0.4357,8243.0,15147.551
300880.SZ,20230407,17.36,17.47,17.07,17.29,17.31,-0.02,-0.1155,13626.36,23546.172
300881.SZ,20230407,33.11,37.22,32.87,35.53,32.4,3.13,9.6605,35291.18,126492.316
300882.SZ,20230407,18.36,18.67,18.17,18.66,18.26,0.4,2.1906,21036.92,38880.631
300883.SZ,20230407,6.09,6.15,6.09,6.14,6.1,0.04,0.6557,36073.81,22103.767
300884.SZ,20230407,15.75,15.79,14.84,15.47,15.88,-0.41,-2.5819,144904.06,221312.984
300885.SZ,20230407,9.07,9.21,9.0,9.19,9.04,0.15,1.6593,10531.7,9616.866
300886.SZ,20230407,23.98,24.04,23.75,23.81,23.98,-0.17,-0.7089,4381.5,10461.965
300887.SZ,20230407,36.11,37.15,36.09,37.01,36.4,0.61,1.6758,13488.52,49519.003
300888.SZ,20230407,64.51,65.83,64.21,65.56,64.5,1.06,1.6434,8584.52,56092.975
300889.SZ,20230407,15.96,16.08,15.75,15.98,15.77,0.21,1.3316,13722.0,21846.09
300890.SZ,20230407,40.0,40.65,39.88,40.01,40.0,0.01,0.025,19707.62,79188.248
300891.SZ,20230407,10.8,10.99,10.8,10.89,10.86,0.03,0.2762,20497.0,22363.062
300892.SZ,20230407,24.65,25.0,24.44,24.81,24.5,0.31,1.2653,7736.0,19148.401
300893.SZ,20230407,23.52,24.09,23.24,23.84,23.45,0.39,1.6631,10381.45,24759.903
300894.SZ,20230407,30.44,31.7,30.13,31.57,30.47,1.1,3.6101,36992.68,115728.897
300895.SZ,20230407,45.5,45.66,43.11,45.43,44.99,0.44,0.978,106699.14,475600.887
300896.SZ,20230407,556.49,568.8,552.31,559.77,559.6,0.17,0.0304,7813.99,438890.174
300897.SZ,20230407,29.97,29.97,29.66,29.84,29.77,0.07,0.2351,1435.0,4279.125
300898.SZ,20230407,19.8,19.95,19.64,19.68,19.73,-0.05,-0.2534,18541.0,36592.925
300899.SZ,20230407,22.31,22.68,22.27,22.48,22.38,0.1,0.4468,8605.24,19344.203
300900.SZ,20230407,31.68,31.95,31.5,31.88,31.72,0.16,0.5044,25108.0,79778.21
300901.SZ,20230407,9.26,9.35,9.23,9.34,9.24,0.1,1.0823,13180.0,12255.106
300902.SZ,20230407,36.65,37.43,36.19,36.4,36.59,-0.19,-0.5193,15974.41,58862.097
300903.SZ,20230407,12.8,12.85,12.61,12.79,12.82,-0.03,-0.234,96283.85,122386.369
300905.SZ,20230407,17.25,17.49,17.21,17.36,17.25,0.11,0.6377,7441.95,12914.54
300906.SZ,20230407,23.92,24.08,23.72,23.8,23.92,-0.12,-0.5017,5150.0,12276.839
300907.SZ,20230407,19.02,19.2,18.94,19.09,19.06,0.03,0.1574,5370.45,10242.365
300908.SZ,20230407,42.5,42.63,42.0,42.0,42.23,-0.23,-0.5446,9597.0,40589.985
300909.SZ,20230407,33.78,34.43,33.38,33.88,33.57,0.31,0.9234,9591.29,32591.686
300910.SZ,20230407,109.49,115.55,109.49,113.79,108.23,5.56,5.1372,21746.39,244805.164
300911.SZ,20230407,43.3,45.95,43.3,44.93,43.72,1.21,2.7676,26039.1,117298.193
300912.SZ,20230407,23.07,23.13,22.3,23.0,23.33,-0.33,-1.4145,81170.83,184540.58
300913.SZ,20230407,34.46,34.86,31.42,32.54,33.9,-1.36,-4.0118,184506.83,600608.616
300915.SZ,20230407,42.43,43.39,42.3,43.13,42.5,0.63,1.4824,2362.0,10175.728
300916.SZ,20230407,43.0,43.53,42.62,43.23,42.99,0.24,0.5583,8925.5,38556.418
300917.SZ,20230407,22.9,25.1,22.9,24.42,22.84,1.58,6.9177,81771.39,200235.06
301153.SZ,20230407,152.9,172.75,146.01,162.48,151.75,10.73,7.0708,34392.37,552862.115
301155.SZ,20230407,79.09,82.88,78.09,80.19,79.2,0.99,1.25,28082.83,228216.046
301156.SZ,20230407,24.0,24.09,23.73,23.82,24.02,-0.2,-0.8326,9005.0,21516.87
301157.SZ,20230407,62.5,65.25,62.13,63.19,62.47,0.72,1.1526,31669.34,202808.54
301158.SZ,20230407,16.8,16.92,16.71,16.91,16.73,0.18,1.0759,19983.79,33666.684
301159.SZ,20230407,39.19,40.16,37.68,39.66,38.62,1.04,2.6929,24690.92,96362.105
301160.SZ,20230407,34.78,35.28,34.51,35.21,34.74,0.47,1.3529,4434.99,15592.349
301161.SZ,20230407,22.3,23.38,22.17,22.74,22.61,0.13,0.575,30929.93,71096.733
301162.SZ,20230407,80.83,87.3,80.83,85.26,84.2,1.06,1.2589,4915.0,42009.303
301163.SZ,20230407,28.0,28.23,27.62,27.86,28.0,-0.14,-0.5,6170.0,17192.731
301165.SZ,20230407,53.7,55.7,52.71,54.6,53.9,0.7,1.2987,38463.47,208322.648
301166.SZ,20230407,50.0,51.0,49.73,50.89,50.1,0.79,1.5768,6939.89,35212.374
301167.SZ,20230407,25.28,25.28,24.84,24.9,25.12,-0.22,-0.8758,16132.11,40360.047
301168.SZ,20230407,53.18,54.14,52.5,53.53,53.27,0.26,0.4881,19643.82,105444.235
301169.SZ,20230407,48.0,49.8,47.45,49.5,48.74,0.76,1.5593,30375.22,148141.906
301171.SZ,20230407,29.99,31.44,29.28,31.01,29.7,1.31,4.4108,108592.25,330934.631
301175.SZ,20230407,6.17,6.23,6.17,6.22,6.17,0.05,0.8104,52674.52,32696.509
301176.SZ,20230407,18.85,18.89,18.62,18.75,18.93,-0.18,-0.9509,19176.69,35935.766
301177.SZ,20230407,51.08,51.4,50.3,50.76,51.03,-0.27,-0.5291,11810.63,60133.325
301178.SZ,20230407,36.5,38.47,35.95,38.47,36.64,1.83,4.9945,55330.02,207495.35
301179.SZ,20230407,28.47,29.49,27.3,28.95,28.54,0.41,1.4366,40688.73,116495.255
301180.SZ,20230407,19.13,19.72,19.13,19.69,19.15,0.54,2.8198,22918.54,44740.047
301181.SZ,20230407,38.3,41.05,38.0,40.2,38.37,1.83,4.7694,16353.0,64910.815
301182.SZ,20230407,21.87,22.12,21.71,22.05,21.89,0.16,0.7309,5992.23,13136.126
301183.SZ,20230407,28.3,28.72,27.96,28.53,28.82,-0.29,-1.0062,35640.3,100837.853
301185.SZ,20230407,20.73,21.26,19.89,21.07,20.61,0.46,2.2319,58288.26,119931.353
301186.SZ,20230407,30.9,30.92,30.35,30.72,30.68,0.04,0.1304,10833.86,33265.632
301187.SZ,20230407,17.47,17.72,17.45,17.71,17.48,0.23,1.3158,8471.43,14943.395
301188.SZ,20230407,19.35,19.67,18.78,18.86,19.35,-0.49,-2.5323,17799.74,33946.048
301189.SZ,20230407,35.02,35.7,34.71,35.17,35.77,-0.6,-1.6774,17540.79,61503.147
301190.SZ,20230407,18.25,18.5,18.2,18.39,18.27,0.12,0.6568,6220.0,11449.45
301191.SZ,20230407,110.27,113.88,108.07,111.59,110.21,1.38,1.2522,7997.33,88612.246
301192.SZ,20230407,18.95,18.95,18.68,18.8,18.87,-0.07,-0.371,7450.04,13991.193
301193.SZ,20230407,32.25,33.18,32.23,33.07,32.43,0.64,1.9735,7576.36,24865.524
301195.SZ,20230407,79.63,83.9,79.32,83.88,79.46,4.42,5.5625,12784.73,104731.225
301196.SZ,20230407,35.09,35.48,34.96,35.3,34.97,0.33,0.9437,3964.13,13952.016
301197.SZ,20230407,23.1,23.48,22.86,23.1,23.18,-0.08,-0.3451,8042.39,18513.527
301198.SZ,20230407,27.58,30.58,27.58,28.57,27.44,1.13,4.1181,38270.1,111819.043
301199.SZ,20230407,23.7,23.97,23.5,23.84,23.61,0.23,0.9742,8920.47,21147.929
301200.SZ,20230407,46.13,49.69,46.1,47.5,45.67,1.83,4.007,63487.67,303175.966
301201.SZ,20230407,45.5,46.78,45.17,46.26,45.2,1.06,2.3451,17300.52,80016.155
301203.SZ,20230407,39.63,40.25,39.28,39.41,40.61,-1.2,-2.9549,42829.91,169647.96
600248.SH,20230407,4.7,4.77,4.66,4.69,4.67,0.02,0.4283,227448.15,107015.46
600249.SH,20230407,4.93,4.98,4.91,4.98,4.93,0.05,1.0142,46415.0,22984.879
600250.SH,20230407,5.76,5.8,5.66,5.77,5.76,0.01,0.1736,28554.0,16401.167
600251.SH,20230407,8.55,8.76,8.51,8.72,8.45,0.27,3.1953,110726.0,95829.428
600252.SH,20230407,2.69,2.7,2.68,2.69,2.68,0.01,0.3731,131095.03,35302.834
600255.SH,20230407,2.46,2.47,2.44,2.47,2.44,0.03,1.2295,98928.0,24354.106
600256.SH,20230407,9.23,9.26,9.07,9.14,9.16,-0.02,-0.2183,786724.77,717407.913
600257.SH,20230407,5.3,5.34,5.27,5.31,5.31,0.0,0.0,67166.49,35622.502
600258.SH,20230407,24.55,25.67,24.46,24.96,24.55,0.41,1.6701,221872.03,560138.705
600259.SH,20230407,40.05,40.4,39.99,40.05,40.4,-0.35,-0.8663,47141.35,189305.543
600261.SH,20230407,3.46,3.47,3.43,3.46,3.44,0.02,0.5814,44330.0,15279.882
600262.SH,20230407,17.61,18.48,17.46,18.39,17.57,0.82,4.667,34208.97,62073.298
600265.SH,20230407,15.71,15.94,15.6,15.83,15.74,0.09,0.5718,2160.0,3394.907
600266.SH,20230407,4.89,5.0,4.85,4.95,4.91,0.04,0.8147,349635.3,173013.554
600267.SH,20230407,10.77,10.88,10.73,10.86,10.73,0.13,1.2116,85951.0,93244.514
600268.SH,20230407,8.05,8.15,8.05,8.09,8.05,0.04,0.4969,56864.62,45978.331
600269.SH,20230407,3.41,3.42,3.4,3.41,3.41,0.0,0.0,73547.0,25092.011
600271.SH,20230407,16.0,16.15,15.68,15.75,15.81,-0.06,-0.3795,422531.7,669774.041
600272.SH,20230407,9.49,9.61,9.45,9.6,9.48,0.12,1.2658,18452.0,17604.489
600273.SH,20230407,9.18,9.26,9.08,9.18,9.16,0.02,0.2183,167946.25,154140.905
600276.SH,20230407,42.79,45.3,42.79,45.15,42.78,2.37,5.54,670008.52,2995405.582
600277.SH,20230407,4.16,4.19,4.15,4.18,4.15,0.03,0.7229,156035.35,65190.252
600278.SH,20230407,7.22,7.23,7.16,7.2,7.19,0.01,0.1391,31694.0,22811.937
600279.SH,20230407,4.34,4.37,4.28,4.3,4.34,-0.04,-0.9217,94706.0,40769.662
600280.SH,20230407,4.7,4.93,4.61,4.8,4.74,0.06,1.2658,550618.97,263514.576
600281.SH,20230407,4.41,4.45,4.4,4.43,4.42,0.01,0.2262,22420.26,9915.315
600282.SH,20230407,3.9,3.91,3.88,3.88,3.9,-0.02,-0.5128,585627.0,228047.334
600283.SH,20230407,12.25,12.4,12.24,12.38,12.31,0.07,0.5686,16105.0,19873.91
600284.SH,20230407,6.95,7.0,6.93,6.98,6.95,0.03,0.4317,76320.06,53175.991
600285.SH,20230407,16.48,16.77,16.38,16.4,16.42,-0.02,-0.1218,67594.84,111573.363
600287.SH,20230407,5.1,5.17,5.05,5.13,5.09,0.04,0.7859,38448.01,19617.343
600288.SH,20230407,13.66,14.12,13.49,14.01,13.59,0.42,3.0905,133430.29,185374.978
600289.SH,20230407,2.8,2.86,2.8,2.83,2.81,0.02,0.7117,25166.03,7107.509
600290.SH,20230407,1.76,1.78,1.74,1.75,1.77,-0.02,-1.1299,81524.0,14315.14
600292.SH,20230407,5.69,5.78,5.69,5.76,5.69,0.07,1.2302,27216.47,15646.636
600293.SH,20230407,2.72,2.72,2.66,2.68,2.72,-0.04,-1.4706,136301.0,36488.901
600295.SH,20230407,15.23,15.43,15.14,15.4,15.18,0.22,1.4493,30915.78,47458.641
600297.SH,20230407,2.17,2.17,2.16,2.17,2.16,0.01,0.463,206624.48,44712.785
600298.SH,20230407,40.31,41.14,40.28,40.89,40.6,0.29,0.7143,66127.05,270173.13
600299.SH,20230407,9.28,9.41,9.2,9.24,9.29,-0.05,-0.5382,89687.85,83358.86
600300.SH,20230407,3.12,3.14,3.11,3.13,3.12,0.01,0.3205,97067.64,30350.127
600301.SH,20230407,16.25,16.97,16.12,16.87,16.18,0.69,4.2645,47746.0,79847.2
601116.SH,20230407,14.84,14.85,13.83,14.23,15.2,-0.97,-6.3816,424317.54,607687.825
601117.SH,20230407,9.87,9.98,9.62,9.66,9.87,-0.21,-2.1277,540037.07,525677.336
601118.SH,20230407,4.84,4.86,4.78,4.79,4.86,-0.07,-1.4403,323981.5,155776.809
601121.SH,20230407,8.65,9.15,8.65,8.85,8.69,0.16,1.8412,355712.43,318256.302
601126.SH,20230407,14.34,14.54,14.18,14.24,14.34,-0.1,-0.6974,102108.07,146240.726
601127.SH,20230407,33.97,34.41,33.69,34.19,34.04,0.15,0.4407,144767.03,494127.073
601128.SH,20230407,7.45,7.45,7.38,7.39,7.43,-0.04,-0.5384,146116.0,108126.605
601136.SH,20230407,15.04,15.52,14.83,15.29,14.98,0.31,2.0694,382740.57,582557.023
601137.SH,20230407,15.22,15.46,15.15,15.26,15.26,0.0,0.0,73415.05,112390.925
601138.SH,20230407,18.78,18.95,17.7,18.37,19.0,-0.63,-3.3158,1626451.72,2982443.059
601139.SH,20230407,6.84,6.86,6.8,6.83,6.83,0.0,0.0,41906.6,28594.147
601155.SH,20230407,16.17,17.44,16.16,17.34,16.13,1.21,7.5015,456436.41,773594.202
601156.SH,20230407,15.4,15.51,15.36,15.47,15.37,0.1,0.6506,55168.51,85264.55
601158.SH,20230407,5.4,5.42,5.38,5.4,5.39,0.01,0.1855,38155.64,20590.599
601162.SH,20230407,2.97,2.99,2.95,2.98,2.96,0.02,0.6757,598426.51,177960.344
601163.SH,20230407,13.17,13.22,13.08,13.12,13.11,0.01,0.0763,23290.3,30616.689
601166.SH,20230407,16.94,17.04,16.93,16.97,16.92,0.05,0.2955,346670.87,588824.346
601168.SH,20230407,12.94,12.94,12.73,12.79,12.98,-0.19,-1.4638,301930.34,386175.086
601169.SH,20230407,4.44,4.45,4.43,4.44,4.44,0.0,0.0,285279.74,126570.107
601177.SH,20230407,9.89,9.92,9.78,9.87,9.89,-0.02,-0.2022,32750.75,32253.688
601179.SH,20230407,5.52,5.57,5.41,5.44,5.59,-0.15,-2.6834,706334.93,386541.111
601186.SH,20230407,10.0,10.08,9.71,9.8,10.04,-0.24,-2.3904,1109838.29,1092179.254
601187.SH,20230407,5.41,5.42,5.39,5.41,5.4,0.01,0.1852,50083.28,27064.538
601188.SH,20230407,3.15,3.15,3.1,3.11,3.13,-0.02,-0.639,80560.0,25145.203
601198.SH,20230407,8.35,8.41,8.33,8.37,8.32,0.05,0.601,135056.45,113112.62
601199.SH,20230407,7.73,7.73,7.48,7.56,7.73,-0.17,-2.1992,136345.67,103068.062
601200.SH,20230407,9.33,9.42,9.32,9.41,9.33,0.08,0.8574,48432.13,45373.583
601208.SH,20230407,13.1,13.63,13.09,13.14,13.09,0.05,0.382,98529.0,131031.819
601211.SH,20230407,14.98,15.04,14.86,14.98,14.93,0.05,0.3349,283835.92,424909.519
601212.SH,20230407,2.97,2.98,2.94,2.96,2.99,-0.03,-1.0033,387420.0,114468.375
601216.SH,20230407,4.38,4.41,4.36,4.39,4.37,0.02,0.4577,278610.19,122259.943
601218.SH,20230407,3.91,3.96,3.9,3.95,3.91,0.04,1.023,61173.06,24080.853
601222.SH,20230407,7.68,7.78,7.66,7.71,7.66,0.05,0.6527,132184.0,102236.219
601225.SH,20230407,20.12,20.12,19.77,19.83,20.01,-0.18,-0.8996,201278.51,399740.726
601226.SH,20230407,7.76,7.89,7.64,7.71,7.74,-0.03,-0.3876,153842.82,118962.459
601228.SH,20230407,3.12,3.13,3.11,3.13,3.11,0.02,0.6431,139250.0,43513.59
601229.SH,20230407,6.03,6.04,6.02,6.03,6.03,0.0,0.0,146495.81,88280.043
601231.SH,20230407,18.45,18.55,18.16,18.41,18.52,-0.11,-0.594,157589.34,289048.615
601233.SH,20230407,14.12,14.42,14.05,14.31,14.16,0.15,1.0593,219816.74,312833.336
601236.SH,20230407,8.78,8.89,8.68,8.83,8.8,0.03,0.3409,294353.75,258700.642
601238.SH,20230407,11.0,11.18,11.0,11.06,10.99,0.07,0.6369,229688.61,254473.282
601258.SH,20230407,1.04,1.07,1.03,1.06,1.04,0.02,1.9231,739543.02,77884.233
603809.SH,20230407,11.23,11.24,10.91,10.98,11.15,-0.17,-1.5247,33955.1,37503.296
603810.SH,20230407,15.6,15.62,15.47,15.57,15.53,0.04,0.2576,8093.52,12591.064
603811.SH,20230407,17.83,18.69,17.83,18.35,17.83,0.52,2.9164,28354.07,51939.632
603813.SH,20230407,14.84,15.09,14.74,15.07,14.82,0.25,1.6869,4974.0,7437.744
603815.SH,20230407,7.8,7.84,7.71,7.73,7.79,-0.06,-0.7702,55349.0,42892.873
603816.SH,20230407,42.25,44.5,42.1,43.56,42.21,1.35,3.1983,47112.69,206831.901
603817.SH,20230407,5.86,5.92,5.82,5.9,5.86,0.04,0.6826,33470.49,19698.1
603818.SH,20230407,6.53,6.71,6.49,6.69,6.5,0.19,2.9231,78105.0,51938.134
603819.SH,20230407,14.65,14.69,14.51,14.61,14.55,0.06,0.4124,5815.82,8482.27
603822.SH,20230407,34.0,35.33,33.92,34.92,34.2,0.72,2.1053,8423.7,29217.317
603823.SH,20230407,17.04,17.14,16.72,16.95,17.05,-0.1,-0.5865,27077.0,45812.675
603825.SH,20230407,15.76,16.19,15.42,16.07,15.65,0.42,2.6837,90387.95,143519.251
603826.SH,20230407,57.65,58.58,57.03,58.2,57.61,0.59,1.0241,12168.58,70527.873
603828.SH,20230407,3.13,3.16,3.08,3.11,3.11,0.0,0.0,85508.0,26545.128
603829.SH,20230407,13.24,13.52,12.95,13.1,13.38,-0.28,-2.0927,71056.64,93722.719
603833.SH,20230407,126.42,133.06,126.19,131.9,127.25,4.65,3.6542,17021.4,224031.318
603836.SH,20230407,17.08,17.24,17.02,17.18,17.08,0.1,0.5855,10084.0,17312.595
603838.SH,20230407,5.74,6.3,5.7,6.3,5.73,0.57,9.9476,53789.3,32711.416
603839.SH,20230407,6.71,6.8,6.68,6.78,6.71,0.07,1.0432,16303.4,10998.604
603843.SH,20230407,3.9,3.97,3.88,3.96,3.89,0.07,1.7995,65378.0,25736.248
603848.SH,20230407,14.67,15.2,14.53,15.07,14.66,0.41,2.7967,29907.0,44789.668
603855.SH,20230407,26.64,26.77,26.14,26.49,26.58,-0.09,-0.3386,10034.88,26512.138
603856.SH,20230407,11.25,11.33,11.18,11.3,11.25,0.05,0.4444,10393.0,11727.857
603858.SH,20230407,20.4,20.6,20.25,20.35,20.4,-0.05,-0.2451,69892.0,142570.924
603859.SH,20230407,44.28,45.06,43.7,44.73,43.96,0.77,1.7516,28908.72,128560.976
603860.SH,20230407,31.14,31.87,30.22,31.86,31.14,0.72,2.3121,54696.5,169259.537
603861.SH,20230407,8.0,8.01,7.9,7.94,8.0,-0.06,-0.75,32627.0,25927.446
603863.SH,20230407,14.48,14.7,14.25,14.66,14.37,0.29,2.0181,33027.0,47864.818
603866.SH,20230407,15.46,15.72,15.3,15.57,15.33,0.24,1.5656,45929.51,71472.553
603867.SH,20230407,34.26,34.71,32.88,33.22,34.28,-1.06,-3.0922,52666.48,176250.554
603868.SH,20230407,83.18,85.5,81.84,84.8,82.89,1.91,2.3043,7512.85,62901.837
603869.SH,20230407,10.27,10.43,10.06,10.31,10.23,0.08,0.782,44373.9,45553.937
603871.SH,20230407,27.45,28.42,26.97,27.07,26.98,0.09,0.3336,50208.1,138850.497
603876.SH,20230407,39.54,40.25,39.33,39.78,39.51,0.27,0.6834,50820.72,202075.288
603877.SH,20230407,20.0,20.11,19.87,20.08,20.02,0.06,0.2997,9619.8,19221.561
603878.SH,20230407,11.97,12.55,11.87,12.09,11.93,0.16,1.3412,74053.09,90643.549
603879.SH,20230407,5.91,6.04,5.91,6.02,5.97,0.05,0.8375,17502.26,10515.85
603880.SH,20230407,5.81,5.89,5.78,5.82,5.78,0.04,0.692,22132.18,12912.332
603881.SH,20230407,38.56,39.2,37.81,38.88,38.86,0.02,0.0515,163101.27,626733.169
603882.SH,20230407,86.42,88.88,86.0,88.71,86.74,1.97,2.2712,27648.65,243712.784
603883.SH,20230407,35.63,35.95,35.4,35.72,35.6,0.12,0.3371,28826.94,102956.442
603885.SH,20230407,18.81,20.22,18.81,19.5,19.12,0.38,1.9874,129005.21,253136.916
000007.SZ,20230407,7.54,7.59,7.51,7.56,7.55,0.01,0.1325,20707.12,15623.145
000008.SZ,20230407,2.38,2.4,2.37,2.4,2.38,0.02,0.8403,122011.54,29108.946
000009.SZ,20230407,11.34,11.49,11.3,11.46,11.36,0.1,0.8803,140245.04,160322.526
000010.SZ,20230407,2.64,2.68,2.63,2.67,2.64,0.03,1.1364,160207.0,42548.326
000011.SZ,20230407,10.01,10.33,10.0,10.32,10.0,0.32,3.2,71360.0,73196.861
000012.SZ,20230407,6.65,6.7,6.64,6.66,6.65,0.01,0.1504,109344.47,72967.545
000014.SZ,20230407,9.2,9.84,9.15,9.75,9.15,0.6,6.5574,116768.04,112176.783
000016.SZ,20230407,5.3,5.47,5.28,5.32,5.37,-0.05,-0.9311,376860.54,201419.516
000017.SZ,20230407,4.68,4.68,4.58,4.62,4.71,-0.09,-1.9108,87936.0,40615.506
000019.SZ,20230407,7.71,7.85,7.7,7.83,7.71,0.12,1.5564,62688.7,48954.099
000020.SZ,20230407,10.57,10.6,10.33,10.53,10.42,0.11,1.0557,12943.0,13561.944
000021.SZ,20230407,19.69,20.68,19.2,20.43,20.7,-0.27,-1.3043,2020217.76,4045389.592
000023.SZ,20230407,9.81,9.97,9.72,9.87,9.76,0.11,1.127,16720.0,16501.022
000025.SZ,20230407,18.13,18.28,18.12,18.18,18.13,0.05,0.2758,38092.29,69294.946
000026.SZ,20230407,10.8,11.16,10.79,11.04,10.87,0.17,1.5639,40356.01,44437.19
000027.SZ,20230407,6.06,6.11,6.06,6.09,6.07,0.02,0.3295,85493.75,52101.748
000028.SZ,20230407,46.6,47.8,45.95,46.5,46.5,0.0,0.0,27186.35,127156.719
000029.SZ,20230407,11.6,11.88,11.5,11.81,11.48,0.33,2.8746,47950.1,56295.973
000030.SZ,20230407,4.74,4.74,4.68,4.71,4.68,0.03,0.641,33757.26,15872.595
000031.SZ,20230407,3.73,3.98,3.73,3.93,3.73,0.2,5.3619,567581.61,221978.986
000032.SZ,20230407,39.27,40.65,37.9,40.1,39.28,0.82,2.0876,518511.25,2033622.872
000034.SZ,20230407,30.7,31.46,30.08,31.25,30.66,0.59,1.9243,314418.34,971239.564
000035.SZ,20230407,4.97,5.02,4.96,4.99,4.97,0.02,0.4024,104376.0,51975.203
000036.SZ,20230407,3.81,3.88,3.79,3.88,3.78,0.1,2.6455,82000.79,31682.391
000037.SZ,20230407,7.38,7.52,7.38,7.43,7.4,0.03,0.4054,39633.0,29483.491
000038.SZ,20230407,4.11,4.24,4.11,4.19,4.14,0.05,1.2077,42141.4,17624.25
000039.SZ,20230407,7.48,7.53,7.47,7.53,7.47,0.06,0.8032,71330.62,53521.368
000040.SZ,20230407,3.84,3.89,3.83,3.89,3.85,0.04,1.039,90661.94,35094.735
000042.SZ,20230407,8.39,8.62,8.39,8.53,8.4,0.13,1.5476,56693.64,48396.304
000045.SZ,20230407,10.2,10.5,10.17,10.46,10.16,0.3,2.9528,94028.16,97229.306
000046.SZ,20230407,1.0,1.04,0.99,1.03,1.01,0.02,1.9802,647284.29,66269.279
000048.SZ,20230407,24.98,25.77,24.77,25.43,24.8,0.63,2.5403,72578.22,183525.99
000049.SZ,20230407,42.8,43.03,42.27,42.88,42.8,0.08,0.1869,44803.3,191684.746
000050.SZ,20230407,11.13,11.25,11.0,11.03,11.1,-0.07,-0.6306,196681.93,217784.666
000055.SZ,20230407,4.88,4.9,4.84,4.87,4.89,-0.02,-0.409,70482.5,34358.795
000056.SZ,20230407,4.34,4.4,4.32,4.34,4.36,-0.02,-0.4587,104620.43,45575.959
000058.SZ,20230407,6.48,6.62,6.45,6.61,6.45,0.16,2.4806,92552.87,60930.548
000059.SZ,20230407,7.4,7.68,7.39,7.62,7.4,0.22,2.973,278437.78,210245.427
000060.SZ,20230407,4.85,4.88,4.81,4.83,4.84,-0.01,-0.2066,226505.59,109623.92
000061.SZ,20230407,6.16,6.24,6.14,6.16,6.19,-0.03,-0.4847,114311.66,70670.676
000062.SZ,20230407,14.14,14.18,13.95,14.05,14.18,-0.13,-0.9168,54167.55,76010.003
000063.SZ,20230407,35.43,37.0,35.41,37.0,33.64,3.36,9.9881,2775660.4,10192319.651
002168.SZ,20230407,4.31,4.44,4.24,4.41,4.28,0.13,3.0374,264537.82,115443.873
002169.SZ,20230407,7.93,8.12,7.9,8.01,7.95,0.06,0.7547,121494.61,97444.438
002170.SZ,20230407,6.2,6.33,6.2,6.21,6.2,0.01,0.1613,81174.02,50693.161
002171.SZ,20230407,7.6,7.77,7.56,7.74,7.54,0.2,2.6525,131816.28,101526.503
002172.SZ,20230407,3.62,3.76,3.61,3.76,3.66,0.1,2.7322,151107.0,56242.049
002173.SZ,20230407,6.9,7.12,6.86,7.08,6.9,0.18,2.6087,97786.29,68762.467
002174.SZ,20230407,13.12,13.55,12.88,13.35,12.96,0.39,3.0093,284407.41,377277.405
002175.SZ,20230407,3.21,3.27,3.21,3.24,3.22,0.02,0.6211,83206.0,26920.741
002176.SZ,20230407,15.37,15.58,15.33,15.35,15.44,-0.09,-0.5829,243677.99,375238.144
002177.SZ,20230407,3.2,3.23,3.17,3.21,3.2,0.01,0.3125,82629.37,26402.638
002178.SZ,20230407,4.37,4.53,4.35,4.44,4.38,0.06,1.3699,124394.0,55168.555
002179.SZ,20230407,56.1,56.8,55.98,56.39,56.35,0.04,0.071,61908.92,349439.542
002180.SZ,20230407,44.68,46.69,44.45,45.31,44.69,0.62,1.3873,157789.44,719864.477
002181.SZ,20230407,5.48,5.65,5.4,5.57,5.46,0.11,2.0147,275587.21,153254.154
002182.SZ,20230407,22.69,23.05,22.55,22.58,22.78,-0.2,-0.878,98237.54,223434.55
002183.SZ,20230407,5.77,5.79,5.73,5.75,5.75,0.0,0.0,154772.0,89097.589
002184.SZ,20230407,13.85,14.15,13.7,14.01,13.95,0.06,0.4301,92672.5,129466.567
002185.SZ,20230407,10.95,10.98,10.73,10.82,10.88,-0.06,-0.5515,842881.01,912685.506
002186.SZ,20230407,14.41,14.97,14.32,14.55,14.41,0.14,0.9715,158477.74,232706.274
002187.SZ,20230407,6.73,6.81,6.72,6.8,6.74,0.06,0.8902,36530.01,24792.785
002188.SZ,20230407,6.45,6.76,6.45,6.72,6.45,0.27,4.186,87195.0,58252.398
002189.SZ,20230407,17.55,17.66,17.29,17.58,17.6,-0.02,-0.1136,45860.61,80179.857
002190.SZ,20230407,23.36,23.54,23.3,23.39,23.36,0.03,0.1284,35304.09,82623.535
002191.SZ,20230407,7.53,7.53,7.46,7.49,7.51,-0.02,-0.2663,127395.63,95377.452
002192.SZ,20230407,74.94,75.93,74.4,75.02,74.93,0.09,0.1201,55075.03,413987.57
002193.SZ,20230407,7.58,7.65,7.57,7.64,7.59,0.05,0.6588,52035.0,39624.922
002194.SZ,20230407,11.63,11.7,11.47,11.58,11.65,-0.07,-0.6009,227475.09,263588.268
002195.SZ,20230407,3.29,3.42,3.27,3.38,3.29,0.09,2.7356,2366176.42,792984.233
002196.SZ,20230407,7.12,7.17,7.07,7.09,7.12,-0.03,-0.4213,40124.0,28536.316
002197.SZ,20230407,12.35,12.47,11.86,12.15,12.08,0.07,0.5795,635908.62,771330.674
002198.SZ,20230407,7.94,8.01,7.9,7.96,7.95,0.01,0.1258,59829.53,47585.524
002199.SZ,20230407,7.31,7.33,7.19,7.28,7.33,-0.05,-0.6821,34341.0,24887.771
002200.SZ,20230407,9.71,9.79,9.66,9.7,9.7,0.0,0.0,5531.02,5369.639
002201.SZ,20230407,11.15,11.25,11.05,11.21,11.12,0.09,0.8094,53036.16,59341.395
002202.SZ,20230407,10.97,11.05,10.97,11.02,11.01,0.01,0.0908,107744.22,118680.083
002203.SZ,20230407,11.53,11.58,11.46,11.56,11.53,0.03,0.2602,30193.0,34767.555
002204.SZ,20230407,5.15,5.19,5.14,5.18,5.16,0.02,0.3876,139800.98,72327.028
002205.SZ,20230407,12.1,12.31,12.0,12.02,12.18,-0.16,-1.3136,74576.02,90469.72
002206.SZ,20230407,5.76,5.82,5.75,5.79,5.76,0.03,0.5208,68862.2,39951.983
002207.SZ,20230407,6.95,6.96,6.88,6.94,6.97,-0.03,-0.4304,43316.02,29973.363
002208.SZ,20230407,6.86,7.0,6.85,6.98,6.86,0.12,1.7493,58853.66,41035.348
002209.SZ,20230407,10.35,10.38,10.18,10.3,10.2,0.1,0.9804,42553.65,43876.876
300176.SZ,20230407,6.36,6.48,6.32,6.47,6.33,0.14,2.2117,52370.52,33576.836
300177.SZ,20230407,7.43,7.56,7.3,7.55,7.38,0.17,2.3035,140374.76,104737.854
300179.SZ,20230407,10.87,10.98,10.82,10.94,10.88,0.06,0.5515,58605.44,63798.896
300180.SZ,20230407,4.15,4.22,4.13,4.2,4.14,0.06,1.4493,187690.8,78401.119
300181.SZ,20230407,14.9,15.18,14.62,14.67,15.15,-0.48,-3.1683,196516.88,290431.513
300182.SZ,20230407,6.37,7.28,6.32,6.99,6.36,0.63,9.9057,3343783.18,2281282.526
300183.SZ,20230407,17.96,18.03,17.58,17.84,17.85,-0.01,-0.056,57403.17,102252.232
300184.SZ,20230407,5.62,5.79,5.54,5.75,5.62,0.13,2.3132,665244.63,377264.782
300185.SZ,20230407,2.47,2.49,2.46,2.48,2.47,0.01,0.4049,169972.0,42077.929
300187.SZ,20230407,5.87,6.0,5.85,5.97,5.89,0.08,1.3582,29952.0,17805.818
300188.SZ,20230407,26.57,27.07,25.2,26.47,27.5,-1.03,-3.7455,997048.33,2602222.533
300189.SZ,20230407,3.94,3.96,3.92,3.93,3.94,-0.01,-0.2538,100809.0,39642.432
300190.SZ,20230407,4.17,4.22,4.16,4.21,4.17,0.04,0.9592,27621.96,11594.143
300191.SZ,20230407,19.25,19.47,19.12,19.24,19.33,-0.09,-0.4656,27114.8,52158.996
300192.SZ,20230407,10.57,11.88,9.76,10.03,10.54,-0.51,-4.8387,505456.41,533624.667
300193.SZ,20230407,7.77,7.92,7.75,7.82,7.77,0.05,0.6435,43483.26,34041.998
300194.SZ,20230407,4.01,4.06,4.01,4.02,4.02,0.0,0.0,187411.85,75449.939
300195.SZ,20230407,6.12,6.13,6.07,6.13,6.08,0.05,0.8224,44784.0,27330.665
300196.SZ,20230407,15.84,16.15,15.8,16.12,15.85,0.27,1.7035,19873.0,31838.965
300197.SZ,20230407,2.36,2.78,2.35,2.71,2.36,0.35,14.8305,1651182.52,427418.815
300198.SZ,20230407,2.82,2.86,2.81,2.85,2.83,0.02,0.7067,82894.4,23549.165
300199.SZ,20230407,11.05,11.38,10.96,11.29,11.1,0.19,1.7117,260737.0,293018.49
300200.SZ,20230407,9.06,9.09,8.85,9.02,9.13,-0.11,-1.2048,133653.82,119656.315
300201.SZ,20230407,3.76,3.83,3.75,3.82,3.8,0.02,0.5263,158511.98,60046.52
300203.SZ,20230407,26.39,27.77,26.26,27.3,26.55,0.75,2.8249,73547.74,200679.95
300204.SZ,20230407,12.23,12.94,11.91,11.99,12.23,-0.24,-1.9624,449701.91,553697.71
300205.SZ,20230407,13.94,14.8,13.76,14.72,13.93,0.79,5.6712,265318.06,381768.149
300206.SZ,20230407,13.09,13.47,13.05,13.36,13.05,0.31,2.3755,47396.0,63200.425
300207.SZ,20230407,19.78,20.06,19.71,19.85,19.81,0.04,0.2019,145030.52,288794.296
300208.SZ,20230407,9.76,10.11,9.71,9.89,9.8,0.09,0.9184,91772.0,90759.011
300209.SZ,20230407,5.79,5.91,5.64,5.9,5.73,0.17,2.9668,90389.43,52330.998
300210.SZ,20230407,3.06,3.06,3.02,3.05,3.05,0.0,0.0,33875.0,10296.675
300211.SZ,20230407,10.45,11.08,10.34,10.92,10.63,0.29,2.7281,156908.25,169397.232
300212.SZ,20230407,44.5,45.98,43.1,45.67,44.99,0.68,1.5114,629541.14,2817533.091
300213.SZ,20230407,6.37,6.53,6.25,6.53,6.37,0.16,2.5118,193994.11,124396.931
300214.SZ,20230407,6.59,6.62,6.56,6.61,6.59,0.02,0.3035,12590.12,8298.719
300215.SZ,20230407,5.39,5.45,5.35,5.44,5.37,0.07,1.3035,76775.23,41574.517
300217.SZ,20230407,5.98,6.3,5.97,6.19,5.9,0.29,4.9153,609499.95,378596.237
300218.SZ,20230407,10.1,10.28,10.06,10.25,10.1,0.15,1.4851,17677.01,18014.567
300219.SZ,20230407,8.72,8.75,8.46,8.58,8.75,-0.17,-1.9429,226707.7,193517.821
300220.SZ,20230407,11.88,11.99,11.5,11.92,11.8,0.12,1.0169,52887.8,62200.843
300221.SZ,20230407,5.45,5.48,5.4,5.43,5.42,0.01,0.1845,64629.0,35101.518
300567.SZ,20230407,71.67,74.0,69.65,72.77,71.0,1.77,2.493,93374.65,675389.977
300568.SZ,20230407,18.72,19.09,18.68,18.76,18.78,-0.02,-0.1065,116049.05,219022.514
300569.SZ,20230407,8.3,8.44,8.28,8.32,8.3,0.02,0.241,67402.42,56175.753
300570.SZ,20230407,30.51,31.5,29.69,31.35,31.52,-0.17,-0.5393,224782.83,685191.488
300571.SZ,20230407,44.11,48.28,42.83,47.6,44.6,3.0,6.7265,91512.89,419942.661
300572.SZ,20230407,15.44,15.7,15.36,15.47,15.44,0.03,0.1943,24297.88,37710.047
300573.SZ,20230407,123.01,128.89,122.31,127.08,123.99,3.09,2.4921,15742.52,198824.17
300575.SZ,20230407,18.23,18.89,18.17,18.87,18.3,0.57,3.1148,33043.02,61701.932
300576.SZ,20230407,44.56,44.8,42.78,43.8,45.55,-1.75,-3.8419,244810.09,1068574.528
300577.SZ,20230407,14.99,15.15,14.86,15.12,14.99,0.13,0.8672,6556.6,9833.142
300578.SZ,20230407,21.3,21.64,20.53,21.46,21.17,0.29,1.3699,107325.43,226829.468
300579.SZ,20230407,37.3,39.17,36.77,38.86,37.05,1.81,4.8853,168824.7,650041.919
300580.SZ,20230407,21.81,22.42,21.71,22.0,21.69,0.31,1.4292,15300.67,33896.451
300581.SZ,20230407,18.61,18.77,18.61,18.69,18.79,-0.1,-0.5322,36445.62,68068.612
300582.SZ,20230407,17.57,17.8,17.28,17.67,17.8,-0.13,-0.7303,162566.14,285004.104
300583.SZ,20230407,24.42,24.94,24.35,24.87,24.42,0.45,1.8428,4548.0,11271.989
300584.SZ,20230407,24.55,25.28,24.36,25.08,24.55,0.53,2.1589,23085.0,57803.191
300585.SZ,20230407,19.15,19.65,19.14,19.59,18.92,0.67,3.5412,124750.0,242757.347
300586.SZ,20230407,15.34,15.69,15.34,15.55,15.53,0.02,0.1288,67728.92,105360.225
300587.SZ,20230407,10.38,10.38,10.15,10.23,10.3,-0.07,-0.6796,77152.21,78881.253
300588.SZ,20230407,12.6,12.93,12.12,12.83,12.49,0.34,2.7222,192643.82,242926.478
300589.SZ,20230407,13.66,13.79,13.5,13.72,13.82,-0.1,-0.7236,49923.19,68461.015
300590.SZ,20230407,13.98,14.1,13.67,14.03,13.97,0.06,0.4295,197533.72,274618.704
300591.SZ,20230407,5.92,5.92,5.81,5.84,5.88,-0.04,-0.6803,61670.07,36171.283
300592.SZ,20230407,23.4,23.96,23.01,23.38,23.3,0.08,0.3433,43309.0,101676.13
300593.SZ,20230407,31.38,31.45,30.66,31.24,31.46,-0.22,-0.6993,61836.09,192429.12
300594.SZ,20230407,22.67,23.61,22.36,23.53,22.67,0.86,3.7936,36890.0,85276.764
300595.SZ,20230407,33.31,34.23,33.11,34.09,33.18,0.91,2.7426,104592.31,354273.576
300596.SZ,20230407,43.9,44.62,42.45,43.15,45.5,-2.35,-5.1648,47559.41,206633.378
300597.SZ,20230407,9.37,9.45,9.18,9.45,9.36,0.09,0.9615,49244.0,46075.608
300598.SZ,20230407,59.01,59.9,57.66,59.77,58.59,1.18,2.014,114757.96,675844.923
300599.SZ,20230407,7.45,7.52,7.43,7.5,7.43,0.07,0.9421,12606.0,9427.707
300600.SZ,20230407,9.82,9.84,9.56,9.62,9.86,-0.24,-2.4341,102000.12,98093.414
300601.SZ,20230407,31.88,33.95,31.8,33.76,31.88,1.88,5.8971,142402.37,474509.6
300602.SZ,20230407,18.68,18.8,18.37,18.54,18.68,-0.14,-0.7495,51878.04,96408.314
300603.SZ,20230407,13.86,14.4,13.63,14.39,13.99,0.4,2.8592,280643.85,395659.143
300604.SZ,20230407,52.59,56.17,52.59,56.17,52.55,3.62,6.8887,341719.39,1870582.995
300605.SZ,20230407,16.9,17.35,16.9,17.23,16.96,0.27,1.592,84280.09,144403.978
300606.SZ,20230407,14.8,15.58,14.31,15.2,14.85,0.35,2.3569,97314.77,145788.307
300607.SZ,20230407,16.16,16.42,16.0,16.18,16.03,0.15,0.9357,101662.59,164963.658
300608.SZ,20230407,11.43,11.57,11.07,11.55,11.35,0.2,1.7621,113416.31,128709.782
300609.SZ,20230407,19.7,20.5,19.5,20.3,19.82,0.48,2.4218,59103.0,118969.955
300918.SZ,20230407,12.74,12.75,12.54,12.7,12.74,-0.04,-0.314,53912.64,68167.396
300919.SZ,20230407,66.02,67.48,65.8,66.63,66.05,0.58,0.8781,33861.86,226117.194
300920.SZ,20230407,17.22,17.38,17.09,17.31,17.32,-0.01,-0.0577,8265.0,14246.553
300921.SZ,20230407,24.79,25.02,23.98,24.78,24.53,0.25,1.0192,54692.06,134358.23
300922.SZ,20230407,17.68,17.76,17.21,17.52,17.62,-0.1,-0.5675,40130.07,70041.401
300923.SZ,20230407,22.06,22.3,22.03,22.2,22.06,0.14,0.6346,4740.0,10501.892
300925.SZ,20230407,16.33,16.83,16.05,16.81,16.37,0.44,2.6878,177093.82,293271.964
300926.SZ,20230407,32.82,33.23,32.05,32.22,33.04,-0.82,-2.4818,40228.66,130351.85
300927.SZ,20230407,16.31,16.77,16.17,16.69,16.17,0.52,3.2158,13519.4,22355.925
300928.SZ,20230407,36.45,38.53,36.29,38.53,36.45,2.08,5.7064,17141.92,64731.825
300929.SZ,20230407,11.8,11.91,11.78,11.9,11.83,0.07,0.5917,14475.96,17157.747
300930.SZ,20230407,26.5,28.0,26.22,27.45,26.5,0.95,3.5849,14660.15,39936.891
300931.SZ,20230407,7.46,7.5,7.4,7.47,7.48,-0.01,-0.1337,25274.43,18796.379
300932.SZ,20230407,15.79,15.92,15.75,15.9,15.79,0.11,0.6966,8778.4,13908.571
300933.SZ,20230407,7.84,7.84,7.76,7.8,7.79,0.01,0.1284,12270.0,9579.464
300935.SZ,20230407,37.76,37.98,36.16,37.68,37.42,0.26,0.6948,47813.13,177944.782
300936.SZ,20230407,34.16,34.46,33.37,33.75,34.17,-0.42,-1.2291,22533.45,75869.307
300937.SZ,20230407,30.03,30.66,29.96,30.48,29.83,0.65,2.179,20012.0,60839.143
300938.SZ,20230407,38.99,39.39,38.25,38.78,38.97,-0.19,-0.4876,11282.7,43723.758
300939.SZ,20230407,34.58,34.58,33.54,34.21,34.1,0.11,0.3226,26065.5,88586.099
300940.SZ,20230407,19.5,19.81,19.41,19.7,19.72,-0.02,-0.1014,24005.25,46986.411
300941.SZ,20230407,24.53,25.28,24.4,25.19,24.42,0.77,3.1532,85016.31,212194.422
300942.SZ,20230407,16.22,16.47,16.19,16.32,16.2,0.12,0.7407,22839.05,37332.914
300943.SZ,20230407,15.21,15.21,14.69,14.83,15.23,-0.4,-2.6264,70100.49,104160.257
300945.SZ,20230407,15.2,15.42,14.92,15.26,15.19,0.07,0.4608,74799.25,113073.147
300946.SZ,20230407,32.0,32.12,31.6,31.77,31.95,-0.18,-0.5634,5486.6,17461.929
300947.SZ,20230407,14.37,15.44,14.28,15.26,14.36,0.9,6.2674,74978.16,113415.33
300948.SZ,20230407,14.0,14.13,13.91,14.13,14.0,0.13,0.9286,17067.5,23983.973
300949.SZ,20230407,35.69,36.59,35.18,36.4,35.43,0.97,2.7378,7668.86,27635.901
300950.SZ,20230407,19.6,19.99,19.36,19.54,19.66,-0.12,-0.6104,30331.77,59452.508
300951.SZ,20230407,56.26,56.86,55.77,56.7,56.23,0.47,0.8359,9024.03,50960.175
300952.SZ,20230407,19.85,20.38,19.44,20.04,19.84,0.2,1.0081,23431.02,46562.194
300953.SZ,20230407,77.92,78.97,76.36,76.56,77.93,-1.37,-1.758,9784.88,75823.212
300955.SZ,20230407,24.5,25.14,24.32,24.9,24.52,0.38,1.5498,4563.0,11317.02
300956.SZ,20230407,17.05,17.2,16.74,17.07,17.29,-0.22,-1.2724,47415.63,80315.085
300957.SZ,20230407,124.02,127.5,123.0,126.8,125.08,1.72,1.3751,22398.46,282191.669
300958.SZ,20230407,19.38,19.6,19.22,19.31,19.39,-0.08,-0.4126,14663.0,28319.626
300959.SZ,20230407,37.85,38.6,36.6,38.42,37.38,1.04,2.7822,47228.89,178247.669
300960.SZ,20230407,18.67,18.7,18.52,18.64,18.71,-0.07,-0.3741,3698.0,6883.181
300961.SZ,20230407,11.62,12.01,11.53,11.98,11.62,0.36,3.0981,32493.0,38412.072
300962.SZ,20230407,17.13,17.26,16.85,16.94,17.12,-0.18,-1.0514,22503.31,38127.207
300963.SZ,20230407,17.11,17.75,17.08,17.74,17.09,0.65,3.8034,26334.74,46174.982
301205.SZ,20230407,83.01,84.72,81.0,83.2,85.21,-2.01,-2.3589,48710.73,403425.265
301206.SZ,20230407,33.87,34.09,33.81,34.06,33.9,0.16,0.472,6604.59,22431.354
301207.SZ,20230407,48.82,52.3,48.68,52.0,48.76,3.24,6.6448,44336.66,225684.15
301208.SZ,20230407,61.12,63.35,60.38,62.99,61.11,1.88,3.0764,12137.08,75821.759
301209.SZ,20230407,25.06,25.22,24.87,25.05,25.05,0.0,0.0,5122.0,12839.168
301211.SZ,20230407,29.2,29.8,28.6,28.95,29.35,-0.4,-1.3629,65642.67,191504.88
301212.SZ,20230407,37.22,39.28,37.15,39.2,37.22,1.98,5.3197,33231.8,128961.663
301213.SZ,20230407,44.5,44.75,43.65,43.65,44.5,-0.85,-1.9101,14189.6,62357.232
301215.SZ,20230407,5.78,5.85,5.77,5.8,5.79,0.01,0.1727,102078.15,59219.797
301216.SZ,20230407,28.01,28.2,28.01,28.13,28.16,-0.03,-0.1065,16673.03,46886.079
301217.SZ,20230407,13.57,13.6,13.45,13.52,13.57,-0.05,-0.3685,32692.1,44171.375
301218.SZ,20230407,24.01,24.96,23.7,24.86,24.17,0.69,2.8548,33661.42,82373.512
301219.SZ,20230407,58.91,59.51,58.8,59.43,58.91,0.52,0.8827,12104.3,71718.058
301220.SZ,20230407,40.49,40.49,39.8,40.04,39.97,0.07,0.1751,4254.64,17062.564
301221.SZ,20230407,47.96,57.16,47.7,57.16,47.63,9.53,20.0084,73332.18,387413.108
301222.SZ,20230407,28.4,28.73,28.37,28.52,28.46,0.06,0.2108,9807.11,27941.346
301223.SZ,20230407,19.92,20.19,19.88,20.11,19.98,0.13,0.6507,7119.68,14290.683
301226.SZ,20230407,33.3,33.87,33.15,33.52,33.33,0.19,0.5701,8517.1,28646.156
301227.SZ,20230407,30.0,31.5,29.81,30.18,30.02,0.16,0.533,12238.28,37484.279
301228.SZ,20230407,16.11,16.23,16.04,16.21,16.1,0.11,0.6832,4631.26,7481.026
301229.SZ,20230407,28.2,28.59,28.2,28.55,28.31,0.24,0.8478,3312.0,9429.422
301230.SZ,20230407,56.66,63.85,56.57,62.51,56.73,5.78,10.1886,28572.98,174561.323
301231.SZ,20230407,25.31,26.45,24.58,26.1,25.13,0.97,3.8599,43931.87,113058.561
301233.SZ,20230407,39.16,39.49,39.1,39.25,38.78,0.47,1.212,5303.58,20844.715
301234.SZ,20230407,30.33,30.59,30.1,30.5,30.04,0.46,1.5313,5945.0,18088.064
301235.SZ,20230407,35.78,36.45,35.62,36.15,35.81,0.34,0.9495,16515.26,59730.902
301236.SZ,20230407,51.21,52.4,50.06,51.89,50.21,1.68,3.3459,305785.04,1570319.385
301237.SZ,20230407,31.49,31.75,31.25,31.56,31.48,0.08,0.2541,2431.24,7675.679
301238.SZ,20230407,23.37,23.68,23.28,23.36,23.42,-0.06,-0.2562,28920.88,67861.421
301239.SZ,20230407,89.97,95.5,88.88,93.78,88.91,4.87,5.4774,9614.33,90061.311
301246.SZ,20230407,36.25,36.93,36.21,36.66,36.31,0.35,0.9639,25043.32,91934.005
301248.SZ,20230407,37.08,38.56,36.68,38.52,37.46,1.06,2.8297,33579.63,126500.26
301255.SZ,20230407,35.68,35.96,35.51,35.78,35.78,0.0,0.0,4492.0,16042.765
301256.SZ,20230407,8.33,8.41,8.3,8.37,8.31,0.06,0.722,19178.92,16065.976
301257.SZ,20230407,56.0,64.88,56.0,61.42,56.0,5.42,9.6786,17730.53,109593.509
301258.SZ,20230407,41.2,41.63,40.78,41.5,40.85,0.65,1.5912,16474.48,68187.45
301259.SZ,20230407,19.18,19.37,19.1,19.32,19.17,0.15,0.7825,6954.83,13390.672
301260.SZ,20230407,27.2,28.08,27.08,27.52,27.24,0.28,1.0279,52731.7,145790.544
301263.SZ,20230407,33.85,35.51,33.53,35.15,33.76,1.39,4.1173,26610.67,92986.319
301265.SZ,20230407,12.21,12.35,12.18,12.35,12.27,0.08,0.652,13515.51,16636.698
301266.SZ,20230407,64.75,67.96,64.16,65.61,64.8,0.81,1.25,10835.42,71935.256
301267.SZ,20230407,67.13,74.37,67.13,73.61,68.01,5.6,8.2341,30417.67,219105.395
301268.SZ,20230407,42.21,43.21,41.38,42.03,42.0,0.03,0.0714,20682.68,87300.148
600302.SH,20230407,5.12,5.16,5.1,5.16,5.12,0.04,0.7813,25816.66,13249.807
600303.SH,20230407,5.62,5.81,5.59,5.74,5.64,0.1,1.773,153140.02,87513.366
600305.SH,20230407,11.93,12.0,11.89,11.97,11.95,0.02,0.1674,67565.46,80768.929
600306.SH,20230407,9.15,9.7,9.0,9.56,9.24,0.32,3.4632,24509.01,23071.622
600307.SH,20230407,1.61,1.62,1.6,1.61,1.61,0.0,0.0,177479.0,28639.601
600308.SH,20230407,5.18,5.21,5.17,5.18,5.18,0.0,0.0,64229.39,33295.676
600309.SH,20230407,93.88,95.49,93.5,94.96,94.01,0.95,1.0105,56830.96,537955.4
600310.SH,20230407,2.99,2.99,2.97,2.98,2.98,0.0,0.0,87460.6,26083.296
600312.SH,20230407,9.56,9.73,9.48,9.61,9.52,0.09,0.9454,123462.09,118610.922
600313.SH,20230407,9.62,9.72,9.61,9.69,9.65,0.04,0.4145,143081.82,138333.403
600315.SH,20230407,29.68,30.28,29.6,30.01,29.6,0.41,1.3851,63419.15,190452.801
600316.SH,20230407,25.93,26.29,25.91,26.15,26.01,0.14,0.5383,53568.72,139867.388
600318.SH,20230407,6.57,6.67,6.57,6.66,6.56,0.1,1.5244,49827.28,33054.805
600319.SH,20230407,5.89,5.96,5.81,5.92,5.81,0.11,1.8933,25770.0,15208.431
600320.SH,20230407,3.95,3.99,3.91,3.92,3.96,-0.04,-1.0101,176418.81,69530.139
600321.SH,20230407,1.72,1.74,1.7,1.73,1.72,0.01,0.5814,74156.87,12805.816
600322.SH,20230407,1.9,1.98,1.9,1.98,1.91,0.07,3.6649,236124.78,46254.515
600323.SH,20230407,18.9,18.98,18.51,18.63,18.84,-0.21,-1.1146,77405.46,144980.533
600325.SH,20230407,11.6,12.67,11.59,12.18,11.53,0.65,5.6375,617375.36,758637.58
600326.SH,20230407,5.32,5.35,5.21,5.21,5.35,-0.14,-2.6168,139138.55,73282.273
600327.SH,20230407,4.61,4.64,4.59,4.62,4.6,0.02,0.4348,46341.52,21400.284
600328.SH,20230407,14.36,14.54,14.36,14.46,14.35,0.11,0.7666,61545.34,89051.401
600329.SH,20230407,41.13,41.42,39.81,40.36,41.34,-0.98,-2.3706,54065.71,218179.91
600330.SH,20230407,12.28,12.47,12.18,12.4,12.28,0.12,0.9772,277903.57,343710.227
600331.SH,20230407,3.44,3.45,3.37,3.39,3.42,-0.03,-0.8772,199880.0,67930.706
600332.SH,20230407,33.77,33.97,33.41,33.56,33.81,-0.25,-0.7394,91054.98,305856.208
600333.SH,20230407,4.81,4.82,4.79,4.82,4.81,0.01,0.2079,14275.1,6866.494
600335.SH,20230407,9.68,9.79,9.51,9.53,9.73,-0.2,-2.0555,141227.37,135220.64
600336.SH,20230407,5.85,5.9,5.85,5.87,5.84,0.03,0.5137,41239.76,24236.503
600337.SH,20230407,2.85,2.94,2.83,2.9,2.86,0.04,1.3986,68356.0,19791.132
600338.SH,20230407,23.2,23.68,22.34,22.41,22.41,0.0,0.0,259843.03,592435.831
600339.SH,20230407,3.88,3.91,3.82,3.85,3.91,-0.06,-1.5345,838598.09,322939.338
600340.SH,20230407,2.42,2.5,2.42,2.48,2.42,0.06,2.4793,359458.99,89074.354
600343.SH,20230407,10.15,10.49,10.14,10.37,10.16,0.21,2.0669,97237.0,101114.612
600345.SH,20230407,20.0,20.48,19.74,20.22,19.87,0.35,1.7614,59772.43,120160.829
600346.SH,20230407,15.83,16.36,15.83,16.18,15.89,0.29,1.825,194124.79,313112.212
600348.SH,20230407,13.58,13.72,13.49,13.53,13.63,-0.1,-0.7337,155972.82,211882.819
600350.SH,20230407,6.37,6.39,6.3,6.32,6.35,-0.03,-0.4724,42052.54,26604.524
600351.SH,20230407,7.19,7.39,7.17,7.22,7.2,0.02,0.2778,160657.92,116641.287
600352.SH,20230407,10.25,10.25,10.02,10.03,10.21,-0.18,-1.763,273204.17,275614.302
600353.SH,20230407,12.98,13.51,12.92,13.45,13.06,0.39,2.9862,89961.43,119516.846
600354.SH,20230407,6.93,7.0,6.9,6.99,6.94,0.05,0.7205,87322.2,60819.499
601279.SH,20230407,5.06,5.1,5.02,5.04,5.05,-0.01,-0.198,43414.0,21898.662
601288.SH,20230407,3.19,3.19,3.15,3.17,3.18,-0.01,-0.3145,2490524.0,788097.113
601298.SH,20230407,6.3,6.34,6.23,6.25,6.3,-0.05,-0.7937,106538.82,66821.398
601311.SH,20230407,9.48,9.64,9.35,9.4,9.48,-0.08,-0.8439,105546.49,99916.934
601318.SH,20230407,45.29,45.78,45.15,45.63,45.08,0.55,1.2201,326336.3,1487335.021
601319.SH,20230407,5.18,5.2,5.16,5.18,5.18,0.0,0.0,416223.7,215507.669
601326.SH,20230407,2.87,2.87,2.82,2.85,2.86,-0.01,-0.3497,181538.57,51584.686
601328.SH,20230407,5.19,5.2,5.16,5.18,5.2,-0.02,-0.3846,468600.83,242615.094
601330.SH,20230407,7.5,7.52,7.42,7.42,7.48,-0.06,-0.8021,55675.68,41460.211
601333.SH,20230407,2.52,2.52,2.44,2.44,2.51,-0.07,-2.7888,528315.0,130144.006
601336.SH,20230407,31.6,31.97,31.43,31.47,31.59,-0.12,-0.3799,62432.08,197806.008
601339.SH,20230407,6.72,6.8,6.67,6.7,6.75,-0.05,-0.7407,50690.0,34100.925
601360.SH,20230407,19.1,19.68,18.23,18.6,18.97,-0.37,-1.9504,4919897.52,9366797.606
601366.SH,20230407,5.51,5.54,5.49,5.54,5.52,0.02,0.3623,12160.0,6707.622
601368.SH,20230407,5.23,5.28,5.21,5.27,5.23,0.04,0.7648,28222.0,14817.424
601369.SH,20230407,10.3,10.59,10.3,10.41,10.29,0.12,1.1662,82550.71,86225.381
601375.SH,20230407,3.83,3.85,3.8,3.83,3.81,0.02,0.5249,219429.98,84016.548
601377.SH,20230407,6.37,6.52,6.35,6.51,6.35,0.16,2.5197,969226.38,625658.528
601388.SH,20230407,3.29,3.29,3.27,3.28,3.29,-0.01,-0.304,76130.69,24987.137
601390.SH,20230407,7.82,7.83,7.53,7.7,7.87,-0.17,-2.1601,2804528.8,2151134.598
601398.SH,20230407,4.52,4.54,4.51,4.53,4.53,0.0,0.0,1247347.68,564750.744
601399.SH,20230407,3.16,3.2,3.16,3.19,3.16,0.03,0.9494,194998.89,62103.563
601456.SH,20230407,11.27,11.38,11.17,11.35,11.25,0.1,0.8889,331552.11,374855.466
601500.SH,20230407,3.95,4.0,3.91,3.96,3.95,0.01,0.2532,72542.56,28696.832
601512.SH,20230407,9.46,9.73,9.46,9.7,9.44,0.26,2.7542,28144.0,27067.327
601515.SH,20230407,4.36,4.38,4.34,4.37,4.36,0.01,0.2294,56193.26,24555.757
601518.SH,20230407,2.9,2.92,2.88,2.9,2.9,0.0,0.0,72972.0,21189.533
601519.SH,20230407,8.25,8.76,8.03,8.62,8.27,0.35,4.2322,1450272.05,1228482.472
601528.SH,20230407,7.32,7.37,7.29,7.3,7.32,-0.02,-0.2732,50671.26,37102.27
601555.SH,20230407,7.0,7.05,6.97,7.03,6.98,0.05,0.7163,185142.01,129924.234
601566.SH,20230407,9.9,10.04,9.88,10.01,9.93,0.08,0.8056,57628.81,57516.682
601567.SH,20230407,12.5,12.95,12.46,12.9,12.49,0.41,3.2826,82271.0,105319.655
601568.SH,20230407,5.7,5.72,5.69,5.72,5.7,0.02,0.3509,112139.8,64011.518
601577.SH,20230407,7.77,7.77,7.62,7.66,7.74,-0.08,-1.0336,87044.0,66877.091
601579.SH,20230407,12.16,12.33,12.11,12.19,12.2,-0.01,-0.082,41959.29,51345.278
601588.SH,20230407,1.93,1.98,1.93,1.97,1.93,0.04,2.0725,162984.77,32005.302
601595.SH,20230407,22.9,25.2,22.31,25.2,22.91,2.29,9.9956,189339.89,457440.689
601598.SH,20230407,4.35,4.4,4.32,4.37,4.36,0.01,0.2294,417644.79,182445.238
601599.SH,20230407,3.13,3.16,3.1,3.13,3.13,0.0,0.0,61874.0,19385.092
601600.SH,20230407,5.7,5.81,5.65,5.72,5.7,0.02,0.3509,1006101.56,577747.064
601601.SH,20230407,26.25,27.1,26.22,26.72,26.19,0.53,2.0237,190567.01,510417.97
601606.SH,20230407,13.0,13.04,12.82,12.85,13.1,-0.25,-1.9084,123068.61,158566.121
603886.SH,20230407,19.08,19.16,18.8,18.95,18.99,-0.04,-0.2106,42899.0,81558.234
603887.SH,20230407,8.24,8.52,8.11,8.48,8.24,0.24,2.9126,97348.8,81139.706
603888.SH,20230407,30.75,33.83,30.08,33.83,30.75,3.08,10.0163,432414.53,1396465.16
603889.SH,20230407,7.79,7.98,7.69,7.89,7.77,0.12,1.5444,54581.3,42924.83
603890.SH,20230407,9.44,9.56,9.39,9.53,9.44,0.09,0.9534,45275.21,42905.49
603893.SH,20230407,101.99,102.66,97.57,101.73,102.96,-1.23,-1.1946,100605.31,1009970.335
603895.SH,20230407,27.4,27.75,27.3,27.6,27.4,0.2,0.7299,7388.51,20358.745
603896.SH,20230407,49.14,50.55,48.8,50.5,49.12,1.38,2.8094,32884.54,163710.942
603897.SH,20230407,20.35,20.44,20.13,20.15,20.3,-0.15,-0.7389,27190.0,54984.648
603898.SH,20230407,11.84,12.11,11.83,11.95,11.84,0.11,0.9291,13727.44,16484.774
603899.SH,20230407,49.36,50.0,48.46,48.65,49.34,-0.69,-1.3985,33453.0,164010.386
603900.SH,20230407,6.38,6.49,6.33,6.45,6.37,0.08,1.2559,21448.66,13747.123
603901.SH,20230407,14.77,15.01,14.76,14.85,14.92,-0.07,-0.4692,24673.3,36743.639
603903.SH,20230407,9.23,9.29,9.16,9.27,9.2,0.07,0.7609,17205.68,15899.847
603906.SH,20230407,21.43,21.63,21.39,21.48,21.45,0.03,0.1399,60319.33,129479.644
603908.SH,20230407,58.0,60.44,57.99,59.49,58.09,1.4,2.4101,25516.02,151629.328
603909.SH,20230407,14.67,14.67,14.3,14.39,14.55,-0.16,-1.0997,16027.0,23051.698
603912.SH,20230407,14.49,14.49,14.12,14.31,14.66,-0.35,-2.3874,146299.94,208866.698
603915.SH,20230407,21.11,21.43,20.55,21.15,21.11,0.04,0.1895,48520.41,102081.738
603916.SH,20230407,16.18,16.63,16.12,16.58,16.12,0.46,2.8536,53836.6,88855.076
603917.SH,20230407,22.52,22.8,22.25,22.61,22.45,0.16,0.7127,25108.0,56596.72
603918.SH,20230407,16.76,18.13,15.28,18.13,16.48,1.65,10.0121,783922.65,1329026.079
603919.SH,20230407,26.61,27.3,26.51,26.66,26.81,-0.15,-0.5595,35906.05,96468.998
603920.SH,20230407,19.11,19.24,18.5,18.67,19.09,-0.42,-2.2001,91003.53,170773.116
603922.SH,20230407,22.9,22.9,22.2,22.45,22.9,-0.45,-1.9651,10603.0,23824.931
603926.SH,20230407,9.01,9.15,8.97,9.07,9.01,0.06,0.6659,9648.2,8755.75
603927.SH,20230407,39.98,40.18,38.89,39.94,39.6,0.34,0.8586,89712.92,353878.772
603928.SH,20230407,11.83,11.92,11.82,11.89,11.88,0.01,0.0842,7076.0,8396.208
603929.SH,20230407,18.18,18.2,17.58,17.65,18.07,-0.42,-2.3243,82636.0,146461.682
603931.SH,20230407,34.21,34.86,33.61,34.24,34.2,0.04,0.117,55691.92,190618.236
603933.SH,20230407,13.3,13.3,12.95,13.05,13.22,-0.17,-1.2859,36686.88,47795.562
603936.SH,20230407,15.11,15.27,14.85,15.19,15.1,0.09,0.596,365865.02,551659.633
603937.SH,20230407,11.65,11.77,11.6,11.66,11.62,0.04,0.3442,13753.0,16052.997
603938.SH,20230407,34.1,34.8,34.0,34.48,34.1,0.38,1.1144,29600.68,101766.484
603939.SH,20230407,56.35,57.15,55.69,56.1,56.4,-0.3,-0.5319,21359.4,120088.579
603948.SH,20230407,21.9,21.99,21.85,21.95,21.96,-0.01,-0.0455,5379.0,11792.1
603949.SH,20230407,16.55,16.64,16.51,16.56,16.53,0.03,0.1815,7947.48,13162.792
603950.SH,20230407,19.33,19.94,19.33,19.73,19.43,0.3,1.544,11175.0,22033.191
603955.SH,20230407,16.26,16.67,16.16,16.49,16.13,0.36,2.2319,14161.4,23352.304
603956.SH,20230407,9.14,9.67,9.06,9.46,9.09,0.37,4.0704,83398.31,78589.19
603958.SH,20230407,6.11,6.19,6.08,6.19,6.1,0.09,1.4754,10571.0,6486.51
603959.SH,20230407,9.39,9.48,9.35,9.41,9.4,0.01,0.1064,35155.41,33146.112
000065.SZ,20230407,15.43,15.61,14.78,14.84,15.71,-0.87,-5.5379,511378.34,768451.534
000066.SZ,20230407,13.66,13.85,13.4,13.69,13.58,0.11,0.81,667345.03,910350.07
000068.SZ,20230407,3.47,3.57,3.45,3.56,3.48,0.08,2.2989,83159.15,29315.488
000069.SZ,20230407,4.94,5.17,4.91,5.12,4.93,0.19,3.854,928951.0,473523.929
000070.SZ,20230407,10.41,10.55,10.04,10.25,10.34,-0.09,-0.8704,431741.91,443253.034
000078.SZ,20230407,3.36,3.37,3.31,3.35,3.36,-0.01,-0.2976,147189.46,49352.825
000088.SZ,20230407,5.01,5.07,5.0,5.06,5.01,0.05,0.998,48966.41,24707.748
000089.SZ,20230407,7.54,7.58,7.48,7.49,7.54,-0.05,-0.6631,108051.07,81294.065
000090.SZ,20230407,5.46,5.54,5.43,5.51,5.44,0.07,1.2868,148266.38,81665.59
000096.SZ,20230407,8.17,8.24,8.17,8.23,8.18,0.05,0.6112,8224.76,6759.359
000099.SZ,20230407,8.12,8.19,8.04,8.11,8.12,-0.01,-0.1232,123299.91,99765.52
000100.SZ,20230407,4.72,4.75,4.58,4.63,4.65,-0.02,-0.4301,1960521.51,906281.574
000150.SZ,20230407,0.87,0.91,0.85,0.88,0.88,0.0,0.0,285795.74,25038.339
000151.SZ,20230407,14.24,14.51,14.15,14.19,14.36,-0.17,-1.1838,129032.9,184093.837
000153.SZ,20230407,9.42,9.55,9.4,9.51,9.45,0.06,0.6349,44128.0,41962.29
000155.SZ,20230407,16.0,16.15,15.64,15.67,16.03,-0.36,-2.2458,174908.89,276327.646
000156.SZ,20230407,8.77,8.98,8.67,8.95,8.71,0.24,2.7555,98812.22,87605.832
000157.SZ,20230407,6.48,6.48,6.38,6.39,6.45,-0.06,-0.9302,190051.46,121688.953
000158.SZ,20230407,8.78,9.07,8.7,8.96,8.72,0.24,2.7523,1250232.12,1116108.094
000159.SZ,20230407,7.89,7.98,7.77,7.8,7.89,-0.09,-1.1407,63370.0,49539.729
000166.SZ,20230407,4.24,4.26,4.22,4.24,4.23,0.01,0.2364,454788.87,192794.268
000301.SZ,20230407,13.11,13.27,13.09,13.2,13.14,0.06,0.4566,179269.48,236329.801
000333.SZ,20230407,53.91,55.27,53.91,54.68,54.02,0.66,1.2218,158640.67,869954.356
000338.SZ,20230407,12.53,12.61,12.4,12.41,12.52,-0.11,-0.8786,274838.18,343088.77
000400.SZ,20230407,21.9,22.45,21.86,22.14,22.01,0.13,0.5906,116354.52,258513.0
000401.SZ,20230407,8.71,8.92,8.71,8.88,8.71,0.17,1.9518,98433.92,86846.324
000402.SZ,20230407,5.05,5.14,5.03,5.13,5.04,0.09,1.7857,217822.78,111407.127
000403.SZ,20230407,24.17,25.49,24.06,24.98,24.11,0.87,3.6085,106406.63,264311.756
000404.SZ,20230407,5.96,6.0,5.94,5.97,5.98,-0.01,-0.1672,111962.0,66736.43
000407.SZ,20230407,3.75,3.81,3.74,3.8,3.74,0.06,1.6043,66666.68,25237.809
000408.SZ,20230407,24.04,24.16,23.91,23.92,24.06,-0.14,-0.5819,59779.46,143512.745
000409.SZ,20230407,9.25,9.83,9.1,9.66,9.09,0.57,6.2706,401262.03,379478.71
000410.SZ,20230407,6.05,6.09,6.01,6.01,6.05,-0.04,-0.6612,24448.0,14738.038
000411.SZ,20230407,12.36,12.62,12.31,12.59,12.34,0.25,2.0259,37027.7,46340.428
000413.SZ,20230407,1.86,1.89,1.84,1.89,1.86,0.03,1.6129,383991.45,71861.693
000415.SZ,20230407,2.1,2.11,2.09,2.11,2.1,0.01,0.4762,118815.33,24940.356
000416.SZ,20230407,3.86,3.93,3.85,3.92,3.87,0.05,1.292,51858.0,20249.898
000417.SZ,20230407,5.05,5.08,5.02,5.04,5.06,-0.02,-0.3953,81316.8,41052.119
000419.SZ,20230407,5.7,5.76,5.68,5.72,5.71,0.01,0.1751,67574.0,38645.922
000420.SZ,20230407,4.08,4.12,4.06,4.11,4.09,0.02,0.489,184153.61,75396.673
000421.SZ,20230407,4.86,4.92,4.81,4.91,4.85,0.06,1.2371,52605.01,25602.8
000422.SZ,20230407,14.13,14.25,14.12,14.17,14.15,0.02,0.1413,62011.58,87998.635
002210.SZ,20230407,2.33,2.34,2.29,2.29,2.32,-0.03,-1.2931,284594.91,65565.693
002211.SZ,20230407,2.87,2.93,2.87,2.9,2.89,0.01,0.346,23954.0,6943.668
002212.SZ,20230407,12.93,12.93,12.55,12.72,12.85,-0.13,-1.0117,306253.63,389235.767
002213.SZ,20230407,15.2,15.39,15.06,15.19,15.26,-0.07,-0.4587,62460.0,94839.027
002214.SZ,20230407,15.0,15.65,14.9,15.56,14.97,0.59,3.9412,59948.66,92205.814
002215.SZ,20230407,7.16,7.46,7.12,7.37,7.16,0.21,2.933,159588.0,116324.506
002216.SZ,20230407,16.38,16.42,16.22,16.31,16.32,-0.01,-0.0613,30440.12,49703.718
002217.SZ,20230407,3.06,3.19,3.05,3.16,3.05,0.11,3.6066,737918.69,231813.268
002218.SZ,20230407,5.16,5.2,5.14,5.14,5.14,0.0,0.0,114669.0,59159.325
002219.SZ,20230407,4.96,5.4,4.95,5.3,4.99,0.31,6.2124,584574.8,303821.287
002221.SZ,20230407,9.38,9.38,9.38,9.38,8.53,0.85,9.9648,170828.82,160237.433
002222.SZ,20230407,30.59,31.73,29.65,31.68,29.95,1.73,5.7763,524496.09,1605394.142
002223.SZ,20230407,30.95,31.29,30.8,31.02,30.81,0.21,0.6816,58397.85,181493.549
002224.SZ,20230407,4.69,4.75,4.66,4.73,4.67,0.06,1.2848,34538.0,16254.477
002225.SZ,20230407,4.12,4.13,4.09,4.1,4.12,-0.02,-0.4854,55093.3,22620.532
002226.SZ,20230407,5.54,5.54,5.39,5.45,5.61,-0.16,-2.852,344167.2,187163.67
002227.SZ,20230407,13.02,13.12,13.01,13.05,13.01,0.04,0.3075,13928.0,18198.539
002228.SZ,20230407,3.32,3.35,3.3,3.33,3.32,0.01,0.3012,52595.69,17493.876
002229.SZ,20230407,14.68,14.68,14.06,14.38,14.74,-0.36,-2.4423,823757.05,1183011.432
002230.SZ,20230407,64.79,66.63,63.1,65.5,63.98,1.52,2.3757,692240.3,4501211.597
002231.SZ,20230407,7.19,7.29,7.12,7.26,7.19,0.07,0.9736,126215.5,91363.654
002232.SZ,20230407,19.3,19.75,18.97,19.35,20.2,-0.85,-4.2079,501488.04,968340.508
002233.SZ,20230407,7.53,7.53,7.45,7.52,7.49,0.03,0.4005,51379.5,38510.218
002234.SZ,20230407,20.49,20.86,20.29,20.61,20.5,0.11,0.5366,74806.6,153919.815
002235.SZ,20230407,7.68,7.86,7.66,7.8,7.69,0.11,1.4304,339169.61,262978.093
002236.SZ,20230407,25.23,27.43,25.11,27.0,25.23,1.77,7.0155,1018850.14,2677248.612
002237.SZ,20230407,12.41,12.7,12.35,12.63,12.58,0.05,0.3975,207685.55,260357.502
002238.SZ,20230407,7.82,7.87,7.66,7.85,7.77,0.08,1.0296,103619.88,80685.369
002239.SZ,20230407,2.68,2.73,2.66,2.71,2.67,0.04,1.4981,236104.28,63801.879
002240.SZ,20230407,33.38,33.7,33.2,33.24,33.45,-0.21,-0.6278,104993.38,350857.278
002241.SZ,20230407,23.35,23.35,22.83,23.02,23.49,-0.47,-2.0009,1609386.07,3705536.78
002242.SZ,20230407,15.79,16.35,15.77,16.11,15.79,0.32,2.0266,80130.26,129149.009
002243.SZ,20230407,9.43,9.67,9.36,9.66,9.37,0.29,3.095,181520.47,173509.192
002244.SZ,20230407,9.58,10.23,9.58,10.18,9.54,0.64,6.7086,358645.36,361309.688
002245.SZ,20230407,14.43,14.64,14.37,14.38,14.58,-0.2,-1.3717,321738.74,465576.337
002246.SZ,20230407,9.98,10.08,9.97,10.01,10.01,0.0,0.0,51816.0,51930.351
002247.SZ,20230407,2.49,2.54,2.46,2.52,2.49,0.03,1.2048,114066.04,28557.394
002248.SZ,20230407,10.2,10.25,10.0,10.07,10.18,-0.11,-1.0806,188508.0,190114.966
002249.SZ,20230407,5.16,5.18,5.12,5.16,5.12,0.04,0.7813,127383.0,65788.586
002250.SZ,20230407,13.82,14.07,13.8,13.81,13.82,-0.01,-0.0724,66232.04,92003.186
002251.SZ,20230407,5.94,5.95,5.89,5.92,5.95,-0.03,-0.5042,197483.92,116791.634
002252.SZ,20230407,6.51,6.54,6.45,6.49,6.49,0.0,0.0,329876.35,214499.711
002734.SZ,20230407,9.68,9.77,9.65,9.76,9.66,0.1,1.0352,16943.91,16488.093
002735.SZ,20230407,21.96,22.55,21.9,22.06,21.9,0.16,0.7306,24291.0,53687.874
002736.SZ,20230407,9.55,9.64,9.52,9.59,9.54,0.05,0.5241,84161.0,80698.026
002737.SZ,20230407,24.16,24.5,23.7,23.83,24.27,-0.44,-1.8129,83436.86,200177.478
002738.SZ,20230407,67.5,68.22,67.09,67.25,67.71,-0.46,-0.6794,87448.55,590423.356
002739.SZ,20230407,13.94,14.78,13.9,14.46,13.93,0.53,3.8047,340819.24,490376.218
002740.SZ,20230407,3.79,3.85,3.71,3.75,3.87,-0.12,-3.1008,189470.39,71465.961
002741.SZ,20230407,18.9,19.19,18.73,18.88,18.91,-0.03,-0.1586,24053.62,45727.532
002742.SZ,20230407,4.5,4.54,4.38,4.45,4.45,0.0,0.0,60778.0,26962.487
002743.SZ,20230407,5.53,5.55,5.5,5.53,5.53,0.0,0.0,46318.0,25577.952
002745.SZ,20230407,9.89,9.93,9.66,9.73,9.87,-0.14,-1.4184,166234.36,162189.557
002746.SZ,20230407,8.88,8.97,8.78,8.96,8.85,0.11,1.2429,100071.22,89046.769
002747.SZ,20230407,27.29,27.79,27.0,27.5,27.3,0.2,0.7326,84992.97,233010.569
002748.SZ,20230407,10.65,10.76,10.63,10.68,10.67,0.01,0.0937,11250.0,12038.974
002749.SZ,20230407,8.95,9.01,8.93,8.96,8.94,0.02,0.2237,5769.16,5172.027
002750.SZ,20230407,10.83,10.95,10.68,10.79,10.99,-0.2,-1.8198,61127.72,66146.957
002751.SZ,20230407,7.8,7.86,7.72,7.74,7.8,-0.06,-0.7692,19291.0,14987.297
002752.SZ,20230407,5.06,5.09,5.03,5.07,5.07,0.0,0.0,48785.95,24734.39
002753.SZ,20230407,7.82,7.85,7.78,7.85,7.83,0.02,0.2554,23299.0,18220.322
002755.SZ,20230407,9.24,10.09,9.17,10.09,9.17,0.92,10.0327,186576.77,184304.345
002756.SZ,20230407,83.47,84.29,83.31,83.82,83.86,-0.04,-0.0477,34487.65,289250.58
002757.SZ,20230407,16.3,16.37,15.61,15.91,16.19,-0.28,-1.7295,214546.24,339718.518
002758.SZ,20230407,13.13,13.24,13.02,13.21,13.13,0.08,0.6093,24054.15,31725.525
002759.SZ,20230407,16.55,16.65,16.41,16.45,16.47,-0.02,-0.1214,36830.02,60837.094
002760.SZ,20230407,23.23,23.37,21.87,22.36,23.16,-0.8,-3.4542,36585.0,82006.176
002761.SZ,20230407,17.92,18.5,17.76,18.42,17.93,0.49,2.7328,148189.5,272063.833
002762.SZ,20230407,11.18,11.23,11.0,11.03,11.18,-0.15,-1.3417,141097.76,155995.754
002763.SZ,20230407,7.34,7.41,7.33,7.39,7.35,0.04,0.5442,10872.2,8025.441
002765.SZ,20230407,7.7,7.77,7.66,7.74,7.73,0.01,0.1294,49270.04,38081.105
002766.SZ,20230407,5.56,5.67,5.56,5.63,5.56,0.07,1.259,65319.0,36733.527
002767.SZ,20230407,13.0,13.24,12.94,13.19,13.06,0.13,0.9954,17478.0,22966.434
002768.SZ,20230407,27.02,27.28,26.85,27.2,27.02,0.18,0.6662,14104.65,38230.559
002769.SZ,20230407,9.4,9.42,9.29,9.41,9.32,0.09,0.9657,29195.0,27341.599
300222.SZ,20230407,7.85,7.92,7.77,7.88,7.8,0.08,1.0256,96066.18,75332.53
300223.SZ,20230407,111.79,115.9,108.51,112.98,109.38,3.6,3.2913,345887.19,3876455.203
300224.SZ,20230407,12.73,12.75,12.63,12.71,12.73,-0.02,-0.1571,73480.0,93161.944
300225.SZ,20230407,7.05,7.07,6.76,6.83,7.14,-0.31,-4.3417,328340.79,224963.351
300226.SZ,20230407,42.56,45.82,41.53,45.32,42.52,2.8,6.5851,118921.54,529775.155
300227.SZ,20230407,8.21,8.32,8.19,8.29,8.23,0.06,0.729,94010.21,77667.38
300228.SZ,20230407,5.69,5.91,5.68,5.79,5.69,0.1,1.7575,200055.45,116203.671
300229.SZ,20230407,30.02,30.65,28.6,30.25,30.16,0.09,0.2984,1171602.35,3469888.563
300230.SZ,20230407,3.99,4.01,3.93,3.94,3.98,-0.04,-1.005,117850.72,46610.183
300231.SZ,20230407,9.84,10.13,9.61,10.07,9.8,0.27,2.7551,185424.6,184094.299
300232.SZ,20230407,7.75,7.87,7.55,7.81,7.69,0.12,1.5605,337786.23,261340.009
300233.SZ,20230407,22.11,22.57,22.09,22.26,22.11,0.15,0.6784,45585.0,101904.605
300234.SZ,20230407,5.67,6.2,5.65,5.84,5.7,0.14,2.4561,189159.74,112955.495
300235.SZ,20230407,14.83,17.8,14.56,17.33,14.83,2.5,16.8577,393995.2,662240.102
300236.SZ,20230407,42.9,43.1,41.33,41.77,42.86,-1.09,-2.5432,125572.75,526669.74
300237.SZ,20230407,2.05,2.1,2.04,2.1,2.04,0.06,2.9412,207095.46,43093.092
300238.SZ,20230407,12.47,12.77,12.31,12.68,12.49,0.19,1.5212,58827.19,73962.807
300239.SZ,20230407,6.74,6.81,6.72,6.8,6.74,0.06,0.8902,74458.0,50446.976
300240.SZ,20230407,6.74,6.82,6.72,6.82,6.74,0.08,1.1869,24421.78,16571.83
300241.SZ,20230407,5.9,5.96,5.83,5.94,5.92,0.02,0.3378,203860.49,120144.011
300242.SZ,20230407,3.99,4.06,3.85,4.04,3.95,0.09,2.2785,185701.0,73900.17
300243.SZ,20230407,8.05,8.33,8.02,8.3,8.04,0.26,3.2338,25091.4,20642.915
300244.SZ,20230407,27.96,29.11,27.88,28.6,28.09,0.51,1.8156,84625.25,241983.293
300245.SZ,20230407,10.22,10.53,9.98,10.5,10.16,0.34,3.3465,150203.0,154792.649
300246.SZ,20230407,16.08,16.42,16.0,16.32,16.1,0.22,1.3665,33014.5,53845.998
300247.SZ,20230407,3.58,3.68,3.54,3.67,3.58,0.09,2.514,151459.22,54931.531
300248.SZ,20230407,14.02,14.49,13.44,14.46,14.59,-0.13,-0.891,707131.8,982465.228
300249.SZ,20230407,12.65,13.08,12.46,12.97,12.88,0.09,0.6988,531359.44,679000.02
300250.SZ,20230407,19.3,20.85,18.88,20.8,19.32,1.48,7.6605,371866.1,746610.44
300251.SZ,20230407,9.49,9.96,9.21,9.53,9.41,0.12,1.2752,703566.17,671949.488
300252.SZ,20230407,11.05,11.85,10.88,11.12,10.85,0.27,2.4885,467680.41,528047.336
300253.SZ,20230407,14.01,15.47,13.62,14.97,14.31,0.66,4.6122,1313677.25,1920874.42
300254.SZ,20230407,6.43,6.6,6.41,6.58,6.44,0.14,2.1739,39119.37,25567.02
300255.SZ,20230407,5.56,5.63,5.55,5.6,5.55,0.05,0.9009,41101.2,23011.638
300256.SZ,20230407,2.96,3.01,2.94,2.99,2.97,0.02,0.6734,88076.92,26256.857
300257.SZ,20230407,17.6,18.13,17.32,17.44,17.6,-0.16,-0.9091,56109.86,98741.897
300258.SZ,20230407,10.69,10.8,10.65,10.75,10.68,0.07,0.6554,29420.65,31634.338
300259.SZ,20230407,3.61,3.68,3.59,3.68,3.6,0.08,2.2222,108948.81,39628.188
300260.SZ,20230407,75.2,81.0,75.2,78.63,74.75,3.88,5.1906,99838.33,788624.069
300261.SZ,20230407,11.52,11.63,11.42,11.59,11.51,0.08,0.695,128465.07,148381.874
300262.SZ,20230407,2.62,2.66,2.61,2.65,2.61,0.04,1.5326,41006.63,10830.173
300263.SZ,20230407,8.13,8.24,7.98,8.05,8.13,-0.08,-0.984,297459.18,240401.873
300610.SZ,20230407,12.5,12.63,12.43,12.59,12.5,0.09,0.72,14773.35,18572.902
300611.SZ,20230407,8.73,8.8,8.64,8.69,8.65,0.04,0.4624,14092.0,12274.33
300612.SZ,20230407,25.83,26.89,25.8,26.28,25.5,0.78,3.0588,208292.0,547190.989
300613.SZ,20230407,77.03,79.5,74.56,76.6,77.43,-0.83,-1.0719,78799.87,603069.907
300614.SZ,20230407,24.85,25.97,24.85,25.27,24.7,0.57,2.3077,17172.58,43596.283
300615.SZ,20230407,14.38,14.44,14.06,14.36,14.33,0.03,0.2094,22901.4,32715.235
300616.SZ,20230407,23.77,25.27,23.61,24.33,23.81,0.52,2.184,55659.12,136719.59
300617.SZ,20230407,35.32,35.87,35.32,35.8,35.3,0.5,1.4164,6529.1,23324.482
300618.SZ,20230407,42.29,42.46,42.15,42.16,42.15,0.01,0.0237,22345.18,94429.892
300619.SZ,20230407,61.27,63.2,60.89,61.23,61.35,-0.12,-0.1956,5373.0,33390.473
300620.SZ,20230407,55.0,55.45,51.95,52.67,55.01,-2.34,-4.2538,93453.13,496898.229
300621.SZ,20230407,9.79,9.89,9.65,9.76,9.65,0.11,1.1399,19616.5,19166.004
300622.SZ,20230407,21.49,21.74,21.16,21.5,21.49,0.01,0.0465,13180.0,28254.939
300623.SZ,20230407,24.5,24.68,24.11,24.36,24.49,-0.13,-0.5308,188954.66,459501.752
300624.SZ,20230407,70.02,75.15,68.03,73.38,68.63,4.75,6.9212,158104.88,1138415.687
300625.SZ,20230407,12.4,12.7,12.36,12.66,12.4,0.26,2.0968,13867.0,17401.533
300626.SZ,20230407,8.56,8.66,8.56,8.63,8.6,0.03,0.3488,13632.0,11742.11
300627.SZ,20230407,28.58,28.76,28.06,28.27,28.3,-0.03,-0.106,42288.42,119602.868
300628.SZ,20230407,70.76,72.72,69.14,72.32,70.52,1.8,2.5525,75915.1,543345.108
300629.SZ,20230407,25.32,25.65,24.8,25.43,25.44,-0.01,-0.0393,76009.43,191872.026
300630.SZ,20230407,27.15,28.7,27.09,28.35,27.32,1.03,3.7701,83804.82,237105.176
300631.SZ,20230407,33.15,35.38,33.15,34.92,32.26,2.66,8.2455,83050.65,288198.103
300632.SZ,20230407,13.16,13.17,12.94,13.09,13.22,-0.13,-0.9834,57843.29,75364.158
300633.SZ,20230407,55.82,58.15,55.5,56.28,55.36,0.92,1.6618,43606.78,247171.505
300634.SZ,20230407,24.75,26.43,24.6,25.95,24.76,1.19,4.8061,315718.24,811037.051
300635.SZ,20230407,13.1,13.18,13.0,13.1,13.05,0.05,0.3831,9221.0,12044.981
300636.SZ,20230407,13.46,13.56,13.32,13.47,13.42,0.05,0.3726,28319.5,38179.554
300637.SZ,20230407,8.71,8.71,8.48,8.57,8.71,-0.14,-1.6073,86330.0,73751.256
300638.SZ,20230407,27.0,27.0,25.73,26.28,27.41,-1.13,-4.1226,241125.36,632094.196
300639.SZ,20230407,17.19,17.46,17.15,17.43,17.26,0.17,0.9849,35060.83,60946.223
300640.SZ,20230407,5.9,5.99,5.87,5.97,5.91,0.06,1.0152,37147.05,22012.825
300641.SZ,20230407,5.38,5.4,5.33,5.39,5.36,0.03,0.5597,26011.0,13938.779
300642.SZ,20230407,23.7,24.31,23.49,24.2,23.79,0.41,1.7234,27815.97,66825.063
300643.SZ,20230407,13.16,13.3,13.11,13.29,13.14,0.15,1.1416,18292.0,24198.852
300644.SZ,20230407,16.87,16.87,16.6,16.84,16.75,0.09,0.5373,9653.6,16129.967
300645.SZ,20230407,32.77,33.41,32.0,33.4,32.63,0.77,2.3598,43515.0,143089.921
300647.SZ,20230407,7.95,7.95,7.84,7.91,7.92,-0.01,-0.1263,53582.0,42312.579
300648.SZ,20230407,36.66,37.0,36.25,36.3,36.25,0.05,0.1379,14187.0,51832.483
300649.SZ,20230407,18.49,18.68,18.37,18.6,18.52,0.08,0.432,13853.0,25766.235
300650.SZ,20230407,12.87,13.56,12.7,13.36,12.96,0.4,3.0864,172195.2,229123.009
300651.SZ,20230407,22.67,22.97,22.48,22.77,22.52,0.25,1.1101,9406.5,21370.5
300652.SZ,20230407,21.64,21.85,21.5,21.72,21.44,0.28,1.306,8546.62,18576.03
300964.SZ,20230407,52.72,53.93,51.1,52.8,54.92,-2.12,-3.8602,80938.7,424667.483
300965.SZ,20230407,47.24,47.8,47.12,47.7,47.23,0.47,0.9951,4474.85,21229.661
300966.SZ,20230407,25.59,26.28,25.41,26.06,25.47,0.59,2.3165,25538.17,66445.619
300967.SZ,20230407,19.36,19.4,15.87,18.25,19.81,-1.56,-7.8748,117962.53,217333.939
300968.SZ,20230407,9.56,9.65,9.49,9.64,9.63,0.01,0.1038,48076.54,45983.348
300969.SZ,20230407,62.0,63.2,61.5,62.32,61.81,0.51,0.8251,5955.22,37079.294
300970.SZ,20230407,19.56,19.99,19.5,19.9,19.53,0.37,1.8945,29973.65,59449.311
300971.SZ,20230407,24.89,25.35,24.7,24.78,24.96,-0.18,-0.7212,31121.56,77723.372
300972.SZ,20230407,28.06,28.87,27.58,27.72,28.05,-0.33,-1.1765,55296.83,155689.53
300973.SZ,20230407,100.56,101.5,98.6,99.6,100.56,-0.96,-0.9547,5134.0,51188.053
300975.SZ,20230407,7.46,7.49,7.35,7.47,7.46,0.01,0.134,71843.05,53254.214
300976.SZ,20230407,54.57,54.57,52.01,53.11,53.9,-0.79,-1.4657,10084.6,53210.616
300977.SZ,20230407,23.51,25.55,23.43,24.25,23.65,0.6,2.537,25875.58,63228.275
300978.SZ,20230407,11.91,12.15,11.88,12.14,11.91,0.23,1.9312,23305.0,28095.736
300979.SZ,20230407,49.32,51.0,49.2,50.91,49.18,1.73,3.5177,19807.85,99589.733
300980.SZ,20230407,20.57,20.95,20.4,20.82,20.51,0.31,1.5115,11954.5,24778.82
300981.SZ,20230407,21.89,22.97,21.83,22.91,21.94,0.97,4.4211,46123.4,104373.788
300982.SZ,20230407,58.09,60.77,57.9,58.91,58.19,0.72,1.2373,12764.68,75605.933
300983.SZ,20230407,30.79,30.99,30.73,30.89,30.69,0.2,0.6517,2336.33,7210.351
300984.SZ,20230407,23.8,23.84,23.37,23.55,23.96,-0.41,-1.7112,15272.2,35940.133
300985.SZ,20230407,29.84,31.52,28.84,29.05,30.2,-1.15,-3.8079,64253.1,194210.318
300986.SZ,20230407,40.56,41.98,40.23,40.57,40.5,0.07,0.1728,8997.65,37008.814
300987.SZ,20230407,18.65,19.28,18.26,19.2,18.52,0.68,3.6717,73253.96,138577.85
300988.SZ,20230407,21.17,21.54,21.17,21.3,21.17,0.13,0.6141,11168.0,23829.857
300989.SZ,20230407,21.75,22.27,21.5,22.09,21.59,0.5,2.3159,20017.86,43948.029
300990.SZ,20230407,75.5,76.88,75.11,75.6,75.95,-0.35,-0.4608,9046.78,68675.818
300991.SZ,20230407,15.15,15.15,14.62,14.79,15.15,-0.36,-2.3762,57839.56,85368.926
300992.SZ,20230407,19.25,19.48,19.25,19.4,19.25,0.15,0.7792,5753.0,11132.893
300993.SZ,20230407,12.85,13.02,12.72,12.98,12.84,0.14,1.0903,11578.54,14981.552
300994.SZ,20230407,22.6,23.0,22.56,22.76,22.66,0.1,0.4413,10562.0,24062.132
300995.SZ,20230407,20.26,21.39,20.26,20.86,20.46,0.4,1.955,6797.0,14038.535
300996.SZ,20230407,51.21,51.57,49.34,49.82,50.8,-0.98,-1.9291,33046.89,165563.233
300997.SZ,20230407,12.44,13.17,12.42,12.86,12.34,0.52,4.2139,46144.4,58980.15
300998.SZ,20230407,31.18,31.39,30.37,31.09,30.74,0.35,1.1386,10151.01,31465.259
300999.SZ,20230407,42.61,43.2,42.61,43.05,42.86,0.19,0.4433,42225.63,181612.762
301000.SZ,20230407,28.94,29.14,28.6,29.08,29.14,-0.06,-0.2059,3314.4,9588.453
301001.SZ,20230407,27.03,27.21,26.12,27.21,26.53,0.68,2.5631,49422.26,132778.926
301002.SZ,20230407,22.1,22.94,22.0,22.61,22.04,0.57,2.5862,13358.83,30009.093
301003.SZ,20230407,23.49,23.73,23.39,23.72,23.53,0.19,0.8075,6063.93,14347.165
301004.SZ,20230407,29.91,31.37,29.83,31.24,30.1,1.14,3.7874,13255.52,40837.314
301005.SZ,20230407,26.2,26.64,26.01,26.27,26.2,0.07,0.2672,7275.4,19106.745
301006.SZ,20230407,21.0,21.99,20.95,21.9,20.95,0.95,4.5346,11988.14,25889.808
301269.SZ,20230407,140.0,145.39,134.22,136.91,131.88,5.03,3.8141,110121.41,1530873.66
301270.SZ,20230407,45.4,45.68,43.53,45.33,45.1,0.23,0.51,31174.83,139172.748
301273.SZ,20230407,39.09,40.15,39.09,39.57,39.53,0.04,0.1012,3210.35,12718.923
301276.SZ,20230407,24.25,24.53,24.25,24.47,24.35,0.12,0.4928,3023.69,7390.692
301277.SZ,20230407,31.4,31.4,30.8,30.89,31.06,-0.17,-0.5473,30753.01,95405.047
301278.SZ,20230407,85.74,88.18,85.73,87.49,85.74,1.75,2.0411,9744.1,84994.797
301279.SZ,20230407,26.01,27.35,25.38,27.21,25.48,1.73,6.7896,13109.65,34777.642
301280.SZ,20230407,51.0,51.49,50.95,51.43,50.87,0.56,1.1008,4920.37,25237.828
301281.SZ,20230407,38.1,40.8,37.39,40.0,38.75,1.25,3.2258,61139.63,241228.539
301282.SZ,20230407,33.49,33.49,32.52,33.13,33.43,-0.3,-0.8974,42407.35,139487.682
301283.SZ,20230407,46.57,48.45,46.31,47.35,46.42,0.93,2.0034,9217.62,43738.65
301285.SZ,20230407,15.24,15.37,15.06,15.24,15.43,-0.19,-1.2314,69063.83,104801.526
301286.SZ,20230407,26.11,26.28,25.18,25.75,25.7,0.05,0.1946,12810.81,32702.961
301288.SZ,20230407,16.96,17.27,16.93,17.19,16.94,0.25,1.4758,6715.84,11521.307
301289.SZ,20230407,45.44,45.46,44.83,45.21,45.04,0.17,0.3774,5356.07,24150.18
301290.SZ,20230407,37.54,38.05,37.54,37.88,37.55,0.33,0.8788,6227.33,23556.863
301296.SZ,20230407,16.0,16.13,15.91,16.04,16.05,-0.01,-0.0623,6700.91,10744.24
301297.SZ,20230407,21.31,21.58,20.59,20.98,21.57,-0.59,-2.7353,146965.45,308573.685
301298.SZ,20230407,15.83,15.98,15.68,15.95,15.74,0.21,1.3342,7243.18,11494.545
301299.SZ,20230407,60.1,60.3,56.66,60.3,60.3,0.0,0.0,29358.33,171002.303
301300.SZ,20230407,32.68,32.96,32.53,32.66,32.68,-0.02,-0.0612,3856.33,12617.203
301301.SZ,20230407,9.58,9.75,9.48,9.66,9.59,0.07,0.7299,184100.12,177772.831
301302.SZ,20230407,66.8,67.49,65.54,66.98,66.2,0.78,1.1782,10152.4,67700.596
301303.SZ,20230407,24.15,24.38,24.13,24.21,24.29,-0.08,-0.3294,25358.36,61537.618
301306.SZ,20230407,40.9,43.55,40.53,42.19,40.9,1.29,3.154,18387.25,77986.119
301308.SZ,20230407,103.6,108.29,101.2,106.3,103.51,2.79,2.6954,107089.09,1121767.597
301309.SZ,20230407,27.3,27.65,27.3,27.6,27.46,0.14,0.5098,4181.66,11510.095
301311.SZ,20230407,19.8,19.84,19.56,19.67,19.87,-0.2,-1.0065,32716.65,64405.866
301312.SZ,20230407,127.0,131.0,123.08,123.88,125.6,-1.72,-1.3694,11912.0,149632.092
301313.SZ,20230407,39.25,40.35,38.21,39.97,39.13,0.84,2.1467,29086.62,114898.549
301314.SZ,20230407,71.85,72.55,70.64,71.89,72.0,-0.11,-0.1528,17975.88,129050.85
301316.SZ,20230407,29.08,29.86,28.03,29.36,29.08,0.28,0.9629,59356.64,172634.918
301317.SZ,20230407,26.55,26.88,25.58,25.73,26.59,-0.86,-3.2343,48373.97,125614.27
301318.SZ,20230407,53.86,56.64,53.03,55.95,53.9,2.05,3.8033,24497.75,135082.156
301319.SZ,20230407,57.65,60.26,57.65,59.75,57.65,2.1,3.6427,9729.8,57522.999
301321.SZ,20230407,21.09,21.26,20.96,21.22,21.18,0.04,0.1889,10660.51,22531.403
301322.SZ,20230407,121.56,125.0,120.6,123.0,122.17,0.83,0.6794,4378.92,54145.811
301326.SZ,20230407,42.0,42.8,40.58,41.77,44.42,-2.65,-5.9658,23569.62,98006.305
301327.SZ,20230407,142.0,145.9,142.0,143.29,142.57,0.72,0.505,8345.43,120149.198
301328.SZ,20230407,78.87,82.36,78.86,82.0,78.87,3.13,3.9686,7638.95,62025.314
301330.SZ,20230407,50.98,51.46,49.4,51.2,50.5,0.7,1.3861,61210.64,309508.019
301331.SZ,20230407,38.89,39.27,38.78,39.26,38.85,0.41,1.0553,7515.0,29404.342
301333.SZ,20230407,112.0,124.92,110.23,117.0,111.0,6.0,5.4054,5755.1,68912.099
600355.SH,20230407,3.64,3.66,3.56,3.65,3.62,0.03,0.8287,86089.34,31102.519
600356.SH,20230407,8.64,8.66,8.45,8.51,8.58,-0.07,-0.8159,45356.47,38600.947
600358.SH,20230407,6.2,6.42,6.17,6.38,6.19,0.19,3.0695,120295.01,76078.738
600359.SH,20230407,8.29,8.32,8.23,8.31,8.3,0.01,0.1205,36647.26,30360.531
600360.SH,20230407,8.03,8.03,7.84,7.96,8.0,-0.04,-0.5,393075.65,310977.777
600361.SH,20230407,6.04,6.1,5.94,6.04,5.95,0.09,1.5126,40378.3,24330.914
600362.SH,20230407,19.91,20.0,19.72,19.79,19.89,-0.1,-0.5028,78975.01,156644.474
600363.SH,20230407,35.23,35.36,34.3,35.05,35.2,-0.15,-0.4261,130486.39,454177.804
600365.SH,20230407,3.45,3.48,3.45,3.46,3.45,0.01,0.2899,10291.0,3563.647
600366.SH,20230407,9.68,9.7,9.6,9.63,9.67,-0.04,-0.4137,62399.3,60089.675
600367.SH,20230407,14.79,14.89,14.75,14.8,14.81,-0.01,-0.0675,22129.55,32802.03
600368.SH,20230407,4.05,4.06,3.97,3.99,4.04,-0.05,-1.2376,115900.79,46337.146
600369.SH,20230407,3.97,3.99,3.95,3.97,3.95,0.02,0.5063,162879.85,64630.64
600370.SH,20230407,2.92,2.95,2.92,2.94,2.92,0.02,0.6849,77501.0,22753.554
600371.SH,20230407,12.3,12.34,12.25,12.3,12.3,0.0,0.0,27493.6,33796.826
600372.SH,20230407,17.7,17.74,17.45,17.5,17.76,-0.26,-1.464,152763.44,267897.215
600373.SH,20230407,12.54,12.79,12.26,12.72,12.52,0.2,1.5974,191930.98,242461.367
600375.SH,20230407,7.11,7.31,7.07,7.16,7.08,0.08,1.1299,68636.92,49427.475
600376.SH,20230407,4.6,4.84,4.58,4.81,4.58,0.23,5.0218,240358.62,114235.522
600377.SH,20230407,8.49,8.49,8.4,8.41,8.45,-0.04,-0.4734,42810.55,36095.681
600378.SH,20230407,43.0,43.94,43.0,43.13,43.51,-0.38,-0.8734,7553.01,32690.127
600379.SH,20230407,11.58,11.8,11.45,11.47,11.4,0.07,0.614,53562.0,62235.471
600380.SH,20230407,13.3,14.0,13.29,13.85,13.34,0.51,3.8231,298473.66,410706.621
600381.SH,20230407,9.0,9.11,8.99,9.01,9.04,-0.03,-0.3319,53646.88,48502.814
600382.SH,20230407,4.5,4.56,4.48,4.55,4.51,0.04,0.8869,34004.59,15389.141
600383.SH,20230407,8.51,9.03,8.48,9.01,8.51,0.5,5.8754,1463528.89,1298665.194
600386.SH,20230407,4.47,4.52,4.37,4.5,4.45,0.05,1.1236,83818.53,37243.356
600387.SH,20230407,6.77,6.81,6.69,6.75,6.72,0.03,0.4464,58195.75,39259.324
600388.SH,20230407,17.85,18.4,17.85,18.33,17.99,0.34,1.8899,98857.14,179620.444
600389.SH,20230407,37.55,38.31,37.52,37.84,37.67,0.17,0.4513,26349.0,99964.372
600390.SH,20230407,5.36,5.37,5.31,5.33,5.34,-0.01,-0.1873,176587.17,94194.184
600391.SH,20230407,21.91,22.08,21.55,21.66,21.87,-0.21,-0.9602,90832.85,197112.825
600392.SH,20230407,14.57,14.67,14.5,14.54,14.62,-0.08,-0.5472,154974.76,225717.419
600393.SH,20230407,1.34,1.49,1.34,1.49,1.35,0.14,10.3704,972853.0,142136.753
600395.SH,20230407,7.26,7.26,7.19,7.22,7.25,-0.03,-0.4138,113942.02,82245.344
600396.SH,20230407,2.28,2.3,2.27,2.28,2.28,0.0,0.0,79160.0,18089.269
600397.SH,20230407,2.84,2.87,2.82,2.86,2.84,0.02,0.7042,73941.0,21048.745
600398.SH,20230407,6.17,6.21,6.15,6.17,6.15,0.02,0.3252,81640.01,50466.149
600399.SH,20230407,11.89,12.5,11.81,12.04,11.95,0.09,0.7531,287519.84,351511.89
600400.SH,20230407,3.49,3.52,3.48,3.51,3.5,0.01,0.2857,75966.1,26663.865
600403.SH,20230407,5.24,5.24,5.14,5.15,5.25,-0.1,-1.9048,83043.0,42928.749
600405.SH,20230407,6.76,7.07,6.74,6.99,6.79,0.2,2.9455,668249.53,464948.34
601607.SH,20230407,21.11,21.4,20.98,21.26,21.1,0.16,0.7583,113957.61,241965.413
601608.SH,20230407,3.99,4.05,3.93,3.94,3.99,-0.05,-1.2531,747874.14,296783.937
601609.SH,20230407,6.66,6.68,6.63,6.68,6.65,0.03,0.4511,33393.91,22242.849
601611.SH,20230407,8.5,8.53,8.39,8.42,8.49,-0.07,-0.8245,128827.0,108694.313
601615.SH,20230407,22.12,22.48,22.04,22.32,22.15,0.17,0.7675,207859.89,464693.486
601616.SH,20230407,3.49,3.52,3.47,3.51,3.49,0.02,0.5731,60128.0,21085.44
601618.SH,20230407,4.09,4.11,4.01,4.03,4.09,-0.06,-1.467,1008962.68,408363.062
601619.SH,20230407,4.51,4.53,4.48,4.52,4.51,0.01,0.2217,121318.87,54660.426
601628.SH,20230407,33.29,33.95,33.11,33.59,33.28,0.31,0.9315,68710.25,230829.545
601633.SH,20230407,26.72,27.34,26.68,27.27,26.81,0.46,1.7158,155080.57,419754.594
601636.SH,20230407,9.97,10.29,9.96,10.12,9.97,0.15,1.5045,246135.98,250372.99
601658.SH,20230407,4.7,4.72,4.67,4.69,4.7,-0.01,-0.2128,897428.44,420530.891
601665.SH,20230407,4.06,4.07,4.05,4.06,4.05,0.01,0.2469,110235.29,44735.971
601666.SH,20230407,10.08,10.17,9.96,10.06,10.34,-0.28,-2.7079,509003.78,512005.43
601668.SH,20230407,6.13,6.18,6.07,6.12,6.11,0.01,0.1637,1838821.27,1126096.319
601669.SH,20230407,7.3,7.35,7.24,7.28,7.32,-0.04,-0.5464,596297.65,434216.151
601677.SH,20230407,15.35,15.53,15.27,15.34,15.35,-0.01,-0.0651,115007.53,176645.341
601678.SH,20230407,5.52,5.54,5.48,5.51,5.51,0.0,0.0,148422.05,81748.438
601686.SH,20230407,6.11,6.13,6.08,6.09,6.09,0.0,0.0,28564.74,17421.895
601688.SH,20230407,13.79,13.93,13.68,13.87,13.8,0.07,0.5072,820868.01,1134288.712
601689.SH,20230407,57.33,60.16,57.22,59.01,57.83,1.18,2.0405,88509.02,523226.813
601696.SH,20230407,10.93,11.13,10.86,11.07,10.87,0.2,1.8399,359544.95,396652.595
601698.SH,20230407,21.2,22.04,21.2,21.55,21.7,-0.15,-0.6912,513281.69,1108173.397
601699.SH,20230407,21.34,21.34,20.22,20.46,21.21,-0.75,-3.5361,243641.94,501755.396
601700.SH,20230407,5.33,5.38,5.32,5.36,5.33,0.03,0.5629,68883.74,36868.183
601702.SH,20230407,13.22,13.24,12.72,12.93,13.22,-0.29,-2.1936,139817.22,179514.958
601717.SH,20230407,14.6,14.88,14.36,14.62,14.47,0.15,1.0366,90427.86,132856.651
601718.SH,20230407,3.21,3.23,3.19,3.19,3.21,-0.02,-0.6231,267443.0,85727.26
601727.SH,20230407,4.62,4.68,4.56,4.58,4.63,-0.05,-1.0799,365398.92,167772.785
601728.SH,20230407,6.87,7.12,6.76,6.98,6.92,0.06,0.8671,4017313.71,2779516.301
601766.SH,20230407,6.63,6.69,6.57,6.6,6.65,-0.05,-0.7519,805323.74,532616.095
601777.SH,20230407,3.6,3.71,3.6,3.68,3.6,0.08,2.2222,92834.67,34045.618
601778.SH,20230407,4.82,4.86,4.79,4.84,4.81,0.03,0.6237,194360.5,93955.943
601788.SH,20230407,15.54,15.8,15.44,15.68,15.58,0.1,0.6418,446488.24,698193.203
601789.SH,20230407,5.36,5.41,5.28,5.39,5.36,0.03,0.5597,462070.76,247196.709
601798.SH,20230407,7.76,7.9,7.58,7.62,7.44,0.18,2.4194,131554.0,101684.275
601799.SH,20230407,116.79,121.32,116.35,119.52,117.47,2.05,1.7451,10008.65,119722.038
601800.SH,20230407,11.5,11.59,11.16,11.25,11.59,-0.34,-2.9336,979490.72,1106370.062
601801.SH,20230407,6.34,6.35,6.19,6.28,6.32,-0.04,-0.6329,91646.47,57311.21
601808.SH,20230407,14.89,14.95,14.8,14.91,14.94,-0.03,-0.2008,36593.72,54453.243
601811.SH,20230407,11.99,12.25,11.76,12.19,11.9,0.29,2.437,41507.94,50014.661
601816.SH,20230407,5.25,5.26,5.2,5.23,5.26,-0.03,-0.5703,502727.25,262637.623
603960.SH,20230407,19.46,19.54,19.18,19.27,19.42,-0.15,-0.7724,29088.66,56243.721
603963.SH,20230407,11.97,12.06,11.8,11.86,12.06,-0.2,-1.6584,29817.47,35425.707
603966.SH,20230407,13.54,13.74,13.3,13.47,13.44,0.03,0.2232,48421.55,65429.405
603967.SH,20230407,9.85,9.97,9.77,9.95,9.85,0.1,1.0152,18358.4,18169.222
603968.SH,20230407,19.01,19.22,18.85,19.15,19.02,0.13,0.6835,12155.0,23214.348
603969.SH,20230407,4.58,4.69,4.57,4.66,4.63,0.03,0.6479,61934.8,28875.001
603970.SH,20230407,25.5,25.5,25.19,25.22,25.2,0.02,0.0794,6276.0,15849.086
603976.SH,20230407,20.01,20.3,19.92,20.2,20.12,0.08,0.3976,7233.4,14586.275
603977.SH,20230407,9.08,9.1,8.98,9.01,9.09,-0.08,-0.8801,31289.0,28231.709
603978.SH,20230407,19.3,19.46,19.2,19.32,19.25,0.07,0.3636,7273.0,14062.445
603979.SH,20230407,29.79,29.87,29.0,29.38,29.21,0.17,0.582,33402.74,98203.377
603980.SH,20230407,4.67,4.69,4.66,4.67,4.69,-0.02,-0.4264,27060.92,12639.772
603982.SH,20230407,17.25,17.49,17.17,17.49,17.23,0.26,1.509,20347.43,35349.422
603983.SH,20230407,36.98,37.18,36.0,37.0,37.06,-0.06,-0.1619,11019.0,40541.439
603985.SH,20230407,21.07,21.58,20.7,21.13,21.08,0.05,0.2372,36484.81,77406.518
603986.SH,20230407,136.51,142.51,135.41,138.6,134.5,4.1,3.0483,361413.28,4995710.323
603987.SH,20230407,15.22,15.54,15.18,15.35,15.2,0.15,0.9868,20518.65,31635.839
603988.SH,20230407,9.9,9.97,9.82,9.88,9.85,0.03,0.3046,17424.0,17174.665
603989.SH,20230407,24.87,24.91,24.44,24.82,24.75,0.07,0.2828,26429.62,65138.75
603990.SH,20230407,17.77,18.58,17.63,18.44,17.77,0.67,3.7704,66270.79,120800.201
603991.SH,20230407,37.84,38.58,37.84,38.07,37.84,0.23,0.6078,2113.0,8060.831
603992.SH,20230407,17.18,17.75,17.13,17.7,17.18,0.52,3.0268,15359.33,26948.144
603993.SH,20230407,5.97,6.09,5.86,5.89,5.97,-0.08,-1.34,1211776.45,724766.072
603995.SH,20230407,28.15,29.07,28.12,28.69,28.25,0.44,1.5575,24221.05,69443.866
603997.SH,20230407,13.61,13.7,13.35,13.39,13.52,-0.13,-0.9615,74291.0,100138.97
603998.SH,20230407,13.44,13.65,12.89,13.01,13.43,-0.42,-3.1273,169292.1,222191.747
603999.SH,20230407,6.21,6.38,6.1,6.31,6.19,0.12,1.9386,61519.6,38489.047
605001.SH,20230407,7.07,7.07,6.93,6.95,7.02,-0.07,-0.9972,45297.19,31626.37
605003.SH,20230407,19.38,19.51,19.27,19.31,19.36,-0.05,-0.2583,2650.75,5125.514
605005.SH,20230407,15.86,15.98,15.75,15.85,15.86,-0.01,-0.0631,8256.0,13061.293
605006.SH,20230407,8.83,8.9,8.82,8.88,8.87,0.01,0.1127,20232.62,17943.675
605007.SH,20230407,15.76,16.06,15.69,16.06,15.75,0.31,1.9683,17628.36,28121.46
605008.SH,20230407,15.51,15.57,15.33,15.33,15.5,-0.17,-1.0968,11986.4,18486.435
605009.SH,20230407,44.78,45.44,44.58,45.25,44.79,0.46,1.027,5351.46,24036.635
605011.SH,20230407,14.93,15.25,14.93,15.19,14.99,0.2,1.3342,7045.0,10666.377
605016.SH,20230407,28.81,30.2,28.51,29.05,28.91,0.14,0.4843,17614.5,51572.815
605018.SH,20230407,10.76,10.86,10.75,10.79,10.79,0.0,0.0,9793.0,10591.32
605020.SH,20230407,44.79,46.53,44.19,46.25,44.98,1.27,2.8235,34906.0,160358.575
605028.SH,20230407,17.4,17.61,17.4,17.51,17.62,-0.11,-0.6243,6532.0,11445.136
605033.SH,20230407,17.54,17.81,17.4,17.79,17.5,0.29,1.6571,7610.57,13483.313
605050.SH,20230407,12.9,13.04,12.89,13.02,12.94,0.08,0.6182,8128.0,10557.115
605055.SH,20230407,5.98,6.17,5.97,6.14,5.98,0.16,2.6756,32819.0,19965.147
000423.SZ,20230407,53.5,54.24,51.73,52.35,53.3,-0.95,-1.7824,57259.83,300637.371
000425.SZ,20230407,7.08,7.08,6.94,6.96,7.07,-0.11,-1.5559,469643.74,328064.43
000426.SZ,20230407,8.14,8.17,8.03,8.13,8.15,-0.02,-0.2454,155419.37,125828.205
000428.SZ,20230407,5.38,5.52,5.36,5.45,5.4,0.05,0.9259,298954.58,163496.582
000429.SZ,20230407,7.71,7.74,7.65,7.7,7.69,0.01,0.13,23657.92,18200.304
000430.SZ,20230407,8.52,8.69,8.45,8.67,8.52,0.15,1.7606,104586.0,89981.405
000488.SZ,20230407,5.28,5.28,5.25,5.26,5.27,-0.01,-0.1898,89463.17,47073.786
000498.SZ,20230407,7.51,7.55,7.42,7.45,7.49,-0.04,-0.534,85705.16,64035.668
000501.SZ,20230407,11.57,11.61,11.48,11.57,11.59,-0.02,-0.1726,69905.49,80660.959
000503.SZ,20230407,12.85,13.44,12.12,13.05,12.58,0.47,3.7361,947192.12,1218558.184
000504.SZ,20230407,11.72,11.96,11.65,11.89,11.8,0.09,0.7627,25434.01,30094.311
000505.SZ,20230407,8.28,8.37,8.24,8.28,8.3,-0.02,-0.241,77427.4,64138.706
000506.SZ,20230407,5.16,5.22,4.99,5.09,5.43,-0.34,-6.2615,1318397.6,671291.915
000507.SZ,20230407,5.61,5.63,5.58,5.62,5.61,0.01,0.1783,54392.94,30529.353
000509.SZ,20230407,3.87,3.96,3.85,3.94,3.88,0.06,1.5464,74410.5,29094.765
000510.SZ,20230407,6.28,6.31,6.23,6.28,6.29,-0.01,-0.159,62112.42,38977.624
000513.SZ,20230407,37.3,38.2,37.15,37.66,37.25,0.41,1.1007,81587.79,308748.948
000514.SZ,20230407,4.03,4.23,4.03,4.19,4.03,0.16,3.9702,150786.84,62720.797
000516.SZ,20230407,10.0,10.95,10.0,10.95,9.95,1.0,10.0503,771457.31,817637.135
000517.SZ,20230407,2.83,2.91,2.82,2.91,2.82,0.09,3.1915,164823.0,47599.024
000518.SZ,20230407,2.91,2.97,2.89,2.94,2.91,0.03,1.0309,92430.01,27197.638
000519.SZ,20230407,21.95,22.16,21.86,22.11,22.06,0.05,0.2267,263452.91,580717.005
000520.SZ,20230407,3.27,3.33,3.26,3.32,3.27,0.05,1.5291,86828.55,28632.386
000521.SZ,20230407,5.53,5.56,5.43,5.45,5.52,-0.07,-1.2681,150610.09,82439.757
000523.SZ,20230407,3.27,3.36,3.27,3.32,3.26,0.06,1.8405,91415.6,30309.551
000524.SZ,20230407,11.73,12.19,11.7,12.05,11.73,0.32,2.728,105218.28,126208.336
000525.SZ,20230407,9.83,9.95,9.7,9.88,9.78,0.1,1.0225,45205.0,44586.951
000526.SZ,20230407,17.56,18.18,17.55,17.93,17.56,0.37,2.1071,23139.0,41408.856
000528.SZ,20230407,6.75,6.79,6.72,6.75,6.73,0.02,0.2972,52895.24,35728.111
000529.SZ,20230407,7.99,8.01,7.9,7.95,7.98,-0.03,-0.3759,73530.41,58379.226
000530.SZ,20230407,4.57,4.64,4.54,4.63,4.55,0.08,1.7582,56711.23,26169.212
000531.SZ,20230407,6.15,6.26,6.13,6.2,6.17,0.03,0.4862,24012.83,14920.468
000532.SZ,20230407,11.27,11.37,11.2,11.37,11.27,0.1,0.8873,26489.97,29949.009
000533.SZ,20230407,4.01,4.05,3.99,4.02,4.01,0.01,0.2494,61282.0,24660.921
000534.SZ,20230407,16.42,16.57,16.33,16.39,16.36,0.03,0.1834,30021.0,49278.299
000536.SZ,20230407,2.2,2.21,2.16,2.19,2.19,0.0,0.0,301184.9,65831.273
000537.SZ,20230407,11.17,11.54,11.15,11.41,11.1,0.31,2.7928,120920.7,137627.262
000538.SZ,20230407,55.49,56.0,55.17,55.91,55.5,0.41,0.7387,57580.3,321022.579
000539.SZ,20230407,5.65,5.92,5.61,5.92,5.72,0.2,3.4965,349061.42,201976.516
000540.SZ,20230407,1.02,1.07,1.02,1.06,1.03,0.03,2.9126,988589.33,103743.027
000541.SZ,20230407,5.72,5.74,5.65,5.68,5.72,-0.04,-0.6993,95571.41,54222.745
000543.SZ,20230407,4.98,5.06,4.93,5.04,4.97,0.07,1.4085,238448.22,119127.063
002253.SZ,20230407,17.46,17.86,17.22,17.61,17.44,0.17,0.9748,175640.28,309462.119
002254.SZ,20230407,23.22,23.51,22.83,23.33,23.2,0.13,0.5603,57007.32,132549.033
002255.SZ,20230407,5.57,5.64,5.49,5.5,5.57,-0.07,-1.2567,121109.0,67231.133
002256.SZ,20230407,2.6,2.6,2.57,2.58,2.6,-0.02,-0.7692,147138.0,37993.977
002258.SZ,20230407,15.47,15.73,15.47,15.59,15.53,0.06,0.3863,69770.35,108867.366
002259.SZ,20230407,3.54,3.57,3.48,3.49,3.55,-0.06,-1.6901,29422.0,10350.734
002261.SZ,20230407,14.91,15.15,14.24,14.96,14.89,0.07,0.4701,1708386.68,2535408.834
002262.SZ,20230407,25.51,26.5,25.16,26.18,25.39,0.79,3.1115,58690.08,153240.518
002263.SZ,20230407,2.75,2.83,2.74,2.8,2.74,0.06,2.1898,118748.06,33134.654
002264.SZ,20230407,6.13,6.29,6.08,6.22,6.11,0.11,1.8003,186641.61,115753.935
002265.SZ,20230407,13.8,13.8,13.63,13.65,13.71,-0.06,-0.4376,22290.34,30518.975
002266.SZ,20230407,4.01,4.03,3.99,3.99,4.01,-0.02,-0.4988,128764.92,51585.138
002267.SZ,20230407,7.35,7.41,7.33,7.4,7.36,0.04,0.5435,43571.34,32166.321
002268.SZ,20230407,43.1,43.1,41.72,42.24,42.79,-0.55,-1.2853,386487.44,1631311.894
002269.SZ,20230407,1.77,1.79,1.76,1.78,1.77,0.01,0.565,133930.63,23826.958
002270.SZ,20230407,9.41,9.41,9.18,9.29,9.4,-0.11,-1.1702,138307.68,128095.402
002271.SZ,20230407,34.97,36.58,34.79,36.01,35.07,0.94,2.6804,250959.67,903953.727
002272.SZ,20230407,6.6,7.0,6.57,6.79,6.41,0.38,5.9282,379219.24,260191.763
002273.SZ,20230407,14.06,14.12,13.9,14.02,13.96,0.06,0.4298,161940.1,227335.915
002274.SZ,20230407,7.77,7.84,7.73,7.8,7.78,0.02,0.2571,37669.41,29416.06
002275.SZ,20230407,18.25,18.55,17.68,18.01,18.32,-0.31,-1.6921,62739.31,112724.961
002276.SZ,20230407,9.88,9.95,9.79,9.9,9.87,0.03,0.304,131027.84,129106.909
002277.SZ,20230407,3.53,3.55,3.52,3.54,3.52,0.02,0.5682,70700.97,25023.045
002278.SZ,20230407,5.24,5.33,5.24,5.29,5.24,0.05,0.9542,51867.53,27470.912
002279.SZ,20230407,8.37,8.5,8.34,8.39,8.36,0.03,0.3589,330049.7,277651.731
002280.SZ,20230407,4.04,4.16,3.94,4.1,4.04,0.06,1.4851,957797.8,388717.477
002281.SZ,20230407,28.51,28.66,27.75,28.41,28.51,-0.1,-0.3508,362509.2,1023684.409
002282.SZ,20230407,7.8,7.85,7.77,7.78,7.86,-0.08,-1.0178,67438.17,52622.775
002283.SZ,20230407,5.54,5.61,5.51,5.58,5.53,0.05,0.9042,82882.87,46195.666
002284.SZ,20230407,7.72,8.06,7.71,8.02,7.73,0.29,3.7516,116902.12,92399.0
002285.SZ,20230407,2.87,3.04,2.87,2.99,2.87,0.12,4.1812,375503.58,111682.123
002286.SZ,20230407,9.01,9.21,8.98,9.17,8.99,0.18,2.0022,55049.0,50163.482
002287.SZ,20230407,26.0,26.46,25.75,26.2,26.09,0.11,0.4216,24807.4,64997.427
002288.SZ,20230407,5.5,5.5,5.4,5.47,5.5,-0.03,-0.5455,164656.56,89487.415
002289.SZ,20230407,8.49,8.6,8.4,8.56,8.42,0.14,1.6627,23597.0,20075.649
002290.SZ,20230407,9.44,9.5,9.31,9.5,9.41,0.09,0.9564,15841.21,14939.682
002291.SZ,20230407,15.81,16.75,15.58,16.67,15.6,1.07,6.859,470907.39,768179.739
002292.SZ,20230407,6.56,7.08,6.56,7.08,6.44,0.64,9.9379,868748.87,596675.099
002293.SZ,20230407,12.05,12.14,11.93,12.01,11.93,0.08,0.6706,16022.1,19275.989
002294.SZ,20230407,35.71,38.05,35.5,37.7,35.5,2.2,6.1972,73415.16,274086.92
002295.SZ,20230407,6.88,6.96,6.82,6.92,6.88,0.04,0.5814,34454.0,23805.58
002296.SZ,20230407,8.73,9.02,8.64,8.95,8.71,0.24,2.7555,158272.12,140478.002
002771.SZ,20230407,13.89,14.21,13.62,14.2,13.79,0.41,2.9732,114116.9,159595.715
002772.SZ,20230407,9.06,9.55,9.01,9.48,8.95,0.53,5.9218,244558.51,229412.59
002773.SZ,20230407,18.6,18.74,18.43,18.69,18.48,0.21,1.1364,57827.18,107780.86
002774.SZ,20230407,7.05,7.16,7.01,7.09,7.05,0.04,0.5674,15964.0,11323.775
002775.SZ,20230407,3.81,3.83,3.75,3.82,3.81,0.01,0.2625,56397.16,21441.099
002776.SZ,20230407,2.7,2.76,2.7,2.7,2.84,-0.14,-4.9296,61389.0,16586.313
002777.SZ,20230407,38.74,41.06,37.97,41.06,37.33,3.73,9.992,177514.46,700948.589
002778.SZ,20230407,15.33,15.41,15.18,15.2,15.33,-0.13,-0.848,6546.8,10000.589
002779.SZ,20230407,24.96,25.01,24.82,24.92,24.96,-0.04,-0.1603,2508.0,6250.557
002780.SZ,20230407,12.13,12.5,12.05,12.36,12.08,0.28,2.3179,28534.85,35014.051
002781.SZ,20230407,2.53,2.7,2.53,2.7,2.57,0.13,5.0584,57782.87,15378.365
002782.SZ,20230407,17.08,17.35,16.85,17.28,17.07,0.21,1.2302,65199.49,112101.192
002783.SZ,20230407,8.74,8.79,8.7,8.76,8.69,0.07,0.8055,39587.0,34620.575
002785.SZ,20230407,20.77,21.18,20.54,20.83,20.71,0.12,0.5794,41891.43,87787.167
002786.SZ,20230407,6.03,6.09,5.96,5.96,6.03,-0.07,-1.1609,129610.0,77854.392
002787.SZ,20230407,8.29,9.15,8.2,8.98,8.33,0.65,7.8031,220989.0,192148.366
002788.SZ,20230407,9.43,9.5,9.37,9.43,9.42,0.01,0.1062,42516.47,40190.653
002789.SZ,20230407,14.55,14.97,14.46,14.78,14.69,0.09,0.6127,18547.5,27378.248
002790.SZ,20230407,9.6,9.97,9.56,9.8,9.6,0.2,2.0833,44059.08,43363.137
002791.SZ,20230407,84.15,86.51,83.71,83.96,84.16,-0.2,-0.2376,19092.17,162252.164
002792.SZ,20230407,16.14,16.14,15.41,15.67,15.9,-0.23,-1.4465,194191.07,304306.783
002793.SZ,20230407,7.1,7.3,7.07,7.27,7.1,0.17,2.3944,41649.6,30054.32
002795.SZ,20230407,13.28,13.58,12.85,13.31,13.28,0.03,0.2259,125661.6,164896.006
002796.SZ,20230407,12.51,12.55,11.9,11.92,12.76,-0.84,-6.5831,285524.49,344288.173
002797.SZ,20230407,6.0,6.07,5.97,6.05,5.98,0.07,1.1706,370325.4,223685.088
002798.SZ,20230407,7.4,7.58,7.39,7.54,7.4,0.14,1.8919,23017.45,17340.695
002799.SZ,20230407,12.93,13.13,12.77,13.11,12.89,0.22,1.7067,31772.28,41292.744
002800.SZ,20230407,24.0,24.39,23.8,24.11,24.1,0.01,0.0415,32943.04,79269.99
002801.SZ,20230407,25.35,25.85,25.2,25.75,25.25,0.5,1.9802,8043.5,20487.088
002802.SZ,20230407,14.36,14.64,14.27,14.57,14.32,0.25,1.7458,10052.9,14599.94
002803.SZ,20230407,19.78,20.28,19.46,20.08,19.64,0.44,2.2403,225737.23,449481.776
002805.SZ,20230407,31.86,32.49,31.72,31.95,31.72,0.23,0.7251,33251.78,106682.2
002806.SZ,20230407,11.54,11.67,11.5,11.61,11.55,0.06,0.5195,20611.0,23942.124
002807.SZ,20230407,4.0,4.01,3.98,4.01,3.99,0.02,0.5013,142485.57,56953.094
002808.SZ,20230407,14.56,14.8,14.32,14.75,14.58,0.17,1.166,151641.0,221465.521
002809.SZ,20230407,9.87,10.05,9.8,9.98,9.82,0.16,1.6293,23751.0,23713.918
002810.SZ,20230407,21.92,22.26,21.82,22.2,21.91,0.29,1.3236,29595.29,65403.397
002811.SZ,20230407,7.42,7.52,7.38,7.48,7.42,0.06,0.8086,8391.0,6261.508
002812.SZ,20230407,111.3,114.28,110.6,111.83,111.3,0.53,0.4762,59957.35,674581.575
002813.SZ,20230407,32.46,33.5,32.03,33.1,32.47,0.63,1.9403,14480.1,47534.97
002815.SZ,20230407,13.84,13.84,12.79,12.85,13.6,-0.75,-5.5147,301027.5,390080.646
002816.SZ,20230407,10.85,11.39,10.71,11.04,10.85,0.19,1.7512,70307.49,77850.547
300264.SZ,20230407,6.91,7.13,6.64,7.09,6.86,0.23,3.3528,266631.0,184802.521
300265.SZ,20230407,9.28,9.46,9.21,9.43,9.29,0.14,1.507,45550.0,42701.417
300266.SZ,20230407,3.4,3.42,3.38,3.4,3.39,0.01,0.295,120245.5,40859.044
300267.SZ,20230407,3.32,3.4,3.3,3.4,3.31,0.09,2.719,172364.98,58042.35
300269.SZ,20230407,4.34,4.39,4.27,4.38,4.36,0.02,0.4587,137496.0,59678.513
300270.SZ,20230407,7.02,7.3,6.87,7.3,7.01,0.29,4.1369,75174.0,53734.132
300271.SZ,20230407,10.61,10.84,10.41,10.83,10.63,0.2,1.8815,239190.9,254538.564
300272.SZ,20230407,5.64,5.69,5.6,5.66,5.6,0.06,1.0714,39305.39,22183.539
300273.SZ,20230407,2.6,2.66,2.43,2.49,2.42,0.07,2.8926,443967.77,112319.384
300274.SZ,20230407,100.0,101.68,98.87,99.46,101.07,-1.61,-1.593,169032.61,1691335.49
300275.SZ,20230407,22.45,25.64,22.3,25.31,22.39,2.92,13.0415,175500.0,426249.602
300276.SZ,20230407,3.61,3.63,3.57,3.62,3.6,0.02,0.5556,86071.12,31013.877
300277.SZ,20230407,8.03,8.2,7.94,8.16,8.03,0.13,1.6189,48530.0,39275.101
300278.SZ,20230407,4.38,4.4,4.33,4.38,4.35,0.03,0.6897,88470.91,38657.264
300279.SZ,20230407,5.84,5.99,5.8,5.93,5.81,0.12,2.0654,86732.0,51040.841
300280.SZ,20230407,23.03,24.22,22.36,23.58,22.74,0.84,3.6939,100291.02,233977.416
300281.SZ,20230407,5.16,5.24,5.15,5.21,5.17,0.04,0.7737,31455.9,16344.819
300282.SZ,20230407,5.1,5.21,5.09,5.12,5.13,-0.01,-0.1949,19331.0,9934.364
300283.SZ,20230407,5.53,5.58,5.46,5.56,5.5,0.06,1.0909,42160.0,23325.581
300284.SZ,20230407,6.08,6.08,6.03,6.05,6.05,0.0,0.0,69497.48,42047.724
300285.SZ,20230407,29.68,30.28,29.41,29.72,29.5,0.22,0.7458,29571.32,88190.644
300286.SZ,20230407,38.8,39.9,38.31,39.43,38.5,0.93,2.4156,12917.5,50797.55
300287.SZ,20230407,4.39,4.6,4.29,4.55,4.35,0.2,4.5977,926655.77,414047.374
300288.SZ,20230407,14.4,17.28,14.16,17.28,14.4,2.88,20.0,629297.02,1021838.001
300289.SZ,20230407,5.85,5.9,5.83,5.89,5.83,0.06,1.0292,40486.01,23747.741
300290.SZ,20230407,5.46,5.85,5.33,5.79,5.4,0.39,7.2222,681676.29,385921.268
300291.SZ,20230407,7.05,7.3,6.88,7.18,7.1,0.08,1.1268,381672.77,271433.251
300292.SZ,20230407,3.71,3.83,3.64,3.83,3.7,0.13,3.5135,514542.0,193367.101
300293.SZ,20230407,12.55,13.06,12.36,12.74,12.67,0.07,0.5525,260010.43,331648.055
300294.SZ,20230407,36.02,36.77,35.97,36.74,36.02,0.72,1.9989,39808.86,145646.626
300295.SZ,20230407,11.16,11.65,10.91,11.6,11.17,0.43,3.8496,147345.38,167578.561
300296.SZ,20230407,7.03,7.07,6.94,7.02,7.08,-0.06,-0.8475,362684.0,253886.314
300297.SZ,20230407,0.96,0.96,0.91,0.92,0.95,-0.03,-3.1579,576056.97,53552.526
300298.SZ,20230407,30.35,31.75,30.03,30.51,30.11,0.4,1.3285,66024.28,204093.586
300299.SZ,20230407,10.31,11.0,9.5,10.7,10.12,0.58,5.7312,1270770.88,1297709.587
300300.SZ,20230407,4.9,5.05,4.8,5.02,4.89,0.13,2.6585,202202.16,100330.828
300301.SZ,20230407,1.89,1.9,1.88,1.9,1.9,0.0,0.0,69051.05,13048.095
300302.SZ,20230407,11.15,11.65,10.63,11.59,11.21,0.38,3.3898,575674.6,640384.771
300303.SZ,20230407,6.11,6.17,5.8,5.91,6.19,-0.28,-4.5234,1834680.14,1087299.42
300304.SZ,20230407,4.65,4.78,4.64,4.75,4.65,0.1,2.1505,66964.2,31618.05
300305.SZ,20230407,11.81,11.91,11.79,11.81,11.81,0.0,0.0,15588.0,18449.967
300653.SZ,20230407,44.49,46.32,44.49,46.22,44.49,1.73,3.8885,22408.16,102990.733
300654.SZ,20230407,12.37,13.18,12.04,12.77,12.36,0.41,3.3172,160032.5,202938.964
300655.SZ,20230407,24.82,25.22,24.25,24.81,24.98,-0.17,-0.6805,547090.45,1347789.213
300656.SZ,20230407,40.01,41.04,39.36,39.78,40.01,-0.23,-0.5749,37716.14,150857.346
300657.SZ,20230407,14.52,14.73,13.65,14.48,14.71,-0.23,-1.5636,257506.43,364669.525
300658.SZ,20230407,8.25,8.35,8.23,8.31,8.22,0.09,1.0949,17138.5,14226.782
300659.SZ,20230407,34.65,35.26,33.1,34.7,35.04,-0.34,-0.9703,132120.72,450861.66
300660.SZ,20230407,28.6,28.96,28.4,28.76,28.4,0.36,1.2676,40333.85,115573.202
300661.SZ,20230407,166.0,167.64,164.8,166.49,165.02,1.47,0.8908,39739.98,661357.025
300662.SZ,20230407,43.37,43.93,42.9,43.4,42.85,0.55,1.2835,11864.0,51613.657
300663.SZ,20230407,17.0,17.74,16.83,17.71,16.98,0.73,4.2992,436434.15,763193.693
300664.SZ,20230407,5.44,5.52,5.41,5.51,5.44,0.07,1.2868,50798.0,27823.844
300665.SZ,20230407,7.99,8.01,7.91,7.98,7.95,0.03,0.3774,27065.57,21567.49
300666.SZ,20230407,81.5,83.34,80.03,82.0,81.17,0.83,1.0225,152534.38,1246963.391
300667.SZ,20230407,18.43,19.19,18.33,19.08,18.43,0.65,3.5269,62147.5,116936.593
300668.SZ,20230407,21.02,21.43,20.54,21.43,20.88,0.55,2.6341,10167.0,21373.799
300669.SZ,20230407,10.3,10.44,10.28,10.31,10.29,0.02,0.1944,27827.85,28785.703
300670.SZ,20230407,7.67,7.68,7.59,7.64,7.64,0.0,0.0,16507.1,12591.95
300671.SZ,20230407,60.4,61.7,58.45,59.25,60.4,-1.15,-1.904,124855.43,744743.809
300672.SZ,20230407,114.25,115.88,109.31,112.51,114.04,-1.53,-1.3416,130984.77,1465149.838
300673.SZ,20230407,17.25,17.49,17.03,17.44,17.14,0.3,1.7503,20993.3,36404.937
300674.SZ,20230407,21.81,21.81,21.09,21.41,22.08,-0.67,-3.0344,413004.54,881446.307
300675.SZ,20230407,15.46,15.7,15.41,15.56,15.57,-0.01,-0.0642,27845.0,43260.943
300676.SZ,20230407,74.17,76.76,73.43,73.92,75.5,-1.58,-2.0927,134590.52,1005413.159
300677.SZ,20230407,26.66,27.49,26.56,27.37,26.7,0.67,2.5094,148340.63,404097.954
300678.SZ,20230407,24.51,24.96,23.65,24.75,24.27,0.48,1.9778,123117.51,300716.868
300679.SZ,20230407,33.65,34.75,33.65,34.65,33.84,0.81,2.3936,44795.5,154409.936
300680.SZ,20230407,20.5,20.86,20.39,20.62,20.49,0.13,0.6345,17576.66,36346.21
300681.SZ,20230407,33.1,33.36,32.55,32.76,32.88,-0.12,-0.365,25596.8,84201.936
300682.SZ,20230407,25.37,25.61,25.02,25.37,25.28,0.09,0.356,87504.48,221753.778
300683.SZ,20230407,37.48,39.39,37.48,38.67,37.42,1.25,3.3405,15325.16,59361.563
300684.SZ,20230407,19.46,19.5,18.7,18.86,19.45,-0.59,-3.0334,107278.7,203436.225
300685.SZ,20230407,27.79,28.28,27.48,28.05,27.59,0.46,1.6673,18440.54,51502.371
300686.SZ,20230407,11.99,12.02,11.76,11.97,11.92,0.05,0.4195,28873.0,34390.477
300687.SZ,20230407,35.49,37.5,35.26,37.29,35.49,1.8,5.0719,140368.16,511915.214
300688.SZ,20230407,30.41,33.09,29.77,32.0,30.54,1.46,4.7806,343413.27,1085263.863
300689.SZ,20230407,22.5,22.65,21.73,22.03,22.66,-0.63,-2.7802,47371.9,103888.708
300690.SZ,20230407,16.79,16.99,16.7,16.82,16.83,-0.01,-0.0594,14356.0,24148.072
300691.SZ,20230407,16.2,16.65,15.8,16.61,16.16,0.45,2.7847,99772.15,162095.018
300692.SZ,20230407,6.93,6.96,6.89,6.91,6.94,-0.03,-0.4323,41729.2,28861.421
300693.SZ,20230407,55.93,56.99,54.89,55.06,56.92,-1.86,-3.2677,103497.96,574823.516
300694.SZ,20230407,10.07,10.19,10.06,10.16,10.09,0.07,0.6938,26225.68,26587.588
301007.SZ,20230407,11.84,12.0,11.83,11.92,11.87,0.05,0.4212,15429.0,18370.943
301008.SZ,20230407,27.14,27.31,26.86,27.25,27.14,0.11,0.4053,5992.6,16230.522
301009.SZ,20230407,11.72,12.2,11.72,12.13,11.8,0.33,2.7966,19678.24,23693.902
301010.SZ,20230407,20.52,21.58,20.2,21.09,20.73,0.36,1.7366,47538.42,99233.221
301011.SZ,20230407,30.32,31.65,30.32,31.28,30.21,1.07,3.5419,15173.13,47222.512
301012.SZ,20230407,35.15,35.8,34.4,35.8,35.15,0.65,1.8492,26380.29,92318.482
301013.SZ,20230407,11.24,11.52,11.06,11.38,11.15,0.23,2.0628,53804.5,60639.68
301015.SZ,20230407,26.3,26.86,26.17,26.79,26.22,0.57,2.1739,10498.89,27971.834
301016.SZ,20230407,20.79,21.13,20.6,21.01,20.78,0.23,1.1068,7301.52,15306.584
301017.SZ,20230407,20.87,21.26,20.75,21.18,20.9,0.28,1.3397,26980.75,56846.069
301018.SZ,20230407,41.28,42.79,40.6,42.35,41.96,0.39,0.9295,71745.67,299856.258
301019.SZ,20230407,20.2,20.27,20.05,20.27,20.16,0.11,0.5456,3725.5,7504.137
301020.SZ,20230407,19.97,20.42,19.95,20.35,20.0,0.35,1.75,10049.0,20321.592
301021.SZ,20230407,26.9,27.68,26.9,27.62,26.97,0.65,2.4101,38251.95,104768.154
301022.SZ,20230407,29.3,29.48,29.19,29.48,29.3,0.18,0.6143,2506.0,7350.035
301023.SZ,20230407,41.39,41.45,40.8,41.32,41.2,0.12,0.2913,3286.0,13552.89
301024.SZ,20230407,24.49,24.49,24.11,24.26,24.31,-0.05,-0.2057,2864.5,6955.322
301025.SZ,20230407,12.31,13.17,12.2,12.98,12.3,0.68,5.5285,140537.21,179799.675
301026.SZ,20230407,41.17,41.83,39.9,40.41,41.63,-1.22,-2.9306,12457.62,50302.302
301027.SZ,20230407,13.99,14.15,13.94,14.1,13.96,0.14,1.0029,20186.56,28439.99
301028.SZ,20230407,9.93,10.13,9.91,10.09,9.93,0.16,1.6113,14012.0,14072.842
301029.SZ,20230407,54.6,57.27,54.52,54.98,54.81,0.17,0.3102,26625.37,148552.991
301030.SZ,20230407,39.16,39.48,38.0,38.87,39.47,-0.6,-1.5201,29472.1,113865.868
301031.SZ,20230407,127.99,131.3,127.02,130.22,128.2,2.02,1.5757,5579.13,72348.31
301032.SZ,20230407,7.93,8.09,7.93,8.08,7.97,0.11,1.3802,8605.13,6933.644
301033.SZ,20230407,43.5,46.49,43.15,45.73,43.65,2.08,4.7652,12484.09,56706.725
301035.SZ,20230407,68.4,70.97,68.02,69.69,68.61,1.08,1.5741,14809.96,103734.726
301036.SZ,20230407,19.31,19.39,19.1,19.11,19.3,-0.19,-0.9845,15042.0,28863.462
301037.SZ,20230407,17.18,17.37,17.14,17.33,17.17,0.16,0.9319,2853.2,4926.874
301038.SZ,20230407,15.74,16.08,15.58,15.97,15.7,0.27,1.7197,14152.76,22450.411
301039.SZ,20230407,10.48,10.75,10.4,10.53,10.4,0.13,1.25,113162.64,119539.357
301040.SZ,20230407,22.21,22.4,22.06,22.28,22.21,0.07,0.3152,8845.96,19642.959
301041.SZ,20230407,25.67,26.18,24.61,25.38,25.39,-0.01,-0.0394,109994.85,277471.896
301042.SZ,20230407,41.43,41.59,40.71,41.0,41.43,-0.43,-1.0379,4576.0,18770.333
301043.SZ,20230407,25.34,25.55,25.24,25.53,25.33,0.2,0.7896,2812.91,7144.419
301045.SZ,20230407,20.8,20.9,20.21,20.21,20.69,-0.48,-2.32,8029.4,16386.726
301046.SZ,20230407,33.58,34.7,33.4,34.03,33.56,0.47,1.4005,28557.24,97882.245
301047.SZ,20230407,106.15,108.85,105.62,108.6,105.65,2.95,2.7922,9549.01,102792.213
301048.SZ,20230407,9.9,9.94,9.82,9.87,9.9,-0.03,-0.303,26694.74,26358.084
301049.SZ,20230407,21.42,21.72,21.38,21.71,21.4,0.31,1.4486,4149.16,8970.737
301050.SZ,20230407,78.3,78.88,77.76,78.51,78.54,-0.03,-0.0382,23507.21,184013.197
301051.SZ,20230407,65.84,66.47,64.12,65.87,65.38,0.49,0.7495,6752.0,44002.383
301335.SZ,20230407,36.45,36.72,36.34,36.53,36.45,0.08,0.2195,2570.51,9405.951
301336.SZ,20230407,50.93,52.52,50.54,51.33,51.15,0.18,0.3519,8779.84,45422.545
301338.SZ,20230407,60.62,62.44,60.05,60.59,61.0,-0.41,-0.6721,23022.54,140374.949
301339.SZ,20230407,25.05,27.43,24.19,26.52,24.88,1.64,6.5916,119750.66,308060.679
301345.SZ,20230407,50.95,51.2,50.71,51.11,51.0,0.11,0.2157,10253.7,52236.315
301349.SZ,20230407,90.04,90.93,89.24,90.37,90.07,0.3,0.3331,4180.66,37749.498
301356.SZ,20230407,47.63,47.99,47.58,47.95,47.63,0.32,0.6718,3228.42,15463.159
301358.SZ,20230407,41.44,42.22,41.41,41.67,41.63,0.04,0.0961,46638.49,194571.797
301359.SZ,20230407,24.45,24.57,23.84,24.03,24.35,-0.32,-1.3142,18292.03,44024.317
301361.SZ,20230407,23.01,23.59,23.01,23.37,23.01,0.36,1.5645,7618.3,17834.287
301363.SZ,20230407,38.46,39.79,38.23,39.58,38.43,1.15,2.9925,11277.31,44183.278
301365.SZ,20230407,27.25,27.45,27.17,27.33,27.22,0.11,0.4041,18007.42,49141.981
301366.SZ,20230407,59.71,60.82,58.7,59.56,58.7,0.86,1.4651,18117.36,107966.544
301367.SZ,20230407,242.38,248.5,240.01,243.48,242.38,1.1,0.4538,2392.96,58485.632
301368.SZ,20230407,24.08,24.08,23.62,23.73,24.18,-0.45,-1.861,23738.62,56497.283
301369.SZ,20230407,124.48,126.49,122.68,123.94,124.98,-1.04,-0.8321,11350.19,141050.67
301373.SZ,20230407,34.68,35.03,34.6,34.8,34.82,-0.02,-0.0574,7567.58,26381.46
301377.SZ,20230407,21.35,23.13,21.33,22.78,21.25,1.53,7.2,77082.71,173917.459
301378.SZ,20230407,114.5,119.6,112.55,116.31,115.25,1.06,0.9197,19140.51,222725.353
301379.SZ,20230407,28.59,28.63,28.23,28.47,28.54,-0.07,-0.2453,7702.07,21858.104
301380.SZ,20230407,56.6,59.48,53.81,55.12,55.21,-0.09,-0.163,57058.76,321828.719
301386.SZ,20230407,25.51,25.85,25.43,25.5,25.55,-0.05,-0.1957,36815.9,94337.67
301388.SZ,20230407,24.2,24.73,24.11,24.6,24.22,0.38,1.569,8753.36,21470.7
301389.SZ,20230407,19.9,19.95,19.74,19.9,19.94,-0.04,-0.2006,18953.32,37608.568
301391.SZ,20230407,89.32,97.71,89.0,95.91,89.91,6.0,6.6733,18637.12,175759.512
301396.SZ,20230407,44.61,46.65,43.67,46.29,44.19,2.1,4.7522,39721.34,180865.461
301398.SZ,20230407,34.6,35.29,34.23,34.82,34.99,-0.17,-0.4859,19116.98,66571.046
301408.SZ,20230407,20.94,20.94,20.41,20.45,20.65,-0.2,-0.9685,84363.28,173705.919
301419.SZ,20230407,38.0,38.36,37.51,37.86,38.27,-0.41,-1.0713,25711.41,97184.394
301439.SZ,20230407,18.44,18.9,18.38,18.54,18.4,0.14,0.7609,102030.8,190142.017
600406.SH,20230407,26.66,27.17,26.51,27.17,26.66,0.51,1.913,109048.46,294346.398
600408.SH,20230407,2.52,2.62,2.51,2.61,2.52,0.09,3.5714,181132.7,46469.145
600409.SH,20230407,6.48,6.54,6.47,6.5,6.48,0.02,0.3086,76751.06,49889.124
600410.SH,20230407,6.95,7.12,6.78,7.08,6.91,0.17,2.4602,425560.28,298129.332
600415.SH,20230407,6.11,6.15,5.88,5.92,6.12,-0.2,-3.268,967584.07,577699.203
600416.SH,20230407,21.28,21.35,19.96,20.3,20.67,-0.37,-1.79,421093.13,863083.933
600418.SH,20230407,12.56,12.85,12.53,12.72,12.6,0.12,0.9524,531463.08,676502.261
600419.SH,20230407,16.53,16.69,16.4,16.48,16.53,-0.05,-0.3025,28143.8,46439.67
600420.SH,20230407,11.98,12.16,11.91,12.01,12.04,-0.03,-0.2492,125528.59,151071.299
600421.SH,20230407,10.38,10.87,10.38,10.7,10.56,0.14,1.3258,9129.0,9752.399
600422.SH,20230407,20.98,21.07,20.47,20.72,21.0,-0.28,-1.3333,90980.57,187582.747
600423.SH,20230407,3.27,3.28,3.24,3.26,3.27,-0.01,-0.3058,30167.1,9815.728
600425.SH,20230407,4.28,4.38,4.23,4.26,4.28,-0.02,-0.4673,346928.55,148889.815
600426.SH,20230407,34.91,35.26,34.5,35.12,35.07,0.05,0.1426,82894.11,290251.725
600428.SH,20230407,6.38,6.48,6.34,6.48,6.38,0.1,1.5674,219362.87,141271.826
600429.SH,20230407,4.86,4.88,4.85,4.86,4.85,0.01,0.2062,44104.0,21443.475
600433.SH,20230407,4.3,4.3,4.23,4.24,4.27,-0.03,-0.7026,102661.67,43733.812
600435.SH,20230407,11.08,11.09,10.95,10.95,11.03,-0.08,-0.7253,132108.04,145572.447
600436.SH,20230407,291.39,293.0,289.39,291.49,291.39,0.1,0.0343,12309.1,358551.803
600438.SH,20230407,38.79,39.17,38.4,38.91,38.8,0.11,0.2835,248608.26,968756.233
600439.SH,20230407,2.65,2.66,2.62,2.66,2.64,0.02,0.7576,60675.6,16024.423
600444.SH,20230407,13.1,13.22,13.03,13.1,13.03,0.07,0.5372,15778.0,20701.477
600446.SH,20230407,16.21,16.56,15.71,16.08,16.14,-0.06,-0.3717,474662.77,767015.768
600448.SH,20230407,3.08,3.08,3.05,3.07,3.06,0.01,0.3268,75242.6,23044.9
600449.SH,20230407,15.7,15.92,15.7,15.81,15.75,0.06,0.381,94825.64,149935.368
600452.SH,20230407,18.7,20.26,18.7,20.25,18.88,1.37,7.2564,131458.61,259279.769
600455.SH,20230407,23.52,23.93,23.35,23.79,23.51,0.28,1.191,16323.33,38606.447
600456.SH,20230407,35.71,36.93,35.7,36.07,35.37,0.7,1.9791,94086.93,341868.701
600458.SH,20230407,11.38,11.58,11.3,11.55,11.38,0.17,1.4938,113096.4,130033.89
600459.SH,20230407,16.5,16.64,16.46,16.59,16.59,0.0,0.0,62931.59,104210.812
600460.SH,20230407,41.5,41.71,40.4,41.36,41.19,0.17,0.4127,799982.54,3282311.521
600461.SH,20230407,7.16,7.2,7.14,7.17,7.16,0.01,0.1397,42770.8,30660.742
600462.SH,20230407,2.33,2.35,2.31,2.33,2.33,0.0,0.0,13134.0,3061.165
600463.SH,20230407,7.96,8.08,7.92,8.01,7.83,0.18,2.2989,19880.89,15878.433
600466.SH,20230407,0.93,0.97,0.91,0.93,0.95,-0.02,-2.1053,2214525.87,207629.901
600467.SH,20230407,2.47,2.49,2.46,2.48,2.47,0.01,0.4049,116000.0,28709.735
600468.SH,20230407,4.55,4.57,4.49,4.56,4.56,0.0,0.0,166006.7,75193.12
600469.SH,20230407,5.08,5.12,5.05,5.1,5.09,0.01,0.1965,55241.78,28081.479
600470.SH,20230407,6.1,6.14,6.09,6.13,6.12,0.01,0.1634,33090.2,20239.474
600475.SH,20230407,11.09,11.7,11.03,11.25,11.07,0.18,1.626,187602.95,214164.204
600476.SH,20230407,19.17,20.69,18.53,20.4,18.81,1.59,8.453,259095.44,517215.508
600477.SH,20230407,4.54,4.56,4.44,4.46,4.56,-0.1,-2.193,587441.68,263083.525
601818.SH,20230407,3.05,3.05,3.03,3.04,3.04,0.0,0.0,515796.03,156751.864
601825.SH,20230407,5.8,5.82,5.79,5.81,5.8,0.01,0.1724,54593.84,31693.0
601827.SH,20230407,7.34,7.55,7.29,7.51,7.29,0.22,3.0178,138150.2,103037.139
601828.SH,20230407,5.45,5.48,5.41,5.44,5.45,-0.01,-0.1835,81065.0,44247.357
601838.SH,20230407,13.64,13.69,13.59,13.63,13.64,-0.01,-0.0733,89887.31,122511.772
601857.SH,20230407,6.16,6.21,6.11,6.15,6.18,-0.03,-0.4854,1198063.94,736244.43
601858.SH,20230407,18.31,18.58,17.5,18.34,18.07,0.27,1.4942,260465.54,471957.319
601860.SH,20230407,2.58,2.6,2.58,2.59,2.59,0.0,0.0,248963.9,64419.22
601865.SH,20230407,34.0,34.43,33.1,33.29,33.24,0.05,0.1504,56174.37,189742.323
601866.SH,20230407,2.47,2.49,2.47,2.49,2.47,0.02,0.8097,260446.71,64535.495
601868.SH,20230407,2.49,2.5,2.45,2.47,2.49,-0.02,-0.8032,2340164.04,577559.94
601869.SH,20230407,41.72,43.3,41.08,41.25,41.1,0.15,0.365,85530.79,358846.428
601872.SH,20230407,6.5,6.86,6.48,6.72,6.55,0.17,2.5954,496786.76,334087.748
601877.SH,20230407,27.28,27.59,27.21,27.5,27.35,0.15,0.5484,97011.79,266483.722
601878.SH,20230407,10.35,10.46,10.32,10.43,10.33,0.1,0.9681,245860.43,255957.961
601880.SH,20230407,1.6,1.61,1.6,1.61,1.61,0.0,0.0,281712.34,45208.858
601881.SH,20230407,10.36,10.48,10.24,10.39,10.38,0.01,0.0963,446536.82,462740.029
601882.SH,20230407,30.96,33.63,30.54,33.62,30.57,3.05,9.9771,128067.18,420290.012
601886.SH,20230407,6.97,7.23,6.95,7.13,6.97,0.16,2.2956,67705.46,48217.924
601888.SH,20230407,177.0,183.43,176.87,181.82,176.82,5.0,2.8277,151657.73,2754444.07
601890.SH,20230407,9.8,9.88,9.7,9.73,9.87,-0.14,-1.4184,163005.64,159074.867
601898.SH,20230407,7.97,8.0,7.9,7.93,7.98,-0.05,-0.6266,189117.6,150313.107
601899.SH,20230407,12.96,13.07,12.79,12.89,13.13,-0.24,-1.8279,1381682.35,1783722.64
601900.SH,20230407,9.61,9.71,9.45,9.61,9.61,0.0,0.0,43712.42,41927.254
601901.SH,20230407,7.12,7.21,7.08,7.15,7.12,0.03,0.4213,357079.59,255332.902
601908.SH,20230407,6.61,6.66,6.58,6.6,6.6,0.0,0.0,120480.19,79781.871
601916.SH,20230407,2.89,2.9,2.88,2.89,2.89,0.0,0.0,404267.0,116903.398
601918.SH,20230407,4.08,4.1,4.07,4.09,4.08,0.01,0.2451,100605.92,41149.802
601919.SH,20230407,10.77,10.82,10.75,10.82,10.77,0.05,0.4643,499815.47,538812.577
601921.SH,20230407,8.15,8.19,8.02,8.11,8.1,0.01,0.1235,76358.0,62014.353
601928.SH,20230407,10.36,10.62,10.11,10.5,10.3,0.2,1.9417,217454.25,226538.195
601929.SH,20230407,2.13,2.18,2.1,2.15,2.13,0.02,0.939,575370.23,123166.629
601933.SH,20230407,3.39,3.41,3.38,3.39,3.4,-0.01,-0.2941,260086.59,88222.05
601939.SH,20230407,6.04,6.06,6.02,6.06,6.04,0.02,0.3311,446970.65,270250.921
601949.SH,20230407,5.95,6.11,5.9,6.06,5.95,0.11,1.8487,171205.94,103206.613
601952.SH,20230407,11.72,11.79,11.68,11.72,11.73,-0.01,-0.0853,59769.2,70041.636
601956.SH,20230407,5.71,5.74,5.7,5.72,5.72,0.0,0.0,52587.27,30079.683
601958.SH,20230407,10.78,11.01,10.73,10.76,10.85,-0.09,-0.8295,240289.95,260852.702
601963.SH,20230407,7.25,7.26,7.2,7.21,7.21,0.0,0.0,26448.98,19098.733
601965.SH,20230407,24.84,24.84,23.65,23.74,24.96,-1.22,-4.8878,70506.41,169903.713
601966.SH,20230407,20.15,21.22,20.01,21.11,20.12,0.99,4.9205,142217.12,296492.758
601968.SH,20230407,7.02,7.1,6.99,7.0,7.02,-0.02,-0.2849,75915.0,53310.558
605056.SH,20230407,12.8,12.95,12.69,12.89,12.8,0.09,0.7031,8351.0,10770.926
605058.SH,20230407,22.35,22.35,21.66,22.05,22.07,-0.02,-0.0906,27175.0,59461.956
605060.SH,20230407,27.34,27.78,26.83,27.47,27.15,0.32,1.1786,6879.5,18858.982
605066.SH,20230407,7.75,7.82,7.75,7.79,7.73,0.06,0.7762,23588.0,18346.809
605068.SH,20230407,25.18,26.29,25.05,26.23,25.19,1.04,4.1286,18890.35,48759.428
605069.SH,20230407,9.25,9.35,9.25,9.35,9.31,0.04,0.4296,7944.91,7409.297
605077.SH,20230407,25.22,26.42,25.12,26.27,25.04,1.23,4.9121,22503.44,58332.092
605080.SH,20230407,45.06,45.82,44.95,45.69,45.06,0.63,1.3981,2028.0,9238.289
605081.SH,20230407,19.15,19.95,18.97,19.6,19.09,0.51,2.6716,59256.9,116290.574
605086.SH,20230407,21.49,21.65,21.37,21.56,21.49,0.07,0.3257,5974.0,12841.938
605088.SH,20230407,18.5,18.5,18.09,18.29,18.31,-0.02,-0.1092,16847.0,30740.765
605089.SH,20230407,68.8,68.8,67.8,68.43,68.04,0.39,0.5732,3822.0,26129.467
605090.SH,20230407,22.01,22.46,21.93,22.24,21.94,0.3,1.3674,22796.62,50731.575
605098.SH,20230407,37.14,37.57,36.68,36.8,37.0,-0.2,-0.5405,8915.8,32987.896
605099.SH,20230407,22.22,22.66,22.11,22.62,22.1,0.52,2.3529,7365.0,16545.048
605100.SH,20230407,14.27,14.43,14.18,14.39,14.27,0.12,0.8409,9295.48,13303.398
605108.SH,20230407,35.6,38.8,35.38,37.33,35.71,1.62,4.5365,41599.01,155845.356
605111.SH,20230407,90.08,90.5,87.7,89.35,89.4,-0.05,-0.0559,86577.35,769701.295
605116.SH,20230407,26.67,28.42,26.67,27.72,26.7,1.02,3.8202,24163.94,66659.062
605117.SH,20230407,251.61,254.49,247.8,248.55,253.39,-4.84,-1.9101,16525.18,413487.068
605118.SH,20230407,14.54,14.76,14.27,14.76,14.54,0.22,1.5131,30594.0,44605.643
605122.SH,20230407,15.4,15.6,15.36,15.49,15.44,0.05,0.3238,5695.8,8838.412
605123.SH,20230407,116.39,117.4,113.98,115.58,116.4,-0.82,-0.7045,8038.0,92864.994
605128.SH,20230407,38.83,39.87,38.77,39.64,38.94,0.7,1.7976,8415.99,33307.985
605133.SH,20230407,31.37,31.98,31.13,31.52,31.35,0.17,0.5423,31294.16,98450.765
605136.SH,20230407,15.41,16.46,15.07,16.21,15.34,0.87,5.6714,228423.04,361415.205
605138.SH,20230407,9.65,9.72,9.63,9.7,9.66,0.04,0.4141,25512.33,24727.371
605151.SH,20230407,19.6,20.48,19.6,20.26,19.67,0.59,2.9995,25846.0,52231.265
605155.SH,20230407,13.79,13.89,13.74,13.85,13.78,0.07,0.508,9324.8,12888.673
605158.SH,20230407,6.51,6.55,6.48,6.53,6.51,0.02,0.3072,14760.6,9621.809
605162.SH,20230407,8.54,8.6,8.54,8.58,8.57,0.01,0.1167,9077.0,7777.699
605166.SH,20230407,11.08,11.26,10.71,11.24,11.13,0.11,0.9883,78679.61,85831.166
605167.SH,20230407,9.8,10.1,9.56,9.66,9.8,-0.14,-1.4286,131742.93,129529.802
605168.SH,20230407,139.0,142.57,131.81,138.02,138.78,-0.76,-0.5476,40342.19,553608.463
605169.SH,20230407,10.95,11.07,10.89,11.03,10.91,0.12,1.0999,8587.84,9437.516
605177.SH,20230407,24.15,24.55,24.0,24.49,24.06,0.43,1.7872,10495.0,25615.608
605178.SH,20230407,22.65,24.3,22.57,23.61,22.68,0.93,4.1005,25700.6,60398.33
605179.SH,20230407,12.4,12.44,11.7,11.84,12.45,-0.61,-4.8996,73755.0,87975.028
605180.SH,20230407,15.9,15.96,15.82,15.86,15.92,-0.06,-0.3769,5142.7,8170.221
605183.SH,20230407,17.9,18.25,17.66,18.06,17.82,0.24,1.3468,14525.0,26228.808
605186.SH,20230407,40.99,41.36,39.32,40.94,40.51,0.43,1.0615,56496.0,227263.356
605188.SH,20230407,7.73,7.77,7.68,7.73,7.76,-0.03,-0.3866,13479.0,10432.247
000544.SZ,20230407,6.36,6.36,6.32,6.36,6.34,0.02,0.3155,43938.74,27881.171
000545.SZ,20230407,3.39,3.43,3.38,3.42,3.39,0.03,0.885,34914.06,11920.058
000546.SZ,20230407,9.5,9.57,9.32,9.33,9.52,-0.19,-1.9958,165260.68,155707.121
000547.SZ,20230407,11.79,11.81,11.6,11.64,11.74,-0.1,-0.8518,292846.12,341881.704
000548.SZ,20230407,4.71,4.76,4.66,4.75,4.71,0.04,0.8493,51257.04,24214.209
000550.SZ,20230407,13.55,13.67,13.46,13.54,13.49,0.05,0.3706,32228.35,43764.479
000551.SZ,20230407,10.09,10.23,10.03,10.1,10.04,0.06,0.5976,39685.61,40043.29
000552.SZ,20230407,3.36,3.36,3.32,3.34,3.36,-0.02,-0.5952,178848.0,59711.663
000553.SZ,20230407,8.96,9.03,8.93,9.02,8.98,0.04,0.4454,38951.29,35061.583
000554.SZ,20230407,5.55,5.62,5.51,5.6,5.55,0.05,0.9009,94542.27,52466.5
000555.SZ,20230407,14.09,14.29,13.86,14.26,14.03,0.23,1.6393,187962.74,264845.622
000557.SZ,20230407,5.29,5.31,5.22,5.23,5.27,-0.04,-0.759,73197.83,38368.687
000558.SZ,20230407,2.81,2.87,2.81,2.85,2.81,0.04,1.4235,114784.51,32632.538
000559.SZ,20230407,5.15,5.19,5.13,5.13,5.16,-0.03,-0.5814,83638.13,43075.456
000560.SZ,20230407,3.21,3.53,3.18,3.53,3.21,0.32,9.9688,821026.98,281431.85
000561.SZ,20230407,9.28,9.47,9.25,9.45,9.32,0.13,1.3948,77774.58,73118.364
000563.SZ,20230407,3.25,3.27,3.24,3.25,3.25,0.0,0.0,180539.92,58718.073
000564.SZ,20230407,1.55,1.58,1.54,1.56,1.55,0.01,0.6452,1012105.91,157762.116
000565.SZ,20230407,6.01,6.05,5.99,6.05,6.0,0.05,0.8333,23501.4,14169.632
000566.SZ,20230407,5.35,5.36,5.21,5.31,5.39,-0.08,-1.4842,495833.6,262022.052
000567.SZ,20230407,18.8,18.94,18.44,18.48,18.81,-0.33,-1.7544,43201.07,80277.541
000568.SZ,20230407,248.0,253.72,245.8,249.0,250.04,-1.04,-0.4159,51033.85,1275060.486
000570.SZ,20230407,5.06,5.12,5.05,5.07,5.07,0.0,0.0,43362.0,22038.122
000571.SZ,20230407,2.19,2.22,2.17,2.18,2.22,-0.04,-1.8018,92389.0,20216.618
000572.SZ,20230407,5.2,5.24,5.16,5.17,5.22,-0.05,-0.9579,160869.27,83486.439
000573.SZ,20230407,3.54,3.68,3.53,3.67,3.54,0.13,3.6723,196169.7,71424.252
000576.SZ,20230407,11.95,12.02,11.82,11.9,11.95,-0.05,-0.4184,58351.97,69551.142
000581.SZ,20230407,20.58,20.64,20.21,20.24,20.55,-0.31,-1.5085,95975.77,194789.334
000582.SZ,20230407,7.92,8.05,7.87,7.92,7.89,0.03,0.3802,147059.37,116882.787
000584.SZ,20230407,8.15,8.34,8.13,8.25,8.15,0.1,1.227,166442.65,136704.917
000586.SZ,20230407,11.16,11.35,11.12,11.22,11.28,-0.06,-0.5319,77930.11,87352.79
000589.SZ,20230407,5.06,5.14,5.05,5.11,5.1,0.01,0.1961,75294.37,38372.787
000590.SZ,20230407,8.72,8.85,8.66,8.85,8.72,0.13,1.4908,35542.03,31258.906
000591.SZ,20230407,6.79,6.85,6.78,6.81,6.77,0.04,0.5908,211521.39,144260.684
000592.SZ,20230407,2.51,2.53,2.5,2.52,2.52,0.0,0.0,113210.0,28495.651
000593.SZ,20230407,6.98,7.08,6.96,7.04,7.02,0.02,0.2849,32642.95,22966.295
000595.SZ,20230407,6.31,6.37,6.29,6.32,6.34,-0.02,-0.3155,81019.0,51177.299
000596.SZ,20230407,294.0,298.8,288.8,290.5,295.49,-4.99,-1.6887,10771.12,314776.712
000597.SZ,20230407,5.84,5.91,5.84,5.89,5.86,0.03,0.5119,92615.29,54560.073
000598.SZ,20230407,5.05,5.12,5.05,5.09,5.05,0.04,0.7921,103579.5,52728.516
000599.SZ,20230407,4.22,4.23,4.19,4.23,4.2,0.03,0.7143,51298.04,21626.574
000600.SZ,20230407,5.1,5.16,5.09,5.15,5.12,0.03,0.5859,92904.64,47741.209
002297.SZ,20230407,7.95,8.16,7.93,8.1,7.88,0.22,2.7919,118414.09,95446.493
002298.SZ,20230407,7.46,7.64,7.3,7.6,7.43,0.17,2.288,243612.48,182869.975
002299.SZ,20230407,24.15,25.03,24.11,24.66,24.39,0.27,1.107,135599.56,335359.542
002300.SZ,20230407,8.25,8.6,8.2,8.6,8.24,0.36,4.3689,87731.13,74028.446
002301.SZ,20230407,7.97,8.11,7.85,8.08,7.99,0.09,1.1264,100591.28,80368.365
002302.SZ,20230407,8.65,8.68,8.39,8.47,8.65,-0.18,-2.0809,208620.53,177325.969
002303.SZ,20230407,3.57,3.6,3.56,3.59,3.57,0.02,0.5602,84240.21,30156.832
002304.SZ,20230407,162.6,163.62,157.93,158.66,162.95,-4.29,-2.6327,71949.88,1153509.245
002305.SZ,20230407,2.29,2.45,2.29,2.4,2.3,0.1,4.3478,636683.99,152497.263
002306.SZ,20230407,4.44,4.56,4.41,4.56,4.44,0.12,2.7027,147336.0,66730.108
002307.SZ,20230407,5.68,5.76,5.64,5.71,5.67,0.04,0.7055,337879.3,192773.828
002308.SZ,20230407,5.43,5.52,5.29,5.48,5.42,0.06,1.107,214584.19,116533.988
002309.SZ,20230407,5.06,5.08,4.95,5.0,5.07,-0.07,-1.3807,118873.55,59381.75
002310.SZ,20230407,2.0,2.02,2.0,2.02,2.0,0.02,1.0,137115.53,27516.576
002311.SZ,20230407,57.12,57.59,56.85,56.99,57.43,-0.44,-0.7662,31008.47,177141.265
002312.SZ,20230407,9.99,10.08,9.93,10.02,9.95,0.07,0.7035,76487.5,76617.21
002313.SZ,20230407,7.11,7.15,6.87,6.9,7.11,-0.21,-2.9536,81095.74,56849.382
002314.SZ,20230407,3.35,3.45,3.33,3.42,3.34,0.08,2.3952,232317.02,79419.288
002315.SZ,20230407,21.59,22.49,21.11,22.29,21.63,0.66,3.0513,226972.4,497887.613
002316.SZ,20230407,4.32,4.52,4.29,4.46,4.32,0.14,3.2407,126598.41,55800.744
002317.SZ,20230407,20.8,21.18,20.6,21.11,20.73,0.38,1.8331,225377.64,473094.683
002318.SZ,20230407,16.08,16.3,15.86,16.08,16.17,-0.09,-0.5566,99649.26,160998.648
002319.SZ,20230407,14.4,14.71,14.35,14.55,14.46,0.09,0.6224,15626.01,22690.336
002320.SZ,20230407,7.24,7.72,7.17,7.18,7.14,0.04,0.5602,1318883.93,973650.279
002321.SZ,20230407,2.7,2.7,2.65,2.67,2.7,-0.03,-1.1111,75054.0,20070.781
002322.SZ,20230407,11.6,11.73,11.43,11.66,11.54,0.12,1.0399,58730.8,68152.177
002323.SZ,20230407,2.93,2.96,2.92,2.93,2.92,0.01,0.3425,168627.36,49536.169
002324.SZ,20230407,14.69,14.69,14.3,14.46,14.51,-0.05,-0.3446,66297.52,95859.59
002325.SZ,20230407,1.88,1.92,1.87,1.91,1.88,0.03,1.5957,183442.48,34899.391
002326.SZ,20230407,20.3,20.48,20.23,20.28,20.3,-0.02,-0.0985,85972.86,174944.765
002327.SZ,20230407,7.95,8.06,7.92,7.95,7.95,0.0,0.0,24861.0,19811.943
002328.SZ,20230407,6.08,6.11,6.04,6.08,6.07,0.01,0.1647,118996.94,72321.765
002329.SZ,20230407,6.56,6.63,6.52,6.59,6.56,0.03,0.4573,113682.57,74828.181
002330.SZ,20230407,6.07,6.13,6.05,6.13,6.08,0.05,0.8224,48409.0,29495.995
002331.SZ,20230407,7.91,7.97,7.75,7.95,7.86,0.09,1.145,73980.0,58314.546
002332.SZ,20230407,13.4,13.95,13.32,13.79,13.37,0.42,3.1414,137777.73,189307.557
002333.SZ,20230407,5.7,5.77,5.66,5.76,5.7,0.06,1.0526,15665.0,8972.913
002334.SZ,20230407,11.62,11.69,11.49,11.69,11.64,0.05,0.4296,167260.3,193591.346
002335.SZ,20230407,44.92,45.01,43.5,43.51,44.91,-1.4,-3.1173,103974.91,457252.71
002336.SZ,20230407,15.27,15.28,14.69,14.73,15.6,-0.87,-5.5769,228887.47,340466.932
002337.SZ,20230407,5.56,5.65,5.56,5.65,5.14,0.51,9.9222,262808.7,148333.329
002338.SZ,20230407,29.6,29.99,29.08,29.77,29.09,0.68,2.3376,86445.07,256016.465
002817.SZ,20230407,8.53,8.63,8.53,8.6,8.57,0.03,0.3501,27193.34,23370.023
002818.SZ,20230407,13.84,13.96,13.67,13.78,13.83,-0.05,-0.3615,30141.97,41570.849
002819.SZ,20230407,32.7,33.11,32.41,32.82,32.76,0.06,0.1832,42536.58,139601.042
002820.SZ,20230407,9.26,9.34,9.21,9.28,9.29,-0.01,-0.1076,42225.84,39135.91
002821.SZ,20230407,134.7,145.18,134.61,144.04,134.98,9.06,6.7121,103338.64,1469069.709
002822.SZ,20230407,4.6,4.63,4.54,4.62,4.6,0.02,0.4348,90879.02,41712.585
002823.SZ,20230407,10.28,10.38,10.25,10.3,10.31,-0.01,-0.097,19120.84,19702.614
002824.SZ,20230407,31.38,31.77,31.06,31.06,31.37,-0.31,-0.9882,20979.0,65877.44
002825.SZ,20230407,13.01,13.17,13.0,13.15,13.06,0.09,0.6891,29871.13,39079.054
002826.SZ,20230407,10.59,10.82,10.55,10.79,10.59,0.2,1.8886,29749.16,31921.42
002827.SZ,20230407,10.65,10.82,10.55,10.69,10.65,0.04,0.3756,56820.74,60567.793
002828.SZ,20230407,9.07,9.18,9.02,9.14,9.09,0.05,0.5501,62910.7,57091.14
002829.SZ,20230407,41.49,41.68,40.7,41.18,41.69,-0.51,-1.2233,29786.28,122368.514
002830.SZ,20230407,12.27,12.59,12.16,12.53,12.28,0.25,2.0358,9564.0,11885.429
002831.SZ,20230407,26.86,27.2,26.82,26.96,26.81,0.15,0.5595,23001.0,62179.719
002832.SZ,20230407,32.76,33.84,32.5,32.61,32.78,-0.17,-0.5186,18586.03,61189.796
002833.SZ,20230407,17.82,18.3,17.6,18.2,17.77,0.43,2.4198,51322.28,92838.102
002835.SZ,20230407,15.19,15.75,15.12,15.74,15.17,0.57,3.7574,87165.0,135853.81
002836.SZ,20230407,9.71,9.94,9.65,9.85,9.67,0.18,1.8614,16997.2,16705.612
002837.SZ,20230407,34.99,35.3,34.09,34.43,34.85,-0.42,-1.2052,114233.67,393731.932
002838.SZ,20230407,16.88,17.45,16.81,17.03,16.92,0.11,0.6501,43260.62,74023.614
002839.SZ,20230407,4.47,4.51,4.47,4.51,4.47,0.04,0.8949,155683.03,69916.77
002840.SZ,20230407,19.95,20.12,19.12,19.59,20.29,-0.7,-3.45,179781.65,352471.522
002841.SZ,20230407,80.15,80.65,77.7,78.2,80.17,-1.97,-2.4573,31651.08,248589.737
002842.SZ,20230407,8.83,8.84,8.76,8.8,8.83,-0.03,-0.3398,25271.84,22232.686
002843.SZ,20230407,17.03,17.23,16.8,16.84,17.04,-0.2,-1.1737,20649.55,34965.887
002845.SZ,20230407,16.82,17.05,16.67,16.86,16.83,0.03,0.1783,70674.54,118979.846
002846.SZ,20230407,8.3,8.41,8.25,8.39,8.25,0.14,1.697,20400.2,17024.699
002847.SZ,20230407,135.0,135.0,132.06,133.99,135.3,-1.31,-0.9682,4065.51,54324.786
002848.SZ,20230407,9.97,10.07,9.92,10.03,9.95,0.08,0.804,35188.0,35219.152
002849.SZ,20230407,20.1,20.39,19.91,20.14,20.04,0.1,0.499,12157.0,24571.852
002850.SZ,20230407,125.21,133.0,124.6,132.32,125.2,7.12,5.6869,30589.6,398139.396
002851.SZ,20230407,27.39,29.85,27.24,29.85,27.14,2.71,9.9853,77392.54,227938.303
002852.SZ,20230407,11.38,11.5,11.25,11.35,11.32,0.03,0.265,44962.79,51070.955
002853.SZ,20230407,19.68,20.88,18.68,20.44,19.68,0.76,3.8618,33333.6,67885.715
002855.SZ,20230407,9.95,10.6,9.95,10.22,9.95,0.27,2.7136,93967.76,96013.771
002856.SZ,20230407,9.72,9.76,9.65,9.73,9.71,0.02,0.206,16660.2,16183.07
002857.SZ,20230407,15.75,15.8,15.53,15.69,15.75,-0.06,-0.381,6840.0,10703.694
002858.SZ,20230407,19.03,20.13,18.5,19.66,19.17,0.49,2.5561,179330.43,350383.98
002859.SZ,20230407,29.19,30.78,29.0,30.57,29.13,1.44,4.9434,47301.8,142604.056
002860.SZ,20230407,13.25,13.38,13.23,13.34,13.23,0.11,0.8314,26236.6,34991.194
002861.SZ,20230407,13.26,14.35,12.92,13.5,13.06,0.44,3.3691,212408.97,289452.094
300306.SZ,20230407,11.52,12.1,11.48,12.02,11.57,0.45,3.8894,109616.15,130186.731
300307.SZ,20230407,5.71,5.78,5.66,5.76,5.74,0.02,0.3484,109960.0,62951.334
300308.SZ,20230407,67.71,71.7,66.51,70.5,67.0,3.5,5.2239,494901.45,3410824.406
300310.SZ,20230407,4.32,4.45,4.22,4.42,4.3,0.12,2.7907,216413.52,94136.71
300311.SZ,20230407,8.4,8.55,8.2,8.51,8.42,0.09,1.0689,568053.26,478011.857
300313.SZ,20230407,5.38,5.58,5.31,5.46,5.34,0.12,2.2472,21073.0,11540.636
300314.SZ,20230407,17.24,18.15,17.15,17.68,17.24,0.44,2.5522,51192.26,90774.054
300315.SZ,20230407,4.36,4.59,4.27,4.54,4.35,0.19,4.3678,1249299.55,558286.625
300316.SZ,20230407,69.54,70.72,68.52,69.44,69.3,0.14,0.202,55686.44,389629.132
300317.SZ,20230407,7.29,7.34,7.06,7.07,7.41,-0.34,-4.5884,487025.43,349229.933
300318.SZ,20230407,5.65,5.79,5.65,5.78,5.66,0.12,2.1201,57255.8,32919.852
300319.SZ,20230407,10.25,10.29,10.0,10.1,10.23,-0.13,-1.2708,244739.83,247317.335
300320.SZ,20230407,8.66,8.74,8.6,8.66,8.66,0.0,0.0,52140.69,45133.42
300321.SZ,20230407,16.79,16.83,16.62,16.78,16.72,0.06,0.3589,5144.0,8609.549
300322.SZ,20230407,9.87,9.88,9.55,9.7,9.8,-0.1,-1.0204,158786.21,153332.914
300323.SZ,20230407,8.13,8.17,7.97,8.13,8.15,-0.02,-0.2454,250667.05,202020.876
300324.SZ,20230407,3.33,3.57,3.27,3.51,3.32,0.19,5.7229,906085.56,312572.61
300326.SZ,20230407,7.32,7.41,7.3,7.39,7.29,0.1,1.3717,83388.36,61541.32
300327.SZ,20230407,43.86,43.97,42.13,43.0,43.65,-0.65,-1.4891,152049.52,653595.932
300328.SZ,20230407,6.75,6.78,6.67,6.7,6.72,-0.02,-0.2976,55956.17,37577.721
300329.SZ,20230407,7.03,7.16,7.02,7.14,7.05,0.09,1.2766,23759.0,16849.305
300331.SZ,20230407,24.98,25.28,24.5,24.63,24.98,-0.35,-1.4011,43962.0,108744.181
300332.SZ,20230407,11.44,11.67,11.34,11.58,11.44,0.14,1.2238,34775.0,40093.947
300333.SZ,20230407,7.15,7.38,7.03,7.36,7.09,0.27,3.8082,195643.02,141774.011
300334.SZ,20230407,8.01,8.04,7.76,7.78,8.07,-0.29,-3.5936,145705.96,114484.275
300335.SZ,20230407,4.67,4.75,4.66,4.73,4.67,0.06,1.2848,60225.27,28361.687
300336.SZ,20230407,1.76,1.94,1.76,1.86,1.77,0.09,5.0847,99715.49,18556.299
300337.SZ,20230407,7.55,7.56,7.45,7.49,7.53,-0.04,-0.5312,80891.0,60674.542
300338.SZ,20230407,4.47,4.53,4.46,4.49,4.49,0.0,0.0,40116.01,18034.492
300339.SZ,20230407,29.5,30.33,29.22,29.5,28.8,0.7,2.4306,1031991.9,3060219.755
300340.SZ,20230407,14.06,14.06,13.74,13.78,14.07,-0.29,-2.0611,75484.8,104558.335
300341.SZ,20230407,13.53,13.95,13.46,13.86,13.33,0.53,3.976,235453.15,323503.579
300342.SZ,20230407,10.45,10.45,10.11,10.16,10.43,-0.27,-2.5887,108010.56,110038.659
300343.SZ,20230407,9.3,9.36,9.25,9.27,9.27,0.0,0.0,139302.73,129536.622
300344.SZ,20230407,6.45,6.98,6.31,6.79,6.38,0.41,6.4263,420673.8,280043.493
300345.SZ,20230407,8.5,8.57,8.32,8.34,8.37,-0.03,-0.3584,34207.16,28834.885
300346.SZ,20230407,40.0,40.24,38.82,39.7,40.1,-0.4,-0.9975,403273.08,1593178.11
300347.SZ,20230407,97.51,104.0,97.27,101.82,97.2,4.62,4.7531,76546.08,780020.645
300348.SZ,20230407,13.68,14.03,13.58,13.9,13.69,0.21,1.534,351841.12,485080.309
300349.SZ,20230407,12.26,12.67,12.21,12.52,12.25,0.27,2.2041,27199.55,33891.182
300695.SZ,20230407,44.95,45.43,44.75,45.19,44.95,0.24,0.5339,1412.1,6366.374
300696.SZ,20230407,28.1,28.52,27.68,28.13,27.86,0.27,0.9691,59156.53,166422.369
300697.SZ,20230407,10.13,10.14,10.05,10.08,10.11,-0.03,-0.2967,16359.8,16506.683
300698.SZ,20230407,27.0,27.85,26.94,27.72,27.14,0.58,2.1371,23600.0,64870.234
300699.SZ,20230407,52.54,55.11,52.43,53.57,52.64,0.93,1.7667,135997.75,733052.768
300700.SZ,20230407,17.06,17.3,16.25,16.43,17.24,-0.81,-4.6984,108124.86,179607.938
300701.SZ,20230407,9.9,9.93,9.75,9.92,9.85,0.07,0.7107,22080.5,21740.253
300702.SZ,20230407,23.67,24.25,23.5,24.17,23.55,0.62,2.6327,18971.89,45580.547
300703.SZ,20230407,10.47,10.61,10.37,10.55,10.39,0.16,1.5399,21841.5,22915.695
300705.SZ,20230407,27.67,27.84,26.85,27.01,27.55,-0.54,-1.9601,28186.35,77111.839
300706.SZ,20230407,31.36,31.7,30.5,31.18,31.76,-0.58,-1.8262,114034.4,353052.021
300707.SZ,20230407,15.52,15.75,15.45,15.65,15.58,0.07,0.4493,27869.0,43523.064
300708.SZ,20230407,12.06,12.19,11.84,11.91,12.3,-0.39,-3.1707,284366.45,340451.716
300709.SZ,20230407,27.22,27.92,27.05,27.68,28.35,-0.67,-2.3633,161865.92,445019.997
300710.SZ,20230407,28.25,28.78,27.71,28.44,28.02,0.42,1.4989,26155.85,73942.849
300711.SZ,20230407,14.44,14.59,14.03,14.41,14.43,-0.02,-0.1386,35820.28,51180.665
300712.SZ,20230407,40.2,41.0,39.9,40.0,40.06,-0.06,-0.1498,33632.58,136238.928
300713.SZ,20230407,17.04,17.29,16.6,16.63,17.04,-0.41,-2.4061,49260.76,82815.022
300715.SZ,20230407,14.8,14.8,14.29,14.54,14.44,0.1,0.6925,12959.0,18856.864
300716.SZ,20230407,16.5,16.9,16.39,16.41,16.6,-0.19,-1.1446,31461.5,52105.885
300717.SZ,20230407,15.01,15.1,14.93,15.06,14.93,0.13,0.8707,10575.0,15877.677
300718.SZ,20230407,17.5,17.85,17.28,17.67,17.42,0.25,1.4351,27875.84,49220.22
300719.SZ,20230407,11.92,12.34,11.92,12.22,11.92,0.3,2.5168,59367.2,72034.491
300720.SZ,20230407,12.42,12.69,12.31,12.55,12.42,0.13,1.0467,9123.02,11462.893
300721.SZ,20230407,20.77,20.78,20.24,20.37,20.76,-0.39,-1.8786,37964.8,77590.236
300722.SZ,20230407,29.59,29.89,29.4,29.5,29.65,-0.15,-0.5059,20809.2,61630.454
300723.SZ,20230407,44.9,48.2,44.29,47.73,44.75,2.98,6.6592,27830.27,131847.224
300724.SZ,20230407,117.6,119.08,116.0,116.02,118.08,-2.06,-1.7446,37651.26,441348.201
300725.SZ,20230407,70.6,73.97,70.6,72.98,70.83,2.15,3.0354,59854.64,436510.571
300726.SZ,20230407,48.18,48.65,47.51,48.31,48.2,0.11,0.2282,53217.33,255743.654
300727.SZ,20230407,34.4,35.33,33.87,34.66,35.74,-1.08,-3.0218,43918.57,151273.68
300729.SZ,20230407,18.71,19.88,18.45,19.66,18.57,1.09,5.8697,66317.89,128330.274
300730.SZ,20230407,16.93,17.34,16.4,16.91,16.85,0.06,0.3561,336571.6,566168.121
300731.SZ,20230407,17.92,18.27,17.82,18.18,18.08,0.1,0.5531,18804.4,33965.801
300732.SZ,20230407,10.56,10.61,10.3,10.4,10.6,-0.2,-1.8868,67158.72,69683.399
300733.SZ,20230407,24.33,25.38,24.22,25.08,24.33,0.75,3.0826,29074.08,72455.986
300735.SZ,20230407,12.68,12.93,12.42,12.53,12.93,-0.4,-3.0936,215259.14,271366.076
300736.SZ,20230407,11.7,11.7,11.36,11.44,11.8,-0.36,-3.0508,97435.4,111659.057
300737.SZ,20230407,11.54,12.04,11.45,11.87,11.46,0.41,3.5777,152577.74,180611.191
300738.SZ,20230407,15.9,16.0,15.23,15.75,15.94,-0.19,-1.192,392689.85,612274.508
300739.SZ,20230407,17.0,17.05,16.33,16.47,16.83,-0.36,-2.139,111341.12,183734.872
300740.SZ,20230407,13.8,14.55,13.68,14.38,13.85,0.53,3.8267,126728.48,180427.92
301052.SZ,20230407,38.65,43.38,37.24,41.73,39.11,2.62,6.6991,116262.1,468892.848
301053.SZ,20230407,23.01,23.32,22.84,23.06,22.99,0.07,0.3045,5329.33,12272.163
301055.SZ,20230407,14.33,14.68,14.28,14.55,14.31,0.24,1.6771,12583.55,18181.427
301056.SZ,20230407,8.27,8.3,8.16,8.24,8.27,-0.03,-0.3628,20939.0,17180.281
301057.SZ,20230407,17.45,17.68,17.32,17.63,17.45,0.18,1.0315,4229.18,7414.466
301058.SZ,20230407,15.5,15.66,15.31,15.33,15.59,-0.26,-1.6677,53813.99,83065.773
301059.SZ,20230407,13.87,14.09,13.81,13.9,13.87,0.03,0.2163,24798.22,34565.918
301060.SZ,20230407,24.06,24.9,23.35,24.8,23.9,0.9,3.7657,207188.07,503471.392
301061.SZ,20230407,32.0,33.3,31.65,32.74,31.99,0.75,2.3445,13490.6,44190.932
301062.SZ,20230407,9.44,9.68,9.31,9.46,9.41,0.05,0.5313,30978.23,29426.576
301063.SZ,20230407,29.83,30.19,29.5,29.93,29.72,0.21,0.7066,7649.0,22905.511
301065.SZ,20230407,32.15,32.28,32.02,32.2,32.01,0.19,0.5936,2503.0,8050.064
301066.SZ,20230407,13.33,13.6,13.16,13.51,13.42,0.09,0.6706,40813.94,54531.488
301067.SZ,20230407,45.31,45.84,44.8,45.84,45.31,0.53,1.1697,10525.85,47852.091
301068.SZ,20230407,36.5,38.28,36.21,37.87,36.18,1.69,4.6711,7487.42,28151.131
301069.SZ,20230407,28.08,28.45,27.9,27.95,27.94,0.01,0.0358,15994.0,44982.85
301070.SZ,20230407,34.02,34.19,33.32,33.36,33.82,-0.46,-1.3601,7254.19,24351.616
301071.SZ,20230407,95.81,96.86,95.16,95.45,95.8,-0.35,-0.3653,21811.91,208872.094
301072.SZ,20230407,22.46,23.03,22.3,22.64,22.38,0.26,1.1618,10001.0,22687.755
301073.SZ,20230407,66.89,70.6,66.35,70.59,67.0,3.59,5.3582,36108.04,249858.325
301075.SZ,20230407,26.2,26.48,26.04,26.4,26.12,0.28,1.072,7907.21,20835.846
301076.SZ,20230407,21.54,22.28,21.4,22.09,21.55,0.54,2.5058,15183.18,33336.344
301077.SZ,20230407,22.75,23.2,22.7,23.06,22.84,0.22,0.9632,8489.0,19506.199
301078.SZ,20230407,11.57,11.66,11.56,11.57,11.57,0.0,0.0,36933.8,42852.063
301079.SZ,20230407,22.57,22.83,22.41,22.51,22.45,0.06,0.2673,4782.0,10800.613
301080.SZ,20230407,108.01,112.89,108.01,109.99,108.6,1.39,1.2799,10202.87,113094.463
301081.SZ,20230407,11.93,12.04,11.92,11.97,11.94,0.03,0.2513,4367.58,5231.3
301082.SZ,20230407,17.0,19.18,17.0,19.18,15.98,3.2,20.025,104766.81,195654.065
301083.SZ,20230407,13.45,13.57,13.31,13.55,13.49,0.06,0.4448,21161.64,28513.903
301085.SZ,20230407,40.13,41.5,39.32,40.98,39.91,1.07,2.681,34404.9,139815.626
301086.SZ,20230407,67.45,67.89,67.09,67.72,67.45,0.27,0.4003,4412.0,29802.387
301087.SZ,20230407,41.68,42.95,41.19,42.63,41.42,1.21,2.9213,22950.82,97432.207
301088.SZ,20230407,17.64,17.83,17.64,17.77,17.67,0.1,0.5659,8863.01,15717.552
301089.SZ,20230407,55.2,55.77,54.56,55.55,55.3,0.25,0.4521,19960.02,110588.169
301090.SZ,20230407,10.73,10.8,10.7,10.75,10.73,0.02,0.1864,32246.47,34671.886
301091.SZ,20230407,26.7,27.5,26.38,27.45,26.64,0.81,3.0405,73510.36,198278.336
301092.SZ,20230407,28.28,28.82,28.24,28.72,28.26,0.46,1.6277,9734.75,27916.361
301093.SZ,20230407,32.17,33.9,31.92,33.52,32.15,1.37,4.2613,32807.88,109139.959
301095.SZ,20230407,118.2,120.73,114.11,115.66,115.73,-0.07,-0.0605,44685.12,521899.499
301096.SZ,20230407,62.48,66.31,62.4,65.82,62.52,3.3,5.2783,26243.05,171096.151
301097.SZ,20230407,60.7,62.3,60.7,61.41,60.6,0.81,1.3366,2738.0,16811.383
301098.SZ,20230407,16.73,16.93,16.56,16.9,16.68,0.22,1.3189,8025.5,13485.064
302132.SZ,20230407,52.88,53.13,50.52,50.57,52.88,-2.31,-4.3684,297171.85,1529131.733
