ts_code,trade_date,open,high,low,close,pre_close,change,pct_chg,vol,amount
603162.SH,20230907,17.2,17.38,17.01,17.01,17.39,-0.38,-2.1852,45583.65,78232.684
603163.SH,20230907,38.95,38.99,37.23,37.43,39.11,-1.68,-4.2956,57327.63,217044.184
603165.SH,20230907,16.46,16.57,15.9,15.98,16.46,-0.48,-2.9162,26065.6,42180.76
603166.SH,20230907,6.62,6.62,6.48,6.48,6.6,-0.12,-1.8182,36248.0,23663.083
603167.SH,20230907,7.07,7.09,7.0,7.0,7.07,-0.07,-0.9901,28793.0,20280.109
603168.SH,20230907,8.93,8.96,8.74,8.76,8.95,-0.19,-2.1229,43210.96,38191.133
603169.SH,20230907,6.79,6.79,6.66,6.66,6.79,-0.13,-1.9146,90856.15,60929.613
603170.SH,20230907,20.85,20.93,20.2,20.35,20.8,-0.45,-2.1635,30066.84,61648.394
603171.SH,20230907,36.41,36.41,35.58,35.96,36.43,-0.47,-1.2901,19933.86,71439.425
603172.SH,20230907,17.98,17.98,17.37,17.41,18.0,-0.59,-3.2778,20733.44,36450.391
603173.SH,20230907,28.68,28.68,27.79,27.82,28.53,-0.71,-2.4886,10805.0,30262.927
603176.SH,20230907,6.72,6.73,6.61,6.62,6.69,-0.07,-1.0463,14995.51,9960.675
603177.SH,20230907,13.2,13.2,12.72,12.76,13.14,-0.38,-2.8919,16726.0,21532.616
603178.SH,20230907,11.52,11.52,11.15,11.16,11.57,-0.41,-3.5436,35389.0,39892.23
603179.SH,20230907,51.32,51.97,51.0,51.53,51.83,-0.3,-0.5788,21866.22,112246.115
603180.SH,20230907,30.72,31.99,30.41,30.5,30.92,-0.42,-1.3583,18775.28,58275.174
603181.SH,20230907,10.87,10.95,10.69,10.75,10.97,-0.22,-2.0055,11005.21,11870.191
603182.SH,20230907,14.98,15.03,14.68,14.68,14.95,-0.27,-1.806,10054.0,14896.159
603183.SH,20230907,4.8,4.87,4.78,4.8,4.83,-0.03,-0.6211,72756.34,35099.05
603185.SH,20230907,43.21,43.27,41.6,41.68,43.21,-1.53,-3.5408,56084.45,236462.136
603186.SH,20230907,34.6,34.9,34.1,34.41,34.93,-0.52,-1.4887,30366.0,104712.915
603187.SH,20230907,17.56,17.58,17.08,17.12,17.54,-0.42,-2.3945,32541.06,56057.451
603188.SH,20230907,3.86,3.87,3.79,3.81,3.87,-0.06,-1.5504,67129.0,25676.086
603189.SH,20230907,13.92,14.11,13.85,13.85,14.0,-0.15,-1.0714,23384.03,32702.708
603190.SH,20230907,35.6,35.7,32.8,32.84,34.74,-1.9,-5.4692,101458.87,343019.179
603191.SH,20230907,16.62,16.64,16.24,16.24,16.72,-0.48,-2.8708,47195.0,77490.882
603192.SH,20230907,19.59,19.93,19.35,19.38,19.55,-0.17,-0.8696,10738.14,21067.003
603195.SH,20230907,106.31,107.2,105.8,106.5,106.31,0.19,0.1787,8545.74,91020.668
603196.SH,20230907,18.03,18.93,18.01,18.15,18.0,0.15,0.8333,57387.0,105598.579
603197.SH,20230907,56.5,56.66,54.38,55.31,56.3,-0.99,-1.7584,22980.0,126993.146
603198.SH,20230907,76.21,77.58,76.13,77.09,77.0,0.09,0.1169,21522.61,165587.351
603199.SH,20230907,31.34,32.5,31.22,31.55,31.33,0.22,0.7022,69902.0,222210.216
603200.SH,20230907,18.01,18.03,17.7,17.7,18.14,-0.44,-2.4256,20097.3,35761.236
603201.SH,20230907,22.78,22.79,22.16,22.21,22.63,-0.42,-1.8559,5420.4,12155.984
603203.SH,20230907,25.45,25.55,24.9,24.94,25.56,-0.62,-2.4257,8511.88,21346.674
603206.SH,20230907,17.32,17.59,17.14,17.23,17.29,-0.06,-0.347,42550.0,73612.222
603208.SH,20230907,40.45,41.59,39.9,39.98,40.67,-0.69,-1.6966,20552.87,83405.17
603209.SH,20230907,19.01,19.18,18.88,18.96,19.11,-0.15,-0.7849,5543.8,10524.274
603211.SH,20230907,14.95,15.0,14.54,14.58,15.0,-0.42,-2.8,34501.0,50712.82
603212.SH,20230907,17.78,17.86,17.08,17.09,17.68,-0.59,-3.3371,108556.05,188875.103
603213.SH,20230907,11.7,11.7,11.52,11.53,11.69,-0.16,-1.3687,7773.0,9015.462
603214.SH,20230907,16.29,16.64,16.2,16.27,16.36,-0.09,-0.5501,21752.56,35739.341
603215.SH,20230907,20.3,20.38,19.66,19.73,20.21,-0.48,-2.3751,17897.0,35611.604
603216.SH,20230907,14.7,15.24,13.7,13.71,14.87,-1.16,-7.8009,145103.24,208195.959
603217.SH,20230907,22.77,22.84,22.31,22.31,22.59,-0.28,-1.2395,6860.0,15414.384
603218.SH,20230907,16.06,16.14,15.56,15.6,16.08,-0.48,-2.9851,97236.82,153168.298
603219.SH,20230907,12.68,12.78,12.42,12.45,12.73,-0.28,-2.1995,17432.0,21934.447
603220.SH,20230907,28.8,28.8,26.31,27.07,27.58,-0.51,-1.8492,571453.74,1556695.783
603221.SH,20230907,9.5,10.42,9.39,10.42,9.47,0.95,10.0317,63822.01,64722.185
603222.SH,20230907,9.51,9.51,9.27,9.28,9.51,-0.23,-2.4185,53640.0,50269.83
603223.SH,20230907,10.0,10.05,9.91,10.02,10.05,-0.03,-0.2985,51584.48,51514.822
603225.SH,20230907,13.44,13.79,13.44,13.58,13.5,0.08,0.5926,84203.55,114877.744
603226.SH,20230907,7.47,7.47,6.39,6.52,6.79,-0.27,-3.9764,408957.55,290214.46
603227.SH,20230907,8.55,8.56,8.4,8.43,8.57,-0.14,-1.6336,43921.0,37236.401
603228.SH,20230907,22.34,22.34,21.82,21.87,22.34,-0.47,-2.1038,42902.58,94382.544
603229.SH,20230907,13.13,13.19,12.81,12.85,13.2,-0.35,-2.6515,34999.65,45399.594
603230.SH,20230907,12.05,12.16,11.96,12.0,12.03,-0.03,-0.2494,27640.88,33377.149
603232.SH,20230907,15.16,15.76,15.0,15.39,15.16,0.23,1.5172,83247.01,128883.939
603233.SH,20230907,25.7,25.73,25.18,25.37,25.7,-0.33,-1.284,58743.28,149012.815
603235.SH,20230907,29.73,29.73,29.05,29.06,29.62,-0.56,-1.8906,4404.18,12907.954
603236.SH,20230907,48.48,48.48,46.98,47.01,48.69,-1.68,-3.4504,46779.6,221902.538
603237.SH,20230907,32.14,32.54,31.62,31.86,31.58,0.28,0.8866,35237.85,112833.808
603238.SH,20230907,12.98,13.05,12.75,12.79,12.96,-0.17,-1.3117,14435.0,18620.814
603239.SH,20230907,13.87,13.87,13.52,13.53,13.85,-0.32,-2.3105,16379.0,22330.913
603255.SH,20230907,39.8,40.41,38.66,38.85,40.0,-1.15,-2.875,9319.0,36457.781
603256.SH,20230907,9.23,10.01,9.23,10.01,9.1,0.91,10.0,530569.61,520733.763
603258.SH,20230907,38.56,40.68,36.91,37.58,36.98,0.6,1.6225,342267.08,1338110.05
603259.SH,20230907,77.0,77.27,75.84,76.3,77.0,-0.7,-0.9091,142812.26,1092480.671
603260.SH,20230907,63.68,63.68,62.0,62.08,63.65,-1.57,-2.4666,19040.95,119171.473
603261.SH,20230907,34.46,34.74,34.0,34.08,34.41,-0.33,-0.959,7233.0,24835.243
603266.SH,20230907,13.96,13.96,13.64,13.64,13.93,-0.29,-2.0818,13828.0,19003.605
603267.SH,20230907,67.39,69.1,66.28,66.41,67.4,-0.99,-1.4688,81729.45,550245.893
603268.SH,20230907,21.29,21.5,21.08,21.14,21.29,-0.15,-0.7046,6965.0,14773.573
603269.SH,20230907,13.95,14.2,13.71,13.71,14.16,-0.45,-3.178,27590.75,38380.973
603270.SH,20230907,43.2,43.9,38.84,38.88,44.26,-5.38,-12.1554,247978.49,1011941.742
603272.SH,20230907,17.68,17.9,17.39,17.43,17.69,-0.26,-1.4698,12294.0,21607.934
603275.SH,20230907,51.4,51.5,49.5,49.52,52.02,-2.5,-4.8058,66783.14,335608.543
603277.SH,20230907,26.8,26.88,26.3,26.39,26.61,-0.22,-0.8268,9623.04,25627.06
603278.SH,20230907,11.88,11.94,11.73,11.75,11.9,-0.15,-1.2605,28850.59,34150.629
603279.SH,20230907,27.89,28.04,27.25,27.32,27.89,-0.57,-2.0437,15281.0,42010.163
603280.SH,20230907,24.91,24.92,24.42,24.42,24.92,-0.5,-2.0064,10286.0,25351.986
603281.SH,20230907,30.44,30.79,30.28,30.63,30.48,0.15,0.4921,16019.71,49018.843
603282.SH,20230907,28.38,28.67,27.64,27.7,28.49,-0.79,-2.7729,9183.0,25738.365
603283.SH,20230907,42.0,42.0,40.2,40.2,42.55,-2.35,-5.5229,27969.73,114627.698
603286.SH,20230907,18.56,18.57,18.17,18.19,18.63,-0.44,-2.3618,15185.0,27840.582
603288.SH,20230907,40.1,40.15,39.11,39.12,40.08,-0.96,-2.3952,100451.21,396839.722
603289.SH,20230907,9.93,9.94,9.71,9.74,9.94,-0.2,-2.0121,22790.0,22391.491
603290.SH,20230907,199.0,199.0,191.25,191.52,199.03,-7.51,-3.7733,19679.65,381292.587
603291.SH,20230907,18.09,18.26,17.31,17.39,18.12,-0.73,-4.0287,73562.4,129653.07
603296.SH,20230907,71.04,71.24,69.52,69.62,71.5,-1.88,-2.6294,20150.87,141482.119
603297.SH,20230907,86.66,87.42,84.6,84.75,86.6,-1.85,-2.1363,3470.17,29662.545
603298.SH,20230907,23.4,23.74,23.21,23.25,23.4,-0.15,-0.641,27155.33,63702.414
603299.SH,20230907,9.48,9.48,9.28,9.28,9.49,-0.21,-2.2129,126740.0,118608.433
603300.SH,20230907,6.32,6.36,6.24,6.27,6.32,-0.05,-0.7911,155818.32,98058.366
603301.SH,20230907,26.07,26.14,25.62,25.65,26.18,-0.53,-2.0244,15385.72,39672.677
603303.SH,20230907,14.07,14.07,13.81,13.83,13.98,-0.15,-1.073,11143.0,15503.56
603305.SH,20230907,22.22,22.35,21.86,22.26,22.33,-0.07,-0.3135,85804.46,189557.456
603306.SH,20230907,33.1,33.5,31.4,31.55,32.95,-1.4,-4.2489,169465.74,544138.031
603307.SH,20230907,50.44,50.61,49.8,49.8,50.32,-0.52,-1.0334,6596.29,33097.188
603308.SH,20230907,14.62,14.62,14.33,14.36,14.65,-0.29,-1.9795,31585.8,45609.718
603309.SH,20230907,12.38,12.43,12.0,12.01,12.41,-0.4,-3.2232,44420.72,53958.648
603311.SH,20230907,11.39,11.4,11.24,11.25,11.39,-0.14,-1.2291,15624.0,17694.807
603313.SH,20230907,11.9,12.15,11.85,11.88,12.0,-0.12,-1.0,25900.36,31037.048
603315.SH,20230907,11.52,11.52,11.14,11.14,11.47,-0.33,-2.8771,39495.86,44500.456
603316.SH,20230907,6.67,6.7,6.5,6.58,6.67,-0.09,-1.3493,44576.8,29447.215
603317.SH,20230907,13.46,13.5,13.16,13.2,13.45,-0.25,-1.8587,36346.16,48182.862
603318.SH,20230907,8.8,8.8,8.6,8.61,8.84,-0.23,-2.6018,145434.41,126321.338
603319.SH,20230907,17.1,17.1,16.7,17.0,17.13,-0.13,-0.7589,33771.6,56881.965
603320.SH,20230907,14.61,14.66,14.31,14.42,14.6,-0.18,-1.2329,10163.0,14674.896
603321.SH,20230907,8.07,8.09,7.92,7.94,8.03,-0.09,-1.1208,20105.0,16079.652
603322.SH,20230907,25.62,26.7,24.81,25.44,25.36,0.08,0.3155,139279.16,358689.602
603323.SH,20230907,4.44,4.48,4.4,4.41,4.45,-0.04,-0.8989,115978.11,51504.318
603324.SH,20230907,42.98,43.58,38.6,38.9,39.62,-0.72,-1.8173,143894.67,599081.232
603326.SH,20230907,16.61,17.46,14.52,14.52,16.13,-1.61,-9.9814,727349.59,1165367.082
603327.SH,20230907,12.7,12.75,12.5,12.53,12.73,-0.2,-1.5711,33813.32,42588.694
603328.SH,20230907,8.0,8.0,7.85,7.86,8.0,-0.14,-1.75,104738.45,83029.816
603329.SH,20230907,13.83,14.21,13.61,13.78,13.83,-0.05,-0.3615,43150.0,60002.328
603330.SH,20230907,9.2,9.2,8.75,8.76,9.24,-0.48,-5.1948,242782.5,216000.569
603331.SH,20230907,13.89,13.97,13.67,13.74,13.94,-0.2,-1.4347,11941.0,16520.765
603332.SH,20230907,9.08,9.11,8.91,8.93,9.06,-0.13,-1.4349,22358.7,20110.155
603333.SH,20230907,4.96,4.99,4.82,4.83,4.96,-0.13,-2.621,74044.0,36091.99
603335.SH,20230907,6.07,6.1,5.88,5.88,6.16,-0.28,-4.5455,118726.14,70775.974
603336.SH,20230907,5.1,5.13,5.03,5.03,5.14,-0.11,-2.1401,107502.87,54538.232
920346.BJ,20230907,6.96,6.96,6.85,6.88,6.93,-0.05,-0.7215,911.6,628.499
920436.BJ,20230907,5.83,5.83,5.66,5.77,5.76,0.01,0.1736,389.25,224.531
920981.BJ,20230907,14.14,14.14,13.21,13.39,14.14,-0.75,-5.3041,7015.71,9492.443
920576.BJ,20230907,13.95,14.17,13.38,13.39,14.08,-0.69,-4.9006,6535.85,8959.312
920866.BJ,20230907,5.8,5.82,5.66,5.71,5.76,-0.05,-0.8681,1548.29,884.563
920810.BJ,20230907,6.95,6.95,6.86,6.88,6.93,-0.05,-0.7215,1835.03,1265.892
920429.BJ,20230907,7.78,8.43,7.78,8.05,7.83,0.22,2.8097,19771.75,16127.863
920855.BJ,20230907,6.7,6.7,6.61,6.63,6.69,-0.06,-0.8969,892.63,592.28
920765.BJ,20230907,5.63,5.72,5.5,5.53,5.65,-0.12,-2.1239,1859.24,1042.523
920305.BJ,20230907,14.91,16.08,14.6,15.31,15.09,0.22,1.4579,21028.7,32676.284
920414.BJ,20230907,8.54,8.66,8.54,8.61,8.65,-0.04,-0.4624,366.77,314.759
920368.BJ,20230907,43.86,46.35,43.86,44.29,44.2,0.09,0.2036,6024.44,27337.14
920505.BJ,20230907,10.93,10.93,10.7,10.8,10.93,-0.13,-1.1894,3105.94,3342.251
920564.BJ,20230907,5.89,5.93,5.73,5.81,5.95,-0.14,-2.3529,681.87,396.77
920748.BJ,20230907,9.9,9.99,9.34,9.41,9.94,-0.53,-5.332,20114.02,19352.253
920046.BJ,20230907,5.05,5.13,4.97,4.99,5.08,-0.09,-1.7717,3021.45,1524.286
920726.BJ,20230907,8.27,8.27,8.21,8.26,8.35,-0.09,-1.0778,145.31,120.108
920942.BJ,20230907,9.3,9.38,9.2,9.28,9.32,-0.04,-0.4292,760.13,703.447
920735.BJ,20230907,30.63,30.65,29.61,30.32,30.55,-0.23,-0.7529,2142.77,6437.777
920267.BJ,20230907,9.54,9.75,9.53,9.58,9.64,-0.06,-0.6224,243.95,236.083
920407.BJ,20230907,5.82,5.82,5.62,5.69,5.77,-0.08,-1.3865,1446.54,824.662
920950.BJ,20230907,11.63,11.98,11.61,11.81,11.76,0.05,0.4252,2222.46,2636.877
920751.BJ,20230907,5.87,5.92,5.51,5.59,5.89,-0.3,-5.0934,12167.85,6959.445
920275.BJ,20230907,2.95,2.96,2.91,2.92,2.96,-0.04,-1.3514,453.11,133.003
920964.BJ,20230907,3.13,3.13,3.03,3.03,3.13,-0.1,-3.1949,6584.62,2015.214
920455.BJ,20230907,3.15,3.18,3.1,3.1,3.17,-0.07,-2.2082,10436.75,3263.277
920304.BJ,20230907,4.56,4.59,4.43,4.46,4.59,-0.13,-2.8322,9618.37,4333.75
920454.BJ,20230907,5.3,5.36,5.28,5.35,5.37,-0.02,-0.3724,1606.62,852.172
920077.BJ,20230907,17.44,17.44,16.6,16.6,17.34,-0.74,-4.2676,5595.95,9495.936
920932.BJ,20230907,11.2,11.3,11.09,11.1,11.15,-0.05,-0.4484,1095.24,1223.845
920208.BJ,20230907,29.49,29.49,29.1,29.38,29.41,-0.03,-0.102,460.83,1348.646
920175.BJ,20230907,8.75,8.75,8.53,8.58,8.72,-0.14,-1.6055,2883.6,2485.154
920985.BJ,20230907,5.87,5.93,5.69,5.73,5.87,-0.14,-2.385,9255.46,5351.424
920924.BJ,20230907,6.33,6.46,6.2,6.24,6.43,-0.19,-2.9549,5198.24,3272.283
920770.BJ,20230907,5.46,5.48,5.3,5.32,5.46,-0.14,-2.5641,6441.47,3465.352
920556.BJ,20230907,3.52,3.52,3.41,3.44,3.51,-0.07,-1.9943,2699.9,932.981
920204.BJ,20230907,6.91,6.91,6.7,6.81,6.86,-0.05,-0.7289,592.45,401.361
600000.SH,20230907,7.09,7.1,7.02,7.04,7.09,-0.05,-0.7052,202718.73,143062.806
600004.SH,20230907,11.98,12.03,11.86,11.89,12.04,-0.15,-1.2458,128725.01,153687.961
600006.SH,20230907,5.68,5.68,5.56,5.57,5.68,-0.11,-1.9366,107282.44,60171.469
600007.SH,20230907,19.85,20.22,19.73,20.0,19.9,0.1,0.5025,22480.48,45085.028
600062.SH,20230907,16.02,16.02,15.74,15.75,16.03,-0.28,-1.7467,55913.0,88567.061
600063.SH,20230907,5.25,5.25,5.15,5.16,5.24,-0.08,-1.5267,95391.03,49504.471
600064.SH,20230907,6.44,6.53,6.4,6.42,6.46,-0.04,-0.6192,116303.53,75248.946
600066.SH,20230907,13.41,13.41,13.11,13.19,13.41,-0.22,-1.6406,192846.15,255509.933
600067.SH,20230907,2.79,2.84,2.76,2.76,2.8,-0.04,-1.4286,144876.79,40557.353
600070.SH,20230907,2.94,2.97,2.92,2.92,2.95,-0.03,-1.0169,27330.0,8026.352
600071.SH,20230907,18.66,18.75,18.25,18.26,18.76,-0.5,-2.6652,33244.78,61289.55
600072.SH,20230907,20.94,20.96,20.25,20.3,20.98,-0.68,-3.2412,182136.72,372936.545
600073.SH,20230907,7.62,7.72,7.56,7.58,7.62,-0.04,-0.5249,88659.0,67785.553
600075.SH,20230907,4.8,4.82,4.73,4.73,4.8,-0.07,-1.4583,56276.5,26879.16
600076.SH,20230907,2.64,2.66,2.58,2.58,2.65,-0.07,-2.6415,75828.0,19822.389
600078.SH,20230907,8.9,9.03,8.85,8.9,8.9,0.0,0.0,42099.0,37647.377
600079.SH,20230907,23.06,23.33,22.52,22.71,23.07,-0.36,-1.5605,98047.78,224054.272
600080.SH,20230907,7.22,7.3,7.07,7.08,7.22,-0.14,-1.9391,22973.0,16386.152
600081.SH,20230907,11.31,11.32,10.97,10.98,11.3,-0.32,-2.8319,74120.25,82109.43
600082.SH,20230907,3.44,3.47,3.37,3.38,3.43,-0.05,-1.4577,95655.92,32730.225
600083.SH,20230907,7.2,7.24,7.08,7.1,7.2,-0.1,-1.3889,14066.0,10031.582
600084.SH,20230907,7.79,7.87,7.66,7.76,7.78,-0.02,-0.2571,45743.0,35383.137
600085.SH,20230907,54.44,55.5,54.03,54.68,54.91,-0.23,-0.4189,60654.66,333349.353
600088.SH,20230907,13.22,13.34,13.1,13.12,13.25,-0.13,-0.9811,63462.14,83803.525
600089.SH,20230907,14.84,14.85,14.55,14.56,14.85,-0.29,-1.9529,331774.22,487024.484
600094.SH,20230907,3.42,3.48,3.36,3.37,3.42,-0.05,-1.462,227704.13,77970.737
600095.SH,20230907,8.03,8.12,7.95,7.99,8.05,-0.06,-0.7453,365227.36,293834.252
600096.SH,20230907,17.69,17.93,17.55,17.56,17.76,-0.2,-1.1261,148495.49,262759.372
600097.SH,20230907,9.36,9.37,9.22,9.22,9.36,-0.14,-1.4957,32599.0,30316.515
600098.SH,20230907,6.12,6.13,6.05,6.05,6.12,-0.07,-1.1438,105507.16,64213.729
600099.SH,20230907,9.36,9.41,9.26,9.3,9.35,-0.05,-0.5348,26968.0,25096.544
600100.SH,20230907,6.95,6.99,6.83,6.84,7.05,-0.21,-2.9787,413187.0,285114.288
600101.SH,20230907,8.59,8.62,8.35,8.36,8.6,-0.24,-2.7907,67990.3,57550.36
600103.SH,20230907,2.64,2.64,2.58,2.58,2.64,-0.06,-2.2727,323753.0,84254.192
600104.SH,20230907,14.75,14.82,14.69,14.73,14.8,-0.07,-0.473,150125.38,221392.759
600105.SH,20230907,6.2,6.22,6.03,6.04,6.23,-0.19,-3.0498,379570.04,231000.68
600106.SH,20230907,4.74,4.74,4.68,4.69,4.74,-0.05,-1.0549,75653.0,35640.231
600107.SH,20230907,5.58,5.68,5.55,5.56,5.6,-0.04,-0.7143,55573.95,31165.146
600108.SH,20230907,3.16,3.17,3.11,3.12,3.16,-0.04,-1.2658,164405.0,51606.206
600109.SH,20230907,9.36,9.42,9.25,9.29,9.36,-0.07,-0.7479,315920.44,294988.875
600110.SH,20230907,6.28,6.3,6.14,6.15,6.3,-0.15,-2.381,97960.33,60704.242
600111.SH,20230907,22.88,22.93,22.45,22.45,22.87,-0.42,-1.8365,154617.64,349475.172
600112.SH,20230907,3.12,3.2,3.11,3.11,3.16,-0.05,-1.5823,23529.0,7399.624
600113.SH,20230907,7.63,7.71,7.52,7.55,7.65,-0.1,-1.3072,43829.8,33348.356
600114.SH,20230907,11.69,11.69,10.54,10.54,11.71,-1.17,-9.9915,585439.9,648384.327
600115.SH,20230907,4.32,4.34,4.28,4.29,4.32,-0.03,-0.6944,415375.77,178972.254
600116.SH,20230907,8.09,8.16,8.03,8.15,8.09,0.06,0.7417,130876.54,106216.139
600117.SH,20230907,3.29,3.4,3.29,3.37,3.3,0.07,2.1212,90707.1,30529.794
600118.SH,20230907,26.89,26.98,26.24,26.25,27.02,-0.77,-2.8497,158959.27,422709.743
600119.SH,20230907,6.28,6.39,6.27,6.28,6.33,-0.05,-0.7899,21366.0,13525.609
600120.SH,20230907,3.84,3.84,3.79,3.79,3.84,-0.05,-1.3021,189130.49,72095.755
600121.SH,20230907,4.58,4.6,4.49,4.5,4.58,-0.08,-1.7467,264544.52,119810.82
600123.SH,20230907,9.32,9.5,9.28,9.32,9.32,0.0,0.0,241630.69,226830.165
600125.SH,20230907,5.91,5.96,5.86,5.87,5.93,-0.06,-1.0118,118229.01,69908.996
600126.SH,20230907,4.37,4.38,4.28,4.29,4.36,-0.07,-1.6055,79848.0,34502.783
600127.SH,20230907,8.03,8.08,7.88,7.89,8.05,-0.16,-1.9876,206051.14,164149.162
600128.SH,20230907,8.73,8.75,8.63,8.65,8.73,-0.08,-0.9164,31497.0,27376.336
600129.SH,20230907,39.66,40.0,38.37,38.77,39.76,-0.99,-2.4899,136593.9,533431.93
600130.SH,20230907,4.46,4.52,4.32,4.33,4.43,-0.1,-2.2573,409125.45,179288.248
600131.SH,20230907,16.0,16.04,15.67,15.68,16.05,-0.37,-2.3053,66154.09,104356.398
600132.SH,20230907,90.18,90.55,88.47,88.61,90.78,-2.17,-2.3904,40046.35,357655.6
600133.SH,20230907,6.44,6.51,6.35,6.37,6.47,-0.1,-1.5456,159337.84,102410.846
600135.SH,20230907,7.4,7.45,7.26,7.27,7.44,-0.17,-2.2849,44625.82,32711.14
600136.SH,20230907,2.94,3.0,2.89,2.93,2.96,-0.03,-1.0135,56343.0,16641.792
600137.SH,20230907,17.2,17.37,16.94,16.97,17.2,-0.23,-1.3372,8330.0,14230.34
600138.SH,20230907,12.67,12.76,12.52,12.55,12.67,-0.12,-0.9471,129013.48,162950.047
600141.SH,20230907,21.96,22.18,21.45,21.46,21.99,-0.53,-2.4102,81686.5,177587.093
600143.SH,20230907,8.17,8.19,8.05,8.05,8.19,-0.14,-1.7094,91519.0,74015.46
600148.SH,20230907,15.67,15.7,15.3,15.34,15.66,-0.32,-2.0434,13286.0,20539.407
600149.SH,20230907,5.56,5.58,5.47,5.48,5.56,-0.08,-1.4388,39538.0,21770.868
600150.SH,20230907,28.41,28.42,26.86,27.07,28.47,-1.4,-4.9175,801396.33,2200754.541
600151.SH,20230907,8.32,8.32,8.07,8.09,8.3,-0.21,-2.5301,106545.58,86902.349
600152.SH,20230907,7.51,7.51,7.29,7.29,7.51,-0.22,-2.9294,55590.0,40964.192
600153.SH,20230907,10.74,10.89,10.66,10.76,10.74,0.02,0.1862,148183.42,160125.706
600155.SH,20230907,7.19,7.24,7.12,7.15,7.19,-0.04,-0.5563,344271.89,247150.727
600156.SH,20230907,4.68,4.71,4.63,4.64,4.67,-0.03,-0.6424,49747.0,23239.353
600157.SH,20230907,1.47,1.47,1.43,1.44,1.47,-0.03,-2.0408,2594071.51,375817.348
600158.SH,20230907,9.55,9.82,9.55,9.65,9.55,0.1,1.0471,225336.85,218284.34
600159.SH,20230907,3.32,3.46,3.24,3.25,3.36,-0.11,-3.2738,681934.0,228273.637
600160.SH,20230907,16.05,16.2,15.92,16.02,16.04,-0.02,-0.1247,97069.41,155795.227
600161.SH,20230907,24.4,24.57,24.13,24.19,24.46,-0.27,-1.1038,42099.13,102421.78
600162.SH,20230907,2.06,2.1,2.04,2.05,2.07,-0.02,-0.9662,323252.41,66996.187
600163.SH,20230907,4.76,4.77,4.66,4.67,4.76,-0.09,-1.8908,93054.0,43700.801
600165.SH,20230907,4.28,4.28,4.09,4.11,4.24,-0.13,-3.066,114170.45,47433.124
600166.SH,20230907,3.45,3.48,3.38,3.39,3.47,-0.08,-2.3055,512934.0,175446.471
600167.SH,20230907,5.98,6.0,5.91,5.91,6.0,-0.09,-1.5,78048.17,46385.49
600168.SH,20230907,6.46,6.46,6.37,6.37,6.44,-0.07,-1.087,29868.66,19164.241
600169.SH,20230907,2.45,2.46,2.4,2.4,2.46,-0.06,-2.439,181897.0,44105.915
600170.SH,20230907,2.78,2.79,2.75,2.75,2.78,-0.03,-1.0791,408895.9,113144.481
600171.SH,20230907,16.29,16.3,15.95,15.95,16.38,-0.43,-2.6252,75919.19,122307.48
600172.SH,20230907,3.74,3.75,3.62,3.63,3.75,-0.12,-3.2,159752.0,58596.117
600173.SH,20230907,5.35,5.5,5.33,5.38,5.35,0.03,0.5607,71909.64,39066.53
600176.SH,20230907,14.37,14.49,14.27,14.29,14.41,-0.12,-0.8328,108676.55,156139.457
600177.SH,20230907,7.1,7.13,7.06,7.07,7.11,-0.04,-0.5626,83989.4,59583.772
600178.SH,20230907,6.53,6.55,6.41,6.41,6.54,-0.13,-1.9878,26370.0,17044.405
600179.SH,20230907,2.78,2.78,2.73,2.74,2.79,-0.05,-1.7921,87776.0,24180.84
600180.SH,20230907,6.22,6.23,6.06,6.08,6.23,-0.15,-2.4077,128171.41,78586.626
600182.SH,20230907,14.88,14.92,14.58,14.63,14.91,-0.28,-1.8779,11020.0,16226.715
600183.SH,20230907,15.52,15.54,15.27,15.32,15.6,-0.28,-1.7949,113681.07,174776.671
600184.SH,20230907,13.09,13.24,12.95,12.96,13.09,-0.13,-0.9931,54295.0,71050.349
600185.SH,20230907,6.28,6.34,6.15,6.16,6.25,-0.09,-1.44,188870.0,117766.222
600186.SH,20230907,4.45,4.76,4.45,4.52,4.44,0.08,1.8018,1221051.83,562003.906
600187.SH,20230907,2.87,2.88,2.82,2.82,2.87,-0.05,-1.7422,428456.09,122100.808
600188.SH,20230907,19.69,20.15,19.55,19.71,19.68,0.03,0.1524,525620.32,1042597.01
600189.SH,20230907,8.29,8.66,8.07,8.12,7.87,0.25,3.1766,849264.56,708510.551
600190.SH,20230907,3.29,3.35,3.26,3.3,3.3,0.0,0.0,478946.19,158178.416
600191.SH,20230907,6.29,6.31,6.16,6.19,6.32,-0.13,-2.057,59638.0,37123.667
600192.SH,20230907,5.62,5.62,5.49,5.49,5.6,-0.11,-1.9643,32555.0,18046.556
600193.SH,20230907,5.38,5.42,5.33,5.34,5.37,-0.03,-0.5587,20710.0,11114.566
600195.SH,20230907,11.69,11.7,11.48,11.49,11.65,-0.16,-1.3734,36664.04,42452.553
600196.SH,20230907,27.99,28.0,27.68,27.7,28.0,-0.3,-1.0714,80261.17,223023.895
600197.SH,20230907,25.06,25.25,24.54,24.54,25.07,-0.53,-2.1141,61011.87,151305.429
600198.SH,20230907,6.4,6.45,6.34,6.34,6.41,-0.07,-1.092,73286.0,46805.852
600199.SH,20230907,25.5,25.8,25.25,25.34,25.6,-0.26,-1.0156,68301.12,173965.825
600200.SH,20230907,7.35,7.38,7.26,7.27,7.37,-0.1,-1.3569,54533.0,39879.826
600201.SH,20230907,9.34,9.39,9.22,9.22,9.39,-0.17,-1.8104,55343.04,51350.774
600202.SH,20230907,6.02,6.02,5.8,5.83,6.02,-0.19,-3.1561,115080.11,67636.474
600203.SH,20230907,6.18,6.35,5.97,6.03,6.42,-0.39,-6.0748,525894.0,322001.411
600206.SH,20230907,12.7,12.75,12.49,12.5,12.79,-0.29,-2.2674,85669.02,107939.98
600207.SH,20230907,5.04,5.04,4.92,4.93,5.05,-0.12,-2.3762,67854.0,33694.592
600208.SH,20230907,2.57,2.59,2.53,2.54,2.58,-0.04,-1.5504,567721.0,145421.406
600210.SH,20230907,5.5,5.53,5.42,5.43,5.5,-0.07,-1.2727,179095.42,97861.557
600211.SH,20230907,49.55,49.55,47.92,47.97,49.59,-1.62,-3.2668,32372.27,157017.118
600212.SH,20230907,7.96,7.97,7.75,7.75,7.93,-0.18,-2.2699,48352.0,37793.68
600213.SH,20230907,9.46,9.47,9.24,9.25,9.53,-0.28,-2.9381,55551.59,51869.078
600215.SH,20230907,9.12,9.2,8.99,9.0,9.12,-0.12,-1.3158,60122.0,54633.992
600216.SH,20230907,10.89,10.91,10.68,10.71,10.91,-0.2,-1.8332,46336.0,49870.197
600217.SH,20230907,4.66,4.69,4.62,4.66,4.66,0.0,0.0,75843.0,35228.206
600218.SH,20230907,8.62,8.62,8.48,8.49,8.62,-0.13,-1.5081,23885.0,20400.827
600219.SH,20230907,3.23,3.24,3.18,3.19,3.23,-0.04,-1.2384,355619.1,114122.91
600220.SH,20230907,2.31,2.36,2.29,2.29,2.37,-0.08,-3.3755,198325.0,45947.994
600221.SH,20230907,1.53,1.54,1.49,1.49,1.53,-0.04,-2.6144,1201897.24,181766.766
600222.SH,20230907,5.21,5.21,5.11,5.11,5.21,-0.1,-1.9194,46530.0,23998.404
600223.SH,20230907,9.01,9.08,8.92,8.93,9.08,-0.15,-1.652,42870.0,38525.358
600225.SH,20230907,5.4,5.4,5.18,5.29,5.39,-0.1,-1.8553,180009.0,94552.375
600226.SH,20230907,2.82,2.87,2.8,2.81,2.83,-0.02,-0.7067,239651.82,67901.326
600227.SH,20230907,3.02,3.02,2.94,2.96,3.01,-0.05,-1.6611,163945.36,48736.155
600228.SH,20230907,8.64,8.76,8.47,8.5,8.66,-0.16,-1.8476,57758.01,49653.55
600229.SH,20230907,7.51,7.6,7.4,7.43,7.51,-0.08,-1.0652,51211.81,38286.393
600230.SH,20230907,14.77,14.77,14.38,14.41,14.78,-0.37,-2.5034,28379.18,41308.292
600231.SH,20230907,2.29,2.29,2.25,2.25,2.28,-0.03,-1.3158,135353.09,30703.262
600232.SH,20230907,5.77,5.79,5.63,5.67,5.76,-0.09,-1.5625,21146.01,12079.431
600233.SH,20230907,15.47,15.47,15.0,15.06,15.43,-0.37,-2.3979,114876.16,173710.152
600234.SH,20230907,7.88,8.13,7.67,7.69,7.87,-0.18,-2.2872,41761.18,32777.055
600235.SH,20230907,5.84,5.85,5.75,5.76,5.83,-0.07,-1.2007,36456.0,21134.448
600236.SH,20230907,5.54,5.57,5.53,5.55,5.54,0.01,0.1805,67757.39,37610.831
600237.SH,20230907,8.04,8.09,7.83,7.85,8.04,-0.19,-2.3632,221285.32,175965.286
600238.SH,20230907,10.88,10.96,10.66,10.67,10.88,-0.21,-1.9301,48949.0,52726.938
600239.SH,20230907,2.6,2.65,2.54,2.55,2.63,-0.08,-3.0418,577380.78,149652.636
600241.SH,20230907,7.92,7.99,7.83,7.84,7.96,-0.12,-1.5075,13137.0,10368.738
600243.SH,20230907,4.71,4.76,4.56,4.58,4.71,-0.13,-2.7601,188265.02,87443.841
600246.SH,20230907,5.35,5.87,5.35,5.59,5.34,0.25,4.6816,588092.65,332128.572
600248.SH,20230907,4.78,4.8,4.72,4.73,4.8,-0.07,-1.4583,179249.07,85319.633
600249.SH,20230907,5.32,5.42,5.28,5.28,5.35,-0.07,-1.3084,82324.02,44045.305
600250.SH,20230907,6.43,6.51,6.36,6.42,6.42,0.0,0.0,40861.05,26376.54
600251.SH,20230907,9.52,9.58,9.28,9.28,9.57,-0.29,-3.0303,107070.44,100625.607
600252.SH,20230907,2.57,2.57,2.52,2.52,2.57,-0.05,-1.9455,177788.0,45230.769
600255.SH,20230907,2.12,2.13,2.07,2.07,2.13,-0.06,-2.8169,137863.0,28850.529
600256.SH,20230907,7.23,7.3,7.17,7.18,7.28,-0.1,-1.3736,776120.82,561167.677
600257.SH,20230907,8.1,8.55,8.1,8.31,8.28,0.03,0.3623,845967.68,706761.646
600258.SH,20230907,18.08,18.32,18.01,18.1,18.12,-0.02,-0.1104,102894.29,186905.115
600259.SH,20230907,36.76,36.86,35.82,35.87,36.77,-0.9,-2.4476,34441.85,124612.225
600261.SH,20230907,3.57,3.58,3.52,3.52,3.58,-0.06,-1.676,55821.0,19770.664
600262.SH,20230907,19.1,19.2,18.61,18.63,19.06,-0.43,-2.256,11143.0,20992.545
600265.SH,20230907,17.11,17.11,16.78,16.87,17.1,-0.23,-1.345,2792.0,4733.384
600266.SH,20230907,6.81,6.94,6.76,6.79,6.86,-0.07,-1.0204,509961.46,348922.496
600267.SH,20230907,10.57,10.57,10.4,10.4,10.56,-0.16,-1.5152,67941.0,71157.897
600268.SH,20230907,7.11,7.16,7.01,7.01,7.14,-0.13,-1.8207,71130.26,50369.792
600269.SH,20230907,3.71,3.76,3.68,3.69,3.72,-0.03,-0.8065,146642.71,54558.097
600271.SH,20230907,12.55,12.65,12.43,12.43,12.62,-0.19,-1.5055,73593.19,92213.417
600272.SH,20230907,12.86,13.29,12.59,13.08,12.97,0.11,0.8481,237381.4,305623.037
600273.SH,20230907,9.0,9.02,8.8,8.81,8.98,-0.17,-1.8931,95582.45,84775.609
600276.SH,20230907,40.88,40.88,39.93,40.29,40.73,-0.44,-1.0803,286649.43,1152145.076
600277.SH,20230907,3.13,3.13,3.05,3.06,3.13,-0.07,-2.2364,204880.59,63212.517
600278.SH,20230907,6.95,6.98,6.87,6.88,6.96,-0.08,-1.1494,45761.35,31674.616
600279.SH,20230907,4.31,4.36,4.27,4.29,4.31,-0.02,-0.464,50097.77,21667.372
600280.SH,20230907,4.53,4.63,4.4,4.53,4.49,0.04,0.8909,870432.0,393150.856
600281.SH,20230907,4.41,4.44,4.32,4.35,4.42,-0.07,-1.5837,30222.0,13193.387
600282.SH,20230907,3.71,3.74,3.7,3.72,3.7,0.02,0.5405,223105.5,82988.128
600283.SH,20230907,13.26,13.27,13.06,13.09,13.3,-0.21,-1.5789,39663.87,52183.101
600284.SH,20230907,6.86,6.91,6.82,6.84,6.88,-0.04,-0.5814,53655.54,36792.833
600285.SH,20230907,15.78,15.78,15.43,15.44,15.69,-0.25,-1.5934,38779.64,60400.047
600287.SH,20230907,5.57,5.57,5.47,5.48,5.57,-0.09,-1.6158,32214.0,17771.084
600288.SH,20230907,10.36,10.46,10.21,10.22,10.44,-0.22,-2.1073,34300.09,35406.519
600289.SH,20230907,2.55,2.55,2.46,2.47,2.54,-0.07,-2.7559,21980.0,5469.606
600290.SH,20230907,1.39,1.46,1.39,1.41,1.4,0.01,0.7143,134297.0,19138.294
600292.SH,20230907,6.18,6.21,6.08,6.08,6.2,-0.12,-1.9355,146034.1,89610.298
600293.SH,20230907,3.14,3.32,3.13,3.21,3.16,0.05,1.5823,468942.34,151369.95
600295.SH,20230907,9.28,9.32,9.13,9.14,9.28,-0.14,-1.5086,48099.17,44289.6
600297.SH,20230907,2.06,2.07,2.05,2.05,2.07,-0.02,-0.9662,438017.93,90030.751
600298.SH,20230907,33.67,33.68,33.27,33.28,33.66,-0.38,-1.1289,32739.08,109295.508
600299.SH,20230907,8.3,8.3,8.2,8.2,8.28,-0.08,-0.9662,22399.99,18479.191
600300.SH,20230907,3.11,3.11,3.05,3.06,3.12,-0.06,-1.9231,189639.0,58364.778
600301.SH,20230907,15.73,15.89,15.37,15.45,15.78,-0.33,-2.0913,20834.0,32550.808
600302.SH,20230907,5.49,5.49,5.37,5.39,5.45,-0.06,-1.1009,33730.3,18260.416
600303.SH,20230907,4.63,4.63,4.51,4.53,4.65,-0.12,-2.5806,90243.0,41218.92
600305.SH,20230907,10.64,10.65,10.48,10.48,10.65,-0.17,-1.5962,29237.7,30841.408
600306.SH,20230907,7.82,7.9,7.77,7.85,7.9,-0.05,-0.6329,4573.54,3582.234
600307.SH,20230907,1.6,1.61,1.57,1.58,1.6,-0.02,-1.25,452561.0,71803.091
600308.SH,20230907,3.67,3.69,3.63,3.63,3.66,-0.03,-0.8197,78319.26,28684.261
600309.SH,20230907,96.53,97.0,95.4,96.11,96.53,-0.42,-0.4351,56659.22,545365.684
600310.SH,20230907,3.83,3.83,3.72,3.72,3.83,-0.11,-2.8721,260145.18,97693.5
600312.SH,20230907,10.73,10.73,10.56,10.62,10.74,-0.12,-1.1173,87394.0,92975.049
600313.SH,20230907,8.69,8.76,8.61,8.62,8.71,-0.09,-1.0333,128376.46,111077.309
600315.SH,20230907,26.22,26.31,25.38,25.43,26.31,-0.88,-3.3447,76538.0,197078.408
600316.SH,20230907,21.69,21.87,21.55,21.56,21.76,-0.2,-0.9191,26397.89,57229.64
600318.SH,20230907,6.55,6.62,6.51,6.52,6.6,-0.08,-1.2121,124097.0,81390.059
600319.SH,20230907,5.32,5.34,5.22,5.23,5.3,-0.07,-1.3208,31190.65,16448.612
600320.SH,20230907,3.64,3.65,3.56,3.57,3.65,-0.08,-2.1918,153402.8,55199.557
600321.SH,20230907,1.78,1.81,1.77,1.77,1.79,-0.02,-1.1173,187532.53,33487.563
600322.SH,20230907,2.97,3.28,2.95,3.07,3.07,0.0,0.0,1458399.49,453259.047
600323.SH,20230907,17.85,17.87,17.62,17.64,17.9,-0.26,-1.4525,35856.26,63649.434
600325.SH,20230907,10.22,10.35,10.06,10.06,10.24,-0.18,-1.7578,207647.75,211752.888
600326.SH,20230907,4.21,4.25,4.13,4.15,4.24,-0.09,-2.1226,126773.37,53013.65
600327.SH,20230907,4.68,4.73,4.66,4.67,4.67,0.0,0.0,100647.92,47285.332
600328.SH,20230907,9.05,9.06,8.9,8.91,9.06,-0.15,-1.6556,152738.5,136988.013
600329.SH,20230907,34.57,34.57,33.65,33.68,34.52,-0.84,-2.4334,42064.74,142706.418
600330.SH,20230907,9.94,9.96,9.54,9.55,9.88,-0.33,-3.3401,238282.53,230632.928
600331.SH,20230907,3.94,3.96,3.83,3.84,3.94,-0.1,-2.5381,209309.06,81135.014
600332.SH,20230907,30.83,30.89,30.33,30.37,30.89,-0.52,-1.6834,37523.65,114761.68
600333.SH,20230907,5.05,5.09,5.02,5.02,5.06,-0.04,-0.7905,37942.0,19180.454
600335.SH,20230907,7.42,7.44,7.25,7.26,7.44,-0.18,-2.4194,124899.41,91510.511
600336.SH,20230907,5.58,5.64,5.51,5.53,5.6,-0.07,-1.25,258988.0,144287.755
600337.SH,20230907,3.06,3.17,3.01,3.02,3.09,-0.07,-2.2654,221636.0,68486.188
600338.SH,20230907,15.26,15.38,14.91,14.91,15.25,-0.34,-2.2295,119868.0,180983.637
600339.SH,20230907,3.83,3.86,3.8,3.81,3.84,-0.03,-0.7813,323158.1,123693.839
600340.SH,20230907,2.29,2.31,2.24,2.24,2.29,-0.05,-2.1834,991780.89,225733.185
600343.SH,20230907,10.21,10.24,9.99,10.01,10.19,-0.18,-1.7664,43517.34,44020.358
600345.SH,20230907,19.6,19.61,19.11,19.18,19.66,-0.48,-2.4415,19187.78,37090.471
600346.SH,20230907,15.22,15.28,15.06,15.08,15.22,-0.14,-0.9198,137716.41,208671.871
600348.SH,20230907,8.33,8.51,8.29,8.3,8.38,-0.08,-0.9547,453235.47,379235.837
600350.SH,20230907,6.64,6.8,6.63,6.74,6.67,0.07,1.0495,130827.86,88203.789
600351.SH,20230907,7.71,7.83,7.66,7.67,7.71,-0.04,-0.5188,150089.0,116031.826
600352.SH,20230907,9.44,9.52,9.37,9.37,9.45,-0.08,-0.8466,84597.85,79880.005
600353.SH,20230907,7.7,7.83,7.42,7.45,7.77,-0.32,-4.1184,235575.21,178839.541
600354.SH,20230907,6.46,6.54,6.41,6.41,6.5,-0.09,-1.3846,89774.59,58069.27
600355.SH,20230907,3.46,3.5,3.41,3.42,3.47,-0.05,-1.4409,123004.0,42401.733
600356.SH,20230907,8.02,8.05,7.9,7.92,8.0,-0.08,-1.0,23388.0,18667.091
600358.SH,20230907,5.23,5.3,5.22,5.22,5.17,0.05,0.9671,87084.0,45753.283
600359.SH,20230907,7.86,7.87,7.71,7.71,7.86,-0.15,-1.9084,66734.0,51890.198
600360.SH,20230907,8.03,8.03,7.44,7.44,7.37,0.07,0.9498,1507864.36,1169989.004
600361.SH,20230907,5.58,5.64,5.51,5.55,5.64,-0.09,-1.5957,104313.4,58066.718
600362.SH,20230907,20.26,20.29,19.86,19.92,20.12,-0.2,-0.994,90290.15,180745.05
600363.SH,20230907,35.07,35.07,34.01,34.01,35.15,-1.14,-3.2432,45068.34,154831.053
600365.SH,20230907,3.74,3.74,3.66,3.67,3.72,-0.05,-1.3441,20735.0,7647.024
600366.SH,20230907,7.42,7.42,7.21,7.22,7.41,-0.19,-2.5641,88068.22,64059.585
600367.SH,20230907,14.09,14.2,13.9,13.93,14.15,-0.22,-1.5548,57541.39,80556.92
600368.SH,20230907,3.72,3.75,3.7,3.71,3.73,-0.02,-0.5362,97088.31,36088.909
600369.SH,20230907,4.19,4.23,4.16,4.19,4.19,0.0,0.0,514738.01,216001.729
600370.SH,20230907,2.62,2.65,2.6,2.6,2.62,-0.02,-0.7634,75076.0,19718.125
600399.SH,20230907,10.18,10.18,9.72,9.74,10.1,-0.36,-3.5644,220406.28,217941.891
600400.SH,20230907,3.09,3.09,3.03,3.03,3.08,-0.05,-1.6234,85238.0,26021.272
600403.SH,20230907,4.27,4.34,4.25,4.27,4.3,-0.03,-0.6977,69076.66,29647.504
600405.SH,20230907,5.49,5.5,5.38,5.39,5.5,-0.11,-2.0,46405.49,25208.598
600406.SH,20230907,23.32,23.42,22.96,23.01,23.37,-0.36,-1.5404,121418.7,280904.193
600408.SH,20230907,2.56,2.63,2.5,2.54,2.58,-0.04,-1.5504,131486.58,33797.4
600409.SH,20230907,6.14,6.18,6.1,6.13,6.15,-0.02,-0.3252,165702.0,101846.954
600410.SH,20230907,7.02,7.11,6.94,6.95,7.07,-0.12,-1.6973,164744.82,115703.238
600415.SH,20230907,8.83,9.22,8.69,9.0,8.93,0.07,0.7839,1405551.41,1270787.801
600416.SH,20230907,17.47,17.6,17.2,17.2,17.43,-0.23,-1.3196,91500.25,159312.667
600418.SH,20230907,13.55,13.59,13.17,13.23,13.61,-0.38,-2.7921,610902.77,814404.982
600419.SH,20230907,13.67,13.73,13.42,13.47,13.7,-0.23,-1.6788,38292.0,51953.296
600420.SH,20230907,9.85,9.88,9.63,9.64,9.86,-0.22,-2.2312,103563.52,100696.354
600421.SH,20230907,10.39,10.39,10.16,10.18,10.33,-0.15,-1.4521,10373.0,10620.783
600422.SH,20230907,15.91,16.02,15.7,15.72,16.03,-0.31,-1.9339,75615.23,119594.012
600423.SH,20230907,3.33,3.33,3.26,3.27,3.33,-0.06,-1.8018,28137.0,9266.814
600425.SH,20230907,4.67,4.75,4.62,4.63,4.69,-0.06,-1.2793,192288.95,89827.729
600426.SH,20230907,33.61,33.67,33.12,33.14,33.62,-0.48,-1.4277,56881.52,189446.311
600428.SH,20230907,5.5,5.51,5.42,5.43,5.52,-0.09,-1.6304,192106.75,104887.882
600429.SH,20230907,4.98,4.98,4.86,4.87,4.99,-0.12,-2.4048,95185.72,46664.203
600433.SH,20230907,3.52,3.55,3.47,3.48,3.52,-0.04,-1.1364,68112.36,23878.933
600435.SH,20230907,10.7,11.0,10.64,10.67,10.71,-0.04,-0.3735,265798.03,288355.798
600436.SH,20230907,275.6,275.84,271.6,271.9,275.88,-3.98,-1.4427,10465.32,285609.322
600438.SH,20230907,32.02,32.03,31.33,31.33,32.05,-0.72,-2.2465,207077.77,654207.242
600439.SH,20230907,2.61,2.61,2.56,2.57,2.6,-0.03,-1.1538,59738.0,15438.064
600444.SH,20230907,13.61,13.65,13.44,13.47,13.61,-0.14,-1.0287,9934.0,13455.876
600446.SH,20230907,13.12,13.29,13.01,13.01,13.14,-0.13,-0.9893,145952.0,191637.528
600448.SH,20230907,3.15,3.19,3.13,3.14,3.16,-0.02,-0.6329,62724.8,19839.626
600449.SH,20230907,16.5,17.8,16.4,17.11,16.5,0.61,3.697,195252.84,334803.33
600452.SH,20230907,13.63,13.69,13.26,13.37,13.63,-0.26,-1.9076,107539.21,144174.637
600455.SH,20230907,23.53,23.9,23.45,23.48,23.58,-0.1,-0.4241,13041.0,30828.001
600456.SH,20230907,35.55,36.19,35.21,35.37,35.8,-0.43,-1.2011,79111.53,281604.002
600458.SH,20230907,10.87,10.91,10.66,10.69,10.92,-0.23,-2.1062,62870.0,67613.663
600459.SH,20230907,15.5,16.0,15.45,15.47,15.45,0.02,0.1294,116943.12,182849.023
600460.SH,20230907,26.09,26.16,25.51,25.51,26.27,-0.76,-2.893,149327.73,384875.649
600461.SH,20230907,8.26,8.44,8.23,8.38,8.26,0.12,1.4528,73448.25,61355.578
600462.SH,20230907,2.03,2.05,2.01,2.01,2.04,-0.03,-1.4706,40272.0,8171.505
600463.SH,20230907,8.87,8.92,8.72,8.74,8.87,-0.13,-1.4656,16335.0,14404.147
600467.SH,20230907,2.5,2.51,2.46,2.46,2.5,-0.04,-1.6,458177.89,113886.806
600468.SH,20230907,5.68,5.69,5.53,5.53,5.68,-0.15,-2.6408,227775.5,127112.239
600519.SH,20230907,1852.6,1856.89,1831.19,1838.0,1861.0,-23.0,-1.2359,16981.57,3128587.116
600520.SH,20230907,13.87,13.97,13.36,13.4,14.18,-0.78,-5.5007,125851.0,171601.303
600521.SH,20230907,16.83,16.85,16.37,16.41,16.83,-0.42,-2.4955,76779.14,126996.009
600522.SH,20230907,14.58,14.61,14.35,14.35,14.58,-0.23,-1.5775,219162.15,316718.734
600523.SH,20230907,13.42,13.47,13.19,13.19,13.43,-0.24,-1.787,27742.44,36951.551
600525.SH,20230907,4.95,4.95,4.82,4.82,4.96,-0.14,-2.8226,90334.8,43980.17
600526.SH,20230907,4.97,4.98,4.85,4.85,4.96,-0.11,-2.2177,73038.0,35765.39
600527.SH,20230907,2.05,2.05,2.01,2.02,2.04,-0.02,-0.9804,80177.4,16279.57
600528.SH,20230907,8.68,8.73,8.57,8.57,8.7,-0.13,-1.4943,93923.61,81182.519
600529.SH,20230907,26.18,26.36,25.78,25.84,26.17,-0.33,-1.261,44600.89,116046.291
600530.SH,20230907,2.12,2.12,2.08,2.08,2.13,-0.05,-2.3474,98192.02,20596.823
600531.SH,20230907,7.18,7.19,6.99,7.03,7.19,-0.16,-2.2253,224065.9,158119.575
600533.SH,20230907,3.29,3.37,3.26,3.27,3.31,-0.04,-1.2085,209681.0,69598.759
600535.SH,20230907,13.84,13.86,13.45,13.48,13.83,-0.35,-2.5307,78250.5,106438.55
600536.SH,20230907,41.96,42.35,41.4,41.5,41.99,-0.49,-1.1669,111417.09,466364.532
600537.SH,20230907,6.19,6.19,6.09,6.1,6.21,-0.11,-1.7713,193910.67,118648.764
600538.SH,20230907,4.45,4.46,4.39,4.41,4.47,-0.06,-1.3423,33384.0,14764.896
600539.SH,20230907,7.0,7.08,6.96,6.96,7.03,-0.07,-0.9957,30256.0,21216.306
600540.SH,20230907,5.68,5.7,5.44,5.48,5.7,-0.22,-3.8596,455258.13,251855.227
600543.SH,20230907,5.67,5.7,5.61,5.61,5.69,-0.08,-1.406,17043.95,9617.303
600545.SH,20230907,2.55,2.6,2.5,2.5,2.54,-0.04,-1.5748,123255.66,31358.928
600546.SH,20230907,18.74,19.7,18.65,19.49,18.72,0.77,4.1132,376801.33,728266.816
600547.SH,20230907,25.54,25.79,25.31,25.55,25.54,0.01,0.0392,130947.0,335250.384
600548.SH,20230907,9.29,9.5,9.28,9.41,9.34,0.07,0.7495,23442.53,22073.295
600549.SH,20230907,17.78,17.82,17.61,17.62,17.87,-0.25,-1.399,56277.42,99485.787
600550.SH,20230907,4.74,4.75,4.63,4.63,4.74,-0.11,-2.3207,78042.0,36500.05
600551.SH,20230907,11.84,11.93,11.65,11.68,11.84,-0.16,-1.3514,21425.01,25186.174
600552.SH,20230907,10.96,10.97,10.7,10.73,10.93,-0.2,-1.8298,89483.0,96612.084
600556.SH,20230907,6.48,6.55,6.36,6.36,6.47,-0.11,-1.7002,167006.0,107376.926
600557.SH,20230907,17.81,17.83,17.2,17.21,17.81,-0.6,-3.3689,114041.88,198163.597
600558.SH,20230907,4.01,4.01,3.94,3.95,4.0,-0.05,-1.25,80495.0,31924.903
600559.SH,20230907,25.0,25.26,24.6,24.68,25.07,-0.39,-1.5556,217715.03,542777.943
600560.SH,20230907,13.08,13.08,12.75,12.75,13.03,-0.28,-2.1489,19545.0,25143.565
600561.SH,20230907,5.77,5.84,5.65,5.65,5.76,-0.11,-1.9097,26967.0,15407.411
600562.SH,20230907,15.67,15.73,15.5,15.53,15.61,-0.08,-0.5125,39405.0,61521.76
600563.SH,20230907,113.37,113.37,110.41,110.46,113.55,-3.09,-2.7213,10960.61,121821.858
600565.SH,20230907,1.81,1.84,1.78,1.78,1.81,-0.03,-1.6575,341985.0,62073.9
600566.SH,20230907,25.72,25.85,25.42,25.43,25.72,-0.29,-1.1275,52346.0,134167.205
600567.SH,20230907,2.15,2.16,2.11,2.12,2.15,-0.03,-1.3953,216490.38,46139.663
600568.SH,20230907,1.79,1.8,1.78,1.79,1.79,0.0,0.0,42932.6,7678.984
600612.SH,20230907,62.49,62.95,62.16,62.2,62.7,-0.5,-0.7974,5122.0,31954.862
600613.SH,20230907,7.54,7.57,7.38,7.38,7.52,-0.14,-1.8617,123080.0,91923.945
600615.SH,20230907,9.23,9.27,9.01,9.08,9.16,-0.08,-0.8734,23191.75,21094.27
600616.SH,20230907,6.83,6.83,6.7,6.7,6.82,-0.12,-1.7595,52071.13,35173.061
600617.SH,20230907,4.28,4.29,4.2,4.21,4.28,-0.07,-1.6355,78672.4,33361.584
600618.SH,20230907,8.94,8.96,8.76,8.79,8.91,-0.12,-1.3468,24503.0,21616.971
600619.SH,20230907,6.42,6.47,6.16,6.18,6.58,-0.4,-6.079,305947.42,192479.641
600620.SH,20230907,11.53,11.62,11.46,11.58,11.53,0.05,0.4337,58073.95,67097.853
600621.SH,20230907,12.19,12.47,12.19,12.36,12.23,0.13,1.063,327995.66,404669.314
600622.SH,20230907,2.93,2.98,2.87,2.88,2.95,-0.07,-2.3729,337669.82,98692.805
600623.SH,20230907,6.55,6.55,6.47,6.47,6.53,-0.06,-0.9188,46145.0,30046.142
600624.SH,20230907,5.93,5.94,5.84,5.85,5.93,-0.08,-1.3491,22561.5,13271.936
600626.SH,20230907,3.55,3.57,3.49,3.5,3.55,-0.05,-1.4085,42943.06,15158.542
600628.SH,20230907,7.26,7.31,7.22,7.24,7.28,-0.04,-0.5495,32650.0,23716.197
600629.SH,20230907,6.22,6.26,6.13,6.15,6.28,-0.13,-2.0701,115264.79,71275.178
600630.SH,20230907,5.92,6.17,5.88,5.94,5.88,0.06,1.0204,203887.3,122662.588
600633.SH,20230907,16.17,16.95,16.17,16.37,16.33,0.04,0.2449,593392.63,986487.24
600635.SH,20230907,3.29,3.31,3.26,3.27,3.3,-0.03,-0.9091,136375.02,44722.033
600636.SH,20230907,10.4,10.73,10.33,10.35,10.42,-0.07,-0.6718,115834.68,121908.03
600637.SH,20230907,7.46,7.6,7.39,7.4,7.49,-0.09,-1.2016,209831.48,156562.463
600638.SH,20230907,6.29,6.56,6.21,6.24,6.59,-0.35,-5.3111,210783.93,134748.925
600639.SH,20230907,12.7,12.94,12.53,12.55,12.7,-0.15,-1.1811,84215.0,107297.081
600640.SH,20230907,10.83,11.03,10.73,10.74,10.86,-0.12,-1.105,38348.1,41614.508
600641.SH,20230907,17.15,17.15,16.36,16.36,17.2,-0.84,-4.8837,258866.99,431605.048
600642.SH,20230907,6.54,6.57,6.43,6.43,6.55,-0.12,-1.8321,159098.51,103090.201
600643.SH,20230907,5.31,5.34,5.28,5.3,5.32,-0.02,-0.3759,77594.91,41199.131
600644.SH,20230907,6.69,6.74,6.61,6.66,6.74,-0.08,-1.1869,21603.0,14431.691
600645.SH,20230907,17.4,17.44,17.23,17.23,17.45,-0.22,-1.2607,32574.0,56438.695
600647.SH,20230907,13.9,13.97,13.77,13.92,13.97,-0.05,-0.3579,5633.0,7809.605
600648.SH,20230907,11.99,12.12,11.93,12.03,11.98,0.05,0.4174,43195.29,51996.758
600649.SH,20230907,4.75,4.76,4.56,4.6,4.74,-0.14,-2.9536,431526.13,200953.906
600650.SH,20230907,9.52,9.6,9.45,9.46,9.57,-0.11,-1.1494,9176.0,8735.902
600651.SH,20230907,3.58,3.59,3.49,3.5,3.59,-0.09,-2.507,125543.66,44313.699
600653.SH,20230907,1.84,1.85,1.81,1.82,1.85,-0.03,-1.6216,180900.0,33108.289
600654.SH,20230907,1.97,1.97,1.93,1.95,1.97,-0.02,-1.0152,27022.03,5268.428
600655.SH,20230907,7.43,7.45,7.36,7.39,7.43,-0.04,-0.5384,60751.0,45019.557
600657.SH,20230907,4.45,4.53,4.38,4.4,4.46,-0.06,-1.3453,267775.0,119400.156
600658.SH,20230907,4.94,5.03,4.9,4.91,4.97,-0.06,-1.2072,127513.13,63221.256
600660.SH,20230907,38.73,38.8,38.4,38.6,38.88,-0.28,-0.7202,63707.0,245994.135
600661.SH,20230907,8.88,9.04,8.8,8.8,8.86,-0.06,-0.6772,29181.01,26011.72
600662.SH,20230907,5.68,5.72,5.64,5.64,5.67,-0.03,-0.5291,49551.73,28093.729
600663.SH,20230907,9.92,10.16,9.85,9.87,9.87,0.0,0.0,124849.43,124809.086
600664.SH,20230907,3.21,3.21,3.15,3.16,3.22,-0.06,-1.8634,222301.56,70557.939
600665.SH,20230907,4.11,4.17,4.05,4.06,4.11,-0.05,-1.2165,124895.0,51430.729
600666.SH,20230907,2.02,2.04,2.0,2.0,2.03,-0.03,-1.4778,58623.0,11826.281
600667.SH,20230907,6.98,6.98,6.83,6.85,7.01,-0.16,-2.2825,325949.92,224712.566
600668.SH,20230907,11.53,11.53,11.39,11.39,11.52,-0.13,-1.1285,19819.0,22683.016
600671.SH,20230907,9.65,9.65,9.38,9.44,9.65,-0.21,-2.1762,2837.67,2682.571
600673.SH,20230907,6.6,6.65,6.44,6.55,6.62,-0.07,-1.0574,149153.6,97691.986
600674.SH,20230907,14.76,14.88,14.72,14.78,14.76,0.02,0.1355,67341.44,99712.271
600675.SH,20230907,3.76,3.83,3.72,3.75,3.74,0.01,0.2674,199227.81,75293.569
600676.SH,20230907,4.27,4.28,4.19,4.2,4.28,-0.08,-1.8692,42466.15,17994.69
600678.SH,20230907,5.64,5.67,5.56,5.56,5.63,-0.07,-1.2433,29852.93,16738.513
600679.SH,20230907,8.39,8.48,8.32,8.33,8.44,-0.11,-1.3033,12470.01,10457.516
600681.SH,20230907,4.43,4.44,4.39,4.4,4.44,-0.04,-0.9009,59292.65,26184.119
600682.SH,20230907,7.95,7.95,7.84,7.85,7.95,-0.1,-1.2579,47026.0,37111.316
600683.SH,20230907,7.54,7.92,7.5,7.51,7.75,-0.24,-3.0968,592378.1,455382.559
600684.SH,20230907,4.15,4.27,4.09,4.11,4.18,-0.07,-1.6746,501060.72,208986.965
600685.SH,20230907,24.7,24.79,23.89,23.89,24.66,-0.77,-3.1225,62406.69,150980.492
600686.SH,20230907,7.15,7.15,7.0,7.01,7.18,-0.17,-2.3677,96448.0,68102.616
600688.SH,20230907,3.12,3.14,3.1,3.1,3.13,-0.03,-0.9585,156268.01,48770.771
600689.SH,20230907,10.51,10.59,10.35,10.42,10.73,-0.31,-2.8891,122985.1,128415.851
600690.SH,20230907,24.59,24.6,24.33,24.49,24.61,-0.12,-0.4876,141121.79,345177.168
600691.SH,20230907,3.3,3.37,3.27,3.27,3.33,-0.06,-1.8018,246253.0,81461.205
600692.SH,20230907,5.95,6.02,5.9,5.93,5.96,-0.03,-0.5034,41729.0,24886.184
600693.SH,20230907,4.01,4.03,3.95,3.95,3.97,-0.02,-0.5038,71319.0,28455.79
600694.SH,20230907,18.07,18.11,17.87,17.9,18.06,-0.16,-0.8859,11146.0,20031.678
600696.SH,20230907,24.72,24.95,24.53,24.6,24.86,-0.26,-1.0459,6662.0,16467.136
600697.SH,20230907,13.08,13.45,13.06,13.18,13.12,0.06,0.4573,23227.0,30628.123
600698.SH,20230907,4.63,4.63,4.5,4.51,4.63,-0.12,-2.5918,54968.0,25016.209
600699.SH,20230907,18.6,18.64,17.94,18.05,18.77,-0.72,-3.8359,251395.4,457113.678
600702.SH,20230907,144.08,145.69,143.01,143.3,145.47,-2.17,-1.4917,46392.5,668485.412
600703.SH,20230907,15.9,15.92,15.58,15.62,15.99,-0.37,-2.3139,284202.19,446515.421
600704.SH,20230907,4.78,4.79,4.73,4.73,4.78,-0.05,-1.046,243850.45,116039.941
600705.SH,20230907,3.7,3.7,3.64,3.65,3.7,-0.05,-1.3514,495850.97,181930.484
600706.SH,20230907,16.18,17.91,16.18,17.37,16.28,1.09,6.6953,473857.44,826232.916
600707.SH,20230907,6.26,6.26,6.09,6.11,6.28,-0.17,-2.707,178298.9,109593.997
600708.SH,20230907,2.42,2.47,2.39,2.4,2.41,-0.01,-0.4149,529597.55,129001.371
600710.SH,20230907,7.73,7.76,7.6,7.64,7.73,-0.09,-1.1643,60683.0,46542.319
600711.SH,20230907,4.85,4.86,4.77,4.77,4.84,-0.07,-1.4463,209943.0,100820.925
600712.SH,20230907,4.07,4.1,4.02,4.03,4.08,-0.05,-1.2255,42283.0,17133.978
600713.SH,20230907,5.07,5.08,4.99,4.99,5.06,-0.07,-1.3834,71868.0,36150.993
600714.SH,20230907,9.26,9.26,9.12,9.13,9.19,-0.06,-0.6529,10727.0,9845.0
600715.SH,20230907,2.19,2.22,2.17,2.17,2.19,-0.02,-0.9132,180528.0,39634.277
600716.SH,20230907,3.81,3.89,3.79,3.81,3.8,0.01,0.2632,137847.0,52945.958
600717.SH,20230907,4.37,4.4,4.32,4.35,4.39,-0.04,-0.9112,117712.82,51338.543
600718.SH,20230907,10.16,10.28,10.08,10.11,10.18,-0.07,-0.6876,110856.04,112810.55
600719.SH,20230907,7.63,7.66,7.39,7.4,7.7,-0.3,-3.8961,205565.95,153827.606
600720.SH,20230907,11.24,11.32,11.1,11.12,11.31,-0.19,-1.6799,67739.0,75857.941
600721.SH,20230907,7.49,7.49,7.23,7.25,7.41,-0.16,-2.1592,59961.0,44141.731
600722.SH,20230907,4.95,4.96,4.88,4.89,4.93,-0.04,-0.8114,37276.0,18348.122
600724.SH,20230907,3.9,3.95,3.86,3.87,3.9,-0.03,-0.7692,64295.01,25117.359
600725.SH,20230907,3.06,3.09,3.0,3.0,3.14,-0.14,-4.4586,259192.43,78648.587
600726.SH,20230907,2.39,2.4,2.34,2.35,2.4,-0.05,-2.0833,172725.0,40752.522
600727.SH,20230907,6.13,6.14,6.05,6.05,6.12,-0.07,-1.1438,22697.24,13813.231
600728.SH,20230907,5.69,5.73,5.62,5.63,5.72,-0.09,-1.5734,211708.48,119980.722
600729.SH,20230907,33.52,33.79,33.33,33.4,33.51,-0.11,-0.3283,13161.89,44153.166
600730.SH,20230907,5.82,5.94,5.76,5.77,5.84,-0.07,-1.1986,69667.21,40790.45
600731.SH,20230907,7.05,7.05,6.88,6.88,7.04,-0.16,-2.2727,66885.0,46502.814
600732.SH,20230907,23.81,24.29,23.14,23.17,24.36,-1.19,-4.8851,530999.71,1256290.84
600733.SH,20230907,5.11,5.11,5.0,5.01,5.13,-0.12,-2.3392,360306.25,181720.646
600734.SH,20230907,3.89,3.91,3.83,3.84,3.88,-0.04,-1.0309,60372.26,23330.881
600735.SH,20230907,6.1,6.13,6.02,6.03,6.1,-0.07,-1.1475,29674.01,18021.097
600736.SH,20230907,4.91,4.98,4.86,4.86,4.93,-0.07,-1.4199,178400.13,87764.94
600737.SH,20230907,8.58,8.6,8.41,8.42,8.65,-0.23,-2.659,236471.06,200314.191
600738.SH,20230907,5.68,5.74,5.64,5.66,5.74,-0.08,-1.3937,40629.0,23084.702
600739.SH,20230907,13.0,13.02,12.78,12.79,12.96,-0.17,-1.3117,68268.49,87782.989
600740.SH,20230907,5.2,5.22,5.17,5.17,5.21,-0.04,-0.7678,171751.41,89164.841
600741.SH,20230907,19.04,19.1,18.8,18.83,19.14,-0.31,-1.6196,66519.89,125675.763
600742.SH,20230907,8.76,8.77,8.61,8.63,8.74,-0.11,-1.2586,64679.11,56129.502
600743.SH,20230907,1.9,1.96,1.88,1.89,1.91,-0.02,-1.0471,582765.0,111600.918
600744.SH,20230907,3.36,3.36,3.31,3.32,3.37,-0.05,-1.4837,132384.33,44072.607
600745.SH,20230907,46.45,46.45,45.37,45.37,46.69,-1.32,-2.8272,134017.32,613992.626
600746.SH,20230907,7.15,7.16,7.07,7.07,7.14,-0.07,-0.9804,50056.01,35577.8
600748.SH,20230907,4.2,4.29,4.11,4.13,4.22,-0.09,-2.1327,243924.41,102445.486
600749.SH,20230907,12.87,13.08,12.87,12.89,12.9,-0.01,-0.0775,38622.0,50086.69
600750.SH,20230907,18.37,18.58,18.03,18.07,18.37,-0.3,-1.6331,108149.92,197814.206
600751.SH,20230907,2.67,2.67,2.61,2.61,2.66,-0.05,-1.8797,165769.98,43716.029
600753.SH,20230907,12.25,12.4,11.22,11.22,12.45,-1.23,-9.8795,364906.0,431533.24
600754.SH,20230907,39.81,40.11,39.5,39.51,39.81,-0.3,-0.7536,69058.13,274588.626
600755.SH,20230907,7.52,7.63,7.47,7.56,7.52,0.04,0.5319,180887.39,136975.395
600756.SH,20230907,14.93,15.28,14.93,14.94,15.05,-0.11,-0.7309,53324.45,80473.748
600757.SH,20230907,7.68,7.75,7.61,7.63,7.68,-0.05,-0.651,120781.26,92851.381
600758.SH,20230907,4.3,4.33,4.24,4.27,4.29,-0.02,-0.4662,123266.0,52872.641
600759.SH,20230907,2.73,2.74,2.69,2.69,2.73,-0.04,-1.4652,117928.84,31883.862
600760.SH,20230907,45.47,45.72,44.83,44.98,45.5,-0.52,-1.1429,153827.6,697006.36
600761.SH,20230907,20.41,20.75,20.14,20.25,20.53,-0.28,-1.3639,62993.89,128885.247
600763.SH,20230907,95.0,95.12,93.0,93.1,95.39,-2.29,-2.4007,18263.0,171279.945
600764.SH,20230907,23.38,24.02,23.3,23.52,23.37,0.15,0.6418,53174.36,125637.688
600765.SH,20230907,27.1,27.2,26.83,26.96,27.04,-0.08,-0.2959,84234.22,227576.945
600766.SH,20230907,12.31,12.47,12.15,12.31,12.34,-0.03,-0.2431,11030.0,13599.829
600768.SH,20230907,11.15,11.15,10.93,10.95,11.11,-0.16,-1.4401,13764.01,15175.879
600769.SH,20230907,7.96,8.1,7.88,7.88,8.02,-0.14,-1.7456,47653.0,37848.543
600770.SH,20230907,5.38,5.61,5.09,5.1,5.28,-0.18,-3.4091,249693.45,131795.079
600771.SH,20230907,30.07,30.07,29.45,29.48,29.99,-0.51,-1.7006,32469.0,96438.103
600773.SH,20230907,12.39,12.45,12.11,12.12,12.4,-0.28,-2.2581,49348.0,60509.56
600774.SH,20230907,10.14,10.24,10.01,10.02,10.22,-0.2,-1.9569,22406.44,22649.317
600775.SH,20230907,8.9,8.99,8.79,8.81,8.97,-0.16,-1.7837,43498.0,38590.695
600776.SH,20230907,11.65,11.89,11.46,11.48,11.77,-0.29,-2.4639,159741.72,185360.331
600777.SH,20230907,2.62,2.63,2.57,2.59,2.62,-0.03,-1.145,1174340.74,306050.866
600778.SH,20230907,6.23,6.26,6.14,6.15,6.19,-0.04,-0.6462,72567.0,44981.235
600779.SH,20230907,73.27,75.67,72.1,72.2,72.99,-0.79,-1.0823,76466.44,562037.751
600780.SH,20230907,8.66,8.66,8.55,8.59,8.68,-0.09,-1.0369,34659.0,29779.479
600782.SH,20230907,4.25,4.27,4.17,4.18,4.27,-0.09,-2.1077,264196.0,111170.866
600783.SH,20230907,12.71,12.78,12.54,12.54,12.76,-0.22,-1.7241,26959.0,34117.393
600784.SH,20230907,6.54,6.56,6.42,6.43,6.57,-0.14,-2.1309,40590.03,26342.496
600785.SH,20230907,14.6,14.75,14.52,14.6,14.66,-0.06,-0.4093,23886.0,34930.167
600787.SH,20230907,5.33,5.34,5.25,5.25,5.33,-0.08,-1.5009,105654.86,55900.041
600789.SH,20230907,6.5,6.53,6.41,6.42,6.51,-0.09,-1.3825,60084.6,38829.387
600790.SH,20230907,4.24,4.25,4.18,4.19,4.24,-0.05,-1.1792,58210.42,24576.083
600791.SH,20230907,4.74,4.83,4.69,4.72,4.74,-0.02,-0.4219,155596.0,74059.067
600792.SH,20230907,4.32,4.6,4.32,4.32,4.8,-0.48,-10.0,872502.0,379934.91
600793.SH,20230907,11.97,11.97,11.78,11.81,11.92,-0.11,-0.9228,9316.0,11044.724
600794.SH,20230907,3.71,3.72,3.59,3.67,3.73,-0.06,-1.6086,330244.8,120039.305
600795.SH,20230907,3.65,3.68,3.6,3.63,3.65,-0.02,-0.5479,864783.29,314873.129
600796.SH,20230907,5.62,5.64,5.46,5.46,5.64,-0.18,-3.1915,122958.8,67900.406
600797.SH,20230907,6.77,6.82,6.7,6.7,6.77,-0.07,-1.034,106466.0,71939.699
600798.SH,20230907,3.56,3.58,3.52,3.52,3.57,-0.05,-1.4006,51906.0,18391.207
600800.SH,20230907,3.66,3.68,3.59,3.6,3.66,-0.06,-1.6393,59026.0,21402.751
600801.SH,20230907,14.2,14.22,13.88,13.89,14.19,-0.3,-2.1142,56172.0,78689.777
600802.SH,20230907,5.32,5.37,5.24,5.24,5.31,-0.07,-1.3183,42855.0,22712.434
600803.SH,20230907,17.34,17.37,17.05,17.11,17.33,-0.22,-1.2695,78572.78,135067.382
600804.SH,20230907,4.3,4.32,4.18,4.19,4.33,-0.14,-3.2333,171859.01,72791.731
600805.SH,20230907,4.51,4.52,4.43,4.43,4.5,-0.07,-1.5556,34783.11,15565.042
600807.SH,20230907,3.32,3.32,3.22,3.23,3.3,-0.07,-2.1212,78154.28,25464.953
600808.SH,20230907,2.71,2.72,2.64,2.65,2.7,-0.05,-1.8519,274738.7,73289.993
600809.SH,20230907,255.0,256.0,252.0,253.74,256.61,-2.87,-1.1184,36283.22,921219.042
600810.SH,20230907,7.22,7.28,7.18,7.22,7.2,0.02,0.2778,67708.86,48943.639
600811.SH,20230907,2.27,2.27,2.23,2.23,2.27,-0.04,-1.7621,361898.95,81272.792
600812.SH,20230907,5.43,5.45,5.28,5.29,5.45,-0.16,-2.9358,145856.66,78056.763
600814.SH,20230907,9.44,10.47,9.44,10.47,9.52,0.95,9.979,740844.6,737477.499
600815.SH,20230907,2.69,2.7,2.66,2.66,2.7,-0.04,-1.4815,84625.21,22618.249
600816.SH,20230907,3.47,3.48,3.41,3.43,3.48,-0.05,-1.4368,131761.8,45419.117
600817.SH,20230907,9.91,9.91,9.67,9.67,9.89,-0.22,-2.2245,16700.0,16301.015
600818.SH,20230907,14.14,14.34,13.83,13.88,14.16,-0.28,-1.9774,40092.0,56189.943
600819.SH,20230907,5.1,5.16,5.03,5.03,5.1,-0.07,-1.3725,58481.0,29796.603
600820.SH,20230907,5.82,5.84,5.74,5.75,5.84,-0.09,-1.5411,189839.42,109870.638
600821.SH,20230907,6.99,6.99,6.8,6.8,7.0,-0.2,-2.8571,258865.0,177862.922
600822.SH,20230907,11.85,11.86,11.5,11.58,11.85,-0.27,-2.2785,71006.26,82537.903
600823.SH,20230907,1.61,1.64,1.56,1.57,1.63,-0.06,-3.681,1096631.28,175589.157
600824.SH,20230907,3.64,3.64,3.58,3.59,3.63,-0.04,-1.1019,73238.0,26436.981
600825.SH,20230907,4.58,4.66,4.54,4.55,4.6,-0.05,-1.087,128870.0,59128.702
600826.SH,20230907,11.48,11.7,11.42,11.55,11.48,0.07,0.6098,39808.97,46143.377
600827.SH,20230907,11.5,11.53,11.31,11.31,11.48,-0.17,-1.4808,76253.46,86932.098
600828.SH,20230907,3.83,3.88,3.8,3.81,3.85,-0.04,-1.039,46549.0,17861.872
600829.SH,20230907,7.43,7.54,7.4,7.41,7.51,-0.1,-1.3316,123971.92,92244.684
600830.SH,20230907,6.2,6.26,6.11,6.12,6.2,-0.08,-1.2903,65789.58,40648.291
600831.SH,20230907,5.73,5.78,5.63,5.64,5.76,-0.12,-2.0833,79814.11,45486.987
600833.SH,20230907,11.21,11.21,10.97,10.98,11.19,-0.21,-1.8767,36665.3,40556.913
600834.SH,20230907,8.64,8.66,8.41,8.41,8.79,-0.38,-4.3231,138052.25,117411.645
600835.SH,20230907,15.38,15.4,14.98,15.01,15.38,-0.37,-2.4057,34792.02,52695.902
600836.SH,20230907,4.17,4.26,4.03,4.03,4.14,-0.11,-2.657,130221.0,53256.605
600837.SH,20230907,9.93,9.96,9.82,9.84,9.94,-0.1,-1.006,363367.01,359036.885
600838.SH,20230907,7.15,7.15,6.91,6.94,7.14,-0.2,-2.8011,172326.23,120494.216
600839.SH,20230907,4.13,4.2,4.0,4.0,4.12,-0.12,-2.9126,1336802.71,543771.324
600841.SH,20230907,6.03,6.04,5.91,5.92,6.01,-0.09,-1.4975,35587.12,21243.83
600843.SH,20230907,5.81,5.84,5.7,5.72,5.8,-0.08,-1.3793,46104.0,26556.309
600844.SH,20230907,2.82,2.82,2.75,2.76,2.81,-0.05,-1.7794,41369.68,11538.503
600845.SH,20230907,46.26,46.74,45.66,45.82,45.96,-0.14,-0.3046,46466.29,214372.441
600846.SH,20230907,10.14,10.21,9.9,9.94,10.14,-0.2,-1.9724,95717.52,96070.374
600847.SH,20230907,11.58,11.66,11.42,11.47,11.59,-0.12,-1.0354,19290.0,22185.654
600848.SH,20230907,11.72,11.89,11.66,11.69,11.72,-0.03,-0.256,59036.12,69627.404
600850.SH,20230907,23.8,25.48,23.8,25.48,23.16,2.32,10.0173,215299.38,540746.475
600851.SH,20230907,6.71,6.75,6.58,6.62,6.75,-0.13,-1.9259,50046.0,33265.82
600853.SH,20230907,4.48,4.64,4.45,4.57,4.48,0.09,2.0089,460376.77,209864.264
600854.SH,20230907,4.77,4.78,4.67,4.68,4.77,-0.09,-1.8868,41478.0,19589.015
600855.SH,20230907,11.93,11.96,11.76,11.79,11.91,-0.12,-1.0076,18077.0,21430.176
600857.SH,20230907,9.79,9.87,9.67,9.7,9.8,-0.1,-1.0204,16370.0,16004.61
600858.SH,20230907,6.26,6.33,6.15,6.17,6.25,-0.08,-1.28,54544.0,34079.774
600859.SH,20230907,21.01,21.12,20.87,20.93,21.08,-0.15,-0.7116,51428.08,107855.2
600860.SH,20230907,12.85,12.98,12.5,12.5,12.89,-0.39,-3.0256,99549.49,126341.663
600861.SH,20230907,25.28,25.45,24.88,25.0,25.32,-0.32,-1.2638,11015.01,27609.39
600862.SH,20230907,25.3,25.59,25.02,25.23,25.31,-0.08,-0.3161,78681.06,199260.827
600863.SH,20230907,3.44,3.45,3.4,3.41,3.45,-0.04,-1.1594,517115.04,176926.857
600864.SH,20230907,5.57,5.64,5.55,5.63,5.59,0.04,0.7156,413183.72,231492.677
600865.SH,20230907,8.73,8.98,8.73,8.9,8.82,0.08,0.907,40670.6,36135.481
600866.SH,20230907,5.29,5.31,5.21,5.22,5.3,-0.08,-1.5094,29594.0,15548.851
600867.SH,20230907,9.65,9.67,9.52,9.53,9.67,-0.14,-1.4478,68528.44,65629.948
600868.SH,20230907,2.71,2.72,2.68,2.68,2.72,-0.04,-1.4706,115954.08,31248.899
600869.SH,20230907,4.98,5.01,4.9,4.9,4.99,-0.09,-1.8036,75499.0,37309.972
600871.SH,20230907,2.14,2.15,2.11,2.11,2.15,-0.04,-1.8605,536436.0,114087.345
600872.SH,20230907,35.5,35.89,35.2,35.3,35.63,-0.33,-0.9262,34799.52,123252.566
600873.SH,20230907,9.02,9.04,8.89,8.98,9.01,-0.03,-0.333,113026.03,101155.271
600874.SH,20230907,5.93,5.93,5.8,5.8,5.91,-0.11,-1.8613,108411.71,63399.694
600875.SH,20230907,16.14,16.19,15.96,16.0,16.21,-0.21,-1.2955,149820.94,240203.726
600876.SH,20230907,15.36,15.43,15.12,15.12,15.36,-0.24,-1.5625,15473.4,23601.568
600877.SH,20230907,14.0,14.0,13.65,13.68,14.06,-0.38,-2.7027,147811.97,203614.396
600879.SH,20230907,7.61,7.64,7.51,7.52,7.61,-0.09,-1.1827,232532.0,175795.191
600880.SH,20230907,5.35,5.43,5.27,5.28,5.32,-0.04,-0.7519,145499.93,77815.583
600881.SH,20230907,2.14,2.16,2.11,2.11,2.14,-0.03,-1.4019,216646.0,46206.687
600882.SH,20230907,19.28,19.4,18.95,18.97,19.46,-0.49,-2.518,36879.0,70434.616
600883.SH,20230907,8.15,8.18,7.95,7.99,8.1,-0.11,-1.358,20800.0,16755.218
600884.SH,20230907,14.28,15.2,14.18,14.94,14.44,0.5,3.4626,491541.74,722113.597
600885.SH,20230907,34.45,34.45,33.8,33.84,34.45,-0.61,-1.7707,35071.0,119044.476
600886.SH,20230907,12.3,12.48,12.22,12.25,12.3,-0.05,-0.4065,183138.15,225720.594
600887.SH,20230907,26.1,26.11,25.88,25.88,26.19,-0.31,-1.1837,417447.54,1084198.428
600888.SH,20230907,8.22,8.23,8.09,8.1,8.23,-0.13,-1.5796,89519.34,72940.572
600889.SH,20230907,5.23,5.23,5.1,5.16,5.22,-0.06,-1.1494,30303.0,15710.206
600892.SH,20230907,5.64,5.64,5.64,5.64,5.13,0.51,9.9415,113738.99,64148.79
600893.SH,20230907,39.79,39.96,39.39,39.4,39.93,-0.53,-1.3273,83584.96,331228.438
600894.SH,20230907,7.79,7.81,7.7,7.7,7.79,-0.09,-1.1553,59953.0,46495.359
600895.SH,20230907,19.19,19.62,18.52,19.62,17.84,1.78,9.9776,1244335.43,2400494.626
600897.SH,20230907,13.38,13.55,13.29,13.4,13.45,-0.05,-0.3717,18116.2,24359.996
600898.SH,20230907,3.36,3.36,3.3,3.3,3.38,-0.08,-2.3669,16152.0,5364.13
600900.SH,20230907,21.85,21.93,21.68,21.85,21.81,0.04,0.1834,438932.55,958542.911
600901.SH,20230907,4.59,4.65,4.57,4.58,4.58,0.0,0.0,205845.51,94805.307
600903.SH,20230907,8.48,8.5,8.36,8.36,8.51,-0.15,-1.7626,83674.6,70460.224
600905.SH,20230907,4.95,4.95,4.87,4.87,4.94,-0.07,-1.417,1033379.72,506269.631
600906.SH,20230907,8.15,8.31,8.11,8.21,8.19,0.02,0.2442,713599.57,586466.823
600908.SH,20230907,5.5,5.58,5.48,5.49,5.49,0.0,0.0,115140.0,63635.615
600909.SH,20230907,4.9,4.93,4.85,4.87,4.89,-0.02,-0.409,476860.25,233088.235
600916.SH,20230907,11.1,11.1,11.0,11.01,11.1,-0.09,-0.8108,66460.0,73374.905
600917.SH,20230907,7.05,7.05,6.86,6.86,7.05,-0.19,-2.695,40391.0,27982.653
600918.SH,20230907,7.22,7.27,7.16,7.17,7.23,-0.06,-0.8299,280685.78,202626.874
600919.SH,20230907,6.89,6.99,6.89,6.93,6.91,0.02,0.2894,2399278.45,1667425.968
600925.SH,20230907,5.87,5.9,5.83,5.83,5.89,-0.06,-1.0187,113170.0,66334.23
600926.SH,20230907,11.59,11.65,11.5,11.51,11.59,-0.08,-0.6903,128049.96,147967.842
600927.SH,20230907,16.44,16.58,16.36,16.37,16.48,-0.11,-0.6675,36990.69,60870.214
600928.SH,20230907,3.64,3.67,3.61,3.62,3.65,-0.03,-0.8219,184795.96,67210.757
600929.SH,20230907,7.01,7.01,6.87,6.87,7.01,-0.14,-1.9971,136143.0,94382.638
600933.SH,20230907,24.99,24.99,24.08,24.25,24.93,-0.68,-2.7276,39930.79,97257.96
600935.SH,20230907,3.68,3.68,3.61,3.62,3.67,-0.05,-1.3624,67890.18,24711.227
600936.SH,20230907,4.09,4.1,4.04,4.04,4.09,-0.05,-1.2225,76894.45,31250.853
600938.SH,20230907,19.74,20.04,19.68,19.72,19.64,0.08,0.4073,576666.9,1145078.368
600939.SH,20230907,3.45,3.47,3.43,3.43,3.46,-0.03,-0.8671,82907.24,28612.455
600941.SH,20230907,95.99,97.0,95.6,96.31,96.05,0.26,0.2707,49107.35,473551.182
600955.SH,20230907,20.45,20.69,20.2,20.21,20.43,-0.22,-1.0768,14948.0,30434.672
600956.SH,20230907,8.49,8.5,8.36,8.36,8.5,-0.14,-1.6471,31313.0,26404.382
600958.SH,20230907,9.91,9.94,9.82,9.83,9.9,-0.07,-0.7071,380585.04,375954.68
600959.SH,20230907,3.25,3.29,3.22,3.22,3.26,-0.04,-1.227,280402.8,91027.991
600960.SH,20230907,3.67,3.69,3.57,3.58,3.68,-0.1,-2.7174,109770.0,39600.188
600961.SH,20230907,8.77,8.77,8.55,8.58,8.74,-0.16,-1.8307,39663.0,34309.01
600962.SH,20230907,11.43,11.43,11.14,11.14,11.41,-0.27,-2.3663,17191.0,19346.523
600963.SH,20230907,6.36,6.39,6.28,6.31,6.37,-0.06,-0.9419,99559.21,62919.726
600965.SH,20230907,6.54,6.54,6.36,6.38,6.57,-0.19,-2.8919,49415.0,31787.478
600966.SH,20230907,6.66,6.69,6.5,6.5,6.64,-0.14,-2.1084,66027.02,43376.561
600967.SH,20230907,9.08,9.16,8.99,8.99,9.12,-0.13,-1.4254,67200.21,61000.9
600968.SH,20230907,3.17,3.22,3.15,3.17,3.17,0.0,0.0,387399.0,123632.502
600969.SH,20230907,6.73,6.76,6.63,6.64,6.75,-0.11,-1.6296,37862.0,25310.798
600970.SH,20230907,11.49,11.5,11.17,11.23,11.48,-0.25,-2.1777,83906.08,94667.851
600971.SH,20230907,9.01,9.13,8.92,8.95,8.95,0.0,0.0,269716.72,242787.884
600973.SH,20230907,4.77,4.78,4.7,4.71,4.79,-0.08,-1.6701,104480.8,49401.667
600975.SH,20230907,8.84,9.19,8.8,9.0,8.85,0.15,1.6949,296889.92,268593.391
600976.SH,20230907,64.51,64.51,60.18,61.8,64.51,-2.71,-4.2009,27438.73,169906.255
600977.SH,20230907,14.28,14.45,14.07,14.07,14.34,-0.27,-1.8828,155011.2,220238.349
600979.SH,20230907,3.43,3.44,3.38,3.38,3.43,-0.05,-1.4577,127888.0,43651.086
600980.SH,20230907,16.6,16.6,16.04,16.06,16.49,-0.43,-2.6076,35014.78,56828.666
600981.SH,20230907,2.88,2.89,2.83,2.84,2.89,-0.05,-1.7301,157831.0,45127.525
600982.SH,20230907,4.38,4.38,4.28,4.28,4.38,-0.1,-2.2831,107887.0,46584.84
600983.SH,20230907,8.07,8.1,7.93,7.95,8.04,-0.09,-1.1194,20716.0,16592.162
600984.SH,20230907,4.91,4.99,4.8,4.8,4.9,-0.1,-2.0408,262685.48,127940.656
600985.SH,20230907,12.68,12.92,12.63,12.68,12.68,0.0,0.0,208284.82,265994.985
600986.SH,20230907,6.06,6.15,5.93,5.98,5.94,0.04,0.6734,451600.66,272549.867
600987.SH,20230907,7.39,7.45,7.3,7.3,7.39,-0.09,-1.2179,44859.54,33061.598
600988.SH,20230907,14.68,14.7,14.35,14.56,14.76,-0.2,-1.355,217516.86,316510.227
600989.SH,20230907,14.29,14.34,14.16,14.26,14.26,0.0,0.0,132930.3,189465.183
600990.SH,20230907,22.46,22.65,22.17,22.21,22.42,-0.21,-0.9367,18164.24,40683.437
600992.SH,20230907,16.5,16.53,16.2,16.33,16.49,-0.16,-0.9703,36245.1,59271.927
600993.SH,20230907,22.13,22.14,21.84,21.84,22.11,-0.27,-1.2212,30096.44,66029.832
600995.SH,20230907,9.96,9.96,9.71,9.74,9.95,-0.21,-2.1106,66038.0,64770.387
600996.SH,20230907,10.16,10.34,10.12,10.18,10.17,0.01,0.0983,105758.39,108078.88
600997.SH,20230907,6.41,6.49,6.38,6.44,6.44,0.0,0.0,108189.25,69811.441
600998.SH,20230907,10.16,10.22,10.05,10.15,10.16,-0.01,-0.0984,76941.21,78012.441
600999.SH,20230907,14.15,14.2,14.02,14.04,14.16,-0.12,-0.8475,159568.64,225157.376
601000.SH,20230907,3.31,3.41,3.31,3.39,3.32,0.07,2.1084,799808.58,270081.406
601001.SH,20230907,10.91,11.38,10.85,11.1,10.96,0.14,1.2774,478025.59,533845.267
601002.SH,20230907,4.86,4.89,4.8,4.83,4.88,-0.05,-1.0246,39568.0,19153.128
601003.SH,20230907,4.07,4.08,3.98,4.0,4.08,-0.08,-1.9608,108456.01,43563.952
601005.SH,20230907,1.61,1.61,1.56,1.57,1.61,-0.04,-2.4845,1279250.7,202343.596
601006.SH,20230907,7.19,7.29,7.18,7.23,7.21,0.02,0.2774,379539.93,274931.077
601007.SH,20230907,8.98,9.19,8.98,9.05,9.0,0.05,0.5556,135758.4,123469.79
601008.SH,20230907,4.41,4.48,4.39,4.42,4.44,-0.02,-0.4505,97031.0,42992.687
601009.SH,20230907,7.92,7.99,7.91,7.91,7.93,-0.02,-0.2522,160067.53,127233.861
601010.SH,20230907,2.53,2.55,2.49,2.5,2.53,-0.03,-1.1858,107062.0,26983.462
601011.SH,20230907,3.68,3.72,3.63,3.64,3.68,-0.04,-1.087,198029.53,72725.71
601012.SH,20230907,27.65,27.65,26.74,26.74,27.87,-1.13,-4.0545,1182367.3,3206173.54
601015.SH,20230907,4.7,4.86,4.52,4.63,4.76,-0.13,-2.7311,733754.87,342531.673
601016.SH,20230907,3.36,3.37,3.31,3.31,3.37,-0.06,-1.7804,213171.22,71052.218
601018.SH,20230907,3.41,3.43,3.4,3.4,3.41,-0.01,-0.2933,108659.36,37103.201
601019.SH,20230907,8.9,8.96,8.84,8.86,8.9,-0.04,-0.4494,86749.96,77213.831
601020.SH,20230907,9.42,9.63,9.3,9.32,9.48,-0.16,-1.6878,139813.27,131948.016
601021.SH,20230907,54.52,54.55,53.7,54.25,54.53,-0.28,-0.5135,45776.0,247903.056
601022.SH,20230907,9.92,10.02,9.8,9.81,10.01,-0.2,-1.998,72898.99,72067.989
601028.SH,20230907,10.03,10.04,9.85,9.86,10.07,-0.21,-2.0854,73149.0,72548.907
601038.SH,20230907,11.77,11.85,11.58,11.61,11.85,-0.24,-2.0253,31541.0,36811.416
601058.SH,20230907,12.5,12.54,12.38,12.41,12.48,-0.07,-0.5609,194932.35,242462.035
601059.SH,20230907,18.11,19.12,18.11,18.71,18.17,0.54,2.9719,780862.91,1452402.254
601061.SH,20230907,8.42,8.44,8.28,8.28,8.46,-0.18,-2.1277,110465.0,92077.737
601065.SH,20230907,12.96,13.01,12.55,12.58,12.96,-0.38,-2.9321,214585.14,272823.631
601066.SH,20230907,25.29,25.49,25.21,25.26,25.39,-0.13,-0.512,82084.89,208126.811
601068.SH,20230907,5.08,5.13,5.03,5.04,5.11,-0.07,-1.3699,44500.98,22573.71
601069.SH,20230907,13.65,13.66,13.28,13.34,13.71,-0.37,-2.6988,90576.36,121231.96
601077.SH,20230907,3.84,3.87,3.82,3.85,3.84,0.01,0.2604,502630.66,193480.0
601086.SH,20230907,5.9,5.98,5.85,5.92,5.88,0.04,0.6803,251772.7,148577.751
601088.SH,20230907,29.68,30.0,29.47,29.79,29.68,0.11,0.3706,307825.87,918260.556
601089.SH,20230907,16.48,16.78,16.42,16.53,16.46,0.07,0.4253,47002.0,77993.033
601098.SH,20230907,11.2,11.36,11.19,11.22,11.25,-0.03,-0.2667,88408.99,99581.305
601099.SH,20230907,3.96,4.1,3.92,4.04,3.97,0.07,1.7632,8734901.45,3506981.833
601100.SH,20230907,65.93,66.3,65.25,65.52,65.94,-0.42,-0.6369,26275.03,172656.83
601101.SH,20230907,5.95,6.02,5.89,5.91,5.95,-0.04,-0.6723,119018.84,70824.014
601106.SH,20230907,3.12,3.12,3.06,3.07,3.12,-0.05,-1.6026,185295.82,57178.39
601107.SH,20230907,4.01,4.04,3.99,4.01,4.01,0.0,0.0,65597.0,26331.509
601108.SH,20230907,7.92,7.98,7.83,7.85,7.94,-0.09,-1.1335,375277.77,296558.636
601111.SH,20230907,8.19,8.34,8.16,8.24,8.23,0.01,0.1215,477894.43,394666.801
601113.SH,20230907,3.44,3.46,3.42,3.43,3.46,-0.03,-0.8671,33093.0,11387.352
601116.SH,20230907,12.9,13.21,12.87,12.98,13.07,-0.09,-0.6886,151059.92,197108.034
601117.SH,20230907,7.9,7.92,7.77,7.81,7.9,-0.09,-1.1392,262345.24,205891.909
601118.SH,20230907,4.71,4.72,4.62,4.68,4.72,-0.04,-0.8475,432562.52,201591.17
601121.SH,20230907,8.2,8.24,7.88,7.9,8.25,-0.35,-4.2424,244580.0,196380.736
601126.SH,20230907,15.69,15.72,15.35,15.6,15.56,0.04,0.2571,106486.51,165574.741
601127.SH,20230907,43.45,43.52,41.78,42.25,43.91,-1.66,-3.7805,699924.16,2979559.462
601128.SH,20230907,7.18,7.34,7.17,7.23,7.19,0.04,0.5563,172936.66,125830.128
601133.SH,20230907,15.28,15.33,14.63,14.65,15.13,-0.48,-3.1725,262370.76,390327.433
601136.SH,20230907,24.38,26.48,24.13,25.64,24.1,1.54,6.39,1131668.6,2860853.537
601137.SH,20230907,15.66,15.74,15.06,15.13,15.57,-0.44,-2.8259,117771.34,179914.961
601138.SH,20230907,19.98,19.98,19.19,19.2,20.22,-1.02,-5.0445,1279587.56,2491071.475
601139.SH,20230907,7.08,7.08,6.93,6.94,7.05,-0.11,-1.5603,72772.3,50770.072
601155.SH,20230907,15.3,15.63,14.9,14.9,15.33,-0.43,-2.805,391188.82,596377.349
601156.SH,20230907,12.33,12.36,12.21,12.22,12.34,-0.12,-0.9724,37199.0,45630.996
601158.SH,20230907,5.38,5.43,5.36,5.4,5.37,0.03,0.5587,97091.0,52437.642
601162.SH,20230907,3.43,3.47,3.38,3.41,3.43,-0.02,-0.5831,2160681.0,740654.72
601163.SH,20230907,15.32,15.53,15.08,15.16,15.38,-0.22,-1.4304,62992.48,96075.361
601166.SH,20230907,16.26,16.31,16.19,16.2,16.29,-0.09,-0.5525,306923.77,498901.464
601168.SH,20230907,12.98,13.08,12.84,12.86,13.08,-0.22,-1.682,224519.89,290415.262
601169.SH,20230907,4.58,4.62,4.57,4.59,4.57,0.02,0.4376,472777.89,217505.436
601177.SH,20230907,9.73,9.73,9.53,9.55,9.73,-0.18,-1.8499,23483.0,22547.863
601179.SH,20230907,4.88,4.91,4.82,4.83,4.88,-0.05,-1.0246,175967.0,85534.314
601186.SH,20230907,8.9,8.98,8.83,8.84,8.91,-0.07,-0.7856,397205.17,353527.079
601187.SH,20230907,5.43,5.49,5.42,5.46,5.45,0.01,0.1835,86480.04,47215.445
601188.SH,20230907,3.58,3.65,3.53,3.61,3.56,0.05,1.4045,417673.96,150537.511
601198.SH,20230907,8.32,8.36,8.25,8.26,8.33,-0.07,-0.8403,206705.65,171604.542
601199.SH,20230907,5.68,5.69,5.56,5.56,5.71,-0.15,-2.627,98845.0,55419.706
601200.SH,20230907,9.73,9.74,9.52,9.53,9.74,-0.21,-2.1561,73052.07,70163.844
601208.SH,20230907,12.58,12.58,11.9,12.0,12.43,-0.43,-3.4594,133756.46,162595.259
601211.SH,20230907,14.66,14.75,14.62,14.64,14.67,-0.03,-0.2045,188321.48,276484.279
601212.SH,20230907,2.88,2.9,2.85,2.85,2.89,-0.04,-1.3841,263217.58,75591.138
601216.SH,20230907,4.24,4.24,4.18,4.19,4.23,-0.04,-0.9456,172431.21,72525.965
601218.SH,20230907,3.76,3.76,3.67,3.68,3.76,-0.08,-2.1277,49354.0,18308.62
601222.SH,20230907,7.47,7.5,7.32,7.34,7.48,-0.14,-1.8717,111274.75,82117.314
601225.SH,20230907,18.19,18.69,18.15,18.34,18.2,0.14,0.7692,508322.72,939117.803
601226.SH,20230907,6.33,6.37,6.22,6.23,6.36,-0.13,-2.044,54564.0,34312.346
601228.SH,20230907,3.25,3.27,3.23,3.25,3.25,0.0,0.0,146871.58,47721.342
601229.SH,20230907,6.12,6.15,6.09,6.1,6.12,-0.02,-0.3268,181649.83,111165.653
601231.SH,20230907,15.05,15.05,14.67,14.7,15.02,-0.32,-2.1305,63711.02,94467.382
601233.SH,20230907,15.5,15.5,15.28,15.32,15.4,-0.08,-0.5195,122427.4,188377.955
601236.SH,20230907,7.9,7.98,7.82,7.83,7.92,-0.09,-1.1364,302862.55,239127.909
601238.SH,20230907,10.32,10.33,10.16,10.2,10.36,-0.16,-1.5444,146195.51,149564.427
601279.SH,20230907,5.72,5.74,5.54,5.56,5.7,-0.14,-2.4561,61256.0,34293.674
601288.SH,20230907,3.46,3.47,3.44,3.46,3.46,0.0,0.0,2006402.94,693324.228
601298.SH,20230907,6.28,6.33,6.23,6.27,6.31,-0.04,-0.6339,104602.0,65663.951
601311.SH,20230907,8.31,8.33,8.13,8.16,8.33,-0.17,-2.0408,102667.87,84288.565
601318.SH,20230907,50.71,50.88,50.16,50.22,51.03,-0.81,-1.5873,403290.71,2033442.988
601319.SH,20230907,5.89,5.95,5.87,5.9,5.93,-0.03,-0.5059,523013.65,309231.958
601326.SH,20230907,3.2,3.2,3.13,3.14,3.18,-0.04,-1.2579,153411.0,48545.516
601328.SH,20230907,5.56,5.6,5.55,5.57,5.56,0.01,0.1799,557653.14,310788.828
601330.SH,20230907,7.19,7.19,7.03,7.04,7.2,-0.16,-2.2222,41422.0,29389.499
601333.SH,20230907,3.06,3.07,3.0,3.01,3.06,-0.05,-1.634,400865.0,121654.259
601336.SH,20230907,41.2,41.33,40.68,40.8,41.56,-0.76,-1.8287,89169.86,365226.712
601339.SH,20230907,5.55,5.56,5.49,5.51,5.56,-0.05,-0.8993,34738.0,19204.3
601360.SH,20230907,11.05,11.1,10.85,10.86,11.05,-0.19,-1.7195,588968.39,646393.461
601366.SH,20230907,5.34,5.37,5.3,5.31,5.35,-0.04,-0.7477,26468.0,14107.487
601368.SH,20230907,5.18,5.19,5.14,5.15,5.19,-0.04,-0.7707,64175.0,33139.221
601369.SH,20230907,8.23,8.23,8.06,8.07,8.22,-0.15,-1.8248,76845.0,62450.542
601375.SH,20230907,4.03,4.06,3.99,4.01,4.04,-0.03,-0.7426,551119.7,222118.861
601377.SH,20230907,6.39,6.45,6.34,6.35,6.39,-0.04,-0.626,591089.8,377735.7
601388.SH,20230907,2.87,2.87,2.8,2.81,2.87,-0.06,-2.0906,142553.61,40333.172
601390.SH,20230907,6.85,6.95,6.8,6.82,6.87,-0.05,-0.7278,773800.67,531648.663
601398.SH,20230907,4.61,4.64,4.6,4.62,4.61,0.01,0.2169,2110284.8,975710.53
601399.SH,20230907,3.13,3.13,3.08,3.08,3.13,-0.05,-1.5974,207939.09,64431.251
601456.SH,20230907,10.55,10.63,10.37,10.42,10.51,-0.09,-0.8563,309231.02,324334.223
601500.SH,20230907,4.27,4.28,4.2,4.2,4.27,-0.07,-1.6393,85089.89,36084.483
601512.SH,20230907,9.21,9.4,9.19,9.26,9.21,0.05,0.5429,27991.84,26071.616
601515.SH,20230907,4.02,4.05,3.99,3.99,4.04,-0.05,-1.2376,91864.6,36874.702
601518.SH,20230907,2.45,2.47,2.43,2.44,2.46,-0.02,-0.813,140576.97,34450.049
601519.SH,20230907,7.81,7.91,7.74,7.81,7.83,-0.02,-0.2554,405619.2,317511.244
601528.SH,20230907,5.41,5.48,5.41,5.41,5.43,-0.02,-0.3683,105018.89,57056.436
601555.SH,20230907,8.22,8.47,8.22,8.26,8.21,0.05,0.609,1039746.98,865921.245
601566.SH,20230907,10.27,10.4,10.16,10.22,10.35,-0.13,-1.256,31165.55,32013.769
601567.SH,20230907,16.53,16.56,16.18,16.31,16.54,-0.23,-1.3906,80707.0,131715.398
601568.SH,20230907,5.29,5.29,5.17,5.18,5.24,-0.06,-1.145,64308.4,33511.298
601577.SH,20230907,8.21,8.28,8.17,8.22,8.2,0.02,0.2439,59571.27,49105.33
601579.SH,20230907,12.15,12.28,11.98,12.01,12.18,-0.17,-1.3957,71937.0,87137.889
601588.SH,20230907,2.22,2.25,2.17,2.18,2.21,-0.03,-1.3575,352334.0,78229.347
601595.SH,20230907,21.4,21.65,20.9,20.93,21.46,-0.53,-2.4697,76734.66,162296.075
601598.SH,20230907,5.33,5.34,5.23,5.26,5.33,-0.07,-1.3133,236650.46,124936.925
601599.SH,20230907,3.52,3.54,3.44,3.44,3.53,-0.09,-2.5496,152808.0,53180.683
601600.SH,20230907,6.73,6.87,6.65,6.7,6.77,-0.07,-1.034,1269728.2,856521.002
601601.SH,20230907,30.43,30.6,29.96,30.34,30.48,-0.14,-0.4593,241901.11,733485.848
601606.SH,20230907,13.39,13.8,13.39,13.56,13.47,0.09,0.6682,231334.8,315189.722
601607.SH,20230907,17.6,17.62,17.36,17.39,17.64,-0.25,-1.4172,118699.85,207638.515
601608.SH,20230907,3.89,3.89,3.8,3.8,3.89,-0.09,-2.3136,133599.9,51267.65
601609.SH,20230907,6.75,6.77,6.67,6.67,6.73,-0.06,-0.8915,63930.13,42896.035
601611.SH,20230907,7.52,7.52,7.4,7.41,7.52,-0.11,-1.4628,102308.0,76160.311
601615.SH,20230907,15.95,16.0,15.6,15.62,15.97,-0.35,-2.1916,128101.47,201716.851
601616.SH,20230907,3.36,3.36,3.3,3.3,3.36,-0.06,-1.7857,72718.0,24153.808
601618.SH,20230907,3.68,3.7,3.65,3.65,3.68,-0.03,-0.8152,486777.0,178810.079
601619.SH,20230907,4.07,4.07,3.96,3.97,4.07,-0.1,-2.457,221637.0,88753.004
601628.SH,20230907,36.99,37.17,36.66,36.74,37.15,-0.41,-1.1036,78855.27,290543.471
601633.SH,20230907,26.68,26.74,26.35,26.55,26.84,-0.29,-1.0805,103431.49,274347.855
601636.SH,20230907,8.81,8.96,8.73,8.74,8.8,-0.06,-0.6818,258215.0,227832.157
601658.SH,20230907,4.91,4.98,4.89,4.91,4.92,-0.01,-0.2033,908947.53,448644.831
601665.SH,20230907,4.17,4.2,4.15,4.16,4.17,-0.01,-0.2398,151093.55,63093.046
601666.SH,20230907,9.88,10.05,9.83,9.94,9.95,-0.01,-0.1005,570990.14,568599.007
601668.SH,20230907,5.72,5.76,5.67,5.67,5.73,-0.06,-1.0471,1166940.3,665836.541
601669.SH,20230907,5.18,5.19,5.11,5.11,5.18,-0.07,-1.3514,744779.76,383459.287
601677.SH,20230907,14.78,14.85,14.32,14.4,14.84,-0.44,-2.965,215459.43,313415.895
601678.SH,20230907,4.68,4.68,4.6,4.61,4.67,-0.06,-1.2848,80474.5,37280.409
601686.SH,20230907,6.94,6.94,6.76,6.77,6.92,-0.15,-2.1676,37348.0,25466.843
601688.SH,20230907,16.2,16.4,16.12,16.15,16.23,-0.08,-0.4929,479760.38,778970.814
601689.SH,20230907,74.61,74.88,73.42,73.52,75.15,-1.63,-2.169,78772.22,582840.252
601696.SH,20230907,11.61,11.77,11.49,11.55,11.68,-0.13,-1.113,539370.48,627369.651
601698.SH,20230907,18.1,18.44,17.51,17.51,18.26,-0.75,-4.1073,397916.62,714123.967
601699.SH,20230907,18.05,18.6,18.01,18.4,18.06,0.34,1.8826,418874.06,772297.585
601700.SH,20230907,4.93,4.93,4.83,4.85,4.93,-0.08,-1.6227,58200.0,28390.548
601702.SH,20230907,15.8,15.88,15.61,15.8,15.77,0.03,0.1902,53803.2,84783.723
601717.SH,20230907,13.04,13.04,12.81,12.85,12.98,-0.13,-1.0015,107442.0,138759.735
601718.SH,20230907,2.92,2.93,2.89,2.9,2.93,-0.03,-1.0239,247868.0,72019.455
601727.SH,20230907,4.65,4.65,4.45,4.46,4.75,-0.29,-6.1053,1229174.73,558988.256
601728.SH,20230907,5.82,5.92,5.79,5.85,5.83,0.02,0.3431,1216109.46,713040.926
601766.SH,20230907,5.99,6.01,5.91,5.92,6.01,-0.09,-1.4975,349405.6,207838.265
601777.SH,20230907,3.74,3.74,3.64,3.64,3.73,-0.09,-2.4129,150998.6,55412.938
601778.SH,20230907,3.91,3.92,3.81,3.81,3.9,-0.09,-2.3077,446231.68,171587.469
601788.SH,20230907,17.06,17.37,16.98,17.15,17.08,0.07,0.4098,479968.43,825595.053
601789.SH,20230907,4.54,4.57,4.5,4.51,4.55,-0.04,-0.8791,155874.96,70595.864
601798.SH,20230907,7.06,7.08,6.9,6.92,7.07,-0.15,-2.1216,27288.0,19021.118
601799.SH,20230907,149.91,152.45,147.89,150.66,150.39,0.27,0.1795,14505.0,219285.013
601800.SH,20230907,9.49,9.57,9.35,9.38,9.51,-0.13,-1.367,267734.73,253148.145
601801.SH,20230907,7.38,7.54,7.37,7.38,7.41,-0.03,-0.4049,127253.02,94942.654
601808.SH,20230907,16.16,16.4,16.03,16.21,16.23,-0.02,-0.1232,77904.63,126352.813
601811.SH,20230907,13.52,13.69,13.33,13.33,13.42,-0.09,-0.6706,28294.0,38150.646
601816.SH,20230907,5.11,5.15,5.07,5.07,5.12,-0.05,-0.9766,592000.95,301849.342
601818.SH,20230907,3.04,3.06,3.03,3.03,3.05,-0.02,-0.6557,896337.0,272986.005
601825.SH,20230907,5.91,5.95,5.88,5.91,5.9,0.01,0.1695,167818.5,99430.921
601827.SH,20230907,7.3,7.32,7.21,7.22,7.31,-0.09,-1.2312,32202.0,23371.634
601828.SH,20230907,4.68,4.72,4.6,4.62,4.69,-0.07,-1.4925,186824.6,86924.451
601838.SH,20230907,13.71,13.78,13.61,13.65,13.71,-0.06,-0.4376,74751.0,102366.82
601857.SH,20230907,8.06,8.31,8.06,8.24,8.08,0.16,1.9802,1623637.79,1335213.201
601858.SH,20230907,31.94,32.44,30.88,30.88,32.31,-1.43,-4.4259,200559.5,632359.615
601860.SH,20230907,2.68,2.7,2.66,2.66,2.69,-0.03,-1.1152,360952.0,96724.551
601865.SH,20230907,30.72,30.9,30.15,30.18,30.88,-0.7,-2.2668,47547.0,144710.302
601866.SH,20230907,2.41,2.41,2.39,2.39,2.41,-0.02,-0.8299,181463.48,43508.639
601868.SH,20230907,2.29,2.3,2.27,2.28,2.3,-0.02,-0.8696,1255852.18,286785.831
601869.SH,20230907,33.26,33.28,32.65,32.65,33.24,-0.59,-1.775,11290.0,37167.907
601872.SH,20230907,5.82,5.89,5.8,5.82,5.89,-0.07,-1.1885,288470.61,168431.684
601877.SH,20230907,24.65,24.65,24.16,24.19,24.67,-0.48,-1.9457,132358.07,321821.348
601878.SH,20230907,10.34,10.39,10.22,10.25,10.34,-0.09,-0.8704,256248.03,264130.949
601880.SH,20230907,1.59,1.59,1.57,1.57,1.58,-0.01,-0.6329,391167.9,61696.845
601881.SH,20230907,11.28,11.39,11.17,11.2,11.28,-0.08,-0.7092,429198.66,484213.078
601882.SH,20230907,31.64,31.64,30.52,30.64,31.63,-0.99,-3.1299,21540.19,66472.859
601886.SH,20230907,8.38,8.48,8.28,8.3,8.47,-0.17,-2.0071,29020.0,24311.429
601888.SH,20230907,112.9,112.9,110.15,110.24,113.0,-2.76,-2.4425,105646.79,1172375.703
601890.SH,20230907,9.98,9.98,9.5,9.66,10.0,-0.34,-3.4,209628.04,204456.618
601898.SH,20230907,8.59,8.67,8.52,8.6,8.58,0.02,0.2331,281361.7,242407.386
601899.SH,20230907,12.94,13.11,12.9,13.01,13.06,-0.05,-0.3828,722477.16,941296.012
601900.SH,20230907,17.38,17.56,17.07,17.2,17.38,-0.18,-1.0357,146387.06,252841.209
601901.SH,20230907,7.15,7.19,7.11,7.13,7.16,-0.03,-0.419,238536.77,170550.671
601908.SH,20230907,4.81,4.81,4.68,4.68,4.81,-0.13,-2.7027,187146.0,88407.088
601916.SH,20230907,2.58,2.59,2.56,2.57,2.58,-0.01,-0.3876,972776.36,250620.933
601918.SH,20230907,4.91,5.05,4.91,4.96,4.95,0.01,0.202,502805.32,250878.217
601919.SH,20230907,9.81,9.87,9.78,9.79,9.84,-0.05,-0.5081,387584.1,380714.663
601921.SH,20230907,8.12,8.25,8.01,8.01,8.14,-0.13,-1.5971,84769.73,68589.685
601928.SH,20230907,9.95,10.09,9.91,9.92,10.0,-0.08,-0.8,113332.0,113126.368
601929.SH,20230907,1.97,1.98,1.92,1.92,1.97,-0.05,-2.5381,655008.0,127372.883
601933.SH,20230907,3.25,3.28,3.22,3.22,3.26,-0.04,-1.227,331462.67,107777.494
601939.SH,20230907,6.03,6.08,6.02,6.05,6.05,0.0,0.0,524222.1,317653.15
601949.SH,20230907,10.03,10.1,9.83,9.87,10.03,-0.16,-1.5952,225403.0,223904.744
601952.SH,20230907,11.94,11.97,11.8,11.82,11.93,-0.11,-0.922,37546.0,44611.247
601956.SH,20230907,5.86,5.86,5.75,5.75,5.86,-0.11,-1.8771,39698.8,23024.034
601958.SH,20230907,11.69,11.71,11.45,11.46,11.72,-0.26,-2.2184,111616.05,128839.61
601963.SH,20230907,7.9,8.02,7.88,7.95,7.88,0.07,0.8883,46722.02,37246.313
601965.SH,20230907,20.83,21.02,20.57,20.62,20.86,-0.24,-1.1505,26727.0,55471.553
601966.SH,20230907,21.57,21.63,20.95,20.98,21.7,-0.72,-3.318,92251.7,195336.79
601968.SH,20230907,6.35,6.36,6.22,6.24,6.31,-0.07,-1.1094,34098.0,21428.928
601969.SH,20230907,6.66,6.73,6.58,6.6,6.7,-0.1,-1.4925,76963.85,51129.968
601975.SH,20230907,3.22,3.26,3.2,3.22,3.25,-0.03,-0.9231,681866.1,219945.377
601985.SH,20230907,7.2,7.25,7.18,7.2,7.21,-0.01,-0.1387,423029.21,305246.68
601988.SH,20230907,3.72,3.73,3.7,3.71,3.71,0.0,0.0,1488461.6,552593.319
601989.SH,20230907,4.21,4.22,4.11,4.12,4.2,-0.08,-1.9048,863531.0,358783.741
601990.SH,20230907,8.24,8.29,8.19,8.21,8.25,-0.04,-0.4848,231858.29,191087.66
601991.SH,20230907,2.77,2.78,2.7,2.7,2.76,-0.06,-2.1739,690371.05,187726.489
601992.SH,20230907,2.2,2.21,2.18,2.18,2.2,-0.02,-0.9091,358310.3,78651.71
601995.SH,20230907,38.0,38.29,37.68,37.7,37.99,-0.29,-0.7634,113779.07,432125.866
601996.SH,20230907,2.74,2.77,2.69,2.7,2.74,-0.04,-1.4599,102968.43,28074.26
601997.SH,20230907,5.5,5.56,5.47,5.49,5.5,-0.01,-0.1818,217831.34,120017.895
601998.SH,20230907,5.59,5.62,5.55,5.58,5.6,-0.02,-0.3571,247271.01,138210.491
601999.SH,20230907,6.59,6.66,6.5,6.5,6.6,-0.1,-1.5152,67987.0,44538.139
603000.SH,20230907,37.0,39.44,36.91,38.02,37.67,0.35,0.9291,893960.54,3430133.242
603001.SH,20230907,5.74,5.74,5.65,5.67,5.76,-0.09,-1.5625,20746.0,11796.302
603002.SH,20230907,5.92,5.92,5.75,5.81,5.93,-0.12,-2.0236,90662.0,52857.711
603003.SH,20230907,8.78,8.88,8.7,8.71,8.8,-0.09,-1.0227,38304.0,33700.4
603005.SH,20230907,22.21,22.21,21.66,21.68,22.75,-1.07,-4.7033,509303.55,1115740.203
603006.SH,20230907,11.35,11.35,10.79,10.81,11.5,-0.69,-6.0,52668.0,57697.348
603007.SH,20230907,4.58,4.62,4.45,4.52,4.62,-0.1,-2.1645,27904.0,12603.03
603008.SH,20230907,22.62,22.98,22.5,22.52,22.62,-0.1,-0.4421,50494.0,114649.452
603009.SH,20230907,7.23,7.23,7.08,7.1,7.25,-0.15,-2.069,44972.0,32169.589
603010.SH,20230907,11.04,11.08,10.92,10.93,11.08,-0.15,-1.3538,17595.0,19338.95
603011.SH,20230907,6.72,6.73,6.56,6.56,6.72,-0.16,-2.381,44622.0,29584.194
603012.SH,20230907,6.03,6.07,5.95,5.95,6.05,-0.1,-1.6529,67143.0,40300.408
603013.SH,20230907,15.21,15.21,14.78,14.8,15.16,-0.36,-2.3747,23764.0,35398.871
603015.SH,20230907,8.98,8.98,8.73,8.74,8.98,-0.24,-2.6726,39194.0,34553.056
603016.SH,20230907,20.96,21.17,20.28,20.35,20.85,-0.5,-2.3981,6117.0,12591.29
603017.SH,20230907,10.86,10.9,10.68,10.68,10.86,-0.18,-1.6575,23567.0,25420.294
603018.SH,20230907,8.5,8.53,8.28,8.3,8.46,-0.16,-1.8913,61388.7,51437.03
603019.SH,20230907,40.47,40.47,39.43,39.43,40.61,-1.18,-2.9057,277595.81,1106181.889
603020.SH,20230907,9.19,9.24,9.1,9.11,9.17,-0.06,-0.6543,25738.0,23555.356
603021.SH,20230907,5.63,5.69,5.54,5.56,5.65,-0.09,-1.5929,31743.8,17789.264
603022.SH,20230907,10.14,10.14,9.81,9.9,10.05,-0.15,-1.4925,22807.5,22714.604
603023.SH,20230907,4.31,4.32,4.2,4.21,4.31,-0.1,-2.3202,92226.0,39142.802
603025.SH,20230907,13.8,13.92,13.34,13.35,13.93,-0.58,-4.1637,175206.51,238325.632
603026.SH,20230907,51.19,51.33,49.89,49.93,51.36,-1.43,-2.7843,11927.0,60038.271
603027.SH,20230907,17.7,17.78,17.34,17.36,17.7,-0.34,-1.9209,62269.34,109003.979
603028.SH,20230907,12.3,12.65,12.28,12.45,12.37,0.08,0.6467,74024.8,92019.625
603029.SH,20230907,20.27,20.29,19.95,19.95,20.4,-0.45,-2.2059,30089.0,60385.598
603030.SH,20230907,2.99,3.15,2.99,3.15,3.0,0.15,5.0,198095.02,61791.834
603031.SH,20230907,46.98,47.09,46.56,46.8,46.84,-0.04,-0.0854,2282.0,10671.37
603032.SH,20230907,25.19,25.19,24.25,24.26,25.2,-0.94,-3.7302,35589.33,87367.689
603033.SH,20230907,14.91,15.04,14.82,14.88,14.91,-0.03,-0.2012,21763.71,32409.489
603035.SH,20230907,18.85,18.85,18.48,18.48,18.87,-0.39,-2.0668,34212.06,63499.123
603036.SH,20230907,10.94,10.99,10.72,10.76,11.0,-0.24,-2.1818,26696.0,28898.443
603037.SH,20230907,15.12,15.43,14.98,14.98,15.13,-0.15,-0.9914,21575.5,32734.735
603038.SH,20230907,10.2,10.32,9.98,10.04,10.24,-0.2,-1.9531,66713.64,67409.286
603039.SH,20230907,59.99,60.25,58.5,58.55,60.02,-1.47,-2.4492,7034.0,41572.607
603040.SH,20230907,23.7,23.7,22.96,23.05,23.7,-0.65,-2.7426,12517.5,29023.608
603041.SH,20230907,12.45,12.46,12.2,12.27,12.39,-0.12,-0.9685,18979.0,23354.629
603042.SH,20230907,15.56,15.7,15.21,15.21,15.56,-0.35,-2.2494,84729.09,130472.496
603043.SH,20230907,25.01,25.15,24.7,24.75,25.07,-0.32,-1.2764,15382.34,38313.225
603045.SH,20230907,16.68,16.84,16.5,16.62,16.75,-0.13,-0.7761,70232.17,116973.11
603048.SH,20230907,17.5,17.53,16.97,16.99,17.4,-0.41,-2.3563,10195.0,17476.59
603050.SH,20230907,15.47,15.53,15.33,15.48,15.43,0.05,0.324,42095.78,65025.75
603051.SH,20230907,35.29,35.7,34.07,34.07,35.78,-1.71,-4.7792,28143.11,97324.687
603052.SH,20230907,30.55,30.59,29.24,29.38,30.54,-1.16,-3.7983,8676.6,25685.205
603053.SH,20230907,9.91,9.93,9.82,9.83,9.93,-0.1,-1.007,26920.0,26564.177
603055.SH,20230907,10.56,10.64,10.4,10.4,10.56,-0.16,-1.5152,24490.95,25661.301
603056.SH,20230907,16.17,16.23,15.99,16.03,16.2,-0.17,-1.0494,17405.57,27958.966
603057.SH,20230907,23.13,23.22,22.66,22.71,23.23,-0.52,-2.2385,8309.91,19028.694
603058.SH,20230907,8.49,8.58,8.34,8.37,8.48,-0.11,-1.2972,29358.38,24760.46
603059.SH,20230907,23.6,23.68,23.17,23.24,23.44,-0.2,-0.8532,8436.0,19720.388
603060.SH,20230907,10.99,11.17,10.95,11.0,11.1,-0.1,-0.9009,31139.28,34367.673
603061.SH,20230907,100.07,100.41,96.77,97.2,101.96,-4.76,-4.6685,14198.0,139402.39
603063.SH,20230907,25.98,25.98,25.16,25.2,25.98,-0.78,-3.0023,40973.56,104079.038
603065.SH,20230907,14.26,14.29,14.08,14.1,14.26,-0.16,-1.122,12851.41,18216.564
603066.SH,20230907,10.49,10.53,10.23,10.23,10.48,-0.25,-2.3855,21825.0,22602.194
603067.SH,20230907,10.85,10.88,10.65,10.66,10.87,-0.21,-1.9319,31291.96,33604.347
603068.SH,20230907,28.58,28.58,27.78,27.8,28.6,-0.8,-2.7972,29781.0,83457.812
603069.SH,20230907,17.16,17.29,16.84,16.86,17.24,-0.38,-2.2042,31359.0,53342.938
603070.SH,20230907,17.52,17.58,17.18,17.29,17.52,-0.23,-1.3128,21285.02,36880.499
603071.SH,20230907,15.8,15.8,15.55,15.6,15.77,-0.17,-1.078,21256.0,33269.319
603073.SH,20230907,20.15,20.35,19.86,19.88,20.23,-0.35,-1.7301,13416.0,26901.206
603076.SH,20230907,36.7,36.7,35.89,36.0,36.5,-0.5,-1.3699,8481.87,30696.534
603077.SH,20230907,2.42,2.42,2.36,2.36,2.41,-0.05,-2.0747,525523.92,125205.651
603078.SH,20230907,17.68,17.68,17.13,17.16,17.87,-0.71,-3.9731,202373.78,351565.751
603079.SH,20230907,12.86,12.93,12.59,12.61,12.82,-0.21,-1.6381,9854.0,12499.875
603080.SH,20230907,15.7,15.97,15.35,15.47,15.79,-0.32,-2.0266,129921.7,203157.961
603081.SH,20230907,15.89,15.99,15.51,15.55,15.84,-0.29,-1.8308,23114.0,36239.972
603083.SH,20230907,48.11,48.32,45.55,45.55,48.81,-3.26,-6.679,298260.16,1390330.561
603085.SH,20230907,10.1,10.1,9.67,9.68,10.01,-0.33,-3.2967,27661.0,27115.584
603086.SH,20230907,6.45,6.46,6.35,6.35,6.43,-0.08,-1.2442,32762.16,20963.062
603087.SH,20230907,39.59,39.96,39.2,39.37,39.7,-0.33,-0.8312,49034.64,193548.633
603088.SH,20230907,9.32,9.36,9.22,9.23,9.35,-0.12,-1.2834,49182.84,45649.4
603089.SH,20230907,9.52,9.57,9.3,9.3,9.49,-0.19,-2.0021,18227.98,17139.86
603090.SH,20230907,21.88,21.88,21.42,21.42,21.85,-0.43,-1.968,10316.0,22269.888
603093.SH,20230907,12.99,13.15,12.88,12.88,13.06,-0.18,-1.3783,40174.0,52212.732
603095.SH,20230907,15.0,15.06,14.75,14.76,14.99,-0.23,-1.5344,6530.2,9704.593
603096.SH,20230907,18.84,19.07,18.55,18.6,18.91,-0.31,-1.6393,34940.6,65568.332
603097.SH,20230907,20.9,21.09,20.3,20.32,21.05,-0.73,-3.4679,12737.0,26138.992
603098.SH,20230907,19.97,20.1,19.53,19.53,20.03,-0.5,-2.4963,13158.0,25960.199
603099.SH,20230907,13.37,13.86,13.3,13.86,13.34,0.52,3.8981,75515.19,102830.429
603100.SH,20230907,32.29,32.4,31.04,31.67,32.28,-0.61,-1.8897,32253.57,101607.153
603101.SH,20230907,7.01,7.22,6.85,6.97,7.03,-0.06,-0.8535,480807.08,338381.039
603102.SH,20230907,46.18,46.2,45.39,45.4,46.15,-0.75,-1.6251,7037.0,32157.735
603103.SH,20230907,17.09,17.45,16.91,17.19,17.1,0.09,0.5263,49428.27,85160.707
603105.SH,20230907,14.11,14.11,13.52,13.58,14.11,-0.53,-3.7562,73000.35,100210.635
603106.SH,20230907,7.67,8.09,7.49,7.94,7.75,0.19,2.4516,595177.61,464365.258
603108.SH,20230907,14.99,15.24,14.2,14.34,15.1,-0.76,-5.0331,385548.95,560751.415
603109.SH,20230907,16.54,16.55,16.18,16.18,16.55,-0.37,-2.2356,16513.4,26960.694
603110.SH,20230907,25.5,25.55,24.66,24.69,25.47,-0.78,-3.0624,20862.0,52099.282
603111.SH,20230907,4.62,4.66,4.57,4.58,4.62,-0.04,-0.8658,34508.5,15893.839
603112.SH,20230907,11.98,12.04,11.69,11.74,11.97,-0.23,-1.9215,18355.68,21598.421
603113.SH,20230907,8.71,8.72,8.56,8.59,8.61,-0.02,-0.2323,47842.55,41161.482
603115.SH,20230907,14.46,14.49,14.19,14.2,14.47,-0.27,-1.8659,13950.05,19950.437
603116.SH,20230907,5.96,5.98,5.89,5.91,5.96,-0.05,-0.8389,63689.4,37779.139
603117.SH,20230907,3.43,3.43,3.39,3.42,3.43,-0.01,-0.2915,5195.0,1768.407
603118.SH,20230907,11.18,11.21,10.9,10.99,11.26,-0.27,-2.3979,136772.82,150858.339
603119.SH,20230907,24.22,24.22,23.02,23.39,24.35,-0.96,-3.9425,57973.76,137662.708
603121.SH,20230907,8.17,8.2,7.99,8.01,8.19,-0.18,-2.1978,32101.26,25894.993
603122.SH,20230907,8.44,8.45,8.25,8.25,8.41,-0.16,-1.9025,71857.3,59875.171
603123.SH,20230907,10.26,10.46,10.16,10.3,10.28,0.02,0.1946,196641.19,202868.65
603125.SH,20230907,38.94,40.28,36.55,36.99,37.9,-0.91,-2.4011,217527.78,833564.853
603126.SH,20230907,7.3,7.32,7.15,7.16,7.29,-0.13,-1.7833,43851.0,31649.12
603127.SH,20230907,23.47,23.5,22.96,23.02,23.58,-0.56,-2.3749,67366.82,155758.414
603128.SH,20230907,7.55,7.55,7.42,7.43,7.54,-0.11,-1.4589,75986.86,56756.098
603129.SH,20230907,145.15,145.15,142.02,142.6,144.57,-1.97,-1.3627,4437.86,63471.41
603130.SH,20230907,22.3,22.52,22.0,22.15,22.53,-0.38,-1.6866,13966.8,31050.716
603131.SH,20230907,14.25,14.46,13.91,13.93,14.46,-0.53,-3.6653,174674.83,246745.264
603132.SH,20230907,13.12,13.2,12.89,12.95,13.15,-0.2,-1.5209,27596.21,35876.498
603133.SH,20230907,7.02,7.02,6.85,6.85,7.02,-0.17,-2.4217,10430.0,7217.061
603135.SH,20230907,18.66,18.66,18.21,18.23,18.67,-0.44,-2.3567,30599.15,56305.86
603136.SH,20230907,23.53,23.89,23.2,23.32,23.56,-0.24,-1.0187,27305.0,64243.91
603137.SH,20230907,20.69,20.79,20.28,20.34,20.78,-0.44,-2.1174,34858.21,71637.178
603138.SH,20230907,20.54,21.24,20.38,20.95,20.78,0.17,0.8181,175786.21,368679.956
603139.SH,20230907,17.91,18.06,17.68,17.78,17.91,-0.13,-0.7259,17577.0,31302.632
603150.SH,20230907,28.02,28.25,27.65,27.69,28.16,-0.47,-1.669,5586.93,15597.902
603151.SH,20230907,16.46,16.55,16.24,16.24,16.54,-0.3,-1.8138,5999.0,9820.657
603153.SH,20230907,17.27,17.43,17.08,17.08,17.33,-0.25,-1.4426,25630.0,44166.463
603155.SH,20230907,23.76,25.63,23.76,24.25,23.65,0.6,2.537,26679.55,65913.92
603156.SH,20230907,25.2,25.2,24.56,24.69,25.2,-0.51,-2.0238,24023.74,59471.996
603158.SH,20230907,7.36,7.39,7.2,7.24,7.4,-0.16,-2.1622,61705.24,44907.944
603159.SH,20230907,15.23,15.27,14.79,14.88,15.2,-0.32,-2.1053,25589.43,38341.587
603160.SH,20230907,60.59,60.59,59.5,60.09,60.81,-0.72,-1.184,65091.24,390924.968
603161.SH,20230907,17.16,17.82,16.3,16.39,17.16,-0.77,-4.4872,210627.54,352931.851
920339.BJ,20230907,4.08,4.08,4.02,4.05,4.07,-0.02,-0.4914,4425.78,1788.973
920445.BJ,20230907,4.62,4.63,4.35,4.38,4.7,-0.32,-6.8085,37140.31,16466.339
920062.BJ,20230907,4.91,4.91,4.83,4.85,4.87,-0.02,-0.4107,4537.46,2211.782
920541.BJ,20230907,3.27,3.27,3.22,3.22,3.29,-0.07,-2.1277,3416.88,1111.315
920729.BJ,20230907,6.89,6.9,6.65,6.73,6.84,-0.11,-1.6082,1831.02,1236.788
920566.BJ,20230907,6.2,6.22,6.08,6.09,6.2,-0.11,-1.7742,2925.12,1799.847
920090.BJ,20230907,2.6,2.6,2.54,2.55,2.61,-0.06,-2.2989,7978.66,2045.66
920971.BJ,20230907,7.7,7.82,7.65,7.69,7.75,-0.06,-0.7742,603.0,462.768
920857.BJ,20230907,8.15,8.2,8.14,8.15,8.24,-0.09,-1.0922,394.55,321.779
920227.BJ,20230907,18.59,18.68,18.22,18.28,18.64,-0.36,-1.9313,389.93,718.288
920819.BJ,20230907,4.37,4.39,4.29,4.3,4.37,-0.07,-1.6018,7224.09,3123.446
920682.BJ,20230907,5.72,5.75,5.6,5.64,5.69,-0.05,-0.8787,11571.17,6580.84
920504.BJ,20230907,10.79,10.84,10.25,10.33,10.79,-0.46,-4.2632,12243.06,12798.484
920717.BJ,20230907,4.35,4.35,4.25,4.31,4.36,-0.05,-1.1468,8582.8,3683.51
920699.BJ,20230907,8.77,8.93,8.72,8.8,8.93,-0.13,-1.4558,897.24,791.838
920489.BJ,20230907,5.02,5.02,4.94,4.94,4.99,-0.05,-1.002,1272.98,630.494
920926.BJ,20230907,10.18,10.18,9.91,9.96,10.1,-0.14,-1.3861,3942.78,3945.962
920223.BJ,20230907,2.83,2.83,2.76,2.79,2.83,-0.04,-1.4134,1550.16,430.009
920779.BJ,20230907,25.9,25.9,25.0,25.26,25.86,-0.6,-2.3202,3595.12,9050.479
920262.BJ,20230907,9.09,9.2,9.05,9.18,9.08,0.1,1.1013,1137.8,1040.379
920876.BJ,20230907,7.28,7.3,7.1,7.2,7.33,-0.13,-1.7735,2290.45,1648.951
920179.BJ,20230907,20.95,21.05,20.29,20.52,20.88,-0.36,-1.7241,1629.45,3372.048
920718.BJ,20230907,5.79,5.85,5.72,5.72,5.86,-0.14,-2.3891,2538.15,1465.17
920970.BJ,20230907,3.41,3.43,3.35,3.37,3.4,-0.03,-0.8824,1349.6,456.516
920230.BJ,20230907,8.66,8.76,8.66,8.72,8.71,0.01,0.1148,181.12,157.306
920371.BJ,20230907,3.56,3.58,3.5,3.51,3.59,-0.08,-2.2284,7971.18,2812.135
920670.BJ,20230907,9.75,10.54,9.65,10.07,9.75,0.32,3.2821,21381.05,21790.013
920122.BJ,20230907,11.15,11.18,10.73,10.74,11.15,-0.41,-3.6771,959.95,1049.342
920266.BJ,20230907,6.38,6.42,6.27,6.39,6.39,0.0,0.0,922.88,582.824
920415.BJ,20230907,3.84,3.84,3.76,3.76,3.84,-0.08,-2.0833,1239.89,471.195
920273.BJ,20230907,9.98,9.98,9.83,9.9,9.95,-0.05,-0.5025,673.86,666.68
920344.BJ,20230907,15.28,15.59,15.2,15.35,15.5,-0.15,-0.9677,726.21,1111.936
920580.BJ,20230907,4.15,4.18,4.04,4.1,4.12,-0.02,-0.4854,3391.4,1400.45
920476.BJ,20230907,12.45,12.57,11.71,11.85,12.29,-0.44,-3.5801,2269.48,2716.06
920478.BJ,20230907,16.1,16.8,16.1,16.46,16.3,0.16,0.9816,2120.04,3501.235
920792.BJ,20230907,5.69,5.69,5.63,5.68,5.69,-0.01,-0.1757,344.35,194.556
920523.BJ,20230907,10.83,10.97,10.45,10.45,10.83,-0.38,-3.5088,1348.6,1428.464
920270.BJ,20230907,17.04,17.18,16.45,16.7,17.11,-0.41,-2.3963,1208.82,2025.089
920149.BJ,20230907,3.87,4.0,3.87,3.91,3.92,-0.01,-0.2551,1545.87,610.044
920571.BJ,20230907,3.71,3.71,3.6,3.62,3.68,-0.06,-1.6304,19783.19,7183.401
920395.BJ,20230907,6.51,6.66,6.31,6.49,6.44,0.05,0.7764,4535.12,2945.621
920014.BJ,20230907,8.67,8.74,8.5,8.62,8.71,-0.09,-1.0333,3486.91,3018.921
920278.BJ,20230907,5.05,5.15,4.95,4.97,5.03,-0.06,-1.1928,1363.28,681.513
920110.BJ,20230907,13.2,13.28,13.0,13.02,13.25,-0.23,-1.7358,1169.89,1531.036
920396.BJ,20230907,6.76,6.8,6.65,6.74,6.77,-0.03,-0.4431,243.14,163.001
920943.BJ,20230907,7.75,7.8,7.65,7.73,7.83,-0.1,-1.2771,1788.21,1382.968
920260.BJ,20230907,5.17,5.17,5.05,5.13,5.17,-0.04,-0.7737,1361.23,693.311
920184.BJ,20230907,4.42,4.51,4.38,4.45,4.46,-0.01,-0.2242,1964.53,872.42
920663.BJ,20230907,14.56,16.65,14.56,16.13,14.87,1.26,8.4734,21140.74,33549.721
920953.BJ,20230907,13.65,13.97,13.14,13.22,13.61,-0.39,-2.8655,31140.83,42203.371
920641.BJ,20230907,6.85,6.93,6.83,6.87,6.85,0.02,0.292,3789.43,2601.889
920021.BJ,20230907,2.83,2.83,2.77,2.78,2.82,-0.04,-1.4184,5512.44,1540.914
920089.BJ,20230907,11.14,11.3,10.91,11.11,11.16,-0.05,-0.448,4083.82,4513.721
920725.BJ,20230907,13.82,14.38,13.64,13.8,13.88,-0.08,-0.5764,3476.05,4898.752
920976.BJ,20230907,11.15,11.66,11.0,11.17,11.33,-0.16,-1.4122,38252.93,43161.393
920533.BJ,20230907,18.05,18.05,16.5,16.74,18.27,-1.53,-8.3744,14920.62,25477.959
920592.BJ,20230907,11.64,12.31,11.63,11.78,11.77,0.01,0.085,11411.72,13603.233
920145.BJ,20230907,4.75,4.75,4.64,4.69,4.73,-0.04,-0.8457,628.53,295.049
920169.BJ,20230907,5.14,5.14,5.1,5.1,5.17,-0.07,-1.354,399.12,204.088
920394.BJ,20230907,14.88,14.93,14.45,14.45,14.9,-0.45,-3.0201,3718.27,5458.13
920174.BJ,20230907,13.84,14.4,13.31,13.8,13.9,-0.1,-0.7194,33406.61,46082.144
920299.BJ,20230907,4.06,4.06,3.99,4.0,4.06,-0.06,-1.4778,1099.66,441.19
920000.BJ,20230907,5.36,5.36,5.19,5.23,5.37,-0.14,-2.6071,4753.27,2501.227
920139.BJ,20230907,11.69,11.76,11.08,11.15,11.7,-0.55,-4.7009,20306.47,23095.609
920237.BJ,20230907,10.53,10.57,10.35,10.36,10.54,-0.18,-1.7078,423.21,441.472
920357.BJ,20230907,7.96,7.96,7.77,7.83,7.9,-0.07,-0.8861,493.51,387.424
920992.BJ,20230907,7.84,7.85,7.56,7.6,7.81,-0.21,-2.6889,1836.81,1416.835
920249.BJ,20230907,4.19,4.19,4.11,4.16,4.16,0.0,0.0,2926.16,1215.044
920433.BJ,20230907,3.27,3.29,3.24,3.24,3.27,-0.03,-0.9174,3148.85,1026.324
920839.BJ,20230907,8.06,8.16,7.91,8.0,8.12,-0.12,-1.4778,1147.32,922.635
920271.BJ,20230907,10.55,10.68,10.1,10.17,10.76,-0.59,-5.4833,19258.93,19910.01
920378.BJ,20230907,3.16,3.17,3.08,3.11,3.14,-0.03,-0.9554,7603.8,2374.328
920885.BJ,20230907,4.63,4.7,4.51,4.51,4.69,-0.18,-3.838,7713.4,3505.283
920195.BJ,20230907,9.15,9.22,8.76,8.82,9.23,-0.41,-4.442,7928.85,7084.949
920802.BJ,20230907,6.31,6.32,6.26,6.29,6.37,-0.08,-1.2559,790.16,496.999
920167.BJ,20230907,11.66,11.66,11.12,11.12,11.76,-0.64,-5.4422,5892.66,6708.119
920826.BJ,20230907,6.35,6.41,6.18,6.28,6.42,-0.14,-2.1807,5033.7,3142.039
920808.BJ,20230907,36.0,36.64,35.0,35.0,36.05,-1.05,-2.9126,18257.28,65304.285
920753.BJ,20230907,7.4,7.41,7.32,7.32,7.36,-0.04,-0.5435,216.25,159.383
920821.BJ,20230907,8.44,8.44,8.21,8.29,8.48,-0.19,-2.2406,1866.16,1542.926
920896.BJ,20230907,4.81,4.84,4.77,4.77,4.83,-0.06,-1.2422,3077.11,1475.55
920832.BJ,20230907,4.02,4.03,3.75,3.81,4.04,-0.23,-5.6931,14911.77,5799.789
600008.SH,20230907,2.86,2.87,2.82,2.82,2.86,-0.04,-1.3986,617815.87,175605.959
600009.SH,20230907,39.43,39.51,38.88,38.9,39.43,-0.53,-1.3442,101331.79,395943.962
600010.SH,20230907,1.8,1.81,1.78,1.78,1.8,-0.02,-1.1111,1634040.37,292784.498
600011.SH,20230907,8.02,8.02,7.89,7.91,8.01,-0.1,-1.2484,349290.89,277217.285
600012.SH,20230907,10.47,11.05,10.47,10.88,10.53,0.35,3.3238,99880.69,108183.66
600015.SH,20230907,5.58,5.62,5.56,5.56,5.59,-0.03,-0.5367,162362.66,90679.527
600016.SH,20230907,3.8,3.8,3.76,3.78,3.8,-0.02,-0.5263,656404.68,248300.589
600017.SH,20230907,2.95,2.97,2.92,2.93,2.96,-0.03,-1.0135,239336.51,70461.584
600018.SH,20230907,5.13,5.17,5.11,5.11,5.14,-0.03,-0.5837,105888.0,54447.571
600019.SH,20230907,6.4,6.49,6.34,6.37,6.42,-0.05,-0.7788,731367.18,468570.986
600020.SH,20230907,3.48,3.52,3.47,3.47,3.49,-0.02,-0.5731,89734.38,31343.043
600021.SH,20230907,9.14,9.14,9.02,9.03,9.16,-0.13,-1.4192,241840.08,219464.46
600022.SH,20230907,1.48,1.49,1.47,1.47,1.49,-0.02,-1.3423,386482.94,57071.188
600023.SH,20230907,4.36,4.38,4.29,4.29,4.36,-0.07,-1.6055,432167.77,186991.724
600025.SH,20230907,7.43,7.48,7.3,7.3,7.38,-0.08,-1.084,231124.0,169999.98
600026.SH,20230907,12.42,12.68,12.3,12.51,12.6,-0.09,-0.7143,229293.74,286871.262
600027.SH,20230907,5.13,5.15,5.02,5.12,5.13,-0.01,-0.1949,1099264.01,558740.152
600028.SH,20230907,6.31,6.4,6.3,6.31,6.31,0.0,0.0,1233213.44,782596.49
600029.SH,20230907,6.21,6.34,6.16,6.25,6.22,0.03,0.4823,346663.1,217499.382
600030.SH,20230907,22.13,22.42,22.01,22.12,22.13,-0.01,-0.0452,857824.04,1902128.417
600031.SH,20230907,16.77,16.92,16.61,16.75,16.78,-0.03,-0.1788,492613.49,827167.732
600032.SH,20230907,10.35,10.36,10.16,10.18,10.36,-0.18,-1.7375,36054.0,36870.64
600033.SH,20230907,3.17,3.21,3.16,3.17,3.17,0.0,0.0,73675.07,23453.666
600035.SH,20230907,3.74,3.78,3.73,3.74,3.74,0.0,0.0,123522.4,46416.626
600036.SH,20230907,33.31,33.31,33.01,33.14,33.36,-0.22,-0.6595,358701.98,1188879.205
600037.SH,20230907,8.09,8.15,7.94,7.95,8.11,-0.16,-1.9729,122669.04,98628.252
600038.SH,20230907,38.79,38.98,38.36,38.36,38.84,-0.48,-1.2358,27247.0,105329.541
600039.SH,20230907,7.6,7.7,7.49,7.51,7.62,-0.11,-1.4436,552304.67,417886.976
600048.SH,20230907,13.99,14.25,13.86,14.04,14.09,-0.05,-0.3549,506485.4,713222.787
600050.SH,20230907,5.13,5.19,5.12,5.14,5.18,-0.04,-0.7722,1775204.91,914267.71
600051.SH,20230907,7.39,7.45,7.33,7.33,7.42,-0.09,-1.2129,20439.0,15086.65
600052.SH,20230907,4.78,4.85,4.72,4.72,4.79,-0.07,-1.4614,40638.48,19421.501
600053.SH,20230907,13.03,13.32,12.97,13.02,13.02,0.0,0.0,24528.0,32251.963
600054.SH,20230907,12.83,12.99,12.75,12.81,12.81,0.0,0.0,58007.42,74652.374
600055.SH,20230907,18.08,18.24,18.03,18.09,18.18,-0.09,-0.495,24849.7,45028.134
600056.SH,20230907,12.32,12.34,12.18,12.19,12.35,-0.16,-1.2955,92629.54,113456.58
600057.SH,20230907,7.09,7.15,7.07,7.07,7.12,-0.05,-0.7022,113614.78,80715.177
600058.SH,20230907,9.73,9.73,9.61,9.61,9.74,-0.13,-1.3347,26625.0,25671.781
600059.SH,20230907,10.15,10.29,10.11,10.12,10.2,-0.08,-0.7843,76893.99,78351.829
600060.SH,20230907,20.95,21.07,20.75,20.8,20.98,-0.18,-0.858,63666.17,132711.158
600061.SH,20230907,7.14,7.18,7.08,7.08,7.13,-0.05,-0.7013,222160.02,158259.319
603337.SH,20230907,20.87,21.63,20.72,20.78,20.94,-0.16,-0.7641,20135.34,42424.616
603338.SH,20230907,54.28,54.28,52.31,52.56,53.8,-1.24,-2.3048,37139.51,196328.206
603339.SH,20230907,13.03,13.03,12.79,12.8,12.98,-0.18,-1.3867,30452.84,39192.353
603345.SH,20230907,133.3,133.33,131.38,132.25,133.61,-1.36,-1.0179,8297.0,109795.476
603348.SH,20230907,38.28,38.39,37.56,37.56,38.65,-1.09,-2.8202,31432.8,119138.774
603351.SH,20230907,25.08,25.43,25.01,25.06,25.28,-0.22,-0.8703,5138.0,12917.914
603353.SH,20230907,20.37,20.77,20.25,20.26,20.4,-0.14,-0.6863,8085.4,16550.299
603355.SH,20230907,27.55,27.65,27.21,27.28,27.63,-0.35,-1.2667,11287.09,30920.507
603356.SH,20230907,13.6,13.81,13.35,13.43,13.57,-0.14,-1.0317,13505.0,18183.258
603357.SH,20230907,9.78,9.94,9.76,9.78,9.85,-0.07,-0.7107,41015.84,40324.595
603358.SH,20230907,14.99,15.06,14.71,14.73,15.14,-0.41,-2.7081,17141.75,25474.292
603359.SH,20230907,9.06,9.08,8.79,8.86,9.08,-0.22,-2.4229,37765.0,33614.79
603360.SH,20230907,11.05,11.05,10.73,10.74,10.98,-0.24,-2.1858,17721.4,19216.531
603363.SH,20230907,8.74,8.84,8.63,8.63,8.74,-0.11,-1.2586,82034.22,71582.991
603365.SH,20230907,15.2,15.33,14.98,15.06,15.23,-0.17,-1.1162,12282.93,18609.581
603366.SH,20230907,6.33,6.33,6.17,6.17,6.34,-0.17,-2.6814,83172.29,51656.976
603367.SH,20230907,13.04,13.12,12.9,12.94,13.09,-0.15,-1.1459,37143.0,48293.767
603368.SH,20230907,20.4,20.53,20.3,20.3,20.5,-0.2,-0.9756,23803.75,48661.12
603369.SH,20230907,64.18,64.55,63.68,63.92,64.48,-0.56,-0.8685,40869.41,261614.759
603377.SH,20230907,7.07,7.11,6.6,6.79,6.46,0.33,5.1084,402663.28,275773.865
603378.SH,20230907,11.79,11.93,11.37,11.41,11.79,-0.38,-3.2231,91807.18,106339.336
603379.SH,20230907,29.95,30.67,29.5,30.35,30.0,0.35,1.1667,34926.51,105691.892
603380.SH,20230907,23.97,23.97,23.41,23.47,23.93,-0.46,-1.9223,9209.0,21729.808
603383.SH,20230907,60.3,61.43,59.48,59.6,60.8,-1.2,-1.9737,12455.4,75104.025
603385.SH,20230907,8.7,8.83,8.61,8.64,8.7,-0.06,-0.6897,23695.8,20610.827
603386.SH,20230907,11.8,11.9,11.66,11.71,11.93,-0.22,-1.8441,32953.4,38795.363
603387.SH,20230907,11.2,11.21,10.9,10.97,11.17,-0.2,-1.7905,38208.93,42059.708
603388.SH,20230907,9.2,9.28,8.97,8.99,9.23,-0.24,-2.6002,64942.2,59162.332
603389.SH,20230907,6.12,6.63,6.12,6.63,6.03,0.6,9.9502,84942.2,55953.289
603390.SH,20230907,8.31,8.34,8.18,8.19,8.33,-0.14,-1.6807,18722.0,15461.64
603392.SH,20230907,49.76,50.18,48.65,48.72,49.77,-1.05,-2.1097,36403.24,179311.481
603393.SH,20230907,26.62,26.81,26.53,26.61,26.71,-0.1,-0.3744,23507.3,62674.716
603396.SH,20230907,53.15,53.85,52.12,52.12,53.21,-1.09,-2.0485,14326.22,75634.483
603398.SH,20230907,22.72,23.03,22.5,22.75,22.79,-0.04,-0.1755,17044.27,38756.25
603399.SH,20230907,10.72,10.72,10.34,10.37,10.72,-0.35,-3.2649,95596.66,99979.278
603408.SH,20230907,11.58,11.75,11.5,11.52,11.53,-0.01,-0.0867,20784.53,24066.23
603416.SH,20230907,39.78,39.98,38.8,39.13,39.99,-0.86,-2.1505,20224.22,79167.243
603421.SH,20230907,10.54,10.7,10.48,10.54,10.53,0.01,0.095,33559.25,35603.753
603429.SH,20230907,8.69,8.79,8.49,8.51,8.72,-0.21,-2.4083,66163.2,56658.45
603439.SH,20230907,15.38,15.42,15.05,15.1,15.45,-0.35,-2.2654,38267.0,58142.368
603444.SH,20230907,400.1,403.8,391.61,391.81,399.31,-7.5,-1.8782,7181.6,285686.911
603456.SH,20230907,25.17,25.37,24.71,24.77,25.3,-0.53,-2.0949,57010.49,142254.6
603458.SH,20230907,9.58,9.63,9.46,9.46,9.61,-0.15,-1.5609,28664.27,27322.83
603466.SH,20230907,12.5,12.72,12.33,12.39,12.53,-0.14,-1.1173,109534.88,136985.891
603477.SH,20230907,25.54,26.53,25.54,25.81,25.75,0.06,0.233,85565.05,223247.113
603486.SH,20230907,53.4,53.59,52.77,53.0,53.58,-0.58,-1.0825,48864.37,259118.441
603488.SH,20230907,8.05,8.05,7.9,7.91,8.02,-0.11,-1.3716,17312.4,13794.674
603489.SH,20230907,58.1,58.61,57.12,57.28,58.32,-1.04,-1.7833,4539.4,26179.005
603496.SH,20230907,19.13,19.4,18.9,18.99,19.52,-0.53,-2.7152,85885.57,163660.752
603499.SH,20230907,9.73,9.82,9.62,9.63,9.72,-0.09,-0.9259,13816.0,13418.009
603500.SH,20230907,12.2,12.2,11.84,11.84,12.02,-0.18,-1.4975,9902.6,11815.31
603501.SH,20230907,93.8,94.38,93.0,93.15,94.06,-0.91,-0.9675,47475.03,444060.648
603505.SH,20230907,28.09,28.35,27.74,27.82,28.09,-0.27,-0.9612,28566.36,79771.266
603506.SH,20230907,12.91,13.36,12.86,12.89,12.92,-0.03,-0.2322,23230.0,30418.41
603507.SH,20230907,27.19,27.48,26.73,26.76,27.3,-0.54,-1.978,22354.7,60549.563
603508.SH,20230907,16.3,16.37,16.1,16.1,16.33,-0.23,-1.4085,18137.56,29464.116
603511.SH,20230907,17.2,17.45,17.07,17.19,17.14,0.05,0.2917,16637.53,28740.843
603515.SH,20230907,20.94,21.03,20.74,20.81,20.96,-0.15,-0.7156,20639.61,43024.114
603516.SH,20230907,17.16,17.35,16.99,17.24,17.17,0.07,0.4077,40268.2,69344.303
603517.SH,20230907,36.14,36.14,35.22,35.36,36.1,-0.74,-2.0499,23576.3,83751.996
603518.SH,20230907,9.31,9.36,9.17,9.18,9.31,-0.13,-1.3963,29674.2,27514.873
603519.SH,20230907,15.98,16.03,15.6,15.63,16.04,-0.41,-2.5561,47128.56,74392.971
603520.SH,20230907,14.13,14.16,13.94,13.95,14.16,-0.21,-1.4831,31790.41,44603.68
603527.SH,20230907,12.05,12.06,11.71,11.76,12.04,-0.28,-2.3256,22500.6,26629.069
603528.SH,20230907,7.62,7.68,7.43,7.45,7.76,-0.31,-3.9948,145008.0,109539.652
603529.SH,20230907,28.12,28.12,27.5,27.5,28.03,-0.53,-1.8908,29070.06,80531.513
603530.SH,20230907,14.8,14.84,14.59,14.6,14.81,-0.21,-1.418,13230.0,19423.945
603533.SH,20230907,21.48,21.8,21.15,21.17,21.57,-0.4,-1.8544,64114.0,137361.044
603535.SH,20230907,17.28,17.28,16.97,16.97,17.24,-0.27,-1.5661,5469.25,9354.304
603536.SH,20230907,8.08,8.15,8.0,8.02,8.1,-0.08,-0.9877,62238.24,50229.164
603538.SH,20230907,16.6,16.66,16.33,16.33,16.7,-0.37,-2.2156,29340.31,48294.525
603551.SH,20230907,12.5,12.66,11.67,11.72,12.7,-0.98,-7.7165,195822.14,234527.722
603555.SH,20230907,1.8,1.81,1.74,1.75,1.81,-0.06,-3.3149,266436.0,47228.397
603556.SH,20230907,25.56,25.58,24.93,24.93,25.58,-0.65,-2.541,14324.0,36097.465
603557.SH,20230907,2.46,2.46,2.4,2.41,2.46,-0.05,-2.0325,36161.0,8762.046
603558.SH,20230907,8.66,8.66,8.53,8.55,8.62,-0.07,-0.8121,22471.0,19292.09
603559.SH,20230907,6.81,6.85,6.74,6.79,6.84,-0.05,-0.731,13328.0,9056.654
603565.SH,20230907,9.8,9.84,9.53,9.55,9.85,-0.3,-3.0457,91369.88,88039.301
603566.SH,20230907,21.66,21.93,21.23,21.28,21.84,-0.56,-2.5641,21717.02,46643.118
603567.SH,20230907,12.31,12.31,12.01,12.02,12.32,-0.3,-2.4351,43219.0,52462.179
603568.SH,20230907,17.81,17.89,17.62,17.62,17.85,-0.23,-1.2885,22460.3,39871.862
920418.BJ,20230907,16.3,16.4,15.55,15.64,16.33,-0.69,-4.2254,6096.63,9657.779
920856.BJ,20230907,4.9,4.94,4.75,4.83,4.9,-0.07,-1.4286,394.58,189.863
920252.BJ,20230907,6.52,6.52,6.3,6.31,6.5,-0.19,-2.9231,8435.56,5386.45
920190.BJ,20230907,10.19,10.55,10.19,10.3,10.16,0.14,1.378,8166.65,8491.625
920058.BJ,20230907,13.98,14.26,13.71,13.76,14.08,-0.32,-2.2727,4114.29,5726.347
920974.BJ,20230907,5.95,6.09,5.84,5.95,5.95,0.0,0.0,915.07,545.165
920593.BJ,20230907,86.88,87.89,81.12,83.0,87.0,-4.0,-4.5977,10739.3,90268.689
920719.BJ,20230907,11.55,11.55,11.14,11.2,11.53,-0.33,-2.8621,3172.99,3613.706
920017.BJ,20230907,10.36,10.37,10.23,10.25,10.39,-0.14,-1.3474,6187.56,6372.462
920651.BJ,20230907,12.6,13.25,12.1,12.96,12.35,0.61,4.9393,12357.39,15978.576
920370.BJ,20230907,2.45,2.47,2.4,2.43,2.46,-0.03,-1.2195,7469.82,1812.692
920799.BJ,20230907,8.68,9.06,8.68,8.7,8.89,-0.19,-2.1372,16597.69,14663.517
920185.BJ,20230907,24.6,24.88,24.0,24.0,24.67,-0.67,-2.7158,14741.19,35881.171
920367.BJ,20230907,9.07,9.1,8.8,8.85,9.04,-0.19,-2.1018,2159.34,1932.59
920225.BJ,20230907,13.55,13.79,13.33,13.42,13.42,0.0,0.0,12361.47,16756.881
920701.BJ,20230907,7.45,7.83,7.31,7.41,7.72,-0.31,-4.0155,30432.47,22570.902
920553.BJ,20230907,3.14,3.14,3.03,3.06,3.12,-0.06,-1.9231,579.85,178.523
920263.BJ,20230907,4.94,4.94,4.8,4.83,4.95,-0.12,-2.4242,4827.7,2342.352
920694.BJ,20230907,13.4,13.51,13.11,13.42,13.45,-0.03,-0.223,1483.56,1983.202
920510.BJ,20230907,7.1,7.16,7.02,7.08,7.11,-0.03,-0.4219,494.21,349.578
920879.BJ,20230907,7.5,7.5,7.18,7.2,7.4,-0.2,-2.7027,3402.0,2484.562
920351.BJ,20230907,5.58,5.62,5.51,5.53,5.58,-0.05,-0.8961,1077.2,595.933
920245.BJ,20230907,8.9,8.91,8.72,8.83,8.94,-0.11,-1.2304,274.48,243.09
920374.BJ,20230907,8.03,8.03,7.89,7.95,8.07,-0.12,-1.487,1877.4,1495.394
920961.BJ,20230907,7.9,7.9,7.53,7.63,7.95,-0.32,-4.0252,6276.29,4802.934
920599.BJ,20230907,9.16,9.28,8.96,9.1,9.21,-0.11,-1.1944,38918.9,35459.067
920957.BJ,20230907,4.89,4.91,4.88,4.88,4.9,-0.02,-0.4082,315.2,153.944
920685.BJ,20230907,10.02,10.03,9.78,9.8,10.02,-0.22,-2.1956,1984.42,1969.397
920508.BJ,20230907,6.13,6.2,6.07,6.13,6.18,-0.05,-0.8091,565.55,344.491
920402.BJ,20230907,12.08,12.4,11.7,11.72,12.03,-0.31,-2.5769,32631.75,39355.036
920914.BJ,20230907,8.76,8.76,8.6,8.6,8.64,-0.04,-0.463,1862.8,1614.042
920790.BJ,20230907,5.56,5.56,5.41,5.46,5.55,-0.09,-1.6216,2603.35,1419.37
920087.BJ,20230907,6.76,6.82,6.63,6.65,6.82,-0.17,-2.4927,5620.98,3762.036
920895.BJ,20230907,5.9,5.9,5.81,5.82,5.86,-0.04,-0.6826,520.67,303.694
920075.BJ,20230907,7.77,7.77,7.7,7.73,7.83,-0.1,-1.2771,210.4,162.677
920242.BJ,20230907,10.3,10.37,9.83,9.86,10.2,-0.34,-3.3333,1998.61,2006.172
920873.BJ,20230907,3.06,3.08,3.04,3.04,3.05,-0.01,-0.3279,3751.41,1145.286
920834.BJ,20230907,3.75,3.76,3.68,3.7,3.76,-0.06,-1.5957,1511.93,562.356
920152.BJ,20230907,19.4,20.1,19.12,19.42,19.62,-0.2,-1.0194,4328.77,8458.324
920300.BJ,20230907,7.58,7.76,7.46,7.55,7.64,-0.09,-1.178,3271.09,2484.237
920163.BJ,20230907,5.8,5.8,5.68,5.68,5.82,-0.14,-2.4055,440.34,251.856
600371.SH,20230907,11.4,11.6,11.38,11.42,11.45,-0.03,-0.262,37718.12,43305.309
600372.SH,20230907,15.16,15.22,14.96,15.0,15.21,-0.21,-1.3807,194708.93,293942.031
600373.SH,20230907,11.64,11.77,11.5,11.52,11.65,-0.13,-1.1159,135692.0,157811.665
600375.SH,20230907,6.96,6.96,6.78,6.78,6.95,-0.17,-2.446,43000.0,29447.971
600376.SH,20230907,4.37,4.58,4.34,4.42,4.38,0.04,0.9132,296035.44,132813.964
600377.SH,20230907,9.51,9.64,9.49,9.53,9.52,0.01,0.105,58202.86,55707.12
600378.SH,20230907,34.58,34.7,34.0,34.2,34.61,-0.41,-1.1846,12762.0,43851.455
600379.SH,20230907,10.24,10.24,10.01,10.01,10.23,-0.22,-2.1505,21113.0,21317.244
600380.SH,20230907,11.45,11.49,11.2,11.23,11.45,-0.22,-1.9214,84608.38,95578.461
600381.SH,20230907,8.26,8.3,8.1,8.1,8.25,-0.15,-1.8182,59580.0,48857.096
600382.SH,20230907,4.52,4.52,4.43,4.44,4.51,-0.07,-1.5521,54789.69,24469.492
600383.SH,20230907,7.47,7.58,7.29,7.3,7.49,-0.19,-2.5367,1039610.41,771933.105
600386.SH,20230907,4.03,4.07,3.95,3.95,4.03,-0.08,-1.9851,53249.0,21323.198
600387.SH,20230907,5.31,5.31,5.24,5.25,5.32,-0.07,-1.3158,24044.0,12693.54
600388.SH,20230907,15.95,16.13,15.77,15.78,16.14,-0.36,-2.2305,53230.5,84515.299
600389.SH,20230907,22.14,22.16,21.51,21.58,22.17,-0.59,-2.6613,29003.77,63089.198
600390.SH,20230907,5.38,5.4,5.32,5.33,5.38,-0.05,-0.9294,225040.33,120767.415
600391.SH,20230907,21.8,21.9,21.52,21.52,21.84,-0.32,-1.4652,32628.61,70704.717
600392.SH,20230907,11.58,11.63,11.36,11.39,11.64,-0.25,-2.1478,93832.62,107534.906
600395.SH,20230907,6.73,6.79,6.66,6.69,6.73,-0.04,-0.5944,145988.64,98226.33
600396.SH,20230907,2.5,2.52,2.49,2.5,2.5,0.0,0.0,37898.2,9484.325
600397.SH,20230907,3.25,3.27,3.18,3.18,3.23,-0.05,-1.548,227570.0,73168.415
600398.SH,20230907,7.22,7.4,7.13,7.34,7.23,0.11,1.5214,215645.02,157613.085
600469.SH,20230907,6.19,6.19,5.89,5.9,6.19,-0.29,-4.685,112192.52,67421.653
600470.SH,20230907,5.41,5.45,5.33,5.34,5.45,-0.11,-2.0183,46958.0,25280.294
600475.SH,20230907,10.2,10.2,9.87,9.88,10.24,-0.36,-3.5156,72320.02,72142.712
600476.SH,20230907,15.28,15.98,15.28,15.56,15.37,0.19,1.2362,50657.56,79639.986
600477.SH,20230907,3.91,3.93,3.83,3.84,3.91,-0.07,-1.7903,183449.02,71052.569
600478.SH,20230907,5.86,5.87,5.63,5.64,5.86,-0.22,-3.7543,164274.22,93730.141
600479.SH,20230907,10.48,10.48,10.21,10.21,10.48,-0.27,-2.5763,56619.0,58361.782
600480.SH,20230907,9.02,9.07,8.89,8.91,9.06,-0.15,-1.6556,90382.74,81008.126
600481.SH,20230907,10.65,10.66,10.52,10.57,10.72,-0.15,-1.3993,209000.24,221393.753
600482.SH,20230907,19.45,19.65,18.92,18.95,19.51,-0.56,-2.8703,114886.8,220537.313
600483.SH,20230907,8.26,8.29,8.18,8.19,8.24,-0.05,-0.6068,63101.76,51914.976
600486.SH,20230907,65.25,66.55,65.25,65.74,65.46,0.28,0.4277,10941.9,72219.417
600487.SH,20230907,14.26,14.26,14.0,14.05,14.27,-0.22,-1.5417,235017.78,331296.211
600488.SH,20230907,4.8,4.8,4.72,4.73,4.8,-0.07,-1.4583,72469.0,34483.437
600489.SH,20230907,10.94,11.08,10.9,10.95,11.0,-0.05,-0.4545,289648.28,318395.639
600490.SH,20230907,3.44,3.45,3.35,3.37,3.46,-0.09,-2.6012,244931.0,83056.269
600491.SH,20230907,4.53,4.55,4.5,4.52,4.52,0.0,0.0,65395.0,29537.835
600493.SH,20230907,6.13,6.14,6.02,6.04,6.12,-0.08,-1.3072,29202.0,17770.006
600495.SH,20230907,4.1,4.1,4.01,4.01,4.1,-0.09,-2.1951,109040.4,44117.302
600496.SH,20230907,3.77,3.78,3.72,3.72,3.77,-0.05,-1.3263,98819.18,37016.901
600497.SH,20230907,5.48,5.5,5.39,5.41,5.51,-0.1,-1.8149,570246.43,310103.98
600498.SH,20230907,19.18,19.18,18.5,18.54,19.31,-0.77,-3.9876,233743.47,437754.255
600499.SH,20230907,10.25,10.25,10.12,10.15,10.27,-0.12,-1.1685,81800.0,83266.631
600500.SH,20230907,5.16,5.16,5.07,5.08,5.16,-0.08,-1.5504,98987.91,50519.692
600501.SH,20230907,13.57,13.64,13.3,13.31,13.6,-0.29,-2.1324,33156.52,44596.559
600502.SH,20230907,5.08,5.11,5.03,5.04,5.1,-0.06,-1.1765,207760.82,105234.424
600503.SH,20230907,2.7,2.72,2.66,2.66,2.71,-0.05,-1.845,279842.66,75174.709
600505.SH,20230907,7.91,7.91,7.72,7.74,7.87,-0.13,-1.6518,22967.0,17891.525
600506.SH,20230907,10.65,10.7,10.48,10.48,10.65,-0.17,-1.5962,12346.0,13054.153
600507.SH,20230907,4.84,4.85,4.76,4.77,4.84,-0.07,-1.4463,72937.67,34937.948
600508.SH,20230907,14.42,14.59,14.35,14.39,14.45,-0.06,-0.4152,59291.13,85768.026
600509.SH,20230907,6.86,6.89,6.74,6.76,6.86,-0.1,-1.4577,97229.07,66011.682
600510.SH,20230907,5.93,5.99,5.83,5.85,5.92,-0.07,-1.1824,93967.12,55631.961
600511.SH,20230907,31.9,31.99,31.51,31.65,31.96,-0.31,-0.97,25590.29,81090.316
600512.SH,20230907,2.68,2.68,2.64,2.64,2.68,-0.04,-1.4925,170289.52,45293.965
600513.SH,20230907,9.35,9.37,9.2,9.2,9.36,-0.16,-1.7094,18534.0,17180.503
600515.SH,20230907,4.07,4.1,4.02,4.02,4.06,-0.04,-0.9852,262158.68,106459.416
600516.SH,20230907,5.89,5.89,5.79,5.79,5.89,-0.1,-1.6978,214243.27,124870.121
600517.SH,20230907,5.14,5.15,5.05,5.07,5.14,-0.07,-1.3619,128292.0,65343.152
600518.SH,20230907,1.88,1.88,1.86,1.86,1.88,-0.02,-1.0638,333750.76,62344.952
600569.SH,20230907,2.16,2.17,2.13,2.13,2.17,-0.04,-1.8433,208912.0,44763.288
600570.SH,20230907,35.17,35.17,34.09,34.23,35.13,-0.9,-2.5619,188961.51,651278.819
600571.SH,20230907,9.75,9.97,9.71,9.81,9.75,0.06,0.6154,103090.02,101605.5
600572.SH,20230907,5.12,5.12,5.01,5.01,5.12,-0.11,-2.1484,338883.14,171187.594
600573.SH,20230907,10.75,10.77,10.57,10.57,10.75,-0.18,-1.6744,22328.0,23802.601
600575.SH,20230907,2.89,2.89,2.78,2.79,2.9,-0.11,-3.7931,680321.01,192389.491
600576.SH,20230907,7.83,8.05,7.8,7.88,7.82,0.06,0.7673,129445.0,102698.088
600577.SH,20230907,4.31,4.33,4.23,4.24,4.33,-0.09,-2.0785,231356.66,98680.78
600578.SH,20230907,3.12,3.14,3.08,3.08,3.13,-0.05,-1.5974,162530.0,50561.267
600579.SH,20230907,7.29,7.3,7.15,7.17,7.27,-0.1,-1.3755,25191.85,18139.018
600580.SH,20230907,12.19,12.19,11.98,11.99,12.19,-0.2,-1.6407,113140.52,136380.272
600581.SH,20230907,4.2,4.2,4.11,4.12,4.2,-0.08,-1.9048,284658.16,117954.655
600582.SH,20230907,5.35,5.39,5.3,5.31,5.32,-0.01,-0.188,188649.23,100708.442
600583.SH,20230907,6.16,6.33,6.13,6.24,6.2,0.04,0.6452,329232.78,206214.376
600584.SH,20230907,33.13,33.35,32.5,32.51,33.66,-1.15,-3.4165,300424.96,988470.105
600585.SH,20230907,26.1,26.32,25.94,26.0,26.3,-0.3,-1.1407,95095.73,248234.75
600586.SH,20230907,7.5,7.56,7.34,7.35,7.53,-0.18,-2.3904,127606.0,94899.881
600587.SH,20230907,24.7,24.72,24.0,24.05,24.79,-0.74,-2.9851,57461.85,139055.023
600588.SH,20230907,17.75,17.8,17.3,17.32,17.84,-0.52,-2.9148,174471.39,305127.793
600589.SH,20230907,3.85,3.85,3.85,3.85,3.67,0.18,4.9046,30131.0,11600.435
600590.SH,20230907,6.61,6.64,6.53,6.53,6.62,-0.09,-1.3595,74882.0,49198.536
600592.SH,20230907,9.5,9.52,9.35,9.38,9.54,-0.16,-1.6771,59851.0,56330.364
600593.SH,20230907,16.44,16.89,16.44,16.53,16.55,-0.02,-0.1208,27780.0,46235.654
600594.SH,20230907,5.45,5.45,5.35,5.36,5.44,-0.08,-1.4706,68016.0,36683.813
600595.SH,20230907,2.92,2.94,2.87,2.88,2.93,-0.05,-1.7065,263409.03,76303.552
600596.SH,20230907,10.6,10.6,10.34,10.34,10.58,-0.24,-2.2684,69339.23,72220.451
600597.SH,20230907,10.53,10.58,10.42,10.43,10.56,-0.13,-1.2311,56288.45,59074.312
600598.SH,20230907,13.54,13.58,13.4,13.42,13.54,-0.12,-0.8863,87387.0,117759.864
600599.SH,20230907,10.91,11.0,10.83,10.98,10.95,0.03,0.274,21730.04,23748.558
600600.SH,20230907,92.5,92.66,91.81,91.96,92.59,-0.63,-0.6804,28449.42,262079.166
600601.SH,20230907,3.33,3.33,3.2,3.21,3.34,-0.13,-3.8922,497480.78,161047.935
600602.SH,20230907,14.65,14.93,14.4,14.41,14.72,-0.31,-2.106,425204.83,623964.163
600603.SH,20230907,6.32,6.37,6.16,6.18,6.36,-0.18,-2.8302,143823.88,89794.24
600604.SH,20230907,4.99,5.14,4.98,5.01,5.0,0.01,0.2,115082.25,58366.649
600605.SH,20230907,19.5,19.65,19.21,19.39,19.58,-0.19,-0.9704,19099.0,37033.759
600606.SH,20230907,2.87,2.9,2.82,2.82,2.88,-0.06,-2.0833,678765.07,194092.006
600608.SH,20230907,4.36,4.37,4.28,4.33,4.37,-0.04,-0.9153,11570.0,4993.163
600609.SH,20230907,4.87,4.89,4.82,4.85,4.9,-0.05,-1.0204,78828.33,38209.754
600610.SH,20230907,12.92,13.05,12.35,12.35,12.97,-0.62,-4.7803,88307.0,111670.254
600611.SH,20230907,3.09,3.1,3.07,3.09,3.08,0.01,0.3247,152034.52,46941.691
688099.SH,20230907,72.29,72.29,70.07,70.4,72.43,-2.03,-2.8027,54683.16,389504.733
688100.SH,20230907,26.21,26.79,26.01,26.56,26.26,0.3,1.1424,28997.75,76905.198
688101.SH,20230907,14.25,14.36,14.07,14.07,14.26,-0.19,-1.3324,33627.54,47836.29
688102.SH,20230907,11.95,12.01,11.65,11.82,11.95,-0.13,-1.0879,33863.19,39963.553
688103.SH,20230907,61.05,61.05,58.1,58.8,60.15,-1.35,-2.2444,11631.51,68542.888
688105.SH,20230907,26.5,26.8,26.07,26.15,26.64,-0.49,-1.8393,8817.36,23249.386
688106.SH,20230907,27.2,27.22,26.46,26.5,27.04,-0.54,-1.997,41460.33,110926.468
688107.SH,20230907,51.0,52.1,48.09,48.4,49.43,-1.03,-2.0838,46655.37,233753.573
688108.SH,20230907,9.45,9.79,9.1,9.19,9.28,-0.09,-0.9698,83493.2,78544.834
688109.SH,20230907,26.07,26.49,25.74,25.79,26.03,-0.24,-0.922,14360.46,37496.776
688110.SH,20230907,34.41,35.55,33.69,34.12,34.18,-0.06,-0.1755,130573.89,449791.354
688111.SH,20230907,368.51,376.22,361.15,362.06,369.26,-7.2,-1.9498,25237.6,927057.451
688112.SH,20230907,50.65,50.85,49.12,49.26,50.37,-1.11,-2.2037,7204.0,35868.669
688113.SH,20230907,47.07,47.46,46.64,46.75,47.1,-0.35,-0.7431,3847.98,18083.462
688114.SH,20230907,74.2,75.09,71.52,71.62,74.21,-2.59,-3.4901,5542.24,40354.945
688115.SH,20230907,32.49,32.49,31.2,31.51,32.36,-0.85,-2.6267,6608.08,20945.972
688116.SH,20230907,27.09,27.09,25.97,26.0,27.11,-1.11,-4.0944,44890.51,118095.722
688117.SH,20230907,25.5,25.66,24.6,24.76,25.54,-0.78,-3.054,23438.87,58694.159
688118.SH,20230907,25.9,26.44,25.7,25.75,25.92,-0.17,-0.6559,14960.12,38970.646
688119.SH,20230907,5.45,5.46,5.3,5.3,5.43,-0.13,-2.3941,27539.41,14755.207
688120.SH,20230907,210.12,211.2,202.47,203.56,213.35,-9.79,-4.5887,21382.2,438961.764
688121.SH,20230907,24.83,25.1,23.83,23.97,25.0,-1.03,-4.12,27511.26,66621.008
688122.SH,20230907,49.28,49.88,48.94,49.08,49.24,-0.16,-0.3249,51943.35,256669.945
688123.SH,20230907,59.01,62.0,58.17,58.46,59.51,-1.05,-1.7644,61353.12,366727.511
688125.SH,20230907,41.99,42.2,38.85,38.97,42.79,-3.82,-8.9273,17919.03,71605.232
688126.SH,20230907,21.13,21.13,20.32,20.32,21.2,-0.88,-4.1509,160170.56,331462.884
688127.SH,20230907,16.91,17.1,16.7,16.76,17.03,-0.27,-1.5854,35816.63,60376.191
688128.SH,20230907,21.7,21.78,21.21,21.25,21.66,-0.41,-1.8929,19145.03,41160.175
688129.SH,20230907,15.3,15.3,14.94,14.98,15.3,-0.32,-2.0915,5437.71,8204.942
688130.SH,20230907,45.0,45.0,44.1,44.15,44.9,-0.75,-1.6704,2203.13,9801.439
688131.SH,20230907,50.63,51.21,49.3,49.43,50.94,-1.51,-2.9643,10580.26,52795.659
688132.SH,20230907,24.9,24.9,23.72,23.74,24.3,-0.56,-2.3045,12168.02,29441.064
688133.SH,20230907,58.34,58.8,57.05,57.18,58.5,-1.32,-2.2564,9905.42,56937.692
688135.SH,20230907,24.3,24.4,23.06,23.06,24.9,-1.84,-7.3896,157138.18,372217.385
688136.SH,20230907,17.22,17.45,16.94,17.0,17.13,-0.13,-0.7589,10479.32,17942.134
688137.SH,20230907,50.6,50.62,49.49,49.6,50.97,-1.37,-2.6879,3577.8,17912.024
688138.SH,20230907,22.57,24.6,22.44,22.68,22.4,0.28,1.25,140648.93,323988.97
688139.SH,20230907,39.38,39.5,37.91,37.91,39.36,-1.45,-3.6839,27263.97,104752.677
688141.SH,20230907,34.3,34.5,32.54,32.62,34.61,-1.99,-5.7498,27128.47,90364.443
688143.SH,20230907,34.46,37.15,33.52,35.58,34.46,1.12,3.2501,22377.34,80025.45
688146.SH,20230907,40.16,40.19,38.66,38.81,40.01,-1.2,-2.9993,35594.92,140636.081
000622.SZ,20230907,4.25,4.27,4.18,4.21,4.25,-0.04,-0.9412,93246.0,39301.058
000623.SZ,20230907,16.67,16.69,16.43,16.44,16.67,-0.23,-1.3797,78351.67,129676.091
000625.SZ,20230907,13.15,13.16,12.85,12.89,13.24,-0.35,-2.6435,1008871.21,1308754.152
000626.SZ,20230907,7.31,7.31,7.12,7.13,7.33,-0.2,-2.7285,30912.04,22269.82
000627.SZ,20230907,3.25,3.28,3.22,3.23,3.26,-0.03,-0.9202,583204.88,189648.699
000628.SZ,20230907,15.3,15.45,15.14,15.35,15.36,-0.01,-0.0651,26074.0,39847.226
000629.SZ,20230907,3.85,3.85,3.78,3.78,3.85,-0.07,-1.8182,338371.01,129053.953
000630.SZ,20230907,3.37,3.38,3.31,3.33,3.38,-0.05,-1.4793,1068983.8,356869.668
000631.SZ,20230907,2.98,3.0,2.9,2.91,2.97,-0.06,-2.0202,79168.68,23402.946
000632.SZ,20230907,4.72,4.73,4.53,4.55,4.63,-0.08,-1.7279,365717.41,168858.195
000633.SZ,20230907,6.96,7.07,6.79,6.8,6.98,-0.18,-2.5788,68916.0,47691.759
000635.SZ,20230907,8.88,8.92,8.78,8.78,8.9,-0.12,-1.3483,15313.0,13522.986
000636.SZ,20230907,14.98,14.98,14.69,14.75,14.98,-0.23,-1.5354,66708.82,98786.617
000637.SZ,20230907,3.43,3.44,3.4,3.44,3.45,-0.01,-0.2899,20852.01,7141.866
000638.SZ,20230907,6.46,6.54,6.36,6.36,6.51,-0.15,-2.3041,63390.0,40742.609
000639.SZ,20230907,4.35,4.39,4.29,4.3,4.37,-0.07,-1.6018,36405.0,15802.045
000650.SZ,20230907,6.74,6.74,6.55,6.57,6.74,-0.17,-2.5223,274474.68,182084.433
000651.SZ,20230907,36.7,36.83,36.41,36.59,36.73,-0.14,-0.3812,175885.28,643740.413
000652.SZ,20230907,4.22,4.22,4.15,4.17,4.21,-0.04,-0.9501,106652.0,44617.789
000655.SZ,20230907,7.02,7.03,6.83,6.84,7.0,-0.16,-2.2857,62607.95,43380.499
000656.SZ,20230907,2.18,2.4,2.14,2.27,2.19,0.08,3.653,13192868.1,3018798.49
000657.SZ,20230907,9.99,10.06,9.7,9.76,10.04,-0.28,-2.7888,116477.95,114601.91
000659.SZ,20230907,3.07,3.09,2.99,2.99,3.09,-0.1,-3.2362,165777.0,50213.686
000661.SZ,20230907,138.34,138.34,135.88,135.9,138.14,-2.24,-1.6215,26767.38,366052.125
000663.SZ,20230907,10.23,10.23,10.05,10.06,10.26,-0.2,-1.9493,27668.01,28008.069
000665.SZ,20230907,5.32,5.35,5.26,5.26,5.33,-0.07,-1.3133,78012.25,41402.556
000668.SZ,20230907,11.47,11.6,11.18,11.24,11.37,-0.13,-1.1434,17881.13,20267.18
000669.SZ,20230907,1.92,1.93,1.88,1.89,1.92,-0.03,-1.5625,45803.0,8700.726
000670.SZ,20230907,6.55,6.56,6.38,6.41,6.7,-0.29,-4.3284,410967.97,265355.871
000672.SZ,20230907,9.51,9.63,9.44,9.46,9.55,-0.09,-0.9424,67591.47,64363.298
000676.SZ,20230907,6.12,6.18,6.03,6.04,6.13,-0.09,-1.4682,143275.48,87458.817
000677.SZ,20230907,2.89,2.92,2.87,2.88,2.89,-0.01,-0.346,68915.0,19947.692
000678.SZ,20230907,7.04,7.05,6.7,6.72,7.06,-0.34,-4.8159,377016.5,257284.118
000679.SZ,20230907,5.46,5.49,5.37,5.39,5.43,-0.04,-0.7366,53100.0,28759.923
000680.SZ,20230907,4.87,4.87,4.8,4.81,4.88,-0.07,-1.4344,140269.5,67737.014
000681.SZ,20230907,15.53,15.67,15.19,15.2,15.53,-0.33,-2.1249,166936.87,256693.812
000682.SZ,20230907,8.76,8.78,8.61,8.63,8.8,-0.17,-1.9318,61941.0,53832.187
000683.SZ,20230907,7.54,7.55,7.28,7.29,7.55,-0.26,-3.4437,346549.62,255666.039
000685.SZ,20230907,7.43,7.47,7.35,7.37,7.46,-0.09,-1.2064,99315.91,73636.86
000686.SZ,20230907,7.89,7.93,7.8,7.81,7.85,-0.04,-0.5096,165533.78,130204.959
002327.SZ,20230907,8.34,8.51,8.31,8.4,8.34,0.06,0.7194,30183.0,25393.812
002328.SZ,20230907,6.17,6.18,6.05,6.05,6.19,-0.14,-2.2617,78344.5,47799.398
002329.SZ,20230907,6.08,6.1,5.99,5.99,6.07,-0.08,-1.318,86232.0,52099.488
002330.SZ,20230907,5.81,5.86,5.73,5.73,5.84,-0.11,-1.8836,72264.32,41802.133
002331.SZ,20230907,7.07,7.08,6.92,6.95,7.05,-0.1,-1.4184,46584.17,32533.155
002332.SZ,20230907,11.19,11.19,10.92,10.97,11.14,-0.17,-1.526,65824.13,72510.844
002333.SZ,20230907,6.72,6.86,6.68,6.71,6.85,-0.14,-2.0438,129347.0,87297.119
002334.SZ,20230907,10.14,10.14,9.89,9.91,10.15,-0.24,-2.3645,144082.99,143752.992
002335.SZ,20230907,32.51,32.6,31.65,31.7,32.51,-0.81,-2.4915,54914.07,175527.128
002336.SZ,20230907,15.33,15.82,15.18,15.76,15.45,0.31,2.0065,172770.1,269206.351
002337.SZ,20230907,5.64,5.65,5.52,5.52,5.66,-0.14,-2.4735,65996.0,36729.74
002338.SZ,20230907,38.0,40.24,37.38,38.68,36.58,2.1,5.7408,324907.7,1253331.366
002339.SZ,20230907,7.01,7.02,6.81,6.83,6.99,-0.16,-2.289,72806.3,50096.817
002340.SZ,20230907,6.38,6.39,6.26,6.26,6.38,-0.12,-1.8809,336612.91,212005.534
002341.SZ,20230907,3.27,3.28,3.17,3.18,3.27,-0.09,-2.7523,136742.0,43845.908
002342.SZ,20230907,4.17,4.18,4.12,4.12,4.19,-0.07,-1.6706,56323.0,23336.73
002343.SZ,20230907,6.96,7.07,6.84,6.84,6.95,-0.11,-1.5827,93930.0,65150.954
002344.SZ,20230907,4.48,4.5,4.4,4.41,4.48,-0.07,-1.5625,87346.83,38903.667
002345.SZ,20230907,6.4,6.44,6.28,6.3,6.4,-0.1,-1.5625,62582.77,39658.962
002346.SZ,20230907,12.44,12.44,12.17,12.17,12.43,-0.26,-2.0917,15563.0,19076.708
002347.SZ,20230907,5.27,5.28,5.17,5.18,5.28,-0.1,-1.8939,72979.0,38062.266
002348.SZ,20230907,3.68,3.72,3.65,3.65,3.69,-0.04,-1.084,55223.0,20310.12
002349.SZ,20230907,9.38,9.42,9.26,9.27,9.42,-0.15,-1.5924,147912.92,137955.907
002350.SZ,20230907,6.55,6.56,6.38,6.39,6.57,-0.18,-2.7397,57768.26,37275.644
002351.SZ,20230907,16.99,17.15,16.6,16.62,16.95,-0.33,-1.9469,86796.87,145830.092
002352.SZ,20230907,44.33,44.35,43.31,43.36,44.31,-0.95,-2.144,141824.63,619387.193
002353.SZ,20230907,29.82,30.2,29.66,30.03,30.03,0.0,0.0,96995.48,291164.395
002354.SZ,20230907,5.76,5.93,5.69,5.74,5.7,0.04,0.7018,682289.01,395623.828
002355.SZ,20230907,6.53,6.75,6.36,6.7,6.74,-0.04,-0.5935,897686.95,582580.238
002356.SZ,20230907,5.07,5.12,4.99,5.01,5.1,-0.09,-1.7647,76481.2,38467.083
002357.SZ,20230907,7.15,7.21,7.02,7.11,7.19,-0.08,-1.1127,50341.0,35895.756
002358.SZ,20230907,4.23,4.23,4.11,4.11,4.21,-0.1,-2.3753,78053.0,32385.369
002360.SZ,20230907,7.56,7.59,7.47,7.48,7.57,-0.09,-1.1889,34789.0,26206.902
002361.SZ,20230907,4.02,4.05,3.94,3.95,4.03,-0.08,-1.9851,99022.0,39487.675
002362.SZ,20230907,24.09,24.35,23.77,23.78,24.11,-0.33,-1.3687,83378.0,200133.52
002363.SZ,20230907,7.0,7.02,6.8,6.81,7.02,-0.21,-2.9915,115765.02,79540.768
002364.SZ,20230907,7.59,7.67,7.42,7.44,7.68,-0.24,-3.125,51568.4,38733.79
002365.SZ,20230907,9.74,9.77,9.58,9.58,9.76,-0.18,-1.8443,28472.04,27550.762
002366.SZ,20230907,6.12,6.18,6.09,6.1,6.12,-0.02,-0.3268,98545.0,60395.234
002367.SZ,20230907,8.77,8.77,8.64,8.68,8.81,-0.13,-1.4756,51048.25,44355.938
002368.SZ,20230907,35.18,35.48,34.72,34.75,35.33,-0.58,-1.6417,73661.44,258196.011
003029.SZ,20230907,23.0,25.14,22.78,23.43,22.85,0.58,2.5383,117972.54,281119.061
003030.SZ,20230907,22.53,22.68,22.32,22.32,22.52,-0.2,-0.8881,7944.0,17891.323
003031.SZ,20230907,113.97,114.43,107.18,107.5,111.29,-3.79,-3.4055,48756.53,535483.129
003032.SZ,20230907,12.8,13.1,12.72,12.74,12.82,-0.08,-0.624,92132.68,119052.341
003033.SZ,20230907,32.28,32.35,31.4,31.61,32.28,-0.67,-2.0756,6638.0,21109.333
003035.SZ,20230907,6.05,6.07,5.97,5.98,6.07,-0.09,-1.4827,119117.0,71623.284
003036.SZ,20230907,14.01,14.04,13.7,13.8,13.96,-0.16,-1.1461,18780.0,26022.76
003037.SZ,20230907,12.64,12.7,12.44,12.45,12.63,-0.18,-1.4252,24856.01,31167.467
003038.SZ,20230907,37.21,37.64,36.52,36.52,37.5,-0.98,-2.6133,14979.0,55354.864
003039.SZ,20230907,16.59,16.61,16.25,16.26,16.62,-0.36,-2.1661,24450.0,40129.23
003040.SZ,20230907,16.84,16.92,16.57,16.59,16.92,-0.33,-1.9504,31446.57,52553.928
003041.SZ,20230907,16.52,16.7,16.43,16.52,16.51,0.01,0.0606,14386.0,23884.882
003042.SZ,20230907,18.53,18.61,18.11,18.11,18.54,-0.43,-2.3193,14981.2,27392.489
003043.SZ,20230907,50.53,54.22,50.53,51.08,51.18,-0.1,-0.1954,30953.0,162146.657
003816.SZ,20230907,3.18,3.22,3.15,3.19,3.18,0.01,0.3145,1569225.28,500546.099
300001.SZ,20230907,18.91,19.0,18.36,18.39,18.91,-0.52,-2.7499,83537.66,155022.018
300002.SZ,20230907,10.16,10.45,9.84,9.91,10.06,-0.15,-1.4911,884149.84,891662.434
300003.SZ,20230907,16.04,16.05,15.59,15.61,16.02,-0.41,-2.5593,180736.75,284664.948
300004.SZ,20230907,5.74,6.5,5.71,5.95,5.77,0.18,3.1196,366655.82,222622.291
300005.SZ,20230907,8.32,8.54,8.26,8.46,8.33,0.13,1.5606,273811.63,231276.047
300006.SZ,20230907,3.42,3.42,3.36,3.37,3.43,-0.06,-1.7493,78113.2,26484.97
300007.SZ,20230907,16.7,16.7,16.31,16.36,16.74,-0.38,-2.27,87643.44,144505.901
300008.SZ,20230907,4.8,4.81,4.66,4.67,4.82,-0.15,-3.112,441487.0,208743.69
300009.SZ,20230907,9.52,9.55,9.31,9.33,9.55,-0.22,-2.3037,70989.97,66801.571
300010.SZ,20230907,2.4,2.5,2.39,2.44,2.41,0.03,1.2448,111522.0,27267.155
300011.SZ,20230907,6.88,6.89,6.71,6.71,6.88,-0.17,-2.4709,36892.0,25004.101
300012.SZ,20230907,18.84,18.96,18.53,18.64,18.85,-0.21,-1.1141,47822.01,89297.757
300013.SZ,20230907,4.0,4.03,3.93,3.95,4.03,-0.08,-1.9851,74471.5,29578.468
300014.SZ,20230907,49.5,50.2,47.7,47.71,49.04,-1.33,-2.7121,205468.31,997144.616
300015.SZ,20230907,18.8,18.86,18.53,18.58,18.82,-0.24,-1.2752,230493.18,430652.192
300016.SZ,20230907,6.38,6.38,6.25,6.25,6.36,-0.11,-1.7296,34615.5,21827.502
300017.SZ,20230907,6.8,6.88,6.68,6.69,6.83,-0.14,-2.0498,380562.07,257561.756
300018.SZ,20230907,6.32,6.32,6.17,6.19,6.31,-0.12,-1.9017,58676.39,36695.869
300019.SZ,20230907,16.81,16.97,16.53,16.54,16.66,-0.12,-0.7203,35780.12,59784.321
300020.SZ,20230907,8.64,8.85,8.64,8.7,8.7,0.0,0.0,156233.0,136723.903
300021.SZ,20230907,4.96,4.98,4.88,4.88,4.98,-0.1,-2.008,89617.56,44043.715
300022.SZ,20230907,4.86,4.88,4.79,4.79,4.86,-0.07,-1.4403,41140.02,19841.446
300024.SZ,20230907,12.6,12.61,12.21,12.23,12.69,-0.46,-3.6249,301765.05,372684.756
300025.SZ,20230907,13.0,13.22,12.83,12.86,12.9,-0.04,-0.3101,77186.0,100571.34
300026.SZ,20230907,4.39,4.4,4.3,4.3,4.39,-0.09,-2.0501,334144.66,145152.282
300669.SZ,20230907,14.15,14.41,14.02,14.24,14.14,0.1,0.7072,19142.0,27346.995
300670.SZ,20230907,7.71,7.75,7.55,7.6,7.73,-0.13,-1.6818,37871.0,28872.446
300671.SZ,20230907,36.14,36.58,35.54,35.6,36.64,-1.04,-2.8384,39534.34,142029.816
300672.SZ,20230907,73.01,73.11,70.64,70.69,73.86,-3.17,-4.2919,66298.22,475421.31
300673.SZ,20230907,13.1,13.16,12.86,12.9,13.1,-0.2,-1.5267,13484.8,17487.26
300674.SZ,20230907,17.78,18.24,17.58,18.0,17.74,0.26,1.4656,304715.58,548759.387
300675.SZ,20230907,16.2,16.61,16.05,16.06,16.34,-0.28,-1.7136,44519.0,72545.647
300676.SZ,20230907,53.37,53.6,52.43,52.46,53.4,-0.94,-1.7603,15206.6,80314.553
300677.SZ,20230907,21.91,22.06,21.55,21.57,21.91,-0.34,-1.5518,50074.52,109009.56
300678.SZ,20230907,36.06,36.36,35.14,35.21,36.54,-1.33,-3.6398,140905.0,502338.068
300679.SZ,20230907,36.17,36.47,34.71,34.92,36.49,-1.57,-4.3025,40322.74,142416.916
300680.SZ,20230907,20.13,20.13,18.91,18.93,20.15,-1.22,-6.0546,126968.6,246495.46
300681.SZ,20230907,18.08,18.11,17.39,17.55,18.08,-0.53,-2.9314,31205.6,54987.229
300682.SZ,20230907,21.64,21.65,21.1,21.16,21.73,-0.57,-2.6231,40586.65,86485.203
300683.SZ,20230907,34.97,35.0,33.93,34.02,34.78,-0.76,-2.1852,6565.0,22594.483
300684.SZ,20230907,19.7,20.59,19.5,19.58,19.91,-0.33,-1.6575,179376.39,359169.626
300685.SZ,20230907,23.86,23.86,23.26,23.3,23.79,-0.49,-2.0597,17606.92,41273.581
300686.SZ,20230907,10.98,11.08,10.51,10.55,11.1,-0.55,-4.955,124004.07,133297.73
300687.SZ,20230907,23.78,24.58,23.48,23.7,23.93,-0.23,-0.9611,154365.36,369708.456
300688.SZ,20230907,34.04,36.8,33.93,35.13,33.8,1.33,3.9349,173818.6,617749.189
300689.SZ,20230907,21.46,21.7,21.2,21.23,21.65,-0.42,-1.94,14111.8,30247.099
300690.SZ,20230907,15.95,15.95,15.52,15.55,15.93,-0.38,-2.3854,16045.0,25108.382
300691.SZ,20230907,18.94,19.06,18.65,18.76,19.12,-0.36,-1.8828,100507.96,189339.318
300692.SZ,20230907,6.8,6.81,6.64,6.65,6.8,-0.15,-2.2059,52106.4,34865.158
300693.SZ,20230907,32.22,32.23,31.13,31.14,32.16,-1.02,-3.1716,53120.6,167105.291
300694.SZ,20230907,11.27,11.29,11.0,11.02,11.27,-0.25,-2.2183,21255.01,23609.599
300695.SZ,20230907,47.78,47.78,46.85,46.92,47.74,-0.82,-1.7176,3273.0,15460.229
300696.SZ,20230907,22.0,22.25,21.61,21.62,22.18,-0.56,-2.5248,25942.62,56808.964
300697.SZ,20230907,11.03,11.08,10.88,10.89,11.04,-0.15,-1.3587,25237.0,27668.712
300698.SZ,20230907,29.42,29.89,28.63,28.72,29.9,-1.18,-3.9465,45747.3,132938.941
300699.SZ,20230907,28.53,28.53,27.91,27.92,28.46,-0.54,-1.8974,41522.01,116789.332
300700.SZ,20230907,19.1,19.1,18.46,18.5,18.9,-0.4,-2.1164,36856.2,68724.671
300701.SZ,20230907,10.27,10.41,10.21,10.23,10.32,-0.09,-0.8721,48714.2,50149.591
300702.SZ,20230907,21.4,21.94,21.17,21.17,21.5,-0.33,-1.5349,18999.77,40936.148
300703.SZ,20230907,10.52,10.54,10.4,10.44,10.52,-0.08,-0.7605,30124.25,31530.099
300705.SZ,20230907,20.75,20.78,20.31,20.38,20.74,-0.36,-1.7358,21175.44,43512.51
300706.SZ,20230907,27.71,28.27,27.21,27.29,28.02,-0.73,-2.6053,82564.0,229000.695
300707.SZ,20230907,15.44,15.5,14.99,15.01,15.46,-0.45,-2.9107,26958.0,40911.591
300708.SZ,20230907,11.22,11.34,10.98,11.02,11.22,-0.2,-1.7825,153197.4,170376.97
300709.SZ,20230907,23.09,23.09,22.31,22.32,23.09,-0.77,-3.3348,41639.28,94080.955
300710.SZ,20230907,24.85,25.68,24.72,24.98,24.7,0.28,1.1336,26822.95,67638.441
301429.SZ,20230907,26.62,27.0,25.88,25.96,26.55,-0.59,-2.2222,26441.0,69819.238
301439.SZ,20230907,16.96,17.07,16.51,16.55,16.98,-0.43,-2.5324,40192.37,67238.023
301446.SZ,20230907,34.75,35.1,33.66,33.69,34.82,-1.13,-3.2453,12173.64,41480.538
301448.SZ,20230907,31.64,31.88,30.8,30.83,31.93,-1.1,-3.445,21001.61,65481.569
301456.SZ,20230907,40.2,40.35,38.16,38.16,40.9,-2.74,-6.6993,55096.08,215676.67
301468.SZ,20230907,38.09,38.09,36.79,36.8,38.04,-1.24,-3.2597,16087.33,59880.617
301469.SZ,20230907,49.63,49.99,46.2,46.2,49.98,-3.78,-7.563,49225.69,233900.775
301486.SZ,20230907,52.41,54.6,51.23,51.44,52.76,-1.32,-2.5019,59412.43,315279.464
301487.SZ,20230907,58.11,59.57,56.26,56.56,59.11,-2.55,-4.314,112454.79,648115.32
301488.SZ,20230907,75.55,76.16,73.0,73.7,77.72,-4.02,-5.1724,21715.19,162055.461
301498.SZ,20230907,44.5,44.56,42.69,42.8,44.6,-1.8,-4.0359,33219.17,143890.448
301499.SZ,20230907,36.6,36.73,34.01,34.01,36.04,-2.03,-5.6326,48481.01,169605.125
301503.SZ,20230907,38.7,40.68,36.02,36.16,37.19,-1.03,-2.7696,52513.83,199195.468
301505.SZ,20230907,47.5,49.91,46.8,46.85,47.75,-0.9,-1.8848,44867.77,216168.124
301507.SZ,20230907,26.36,27.92,25.83,26.84,27.93,-1.09,-3.9026,351025.25,934583.103
301509.SZ,20230907,73.5,73.65,71.66,71.71,73.87,-2.16,-2.9241,16651.76,120406.549
301510.SZ,20230907,52.0,52.7,47.6,47.8,53.0,-5.2,-9.8113,103265.94,510961.997
301511.SZ,20230907,33.72,34.49,31.81,31.82,34.14,-2.32,-6.7955,119081.33,391420.128
301512.SZ,20230907,62.05,63.96,61.32,62.16,63.23,-1.07,-1.6922,12169.69,76030.667
301515.SZ,20230907,36.05,36.17,34.81,34.9,36.22,-1.32,-3.6444,23314.64,82320.335
301518.SZ,20230907,28.6,28.88,27.51,27.62,28.98,-1.36,-4.6929,36992.06,103707.092
301519.SZ,20230907,27.57,27.78,26.8,26.8,27.97,-1.17,-4.1831,50485.54,137487.777
301525.SZ,20230907,120.29,122.6,113.14,122.02,122.7,-0.68,-0.5542,67973.72,796791.926
301528.SZ,20230907,100.27,100.34,94.35,94.35,100.27,-5.92,-5.9041,31683.04,304848.374
301533.SZ,20230907,48.88,49.34,47.2,47.5,49.32,-1.82,-3.6902,30499.92,146547.882
688147.SH,20230907,50.35,50.83,48.47,48.61,51.06,-2.45,-4.7983,14320.12,70767.929
688148.SH,20230907,9.52,9.56,9.19,9.21,9.52,-0.31,-3.2563,48613.1,45290.655
688150.SH,20230907,18.18,18.19,17.47,17.52,18.18,-0.66,-3.6304,21482.36,38202.132
688151.SH,20230907,20.56,20.68,20.2,20.22,20.66,-0.44,-2.1297,17629.94,35920.637
688152.SH,20230907,99.05,99.05,96.09,97.68,98.88,-1.2,-1.2136,11808.54,115396.369
688153.SH,20230907,70.69,70.69,65.31,66.93,70.7,-3.77,-5.3324,30369.7,204334.772
688155.SH,20230907,45.05,45.5,43.76,43.77,45.52,-1.75,-3.8445,2903.88,12903.395
688156.SH,20230907,28.5,28.59,28.27,28.31,28.5,-0.19,-0.6667,5400.91,15360.885
688157.SH,20230907,59.7,60.4,59.09,59.45,59.85,-0.4,-0.6683,3671.18,21880.172
688158.SH,20230907,16.46,16.75,16.28,16.28,16.61,-0.33,-1.9868,73308.6,120788.563
688159.SH,20230907,37.25,37.66,36.82,37.48,37.26,0.22,0.5904,13235.71,49329.695
688160.SH,20230907,67.22,70.38,65.81,67.41,67.1,0.31,0.462,39064.7,264945.746
688161.SH,20230907,37.52,37.72,37.15,37.21,37.67,-0.46,-1.2211,5009.97,18709.135
688162.SH,20230907,36.2,36.4,35.16,35.28,36.23,-0.95,-2.6221,6621.09,23603.895
688163.SH,20230907,19.63,19.63,19.12,19.15,19.6,-0.45,-2.2959,5851.64,11325.394
688165.SH,20230907,11.14,11.16,10.91,10.92,11.18,-0.26,-2.3256,51557.75,56854.786
688166.SH,20230907,18.29,18.37,17.96,17.96,18.3,-0.34,-1.8579,18615.96,33748.372
688167.SH,20230907,97.0,98.69,91.77,92.13,98.0,-5.87,-5.9898,34949.66,331817.814
688168.SH,20230907,34.39,34.85,33.95,34.04,34.39,-0.35,-1.0177,6062.65,20809.25
688169.SH,20230907,302.39,306.96,299.0,302.89,304.8,-1.91,-0.6266,15027.05,454505.513
688170.SH,20230907,41.35,41.35,38.08,38.08,39.87,-1.79,-4.4896,21058.7,82842.234
688171.SH,20230907,23.45,23.59,23.08,23.23,23.43,-0.2,-0.8536,7428.95,17314.05
688172.SH,20230907,20.98,21.06,20.49,20.58,21.16,-0.58,-2.741,45016.2,93205.251
688173.SH,20230907,18.94,19.01,18.51,18.52,19.08,-0.56,-2.935,21402.93,40083.573
688175.SH,20230907,34.26,34.39,33.36,33.55,34.26,-0.71,-2.0724,6106.26,20669.869
688176.SH,20230907,10.78,10.78,10.36,10.37,10.72,-0.35,-3.2649,30589.91,32145.901
688177.SH,20230907,27.45,27.61,27.05,27.42,27.44,-0.02,-0.0729,6016.86,16493.784
688178.SH,20230907,18.42,18.56,18.25,18.25,18.49,-0.24,-1.298,3775.93,6951.741
688179.SH,20230907,19.29,19.3,18.68,18.68,19.25,-0.57,-2.961,14697.15,27769.011
688180.SH,20230907,37.12,37.39,35.99,36.0,37.25,-1.25,-3.3557,40017.34,146391.574
688181.SH,20230907,28.99,29.38,28.06,28.19,28.93,-0.74,-2.5579,38596.05,110698.358
688182.SH,20230907,23.92,23.92,21.98,22.05,24.57,-2.52,-10.2564,79962.15,182843.109
688183.SH,20230907,11.22,11.32,11.08,11.12,11.33,-0.21,-1.8535,28942.54,32371.851
688184.SH,20230907,24.65,24.71,24.11,24.11,24.69,-0.58,-2.3491,4312.05,10480.424
688185.SH,20230907,73.66,74.1,72.18,72.19,73.66,-1.47,-1.9957,9324.63,68004.559
688186.SH,20230907,21.75,21.84,21.21,21.23,21.78,-0.55,-2.5253,30440.42,65170.986
688187.SH,20230907,43.17,43.39,42.45,42.45,43.19,-0.74,-1.7134,37879.49,162262.967
688188.SH,20230907,257.51,262.08,256.81,258.45,258.65,-0.2,-0.0773,5386.58,139666.385
688189.SH,20230907,9.64,9.8,9.49,9.52,9.69,-0.17,-1.7544,30427.99,29263.346
688190.SH,20230907,73.9,74.5,72.3,72.4,74.1,-1.7,-2.2942,3021.33,22108.122
688191.SH,20230907,19.24,19.43,18.56,18.61,19.33,-0.72,-3.7248,45560.52,86086.807
000688.SZ,20230907,13.35,13.35,12.98,12.98,13.3,-0.32,-2.406,34641.0,45394.495
000690.SZ,20230907,5.76,5.77,5.58,5.64,5.78,-0.14,-2.4221,319046.0,180053.636
000691.SZ,20230907,4.9,4.91,4.8,4.82,4.89,-0.07,-1.4315,46859.0,22667.465
000692.SZ,20230907,2.72,2.78,2.7,2.71,2.74,-0.03,-1.0949,27838.0,7602.231
000695.SZ,20230907,12.36,12.36,12.08,12.15,12.29,-0.14,-1.1391,10862.85,13223.825
000697.SZ,20230907,5.1,5.15,5.02,5.04,5.12,-0.08,-1.5625,35451.81,17965.911
000698.SZ,20230907,4.3,4.3,4.23,4.24,4.29,-0.05,-1.1655,45278.0,19299.497
000700.SZ,20230907,7.12,7.24,6.99,7.02,7.18,-0.16,-2.2284,135135.01,95802.177
000701.SZ,20230907,7.23,7.77,7.2,7.35,7.36,-0.01,-0.1359,444139.12,330390.45
000702.SZ,20230907,5.88,6.05,5.8,5.81,5.86,-0.05,-0.8532,70284.01,41703.472
000703.SZ,20230907,7.58,7.72,7.52,7.63,7.61,0.02,0.2628,192078.0,146716.037
000705.SZ,20230907,8.36,8.41,8.22,8.25,8.37,-0.12,-1.4337,76783.0,63894.887
000707.SZ,20230907,8.17,8.19,8.05,8.07,8.2,-0.13,-1.5854,64514.0,52272.164
000708.SZ,20230907,15.19,15.28,14.95,15.0,15.26,-0.26,-1.7038,49359.17,74453.116
000709.SZ,20230907,2.31,2.32,2.28,2.28,2.31,-0.03,-1.2987,426324.51,97877.9
000710.SZ,20230907,10.03,10.08,9.84,9.84,10.03,-0.19,-1.8943,31654.0,31442.592
000711.SZ,20230907,1.95,2.01,1.94,1.99,1.96,0.03,1.5306,168608.82,33273.995
000712.SZ,20230907,14.34,14.58,14.06,14.31,14.23,0.08,0.5622,594850.25,854407.522
000713.SZ,20230907,8.91,8.94,8.8,8.81,8.89,-0.08,-0.8999,59158.35,52414.233
000715.SZ,20230907,7.76,7.95,7.69,7.9,7.74,0.16,2.0672,267158.29,208916.736
000716.SZ,20230907,7.05,7.11,7.0,7.04,7.05,-0.01,-0.1418,213369.64,150469.589
000717.SZ,20230907,2.96,2.96,2.88,2.89,2.96,-0.07,-2.3649,207540.81,60478.314
000718.SZ,20230907,2.91,2.97,2.87,2.88,2.92,-0.04,-1.3699,226818.9,66062.09
000719.SZ,20230907,12.39,12.99,12.28,12.56,12.53,0.03,0.2394,361525.37,458538.622
000720.SZ,20230907,4.37,4.38,4.26,4.27,4.38,-0.11,-2.5114,47467.0,20446.682
000721.SZ,20230907,13.4,14.05,13.29,13.8,13.37,0.43,3.2162,572635.08,785805.443
000722.SZ,20230907,11.07,11.15,10.84,10.84,11.11,-0.27,-2.4302,42922.47,47013.175
000723.SZ,20230907,7.43,7.51,7.3,7.3,7.46,-0.16,-2.1448,265899.82,196330.002
000725.SZ,20230907,4.04,4.05,3.95,3.96,4.06,-0.1,-2.4631,2666218.31,1062666.634
000726.SZ,20230907,6.79,6.84,6.75,6.76,6.8,-0.04,-0.5882,34461.08,23437.055
000727.SZ,20230907,2.42,2.55,2.39,2.39,2.42,-0.03,-1.2397,1285587.88,316054.474
000728.SZ,20230907,6.95,7.0,6.89,6.9,6.96,-0.06,-0.8621,321681.8,223374.39
000729.SZ,20230907,10.48,10.53,10.34,10.36,10.51,-0.15,-1.4272,87673.93,91312.459
000731.SZ,20230907,7.66,7.66,7.52,7.54,7.67,-0.13,-1.6949,48761.0,36940.937
000733.SZ,20230907,87.85,89.35,87.15,88.47,88.08,0.39,0.4428,35847.4,316259.525
000735.SZ,20230907,6.04,6.08,5.98,5.98,6.05,-0.07,-1.157,115660.91,69601.724
000736.SZ,20230907,13.85,14.22,13.58,13.59,14.06,-0.47,-3.3428,330059.05,458460.329
000737.SZ,20230907,5.93,6.06,5.84,5.85,5.96,-0.11,-1.8456,152690.03,90146.3
000738.SZ,20230907,22.45,22.67,22.2,22.21,22.5,-0.29,-1.2889,41958.0,93776.088
000739.SZ,20230907,17.19,17.24,16.77,16.78,17.21,-0.43,-2.4985,48765.71,82572.853
000750.SZ,20230907,3.71,3.75,3.68,3.69,3.72,-0.03,-0.8065,547118.61,203027.802
002369.SZ,20230907,5.35,5.37,5.17,5.18,5.38,-0.2,-3.7175,296478.0,155553.141
002370.SZ,20230907,4.44,4.47,4.36,4.37,4.46,-0.09,-2.0179,94501.64,41661.155
002371.SZ,20230907,276.99,277.3,264.23,264.5,280.4,-15.9,-5.6705,96212.94,2592149.834
002372.SZ,20230907,20.05,20.2,19.65,19.77,19.92,-0.15,-0.753,58281.84,115819.672
002373.SZ,20230907,12.55,12.68,12.43,12.46,12.65,-0.19,-1.502,69598.93,87196.389
002374.SZ,20230907,3.89,3.9,3.81,3.82,3.9,-0.08,-2.0513,93361.75,35955.922
002375.SZ,20230907,4.85,4.92,4.81,4.81,4.86,-0.05,-1.0288,84305.0,41051.83
002376.SZ,20230907,7.59,7.65,7.54,7.56,7.61,-0.05,-0.657,31380.94,23833.94
002377.SZ,20230907,2.88,2.91,2.81,2.81,2.88,-0.07,-2.4306,319638.0,91127.253
002378.SZ,20230907,6.01,6.06,5.94,5.95,6.04,-0.09,-1.4901,72952.51,43643.041
002379.SZ,20230907,4.73,4.75,4.63,4.65,4.73,-0.08,-1.6913,97502.37,45556.805
002380.SZ,20230907,19.44,19.59,19.07,19.07,19.46,-0.39,-2.0041,35425.0,68278.074
002381.SZ,20230907,7.67,7.7,7.61,7.61,7.63,-0.02,-0.2621,54635.0,41813.658
002382.SZ,20230907,6.62,6.62,6.51,6.52,6.63,-0.11,-1.6591,51118.58,33537.893
002383.SZ,20230907,7.41,7.49,7.21,7.27,7.54,-0.27,-3.5809,322210.83,236492.785
002384.SZ,20230907,18.91,18.93,17.99,18.1,18.96,-0.86,-4.5359,444011.55,809243.952
002385.SZ,20230907,6.61,6.81,6.58,6.69,6.61,0.08,1.2103,535970.15,359358.345
002386.SZ,20230907,5.94,5.95,5.82,5.82,5.95,-0.13,-2.1849,44417.54,26078.118
002387.SZ,20230907,8.33,8.41,8.17,8.19,8.36,-0.17,-2.0335,97202.71,80439.55
002388.SZ,20230907,6.52,6.57,6.37,6.41,6.63,-0.22,-3.3183,152855.0,98767.194
002389.SZ,20230907,20.94,21.02,20.69,20.7,21.0,-0.3,-1.4286,58201.2,121347.859
002390.SZ,20230907,4.67,4.69,4.6,4.61,4.68,-0.07,-1.4957,103187.0,47864.602
002391.SZ,20230907,6.9,6.9,6.78,6.8,6.89,-0.09,-1.3062,34900.98,23874.239
002392.SZ,20230907,3.73,3.75,3.68,3.68,3.73,-0.05,-1.3405,81304.0,30224.327
002393.SZ,20230907,24.25,24.56,24.02,24.03,24.45,-0.42,-1.7178,25780.79,62533.59
002394.SZ,20230907,8.63,8.7,8.55,8.57,8.66,-0.09,-1.0393,34903.69,30118.741
002395.SZ,20230907,11.17,11.19,10.95,10.96,11.17,-0.21,-1.88,62749.0,69371.052
002396.SZ,20230907,19.34,19.34,18.96,19.02,19.41,-0.39,-2.0093,46357.0,88747.493
002397.SZ,20230907,3.81,3.81,3.66,3.68,3.8,-0.12,-3.1579,164065.0,60932.376
002398.SZ,20230907,5.49,5.51,5.43,5.44,5.5,-0.06,-1.0909,41556.0,22732.868
002399.SZ,20230907,12.19,12.23,11.82,11.9,12.21,-0.31,-2.5389,25894.4,31021.983
002400.SZ,20230907,5.41,5.5,5.32,5.33,5.47,-0.14,-2.5594,698261.51,376269.864
002401.SZ,20230907,21.55,21.69,21.11,21.12,21.55,-0.43,-1.9954,82646.63,176269.133
002402.SZ,20230907,15.16,15.16,14.77,14.81,15.21,-0.4,-2.6298,80327.87,119833.495
002403.SZ,20230907,8.9,9.02,8.73,8.75,8.95,-0.2,-2.2346,65563.0,58083.163
002404.SZ,20230907,6.51,6.66,6.49,6.5,6.54,-0.04,-0.6116,72154.82,47376.838
002405.SZ,20230907,10.55,10.56,10.36,10.36,10.57,-0.21,-1.9868,170538.0,178142.781
002406.SZ,20230907,5.87,5.87,5.66,5.68,5.85,-0.17,-2.906,119028.0,68207.619
002407.SZ,20230907,17.16,17.16,16.68,16.7,17.2,-0.5,-2.907,132367.9,222956.689
002408.SZ,20230907,6.6,6.6,6.51,6.52,6.6,-0.08,-1.2121,59752.05,39115.155
300027.SZ,20230907,3.1,3.14,3.06,3.07,3.11,-0.04,-1.2862,520546.6,160906.85
300029.SZ,20230907,6.89,6.91,6.72,6.72,6.89,-0.17,-2.4673,11727.0,7971.209
300030.SZ,20230907,7.25,7.28,7.06,7.07,7.26,-0.19,-2.6171,40686.59,29054.475
300031.SZ,20230907,21.36,21.49,19.59,19.7,20.98,-1.28,-6.101,428788.91,877601.306
300032.SZ,20230907,6.74,6.83,6.63,6.75,6.8,-0.05,-0.7353,333431.17,224283.364
300033.SZ,20230907,156.0,159.86,155.6,157.48,156.75,0.73,0.4657,62505.45,985635.44
300034.SZ,20230907,25.67,25.76,25.23,25.62,25.48,0.14,0.5495,50481.69,128872.449
300035.SZ,20230907,10.75,10.75,10.46,10.47,10.72,-0.25,-2.3321,85056.0,89701.255
300036.SZ,20230907,22.4,23.08,22.23,22.3,22.52,-0.22,-0.9769,143587.21,323765.382
300037.SZ,20230907,48.43,48.97,47.22,47.28,48.7,-1.42,-2.9158,19341.83,92303.701
300039.SZ,20230907,6.58,6.6,6.46,6.47,6.62,-0.15,-2.2659,131931.9,86053.79
300040.SZ,20230907,5.79,5.81,5.71,5.72,5.79,-0.07,-1.209,35828.4,20590.304
300041.SZ,20230907,11.99,12.2,11.11,11.17,11.67,-0.5,-4.2845,605860.59,710339.961
300042.SZ,20230907,28.86,29.2,27.8,28.05,28.86,-0.81,-2.8067,107410.82,305179.349
300043.SZ,20230907,3.56,4.1,3.56,3.77,3.42,0.35,10.2339,1772180.58,685706.745
300044.SZ,20230907,4.62,4.72,4.54,4.57,4.69,-0.12,-2.5586,460021.0,212179.573
300045.SZ,20230907,24.7,26.29,23.88,24.4,23.52,0.88,3.7415,1978109.91,4931052.144
300046.SZ,20230907,16.91,17.21,16.67,16.75,17.24,-0.49,-2.8422,74662.0,126505.851
300047.SZ,20230907,8.23,8.88,8.18,8.57,8.05,0.52,6.4596,1312586.47,1123445.043
300048.SZ,20230907,5.36,5.36,5.23,5.23,5.34,-0.11,-2.0599,43810.36,23070.23
300049.SZ,20230907,27.0,28.14,26.73,27.6,27.08,0.52,1.9202,84353.35,231120.003
300050.SZ,20230907,5.13,5.17,4.8,4.83,5.31,-0.48,-9.0395,1037594.0,515692.23
300051.SZ,20230907,13.1,13.37,13.0,13.09,13.21,-0.12,-0.9084,40295.0,52918.114
300052.SZ,20230907,18.11,19.39,18.11,18.21,17.62,0.59,3.3485,268386.42,503291.844
300053.SZ,20230907,12.3,12.48,11.98,12.03,12.36,-0.33,-2.6699,357622.82,437057.161
300054.SZ,20230907,22.26,22.6,21.41,21.52,22.54,-1.02,-4.5253,118384.54,257777.133
300055.SZ,20230907,7.12,7.12,6.96,6.96,7.12,-0.16,-2.2472,44025.88,30879.018
300056.SZ,20230907,6.31,6.31,6.08,6.11,6.26,-0.15,-2.3962,45642.4,28039.349
300057.SZ,20230907,6.94,6.97,6.76,6.77,6.97,-0.2,-2.8694,105086.28,71991.175
300058.SZ,20230907,8.2,8.34,8.15,8.15,8.27,-0.12,-1.451,748784.12,616941.035
300059.SZ,20230907,15.7,15.86,15.6,15.64,15.73,-0.09,-0.5722,1782047.17,2803875.872
300061.SZ,20230907,6.65,6.72,6.57,6.57,6.67,-0.1,-1.4993,139529.0,92684.709
300062.SZ,20230907,6.3,6.31,6.21,6.22,6.3,-0.08,-1.2698,63169.92,39515.409
300063.SZ,20230907,4.17,4.22,4.1,4.11,4.19,-0.08,-1.9093,118018.5,49126.884
300065.SZ,20230907,10.5,10.55,10.27,10.28,10.52,-0.24,-2.2814,192507.0,200342.812
300066.SZ,20230907,5.44,5.46,5.32,5.33,5.43,-0.1,-1.8416,82544.69,44421.664
300067.SZ,20230907,3.09,3.09,3.03,3.04,3.09,-0.05,-1.6181,58215.39,17761.858
300068.SZ,20230907,15.56,15.56,14.93,14.99,15.51,-0.52,-3.3527,156470.15,236559.961
300069.SZ,20230907,14.7,14.79,14.53,14.53,14.71,-0.18,-1.2237,8988.0,13167.274
300070.SZ,20230907,5.28,5.31,5.23,5.23,5.29,-0.06,-1.1342,227994.01,120126.492
300711.SZ,20230907,14.2,16.66,13.98,15.22,14.16,1.06,7.4859,240837.39,368455.709
300712.SZ,20230907,30.75,31.86,30.49,30.68,30.89,-0.21,-0.6798,26093.68,81098.621
300713.SZ,20230907,18.5,18.69,17.91,17.95,18.58,-0.63,-3.3907,41363.6,75391.005
300715.SZ,20230907,13.83,14.37,13.72,14.02,13.86,0.16,1.1544,43702.0,61659.77
300716.SZ,20230907,13.28,13.3,12.8,12.81,13.05,-0.24,-1.8391,23437.0,30307.654
300717.SZ,20230907,17.65,17.76,17.23,17.27,17.65,-0.38,-2.153,17078.8,29727.465
300718.SZ,20230907,19.43,19.43,18.87,18.91,19.35,-0.44,-2.2739,20409.0,39014.212
300719.SZ,20230907,12.65,12.98,12.62,12.63,12.75,-0.12,-0.9412,47086.5,60048.008
300720.SZ,20230907,13.45,14.0,13.45,13.61,13.7,-0.09,-0.6569,41505.3,57177.525
300721.SZ,20230907,18.7,18.7,17.1,17.23,19.25,-2.02,-10.4935,161396.64,284185.181
300722.SZ,20230907,27.09,28.04,27.02,27.16,27.65,-0.49,-1.7722,74660.42,204985.591
300723.SZ,20230907,19.8,19.88,19.22,19.3,19.82,-0.52,-2.6236,29733.61,57953.931
300724.SZ,20230907,84.5,84.66,81.31,81.84,84.37,-2.53,-2.9987,63155.6,520753.826
300725.SZ,20230907,42.77,43.0,41.95,41.95,43.02,-1.07,-2.4872,19717.4,83580.15
300726.SZ,20230907,39.0,39.88,38.27,38.69,39.33,-0.64,-1.6273,59502.04,231195.502
300727.SZ,20230907,26.75,26.9,25.7,25.71,26.75,-1.04,-3.8879,26092.0,68296.055
300729.SZ,20230907,15.08,15.24,14.84,14.87,15.14,-0.27,-1.7834,34250.2,51344.391
300730.SZ,20230907,13.63,14.74,13.63,14.36,13.77,0.59,4.2847,281072.25,403398.637
300731.SZ,20230907,19.49,20.99,19.45,19.78,19.44,0.34,1.749,101499.8,204773.173
300732.SZ,20230907,9.61,9.65,9.45,9.5,9.6,-0.1,-1.0417,41583.36,39702.854
300733.SZ,20230907,12.07,12.14,11.76,11.79,12.13,-0.34,-2.803,19522.4,23198.1
300735.SZ,20230907,11.69,11.8,11.31,11.35,11.8,-0.45,-3.8136,165402.58,189967.693
300736.SZ,20230907,12.8,12.9,12.39,12.44,12.8,-0.36,-2.8125,32764.0,41285.373
300737.SZ,20230907,8.25,8.46,8.09,8.09,8.3,-0.21,-2.5301,210876.03,173979.281
300738.SZ,20230907,10.0,10.06,9.65,9.78,10.03,-0.25,-2.4925,208798.41,205723.393
300739.SZ,20230907,14.43,14.55,14.26,14.28,14.55,-0.27,-1.8557,26952.52,38782.58
300740.SZ,20230907,18.94,19.03,18.63,18.69,18.94,-0.25,-1.32,62252.48,117146.807
300741.SZ,20230907,22.93,23.14,22.61,22.61,22.94,-0.33,-1.4385,11296.0,25729.107
300742.SZ,20230907,5.9,5.9,5.65,5.71,5.86,-0.15,-2.5597,28172.0,16130.412
300743.SZ,20230907,15.91,16.09,15.76,15.8,15.81,-0.01,-0.0633,29615.49,47193.582
300745.SZ,20230907,37.27,37.38,36.08,36.16,37.27,-1.11,-2.9783,18718.68,68305.024
300746.SZ,20230907,11.71,12.82,11.69,12.31,11.83,0.48,4.0575,201184.0,248269.313
300747.SZ,20230907,26.56,26.56,25.73,25.77,26.7,-0.93,-3.4831,84519.16,219830.881
300748.SZ,20230907,17.7,17.8,17.42,17.46,17.73,-0.27,-1.5228,93148.69,163620.203
300749.SZ,20230907,11.17,12.0,10.0,10.1,11.18,-1.08,-9.6601,416666.66,460284.896
300750.SZ,20230907,233.0,233.75,226.51,226.51,234.42,-7.91,-3.3743,192660.9,4405103.044
300751.SZ,20230907,142.04,142.23,136.5,137.02,142.04,-5.02,-3.5342,39610.94,549537.904
300752.SZ,20230907,16.2,16.29,15.9,15.97,16.3,-0.33,-2.0245,23087.66,37113.67
300753.SZ,20230907,16.81,17.0,16.39,16.41,16.87,-0.46,-2.7267,24612.0,40875.231
300755.SZ,20230907,22.76,22.94,22.18,22.3,22.77,-0.47,-2.0641,31482.6,70686.6
688192.SH,20230907,32.1,32.3,31.15,31.26,31.9,-0.64,-2.0063,8381.55,26349.696
688193.SH,20230907,46.06,46.06,45.0,45.1,46.06,-0.96,-2.0842,511.21,2316.076
688195.SH,20230907,39.9,40.15,37.68,38.09,40.6,-2.51,-6.1823,82172.41,319142.821
688196.SH,20230907,48.45,48.84,47.4,47.56,48.12,-0.56,-1.1638,2390.0,11443.344
688197.SH,20230907,41.3,41.49,40.25,40.5,41.06,-0.56,-1.3639,2549.17,10378.735
688198.SH,20230907,126.18,128.84,125.21,127.1,125.29,1.81,1.4446,3159.49,40155.64
688199.SH,20230907,30.2,30.6,29.4,29.51,30.66,-1.15,-3.7508,22451.85,67119.852
688200.SH,20230907,144.21,144.44,140.83,141.14,144.6,-3.46,-2.3928,8283.38,118049.47
688201.SH,20230907,24.72,25.27,24.4,24.4,24.78,-0.38,-1.5335,16913.66,41801.942
688202.SH,20230907,70.27,71.1,68.54,68.73,71.15,-2.42,-3.4013,20235.1,140533.103
688203.SH,20230907,14.15,14.15,13.65,13.66,14.09,-0.43,-3.0518,14148.64,19549.449
688205.SH,20230907,56.7,56.92,54.5,54.65,57.5,-2.85,-4.9565,15304.28,84995.497
688206.SH,20230907,28.75,29.2,27.59,27.85,29.66,-1.81,-6.1025,128729.29,362323.44
688207.SH,20230907,21.71,22.28,21.42,21.45,21.82,-0.37,-1.6957,45396.96,99118.608
688208.SH,20230907,29.6,29.66,29.1,29.1,29.71,-0.61,-2.0532,36729.92,107798.135
688209.SH,20230907,16.54,16.56,16.31,16.32,16.61,-0.29,-1.7459,22508.9,37022.114
688210.SH,20230907,19.01,19.29,18.16,18.65,19.05,-0.4,-2.0997,9044.56,17020.856
688211.SH,20230907,38.11,38.25,37.38,37.38,38.15,-0.77,-2.0183,7275.56,27431.989
688212.SH,20230907,54.66,55.1,53.0,53.02,55.02,-2.0,-3.635,8624.69,46284.224
688213.SH,20230907,47.65,47.65,45.66,46.7,47.72,-1.02,-2.1375,18042.84,83485.925
688215.SH,20230907,37.18,37.32,36.5,36.54,37.26,-0.72,-1.9324,2613.84,9642.67
688216.SH,20230907,26.0,26.38,25.52,25.69,26.02,-0.33,-1.2683,14522.05,37674.46
688217.SH,20230907,38.71,38.81,38.3,38.48,38.74,-0.26,-0.6711,3825.29,14745.181
688218.SH,20230907,21.12,21.55,20.7,20.75,21.28,-0.53,-2.4906,45854.31,95967.113
688219.SH,20230907,10.61,10.64,10.38,10.41,10.58,-0.17,-1.6068,14687.78,15395.294
688220.SH,20230907,69.0,69.34,67.21,67.41,68.97,-1.56,-2.2619,17810.72,121416.812
688221.SH,20230907,10.29,10.32,9.97,9.99,10.26,-0.27,-2.6316,24821.18,25039.922
688222.SH,20230907,14.98,14.98,14.44,14.47,14.86,-0.39,-2.6245,21601.72,31651.926
688223.SH,20230907,10.48,10.53,10.12,10.12,10.53,-0.41,-3.8936,465868.13,476785.2
688225.SH,20230907,18.51,18.6,18.2,18.24,18.51,-0.27,-1.4587,14842.14,27363.416
688226.SH,20230907,17.88,17.92,17.0,17.2,17.9,-0.7,-3.9106,23990.55,41509.896
688227.SH,20230907,22.25,22.57,21.67,21.71,22.48,-0.77,-3.4253,21275.55,46974.023
688228.SH,20230907,43.39,44.12,42.55,42.55,43.55,-1.0,-2.2962,12800.7,55314.773
688229.SH,20230907,43.58,44.0,42.91,43.19,43.67,-0.48,-1.0992,4956.9,21463.864
688230.SH,20230907,43.4,43.4,42.12,42.15,43.48,-1.33,-3.0589,6921.37,29494.852
688231.SH,20230907,25.9,25.9,25.2,25.29,25.96,-0.67,-2.5809,10295.77,26233.408
688232.SH,20230907,40.8,41.09,39.6,39.72,40.71,-0.99,-2.4318,12800.14,51538.421
688233.SH,20230907,32.05,32.05,30.45,30.54,32.12,-1.58,-4.9191,30384.43,94782.218
688234.SH,20230907,57.58,57.58,55.44,55.65,57.6,-1.95,-3.3854,30563.82,171786.354
688235.SH,20230907,128.26,128.26,124.63,125.75,128.3,-2.55,-1.9875,14654.19,184184.785
688236.SH,20230907,21.76,21.91,21.4,21.67,21.75,-0.08,-0.3678,18053.57,39054.997
000751.SZ,20230907,3.38,3.4,3.29,3.3,3.4,-0.1,-2.9412,195829.61,65139.116
000752.SZ,20230907,7.94,8.19,7.65,8.12,7.84,0.28,3.5714,210695.26,168486.527
000753.SZ,20230907,4.65,4.75,4.58,4.6,4.68,-0.08,-1.7094,248594.64,115653.282
000755.SZ,20230907,4.73,4.76,4.68,4.69,4.75,-0.06,-1.2632,44987.01,21224.839
000756.SZ,20230907,19.35,19.36,19.03,19.03,19.37,-0.34,-1.7553,65487.77,125371.138
000757.SZ,20230907,4.31,4.33,4.18,4.22,4.32,-0.1,-2.3148,100868.0,42829.773
000758.SZ,20230907,5.05,5.08,4.97,4.99,5.08,-0.09,-1.7717,196383.78,98405.922
000759.SZ,20230907,4.53,4.56,4.47,4.49,4.54,-0.05,-1.1013,92789.0,41824.885
000761.SZ,20230907,3.77,3.78,3.68,3.7,3.75,-0.05,-1.3333,127259.72,47373.274
000762.SZ,20230907,25.9,25.9,25.2,25.23,25.82,-0.59,-2.2851,64327.01,163798.618
000766.SZ,20230907,7.71,8.1,7.63,7.77,7.85,-0.08,-1.0191,418641.88,330313.431
000767.SZ,20230907,3.31,3.31,3.13,3.14,3.32,-0.18,-5.4217,517418.63,165160.754
000768.SZ,20230907,23.94,24.2,23.65,23.66,24.13,-0.47,-1.9478,168949.16,404134.741
000776.SZ,20230907,15.14,15.18,14.92,14.98,15.13,-0.15,-0.9914,410019.27,617418.503
000777.SZ,20230907,13.38,13.49,12.92,12.96,13.39,-0.43,-3.2114,49310.97,64544.374
000778.SZ,20230907,4.15,4.18,4.12,4.16,4.15,0.01,0.241,316041.89,131205.646
000779.SZ,20230907,11.06,11.12,10.87,10.88,11.04,-0.16,-1.4493,27357.0,29995.736
000782.SZ,20230907,5.18,5.19,5.1,5.11,5.19,-0.08,-1.5414,33412.01,17147.954
000783.SZ,20230907,5.92,5.95,5.87,5.89,5.93,-0.04,-0.6745,282969.11,167221.674
000785.SZ,20230907,3.68,3.7,3.63,3.64,3.69,-0.05,-1.355,185924.62,68044.911
000786.SZ,20230907,30.95,31.47,30.78,30.93,30.98,-0.05,-0.1614,60359.97,187791.221
000788.SZ,20230907,6.57,6.58,6.45,6.45,6.59,-0.14,-2.1244,48763.0,31706.097
000789.SZ,20230907,8.4,8.42,8.25,8.28,8.39,-0.11,-1.3111,48660.49,40544.227
000790.SZ,20230907,4.87,4.9,4.79,4.8,4.85,-0.05,-1.0309,57634.0,27920.494
000791.SZ,20230907,5.61,5.63,5.5,5.51,5.61,-0.1,-1.7825,81536.88,45222.941
000792.SZ,20230907,18.19,18.19,17.85,17.88,18.2,-0.32,-1.7582,156185.9,280785.521
000793.SZ,20230907,2.2,2.23,2.17,2.18,2.21,-0.03,-1.3575,209105.67,46032.548
000795.SZ,20230907,6.53,6.53,6.38,6.38,6.56,-0.18,-2.7439,126120.0,81231.762
000796.SZ,20230907,3.85,3.98,3.85,3.9,3.85,0.05,1.2987,80316.0,31508.656
000797.SZ,20230907,3.53,3.74,3.43,3.47,3.49,-0.02,-0.5731,2027421.31,723093.662
000798.SZ,20230907,10.23,10.33,10.1,10.26,10.22,0.04,0.3914,116999.0,119657.534
000799.SZ,20230907,95.8,96.2,94.12,94.18,96.28,-2.1,-2.1811,39374.55,374219.432
000800.SZ,20230907,8.8,8.83,8.67,8.69,8.81,-0.12,-1.3621,70155.17,61279.98
000801.SZ,20230907,7.52,7.87,7.51,7.56,7.57,-0.01,-0.1321,579889.43,445811.372
000802.SZ,20230907,6.35,6.42,6.22,6.22,6.33,-0.11,-1.7378,132014.7,83207.936
000803.SZ,20230907,6.1,6.12,5.93,5.97,6.1,-0.13,-2.1311,56374.46,33771.946
000807.SZ,20230907,15.66,15.75,15.39,15.51,15.73,-0.22,-1.3986,287785.02,448087.096
000809.SZ,20230907,3.74,3.74,3.62,3.66,3.72,-0.06,-1.6129,45712.5,16713.908
000810.SZ,20230907,14.05,14.21,13.75,13.78,14.15,-0.37,-2.6148,89342.02,124283.123
000811.SZ,20230907,15.05,15.13,14.9,14.91,15.05,-0.14,-0.9302,63713.55,95498.704
002409.SZ,20230907,70.0,70.1,67.6,67.6,71.17,-3.57,-5.0162,93223.34,639594.545
002410.SZ,20230907,25.8,25.94,25.6,25.64,25.94,-0.3,-1.1565,132502.8,341165.91
002412.SZ,20230907,6.63,6.65,6.47,6.49,6.62,-0.13,-1.9637,50497.0,33084.384
002413.SZ,20230907,5.47,5.56,5.42,5.44,5.5,-0.06,-1.0909,346053.72,189575.493
002414.SZ,20230907,7.81,7.84,7.7,7.71,7.82,-0.11,-1.4066,132275.69,102776.069
002415.SZ,20230907,35.17,35.17,34.2,34.3,35.17,-0.87,-2.4737,227248.52,786389.006
002416.SZ,20230907,7.47,7.52,7.37,7.41,7.45,-0.04,-0.5369,74218.35,55236.76
002418.SZ,20230907,2.99,3.0,2.9,2.9,2.98,-0.08,-2.6846,193347.0,56651.621
002419.SZ,20230907,5.86,5.91,5.79,5.81,5.88,-0.07,-1.1905,96353.0,56263.908
002420.SZ,20230907,6.03,6.03,5.87,5.89,6.03,-0.14,-2.3217,52499.0,31171.426
002421.SZ,20230907,3.41,3.44,3.37,3.38,3.42,-0.04,-1.1696,235673.35,80143.922
002422.SZ,20230907,26.16,26.24,25.88,25.91,26.15,-0.24,-0.9178,64138.8,166773.255
002423.SZ,20230907,7.7,7.78,7.65,7.65,7.73,-0.08,-1.0349,125701.66,96899.597
002424.SZ,20230907,7.72,7.72,7.6,7.62,7.73,-0.11,-1.423,115844.0,88616.293
002425.SZ,20230907,4.76,4.87,4.65,4.65,4.73,-0.08,-1.6913,222806.18,105751.595
002426.SZ,20230907,2.39,2.49,2.37,2.38,2.44,-0.06,-2.459,1494177.5,362473.501
002427.SZ,20230907,6.24,6.28,6.17,6.19,6.24,-0.05,-0.8013,29542.75,18366.181
002428.SZ,20230907,14.1,14.6,13.8,14.06,14.26,-0.2,-1.4025,463435.58,652963.71
002429.SZ,20230907,5.3,5.31,5.2,5.22,5.31,-0.09,-1.6949,135139.76,70850.861
002430.SZ,20230907,33.1,33.19,32.18,32.31,33.09,-0.78,-2.3572,30817.19,99905.487
002431.SZ,20230907,2.65,2.66,2.57,2.58,2.66,-0.08,-3.0075,238324.55,62180.258
002432.SZ,20230907,36.18,36.44,36.01,36.1,36.24,-0.14,-0.3863,55938.18,202505.386
002433.SZ,20230907,2.6,2.66,2.54,2.63,2.64,-0.01,-0.3788,306644.0,79531.819
002434.SZ,20230907,8.76,8.78,8.54,8.55,8.77,-0.22,-2.5086,65774.76,56880.885
002435.SZ,20230907,4.47,4.47,4.37,4.38,4.47,-0.09,-2.0134,86588.0,38186.101
002436.SZ,20230907,12.96,12.98,12.39,12.41,12.95,-0.54,-4.1699,391635.88,493300.272
002437.SZ,20230907,2.16,2.17,2.12,2.13,2.17,-0.04,-1.8433,229283.0,49202.016
002438.SZ,20230907,10.9,10.9,10.6,10.61,10.88,-0.27,-2.4816,32648.05,35024.257
002439.SZ,20230907,28.3,28.44,27.7,27.79,28.25,-0.46,-1.6283,56625.05,158482.604
002440.SZ,20230907,7.16,7.18,7.07,7.07,7.16,-0.09,-1.257,46919.48,33366.405
002441.SZ,20230907,9.81,9.81,9.62,9.62,9.83,-0.21,-2.1363,38616.0,37446.505
002442.SZ,20230907,5.23,5.25,5.15,5.16,5.22,-0.06,-1.1494,41462.0,21572.174
002443.SZ,20230907,6.8,6.8,6.69,6.69,6.79,-0.1,-1.4728,74727.0,50344.539
002444.SZ,20230907,19.54,19.59,19.09,19.12,19.62,-0.5,-2.5484,67978.07,130879.707
002445.SZ,20230907,2.4,2.4,2.36,2.36,2.4,-0.04,-1.6667,160591.2,38137.198
002446.SZ,20230907,9.24,9.69,9.16,9.23,9.21,0.02,0.2172,844766.58,797682.8
002448.SZ,20230907,7.13,7.14,6.95,6.96,7.1,-0.14,-1.9718,108352.5,76113.911
002449.SZ,20230907,8.58,8.6,8.45,8.46,8.61,-0.15,-1.7422,54704.39,46581.444
002451.SZ,20230907,6.76,6.76,6.56,6.58,6.73,-0.15,-2.2288,152614.98,101223.512
002452.SZ,20230907,6.97,6.99,6.83,6.85,6.97,-0.12,-1.7217,42151.0,29049.743
300071.SZ,20230907,3.82,3.9,3.81,3.82,3.83,-0.01,-0.2611,112979.0,43520.892
300072.SZ,20230907,3.43,3.44,3.35,3.36,3.43,-0.07,-2.0408,143948.43,48836.142
300073.SZ,20230907,44.07,44.28,43.01,43.03,44.28,-1.25,-2.8229,42496.29,184558.009
300074.SZ,20230907,4.55,4.61,4.51,4.54,4.6,-0.06,-1.3043,197407.82,89911.848
300075.SZ,20230907,20.8,21.41,20.7,20.92,20.9,0.02,0.0957,373066.05,788460.004
300076.SZ,20230907,5.39,5.39,5.28,5.3,5.35,-0.05,-0.9346,77959.0,41606.06
300077.SZ,20230907,12.62,12.79,12.42,12.43,12.76,-0.33,-2.5862,130864.77,164497.306
300078.SZ,20230907,4.77,4.78,4.68,4.69,4.76,-0.07,-1.4706,56231.82,26536.881
300079.SZ,20230907,5.59,5.65,5.51,5.51,5.64,-0.13,-2.305,222497.06,124301.979
300080.SZ,20230907,5.06,5.11,4.97,4.98,5.09,-0.11,-2.1611,69645.0,35024.486
300081.SZ,20230907,8.86,9.13,8.66,8.68,8.92,-0.24,-2.6906,508399.68,452331.374
300082.SZ,20230907,7.47,7.49,7.28,7.29,7.47,-0.18,-2.4096,25370.08,18712.463
300083.SZ,20230907,6.36,6.36,6.21,6.22,6.38,-0.16,-2.5078,138370.5,86698.946
300084.SZ,20230907,7.0,7.68,6.75,7.17,7.0,0.17,2.4286,396066.68,283315.966
300085.SZ,20230907,12.36,12.5,12.22,12.35,12.3,0.05,0.4065,181425.46,224474.576
300086.SZ,20230907,6.04,6.04,5.92,5.92,6.03,-0.11,-1.8242,77389.0,46146.132
300087.SZ,20230907,10.32,10.38,10.16,10.16,10.33,-0.17,-1.6457,76062.1,77924.677
300088.SZ,20230907,6.2,6.2,6.06,6.07,6.24,-0.17,-2.7244,345922.88,211539.361
300091.SZ,20230907,3.02,3.02,2.92,2.92,3.01,-0.09,-2.99,120752.0,35700.636
300092.SZ,20230907,14.23,14.25,12.91,13.06,14.2,-1.14,-8.0282,144381.99,192573.582
300093.SZ,20230907,17.67,17.86,17.26,17.3,17.71,-0.41,-2.3151,59132.65,103441.38
300094.SZ,20230907,5.56,5.73,5.51,5.62,5.56,0.06,1.0791,1555955.8,874100.211
300095.SZ,20230907,8.91,8.91,8.6,8.65,8.87,-0.22,-2.4803,42018.29,36663.211
300096.SZ,20230907,6.31,6.46,6.28,6.34,6.34,0.0,0.0,117500.13,74762.399
300097.SZ,20230907,9.8,10.22,9.5,9.63,10.22,-0.59,-5.773,577776.24,566513.374
300098.SZ,20230907,3.55,3.59,3.5,3.51,3.61,-0.1,-2.7701,385463.3,136311.187
300099.SZ,20230907,6.33,6.49,6.28,6.28,6.35,-0.07,-1.1024,111711.0,71202.073
300100.SZ,20230907,8.69,8.69,8.37,8.39,8.68,-0.29,-3.341,56983.0,48244.689
300101.SZ,20230907,23.06,23.19,22.32,22.33,23.02,-0.69,-2.9974,117764.13,267261.235
300102.SZ,20230907,6.9,7.0,6.84,6.86,6.89,-0.03,-0.4354,159193.62,109872.037
300103.SZ,20230907,6.43,6.43,6.25,6.25,6.4,-0.15,-2.3438,25557.5,16151.443
300105.SZ,20230907,6.45,6.58,6.36,6.37,6.45,-0.08,-1.2403,89365.39,57755.554
300106.SZ,20230907,9.81,9.82,9.26,9.29,9.82,-0.53,-5.3971,275193.8,260534.989
300107.SZ,20230907,5.17,5.17,5.05,5.07,5.14,-0.07,-1.3619,36516.0,18614.697
300108.SZ,20230907,3.04,3.2,3.03,3.2,3.07,0.13,4.2345,163057.98,50621.806
300109.SZ,20230907,20.6,20.6,20.17,20.24,20.62,-0.38,-1.8429,30870.0,62652.111
300110.SZ,20230907,4.05,4.05,3.96,3.97,4.04,-0.07,-1.7327,80865.0,32355.629
300111.SZ,20230907,3.08,3.09,2.99,3.0,3.07,-0.07,-2.2801,105787.0,32000.309
300112.SZ,20230907,10.48,10.52,10.32,10.39,10.5,-0.11,-1.0476,64016.0,66578.381
300113.SZ,20230907,14.5,15.2,14.44,14.48,14.04,0.44,3.1339,291633.92,431414.801
300114.SZ,20230907,44.41,45.1,43.71,44.01,44.58,-0.57,-1.2786,89258.93,395096.465
300756.SZ,20230907,18.42,18.93,18.3,18.61,18.42,0.19,1.0315,36293.2,67929.986
300757.SZ,20230907,66.85,67.57,62.68,63.79,68.96,-5.17,-7.4971,49650.44,320301.597
300758.SZ,20230907,10.3,10.39,9.89,9.93,10.55,-0.62,-5.8768,143466.61,144309.627
300759.SZ,20230907,27.8,28.03,27.1,27.12,27.8,-0.68,-2.446,150491.22,414355.152
300760.SZ,20230907,264.11,264.8,256.51,257.68,265.0,-7.32,-2.7623,82205.29,2126264.204
300761.SZ,20230907,18.6,18.89,18.15,18.33,18.74,-0.41,-2.1878,42742.49,78689.724
300762.SZ,20230907,16.99,17.57,16.21,16.41,16.32,0.09,0.5515,556071.32,935165.885
300763.SZ,20230907,75.41,75.48,72.95,73.03,75.41,-2.38,-3.1561,49861.42,368219.545
300765.SZ,20230907,13.14,13.29,12.9,12.97,13.12,-0.15,-1.1433,125654.31,164274.662
300766.SZ,20230907,17.3,18.25,17.05,17.68,17.48,0.2,1.1442,276462.0,490750.058
300767.SZ,20230907,21.44,21.47,20.73,20.8,21.55,-0.75,-3.4803,53844.19,113496.643
300768.SZ,20230907,15.95,16.21,15.79,15.86,16.0,-0.14,-0.875,24206.69,38629.762
300769.SZ,20230907,92.07,92.07,89.46,89.54,92.52,-2.98,-3.2209,37088.47,334905.363
300770.SZ,20230907,38.73,39.06,38.03,38.19,38.61,-0.42,-1.0878,22601.24,87014.969
300771.SZ,20230907,11.11,11.24,10.92,10.98,11.16,-0.18,-1.6129,46867.3,51756.641
300772.SZ,20230907,11.54,11.54,11.15,11.16,11.49,-0.33,-2.8721,58587.1,65940.891
300773.SZ,20230907,18.2,18.32,17.95,17.95,18.29,-0.34,-1.8589,114402.0,207160.815
300774.SZ,20230907,12.04,12.11,11.59,11.62,12.1,-0.48,-3.9669,72580.55,85840.952
300775.SZ,20230907,30.96,31.13,30.77,30.81,31.1,-0.29,-0.9325,53103.23,164246.703
300776.SZ,20230907,67.4,68.47,64.39,66.0,65.85,0.15,0.2278,231171.31,1544181.887
300777.SZ,20230907,39.47,39.47,38.08,38.08,39.44,-1.36,-3.4483,37525.4,144549.031
300778.SZ,20230907,16.33,16.65,16.03,16.08,16.39,-0.31,-1.8914,59437.3,97059.883
300779.SZ,20230907,52.81,53.8,51.93,52.06,53.93,-1.87,-3.4675,15672.3,82470.116
300780.SZ,20230907,16.5,17.48,16.3,16.81,16.59,0.22,1.3261,136073.0,230583.268
300781.SZ,20230907,21.73,23.95,21.63,22.78,21.65,1.13,5.2194,83746.2,191985.08
300782.SZ,20230907,124.01,127.5,123.1,125.6,125.41,0.19,0.1515,52578.62,659777.683
300783.SZ,20230907,18.43,18.51,18.23,18.26,18.52,-0.26,-1.4039,28219.0,51807.031
300785.SZ,20230907,23.33,23.59,22.57,22.65,23.32,-0.67,-2.8731,89638.24,206172.194
300786.SZ,20230907,17.39,17.59,16.63,16.71,17.57,-0.86,-4.8947,57930.8,98269.36
300787.SZ,20230907,18.75,18.85,18.32,18.39,18.79,-0.4,-2.1288,26681.6,49401.167
300788.SZ,20230907,27.45,28.04,27.25,27.56,27.55,0.01,0.0363,29864.07,82639.227
300789.SZ,20230907,23.73,24.22,23.61,23.66,23.83,-0.17,-0.7134,22254.77,53174.63
300790.SZ,20230907,14.13,14.18,13.9,13.94,14.16,-0.22,-1.5537,31593.0,44283.694
300791.SZ,20230907,25.95,26.14,25.35,25.45,25.94,-0.49,-1.889,6235.5,16005.894
300792.SZ,20230907,25.37,25.64,24.96,25.02,25.47,-0.45,-1.7668,20963.0,52999.646
300793.SZ,20230907,18.31,18.31,17.75,18.02,18.16,-0.14,-0.7709,73672.8,132463.4
300795.SZ,20230907,34.7,35.5,34.2,34.33,34.31,0.02,0.0583,8939.26,30968.599
300796.SZ,20230907,13.12,13.14,12.81,12.86,13.13,-0.27,-2.0564,44816.04,57956.288
300797.SZ,20230907,11.93,11.93,11.69,11.74,11.83,-0.09,-0.7608,21738.5,25608.752
300798.SZ,20230907,7.18,7.25,7.06,7.1,7.15,-0.05,-0.6993,56366.0,40359.791
603569.SH,20230907,13.05,13.28,12.7,12.7,13.01,-0.31,-2.3828,162111.67,210266.971
603577.SH,20230907,9.39,9.44,9.28,9.28,9.4,-0.12,-1.2766,12991.1,12144.034
603578.SH,20230907,16.27,16.49,15.8,15.81,16.32,-0.51,-3.125,60560.33,97355.107
603579.SH,20230907,23.63,23.63,23.0,23.06,23.49,-0.43,-1.8306,12141.0,28154.786
603580.SH,20230907,14.77,14.83,14.24,14.3,14.76,-0.46,-3.1165,14799.0,21410.471
603583.SH,20230907,18.35,18.42,17.93,17.95,18.36,-0.41,-2.2331,31569.1,57347.736
603585.SH,20230907,15.45,15.45,14.9,14.92,15.13,-0.21,-1.388,15269.8,23090.452
688237.SH,20230907,47.3,47.32,46.3,46.89,47.24,-0.35,-0.7409,4065.27,19039.998
688238.SH,20230907,9.72,9.79,9.44,9.48,9.72,-0.24,-2.4691,32441.35,30947.039
688239.SH,20230907,63.32,64.65,62.39,64.1,63.66,0.44,0.6912,12970.16,82440.224
688244.SH,20230907,61.25,61.6,59.6,59.73,61.26,-1.53,-2.4976,3209.03,19432.633
688246.SH,20230907,32.86,32.86,31.25,31.4,32.84,-1.44,-4.3849,6976.16,22123.817
688247.SH,20230907,10.86,10.92,10.66,10.66,10.86,-0.2,-1.8416,20266.73,21809.761
688248.SH,20230907,30.77,30.99,30.01,30.02,30.7,-0.68,-2.215,16883.53,51232.583
688249.SH,20230907,18.91,18.98,18.41,18.41,19.03,-0.62,-3.258,68010.75,126716.786
688251.SH,20230907,30.16,30.43,29.66,29.8,30.16,-0.36,-1.1936,4114.91,12314.427
688252.SH,20230907,19.8,20.23,19.78,19.96,19.9,0.06,0.3015,23251.61,46515.591
688253.SH,20230907,20.32,20.39,19.8,19.89,20.3,-0.41,-2.0197,7685.32,15401.721
688255.SH,20230907,27.95,27.95,26.8,26.88,27.75,-0.87,-3.1351,7800.62,21154.87
688256.SH,20230907,148.98,148.98,138.51,138.88,152.95,-14.07,-9.1991,116776.0,1669119.812
688257.SH,20230907,27.3,27.3,26.47,26.5,27.16,-0.66,-2.43,8533.58,22838.39
688258.SH,20230907,71.0,71.74,66.59,66.65,70.87,-4.22,-5.9546,22907.92,156907.829
688259.SH,20230907,81.0,84.2,76.0,76.52,76.57,-0.05,-0.0653,76468.63,607157.863
688260.SH,20230907,17.9,18.19,17.21,17.42,18.09,-0.67,-3.7037,24222.7,42875.432
688261.SH,20230907,100.12,100.74,96.45,96.45,100.19,-3.74,-3.7329,9519.64,93107.649
688262.SH,20230907,31.52,31.52,30.5,30.59,31.54,-0.95,-3.012,53229.2,164063.695
688265.SH,20230907,39.9,39.9,38.7,38.89,39.59,-0.7,-1.7681,1157.24,4519.78
688266.SH,20230907,42.24,42.58,40.5,40.55,42.24,-1.69,-4.0009,22187.94,91206.069
688267.SH,20230907,21.92,22.02,21.36,21.4,22.02,-0.62,-2.8156,11885.66,25707.04
688268.SH,20230907,71.88,72.88,67.7,67.91,71.17,-3.26,-4.5806,28388.35,199002.221
688269.SH,20230907,52.0,52.09,50.35,50.45,51.73,-1.28,-2.4744,3063.44,15580.081
688270.SH,20230907,52.63,54.3,52.39,53.03,52.8,0.23,0.4356,44840.91,239780.672
688271.SH,20230907,108.06,108.2,105.2,106.8,108.0,-1.2,-1.1111,28833.0,307285.541
688272.SH,20230907,18.38,18.42,18.18,18.18,18.44,-0.26,-1.41,2485.61,4545.415
688273.SH,20230907,33.3,33.3,31.97,32.19,33.11,-0.92,-2.7786,8561.83,27709.355
688275.SH,20230907,73.13,73.15,72.08,72.08,73.18,-1.1,-1.5031,2563.55,18592.192
688276.SH,20230907,52.53,53.95,52.19,53.69,52.65,1.04,1.9753,14149.14,75807.781
688277.SH,20230907,13.96,14.01,13.44,13.54,14.09,-0.55,-3.9035,72187.29,98414.634
688278.SH,20230907,31.98,32.1,31.22,31.36,31.86,-0.5,-1.5694,20171.95,63624.869
688279.SH,20230907,98.91,98.91,94.8,95.97,98.9,-2.93,-2.9626,11710.58,112497.303
688280.SH,20230907,8.21,8.21,7.96,7.96,8.2,-0.24,-2.9268,23058.1,18579.979
688281.SH,20230907,182.29,185.66,179.3,184.44,182.29,2.15,1.1794,3968.71,72885.945
688282.SH,20230907,47.99,48.48,44.89,45.0,46.98,-1.98,-4.2146,26728.59,124474.449
688283.SH,20230907,71.36,71.8,66.03,66.71,69.2,-2.49,-3.5983,8990.9,62148.63
688285.SH,20230907,9.93,9.99,9.49,9.56,9.85,-0.29,-2.9442,48865.88,47010.2
688286.SH,20230907,54.88,54.88,52.89,53.01,54.6,-1.59,-2.9121,6185.99,33108.008
688287.SH,20230907,11.18,11.34,11.05,11.08,11.18,-0.1,-0.8945,50588.36,56685.674
688288.SH,20230907,23.11,23.3,22.77,22.87,23.0,-0.13,-0.5652,7375.07,16997.753
000812.SZ,20230907,5.54,5.55,5.36,5.36,5.57,-0.21,-3.7702,321702.0,175280.848
000813.SZ,20230907,3.13,3.13,3.05,3.07,3.12,-0.05,-1.6026,162487.84,50114.922
000815.SZ,20230907,11.17,11.68,11.12,11.32,11.22,0.1,0.8913,238183.01,271867.919
000816.SZ,20230907,3.15,3.15,3.08,3.08,3.16,-0.08,-2.5316,102644.01,31898.52
000818.SZ,20230907,33.26,34.1,32.88,33.14,33.04,0.1,0.3027,118313.58,397437.007
000819.SZ,20230907,19.32,19.69,19.19,19.26,19.28,-0.02,-0.1037,20399.31,39591.176
000820.SZ,20230907,4.01,4.02,3.76,3.76,4.05,-0.29,-7.1605,258771.0,100186.439
000821.SZ,20230907,17.8,17.85,17.3,17.31,17.7,-0.39,-2.2034,160299.51,281473.315
000822.SZ,20230907,6.78,6.85,6.68,6.7,6.84,-0.14,-2.0468,105686.57,71363.856
000823.SZ,20230907,9.31,9.33,9.14,9.15,9.35,-0.2,-2.139,62754.61,57889.529
000825.SZ,20230907,4.09,4.11,4.05,4.05,4.1,-0.05,-1.2195,193680.97,78853.656
000826.SZ,20230907,3.85,4.07,3.77,3.95,3.89,0.06,1.5424,1791868.57,708801.431
000828.SZ,20230907,9.08,9.13,9.02,9.02,9.1,-0.08,-0.8791,45487.0,41314.472
000829.SZ,20230907,8.63,8.72,8.58,8.62,8.63,-0.01,-0.1159,136257.2,117889.007
000830.SZ,20230907,11.84,11.91,11.64,11.68,11.89,-0.21,-1.7662,249292.46,292939.238
000831.SZ,20230907,30.8,30.84,30.14,30.15,30.88,-0.73,-2.364,102398.57,311514.748
000833.SZ,20230907,6.39,6.4,6.26,6.29,6.39,-0.1,-1.5649,48976.0,31017.444
000836.SZ,20230907,2.76,2.76,2.7,2.71,2.77,-0.06,-2.1661,177873.0,48473.988
000837.SZ,20230907,12.77,12.8,12.21,12.21,12.75,-0.54,-4.2353,359580.15,446309.131
000838.SZ,20230907,3.78,3.8,3.65,3.71,3.78,-0.07,-1.8519,287102.51,106513.837
000839.SZ,20230907,2.29,2.29,2.26,2.27,2.29,-0.02,-0.8734,72914.0,16571.434
000848.SZ,20230907,8.64,8.65,8.53,8.55,8.67,-0.12,-1.3841,52432.99,44935.195
000850.SZ,20230907,3.91,3.95,3.86,3.86,3.93,-0.07,-1.7812,101367.0,39559.935
000851.SZ,20230907,5.22,5.42,5.15,5.19,5.21,-0.02,-0.3839,290323.22,152742.571
000852.SZ,20230907,7.07,7.08,6.88,6.91,7.08,-0.17,-2.4011,111020.6,77420.545
000856.SZ,20230907,9.11,9.17,8.97,8.97,9.14,-0.17,-1.86,39508.0,35721.799
000858.SZ,20230907,165.0,165.17,162.9,163.1,165.69,-2.59,-1.5632,118861.06,1947052.986
000859.SZ,20230907,5.45,5.46,5.26,5.27,5.48,-0.21,-3.8321,108229.69,57739.803
000860.SZ,20230907,25.96,26.25,25.57,25.59,26.08,-0.49,-1.8788,74577.33,192604.208
000861.SZ,20230907,2.14,2.14,2.1,2.1,2.15,-0.05,-2.3256,132899.3,28201.076
000862.SZ,20230907,6.74,6.76,6.5,6.56,6.77,-0.21,-3.1019,80323.01,53149.84
000863.SZ,20230907,3.87,3.97,3.78,3.8,3.9,-0.1,-2.5641,717132.78,277689.875
000868.SZ,20230907,5.18,5.18,5.05,5.05,5.18,-0.13,-2.5097,113044.0,57536.3
000869.SZ,20230907,31.0,31.13,30.62,30.63,31.08,-0.45,-1.4479,10213.03,31493.846
000875.SZ,20230907,5.08,5.08,4.98,5.0,5.08,-0.08,-1.5748,139841.94,70159.594
000876.SZ,20230907,11.62,11.73,11.5,11.51,11.63,-0.12,-1.0318,121567.38,140931.385
000877.SZ,20230907,7.98,8.07,7.93,7.95,7.99,-0.04,-0.5006,67589.0,54103.133
000878.SZ,20230907,12.02,12.04,11.85,11.89,12.07,-0.18,-1.4913,179144.61,213844.056
000880.SZ,20230907,10.84,10.93,10.67,10.7,10.92,-0.22,-2.0147,25680.03,27667.642
000881.SZ,20230907,7.72,7.79,7.68,7.68,7.75,-0.07,-0.9032,84075.13,64966.555
002453.SZ,20230907,12.27,12.32,12.09,12.15,12.25,-0.1,-0.8163,81143.68,99006.472
002454.SZ,20230907,7.5,7.52,7.29,7.31,7.53,-0.22,-2.9216,60010.0,44262.498
002455.SZ,20230907,7.56,7.56,7.2,7.21,7.59,-0.38,-5.0066,115500.59,84593.592
002456.SZ,20230907,6.01,6.23,5.99,6.0,6.05,-0.05,-0.8264,701759.04,428201.848
002457.SZ,20230907,8.22,8.29,8.12,8.13,8.22,-0.09,-1.0949,44963.0,36890.429
002458.SZ,20230907,12.21,12.39,12.06,12.07,12.25,-0.18,-1.4694,82305.57,100324.897
002459.SZ,20230907,26.81,26.84,25.31,25.31,26.67,-1.36,-5.0994,557772.27,1435327.603
002460.SZ,20230907,48.78,48.95,47.62,47.65,48.9,-1.25,-2.5562,151784.22,729112.869
002461.SZ,20230907,9.0,9.06,8.9,8.9,9.01,-0.11,-1.2209,37073.0,33253.0
002462.SZ,20230907,13.66,13.72,13.55,13.56,13.7,-0.14,-1.0219,17944.0,24442.136
002463.SZ,20230907,20.01,20.15,19.57,19.58,20.18,-0.6,-2.9732,372742.1,734700.881
002465.SZ,20230907,10.93,11.15,10.65,10.71,11.06,-0.35,-3.1646,803185.33,871002.781
002466.SZ,20230907,58.63,58.75,57.26,57.3,59.0,-1.7,-2.8814,182510.8,1054921.388
002467.SZ,20230907,4.74,4.77,4.68,4.68,4.73,-0.05,-1.0571,166198.0,78553.377
002468.SZ,20230907,10.2,10.2,10.03,10.07,10.17,-0.1,-0.9833,55301.0,55895.041
002469.SZ,20230907,6.04,6.06,5.96,5.96,6.05,-0.09,-1.4876,52397.7,31502.455
002470.SZ,20230907,2.13,2.14,2.09,2.09,2.12,-0.03,-1.4151,211018.0,44397.456
002471.SZ,20230907,3.05,3.06,2.99,2.99,3.06,-0.07,-2.2876,612147.0,184581.174
002472.SZ,20230907,33.15,33.7,32.8,32.9,33.42,-0.52,-1.556,151820.29,502945.637
002474.SZ,20230907,7.86,7.89,7.75,7.79,7.82,-0.03,-0.3836,248826.37,194736.016
002475.SZ,20230907,30.7,30.7,28.8,29.94,31.24,-1.3,-4.1613,1259718.13,3740235.683
002476.SZ,20230907,4.79,4.8,4.67,4.68,4.78,-0.1,-2.0921,54514.0,25750.251
002478.SZ,20230907,6.51,6.56,6.47,6.47,6.54,-0.07,-1.0703,73718.0,47986.856
002479.SZ,20230907,4.59,4.59,4.51,4.51,4.58,-0.07,-1.5284,52494.0,23840.862
002480.SZ,20230907,4.7,4.71,4.6,4.61,4.7,-0.09,-1.9149,74495.0,34599.279
002481.SZ,20230907,4.61,4.61,4.46,4.46,4.58,-0.12,-2.6201,87960.5,39651.763
002482.SZ,20230907,2.06,2.09,2.04,2.07,2.06,0.01,0.4854,44770.5,9245.482
002483.SZ,20230907,5.8,5.82,5.67,5.69,5.78,-0.09,-1.5571,174564.2,99910.435
002484.SZ,20230907,18.48,18.57,18.01,18.05,18.54,-0.49,-2.6429,45795.53,83339.848
002485.SZ,20230907,5.2,5.2,4.92,5.09,5.18,-0.09,-1.7375,103625.56,52138.109
002486.SZ,20230907,2.97,2.99,2.93,2.95,2.98,-0.03,-1.0067,49922.0,14788.228
002487.SZ,20230907,25.2,25.2,24.48,24.51,25.2,-0.69,-2.7381,123609.92,305825.277
002488.SZ,20230907,6.81,6.87,6.61,6.62,6.84,-0.22,-3.2164,91214.5,61272.595
002489.SZ,20230907,3.5,3.55,3.45,3.46,3.5,-0.04,-1.1429,307115.0,107659.791
002490.SZ,20230907,4.36,4.45,4.3,4.33,4.42,-0.09,-2.0362,157269.0,68250.323
002491.SZ,20230907,6.18,6.18,6.04,6.04,6.17,-0.13,-2.107,122668.0,74738.48
002492.SZ,20230907,5.97,6.04,5.93,5.93,5.98,-0.05,-0.8361,35799.65,21387.091
002493.SZ,20230907,12.44,12.44,12.19,12.19,12.42,-0.23,-1.8519,178255.56,218894.62
002494.SZ,20230907,5.15,5.18,5.08,5.08,5.13,-0.05,-0.9747,32628.6,16714.714
002495.SZ,20230907,2.78,2.82,2.75,2.77,2.77,0.0,0.0,156890.84,43803.317
002496.SZ,20230907,2.22,2.22,2.17,2.17,2.23,-0.06,-2.6906,267172.59,58635.987
300115.SZ,20230907,10.38,10.38,10.13,10.15,10.41,-0.26,-2.4976,130663.48,133503.642
300116.SZ,20230907,1.61,1.61,1.53,1.54,1.61,-0.07,-4.3478,1148467.96,179850.097
300117.SZ,20230907,2.98,3.03,2.94,2.94,2.97,-0.03,-1.0101,119665.33,35594.784
300118.SZ,20230907,20.4,20.42,19.79,19.83,20.32,-0.49,-2.4114,149851.57,299575.163
300119.SZ,20230907,18.36,18.49,18.06,18.08,18.43,-0.35,-1.8991,19231.9,35031.305
300120.SZ,20230907,7.49,7.52,7.36,7.38,7.58,-0.2,-2.6385,118412.07,87960.134
300121.SZ,20230907,9.65,9.67,9.47,9.48,9.66,-0.18,-1.8634,42458.8,40555.796
300122.SZ,20230907,45.5,47.5,45.4,46.08,45.75,0.33,0.7213,162074.15,753905.765
300123.SZ,20230907,7.11,7.19,6.98,6.98,7.05,-0.07,-0.9929,443593.47,314618.465
300124.SZ,20230907,70.03,70.24,69.21,69.3,70.03,-0.73,-1.0424,48834.45,340349.6
300125.SZ,20230907,15.75,15.8,15.37,15.38,15.71,-0.33,-2.1006,27190.32,42214.457
300126.SZ,20230907,7.11,7.31,6.86,6.93,7.05,-0.12,-1.7021,107746.67,76088.952
300127.SZ,20230907,18.92,19.18,18.49,18.71,19.03,-0.32,-1.6816,85779.0,160938.523
300128.SZ,20230907,4.64,4.64,4.38,4.4,4.65,-0.25,-5.3763,516630.53,230069.924
300129.SZ,20230907,8.43,8.47,8.25,8.26,8.48,-0.22,-2.5943,87284.0,72602.636
300130.SZ,20230907,23.8,24.08,23.38,23.42,23.97,-0.55,-2.2945,70081.85,166019.664
300131.SZ,20230907,5.41,5.43,5.28,5.28,5.46,-0.18,-3.2967,440992.37,235397.378
300132.SZ,20230907,5.42,5.44,5.33,5.35,5.42,-0.07,-1.2915,52277.75,28157.45
300133.SZ,20230907,6.08,6.16,5.97,5.98,6.09,-0.11,-1.8062,311994.6,188906.325
300134.SZ,20230907,9.78,10.14,9.67,9.67,9.92,-0.25,-2.5202,123894.0,121075.392
300135.SZ,20230907,2.83,2.86,2.78,2.79,2.85,-0.06,-2.1053,156722.0,44157.428
300136.SZ,20230907,18.36,18.36,17.66,17.67,18.36,-0.69,-3.7582,203905.85,364927.271
300137.SZ,20230907,6.07,6.16,6.02,6.03,6.12,-0.09,-1.4706,184942.93,112457.003
300138.SZ,20230907,15.6,15.63,15.21,15.28,15.63,-0.35,-2.2393,35891.01,55197.093
300139.SZ,20230907,10.35,10.38,10.2,10.23,10.45,-0.22,-2.1053,109973.87,112995.18
300140.SZ,20230907,8.56,8.68,8.51,8.51,8.56,-0.05,-0.5841,49422.5,42420.768
300141.SZ,20230907,9.85,9.85,9.52,9.53,9.77,-0.24,-2.4565,30417.0,29290.264
300142.SZ,20230907,23.61,23.79,23.06,23.06,23.66,-0.6,-2.5359,119313.94,278578.788
300143.SZ,20230907,10.06,10.07,9.83,9.84,10.04,-0.2,-1.992,28075.0,27850.592
300144.SZ,20230907,12.71,13.02,12.7,12.81,12.75,0.06,0.4706,391044.74,503622.008
300145.SZ,20230907,2.94,2.94,2.87,2.87,2.94,-0.07,-2.381,279386.96,81043.284
300146.SZ,20230907,19.31,19.34,19.0,19.0,19.31,-0.31,-1.6054,61188.75,116882.247
300147.SZ,20230907,5.0,5.02,4.91,4.93,5.02,-0.09,-1.7928,80845.0,40051.604
300148.SZ,20230907,4.23,4.41,4.19,4.19,4.21,-0.02,-0.4751,559662.8,240409.933
300149.SZ,20230907,7.54,7.63,7.44,7.45,7.58,-0.13,-1.715,40097.0,30191.845
300150.SZ,20230907,4.56,4.63,4.56,4.57,4.62,-0.05,-1.0823,80554.0,37000.404
300151.SZ,20230907,15.13,15.39,14.7,14.75,15.14,-0.39,-2.576,39977.0,60031.255
300152.SZ,20230907,2.93,2.93,2.87,2.87,2.93,-0.06,-2.0478,96191.0,27846.239
300153.SZ,20230907,7.95,7.96,7.76,7.78,7.97,-0.19,-2.3839,35971.42,28221.203
300154.SZ,20230907,7.27,7.28,7.1,7.12,7.25,-0.13,-1.7931,27648.0,19844.3
300799.SZ,20230907,276.48,276.48,271.06,271.96,276.47,-4.51,-1.6313,870.0,23757.116
300800.SZ,20230907,13.57,13.69,13.35,13.35,13.64,-0.29,-2.1261,17225.0,23210.59
300801.SZ,20230907,16.47,16.49,16.18,16.18,16.47,-0.29,-1.7608,9120.6,14885.528
300802.SZ,20230907,20.5,20.58,20.07,20.11,20.45,-0.34,-1.6626,27079.76,55035.079
300803.SZ,20230907,59.1,60.59,58.68,59.83,59.01,0.82,1.3896,252188.92,1508828.058
300804.SZ,20230907,35.73,35.94,34.93,35.5,36.0,-0.5,-1.3889,11206.31,39577.576
300805.SZ,20230907,8.55,10.15,8.42,9.71,8.46,1.25,14.7754,492929.24,475705.687
300806.SZ,20230907,18.4,18.5,17.84,17.96,18.33,-0.37,-2.0185,35142.19,63481.092
300807.SZ,20230907,42.9,47.54,40.09,40.39,41.68,-1.29,-3.095,206023.34,905075.467
300808.SZ,20230907,14.23,14.59,14.16,14.24,14.27,-0.03,-0.2102,35771.4,51429.454
300809.SZ,20230907,21.19,21.33,20.83,20.88,21.29,-0.41,-1.9258,25013.4,52660.051
300810.SZ,20230907,20.57,20.7,20.13,20.19,20.55,-0.36,-1.7518,20068.0,40848.67
300811.SZ,20230907,44.43,44.44,43.43,43.43,44.57,-1.14,-2.5578,20653.41,90493.332
300812.SZ,20230907,23.5,23.52,22.82,22.87,23.81,-0.94,-3.9479,114116.61,263633.932
300813.SZ,20230907,24.59,24.8,24.02,24.04,24.67,-0.63,-2.5537,9950.16,24091.164
300814.SZ,20230907,40.6,41.25,38.5,38.88,43.4,-4.52,-10.4147,237749.14,946390.006
300815.SZ,20230907,15.66,15.9,15.59,15.6,15.92,-0.32,-2.0101,39698.92,62467.662
300816.SZ,20230907,26.98,27.08,26.38,26.39,26.99,-0.6,-2.223,7555.0,20104.104
300817.SZ,20230907,16.3,16.31,15.94,15.96,16.3,-0.34,-2.0859,32459.53,52062.359
300818.SZ,20230907,29.3,29.5,28.62,28.62,29.16,-0.54,-1.8519,6699.81,19404.405
300819.SZ,20230907,14.75,14.93,14.65,14.68,14.85,-0.17,-1.1448,10565.5,15615.285
300820.SZ,20230907,65.58,65.59,62.23,63.01,65.68,-2.67,-4.0652,28320.34,179685.906
300821.SZ,20230907,9.93,9.94,9.48,9.49,9.88,-0.39,-3.9474,66751.57,64365.017
300822.SZ,20230907,13.63,13.82,13.53,13.64,13.64,0.0,0.0,28700.75,39401.892
300823.SZ,20230907,20.53,20.81,20.2,20.4,20.68,-0.28,-1.354,17393.0,35519.714
300824.SZ,20230907,10.73,10.78,10.6,10.74,10.73,0.01,0.0932,37955.5,40618.693
300825.SZ,20230907,17.63,18.19,17.45,17.65,17.63,0.02,0.1134,94070.19,168066.96
300826.SZ,20230907,15.23,15.55,15.12,15.36,15.23,0.13,0.8536,40761.06,62451.725
300827.SZ,20230907,31.64,32.01,30.78,30.78,31.81,-1.03,-3.238,80595.86,252259.083
300828.SZ,20230907,15.05,15.18,14.84,14.86,15.14,-0.28,-1.8494,16031.0,23997.213
300829.SZ,20230907,21.18,21.26,20.93,20.93,21.13,-0.2,-0.9465,13449.54,28380.315
300830.SZ,20230907,9.06,9.15,8.99,9.02,9.06,-0.04,-0.4415,72090.9,65356.084
300831.SZ,20230907,12.22,12.31,12.03,12.03,12.3,-0.27,-2.1951,33271.0,40394.156
300832.SZ,20230907,58.8,59.87,58.5,59.71,59.17,0.54,0.9126,20897.3,123902.388
300833.SZ,20230907,106.0,107.3,98.61,99.6,103.85,-4.25,-4.0924,3052.0,30650.974
300834.SZ,20230907,23.37,23.48,23.07,23.08,23.43,-0.35,-1.4938,4195.12,9747.463
300835.SZ,20230907,28.28,28.58,27.66,27.88,28.26,-0.38,-1.3447,29677.7,83529.903
300836.SZ,20230907,27.56,27.56,26.76,26.78,27.4,-0.62,-2.2628,7793.5,21089.005
300837.SZ,20230907,34.32,34.4,33.11,33.11,34.08,-0.97,-2.8462,6147.68,20644.318
300838.SZ,20230907,17.93,17.94,17.6,17.61,17.94,-0.33,-1.8395,12292.0,21815.518
300839.SZ,20230907,11.43,11.52,11.3,11.32,11.47,-0.15,-1.3078,24683.67,28111.83
603586.SH,20230907,14.72,14.77,14.47,14.47,14.78,-0.31,-2.0974,12945.0,18879.08
603587.SH,20230907,15.31,15.48,15.23,15.26,15.33,-0.07,-0.4566,13677.0,20932.962
603588.SH,20230907,9.2,9.23,9.11,9.13,9.19,-0.06,-0.6529,46981.22,43072.745
603589.SH,20230907,59.01,60.0,58.6,58.93,59.5,-0.57,-0.958,43157.74,255605.946
603590.SH,20230907,35.21,35.69,35.06,35.1,35.52,-0.42,-1.1824,6645.38,23528.857
603595.SH,20230907,35.2,35.2,34.11,34.15,35.62,-1.47,-4.1269,22264.16,76848.436
603596.SH,20230907,74.35,75.6,73.94,74.0,75.01,-1.01,-1.3465,34087.03,254025.893
603598.SH,20230907,9.97,10.14,9.95,9.96,10.04,-0.08,-0.7968,41285.0,41375.322
603599.SH,20230907,20.44,20.54,20.15,20.21,20.38,-0.17,-0.8342,56445.56,114825.334
603600.SH,20230907,10.15,10.27,9.98,9.99,10.17,-0.18,-1.7699,25435.0,25680.372
603601.SH,20230907,4.69,4.72,4.6,4.61,4.7,-0.09,-1.9149,84009.0,38979.88
603602.SH,20230907,13.01,13.19,12.96,13.0,13.02,-0.02,-0.1536,29161.65,38101.187
603603.SH,20230907,3.15,3.17,3.08,3.08,3.17,-0.09,-2.8391,72881.0,22687.361
603605.SH,20230907,110.04,111.35,107.65,107.7,110.86,-3.16,-2.8504,16299.72,177848.016
603606.SH,20230907,37.27,37.28,36.27,36.3,37.23,-0.93,-2.498,53860.06,196976.362
603607.SH,20230907,17.11,18.88,16.85,17.29,17.3,-0.01,-0.0578,244803.35,436669.773
603608.SH,20230907,4.74,4.79,4.67,4.69,4.73,-0.04,-0.8457,45235.0,21364.819
603609.SH,20230907,8.89,8.93,8.78,8.79,8.9,-0.11,-1.236,25177.0,22269.199
603610.SH,20230907,12.41,12.64,12.26,12.29,12.42,-0.13,-1.0467,39337.0,48957.899
603611.SH,20230907,21.68,22.0,21.19,21.29,21.96,-0.67,-3.051,24913.2,53507.253
603612.SH,20230907,18.2,18.2,17.83,17.83,18.27,-0.44,-2.4083,67898.0,121855.204
603613.SH,20230907,34.71,34.88,33.71,33.76,34.92,-1.16,-3.3219,74080.09,252908.077
603615.SH,20230907,9.29,9.36,8.87,8.9,9.31,-0.41,-4.4039,46014.0,41777.145
603616.SH,20230907,5.7,5.79,5.6,5.62,5.71,-0.09,-1.5762,70364.0,40048.148
603617.SH,20230907,10.31,10.7,10.15,10.55,10.22,0.33,3.229,105413.34,110779.716
603618.SH,20230907,6.02,6.05,5.93,5.93,6.04,-0.11,-1.8212,38963.0,23277.182
603619.SH,20230907,21.1,22.05,20.81,21.6,21.11,0.49,2.3212,163182.13,350316.564
603626.SH,20230907,6.97,6.97,6.86,6.88,6.97,-0.09,-1.2912,57626.0,39840.693
603628.SH,20230907,13.86,13.88,13.55,13.56,13.9,-0.34,-2.446,22623.94,31031.49
603629.SH,20230907,24.0,24.11,22.8,22.87,23.39,-0.52,-2.2232,326351.5,769811.067
603630.SH,20230907,15.32,15.37,14.5,14.51,15.31,-0.8,-5.2253,57891.8,86016.774
603633.SH,20230907,9.1,9.1,8.86,8.86,9.11,-0.25,-2.7442,55950.7,50104.984
603636.SH,20230907,12.8,13.21,12.75,12.79,13.03,-0.24,-1.8419,99999.01,129528.66
603637.SH,20230907,8.59,8.65,8.5,8.5,8.6,-0.1,-1.1628,22663.0,19436.819
603638.SH,20230907,18.26,18.3,17.8,17.8,18.24,-0.44,-2.4123,18113.0,32477.028
603639.SH,20230907,18.03,18.29,17.88,17.89,18.12,-0.23,-1.2693,20370.0,36824.829
603648.SH,20230907,9.46,9.46,9.2,9.22,9.43,-0.21,-2.2269,30169.0,28028.709
603650.SH,20230907,32.0,32.1,31.08,31.09,32.63,-1.54,-4.7196,180866.45,570345.965
603655.SH,20230907,23.11,23.5,22.79,22.89,23.46,-0.57,-2.4297,5734.0,13303.701
603656.SH,20230907,13.19,13.22,12.91,12.96,13.19,-0.23,-1.7437,17286.68,22504.646
603657.SH,20230907,15.95,16.01,15.47,15.55,15.95,-0.4,-2.5078,12788.8,20076.015
688289.SH,20230907,16.7,16.84,16.43,16.47,16.68,-0.21,-1.259,20046.97,33251.941
688290.SH,20230907,50.5,51.53,49.6,49.85,51.19,-1.34,-2.6177,4604.91,23243.219
688291.SH,20230907,33.47,33.68,32.06,32.2,33.53,-1.33,-3.9666,35932.94,117078.79
688292.SH,20230907,32.12,33.25,31.35,31.4,31.7,-0.3,-0.9464,75668.28,243769.845
688293.SH,20230907,45.17,45.17,43.85,43.92,45.29,-1.37,-3.025,8118.01,35832.962
688295.SH,20230907,31.23,31.29,30.28,30.36,31.15,-0.79,-2.5361,10206.29,31343.043
688296.SH,20230907,17.39,17.73,17.19,17.31,17.43,-0.12,-0.6885,11083.16,19379.613
688297.SH,20230907,48.8,49.25,47.84,47.84,49.12,-1.28,-2.6059,23018.71,111717.499
688298.SH,20230907,38.59,38.78,38.1,38.1,38.59,-0.49,-1.2698,7744.89,29716.618
688299.SH,20230907,15.15,15.18,14.86,14.88,15.14,-0.26,-1.7173,32359.78,48531.487
688300.SH,20230907,45.46,46.0,44.05,44.06,45.48,-1.42,-3.1223,8093.49,36077.035
688301.SH,20230907,214.07,218.98,212.89,215.0,214.02,0.98,0.4579,7163.73,154687.679
688302.SH,20230907,41.11,42.21,40.86,41.17,41.89,-0.72,-1.7188,4665.04,19242.851
688303.SH,20230907,41.11,41.39,40.26,40.29,41.25,-0.96,-2.3273,38356.37,156604.084
688305.SH,20230907,81.12,81.2,77.88,78.25,81.7,-3.45,-4.2228,9591.58,75903.101
688306.SH,20230907,5.41,5.42,5.27,5.29,5.43,-0.14,-2.5783,56462.88,30061.43
688307.SH,20230907,33.0,33.05,31.59,31.77,32.91,-1.14,-3.464,14173.62,45464.877
688308.SH,20230907,35.36,35.5,34.23,34.4,35.53,-1.13,-3.1804,11271.56,39035.939
688309.SH,20230907,23.35,23.88,23.33,23.52,23.48,0.04,0.1704,6519.83,15389.271
688310.SH,20230907,30.27,30.46,29.5,29.59,30.11,-0.52,-1.727,3885.98,11608.03
688311.SH,20230907,43.93,43.93,41.76,42.04,43.96,-1.92,-4.3676,58855.75,251407.947
688312.SH,20230907,18.92,19.54,18.91,19.37,19.0,0.37,1.9474,28917.58,55809.946
688313.SH,20230907,13.39,13.4,12.86,12.97,13.44,-0.47,-3.497,162515.14,212330.369
688314.SH,20230907,30.81,30.87,30.13,30.2,30.77,-0.57,-1.8525,2962.74,9035.787
688315.SH,20230907,22.52,22.68,22.0,22.36,22.35,0.01,0.0447,17222.66,38479.646
688316.SH,20230907,59.6,59.98,56.0,57.0,58.0,-1.0,-1.7241,26789.03,156286.068
688317.SH,20230907,22.6,22.64,22.0,22.04,22.51,-0.47,-2.088,9289.59,20686.417
688318.SH,20230907,135.34,141.54,135.32,139.7,136.0,3.7,2.7206,59610.06,829356.217
688319.SH,20230907,15.94,16.19,15.6,15.71,15.96,-0.25,-1.5664,14537.5,23033.799
688320.SH,20230907,35.86,36.1,34.41,34.8,36.21,-1.41,-3.894,23919.15,83755.238
688321.SH,20230907,22.02,22.29,21.57,21.59,22.18,-0.59,-2.6601,32516.55,71237.268
688322.SH,20230907,33.17,33.39,31.7,31.85,33.57,-1.72,-5.1236,54761.02,176160.643
688323.SH,20230907,23.31,23.31,22.0,22.0,22.87,-0.87,-3.8041,13410.21,29925.483
688325.SH,20230907,39.95,40.1,39.4,39.41,39.76,-0.35,-0.8803,5471.7,21734.864
688326.SH,20230907,140.45,140.97,136.86,137.7,142.16,-4.46,-3.1373,5479.39,75708.804
688327.SH,20230907,15.4,15.53,14.83,14.92,15.45,-0.53,-3.4304,168780.76,255614.967
688328.SH,20230907,25.8,25.98,25.05,25.17,25.5,-0.33,-1.2941,28378.7,72152.909
688329.SH,20230907,27.47,27.72,26.43,26.53,27.48,-0.95,-3.4571,17349.96,46694.964
688330.SH,20230907,32.26,32.43,31.6,31.63,32.26,-0.63,-1.9529,5913.45,18866.272
688331.SH,20230907,53.21,53.98,51.88,52.26,53.65,-1.39,-2.5909,17182.98,90117.164
688332.SH,20230907,71.61,71.7,68.5,69.46,71.6,-2.14,-2.9888,9407.72,65434.029
000882.SZ,20230907,1.82,1.83,1.79,1.79,1.83,-0.04,-2.1858,332357.63,60124.439
000883.SZ,20230907,4.34,4.35,4.28,4.29,4.34,-0.05,-1.1521,134450.0,57875.92
000885.SZ,20230907,11.11,11.11,10.96,10.98,11.13,-0.15,-1.3477,47263.7,52101.226
000886.SZ,20230907,4.67,4.68,4.6,4.61,4.68,-0.07,-1.4957,63102.34,29247.431
000887.SZ,20230907,12.35,12.36,11.92,12.05,12.41,-0.36,-2.9009,163580.18,198204.444
000888.SZ,20230907,10.88,11.05,10.81,10.82,10.89,-0.07,-0.6428,131745.0,143824.269
000889.SZ,20230907,2.1,2.23,2.08,2.23,2.12,0.11,5.1887,499925.36,109592.808
000890.SZ,20230907,4.7,4.7,4.57,4.57,4.69,-0.12,-2.5586,93895.0,43310.846
000892.SZ,20230907,4.07,4.09,3.99,4.0,4.07,-0.07,-1.7199,111250.0,44906.141
000893.SZ,20230907,28.03,28.46,27.74,28.35,28.02,0.33,1.1777,117248.74,330802.839
000895.SZ,20230907,26.6,26.8,26.58,26.63,26.66,-0.03,-0.1125,76375.47,203797.829
000897.SZ,20230907,2.64,2.68,2.59,2.6,2.64,-0.04,-1.5152,523934.71,138365.547
000898.SZ,20230907,2.82,2.82,2.78,2.8,2.81,-0.01,-0.3559,421612.39,117956.261
000899.SZ,20230907,8.0,8.0,7.82,7.82,7.98,-0.16,-2.005,52402.38,41315.58
000900.SZ,20230907,4.13,4.17,4.11,4.11,4.14,-0.03,-0.7246,75061.23,31058.243
000901.SZ,20230907,9.97,9.97,9.76,9.77,9.98,-0.21,-2.1042,75517.07,74438.863
000902.SZ,20230907,11.13,11.17,10.99,11.01,11.13,-0.12,-1.0782,49204.84,54437.943
000903.SZ,20230907,2.68,2.68,2.62,2.63,2.7,-0.07,-2.5926,412504.99,109306.114
000905.SZ,20230907,7.58,7.78,7.53,7.54,7.6,-0.06,-0.7895,160906.39,123271.642
000906.SZ,20230907,8.47,8.48,8.32,8.33,8.49,-0.16,-1.8846,47227.9,39617.922
000908.SZ,20230907,2.88,2.89,2.81,2.81,2.89,-0.08,-2.7682,125436.0,35569.278
000909.SZ,20230907,6.05,6.06,5.98,5.98,6.08,-0.1,-1.6447,41839.0,25169.413
000910.SZ,20230907,8.38,8.75,8.32,8.34,8.34,0.0,0.0,94337.1,80285.159
000911.SZ,20230907,10.09,10.1,9.63,9.68,10.09,-0.41,-4.0634,174420.0,170474.972
000912.SZ,20230907,4.43,4.44,4.36,4.37,4.43,-0.06,-1.3544,63505.74,27871.399
000913.SZ,20230907,14.68,14.68,14.05,14.12,14.64,-0.52,-3.5519,78534.31,111902.591
000915.SZ,20230907,31.5,31.5,30.81,30.81,31.51,-0.7,-2.2215,11758.8,36451.531
000917.SZ,20230907,5.98,6.04,5.9,5.92,6.0,-0.08,-1.3333,166261.52,99276.919
000919.SZ,20230907,7.9,7.9,7.73,7.73,7.88,-0.15,-1.9036,30922.0,24142.389
000920.SZ,20230907,9.19,9.2,9.04,9.04,9.21,-0.17,-1.8458,58275.0,53069.417
000921.SZ,20230907,23.41,23.5,22.71,22.8,23.3,-0.5,-2.1459,56175.07,129277.807
000922.SZ,20230907,11.9,11.9,11.53,11.6,11.91,-0.31,-2.6029,54566.2,63580.218
000923.SZ,20230907,16.5,16.65,15.93,16.02,16.4,-0.38,-2.3171,162134.41,262661.632
000925.SZ,20230907,7.76,7.78,7.61,7.62,7.75,-0.13,-1.6774,59519.5,45788.45
000926.SZ,20230907,4.63,4.75,4.58,4.6,4.63,-0.03,-0.6479,260414.95,121570.299
000927.SZ,20230907,2.75,2.75,2.71,2.72,2.75,-0.03,-1.0909,196401.48,53623.316
000928.SZ,20230907,8.0,8.03,7.88,7.88,8.04,-0.16,-1.99,208070.97,165017.545
000929.SZ,20230907,10.14,10.31,10.02,10.03,10.17,-0.14,-1.3766,37364.0,37951.57
000930.SZ,20230907,7.09,7.09,7.01,7.02,7.07,-0.05,-0.7072,45141.0,31748.041
000931.SZ,20230907,5.82,5.86,5.79,5.79,5.83,-0.04,-0.6861,47492.27,27656.587
000932.SZ,20230907,6.2,6.21,6.02,6.08,6.22,-0.14,-2.2508,593075.3,362601.792
002497.SZ,20230907,15.98,15.98,15.6,15.6,16.02,-0.42,-2.6217,112561.86,176959.143
002498.SZ,20230907,3.82,3.83,3.77,3.77,3.83,-0.06,-1.5666,72789.0,27585.11
002500.SZ,20230907,5.9,5.95,5.84,5.86,5.92,-0.06,-1.0135,455561.78,268928.214
002501.SZ,20230907,1.59,1.59,1.55,1.55,1.58,-0.03,-1.8987,197478.0,30917.611
002502.SZ,20230907,2.61,2.63,2.53,2.57,2.65,-0.08,-3.0189,309438.04,79948.954
002505.SZ,20230907,1.88,1.9,1.83,1.84,1.88,-0.04,-2.1277,623571.2,115981.237
002506.SZ,20230907,3.01,3.01,2.94,2.94,3.0,-0.06,-2.0,408092.59,121142.674
002507.SZ,20230907,16.33,16.33,16.05,16.07,16.28,-0.21,-1.2899,67130.71,108340.239
002508.SZ,20230907,29.85,30.1,29.3,29.47,29.94,-0.47,-1.5698,73429.74,217217.956
002510.SZ,20230907,3.95,3.96,3.88,3.89,3.95,-0.06,-1.519,102653.0,40202.528
002511.SZ,20230907,10.36,10.37,10.17,10.18,10.35,-0.17,-1.6425,38258.67,39168.767
002512.SZ,20230907,4.52,4.61,4.41,4.44,4.52,-0.08,-1.7699,769785.48,345931.853
002513.SZ,20230907,6.58,6.75,6.44,6.47,6.55,-0.08,-1.2214,107428.0,70742.111
002514.SZ,20230907,8.33,8.33,8.07,8.09,8.3,-0.21,-2.5301,105401.0,86073.104
002515.SZ,20230907,5.09,5.12,5.05,5.08,5.11,-0.03,-0.5871,59062.4,29980.356
002516.SZ,20230907,4.76,4.76,4.6,4.62,4.76,-0.14,-2.9412,84754.0,39509.483
002517.SZ,20230907,13.58,13.73,13.15,13.25,13.47,-0.22,-1.6333,325761.86,435405.927
002518.SZ,20230907,30.3,30.3,29.26,29.36,30.2,-0.84,-2.7815,74744.35,221014.515
002519.SZ,20230907,5.57,5.63,5.48,5.5,5.59,-0.09,-1.61,248175.0,137560.0
002520.SZ,20230907,5.62,5.76,5.59,5.61,5.62,-0.01,-0.1779,182609.78,103502.081
002521.SZ,20230907,7.03,7.13,6.94,6.94,7.03,-0.09,-1.2802,55001.6,38532.277
002522.SZ,20230907,4.97,4.99,4.88,4.89,4.99,-0.1,-2.004,72030.93,35389.043
002523.SZ,20230907,2.85,2.85,2.78,2.79,2.85,-0.06,-2.1053,97808.0,27487.644
002524.SZ,20230907,6.83,6.83,6.72,6.72,6.8,-0.08,-1.1765,29343.0,19873.78
002526.SZ,20230907,2.77,2.78,2.68,2.69,2.77,-0.08,-2.8881,568887.71,154688.988
002527.SZ,20230907,13.3,13.39,12.93,13.05,13.3,-0.25,-1.8797,521861.36,685278.314
002528.SZ,20230907,8.39,9.28,8.31,9.28,8.44,0.84,9.9526,1272501.5,1140385.98
002529.SZ,20230907,12.55,12.6,12.13,12.16,12.65,-0.49,-3.8735,40050.02,49295.644
002530.SZ,20230907,7.9,7.9,7.6,7.63,7.9,-0.27,-3.4177,220376.41,169844.416
002531.SZ,20230907,13.13,13.21,12.88,12.91,13.17,-0.26,-1.9742,105156.28,136687.432
002532.SZ,20230907,6.97,6.98,6.77,6.81,6.97,-0.16,-2.2956,272565.94,186650.156
002533.SZ,20230907,7.77,7.79,7.6,7.6,7.8,-0.2,-2.5641,93356.0,71520.621
002534.SZ,20230907,13.46,13.53,13.07,13.09,13.53,-0.44,-3.252,45691.36,60364.145
002535.SZ,20230907,4.5,4.51,4.33,4.33,4.5,-0.17,-3.7778,298090.9,130537.326
002536.SZ,20230907,13.6,13.63,13.12,13.16,13.9,-0.74,-5.3237,360376.26,479277.309
002537.SZ,20230907,6.46,6.48,6.36,6.36,6.49,-0.13,-2.0031,113437.92,72679.501
002538.SZ,20230907,6.6,6.74,6.53,6.55,6.61,-0.06,-0.9077,73767.84,48731.338
002539.SZ,20230907,8.67,8.7,8.52,8.54,8.7,-0.16,-1.8391,70908.0,60925.951
002540.SZ,20230907,6.13,6.2,6.07,6.08,6.14,-0.06,-0.9772,142496.0,87318.438
002541.SZ,20230907,29.74,29.74,29.07,29.16,29.59,-0.43,-1.4532,25551.6,75179.93
002542.SZ,20230907,2.75,2.76,2.7,2.7,2.75,-0.05,-1.8182,194009.0,52722.618
300155.SZ,20230907,5.92,6.42,5.85,6.09,5.92,0.17,2.8716,489893.48,298262.583
300157.SZ,20230907,3.51,3.57,3.48,3.49,3.55,-0.06,-1.6901,175139.9,61553.21
300158.SZ,20230907,5.77,5.8,5.67,5.67,5.8,-0.13,-2.2414,125280.37,71464.535
300159.SZ,20230907,3.1,3.18,3.07,3.08,3.14,-0.06,-1.9108,335911.0,104545.549
300160.SZ,20230907,6.07,6.07,5.97,5.97,6.07,-0.1,-1.6474,68324.89,41052.714
300161.SZ,20230907,47.0,47.1,45.7,45.91,47.03,-1.12,-2.3815,27469.02,126939.67
300162.SZ,20230907,7.31,7.38,7.22,7.24,7.31,-0.07,-0.9576,56656.5,41263.974
300163.SZ,20230907,3.47,3.48,3.42,3.43,3.46,-0.03,-0.8671,76273.0,26264.063
300164.SZ,20230907,5.09,5.73,5.09,5.5,5.24,0.26,4.9618,1347361.6,733840.722
300165.SZ,20230907,6.09,6.09,6.02,6.02,6.06,-0.04,-0.6601,56101.12,33939.986
300166.SZ,20230907,10.0,10.83,9.95,10.62,10.09,0.53,5.2527,1106401.66,1153122.282
300167.SZ,20230907,2.71,2.73,2.67,2.67,2.74,-0.07,-2.5547,82878.0,22375.985
300168.SZ,20230907,10.31,10.5,10.2,10.21,10.32,-0.11,-1.0659,171534.12,177562.042
300169.SZ,20230907,7.56,7.95,7.47,7.79,7.46,0.33,4.4236,788383.2,607300.92
300170.SZ,20230907,9.1,9.17,8.93,8.95,9.1,-0.15,-1.6484,221901.09,200423.62
300171.SZ,20230907,19.33,19.34,18.3,18.38,19.39,-1.01,-5.2089,91705.65,171356.489
300172.SZ,20230907,7.09,7.74,7.08,7.36,7.36,0.0,0.0,1061920.89,789376.22
300173.SZ,20230907,4.35,4.38,4.27,4.27,4.35,-0.08,-1.8391,60391.0,26082.376
300174.SZ,20230907,16.19,16.25,15.95,16.08,16.25,-0.17,-1.0462,29973.11,48160.805
300175.SZ,20230907,4.45,4.54,4.41,4.42,4.48,-0.06,-1.3393,58986.0,26294.894
300176.SZ,20230907,6.66,6.72,6.59,6.59,6.68,-0.09,-1.3473,41436.76,27473.396
300177.SZ,20230907,7.25,7.39,7.2,7.24,7.32,-0.08,-1.0929,260832.21,189880.991
300179.SZ,20230907,9.32,9.32,9.12,9.14,9.32,-0.18,-1.9313,42761.0,39360.932
300180.SZ,20230907,3.54,3.54,3.45,3.47,3.54,-0.07,-1.9774,142349.0,49699.424
300181.SZ,20230907,10.17,10.18,9.93,9.94,10.19,-0.25,-2.4534,107472.12,107600.373
300182.SZ,20230907,5.31,5.38,5.22,5.22,5.32,-0.1,-1.8797,410268.6,217113.405
300183.SZ,20230907,15.58,15.58,15.19,15.2,15.52,-0.32,-2.0619,31567.0,48367.614
300184.SZ,20230907,6.2,6.26,5.83,5.85,6.51,-0.66,-10.1382,2538125.76,1529394.098
300185.SZ,20230907,2.57,2.57,2.51,2.52,2.57,-0.05,-1.9455,394530.0,100240.574
300187.SZ,20230907,5.84,5.84,5.7,5.7,5.83,-0.13,-2.2298,61845.0,35500.273
300188.SZ,20230907,17.53,17.85,17.28,17.29,17.66,-0.37,-2.0951,101516.59,178086.728
300189.SZ,20230907,3.54,3.57,3.47,3.48,3.54,-0.06,-1.6949,193874.0,68022.678
300190.SZ,20230907,4.19,4.21,4.13,4.14,4.21,-0.07,-1.6627,85385.87,35578.412
300191.SZ,20230907,17.51,17.79,17.34,17.38,17.62,-0.24,-1.3621,32456.87,56903.896
300192.SZ,20230907,10.25,10.79,10.25,10.39,10.25,0.14,1.3659,154792.0,163214.871
300193.SZ,20230907,8.54,8.6,8.36,8.4,8.58,-0.18,-2.0979,78160.21,65992.707
300194.SZ,20230907,3.91,3.92,3.84,3.84,3.91,-0.07,-1.7903,148046.0,57397.417
300195.SZ,20230907,6.25,6.29,6.1,6.15,6.28,-0.13,-2.0701,49079.01,30432.013
300196.SZ,20230907,14.44,14.49,14.24,14.24,14.44,-0.2,-1.385,9945.61,14245.304
300197.SZ,20230907,2.41,2.41,2.36,2.37,2.41,-0.04,-1.6598,153224.0,36529.277
300198.SZ,20230907,2.84,2.87,2.78,2.79,2.85,-0.06,-2.1053,132133.0,37179.599
300840.SZ,20230907,14.9,15.97,14.85,15.43,15.06,0.37,2.4568,186461.6,290059.761
300841.SZ,20230907,60.29,61.7,60.0,60.38,60.4,-0.02,-0.0331,21050.1,127839.084
300842.SZ,20230907,67.44,69.48,65.52,66.18,68.62,-2.44,-3.5558,52240.2,353441.872
300843.SZ,20230907,20.72,20.72,20.33,20.36,20.72,-0.36,-1.7375,14403.86,29504.403
300844.SZ,20230907,41.46,43.13,41.02,41.02,42.17,-1.15,-2.7271,32048.83,134228.509
300845.SZ,20230907,20.42,20.55,20.15,20.18,20.35,-0.17,-0.8354,15102.2,30732.597
300846.SZ,20230907,13.9,14.23,13.81,13.87,13.95,-0.08,-0.5735,145124.0,203139.904
300847.SZ,20230907,17.99,17.99,17.25,17.25,17.89,-0.64,-3.5774,67517.39,118104.96
300848.SZ,20230907,22.8,22.8,22.2,22.34,22.55,-0.21,-0.9313,14006.25,31344.191
300849.SZ,20230907,11.85,11.97,11.72,11.72,11.85,-0.13,-1.097,11081.5,13096.658
300850.SZ,20230907,31.81,31.99,30.97,31.0,31.81,-0.81,-2.5464,46569.64,146034.609
300851.SZ,20230907,28.5,28.65,27.58,27.67,28.48,-0.81,-2.8441,16126.18,45192.928
300852.SZ,20230907,39.58,39.58,38.72,38.74,39.58,-0.84,-2.1223,9842.0,38468.903
300853.SZ,20230907,24.44,24.76,23.87,23.88,24.52,-0.64,-2.6101,19886.2,48021.253
300854.SZ,20230907,17.7,17.81,17.26,17.26,17.7,-0.44,-2.4859,34747.0,60733.574
300855.SZ,20230907,34.73,34.73,33.8,33.82,34.71,-0.89,-2.5641,13713.42,46704.081
300856.SZ,20230907,72.01,72.46,70.56,70.7,72.47,-1.77,-2.4424,8118.0,57786.039
300857.SZ,20230907,25.57,25.7,25.04,25.27,25.29,-0.02,-0.0791,37785.28,95910.059
300858.SZ,20230907,18.93,19.05,18.58,18.92,19.07,-0.15,-0.7866,37467.94,70618.147
300859.SZ,20230907,25.71,26.4,25.71,25.78,25.85,-0.07,-0.2708,43553.22,113481.484
300860.SZ,20230907,57.44,59.36,57.35,58.19,57.4,0.79,1.3763,12026.59,70378.685
300861.SZ,20230907,43.93,44.0,42.66,42.67,43.95,-1.28,-2.9124,13249.5,57053.041
300862.SZ,20230907,26.04,26.23,25.63,25.7,26.05,-0.35,-1.3436,6512.0,16860.753
300863.SZ,20230907,51.3,51.35,49.5,49.63,51.35,-1.72,-3.3496,9344.01,46894.75
300864.SZ,20230907,23.33,23.33,22.92,23.01,23.59,-0.58,-2.4587,23961.64,55429.969
300865.SZ,20230907,23.2,23.2,22.48,22.58,23.14,-0.56,-2.4201,12355.0,28124.399
300866.SZ,20230907,86.14,86.8,85.51,85.73,85.99,-0.26,-0.3024,18713.49,161134.308
300867.SZ,20230907,16.74,16.79,16.43,16.44,16.73,-0.29,-1.7334,14857.0,24651.677
300868.SZ,20230907,21.65,22.16,21.21,21.25,22.1,-0.85,-3.8462,85166.19,184197.428
300869.SZ,20230907,21.49,21.49,21.09,21.11,21.49,-0.38,-1.7683,21774.81,46309.059
300870.SZ,20230907,49.73,49.73,47.59,47.73,49.95,-2.22,-4.4444,21034.02,101834.07
300871.SZ,20230907,15.8,15.87,15.55,15.55,15.81,-0.26,-1.6445,13227.5,20748.558
300872.SZ,20230907,13.9,14.36,13.86,13.99,13.9,0.09,0.6475,83821.52,118268.104
300873.SZ,20230907,18.84,18.95,18.47,18.5,18.91,-0.41,-2.1682,18009.47,33630.98
300875.SZ,20230907,41.68,42.84,41.36,41.36,41.81,-0.45,-1.0763,54072.22,227207.373
300876.SZ,20230907,26.7,26.7,26.1,26.2,26.65,-0.45,-1.6886,4508.0,11912.398
300877.SZ,20230907,18.23,18.38,18.04,18.06,18.23,-0.17,-0.9325,9662.0,17597.199
300878.SZ,20230907,22.91,22.98,22.52,22.58,22.91,-0.33,-1.4404,9727.31,22067.734
300879.SZ,20230907,17.8,17.82,17.32,17.36,17.77,-0.41,-2.3073,14397.0,25193.988
300880.SZ,20230907,21.98,22.22,21.5,21.55,22.28,-0.73,-3.2765,59974.17,130513.45
300881.SZ,20230907,33.83,34.42,33.03,33.15,33.99,-0.84,-2.4713,17188.78,57553.067
603658.SH,20230907,46.35,46.37,45.54,45.7,46.45,-0.75,-1.6146,14760.0,67607.89
603659.SH,20230907,34.05,34.36,33.49,33.75,34.0,-0.25,-0.7353,89675.31,303163.962
603660.SH,20230907,6.41,6.52,6.38,6.38,6.48,-0.1,-1.5432,64600.8,41615.748
603661.SH,20230907,35.57,36.0,35.48,35.48,35.7,-0.22,-0.6162,9947.46,35499.281
603662.SH,20230907,31.13,33.69,29.91,33.38,31.12,2.26,7.2622,318446.52,1022351.059
603663.SH,20230907,10.55,10.99,10.51,10.59,10.58,0.01,0.0945,124522.3,133247.199
603665.SH,20230907,26.52,27.0,26.3,26.77,26.52,0.25,0.9427,7010.96,18748.449
603666.SH,20230907,32.51,32.51,31.54,31.72,32.54,-0.82,-2.52,15399.84,49075.946
603667.SH,20230907,16.92,17.1,16.28,16.75,16.91,-0.16,-0.9462,179607.9,298981.261
603668.SH,20230907,15.82,15.9,15.68,15.75,15.78,-0.03,-0.1901,31213.5,49194.121
603669.SH,20230907,4.81,4.81,4.65,4.69,4.79,-0.1,-2.0877,16710.33,7901.227
603676.SH,20230907,10.55,10.55,10.25,10.25,10.51,-0.26,-2.4738,33508.34,34699.753
603677.SH,20230907,13.79,13.82,13.52,13.53,13.8,-0.27,-1.9565,15904.0,21680.792
603678.SH,20230907,34.4,34.75,33.3,34.32,34.51,-0.19,-0.5506,65995.14,224921.843
603679.SH,20230907,15.5,15.5,14.21,14.59,15.4,-0.81,-5.2597,232285.0,338473.815
603680.SH,20230907,9.5,9.59,9.43,9.46,9.52,-0.06,-0.6303,18759.2,17848.023
603681.SH,20230907,13.94,13.94,13.61,13.62,13.88,-0.26,-1.8732,18585.0,25569.053
603682.SH,20230907,6.37,6.42,6.31,6.33,6.36,-0.03,-0.4717,81544.0,51939.931
603683.SH,20230907,10.78,10.78,10.46,10.48,10.76,-0.28,-2.6022,18261.44,19354.024
603685.SH,20230907,15.48,15.6,15.22,15.3,15.43,-0.13,-0.8425,8098.9,12443.839
603686.SH,20230907,9.7,9.7,9.54,9.54,9.7,-0.16,-1.6495,40757.73,39209.741
603687.SH,20230907,9.88,9.98,9.77,9.78,9.92,-0.14,-1.4113,25904.0,25537.417
603688.SH,20230907,101.28,101.97,99.83,99.86,101.55,-1.69,-1.6642,48710.88,489859.875
603689.SH,20230907,8.36,8.42,8.27,8.27,8.42,-0.15,-1.7815,24633.6,20540.43
603690.SH,20230907,28.71,28.71,27.74,27.79,28.97,-1.18,-4.0732,139052.96,391273.635
603693.SH,20230907,12.38,12.42,12.23,12.24,12.42,-0.18,-1.4493,17158.6,21110.421
603696.SH,20230907,9.58,9.58,9.38,9.38,9.51,-0.13,-1.367,22485.0,21269.552
603697.SH,20230907,8.99,9.08,8.9,8.92,9.04,-0.12,-1.3274,18781.03,16873.219
603698.SH,20230907,14.74,14.74,14.34,14.35,14.75,-0.4,-2.7119,24344.37,35349.225
603699.SH,20230907,14.85,14.9,14.66,14.69,14.85,-0.16,-1.0774,23521.98,34654.356
603700.SH,20230907,14.56,14.61,14.36,14.39,14.53,-0.14,-0.9635,13429.0,19423.819
603701.SH,20230907,14.1,14.1,13.47,13.56,14.1,-0.54,-3.8298,38759.91,53039.297
603703.SH,20230907,10.67,10.7,10.39,10.39,10.7,-0.31,-2.8972,50600.8,53134.534
603706.SH,20230907,15.58,15.63,15.31,15.34,15.56,-0.22,-1.4139,15860.0,24494.588
603707.SH,20230907,11.6,11.65,11.36,11.38,11.6,-0.22,-1.8966,63971.7,73377.852
603708.SH,20230907,11.73,11.87,11.63,11.67,11.82,-0.15,-1.269,20796.92,24375.268
603709.SH,20230907,17.15,18.6,16.93,17.41,17.25,0.16,0.9275,49853.35,88621.818
603711.SH,20230907,17.06,17.24,16.81,16.85,17.14,-0.29,-1.6919,6908.48,11717.725
603712.SH,20230907,26.98,26.98,26.5,26.68,27.01,-0.33,-1.2218,37999.58,101371.046
603713.SH,20230907,81.12,81.49,79.53,80.0,81.12,-1.12,-1.3807,2840.42,22867.568
603716.SH,20230907,11.17,11.2,10.8,10.81,11.17,-0.36,-3.2229,161812.0,176641.407
688333.SH,20230907,120.1,120.71,117.1,118.88,119.68,-0.8,-0.6684,10070.85,120276.924
688334.SH,20230907,17.61,17.69,16.92,16.96,17.69,-0.73,-4.1266,38675.85,66737.764
688335.SH,20230907,22.09,22.15,21.76,21.77,22.1,-0.33,-1.4932,5878.69,12889.767
688336.SH,20230907,18.98,19.07,18.61,18.64,19.0,-0.36,-1.8947,10530.1,19786.914
688337.SH,20230907,52.53,52.53,50.89,51.09,51.77,-0.68,-1.3135,7198.17,37089.469
688338.SH,20230907,31.74,31.77,30.69,30.71,31.31,-0.6,-1.9163,4639.04,14457.758
688339.SH,20230907,54.5,54.8,53.03,53.05,54.47,-1.42,-2.6069,10232.6,54924.589
688343.SH,20230907,53.2,53.2,51.44,51.5,53.3,-1.8,-3.3771,26644.52,139024.464
688345.SH,20230907,37.64,37.65,36.01,36.22,37.97,-1.75,-4.6089,7138.02,26171.19
688347.SH,20230907,51.0,51.03,48.7,48.7,51.5,-2.8,-5.4369,114559.88,569913.409
688348.SH,20230907,132.82,133.58,126.7,127.02,132.88,-5.86,-4.41,15052.97,195452.334
688349.SH,20230907,30.9,30.9,30.45,30.55,30.71,-0.16,-0.521,13631.39,41707.816
688350.SH,20230907,17.0,17.1,16.76,16.81,16.95,-0.14,-0.826,10526.46,17819.75
688351.SH,20230907,18.56,18.99,18.11,18.12,18.56,-0.44,-2.3707,7894.89,14535.674
688352.SH,20230907,13.52,13.52,12.98,13.02,13.45,-0.43,-3.197,68379.88,90161.907
688353.SH,20230907,33.6,33.68,32.5,32.52,33.6,-1.08,-3.2143,3869.92,12750.867
688355.SH,20230907,22.68,22.68,21.87,22.03,22.68,-0.65,-2.866,8917.65,19724.199
688356.SH,20230907,93.34,93.75,91.12,91.12,93.43,-2.31,-2.4724,2961.39,27357.524
688357.SH,20230907,51.31,52.14,50.51,50.52,51.81,-1.29,-2.4899,12431.65,63487.592
688358.SH,20230907,40.39,40.94,39.05,39.2,40.65,-1.45,-3.567,10291.84,40918.637
688359.SH,20230907,81.35,81.35,78.32,79.8,81.0,-1.2,-1.4815,9137.21,72627.245
688360.SH,20230907,20.8,20.8,20.29,20.33,20.78,-0.45,-2.1655,6655.92,13647.055
688361.SH,20230907,84.84,85.0,81.68,82.03,85.9,-3.87,-4.5052,39128.09,324978.389
688362.SH,20230907,35.03,35.24,34.1,34.14,35.75,-1.61,-4.5035,60035.72,207622.922
688363.SH,20230907,92.0,93.28,90.42,90.48,92.6,-2.12,-2.2894,12450.4,114177.836
688365.SH,20230907,11.8,12.11,11.77,11.82,11.81,0.01,0.0847,129443.03,154398.717
688366.SH,20230907,109.95,112.44,109.01,110.19,109.6,0.59,0.5383,8298.03,91999.884
688367.SH,20230907,18.2,18.2,17.53,17.62,17.89,-0.27,-1.5092,5858.29,10397.571
688368.SH,20230907,120.23,120.77,116.96,117.32,120.99,-3.67,-3.0333,6450.17,76282.449
688369.SH,20230907,45.83,46.06,44.46,44.5,45.85,-1.35,-2.9444,9663.67,43414.573
688370.SH,20230907,27.38,27.38,26.73,26.76,27.36,-0.6,-2.193,4098.05,11060.482
688371.SH,20230907,20.21,20.21,19.44,19.48,20.25,-0.77,-3.8025,14529.59,28586.048
688372.SH,20230907,123.0,123.66,114.2,114.88,128.1,-13.22,-10.3201,32620.69,384998.89
688373.SH,20230907,6.59,6.61,6.38,6.39,6.6,-0.21,-3.1818,30615.19,19821.811
688375.SH,20230907,88.0,88.0,85.3,85.42,87.08,-1.66,-1.9063,6271.48,54215.058
688376.SH,20230907,37.77,37.77,36.01,36.7,38.14,-1.44,-3.7756,20220.01,74318.018
688377.SH,20230907,27.0,27.2,26.1,26.25,27.0,-0.75,-2.7778,8190.78,21638.027
688378.SH,20230907,42.69,42.8,40.6,40.88,41.95,-1.07,-2.5507,12760.46,52475.053
688379.SH,20230907,21.93,21.97,21.52,21.58,21.97,-0.39,-1.7751,9024.35,19581.652
688380.SH,20230907,26.6,26.6,25.73,25.74,26.75,-1.01,-3.7757,26902.06,70106.068
688381.SH,20230907,28.61,28.61,27.8,27.9,28.61,-0.71,-2.4816,18773.33,52883.816
000933.SZ,20230907,17.1,17.37,16.72,16.83,17.15,-0.32,-1.8659,228639.02,387579.313
000935.SZ,20230907,17.0,17.1,16.75,16.75,16.96,-0.21,-1.2382,19150.49,32349.832
000936.SZ,20230907,9.78,9.79,9.25,9.25,9.78,-0.53,-5.4192,591802.44,556991.212
000937.SZ,20230907,6.52,6.63,6.5,6.54,6.54,0.0,0.0,370751.74,243827.408
000938.SZ,20230907,26.07,26.07,25.21,25.21,26.1,-0.89,-3.41,252945.54,644336.681
000948.SZ,20230907,18.49,19.27,18.46,18.93,18.66,0.27,1.4469,203117.47,385277.545
000949.SZ,20230907,3.36,3.38,3.3,3.31,3.36,-0.05,-1.4881,88287.89,29499.316
000950.SZ,20230907,5.49,5.49,5.37,5.38,5.5,-0.12,-2.1818,237835.5,128925.31
000951.SZ,20230907,16.45,16.54,16.16,16.2,16.45,-0.25,-1.5198,62367.23,101537.394
000952.SZ,20230907,7.6,7.65,7.49,7.49,7.6,-0.11,-1.4474,21372.0,16130.738
000953.SZ,20230907,5.41,5.46,5.38,5.39,5.43,-0.04,-0.7366,33678.0,18223.606
000955.SZ,20230907,4.87,4.97,4.77,4.78,4.87,-0.09,-1.848,67250.0,32534.538
000957.SZ,20230907,10.38,10.41,10.14,10.15,10.44,-0.29,-2.7778,222770.61,228218.699
000958.SZ,20230907,4.26,4.28,4.2,4.21,4.26,-0.05,-1.1737,94274.42,39941.379
000959.SZ,20230907,3.84,3.86,3.78,3.8,3.84,-0.04,-1.0417,189801.4,72551.418
000960.SZ,20230907,15.0,15.01,14.66,14.69,15.02,-0.33,-2.1971,151312.44,224072.462
000961.SZ,20230907,1.87,1.96,1.83,1.83,1.89,-0.06,-3.1746,2021655.79,381357.823
000962.SZ,20230907,12.46,12.47,12.22,12.23,12.53,-0.3,-2.3943,80520.01,99188.447
000963.SZ,20230907,37.56,37.79,37.11,37.22,37.72,-0.5,-1.3256,43488.63,162446.678
000965.SZ,20230907,4.08,4.1,3.96,3.97,4.06,-0.09,-2.2167,306854.14,123696.099
000966.SZ,20230907,4.87,4.88,4.78,4.78,4.89,-0.11,-2.2495,109672.82,52875.074
000967.SZ,20230907,4.99,5.0,4.91,4.92,5.0,-0.08,-1.6,86420.92,42777.28
000968.SZ,20230907,7.92,7.96,7.82,7.84,7.93,-0.09,-1.1349,75433.0,59462.619
000969.SZ,20230907,9.78,9.8,9.55,9.57,9.82,-0.25,-2.5458,259501.5,250258.287
000970.SZ,20230907,11.17,11.17,10.9,10.99,11.17,-0.18,-1.6115,116378.85,128116.938
000971.SZ,20230907,1.96,2.0,1.96,1.99,2.0,-0.01,-0.5,69563.0,13782.24
000972.SZ,20230907,3.72,3.72,3.6,3.61,3.68,-0.07,-1.9022,79918.0,29071.936
000973.SZ,20230907,4.71,4.71,4.6,4.61,4.72,-0.11,-2.3305,77343.0,35954.361
000975.SZ,20230907,14.3,14.47,14.2,14.3,14.41,-0.11,-0.7634,111935.62,160267.873
000976.SZ,20230907,2.03,2.03,1.98,1.99,2.04,-0.05,-2.451,131579.0,26306.655
000977.SZ,20230907,37.37,37.37,36.3,36.36,37.49,-1.13,-3.0141,561792.28,2062445.089
000978.SZ,20230907,8.1,8.25,8.06,8.06,8.11,-0.05,-0.6165,228501.11,186057.573
000980.SZ,20230907,3.89,3.96,3.74,3.88,3.92,-0.04,-1.0204,2995552.12,1146445.536
000981.SZ,20230907,1.52,1.53,1.49,1.5,1.52,-0.02,-1.3158,486983.0,73545.471
000982.SZ,20230907,1.73,1.74,1.7,1.7,1.73,-0.03,-1.7341,1106026.82,189783.222
000983.SZ,20230907,9.52,9.86,9.51,9.69,9.69,0.0,0.0,875134.63,850286.882
000985.SZ,20230907,16.82,16.89,16.5,16.59,16.82,-0.23,-1.3674,11819.02,19721.884
000987.SZ,20230907,6.81,6.84,6.74,6.75,6.8,-0.05,-0.7353,128897.77,87521.399
000988.SZ,20230907,30.99,31.13,30.4,30.5,31.19,-0.69,-2.2122,301806.41,925095.608
000989.SZ,20230907,10.81,10.81,10.53,10.54,10.81,-0.27,-2.4977,95041.18,101184.062
000990.SZ,20230907,8.01,8.02,7.89,7.9,8.01,-0.11,-1.3733,46095.98,36609.537
002543.SZ,20230907,8.51,8.52,8.29,8.35,8.47,-0.12,-1.4168,58152.35,48724.645
002544.SZ,20230907,22.71,22.89,22.01,22.07,22.8,-0.73,-3.2018,63198.72,141501.487
002545.SZ,20230907,7.36,7.36,7.26,7.29,7.34,-0.05,-0.6812,61416.0,44789.747
002546.SZ,20230907,5.12,5.12,5.01,5.01,5.12,-0.11,-2.1484,119777.0,60529.043
002547.SZ,20230907,4.93,5.09,4.68,4.71,4.83,-0.12,-2.4845,1275432.71,624580.512
002548.SZ,20230907,7.25,7.3,7.07,7.09,7.23,-0.14,-1.9364,151899.0,109019.508
002549.SZ,20230907,10.86,11.15,10.75,10.89,10.88,0.01,0.0919,172482.05,189823.454
002550.SZ,20230907,5.0,5.01,4.92,4.93,5.02,-0.09,-1.7928,66810.0,33130.189
002551.SZ,20230907,3.97,3.97,3.89,3.9,3.96,-0.06,-1.5152,79418.0,31209.719
002552.SZ,20230907,18.18,18.31,17.45,17.47,18.61,-1.14,-6.1257,82873.0,146546.219
002553.SZ,20230907,14.66,14.74,14.32,14.36,14.78,-0.42,-2.8417,223913.0,323615.469
002554.SZ,20230907,3.66,3.7,3.64,3.65,3.69,-0.04,-1.084,115120.77,42225.208
002555.SZ,20230907,23.21,23.34,22.4,22.49,22.96,-0.47,-2.047,454057.13,1033922.246
002556.SZ,20230907,7.39,7.39,7.32,7.33,7.38,-0.05,-0.6775,37850.5,27800.094
002557.SZ,20230907,34.8,34.92,34.56,34.65,34.85,-0.2,-0.5739,16612.0,57639.743
002558.SZ,20230907,13.6,13.99,13.38,13.42,13.54,-0.12,-0.8863,415901.28,567764.534
002559.SZ,20230907,8.09,8.13,7.86,7.86,8.24,-0.38,-4.6117,287224.11,228646.679
002560.SZ,20230907,8.0,8.05,7.81,7.84,8.06,-0.22,-2.7295,103746.0,82218.895
002561.SZ,20230907,9.45,9.49,9.33,9.34,9.41,-0.07,-0.7439,74087.94,69655.447
002562.SZ,20230907,4.3,4.31,4.2,4.2,4.28,-0.08,-1.8692,44880.0,19018.553
002563.SZ,20230907,6.23,6.26,6.15,6.15,6.23,-0.08,-1.2841,56198.0,34809.396
002564.SZ,20230907,2.97,2.99,2.92,2.95,2.99,-0.04,-1.3378,165070.17,48696.161
002565.SZ,20230907,3.4,3.43,3.32,3.33,3.42,-0.09,-2.6316,381959.13,128942.256
002566.SZ,20230907,8.53,8.57,8.41,8.42,8.55,-0.13,-1.5205,34822.0,29550.381
002567.SZ,20230907,6.47,6.57,6.45,6.46,6.49,-0.03,-0.4622,220195.82,143415.335
002568.SZ,20230907,32.01,32.15,31.66,31.74,32.08,-0.34,-1.0599,40305.28,128495.122
002569.SZ,20230907,6.27,6.27,6.13,6.17,6.27,-0.1,-1.5949,7880.0,4878.124
002570.SZ,20230907,4.29,4.31,4.24,4.24,4.31,-0.07,-1.6241,108780.0,46436.475
002571.SZ,20230907,6.29,6.39,6.21,6.22,6.29,-0.07,-1.1129,27874.45,17496.19
002572.SZ,20230907,20.42,20.73,19.83,19.91,20.47,-0.56,-2.7357,89307.23,179541.505
002573.SZ,20230907,5.34,5.35,5.23,5.24,5.34,-0.1,-1.8727,102843.47,54239.618
002574.SZ,20230907,6.79,6.79,6.66,6.67,6.77,-0.1,-1.4771,43058.0,28845.52
002575.SZ,20230907,5.61,5.68,5.48,5.5,5.64,-0.14,-2.4823,43189.2,24042.603
002576.SZ,20230907,17.03,17.08,16.51,16.53,17.03,-0.5,-2.936,45733.05,76500.898
002577.SZ,20230907,14.89,15.03,14.35,14.35,14.51,-0.16,-1.1027,52929.01,77369.45
002578.SZ,20230907,3.83,3.85,3.76,3.76,3.83,-0.07,-1.8277,53381.06,20250.912
002579.SZ,20230907,9.1,9.92,8.94,9.54,9.23,0.31,3.3586,488927.09,459952.803
002580.SZ,20230907,8.94,8.94,8.72,8.75,8.94,-0.19,-2.1253,40099.8,35269.118
002581.SZ,20230907,16.48,16.69,16.36,16.49,16.59,-0.1,-0.6028,30107.0,49539.15
002582.SZ,20230907,7.92,7.92,7.76,7.78,7.93,-0.15,-1.8916,84879.0,66257.311
002583.SZ,20230907,6.28,6.36,5.94,5.95,5.99,-0.04,-0.6678,438233.41,266879.271
300199.SZ,20230907,9.02,9.02,8.83,8.86,9.04,-0.18,-1.9912,158934.0,141724.433
300200.SZ,20230907,9.0,9.05,8.57,8.59,9.3,-0.71,-7.6344,375691.39,329314.038
300201.SZ,20230907,4.14,4.19,4.09,4.15,4.13,0.02,0.4843,263451.82,109141.42
300203.SZ,20230907,17.02,17.27,16.64,16.74,17.12,-0.38,-2.2196,78257.05,132131.58
300204.SZ,20230907,9.41,9.42,9.25,9.27,9.41,-0.14,-1.4878,24643.0,22970.172
300205.SZ,20230907,12.61,12.78,12.53,12.69,12.66,0.03,0.237,51201.0,64822.865
300206.SZ,20230907,10.85,10.85,10.54,10.56,10.85,-0.29,-2.6728,58975.0,62736.465
300207.SZ,20230907,16.3,16.37,15.98,16.01,16.37,-0.36,-2.1991,230448.06,371401.267
300208.SZ,20230907,8.19,8.21,7.94,7.94,8.18,-0.24,-2.934,54070.0,43515.964
300209.SZ,20230907,3.06,3.14,3.01,3.02,3.15,-0.13,-4.127,113536.56,34631.324
300210.SZ,20230907,3.49,3.52,3.41,3.43,3.49,-0.06,-1.7192,90194.0,31045.937
300211.SZ,20230907,9.22,9.3,9.11,9.13,9.26,-0.13,-1.4039,29112.0,26768.932
300212.SZ,20230907,36.38,36.8,35.51,35.88,36.93,-1.05,-2.8432,424389.39,1526422.827
300213.SZ,20230907,6.43,6.66,6.39,6.56,6.43,0.13,2.0218,414861.32,272235.499
300214.SZ,20230907,6.4,6.45,6.35,6.35,6.43,-0.08,-1.2442,25028.0,16011.542
300215.SZ,20230907,5.07,5.07,4.99,4.99,5.07,-0.08,-1.5779,33584.08,16839.906
300217.SZ,20230907,5.45,5.45,5.37,5.38,5.45,-0.07,-1.2844,110290.92,59568.003
300218.SZ,20230907,10.88,10.88,10.33,10.45,11.2,-0.75,-6.6964,159228.14,167980.196
300219.SZ,20230907,7.62,7.66,7.5,7.51,7.65,-0.14,-1.8301,98352.3,74486.402
300220.SZ,20230907,7.48,7.58,7.36,7.39,7.58,-0.19,-2.5066,18555.0,13797.736
300221.SZ,20230907,5.69,5.72,5.58,5.6,5.7,-0.1,-1.7544,99915.75,56309.627
300222.SZ,20230907,7.4,7.43,7.27,7.27,7.43,-0.16,-2.1534,69333.0,50887.427
300223.SZ,20230907,77.35,77.59,75.82,75.82,77.79,-1.97,-2.5325,67683.65,518008.286
300224.SZ,20230907,12.0,12.01,11.77,11.77,11.99,-0.22,-1.8349,52868.51,62722.102
300225.SZ,20230907,9.25,9.3,8.91,8.91,9.3,-0.39,-4.1935,163943.0,147943.061
300226.SZ,20230907,33.67,34.6,33.14,33.14,34.5,-1.36,-3.942,202704.86,683959.203
300227.SZ,20230907,7.93,7.96,7.8,7.8,8.09,-0.29,-3.5847,212271.14,167169.487
300228.SZ,20230907,5.99,5.99,5.89,5.89,5.96,-0.07,-1.1745,78795.8,46771.94
300229.SZ,20230907,19.8,19.96,19.39,19.41,19.84,-0.43,-2.1673,232865.12,457488.573
300230.SZ,20230907,3.96,3.99,3.88,3.9,3.97,-0.07,-1.7632,84744.4,33335.809
300231.SZ,20230907,11.45,13.99,11.31,13.34,11.66,1.68,14.4082,1679617.47,2187701.341
300232.SZ,20230907,8.03,8.06,7.78,7.8,7.98,-0.18,-2.2556,112797.0,88903.404
300233.SZ,20230907,17.84,17.85,17.48,17.49,17.79,-0.3,-1.6863,28576.0,50339.101
300234.SZ,20230907,5.54,5.58,5.47,5.48,5.53,-0.05,-0.9042,57935.66,32044.121
300235.SZ,20230907,10.93,11.24,10.91,11.07,10.97,0.1,0.9116,100196.5,111134.389
300236.SZ,20230907,39.4,40.55,39.02,39.26,40.01,-0.75,-1.8745,114420.27,452120.384
300237.SZ,20230907,2.03,2.03,1.96,1.97,2.03,-0.06,-2.9557,272272.8,54041.682
300238.SZ,20230907,13.19,13.26,12.88,12.88,13.25,-0.37,-2.7925,41862.84,54470.691
300239.SZ,20230907,6.24,6.24,6.11,6.12,6.22,-0.1,-1.6077,39695.05,24441.6
300240.SZ,20230907,6.52,6.58,6.45,6.46,6.54,-0.08,-1.2232,37382.25,24355.962
300241.SZ,20230907,5.14,5.19,5.08,5.11,5.17,-0.06,-1.1605,128461.14,65882.116
300882.SZ,20230907,23.53,23.57,22.61,22.72,23.53,-0.81,-3.4424,30930.0,70998.842
300883.SZ,20230907,6.66,6.7,6.61,6.61,6.65,-0.04,-0.6015,43521.0,28968.805
300884.SZ,20230907,12.18,12.24,11.99,12.13,12.18,-0.05,-0.4105,48192.2,58474.198
300885.SZ,20230907,9.93,9.99,9.6,9.6,9.96,-0.36,-3.6145,152037.22,148952.954
300886.SZ,20230907,25.41,25.42,24.91,24.92,25.38,-0.46,-1.8125,5048.62,12654.471
300887.SZ,20230907,21.06,21.22,20.63,20.76,20.96,-0.2,-0.9542,28931.13,60394.886
300888.SZ,20230907,42.1,42.32,41.34,41.43,42.09,-0.66,-1.5681,9339.19,39024.041
300889.SZ,20230907,15.44,15.56,15.26,15.29,15.49,-0.2,-1.2912,17902.0,27586.935
300890.SZ,20230907,34.53,34.68,33.77,33.82,34.58,-0.76,-2.1978,13830.0,47107.999
300891.SZ,20230907,9.66,9.68,9.52,9.52,9.67,-0.15,-1.5512,15920.0,15259.619
300892.SZ,20230907,25.25,25.57,24.82,24.92,25.36,-0.44,-1.735,27563.64,69461.891
300893.SZ,20230907,22.32,22.34,21.66,21.77,22.38,-0.61,-2.7256,9678.34,21207.663
300894.SZ,20230907,21.09,21.19,20.65,20.67,21.17,-0.5,-2.3618,31759.17,66264.702
300895.SZ,20230907,36.42,37.62,35.66,35.67,36.92,-1.25,-3.3857,55972.71,205159.046
300896.SZ,20230907,449.0,449.84,436.45,437.5,449.0,-11.5,-2.5612,10473.28,462208.542
300897.SZ,20230907,33.91,34.08,33.26,33.44,33.95,-0.51,-1.5022,11064.0,37212.036
300898.SZ,20230907,24.41,24.65,24.07,24.07,24.53,-0.46,-1.8753,39145.43,95137.655
300899.SZ,20230907,27.42,27.42,26.78,26.79,27.35,-0.56,-2.0475,16735.07,45346.149
300900.SZ,20230907,26.59,26.98,26.35,26.49,26.81,-0.32,-1.1936,27714.21,73755.122
300901.SZ,20230907,10.5,10.54,10.25,10.26,10.5,-0.24,-2.2857,27872.0,28967.551
300902.SZ,20230907,33.44,33.7,32.52,32.98,33.27,-0.29,-0.8717,18552.0,61314.029
300903.SZ,20230907,10.08,10.11,9.9,9.92,10.16,-0.24,-2.3622,69126.47,69094.434
300904.SZ,20230907,86.5,87.9,82.51,83.04,87.76,-4.72,-5.3783,37183.29,314125.517
300905.SZ,20230907,22.05,22.47,20.94,21.2,23.53,-2.33,-9.9023,142440.78,305066.179
300906.SZ,20230907,26.2,26.2,25.66,25.77,26.2,-0.43,-1.6412,13383.0,34657.802
300907.SZ,20230907,22.41,22.5,22.1,22.18,22.35,-0.17,-0.7606,10994.0,24508.767
300908.SZ,20230907,41.44,41.75,40.38,40.62,41.59,-0.97,-2.3323,8691.07,35526.754
300909.SZ,20230907,27.38,27.38,25.69,25.8,28.16,-2.36,-8.3807,77726.43,206389.827
300910.SZ,20230907,54.22,54.88,52.52,52.62,54.2,-1.58,-2.9151,23300.9,124046.809
300911.SZ,20230907,41.22,41.6,40.17,40.36,41.42,-1.06,-2.5592,18648.98,75930.919
300912.SZ,20230907,19.42,19.5,18.8,18.83,19.53,-0.7,-3.5842,22429.28,42732.89
300913.SZ,20230907,34.0,34.0,32.44,32.44,34.02,-1.58,-4.6443,61293.98,201774.007
300915.SZ,20230907,40.07,40.23,39.41,39.5,40.04,-0.54,-1.3487,4022.0,15948.747
300916.SZ,20230907,28.06,28.08,26.89,27.74,28.14,-0.4,-1.4215,36113.78,99051.021
300917.SZ,20230907,32.0,34.49,31.97,32.65,33.07,-0.42,-1.27,198760.26,661010.077
300918.SZ,20230907,11.28,11.37,10.98,11.01,11.32,-0.31,-2.7385,45992.11,51315.13
300919.SZ,20230907,55.43,55.43,53.9,53.98,55.42,-1.44,-2.5983,24289.0,132070.341
300920.SZ,20230907,19.47,19.54,18.97,18.99,19.51,-0.52,-2.6653,13465.08,25741.038
300921.SZ,20230907,26.03,27.1,25.87,26.3,25.86,0.44,1.7015,87303.76,231742.786
300922.SZ,20230907,17.71,17.85,17.4,17.43,17.71,-0.28,-1.581,31497.27,55486.902
300923.SZ,20230907,25.28,25.5,24.8,24.88,25.5,-0.62,-2.4314,13102.96,32806.777
603717.SH,20230907,6.78,6.84,6.71,6.72,6.81,-0.09,-1.3216,59518.27,40283.096
603718.SH,20230907,10.94,11.01,10.75,10.76,10.94,-0.18,-1.6453,61422.0,66602.75
603719.SH,20230907,23.09,23.09,22.33,22.43,23.13,-0.7,-3.0264,39979.11,90669.151
603721.SH,20230907,17.3,17.49,16.85,16.88,17.37,-0.49,-2.821,27126.62,46338.338
603722.SH,20230907,46.53,47.46,46.28,46.34,46.86,-0.52,-1.1097,8361.0,39245.547
603725.SH,20230907,9.2,9.3,9.15,9.18,9.19,-0.01,-0.1088,35911.2,33144.961
603726.SH,20230907,13.72,13.72,13.32,13.32,13.59,-0.27,-1.9868,16986.76,22815.396
603727.SH,20230907,13.33,13.33,13.03,13.06,13.29,-0.23,-1.7306,25277.0,33193.396
603728.SH,20230907,67.7,67.97,65.9,66.19,67.65,-1.46,-2.1582,37958.9,253268.303
603729.SH,20230907,15.85,16.47,15.84,15.99,15.95,0.04,0.2508,26761.94,43021.48
603730.SH,20230907,17.8,17.92,17.66,17.68,17.91,-0.23,-1.2842,21446.33,38037.903
603733.SH,20230907,19.34,19.39,19.0,19.0,19.29,-0.29,-1.5034,15838.0,30258.614
603737.SH,20230907,77.72,77.72,76.34,76.45,77.78,-1.33,-1.71,15483.3,119126.865
603738.SH,20230907,16.0,16.07,15.54,15.57,16.23,-0.66,-4.0665,172474.87,271877.862
603739.SH,20230907,13.8,14.05,13.49,13.54,13.85,-0.31,-2.2383,18157.2,24808.36
603755.SH,20230907,31.51,31.51,30.78,30.88,31.15,-0.27,-0.8668,5618.0,17421.169
603757.SH,20230907,26.09,26.25,25.58,25.68,26.04,-0.36,-1.3825,14248.88,36871.4
603758.SH,20230907,10.05,10.13,9.85,9.87,10.1,-0.23,-2.2772,24102.57,24015.332
603759.SH,20230907,9.02,9.06,8.95,8.96,9.04,-0.08,-0.885,19570.72,17614.887
603766.SH,20230907,5.47,5.49,5.35,5.35,5.49,-0.14,-2.5501,109119.0,59202.448
603767.SH,20230907,21.88,21.89,20.27,20.27,22.52,-2.25,-9.9911,401818.0,827651.822
603768.SH,20230907,15.14,15.16,14.62,14.65,15.14,-0.49,-3.2365,30622.0,45425.679
603773.SH,20230907,31.01,31.79,30.8,30.9,31.14,-0.24,-0.7707,21270.43,66521.456
603776.SH,20230907,13.88,13.88,13.66,13.68,13.87,-0.19,-1.3699,14378.2,19774.022
603777.SH,20230907,14.17,14.23,13.94,14.01,14.21,-0.2,-1.4075,28169.0,39587.665
603778.SH,20230907,5.24,5.31,5.18,5.19,5.27,-0.08,-1.518,146267.0,76572.371
603779.SH,20230907,8.95,9.06,8.8,8.81,9.0,-0.19,-2.1111,70805.03,63141.722
603786.SH,20230907,77.07,77.95,75.83,76.8,77.8,-1.0,-1.2853,4496.0,34480.023
603787.SH,20230907,14.17,14.23,13.92,13.97,14.26,-0.29,-2.0337,12958.0,18215.296
603788.SH,20230907,12.79,12.81,12.54,12.55,12.81,-0.26,-2.0297,24076.4,30505.747
603789.SH,20230907,9.11,9.13,8.9,8.93,9.07,-0.14,-1.5436,19162.5,17248.303
603790.SH,20230907,13.9,13.95,13.65,13.68,13.92,-0.24,-1.7241,16533.0,22801.793
603797.SH,20230907,5.65,5.67,5.52,5.53,5.68,-0.15,-2.6408,44557.0,24905.564
603798.SH,20230907,9.82,10.3,9.74,9.99,9.85,0.14,1.4213,115479.4,115660.056
603799.SH,20230907,40.68,40.68,39.92,39.92,40.87,-0.95,-2.3244,171063.32,687101.211
603800.SH,20230907,33.3,33.5,32.4,32.55,33.67,-1.12,-3.3264,19678.0,64645.302
603801.SH,20230907,25.97,26.38,25.6,25.7,25.87,-0.17,-0.6571,36117.13,93189.494
603803.SH,20230907,7.93,8.05,7.87,7.93,7.94,-0.01,-0.1259,57145.0,45484.443
603806.SH,20230907,30.22,30.34,29.35,29.38,30.2,-0.82,-2.7152,56044.63,165810.296
603808.SH,20230907,12.37,12.44,12.14,12.18,12.35,-0.17,-1.3765,14421.06,17707.699
603809.SH,20230907,10.21,10.24,10.02,10.02,10.25,-0.23,-2.2439,33170.6,33428.284
688382.SH,20230907,13.08,13.08,12.55,12.59,13.06,-0.47,-3.5988,26543.66,33788.956
688383.SH,20230907,93.93,94.99,88.56,91.57,91.04,0.53,0.5822,24856.17,229728.025
688385.SH,20230907,52.94,53.2,50.71,50.72,52.87,-2.15,-4.0666,32851.25,170171.235
688386.SH,20230907,40.01,41.02,39.55,39.61,40.79,-1.18,-2.8929,5666.35,22603.495
688387.SH,20230907,7.42,7.85,7.34,7.38,7.4,-0.02,-0.2703,304098.47,230805.636
688388.SH,20230907,21.64,21.7,21.15,21.17,21.76,-0.59,-2.7114,36641.3,78070.479
688389.SH,20230907,18.82,18.86,18.38,18.47,18.81,-0.34,-1.8075,20957.1,38874.025
688390.SH,20230907,133.2,133.51,127.75,127.96,133.2,-5.24,-3.9339,27283.18,353904.461
688391.SH,20230907,59.9,59.98,57.96,58.0,60.1,-2.1,-3.4942,4584.23,26912.333
688392.SH,20230907,82.19,83.01,80.62,80.66,82.87,-2.21,-2.6668,7424.22,60472.039
688393.SH,20230907,23.59,23.75,23.28,23.4,23.6,-0.2,-0.8475,12443.11,29141.554
688395.SH,20230907,23.9,23.98,23.29,23.35,23.96,-0.61,-2.5459,12553.56,29544.512
688396.SH,20230907,56.85,57.15,55.63,55.76,56.85,-1.09,-1.9173,40202.63,226923.868
688398.SH,20230907,35.85,36.13,34.81,34.9,35.77,-0.87,-2.4322,19782.7,69668.09
688399.SH,20230907,49.02,49.04,47.89,47.94,49.12,-1.18,-2.4023,4666.81,22580.03
688400.SH,20230907,25.92,26.35,25.3,25.31,25.98,-0.67,-2.5789,39474.98,101528.732
688401.SH,20230907,34.0,35.97,32.99,34.0,34.05,-0.05,-0.1468,96073.06,327255.23
688403.SH,20230907,10.74,10.8,10.48,10.5,10.83,-0.33,-3.0471,80765.57,85754.413
688408.SH,20230907,67.84,67.84,65.8,66.55,67.69,-1.14,-1.6841,19910.81,132637.364
688409.SH,20230907,96.16,96.26,91.8,91.8,97.2,-5.4,-5.5556,15536.63,145106.709
688410.SH,20230907,42.96,42.96,41.35,41.35,42.86,-1.51,-3.5231,11011.67,46160.042
688416.SH,20230907,64.47,67.0,63.38,64.4,65.46,-1.06,-1.6193,28112.6,182426.335
688418.SH,20230907,20.99,21.5,18.98,19.48,19.66,-0.18,-0.9156,414690.95,842975.059
688419.SH,20230907,41.01,41.01,39.1,39.12,41.2,-2.08,-5.0485,19167.61,76092.074
688420.SH,20230907,32.25,32.72,31.55,31.6,32.28,-0.68,-2.1066,5799.8,18612.633
688425.SH,20230907,4.4,4.43,4.29,4.3,4.42,-0.12,-2.7149,269506.15,117459.272
688426.SH,20230907,34.98,35.65,34.12,35.09,34.86,0.23,0.6598,8132.36,28360.568
688428.SH,20230907,10.03,10.03,9.68,9.78,10.0,-0.22,-2.2,40921.49,40104.823
688429.SH,20230907,27.46,27.58,26.39,26.39,27.59,-1.2,-4.3494,37080.48,99690.584
688432.SH,20230907,14.91,14.91,14.5,14.65,15.01,-0.36,-2.3984,56056.41,82199.895
688433.SH,20230907,33.7,33.87,32.43,32.58,33.98,-1.4,-4.1201,13427.24,44292.112
688435.SH,20230907,71.59,72.5,69.31,70.51,71.93,-1.42,-1.9741,10575.36,74784.107
688439.SH,20230907,96.49,96.77,92.8,93.5,95.95,-2.45,-2.5534,11405.94,107136.695
688443.SH,20230907,28.1,28.1,27.6,27.6,28.1,-0.5,-1.7794,9088.75,25212.755
688448.SH,20230907,34.06,37.87,33.5,34.66,34.45,0.21,0.6096,49644.13,176576.213
688450.SH,20230907,47.52,47.77,45.97,46.05,47.94,-1.89,-3.9424,10552.8,49221.287
688455.SH,20230907,13.73,13.77,13.57,13.57,13.76,-0.19,-1.3808,5744.65,7847.355
688456.SH,20230907,31.5,31.5,30.29,30.34,31.2,-0.86,-2.7564,7511.25,23030.238
688458.SH,20230907,92.54,94.5,90.12,91.6,95.0,-3.4,-3.5789,21745.37,200264.865
688459.SH,20230907,10.29,10.35,9.93,9.94,10.22,-0.28,-2.7397,55562.48,56046.577
688466.SH,20230907,18.95,18.95,18.28,18.29,18.81,-0.52,-2.7645,10556.59,19643.395
000993.SZ,20230907,10.2,10.25,10.1,10.11,10.27,-0.16,-1.5579,51815.81,52625.357
000995.SZ,20230907,18.33,18.55,17.82,17.86,18.44,-0.58,-3.1453,77974.19,140838.694
000996.SZ,20230907,4.1,4.12,4.0,4.02,4.1,-0.08,-1.9512,39501.01,15988.047
000997.SZ,20230907,19.7,19.87,19.4,19.4,19.7,-0.3,-1.5228,76576.71,150015.546
000998.SZ,20230907,14.87,14.9,14.68,14.7,14.87,-0.17,-1.1432,88047.05,130053.293
000999.SZ,20230907,46.1,46.6,45.73,45.74,46.12,-0.38,-0.8239,40286.51,185684.35
001201.SZ,20230907,23.46,23.92,22.98,23.03,23.46,-0.43,-1.8329,9595.28,22443.449
001202.SZ,20230907,16.6,16.6,16.28,16.48,16.35,0.13,0.7951,25777.0,42304.052
001203.SZ,20230907,11.15,11.17,10.96,10.97,11.15,-0.18,-1.6143,51105.0,56392.437
001205.SZ,20230907,19.49,19.75,19.16,19.18,19.52,-0.34,-1.7418,14247.0,27693.584
001206.SZ,20230907,15.59,15.59,15.3,15.35,15.5,-0.15,-0.9677,9235.44,14254.402
001207.SZ,20230907,16.45,16.54,16.21,16.28,16.44,-0.16,-0.9732,11933.0,19528.068
001208.SZ,20230907,9.12,9.16,9.04,9.04,9.17,-0.13,-1.4177,19419.78,17650.077
001209.SZ,20230907,17.59,17.81,17.33,17.39,17.58,-0.19,-1.0808,14850.4,25993.754
001210.SZ,20230907,21.27,21.45,20.94,20.95,21.27,-0.32,-1.5045,7376.0,15570.771
001211.SZ,20230907,23.41,23.45,22.75,22.87,23.18,-0.31,-1.3374,10584.0,24433.39
001212.SZ,20230907,26.06,26.18,25.65,25.75,26.12,-0.37,-1.4165,9506.0,24607.92
001213.SZ,20230907,4.38,4.38,4.33,4.33,4.39,-0.06,-1.3667,171590.85,74685.444
001215.SZ,20230907,64.52,64.53,63.45,63.8,64.71,-0.91,-1.4063,3585.88,22895.882
001216.SZ,20230907,13.23,13.34,13.13,13.2,13.26,-0.06,-0.4525,14181.93,18785.38
001217.SZ,20230907,11.97,11.97,11.79,11.81,11.95,-0.14,-1.1715,10590.0,12556.055
001218.SZ,20230907,22.42,22.55,22.12,22.16,22.37,-0.21,-0.9388,8341.6,18644.954
001219.SZ,20230907,18.0,18.39,18.0,18.08,18.07,0.01,0.0553,41913.64,76255.117
001222.SZ,20230907,15.03,15.2,15.0,15.04,15.03,0.01,0.0665,15547.81,23461.783
001223.SZ,20230907,91.46,91.46,86.8,87.07,90.5,-3.43,-3.7901,7818.0,68856.547
001225.SZ,20230907,42.72,42.9,41.42,41.75,42.67,-0.92,-2.1561,5408.03,22824.862
001226.SZ,20230907,34.35,35.0,32.72,33.36,33.58,-0.22,-0.6552,24266.0,80909.192
001227.SZ,20230907,3.03,3.04,2.99,3.0,3.03,-0.03,-0.9901,406833.32,122438.388
001228.SZ,20230907,38.15,38.29,37.4,37.4,38.14,-0.74,-1.9402,5496.0,20751.54
001229.SZ,20230907,31.62,31.69,30.9,30.93,31.65,-0.72,-2.2749,8550.76,26722.306
001230.SZ,20230907,24.75,24.75,24.01,24.07,24.75,-0.68,-2.7475,13938.79,33935.617
001231.SZ,20230907,22.7,22.99,22.0,22.04,22.79,-0.75,-3.2909,27552.55,61962.861
001234.SZ,20230907,25.49,25.67,25.1,25.29,25.47,-0.18,-0.7067,20091.96,50999.547
001236.SZ,20230907,13.25,13.27,13.0,13.01,13.23,-0.22,-1.6629,56469.76,73934.666
001238.SZ,20230907,22.63,23.11,22.28,22.28,22.63,-0.35,-1.5466,9174.0,20732.014
001255.SZ,20230907,35.5,35.8,34.14,34.22,36.42,-2.2,-6.0406,22211.0,77375.977
001256.SZ,20230907,18.66,18.7,18.37,18.37,18.67,-0.3,-1.6069,9220.0,17074.907
001258.SZ,20230907,8.47,8.48,8.31,8.33,8.47,-0.14,-1.6529,37637.03,31474.487
001259.SZ,20230907,30.19,30.34,29.28,29.46,30.4,-0.94,-3.0921,11537.0,34295.921
001260.SZ,20230907,21.45,21.64,20.9,20.97,21.45,-0.48,-2.2378,9761.76,20669.436
001266.SZ,20230907,27.16,27.32,26.52,26.58,27.2,-0.62,-2.2794,12773.0,34346.54
002584.SZ,20230907,6.37,6.96,6.25,6.63,6.5,0.13,2.0,695720.63,455997.554
002585.SZ,20230907,9.99,10.0,9.7,9.71,9.96,-0.25,-2.51,125593.09,123158.378
002586.SZ,20230907,2.83,2.83,2.76,2.77,2.82,-0.05,-1.773,19020.0,5301.113
002587.SZ,20230907,7.03,7.06,6.89,6.91,7.02,-0.11,-1.567,191260.78,133037.913
002588.SZ,20230907,5.85,5.85,5.74,5.75,5.84,-0.09,-1.5411,74666.0,43158.241
002589.SZ,20230907,3.45,3.46,3.38,3.38,3.45,-0.07,-2.029,101961.0,34713.427
002590.SZ,20230907,11.07,11.1,10.72,10.74,11.18,-0.44,-3.9356,188567.04,204528.058
002591.SZ,20230907,6.65,6.7,6.56,6.57,6.66,-0.09,-1.3514,57849.79,38244.33
002592.SZ,20230907,4.9,4.9,4.82,4.86,4.91,-0.05,-1.0183,20286.0,9850.501
002593.SZ,20230907,3.91,3.93,3.84,3.85,3.9,-0.05,-1.2821,76166.0,29544.448
002594.SZ,20230907,250.42,250.42,248.11,248.4,250.45,-2.05,-0.8185,60913.02,1517662.852
002595.SZ,20230907,34.38,34.51,34.06,34.28,34.38,-0.1,-0.2909,14269.76,48970.292
002596.SZ,20230907,2.86,2.87,2.8,2.81,2.86,-0.05,-1.7483,151843.0,42909.47
002597.SZ,20230907,23.03,23.35,22.65,23.11,22.91,0.2,0.873,79202.02,182848.28
002598.SZ,20230907,10.65,10.68,10.47,10.48,10.68,-0.2,-1.8727,29735.74,31420.16
002599.SZ,20230907,6.73,6.92,6.55,6.55,6.71,-0.16,-2.3845,233976.72,157991.313
002600.SZ,20230907,6.07,6.09,5.95,5.96,6.07,-0.11,-1.8122,456720.14,273691.147
002601.SZ,20230907,18.88,18.9,18.52,18.55,18.88,-0.33,-1.7479,81961.13,152941.223
002602.SZ,20230907,5.31,5.35,5.13,5.15,5.27,-0.12,-2.277,1181201.28,616509.231
002603.SZ,20230907,22.6,22.61,22.22,22.22,22.66,-0.44,-1.9417,131245.41,293503.302
002605.SZ,20230907,29.07,29.42,28.3,28.39,28.69,-0.3,-1.0457,103341.36,297632.149
002606.SZ,20230907,8.19,8.21,7.97,7.99,8.21,-0.22,-2.6797,39107.0,31478.593
002607.SZ,20230907,4.49,4.56,4.39,4.4,4.38,0.02,0.4566,1582825.74,710583.117
002608.SZ,20230907,7.02,7.18,6.96,6.98,7.02,-0.04,-0.5698,103257.0,73014.175
002609.SZ,20230907,11.01,11.2,10.87,10.92,11.07,-0.15,-1.355,39329.02,43282.704
002610.SZ,20230907,2.47,2.48,2.43,2.43,2.47,-0.04,-1.6194,447450.16,109620.219
002611.SZ,20230907,5.29,5.31,5.15,5.16,5.3,-0.14,-2.6415,151431.0,78979.811
002612.SZ,20230907,24.25,24.5,23.68,23.9,24.3,-0.4,-1.6461,95526.18,228899.961
002613.SZ,20230907,4.75,4.78,4.67,4.67,4.77,-0.1,-2.0964,136561.0,64380.099
002614.SZ,20230907,7.91,7.93,7.75,7.75,7.94,-0.19,-2.3929,41555.0,32514.55
002615.SZ,20230907,6.76,6.76,6.58,6.6,6.69,-0.09,-1.3453,36814.5,24499.986
002616.SZ,20230907,5.54,5.58,5.42,5.43,5.55,-0.12,-2.1622,100459.0,54928.455
002617.SZ,20230907,6.93,6.97,6.78,6.78,7.0,-0.22,-3.1429,248845.88,170710.162
002620.SZ,20230907,5.42,5.5,5.32,5.33,5.42,-0.09,-1.6605,36440.0,19693.786
002621.SZ,20230907,3.58,3.66,3.56,3.56,3.59,-0.03,-0.8357,124477.94,44962.014
002622.SZ,20230907,3.26,3.26,3.13,3.13,3.23,-0.1,-3.096,107818.0,34250.279
002623.SZ,20230907,25.97,26.09,25.43,25.43,26.06,-0.63,-2.4175,10742.0,27596.465
002624.SZ,20230907,14.01,14.2,13.5,13.52,13.81,-0.29,-2.0999,629507.79,871831.054
002625.SZ,20230907,14.86,15.0,14.58,14.6,14.93,-0.33,-2.2103,109292.98,161151.459
002626.SZ,20230907,17.92,17.95,17.58,17.6,17.93,-0.33,-1.8405,19389.0,34432.558
002627.SZ,20230907,5.46,5.5,5.43,5.43,5.46,-0.03,-0.5495,40863.0,22329.156
300242.SZ,20230907,3.41,3.49,3.39,3.4,3.41,-0.01,-0.2933,186484.0,64070.744
300243.SZ,20230907,9.51,9.53,9.32,9.33,9.51,-0.18,-1.8927,20118.3,18937.356
300244.SZ,20230907,22.61,22.88,22.4,22.4,22.7,-0.3,-1.3216,22144.95,50046.863
300245.SZ,20230907,9.68,10.13,9.61,9.96,9.72,0.24,2.4691,235627.57,233646.702
300246.SZ,20230907,11.33,11.42,11.14,11.14,11.37,-0.23,-2.0229,42100.0,47252.875
300247.SZ,20230907,3.47,3.48,3.43,3.44,3.46,-0.02,-0.578,90140.02,31099.586
300248.SZ,20230907,9.51,9.62,9.36,9.4,9.52,-0.12,-1.2605,78068.0,73993.221
300249.SZ,20230907,9.2,9.35,9.15,9.28,9.22,0.06,0.6508,127531.97,118185.097
300250.SZ,20230907,16.36,18.5,16.12,17.42,16.28,1.14,7.0025,423886.17,739122.487
300251.SZ,20230907,9.48,9.53,9.18,9.2,9.46,-0.26,-2.7484,298317.17,277908.553
300252.SZ,20230907,9.45,9.49,9.09,9.12,9.68,-0.56,-5.7851,546331.54,505745.916
300253.SZ,20230907,7.34,7.42,7.16,7.16,7.33,-0.17,-2.3192,255964.2,186263.725
300254.SZ,20230907,7.96,8.19,7.77,7.77,7.93,-0.16,-2.0177,95032.0,75100.661
300255.SZ,20230907,4.55,4.56,4.43,4.44,4.57,-0.13,-2.8446,53083.8,23742.005
300256.SZ,20230907,3.07,3.71,3.06,3.71,3.09,0.62,20.0647,2100176.14,740841.964
300257.SZ,20230907,14.25,14.29,13.87,13.96,14.19,-0.23,-1.6209,39181.0,54717.219
300258.SZ,20230907,13.58,14.07,13.39,13.49,13.87,-0.38,-2.7397,103004.16,139668.17
300259.SZ,20230907,3.74,3.77,3.68,3.69,3.76,-0.07,-1.8617,70648.0,26290.487
300260.SZ,20230907,35.04,35.55,33.96,34.69,35.72,-1.03,-2.8835,149558.59,518003.424
300261.SZ,20230907,8.15,8.15,7.92,7.93,8.16,-0.23,-2.8186,95778.0,76735.024
300262.SZ,20230907,2.82,2.84,2.78,2.78,2.84,-0.06,-2.1127,178991.85,50182.906
300263.SZ,20230907,7.81,7.82,7.6,7.6,7.88,-0.28,-3.5533,136086.0,104772.089
300264.SZ,20230907,6.27,6.4,6.15,6.16,6.28,-0.12,-1.9108,138988.39,87075.731
300265.SZ,20230907,9.16,9.22,9.08,9.09,9.21,-0.12,-1.3029,28724.0,26275.984
300266.SZ,20230907,3.31,3.35,3.28,3.29,3.3,-0.01,-0.303,200789.89,66339.246
300267.SZ,20230907,3.22,3.22,3.16,3.16,3.22,-0.06,-1.8634,99286.0,31622.956
300268.SZ,20230907,14.85,14.97,14.77,14.9,15.05,-0.15,-0.9967,4475.0,6636.695
300269.SZ,20230907,3.81,3.85,3.76,3.77,3.85,-0.08,-2.0779,266574.0,101016.828
300270.SZ,20230907,7.32,8.05,7.32,7.95,7.46,0.49,6.5684,405585.5,313332.526
300271.SZ,20230907,9.15,9.22,9.04,9.05,9.19,-0.14,-1.5234,84057.13,76685.713
300272.SZ,20230907,5.61,5.63,5.5,5.5,5.59,-0.09,-1.61,54018.82,29964.391
300274.SZ,20230907,97.78,98.25,95.77,95.95,97.52,-1.57,-1.6099,126754.09,1225344.478
300275.SZ,20230907,13.35,13.46,12.68,12.72,13.1,-0.38,-2.9008,83318.4,107569.53
300276.SZ,20230907,3.79,3.79,3.7,3.71,3.81,-0.1,-2.6247,176302.25,65832.882
300277.SZ,20230907,8.36,8.56,8.32,8.42,8.36,0.06,0.7177,83981.08,70799.514
300278.SZ,20230907,3.92,3.93,3.82,3.84,3.94,-0.1,-2.5381,153599.29,59242.324
300279.SZ,20230907,5.76,5.82,5.69,5.71,5.78,-0.07,-1.2111,68729.0,39537.086
300280.SZ,20230907,37.02,38.66,33.3,33.4,36.87,-3.47,-9.4114,129517.1,457560.687
300281.SZ,20230907,5.69,5.69,5.56,5.58,5.68,-0.1,-1.7606,39545.98,22167.46
300282.SZ,20230907,2.93,3.06,2.92,2.95,2.95,0.0,0.0,66779.0,20065.768
300283.SZ,20230907,6.6,6.6,6.37,6.39,6.63,-0.24,-3.6199,196365.17,126556.221
300925.SZ,20230907,13.91,14.74,13.85,14.35,14.04,0.31,2.208,169988.54,244976.272
300926.SZ,20230907,25.26,25.4,24.49,24.55,25.2,-0.65,-2.5794,85834.92,213189.813
300927.SZ,20230907,17.23,17.33,16.91,16.94,17.22,-0.28,-1.626,12385.89,21168.128
300928.SZ,20230907,44.38,44.65,42.7,42.87,44.51,-1.64,-3.6846,13402.0,58025.779
300929.SZ,20230907,12.01,12.14,11.85,11.85,12.06,-0.21,-1.7413,31613.8,37846.842
300930.SZ,20230907,25.98,25.98,25.25,25.34,25.8,-0.46,-1.7829,4999.0,12742.247
300931.SZ,20230907,8.18,8.24,8.0,8.04,8.16,-0.12,-1.4706,28676.0,23187.368
300932.SZ,20230907,15.59,15.68,15.39,15.41,15.59,-0.18,-1.1546,13404.4,20784.612
300933.SZ,20230907,8.34,8.39,8.25,8.26,8.36,-0.1,-1.1962,31835.0,26458.117
300935.SZ,20230907,30.99,31.49,30.65,30.84,31.09,-0.25,-0.8041,17008.4,52748.761
300936.SZ,20230907,40.99,43.5,39.0,39.23,41.45,-2.22,-5.3559,97146.13,399390.581
300937.SZ,20230907,34.73,34.94,34.03,34.04,34.79,-0.75,-2.1558,22220.0,76248.124
300938.SZ,20230907,39.89,40.35,39.61,39.72,40.07,-0.35,-0.8735,4639.1,18516.869
300939.SZ,20230907,35.5,35.7,34.55,34.63,35.74,-1.11,-3.1058,37735.85,131814.476
300940.SZ,20230907,17.46,17.52,17.14,17.15,17.44,-0.29,-1.6628,20940.19,36243.61
300941.SZ,20230907,24.21,24.95,24.12,24.25,24.46,-0.21,-0.8585,121842.94,299220.277
300942.SZ,20230907,14.08,14.56,13.89,14.18,14.14,0.04,0.2829,80216.99,114382.172
300943.SZ,20230907,15.23,15.23,14.8,14.8,15.13,-0.33,-2.1811,22014.5,32860.052
300945.SZ,20230907,16.1,16.46,15.94,16.05,16.15,-0.1,-0.6192,48666.98,78800.087
300946.SZ,20230907,35.11,35.27,34.33,34.38,35.15,-0.77,-2.1906,6343.6,21972.312
300947.SZ,20230907,16.31,16.84,16.06,16.3,16.2,0.1,0.6173,35745.15,58887.827
300948.SZ,20230907,16.91,16.97,16.36,16.4,16.78,-0.38,-2.2646,81864.33,136121.487
300949.SZ,20230907,39.48,40.06,39.22,39.57,39.48,0.09,0.228,7087.95,28094.23
300950.SZ,20230907,18.58,18.59,17.96,18.0,18.58,-0.58,-3.1216,18985.79,34417.186
300951.SZ,20230907,46.49,46.76,45.84,45.84,46.76,-0.92,-1.9675,9226.26,42621.486
300952.SZ,20230907,20.01,20.21,19.68,19.78,20.09,-0.31,-1.5431,7715.0,15349.695
300953.SZ,20230907,65.3,65.3,62.33,62.41,63.91,-1.5,-2.3471,6772.28,42936.307
300955.SZ,20230907,22.66,22.98,22.0,22.05,22.81,-0.76,-3.3319,17437.55,38924.39
300956.SZ,20230907,16.96,17.1,16.84,16.88,17.05,-0.17,-0.9971,22387.5,37948.024
300957.SZ,20230907,102.53,104.5,102.14,103.05,103.15,-0.1,-0.0969,18709.24,193798.821
300958.SZ,20230907,20.8,20.97,20.0,20.05,20.82,-0.77,-3.6984,108666.83,221861.012
300959.SZ,20230907,38.6,39.55,38.5,39.0,38.94,0.06,0.1541,21089.43,82401.218
300960.SZ,20230907,24.0,24.86,22.76,22.85,23.4,-0.55,-2.3504,27183.36,63620.707
300961.SZ,20230907,11.01,11.09,10.83,10.85,11.03,-0.18,-1.6319,30727.26,33750.269
300962.SZ,20230907,18.0,18.25,17.73,17.86,17.99,-0.13,-0.7226,31060.0,55890.228
300963.SZ,20230907,13.31,13.44,13.14,13.19,13.37,-0.18,-1.3463,19730.11,26231.51
300964.SZ,20230907,46.1,46.32,44.0,44.03,46.81,-2.78,-5.9389,48954.3,220622.573
300965.SZ,20230907,53.08,53.67,51.7,51.83,54.26,-2.43,-4.4784,19490.0,102670.247
300966.SZ,20230907,22.03,22.12,21.6,21.61,22.02,-0.41,-1.8619,9113.61,19879.684
300967.SZ,20230907,15.18,15.22,14.82,14.86,15.1,-0.24,-1.5894,16236.06,24339.676
300968.SZ,20230907,9.42,9.61,9.18,9.24,9.52,-0.28,-2.9412,158027.13,147372.568
603810.SH,20230907,13.43,13.49,13.29,13.29,13.47,-0.18,-1.3363,11134.6,14892.095
603811.SH,20230907,11.22,11.29,11.12,11.14,11.27,-0.13,-1.1535,21192.4,23690.068
603813.SH,20230907,15.74,15.9,15.58,15.68,15.74,-0.06,-0.3812,6361.0,10002.012
603816.SH,20230907,42.82,43.47,42.2,42.32,43.05,-0.73,-1.6957,28526.22,121555.387
603817.SH,20230907,6.26,6.3,6.2,6.2,6.3,-0.1,-1.5873,57447.0,35836.657
603818.SH,20230907,5.95,6.13,5.82,5.86,6.07,-0.21,-3.4596,198257.23,117944.019
603819.SH,20230907,14.27,14.49,14.04,14.19,14.25,-0.06,-0.4211,8149.62,11643.077
603822.SH,20230907,32.6,32.86,32.19,32.42,32.6,-0.18,-0.5521,5698.84,18565.941
603823.SH,20230907,10.66,10.72,10.51,10.52,10.71,-0.19,-1.774,15398.03,16301.55
603825.SH,20230907,12.58,12.7,12.42,12.44,12.61,-0.17,-1.3481,34947.0,43873.288
603826.SH,20230907,50.82,51.2,50.52,51.05,51.2,-0.15,-0.293,5739.5,29215.293
603828.SH,20230907,3.64,3.71,3.61,3.63,3.67,-0.04,-1.0899,145328.0,53084.848
603829.SH,20230907,15.11,15.11,14.79,14.85,15.08,-0.23,-1.5252,11936.0,17758.298
603833.SH,20230907,104.92,105.93,102.68,102.97,104.89,-1.92,-1.8305,15552.2,161977.572
603836.SH,20230907,14.54,14.64,14.38,14.39,14.54,-0.15,-1.0316,8367.0,12102.193
603838.SH,20230907,6.55,6.9,6.53,6.61,6.59,0.02,0.3035,48932.0,32896.879
603839.SH,20230907,7.4,7.44,7.32,7.34,7.4,-0.06,-0.8108,13147.2,9699.824
603843.SH,20230907,3.81,3.81,3.71,3.72,3.81,-0.09,-2.3622,79018.4,29620.523
603848.SH,20230907,16.26,16.64,16.02,16.06,16.27,-0.21,-1.2907,27575.0,44806.466
603855.SH,20230907,22.49,22.49,21.62,21.81,22.35,-0.54,-2.4161,20485.65,44947.891
603856.SH,20230907,12.81,12.89,12.63,12.66,12.78,-0.12,-0.939,16906.0,21514.148
603858.SH,20230907,17.58,17.65,17.27,17.28,17.65,-0.37,-2.0963,54377.53,94704.611
603859.SH,20230907,41.57,41.57,39.62,39.97,41.32,-1.35,-3.2672,20096.94,80629.14
603860.SH,20230907,27.66,27.87,27.36,27.44,27.8,-0.36,-1.295,10859.0,29928.619
603861.SH,20230907,8.96,8.97,8.78,8.78,8.93,-0.15,-1.6797,27324.0,24194.013
603863.SH,20230907,20.12,20.45,19.64,19.72,20.12,-0.4,-1.9881,25139.0,50213.758
603866.SH,20230907,8.96,9.03,8.83,8.87,8.98,-0.11,-1.2249,57013.32,50758.575
603867.SH,20230907,33.45,33.75,32.88,33.0,33.65,-0.65,-1.9316,9969.54,33085.187
603868.SH,20230907,68.54,69.16,67.85,67.86,68.57,-0.71,-1.0354,4429.53,30306.53
603869.SH,20230907,10.1,10.3,10.06,10.14,10.17,-0.03,-0.295,68617.0,70001.205
603871.SH,20230907,18.08,18.18,17.8,17.84,17.99,-0.15,-0.8338,21818.27,39244.189
603876.SH,20230907,15.72,15.72,15.0,15.06,15.68,-0.62,-3.9541,65665.11,99967.428
603877.SH,20230907,18.62,18.75,18.37,18.37,18.62,-0.25,-1.3426,11741.0,21746.736
603878.SH,20230907,8.23,8.34,8.15,8.17,8.26,-0.09,-1.0896,57549.48,47330.665
603879.SH,20230907,7.97,8.05,7.8,7.85,7.99,-0.14,-1.7522,74463.4,58748.978
603880.SH,20230907,4.43,4.51,4.43,4.5,4.45,0.05,1.1236,23709.34,10593.366
603881.SH,20230907,22.58,22.66,22.02,22.06,22.5,-0.44,-1.9556,64937.78,144909.731
603882.SH,20230907,58.14,58.65,57.64,58.24,58.07,0.17,0.2928,19256.33,111800.836
603883.SH,20230907,24.8,24.8,24.2,24.37,24.83,-0.46,-1.8526,58559.08,143028.091
603885.SH,20230907,15.48,15.71,15.31,15.42,15.49,-0.07,-0.4519,78422.66,121369.001
688468.SH,20230907,9.79,9.91,9.72,9.82,9.79,0.03,0.3064,34824.98,34128.421
688469.SH,20230907,5.63,5.64,5.45,5.46,5.67,-0.21,-3.7037,380457.56,210425.747
688472.SH,20230907,14.74,14.74,14.08,14.08,14.73,-0.65,-4.4128,228994.43,327697.189
688475.SH,20230907,49.75,49.75,48.43,48.5,49.88,-1.38,-2.7666,13259.79,64906.078
688478.SH,20230907,50.16,50.3,47.87,47.9,50.82,-2.92,-5.7458,29965.68,146335.7
688479.SH,20230907,29.1,29.22,28.63,28.7,29.2,-0.5,-1.7123,14751.67,42569.011
688480.SH,20230907,28.91,29.0,28.6,28.78,29.17,-0.39,-1.337,4087.84,11776.973
688484.SH,20230907,45.1,45.1,43.44,44.11,45.28,-1.17,-2.5839,46720.28,205895.82
688485.SH,20230907,15.86,15.86,15.19,15.22,15.65,-0.43,-2.7476,20429.29,31466.072
688486.SH,20230907,103.3,103.66,101.42,102.92,103.39,-0.47,-0.4546,2970.41,30459.904
688488.SH,20230907,10.45,10.5,10.12,10.15,10.5,-0.35,-3.3333,25125.8,25793.279
688489.SH,20230907,53.05,53.7,51.78,51.79,53.4,-1.61,-3.015,11046.52,58146.554
688496.SH,20230907,16.11,16.2,15.52,15.58,16.41,-0.83,-5.0579,59154.68,93383.607
688498.SH,20230907,168.4,170.0,152.6,152.6,171.0,-18.4,-10.7602,30180.68,476053.777
688499.SH,20230907,47.81,48.0,46.25,46.4,47.81,-1.41,-2.9492,12489.59,58662.043
688500.SH,20230907,18.31,18.35,17.95,17.99,18.37,-0.38,-2.0686,2411.17,4374.679
688501.SH,20230907,20.27,21.18,19.83,20.55,20.3,0.25,1.2315,44163.73,91310.307
688502.SH,20230907,255.18,262.89,244.03,250.58,265.08,-14.5,-5.47,19433.42,490971.879
688503.SH,20230907,73.24,73.25,69.4,70.9,73.29,-2.39,-3.261,21514.89,152488.282
688505.SH,20230907,9.66,9.68,9.5,9.51,9.64,-0.13,-1.3485,22736.49,21793.905
688506.SH,20230907,83.8,85.55,83.0,84.86,84.48,0.38,0.4498,6367.31,53835.537
688507.SH,20230907,125.81,127.8,122.79,122.8,126.21,-3.41,-2.7018,4389.34,54782.499
688508.SH,20230907,61.74,61.9,59.95,59.95,61.74,-1.79,-2.8993,8069.37,48893.593
688509.SH,20230907,4.97,5.02,4.87,4.88,5.0,-0.12,-2.4,133304.46,65562.894
688510.SH,20230907,18.29,18.31,17.61,17.66,18.25,-0.59,-3.2329,18193.45,32459.983
688511.SH,20230907,31.9,32.27,31.5,31.58,31.9,-0.32,-1.0031,6057.74,19339.938
688512.SH,20230907,23.44,24.04,23.06,23.26,23.89,-0.63,-2.6371,37491.3,88070.231
688513.SH,20230907,49.27,49.53,48.9,49.14,49.27,-0.13,-0.2639,997.98,4910.595
688515.SH,20230907,135.8,135.8,128.97,129.88,136.65,-6.77,-4.9543,13294.98,174409.13
688516.SH,20230907,162.0,162.0,158.38,159.12,161.5,-2.38,-1.4737,8616.34,137710.379
688517.SH,20230907,17.28,17.28,16.85,16.86,17.29,-0.43,-2.487,18280.48,31016.37
688518.SH,20230907,24.89,24.89,23.88,23.88,25.0,-1.12,-4.48,75344.91,182626.309
688519.SH,20230907,25.4,25.44,24.34,24.5,25.48,-0.98,-3.8462,14548.35,36047.12
688520.SH,20230907,51.6,51.96,51.1,51.46,51.44,0.02,0.0389,7212.21,37137.558
688521.SH,20230907,68.2,68.2,64.52,64.55,69.18,-4.63,-6.6927,43650.44,287535.202
688522.SH,20230907,56.8,57.07,55.18,55.24,57.1,-1.86,-3.2574,10471.8,58584.229
688523.SH,20230907,27.84,29.59,27.42,28.51,27.89,0.62,2.223,55196.92,159418.036
688525.SH,20230907,72.8,74.93,69.0,70.1,72.49,-2.39,-3.297,80105.86,573889.95
688526.SH,20230907,19.91,20.03,19.6,19.63,19.91,-0.28,-1.4063,18006.1,35599.819
688528.SH,20230907,10.8,10.82,10.64,10.67,10.77,-0.1,-0.9285,6911.5,7413.612
688529.SH,20230907,27.51,27.62,26.3,26.54,27.54,-1.0,-3.6311,13399.11,36020.168
001267.SZ,20230907,5.85,5.87,5.65,5.67,5.86,-0.19,-3.2423,53638.18,30718.966
001268.SZ,20230907,22.4,22.54,21.86,22.1,22.53,-0.43,-1.9086,17426.2,38642.989
001269.SZ,20230907,52.04,52.36,50.56,50.64,52.4,-1.76,-3.3588,30647.41,156942.496
001270.SZ,20230907,90.78,96.0,89.0,90.93,90.1,0.83,0.9212,60198.3,556744.324
001278.SZ,20230907,22.06,22.16,21.56,21.57,22.11,-0.54,-2.4423,8812.5,19193.997
001282.SZ,20230907,31.01,31.32,29.68,29.68,31.38,-1.7,-5.4175,27901.92,84242.79
001283.SZ,20230907,47.5,47.5,45.61,45.78,47.0,-1.22,-2.5957,4452.0,20602.855
001286.SZ,20230907,9.57,9.57,9.42,9.42,9.59,-0.17,-1.7727,135248.72,128282.792
001287.SZ,20230907,28.9,28.97,28.16,28.55,29.58,-1.03,-3.4821,293544.24,839103.82
001288.SZ,20230907,17.88,17.9,17.38,17.43,17.68,-0.25,-1.414,12303.23,21579.966
001289.SZ,20230907,19.54,19.69,19.34,19.44,19.46,-0.02,-0.1028,25556.54,49835.398
001296.SZ,20230907,22.61,24.9,22.32,24.9,22.64,2.26,9.9823,119964.89,295240.536
001298.SZ,20230907,23.9,24.58,23.66,23.98,23.95,0.03,0.1253,29477.65,70942.232
001299.SZ,20230907,21.12,21.98,20.1,20.48,21.83,-1.35,-6.1842,181517.55,377361.461
001300.SZ,20230907,12.42,12.42,12.18,12.22,12.37,-0.15,-1.2126,10340.63,12729.213
001301.SZ,20230907,52.31,53.66,51.28,53.05,52.3,0.75,1.434,13667.78,71407.277
001308.SZ,20230907,25.5,25.6,25.16,25.28,25.64,-0.36,-1.4041,13483.29,34156.297
001309.SZ,20230907,82.49,88.0,79.87,82.1,81.59,0.51,0.6251,50557.49,420030.809
001311.SZ,20230907,50.76,50.99,49.5,49.61,51.08,-1.47,-2.8778,19370.41,96793.39
001313.SZ,20230907,8.28,8.42,8.28,8.35,8.27,0.08,0.9674,49259.0,41150.679
001314.SZ,20230907,40.89,40.89,39.36,39.43,41.14,-1.71,-4.1565,33750.24,134488.245
001316.SZ,20230907,36.67,37.05,36.32,36.32,36.6,-0.28,-0.765,8442.0,30995.313
001317.SZ,20230907,36.8,36.96,35.88,36.03,36.17,-0.14,-0.3871,23282.0,84729.775
001318.SZ,20230907,14.11,14.11,13.81,13.81,14.11,-0.3,-2.1262,23287.74,32448.477
001319.SZ,20230907,20.81,20.89,20.31,20.33,20.81,-0.48,-2.3066,7163.0,14654.094
001322.SZ,20230907,16.8,17.5,16.35,16.46,17.06,-0.6,-3.517,66390.0,111088.517
001323.SZ,20230907,38.69,39.68,38.06,38.19,38.61,-0.42,-1.0878,13832.22,53573.206
001324.SZ,20230907,28.5,28.75,26.82,26.95,29.06,-2.11,-7.2608,124180.42,339667.6
001328.SZ,20230907,36.16,36.16,34.9,34.96,36.42,-1.46,-4.0088,44949.03,158625.388
001330.SZ,20230907,8.12,8.17,7.98,8.03,8.13,-0.1,-1.23,58754.21,47352.651
001331.SZ,20230907,17.39,17.49,16.78,16.82,17.39,-0.57,-3.2777,26021.6,44215.176
001332.SZ,20230907,37.15,37.16,36.14,36.15,37.15,-1.0,-2.6918,3933.05,14341.728
001333.SZ,20230907,23.85,24.04,23.41,23.41,23.98,-0.57,-2.377,10541.99,24929.826
001336.SZ,20230907,26.9,27.04,26.22,26.5,26.94,-0.44,-1.6333,10860.0,28820.38
001337.SZ,20230907,31.5,31.55,31.14,31.24,31.67,-0.43,-1.3578,41011.05,128340.898
001338.SZ,20230907,15.72,15.79,15.49,15.49,15.8,-0.31,-1.962,27975.61,43631.352
001339.SZ,20230907,25.93,26.04,25.31,25.35,26.05,-0.7,-2.6871,25350.0,64965.964
001360.SZ,20230907,20.1,20.11,19.44,19.46,20.08,-0.62,-3.0876,41100.8,80676.353
001366.SZ,20230907,15.7,15.7,15.35,15.39,15.7,-0.31,-1.9745,36375.0,56318.942
001367.SZ,20230907,44.9,45.11,44.24,44.24,45.12,-0.88,-1.9504,6204.13,27672.112
001368.SZ,20230907,26.32,27.53,25.48,25.48,26.65,-1.17,-4.3902,83610.49,220829.22
002628.SZ,20230907,3.36,3.39,3.32,3.32,3.36,-0.04,-1.1905,78796.01,26413.279
002629.SZ,20230907,4.14,4.2,4.11,4.11,4.19,-0.08,-1.9093,89313.5,37094.788
002630.SZ,20230907,2.56,2.57,2.51,2.51,2.58,-0.07,-2.7132,253713.88,64278.274
002631.SZ,20230907,5.96,6.06,5.81,5.86,5.96,-0.1,-1.6779,55904.89,33218.417
002632.SZ,20230907,7.09,7.15,7.01,7.01,7.09,-0.08,-1.1283,57473.0,40564.034
002633.SZ,20230907,10.77,10.79,10.53,10.54,10.72,-0.18,-1.6791,11581.0,12319.468
002634.SZ,20230907,8.65,8.75,8.44,8.45,8.66,-0.21,-2.4249,47270.0,40413.464
002635.SZ,20230907,13.72,13.79,13.47,13.47,13.76,-0.29,-2.1076,82388.01,111864.636
002636.SZ,20230907,9.56,9.58,9.33,9.43,9.56,-0.13,-1.3598,55722.01,52775.794
002637.SZ,20230907,10.94,10.97,10.77,10.79,10.91,-0.12,-1.0999,15864.53,17254.358
002638.SZ,20230907,2.95,3.01,2.93,2.93,2.97,-0.04,-1.3468,117038.0,34666.245
002639.SZ,20230907,7.84,7.84,7.66,7.67,7.82,-0.15,-1.9182,74559.0,57603.8
002640.SZ,20230907,3.76,3.76,3.64,3.65,3.76,-0.11,-2.9255,471158.0,173540.126
002641.SZ,20230907,5.96,5.96,5.87,5.89,5.95,-0.06,-1.0084,71355.03,42221.942
002642.SZ,20230907,7.17,7.29,7.05,7.07,7.2,-0.13,-1.8056,465723.85,332714.059
002643.SZ,20230907,17.85,17.86,17.05,17.06,18.04,-0.98,-5.4324,70048.13,121046.12
002644.SZ,20230907,10.74,10.85,10.48,10.53,10.76,-0.23,-2.1375,30791.75,32716.569
002645.SZ,20230907,10.19,10.21,9.86,9.88,10.16,-0.28,-2.7559,44445.03,44464.262
002646.SZ,20230907,14.93,15.25,14.85,14.85,15.03,-0.18,-1.1976,66774.19,100343.322
002647.SZ,20230907,5.73,5.73,5.67,5.69,5.73,-0.04,-0.6981,70833.0,40315.92
002648.SZ,20230907,15.82,15.88,15.58,15.67,15.81,-0.14,-0.8855,101135.89,158629.229
002649.SZ,20230907,12.71,12.92,12.61,12.71,12.77,-0.06,-0.4699,113003.03,144257.77
002650.SZ,20230907,4.09,4.15,4.08,4.09,4.1,-0.01,-0.2439,87400.0,35925.51
002651.SZ,20230907,7.71,7.86,7.65,7.65,7.77,-0.12,-1.5444,123664.0,95774.336
002652.SZ,20230907,3.07,3.13,3.03,3.06,3.07,-0.01,-0.3257,110250.0,33789.967
002653.SZ,20230907,21.22,21.22,20.55,20.6,21.04,-0.44,-2.0913,12887.26,26725.764
002654.SZ,20230907,9.44,10.47,9.26,10.47,9.52,0.95,9.979,701228.62,692795.872
002655.SZ,20230907,11.93,11.99,11.7,11.75,11.96,-0.21,-1.7559,52228.85,61873.024
002656.SZ,20230907,2.08,2.08,2.04,2.06,2.07,-0.01,-0.4831,37573.0,7733.662
002657.SZ,20230907,15.36,15.62,15.26,15.27,15.39,-0.12,-0.7797,53686.18,82839.532
002658.SZ,20230907,7.95,7.95,7.75,7.77,7.95,-0.18,-2.2642,35370.0,27725.198
002659.SZ,20230907,4.44,4.52,4.4,4.41,4.43,-0.02,-0.4515,126940.0,56642.919
002660.SZ,20230907,9.13,9.15,8.98,9.0,9.12,-0.12,-1.3158,39577.0,35908.774
002661.SZ,20230907,10.03,10.05,9.9,9.91,10.03,-0.12,-1.1964,24453.0,24356.562
002662.SZ,20230907,3.43,3.44,3.36,3.36,3.43,-0.07,-2.0408,174697.27,59138.382
002663.SZ,20230907,1.95,1.95,1.9,1.9,1.94,-0.04,-2.0619,185504.44,35542.811
002664.SZ,20230907,14.01,14.05,13.72,13.74,14.02,-0.28,-1.9971,28629.02,39633.396
002665.SZ,20230907,3.04,3.04,2.95,2.95,3.04,-0.09,-2.9605,330271.35,98480.013
002666.SZ,20230907,4.97,4.98,4.88,4.89,4.97,-0.08,-1.6097,51809.0,25532.317
002667.SZ,20230907,13.35,13.39,13.04,13.05,13.34,-0.29,-2.1739,26589.7,34990.188
002668.SZ,20230907,7.92,7.98,7.7,7.72,7.94,-0.22,-2.7708,82437.83,64340.78
300284.SZ,20230907,6.09,6.1,5.98,5.98,6.07,-0.09,-1.4827,144151.63,86988.968
300285.SZ,20230907,29.62,29.86,29.36,29.42,29.68,-0.26,-0.876,22188.2,65496.616
300286.SZ,20230907,28.73,28.8,27.72,27.83,28.74,-0.91,-3.1663,14737.78,41262.277
300287.SZ,20230907,3.96,4.02,3.92,3.94,3.99,-0.05,-1.2531,316554.99,125573.14
300288.SZ,20230907,16.15,16.43,15.93,15.96,16.17,-0.21,-1.2987,74401.0,120173.986
300289.SZ,20230907,5.78,5.82,5.66,5.66,5.78,-0.12,-2.0761,29534.0,16878.878
300290.SZ,20230907,4.74,4.83,4.72,4.74,4.76,-0.02,-0.4202,109524.0,52139.495
300291.SZ,20230907,6.22,6.32,6.09,6.1,6.24,-0.14,-2.2436,140280.07,86760.806
300292.SZ,20230907,3.69,3.73,3.65,3.66,3.7,-0.04,-1.0811,187949.0,69305.106
300293.SZ,20230907,13.9,14.99,13.77,14.1,13.01,1.09,8.3782,836050.43,1195749.662
300294.SZ,20230907,30.19,30.29,29.36,29.49,30.19,-0.7,-2.3186,31526.43,93525.068
300295.SZ,20230907,15.5,16.01,15.31,15.31,15.58,-0.27,-1.733,291968.03,456974.477
300296.SZ,20230907,6.57,6.6,6.5,6.53,6.55,-0.02,-0.3053,263055.5,172267.338
300298.SZ,20230907,23.65,23.66,23.1,23.1,23.57,-0.47,-1.9941,13016.0,30425.948
300299.SZ,20230907,6.4,6.56,6.28,6.3,6.36,-0.06,-0.9434,250069.5,160284.507
300300.SZ,20230907,4.13,4.18,4.1,4.14,4.13,0.01,0.2421,145718.81,60410.522
300301.SZ,20230907,1.61,1.62,1.58,1.59,1.62,-0.03,-1.8519,66397.0,10608.749
300302.SZ,20230907,13.25,14.1,13.22,13.71,13.23,0.48,3.6281,506803.23,691211.505
300303.SZ,20230907,5.4,5.4,5.28,5.29,5.42,-0.13,-2.3985,269319.31,143420.524
300304.SZ,20230907,5.73,5.75,5.6,5.62,5.77,-0.15,-2.5997,153227.0,86813.462
300305.SZ,20230907,11.3,11.39,10.84,10.85,11.28,-0.43,-3.8121,92488.65,102308.389
300306.SZ,20230907,11.91,12.03,11.83,11.91,11.95,-0.04,-0.3347,38939.3,46497.305
300307.SZ,20230907,8.23,8.34,7.99,8.01,8.39,-0.38,-4.5292,541456.94,439408.601
300308.SZ,20230907,109.1,110.75,106.11,106.31,109.7,-3.39,-3.0902,239295.61,2576182.32
300310.SZ,20230907,4.2,4.25,4.16,4.17,4.22,-0.05,-1.1848,163196.0,68515.278
300311.SZ,20230907,6.04,6.2,6.03,6.07,6.06,0.01,0.165,149745.21,91719.02
300313.SZ,20230907,5.6,5.75,5.6,5.69,5.69,0.0,0.0,18962.0,10709.243
300314.SZ,20230907,14.55,14.82,14.5,14.51,14.7,-0.19,-1.2925,23768.0,34785.414
300315.SZ,20230907,5.25,5.36,5.15,5.15,5.18,-0.03,-0.5792,1329329.27,698454.599
300316.SZ,20230907,55.0,55.0,53.45,53.49,55.01,-1.52,-2.7631,44704.4,241566.314
300317.SZ,20230907,5.25,5.25,5.09,5.09,5.24,-0.15,-2.8626,104170.0,53502.413
300318.SZ,20230907,5.33,5.37,5.25,5.25,5.32,-0.07,-1.3158,44400.25,23517.415
300319.SZ,20230907,9.2,9.34,9.07,9.09,9.38,-0.29,-3.0917,250358.45,229392.034
300320.SZ,20230907,7.66,7.71,7.46,7.46,7.68,-0.22,-2.8646,46713.0,35245.776
300321.SZ,20230907,17.78,17.92,17.6,17.64,17.78,-0.14,-0.7874,6709.0,11891.815
300322.SZ,20230907,8.69,8.8,8.2,8.23,8.94,-0.71,-7.9418,425024.64,358330.536
300323.SZ,20230907,6.84,6.84,6.7,6.71,6.83,-0.12,-1.757,80581.98,54339.021
300324.SZ,20230907,3.11,3.14,3.06,3.07,3.12,-0.05,-1.6026,388557.3,120432.865
300326.SZ,20230907,6.43,6.44,6.27,6.28,6.43,-0.15,-2.3328,48594.0,30786.13
300327.SZ,20230907,27.32,27.32,26.72,26.77,27.36,-0.59,-2.1564,55565.92,149508.584
300328.SZ,20230907,6.39,6.43,6.32,6.33,6.42,-0.09,-1.4019,67664.5,43101.608
300969.SZ,20230907,78.88,79.18,77.02,77.02,78.9,-1.88,-2.3828,4975.58,38681.618
300970.SZ,20230907,20.32,20.35,19.76,19.82,20.35,-0.53,-2.6044,24594.57,49193.314
300971.SZ,20230907,24.74,24.95,24.31,24.39,24.73,-0.34,-1.3748,11755.0,28754.195
300972.SZ,20230907,38.37,38.52,37.61,38.15,38.57,-0.42,-1.0889,25368.0,96520.931
300973.SZ,20230907,68.47,68.47,66.55,67.54,68.46,-0.92,-1.3439,10777.0,72925.255
300975.SZ,20230907,7.88,8.76,7.73,8.27,7.88,0.39,4.9492,548650.8,452122.938
300976.SZ,20230907,47.97,47.97,47.0,47.17,47.98,-0.81,-1.6882,6302.75,29902.8
300977.SZ,20230907,21.59,21.88,20.96,21.06,21.61,-0.55,-2.5451,55284.94,118461.222
300978.SZ,20230907,12.78,12.85,12.5,12.53,12.8,-0.27,-2.1094,30318.0,38436.346
300979.SZ,20230907,50.93,51.67,50.0,50.5,50.85,-0.35,-0.6883,16355.86,83399.257
300980.SZ,20230907,20.85,20.93,20.5,20.53,20.85,-0.32,-1.5348,10434.08,21558.115
300981.SZ,20230907,14.99,15.1,14.71,14.72,15.01,-0.29,-1.932,14063.79,20881.983
300982.SZ,20230907,35.75,35.88,34.62,34.75,35.75,-1.0,-2.7972,38264.55,134341.009
300983.SZ,20230907,32.13,32.59,31.66,31.69,32.12,-0.43,-1.3387,9098.8,29322.934
300984.SZ,20230907,25.41,25.58,24.84,24.89,25.3,-0.41,-1.6206,5471.72,13769.403
300985.SZ,20230907,27.75,27.95,27.01,27.16,27.75,-0.59,-2.1261,24089.04,65766.831
300986.SZ,20230907,18.25,18.27,17.78,17.83,18.19,-0.36,-1.9791,10886.19,19560.483
300987.SZ,20230907,17.84,18.19,17.72,17.81,17.9,-0.09,-0.5028,32474.4,58348.097
300988.SZ,20230907,20.48,20.76,20.26,20.3,20.68,-0.38,-1.8375,9720.45,19825.766
300989.SZ,20230907,20.86,21.38,20.41,20.43,21.17,-0.74,-3.4955,50725.78,105161.234
300990.SZ,20230907,43.38,43.4,41.36,41.48,44.01,-2.53,-5.7487,16924.2,71398.627
300991.SZ,20230907,16.63,16.8,16.25,16.44,16.62,-0.18,-1.083,63084.03,103962.232
300992.SZ,20230907,20.8,20.85,20.42,20.47,20.79,-0.32,-1.5392,7630.82,15730.962
300993.SZ,20230907,11.4,11.67,11.27,11.55,11.29,0.26,2.3029,112771.51,129844.092
300994.SZ,20230907,14.8,14.88,14.46,14.49,14.77,-0.28,-1.8957,11119.2,16241.192
300995.SZ,20230907,23.3,23.44,22.62,22.66,23.34,-0.68,-2.9135,15498.0,35530.077
300996.SZ,20230907,26.16,26.16,25.52,25.6,25.98,-0.38,-1.4627,10125.77,26063.037
300997.SZ,20230907,13.78,13.93,13.63,13.63,13.83,-0.2,-1.4461,20219.0,27829.133
300998.SZ,20230907,30.0,30.11,29.7,29.73,29.94,-0.21,-0.7014,6175.0,18413.943
300999.SZ,20230907,35.66,35.73,35.1,35.13,35.72,-0.59,-1.6517,54714.56,193424.651
301000.SZ,20230907,18.15,18.15,17.78,17.9,17.98,-0.08,-0.4449,16744.16,30002.617
301001.SZ,20230907,26.74,27.25,26.6,26.69,26.75,-0.06,-0.2243,14893.49,40032.167
301002.SZ,20230907,19.89,19.98,19.56,19.67,19.95,-0.28,-1.4035,8320.4,16388.549
301003.SZ,20230907,24.87,24.87,24.36,24.43,24.91,-0.48,-1.9269,8280.53,20349.864
301004.SZ,20230907,47.98,48.48,46.4,46.61,47.98,-1.37,-2.8554,12322.2,57984.452
301005.SZ,20230907,28.68,28.68,27.9,28.06,28.56,-0.5,-1.7507,8240.0,23183.509
301006.SZ,20230907,20.07,20.07,19.16,19.16,19.85,-0.69,-3.4761,10341.0,20102.811
301007.SZ,20230907,17.06,17.16,15.92,15.95,17.09,-1.14,-6.6706,165476.76,269188.804
301008.SZ,20230907,29.81,30.2,29.23,29.28,29.9,-0.62,-2.0736,10043.4,29669.355
301009.SZ,20230907,12.72,12.83,12.53,12.58,12.77,-0.19,-1.4879,15527.0,19651.636
301010.SZ,20230907,20.2,20.2,19.65,19.65,19.99,-0.34,-1.7009,9426.0,18752.891
603886.SH,20230907,19.16,19.41,18.97,19.04,19.2,-0.16,-0.8333,6698.0,12819.766
603887.SH,20230907,8.03,8.07,7.83,7.83,8.03,-0.2,-2.4907,71372.8,56712.434
603888.SH,20230907,32.7,33.89,32.58,32.9,33.06,-0.16,-0.484,202115.98,671531.058
603889.SH,20230907,8.3,8.47,8.22,8.28,8.24,0.04,0.4854,28655.38,23920.363
603890.SH,20230907,8.27,8.4,8.17,8.19,8.31,-0.12,-1.444,39550.9,32618.73
603893.SH,20230907,66.98,66.98,64.01,64.5,67.32,-2.82,-4.1889,32938.58,214865.024
603895.SH,20230907,24.34,24.34,23.62,23.72,24.25,-0.53,-2.1856,3110.4,7419.393
603896.SH,20230907,41.45,41.74,40.48,40.64,41.56,-0.92,-2.2137,11586.72,47416.332
603897.SH,20230907,18.38,18.54,18.05,18.05,18.48,-0.43,-2.3268,12273.0,22359.865
603898.SH,20230907,11.25,11.3,10.98,11.03,11.19,-0.16,-1.4298,17015.0,18916.571
603899.SH,20230907,37.96,38.56,37.88,38.09,38.14,-0.05,-0.1311,35493.38,136063.771
603900.SH,20230907,6.55,6.61,6.41,6.44,6.55,-0.11,-1.6794,30720.0,19996.433
603901.SH,20230907,12.33,12.33,12.11,12.14,12.29,-0.15,-1.2205,24107.0,29318.73
603903.SH,20230907,9.65,9.7,9.5,9.52,9.65,-0.13,-1.3472,20894.8,20048.631
603906.SH,20230907,13.11,13.11,12.83,12.9,13.11,-0.21,-1.6018,67278.7,86921.716
603908.SH,20230907,44.08,44.44,43.22,43.25,44.04,-0.79,-1.7938,5597.0,24411.061
603909.SH,20230907,12.55,12.74,12.43,12.45,12.51,-0.06,-0.4796,11342.4,14269.083
603912.SH,20230907,9.25,9.3,9.08,9.08,9.25,-0.17,-1.8378,44048.45,40430.197
603915.SH,20230907,17.61,17.66,17.24,17.26,17.67,-0.41,-2.3203,29461.8,51281.806
603916.SH,20230907,12.76,12.79,12.5,12.52,12.73,-0.21,-1.6496,23826.0,30059.715
603917.SH,20230907,19.81,19.82,19.11,19.15,19.84,-0.69,-3.4778,20503.0,39669.545
603918.SH,20230907,27.4,27.8,26.45,26.46,27.6,-1.14,-4.1304,303036.49,820031.425
603919.SH,20230907,29.7,30.49,29.19,29.34,29.72,-0.38,-1.2786,135862.47,403780.114
603920.SH,20230907,17.3,17.34,17.03,17.03,17.34,-0.31,-1.7878,36973.0,63364.748
603922.SH,20230907,23.1,23.1,22.32,22.42,22.64,-0.22,-0.9717,11966.0,27000.954
603926.SH,20230907,10.79,10.82,10.52,10.56,10.77,-0.21,-1.9499,18640.09,19793.969
603927.SH,20230907,34.3,34.36,33.63,33.73,34.5,-0.77,-2.2319,35014.6,119012.772
603928.SH,20230907,12.55,12.58,12.33,12.43,12.58,-0.15,-1.1924,14287.0,17767.142
603929.SH,20230907,17.01,17.05,16.44,16.45,17.15,-0.7,-4.0816,57061.0,95041.165
603931.SH,20230907,31.04,31.6,29.66,30.76,32.34,-1.58,-4.8856,71183.26,217594.638
603933.SH,20230907,17.55,18.24,17.04,17.3,17.46,-0.16,-0.9164,124781.98,219627.898
603936.SH,20230907,11.25,11.27,11.02,11.04,11.33,-0.29,-2.5596,86044.92,95711.348
603937.SH,20230907,12.82,12.88,12.64,12.65,12.83,-0.18,-1.403,16659.0,21239.454
603938.SH,20230907,19.36,19.77,18.82,18.86,19.34,-0.48,-2.4819,40442.03,77760.036
603939.SH,20230907,34.63,35.36,34.41,34.62,34.55,0.07,0.2026,55378.47,193362.871
603948.SH,20230907,25.4,25.74,24.57,24.57,25.35,-0.78,-3.0769,27120.0,67730.838
603949.SH,20230907,21.15,21.64,20.94,21.44,21.02,0.42,1.9981,86049.56,184186.516
603950.SH,20230907,12.78,12.79,12.45,12.52,12.71,-0.19,-1.4949,18968.4,23799.651
603955.SH,20230907,16.28,16.35,15.8,15.8,16.24,-0.44,-2.7094,8538.0,13668.406
603956.SH,20230907,7.65,7.65,7.46,7.46,7.67,-0.21,-2.7379,94538.85,71014.743
603958.SH,20230907,8.48,8.59,8.37,8.41,8.46,-0.05,-0.591,22197.04,18794.077
688531.SH,20230907,136.0,139.29,132.05,132.06,135.0,-2.94,-2.1778,6899.48,94060.914
688533.SH,20230907,39.95,40.0,38.6,38.7,39.93,-1.23,-3.0804,8614.93,33813.863
688535.SH,20230907,90.63,93.38,87.37,87.8,92.78,-4.98,-5.3675,47113.85,422670.503
688536.SH,20230907,188.95,189.0,182.4,182.47,188.57,-6.1,-3.2349,7541.92,139331.634
688538.SH,20230907,2.59,2.61,2.57,2.57,2.6,-0.03,-1.1538,376441.33,97295.401
688539.SH,20230907,42.7,42.7,41.41,41.55,42.69,-1.14,-2.6704,7340.77,30670.817
688543.SH,20230907,50.99,52.08,50.0,50.07,51.54,-1.47,-2.8522,29391.83,149945.203
688548.SH,20230907,13.6,13.77,12.38,12.45,13.68,-1.23,-8.9912,502280.76,656809.631
688550.SH,20230907,37.49,37.49,35.28,35.4,37.65,-2.25,-5.9761,26909.77,96710.951
688551.SH,20230907,60.3,60.83,58.6,58.95,60.52,-1.57,-2.5942,2117.01,12615.567
688552.SH,20230907,24.71,24.93,23.95,24.08,24.84,-0.76,-3.0596,32351.92,78804.811
688553.SH,20230907,14.21,14.24,13.9,13.91,14.25,-0.34,-2.386,12363.04,17367.32
688556.SH,20230907,44.98,44.98,43.45,43.65,45.02,-1.37,-3.0431,51337.72,225555.943
688557.SH,20230907,36.51,36.78,35.66,35.81,36.91,-1.1,-2.9802,8500.82,30688.164
688558.SH,20230907,31.03,31.1,30.09,30.12,31.13,-1.01,-3.2445,3882.32,11821.877
688559.SH,20230907,45.71,46.1,43.7,43.7,46.4,-2.7,-5.819,48006.56,213816.16
688560.SH,20230907,21.44,21.47,20.64,20.77,21.6,-0.83,-3.8426,32463.85,68137.433
688561.SH,20230907,54.15,54.68,53.16,53.28,54.25,-0.97,-1.788,24199.94,130319.421
688562.SH,20230907,26.18,26.18,25.41,25.42,26.2,-0.78,-2.9771,26437.11,67945.912
688563.SH,20230907,62.15,63.89,61.9,63.0,62.48,0.52,0.8323,33299.03,210412.482
688565.SH,20230907,8.73,8.78,8.47,8.51,8.74,-0.23,-2.6316,36403.47,31313.6
688566.SH,20230907,25.81,25.88,25.03,25.17,25.81,-0.64,-2.4797,15524.28,39512.234
688567.SH,20230907,19.22,19.56,19.22,19.22,19.29,-0.07,-0.3629,43510.64,84284.78
688568.SH,20230907,49.8,49.8,48.28,48.35,49.35,-1.0,-2.0263,20206.26,98849.868
688569.SH,20230907,37.83,37.83,35.7,35.76,37.32,-1.56,-4.1801,18562.4,66975.582
688570.SH,20230907,27.52,27.71,26.5,26.51,27.12,-0.61,-2.2493,36678.56,99249.848
688571.SH,20230907,7.13,7.16,6.96,7.0,7.11,-0.11,-1.5471,36694.59,25862.113
688573.SH,20230907,39.3,39.3,36.8,37.38,39.71,-2.33,-5.8675,24800.18,93800.186
688575.SH,20230907,17.22,17.25,16.99,17.01,17.14,-0.13,-0.7585,26793.38,45870.997
688576.SH,20230907,100.0,100.54,96.3,96.3,99.99,-3.69,-3.6904,3902.55,38232.649
688577.SH,20230907,42.84,42.84,41.09,41.28,42.42,-1.14,-2.6874,2276.66,9488.329
688578.SH,20230907,29.45,29.45,28.64,28.78,29.21,-0.43,-1.4721,55648.74,160917.677
688579.SH,20230907,13.97,14.15,13.76,13.8,14.09,-0.29,-2.0582,84728.7,117970.142
688580.SH,20230907,62.62,63.0,60.25,60.83,62.62,-1.79,-2.8585,8542.8,52595.881
688581.SH,20230907,98.3,98.78,97.04,97.34,98.35,-1.01,-1.0269,2675.84,26151.958
688582.SH,20230907,42.29,42.33,40.38,40.52,42.51,-1.99,-4.6813,34713.39,143192.813
688585.SH,20230907,8.34,8.39,8.19,8.23,8.36,-0.13,-1.555,10635.64,8819.537
688586.SH,20230907,12.45,12.57,12.3,12.31,12.5,-0.19,-1.52,39189.83,48623.798
688588.SH,20230907,14.15,14.26,13.86,13.86,14.17,-0.31,-2.1877,59896.32,84141.168
688589.SH,20230907,41.52,41.52,40.2,40.34,41.4,-1.06,-2.5604,15743.96,63963.581
688590.SH,20230907,18.97,19.2,18.45,18.56,18.85,-0.29,-1.5385,64124.95,120500.71
001373.SZ,20230907,44.8,45.62,43.96,45.27,45.27,0.0,0.0,27427.0,122612.856
001380.SZ,20230907,33.14,33.45,32.3,32.5,33.41,-0.91,-2.7237,8902.02,29260.889
001696.SZ,20230907,6.78,6.78,6.61,6.61,6.76,-0.15,-2.2189,74607.0,49787.944
001872.SZ,20230907,15.89,16.02,15.7,15.75,15.88,-0.13,-0.8186,23480.0,37230.859
001896.SZ,20230907,4.76,4.8,4.62,4.64,4.8,-0.16,-3.3333,441261.16,206707.12
001914.SZ,20230907,15.45,15.7,15.23,15.28,15.55,-0.27,-1.7363,51651.0,79655.008
001965.SZ,20230907,9.79,10.08,9.72,9.96,9.79,0.17,1.7365,83658.42,83326.235
001979.SZ,20230907,13.76,13.99,13.66,13.72,13.85,-0.13,-0.9386,321043.8,443906.208
002001.SZ,20230907,16.33,16.35,16.19,16.23,16.34,-0.11,-0.6732,82026.47,133309.81
002002.SZ,20230907,2.14,2.14,2.1,2.1,2.13,-0.03,-1.4085,314168.21,66375.822
002003.SZ,20230907,9.93,10.0,9.85,9.96,9.95,0.01,0.1005,27691.72,27551.414
002004.SZ,20230907,4.86,4.88,4.83,4.83,4.87,-0.04,-0.8214,111937.6,54255.874
002005.SZ,20230907,1.41,1.43,1.4,1.4,1.42,-0.02,-1.4085,57160.01,8061.339
002006.SZ,20230907,19.23,19.29,18.27,18.31,19.23,-0.92,-4.7842,79579.3,148016.995
002007.SZ,20230907,21.33,21.43,21.05,21.14,21.38,-0.24,-1.1225,43006.16,91005.516
002008.SZ,20230907,23.35,23.35,22.62,22.68,23.51,-0.83,-3.5304,192908.87,441911.731
002009.SZ,20230907,12.85,12.91,12.18,12.28,12.77,-0.49,-3.8371,130036.83,161804.675
002010.SZ,20230907,5.31,5.33,5.23,5.24,5.31,-0.07,-1.3183,101740.0,53639.65
002011.SZ,20230907,11.76,11.77,11.53,11.54,11.8,-0.26,-2.2034,50322.01,58468.099
002012.SZ,20230907,5.66,5.66,5.53,5.54,5.66,-0.12,-2.1201,59380.0,33114.401
002014.SZ,20230907,9.06,9.14,9.01,9.07,9.06,0.01,0.1104,47239.22,42944.685
002015.SZ,20230907,11.53,11.56,11.21,11.4,11.56,-0.16,-1.3841,220198.32,250434.875
002016.SZ,20230907,6.79,6.85,6.72,6.77,6.77,0.0,0.0,48797.97,33188.526
002017.SZ,20230907,11.07,11.12,10.89,10.9,11.07,-0.17,-1.5357,64217.1,70642.435
002019.SZ,20230907,13.23,13.26,12.95,12.97,13.23,-0.26,-1.9652,36456.0,47697.357
002020.SZ,20230907,10.97,10.98,10.67,10.69,10.98,-0.29,-2.6412,94120.2,101568.721
002021.SZ,20230907,2.12,2.16,2.11,2.12,2.11,0.01,0.4739,83705.53,17883.511
002022.SZ,20230907,8.8,8.85,8.68,8.68,8.83,-0.15,-1.6988,27843.0,24409.543
002023.SZ,20230907,9.28,9.31,9.17,9.18,9.31,-0.13,-1.3963,83313.0,76882.76
002024.SZ,20230907,1.96,1.97,1.94,1.94,1.96,-0.02,-1.0204,112852.3,21986.959
002025.SZ,20230907,59.22,60.5,59.01,59.69,59.45,0.24,0.4037,28170.87,168944.266
002026.SZ,20230907,9.32,9.32,9.11,9.12,9.32,-0.2,-2.1459,44855.97,41216.903
002027.SZ,20230907,7.6,7.61,7.5,7.53,7.58,-0.05,-0.6596,456578.68,344560.784
002028.SZ,20230907,51.4,51.4,49.75,49.98,50.99,-1.01,-1.9808,22851.03,114500.637
002029.SZ,20230907,6.13,6.16,6.08,6.09,6.13,-0.04,-0.6525,55650.0,34043.267
002030.SZ,20230907,9.38,9.42,9.24,9.25,9.42,-0.17,-1.8047,88961.24,82837.769
002031.SZ,20230907,3.87,3.89,3.76,3.76,3.9,-0.14,-3.5897,1475438.36,559949.728
002032.SZ,20230907,47.78,48.06,47.35,47.64,47.75,-0.11,-0.2304,14137.64,67408.109
002033.SZ,20230907,10.24,10.46,10.23,10.27,10.29,-0.02,-0.1944,145532.55,150480.881
002034.SZ,20230907,15.76,15.77,15.56,15.57,15.79,-0.22,-1.3933,24600.0,38454.533
002669.SZ,20230907,13.91,13.98,13.52,13.57,14.13,-0.56,-3.9632,151499.4,207557.692
002670.SZ,20230907,9.9,10.42,9.9,10.27,9.95,0.32,3.2161,868573.19,889184.921
002671.SZ,20230907,4.66,4.68,4.6,4.6,4.66,-0.06,-1.2876,65345.0,30290.509
002672.SZ,20230907,5.71,5.77,5.68,5.69,5.74,-0.05,-0.8711,35519.0,20294.018
002673.SZ,20230907,6.7,6.73,6.65,6.65,6.69,-0.04,-0.5979,258760.64,172997.517
002674.SZ,20230907,12.05,12.13,11.97,12.01,12.05,-0.04,-0.332,13371.0,16101.142
002675.SZ,20230907,13.88,13.96,13.75,13.75,13.89,-0.14,-1.0079,25004.0,34609.25
002676.SZ,20230907,4.11,4.2,4.02,4.2,4.09,0.11,2.6895,103866.33,42502.349
002677.SZ,20230907,11.07,11.12,10.94,10.96,11.07,-0.11,-0.9937,41393.6,45599.531
002678.SZ,20230907,5.75,5.75,5.66,5.66,5.74,-0.08,-1.3937,17883.9,10186.462
002679.SZ,20230907,13.48,13.67,13.26,13.29,13.62,-0.33,-2.4229,30961.0,41623.37
002681.SZ,20230907,4.85,4.86,4.77,4.78,4.87,-0.09,-1.848,284898.5,136876.089
002682.SZ,20230907,4.16,4.19,4.1,4.1,4.17,-0.07,-1.6787,50743.0,20979.91
002683.SZ,20230907,24.03,24.11,23.52,23.6,24.04,-0.44,-1.8303,35231.0,83647.854
002685.SZ,20230907,3.68,3.69,3.62,3.64,3.66,-0.02,-0.5464,98336.0,35981.424
002686.SZ,20230907,6.5,6.5,6.35,6.36,6.48,-0.12,-1.8519,38357.0,24637.902
002687.SZ,20230907,5.1,5.13,5.05,5.06,5.1,-0.04,-0.7843,57174.57,29088.016
002688.SZ,20230907,4.76,4.76,4.66,4.66,4.75,-0.09,-1.8947,58790.66,27637.385
002689.SZ,20230907,4.34,4.36,4.25,4.26,4.36,-0.1,-2.2936,99940.02,42958.774
002690.SZ,20230907,22.62,22.7,21.48,21.68,22.63,-0.95,-4.198,60027.97,130957.456
002691.SZ,20230907,6.35,6.37,6.19,6.22,6.35,-0.13,-2.0472,35065.61,21949.753
002692.SZ,20230907,3.61,3.61,3.54,3.55,3.61,-0.06,-1.662,13678.0,4886.377
002693.SZ,20230907,6.45,6.49,6.31,6.32,6.5,-0.18,-2.7692,83875.0,53555.972
002694.SZ,20230907,6.95,7.0,6.88,6.89,6.98,-0.09,-1.2894,42012.0,29057.154
002695.SZ,20230907,11.43,11.43,11.1,11.11,11.34,-0.23,-2.0282,39917.0,44800.728
002696.SZ,20230907,6.7,6.76,6.58,6.59,6.71,-0.12,-1.7884,157496.2,105047.924
002697.SZ,20230907,5.28,5.29,5.22,5.23,5.27,-0.04,-0.759,103397.44,54281.427
002698.SZ,20230907,16.32,16.32,15.99,16.02,16.29,-0.27,-1.6575,56597.29,91052.703
002699.SZ,20230907,1.72,1.8,1.72,1.75,1.74,0.01,0.5747,622745.56,109599.54
002700.SZ,20230907,4.28,4.29,4.23,4.26,4.28,-0.02,-0.4673,17331.91,7376.285
002701.SZ,20230907,4.73,4.78,4.7,4.71,4.74,-0.03,-0.6329,153950.4,72995.81
002702.SZ,20230907,5.56,5.68,5.55,5.58,5.57,0.01,0.1795,101237.7,56657.107
002703.SZ,20230907,16.34,16.43,15.74,15.76,16.72,-0.96,-5.7416,558403.63,889995.105
002705.SZ,20230907,18.03,18.18,17.74,17.78,18.06,-0.28,-1.5504,38194.1,68352.584
002706.SZ,20230907,11.31,11.31,11.06,11.07,11.27,-0.2,-1.7746,55770.3,62070.856
002707.SZ,20230907,8.24,8.48,8.22,8.25,8.27,-0.02,-0.2418,313871.84,261749.704
002708.SZ,20230907,7.28,7.3,7.09,7.11,7.32,-0.21,-2.8689,186270.0,133510.292
002709.SZ,20230907,33.25,33.25,31.55,31.58,33.28,-1.7,-5.1082,200726.15,645488.707
002712.SZ,20230907,5.81,5.84,5.68,5.69,5.78,-0.09,-1.5571,105114.5,60462.18
002713.SZ,20230907,8.75,9.07,8.62,8.81,8.7,0.11,1.2644,94885.0,84362.313
002714.SZ,20230907,40.66,40.9,40.25,40.26,40.67,-0.41,-1.0081,111840.4,453548.996
300329.SZ,20230907,7.31,7.37,7.22,7.24,7.31,-0.07,-0.9576,30029.0,21908.873
300331.SZ,20230907,24.47,26.81,24.01,26.23,25.2,1.03,4.0873,357012.95,911265.886
300332.SZ,20230907,9.94,9.95,9.69,9.7,9.94,-0.24,-2.4145,28991.0,28389.09
300333.SZ,20230907,7.23,7.64,7.18,7.52,7.26,0.26,3.5813,283465.1,211941.254
300334.SZ,20230907,7.69,7.8,7.65,7.67,7.67,0.0,0.0,71467.0,55133.895
300335.SZ,20230907,5.55,5.59,5.44,5.46,5.57,-0.11,-1.9749,138917.91,76541.732
300337.SZ,20230907,6.25,6.25,6.11,6.12,6.25,-0.13,-2.08,97118.61,59806.199
300338.SZ,20230907,5.0,5.7,4.94,5.33,5.08,0.25,4.9213,526547.65,281896.808
300339.SZ,20230907,23.8,24.79,23.6,24.01,24.12,-0.11,-0.4561,907131.53,2193104.966
300340.SZ,20230907,12.66,12.69,12.33,12.33,12.67,-0.34,-2.6835,36954.64,46021.839
300341.SZ,20230907,11.35,11.94,11.13,11.2,10.94,0.26,2.3766,232095.18,268178.92
300342.SZ,20230907,12.5,12.82,11.71,11.73,12.76,-1.03,-8.0721,525186.13,638522.929
300343.SZ,20230907,7.45,7.5,7.28,7.3,7.5,-0.2,-2.6667,159290.03,117203.896
300344.SZ,20230907,5.4,5.45,5.31,5.33,5.41,-0.08,-1.4787,101608.0,54570.254
300345.SZ,20230907,9.32,9.47,9.13,9.16,9.5,-0.34,-3.5789,49274.2,45433.334
300346.SZ,20230907,33.5,33.73,32.44,32.51,34.4,-1.89,-5.4942,385636.06,1277527.852
300347.SZ,20230907,62.67,63.11,61.37,61.5,62.57,-1.07,-1.7101,55767.86,346479.649
300348.SZ,20230907,10.4,10.65,10.39,10.42,10.43,-0.01,-0.0959,120466.28,126749.681
300349.SZ,20230907,13.18,13.18,12.93,12.95,13.16,-0.21,-1.5957,28059.2,36647.306
300350.SZ,20230907,4.63,4.63,4.49,4.5,4.64,-0.14,-3.0172,130801.0,59495.034
300351.SZ,20230907,13.76,14.15,13.6,13.78,13.6,0.18,1.3235,172804.79,239997.194
300352.SZ,20230907,4.93,5.05,4.89,4.99,4.94,0.05,1.0121,330166.9,165097.748
300353.SZ,20230907,11.0,11.01,10.74,10.76,11.05,-0.29,-2.6244,95364.59,103430.419
300354.SZ,20230907,41.52,42.0,41.15,41.22,41.51,-0.29,-0.6986,2774.0,11504.18
300355.SZ,20230907,3.83,3.87,3.73,3.74,3.85,-0.11,-2.8571,560974.02,211674.482
300357.SZ,20230907,29.78,29.8,28.35,28.46,29.82,-1.36,-4.5607,69498.8,200265.96
300358.SZ,20230907,12.41,12.47,12.14,12.15,12.46,-0.31,-2.488,35487.82,43556.329
300359.SZ,20230907,6.0,6.22,6.0,6.05,6.03,0.02,0.3317,196235.78,120393.272
300360.SZ,20230907,16.17,16.27,15.89,15.9,16.25,-0.35,-2.1538,55994.7,89715.537
300363.SZ,20230907,24.32,24.37,23.58,23.58,24.31,-0.73,-3.0029,73112.8,174559.159
300364.SZ,20230907,14.6,14.84,14.19,14.2,14.62,-0.42,-2.8728,341311.7,492738.519
300365.SZ,20230907,7.08,7.15,7.0,7.01,7.12,-0.11,-1.5449,83140.0,58761.056
300366.SZ,20230907,13.08,14.2,12.95,13.25,13.15,0.1,0.7605,1058061.75,1430952.672
300368.SZ,20230907,8.17,8.51,8.16,8.37,8.26,0.11,1.3317,283720.6,237364.986
300369.SZ,20230907,10.16,10.3,10.06,10.11,10.14,-0.03,-0.2959,136493.93,138688.748
300370.SZ,20230907,2.75,2.78,2.71,2.71,2.77,-0.06,-2.1661,139949.13,38296.21
300371.SZ,20230907,15.57,15.7,15.26,15.64,15.71,-0.07,-0.4456,72260.26,111916.664
300373.SZ,20230907,37.1,37.28,36.31,36.45,37.39,-0.94,-2.514,78779.04,289518.881
300374.SZ,20230907,15.21,16.17,15.13,15.8,15.32,0.48,3.1332,187562.6,296497.277
300375.SZ,20230907,4.41,4.45,4.17,4.17,4.36,-0.19,-4.3578,539295.54,231163.176
300376.SZ,20230907,6.25,6.26,6.13,6.14,6.27,-0.13,-2.0734,116398.65,71857.238
301011.SZ,20230907,21.54,24.67,21.54,24.67,20.56,4.11,19.9903,81884.82,200086.168
301012.SZ,20230907,22.79,23.4,22.78,23.12,22.79,0.33,1.448,34634.47,80214.268
301013.SZ,20230907,17.0,17.45,16.19,17.01,17.73,-0.72,-4.0609,360179.55,607119.37
301015.SZ,20230907,22.51,22.88,22.41,22.5,22.63,-0.13,-0.5745,17700.0,39975.926
301016.SZ,20230907,24.65,24.83,24.06,24.1,24.48,-0.38,-1.5523,26472.16,64282.298
301017.SZ,20230907,19.0,19.68,18.9,19.51,19.02,0.49,2.5762,25715.94,49764.56
301018.SZ,20230907,28.95,29.5,28.01,28.05,29.23,-1.18,-4.0369,69157.53,198036.501
301019.SZ,20230907,21.85,22.09,21.51,21.56,22.0,-0.44,-2.0,6167.55,13425.031
301020.SZ,20230907,20.99,21.07,20.6,20.65,20.93,-0.28,-1.3378,8852.0,18422.916
301021.SZ,20230907,28.02,28.95,26.34,26.4,29.47,-3.07,-10.4174,176882.3,488650.195
301022.SZ,20230907,28.29,28.36,27.33,27.45,28.18,-0.73,-2.5905,14744.56,40719.279
301023.SZ,20230907,42.24,42.45,41.01,41.51,42.45,-0.94,-2.2144,7067.5,29472.264
301024.SZ,20230907,30.98,31.15,29.62,29.73,30.98,-1.25,-4.0349,18642.0,56480.585
301025.SZ,20230907,11.35,11.59,11.29,11.36,11.35,0.01,0.0881,40746.88,46535.462
301026.SZ,20230907,31.96,31.96,31.01,31.19,31.91,-0.72,-2.2563,7199.0,22638.234
301027.SZ,20230907,13.6,13.86,13.22,13.23,13.68,-0.45,-3.2895,45959.55,61667.614
301028.SZ,20230907,10.86,10.95,10.8,10.84,10.91,-0.07,-0.6416,22689.0,24720.561
301029.SZ,20230907,36.04,36.05,35.23,35.4,36.16,-0.76,-2.1018,23334.41,82982.693
301030.SZ,20230907,49.21,49.38,46.99,47.42,49.17,-1.75,-3.5591,28288.91,135000.742
301031.SZ,20230907,128.82,129.84,127.61,127.68,128.81,-1.13,-0.8773,1905.0,24474.715
301032.SZ,20230907,9.57,9.6,9.39,9.4,9.53,-0.13,-1.3641,19502.0,18465.175
301033.SZ,20230907,37.17,37.17,36.49,36.58,37.2,-0.62,-1.6667,3683.0,13523.69
301035.SZ,20230907,74.95,75.0,72.5,73.59,76.0,-2.41,-3.1711,7944.23,58256.387
301036.SZ,20230907,22.23,22.68,21.0,21.58,23.0,-1.42,-6.1739,93354.47,203883.628
301037.SZ,20230907,20.6,20.93,20.25,20.33,20.68,-0.35,-1.6925,10703.8,21981.311
301038.SZ,20230907,18.8,18.85,18.1,18.1,18.85,-0.75,-3.9788,40516.0,74674.606
301039.SZ,20230907,12.64,12.79,12.22,12.27,12.78,-0.51,-3.9906,145022.71,180019.775
301040.SZ,20230907,20.11,20.12,19.63,19.68,20.03,-0.35,-1.7474,8999.0,17831.859
301041.SZ,20230907,28.31,28.53,27.76,27.79,28.68,-0.89,-3.1032,35610.08,100170.979
301042.SZ,20230907,36.25,37.13,35.6,36.25,36.68,-0.43,-1.1723,26387.06,96215.125
301043.SZ,20230907,31.18,31.58,30.66,30.74,31.25,-0.51,-1.632,11313.0,35269.114
301045.SZ,20230907,27.7,27.8,26.37,26.9,27.41,-0.51,-1.8606,41526.62,111386.525
301046.SZ,20230907,27.45,27.79,26.71,26.71,27.55,-0.84,-3.049,17571.04,47603.913
301047.SZ,20230907,87.76,88.09,85.37,85.54,87.9,-2.36,-2.6849,4852.99,41927.006
301048.SZ,20230907,12.01,12.17,11.74,11.82,11.9,-0.08,-0.6723,86601.0,103577.09
301049.SZ,20230907,24.9,25.05,24.45,24.66,24.99,-0.33,-1.3205,22867.0,56423.861
301050.SZ,20230907,61.72,61.8,59.8,59.89,61.6,-1.71,-2.776,25559.93,155302.275
301051.SZ,20230907,58.18,58.35,56.6,56.99,58.35,-1.36,-2.3308,8114.5,46203.166
301052.SZ,20230907,40.05,40.53,39.28,39.59,40.23,-0.64,-1.5909,21200.34,84229.131
301053.SZ,20230907,25.62,26.0,25.01,25.13,25.62,-0.49,-1.9126,14090.0,35823.688
301055.SZ,20230907,15.29,15.49,14.82,14.93,15.23,-0.3,-1.9698,18603.16,28122.038
603959.SH,20230907,9.24,9.25,9.02,9.05,9.23,-0.18,-1.9502,70676.0,64401.823
603960.SH,20230907,15.88,15.88,15.06,15.1,15.85,-0.75,-4.7319,65374.18,100110.588
603963.SH,20230907,10.8,10.8,10.51,10.51,10.8,-0.29,-2.6852,39320.81,41685.151
603966.SH,20230907,9.74,9.74,9.5,9.53,9.74,-0.21,-2.1561,23146.41,22230.924
603967.SH,20230907,9.54,9.62,9.5,9.54,9.53,0.01,0.1049,30533.39,29238.637
603968.SH,20230907,16.84,16.93,16.53,16.55,16.84,-0.29,-1.7221,5756.0,9592.51
603969.SH,20230907,4.81,4.82,4.74,4.74,4.82,-0.08,-1.6598,57886.36,27691.292
603970.SH,20230907,16.71,16.72,16.33,16.35,16.71,-0.36,-2.1544,10963.34,18078.53
603976.SH,20230907,19.95,20.1,19.65,19.65,19.96,-0.31,-1.5531,5537.0,11005.821
603977.SH,20230907,8.58,8.62,8.44,8.44,8.58,-0.14,-1.6317,40519.6,34515.245
603978.SH,20230907,17.7,17.75,16.82,16.97,17.71,-0.74,-4.1784,35465.96,60683.399
603979.SH,20230907,37.87,38.52,37.3,38.04,38.07,-0.03,-0.0788,39851.71,151146.062
603980.SH,20230907,4.59,4.61,4.55,4.56,4.59,-0.03,-0.6536,28387.4,13014.693
603982.SH,20230907,13.95,13.97,13.66,13.67,14.0,-0.33,-2.3571,37772.0,52069.27
603983.SH,20230907,28.9,29.0,27.8,28.02,28.88,-0.86,-2.9778,30340.99,85460.148
603985.SH,20230907,29.27,29.88,27.0,27.24,28.75,-1.51,-5.2522,150225.6,419062.251
603986.SH,20230907,99.92,100.97,98.26,98.3,99.92,-1.62,-1.6213,118446.06,1178752.938
603987.SH,20230907,10.0,10.05,9.71,9.71,10.0,-0.29,-2.9,76012.11,74787.954
603988.SH,20230907,10.13,10.19,9.95,10.01,10.14,-0.13,-1.2821,20987.0,21084.105
603989.SH,20230907,22.7,22.75,22.21,22.3,22.68,-0.38,-1.6755,15126.62,33790.476
603990.SH,20230907,14.26,14.4,13.83,13.84,14.4,-0.56,-3.8889,77580.75,108714.942
603991.SH,20230907,35.71,36.76,35.02,35.28,35.96,-0.68,-1.891,4781.0,17079.048
603992.SH,20230907,14.56,15.4,14.56,14.99,15.0,-0.01,-0.0667,17437.0,26364.36
603993.SH,20230907,6.26,6.28,6.14,6.16,6.25,-0.09,-1.44,769946.95,476410.347
603995.SH,20230907,21.8,21.95,21.35,21.35,22.02,-0.67,-3.0427,22495.0,48548.101
603997.SH,20230907,14.21,14.21,13.95,13.99,14.28,-0.29,-2.0308,42249.0,59217.91
603998.SH,20230907,9.13,9.21,9.0,9.0,9.18,-0.18,-1.9608,67076.0,60912.152
603999.SH,20230907,6.23,6.28,6.01,6.01,6.21,-0.2,-3.2206,138572.9,84622.528
605001.SH,20230907,6.76,6.76,6.55,6.59,6.71,-0.12,-1.7884,47208.11,31327.254
605003.SH,20230907,19.59,19.75,19.4,19.51,19.64,-0.13,-0.6619,7017.0,13690.263
605005.SH,20230907,17.05,17.19,16.72,16.74,17.12,-0.38,-2.2196,11039.34,18612.963
605006.SH,20230907,7.64,7.65,7.53,7.54,7.63,-0.09,-1.1796,13822.6,10473.151
605007.SH,20230907,15.07,15.14,14.88,14.93,15.0,-0.07,-0.4667,20722.61,31072.007
605008.SH,20230907,15.14,15.27,14.94,14.96,15.17,-0.21,-1.3843,15494.4,23371.575
605009.SH,20230907,42.19,42.44,41.4,41.48,42.38,-0.9,-2.1236,6610.11,27673.789
605011.SH,20230907,27.8,27.8,26.67,26.68,27.99,-1.31,-4.6802,67814.0,182590.416
605016.SH,20230907,23.32,23.59,23.03,23.13,23.32,-0.19,-0.8148,9789.12,22762.201
605018.SH,20230907,11.0,11.0,10.65,10.73,10.97,-0.24,-2.1878,19745.0,21399.274
605020.SH,20230907,28.88,29.11,28.39,28.82,28.94,-0.12,-0.4147,17912.07,51454.434
605033.SH,20230907,18.99,18.99,18.71,18.73,18.92,-0.19,-1.0042,5330.0,10022.32
605050.SH,20230907,11.24,11.34,11.06,11.08,11.27,-0.19,-1.6859,21862.47,24409.931
688591.SH,20230907,35.82,35.86,32.67,32.7,36.59,-3.89,-10.6313,164046.3,555074.611
688592.SH,20230907,71.0,71.05,66.7,67.0,73.4,-6.4,-8.7193,33795.96,231511.855
688593.SH,20230907,17.39,17.5,16.95,16.95,17.57,-0.62,-3.5287,37148.61,63744.254
688595.SH,20230907,31.2,31.2,30.15,30.25,31.38,-1.13,-3.601,31707.29,97042.156
688596.SH,20230907,37.95,38.03,36.51,36.69,38.32,-1.63,-4.2537,31836.12,117878.77
688597.SH,20230907,8.84,8.87,8.62,8.65,8.86,-0.21,-2.3702,17336.6,15145.106
688598.SH,20230907,82.25,82.5,79.11,79.21,82.11,-2.9,-3.5318,14218.11,114142.128
688599.SH,20230907,32.08,32.19,30.43,30.53,32.16,-1.63,-5.0684,228258.91,710435.985
688600.SH,20230907,19.79,20.45,19.3,19.4,19.8,-0.4,-2.0202,12239.58,23883.833
688601.SH,20230907,47.96,48.01,46.0,46.24,48.42,-2.18,-4.5023,22783.09,106387.785
688602.SH,20230907,14.41,14.56,13.71,13.84,14.66,-0.82,-5.5935,261916.75,366637.368
688603.SH,20230907,82.76,85.5,80.0,80.0,82.75,-2.75,-3.3233,4806.02,39800.056
688606.SH,20230907,48.1,48.62,47.27,47.38,48.33,-0.95,-1.9657,3166.98,15121.669
688607.SH,20230907,19.25,19.5,19.03,19.5,19.25,0.25,1.2987,11161.4,21478.516
688608.SH,20230907,125.7,127.35,123.0,123.4,126.93,-3.53,-2.7811,10155.6,127050.716
688609.SH,20230907,9.0,9.3,8.89,8.93,9.0,-0.07,-0.7778,249212.51,226351.912
688610.SH,20230907,60.02,60.02,58.16,58.16,60.36,-2.2,-3.6448,2755.61,16161.333
688611.SH,20230907,34.5,34.55,33.45,33.6,34.32,-0.72,-2.0979,3759.75,12740.704
688612.SH,20230907,49.16,49.9,47.66,48.3,49.67,-1.37,-2.7582,9252.81,44858.022
688613.SH,20230907,21.92,22.11,21.6,21.66,22.08,-0.42,-1.9022,11328.6,24656.719
688616.SH,20230907,12.9,12.98,12.74,12.79,12.96,-0.17,-1.3117,11046.5,14164.3
688617.SH,20230907,338.65,344.65,338.0,341.76,340.78,0.98,0.2876,2611.96,89451.471
688618.SH,20230907,61.75,61.75,59.9,60.39,61.55,-1.16,-1.8846,2615.37,15908.638
688619.SH,20230907,13.79,13.8,13.36,13.42,13.67,-0.25,-1.8288,14488.33,19554.48
688620.SH,20230907,14.31,14.39,13.82,13.87,14.43,-0.56,-3.8808,60783.72,85366.428
688621.SH,20230907,58.81,58.81,57.41,57.5,59.0,-1.5,-2.5424,3305.95,19108.805
688622.SH,20230907,32.33,33.05,31.36,31.6,32.5,-0.9,-2.7692,3664.87,11710.159
688623.SH,20230907,83.69,83.82,81.46,81.48,83.46,-1.98,-2.3724,4911.01,40418.223
688625.SH,20230907,39.75,39.75,38.08,38.26,39.29,-1.03,-2.6215,3256.8,12615.611
688626.SH,20230907,39.54,39.85,38.95,39.57,39.44,0.13,0.3296,9727.24,38254.692
688627.SH,20230907,90.35,90.8,86.0,88.2,91.86,-3.66,-3.9843,12779.46,113189.837
688628.SH,20230907,43.93,43.93,43.02,43.18,44.01,-0.83,-1.8859,8991.38,38945.965
688629.SH,20230907,24.0,24.4,23.16,23.54,24.1,-0.56,-2.3237,51023.72,120463.625
688630.SH,20230907,75.07,75.07,69.88,69.88,75.46,-5.58,-7.3946,37039.65,265858.215
688631.SH,20230907,37.01,38.88,36.39,36.73,37.09,-0.36,-0.9706,18258.21,68288.513
688633.SH,20230907,33.06,33.55,32.84,32.96,33.19,-0.23,-0.693,7111.87,23593.443
688636.SH,20230907,52.59,54.78,52.25,54.19,52.79,1.4,2.652,31532.59,169450.152
688638.SH,20230907,71.57,71.57,69.72,69.79,71.49,-1.7,-2.378,4230.92,29678.275
688639.SH,20230907,98.07,100.77,98.0,98.31,99.99,-1.68,-1.6802,3611.94,35851.957
688646.SH,20230907,48.04,48.66,46.4,46.45,48.59,-2.14,-4.4042,14454.25,68272.277
688651.SH,20230907,62.5,66.18,60.8,61.03,63.9,-2.87,-4.4914,40052.66,252738.324
002035.SZ,20230907,6.11,6.15,6.06,6.07,6.13,-0.06,-0.9788,85717.5,52251.637
002036.SZ,20230907,10.08,10.09,9.68,9.7,10.14,-0.44,-4.3393,345051.47,337905.533
002037.SZ,20230907,9.53,9.55,9.31,9.32,9.55,-0.23,-2.4084,60722.99,57181.092
002038.SZ,20230907,8.93,8.95,8.79,8.8,8.95,-0.15,-1.676,57156.69,50614.415
002039.SZ,20230907,13.56,13.59,13.46,13.47,13.55,-0.08,-0.5904,10890.24,14706.729
002040.SZ,20230907,6.85,6.87,6.78,6.79,6.86,-0.07,-1.0204,26780.2,18254.669
002041.SZ,20230907,14.83,14.97,14.55,14.6,14.91,-0.31,-2.0791,49930.6,73631.673
002042.SZ,20230907,3.14,3.14,3.07,3.08,3.12,-0.04,-1.2821,126361.0,39144.808
002043.SZ,20230907,11.41,11.65,11.16,11.2,11.43,-0.23,-2.0122,229344.21,260853.732
002044.SZ,20230907,6.8,6.85,6.71,6.71,6.8,-0.09,-1.3235,201520.82,136439.714
002045.SZ,20230907,13.6,13.6,13.13,13.18,13.56,-0.38,-2.8024,116886.08,155691.028
002046.SZ,20230907,11.42,11.44,11.19,11.19,11.5,-0.31,-2.6957,63840.0,72133.053
002047.SZ,20230907,3.01,3.01,2.95,2.95,3.01,-0.06,-1.9934,85908.0,25553.487
002048.SZ,20230907,14.7,14.7,14.5,14.51,14.7,-0.19,-1.2925,57084.59,83193.693
002049.SZ,20230907,94.0,94.0,90.98,90.98,94.11,-3.13,-3.3259,119394.37,1097826.849
002050.SZ,20230907,28.56,28.6,28.16,28.21,28.59,-0.38,-1.3291,128733.16,364753.898
002051.SZ,20230907,10.41,10.51,10.3,10.3,10.45,-0.15,-1.4354,96215.0,99952.229
002052.SZ,20230907,1.89,1.9,1.88,1.89,1.89,0.0,0.0,42640.2,8040.275
002053.SZ,20230907,10.64,10.64,10.32,10.37,10.64,-0.27,-2.5376,68778.65,72072.383
002054.SZ,20230907,6.97,6.98,6.89,6.89,6.96,-0.07,-1.0057,16688.63,11576.294
002055.SZ,20230907,9.44,9.44,9.28,9.28,9.46,-0.18,-1.9027,99857.45,93291.713
002056.SZ,20230907,16.51,16.59,16.22,16.22,16.61,-0.39,-2.348,117242.0,191324.383
002057.SZ,20230907,9.21,9.24,9.06,9.06,9.2,-0.14,-1.5217,34493.93,31514.194
002058.SZ,20230907,12.15,12.27,12.03,12.04,12.15,-0.11,-0.9053,26347.0,31970.928
002059.SZ,20230907,6.25,6.35,6.22,6.28,6.25,0.03,0.48,109871.02,69045.446
002060.SZ,20230907,5.86,5.87,5.74,5.74,5.87,-0.13,-2.2147,82559.79,47881.374
002061.SZ,20230907,4.08,4.1,4.03,4.04,4.08,-0.04,-0.9804,134381.16,54671.754
002062.SZ,20230907,4.87,4.88,4.79,4.8,4.88,-0.08,-1.6393,82438.0,39781.35
002063.SZ,20230907,6.46,6.47,6.32,6.34,6.46,-0.12,-1.8576,129109.48,82392.13
002064.SZ,20230907,7.35,7.39,7.27,7.29,7.37,-0.08,-1.0855,81979.0,59985.521
002065.SZ,20230907,6.7,6.81,6.66,6.67,6.72,-0.05,-0.744,255680.0,172122.9
002066.SZ,20230907,11.28,11.44,11.24,11.27,11.38,-0.11,-0.9666,18207.0,20633.05
002067.SZ,20230907,3.51,3.54,3.49,3.51,3.52,-0.01,-0.2841,88300.1,31025.904
002068.SZ,20230907,11.81,11.81,11.36,11.51,11.75,-0.24,-2.0426,148376.0,170712.849
002069.SZ,20230907,4.2,4.23,4.13,4.13,4.2,-0.07,-1.6667,152470.52,63611.402
002072.SZ,20230907,6.48,6.51,6.34,6.36,6.47,-0.11,-1.7002,28602.0,18355.747
002073.SZ,20230907,6.96,7.03,6.9,6.9,6.97,-0.07,-1.0043,109568.0,76170.321
002074.SZ,20230907,24.4,24.49,23.86,23.86,24.49,-0.63,-2.5725,75987.73,183103.695
002075.SZ,20230907,4.08,4.09,4.01,4.04,4.07,-0.03,-0.7371,121163.6,49067.329
002076.SZ,20230907,2.51,2.51,2.41,2.42,2.48,-0.06,-2.4194,106604.01,26078.394
002715.SZ,20230907,14.95,15.22,14.82,14.83,15.0,-0.17,-1.1333,14593.0,21889.629
002716.SZ,20230907,2.92,2.93,2.87,2.88,2.92,-0.04,-1.3699,184316.55,53289.198
002717.SZ,20230907,3.44,3.48,3.34,3.35,3.56,-0.21,-5.8989,1542940.0,523858.615
002718.SZ,20230907,16.49,17.38,16.45,16.79,16.65,0.14,0.8408,28398.93,48156.793
002719.SZ,20230907,11.96,12.19,11.64,11.67,11.86,-0.19,-1.602,184421.97,218021.646
002721.SZ,20230907,3.54,3.65,3.48,3.5,3.59,-0.09,-2.507,102556.0,36453.095
002722.SZ,20230907,14.1,14.37,14.07,14.16,14.06,0.1,0.7112,60674.0,86203.245
002723.SZ,20230907,11.2,11.32,10.81,10.85,11.2,-0.35,-3.125,59832.0,65862.317
002724.SZ,20230907,8.36,8.39,8.21,8.22,8.38,-0.16,-1.9093,49688.91,41233.77
002725.SZ,20230907,12.54,12.57,10.68,10.97,11.44,-0.47,-4.1084,764799.47,886973.285
002726.SZ,20230907,7.52,7.54,7.45,7.49,7.52,-0.03,-0.3989,34877.0,26111.507
002727.SZ,20230907,22.3,22.3,22.02,22.11,22.34,-0.23,-1.0295,42151.5,93270.92
002728.SZ,20230907,15.41,15.44,15.13,15.13,15.39,-0.26,-1.6894,90733.6,138338.156
002729.SZ,20230907,19.01,19.19,18.48,18.53,19.12,-0.59,-3.0858,23205.12,43471.416
002730.SZ,20230907,9.14,9.25,8.97,8.99,9.19,-0.2,-2.1763,45293.01,41134.734
002731.SZ,20230907,13.28,13.32,12.72,12.77,13.23,-0.46,-3.4769,25805.1,33320.126
002732.SZ,20230907,22.55,22.8,22.25,22.28,22.55,-0.27,-1.1973,11775.0,26521.518
002733.SZ,20230907,14.56,14.56,14.2,14.2,14.56,-0.36,-2.4725,34202.72,48988.186
002734.SZ,20230907,8.87,8.9,8.75,8.82,8.84,-0.02,-0.2262,28518.84,25177.109
002735.SZ,20230907,13.15,13.28,12.91,12.93,13.22,-0.29,-2.1936,25960.5,33970.039
002736.SZ,20230907,9.24,9.28,9.19,9.22,9.23,-0.01,-0.1083,163446.13,151053.464
002737.SZ,20230907,22.65,22.68,22.07,22.07,22.73,-0.66,-2.9037,40888.62,91242.061
002738.SZ,20230907,40.23,40.39,39.33,39.36,40.39,-1.03,-2.5501,120872.25,479984.646
002739.SZ,20230907,13.3,13.43,13.09,13.1,13.32,-0.22,-1.6517,176302.86,233390.894
002740.SZ,20230907,2.85,2.85,2.76,2.78,2.86,-0.08,-2.7972,65326.0,18312.176
002741.SZ,20230907,15.19,15.27,14.85,14.91,15.35,-0.44,-2.8664,26533.0,39809.704
002742.SZ,20230907,3.68,3.68,3.52,3.56,3.67,-0.11,-2.9973,20860.2,7471.828
002743.SZ,20230907,5.84,5.86,5.72,5.73,5.84,-0.11,-1.8836,44774.0,25850.481
002745.SZ,20230907,9.3,9.3,9.16,9.18,9.3,-0.12,-1.2903,122354.8,112713.692
002746.SZ,20230907,8.23,8.29,8.12,8.13,8.23,-0.1,-1.2151,90398.5,74165.209
002747.SZ,20230907,23.06,23.06,22.37,22.39,23.06,-0.67,-2.9055,97094.86,219734.027
002748.SZ,20230907,9.48,9.6,9.24,9.26,9.44,-0.18,-1.9068,14554.65,13633.294
002749.SZ,20230907,11.08,11.11,10.78,10.83,11.07,-0.24,-2.168,14686.52,16041.672
002750.SZ,20230907,10.7,10.7,10.28,10.34,10.7,-0.36,-3.3645,175478.24,183252.116
002752.SZ,20230907,5.29,5.31,5.19,5.2,5.3,-0.1,-1.8868,60349.55,31587.975
002753.SZ,20230907,7.26,7.31,7.18,7.19,7.27,-0.08,-1.1004,22850.0,16521.101
002755.SZ,20230907,7.75,7.75,7.53,7.54,7.71,-0.17,-2.2049,20911.6,15900.093
002756.SZ,20230907,50.49,50.79,49.48,49.48,50.8,-1.32,-2.5984,39725.52,198423.611
002757.SZ,20230907,14.67,14.83,14.5,14.55,14.68,-0.13,-0.8856,69324.0,101600.771
002758.SZ,20230907,11.35,11.43,11.25,11.25,11.41,-0.16,-1.4023,22658.84,25640.285
002759.SZ,20230907,12.3,12.38,12.11,12.11,12.35,-0.24,-1.9433,26278.0,32086.792
300377.SZ,20230907,8.66,8.85,8.58,8.75,8.69,0.06,0.6904,199127.62,174306.565
300378.SZ,20230907,25.66,25.68,24.7,24.81,25.48,-0.67,-2.6295,88321.68,220296.77
300379.SZ,20230907,18.24,18.59,18.11,18.19,18.27,-0.08,-0.4379,67756.34,124234.056
300380.SZ,20230907,27.22,27.83,27.07,27.35,27.2,0.15,0.5515,102785.0,282269.975
300381.SZ,20230907,7.22,7.22,7.06,7.06,7.19,-0.13,-1.8081,21448.0,15270.814
300382.SZ,20230907,10.94,10.96,10.42,10.42,10.88,-0.46,-4.2279,72793.0,77028.349
300383.SZ,20230907,10.03,10.16,9.96,9.98,10.05,-0.07,-0.6965,169693.83,170715.129
300384.SZ,20230907,16.88,17.01,16.71,16.73,16.88,-0.15,-0.8886,23245.34,39200.417
300385.SZ,20230907,6.49,6.5,6.27,6.27,6.47,-0.2,-3.0912,84136.38,53495.808
300386.SZ,20230907,11.07,11.26,11.02,11.07,11.07,0.0,0.0,60324.0,67153.48
300387.SZ,20230907,7.51,7.54,7.37,7.4,7.5,-0.1,-1.3333,37712.66,28046.579
300388.SZ,20230907,6.66,6.68,6.59,6.59,6.67,-0.08,-1.1994,42254.8,28017.871
300389.SZ,20230907,16.2,16.46,16.09,16.25,16.23,0.02,0.1232,50886.05,82775.147
300390.SZ,20230907,27.48,27.5,26.49,26.55,27.47,-0.92,-3.3491,102000.66,273536.91
300391.SZ,20230907,6.32,6.32,6.14,6.15,6.27,-0.12,-1.9139,36032.25,22282.852
300393.SZ,20230907,11.96,12.02,11.6,11.6,12.09,-0.49,-4.0529,191979.11,226269.236
300394.SZ,20230907,79.0,79.0,76.07,76.2,79.45,-3.25,-4.0906,114164.51,879694.332
300395.SZ,20230907,47.5,48.88,46.5,46.72,47.41,-0.69,-1.4554,32386.0,153063.404
300396.SZ,20230907,22.01,22.09,21.55,21.64,22.12,-0.48,-2.17,24726.35,53748.897
300397.SZ,20230907,10.87,11.0,10.69,10.73,10.9,-0.17,-1.5596,121035.22,131379.671
300398.SZ,20230907,17.32,17.32,16.66,16.69,17.54,-0.85,-4.8461,209143.09,354810.874
300399.SZ,20230907,13.45,13.82,13.37,13.64,13.49,0.15,1.1119,83491.03,114066.248
300400.SZ,20230907,18.3,18.43,17.35,17.35,18.93,-1.58,-8.3465,200663.79,358766.563
300401.SZ,20230907,11.61,11.62,11.46,11.47,11.58,-0.11,-0.9499,21326.0,24577.336
300402.SZ,20230907,19.23,19.24,18.67,18.67,19.22,-0.55,-2.8616,12640.0,23852.673
300403.SZ,20230907,8.1,8.13,7.96,7.97,8.15,-0.18,-2.2086,196760.71,157846.839
300404.SZ,20230907,8.74,8.78,8.53,8.55,8.75,-0.2,-2.2857,50765.35,43726.177
300405.SZ,20230907,5.96,5.99,5.85,5.86,5.96,-0.1,-1.6779,30711.9,18124.625
300406.SZ,20230907,18.8,19.32,18.57,18.57,19.05,-0.48,-2.5197,69882.76,131638.871
300407.SZ,20230907,8.67,8.68,8.48,8.48,8.65,-0.17,-1.9653,38401.19,32904.774
300408.SZ,20230907,31.82,31.84,31.28,31.35,31.85,-0.5,-1.5699,57651.02,181451.624
300409.SZ,20230907,11.57,11.57,11.24,11.25,11.57,-0.32,-2.7658,42747.36,48428.567
300410.SZ,20230907,8.7,8.73,8.4,8.42,8.86,-0.44,-4.9661,167162.14,143519.549
300411.SZ,20230907,6.91,6.95,6.71,6.75,6.9,-0.15,-2.1739,31919.0,21793.916
300412.SZ,20230907,5.26,5.26,5.14,5.15,5.26,-0.11,-2.0913,67030.9,34807.61
300413.SZ,20230907,28.85,28.9,28.16,28.22,28.88,-0.66,-2.2853,94575.16,269076.334
300414.SZ,20230907,11.04,11.97,10.86,11.83,11.2,0.63,5.625,553239.79,640660.301
300415.SZ,20230907,19.77,19.98,19.14,19.29,19.83,-0.54,-2.7231,65964.61,128395.519
300416.SZ,20230907,17.88,18.26,17.71,17.83,17.83,0.0,0.0,100531.0,181219.442
300417.SZ,20230907,11.83,11.91,11.51,11.55,11.81,-0.26,-2.2015,27991.0,32710.23
300418.SZ,20230907,35.69,35.9,33.71,33.8,34.57,-0.77,-2.2274,558521.83,1939027.119
301056.SZ,20230907,10.21,10.29,10.02,10.04,10.25,-0.21,-2.0488,46527.67,47148.609
301057.SZ,20230907,18.5,18.57,18.18,18.22,18.39,-0.17,-0.9244,10723.0,19705.173
301058.SZ,20230907,13.48,13.54,13.42,13.44,13.55,-0.11,-0.8118,15552.0,20925.62
301059.SZ,20230907,12.98,13.04,12.64,12.64,12.91,-0.27,-2.0914,11771.8,15038.404
301060.SZ,20230907,14.52,14.53,14.1,14.14,14.48,-0.34,-2.3481,29340.0,41740.818
301061.SZ,20230907,44.26,44.36,43.3,43.47,44.26,-0.79,-1.7849,7205.8,31506.716
301062.SZ,20230907,10.34,10.39,10.19,10.2,10.38,-0.18,-1.7341,14503.0,14884.835
301063.SZ,20230907,26.38,26.38,25.59,25.69,26.28,-0.59,-2.2451,5752.38,14851.89
301065.SZ,20230907,22.61,22.84,22.3,22.36,22.73,-0.37,-1.6278,10516.0,23660.244
301066.SZ,20230907,17.08,17.88,17.08,17.36,17.31,0.05,0.2889,87335.33,153663.943
301067.SZ,20230907,24.62,25.35,24.62,24.77,25.1,-0.33,-1.3147,25695.41,64118.72
301068.SZ,20230907,33.85,34.03,33.34,33.53,33.75,-0.22,-0.6519,2486.0,8354.578
301069.SZ,20230907,22.54,22.69,22.0,22.07,22.62,-0.55,-2.4315,13855.13,30855.362
301070.SZ,20230907,41.3,41.77,39.68,39.89,41.64,-1.75,-4.2027,10698.94,43550.187
301071.SZ,20230907,36.55,37.11,35.91,35.96,36.78,-0.82,-2.2295,36668.54,133267.587
301072.SZ,20230907,25.27,25.33,24.55,24.62,25.22,-0.6,-2.3791,14090.0,34879.051
301073.SZ,20230907,37.14,39.9,37.13,38.68,37.45,1.23,3.2844,123351.93,475913.995
301075.SZ,20230907,26.6,27.13,26.44,26.47,26.88,-0.41,-1.5253,14660.0,39359.504
301076.SZ,20230907,23.67,23.88,23.17,23.22,23.68,-0.46,-1.9426,10589.48,24769.129
301077.SZ,20230907,22.9,22.9,22.3,22.36,22.7,-0.34,-1.4978,7152.0,16130.252
301078.SZ,20230907,10.06,10.16,9.86,9.87,10.13,-0.26,-2.5666,129510.82,129147.298
301079.SZ,20230907,20.8,21.0,19.2,19.39,18.98,0.41,2.1602,110960.48,223452.942
301080.SZ,20230907,62.55,62.99,61.32,61.45,62.8,-1.35,-2.1497,4769.38,29513.45
301081.SZ,20230907,10.73,10.81,10.47,10.49,10.73,-0.24,-2.2367,27844.94,29480.509
301082.SZ,20230907,17.62,17.64,17.26,17.28,17.61,-0.33,-1.8739,15505.67,26979.042
301083.SZ,20230907,18.55,18.55,17.98,18.06,18.63,-0.57,-3.0596,45794.0,83493.346
301085.SZ,20230907,67.49,68.29,65.48,66.4,68.86,-2.46,-3.5725,36178.62,240744.219
301086.SZ,20230907,46.49,46.49,44.86,45.0,46.49,-1.49,-3.205,5638.5,25687.613
301087.SZ,20230907,38.16,38.25,37.41,37.41,38.2,-0.79,-2.0681,9398.11,35459.004
301088.SZ,20230907,17.28,17.35,17.04,17.04,17.28,-0.24,-1.3889,8354.0,14349.741
301089.SZ,20230907,53.16,53.4,51.6,51.6,53.16,-1.56,-2.9345,24912.74,129765.162
301090.SZ,20230907,10.85,10.85,10.69,10.73,10.83,-0.1,-0.9234,20808.0,22395.657
301091.SZ,20230907,17.43,17.52,16.99,17.0,17.43,-0.43,-2.467,32099.93,55221.194
301092.SZ,20230907,28.13,28.18,27.24,27.26,28.27,-1.01,-3.5727,25467.78,70342.582
301093.SZ,20230907,31.37,32.77,31.19,31.75,31.47,0.28,0.8897,12195.06,38912.525
301095.SZ,20230907,85.88,86.74,82.8,83.8,88.95,-5.15,-5.7898,86163.42,728710.853
301096.SZ,20230907,61.8,62.18,60.51,60.69,61.8,-1.11,-1.7961,10188.0,62287.945
301097.SZ,20230907,47.72,48.0,47.06,47.15,47.92,-0.77,-1.6068,2702.0,12809.891
301098.SZ,20230907,12.37,12.5,11.99,12.01,12.34,-0.33,-2.6742,49503.5,60498.226
301099.SZ,20230907,48.48,49.85,47.22,47.57,48.67,-1.1,-2.2601,24546.25,118467.934
301100.SZ,20230907,21.31,21.31,20.71,20.74,21.21,-0.47,-2.2159,8584.0,17911.794
605055.SH,20230907,6.45,6.55,6.44,6.48,6.49,-0.01,-0.1541,18276.22,11882.565
605056.SH,20230907,12.7,12.7,12.46,12.49,12.7,-0.21,-1.6535,6488.0,8141.222
605058.SH,20230907,22.21,22.33,21.88,21.93,22.24,-0.31,-1.3939,13466.75,29724.486
605060.SH,20230907,24.48,24.72,24.0,24.09,24.48,-0.39,-1.5931,8417.08,20483.411
605068.SH,20230907,25.9,26.35,25.38,26.34,25.92,0.42,1.6204,14754.75,38148.443
605077.SH,20230907,24.83,25.24,24.36,24.42,24.95,-0.53,-2.1242,16770.6,41701.465
605080.SH,20230907,27.3,27.5,26.75,26.79,27.26,-0.47,-1.7241,5420.4,14723.361
605086.SH,20230907,21.45,21.72,21.37,21.4,21.5,-0.1,-0.4651,13180.0,28437.989
605088.SH,20230907,21.16,21.2,20.5,20.7,21.29,-0.59,-2.7713,30080.0,62474.21
605090.SH,20230907,23.67,23.67,23.13,23.13,23.67,-0.54,-2.2814,27009.2,62838.728
605099.SH,20230907,23.9,24.08,23.52,23.56,23.89,-0.33,-1.3813,6757.0,16048.826
605100.SH,20230907,15.7,15.78,15.45,15.45,15.73,-0.28,-1.78,10572.77,16480.135
605108.SH,20230907,33.19,34.07,33.13,33.32,33.2,0.12,0.3614,10612.6,35688.019
605116.SH,20230907,21.68,21.72,21.41,21.42,21.63,-0.21,-0.9709,5535.0,11921.216
605117.SH,20230907,87.34,87.34,82.9,82.98,87.07,-4.09,-4.6974,81887.26,688420.754
605118.SH,20230907,15.4,15.47,15.13,15.13,15.35,-0.22,-1.4332,26817.65,40956.839
605128.SH,20230907,44.6,44.6,43.5,43.81,44.62,-0.81,-1.8153,13011.0,57100.62
605138.SH,20230907,8.11,8.37,8.07,8.25,8.14,0.11,1.3514,67495.0,55487.764
605151.SH,20230907,18.12,18.12,17.68,17.73,18.04,-0.31,-1.7184,11218.0,20044.699
605167.SH,20230907,9.79,9.79,9.56,9.58,9.75,-0.17,-1.7436,32340.0,31200.484
605168.SH,20230907,72.4,72.97,70.9,71.18,72.4,-1.22,-1.6851,9976.67,71542.01
605179.SH,20230907,12.37,12.37,12.09,12.11,12.32,-0.21,-1.7045,10698.0,13044.839
605180.SH,20230907,13.64,13.67,13.36,13.43,13.63,-0.2,-1.4674,9741.67,13151.721
605198.SH,20230907,18.76,19.03,18.71,18.71,18.94,-0.23,-1.2144,6923.61,12991.019
605258.SH,20230907,27.27,27.94,26.92,27.34,27.39,-0.05,-0.1825,23192.38,63720.831
605266.SH,20230907,49.72,50.44,49.29,49.33,50.01,-0.68,-1.3597,3785.41,18808.354
605268.SH,20230907,10.93,11.26,10.72,10.73,10.86,-0.13,-1.1971,34552.0,37668.039
605298.SH,20230907,15.45,15.59,15.18,15.23,15.46,-0.23,-1.4877,11289.9,17335.616
605305.SH,20230907,32.58,32.69,31.56,32.62,32.62,0.0,0.0,14979.96,48024.452
605318.SH,20230907,18.12,18.39,18.03,18.17,18.2,-0.03,-0.1648,23868.0,43362.519
605319.SH,20230907,16.94,17.0,16.57,16.75,16.85,-0.1,-0.5935,20323.21,34012.914
605336.SH,20230907,17.52,17.64,17.28,17.34,17.5,-0.16,-0.9143,15156.0,26476.162
605358.SH,20230907,34.7,34.7,33.56,33.56,34.86,-1.3,-3.7292,77378.19,262769.684
605366.SH,20230907,8.28,8.33,8.16,8.16,8.28,-0.12,-1.4493,28454.22,23413.605
605369.SH,20230907,52.3,52.8,51.15,51.27,52.17,-0.9,-1.7251,3518.0,18244.587
605378.SH,20230907,23.17,23.24,22.77,22.8,23.12,-0.32,-1.3841,5795.0,13287.579
605388.SH,20230907,13.17,13.17,12.95,12.97,13.07,-0.1,-0.7651,15545.0,20220.853
605389.SH,20230907,27.4,27.48,26.8,26.86,27.36,-0.5,-1.8275,7946.65,21527.069
605399.SH,20230907,15.66,15.81,15.25,15.25,15.63,-0.38,-2.4312,19598.38,30238.436
605488.SH,20230907,16.03,17.38,15.72,16.66,15.87,0.79,4.9779,104901.6,172897.063
605499.SH,20230907,190.37,191.22,186.65,186.83,190.37,-3.54,-1.8595,6324.0,118814.711
688655.SH,20230907,15.13,15.13,14.68,14.7,15.09,-0.39,-2.5845,18003.17,26721.33
688656.SH,20230907,37.47,37.47,36.07,36.42,37.66,-1.24,-3.2926,8095.76,29553.751
688658.SH,20230907,16.62,16.71,16.29,16.37,16.66,-0.29,-1.7407,29247.68,48303.345
688659.SH,20230907,13.5,13.5,12.97,13.01,13.43,-0.42,-3.1273,21793.77,28665.064
688660.SH,20230907,5.12,5.13,4.98,4.99,5.13,-0.14,-2.729,68969.06,34762.939
688661.SH,20230907,55.0,55.05,52.05,52.4,55.2,-2.8,-5.0725,24827.8,131976.993
688662.SH,20230907,36.6,36.77,34.71,34.75,36.6,-1.85,-5.0546,31721.53,112384.703
688663.SH,20230907,29.1,29.27,28.3,28.3,29.27,-0.97,-3.314,14293.08,41098.6
688665.SH,20230907,78.67,78.88,77.47,77.93,79.4,-1.47,-1.8514,3785.93,29572.366
688667.SH,20230907,73.86,74.19,72.7,72.72,73.81,-1.09,-1.4768,2799.85,20469.071
688668.SH,20230907,53.61,53.61,50.5,50.69,53.07,-2.38,-4.4846,20132.82,103256.388
688669.SH,20230907,18.3,18.48,17.97,18.04,18.3,-0.26,-1.4208,6492.0,11801.082
688670.SH,20230907,31.44,31.63,30.74,30.75,31.6,-0.85,-2.6899,5877.12,18316.951
688671.SH,20230907,59.31,59.7,52.88,52.96,60.1,-7.14,-11.8802,57872.51,322133.01
688676.SH,20230907,31.0,31.0,29.93,30.25,30.92,-0.67,-2.1669,27964.1,84743.644
688677.SH,20230907,50.4,50.78,49.48,49.78,50.34,-0.56,-1.1124,13465.19,67299.967
688678.SH,20230907,19.56,19.75,18.85,18.9,19.43,-0.53,-2.7277,13150.28,25135.939
688679.SH,20230907,15.65,15.65,14.81,14.85,15.71,-0.86,-5.4742,17549.5,26604.615
688680.SH,20230907,78.05,78.31,75.62,75.64,78.7,-3.06,-3.8882,12072.09,92418.953
688681.SH,20230907,14.84,15.0,14.75,14.77,14.99,-0.22,-1.4676,7745.74,11506.21
688682.SH,20230907,56.3,56.98,55.0,55.8,56.7,-0.9,-1.5873,6899.94,38518.093
688683.SH,20230907,24.58,24.58,23.71,23.72,24.21,-0.49,-2.024,4527.81,10832.294
688685.SH,20230907,20.45,20.88,20.0,20.1,20.36,-0.26,-1.277,15578.41,31762.133
688686.SH,20230907,117.6,117.61,115.0,115.38,117.4,-2.02,-1.7206,4556.7,52889.308
688687.SH,20230907,19.36,19.39,18.78,18.88,19.36,-0.48,-2.4793,21428.78,40695.491
688689.SH,20230907,26.61,26.84,26.14,26.22,26.66,-0.44,-1.6504,11725.58,31011.131
688690.SH,20230907,31.9,32.2,31.52,31.86,32.11,-0.25,-0.7786,47013.71,149408.756
688693.SH,20230907,64.2,64.31,58.35,59.52,65.99,-6.47,-9.8045,49591.88,301639.209
688696.SH,20230907,123.69,123.7,121.4,122.35,123.71,-1.36,-1.0993,4609.51,56468.547
688697.SH,20230907,23.43,23.56,22.5,22.63,23.37,-0.74,-3.1665,21996.71,50277.751
688698.SH,20230907,36.68,36.85,34.99,35.76,36.94,-1.18,-3.1944,49366.73,176400.958
688699.SH,20230907,42.97,42.97,41.93,41.93,43.07,-1.14,-2.6469,10808.3,45797.931
688700.SH,20230907,61.97,62.38,59.65,59.83,62.0,-2.17,-3.5,26153.15,158583.947
688701.SH,20230907,9.6,9.6,9.25,9.29,9.61,-0.32,-3.3299,15070.52,14193.663
688707.SH,20230907,24.08,24.28,23.52,23.56,24.01,-0.45,-1.8742,19647.16,46642.148
688711.SH,20230907,55.3,55.3,53.2,53.2,55.23,-2.03,-3.6755,18564.08,100589.715
688718.SH,20230907,16.64,16.78,16.06,16.13,16.64,-0.51,-3.0649,11276.65,18344.206
688722.SH,20230907,15.4,15.41,14.87,14.9,15.28,-0.38,-2.4869,16762.26,25151.749
688728.SH,20230907,15.69,15.69,15.24,15.26,15.6,-0.34,-2.1795,61038.59,94281.445
688733.SH,20230907,27.48,27.5,26.61,26.61,27.51,-0.9,-3.2715,12160.65,32742.132
688737.SH,20230907,27.89,27.9,26.8,26.92,27.66,-0.74,-2.6753,7830.52,21242.085
002077.SZ,20230907,16.75,16.77,16.25,16.25,17.19,-0.94,-5.4683,580485.03,954062.613
002078.SZ,20230907,11.87,11.97,11.75,11.81,11.88,-0.07,-0.5892,72262.13,85525.798
002079.SZ,20230907,12.6,12.6,12.16,12.16,12.67,-0.51,-4.0253,255448.83,314774.487
002080.SZ,20230907,21.71,21.81,21.38,21.4,21.71,-0.31,-1.4279,45200.39,97342.947
002081.SZ,20230907,4.63,4.66,4.56,4.57,4.64,-0.07,-1.5086,140521.5,64849.554
002082.SZ,20230907,6.61,6.62,6.49,6.51,6.63,-0.12,-1.81,29849.0,19548.959
002083.SZ,20230907,4.68,4.69,4.62,4.62,4.67,-0.05,-1.0707,60374.02,28121.001
002084.SZ,20230907,4.28,4.41,4.28,4.29,4.3,-0.01,-0.2326,193614.02,83789.901
002085.SZ,20230907,5.59,5.63,5.46,5.47,5.61,-0.14,-2.4955,164463.2,90787.283
002086.SZ,20230907,2.63,2.64,2.6,2.63,2.64,-0.01,-0.3788,20725.0,5428.536
002087.SZ,20230907,2.39,2.39,2.34,2.36,2.4,-0.04,-1.6667,87904.0,20795.216
002088.SZ,20230907,16.8,16.8,16.46,16.49,16.72,-0.23,-1.3756,15289.0,25348.838
002089.SZ,20230907,1.15,1.16,1.12,1.13,1.16,-0.03,-2.5862,307596.24,34925.466
002090.SZ,20230907,10.96,11.06,10.81,10.81,11.01,-0.2,-1.8165,44252.0,48423.784
002091.SZ,20230907,7.59,7.6,7.54,7.56,7.6,-0.04,-0.5263,67565.11,51153.911
002092.SZ,20230907,7.21,7.28,7.14,7.16,7.21,-0.05,-0.6935,228203.3,164429.916
002093.SZ,20230907,7.42,8.15,7.37,7.82,7.41,0.41,5.5331,791964.81,627200.269
002094.SZ,20230907,3.84,3.86,3.78,3.78,3.86,-0.08,-2.0725,98127.0,37425.602
002095.SZ,20230907,23.99,24.87,23.88,24.1,24.53,-0.43,-1.753,162282.96,393341.596
002096.SZ,20230907,11.46,11.49,11.23,11.24,11.46,-0.22,-1.9197,14905.0,16870.121
002097.SZ,20230907,6.1,6.13,5.99,5.99,6.1,-0.11,-1.8033,73918.29,44617.207
002098.SZ,20230907,6.38,6.4,6.28,6.3,6.38,-0.08,-1.2539,18253.0,11573.703
002099.SZ,20230907,7.82,7.82,7.6,7.62,7.74,-0.12,-1.5504,37561.0,28782.165
002100.SZ,20230907,7.24,7.27,7.13,7.15,7.24,-0.09,-1.2431,130673.62,94033.412
002101.SZ,20230907,17.65,17.65,17.11,17.16,17.72,-0.56,-3.1603,67757.62,117398.871
002102.SZ,20230907,3.02,3.04,3.0,3.04,3.02,0.02,0.6623,88444.0,26718.259
002103.SZ,20230907,6.13,6.16,6.05,6.05,6.14,-0.09,-1.4658,89234.0,54307.594
002104.SZ,20230907,8.75,8.86,8.68,8.69,8.79,-0.1,-1.1377,120857.09,105827.993
002105.SZ,20230907,6.35,6.36,6.25,6.27,6.36,-0.09,-1.4151,21095.0,13300.498
002106.SZ,20230907,9.33,9.33,9.11,9.14,9.31,-0.17,-1.826,108069.6,99392.968
002107.SZ,20230907,5.88,5.89,5.79,5.8,5.88,-0.08,-1.3605,35370.6,20610.37
002108.SZ,20230907,4.29,4.29,4.19,4.2,4.29,-0.09,-2.0979,112078.0,47387.541
002109.SZ,20230907,4.57,4.58,4.49,4.51,4.56,-0.05,-1.0965,26171.0,11869.198
002110.SZ,20230907,4.88,4.89,4.77,4.79,4.86,-0.07,-1.4403,119765.0,57656.943
002111.SZ,20230907,9.39,9.45,9.33,9.33,9.38,-0.05,-0.533,35633.81,33453.153
002112.SZ,20230907,10.81,10.86,10.39,10.53,10.82,-0.29,-2.6802,75290.9,79686.028
002114.SZ,20230907,7.31,7.35,6.97,6.98,7.33,-0.35,-4.7749,257087.0,181723.088
002115.SZ,20230907,6.7,6.79,6.62,6.63,6.72,-0.09,-1.3393,269707.75,180979.648
002116.SZ,20230907,11.64,11.64,11.37,11.39,11.62,-0.23,-1.9793,41497.71,47600.771
002117.SZ,20230907,9.71,9.77,9.38,9.43,9.63,-0.2,-2.0768,90925.89,86887.8
002119.SZ,20230907,12.95,13.07,12.73,12.75,13.1,-0.35,-2.6718,162944.93,209943.557
002760.SZ,20230907,24.39,25.04,24.17,24.33,24.46,-0.13,-0.5315,30393.42,74431.784
002761.SZ,20230907,13.97,14.27,13.9,14.07,13.96,0.11,0.788,294960.68,415914.821
002762.SZ,20230907,9.19,9.43,9.18,9.27,9.25,0.02,0.2162,113785.0,106113.915
002763.SZ,20230907,8.2,8.26,8.14,8.16,8.23,-0.07,-0.8505,25934.0,21225.652
002765.SZ,20230907,6.77,6.77,6.51,6.53,6.77,-0.24,-3.5451,134221.0,88533.882
002766.SZ,20230907,5.28,5.3,5.15,5.16,5.29,-0.13,-2.4575,67271.0,34993.489
002767.SZ,20230907,14.98,16.57,14.85,16.57,15.06,1.51,10.0266,101542.74,161030.638
002768.SZ,20230907,23.04,23.05,22.64,22.66,23.08,-0.42,-1.8198,12035.0,27438.55
002769.SZ,20230907,8.54,8.62,8.42,8.56,8.54,0.02,0.2342,39635.0,33853.146
002771.SZ,20230907,17.3,17.55,17.12,17.31,17.33,-0.02,-0.1154,77052.6,133645.402
002772.SZ,20230907,9.06,9.07,8.88,8.88,9.06,-0.18,-1.9868,39222.0,35168.355
002773.SZ,20230907,15.08,15.1,14.78,14.81,15.08,-0.27,-1.7905,41238.64,61426.608
002774.SZ,20230907,8.37,8.41,8.23,8.23,8.37,-0.14,-1.6726,30521.0,25380.456
002775.SZ,20230907,4.08,4.09,4.01,4.01,4.06,-0.05,-1.2315,41742.6,16859.623
002776.SZ,20230907,1.75,1.84,1.75,1.84,1.75,0.09,5.1429,512993.76,92626.833
002777.SZ,20230907,31.98,32.49,31.2,31.31,32.12,-0.81,-2.5218,135872.14,431636.948
002778.SZ,20230907,14.5,14.62,14.1,14.15,14.51,-0.36,-2.481,41833.5,60324.711
002779.SZ,20230907,22.08,22.33,21.73,21.85,22.08,-0.23,-1.0417,6532.0,14404.452
002780.SZ,20230907,13.0,13.05,12.75,12.75,12.95,-0.2,-1.5444,19509.6,25179.826
002782.SZ,20230907,12.5,12.52,12.2,12.21,12.5,-0.29,-2.32,57168.39,70436.081
002783.SZ,20230907,8.6,8.64,8.45,8.47,8.58,-0.11,-1.2821,42512.42,36374.286
002785.SZ,20230907,22.76,22.95,22.57,22.7,22.85,-0.15,-0.6565,22528.0,51217.907
002786.SZ,20230907,6.31,6.38,6.24,6.26,6.39,-0.13,-2.0344,113460.0,71374.736
002787.SZ,20230907,9.09,9.19,8.99,9.03,9.14,-0.11,-1.2035,53739.0,48821.056
002788.SZ,20230907,9.48,9.57,9.4,9.4,9.49,-0.09,-0.9484,47801.02,45211.559
002789.SZ,20230907,15.5,15.5,15.16,15.26,15.4,-0.14,-0.9091,17316.5,26459.677
002790.SZ,20230907,12.83,13.29,12.8,12.82,12.99,-0.17,-1.3087,32961.09,42810.051
002791.SZ,20230907,63.2,64.22,61.5,61.6,63.09,-1.49,-2.3617,24777.6,154624.081
002792.SZ,20230907,15.19,15.2,14.77,14.79,15.2,-0.41,-2.6974,88598.09,132694.359
002793.SZ,20230907,5.45,5.45,5.28,5.29,5.45,-0.16,-2.9358,52700.0,28148.133
002795.SZ,20230907,9.14,9.41,8.8,8.8,9.78,-0.98,-10.0204,693962.09,627269.375
002796.SZ,20230907,10.95,11.09,10.8,10.81,10.98,-0.17,-1.5483,50372.43,55059.906
002797.SZ,20230907,5.96,6.01,5.92,5.92,5.97,-0.05,-0.8375,415941.07,247982.213
002798.SZ,20230907,7.43,7.77,7.12,7.13,7.36,-0.23,-3.125,409150.36,303264.821
002799.SZ,20230907,11.91,11.95,11.6,11.62,11.99,-0.37,-3.0859,86044.08,100863.981
002800.SZ,20230907,15.68,15.95,15.67,15.87,15.79,0.08,0.5066,12405.0,19621.976
002801.SZ,20230907,23.03,23.12,22.49,22.5,23.04,-0.54,-2.3438,8976.95,20405.452
002802.SZ,20230907,11.87,11.95,11.62,11.73,11.87,-0.14,-1.1794,30122.17,35435.035
002803.SZ,20230907,18.38,18.6,18.05,18.05,18.37,-0.32,-1.742,59748.93,109404.296
002805.SZ,20230907,17.36,17.39,16.81,16.81,17.34,-0.53,-3.0565,43044.24,73244.373
002806.SZ,20230907,11.69,11.71,11.43,11.43,11.69,-0.26,-2.2241,25370.0,29254.57
300419.SZ,20230907,7.31,7.5,7.2,7.34,7.23,0.11,1.5214,395100.24,290720.511
300420.SZ,20230907,3.08,3.08,3.02,3.02,3.07,-0.05,-1.6287,116614.34,35508.512
300421.SZ,20230907,9.75,9.8,9.48,9.5,9.8,-0.3,-3.0612,56192.6,54042.185
300422.SZ,20230907,6.24,6.24,6.07,6.08,6.22,-0.14,-2.2508,76735.16,47115.344
300423.SZ,20230907,8.73,8.85,8.5,8.5,8.74,-0.24,-2.746,63749.0,55150.971
300424.SZ,20230907,13.25,13.42,13.18,13.21,13.29,-0.08,-0.602,34694.39,46145.365
300425.SZ,20230907,4.93,4.94,4.86,4.91,4.95,-0.04,-0.8081,150294.58,73586.239
300426.SZ,20230907,11.05,11.32,10.73,10.8,11.13,-0.33,-2.965,72445.0,79916.535
300427.SZ,20230907,7.1,7.12,7.0,7.01,7.13,-0.12,-1.683,35961.0,25397.819
300428.SZ,20230907,22.71,22.71,22.25,22.25,22.83,-0.58,-2.5405,28741.54,64546.358
300429.SZ,20230907,10.91,11.49,10.62,10.99,10.98,0.01,0.0911,602460.56,665231.712
300430.SZ,20230907,14.51,14.65,13.97,14.05,14.55,-0.5,-3.4364,34000.04,48182.699
300432.SZ,20230907,9.48,9.51,9.3,9.3,9.52,-0.22,-2.3109,76932.99,72086.402
300433.SZ,20230907,12.42,12.48,12.27,12.3,12.48,-0.18,-1.4423,223455.73,276177.809
300434.SZ,20230907,11.67,11.71,11.42,11.42,11.65,-0.23,-1.9742,49917.19,57475.98
300435.SZ,20230907,14.48,14.49,14.26,14.27,14.51,-0.24,-1.654,42863.0,61466.173
300436.SZ,20230907,24.37,24.37,23.62,23.64,24.38,-0.74,-3.0353,12940.0,30952.745
300437.SZ,20230907,14.12,14.22,13.9,13.9,14.17,-0.27,-1.9054,30966.0,43445.078
300438.SZ,20230907,34.75,34.84,33.62,33.65,34.75,-1.1,-3.1655,81022.91,275456.308
300439.SZ,20230907,11.57,11.61,11.37,11.41,11.59,-0.18,-1.5531,40406.0,46348.052
300440.SZ,20230907,7.1,7.21,7.07,7.08,7.15,-0.07,-0.979,43954.0,31407.967
300441.SZ,20230907,6.14,6.16,6.01,6.03,6.14,-0.11,-1.7915,42106.0,25568.658
300442.SZ,20230907,26.31,26.41,25.9,25.91,26.25,-0.34,-1.2952,42103.2,109842.488
300443.SZ,20230907,28.78,28.85,28.19,28.19,28.86,-0.67,-2.3216,26564.89,75448.563
300444.SZ,20230907,6.51,6.52,6.31,6.33,6.5,-0.17,-2.6154,149828.26,95595.697
300445.SZ,20230907,16.36,16.36,15.8,15.83,16.36,-0.53,-3.2396,30974.6,49380.96
300446.SZ,20230907,13.05,13.12,12.53,12.57,13.1,-0.53,-4.0458,59037.35,75564.785
300447.SZ,20230907,16.61,16.8,16.24,16.24,16.8,-0.56,-3.3333,45493.0,75040.459
300448.SZ,20230907,6.25,6.31,6.15,6.18,6.24,-0.06,-0.9615,184649.9,114888.308
300449.SZ,20230907,6.25,6.3,6.16,6.19,6.27,-0.08,-1.2759,50015.0,31192.16
300450.SZ,20230907,29.19,29.26,28.14,28.18,29.3,-1.12,-3.8225,205905.84,586797.258
300451.SZ,20230907,6.75,6.82,6.67,6.68,6.77,-0.09,-1.3294,149529.52,100869.038
300452.SZ,20230907,14.8,14.91,14.69,14.69,14.86,-0.17,-1.144,25491.3,37743.649
300453.SZ,20230907,7.05,7.05,6.94,6.94,7.04,-0.1,-1.4205,24762.0,17325.47
300454.SZ,20230907,106.01,106.46,104.0,104.01,106.48,-2.47,-2.3197,9700.79,101859.766
300455.SZ,20230907,11.89,12.07,11.55,11.56,12.16,-0.6,-4.9342,326716.59,383367.092
300456.SZ,20230907,23.05,23.43,22.72,22.82,23.44,-0.62,-2.6451,325370.59,749665.076
300457.SZ,20230907,21.0,21.08,20.34,20.36,20.81,-0.45,-2.1624,259846.67,534595.024
300458.SZ,20230907,25.62,25.8,25.03,25.06,25.88,-0.82,-3.1685,157481.44,399699.471
300459.SZ,20230907,5.4,5.49,5.29,5.29,5.37,-0.08,-1.4898,1113108.16,601185.185
301101.SZ,20230907,37.46,37.97,37.0,37.07,37.45,-0.38,-1.0147,7485.59,28026.576
301102.SZ,20230907,21.45,21.78,21.01,21.02,21.38,-0.36,-1.6838,15984.54,34105.417
301103.SZ,20230907,34.08,34.45,33.62,33.71,34.21,-0.5,-1.4616,16936.52,57486.238
301105.SZ,20230907,39.24,39.24,38.16,38.2,38.93,-0.73,-1.8752,2199.0,8482.848
301106.SZ,20230907,42.4,42.4,41.34,41.45,42.12,-0.67,-1.5907,5347.0,22320.258
301107.SZ,20230907,32.53,32.53,31.3,31.46,32.48,-1.02,-3.1404,14539.09,46219.318
301108.SZ,20230907,35.87,36.03,34.97,34.98,35.87,-0.89,-2.4812,3744.0,13233.478
301109.SZ,20230907,16.65,16.65,16.32,16.34,16.67,-0.33,-1.9796,20473.37,33682.5
301110.SZ,20230907,48.99,49.75,48.83,48.96,48.82,0.14,0.2868,11278.96,55543.336
301111.SZ,20230907,18.9,18.9,18.49,18.55,18.78,-0.23,-1.2247,13268.45,24801.81
301112.SZ,20230907,31.6,31.65,30.8,30.84,31.53,-0.69,-2.1884,9138.0,28393.579
301113.SZ,20230907,33.5,34.96,33.28,33.59,33.3,0.29,0.8709,20760.23,70399.769
301115.SZ,20230907,20.66,20.74,20.27,20.29,20.75,-0.46,-2.2169,27452.0,56164.339
301116.SZ,20230907,15.1,15.23,14.95,14.97,15.13,-0.16,-1.0575,28371.18,42779.215
301117.SZ,20230907,52.34,52.34,50.29,50.33,52.34,-2.01,-3.8403,23004.6,117633.361
301118.SZ,20230907,26.32,26.35,25.52,25.52,26.43,-0.91,-3.4431,21453.34,55431.064
301119.SZ,20230907,27.6,27.6,26.38,26.42,27.37,-0.95,-3.471,14596.4,38960.126
301120.SZ,20230907,12.94,12.95,12.64,12.66,12.92,-0.26,-2.0124,38023.48,48545.946
301121.SZ,20230907,42.5,42.5,41.37,41.39,42.43,-1.04,-2.4511,8147.0,34059.907
301122.SZ,20230907,34.99,35.0,34.23,34.25,34.81,-0.56,-1.6087,3943.51,13619.261
301123.SZ,20230907,23.7,23.7,22.86,22.92,23.72,-0.8,-3.3727,23498.76,54586.864
301125.SZ,20230907,20.31,20.37,19.85,19.85,20.3,-0.45,-2.2167,14943.4,29882.4
301126.SZ,20230907,12.83,12.84,12.53,12.56,12.83,-0.27,-2.1044,31637.08,40026.529
301127.SZ,20230907,9.92,9.96,9.86,9.86,9.9,-0.04,-0.404,32820.95,32479.49
301128.SZ,20230907,42.72,43.2,38.1,38.52,43.3,-4.78,-11.0393,107698.68,432549.482
301129.SZ,20230907,32.8,32.89,31.56,31.79,33.22,-1.43,-4.3046,15569.91,49913.774
301130.SZ,20230907,30.22,30.22,29.5,29.51,30.01,-0.5,-1.6661,7470.0,22226.662
301131.SZ,20230907,41.31,41.51,39.86,40.0,40.61,-0.61,-1.5021,7444.13,30062.62
301132.SZ,20230907,30.7,30.79,29.62,29.79,30.72,-0.93,-3.0273,45576.45,137508.468
301133.SZ,20230907,27.65,27.7,26.89,27.02,27.59,-0.57,-2.066,12358.06,33562.989
301135.SZ,20230907,25.1,25.1,24.68,24.77,25.01,-0.24,-0.9596,16116.43,40134.621
301136.SZ,20230907,15.85,16.04,15.59,15.59,16.04,-0.45,-2.8055,96208.1,151610.872
301137.SZ,20230907,19.79,19.79,18.8,19.19,19.48,-0.29,-1.4887,90368.16,173449.675
301138.SZ,20230907,32.87,32.88,32.11,32.18,32.88,-0.7,-2.129,11315.61,36650.336
301139.SZ,20230907,30.09,31.34,29.9,30.36,30.35,0.01,0.0329,54138.89,165959.411
301141.SZ,20230907,57.71,60.11,55.5,58.1,57.17,0.93,1.6267,57348.99,332376.133
301148.SZ,20230907,26.65,26.86,25.73,25.77,26.73,-0.96,-3.5915,51015.98,133454.4
301149.SZ,20230907,11.21,11.34,11.05,11.05,11.35,-0.3,-2.6432,35314.0,39479.016
301150.SZ,20230907,40.78,40.78,39.15,39.23,40.59,-1.36,-3.3506,5901.26,23435.173
301151.SZ,20230907,18.26,18.33,17.98,17.98,18.27,-0.29,-1.5873,11819.0,21410.847
301152.SZ,20230907,32.82,32.88,31.98,32.06,32.96,-0.9,-2.7306,23501.4,75925.142
605500.SH,20230907,7.79,7.81,7.65,7.68,7.76,-0.08,-1.0309,20977.3,16207.142
605507.SH,20230907,20.2,20.27,20.04,20.06,20.3,-0.24,-1.1823,7668.02,15438.29
605567.SH,20230907,12.76,12.81,12.66,12.66,12.74,-0.08,-0.6279,15804.29,20108.099
605580.SH,20230907,11.58,11.66,11.41,11.43,11.6,-0.17,-1.4655,18338.8,21055.484
605588.SH,20230907,50.66,50.66,50.66,50.66,46.05,4.61,10.0109,13399.0,67879.334
688001.SH,20230907,32.24,32.29,31.19,31.19,32.08,-0.89,-2.7743,19987.91,63002.596
688002.SH,20230907,50.39,50.49,49.2,49.31,50.28,-0.97,-1.9292,37461.16,185564.523
688004.SH,20230907,31.1,31.55,30.62,30.72,31.12,-0.4,-1.2853,10882.58,33861.162
688005.SH,20230907,46.76,47.52,45.25,45.53,47.02,-1.49,-3.1689,75249.21,345988.068
688008.SH,20230907,53.48,53.78,50.72,51.5,53.79,-2.29,-4.2573,140843.42,731501.356
688009.SH,20230907,5.59,5.64,5.51,5.51,5.57,-0.06,-1.0772,259949.08,144904.528
688011.SH,20230907,23.69,23.73,23.19,23.38,23.64,-0.26,-1.0998,5612.26,13177.026
688013.SH,20230907,21.79,21.86,21.4,21.48,21.79,-0.31,-1.4227,7512.21,16221.73
688018.SH,20230907,115.71,116.14,113.9,114.15,116.25,-2.1,-1.8065,7945.66,91412.033
688019.SH,20230907,166.0,167.0,157.11,157.65,168.94,-11.29,-6.6828,22119.71,355561.986
688020.SH,20230907,48.1,48.22,46.5,46.79,48.1,-1.31,-2.7235,6274.14,29646.147
688022.SH,20230907,33.1,33.1,31.88,32.3,32.98,-0.68,-2.0619,14435.85,46566.817
688023.SH,20230907,158.02,159.6,156.21,156.55,157.51,-0.96,-0.6095,2918.73,45962.639
688027.SH,20230907,135.61,135.8,130.77,131.25,136.31,-5.06,-3.7121,9373.29,124201.673
688028.SH,20230907,21.8,21.8,21.26,21.3,21.67,-0.37,-1.7074,12850.79,27580.471
688029.SH,20230907,74.45,75.33,73.83,73.83,74.55,-0.72,-0.9658,10746.74,80120.819
688031.SH,20230907,82.42,84.45,79.04,79.21,83.06,-3.85,-4.6352,11893.44,95903.615
688032.SH,20230907,264.91,266.51,254.03,254.38,264.94,-10.56,-3.9858,7970.62,206822.628
688037.SH,20230907,150.11,150.15,144.18,144.73,152.3,-7.57,-4.9705,34995.3,511902.927
688038.SH,20230907,14.09,14.31,13.88,13.92,14.07,-0.15,-1.0661,24516.15,34569.564
688041.SH,20230907,59.53,60.1,57.93,58.08,60.0,-1.92,-3.2,178645.64,1048733.81
688047.SH,20230907,94.94,95.0,90.0,90.0,95.23,-5.23,-5.492,37978.75,348060.727
688048.SH,20230907,68.08,68.38,65.16,65.46,69.45,-3.99,-5.7451,48627.16,324519.46
688051.SH,20230907,34.39,35.21,34.0,34.65,34.65,0.0,0.0,12032.12,41733.32
688052.SH,20230907,128.69,128.7,124.77,125.0,129.0,-4.0,-3.1008,11211.8,141404.823
688057.SH,20230907,14.33,14.34,13.95,13.97,14.33,-0.36,-2.5122,12870.03,18121.825
688059.SH,20230907,94.43,94.91,92.18,93.35,94.8,-1.45,-1.5295,2377.03,22157.674
688060.SH,20230907,49.49,49.97,48.29,48.3,49.49,-1.19,-2.4045,2565.28,12560.701
688061.SH,20230907,45.39,45.39,43.23,43.38,44.98,-1.6,-3.5571,6736.73,29594.589
688062.SH,20230907,20.71,20.79,20.35,20.41,20.7,-0.29,-1.401,14142.98,29041.765
688067.SH,20230907,22.76,22.99,22.45,22.5,22.76,-0.26,-1.1424,4513.6,10248.637
688070.SH,20230907,38.34,38.7,37.44,37.44,38.3,-0.86,-2.2454,2078.7,7896.239
688076.SH,20230907,30.1,30.67,29.78,29.88,30.47,-0.59,-1.9363,15838.1,47779.827
688077.SH,20230907,26.12,26.25,25.37,25.47,26.1,-0.63,-2.4138,7838.17,20143.134
688083.SH,20230907,136.89,136.89,132.94,133.52,136.15,-2.63,-1.9317,5177.5,69499.579
688739.SH,20230907,32.56,32.66,32.28,32.33,32.56,-0.23,-0.7064,13179.48,42752.622
688766.SH,20230907,102.24,105.24,99.7,101.0,102.48,-1.48,-1.4442,13010.54,132625.207
688767.SH,20230907,28.14,28.63,27.75,27.75,28.37,-0.62,-2.1854,5749.77,16146.4
688768.SH,20230907,55.5,55.8,52.33,52.49,55.01,-2.52,-4.581,11987.13,64388.309
688772.SH,20230907,18.82,19.15,18.58,18.99,18.81,0.18,0.9569,178805.53,337791.781
688776.SH,20230907,88.0,89.74,82.31,82.54,87.38,-4.84,-5.539,26639.79,224216.689
688777.SH,20230907,50.18,50.18,48.5,48.7,49.95,-1.25,-2.5025,58737.05,288310.135
688778.SH,20230907,42.3,42.3,41.31,41.62,41.8,-0.18,-0.4306,10314.31,42923.502
688779.SH,20230907,9.51,9.55,9.2,9.2,9.54,-0.34,-3.5639,91132.6,85189.239
688786.SH,20230907,43.55,43.97,43.05,43.42,43.29,0.13,0.3003,6496.94,28303.485
688787.SH,20230907,78.59,78.68,75.7,75.73,78.56,-2.83,-3.6023,12767.74,97928.443
688788.SH,20230907,38.98,39.3,37.98,38.0,38.99,-0.99,-2.5391,7712.7,29695.044
688789.SH,20230907,90.57,91.99,89.3,89.84,91.05,-1.21,-1.3289,5214.08,47129.324
688793.SH,20230907,33.33,33.9,32.31,32.5,33.28,-0.78,-2.3438,9616.03,31529.264
688798.SH,20230907,70.56,71.5,69.95,70.1,70.6,-0.5,-0.7082,8947.37,63338.522
688799.SH,20230907,39.19,39.19,38.08,38.23,39.0,-0.77,-1.9744,6977.4,26850.412
688800.SH,20230907,42.68,42.69,40.66,41.3,42.58,-1.28,-3.0061,20130.45,83163.149
688819.SH,20230907,35.5,35.58,34.78,34.78,35.35,-0.57,-1.6124,15402.7,54166.971
688981.SH,20230907,55.88,55.88,51.96,52.12,56.83,-4.71,-8.2879,847808.82,4541997.493
689009.SH,20230907,33.97,34.16,32.9,33.0,33.76,-0.76,-2.2512,33933.44,113499.715
000001.SZ,20230907,11.4,11.44,11.32,11.33,11.43,-0.1,-0.8749,540041.57,613812.176
000002.SZ,20230907,14.09,14.32,13.99,14.0,14.17,-0.17,-1.1997,836227.94,1184230.179
000004.SZ,20230907,16.72,17.2,16.65,16.85,16.72,0.13,0.7775,101173.0,171333.526
000005.SZ,20230907,1.43,1.44,1.4,1.41,1.44,-0.03,-2.0833,58732.0,8358.019
000006.SZ,20230907,4.77,4.91,4.75,4.79,4.82,-0.03,-0.6224,441776.12,213548.181
000007.SZ,20230907,4.8,4.83,4.62,4.72,4.83,-0.11,-2.2774,31146.62,14699.903
000008.SZ,20230907,2.43,2.44,2.39,2.4,2.44,-0.04,-1.6393,274984.0,66252.221
000009.SZ,20230907,10.78,10.81,10.61,10.62,10.82,-0.2,-1.8484,86265.04,92106.205
000010.SZ,20230907,2.93,2.96,2.86,2.87,2.96,-0.09,-3.0405,351411.0,102307.59
000011.SZ,20230907,10.19,10.51,10.18,10.22,10.29,-0.07,-0.6803,154296.79,159564.958
000012.SZ,20230907,5.84,5.84,5.74,5.75,5.83,-0.08,-1.3722,125573.4,72683.039
000014.SZ,20230907,13.5,13.8,13.42,13.42,13.63,-0.21,-1.5407,119980.94,163145.052
000016.SZ,20230907,4.46,4.46,4.33,4.33,4.46,-0.13,-2.9148,103738.64,45453.042
000017.SZ,20230907,4.65,4.66,4.57,4.57,4.63,-0.06,-1.2959,34746.04,16012.03
000019.SZ,20230907,7.39,7.42,7.31,7.32,7.4,-0.08,-1.0811,33202.2,24436.105
000020.SZ,20230907,12.25,12.25,12.01,12.01,12.28,-0.27,-2.1987,19761.0,23944.067
000021.SZ,20230907,18.45,18.82,18.21,18.23,18.61,-0.38,-2.0419,495782.79,916416.989
000023.SZ,20230907,6.35,6.37,6.26,6.29,6.35,-0.06,-0.9449,6580.0,4155.625
000025.SZ,20230907,16.1,16.1,15.76,15.76,16.02,-0.26,-1.623,21790.3,34607.812
000026.SZ,20230907,11.92,11.94,11.74,11.79,11.92,-0.13,-1.0906,24326.79,28808.547
002120.SZ,20230907,10.74,10.88,10.55,10.58,10.75,-0.17,-1.5814,208324.59,222434.906
002121.SZ,20230907,5.99,5.99,5.75,5.77,5.96,-0.19,-3.1879,182592.0,106544.353
002122.SZ,20230907,3.49,3.51,3.37,3.38,3.51,-0.13,-3.7037,348275.63,119497.393
002123.SZ,20230907,16.56,16.71,15.28,15.35,16.07,-0.72,-4.4804,363350.8,570234.453
002124.SZ,20230907,4.46,4.48,4.37,4.38,4.46,-0.08,-1.7937,192877.0,85304.5
002125.SZ,20230907,11.39,11.44,11.14,11.15,11.39,-0.24,-2.1071,55040.38,61851.649
002126.SZ,20230907,18.0,18.0,17.56,17.68,18.0,-0.32,-1.7778,97271.01,172368.451
002127.SZ,20230907,3.65,3.67,3.59,3.59,3.67,-0.08,-2.1798,145161.44,52594.65
002128.SZ,20230907,13.87,14.23,13.87,13.99,13.93,0.06,0.4307,149332.11,210087.326
002129.SZ,20230907,25.42,25.57,24.85,24.85,25.58,-0.73,-2.8538,320695.57,803810.301
002130.SZ,20230907,7.08,7.08,6.91,6.93,7.09,-0.16,-2.2567,155572.7,108592.174
002131.SZ,20230907,2.38,2.39,2.3,2.31,2.36,-0.05,-2.1186,1864113.38,436378.873
002132.SZ,20230907,3.42,3.43,3.32,3.33,3.43,-0.1,-2.9155,135984.5,45828.039
002133.SZ,20230907,3.59,3.96,3.55,3.8,3.6,0.2,5.5556,937047.41,363004.34
002134.SZ,20230907,10.33,10.37,10.18,10.2,10.37,-0.17,-1.6393,40731.0,41819.241
002135.SZ,20230907,5.98,6.02,5.9,5.92,6.0,-0.08,-1.3333,106393.14,63282.937
002136.SZ,20230907,11.68,11.71,11.4,11.43,11.67,-0.24,-2.0566,16097.59,18526.708
002137.SZ,20230907,7.02,7.02,6.72,6.73,6.96,-0.23,-3.3046,347246.0,236768.255
002138.SZ,20230907,27.77,27.84,26.96,27.34,27.86,-0.52,-1.8665,81290.37,221815.739
002139.SZ,20230907,11.1,11.1,10.81,10.84,11.09,-0.25,-2.2543,137692.29,150206.052
002140.SZ,20230907,9.16,9.18,9.01,9.01,9.15,-0.14,-1.5301,17979.4,16344.724
002141.SZ,20230907,3.17,3.19,3.07,3.09,3.18,-0.09,-2.8302,133875.0,41717.43
002142.SZ,20230907,28.0,28.07,27.72,27.8,28.02,-0.22,-0.7852,136184.01,379273.376
002144.SZ,20230907,11.56,11.61,11.38,11.41,11.55,-0.14,-1.2121,18807.0,21631.903
002145.SZ,20230907,5.37,5.38,5.25,5.26,5.37,-0.11,-2.0484,134336.1,71091.746
002146.SZ,20230907,2.38,2.52,2.35,2.35,2.41,-0.06,-2.4896,3103688.7,753874.987
002148.SZ,20230907,6.01,6.08,5.98,5.98,6.02,-0.04,-0.6645,87123.0,52526.291
002149.SZ,20230907,15.99,16.28,15.63,15.65,15.9,-0.25,-1.5723,50737.0,80435.412
002150.SZ,20230907,14.87,14.94,14.34,14.38,14.78,-0.4,-2.7064,39977.0,58185.957
002151.SZ,20230907,32.66,32.7,31.89,31.9,32.72,-0.82,-2.5061,86523.54,279125.357
002152.SZ,20230907,12.33,12.47,12.2,12.21,12.29,-0.08,-0.6509,179854.24,221604.331
002153.SZ,20230907,13.1,13.19,12.88,12.91,13.1,-0.19,-1.4504,64610.82,84120.774
002154.SZ,20230907,6.22,6.3,6.18,6.23,6.27,-0.04,-0.638,105996.09,66101.586
002155.SZ,20230907,11.85,11.85,11.62,11.65,11.89,-0.24,-2.0185,187554.14,219483.851
002156.SZ,20230907,21.0,21.0,20.28,20.29,21.33,-1.04,-4.8758,505357.2,1039846.599
002157.SZ,20230907,2.9,2.9,2.84,2.84,2.91,-0.07,-2.4055,335330.87,96001.879
002158.SZ,20230907,25.63,25.78,25.08,25.1,25.75,-0.65,-2.5243,30829.76,78063.553
002159.SZ,20230907,16.05,16.39,16.0,16.09,16.08,0.01,0.0622,51941.15,84146.621
002160.SZ,20230907,4.15,4.17,4.07,4.08,4.16,-0.08,-1.9231,93397.41,38418.754
002161.SZ,20230907,5.57,5.61,5.53,5.53,5.6,-0.07,-1.25,120039.34,66792.193
002807.SZ,20230907,3.77,3.79,3.75,3.76,3.76,0.0,0.0,169642.4,63980.915
002808.SZ,20230907,5.89,5.9,5.75,5.75,5.9,-0.15,-2.5424,37110.0,21560.418
002809.SZ,20230907,11.1,11.1,10.9,10.92,11.1,-0.18,-1.6216,23129.25,25403.321
002810.SZ,20230907,17.76,17.8,17.33,17.34,17.75,-0.41,-2.3099,21175.0,37013.25
002811.SZ,20230907,8.38,9.1,8.38,8.48,8.48,0.0,0.0,71953.22,62381.461
002812.SZ,20230907,64.7,64.88,62.93,62.94,64.73,-1.79,-2.7653,96824.79,616006.002
002813.SZ,20230907,34.68,34.9,33.48,33.5,34.68,-1.18,-3.4025,14405.0,48821.432
002815.SZ,20230907,11.73,11.79,11.45,11.46,11.79,-0.33,-2.799,58176.0,67172.407
002816.SZ,20230907,10.45,10.68,10.33,10.68,10.53,0.15,1.4245,11339.0,11893.054
002817.SZ,20230907,8.4,8.44,8.26,8.29,8.41,-0.12,-1.4269,25622.79,21355.09
002818.SZ,20230907,14.36,14.5,14.27,14.28,14.32,-0.04,-0.2793,25356.0,36475.663
002819.SZ,20230907,26.9,26.95,26.23,26.43,27.0,-0.57,-2.1111,23767.0,63130.003
002820.SZ,20230907,10.77,10.87,10.6,10.65,10.8,-0.15,-1.3889,43193.6,46308.035
002821.SZ,20230907,124.49,124.76,122.24,122.53,124.49,-1.96,-1.5744,18948.28,233334.345
002822.SZ,20230907,4.84,5.12,4.76,4.8,4.95,-0.15,-3.0303,723153.85,354401.766
002823.SZ,20230907,10.4,10.4,10.17,10.21,10.4,-0.19,-1.8269,19410.0,19909.038
002824.SZ,20230907,18.86,18.89,18.28,18.28,18.89,-0.61,-3.2292,29352.33,54231.987
002825.SZ,20230907,8.41,8.41,8.26,8.28,8.39,-0.11,-1.3111,24956.84,20752.84
002826.SZ,20230907,10.73,10.73,10.47,10.5,10.68,-0.18,-1.6854,30299.0,32040.205
002827.SZ,20230907,11.29,11.4,11.12,11.12,11.26,-0.14,-1.2433,18714.21,21012.737
002828.SZ,20230907,8.98,9.19,8.9,9.01,9.11,-0.1,-1.0977,172382.2,155534.551
002829.SZ,20230907,29.81,29.84,28.96,29.01,29.99,-0.98,-3.2678,36154.07,105731.838
002830.SZ,20230907,13.92,14.04,13.76,13.77,13.91,-0.14,-1.0065,12601.0,17495.663
002831.SZ,20230907,24.34,24.36,23.9,23.99,24.34,-0.35,-1.438,18465.91,44458.123
002832.SZ,20230907,33.52,34.0,33.4,33.49,33.67,-0.18,-0.5346,14778.17,49693.504
002833.SZ,20230907,20.66,20.67,20.0,20.04,20.42,-0.38,-1.8609,49729.95,100700.383
002835.SZ,20230907,17.6,17.78,17.41,17.41,17.65,-0.24,-1.3598,32523.0,57139.584
002836.SZ,20230907,8.4,8.44,8.24,8.27,8.37,-0.1,-1.1947,14194.2,11801.919
002837.SZ,20230907,28.1,29.59,27.8,27.86,28.24,-0.38,-1.3456,92782.81,265802.476
002838.SZ,20230907,14.1,14.2,13.83,13.86,14.08,-0.22,-1.5625,21146.48,29555.842
002839.SZ,20230907,4.37,4.41,4.35,4.36,4.37,-0.01,-0.2288,158152.14,69225.353
002840.SZ,20230907,14.44,14.71,13.98,14.04,14.46,-0.42,-2.9046,73861.0,105762.314
002841.SZ,20230907,53.55,53.55,52.39,52.4,53.69,-1.29,-2.4027,17697.55,93643.637
002842.SZ,20230907,8.95,8.99,8.8,8.82,8.94,-0.12,-1.3423,35889.88,31898.223
002843.SZ,20230907,19.21,19.6,18.28,18.36,18.9,-0.54,-2.8571,74226.6,140837.232
002845.SZ,20230907,16.2,16.58,15.97,16.14,16.27,-0.13,-0.799,143699.43,232620.096
002846.SZ,20230907,12.49,12.59,12.08,12.1,12.54,-0.44,-3.5088,73245.44,89775.699
002847.SZ,20230907,79.0,79.0,77.0,77.36,79.0,-1.64,-2.0759,5460.0,42432.365
002848.SZ,20230907,10.58,11.2,10.21,10.21,10.38,-0.17,-1.6378,167599.0,178081.464
002849.SZ,20230907,16.14,16.16,15.45,15.59,16.1,-0.51,-3.1677,33525.0,52552.31
002850.SZ,20230907,103.02,103.18,99.9,100.2,103.53,-3.33,-3.2165,21860.18,220262.488
300460.SZ,20230907,13.1,13.52,12.53,12.53,13.59,-1.06,-7.7999,468306.77,608878.515
300461.SZ,20230907,20.63,20.87,19.77,19.95,20.63,-0.68,-3.2962,40069.17,80431.535
300462.SZ,20230907,11.28,11.36,11.1,11.12,11.25,-0.13,-1.1556,24886.85,27890.803
300463.SZ,20230907,14.5,14.54,14.26,14.27,14.53,-0.26,-1.7894,27644.0,39753.381
300464.SZ,20230907,6.19,6.2,6.04,6.06,6.18,-0.12,-1.9417,37941.0,23161.684
300465.SZ,20230907,10.51,10.95,10.49,10.66,10.63,0.03,0.2822,239649.0,256934.415
300466.SZ,20230907,6.53,6.54,6.39,6.41,6.53,-0.12,-1.8377,78581.0,50638.904
300467.SZ,20230907,15.52,17.66,15.52,16.47,15.19,1.28,8.4266,335958.01,559231.847
300468.SZ,20230907,11.19,11.48,11.17,11.41,11.28,0.13,1.1525,240276.74,273010.241
300469.SZ,20230907,18.9,19.43,18.85,18.97,18.95,0.02,0.1055,24676.0,47227.538
300470.SZ,20230907,39.8,40.0,39.25,39.41,40.0,-0.59,-1.475,11728.96,46335.943
300471.SZ,20230907,13.3,13.45,13.14,13.16,13.4,-0.24,-1.791,47677.81,63245.23
300472.SZ,20230907,9.58,9.58,9.33,9.35,9.56,-0.21,-2.1967,27137.0,25565.248
300473.SZ,20230907,17.9,17.99,17.51,17.55,17.96,-0.41,-2.2829,30656.0,54338.076
300474.SZ,20230907,77.0,77.5,74.58,75.0,78.36,-3.36,-4.2879,121227.11,919779.041
300475.SZ,20230907,35.75,38.4,34.78,36.5,36.43,0.07,0.1921,405619.57,1477792.372
300476.SZ,20230907,21.96,22.01,21.24,21.45,22.01,-0.56,-2.5443,243677.64,524595.384
300477.SZ,20230907,4.4,4.41,4.3,4.31,4.42,-0.11,-2.4887,85831.0,37274.182
300478.SZ,20230907,11.17,11.27,11.07,11.08,11.12,-0.04,-0.3597,19995.2,22312.035
300479.SZ,20230907,18.45,18.85,18.33,18.64,18.42,0.22,1.1944,79412.0,148207.549
300480.SZ,20230907,22.25,22.5,21.75,21.76,22.24,-0.48,-2.1583,32462.26,71597.768
300481.SZ,20230907,18.56,18.56,18.0,18.0,18.63,-0.63,-3.3816,56876.64,103760.093
300482.SZ,20230907,24.59,24.69,24.2,24.2,24.66,-0.46,-1.8654,22997.0,56057.415
300483.SZ,20230907,13.24,13.42,13.04,13.04,13.48,-0.44,-3.2641,106507.0,140544.578
300484.SZ,20230907,12.44,12.46,12.12,12.19,12.42,-0.23,-1.8519,26798.0,32912.734
300485.SZ,20230907,10.95,10.96,10.76,10.76,10.92,-0.16,-1.4652,23290.0,25285.382
300486.SZ,20230907,8.34,8.34,8.07,8.1,8.32,-0.22,-2.6442,42562.5,34806.485
300487.SZ,20230907,60.1,60.27,59.3,59.38,60.02,-0.64,-1.0663,13357.87,79603.532
300488.SZ,20230907,22.93,22.98,22.42,22.47,22.92,-0.45,-1.9634,6472.0,14607.381
300489.SZ,20230907,22.0,22.0,21.03,21.08,22.38,-1.3,-5.8088,106866.64,228726.118
300490.SZ,20230907,13.67,13.89,13.25,13.27,13.54,-0.27,-1.9941,70465.17,94970.893
300491.SZ,20230907,25.9,26.05,25.15,25.2,26.08,-0.88,-3.3742,33127.8,84335.215
300492.SZ,20230907,60.33,60.7,60.04,60.25,60.33,-0.08,-0.1326,1538.0,9281.243
300493.SZ,20230907,8.59,8.73,8.49,8.49,8.65,-0.16,-1.8497,117622.23,100978.872
300494.SZ,20230907,15.15,15.51,14.51,14.53,14.63,-0.1,-0.6835,536440.37,804595.879
300495.SZ,20230907,2.1,2.1,2.01,2.02,2.13,-0.11,-5.1643,133165.0,27278.295
300496.SZ,20230907,81.36,81.44,79.47,79.7,81.9,-2.2,-2.6862,46916.87,376878.697
300497.SZ,20230907,11.58,11.63,11.14,11.18,11.6,-0.42,-3.6207,76573.32,86968.238
300498.SZ,20230907,16.68,16.85,16.46,16.51,16.69,-0.18,-1.0785,155495.08,258601.141
300499.SZ,20230907,13.81,13.85,13.22,13.25,13.86,-0.61,-4.4012,112410.73,151302.262
300500.SZ,20230907,16.95,17.15,16.85,16.89,16.93,-0.04,-0.2363,35554.3,60411.987
301153.SZ,20230907,61.7,62.51,60.42,60.42,61.97,-1.55,-2.5012,14941.86,91643.051
301155.SZ,20230907,58.28,58.28,56.41,56.42,58.29,-1.87,-3.2081,17606.03,100662.843
301156.SZ,20230907,17.82,18.13,17.66,17.92,17.85,0.07,0.3922,24489.4,43897.926
301157.SZ,20230907,54.37,55.55,52.48,52.78,56.35,-3.57,-6.3354,26165.76,140295.437
301158.SZ,20230907,18.33,18.4,17.66,17.66,18.7,-1.04,-5.5615,107299.82,192552.345
301159.SZ,20230907,50.33,52.03,50.0,50.59,51.05,-0.46,-0.9011,43171.94,221402.671
301160.SZ,20230907,35.83,36.4,35.63,35.75,36.41,-0.66,-1.8127,8976.0,32273.422
301161.SZ,20230907,23.67,23.97,23.25,23.26,23.65,-0.39,-1.649,15220.24,35919.507
301162.SZ,20230907,61.73,62.34,59.88,60.02,61.73,-1.71,-2.7701,5386.8,32592.462
301163.SZ,20230907,29.12,29.25,28.5,28.6,29.08,-0.48,-1.6506,8321.03,23950.031
301165.SZ,20230907,44.8,45.16,43.71,43.71,45.16,-1.45,-3.2108,21039.92,92808.195
301166.SZ,20230907,39.57,39.89,38.85,38.85,39.68,-0.83,-2.0917,4746.0,18588.7
301167.SZ,20230907,18.01,18.11,17.54,17.54,18.01,-0.47,-2.6097,24745.35,44078.722
301168.SZ,20230907,42.81,42.98,41.4,41.6,43.09,-1.49,-3.4579,26212.0,110054.01
301169.SZ,20230907,60.21,62.93,59.77,60.46,62.9,-2.44,-3.8792,67751.62,416025.795
301170.SZ,20230907,37.1,37.3,35.89,36.09,37.47,-1.38,-3.6829,24440.4,88766.443
301171.SZ,20230907,17.86,18.07,17.61,17.65,17.9,-0.25,-1.3966,71394.09,127179.703
301172.SZ,20230907,41.91,42.96,40.99,41.01,42.47,-1.46,-3.4377,45048.33,188426.238
301175.SZ,20230907,5.93,5.94,5.84,5.85,5.93,-0.08,-1.3491,132071.19,77829.793
301176.SZ,20230907,17.39,17.49,17.16,17.22,17.5,-0.28,-1.6,8414.43,14553.606
301177.SZ,20230907,35.17,35.26,34.39,34.42,35.17,-0.75,-2.1325,5082.0,17653.284
301178.SZ,20230907,35.6,37.48,35.2,36.42,35.9,0.52,1.4485,58245.89,213394.856
301179.SZ,20230907,27.75,28.0,27.07,27.07,28.02,-0.95,-3.3904,25587.2,70135.947
301180.SZ,20230907,17.22,17.3,16.9,17.03,17.35,-0.32,-1.8444,29480.01,50378.714
301181.SZ,20230907,31.85,32.09,31.02,31.17,31.85,-0.68,-2.135,14739.2,46211.028
301182.SZ,20230907,24.2,24.44,23.2,23.44,25.2,-1.76,-6.9841,70647.42,167647.643
301183.SZ,20230907,53.03,53.44,51.2,51.3,54.6,-3.3,-6.044,87449.41,455617.519
301185.SZ,20230907,25.99,26.35,25.46,25.62,25.86,-0.24,-0.9281,42715.95,110196.648
301186.SZ,20230907,40.01,40.48,39.06,39.12,40.5,-1.38,-3.4074,14873.0,58910.248
301187.SZ,20230907,18.08,18.12,17.58,17.61,17.98,-0.37,-2.0578,13021.38,23088.906
301188.SZ,20230907,12.89,12.94,12.76,12.78,12.95,-0.17,-1.3127,33461.0,43039.622
301189.SZ,20230907,29.86,29.9,29.3,29.34,29.78,-0.44,-1.4775,5376.0,15899.86
301190.SZ,20230907,20.9,20.96,20.35,20.39,20.92,-0.53,-2.5335,20425.03,42040.282
301191.SZ,20230907,81.18,81.9,77.2,77.5,81.27,-3.77,-4.6389,24215.58,192547.75
301192.SZ,20230907,25.11,25.11,24.28,24.37,25.2,-0.83,-3.2937,13907.5,34110.917
301193.SZ,20230907,18.71,18.77,18.4,18.46,18.64,-0.18,-0.9657,7711.41,14309.876
301195.SZ,20230907,48.32,48.41,46.05,46.1,46.09,0.01,0.0217,29992.99,140776.662
301196.SZ,20230907,34.33,34.33,33.83,33.87,34.34,-0.47,-1.3687,4142.0,14104.274
301197.SZ,20230907,20.79,20.83,20.32,20.38,20.7,-0.32,-1.5459,10742.52,22101.034
301198.SZ,20230907,14.52,14.6,14.21,14.23,14.5,-0.27,-1.8621,13986.25,20047.523
301199.SZ,20230907,26.98,26.98,26.2,26.28,26.98,-0.7,-2.5945,10018.91,26539.846
920247.BJ,20230907,6.51,6.55,6.34,6.44,6.55,-0.11,-1.6794,1321.88,853.163
920720.BJ,20230907,5.46,5.49,5.25,5.28,5.4,-0.12,-2.2222,1788.35,952.083
920033.BJ,20230907,38.99,39.8,37.15,37.71,38.93,-1.22,-3.1338,3570.39,13883.415
920680.BJ,20230907,12.56,12.57,12.11,12.28,12.44,-0.16,-1.2862,3905.19,4833.673
920509.BJ,20230907,8.17,8.38,8.09,8.24,8.17,0.07,0.8568,1780.59,1467.72
920419.BJ,20230907,8.37,8.43,8.21,8.3,8.43,-0.13,-1.5421,7372.79,6125.379
920274.BJ,20230907,7.4,7.46,7.12,7.12,7.35,-0.23,-3.1293,13176.28,9520.516
920639.BJ,20230907,3.79,3.8,3.74,3.75,3.81,-0.06,-1.5748,3616.71,1364.417
920006.BJ,20230907,11.66,11.75,11.25,11.25,11.66,-0.41,-3.5163,3909.95,4493.516
920946.BJ,20230907,7.23,7.24,7.01,7.04,7.19,-0.15,-2.0862,3846.87,2736.299
920207.BJ,20230907,5.88,5.9,5.61,5.7,5.8,-0.1,-1.7241,2921.48,1678.224
920422.BJ,20230907,5.56,5.62,5.56,5.59,5.6,-0.01,-0.1786,587.53,327.924
920892.BJ,20230907,8.67,8.73,8.55,8.56,8.68,-0.12,-1.3825,1611.82,1384.137
920392.BJ,20230907,5.79,6.2,5.79,6.06,6.1,-0.04,-0.6557,449.2,272.796
920809.BJ,20230907,4.95,5.03,4.93,4.93,4.98,-0.05,-1.004,10511.85,5224.446
920608.BJ,20230907,7.25,7.25,7.07,7.13,7.2,-0.07,-0.9722,463.34,328.872
920092.BJ,20230907,15.2,15.58,14.7,15.0,15.4,-0.4,-2.5974,3057.5,4676.712
920640.BJ,20230907,16.09,16.49,15.9,16.12,15.9,0.22,1.3836,8110.71,13183.312
920871.BJ,20230907,4.46,4.49,4.42,4.48,4.54,-0.06,-1.3216,973.6,434.131
920982.BJ,20230907,135.48,136.8,133.79,134.93,136.0,-1.07,-0.7868,1535.75,20784.398
920689.BJ,20230907,8.39,8.52,8.3,8.37,8.46,-0.09,-1.0638,617.77,518.206
920405.BJ,20230907,9.8,9.85,9.59,9.61,9.7,-0.09,-0.9278,1070.56,1036.138
920837.BJ,20230907,4.46,4.46,4.39,4.4,4.44,-0.04,-0.9009,5989.5,2649.388
920475.BJ,20230907,6.59,6.59,6.4,6.55,6.58,-0.03,-0.4559,815.61,528.129
920030.BJ,20230907,2.6,2.61,2.55,2.56,2.61,-0.05,-1.9157,4445.9,1143.832
920575.BJ,20230907,16.34,16.34,16.02,16.21,16.22,-0.01,-0.0617,932.0,1504.516
920642.BJ,20230907,7.75,7.82,7.45,7.61,7.76,-0.15,-1.933,1490.29,1138.963
920634.BJ,20230907,7.31,7.31,7.2,7.27,7.25,0.02,0.2759,258.94,187.637
920491.BJ,20230907,13.22,13.49,12.5,12.64,13.31,-0.67,-5.0338,55052.65,70809.901
920427.BJ,20230907,5.41,5.45,5.34,5.38,5.47,-0.09,-1.6453,1176.66,631.462
920039.BJ,20230907,4.92,4.93,4.87,4.9,4.9,0.0,0.0,1012.81,496.598
920526.BJ,20230907,5.09,5.2,4.91,4.91,5.18,-0.27,-5.2124,15378.64,7703.795
920023.BJ,20230907,2.8,2.8,2.75,2.75,2.79,-0.04,-1.4337,4665.78,1292.281
920781.BJ,20230907,4.22,4.24,4.16,4.17,4.22,-0.05,-1.1848,1725.93,724.06
920870.BJ,20230907,7.18,7.25,7.11,7.12,7.16,-0.04,-0.5587,2110.33,1511.668
920807.BJ,20230907,5.16,5.19,5.13,5.14,5.18,-0.04,-0.7722,508.7,261.516
920906.BJ,20230907,11.03,11.11,10.81,10.81,11.12,-0.31,-2.7878,2081.97,2278.225
920199.BJ,20230907,12.02,12.02,11.71,11.83,11.95,-0.12,-1.0042,427.41,504.014
920212.BJ,20230907,5.01,5.06,4.93,4.94,5.04,-0.1,-1.9841,2336.91,1164.382
920057.BJ,20230907,3.15,3.15,3.12,3.13,3.15,-0.02,-0.6349,3031.25,950.405
920627.BJ,20230907,9.8,12.1,9.8,11.23,6.0,5.23,87.1667,216054.53,237227.477
000027.SZ,20230907,6.47,6.48,6.33,6.34,6.49,-0.15,-2.3112,225454.83,144115.129
000028.SZ,20230907,31.56,31.71,30.88,30.93,31.55,-0.62,-1.9651,44546.43,138910.269
000029.SZ,20230907,11.74,11.89,11.61,11.62,11.86,-0.24,-2.0236,38899.73,45729.556
000030.SZ,20230907,5.42,5.42,5.3,5.3,5.42,-0.12,-2.214,54212.33,29024.075
000031.SZ,20230907,3.89,3.95,3.84,3.85,3.89,-0.04,-1.0283,154214.0,60178.802
000032.SZ,20230907,27.1,27.25,26.58,26.69,27.06,-0.37,-1.3673,80414.1,216103.299
000034.SZ,20230907,29.16,30.38,29.03,29.14,29.17,-0.03,-0.1028,270966.62,802186.177
000035.SZ,20230907,5.22,5.25,5.08,5.09,5.25,-0.16,-3.0476,120427.0,62035.169
000036.SZ,20230907,3.98,4.01,3.91,3.92,3.98,-0.06,-1.5075,114117.5,45145.377
000037.SZ,20230907,9.6,9.65,9.33,9.35,9.58,-0.23,-2.4008,94885.61,89330.778
000039.SZ,20230907,7.13,7.15,7.05,7.07,7.11,-0.04,-0.5626,98121.51,69580.742
000040.SZ,20230907,4.0,4.02,3.95,3.95,4.02,-0.07,-1.7413,149044.64,59265.45
000042.SZ,20230907,7.34,7.43,7.21,7.24,7.35,-0.11,-1.4966,42862.0,31405.461
000045.SZ,20230907,10.61,10.64,10.45,10.46,10.6,-0.14,-1.3208,35661.0,37574.051
000046.SZ,20230907,2.15,2.24,2.1,2.24,2.13,0.11,5.1643,1470328.28,320776.544
000048.SZ,20230907,19.4,21.22,19.36,20.38,19.41,0.97,4.9974,192544.29,397420.665
000049.SZ,20230907,31.98,32.07,31.26,31.27,31.98,-0.71,-2.2201,30077.63,94883.311
000050.SZ,20230907,9.23,9.29,9.12,9.16,9.23,-0.07,-0.7584,145194.02,133539.311
000055.SZ,20230907,5.05,5.07,4.96,4.96,5.04,-0.08,-1.5873,92014.5,46156.695
000056.SZ,20230907,3.51,3.91,3.47,3.61,3.55,0.06,1.6901,688669.68,251641.336
000058.SZ,20230907,7.33,7.59,6.84,6.87,7.05,-0.18,-2.5532,819289.97,587828.624
000059.SZ,20230907,6.18,6.21,6.08,6.08,6.18,-0.1,-1.6181,71418.0,43778.904
000060.SZ,20230907,5.42,5.43,5.3,5.32,5.44,-0.12,-2.2059,285935.28,153001.888
000061.SZ,20230907,6.64,6.77,6.64,6.7,6.67,0.03,0.4498,69754.22,46925.863
000062.SZ,20230907,12.01,12.06,11.57,11.61,12.07,-0.46,-3.8111,130991.12,153408.888
000063.SZ,20230907,33.9,33.98,33.1,33.17,33.88,-0.71,-2.0956,383420.52,1281803.057
000065.SZ,20230907,14.58,14.74,14.37,14.4,14.64,-0.24,-1.6393,112577.07,163795.194
000066.SZ,20230907,11.16,11.2,10.91,10.95,11.16,-0.21,-1.8817,376031.34,415214.082
000068.SZ,20230907,3.64,3.64,3.53,3.53,3.65,-0.12,-3.2877,118417.02,42195.802
000069.SZ,20230907,4.41,4.47,4.39,4.39,4.41,-0.02,-0.4535,312314.16,138375.851
000070.SZ,20230907,8.1,8.16,7.97,7.99,8.25,-0.26,-3.1515,345649.95,278172.429
000078.SZ,20230907,3.04,3.04,3.0,3.01,3.05,-0.04,-1.3115,79759.93,24069.69
000088.SZ,20230907,5.01,5.03,4.96,4.96,5.0,-0.04,-0.8,44198.16,22011.554
000089.SZ,20230907,6.91,6.93,6.86,6.88,6.91,-0.03,-0.4342,66638.0,45947.384
000090.SZ,20230907,6.4,6.58,6.35,6.4,6.41,-0.01,-0.156,327359.0,211769.424
000096.SZ,20230907,8.93,9.05,8.81,8.88,8.9,-0.02,-0.2247,40428.17,36068.246
000099.SZ,20230907,8.29,8.29,8.11,8.11,8.29,-0.18,-2.1713,67006.37,54811.196
000100.SZ,20230907,4.14,4.15,4.03,4.04,4.14,-0.1,-2.4155,2121507.42,864506.141
000151.SZ,20230907,11.93,12.08,11.84,11.84,11.99,-0.15,-1.251,38480.95,45916.536
000153.SZ,20230907,9.05,9.1,8.94,8.95,9.08,-0.13,-1.4317,36489.0,32919.929
002162.SZ,20230907,4.55,4.61,4.5,4.51,4.58,-0.07,-1.5284,99681.0,45327.124
002163.SZ,20230907,9.51,9.51,9.31,9.31,9.46,-0.15,-1.5856,31573.09,29588.274
002164.SZ,20230907,5.74,5.74,5.56,5.57,5.75,-0.18,-3.1304,65378.02,36832.606
002165.SZ,20230907,4.28,4.28,4.2,4.2,4.26,-0.06,-1.4085,99327.0,42026.77
002166.SZ,20230907,7.41,7.41,7.25,7.27,7.44,-0.17,-2.2849,67274.33,49230.429
002167.SZ,20230907,7.02,7.04,6.89,6.91,7.01,-0.1,-1.4265,86477.74,60059.439
002168.SZ,20230907,4.4,4.52,4.31,4.31,4.4,-0.09,-2.0455,143028.0,62925.08
002169.SZ,20230907,7.56,7.56,7.3,7.3,7.82,-0.52,-6.6496,541774.71,401950.253
002170.SZ,20230907,5.82,5.86,5.73,5.75,5.85,-0.1,-1.7094,62048.53,35912.55
002171.SZ,20230907,7.18,7.24,7.09,7.1,7.22,-0.12,-1.662,71129.0,50766.154
002172.SZ,20230907,3.66,3.66,3.55,3.57,3.66,-0.09,-2.459,116209.0,41796.993
002173.SZ,20230907,8.12,8.12,7.97,7.97,8.14,-0.17,-2.0885,145614.0,116866.31
002174.SZ,20230907,12.56,12.73,12.01,12.1,12.44,-0.34,-2.7331,414940.09,510306.295
002175.SZ,20230907,2.93,2.95,2.87,2.88,2.95,-0.07,-2.3729,132953.0,38537.646
002176.SZ,20230907,9.45,9.46,9.26,9.26,9.47,-0.21,-2.2175,242446.0,226157.223
002177.SZ,20230907,4.76,4.77,4.6,4.61,4.79,-0.18,-3.7578,493600.01,228991.222
002178.SZ,20230907,4.29,4.33,4.17,4.19,4.28,-0.09,-2.1028,247242.0,104422.529
002179.SZ,20230907,44.59,45.2,44.31,44.67,44.7,-0.03,-0.0671,70767.36,316283.64
002180.SZ,20230907,27.78,27.78,26.66,26.68,27.69,-1.01,-3.6475,102467.47,276645.461
002181.SZ,20230907,4.75,4.82,4.69,4.7,4.76,-0.06,-1.2605,107558.0,50988.867
002182.SZ,20230907,20.76,21.05,20.25,20.43,20.78,-0.35,-1.6843,73767.02,151629.165
002183.SZ,20230907,4.52,4.52,4.38,4.39,4.52,-0.13,-2.8761,392968.86,174228.813
002184.SZ,20230907,14.67,14.67,14.38,14.47,14.7,-0.23,-1.5646,52811.5,76639.722
002185.SZ,20230907,9.25,9.25,9.12,9.13,9.26,-0.13,-1.4039,254556.32,233616.167
002186.SZ,20230907,12.58,12.82,12.53,12.56,12.57,-0.01,-0.0796,81456.02,103148.413
002187.SZ,20230907,6.63,6.72,6.58,6.58,6.64,-0.06,-0.9036,43226.0,28711.613
002188.SZ,20230907,6.54,6.64,6.43,6.45,6.56,-0.11,-1.6768,57125.0,37332.989
002189.SZ,20230907,16.26,16.63,16.1,16.25,16.3,-0.05,-0.3067,53247.06,87100.407
002190.SZ,20230907,20.36,20.38,19.93,19.95,20.36,-0.41,-2.0138,23059.36,46345.057
002191.SZ,20230907,6.14,6.2,6.08,6.08,6.17,-0.09,-1.4587,68852.0,42165.403
002192.SZ,20230907,53.54,53.59,51.6,51.85,53.55,-1.7,-3.1746,63499.03,332500.323
002193.SZ,20230907,6.39,6.43,6.31,6.32,6.38,-0.06,-0.9404,45315.0,28851.724
002194.SZ,20230907,9.48,9.56,9.34,9.35,9.5,-0.15,-1.5789,129505.69,122239.206
002195.SZ,20230907,3.01,3.05,3.0,3.02,3.02,0.0,0.0,729959.62,220467.351
002196.SZ,20230907,6.66,6.66,6.49,6.49,6.66,-0.17,-2.5526,96935.4,63468.174
002197.SZ,20230907,10.28,10.41,10.15,10.18,10.31,-0.13,-1.2609,239260.97,246036.951
002198.SZ,20230907,6.81,6.81,6.67,6.7,6.82,-0.12,-1.7595,38264.0,25720.079
002199.SZ,20230907,8.63,8.67,8.46,8.5,8.68,-0.18,-2.0737,107600.8,92098.111
002200.SZ,20230907,8.12,8.16,7.98,8.04,8.19,-0.15,-1.8315,5294.0,4261.986
002201.SZ,20230907,9.09,9.1,8.83,8.84,9.07,-0.23,-2.5358,42792.14,38253.967
002202.SZ,20230907,9.58,9.58,9.4,9.4,9.59,-0.19,-1.9812,147931.72,140128.487
002851.SZ,20230907,30.75,30.75,30.03,30.15,30.75,-0.6,-1.9512,20332.0,61623.868
002852.SZ,20230907,11.58,11.59,11.3,11.32,11.62,-0.3,-2.5818,45715.0,52276.3
002853.SZ,20230907,19.0,19.4,18.45,18.58,18.95,-0.37,-1.9525,13153.0,24708.789
002855.SZ,20230907,19.48,19.48,19.02,19.1,17.71,1.39,7.8487,356618.13,692994.608
002856.SZ,20230907,11.02,11.21,10.82,10.88,10.98,-0.1,-0.9107,30809.72,33872.986
002857.SZ,20230907,19.01,19.03,18.61,18.73,18.93,-0.2,-1.0565,4287.0,8049.528
002858.SZ,20230907,17.7,18.01,17.35,17.42,17.7,-0.28,-1.5819,52525.0,92597.358
002859.SZ,20230907,27.55,27.63,27.15,27.28,27.7,-0.42,-1.5162,13634.78,37289.386
002860.SZ,20230907,13.3,13.34,13.01,13.03,13.31,-0.28,-2.1037,25485.9,33469.76
002861.SZ,20230907,13.11,13.39,12.97,12.97,14.41,-1.44,-9.9931,244049.24,318092.466
002862.SZ,20230907,17.37,17.37,17.04,17.11,17.28,-0.17,-0.9838,8634.0,14836.663
002863.SZ,20230907,5.9,5.9,5.76,5.76,5.92,-0.16,-2.7027,59849.97,34823.265
002864.SZ,20230907,34.55,34.83,33.74,33.87,34.84,-0.97,-2.7842,28128.52,96060.297
002865.SZ,20230907,91.81,95.2,89.7,90.13,92.44,-2.31,-2.4989,101171.4,929021.903
002866.SZ,20230907,23.0,23.06,22.12,22.16,23.06,-0.9,-3.9029,114913.17,257942.18
002867.SZ,20230907,16.79,17.06,16.67,16.76,16.73,0.03,0.1793,46246.64,77897.739
002868.SZ,20230907,29.31,29.38,28.1,28.19,29.16,-0.97,-3.3265,11508.0,32781.017
002869.SZ,20230907,17.78,17.84,17.3,17.47,17.85,-0.38,-2.1289,43177.0,75895.443
002870.SZ,20230907,32.07,32.5,31.55,31.6,32.19,-0.59,-1.8329,18300.0,58427.211
002871.SZ,20230907,11.37,11.37,11.06,11.08,11.34,-0.26,-2.2928,20160.29,22446.331
002872.SZ,20230907,5.04,5.04,4.98,5.0,5.05,-0.05,-0.9901,10099.0,5052.089
002873.SZ,20230907,11.68,11.75,11.39,11.4,11.73,-0.33,-2.8133,27702.4,31947.632
002875.SZ,20230907,12.21,12.34,12.21,12.24,12.25,-0.01,-0.0816,27782.3,34120.105
002876.SZ,20230907,32.33,32.45,31.48,31.49,32.59,-1.1,-3.3753,20548.06,65528.208
002877.SZ,20230907,10.55,10.56,10.25,10.25,10.52,-0.27,-2.5665,81229.65,83861.867
002878.SZ,20230907,16.8,17.37,16.72,17.07,16.94,0.13,0.7674,80563.63,137838.863
002879.SZ,20230907,15.2,15.37,15.0,15.01,15.3,-0.29,-1.8954,13579.0,20565.346
002880.SZ,20230907,34.41,34.95,33.99,34.0,34.5,-0.5,-1.4493,7883.2,27148.967
002881.SZ,20230907,29.24,29.6,28.6,28.61,29.42,-0.81,-2.7532,34078.3,98633.144
002882.SZ,20230907,13.7,13.75,13.48,13.49,13.77,-0.28,-2.0334,24077.11,32697.96
002883.SZ,20230907,11.93,12.09,11.88,11.92,12.01,-0.09,-0.7494,14066.0,16813.925
002884.SZ,20230907,16.55,16.55,16.12,16.13,16.5,-0.37,-2.2424,7140.38,11622.886
002885.SZ,20230907,16.93,16.96,16.28,16.32,16.83,-0.51,-3.0303,54061.97,88972.682
002886.SZ,20230907,18.8,18.97,18.2,18.24,18.87,-0.63,-3.3386,28995.5,53755.833
002887.SZ,20230907,8.96,9.03,8.75,8.75,8.99,-0.24,-2.6696,71486.0,63381.536
002888.SZ,20230907,14.56,14.78,14.38,14.46,14.55,-0.09,-0.6186,25870.0,37645.361
002889.SZ,20230907,19.16,19.16,18.81,18.82,19.17,-0.35,-1.8258,17139.67,32538.71
002890.SZ,20230907,14.39,14.46,14.14,14.17,14.39,-0.22,-1.5288,22337.45,31817.513
002891.SZ,20230907,24.33,24.42,23.73,23.78,24.32,-0.54,-2.2204,15503.16,37155.804
002892.SZ,20230907,11.71,11.83,11.53,11.58,11.87,-0.29,-2.4431,112187.36,130696.994
002893.SZ,20230907,11.8,11.92,11.55,11.57,11.76,-0.19,-1.6156,66335.1,77859.287
300501.SZ,20230907,14.71,14.97,14.55,14.57,14.81,-0.24,-1.6205,18382.0,27136.884
300502.SZ,20230907,43.75,43.8,42.1,42.19,43.83,-1.64,-3.7417,265325.58,1131898.249
300503.SZ,20230907,18.8,19.8,18.33,19.15,18.95,0.2,1.0554,455491.5,868808.626
300504.SZ,20230907,17.86,18.0,17.44,17.52,18.01,-0.49,-2.7207,49557.0,87657.861
300505.SZ,20230907,16.9,16.95,16.26,16.28,16.88,-0.6,-3.5545,32257.76,53204.84
300506.SZ,20230907,6.67,6.67,6.55,6.6,6.69,-0.09,-1.3453,45332.0,29910.14
300507.SZ,20230907,5.95,5.98,5.82,5.82,5.98,-0.16,-2.6756,100395.2,59058.006
300508.SZ,20230907,31.46,31.56,30.36,30.46,31.5,-1.04,-3.3016,20777.94,63805.714
300509.SZ,20230907,6.91,6.97,6.81,6.83,6.9,-0.07,-1.0145,28858.0,19882.305
300510.SZ,20230907,7.1,7.28,6.98,6.98,7.16,-0.18,-2.514,294849.64,210545.575
300511.SZ,20230907,6.4,6.44,6.33,6.34,6.43,-0.09,-1.3997,114112.0,72808.324
300512.SZ,20230907,8.2,8.25,8.06,8.06,8.25,-0.19,-2.303,24059.5,19575.068
300513.SZ,20230907,12.94,13.04,12.7,12.74,12.95,-0.21,-1.6216,33892.8,43597.019
300514.SZ,20230907,14.71,15.06,14.71,14.82,14.79,0.03,0.2028,129805.0,192702.345
300515.SZ,20230907,13.47,13.64,13.12,13.19,13.5,-0.31,-2.2963,36889.0,49239.243
300516.SZ,20230907,30.61,31.0,30.19,30.22,30.79,-0.57,-1.8513,16160.0,49348.927
300517.SZ,20230907,12.87,12.87,12.54,12.6,12.83,-0.23,-1.7927,11519.6,14609.676
300518.SZ,20230907,19.3,19.59,18.72,18.77,19.19,-0.42,-2.1886,20188.44,38525.687
300519.SZ,20230907,15.03,15.1,14.73,14.79,15.04,-0.25,-1.6622,9502.54,14149.906
300520.SZ,20230907,20.95,21.22,20.45,20.82,20.8,0.02,0.0962,87885.45,184083.903
300521.SZ,20230907,14.21,14.5,13.5,14.0,14.51,-0.51,-3.5148,154872.38,216275.973
300522.SZ,20230907,11.87,11.87,11.38,11.45,11.95,-0.5,-4.1841,73548.4,85298.305
300523.SZ,20230907,22.37,22.74,22.3,22.31,22.47,-0.16,-0.7121,32155.0,72355.471
300525.SZ,20230907,16.42,16.5,16.2,16.22,16.42,-0.2,-1.218,30929.57,50495.964
300527.SZ,20230907,8.0,8.06,7.83,7.85,8.06,-0.21,-2.6055,73518.4,58322.157
300528.SZ,20230907,12.4,13.49,12.35,12.84,12.61,0.23,1.8239,308244.66,402089.331
300529.SZ,20230907,21.87,21.88,21.33,21.37,21.71,-0.34,-1.5661,32932.75,70578.498
300530.SZ,20230907,20.2,20.47,19.91,19.91,20.43,-0.52,-2.5453,3922.0,7898.741
300531.SZ,20230907,14.62,14.83,14.37,14.5,14.62,-0.12,-0.8208,131740.26,191805.253
300532.SZ,20230907,19.33,19.38,18.88,18.89,19.43,-0.54,-2.7792,57679.0,110106.554
300533.SZ,20230907,30.21,30.92,29.71,29.74,29.81,-0.07,-0.2348,118878.0,360172.195
300534.SZ,20230907,9.38,9.38,9.17,9.18,9.39,-0.21,-2.2364,67638.0,62633.07
300535.SZ,20230907,16.16,16.18,15.85,15.92,16.2,-0.28,-1.7284,13652.4,21809.752
300536.SZ,20230907,14.79,15.51,14.69,14.98,14.79,0.19,1.2847,64263.5,96869.801
300537.SZ,20230907,25.0,26.33,22.9,23.95,21.94,2.01,9.1613,844862.55,2105904.058
300538.SZ,20230907,22.42,22.48,20.64,20.76,23.74,-2.98,-12.5527,311381.15,668549.028
300539.SZ,20230907,12.33,12.37,12.04,12.05,12.25,-0.2,-1.6327,15984.0,19412.976
300540.SZ,20230907,21.5,21.8,21.28,21.28,21.54,-0.26,-1.2071,18525.0,39805.615
300541.SZ,20230907,16.9,17.65,16.78,17.03,17.03,0.0,0.0,498699.86,860597.598
300542.SZ,20230907,13.66,14.15,13.66,13.94,13.81,0.13,0.9413,168692.66,235531.618
300543.SZ,20230907,10.25,10.25,10.02,10.04,10.22,-0.18,-1.7613,51754.04,52272.346
301200.SZ,20230907,38.31,38.85,38.06,38.06,38.72,-0.66,-1.7045,7088.09,27254.126
301201.SZ,20230907,24.05,24.2,23.52,23.56,24.09,-0.53,-2.2001,11578.66,27536.902
301202.SZ,20230907,36.79,36.79,35.23,35.24,36.8,-1.56,-4.2391,35414.97,126872.622
301203.SZ,20230907,50.5,50.5,48.11,48.11,50.88,-2.77,-5.4442,43403.7,213815.334
301205.SZ,20230907,93.82,95.02,90.51,90.7,94.2,-3.5,-3.7155,36470.54,334897.827
301206.SZ,20230907,29.0,29.27,28.78,28.79,29.08,-0.29,-0.9972,5425.05,15736.253
301207.SZ,20230907,30.05,30.15,29.55,29.57,30.06,-0.49,-1.6301,9748.81,29076.845
301208.SZ,20230907,42.4,43.23,42.01,42.77,42.4,0.37,0.8726,35790.99,153210.391
301209.SZ,20230907,27.03,27.03,26.29,26.31,27.1,-0.79,-2.9151,18366.29,48816.668
301210.SZ,20230907,46.3,46.59,44.88,45.01,46.13,-1.12,-2.4279,12148.0,55427.675
301211.SZ,20230907,22.48,22.55,21.91,21.97,22.5,-0.53,-2.3556,32194.0,71309.61
301212.SZ,20230907,33.25,33.25,32.04,32.16,33.31,-1.15,-3.4524,12843.16,41836.027
301213.SZ,20230907,48.57,49.06,47.21,47.21,49.2,-1.99,-4.0447,30047.0,144170.84
301215.SZ,20230907,6.11,6.12,5.97,5.98,6.12,-0.14,-2.2876,77819.0,46948.083
301216.SZ,20230907,15.08,15.08,14.81,14.81,15.08,-0.27,-1.7905,21681.5,32410.166
301217.SZ,20230907,12.91,12.95,12.58,12.61,12.99,-0.38,-2.9253,40445.0,51428.392
301218.SZ,20230907,44.75,44.75,42.05,42.14,44.92,-2.78,-6.1888,105916.29,454518.239
301219.SZ,20230907,37.49,37.66,36.66,36.69,37.61,-0.92,-2.4462,16100.99,59541.191
301220.SZ,20230907,35.16,35.16,33.61,33.87,35.16,-1.29,-3.6689,12584.19,43002.976
301221.SZ,20230907,63.5,63.5,59.59,59.95,63.61,-3.66,-5.7538,56024.26,343850.169
301222.SZ,20230907,29.27,29.27,28.81,28.88,29.24,-0.36,-1.2312,5279.0,15280.638
301223.SZ,20230907,19.65,19.65,19.24,19.24,19.55,-0.31,-1.5857,10477.64,20312.3
301225.SZ,20230907,34.91,35.08,33.87,33.88,35.02,-1.14,-3.2553,13794.0,47260.194
301226.SZ,20230907,24.05,24.79,23.39,23.43,24.86,-1.43,-5.7522,49322.0,117884.358
301227.SZ,20230907,31.74,33.69,31.23,31.28,31.71,-0.43,-1.356,25985.37,84103.52
301228.SZ,20230907,20.58,21.34,20.38,20.38,20.68,-0.3,-1.4507,119193.03,247742.24
301229.SZ,20230907,33.33,33.39,32.28,32.32,33.5,-1.18,-3.5224,31239.86,101849.517
301230.SZ,20230907,42.5,42.62,41.5,41.58,42.7,-1.12,-2.623,8222.31,34453.485
301231.SZ,20230907,31.07,32.46,30.8,31.75,30.89,0.86,2.7841,50809.26,161626.236
301232.SZ,20230907,58.94,58.94,57.32,57.36,59.03,-1.67,-2.8291,5959.3,34518.278
301233.SZ,20230907,42.66,42.95,42.02,42.02,42.66,-0.64,-1.5002,13462.91,57272.064
301234.SZ,20230907,35.25,35.8,34.98,35.11,35.35,-0.24,-0.6789,20928.02,73849.97
301235.SZ,20230907,26.08,26.36,25.51,25.53,26.0,-0.47,-1.8077,18154.59,47100.354
301236.SZ,20230907,25.3,27.82,24.96,27.1,25.63,1.47,5.7355,1180468.7,3158454.268
301237.SZ,20230907,30.63,30.82,30.05,30.15,30.65,-0.5,-1.6313,4460.0,13550.802
301238.SZ,20230907,18.71,18.8,18.35,18.37,18.82,-0.45,-2.3911,25910.61,47936.689
301239.SZ,20230907,112.67,114.68,111.01,114.59,111.62,2.97,2.6608,11518.0,130936.222
301246.SZ,20230907,29.88,29.99,29.33,29.33,29.93,-0.6,-2.0047,10741.0,31829.038
301248.SZ,20230907,20.92,21.4,20.82,21.28,21.0,0.28,1.3333,55885.21,118292.021
301251.SZ,20230907,69.29,72.98,62.26,66.99,68.32,-1.33,-1.9467,207843.09,1420626.046
301252.SZ,20230907,50.79,50.79,48.36,48.77,50.99,-2.22,-4.3538,27455.89,135094.213
920768.BJ,20230907,4.22,4.23,4.11,4.2,4.24,-0.04,-0.9434,1490.46,621.522
920261.BJ,20230907,7.95,7.95,7.77,7.77,7.83,-0.06,-0.7663,1553.18,1213.671
920221.BJ,20230907,7.3,7.72,7.3,7.48,7.69,-0.21,-2.7308,9902.6,7418.133
920925.BJ,20230907,9.05,9.16,8.8,9.16,8.97,0.19,2.1182,3204.77,2894.828
920239.BJ,20230907,12.05,12.06,11.68,11.72,11.98,-0.26,-2.1703,3628.99,4276.694
920047.BJ,20230907,10.02,10.39,10.02,10.22,10.02,0.2,1.996,5288.68,5387.622
920146.BJ,20230907,2.59,2.59,2.52,2.55,2.58,-0.03,-1.1628,1707.33,435.538
920578.BJ,20230907,16.98,16.98,16.02,16.02,17.01,-0.99,-5.8201,12772.51,20855.023
920001.BJ,20230907,6.54,6.54,6.41,6.47,6.54,-0.07,-1.0703,821.23,529.833
920010.BJ,20230907,3.48,3.53,3.46,3.48,3.51,-0.03,-0.8547,3220.28,1121.177
920198.BJ,20230907,4.18,4.19,4.1,4.15,4.19,-0.04,-0.9547,270.4,111.967
920675.BJ,20230907,5.51,5.6,5.34,5.43,5.55,-0.12,-2.1622,28515.74,15540.985
920471.BJ,20230907,7.73,7.73,7.58,7.58,7.7,-0.12,-1.5584,647.59,493.632
920171.BJ,20230907,4.02,4.05,3.96,3.99,4.04,-0.05,-1.2376,2362.29,943.009
920425.BJ,20230907,12.21,12.36,12.1,12.17,12.28,-0.11,-0.8958,883.57,1077.442
920662.BJ,20230907,9.25,9.35,9.11,9.15,9.33,-0.18,-1.9293,1893.17,1743.436
920527.BJ,20230907,6.61,6.65,6.57,6.57,6.64,-0.07,-1.0542,823.73,543.729
605028.SH,20230907,19.39,19.39,18.8,18.82,19.42,-0.6,-3.0896,14761.0,28133.724
605066.SH,20230907,8.77,8.79,8.59,8.61,8.77,-0.16,-1.8244,30496.0,26435.93
605069.SH,20230907,12.95,13.5,12.36,12.37,13.73,-1.36,-9.9053,282731.13,364400.391
605081.SH,20230907,15.12,15.16,14.49,14.5,15.25,-0.75,-4.918,51648.9,76687.804
605089.SH,20230907,41.5,41.64,40.69,40.7,41.64,-0.94,-2.2574,5773.32,23728.76
605098.SH,20230907,41.17,44.98,40.94,42.72,41.14,1.58,3.8405,31662.62,136533.47
605111.SH,20230907,37.5,37.5,36.35,36.38,37.76,-1.38,-3.6547,59692.53,219451.173
605122.SH,20230907,15.39,15.58,15.33,15.35,15.53,-0.18,-1.159,6639.64,10244.442
605123.SH,20230907,102.21,103.3,100.88,101.08,102.0,-0.92,-0.902,7386.43,75342.201
605133.SH,20230907,30.71,30.73,29.55,29.55,30.88,-1.33,-4.307,20551.0,61420.6
605136.SH,20230907,11.05,11.11,10.86,10.87,11.08,-0.21,-1.8953,27285.0,29844.173
605155.SH,20230907,15.89,16.28,15.8,15.83,15.9,-0.07,-0.4403,22164.4,35490.638
605158.SH,20230907,7.03,7.06,6.93,6.93,7.04,-0.11,-1.5625,20529.75,14352.358
605162.SH,20230907,9.32,9.32,9.03,9.07,9.33,-0.26,-2.7867,52945.0,48315.376
605166.SH,20230907,9.55,9.56,9.4,9.42,9.53,-0.11,-1.1542,16258.0,15404.478
605169.SH,20230907,10.78,10.78,10.54,10.54,10.78,-0.24,-2.2263,24584.83,26134.718
605177.SH,20230907,27.86,28.04,27.38,27.7,27.88,-0.18,-0.6456,11855.0,32750.879
605178.SH,20230907,21.79,21.98,21.72,21.79,21.83,-0.04,-0.1832,8798.8,19249.667
605183.SH,20230907,16.3,16.36,15.95,16.07,16.3,-0.23,-1.411,14044.0,22604.683
605186.SH,20230907,35.5,35.57,34.41,34.69,35.47,-0.78,-2.199,10374.0,36089.29
605188.SH,20230907,9.83,10.48,9.62,10.22,9.86,0.36,3.6511,228875.01,230644.669
605189.SH,20230907,16.1,16.1,15.79,15.81,16.0,-0.19,-1.1875,6696.6,10680.919
605196.SH,20230907,8.18,8.2,7.98,8.0,8.21,-0.21,-2.5579,103048.0,83010.453
605199.SH,20230907,14.41,14.41,14.04,14.08,14.4,-0.32,-2.2222,14255.0,20194.977
000155.SZ,20230907,13.14,13.17,12.53,12.54,12.99,-0.45,-3.4642,135166.0,172132.792
000156.SZ,20230907,8.05,8.18,7.95,7.96,8.1,-0.14,-1.7284,129312.0,103769.747
000157.SZ,20230907,7.0,7.1,6.9,6.92,6.98,-0.06,-0.8596,431650.36,301234.444
000158.SZ,20230907,7.91,8.45,7.9,8.29,8.04,0.25,3.1095,2925003.33,2408015.863
000159.SZ,20230907,6.68,6.73,6.54,6.57,6.69,-0.12,-1.7937,66087.0,43747.706
000166.SZ,20230907,4.36,4.39,4.32,4.32,4.36,-0.04,-0.9174,593575.37,258297.688
000301.SZ,20230907,11.8,11.81,11.65,11.7,11.79,-0.09,-0.7634,138507.23,162175.816
000333.SZ,20230907,57.09,57.12,56.5,56.57,57.18,-0.61,-1.0668,136399.11,774015.905
000338.SZ,20230907,12.4,12.42,12.25,12.27,12.39,-0.12,-0.9685,241704.46,297730.441
000400.SZ,20230907,19.63,19.79,19.27,19.33,19.7,-0.37,-1.8782,61607.08,119805.934
000401.SZ,20230907,7.73,7.74,7.63,7.63,7.7,-0.07,-0.9091,57734.0,44356.621
000402.SZ,20230907,4.58,4.63,4.51,4.52,4.58,-0.06,-1.31,160427.0,73311.467
000403.SZ,20230907,18.17,18.28,17.99,17.99,18.02,-0.03,-0.1665,32265.0,58380.611
000404.SZ,20230907,6.24,6.26,6.07,6.09,6.25,-0.16,-2.56,88182.0,54166.824
000407.SZ,20230907,3.74,3.74,3.68,3.69,3.74,-0.05,-1.3369,87344.3,32418.115
000408.SZ,20230907,23.93,24.0,23.67,23.69,23.97,-0.28,-1.1681,40138.7,95526.366
000409.SZ,20230907,8.66,8.66,8.24,8.34,8.58,-0.24,-2.7972,261749.32,220942.12
000410.SZ,20230907,7.47,7.53,7.38,7.43,7.52,-0.09,-1.1968,52138.0,38834.566
000411.SZ,20230907,12.16,12.18,11.86,11.88,12.16,-0.28,-2.3026,72041.44,86489.471
000413.SZ,20230907,1.92,1.93,1.87,1.88,1.92,-0.04,-2.0833,492766.0,93360.438
000415.SZ,20230907,2.69,2.7,2.62,2.63,2.7,-0.07,-2.5926,471229.0,124961.125
000416.SZ,20230907,2.15,2.15,2.09,2.11,2.16,-0.05,-2.3148,113007.0,23979.662
000417.SZ,20230907,5.52,5.58,5.47,5.48,5.51,-0.03,-0.5445,94744.8,52407.65
000419.SZ,20230907,5.77,5.84,5.74,5.74,5.77,-0.03,-0.5199,75338.0,43622.315
000420.SZ,20230907,3.44,3.44,3.35,3.36,3.43,-0.07,-2.0408,139825.28,47321.661
000421.SZ,20230907,5.12,5.12,5.02,5.03,5.1,-0.07,-1.3725,47057.0,23861.132
000422.SZ,20230907,11.85,12.0,11.68,11.68,11.92,-0.24,-2.0134,113502.74,133993.939
000423.SZ,20230907,49.38,49.55,48.66,48.7,49.41,-0.71,-1.437,25879.0,126780.599
000425.SZ,20230907,6.69,6.86,6.66,6.72,6.67,0.05,0.7496,939089.79,635046.098
000426.SZ,20230907,9.25,9.32,9.07,9.11,9.29,-0.18,-1.9376,108638.33,99624.369
000428.SZ,20230907,4.87,5.05,4.86,4.96,4.89,0.07,1.4315,486359.16,241887.181
000429.SZ,20230907,7.71,7.83,7.7,7.78,7.74,0.04,0.5168,61551.84,47854.976
000430.SZ,20230907,7.62,7.74,7.61,7.63,7.64,-0.01,-0.1309,76524.72,58745.111
000488.SZ,20230907,4.57,4.61,4.5,4.51,4.59,-0.08,-1.7429,147614.67,67129.721
000498.SZ,20230907,6.66,6.68,6.56,6.57,6.67,-0.1,-1.4993,65650.0,43410.176
000501.SZ,20230907,9.37,9.44,9.33,9.34,9.38,-0.04,-0.4264,50390.36,47208.189
000503.SZ,20230907,11.2,11.21,11.01,11.02,11.21,-0.19,-1.6949,53879.0,59740.178
000504.SZ,20230907,10.85,10.9,10.66,10.66,10.87,-0.21,-1.9319,9850.0,10609.335
000505.SZ,20230907,7.6,7.64,7.53,7.55,7.65,-0.1,-1.3072,35095.36,26567.817
000506.SZ,20230907,4.92,4.97,4.8,4.85,4.99,-0.14,-2.8056,672244.61,326812.595
002203.SZ,20230907,12.18,12.21,12.06,12.09,12.15,-0.06,-0.4938,32865.0,39824.378
002204.SZ,20230907,4.75,4.75,4.65,4.65,4.76,-0.11,-2.3109,91203.0,42819.303
002205.SZ,20230907,10.75,10.87,10.56,10.57,10.79,-0.22,-2.0389,30654.0,32780.443
002206.SZ,20230907,5.63,5.67,5.54,5.56,5.63,-0.07,-1.2433,104006.02,58129.356
002207.SZ,20230907,7.5,8.16,7.46,7.68,8.03,-0.35,-4.3587,468020.09,360506.992
002208.SZ,20230907,6.88,6.99,6.8,6.82,6.9,-0.08,-1.1594,86238.02,59598.825
002209.SZ,20230907,9.95,10.01,9.82,9.86,9.97,-0.11,-1.1033,45267.0,44929.659
002210.SZ,20230907,1.97,1.98,1.93,1.94,1.98,-0.04,-2.0202,153371.95,29937.716
002211.SZ,20230907,3.93,3.98,3.83,3.85,3.93,-0.08,-2.0356,70325.0,27270.278
002212.SZ,20230907,9.53,9.65,9.45,9.47,9.5,-0.03,-0.3158,95808.39,91493.922
002213.SZ,20230907,14.53,14.7,13.9,14.0,14.73,-0.73,-4.9559,118354.05,168166.516
002214.SZ,20230907,12.3,12.3,12.1,12.21,12.27,-0.06,-0.489,35267.85,43180.819
002215.SZ,20230907,6.78,6.83,6.7,6.71,6.8,-0.09,-1.3235,91523.0,61833.976
002216.SZ,20230907,15.08,15.13,14.85,14.87,15.09,-0.22,-1.4579,24056.17,35981.342
002217.SZ,20230907,3.32,3.32,3.2,3.26,3.39,-0.13,-3.8348,1653627.23,538927.461
002218.SZ,20230907,4.39,4.4,4.31,4.31,4.4,-0.09,-2.0455,61678.0,26804.332
002219.SZ,20230907,3.62,3.63,3.5,3.51,3.61,-0.1,-2.7701,150065.74,53223.6
002221.SZ,20230907,10.49,10.53,10.35,10.47,10.49,-0.02,-0.1907,56797.0,59470.809
002222.SZ,20230907,30.94,31.66,30.14,30.18,30.72,-0.54,-1.7578,663580.04,2038917.608
002223.SZ,20230907,33.16,33.16,32.44,32.44,33.12,-0.68,-2.0531,76872.07,251538.331
002224.SZ,20230907,5.29,5.31,5.21,5.21,5.29,-0.08,-1.5123,68375.2,35823.277
002225.SZ,20230907,3.88,3.92,3.85,3.86,3.9,-0.04,-1.0256,57824.33,22471.476
002226.SZ,20230907,5.18,5.19,5.05,5.06,5.18,-0.12,-2.3166,118147.8,60218.624
002227.SZ,20230907,12.73,12.78,12.48,12.52,12.78,-0.26,-2.0344,16823.0,21208.102
002228.SZ,20230907,3.32,3.33,3.29,3.29,3.31,-0.02,-0.6042,60108.0,19901.61
002229.SZ,20230907,38.03,38.05,36.0,36.55,38.69,-2.14,-5.5311,579312.27,2137389.096
002230.SZ,20230907,52.0,52.08,50.68,50.71,51.8,-1.09,-2.1042,311428.1,1592661.949
002231.SZ,20230907,6.86,6.95,6.79,6.83,6.89,-0.06,-0.8708,126399.01,86726.07
002232.SZ,20230907,15.17,15.34,15.01,15.04,15.24,-0.2,-1.3123,63584.0,96459.808
002233.SZ,20230907,8.22,8.29,8.17,8.19,8.22,-0.03,-0.365,66399.03,54614.117
002234.SZ,20230907,15.06,15.15,14.7,14.7,15.04,-0.34,-2.2606,52369.32,77995.099
002235.SZ,20230907,8.41,9.05,8.37,8.68,8.5,0.18,2.1176,1776395.12,1555773.311
002236.SZ,20230907,21.06,21.37,20.62,20.65,21.23,-0.58,-2.732,276699.78,578935.976
002237.SZ,20230907,11.85,11.92,11.76,11.79,11.87,-0.08,-0.674,70089.0,82939.951
002238.SZ,20230907,6.68,6.77,6.62,6.63,6.69,-0.06,-0.8969,40320.19,26984.028
002239.SZ,20230907,2.51,2.52,2.44,2.45,2.52,-0.07,-2.7778,407495.0,100649.792
002240.SZ,20230907,23.8,23.8,23.26,23.26,23.83,-0.57,-2.3919,73470.39,172420.678
002241.SZ,20230907,15.99,16.0,15.62,15.62,15.99,-0.37,-2.3139,437075.52,689032.448
002242.SZ,20230907,14.42,14.49,14.2,14.24,14.46,-0.22,-1.5214,20517.0,29330.152
002243.SZ,20230907,8.53,8.53,8.36,8.38,8.54,-0.16,-1.8735,55575.96,46773.461
002244.SZ,20230907,10.54,10.67,10.34,10.37,10.61,-0.24,-2.262,208705.6,219409.551
002895.SZ,20230907,18.43,18.54,17.93,17.97,18.44,-0.47,-2.5488,51667.1,93838.222
002896.SZ,20230907,36.55,36.74,35.3,36.03,36.52,-0.49,-1.3417,148537.68,535172.888
002897.SZ,20230907,35.4,35.4,34.44,34.44,35.5,-1.06,-2.9859,28020.53,97467.544
002898.SZ,20230907,11.87,12.11,11.7,11.73,11.93,-0.2,-1.6764,37754.0,44730.542
002899.SZ,20230907,15.77,15.82,15.59,15.61,15.72,-0.11,-0.6997,12386.0,19449.505
002900.SZ,20230907,12.89,12.89,12.48,12.5,12.75,-0.25,-1.9608,13700.5,17265.715
002901.SZ,20230907,30.27,30.36,29.63,29.75,30.12,-0.37,-1.2284,8440.0,25317.455
002902.SZ,20230907,24.16,24.16,22.78,22.85,24.44,-1.59,-6.5057,257541.35,602660.759
002903.SZ,20230907,20.04,20.09,19.4,19.41,20.04,-0.63,-3.1437,37568.0,73813.97
002905.SZ,20230907,11.2,11.94,11.15,11.39,11.2,0.19,1.6964,124443.28,143216.313
002906.SZ,20230907,29.95,29.95,28.95,29.05,30.02,-0.97,-3.2312,48074.1,140580.131
002907.SZ,20230907,16.0,16.18,15.78,15.83,16.06,-0.23,-1.4321,49373.11,78703.1
002908.SZ,20230907,13.98,14.08,13.58,13.58,13.99,-0.41,-2.9307,101640.19,140228.702
002909.SZ,20230907,8.15,8.17,8.02,8.02,8.13,-0.11,-1.353,45969.73,37184.159
002910.SZ,20230907,11.21,11.21,10.91,10.91,11.13,-0.22,-1.9766,23247.56,25591.189
002911.SZ,20230907,12.42,12.43,12.28,12.28,12.44,-0.16,-1.2862,16520.65,20399.428
002912.SZ,20230907,34.81,35.16,34.17,34.22,34.95,-0.73,-2.0887,22676.53,78396.944
002913.SZ,20230907,33.08,34.14,32.3,32.47,33.08,-0.61,-1.844,64037.64,211434.531
002915.SZ,20230907,14.5,14.5,14.0,14.0,14.46,-0.46,-3.1812,35606.8,50292.205
002916.SZ,20230907,68.7,68.9,67.5,67.51,69.02,-1.51,-2.1878,23740.77,161565.417
002917.SZ,20230907,10.21,10.23,10.0,10.01,10.2,-0.19,-1.8627,36130.2,36496.802
002918.SZ,20230907,18.84,19.54,18.71,18.81,18.88,-0.07,-0.3708,41489.69,78925.999
002919.SZ,20230907,35.33,36.1,34.6,34.88,35.54,-0.66,-1.8571,27943.9,98301.718
002920.SZ,20230907,139.01,140.28,136.7,137.0,140.15,-3.15,-2.2476,23684.25,326089.417
002921.SZ,20230907,15.05,15.05,14.67,14.69,15.0,-0.31,-2.0667,25990.0,38473.939
002922.SZ,20230907,14.36,14.36,14.05,14.07,14.3,-0.23,-1.6084,41707.33,59176.12
002923.SZ,20230907,12.99,13.14,12.82,12.85,13.13,-0.28,-2.1325,17737.06,22893.61
002925.SZ,20230907,18.66,18.67,18.38,18.4,18.67,-0.27,-1.4462,24628.11,45522.363
002926.SZ,20230907,8.48,8.55,8.4,8.42,8.47,-0.05,-0.5903,218762.37,185331.941
002927.SZ,20230907,13.45,13.55,13.1,13.16,13.46,-0.3,-2.2288,41776.0,55423.699
002928.SZ,20230907,7.67,7.73,7.58,7.61,7.68,-0.07,-0.9115,73857.28,56515.734
002929.SZ,20230907,39.64,39.68,38.38,39.04,40.03,-0.99,-2.4731,79076.9,308428.65
002930.SZ,20230907,22.42,22.46,21.95,21.98,22.42,-0.44,-1.9625,5683.96,12572.851
002931.SZ,20230907,11.63,11.67,11.47,11.49,11.63,-0.14,-1.2038,17393.38,20087.67
002932.SZ,20230907,23.21,23.29,22.76,22.78,23.28,-0.5,-2.1478,14114.16,32376.863
002933.SZ,20230907,29.54,29.92,29.27,29.3,29.51,-0.21,-0.7116,19255.0,57001.721
002935.SZ,20230907,18.84,18.86,18.42,18.45,18.86,-0.41,-2.1739,38866.76,72240.369
002936.SZ,20230907,2.15,2.16,2.12,2.13,2.15,-0.02,-0.9302,440232.01,94154.71
002937.SZ,20230907,23.07,23.13,22.22,22.31,23.24,-0.93,-4.0017,22621.0,50882.882
002938.SZ,20230907,21.71,21.72,21.12,21.15,21.7,-0.55,-2.5346,104352.63,222644.493
002939.SZ,20230907,8.43,8.5,8.39,8.4,8.46,-0.06,-0.7092,289737.48,244547.798
300545.SZ,20230907,26.7,26.7,25.35,26.01,27.15,-1.14,-4.1989,97591.0,254795.98
300546.SZ,20230907,18.59,18.88,18.43,18.52,18.61,-0.09,-0.4836,53460.9,99729.84
300547.SZ,20230907,15.18,15.19,14.6,14.72,15.17,-0.45,-2.9664,36845.0,54634.323
300548.SZ,20230907,30.18,30.19,28.76,28.88,30.06,-1.18,-3.9255,157972.89,464233.551
300549.SZ,20230907,23.47,23.6,22.47,22.69,23.76,-1.07,-4.5034,80701.0,184751.776
300550.SZ,20230907,15.05,15.05,14.69,14.7,14.94,-0.24,-1.6064,11678.16,17263.593
300551.SZ,20230907,26.1,26.15,25.35,25.45,26.13,-0.68,-2.6024,59258.5,152315.537
300552.SZ,20230907,19.51,19.84,19.36,19.4,19.69,-0.29,-1.4728,37007.49,72393.069
300553.SZ,20230907,52.09,52.8,51.71,52.42,52.48,-0.06,-0.1143,9748.4,50998.831
300554.SZ,20230907,19.3,19.37,18.8,18.82,19.26,-0.44,-2.2845,28380.0,54217.978
300555.SZ,20230907,6.96,7.11,6.8,6.85,6.94,-0.09,-1.2968,22761.0,15851.873
300556.SZ,20230907,23.41,25.21,23.33,24.34,23.55,0.79,3.3546,139732.98,340780.243
300557.SZ,20230907,37.6,37.98,36.91,36.95,37.68,-0.73,-1.9374,5346.0,19920.577
300558.SZ,20230907,48.59,50.79,48.36,48.37,48.4,-0.03,-0.062,48324.86,239120.599
300559.SZ,20230907,15.54,16.09,15.31,15.58,15.39,0.19,1.2346,70108.0,110185.031
300560.SZ,20230907,18.13,19.49,17.89,19.11,18.24,0.87,4.7697,201400.75,381132.61
300561.SZ,20230907,13.36,13.56,13.26,13.27,13.36,-0.09,-0.6737,126974.92,170275.756
300562.SZ,20230907,10.73,10.89,10.51,10.58,10.83,-0.25,-2.3084,60951.0,65144.975
300563.SZ,20230907,17.48,17.93,15.85,15.94,18.26,-2.32,-12.7054,464634.54,776407.992
300564.SZ,20230907,13.16,13.45,13.12,13.17,13.22,-0.05,-0.3782,27409.17,36442.721
300565.SZ,20230907,15.41,15.94,14.94,14.94,15.4,-0.46,-2.987,88479.0,135375.183
300566.SZ,20230907,16.67,16.74,16.35,16.36,16.82,-0.46,-2.7348,46457.11,76782.994
300567.SZ,20230907,97.81,97.9,94.5,94.88,98.98,-4.1,-4.1423,31347.42,299853.799
300568.SZ,20230907,14.0,14.04,13.68,13.68,14.07,-0.39,-2.7719,127229.95,175463.24
300569.SZ,20230907,7.28,7.29,7.11,7.11,7.27,-0.16,-2.2008,53190.08,38194.789
300570.SZ,20230907,34.99,35.28,33.65,33.71,35.37,-1.66,-4.6932,134644.14,458796.057
300571.SZ,20230907,34.35,34.79,33.73,33.98,34.36,-0.38,-1.1059,20272.5,69401.607
300572.SZ,20230907,16.74,16.78,16.31,16.45,16.78,-0.33,-1.9666,27307.0,45068.312
300573.SZ,20230907,179.2,180.3,176.76,177.17,179.36,-2.19,-1.221,5240.6,93195.923
300575.SZ,20230907,10.87,10.93,10.65,10.71,10.87,-0.16,-1.4719,32694.63,35281.324
300576.SZ,20230907,51.88,55.55,49.01,50.25,52.68,-2.43,-4.6128,546281.69,2822502.412
300577.SZ,20230907,16.75,16.84,16.45,16.49,16.64,-0.15,-0.9014,11495.0,19099.82
300578.SZ,20230907,19.28,19.52,19.11,19.17,19.29,-0.12,-0.6221,20822.0,40234.498
300579.SZ,20230907,31.53,32.12,31.36,31.66,31.69,-0.03,-0.0947,52016.48,165174.908
300580.SZ,20230907,24.15,24.44,23.6,23.8,24.33,-0.53,-2.1784,30825.62,73687.502
300581.SZ,20230907,10.24,10.65,10.17,10.28,10.25,0.03,0.2927,243378.62,253795.422
300582.SZ,20230907,12.9,12.91,12.65,12.66,12.9,-0.24,-1.8605,26046.25,33228.892
300583.SZ,20230907,18.25,18.37,17.88,17.92,18.24,-0.32,-1.7544,18169.8,32889.088
300584.SZ,20230907,21.8,21.83,21.31,21.32,21.81,-0.49,-2.2467,9427.0,20273.314
300585.SZ,20230907,18.3,19.55,18.24,19.52,18.36,1.16,6.3181,280073.72,535818.269
301255.SZ,20230907,56.01,58.78,55.91,56.82,56.95,-0.13,-0.2283,69216.04,396654.85
301256.SZ,20230907,9.0,9.09,8.9,8.9,9.06,-0.16,-1.766,67816.18,60840.878
301257.SZ,20230907,57.89,57.89,56.33,56.58,57.58,-1.0,-1.7367,8126.99,46193.922
301258.SZ,20230907,38.45,38.6,38.0,38.01,38.59,-0.58,-1.503,13326.03,50891.446
301259.SZ,20230907,15.57,15.57,15.0,15.0,15.44,-0.44,-2.8497,23749.5,36060.447
301260.SZ,20230907,19.33,19.57,18.98,19.08,19.47,-0.39,-2.0031,42641.33,82011.181
301261.SZ,20230907,46.32,46.79,44.16,44.42,46.79,-2.37,-5.0652,35365.28,158825.12
301262.SZ,20230907,29.8,30.3,28.72,28.91,30.04,-1.13,-3.7617,41866.39,123019.122
301263.SZ,20230907,18.64,18.78,18.28,18.28,18.7,-0.42,-2.246,19075.0,35282.449
301265.SZ,20230907,12.19,12.22,12.01,12.02,12.22,-0.2,-1.6367,33635.13,40691.108
301266.SZ,20230907,54.02,55.09,51.69,52.53,54.48,-1.95,-3.5793,23314.12,124164.754
301267.SZ,20230907,45.2,45.24,44.18,44.53,44.88,-0.35,-0.7799,22480.69,100557.333
301268.SZ,20230907,30.32,30.68,29.58,29.62,30.54,-0.92,-3.0124,11788.0,35285.62
301269.SZ,20230907,116.25,116.33,107.89,108.61,114.03,-5.42,-4.7531,102930.26,1148539.626
301270.SZ,20230907,47.0,56.64,46.29,56.64,47.2,9.44,20.0,101792.79,528494.838
301272.SZ,20230907,67.74,67.78,64.61,64.78,67.91,-3.13,-4.609,9310.09,60979.334
301273.SZ,20230907,30.78,31.29,30.1,30.2,30.88,-0.68,-2.2021,7643.24,23394.054
301276.SZ,20230907,28.45,28.8,28.01,28.1,28.37,-0.27,-0.9517,12726.37,36150.473
301277.SZ,20230907,21.71,21.93,21.29,21.3,21.89,-0.59,-2.6953,49055.61,105439.173
301278.SZ,20230907,53.33,53.65,52.0,52.36,53.66,-1.3,-2.4227,8221.25,43250.873
301279.SZ,20230907,26.52,26.61,26.07,26.11,26.52,-0.41,-1.546,6189.0,16250.329
301280.SZ,20230907,37.1,37.11,36.45,36.5,37.02,-0.52,-1.4046,7057.94,25923.407
301281.SZ,20230907,40.9,40.9,39.5,39.58,40.8,-1.22,-2.9902,38857.09,155206.426
301282.SZ,20230907,27.24,27.36,26.18,26.24,27.29,-1.05,-3.8476,28569.51,76132.803
301283.SZ,20230907,34.86,34.86,33.89,34.07,34.87,-0.8,-2.2942,6427.0,21959.775
301285.SZ,20230907,15.44,15.98,15.36,15.42,15.78,-0.36,-2.2814,96794.0,151427.925
301286.SZ,20230907,29.1,29.18,28.6,28.6,29.02,-0.42,-1.4473,2905.06,8380.971
301287.SZ,20230907,43.33,44.04,42.22,42.34,43.41,-1.07,-2.4649,18902.86,81359.982
301288.SZ,20230907,22.69,22.71,22.16,22.2,22.53,-0.33,-1.4647,36920.86,82908.84
301289.SZ,20230907,55.5,55.71,53.96,54.13,56.24,-2.11,-3.7518,22553.1,122971.07
301290.SZ,20230907,31.79,31.9,31.3,31.36,31.86,-0.5,-1.5694,6072.31,19187.183
301291.SZ,20230907,30.43,30.5,29.21,29.21,30.42,-1.21,-3.9776,38149.36,113111.375
301292.SZ,20230907,23.48,23.81,22.94,23.01,23.82,-0.81,-3.4005,39648.94,92147.307
301293.SZ,20230907,66.01,66.9,64.84,65.0,66.45,-1.45,-2.1821,16255.22,106567.274
301295.SZ,20230907,39.65,39.7,37.88,37.88,39.95,-2.07,-5.1815,31022.55,119667.977
301296.SZ,20230907,15.42,15.5,15.3,15.36,15.43,-0.07,-0.4537,7338.0,11308.43
301297.SZ,20230907,23.42,27.5,23.42,24.79,23.1,1.69,7.316,421940.68,1060965.043
301298.SZ,20230907,16.56,16.68,16.25,16.29,16.63,-0.34,-2.0445,22084.93,36191.911
301299.SZ,20230907,75.5,77.28,74.18,75.42,75.04,0.38,0.5064,35130.15,267010.75
301300.SZ,20230907,31.87,32.43,31.55,31.66,31.93,-0.27,-0.8456,5820.48,18613.658
301301.SZ,20230907,8.99,9.03,8.76,8.77,9.0,-0.23,-2.5556,87589.7,77502.481
605208.SH,20230907,9.5,9.5,9.11,9.12,9.43,-0.31,-3.2874,39979.3,36886.057
605218.SH,20230907,14.92,14.96,14.62,14.64,14.96,-0.32,-2.139,20638.72,30440.394
605222.SH,20230907,18.23,18.32,17.93,17.95,18.21,-0.26,-1.4278,17782.0,32237.379
605228.SH,20230907,11.23,11.31,10.81,10.83,11.25,-0.42,-3.7333,57692.5,63365.597
605255.SH,20230907,16.05,16.06,15.58,15.69,15.95,-0.26,-1.6301,10879.0,17175.256
605259.SH,20230907,24.43,24.45,23.88,23.95,24.32,-0.37,-1.5214,6636.73,16002.945
605277.SH,20230907,14.62,14.66,13.94,13.99,14.47,-0.48,-3.3172,75285.93,106479.581
605286.SH,20230907,26.04,26.05,25.29,25.38,26.16,-0.78,-2.9817,21960.0,56156.895
605287.SH,20230907,18.88,18.93,18.6,18.65,18.95,-0.3,-1.5831,19243.8,36013.032
605288.SH,20230907,39.74,39.96,39.05,39.14,39.81,-0.67,-1.683,3703.8,14610.564
605289.SH,20230907,32.14,33.44,32.1,32.61,32.63,-0.02,-0.0613,30249.94,98924.034
605296.SH,20230907,21.33,21.51,20.97,21.01,21.37,-0.36,-1.6846,13715.6,29080.606
605299.SH,20230907,12.36,12.43,12.1,12.16,12.36,-0.2,-1.6181,26872.0,32947.225
605300.SH,20230907,20.08,20.2,19.79,19.91,20.06,-0.15,-0.7478,12020.0,24001.447
605303.SH,20230907,11.88,12.09,11.73,11.76,11.88,-0.12,-1.0101,14173.85,16866.494
605333.SH,20230907,14.52,14.52,14.09,14.16,14.4,-0.24,-1.6667,23161.0,32969.008
605337.SH,20230907,16.81,16.91,16.65,16.68,16.92,-0.24,-1.4184,13653.99,22872.447
605338.SH,20230907,23.51,23.64,23.02,23.15,23.51,-0.36,-1.5313,6159.2,14338.391
605339.SH,20230907,19.11,19.11,18.75,18.8,19.01,-0.21,-1.1047,6662.0,12583.26
605365.SH,20230907,17.86,17.86,16.17,16.39,17.37,-0.98,-5.6419,132680.06,220515.124
605368.SH,20230907,9.69,9.75,9.61,9.74,9.69,0.05,0.516,41926.9,40646.763
605376.SH,20230907,32.86,32.87,32.2,32.45,33.0,-0.55,-1.6667,11345.0,36877.709
605377.SH,20230907,21.4,21.7,21.08,21.15,21.48,-0.33,-1.5363,18130.6,38596.157
605398.SH,20230907,30.6,32.35,30.56,32.32,31.07,1.25,4.0232,97004.63,309068.321
605555.SH,20230907,18.19,18.33,18.01,18.05,18.23,-0.18,-0.9874,28973.21,52456.97
605566.SH,20230907,21.92,22.1,21.68,21.69,21.94,-0.25,-1.1395,6492.0,14240.288
605577.SH,20230907,10.88,10.97,10.6,10.62,10.88,-0.26,-2.3897,36117.97,38750.219
605589.SH,20230907,21.9,21.9,21.07,21.15,21.97,-0.82,-3.7324,153805.39,328659.985
605598.SH,20230907,31.43,31.43,30.5,30.57,31.38,-0.81,-2.5813,13199.4,40728.198
605599.SH,20230907,12.97,13.2,12.93,13.12,13.08,0.04,0.3058,26997.0,35436.752
688003.SH,20230907,40.49,40.49,39.46,39.57,40.58,-1.01,-2.4889,7623.78,30400.719
688006.SH,20230907,27.75,28.11,27.15,27.2,27.49,-0.29,-1.0549,35781.28,98164.422
688007.SH,20230907,23.95,24.29,23.58,23.62,24.1,-0.48,-1.9917,50825.11,121195.474
688010.SH,20230907,22.49,22.49,21.36,21.47,22.37,-0.9,-4.0232,23089.39,50268.23
688012.SH,20230907,155.87,155.88,147.51,148.16,158.48,-10.32,-6.5119,132133.37,1996680.692
688015.SH,20230907,17.57,17.57,16.97,17.0,17.48,-0.48,-2.746,6394.86,10975.984
688016.SH,20230907,170.55,175.46,170.0,171.9,171.5,0.4,0.2332,8385.36,145272.498
688017.SH,20230907,117.08,117.68,114.23,115.27,117.2,-1.93,-1.6468,18255.38,211833.408
688021.SH,20230907,25.49,25.61,25.01,25.5,25.5,0.0,0.0,7570.16,19198.899
688025.SH,20230907,75.02,75.33,72.16,72.5,74.9,-2.4,-3.2043,10515.55,77150.96
688026.SH,20230907,16.94,17.08,16.53,16.59,16.93,-0.34,-2.0083,11342.98,18951.919
000507.SZ,20230907,5.53,5.53,5.46,5.47,5.52,-0.05,-0.9058,40263.0,22094.114
000509.SZ,20230907,3.6,3.68,3.58,3.58,3.61,-0.03,-0.831,104176.5,37748.166
000510.SZ,20230907,5.33,5.34,5.22,5.22,5.33,-0.11,-2.0638,48834.31,25750.983
000513.SZ,20230907,33.76,33.9,33.44,33.49,33.82,-0.33,-0.9758,37067.6,124605.677
000514.SZ,20230907,4.94,5.15,4.82,4.83,4.98,-0.15,-3.012,461298.36,229333.413
000516.SZ,20230907,7.73,7.74,7.52,7.64,7.72,-0.08,-1.0363,192165.46,146277.952
000517.SZ,20230907,2.96,3.03,2.94,2.97,2.98,-0.01,-0.3356,338903.21,101341.496
000518.SZ,20230907,2.76,2.76,2.68,2.69,2.76,-0.07,-2.5362,106202.95,28819.343
000519.SZ,20230907,15.86,15.89,15.51,15.51,15.83,-0.32,-2.0215,127957.52,200462.352
000520.SZ,20230907,2.97,2.98,2.93,2.93,2.97,-0.04,-1.3468,38825.0,11447.205
000521.SZ,20230907,6.19,6.19,6.02,6.04,6.19,-0.15,-2.4233,169713.37,103308.401
000523.SZ,20230907,3.26,3.28,3.21,3.22,3.28,-0.06,-1.8293,78146.0,25285.304
000524.SZ,20230907,9.8,10.01,9.74,9.89,9.82,0.07,0.7128,75750.73,75080.673
000525.SZ,20230907,8.99,9.09,8.77,8.81,9.01,-0.2,-2.2198,25291.01,22509.499
000526.SZ,20230907,27.89,28.8,27.85,27.96,27.88,0.08,0.2869,31339.0,88886.13
000528.SZ,20230907,7.28,7.36,7.25,7.27,7.3,-0.03,-0.411,103638.83,75552.095
000529.SZ,20230907,6.97,7.0,6.85,6.87,6.99,-0.12,-1.7167,60458.69,41801.59
000530.SZ,20230907,5.35,5.36,5.18,5.19,5.37,-0.18,-3.352,116488.7,61188.613
000531.SZ,20230907,6.52,6.54,6.42,6.43,6.52,-0.09,-1.3804,32131.89,20760.879
000532.SZ,20230907,10.93,10.95,10.77,10.79,10.93,-0.14,-1.2809,16549.0,17928.297
000533.SZ,20230907,4.11,4.13,4.02,4.02,4.11,-0.09,-2.1898,78300.0,31779.549
000534.SZ,20230907,13.04,13.24,12.86,13.02,13.04,-0.02,-0.1534,64252.0,84043.856
000536.SZ,20230907,2.88,2.9,2.7,2.9,2.64,0.26,9.8485,5792266.75,1659640.459
000537.SZ,20230907,11.58,11.64,11.3,11.4,11.6,-0.2,-1.7241,49596.15,56741.563
000538.SZ,20230907,54.09,54.15,52.88,52.9,54.08,-1.18,-2.182,72438.48,386056.98
000539.SZ,20230907,6.32,6.34,6.23,6.24,6.34,-0.1,-1.5773,177514.44,111154.246
000541.SZ,20230907,5.56,5.56,5.49,5.52,5.54,-0.02,-0.361,70077.35,38750.242
000543.SZ,20230907,6.16,6.16,5.95,5.96,6.13,-0.17,-2.7732,222414.37,133523.931
000544.SZ,20230907,7.6,7.64,7.49,7.51,7.63,-0.12,-1.5727,88778.09,67151.718
000545.SZ,20230907,3.11,3.12,3.05,3.07,3.11,-0.04,-1.2862,71040.0,21860.505
000546.SZ,20230907,7.29,7.45,7.26,7.36,7.33,0.03,0.4093,89984.19,66243.427
000547.SZ,20230907,8.84,8.94,8.75,8.77,8.85,-0.08,-0.904,141099.64,124705.867
000548.SZ,20230907,5.05,5.08,5.0,5.02,5.07,-0.05,-0.9862,51551.82,25965.725
000550.SZ,20230907,17.32,17.4,17.07,17.11,17.32,-0.21,-1.2125,55070.0,94712.571
000551.SZ,20230907,9.92,9.93,9.67,9.68,9.92,-0.24,-2.4194,27539.0,26959.515
000552.SZ,20230907,3.34,3.37,3.31,3.32,3.33,-0.01,-0.3003,299568.66,100058.514
000553.SZ,20230907,8.08,8.11,7.95,7.96,8.09,-0.13,-1.6069,20781.87,16679.086
000554.SZ,20230907,5.96,6.04,5.92,5.94,5.98,-0.04,-0.6689,122581.0,73194.141
000555.SZ,20230907,11.98,12.14,11.9,11.96,11.98,-0.02,-0.1669,101467.14,122036.139
000557.SZ,20230907,4.9,4.91,4.81,4.81,4.89,-0.08,-1.636,57074.72,27718.812
000558.SZ,20230907,2.98,3.17,2.98,3.03,2.96,0.07,2.3649,743406.81,228234.671
002250.SZ,20230907,8.81,8.85,8.62,8.63,8.82,-0.19,-2.1542,126073.0,110176.356
002251.SZ,20230907,4.73,4.76,4.63,4.64,4.72,-0.08,-1.6949,194247.4,91086.927
002252.SZ,20230907,7.03,7.04,6.9,6.93,7.04,-0.11,-1.5625,252237.0,175462.98
002253.SZ,20230907,13.82,13.98,13.71,13.71,13.86,-0.15,-1.0823,33106.85,45831.897
002254.SZ,20230907,20.47,20.47,20.14,20.17,20.47,-0.3,-1.4656,25508.15,51684.518
002255.SZ,20230907,5.48,5.48,5.31,5.32,5.48,-0.16,-2.9197,85578.0,45939.665
002256.SZ,20230907,2.43,2.43,2.34,2.35,2.42,-0.07,-2.8926,206013.0,48824.113
002258.SZ,20230907,13.57,13.58,13.29,13.31,13.49,-0.18,-1.3343,33122.2,44323.877
002259.SZ,20230907,3.35,3.35,3.29,3.3,3.35,-0.05,-1.4925,17725.0,5873.243
002261.SZ,20230907,18.3,19.46,18.3,18.4,19.05,-0.65,-3.4121,1837598.27,3434710.712
002262.SZ,20230907,25.88,26.06,25.3,25.61,25.97,-0.36,-1.3862,27130.65,69308.56
002263.SZ,20230907,2.66,2.67,2.59,2.6,2.66,-0.06,-2.2556,119545.46,31311.887
002264.SZ,20230907,5.52,5.54,5.4,5.45,5.53,-0.08,-1.4467,44648.02,24365.647
002265.SZ,20230907,12.88,12.98,12.65,12.66,12.97,-0.31,-2.3901,22319.0,28567.072
002266.SZ,20230907,3.96,3.97,3.87,3.88,3.96,-0.08,-2.0202,161832.2,63227.541
002267.SZ,20230907,7.18,7.23,7.14,7.14,7.18,-0.04,-0.5571,54326.14,39053.108
002268.SZ,20230907,25.41,25.56,24.97,24.97,25.39,-0.42,-1.6542,74015.25,186712.937
002269.SZ,20230907,1.79,1.82,1.75,1.76,1.8,-0.04,-2.2222,466178.17,82756.84
002270.SZ,20230907,12.08,12.17,11.95,11.97,12.11,-0.14,-1.1561,47858.5,57564.824
002271.SZ,20230907,29.9,30.35,29.42,29.67,29.96,-0.29,-0.968,208203.65,625039.263
002272.SZ,20230907,6.3,6.35,6.23,6.23,6.32,-0.09,-1.4241,68191.0,42785.908
002273.SZ,20230907,10.78,10.78,10.52,10.55,10.83,-0.28,-2.5854,151678.26,160885.849
002274.SZ,20230907,7.25,7.27,7.12,7.14,7.25,-0.11,-1.5172,48767.0,34975.299
002275.SZ,20230907,15.64,15.64,15.33,15.38,15.66,-0.28,-1.788,28089.0,43406.105
002276.SZ,20230907,10.65,10.65,10.4,10.41,10.66,-0.25,-2.3452,99163.79,103925.151
002277.SZ,20230907,3.3,3.31,3.26,3.26,3.3,-0.04,-1.2121,103795.0,34023.772
002278.SZ,20230907,5.85,5.85,5.72,5.76,5.85,-0.09,-1.5385,54167.0,31348.141
002279.SZ,20230907,7.34,7.92,7.3,7.64,7.37,0.27,3.6635,1591762.93,1211459.669
002280.SZ,20230907,3.0,3.03,2.96,2.97,3.02,-0.05,-1.6556,173807.0,51909.939
002281.SZ,20230907,27.85,28.07,27.27,27.35,27.95,-0.6,-2.1467,156215.59,430116.824
002282.SZ,20230907,7.4,7.44,7.26,7.27,7.4,-0.13,-1.7568,26889.28,19750.75
002283.SZ,20230907,6.79,6.81,6.67,6.74,6.78,-0.04,-0.59,151980.0,102393.63
002284.SZ,20230907,9.51,9.57,9.19,9.21,9.59,-0.38,-3.9625,116262.0,108290.858
002285.SZ,20230907,3.03,3.14,2.99,3.03,3.03,0.0,0.0,911150.59,279240.269
002286.SZ,20230907,8.22,8.29,8.17,8.17,8.28,-0.11,-1.3285,27012.0,22202.36
002245.SZ,20230907,9.92,9.93,9.65,9.66,9.91,-0.25,-2.5227,104801.94,102029.867
002246.SZ,20230907,9.13,9.2,9.02,9.02,9.13,-0.11,-1.2048,65247.19,59358.543
002247.SZ,20230907,2.21,2.23,2.17,2.18,2.22,-0.04,-1.8018,109227.0,23989.905
002248.SZ,20230907,8.41,8.46,8.29,8.29,8.47,-0.18,-2.1251,42601.0,35571.997
002249.SZ,20230907,5.4,5.41,5.3,5.3,5.42,-0.12,-2.214,151754.65,81007.779
002940.SZ,20230907,19.38,19.48,18.99,19.01,19.48,-0.47,-2.4127,24173.33,46217.617
002941.SZ,20230907,17.25,17.58,16.81,16.81,17.35,-0.54,-3.1124,222642.79,380876.69
002942.SZ,20230907,17.74,17.85,17.47,17.49,17.74,-0.25,-1.4092,4608.9,8113.512
002943.SZ,20230907,29.98,30.36,29.32,29.33,30.16,-0.83,-2.752,18187.5,54142.166
002945.SZ,20230907,14.77,14.96,14.64,14.87,14.85,0.02,0.1347,227338.29,337231.012
002946.SZ,20230907,15.07,15.22,14.84,14.85,15.11,-0.26,-1.7207,22906.0,34254.583
002947.SZ,20230907,19.8,19.95,19.6,19.61,19.97,-0.36,-1.8027,18554.9,36637.219
002948.SZ,20230907,3.41,3.45,3.39,3.41,3.41,0.0,0.0,253793.54,86967.473
002949.SZ,20230907,15.61,15.72,15.34,15.44,15.72,-0.28,-1.7812,42768.0,66168.371
002950.SZ,20230907,9.8,9.82,9.6,9.6,9.79,-0.19,-1.9408,27013.5,26111.477
002951.SZ,20230907,7.48,7.55,7.41,7.5,7.5,0.0,0.0,14050.01,10487.983
002952.SZ,20230907,16.84,16.9,16.4,16.45,16.92,-0.47,-2.7778,36222.0,60090.732
002953.SZ,20230907,11.94,11.96,11.69,11.7,11.94,-0.24,-2.0101,40101.38,47259.699
002955.SZ,20230907,24.71,26.13,24.66,25.93,24.97,0.96,3.8446,131219.97,334360.07
002956.SZ,20230907,14.8,14.92,14.61,14.62,14.82,-0.2,-1.3495,23912.6,35117.587
002957.SZ,20230907,16.19,16.19,15.6,15.66,16.0,-0.34,-2.125,53922.6,85270.316
002958.SZ,20230907,2.78,2.8,2.76,2.77,2.79,-0.02,-0.7168,294892.69,81817.867
002959.SZ,20230907,61.56,62.29,60.32,60.52,61.55,-1.03,-1.6734,9908.0,60519.592
002960.SZ,20230907,17.7,17.7,17.17,17.24,17.67,-0.43,-2.4335,21405.84,37134.187
002961.SZ,20230907,16.17,16.29,15.91,15.95,16.22,-0.27,-1.6646,26552.36,42690.524
002962.SZ,20230907,12.91,12.91,12.6,12.61,12.93,-0.32,-2.4749,101810.6,129570.822
002963.SZ,20230907,15.58,15.65,15.22,15.33,15.58,-0.25,-1.6046,36564.0,56191.423
002965.SZ,20230907,39.91,39.98,38.58,38.58,40.0,-1.42,-3.55,33598.0,131406.389
002966.SZ,20230907,6.96,7.06,6.92,6.94,6.96,-0.02,-0.2874,154999.05,108286.806
002967.SZ,20230907,15.35,15.44,15.05,15.07,15.46,-0.39,-2.5226,39642.44,60263.517
002968.SZ,20230907,15.67,16.2,15.61,15.62,16.06,-0.44,-2.7397,98120.9,155471.002
002969.SZ,20230907,4.0,4.03,3.94,3.95,4.01,-0.06,-1.4963,55303.0,22014.814
002970.SZ,20230907,30.1,30.4,29.61,30.12,30.44,-0.32,-1.0512,21702.0,65212.637
002971.SZ,20230907,24.72,24.88,24.15,24.38,24.7,-0.32,-1.2955,21294.0,52084.341
002972.SZ,20230907,12.25,12.25,11.94,11.96,12.2,-0.24,-1.9672,12393.0,14963.407
002973.SZ,20230907,11.44,11.45,11.15,11.17,11.47,-0.3,-2.6155,32084.0,36039.762
002975.SZ,20230907,36.53,36.53,35.58,35.65,36.5,-0.85,-2.3288,5235.0,18857.641
002976.SZ,20230907,33.72,34.13,33.42,33.53,34.13,-0.6,-1.758,20174.25,67832.122
002977.SZ,20230907,32.7,33.1,32.3,32.35,33.1,-0.75,-2.2659,25229.6,82443.157
002978.SZ,20230907,35.04,35.06,34.2,34.47,35.12,-0.65,-1.8508,27092.0,93586.579
002979.SZ,20230907,19.85,19.86,19.48,19.5,19.88,-0.38,-1.9115,25552.85,50171.793
002980.SZ,20230907,31.43,31.86,30.89,30.91,31.87,-0.96,-3.0122,29933.99,93639.399
002981.SZ,20230907,26.73,27.05,26.59,26.73,26.75,-0.02,-0.0748,12591.0,33789.396
002982.SZ,20230907,32.48,33.3,32.29,32.31,32.49,-0.18,-0.554,7756.0,25458.603
002983.SZ,20230907,25.42,26.42,25.38,25.46,25.64,-0.18,-0.702,33705.5,87086.631
002984.SZ,20230907,32.03,32.13,31.48,31.67,32.13,-0.46,-1.4317,25874.51,82078.585
300586.SZ,20230907,11.36,11.7,11.26,11.29,11.42,-0.13,-1.1384,82130.87,94082.731
300587.SZ,20230907,7.2,7.2,6.98,7.01,7.16,-0.15,-2.095,100946.27,71134.248
300588.SZ,20230907,12.86,15.71,12.85,15.71,13.09,2.62,20.0153,236292.37,353998.272
300589.SZ,20230907,13.97,14.03,13.6,13.62,13.97,-0.35,-2.5054,52448.36,72205.032
300590.SZ,20230907,11.26,11.32,11.09,11.14,11.36,-0.22,-1.9366,63687.1,71275.254
300591.SZ,20230907,6.5,6.51,6.38,6.4,6.45,-0.05,-0.7752,68332.2,44035.803
300592.SZ,20230907,25.89,26.15,25.28,25.28,26.02,-0.74,-2.844,21577.0,55288.447
300593.SZ,20230907,20.02,20.15,19.08,19.11,19.8,-0.69,-3.4848,101676.87,197857.428
300594.SZ,20230907,24.26,24.3,23.0,23.16,24.26,-1.1,-4.5342,16870.76,39737.921
300595.SZ,20230907,26.43,26.48,25.9,25.96,26.51,-0.55,-2.0747,64947.42,169515.405
300596.SZ,20230907,35.77,35.77,34.84,35.13,35.54,-0.41,-1.1536,8861.5,31133.055
300597.SZ,20230907,9.09,9.31,9.04,9.11,9.12,-0.01,-0.1096,76822.0,70426.175
300598.SZ,20230907,49.54,50.46,48.59,48.78,50.15,-1.37,-2.7318,59251.77,293069.294
300599.SZ,20230907,8.1,8.22,8.07,8.07,8.13,-0.06,-0.738,24610.96,20068.05
300600.SZ,20230907,10.86,10.92,10.51,10.52,10.85,-0.33,-3.0415,60893.97,65155.017
300601.SZ,20230907,27.01,27.18,26.67,26.71,27.21,-0.5,-1.8376,53666.8,144137.106
300602.SZ,20230907,19.33,19.41,18.26,18.41,19.59,-1.18,-6.0235,242187.96,453432.423
300603.SZ,20230907,11.58,12.36,11.45,12.02,11.62,0.4,3.4423,234891.6,284054.278
300604.SZ,20230907,38.12,38.3,36.74,36.74,38.44,-1.7,-4.4225,121376.26,453237.364
300605.SZ,20230907,14.33,15.28,14.32,15.02,14.38,0.64,4.4506,78703.36,117960.224
300606.SZ,20230907,23.48,23.9,23.0,23.11,23.6,-0.49,-2.0763,46959.2,110163.367
300607.SZ,20230907,15.17,15.18,14.77,14.97,15.19,-0.22,-1.4483,131417.91,196641.458
300608.SZ,20230907,10.36,11.38,10.28,10.83,10.37,0.46,4.4359,409916.17,443800.302
300609.SZ,20230907,27.77,29.46,27.0,27.35,26.95,0.4,1.4842,92389.66,259120.408
300610.SZ,20230907,11.65,11.68,11.42,11.46,11.65,-0.19,-1.6309,23841.42,27444.798
300611.SZ,20230907,11.3,11.33,10.99,11.06,11.48,-0.42,-3.6585,73139.22,81500.302
300612.SZ,20230907,19.95,20.63,19.8,20.19,19.85,0.34,1.7128,101738.74,206427.815
300613.SZ,20230907,51.48,51.48,49.72,49.8,51.53,-1.73,-3.3573,32599.15,164097.642
300614.SZ,20230907,22.77,22.88,22.16,22.18,22.85,-0.67,-2.9322,15470.0,34581.028
300615.SZ,20230907,16.9,16.98,16.46,16.58,17.18,-0.6,-3.4924,75546.28,125946.03
300616.SZ,20230907,21.23,22.18,20.96,20.98,21.4,-0.42,-1.9626,37056.12,79594.944
300617.SZ,20230907,36.55,36.83,35.44,35.5,36.69,-1.19,-3.2434,9073.9,32573.619
300618.SZ,20230907,31.9,31.97,31.38,31.39,31.98,-0.59,-1.8449,28189.65,89298.548
300619.SZ,20230907,62.8,63.15,62.01,62.01,62.8,-0.79,-1.258,4302.39,26862.914
300620.SZ,20230907,44.19,44.28,42.01,42.14,44.66,-2.52,-5.6426,142272.36,610676.412
300621.SZ,20230907,11.04,12.75,10.78,11.81,10.95,0.86,7.8539,177493.23,209041.033
300622.SZ,20230907,20.55,20.64,20.21,20.21,20.52,-0.31,-1.5107,8851.0,18062.449
300623.SZ,20230907,18.34,18.46,17.94,17.97,18.51,-0.54,-2.9173,97799.94,178043.114
300624.SZ,20230907,83.33,83.94,80.15,80.18,83.23,-3.05,-3.6645,72549.79,590123.994
300625.SZ,20230907,13.05,13.05,12.81,12.83,12.99,-0.16,-1.2317,22279.0,28815.41
300626.SZ,20230907,9.68,9.69,9.48,9.51,9.7,-0.19,-1.9588,18197.0,17396.964
301302.SZ,20230907,33.49,34.33,33.11,33.19,33.68,-0.49,-1.4549,32265.28,108713.402
301303.SZ,20230907,22.8,22.8,22.12,22.18,22.82,-0.64,-2.8046,27804.66,62192.284
301305.SZ,20230907,21.36,21.36,20.86,20.87,21.36,-0.49,-2.294,33995.65,71591.519
301306.SZ,20230907,38.11,43.83,37.07,39.84,37.84,2.0,5.2854,46473.42,185704.514
301307.SZ,20230907,35.31,35.43,34.04,34.1,35.29,-1.19,-3.3721,24584.42,85103.223
301308.SZ,20230907,88.38,92.5,86.0,88.0,88.44,-0.44,-0.4975,90840.65,806307.126
301309.SZ,20230907,28.4,28.49,27.95,28.0,28.36,-0.36,-1.2694,4815.0,13568.726
301310.SZ,20230907,56.43,56.59,54.92,54.92,56.41,-1.49,-2.6414,9884.38,54992.292
301311.SZ,20230907,26.12,26.17,24.63,24.73,25.54,-0.81,-3.1715,74865.59,187754.993
301312.SZ,20230907,83.66,85.66,81.7,81.91,85.8,-3.89,-4.5338,9670.0,80346.249
301313.SZ,20230907,42.8,45.39,42.8,44.86,43.5,1.36,3.1264,67769.3,298983.5
301314.SZ,20230907,47.2,47.39,45.92,45.99,47.38,-1.39,-2.9337,6223.8,28919.948
301315.SZ,20230907,65.8,74.1,65.5,72.68,65.72,6.96,10.5904,94335.9,667575.756
301316.SZ,20230907,35.79,36.78,35.72,36.4,37.15,-0.75,-2.0188,99627.52,360275.575
301317.SZ,20230907,23.7,23.7,23.16,23.2,23.66,-0.46,-1.9442,9111.9,21276.531
301318.SZ,20230907,32.8,32.9,32.05,32.16,32.8,-0.64,-1.9512,8395.5,27231.392
301319.SZ,20230907,57.57,58.59,56.03,56.7,58.3,-1.6,-2.7444,15835.07,90551.5
301320.SZ,20230907,21.8,21.99,20.59,20.6,21.92,-1.32,-6.0219,90471.2,191167.085
301321.SZ,20230907,15.3,17.0,15.16,15.83,15.2,0.63,4.1447,188513.34,300167.247
301322.SZ,20230907,52.45,52.69,51.18,51.18,52.45,-1.27,-2.4214,12093.55,62559.918
301323.SZ,20230907,44.3,45.17,44.17,44.46,44.4,0.06,0.1351,32871.34,147079.425
301325.SZ,20230907,97.07,97.6,92.28,92.53,96.67,-4.14,-4.2826,12588.16,118549.678
301326.SZ,20230907,38.86,39.0,37.96,37.97,39.11,-1.14,-2.9149,7656.0,29381.227
301327.SZ,20230907,67.21,67.53,65.66,65.66,67.48,-1.82,-2.6971,7234.9,48039.668
301328.SZ,20230907,52.53,52.53,50.61,50.8,52.78,-1.98,-3.7514,6182.24,31781.111
301329.SZ,20230907,24.01,24.01,23.13,23.14,24.25,-1.11,-4.5773,44480.13,104522.202
301330.SZ,20230907,33.6,34.37,33.38,33.6,33.69,-0.09,-0.2671,43273.46,146414.981
301331.SZ,20230907,41.05,41.17,40.31,40.35,41.21,-0.86,-2.0869,10595.03,43136.92
301332.SZ,20230907,14.64,14.68,14.32,14.35,14.68,-0.33,-2.248,54927.0,79341.829
301333.SZ,20230907,62.16,62.34,60.31,60.6,61.88,-1.28,-2.0685,8464.2,51571.646
301335.SZ,20230907,24.3,24.62,23.71,23.74,24.3,-0.56,-2.3045,5755.98,13811.061
301336.SZ,20230907,50.4,56.98,47.8,48.5,50.0,-1.5,-3.0,51563.93,268978.667
301337.SZ,20230907,35.0,35.0,34.12,34.13,35.18,-1.05,-2.9847,22681.82,78154.728
301338.SZ,20230907,42.6,43.18,41.3,41.93,43.21,-1.28,-2.9623,64374.42,270820.098
301339.SZ,20230907,22.19,22.56,22.08,22.2,22.23,-0.03,-0.135,24029.24,53607.285
301345.SZ,20230907,51.68,51.88,50.8,50.97,51.92,-0.95,-1.8297,5451.09,27941.848
301348.SZ,20230907,64.96,65.3,58.11,58.4,65.32,-6.92,-10.594,262092.22,1581585.584
301349.SZ,20230907,45.87,45.87,43.69,43.95,45.99,-2.04,-4.4357,16240.47,72345.818
301353.SZ,20230907,38.48,38.95,37.3,37.39,38.64,-1.25,-3.235,12441.0,46985.332
301355.SZ,20230907,18.49,18.76,18.0,18.07,18.59,-0.52,-2.7972,42611.53,77742.776
301356.SZ,20230907,20.49,21.51,20.4,20.53,20.35,0.18,0.8845,32038.6,66586.22
688030.SH,20230907,19.87,20.1,19.7,19.81,19.9,-0.09,-0.4523,8874.67,17607.338
688033.SH,20230907,17.68,17.68,16.92,16.99,17.61,-0.62,-3.5207,54881.78,94326.546
688035.SH,20230907,61.98,62.22,59.4,59.53,63.1,-3.57,-5.6577,36457.52,220291.609
688036.SH,20230907,139.86,141.18,138.2,138.83,140.0,-1.17,-0.8357,29324.15,409829.562
688039.SH,20230907,32.3,32.91,31.82,31.85,32.05,-0.2,-0.624,24390.62,78726.769
688045.SH,20230907,50.99,51.16,49.5,49.7,51.16,-1.46,-2.8538,6086.65,30648.368
688046.SH,20230907,16.48,16.59,16.07,16.08,16.51,-0.43,-2.6045,13958.54,22669.333
688049.SH,20230907,34.01,34.07,33.2,33.34,34.45,-1.11,-3.2221,23731.75,79771.287
688050.SH,20230907,164.91,164.91,162.3,162.55,164.02,-1.47,-0.8962,4136.51,67536.658
688053.SH,20230907,52.36,52.39,50.51,50.66,51.58,-0.92,-1.7836,5152.56,26399.69
688055.SH,20230907,4.33,4.35,4.23,4.24,4.34,-0.1,-2.3041,45471.84,19451.06
688056.SH,20230907,40.35,40.38,38.39,38.59,40.4,-1.81,-4.4802,12220.58,47890.89
688058.SH,20230907,52.01,53.07,51.48,51.65,52.35,-0.7,-1.3372,4652.02,24251.991
688063.SH,20230907,138.54,138.72,133.33,133.7,138.06,-4.36,-3.158,24552.14,331681.486
688065.SH,20230907,58.0,58.6,56.1,56.85,58.21,-1.36,-2.3364,16573.23,94795.688
688066.SH,20230907,57.6,57.68,55.3,55.82,57.0,-1.18,-2.0702,26235.43,146531.225
688068.SH,20230907,37.59,37.78,36.5,36.59,37.55,-0.96,-2.5566,6240.63,23095.289
688069.SH,20230907,20.95,20.95,20.31,20.34,20.95,-0.61,-2.9117,4089.51,8398.347
688071.SH,20230907,47.37,48.24,45.3,45.5,47.1,-1.6,-3.397,6937.54,32046.222
688072.SH,20230907,363.2,365.0,345.97,352.0,368.13,-16.13,-4.3816,20748.12,729331.196
688073.SH,20230907,71.58,72.6,70.33,70.67,72.33,-1.66,-2.295,3611.63,25722.611
688075.SH,20230907,40.88,41.0,39.58,39.75,40.77,-1.02,-2.5018,6071.5,24419.03
688078.SH,20230907,47.67,47.86,44.73,44.73,45.0,-0.27,-0.6,10050.81,45734.335
688079.SH,20230907,10.51,10.57,10.31,10.32,10.54,-0.22,-2.0873,33998.94,35369.77
688080.SH,20230907,38.79,39.3,38.26,38.26,38.98,-0.72,-1.8471,10145.11,39309.441
688081.SH,20230907,16.49,16.6,16.17,16.24,16.39,-0.15,-0.9152,9133.63,14956.993
688082.SH,20230907,114.0,114.99,110.5,110.6,115.07,-4.47,-3.8846,16192.09,181526.76
688084.SH,20230907,74.01,74.86,72.4,72.55,74.76,-2.21,-2.9561,2236.79,16413.14
688085.SH,20230907,20.92,21.1,20.6,20.73,20.91,-0.18,-0.8608,7945.15,16549.837
688087.SH,20230907,24.5,24.64,24.0,24.32,24.58,-0.26,-1.0578,11497.67,27901.942
688088.SH,20230907,38.8,38.8,37.51,37.72,38.8,-1.08,-2.7835,38155.82,144878.351
688089.SH,20230907,20.14,20.18,19.65,19.71,20.14,-0.43,-2.1351,25595.02,50886.771
688090.SH,20230907,31.0,31.19,30.4,30.42,31.16,-0.74,-2.3748,5446.83,16743.358
688091.SH,20230907,59.35,59.35,57.58,57.76,58.98,-1.22,-2.0685,6297.74,36679.737
688092.SH,20230907,31.88,32.1,31.13,31.24,31.8,-0.56,-1.761,9576.99,30099.27
688093.SH,20230907,20.29,20.29,19.92,19.99,20.25,-0.26,-1.284,8259.5,16582.102
688095.SH,20230907,85.7,86.0,81.99,82.29,85.0,-2.71,-3.1882,12086.63,100691.164
688096.SH,20230907,9.86,9.89,9.7,9.7,9.85,-0.15,-1.5228,16125.23,15778.62
688097.SH,20230907,26.78,26.78,25.55,25.79,26.82,-1.03,-3.8404,27175.22,70433.061
688098.SH,20230907,7.4,7.4,7.23,7.26,7.4,-0.14,-1.8919,13495.1,9871.308
000559.SZ,20230907,5.28,5.28,5.17,5.18,5.29,-0.11,-2.0794,106137.2,55255.305
000560.SZ,20230907,3.29,3.32,3.15,3.17,3.3,-0.13,-3.9394,1310249.0,423087.149
000561.SZ,20230907,9.46,9.53,9.24,9.26,9.46,-0.2,-2.1142,101313.0,94794.042
000563.SZ,20230907,3.05,3.06,3.02,3.02,3.05,-0.03,-0.9836,587839.8,178466.566
000564.SZ,20230907,1.24,1.24,1.22,1.23,1.24,-0.01,-0.8065,687213.73,84455.136
000565.SZ,20230907,6.02,6.03,5.9,5.9,6.01,-0.11,-1.8303,23204.0,13803.382
000566.SZ,20230907,4.5,4.51,4.42,4.42,4.51,-0.09,-1.9956,92946.09,41451.019
000567.SZ,20230907,11.88,11.97,11.78,11.79,11.94,-0.15,-1.2563,30777.15,36501.946
000568.SZ,20230907,237.91,238.09,232.5,233.57,238.09,-4.52,-1.8984,47607.34,1116080.606
000570.SZ,20230907,5.73,5.74,5.56,5.57,5.74,-0.17,-2.9617,111394.72,62755.132
000571.SZ,20230907,2.53,2.61,2.51,2.53,2.56,-0.03,-1.1719,252254.89,64568.003
000572.SZ,20230907,4.45,4.45,4.37,4.38,4.49,-0.11,-2.4499,340169.01,149785.728
000573.SZ,20230907,3.63,3.71,3.59,3.6,3.65,-0.05,-1.3699,240870.01,87780.355
000576.SZ,20230907,10.12,10.23,10.0,10.05,10.14,-0.09,-0.8876,41737.0,42191.852
000581.SZ,20230907,17.28,17.28,16.85,16.88,17.32,-0.44,-2.5404,61263.0,104117.26
000582.SZ,20230907,7.95,8.04,7.89,7.89,7.94,-0.05,-0.6297,80739.27,64145.43
000584.SZ,20230907,4.56,4.58,4.43,4.44,4.6,-0.16,-3.4783,104782.32,47091.852
000586.SZ,20230907,14.91,15.05,14.75,14.75,14.91,-0.16,-1.0731,20327.0,30231.849
000589.SZ,20230907,7.15,7.21,7.06,7.14,7.11,0.03,0.4219,164196.42,117354.106
000590.SZ,20230907,8.41,8.44,8.23,8.25,8.4,-0.15,-1.7857,41932.64,34863.507
000591.SZ,20230907,6.08,6.08,5.98,5.98,6.09,-0.11,-1.8062,213278.98,128389.995
000592.SZ,20230907,2.67,2.67,2.58,2.6,2.65,-0.05,-1.8868,502798.63,131625.818
000593.SZ,20230907,7.29,7.31,7.09,7.1,7.31,-0.21,-2.8728,52462.0,37567.622
000595.SZ,20230907,5.4,5.45,5.3,5.31,5.44,-0.13,-2.3897,116748.95,62448.475
000596.SZ,20230907,285.0,289.44,283.69,284.85,287.28,-2.43,-0.8459,12494.05,356743.478
000597.SZ,20230907,5.02,5.04,4.92,4.92,5.03,-0.11,-2.1869,129154.0,64125.355
000598.SZ,20230907,5.26,5.29,5.2,5.21,5.27,-0.06,-1.1385,108661.96,56878.546
000599.SZ,20230907,4.37,4.39,4.28,4.28,4.39,-0.11,-2.5057,57431.0,24821.63
000600.SZ,20230907,6.15,6.16,5.82,5.83,6.16,-0.33,-5.3571,360918.32,214061.766
000601.SZ,20230907,4.35,4.37,4.22,4.23,4.34,-0.11,-2.5346,81283.36,34723.463
000603.SZ,20230907,14.25,14.36,13.91,13.98,14.39,-0.41,-2.8492,76406.02,107695.27
000605.SZ,20230907,6.16,6.19,6.04,6.05,6.17,-0.12,-1.9449,52044.6,31716.55
000607.SZ,20230907,5.26,5.44,5.25,5.35,5.26,0.09,1.711,298819.06,159491.343
000608.SZ,20230907,3.0,3.03,2.94,2.96,2.98,-0.02,-0.6711,136302.73,40736.091
000609.SZ,20230907,6.39,6.9,6.27,6.56,6.47,0.09,1.391,740228.4,490680.832
000610.SZ,20230907,16.6,17.7,16.47,17.0,16.52,0.48,2.9056,293795.05,502705.875
000612.SZ,20230907,5.31,5.31,5.2,5.21,5.32,-0.11,-2.0677,94366.0,49454.61
000615.SZ,20230907,4.75,5.0,4.73,5.0,4.76,0.24,5.042,448774.22,221153.206
000617.SZ,20230907,6.53,6.54,6.45,6.45,6.56,-0.11,-1.6768,389052.07,252654.766
000619.SZ,20230907,6.48,6.5,6.38,6.4,6.46,-0.06,-0.9288,28601.0,18388.627
000620.SZ,20230907,1.64,1.66,1.62,1.62,1.65,-0.03,-1.8182,245771.2,40143.855
002287.SZ,20230907,24.56,24.56,23.3,23.45,23.84,-0.39,-1.6359,17591.47,41456.898
002288.SZ,20230907,4.53,4.56,4.46,4.47,4.56,-0.09,-1.9737,141096.86,63414.315
002289.SZ,20230907,5.06,5.47,5.05,5.42,5.21,0.21,4.0307,86888.52,45848.845
002290.SZ,20230907,12.43,12.43,12.15,12.17,12.43,-0.26,-2.0917,19538.01,23976.618
002291.SZ,20230907,10.31,10.48,10.03,10.05,10.36,-0.31,-2.9923,231861.79,236142.633
002292.SZ,20230907,8.45,8.65,8.36,8.36,8.51,-0.15,-1.7626,497626.61,422448.661
002293.SZ,20230907,11.1,11.16,10.99,11.0,11.1,-0.1,-0.9009,24065.66,26641.321
002294.SZ,20230907,26.48,26.54,25.58,25.67,26.52,-0.85,-3.2051,53263.9,137506.434
002295.SZ,20230907,7.54,7.58,7.43,7.46,7.57,-0.11,-1.4531,47738.0,35765.416
002296.SZ,20230907,7.82,7.88,7.75,7.75,7.82,-0.07,-0.8951,45514.0,35532.43
002297.SZ,20230907,7.64,7.68,7.51,7.52,7.66,-0.14,-1.8277,40365.0,30600.904
002298.SZ,20230907,5.93,5.95,5.81,5.83,5.94,-0.11,-1.8519,59356.77,34880.736
002299.SZ,20230907,19.73,19.89,19.52,19.56,19.75,-0.19,-0.962,36910.71,72656.889
002300.SZ,20230907,8.19,8.19,7.8,7.82,8.21,-0.39,-4.7503,103776.06,82800.954
002301.SZ,20230907,7.03,7.22,7.02,7.06,7.04,0.02,0.2841,123257.09,87964.134
002302.SZ,20230907,7.36,7.46,7.32,7.33,7.4,-0.07,-0.9459,92096.13,67917.767
002303.SZ,20230907,3.56,3.58,3.51,3.51,3.56,-0.05,-1.4045,108513.35,38482.108
002304.SZ,20230907,139.22,139.76,137.51,137.6,139.86,-2.26,-1.6159,29152.0,403406.421
002305.SZ,20230907,2.27,2.31,2.23,2.24,2.27,-0.03,-1.3216,513932.82,116620.786
002306.SZ,20230907,3.94,4.1,3.94,3.99,3.97,0.02,0.5038,110623.96,44629.996
002307.SZ,20230907,5.17,5.21,5.11,5.12,5.18,-0.06,-1.1583,111408.8,57463.013
002308.SZ,20230907,4.74,4.77,4.68,4.68,4.76,-0.08,-1.6807,77048.9,36373.455
002309.SZ,20230907,3.95,4.0,3.92,3.93,3.98,-0.05,-1.2563,80081.0,31689.741
002310.SZ,20230907,2.55,2.58,2.52,2.52,2.57,-0.05,-1.9455,1186022.12,301743.589
002311.SZ,20230907,47.86,48.03,47.22,47.26,47.75,-0.49,-1.0262,20551.02,97422.829
002312.SZ,20230907,7.75,7.76,7.62,7.63,7.78,-0.15,-1.928,76151.91,58456.995
002313.SZ,20230907,7.08,7.08,6.81,6.87,7.08,-0.21,-2.9661,26311.0,18149.252
002314.SZ,20230907,3.46,3.53,3.41,3.42,3.48,-0.06,-1.7241,417239.0,144383.091
002315.SZ,20230907,30.0,30.72,29.71,30.0,30.05,-0.05,-0.1664,78043.94,235024.761
002316.SZ,20230907,5.16,5.18,5.08,5.1,5.2,-0.1,-1.9231,184767.0,94592.829
002317.SZ,20230907,14.71,14.71,14.3,14.31,14.71,-0.4,-2.7192,152072.95,219842.785
002318.SZ,20230907,17.64,17.64,17.26,17.29,17.64,-0.35,-1.9841,25200.03,43906.252
002319.SZ,20230907,16.95,17.23,16.75,16.86,17.0,-0.14,-0.8235,32028.0,54218.68
002320.SZ,20230907,5.86,5.86,5.75,5.76,5.86,-0.1,-1.7065,85096.0,49282.504
002321.SZ,20230907,2.56,2.63,2.54,2.6,2.56,0.04,1.5625,280900.76,72515.738
002322.SZ,20230907,9.95,10.03,9.83,9.85,10.0,-0.15,-1.5,41181.0,40854.355
002323.SZ,20230907,2.65,2.68,2.63,2.64,2.66,-0.02,-0.7519,92820.84,24668.336
002324.SZ,20230907,13.47,13.47,12.94,12.95,13.56,-0.61,-4.4985,103257.53,135247.468
002325.SZ,20230907,1.67,1.68,1.63,1.64,1.67,-0.03,-1.7964,403988.0,66613.624
002326.SZ,20230907,13.67,13.68,13.3,13.35,13.69,-0.34,-2.4836,130567.0,175567.742
002985.SZ,20230907,38.78,38.92,38.4,38.55,38.93,-0.38,-0.9761,23477.26,90663.571
002986.SZ,20230907,18.5,18.55,18.14,18.23,18.47,-0.24,-1.2994,7477.79,13677.442
002987.SZ,20230907,20.62,20.88,20.38,20.38,20.63,-0.25,-1.2118,49274.88,101644.425
002988.SZ,20230907,18.0,18.08,17.74,17.85,18.01,-0.16,-0.8884,12928.0,23121.523
002989.SZ,20230907,15.26,15.38,14.96,14.96,15.18,-0.22,-1.4493,24718.6,37557.15
002990.SZ,20230907,32.62,33.66,31.62,31.77,31.96,-0.19,-0.5945,41731.07,135524.162
002991.SZ,20230907,74.6,75.28,73.86,73.99,74.72,-0.73,-0.977,4323.0,32134.408
002992.SZ,20230907,66.79,68.68,65.0,65.1,67.03,-1.93,-2.8793,25022.0,167140.231
002993.SZ,20230907,38.68,38.9,37.28,37.5,38.67,-1.17,-3.0256,40879.0,154583.798
002995.SZ,20230907,24.5,24.9,23.86,23.88,24.41,-0.53,-2.1712,104664.41,254601.321
002996.SZ,20230907,12.09,12.15,11.87,11.9,12.09,-0.19,-1.5715,17766.0,21276.639
002997.SZ,20230907,35.01,35.18,33.6,33.97,35.23,-1.26,-3.5765,50850.19,173214.696
002998.SZ,20230907,7.77,7.83,7.67,7.67,7.77,-0.1,-1.287,45495.0,35244.532
002999.SZ,20230907,7.94,8.03,7.79,7.8,7.95,-0.15,-1.8868,87856.0,69229.356
003000.SZ,20230907,10.82,10.95,10.48,10.6,10.85,-0.25,-2.3041,35236.0,37440.433
003001.SZ,20230907,17.79,17.92,17.52,17.61,17.83,-0.22,-1.2339,12954.19,22951.36
003002.SZ,20230907,16.37,16.48,16.08,16.08,16.37,-0.29,-1.7715,17442.0,28392.978
003003.SZ,20230907,11.36,11.41,11.21,11.21,11.32,-0.11,-0.9717,15735.0,17785.522
003004.SZ,20230907,26.97,27.37,26.72,27.15,26.97,0.18,0.6674,15031.86,40693.058
003005.SZ,20230907,31.22,32.99,31.01,32.05,31.37,0.68,2.1677,87852.22,281291.764
003006.SZ,20230907,14.34,14.89,14.16,14.27,14.39,-0.12,-0.8339,46946.0,67954.252
003007.SZ,20230907,26.43,27.19,26.37,26.89,26.7,0.19,0.7116,61923.5,166093.174
003008.SZ,20230907,27.72,27.95,27.2,27.35,27.82,-0.47,-1.6894,4860.0,13337.964
003009.SZ,20230907,47.48,47.92,46.32,46.48,47.92,-1.44,-3.005,18862.0,88575.399
003010.SZ,20230907,20.38,20.55,20.07,20.07,20.34,-0.27,-1.3274,23024.0,46763.354
003011.SZ,20230907,26.11,26.45,25.83,25.97,26.11,-0.14,-0.5362,24605.8,64263.275
003012.SZ,20230907,11.48,11.64,11.38,11.48,11.48,0.0,0.0,72858.65,84040.198
003013.SZ,20230907,17.95,18.06,17.7,17.75,17.94,-0.19,-1.0591,10050.0,17905.267
003015.SZ,20230907,9.34,9.36,9.19,9.29,9.33,-0.04,-0.4287,60526.0,56123.602
003016.SZ,20230907,10.0,10.04,9.93,9.94,10.03,-0.09,-0.8973,13614.0,13582.697
003017.SZ,20230907,32.05,32.36,31.71,31.76,32.06,-0.3,-0.9357,8832.0,28315.391
003018.SZ,20230907,10.36,10.36,10.16,10.18,10.23,-0.05,-0.4888,24538.18,25162.371
003019.SZ,20230907,19.44,19.56,19.2,19.24,19.44,-0.2,-1.0288,20183.44,39168.898
003020.SZ,20230907,25.95,26.16,25.37,25.4,25.97,-0.57,-2.1948,20229.95,51935.58
003021.SZ,20230907,72.33,72.33,69.21,69.53,72.41,-2.88,-3.9774,13267.8,93166.133
003022.SZ,20230907,20.61,20.63,20.11,20.12,20.7,-0.58,-2.8019,43045.73,87442.713
003023.SZ,20230907,22.1,23.49,21.8,22.64,22.33,0.31,1.3883,77771.65,176165.675
003025.SZ,20230907,12.4,12.43,12.12,12.15,12.45,-0.3,-2.4096,48187.76,59026.603
003026.SZ,20230907,37.73,38.6,37.51,37.52,38.71,-1.19,-3.0741,18643.01,70912.414
003027.SZ,20230907,19.28,19.37,18.94,19.0,19.34,-0.34,-1.758,15037.0,28732.995
003028.SZ,20230907,39.24,39.49,38.57,38.74,39.38,-0.64,-1.6252,7984.02,31088.189
300627.SZ,20230907,32.02,32.02,31.11,31.15,31.99,-0.84,-2.6258,31147.1,97922.85
300628.SZ,20230907,36.08,36.08,35.0,35.06,36.19,-1.13,-3.1224,37009.8,130623.965
300629.SZ,20230907,18.9,19.06,18.51,18.55,18.97,-0.42,-2.214,39848.3,74775.928
300630.SZ,20230907,18.91,19.14,18.6,18.63,18.98,-0.35,-1.844,65661.46,123402.215
300631.SZ,20230907,30.42,30.65,29.7,29.7,30.42,-0.72,-2.3669,9485.0,28475.51
300632.SZ,20230907,12.15,12.2,11.82,11.9,12.15,-0.25,-2.0576,35382.6,42331.561
300633.SZ,20230907,44.05,44.28,42.51,42.69,44.08,-1.39,-3.1534,32776.38,141147.816
300634.SZ,20230907,22.99,23.29,22.63,22.64,23.03,-0.39,-1.6934,108400.95,248529.301
300635.SZ,20230907,13.66,13.88,13.63,13.75,13.71,0.04,0.2918,35355.8,48609.839
300636.SZ,20230907,10.81,10.81,10.63,10.64,10.8,-0.16,-1.4815,23802.09,25447.515
300637.SZ,20230907,10.0,11.1,9.78,10.15,9.52,0.63,6.6176,749610.83,778261.841
300638.SZ,20230907,20.21,20.22,19.76,19.81,20.27,-0.46,-2.2694,68760.87,137010.592
300639.SZ,20230907,9.27,9.27,9.06,9.08,9.27,-0.19,-2.0496,39137.83,35790.051
300640.SZ,20230907,6.25,6.31,6.16,6.2,6.25,-0.05,-0.8,36523.5,22740.891
300641.SZ,20230907,5.52,5.54,5.42,5.43,5.52,-0.09,-1.6304,32620.0,17835.17
300642.SZ,20230907,18.62,18.66,18.16,18.18,18.63,-0.45,-2.4155,11977.2,21963.516
300643.SZ,20230907,13.55,13.58,13.09,13.1,13.55,-0.45,-3.321,39712.0,52565.799
300644.SZ,20230907,18.4,18.48,18.13,18.19,18.43,-0.24,-1.3022,14543.6,26637.864
300645.SZ,20230907,27.48,28.31,27.32,27.78,27.44,0.34,1.2391,22079.65,61716.675
300647.SZ,20230907,6.87,6.87,6.7,6.72,6.85,-0.13,-1.8978,93034.82,63051.002
300648.SZ,20230907,26.49,26.65,25.75,25.75,26.44,-0.69,-2.6097,13557.0,35395.718
300649.SZ,20230907,24.24,28.22,24.24,26.96,24.16,2.8,11.5894,276292.11,733192.182
300650.SZ,20230907,12.55,13.0,12.43,12.79,12.62,0.17,1.3471,75491.07,96150.462
300651.SZ,20230907,24.19,25.2,24.1,24.6,24.28,0.32,1.318,67141.0,166088.988
300652.SZ,20230907,22.75,22.75,22.02,22.12,22.49,-0.37,-1.6452,10133.8,22491.537
300653.SZ,20230907,30.4,30.49,29.57,29.61,30.35,-0.74,-2.4382,11572.0,34554.235
300654.SZ,20230907,10.4,10.62,10.26,10.26,10.44,-0.18,-1.7241,83999.24,87425.698
300655.SZ,20230907,12.15,12.38,11.73,11.76,12.43,-0.67,-5.3902,1007053.44,1207751.073
300656.SZ,20230907,26.47,26.77,25.86,25.9,26.4,-0.5,-1.8939,12960.24,33945.992
300657.SZ,20230907,18.8,19.13,18.41,18.8,19.18,-0.38,-1.9812,285462.14,536758.614
300658.SZ,20230907,6.89,6.91,6.73,6.76,6.86,-0.1,-1.4577,21576.06,14685.342
300659.SZ,20230907,23.52,27.61,23.52,25.91,23.3,2.61,11.2017,322509.2,825186.29
300660.SZ,20230907,30.9,31.0,30.09,30.35,31.16,-0.81,-2.5995,69247.85,211512.637
300661.SZ,20230907,82.93,83.08,81.51,81.74,83.4,-1.66,-1.9904,25479.89,209116.001
300662.SZ,20230907,35.16,35.2,33.8,33.91,34.9,-0.99,-2.8367,18681.0,64015.787
300663.SZ,20230907,14.41,15.1,14.41,14.82,14.59,0.23,1.5764,278694.0,414376.248
300664.SZ,20230907,5.81,5.88,5.79,5.84,5.83,0.01,0.1715,103766.34,60528.881
300665.SZ,20230907,8.75,8.88,8.62,8.65,8.81,-0.16,-1.8161,62509.6,54601.67
300666.SZ,20230907,65.38,65.64,62.6,62.77,65.67,-2.9,-4.416,92420.65,590228.011
300667.SZ,20230907,16.75,16.97,16.44,16.5,16.84,-0.34,-2.019,29838.83,49702.9
300668.SZ,20230907,19.89,21.0,19.68,20.88,19.93,0.95,4.7667,46347.5,95008.173
301357.SZ,20230907,52.23,53.19,50.88,51.2,52.7,-1.5,-2.8463,19949.92,103863.0
301358.SZ,20230907,40.6,40.6,39.79,39.79,40.6,-0.81,-1.9951,18611.87,74528.203
301359.SZ,20230907,27.5,27.67,26.93,27.02,27.54,-0.52,-1.8882,14771.59,40184.138
301360.SZ,20230907,81.94,83.0,80.68,81.08,83.0,-1.92,-2.3133,5408.84,44115.337
301361.SZ,20230907,26.6,26.66,25.79,25.83,26.5,-0.67,-2.5283,15486.0,40424.9
301362.SZ,20230907,46.72,47.2,45.48,45.63,46.55,-0.92,-1.9764,22131.38,101899.45
301363.SZ,20230907,31.85,31.85,30.93,30.99,31.98,-0.99,-3.0957,28090.95,87802.053
301365.SZ,20230907,17.1,17.59,16.97,17.02,17.26,-0.24,-1.3905,23941.46,41217.267
301366.SZ,20230907,37.98,38.18,36.81,36.95,38.4,-1.45,-3.776,40013.11,149841.918
301367.SZ,20230907,127.0,127.0,123.51,123.6,127.06,-3.46,-2.7231,5019.65,62680.331
301368.SZ,20230907,50.59,50.59,47.01,47.38,50.16,-2.78,-5.5423,58959.98,284603.879
301369.SZ,20230907,71.03,75.76,71.02,72.99,72.46,0.53,0.7314,33445.96,245469.589
301370.SZ,20230907,19.36,19.45,18.78,18.78,19.36,-0.58,-2.9959,58186.24,110466.226
301371.SZ,20230907,52.32,52.51,51.3,51.85,52.26,-0.41,-0.7845,26837.59,138769.529
301372.SZ,20230907,70.84,72.83,67.7,67.7,71.19,-3.49,-4.9024,33880.62,239085.85
301373.SZ,20230907,32.63,32.78,31.9,31.9,32.77,-0.87,-2.6549,8405.75,27047.703
301376.SZ,20230907,25.98,26.6,24.7,24.71,25.78,-1.07,-4.1505,41955.45,107221.852
301377.SZ,20230907,21.1,21.15,20.56,20.59,21.1,-0.51,-2.4171,14081.0,29282.384
301378.SZ,20230907,58.78,59.87,58.08,58.19,59.16,-0.97,-1.6396,11064.51,65098.596
301379.SZ,20230907,36.44,36.44,34.5,34.55,36.44,-1.89,-5.1866,44970.85,157671.043
301380.SZ,20230907,54.0,54.83,53.16,54.56,54.0,0.56,1.037,27114.83,147306.26
301381.SZ,20230907,35.0,35.13,33.36,33.5,34.83,-1.33,-3.8185,38902.76,132151.38
301382.SZ,20230907,39.17,40.88,39.17,39.85,39.17,0.68,1.736,70973.1,284642.092
301383.SZ,20230907,41.2,41.2,38.8,38.86,41.21,-2.35,-5.7025,29535.83,116936.344
301386.SZ,20230907,28.8,28.8,27.54,27.6,28.68,-1.08,-3.7657,29715.98,82734.976
301387.SZ,20230907,50.06,50.36,48.7,48.74,50.36,-1.62,-3.2168,6800.72,33561.549
301388.SZ,20230907,27.02,27.33,26.33,26.34,27.08,-0.74,-2.7326,16159.69,43282.732
301389.SZ,20230907,18.03,18.03,17.61,17.63,18.06,-0.43,-2.381,18227.14,32405.208
301390.SZ,20230907,49.0,50.1,48.25,48.54,49.28,-0.74,-1.5016,15802.84,77577.939
301391.SZ,20230907,90.44,90.48,87.95,87.96,90.45,-2.49,-2.7529,3137.0,27848.597
301393.SZ,20230907,68.01,68.28,66.49,66.7,68.46,-1.76,-2.5708,13377.29,89971.152
301395.SZ,20230907,22.66,22.71,22.01,22.01,22.72,-0.71,-3.125,19423.49,43216.76
301396.SZ,20230907,32.0,33.23,31.94,32.63,32.31,0.32,0.9904,37196.38,121657.876
301397.SZ,20230907,47.1,47.18,45.75,45.84,47.41,-1.57,-3.3115,7980.6,36816.787
301398.SZ,20230907,64.62,65.89,62.7,63.03,66.7,-3.67,-5.5022,37043.55,236040.286
301399.SZ,20230907,49.81,49.85,48.0,48.11,49.81,-1.7,-3.413,14172.5,68675.451
301408.SZ,20230907,19.45,19.45,18.43,18.43,19.14,-0.71,-3.7095,88827.19,166422.223
301418.SZ,20230907,74.09,75.08,71.5,72.13,75.36,-3.23,-4.2861,40087.02,291679.563
301419.SZ,20230907,42.17,42.26,40.79,40.9,42.4,-1.5,-3.5377,21808.97,90265.952
301421.SZ,20230907,85.99,87.0,78.0,78.2,92.2,-14.0,-15.1844,130842.43,1080251.442
301428.SZ,20230907,42.05,43.9,42.05,42.39,42.29,0.1,0.2365,37592.2,162001.224
302132.SZ,20230907,44.41,45.1,43.71,44.01,44.58,-0.57,-1.2786,89258.93,395096.465
