ts_code,trade_date,open,high,low,close,pre_close,change,pct_chg,vol,amount
603519.SH,20240906,9.16,9.23,9.05,9.1,9.21,-0.11,-1.1944,7997.0,7306.911
603388.SH,20240906,1.92,2.02,1.92,2.0,1.93,0.07,3.6269,134496.0,26549.461
002004.SZ,20240906,4.09,4.11,4.02,4.04,4.1,-0.06,-1.4634,65494.5,26579.143
688549.SH,20240906,5.37,5.39,5.21,5.23,5.37,-0.14,-2.6071,51252.91,27045.903
300969.SZ,20240906,56.22,57.5,55.48,55.56,56.22,-0.66,-1.174,15849.0,89306.981
600029.SH,20240906,5.61,5.62,5.56,5.61,5.61,0.0,0.0,192629.9,107727.06
002302.SZ,20240906,5.95,6.28,5.83,6.12,6.03,0.09,1.4925,941459.94,569217.464
300311.SZ,20240906,3.13,3.26,3.09,3.09,3.14,-0.05,-1.5924,288961.0,91008.854
920703.BJ,20240906,16.76,17.1,16.67,17.01,16.84,0.17,1.0095,5777.73,9762.764
002641.SZ,20240906,3.95,3.96,3.88,3.89,3.95,-0.06,-1.519,92370.5,36276.14
603013.SH,20240906,13.16,13.37,13.05,13.1,13.17,-0.07,-0.5315,24804.34,32813.17
603150.SH,20240906,24.44,24.44,23.4,23.81,24.31,-0.5,-2.0568,3239.93,7781.756
301151.SZ,20240906,13.93,14.25,13.8,14.07,13.91,0.16,1.1503,49987.2,70171.472
300444.SZ,20240906,5.63,5.64,5.42,5.43,5.63,-0.2,-3.5524,118312.75,65117.091
001202.SZ,20240906,11.1,11.18,10.75,10.81,11.04,-0.23,-2.0833,6282.0,6849.84
600560.SH,20240906,11.65,11.68,11.37,11.38,11.63,-0.25,-2.1496,19952.0,22946.173
000429.SZ,20240906,11.5,11.77,11.48,11.68,11.55,0.13,1.1255,57723.75,67252.541
000783.SZ,20240906,4.96,4.99,4.89,4.9,4.87,0.03,0.616,441813.63,218364.55
603039.SH,20240906,28.11,28.27,27.29,27.35,28.06,-0.71,-2.5303,5936.0,16375.846
300140.SZ,20240906,4.52,4.56,4.42,4.42,4.54,-0.12,-2.6432,68017.02,30426.547
002415.SZ,20240906,26.46,26.53,26.13,26.15,26.48,-0.33,-1.2462,140628.1,369666.348
002624.SZ,20240906,7.63,7.72,7.5,7.5,7.64,-0.14,-1.8325,199102.0,150709.222
601326.SH,20240906,3.36,3.39,3.31,3.33,3.34,-0.01,-0.2994,132958.0,44537.696
301419.SZ,20240906,24.03,24.03,23.08,23.25,24.06,-0.81,-3.3666,24671.14,57824.912
001366.SZ,20240906,10.34,10.36,10.1,10.18,10.37,-0.19,-1.8322,21447.8,21867.113
002357.SZ,20240906,5.35,5.53,5.35,5.38,5.28,0.1,1.8939,245232.34,133627.446
600039.SH,20240906,5.51,5.62,5.49,5.5,5.53,-0.03,-0.5425,154268.8,85758.713
601186.SH,20240906,7.14,7.2,7.1,7.1,7.15,-0.05,-0.6993,361185.45,258228.752
002520.SZ,20240906,4.94,5.43,4.72,5.43,4.94,0.49,9.919,1368442.86,702995.689
600826.SH,20240906,5.84,5.84,5.6,5.84,5.31,0.53,9.9812,237873.95,138278.093
603566.SH,20240906,12.05,12.13,11.77,11.77,12.06,-0.29,-2.4046,19401.0,23016.327
601016.SH,20240906,2.71,2.72,2.68,2.69,2.71,-0.02,-0.738,203257.83,54812.841
688348.SH,20240906,45.1,45.79,43.27,43.4,45.55,-2.15,-4.7201,27584.85,122154.178
002943.SZ,20240906,17.7,18.13,17.61,17.66,17.7,-0.04,-0.226,24647.05,43905.662
300549.SZ,20240906,13.52,13.54,12.93,12.96,13.47,-0.51,-3.7862,19435.0,25540.793
002396.SZ,20240906,13.89,13.92,13.52,13.54,13.91,-0.37,-2.66,43622.56,59661.244
600548.SH,20240906,9.36,9.61,9.34,9.54,9.34,0.2,2.1413,60535.0,57794.123
000088.SZ,20240906,4.36,4.53,4.34,4.4,4.34,0.06,1.3825,131594.81,58581.681
002458.SZ,20240906,8.08,8.1,7.95,8.03,8.05,-0.02,-0.2484,48357.0,38816.504
301262.SZ,20240906,22.2,22.2,21.22,21.22,21.88,-0.66,-3.0165,10148.53,21904.589
688103.SH,20240906,30.6,30.6,29.6,29.6,30.42,-0.82,-2.6956,7812.5,23378.004
300902.SZ,20240906,17.02,17.58,16.55,16.58,16.84,-0.26,-1.5439,35737.18,61166.382
002893.SZ,20240906,8.1,8.14,7.91,7.92,8.11,-0.19,-2.3428,26266.28,21020.084
603003.SH,20240906,4.16,4.27,4.06,4.06,4.27,-0.21,-4.918,106494.0,44055.838
002569.SZ,20240906,5.83,5.89,5.58,5.58,5.87,-0.29,-4.9404,15975.0,9021.425
688633.SH,20240906,18.07,18.11,17.75,17.87,18.14,-0.27,-1.4884,2417.36,4341.498
688739.SH,20240906,23.45,23.53,23.03,23.04,23.43,-0.39,-1.6645,6621.0,15401.536
603617.SH,20240906,5.22,5.22,5.08,5.1,5.21,-0.11,-2.1113,39441.42,20216.684
603883.SH,20240906,17.92,17.92,17.92,17.92,16.29,1.63,10.0061,76286.42,136705.265
601728.SH,20240906,6.19,6.26,6.09,6.1,6.16,-0.06,-0.974,727919.29,448284.773
301296.SZ,20240906,7.15,7.2,7.02,7.02,7.2,-0.18,-2.5,23802.0,16834.984
301100.SZ,20240906,13.2,13.34,12.75,12.78,13.24,-0.46,-3.4743,13135.0,17078.371
603766.SH,20240906,6.83,6.94,6.7,6.72,6.83,-0.11,-1.6105,148040.92,100654.306
300867.SZ,20240906,11.77,11.94,11.5,11.53,11.77,-0.24,-2.0391,32304.17,37665.526
300404.SZ,20240906,7.41,7.44,7.18,7.23,7.4,-0.17,-2.2973,54097.0,39370.98
688070.SH,20240906,25.02,25.16,24.1,24.12,24.95,-0.83,-3.3267,4996.08,12228.031
603019.SH,20240906,35.65,35.98,34.07,34.32,35.71,-1.39,-3.8925,287804.46,1001962.845
603767.SH,20240906,10.3,10.3,10.02,10.03,10.3,-0.27,-2.6214,28012.41,28395.291
002112.SZ,20240906,8.71,8.76,8.44,8.47,8.71,-0.24,-2.7555,76275.3,65318.861
002546.SZ,20240906,3.06,3.1,3.02,3.03,3.07,-0.04,-1.3029,48801.0,14899.504
301186.SZ,20240906,29.62,29.65,28.52,28.55,29.53,-0.98,-3.3187,4068.0,11763.995
601118.SH,20240906,4.83,4.89,4.76,4.8,4.83,-0.03,-0.6211,164397.0,79253.389
603036.SH,20240906,9.05,9.95,8.9,9.55,9.06,0.49,5.4084,68025.63,64334.57
600758.SH,20240906,2.68,2.68,2.65,2.65,2.67,-0.02,-0.7491,35787.0,9530.806
300802.SZ,20240906,13.26,13.31,12.9,12.93,13.31,-0.38,-2.855,13577.2,17708.301
002885.SZ,20240906,11.04,11.04,10.66,10.66,11.05,-0.39,-3.5294,83963.22,90737.273
000990.SZ,20240906,6.46,6.48,6.34,6.35,6.47,-0.12,-1.8547,71104.0,45557.199
688469.SH,20240906,3.54,3.56,3.47,3.49,3.55,-0.06,-1.6901,216567.79,75997.736
600292.SH,20240906,4.67,4.67,4.61,4.61,4.68,-0.07,-1.4957,26714.0,12384.43
300778.SZ,20240906,9.76,9.83,9.43,9.44,9.66,-0.22,-2.2774,32414.5,31178.837
688700.SH,20240906,19.6,19.7,18.98,19.06,19.52,-0.46,-2.3566,23654.85,45263.97
600839.SH,20240906,5.11,5.12,4.97,5.01,5.17,-0.16,-3.0948,2175091.32,1094152.897
688122.SH,20240906,35.81,35.81,34.97,35.04,35.6,-0.56,-1.573,20623.22,72608.883
920023.BJ,20240906,2.43,2.44,2.39,2.4,2.43,-0.03,-1.2346,16583.09,3990.825
002206.SZ,20240906,3.73,3.76,3.67,3.67,3.73,-0.06,-1.6086,81112.25,30123.217
603261.SH,20240906,26.78,27.0,25.8,26.01,26.75,-0.74,-2.7664,19560.0,51863.88
920363.BJ,20240906,9.46,9.79,9.31,9.32,9.51,-0.19,-1.9979,14570.03,13904.449
301165.SZ,20240906,31.41,31.7,30.56,30.6,31.73,-1.13,-3.5613,16493.0,51150.616
601928.SH,20240906,11.34,11.64,11.21,11.55,11.37,0.18,1.5831,127161.0,146194.754
600276.SH,20240906,45.15,45.15,44.4,44.4,45.0,-0.6,-1.3333,141475.7,632592.17
002945.SZ,20240906,9.82,9.89,9.53,9.58,9.64,-0.06,-0.6224,131916.0,127769.881
603281.SH,20240906,24.39,24.39,23.77,23.8,24.17,-0.37,-1.5308,7511.2,17954.804
301035.SZ,20240906,39.14,39.35,38.05,38.46,39.14,-0.68,-1.7374,4650.0,17903.166
300068.SZ,20240906,11.65,14.0,11.5,12.92,12.26,0.66,5.3834,2810676.66,3566776.741
002629.SZ,20240906,1.78,1.8,1.72,1.72,1.76,-0.04,-2.2727,122292.0,21404.725
600268.SH,20240906,5.49,5.52,5.43,5.43,5.49,-0.06,-1.0929,67030.72,36629.387
301539.SZ,20240906,18.19,18.19,17.26,17.26,17.92,-0.66,-3.683,19059.94,33615.448
002190.SZ,20240906,13.68,13.76,13.51,13.51,13.68,-0.17,-1.2427,11483.0,15612.312
688029.SH,20240906,59.95,60.01,58.71,58.98,59.95,-0.97,-1.618,7333.91,43355.979
600834.SH,20240906,7.06,7.49,7.05,7.29,7.0,0.29,4.1429,257394.24,187405.532
300119.SZ,20240906,12.0,12.02,11.78,11.85,12.0,-0.15,-1.25,16462.0,19506.577
603045.SH,20240906,9.77,9.84,9.5,9.52,9.77,-0.25,-2.5589,24063.0,23202.151
000663.SZ,20240906,4.17,4.22,4.09,4.1,4.19,-0.09,-2.148,35150.0,14552.44
600449.SH,20240906,9.47,9.5,9.23,9.24,9.45,-0.21,-2.2222,38948.0,36299.771
002460.SZ,20240906,26.62,26.78,26.19,26.22,26.7,-0.48,-1.7978,111649.6,294285.055
601668.SH,20240906,5.08,5.11,5.01,5.02,5.07,-0.05,-0.9862,1173629.5,593974.539
600900.SH,20240906,29.1,29.48,29.07,29.1,29.12,-0.02,-0.0687,400537.63,1173648.85
300345.SZ,20240906,6.35,6.43,6.22,6.22,6.44,-0.22,-3.4161,36741.9,23232.805
300992.SZ,20240906,15.0,15.0,14.62,14.65,14.93,-0.28,-1.8754,7867.0,11601.59
300020.SZ,20240906,2.02,2.13,2.02,2.08,2.03,0.05,2.4631,465183.84,96466.966
601117.SH,20240906,6.55,6.55,6.35,6.36,6.51,-0.15,-2.3041,357230.95,229340.763
002300.SZ,20240906,4.67,4.67,4.52,4.54,4.65,-0.11,-2.3656,39420.43,17996.966
000882.SZ,20240906,1.17,1.22,1.17,1.19,1.17,0.02,1.7094,552252.8,65892.568
600096.SH,20240906,20.39,20.51,20.23,20.29,20.36,-0.07,-0.3438,97702.0,199081.365
603828.SH,20240906,1.69,1.69,1.62,1.65,1.69,-0.04,-2.3669,61709.1,10211.699
002289.SZ,20240906,3.2,3.26,3.04,3.05,3.2,-0.15,-4.6875,73722.86,22899.984
601375.SH,20240906,3.49,3.52,3.41,3.44,3.41,0.03,0.8798,516398.32,179006.321
688052.SH,20240906,89.85,90.57,86.09,86.87,89.66,-2.79,-3.1118,7420.72,65166.67
920826.BJ,20240906,5.1,5.24,5.06,5.07,5.12,-0.05,-0.9766,9587.22,4892.322
301489.SZ,20240906,63.51,63.59,61.08,61.3,63.2,-1.9,-3.0063,17396.05,108060.465
002872.SZ,20240906,3.64,3.68,3.61,3.64,3.64,0.0,0.0,27066.0,9877.167
600658.SH,20240906,2.97,3.04,2.97,2.98,3.0,-0.02,-0.6667,64789.0,19422.707
603288.SH,20240906,35.66,35.87,35.41,35.49,35.67,-0.18,-0.5046,45769.24,162913.071
300951.SZ,20240906,26.73,26.98,25.8,25.8,26.74,-0.94,-3.5153,17236.99,45028.28
688004.SH,20240906,10.65,10.66,10.09,10.1,10.54,-0.44,-4.1746,8265.9,8505.358
000517.SZ,20240906,1.99,1.99,1.94,1.94,1.99,-0.05,-2.5126,217696.84,42728.353
920566.BJ,20240906,6.68,6.69,6.63,6.63,6.66,-0.03,-0.4505,4116.78,2744.305
601636.SH,20240906,5.07,5.08,4.93,4.94,5.07,-0.13,-2.5641,330053.32,164458.065
603098.SH,20240906,7.69,7.69,7.42,7.44,7.61,-0.17,-2.2339,26816.0,20146.398
300460.SZ,20240906,10.95,10.95,10.18,10.27,11.06,-0.79,-7.1429,279973.4,293049.99
300676.SZ,20240906,35.65,35.85,34.78,34.8,35.65,-0.85,-2.3843,12705.24,44621.672
002193.SZ,20240906,3.97,4.09,3.8,3.81,3.9,-0.09,-2.3077,130581.87,51152.643
002068.SZ,20240906,5.78,5.84,5.61,5.61,5.82,-0.21,-3.6082,98126.01,55750.231
002608.SZ,20240906,6.82,6.85,6.77,6.78,6.8,-0.02,-0.2941,63105.57,42921.742
300071.SZ,20240906,2.45,2.5,2.41,2.49,2.45,0.04,1.6327,378343.0,92870.134
000584.SZ,20240906,2.2,2.29,2.17,2.29,2.18,0.11,5.0459,406847.0,91334.836
002995.SZ,20240906,13.64,13.77,13.34,13.36,13.73,-0.37,-2.6948,21617.0,29198.425
002227.SZ,20240906,7.64,7.67,7.42,7.44,7.64,-0.2,-2.6178,16830.0,12631.175
920046.BJ,20240906,7.03,7.09,6.88,6.99,7.07,-0.08,-1.1315,16196.65,11301.197
601368.SH,20240906,4.12,4.13,4.05,4.07,4.11,-0.04,-0.9732,25689.0,10527.286
600515.SH,20240906,3.13,3.18,3.04,3.05,3.1,-0.05,-1.6129,396260.01,122742.612
920184.BJ,20240906,5.56,5.58,5.3,5.42,5.53,-0.11,-1.9892,7192.12,3893.905
300939.SZ,20240906,27.13,27.16,26.19,26.24,27.02,-0.78,-2.8868,14625.0,38841.101
688077.SH,20240906,14.6,14.95,14.37,14.44,14.8,-0.36,-2.4324,7295.67,10598.948
605058.SH,20240906,18.15,18.17,17.6,17.71,18.18,-0.47,-2.5853,13631.64,24300.259
000403.SZ,20240906,24.94,25.07,24.3,24.31,24.93,-0.62,-2.487,24182.49,59418.585
688183.SH,20240906,17.93,17.93,16.99,17.05,17.72,-0.67,-3.781,65414.99,112958.336
300603.SZ,20240906,7.5,7.54,7.22,7.24,7.52,-0.28,-3.7234,96078.5,70667.873
300853.SZ,20240906,12.23,12.29,11.62,11.64,12.21,-0.57,-4.6683,28517.29,33901.669
300283.SZ,20240906,4.78,4.86,4.67,4.74,4.89,-0.15,-3.0675,196316.5,93327.801
603898.SH,20240906,7.21,7.27,7.13,7.2,7.24,-0.04,-0.5525,9726.0,6986.55
300292.SZ,20240906,3.43,3.77,3.42,3.58,3.47,0.11,3.17,1147208.0,408652.558
300983.SZ,20240906,14.73,14.84,14.51,14.57,14.76,-0.19,-1.2873,3244.82,4767.368
300916.SZ,20240906,22.4,22.5,21.65,21.66,22.4,-0.74,-3.3036,24322.5,53488.612
300684.SZ,20240906,16.21,16.25,15.57,15.65,16.21,-0.56,-3.4547,114223.32,180602.962
300760.SZ,20240906,249.13,251.0,241.71,242.1,249.88,-7.78,-3.1135,31909.43,781733.403
600580.SH,20240906,10.52,10.76,10.39,10.42,10.57,-0.15,-1.4191,174287.7,183911.714
000415.SZ,20240906,2.17,2.21,2.16,2.17,2.17,0.0,0.0,492186.0,107525.017
600998.SH,20240906,4.95,4.96,4.88,4.9,4.92,-0.02,-0.4065,184773.51,90821.423
688069.SH,20240906,14.28,14.31,13.82,13.89,14.32,-0.43,-3.0028,2202.47,3089.425
600684.SH,20240906,2.78,2.81,2.76,2.8,2.79,0.01,0.3584,90347.0,25199.054
000962.SZ,20240906,10.26,10.36,10.08,10.08,10.3,-0.22,-2.1359,39770.7,40403.026
601999.SH,20240906,5.42,5.5,5.4,5.42,5.46,-0.04,-0.7326,36985.0,20150.138
000798.SZ,20240906,6.29,6.32,6.11,6.18,6.27,-0.09,-1.4354,23667.0,14754.509
003036.SZ,20240906,7.57,7.61,7.4,7.4,7.56,-0.16,-2.1164,15452.0,11555.774
603787.SH,20240906,10.06,10.17,9.85,9.86,10.13,-0.27,-2.6654,63600.48,63480.302
688361.SH,20240906,48.87,49.05,47.13,47.49,48.91,-1.42,-2.9033,21985.82,105369.678
688080.SH,20240906,25.0,25.0,24.16,24.29,24.9,-0.61,-2.4498,12292.07,30085.1
000822.SZ,20240906,5.01,5.02,4.9,4.9,5.01,-0.11,-2.1956,46803.0,23136.258
603656.SH,20240906,9.85,9.88,9.61,9.67,9.83,-0.16,-1.6277,16592.0,16093.298
688272.SH,20240906,13.27,13.38,12.9,12.93,13.27,-0.34,-2.5622,5439.37,7104.226
301126.SZ,20240906,9.4,9.69,8.99,9.04,9.56,-0.52,-5.4393,84026.86,77863.823
001203.SZ,20240906,7.61,7.61,7.41,7.44,7.6,-0.16,-2.1053,67684.0,50653.479
600732.SH,20240906,8.3,8.3,8.04,8.06,8.35,-0.29,-3.4731,223778.2,182270.638
000926.SZ,20240906,1.86,1.88,1.82,1.83,1.87,-0.04,-2.139,335107.2,61896.984
301267.SZ,20240906,17.33,17.38,16.76,16.8,17.33,-0.53,-3.0583,22371.92,38070.394
600009.SH,20240906,32.65,32.67,32.37,32.44,32.56,-0.12,-0.3686,27540.47,89553.941
002318.SZ,20240906,19.62,20.07,19.5,19.83,19.65,0.18,0.916,55134.51,109262.417
300101.SZ,20240906,13.02,13.06,12.7,12.72,13.02,-0.3,-2.3041,44464.0,56923.857
603626.SH,20240906,13.0,13.21,12.78,13.21,12.01,1.2,9.9917,961682.17,1264107.545
603001.SH,20240906,4.33,4.35,4.25,4.27,4.31,-0.04,-0.9281,16776.0,7218.574
002835.SZ,20240906,13.75,13.87,13.35,13.35,13.77,-0.42,-3.0501,30315.0,40979.167
300915.SZ,20240906,26.91,27.05,25.93,26.02,26.9,-0.88,-3.2714,5166.5,13609.946
603688.SH,20240906,23.66,23.82,23.01,23.02,23.77,-0.75,-3.1552,48995.5,113887.77
002712.SZ,20240906,3.55,3.59,3.48,3.49,3.56,-0.07,-1.9663,96218.6,33991.665
603733.SH,20240906,15.55,15.6,15.33,15.35,15.55,-0.2,-1.2862,23261.0,35834.749
603686.SH,20240906,7.7,7.81,7.57,7.57,7.67,-0.1,-1.3038,72313.07,55637.607
600686.SH,20240906,14.36,15.0,14.36,14.55,13.64,0.91,6.6716,1948160.85,2882652.719
000718.SZ,20240906,1.74,1.75,1.7,1.71,1.75,-0.04,-2.2857,188299.98,32464.841
300664.SZ,20240906,4.06,4.08,4.0,4.01,4.06,-0.05,-1.2315,23734.0,9580.332
600804.SH,20240906,1.9,1.9,1.87,1.9,1.81,0.09,4.9724,872886.72,165807.946
003008.SZ,20240906,16.78,16.82,16.37,16.37,16.77,-0.4,-2.3852,10871.9,18052.401
603028.SH,20240906,5.54,5.58,5.34,5.36,5.53,-0.17,-3.0741,29924.5,16151.989
920906.BJ,20240906,10.38,10.43,10.08,10.09,10.33,-0.24,-2.3233,5080.53,5191.7
301062.SZ,20240906,9.7,9.72,9.16,9.17,9.71,-0.54,-5.5613,38737.87,36283.695
600095.SH,20240906,6.09,6.12,5.95,5.95,5.97,-0.02,-0.335,236939.4,143014.346
600876.SH,20240906,9.53,9.64,9.04,9.05,9.47,-0.42,-4.4351,70199.81,64424.72
600512.SH,20240906,1.92,1.92,1.9,1.9,1.92,-0.02,-1.0417,41033.0,7845.623
301313.SZ,20240906,19.03,19.68,18.41,18.57,18.95,-0.38,-2.0053,39532.7,74857.832
300276.SZ,20240906,3.4,3.4,3.32,3.33,3.41,-0.08,-2.346,156985.28,52554.32
600589.SH,20240906,2.32,2.32,2.21,2.22,2.32,-0.1,-4.3103,103645.0,23417.289
301227.SZ,20240906,14.98,15.08,14.61,14.61,14.97,-0.36,-2.4048,7343.84,10850.501
601975.SH,20240906,2.93,2.95,2.87,2.88,2.93,-0.05,-1.7065,519739.43,151090.206
000902.SZ,20240906,12.44,12.52,12.33,12.41,12.44,-0.03,-0.2412,47382.0,58894.475
300862.SZ,20240906,20.0,20.14,19.01,19.44,19.93,-0.49,-2.4586,13572.2,26352.388
300352.SZ,20240906,3.48,3.54,3.42,3.44,3.5,-0.06,-1.7143,156057.33,54326.699
600380.SH,20240906,9.98,10.02,9.87,9.89,10.0,-0.11,-1.1,80679.49,80034.19
002966.SZ,20240906,7.1,7.23,7.08,7.16,7.09,0.07,0.9873,253791.57,182378.866
002340.SZ,20240906,5.81,5.82,5.7,5.71,5.82,-0.11,-1.89,486839.1,279145.109
605060.SH,20240906,12.31,12.42,12.01,12.03,12.31,-0.28,-2.2746,14076.56,17135.618
600415.SH,20240906,8.77,8.81,8.6,8.62,8.73,-0.11,-1.26,281062.48,244593.75
600866.SH,20240906,5.02,5.04,4.96,4.99,5.05,-0.06,-1.1881,109769.0,54870.256
600628.SH,20240906,5.83,5.98,5.82,5.89,5.83,0.06,1.0292,43392.01,25666.587
300727.SZ,20240906,21.3,21.35,20.86,20.95,21.36,-0.41,-1.9195,12342.0,25984.718
603990.SH,20240906,8.43,8.43,8.02,8.04,8.46,-0.42,-4.9645,116086.59,95005.185
002032.SZ,20240906,51.22,51.82,49.96,50.16,51.55,-1.39,-2.6964,8612.0,43620.322
600211.SH,20240906,33.99,34.04,33.2,33.21,33.91,-0.7,-2.0643,19492.22,65386.504
688636.SH,20240906,18.98,19.06,18.35,18.39,18.97,-0.58,-3.0575,10021.92,18569.739
601969.SH,20240906,5.41,5.43,5.29,5.33,5.37,-0.04,-0.7449,80316.0,42975.599
300923.SZ,20240906,18.64,19.23,18.54,18.58,18.76,-0.18,-0.9595,26201.0,49421.383
300872.SZ,20240906,10.89,11.1,10.59,10.59,10.88,-0.29,-2.6654,49394.14,53449.908
003015.SZ,20240906,12.55,12.78,11.82,11.87,12.91,-1.04,-8.0558,537972.75,659032.712
300815.SZ,20240906,11.6,11.64,11.35,11.36,11.6,-0.24,-2.069,17733.08,20311.582
600266.SH,20240906,4.23,4.32,4.17,4.18,4.27,-0.09,-2.1077,261320.55,110587.285
600810.SH,20240906,6.1,6.2,6.07,6.11,6.11,0.0,0.0,52322.41,32116.147
600844.SH,20240906,2.29,2.31,2.26,2.26,2.29,-0.03,-1.31,50546.0,11535.972
002038.SZ,20240906,6.65,6.69,6.51,6.51,6.66,-0.15,-2.2523,49578.5,32555.656
002831.SZ,20240906,22.57,22.63,22.17,22.21,22.63,-0.42,-1.8559,13196.0,29564.138
603385.SH,20240906,5.01,5.02,4.89,4.89,5.02,-0.13,-2.5896,22269.0,11016.343
300782.SZ,20240906,65.12,65.14,63.05,63.07,64.94,-1.87,-2.8796,34887.0,223003.327
600969.SH,20240906,5.14,5.16,5.06,5.08,5.14,-0.06,-1.1673,46315.0,23645.051
688306.SH,20240906,3.92,4.04,3.87,3.88,3.94,-0.06,-1.5228,48036.58,18875.361
000762.SZ,20240906,18.78,18.8,18.4,18.45,18.88,-0.43,-2.2775,99980.04,185285.1
002177.SZ,20240906,3.79,3.79,3.45,3.46,3.51,-0.05,-1.4245,1255319.75,460098.519
600803.SH,20240906,18.26,18.5,18.0,18.08,18.34,-0.26,-1.4177,45540.52,82955.544
300391.SZ,20240906,3.55,3.75,3.36,3.38,3.5,-0.12,-3.4286,263777.65,92953.454
688139.SH,20240906,26.07,26.23,25.23,25.35,26.16,-0.81,-3.0963,18147.83,46238.436
002198.SZ,20240906,6.1,6.28,6.04,6.18,6.08,0.1,1.6447,46233.31,28511.086
605188.SH,20240906,6.19,6.33,6.11,6.15,6.17,-0.02,-0.3241,58035.0,36015.119
600328.SH,20240906,7.41,7.42,7.31,7.34,7.42,-0.08,-1.0782,72418.7,53252.71
603518.SH,20240906,6.57,6.58,6.42,6.43,6.57,-0.14,-2.1309,34942.8,22658.504
000488.SZ,20240906,3.43,3.45,3.36,3.37,3.43,-0.06,-1.7493,82121.0,27816.217
603012.SH,20240906,4.24,4.24,4.16,4.16,4.24,-0.08,-1.8868,38789.0,16259.638
001259.SZ,20240906,19.7,19.74,19.24,19.39,19.7,-0.31,-1.5736,5458.0,10656.787
600897.SH,20240906,12.6,12.71,12.6,12.61,12.66,-0.05,-0.3949,12356.8,15626.864
000571.SZ,20240906,2.96,3.01,2.95,2.96,2.97,-0.01,-0.3367,66351.0,19761.059
920932.BJ,20240906,10.72,10.72,10.44,10.48,10.74,-0.26,-2.4209,3562.52,3771.979
688711.SH,20240906,13.4,13.4,12.87,12.92,13.36,-0.44,-3.2934,18552.13,24189.657
601828.SH,20240906,2.2,2.22,2.17,2.18,2.19,-0.01,-0.4566,149968.1,32830.64
002200.SZ,20240906,4.89,4.93,4.85,4.89,4.9,-0.01,-0.2041,5390.0,2632.614
600838.SH,20240906,5.7,6.27,5.68,6.27,5.7,0.57,10.0,321930.7,198328.342
600829.SH,20240906,6.77,7.13,6.47,6.49,6.48,0.01,0.1543,618151.35,425258.153
603187.SH,20240906,9.8,9.86,9.68,9.71,9.86,-0.15,-1.5213,35891.65,35042.397
603227.SH,20240906,7.1,7.2,7.03,7.12,7.1,0.02,0.2817,51857.0,36934.589
002486.SZ,20240906,1.63,1.66,1.62,1.63,1.64,-0.01,-0.6098,139539.0,22896.663
605189.SH,20240906,11.75,11.8,11.49,11.5,11.67,-0.17,-1.4567,11397.0,13231.028
002865.SZ,20240906,40.17,40.5,38.44,38.46,40.36,-1.9,-4.7076,105184.75,410348.969
300413.SZ,20240906,19.14,19.16,18.68,18.72,18.97,-0.25,-1.3179,41691.29,78526.889
605020.SH,20240906,15.05,15.15,14.88,14.89,15.15,-0.26,-1.7162,20369.8,30411.442
002703.SZ,20240906,10.9,10.98,10.52,10.54,10.8,-0.26,-2.4074,109686.0,117845.102
688132.SH,20240906,13.42,13.45,12.73,12.81,13.42,-0.61,-4.5455,16179.94,21047.712
300863.SZ,20240906,39.15,39.99,39.1,39.64,39.1,0.54,1.3811,17118.1,67871.296
920768.BJ,20240906,4.02,4.07,3.97,4.0,4.0,0.0,0.0,2464.25,985.927
002743.SZ,20240906,3.65,3.69,3.61,3.61,3.67,-0.06,-1.6349,34459.0,12526.64
601898.SH,20240906,13.25,13.54,13.22,13.25,13.22,0.03,0.2269,154551.1,206600.706
300070.SZ,20240906,3.27,3.28,3.21,3.22,3.27,-0.05,-1.5291,216708.33,70335.548
300779.SZ,20240906,53.0,55.78,50.35,50.59,56.12,-5.53,-9.8539,91708.56,486433.05
600821.SH,20240906,5.25,5.33,5.23,5.3,5.27,0.03,0.5693,83126.69,44015.405
688398.SH,20240906,12.46,12.53,12.01,12.04,12.54,-0.5,-3.9872,14577.48,17747.313
600216.SH,20240906,14.65,14.86,14.51,14.52,14.7,-0.18,-1.2245,157570.59,230966.967
000425.SZ,20240906,6.26,6.3,6.18,6.2,6.29,-0.09,-1.4308,426072.3,265217.718
300069.SZ,20240906,10.96,11.0,10.53,10.59,10.99,-0.4,-3.6397,33633.69,35988.576
688309.SH,20240906,11.03,11.15,10.51,10.54,11.04,-0.5,-4.529,3881.71,4175.366
002511.SZ,20240906,6.44,6.46,6.27,6.28,6.44,-0.16,-2.4845,48521.0,30718.902
603211.SH,20240906,13.8,13.94,13.38,13.4,13.75,-0.35,-2.5455,25362.0,34602.164
300624.SZ,20240906,39.89,40.2,39.07,39.09,39.92,-0.83,-2.0792,37868.29,149664.858
300918.SZ,20240906,7.51,7.57,7.33,7.34,7.53,-0.19,-2.5232,33513.0,24781.352
600820.SH,20240906,5.45,5.5,5.43,5.43,5.47,-0.04,-0.7313,289977.89,158363.985
300978.SZ,20240906,9.46,9.57,9.27,9.32,9.48,-0.16,-1.6878,58158.0,54873.74
601333.SH,20240906,3.37,3.43,3.35,3.38,3.36,0.02,0.5952,406909.0,138252.524
601010.SH,20240906,1.68,1.71,1.67,1.68,1.68,0.0,0.0,83821.0,14158.706
600537.SH,20240906,2.43,2.43,2.34,2.34,2.43,-0.09,-3.7037,172357.0,40773.146
002821.SZ,20240906,62.77,63.0,60.8,60.84,62.72,-1.88,-2.9974,23947.3,147291.66
301171.SZ,20240906,13.45,13.53,13.03,13.07,13.48,-0.41,-3.0415,102746.17,135611.204
000608.SZ,20240906,1.49,1.52,1.47,1.48,1.5,-0.02,-1.3333,135306.0,20189.005
002406.SZ,20240906,5.01,5.05,4.91,4.92,5.02,-0.1,-1.992,129527.0,64441.225
300272.SZ,20240906,5.06,5.15,4.88,4.9,5.03,-0.13,-2.5845,191638.01,95718.153
300083.SZ,20240906,6.02,6.07,5.77,5.78,6.03,-0.25,-4.1459,275537.8,162013.82
688265.SH,20240906,20.37,20.64,19.88,19.93,20.52,-0.59,-2.8752,1127.95,2264.671
002812.SZ,20240906,27.49,27.51,26.6,26.65,27.45,-0.8,-2.9144,87438.15,235456.86
603912.SH,20240906,5.75,5.78,5.62,5.62,5.77,-0.15,-2.5997,40911.6,23206.656
300133.SZ,20240906,5.2,5.23,5.05,5.05,5.2,-0.15,-2.8846,312077.0,159408.416
603366.SH,20240906,3.79,3.81,3.75,3.77,3.81,-0.04,-1.0499,42157.0,15953.421
300185.SZ,20240906,1.8,1.81,1.77,1.77,1.8,-0.03,-1.6667,204699.0,36561.427
002366.SZ,20240906,3.18,3.2,3.15,3.15,3.19,-0.04,-1.2539,65291.0,20695.631
603163.SH,20240906,21.79,21.94,21.26,21.34,21.83,-0.49,-2.2446,4328.5,9292.974
000553.SZ,20240906,4.39,4.39,4.3,4.31,4.38,-0.07,-1.5982,18608.0,8085.895
603868.SH,20240906,35.27,35.49,34.1,34.1,35.39,-1.29,-3.6451,11201.0,38970.83
300892.SZ,20240906,14.69,15.0,13.97,14.21,14.55,-0.34,-2.3368,21544.0,31177.336
688087.SH,20240906,26.18,26.39,25.42,25.49,26.18,-0.69,-2.6356,5920.55,15255.163
000686.SZ,20240906,5.86,5.93,5.76,5.77,5.75,0.02,0.3478,167691.13,97793.772
300055.SZ,20240906,3.93,3.95,3.84,3.86,3.93,-0.07,-1.7812,34796.0,13541.882
600546.SH,20240906,11.6,11.63,11.2,11.21,11.63,-0.42,-3.6113,141905.0,160976.093
605136.SH,20240906,6.08,6.33,5.96,5.96,6.14,-0.18,-2.9316,119342.0,72593.378
300176.SZ,20240906,4.92,4.99,4.81,4.82,4.91,-0.09,-1.833,62299.7,30405.155
688498.SH,20240906,81.91,83.97,79.53,79.89,82.31,-2.42,-2.9401,12514.65,101212.222
600026.SH,20240906,13.66,13.71,13.07,13.4,13.62,-0.22,-1.6153,242289.13,323284.048
603218.SH,20240906,10.65,10.76,10.5,10.62,10.67,-0.05,-0.4686,98203.86,104587.527
301107.SZ,20240906,21.78,21.99,21.34,21.37,21.92,-0.55,-2.5091,3433.0,7402.755
300792.SZ,20240906,15.6,16.65,15.6,15.75,15.71,0.04,0.2546,76301.0,122138.948
688119.SH,20240906,3.02,3.05,2.97,2.98,3.05,-0.07,-2.2951,24651.51,7409.476
000903.SZ,20240906,1.74,1.77,1.73,1.74,1.74,0.0,0.0,156343.34,27301.988
601595.SH,20240906,18.82,18.97,18.42,18.58,18.82,-0.24,-1.2752,61652.0,115139.442
605598.SH,20240906,16.94,18.12,16.94,18.05,17.01,1.04,6.1141,38247.3,68051.44
300148.SZ,20240906,2.8,2.81,2.73,2.74,2.81,-0.07,-2.4911,327284.0,90373.24
000423.SZ,20240906,51.3,51.59,50.9,50.98,51.3,-0.32,-0.6238,35088.0,179494.792
688190.SH,20240906,63.29,63.5,62.02,62.49,63.44,-0.95,-1.4975,2160.75,13536.133
001282.SZ,20240906,18.19,18.28,17.7,17.7,18.19,-0.49,-2.6938,14856.63,26660.096
002818.SZ,20240906,11.24,11.29,11.05,11.1,11.22,-0.12,-1.0695,13893.91,15520.499
600683.SH,20240906,3.55,3.56,3.47,3.49,3.55,-0.06,-1.6901,89533.0,31410.725
600926.SH,20240906,12.35,12.59,12.29,12.33,12.33,0.0,0.0,236896.56,295217.462
002896.SZ,20240906,26.47,26.5,25.79,25.8,26.49,-0.69,-2.6048,30258.0,78901.245
600416.SH,20240906,9.53,9.6,9.22,9.26,9.56,-0.3,-3.1381,72698.0,68134.42
002413.SZ,20240906,3.55,3.56,3.45,3.47,3.55,-0.08,-2.2535,95335.0,33326.965
688667.SH,20240906,32.36,32.43,31.1,31.3,32.17,-0.87,-2.7044,2575.98,8165.234
002787.SZ,20240906,6.8,6.99,6.67,6.69,6.8,-0.11,-1.6176,59610.83,40821.015
000876.SZ,20240906,8.83,8.87,8.75,8.75,8.85,-0.1,-1.1299,82378.0,72420.671
002338.SZ,20240906,25.55,25.99,24.99,25.32,25.77,-0.45,-1.7462,47656.0,121667.07
600418.SH,20240906,20.83,22.86,20.8,22.47,20.78,1.69,8.1328,1844914.4,4124354.519
600715.SH,20240906,1.94,1.98,1.91,1.92,1.89,0.03,1.5873,416124.0,81195.339
002664.SZ,20240906,11.65,11.8,11.45,11.47,11.6,-0.13,-1.1207,26345.03,30672.673
600637.SH,20240906,6.26,6.3,6.2,6.22,6.24,-0.02,-0.3205,99532.63,62165.581
603977.SH,20240906,9.63,9.71,9.38,9.43,9.63,-0.2,-2.0768,32436.0,30781.826
300507.SZ,20240906,5.23,5.33,5.21,5.3,5.23,0.07,1.3384,193501.69,102146.906
920374.BJ,20240906,10.86,10.9,10.43,10.53,10.85,-0.32,-2.9493,20654.68,21931.978
601766.SH,20240906,6.89,7.0,6.82,6.83,6.89,-0.06,-0.8708,710325.09,490797.508
300967.SZ,20240906,9.23,9.56,9.06,9.2,9.25,-0.05,-0.5405,43859.0,40676.311
603107.SH,20240906,15.33,15.47,15.03,15.07,15.33,-0.26,-1.696,18337.16,28030.095
002496.SZ,20240906,2.09,2.12,2.06,2.07,2.08,-0.01,-0.4808,111910.0,23356.693
301020.SZ,20240906,17.1,17.18,16.68,16.76,17.22,-0.46,-2.6713,27519.01,46451.216
000550.SZ,20240906,21.62,23.64,21.62,22.36,21.75,0.61,2.8046,350763.33,797388.519
688519.SH,20240906,19.12,19.57,18.54,18.56,19.34,-0.78,-4.0331,10057.28,18937.143
920651.BJ,20240906,11.68,11.75,11.42,11.43,11.7,-0.27,-2.3077,361.88,418.154
002669.SZ,20240906,7.98,8.06,7.79,7.81,8.01,-0.2,-2.4969,27150.63,21422.962
300542.SZ,20240906,11.56,11.86,11.34,11.49,11.59,-0.1,-0.8628,119061.0,138152.282
000932.SZ,20240906,3.75,3.77,3.63,3.64,3.75,-0.11,-2.9333,633628.01,233472.508
300162.SZ,20240906,6.06,6.1,5.88,5.9,6.06,-0.16,-2.6403,174646.0,104099.103
603859.SH,20240906,14.68,14.75,14.11,14.14,14.63,-0.49,-3.3493,41348.28,59375.265
000733.SZ,20240906,36.34,36.39,34.95,35.0,36.34,-1.34,-3.6874,56570.24,200463.264
688629.SH,20240906,22.37,22.37,20.13,20.81,22.23,-1.42,-6.3878,146163.11,304317.341
603108.SH,20240906,14.63,14.78,14.14,14.19,14.63,-0.44,-3.0075,245186.05,350475.721
603801.SH,20240906,9.71,9.74,9.45,9.49,9.74,-0.25,-2.5667,47299.28,45155.828
002695.SZ,20240906,6.4,6.47,6.36,6.38,6.44,-0.06,-0.9317,24812.0,15867.824
603650.SH,20240906,27.2,27.7,26.75,26.84,27.32,-0.48,-1.757,62999.0,171254.65
600031.SH,20240906,16.48,16.59,16.12,16.13,16.43,-0.3,-1.8259,315382.5,514867.52
300674.SZ,20240906,10.98,10.99,10.64,10.65,11.01,-0.36,-3.2698,100881.2,108819.764
603609.SH,20240906,6.87,6.88,6.7,6.73,6.86,-0.13,-1.895,18950.9,12801.281
688511.SH,20240906,10.38,10.46,9.89,9.92,10.39,-0.47,-4.5236,17448.92,17544.823
600713.SH,20240906,4.33,4.38,4.31,4.32,4.35,-0.03,-0.6897,64078.0,27825.152
300109.SZ,20240906,10.98,11.08,10.66,10.68,10.98,-0.3,-2.7322,34378.0,37253.239
300585.SZ,20240906,12.43,12.69,11.96,11.96,12.37,-0.41,-3.3145,98535.67,120606.078
600126.SH,20240906,3.45,3.46,3.38,3.38,3.43,-0.05,-1.4577,91387.43,31176.195
920175.BJ,20240906,6.03,6.17,5.93,5.98,6.0,-0.02,-0.3333,6177.07,3751.8
000728.SZ,20240906,6.47,6.52,6.35,6.38,6.35,0.03,0.4724,455555.49,293021.096
920445.BJ,20240906,4.17,4.19,4.1,4.12,4.19,-0.07,-1.6706,3960.86,1636.783
600423.SH,20240906,2.3,2.31,2.23,2.23,2.3,-0.07,-3.0435,42329.0,9551.361
603330.SH,20240906,4.72,4.75,4.58,4.59,4.74,-0.15,-3.1646,45611.6,21169.902
600159.SH,20240906,2.13,2.15,2.09,2.1,2.15,-0.05,-2.3256,206066.0,43584.687
002761.SZ,20240906,7.43,7.47,7.29,7.29,7.43,-0.14,-1.8843,92201.0,67814.817
603687.SH,20240906,6.01,6.04,5.9,5.91,6.01,-0.1,-1.6639,40319.0,24058.768
300015.SZ,20240906,9.5,9.52,9.3,9.31,9.5,-0.19,-2.0,379780.61,355667.218
600000.SH,20240906,8.33,8.51,8.32,8.43,8.32,0.11,1.3221,322937.01,273118.542
603959.SH,20240906,1.82,1.9,1.78,1.89,1.82,0.07,3.8462,250048.09,45967.034
300657.SZ,20240906,14.05,14.2,13.7,13.74,14.21,-0.47,-3.3075,131806.06,183455.316
600032.SH,20240906,7.01,7.05,6.83,6.86,7.0,-0.14,-2.0,33804.0,23372.872
603216.SH,20240906,9.15,9.18,8.92,8.95,9.15,-0.2,-2.1858,10732.44,9737.523
300210.SZ,20240906,7.55,7.64,7.44,7.49,7.55,-0.06,-0.7947,84587.69,63682.483
600234.SH,20240906,2.95,2.96,2.84,2.84,2.92,-0.08,-2.7397,10502.0,3016.732
000995.SZ,20240906,8.6,8.66,8.27,8.29,8.54,-0.25,-2.9274,26456.0,22204.591
002870.SZ,20240906,29.4,29.53,28.93,28.98,29.47,-0.49,-1.6627,8293.0,24265.095
920204.BJ,20240906,7.06,7.08,6.79,6.79,7.03,-0.24,-3.4139,11354.35,7841.78
920346.BJ,20240906,11.69,11.89,11.33,11.42,11.67,-0.25,-2.1422,10838.53,12494.82
600527.SH,20240906,1.37,1.38,1.35,1.35,1.37,-0.02,-1.4599,44445.8,6067.644
300399.SZ,20240906,13.65,14.76,11.9,12.06,12.3,-0.24,-1.9512,439456.37,594109.495
000544.SZ,20240906,7.04,7.09,6.98,6.98,7.06,-0.08,-1.1331,29833.58,20968.08
300976.SZ,20240906,45.69,45.69,44.1,44.25,45.65,-1.4,-3.0668,12177.0,54273.08
002830.SZ,20240906,9.65,9.86,9.3,9.38,9.63,-0.25,-2.5961,18522.0,17528.917
300621.SZ,20240906,7.41,7.59,7.18,7.23,7.45,-0.22,-2.953,22631.0,16572.073
601789.SH,20240906,3.44,3.45,3.41,3.41,3.43,-0.02,-0.5831,49475.0,16966.601
600104.SH,20240906,12.16,12.5,12.16,12.28,12.15,0.13,1.07,202862.81,250686.373
601881.SH,20240906,11.48,12.06,11.09,11.5,10.96,0.54,4.927,2565376.07,2988983.358
688116.SH,20240906,20.65,20.78,20.1,20.61,20.66,-0.05,-0.242,74621.21,152675.184
600792.SH,20240906,3.01,3.04,2.99,2.99,3.03,-0.04,-1.3201,41237.0,12398.669
002287.SZ,20240906,19.47,19.52,19.04,19.06,19.45,-0.39,-2.0051,6630.0,12741.252
002584.SZ,20240906,6.09,6.17,6.0,6.01,6.12,-0.11,-1.7974,130604.0,79168.944
301131.SZ,20240906,29.8,29.98,29.05,29.09,29.9,-0.81,-2.709,5644.0,16576.064
688307.SH,20240906,18.7,18.7,18.31,18.33,18.59,-0.26,-1.3986,4680.16,8666.546
001298.SZ,20240906,28.5,30.25,26.72,30.25,27.5,2.75,10.0,352006.58,1004281.064
300561.SZ,20240906,8.12,9.73,8.12,9.73,8.11,1.62,19.9753,330857.53,307720.811
300319.SZ,20240906,8.8,8.87,8.55,8.57,8.81,-0.24,-2.7242,184736.91,160388.745
301502.SZ,20240906,39.6,39.6,37.72,38.19,38.85,-0.66,-1.6988,8639.43,33137.061
600212.SH,20240906,4.85,4.85,4.69,4.74,4.85,-0.11,-2.268,40823.0,19428.393
000598.SZ,20240906,6.48,6.56,6.42,6.51,6.47,0.04,0.6182,247034.99,160661.134
603818.SH,20240906,2.69,2.69,2.4,2.46,2.49,-0.03,-1.2048,600979.85,151008.554
605081.SH,20240906,10.89,10.89,10.18,10.3,10.79,-0.49,-4.5412,44818.45,46796.898
600051.SH,20240906,5.29,5.34,5.18,5.22,5.28,-0.06,-1.1364,16283.32,8555.422
920693.BJ,20240906,20.39,20.78,20.31,20.34,20.44,-0.1,-0.4892,3874.19,7924.371
300102.SZ,20240906,6.1,6.11,5.94,5.96,6.1,-0.14,-2.2951,164479.0,98693.799
002953.SZ,20240906,7.54,7.56,7.3,7.3,7.52,-0.22,-2.9255,33331.15,24671.384
300473.SZ,20240906,19.35,20.43,18.75,18.81,19.88,-1.07,-5.3823,298574.29,584935.945
600054.SH,20240906,10.86,11.06,10.86,10.94,10.9,0.04,0.367,34143.0,37437.771
605218.SH,20240906,27.0,27.12,23.87,27.12,24.65,2.47,10.0203,425879.28,1116141.519
605507.SH,20240906,19.37,19.4,18.8,18.85,19.31,-0.46,-2.3822,31416.0,59603.453
000911.SZ,20240906,6.5,6.55,6.37,6.4,6.51,-0.11,-1.6897,28630.0,18439.604
300634.SZ,20240906,13.78,13.87,13.57,13.66,13.86,-0.2,-1.443,65424.0,89509.092
600777.SH,20240906,1.83,1.89,1.82,1.84,1.82,0.02,1.0989,726000.09,134580.226
002336.SZ,20240906,2.97,3.02,2.81,3.02,2.88,0.14,4.8611,131598.52,38899.348
300221.SZ,20240906,4.85,4.97,4.79,4.8,4.89,-0.09,-1.8405,198333.37,96443.162
301386.SZ,20240906,18.22,18.22,17.41,17.43,18.15,-0.72,-3.9669,9970.1,17715.381
000019.SZ,20240906,6.13,6.17,6.06,6.09,6.16,-0.07,-1.1364,59819.7,36582.128
301007.SZ,20240906,12.21,12.29,11.7,11.71,12.15,-0.44,-3.6214,57781.99,69228.952
688157.SH,20240906,39.58,39.65,38.5,38.87,39.83,-0.96,-2.4102,3792.42,14742.284
603283.SH,20240906,58.11,58.25,55.73,55.88,58.06,-2.18,-3.7547,57894.0,327022.471
600469.SH,20240906,5.71,5.73,5.54,5.55,5.69,-0.14,-2.4605,63735.79,35835.768
300712.SZ,20240906,19.22,19.22,18.86,18.87,19.23,-0.36,-1.8721,5267.0,10006.173
002725.SZ,20240906,8.08,8.18,7.92,7.94,8.12,-0.18,-2.2167,26351.0,21123.775
300266.SZ,20240906,1.41,1.42,1.36,1.36,1.41,-0.05,-3.5461,143741.0,19919.708
002069.SZ,20240906,2.56,2.59,2.51,2.51,2.55,-0.04,-1.5686,40252.02,10188.411
600587.SH,20240906,16.67,16.74,16.21,16.23,16.7,-0.47,-2.8144,31243.41,51177.619
601229.SH,20240906,7.08,7.18,7.08,7.1,7.08,0.02,0.2825,295047.51,210497.313
002933.SZ,20240906,24.88,24.95,23.87,23.9,25.13,-1.23,-4.8945,48942.91,118375.137
603153.SH,20240906,15.95,15.97,15.78,15.78,15.97,-0.19,-1.1897,25765.92,40817.811
002707.SZ,20240906,6.41,6.49,6.34,6.36,6.4,-0.04,-0.625,142233.32,91106.609
002500.SZ,20240906,4.87,4.92,4.81,4.84,4.8,0.04,0.8333,311534.7,151701.308
603212.SH,20240906,12.22,12.26,10.91,11.09,11.46,-0.37,-3.2286,532673.8,614439.347
600388.SH,20240906,11.27,11.3,11.16,11.18,11.26,-0.08,-0.7105,12341.0,13845.89
300631.SZ,20240906,15.68,15.71,15.21,15.25,15.7,-0.45,-2.8662,10431.0,16052.574
000665.SZ,20240906,3.47,3.47,3.4,3.4,3.44,-0.04,-1.1628,55347.6,19033.722
603037.SH,20240906,12.08,12.22,11.86,11.88,12.08,-0.2,-1.6556,38784.62,46633.061
300945.SZ,20240906,8.28,8.38,8.15,8.18,8.31,-0.13,-1.5644,54474.0,44965.302
603579.SH,20240906,12.0,12.15,11.67,11.72,12.01,-0.29,-2.4147,20288.1,24018.659
300719.SZ,20240906,14.89,15.09,14.44,14.46,14.89,-0.43,-2.8878,106168.0,156818.356
002442.SZ,20240906,4.18,4.18,4.07,4.07,4.18,-0.11,-2.6316,56370.0,23192.312
002557.SZ,20240906,25.38,25.83,25.08,25.54,25.38,0.16,0.6304,50514.15,129020.721
603386.SH,20240906,10.6,10.73,10.36,10.38,10.72,-0.34,-3.1716,39716.0,41756.496
601568.SH,20240906,3.77,3.82,3.74,3.75,3.79,-0.04,-1.0554,82078.0,31059.723
300008.SZ,20240906,3.51,3.87,3.49,3.65,3.53,0.12,3.3994,713511.15,262058.039
688585.SH,20240906,5.2,5.2,5.01,5.01,5.2,-0.19,-3.6538,12276.6,6232.212
000883.SZ,20240906,4.76,4.81,4.7,4.74,4.77,-0.03,-0.6289,178185.5,84541.067
600863.SH,20240906,4.31,4.35,4.25,4.26,4.33,-0.07,-1.6166,307855.59,132354.357
603919.SH,20240906,16.9,16.92,16.61,16.62,16.9,-0.28,-1.6568,14968.0,25012.518
003012.SZ,20240906,5.54,5.54,5.34,5.35,5.52,-0.17,-3.0797,44241.0,23959.326
002905.SZ,20240906,5.89,5.89,5.75,5.76,5.86,-0.1,-1.7065,25427.72,14779.582
600369.SH,20240906,3.59,3.65,3.53,3.57,3.53,0.04,1.1331,647090.74,232395.499
688603.SH,20240906,55.48,56.0,53.47,53.58,55.76,-2.18,-3.9096,4577.61,24968.348
301565.SZ,20240906,18.4,18.53,17.7,17.7,18.44,-0.74,-4.013,64227.87,115796.452
300281.SZ,20240906,4.51,4.54,4.43,4.43,4.51,-0.08,-1.7738,85917.5,38517.169
002142.SZ,20240906,19.66,20.04,19.45,19.49,19.65,-0.16,-0.8142,254587.84,502323.631
002168.SZ,20240906,2.57,2.58,2.5,2.52,2.57,-0.05,-1.9455,117283.0,29659.333
688051.SH,20240906,15.64,15.79,14.73,14.92,15.55,-0.63,-4.0514,5567.22,8461.365
300318.SZ,20240906,5.09,5.1,4.92,4.95,5.06,-0.11,-2.1739,48896.0,24422.126
300111.SZ,20240906,2.18,2.2,2.11,2.13,2.19,-0.06,-2.7397,139678.22,30011.084
301216.SZ,20240906,9.96,9.98,9.63,9.64,9.95,-0.31,-3.1156,25883.88,25297.295
603879.SH,20240906,2.61,2.68,2.57,2.63,2.61,0.02,0.7663,34522.13,9039.847
002521.SZ,20240906,9.41,9.43,9.09,9.1,9.41,-0.31,-3.2944,46617.6,42825.437
600222.SH,20240906,4.37,4.41,4.3,4.31,4.38,-0.07,-1.5982,47752.0,20678.236
002061.SZ,20240906,3.41,3.43,3.36,3.37,3.41,-0.04,-1.173,127693.23,43408.126
688371.SH,20240906,9.57,9.84,9.54,9.6,9.77,-0.17,-1.74,21102.97,20392.501
000596.SZ,20240906,166.22,166.44,162.0,162.0,166.24,-4.24,-2.5505,9160.94,150180.041
603713.SH,20240906,45.7,45.7,43.76,43.85,45.18,-1.33,-2.9438,7974.0,35353.58
600037.SH,20240906,5.68,5.72,5.64,5.64,5.67,-0.03,-0.5291,70079.01,39749.349
600613.SH,20240906,5.39,5.44,5.27,5.27,5.39,-0.12,-2.2263,32568.0,17314.993
002189.SZ,20240906,18.07,19.2,17.52,17.93,17.83,0.1,0.5609,517546.65,954673.968
600985.SH,20240906,14.04,14.06,13.74,13.79,14.02,-0.23,-1.6405,113924.82,158172.487
000026.SZ,20240906,9.0,9.02,8.85,8.9,8.98,-0.08,-0.8909,23592.0,21085.954
920123.BJ,20240906,8.91,9.0,8.84,8.85,8.88,-0.03,-0.3378,1746.54,1559.249
000548.SZ,20240906,4.08,4.1,4.01,4.01,4.06,-0.05,-1.2315,43459.68,17631.763
601800.SH,20240906,7.51,7.56,7.47,7.48,7.54,-0.06,-0.7958,263803.01,198279.213
300380.SZ,20240906,17.2,17.6,16.7,16.74,17.04,-0.3,-1.7606,81001.64,139314.553
002713.SZ,20240906,2.55,2.59,2.46,2.46,2.55,-0.09,-3.5294,246283.33,61364.986
002386.SZ,20240906,3.83,3.84,3.77,3.78,3.83,-0.05,-1.3055,40503.4,15389.075
002073.SZ,20240906,6.65,6.7,6.43,6.5,6.65,-0.15,-2.2556,103015.0,67472.65
301538.SZ,20240906,68.01,68.93,66.32,66.43,67.99,-1.56,-2.2945,5868.6,39354.662
603316.SH,20240906,3.69,3.7,3.61,3.61,3.69,-0.08,-2.168,28197.0,10304.294
603665.SH,20240906,14.29,14.38,14.0,14.01,14.2,-0.19,-1.338,39879.0,56564.903
601857.SH,20240906,8.11,8.21,8.04,8.04,8.13,-0.09,-1.107,1110479.36,901374.546
920821.BJ,20240906,23.72,24.54,22.7,23.1,24.09,-0.99,-4.1096,57844.32,134530.873
301330.SZ,20240906,21.18,21.4,20.62,20.73,21.17,-0.44,-2.0784,11790.28,24739.886
002324.SZ,20240906,7.74,7.77,7.56,7.58,7.72,-0.14,-1.8135,41439.0,31604.906
002683.SZ,20240906,20.12,20.25,19.9,19.97,20.03,-0.06,-0.2996,33168.0,66584.274
601600.SH,20240906,6.5,6.52,6.43,6.46,6.46,0.0,0.0,686603.07,444664.992
300393.SZ,20240906,5.58,5.58,5.36,5.38,5.58,-0.2,-3.5842,112294.0,61209.272
920422.BJ,20240906,5.13,5.13,4.97,5.05,5.08,-0.03,-0.5906,884.94,444.023
605138.SH,20240906,4.82,4.84,4.71,4.72,4.81,-0.09,-1.8711,13857.0,6587.058
688297.SH,20240906,29.42,29.43,29.0,29.06,29.31,-0.25,-0.853,9621.76,28044.211
300201.SZ,20240906,3.08,3.09,3.0,3.01,3.07,-0.06,-1.9544,53909.0,16346.001
300181.SZ,20240906,12.53,12.64,11.95,12.23,12.6,-0.37,-2.9365,318470.96,388080.405
002906.SZ,20240906,24.3,25.86,24.3,24.53,24.32,0.21,0.8635,136207.14,341816.424
605080.SH,20240906,15.12,15.15,14.76,14.78,15.12,-0.34,-2.2487,10887.6,16257.102
301206.SZ,20240906,25.2,25.28,24.89,24.9,25.18,-0.28,-1.112,2120.0,5294.896
002913.SZ,20240906,23.75,23.8,23.14,23.23,23.74,-0.51,-2.1483,21632.0,50555.199
000823.SZ,20240906,7.98,7.98,7.76,7.8,7.95,-0.15,-1.8868,46425.0,36422.837
002079.SZ,20240906,7.69,7.72,7.47,7.48,7.7,-0.22,-2.8571,60699.5,45917.866
600308.SH,20240906,3.11,3.13,3.07,3.08,3.11,-0.03,-0.9646,56141.2,17419.102
600889.SH,20240906,4.77,4.93,4.72,4.86,4.82,0.04,0.8299,197771.99,95616.739
300948.SZ,20240906,8.4,8.48,8.26,8.36,8.4,-0.04,-0.4762,14838.0,12367.913
000561.SZ,20240906,6.31,6.33,6.1,6.1,6.29,-0.19,-3.0207,111882.58,69137.504
002348.SZ,20240906,2.34,2.37,2.3,2.32,2.37,-0.05,-2.1097,93773.9,21811.481
603726.SH,20240906,14.96,15.0,14.02,14.16,15.2,-1.04,-6.8421,151018.66,217182.429
001219.SZ,20240906,11.38,11.38,10.93,10.97,11.29,-0.32,-2.8344,28730.32,31909.569
002309.SZ,20240906,1.82,1.89,1.79,1.79,1.83,-0.04,-2.1858,104993.0,19260.884
603979.SH,20240906,38.0,38.29,37.74,37.97,37.88,0.09,0.2376,18509.41,70388.932
300695.SZ,20240906,34.23,34.32,33.58,33.62,34.22,-0.6,-1.7534,1608.0,5438.912
600246.SH,20240906,6.26,6.28,5.98,6.02,6.26,-0.24,-3.8339,223329.0,135929.627
300220.SZ,20240906,6.89,6.89,6.65,6.68,6.82,-0.14,-2.0528,20142.0,13572.469
688326.SH,20240906,62.6,65.88,61.6,61.67,61.85,-0.18,-0.291,9437.76,59795.518
300745.SZ,20240906,13.66,13.7,13.03,13.07,13.53,-0.46,-3.3999,26197.29,34887.993
301212.SZ,20240906,17.81,17.83,17.29,17.3,17.81,-0.51,-2.8636,6736.0,11784.052
603289.SH,20240906,7.73,7.75,7.57,7.62,7.73,-0.11,-1.423,19998.5,15284.114
603178.SH,20240906,19.13,19.49,18.87,18.95,19.6,-0.65,-3.3163,62765.0,120012.754
688584.SH,20240906,13.34,13.43,13.05,13.06,13.35,-0.29,-2.1723,9093.03,11987.599
600971.SH,20240906,9.06,9.06,8.81,8.81,9.02,-0.21,-2.3282,69503.21,61820.1
600307.SH,20240906,1.2,1.2,1.19,1.2,1.2,0.0,0.0,69947.0,8355.254
920770.BJ,20240906,5.23,5.25,5.15,5.18,5.27,-0.09,-1.7078,15065.51,7820.821
603727.SH,20240906,10.06,10.13,9.82,9.84,10.1,-0.26,-2.5743,26033.0,25838.779
002722.SZ,20240906,11.29,11.33,11.1,11.11,11.28,-0.17,-1.5071,14530.0,16246.34
300626.SZ,20240906,7.81,7.81,7.47,7.49,7.76,-0.27,-3.4794,46687.4,35337.609
301418.SZ,20240906,30.18,30.44,29.7,29.7,30.2,-0.5,-1.6556,10187.89,30589.659
603538.SH,20240906,11.23,11.27,10.86,10.88,11.22,-0.34,-3.0303,18958.73,20845.263
000510.SZ,20240906,2.97,2.98,2.91,2.92,2.96,-0.04,-1.3514,65691.0,19293.477
603165.SH,20240906,10.06,10.06,9.83,9.88,10.04,-0.16,-1.5936,10656.0,10565.085
300150.SZ,20240906,3.04,3.06,2.93,2.96,3.02,-0.06,-1.9868,118206.0,35373.185
603099.SH,20240906,24.47,24.98,24.38,24.72,24.53,0.19,0.7746,94367.24,232823.277
300011.SZ,20240906,5.81,5.91,5.7,5.76,5.81,-0.05,-0.8606,131987.0,76519.57
301567.SZ,20240906,40.95,41.7,40.4,40.74,40.95,-0.21,-0.5128,15870.91,65079.872
605228.SH,20240906,8.2,8.95,8.18,8.55,8.14,0.41,5.0369,167190.02,145424.212
002775.SZ,20240906,2.2,2.22,2.13,2.13,2.18,-0.05,-2.2936,40729.0,8795.953
300738.SZ,20240906,9.06,9.15,8.85,8.86,9.11,-0.25,-2.7442,117113.4,104958.812
300048.SZ,20240906,4.34,4.34,4.22,4.24,4.32,-0.08,-1.8519,36594.4,15571.758
603668.SH,20240906,11.73,11.83,11.48,11.7,11.76,-0.06,-0.5102,38619.68,45186.784
301111.SZ,20240906,14.23,14.38,13.85,13.9,14.23,-0.33,-2.319,17533.0,24554.5
688660.SH,20240906,3.01,3.05,2.99,3.02,3.02,0.0,0.0,23449.03,7070.361
301277.SZ,20240906,12.59,12.67,12.19,12.22,12.59,-0.37,-2.9388,25774.3,31776.622
600800.SH,20240906,2.0,2.05,1.97,2.03,2.05,-0.02,-0.9756,137084.99,27448.819
301266.SZ,20240906,29.41,29.61,28.47,28.47,29.69,-1.22,-4.1091,25082.0,72356.003
002279.SZ,20240906,4.54,4.57,4.44,4.46,4.53,-0.07,-1.5453,107532.74,48351.588
301218.SZ,20240906,18.73,18.73,17.76,17.77,18.4,-0.63,-3.4239,23030.97,41644.628
002111.SZ,20240906,9.23,9.25,8.98,8.99,9.22,-0.23,-2.4946,54411.4,49472.933
300765.SZ,20240906,24.18,24.18,22.77,22.83,23.71,-0.88,-3.7115,50400.02,116581.519
002051.SZ,20240906,6.72,6.76,6.6,6.62,6.71,-0.09,-1.3413,44580.0,29697.951
688303.SH,20240906,18.18,18.18,17.75,17.75,18.18,-0.43,-2.3652,23696.68,42386.676
603338.SH,20240906,48.86,51.84,48.52,50.28,48.99,1.29,2.6332,42765.0,216508.586
002667.SZ,20240906,6.27,6.29,5.91,5.91,6.29,-0.38,-6.0413,166097.04,100656.556
300843.SZ,20240906,23.71,23.78,23.14,23.16,23.68,-0.52,-2.1959,34208.0,79946.874
603501.SH,20240906,87.18,87.36,85.48,85.51,87.34,-1.83,-2.0953,59051.8,508282.813
600179.SH,20240906,2.14,2.14,2.1,2.1,2.14,-0.04,-1.8692,98559.84,20821.624
600630.SH,20240906,7.3,7.5,7.23,7.24,7.35,-0.11,-1.4966,156283.0,114885.506
000589.SZ,20240906,4.47,4.49,4.43,4.43,4.48,-0.05,-1.1161,146451.44,65213.587
000605.SZ,20240906,4.41,4.42,4.33,4.33,4.4,-0.07,-1.5909,27517.8,12005.578
300066.SZ,20240906,3.12,3.25,3.1,3.15,3.12,0.03,0.9615,229691.0,72739.407
000722.SZ,20240906,8.03,8.14,7.9,7.91,8.05,-0.14,-1.7391,28742.0,22986.799
920271.BJ,20240906,9.55,9.72,9.4,9.51,9.53,-0.02,-0.2099,2502.58,2400.35
003028.SZ,20240906,31.86,31.86,30.78,30.84,31.72,-0.88,-2.7743,3460.0,10788.121
002459.SZ,20240906,10.35,10.48,10.1,10.12,10.46,-0.34,-3.2505,346620.05,353768.126
600751.SH,20240906,2.16,2.17,2.13,2.14,2.16,-0.02,-0.9259,99747.0,21391.358
301053.SZ,20240906,18.15,18.3,17.77,17.77,18.17,-0.4,-2.2014,10647.93,19092.273
000576.SZ,20240906,5.63,5.65,5.47,5.48,5.63,-0.15,-2.6643,28420.0,15780.964
920699.BJ,20240906,18.4,18.59,18.03,18.18,18.41,-0.23,-1.2493,5657.03,10342.739
600243.SH,20240906,3.45,3.6,3.41,3.58,3.47,0.11,3.17,285264.99,100270.063
603860.SH,20240906,24.9,25.36,24.69,24.87,24.78,0.09,0.3632,21289.0,53296.223
000609.SZ,20240906,2.08,2.1,1.96,2.0,2.03,-0.03,-1.4778,97407.88,19621.105
300956.SZ,20240906,15.5,15.55,14.8,15.02,15.53,-0.51,-3.284,119490.26,180621.187
600733.SH,20240906,6.93,7.3,6.89,7.09,6.96,0.13,1.8678,3003504.89,2135514.352
300426.SZ,20240906,6.83,6.87,6.64,6.67,6.83,-0.16,-2.3426,41834.0,28077.206
605299.SH,20240906,6.98,6.98,6.8,6.81,6.92,-0.11,-1.5896,9310.0,6383.039
688261.SH,20240906,31.15,31.15,29.78,29.85,30.73,-0.88,-2.8637,10052.33,30346.871
300912.SZ,20240906,9.61,9.75,9.43,9.43,9.69,-0.26,-2.6832,17136.71,16357.497
603896.SH,20240906,20.45,20.45,19.88,19.9,20.35,-0.45,-2.2113,12970.0,25958.159
301237.SZ,20240906,20.02,20.02,19.25,19.32,20.05,-0.73,-3.6409,5403.0,10555.704
300494.SZ,20240906,9.11,9.24,8.98,8.99,9.17,-0.18,-1.9629,171354.2,155627.398
000900.SZ,20240906,3.5,3.53,3.48,3.48,3.5,-0.02,-0.5714,66417.59,23294.208
002195.SZ,20240906,2.25,2.26,2.21,2.22,2.25,-0.03,-1.3333,360309.08,80492.612
300302.SZ,20240906,10.75,10.79,10.3,10.35,10.75,-0.4,-3.7209,142592.36,149838.2
601818.SH,20240906,3.07,3.11,3.06,3.08,3.07,0.01,0.3257,978761.0,302678.253
920753.BJ,20240906,26.13,26.6,25.56,26.03,25.85,0.18,0.6963,21515.03,56277.391
300623.SZ,20240906,18.37,18.53,18.06,18.06,18.45,-0.39,-2.1138,91421.5,166701.22
300322.SZ,20240906,10.1,10.1,9.72,9.73,10.15,-0.42,-4.1379,377892.0,373574.314
600316.SH,20240906,21.23,21.26,20.7,20.74,21.21,-0.47,-2.2159,73478.04,153495.597
688244.SH,20240906,22.38,22.38,21.07,21.09,22.18,-1.09,-4.9143,3305.41,7124.687
603508.SH,20240906,17.72,17.75,17.1,17.12,17.71,-0.59,-3.3315,31755.48,55196.709
920725.BJ,20240906,9.04,9.04,8.85,8.85,9.05,-0.2,-2.2099,2193.01,1950.36
600629.SH,20240906,4.38,4.39,4.26,4.28,4.37,-0.09,-2.0595,121298.0,52581.17
002176.SZ,20240906,6.75,6.78,6.61,6.62,6.8,-0.18,-2.6471,184168.89,122823.681
600335.SH,20240906,5.53,5.58,5.4,5.4,5.51,-0.11,-1.9964,131737.5,72266.167
301132.SZ,20240906,23.77,23.8,22.81,22.85,23.71,-0.86,-3.6272,33473.47,77644.831
600582.SH,20240906,5.46,5.5,5.38,5.4,5.48,-0.08,-1.4599,189000.04,102578.273
000829.SZ,20240906,9.1,9.45,9.02,9.04,9.2,-0.16,-1.7391,482386.93,445300.402
600226.SH,20240906,1.91,1.92,1.87,1.88,1.91,-0.03,-1.5707,88815.0,16809.83
600428.SH,20240906,5.65,5.8,5.61,5.67,5.6,0.07,1.25,211738.81,121057.67
688075.SH,20240906,33.29,33.29,32.53,32.53,33.29,-0.76,-2.283,2604.75,8547.166
600192.SH,20240906,4.49,4.52,4.38,4.4,4.49,-0.09,-2.0045,100636.0,44735.232
002923.SZ,20240906,8.47,8.51,8.27,8.28,8.47,-0.19,-2.2432,12514.82,10447.547
000966.SZ,20240906,4.09,4.12,4.04,4.05,4.09,-0.04,-0.978,68378.9,27900.768
601965.SH,20240906,16.52,16.9,16.28,16.32,16.72,-0.4,-2.3923,53531.88,88420.31
002697.SZ,20240906,4.28,4.3,4.24,4.25,4.27,-0.02,-0.4684,81041.29,34601.895
300152.SZ,20240906,1.85,1.89,1.81,1.81,1.86,-0.05,-2.6882,170128.0,31300.56
000791.SZ,20240906,5.42,5.45,5.39,5.39,5.42,-0.03,-0.5535,70517.0,38184.005
920675.BJ,20240906,5.09,5.18,5.01,5.04,5.1,-0.06,-1.1765,1865.98,952.727
002628.SZ,20240906,2.19,2.21,2.14,2.15,2.21,-0.06,-2.7149,149001.0,32294.485
920491.BJ,20240906,12.4,12.46,12.12,12.21,12.32,-0.11,-0.8929,8781.49,10773.636
300512.SZ,20240906,6.34,6.39,6.01,6.07,6.41,-0.34,-5.3042,101820.52,62804.431
300177.SZ,20240906,6.81,6.98,6.59,6.61,6.9,-0.29,-4.2029,528923.51,356226.194
002986.SZ,20240906,10.86,11.01,10.67,10.7,10.95,-0.25,-2.2831,27845.46,30183.523
301287.SZ,20240906,24.53,24.72,23.95,24.0,24.59,-0.59,-2.3993,2935.0,7090.348
601098.SH,20240906,13.57,13.76,13.4,13.49,13.53,-0.04,-0.2956,76822.17,104468.282
600330.SH,20240906,6.1,6.11,5.92,5.92,6.08,-0.16,-2.6316,81702.0,48843.348
002232.SZ,20240906,16.9,17.81,16.4,16.4,16.72,-0.32,-1.9139,663788.66,1134646.098
600989.SH,20240906,14.6,14.77,14.38,14.4,14.72,-0.32,-2.1739,164766.43,239387.465
600827.SH,20240906,7.59,7.82,7.55,7.56,7.46,0.1,1.3405,149080.25,114492.482
300989.SZ,20240906,11.38,11.45,11.16,11.2,11.33,-0.13,-1.1474,30378.25,34304.34
920262.BJ,20240906,9.15,9.22,8.9,8.9,9.15,-0.25,-2.7322,1621.75,1468.332
002468.SZ,20240906,10.67,10.82,10.47,10.52,10.67,-0.15,-1.4058,187297.0,199286.04
001332.SZ,20240906,26.0,26.4,25.65,25.75,26.0,-0.25,-0.9615,12649.75,32892.118
300895.SZ,20240906,25.0,25.28,24.42,24.45,25.03,-0.58,-2.3172,17914.83,44567.169
600593.SH,20240906,16.58,16.8,16.4,16.45,16.57,-0.12,-0.7242,20418.37,33853.617
920781.BJ,20240906,4.01,4.04,3.93,3.95,4.0,-0.05,-1.25,6754.65,2684.51
002236.SZ,20240906,13.74,13.79,13.52,13.52,13.74,-0.22,-1.6012,144875.0,197364.541
688556.SH,20240906,10.39,10.39,10.08,10.09,10.36,-0.27,-2.6062,70669.21,71790.034
000828.SZ,20240906,9.05,9.13,8.87,8.88,8.9,-0.02,-0.2247,80226.05,72040.998
301591.SZ,20240906,30.1,30.25,29.4,29.44,30.13,-0.69,-2.2901,12601.56,37450.074
688359.SH,20240906,28.73,28.83,27.51,27.83,28.73,-0.9,-3.1326,9260.7,25890.397
601015.SH,20240906,2.72,2.74,2.68,2.69,2.73,-0.04,-1.4652,63736.6,17191.874
603389.SH,20240906,5.89,5.9,5.6,5.63,5.89,-0.26,-4.4143,154786.0,88362.56
600905.SH,20240906,4.2,4.23,4.17,4.17,4.19,-0.02,-0.4773,673090.0,282314.078
603922.SH,20240906,14.94,15.13,14.63,14.71,15.0,-0.29,-1.9333,4904.2,7297.557
300044.SZ,20240906,4.14,4.21,4.1,4.11,4.14,-0.03,-0.7246,226165.43,93851.448
002490.SZ,20240906,1.97,2.01,1.93,1.93,1.96,-0.03,-1.5306,104867.0,20653.352
688026.SH,20240906,11.51,11.58,11.1,11.1,11.57,-0.47,-4.0622,19502.33,21986.102
300647.SZ,20240906,5.29,5.35,5.11,5.12,5.31,-0.19,-3.5782,286470.0,149173.219
600743.SH,20240906,1.2,1.2,1.18,1.19,1.2,-0.01,-0.8333,104087.72,12343.794
002926.SZ,20240906,6.54,6.57,6.33,6.39,6.36,0.03,0.4717,183532.68,118103.279
300458.SZ,20240906,21.1,21.37,20.58,20.61,21.1,-0.49,-2.3223,125463.1,262116.139
301335.SZ,20240906,17.55,17.57,17.25,17.38,17.51,-0.13,-0.7424,4820.64,8389.205
000959.SZ,20240906,2.68,2.71,2.65,2.67,2.68,-0.01,-0.3731,202973.84,54359.29
920871.BJ,20240906,5.97,6.06,5.85,5.91,5.97,-0.06,-1.005,1620.06,957.86
601958.SH,20240906,9.75,9.78,9.57,9.59,9.69,-0.1,-1.032,105363.76,101765.394
603344.SH,20240906,19.64,19.75,19.09,19.1,19.74,-0.64,-3.2421,13298.31,25755.613
600753.SH,20240906,5.12,5.25,4.97,5.04,5.15,-0.11,-2.1359,39648.8,20068.195
688379.SH,20240906,14.51,14.64,14.14,14.23,14.6,-0.37,-2.5342,6109.7,8768.093
601456.SH,20240906,10.0,10.13,9.71,9.71,9.77,-0.06,-0.6141,592980.43,588338.09
002124.SZ,20240906,2.34,2.35,2.28,2.28,2.35,-0.07,-2.9787,280685.2,64696.69
600382.SH,20240906,3.38,3.38,3.34,3.36,3.37,-0.01,-0.2967,33214.0,11168.482
600892.SH,20240906,4.12,4.16,4.05,4.06,4.14,-0.08,-1.9324,102214.0,41746.9
688716.SH,20240906,17.02,17.14,16.68,16.78,17.18,-0.4,-2.3283,3914.99,6597.126
000833.SZ,20240906,4.95,4.98,4.89,4.89,4.95,-0.06,-1.2121,49081.4,24184.728
688668.SH,20240906,35.61,35.98,33.59,33.99,35.58,-1.59,-4.4688,37243.03,127978.9
605117.SH,20240906,87.68,88.6,85.4,85.58,87.65,-2.07,-2.3617,37814.13,327531.609
600641.SH,20240906,9.54,9.57,9.35,9.37,9.54,-0.17,-1.782,44676.11,42095.718
000778.SZ,20240906,3.3,3.33,3.27,3.27,3.3,-0.03,-0.9091,192110.0,63380.824
000545.SZ,20240906,2.01,2.13,1.97,2.01,2.03,-0.02,-0.9852,518022.0,106038.184
603172.SH,20240906,17.05,17.11,16.8,16.8,17.02,-0.22,-1.2926,11457.0,19413.784
920656.BJ,20240906,12.32,12.36,12.0,12.16,12.42,-0.26,-2.0934,653.63,796.895
688332.SH,20240906,49.03,49.34,47.53,47.56,49.0,-1.44,-2.9388,5887.31,28355.709
605399.SH,20240906,10.15,10.16,9.94,9.96,10.13,-0.17,-1.6782,9058.5,9059.398
603908.SH,20240906,19.42,19.49,18.8,18.8,19.4,-0.6,-3.0928,11190.6,21298.508
002294.SZ,20240906,32.03,32.25,31.81,31.87,32.17,-0.3,-0.9325,31608.22,101261.288
688579.SH,20240906,7.29,7.3,7.0,7.03,7.27,-0.24,-3.3012,26002.67,18481.812
002305.SZ,20240906,1.52,1.54,1.5,1.51,1.53,-0.02,-1.3072,432712.0,65649.296
301066.SZ,20240906,10.0,10.0,9.07,9.32,9.7,-0.38,-3.9175,170009.12,158494.372
688233.SH,20240906,15.3,15.3,14.61,14.7,15.15,-0.45,-2.9703,17711.68,26271.036
600633.SH,20240906,8.23,8.25,8.1,8.12,8.22,-0.1,-1.2165,50702.0,41256.107
300436.SZ,20240906,17.96,19.0,17.71,18.76,17.77,0.99,5.5712,122429.24,227975.31
002272.SZ,20240906,4.9,4.94,4.71,4.71,4.94,-0.23,-4.6559,280086.78,134126.263
688143.SH,20240906,17.42,17.42,16.33,16.4,17.25,-0.85,-4.9275,11557.98,19301.867
000819.SZ,20240906,15.7,16.35,15.6,16.0,15.79,0.21,1.33,68212.78,109537.687
600756.SH,20240906,9.91,9.94,9.74,9.76,9.88,-0.12,-1.2146,21034.0,20667.135
301187.SZ,20240906,20.68,20.82,19.79,19.8,20.47,-0.67,-3.2731,22875.59,46432.132
002551.SZ,20240906,2.47,2.5,2.39,2.4,2.47,-0.07,-2.834,64030.0,15575.73
300581.SZ,20240906,7.23,7.28,7.07,7.08,7.24,-0.16,-2.2099,46810.5,33435.718
301228.SZ,20240906,10.32,10.32,9.87,9.89,10.23,-0.34,-3.3236,31060.32,31112.692
002351.SZ,20240906,10.09,10.1,9.9,9.92,10.08,-0.16,-1.5873,97514.0,97136.894
600273.SH,20240906,7.45,7.48,7.35,7.38,7.45,-0.07,-0.9396,58893.0,43582.303
600674.SH,20240906,17.55,17.95,17.54,17.61,17.5,0.11,0.6286,117284.68,208334.186
605151.SH,20240906,14.82,14.89,14.47,14.47,14.82,-0.35,-2.3617,3612.0,5283.727
300093.SZ,20240906,12.7,12.79,11.9,12.0,13.07,-1.07,-8.1867,301117.42,368320.101
002949.SZ,20240906,9.14,9.16,8.97,8.98,9.1,-0.12,-1.3187,16617.0,15042.002
600608.SH,20240906,2.73,2.8,2.72,2.79,2.75,0.04,1.4545,24725.0,6840.539
600620.SH,20240906,4.73,4.75,4.62,4.64,4.77,-0.13,-2.7254,32567.81,15235.315
600152.SH,20240906,5.47,5.76,5.4,5.46,5.72,-0.26,-4.5455,519625.6,287537.296
688061.SH,20240906,22.13,22.25,21.51,21.59,22.27,-0.68,-3.0534,3941.83,8601.338
688066.SH,20240906,13.08,13.23,12.48,12.52,13.1,-0.58,-4.4275,58705.36,74845.555
000776.SZ,20240906,12.5,12.55,12.29,12.29,12.31,-0.02,-0.1625,295529.0,366669.573
603773.SH,20240906,17.74,17.8,17.23,17.29,17.8,-0.51,-2.8652,31505.55,54935.051
002792.SZ,20240906,10.51,10.6,10.25,10.25,10.59,-0.34,-3.2106,83279.05,86297.83
301337.SZ,20240906,24.48,24.95,23.92,24.62,24.49,0.13,0.5308,49020.07,119513.927
603220.SH,20240906,18.09,18.12,17.61,17.64,18.05,-0.41,-2.2715,72585.25,129163.238
300690.SZ,20240906,17.33,17.35,16.63,16.63,17.12,-0.49,-2.8621,49534.0,84277.376
603628.SH,20240906,12.65,12.73,12.21,12.29,12.76,-0.47,-3.6834,118185.0,146581.092
603377.SH,20240906,1.56,1.59,1.5,1.5,1.57,-0.07,-4.4586,117044.64,17926.699
300245.SZ,20240906,5.81,6.11,5.7,5.72,5.83,-0.11,-1.8868,191030.5,113348.18
300305.SZ,20240906,4.9,4.91,4.7,4.71,4.92,-0.21,-4.2683,77607.95,37228.721
300180.SZ,20240906,4.09,4.21,4.02,4.08,4.17,-0.09,-2.1583,1013904.33,415122.794
600360.SH,20240906,3.38,3.45,3.35,3.36,3.39,-0.03,-0.885,157478.2,53502.061
301456.SZ,20240906,19.66,19.8,19.22,19.22,19.74,-0.52,-2.6342,9801.68,19019.153
603117.SH,20240906,4.51,4.53,4.48,4.51,4.51,0.0,0.0,41565.4,18711.93
605008.SH,20240906,11.73,11.88,11.66,11.72,11.85,-0.13,-1.097,5414.0,6357.663
002048.SZ,20240906,12.38,12.44,12.2,12.2,12.37,-0.17,-1.3743,24493.97,30191.759
603326.SH,20240906,5.34,5.36,5.09,5.09,5.26,-0.17,-3.2319,36407.6,18881.965
301162.SZ,20240906,33.33,33.61,32.27,32.28,33.33,-1.05,-3.1503,11113.0,36256.235
688153.SH,20240906,29.3,29.39,27.93,27.95,29.2,-1.25,-4.2808,16850.32,48093.95
603682.SH,20240906,3.73,3.79,3.69,3.71,3.74,-0.03,-0.8021,45872.0,17171.855
000892.SZ,20240906,2.62,2.65,2.57,2.58,2.62,-0.04,-1.5267,106010.0,27686.929
605167.SH,20240906,8.11,8.13,7.97,7.97,8.11,-0.14,-1.7263,21123.0,16983.919
603029.SH,20240906,13.42,13.42,13.11,13.13,13.37,-0.24,-1.7951,9810.6,12957.02
300294.SZ,20240906,33.49,33.68,33.25,33.28,33.56,-0.28,-0.8343,12723.0,42525.787
003009.SZ,20240906,37.0,37.09,36.01,36.19,37.04,-0.85,-2.2948,10882.0,39624.654
300935.SZ,20240906,16.4,16.44,15.73,15.74,16.31,-0.57,-3.4948,19307.0,30912.819
601900.SH,20240906,12.7,12.97,12.5,12.59,12.7,-0.11,-0.8661,86000.0,109309.24
301356.SZ,20240906,12.36,12.55,12.22,12.32,12.31,0.01,0.0812,12501.78,15503.618
603506.SH,20240906,7.24,7.38,7.11,7.12,7.35,-0.23,-3.1293,38295.6,27707.716
000048.SZ,20240906,13.4,13.44,13.16,13.19,13.37,-0.18,-1.3463,11966.0,15846.092
300001.SZ,20240906,17.9,17.95,17.41,17.42,17.86,-0.44,-2.4636,71376.0,125850.123
002779.SZ,20240906,31.39,31.43,30.5,30.64,31.41,-0.77,-2.4514,7700.0,23753.057
603880.SH,20240906,3.55,3.86,3.51,3.58,3.51,0.07,1.9943,84789.0,30844.238
603286.SH,20240906,15.69,15.89,15.3,15.32,15.73,-0.41,-2.6065,34840.0,54213.072
600965.SH,20240906,3.39,3.4,3.31,3.32,3.4,-0.08,-2.3529,25323.53,8465.265
603855.SH,20240906,17.05,17.05,16.11,16.12,16.89,-0.77,-4.5589,24198.0,39676.595
688096.SH,20240906,5.05,5.05,4.9,4.92,5.0,-0.08,-1.6,10217.23,5057.132
001256.SZ,20240906,13.79,13.9,13.58,13.58,13.76,-0.18,-1.3081,10378.92,14221.566
688050.SH,20240906,79.41,81.11,77.8,78.03,79.55,-1.52,-1.9107,12058.5,95732.94
002084.SZ,20240906,2.52,2.54,2.45,2.46,2.51,-0.05,-1.992,97321.82,24217.823
000069.SZ,20240906,1.93,1.94,1.89,1.9,1.93,-0.03,-1.5544,215035.0,41177.939
301096.SZ,20240906,36.79,36.79,35.16,35.29,36.78,-1.49,-4.0511,24549.79,87804.135
920519.BJ,20240906,6.76,6.77,6.65,6.68,6.76,-0.08,-1.1834,1892.57,1266.864
300609.SZ,20240906,22.6,23.31,22.01,22.15,22.53,-0.38,-1.6866,48790.8,111632.32
002985.SZ,20240906,18.43,18.43,17.85,17.86,18.28,-0.42,-2.2976,16336.85,29422.913
688665.SH,20240906,24.0,25.15,23.62,24.23,24.06,0.17,0.7066,10659.34,25984.724
605016.SH,20240906,17.1,17.3,16.53,16.76,17.28,-0.52,-3.0093,18105.32,30511.896
600507.SH,20240906,3.68,3.69,3.63,3.64,3.68,-0.04,-1.087,62713.76,22914.484
002590.SZ,20240906,11.71,11.85,11.35,11.35,11.6,-0.25,-2.1552,66290.0,76800.989
600004.SH,20240906,9.01,9.01,8.89,8.9,8.97,-0.07,-0.7804,50260.31,44882.232
000055.SZ,20240906,3.36,3.38,3.32,3.32,3.37,-0.05,-1.4837,23471.67,7857.43
600854.SH,20240906,3.88,3.97,3.84,3.86,3.9,-0.04,-1.0256,76441.0,29865.899
688313.SH,20240906,8.61,8.63,8.33,8.35,8.61,-0.26,-3.0197,43416.08,36740.986
688393.SH,20240906,14.96,15.07,14.43,14.49,14.92,-0.43,-2.882,4013.66,5882.042
002838.SZ,20240906,8.83,9.0,8.68,8.82,8.82,0.0,0.0,42792.0,37817.983
600097.SH,20240906,7.32,7.37,7.21,7.23,7.34,-0.11,-1.4986,26069.0,18950.265
688256.SH,20240906,211.0,219.66,210.0,215.18,206.9,8.28,4.0019,106176.1,2287211.711
002454.SZ,20240906,5.6,5.65,5.53,5.54,5.61,-0.07,-1.2478,42565.74,23737.838
300818.SZ,20240906,21.33,21.33,20.81,21.15,21.29,-0.14,-0.6576,16208.8,34129.404
002001.SZ,20240906,19.45,19.53,19.21,19.26,19.48,-0.22,-1.1294,130668.16,252956.715
000036.SZ,20240906,2.88,2.91,2.86,2.87,2.88,-0.01,-0.3472,63946.7,18445.838
300804.SZ,20240906,21.32,21.32,20.57,20.58,21.02,-0.44,-2.0932,4627.57,9609.718
300746.SZ,20240906,6.7,6.76,6.55,6.59,6.78,-0.19,-2.8024,30975.0,20562.547
000757.SZ,20240906,2.84,2.88,2.74,2.76,2.83,-0.07,-2.4735,119910.01,33514.529
603090.SH,20240906,15.11,15.11,14.51,14.52,15.17,-0.65,-4.2848,35471.41,52422.254
603903.SH,20240906,5.57,5.62,5.47,5.48,5.59,-0.11,-1.9678,23526.92,12994.256
300796.SZ,20240906,9.6,9.69,9.35,9.36,9.56,-0.2,-2.0921,46640.08,44220.002
002741.SZ,20240906,11.31,11.53,11.19,11.2,11.42,-0.22,-1.9264,46585.0,52616.066
000630.SZ,20240906,2.94,2.97,2.91,2.94,2.93,0.01,0.3413,1340863.76,394821.135
300277.SZ,20240906,6.48,6.52,6.26,6.26,6.47,-0.21,-3.2457,32509.0,20676.875
603071.SH,20240906,11.06,11.06,10.79,10.8,10.99,-0.19,-1.7288,14396.04,15649.499
920961.BJ,20240906,8.57,8.73,8.36,8.4,8.48,-0.08,-0.9434,15515.22,13349.144
300709.SZ,20240906,33.28,34.28,32.1,32.25,33.86,-1.61,-4.7549,250291.79,823695.775
000702.SZ,20240906,4.41,4.49,4.34,4.37,4.42,-0.05,-1.1312,140852.63,62027.761
600654.SH,20240906,2.18,2.22,2.16,2.17,2.19,-0.02,-0.9132,64318.52,14023.889
002880.SZ,20240906,26.38,26.45,25.99,26.01,26.35,-0.34,-1.2903,2353.2,6160.679
002418.SZ,20240906,2.05,2.07,1.98,1.99,2.13,-0.14,-6.5728,635674.15,128713.791
601077.SH,20240906,5.09,5.17,5.07,5.08,5.08,0.0,0.0,339373.0,173615.069
688543.SH,20240906,36.72,37.3,36.62,36.63,36.78,-0.15,-0.4078,10453.68,38575.836
000768.SZ,20240906,24.43,24.48,23.99,24.01,24.43,-0.42,-1.7192,75284.5,182159.533
002651.SZ,20240906,4.92,4.95,4.82,4.84,4.93,-0.09,-1.8256,72591.0,35407.685
001308.SZ,20240906,19.29,19.35,18.69,18.71,19.3,-0.59,-3.057,20431.0,38572.656
920237.BJ,20240906,11.09,11.15,10.68,10.7,11.24,-0.54,-4.8043,11073.56,12064.034
600391.SH,20240906,14.75,14.77,14.45,14.48,14.7,-0.22,-1.4966,24189.37,35179.331
301272.SZ,20240906,32.0,32.2,31.06,31.13,32.11,-0.98,-3.052,2300.0,7256.481
600661.SH,20240906,11.82,11.82,11.32,11.36,11.82,-0.46,-3.8917,96010.0,110230.328
002313.SZ,20240906,6.04,6.12,5.85,5.85,6.05,-0.2,-3.3058,42825.0,25453.458
002638.SZ,20240906,1.63,1.68,1.63,1.68,1.64,0.04,2.439,93507.0,15499.163
002728.SZ,20240906,7.4,7.46,7.26,7.28,7.41,-0.13,-1.7544,62740.91,45943.323
300781.SZ,20240906,41.5,41.95,40.3,40.41,41.61,-1.2,-2.8839,46485.0,190049.706
000581.SZ,20240906,16.18,16.37,16.09,16.09,16.15,-0.06,-0.3715,54513.92,88542.614
688281.SH,20240906,78.03,78.1,76.21,76.48,77.32,-0.84,-1.0864,3409.57,26184.815
002685.SZ,20240906,3.21,3.29,3.13,3.14,3.21,-0.07,-2.1807,417392.38,132911.448
688258.SH,20240906,23.56,23.57,22.6,22.7,23.56,-0.86,-3.6503,22717.91,52149.955
600699.SH,20240906,14.36,14.45,14.1,14.11,14.28,-0.17,-1.1905,103243.0,147594.684
301525.SZ,20240906,50.08,50.39,48.6,49.07,50.42,-1.35,-2.6775,18267.2,90565.252
688110.SH,20240906,16.45,16.66,15.66,15.66,16.48,-0.82,-4.9757,61032.68,97249.122
000677.SZ,20240906,2.43,2.45,2.4,2.41,2.43,-0.02,-0.823,68001.0,16516.917
002203.SZ,20240906,8.09,8.09,7.95,7.96,8.06,-0.1,-1.2407,35783.0,28663.48
600928.SH,20240906,3.08,3.1,3.05,3.06,3.08,-0.02,-0.6494,125187.0,38529.451
300743.SZ,20240906,12.2,12.24,11.77,11.8,12.2,-0.4,-3.2787,24354.5,29178.417
002191.SZ,20240906,3.46,3.48,3.38,3.39,3.47,-0.08,-2.3055,110867.86,37908.872
000839.SZ,20240906,2.24,2.29,2.23,2.23,2.25,-0.02,-0.8889,178814.69,40385.576
300888.SZ,20240906,25.65,25.8,25.16,25.24,25.69,-0.45,-1.7517,10870.2,27592.854
688171.SH,20240906,12.73,12.79,12.2,12.29,12.81,-0.52,-4.0593,6052.75,7519.028
300649.SZ,20240906,9.08,9.13,8.8,8.84,9.05,-0.21,-2.3204,15646.0,13945.57
002470.SZ,20240906,1.4,1.41,1.37,1.39,1.4,-0.01,-0.7143,114313.63,15868.555
603948.SH,20240906,15.69,15.85,15.4,15.49,15.7,-0.21,-1.3376,5026.0,7821.655
300943.SZ,20240906,10.88,10.96,10.43,10.47,10.84,-0.37,-3.4133,45277.0,48154.412
000620.SZ,20240906,1.38,1.38,1.34,1.34,1.38,-0.04,-2.8986,198328.0,26885.048
002730.SZ,20240906,6.34,6.36,6.22,6.23,6.34,-0.11,-1.735,31692.0,19857.751
301517.SZ,20240906,43.8,43.98,42.51,42.53,43.87,-1.34,-3.0545,19417.67,83710.956
605300.SH,20240906,11.3,11.3,10.92,11.06,11.08,-0.02,-0.1805,13741.92,15235.74
000534.SZ,20240906,9.18,9.18,8.85,8.9,9.11,-0.21,-2.3052,20657.0,18575.134
300075.SZ,20240906,11.98,12.08,11.68,11.69,11.98,-0.29,-2.4207,95801.14,113860.057
605003.SH,20240906,15.16,15.19,14.86,14.88,15.16,-0.28,-1.847,2347.0,3518.883
688007.SH,20240906,13.7,13.77,13.2,13.51,13.71,-0.2,-1.4588,43252.55,58250.466
002235.SZ,20240906,4.21,4.24,4.14,4.14,4.21,-0.07,-1.6627,100915.0,42193.702
920641.BJ,20240906,6.87,7.1,6.83,6.91,6.91,0.0,0.0,10641.0,7362.659
002863.SZ,20240906,3.83,3.87,3.71,3.73,3.84,-0.11,-2.8646,71509.0,27054.689
002180.SZ,20240906,24.21,24.23,23.8,23.96,24.15,-0.19,-0.7867,46550.0,111900.356
920270.BJ,20240906,6.81,6.81,6.66,6.66,6.81,-0.15,-2.2026,4545.98,3045.084
603636.SH,20240906,8.02,8.05,7.73,7.78,8.01,-0.23,-2.8714,89560.58,70566.671
002063.SZ,20240906,4.59,4.61,4.52,4.53,4.58,-0.05,-1.0917,114700.55,52180.596
600186.SH,20240906,3.25,3.25,3.18,3.19,3.25,-0.06,-1.8462,143413.02,45986.79
920245.BJ,20240906,9.91,9.92,9.78,9.81,9.94,-0.13,-1.3078,481.0,473.297
301197.SZ,20240906,11.37,11.38,11.02,11.05,11.36,-0.31,-2.7289,13164.91,14672.622
001278.SZ,20240906,14.17,14.25,13.75,13.78,14.13,-0.35,-2.477,12067.0,16855.543
600853.SH,20240906,3.1,3.13,3.06,3.07,3.11,-0.04,-1.2862,93792.0,29048.673
002672.SZ,20240906,3.39,3.41,3.34,3.36,3.39,-0.03,-0.885,17949.0,6028.416
300589.SZ,20240906,10.43,10.93,10.3,10.58,10.39,0.19,1.8287,75666.07,80466.254
002373.SZ,20240906,7.76,7.89,7.61,7.63,7.76,-0.13,-1.6753,137286.0,106422.011
301069.SZ,20240906,12.01,12.08,11.54,11.56,12.1,-0.54,-4.4628,40696.24,47915.105
002156.SZ,20240906,19.11,19.13,18.4,18.46,19.06,-0.6,-3.148,365346.06,683800.493
600761.SH,20240906,17.15,17.66,17.01,17.41,17.16,0.25,1.4569,135389.78,235771.965
688200.SH,20240906,85.85,85.85,81.2,81.25,84.6,-3.35,-3.9598,6076.3,50307.293
688112.SH,20240906,24.39,24.46,23.91,23.91,24.34,-0.43,-1.7666,2135.66,5131.484
603206.SH,20240906,12.08,12.17,11.84,11.87,12.15,-0.28,-2.3045,34831.0,41724.762
002439.SZ,20240906,12.94,12.99,12.65,12.67,12.95,-0.28,-2.1622,89652.97,114399.439
300788.SZ,20240906,24.52,24.64,23.9,23.96,24.54,-0.58,-2.3635,33927.0,81938.477
301596.SZ,20240906,62.76,63.54,60.3,60.3,63.31,-3.01,-4.7544,12890.0,79800.826
603708.SH,20240906,8.4,8.8,8.19,8.42,8.24,0.18,2.1845,236565.7,200229.617
603839.SH,20240906,4.39,4.4,4.26,4.28,4.35,-0.07,-1.6092,35743.0,15457.88
603198.SH,20240906,51.09,51.51,50.27,50.28,51.11,-0.83,-1.6239,22356.0,113698.072
600516.SH,20240906,3.99,4.0,3.91,3.92,3.97,-0.05,-1.2594,170066.24,66983.449
920436.BJ,20240906,7.06,7.12,6.91,6.91,7.11,-0.2,-2.8129,1951.22,1371.42
301486.SZ,20240906,35.29,35.39,34.0,34.0,35.3,-1.3,-3.6827,19424.82,67131.819
920896.BJ,20240906,6.77,6.77,6.57,6.67,6.7,-0.03,-0.4478,720.93,479.594
000591.SZ,20240906,4.18,4.19,4.13,4.14,4.18,-0.04,-0.9569,114697.0,47664.455
002738.SZ,20240906,29.3,29.5,28.35,28.36,29.56,-1.2,-4.0595,160426.65,461588.416
000910.SZ,20240906,6.24,6.28,6.18,6.2,6.28,-0.08,-1.2739,12670.0,7892.164
002862.SZ,20240906,13.66,13.84,13.32,13.32,13.79,-0.47,-3.4083,31983.99,43359.013
601188.SH,20240906,3.1,3.26,3.1,3.2,3.07,0.13,4.2345,504886.94,160809.719
600170.SH,20240906,1.95,1.97,1.93,1.94,1.95,-0.01,-0.5128,615078.92,120066.957
688027.SH,20240906,158.0,158.44,151.0,152.09,157.44,-5.35,-3.3981,12169.36,187929.893
300017.SZ,20240906,6.95,6.99,6.8,6.81,6.96,-0.15,-2.1552,256139.5,176207.211
688315.SH,20240906,10.28,10.34,9.81,9.86,10.3,-0.44,-4.2718,16195.91,16173.896
601865.SH,20240906,17.7,17.87,16.93,16.95,17.88,-0.93,-5.2013,169418.0,291327.692
301288.SZ,20240906,13.86,14.6,13.43,14.01,13.85,0.16,1.1552,82549.55,115251.563
688161.SH,20240906,22.73,22.91,22.1,22.22,22.85,-0.63,-2.7571,8428.11,18909.968
300225.SZ,20240906,5.41,5.47,5.25,5.26,5.45,-0.19,-3.4862,88388.09,47185.669
301448.SZ,20240906,18.31,18.36,17.82,17.83,18.31,-0.48,-2.6215,6369.4,11513.486
300534.SZ,20240906,7.37,7.41,7.17,7.19,7.37,-0.18,-2.4423,29064.0,21119.27
003019.SZ,20240906,24.28,24.5,23.4,23.72,24.1,-0.38,-1.5768,89579.77,213206.447
300519.SZ,20240906,11.29,11.32,10.85,10.86,11.2,-0.34,-3.0357,17242.0,18982.36
920489.BJ,20240906,5.88,5.97,5.84,5.91,5.87,0.04,0.6814,22712.09,13442.776
000042.SZ,20240906,3.75,3.81,3.64,3.67,3.77,-0.1,-2.6525,107404.0,39696.121
300175.SZ,20240906,5.17,5.26,5.09,5.13,5.17,-0.04,-0.7737,123432.0,63702.852
300551.SZ,20240906,6.51,6.66,6.39,6.52,6.5,0.02,0.3077,264391.7,172572.315
002984.SZ,20240906,23.2,23.45,22.9,22.95,23.25,-0.3,-1.2903,58780.37,136052.817
001872.SZ,20240906,20.5,21.17,20.4,20.62,20.51,0.11,0.5363,34851.36,72539.908
301312.SZ,20240906,39.79,39.9,37.9,38.06,40.23,-2.17,-5.394,28592.12,110818.499
601952.SH,20240906,9.93,10.04,9.87,9.89,9.94,-0.05,-0.503,54984.0,54684.055
601718.SH,20240906,2.37,2.38,2.33,2.34,2.37,-0.03,-1.2658,192315.0,45175.523
002529.SZ,20240906,5.28,5.28,5.08,5.1,5.28,-0.18,-3.4091,74082.25,38178.406
603345.SH,20240906,73.42,73.98,72.11,72.27,73.98,-1.71,-2.3114,21038.3,152703.776
688528.SH,20240906,6.65,6.65,6.34,6.41,6.62,-0.21,-3.1722,8508.61,5518.6
300752.SZ,20240906,13.28,13.3,12.86,12.88,13.28,-0.4,-3.012,49317.08,64229.345
000796.SZ,20240906,3.11,3.13,3.07,3.1,3.11,-0.01,-0.3215,54738.0,16955.829
002284.SZ,20240906,7.04,7.06,6.85,6.86,6.99,-0.13,-1.8598,76078.0,52915.317
601330.SH,20240906,5.51,5.54,5.44,5.47,5.52,-0.05,-0.9058,24169.0,13280.482
002589.SZ,20240906,2.44,2.47,2.37,2.39,2.45,-0.06,-2.449,199391.11,48058.707
603200.SH,20240906,18.5,18.8,18.41,18.52,18.74,-0.22,-1.174,29130.8,54110.714
600651.SH,20240906,2.81,2.81,2.76,2.77,2.8,-0.03,-1.0714,65783.01,18266.293
300919.SZ,20240906,29.31,29.84,28.95,29.44,29.45,-0.01,-0.034,52124.82,153529.252
603806.SH,20240906,15.11,15.11,14.29,14.3,15.11,-0.81,-5.3607,251021.15,364855.29
300059.SZ,20240906,10.8,10.88,10.54,10.56,10.65,-0.09,-0.8451,2165132.22,2317913.178
601798.SH,20240906,4.89,4.92,4.73,4.73,4.89,-0.16,-3.272,60851.0,29149.2
603960.SH,20240906,17.37,17.38,16.98,16.99,17.37,-0.38,-2.1877,52139.0,89296.277
600727.SH,20240906,6.36,6.39,6.21,6.22,6.37,-0.15,-2.3548,112212.0,70567.771
000793.SZ,20240906,1.19,1.27,1.17,1.22,1.19,0.03,2.521,997374.0,122036.678
600201.SH,20240906,6.1,6.1,5.95,5.96,6.07,-0.11,-1.8122,87865.36,52671.096
688698.SH,20240906,24.49,24.49,23.59,23.68,24.26,-0.58,-2.3908,14993.75,35710.544
600354.SH,20240906,4.75,4.78,4.69,4.7,4.76,-0.06,-1.2605,43765.0,20718.825
000815.SZ,20240906,7.27,7.35,7.03,7.06,7.32,-0.26,-3.5519,149540.0,107038.683
300214.SZ,20240906,4.61,4.63,4.51,4.52,4.62,-0.1,-2.1645,15789.0,7193.696
605007.SH,20240906,11.84,11.85,11.5,11.55,11.78,-0.23,-1.9525,19973.0,23144.005
000779.SZ,20240906,7.04,7.04,6.69,6.8,7.09,-0.29,-4.0903,183496.18,125541.852
600678.SH,20240906,5.05,5.07,4.93,4.94,5.07,-0.13,-2.5641,118687.0,59291.934
688311.SH,20240906,18.36,18.56,17.9,17.94,18.38,-0.44,-2.3939,12360.46,22413.266
002716.SZ,20240906,2.79,2.81,2.77,2.78,2.77,0.01,0.361,160595.2,44720.096
600157.SH,20240906,1.07,1.08,1.06,1.06,1.07,-0.01,-0.9346,1724631.93,184263.015
600323.SH,20240906,19.88,20.48,19.86,20.33,19.96,0.37,1.8537,72253.67,146362.463
603192.SH,20240906,13.69,13.82,13.48,13.53,13.79,-0.26,-1.8854,20212.0,27515.021
603586.SH,20240906,11.68,11.68,11.38,11.39,11.57,-0.18,-1.5557,33480.72,38560.228
002331.SZ,20240906,6.59,6.66,6.48,6.51,6.58,-0.07,-1.0638,46007.4,30145.453
300833.SZ,20240906,38.65,38.93,36.91,36.96,38.8,-1.84,-4.7423,7801.76,29421.944
688651.SH,20240906,24.79,25.06,24.07,24.19,24.91,-0.72,-2.8904,4802.11,11701.243
688295.SH,20240906,16.99,17.15,16.59,16.59,17.29,-0.7,-4.0486,13350.73,22405.671
600409.SH,20240906,4.88,4.88,4.81,4.81,4.87,-0.06,-1.232,134775.54,65219.689
002405.SZ,20240906,7.08,7.19,6.97,6.97,7.01,-0.04,-0.5706,659083.78,465963.385
301049.SZ,20240906,19.85,20.85,19.44,20.7,19.84,0.86,4.3347,67169.4,137130.702
301077.SZ,20240906,17.12,17.18,16.79,16.79,17.18,-0.39,-2.2701,8330.0,14096.291
688302.SH,20240906,25.56,25.61,24.48,24.66,25.55,-0.89,-3.4834,7156.95,17727.694
300525.SZ,20240906,12.0,12.0,11.79,11.87,11.97,-0.1,-0.8354,40342.91,47983.458
002782.SZ,20240906,10.56,10.59,10.22,10.23,10.55,-0.32,-3.0332,28566.0,29561.998
600703.SH,20240906,10.27,10.35,10.14,10.15,10.32,-0.17,-1.6473,168606.5,172176.677
600101.SH,20240906,7.13,7.16,6.95,6.96,7.12,-0.16,-2.2472,146660.4,103194.256
600490.SH,20240906,2.07,2.09,2.05,2.06,2.07,-0.01,-0.4831,182670.36,37800.227
003021.SZ,20240906,36.3,36.58,35.68,35.71,36.3,-0.59,-1.6253,20852.2,75046.541
601678.SH,20240906,3.33,3.35,3.26,3.26,3.33,-0.07,-2.1021,113784.3,37439.238
300249.SZ,20240906,6.73,6.73,6.54,6.6,6.74,-0.14,-2.0772,94429.0,62594.81
300106.SZ,20240906,6.86,7.0,6.65,6.67,6.94,-0.27,-3.8905,251399.02,170695.781
603700.SH,20240906,9.98,9.98,9.47,9.51,9.99,-0.48,-4.8048,60011.0,58009.398
688158.SH,20240906,9.73,9.78,9.37,9.4,9.72,-0.32,-3.2922,43678.45,41627.967
600125.SH,20240906,5.34,5.38,5.3,5.3,5.33,-0.03,-0.5629,112397.7,60066.129
301290.SZ,20240906,19.75,19.75,19.1,19.13,19.72,-0.59,-2.9919,5257.91,10162.184
688693.SH,20240906,24.99,24.99,23.7,23.71,24.76,-1.05,-4.2407,14748.24,35704.433
300973.SZ,20240906,24.64,24.66,24.05,24.08,24.63,-0.55,-2.233,21814.96,53015.343
600990.SH,20240906,15.37,15.81,15.05,15.06,15.47,-0.41,-2.6503,49727.89,76542.135
003018.SZ,20240906,7.6,7.66,7.5,7.53,7.6,-0.07,-0.9211,18263.0,13843.572
603638.SH,20240906,15.33,15.4,15.06,15.07,15.35,-0.28,-1.8241,16553.36,25098.834
600060.SH,20240906,15.48,15.7,15.27,15.47,15.47,0.0,0.0,77743.66,120366.848
301298.SZ,20240906,12.4,12.45,12.0,12.02,12.35,-0.33,-2.6721,14485.0,17613.783
002268.SZ,20240906,12.41,12.44,12.08,12.1,12.38,-0.28,-2.2617,52910.0,64565.033
601918.SH,20240906,7.79,7.79,7.6,7.62,7.74,-0.12,-1.5504,153186.8,117451.94
688702.SH,20240906,34.7,34.97,33.13,33.16,34.66,-1.5,-4.3278,11180.8,37652.965
600956.SH,20240906,6.75,6.9,6.75,6.75,6.79,-0.04,-0.5891,49180.05,33594.454
300012.SZ,20240906,10.6,10.68,10.37,10.39,10.56,-0.17,-1.6098,122123.55,128241.06
002808.SZ,20240906,2.35,2.35,2.13,2.13,2.24,-0.11,-4.9107,226883.03,50470.029
920953.BJ,20240906,11.91,12.04,11.7,11.7,11.93,-0.23,-1.9279,5786.61,6847.961
301529.SZ,20240906,31.49,31.69,30.93,31.15,31.38,-0.23,-0.733,10764.43,33688.126
300922.SZ,20240906,11.89,11.92,11.48,11.51,11.9,-0.39,-3.2773,29787.0,34744.131
600640.SH,20240906,9.63,9.7,9.45,9.48,9.66,-0.18,-1.8634,41621.0,39804.763
301299.SZ,20240906,38.25,38.48,37.01,37.06,38.0,-0.94,-2.4737,8763.0,33095.455
600016.SH,20240906,3.42,3.44,3.4,3.41,3.41,0.0,0.0,938244.95,321009.996
002938.SZ,20240906,34.5,34.76,33.5,33.55,34.19,-0.64,-1.8719,74368.92,253247.225
603173.SH,20240906,17.64,17.64,17.3,17.41,17.57,-0.16,-0.9106,14763.0,25738.022
605028.SH,20240906,12.4,12.45,12.18,12.18,12.4,-0.22,-1.7742,3446.0,4235.038
600734.SH,20240906,2.9,2.9,2.86,2.89,2.9,-0.01,-0.3448,76884.0,22168.887
002222.SZ,20240906,22.12,22.2,21.34,21.36,22.15,-0.79,-3.5666,103247.65,223911.735
300288.SZ,20240906,11.2,11.22,10.9,10.91,11.13,-0.22,-1.9766,32588.0,36017.82
605277.SH,20240906,12.25,12.25,11.89,11.89,12.19,-0.3,-2.461,37875.04,45437.598
600750.SH,20240906,21.3,21.4,21.15,21.17,21.21,-0.04,-0.1886,28020.55,59457.02
003037.SZ,20240906,5.17,5.43,5.17,5.23,5.18,0.05,0.9653,101309.72,53342.523
603033.SH,20240906,10.18,10.24,9.93,9.99,10.17,-0.18,-1.7699,24395.01,24550.749
301222.SZ,20240906,21.6,21.6,20.82,20.88,21.82,-0.94,-4.308,11530.0,24366.099
000563.SZ,20240906,2.79,2.84,2.78,2.79,2.77,0.02,0.722,450270.6,126484.705
300871.SZ,20240906,8.36,8.4,8.03,8.1,8.35,-0.25,-2.994,15570.0,12681.322
605128.SH,20240906,26.29,26.31,25.0,25.16,26.17,-1.01,-3.8594,18943.12,48499.739
600531.SH,20240906,5.56,5.63,5.5,5.5,5.57,-0.07,-1.2567,156424.0,87009.663
688191.SH,20240906,15.29,15.34,15.0,15.02,15.38,-0.36,-2.3407,4279.56,6495.179
301090.SZ,20240906,5.46,5.49,5.29,5.31,5.46,-0.15,-2.7473,50455.0,27004.916
688180.SH,20240906,25.5,25.5,24.46,24.49,25.25,-0.76,-3.0099,23867.23,59132.063
603999.SH,20240906,4.82,4.91,4.8,4.81,4.88,-0.07,-1.4344,39663.0,19231.885
600609.SH,20240906,3.83,3.88,3.77,3.78,3.85,-0.07,-1.8182,68897.88,26404.369
920304.BJ,20240906,6.37,6.37,6.21,6.23,6.28,-0.05,-0.7962,2263.88,1417.959
300340.SZ,20240906,8.69,9.15,8.36,8.39,9.42,-1.03,-10.9342,340399.24,298078.718
603058.SH,20240906,7.2,7.24,7.05,7.05,7.21,-0.16,-2.2191,27041.0,19237.829
000695.SZ,20240906,10.34,10.4,10.14,10.3,10.34,-0.04,-0.3868,7616.0,7813.374
920786.BJ,20240906,4.52,4.52,4.36,4.37,4.48,-0.11,-2.4554,14854.35,6569.02
600653.SH,20240906,1.26,1.27,1.25,1.26,1.26,0.0,0.0,80823.3,10164.721
603829.SH,20240906,13.11,13.3,13.0,13.02,13.19,-0.17,-1.2889,21423.0,28081.8
603000.SH,20240906,18.0,18.15,17.69,17.76,18.1,-0.34,-1.8785,115495.8,206534.924
301060.SZ,20240906,8.66,8.72,8.33,8.35,8.66,-0.31,-3.5797,83450.0,70647.73
300300.SZ,20240906,1.47,1.53,1.47,1.48,1.47,0.01,0.6803,305852.48,45602.03
300200.SZ,20240906,6.66,6.67,6.49,6.49,6.63,-0.14,-2.1116,30456.0,20050.296
920230.BJ,20240906,9.13,9.24,8.96,8.97,9.15,-0.18,-1.9672,5954.24,5391.606
301589.SZ,20240906,166.31,166.71,160.53,163.51,166.71,-3.2,-1.9195,8976.4,146335.861
600406.SH,20240906,25.31,25.45,25.1,25.11,25.21,-0.1,-0.3967,125743.25,317534.28
001317.SZ,20240906,23.74,23.74,22.83,22.89,23.56,-0.67,-2.8438,13512.0,31416.614
000755.SZ,20240906,4.2,4.29,4.17,4.18,4.21,-0.03,-0.7126,238158.57,100707.767
300986.SZ,20240906,7.6,7.65,7.22,7.23,7.36,-0.13,-1.7663,52805.69,39109.782
600178.SH,20240906,8.08,8.49,8.04,8.17,8.08,0.09,1.1139,316819.94,262190.908
301368.SZ,20240906,34.8,35.19,33.96,34.01,34.94,-0.93,-2.6617,24264.37,83626.306
002579.SZ,20240906,7.09,7.17,6.96,7.0,7.17,-0.17,-2.371,149175.2,105116.434
600617.SH,20240906,2.19,2.22,2.16,2.17,2.19,-0.02,-0.9132,87510.0,19149.197
603590.SH,20240906,22.35,22.41,21.89,21.95,22.34,-0.39,-1.7457,7420.99,16372.254
600390.SH,20240906,4.04,4.1,4.02,4.02,4.01,0.01,0.2494,295594.0,120074.055
300950.SZ,20240906,12.66,12.78,12.18,12.2,12.65,-0.45,-3.5573,21764.45,26876.368
300638.SZ,20240906,10.97,10.98,10.63,10.65,10.92,-0.27,-2.4725,126067.0,135344.036
920039.BJ,20240906,4.96,4.99,4.91,4.92,4.98,-0.06,-1.2048,2194.7,1085.414
603776.SH,20240906,9.84,10.18,9.7,9.72,9.84,-0.12,-1.2195,34084.75,33850.215
000004.SZ,20240906,11.86,12.68,11.63,11.67,11.95,-0.28,-2.3431,115818.73,138779.659
688121.SH,20240906,10.0,10.02,9.46,9.51,9.97,-0.46,-4.6138,18003.5,17368.524
002788.SZ,20240906,7.54,7.56,7.34,7.36,7.54,-0.18,-2.3873,36926.1,27343.239
002416.SZ,20240906,9.72,9.8,9.51,9.52,9.75,-0.23,-2.359,136772.2,131694.767
002250.SZ,20240906,4.87,4.91,4.67,4.69,4.88,-0.19,-3.8934,120658.0,57492.534
688235.SH,20240906,147.65,148.99,145.68,146.0,147.6,-1.6,-1.084,10326.37,151934.428
605168.SH,20240906,25.97,28.55,25.66,26.5,25.95,0.55,2.1195,97994.47,262420.728
001286.SZ,20240906,9.19,9.22,8.97,8.98,9.2,-0.22,-2.3913,115450.68,104893.512
605338.SH,20240906,13.5,13.67,13.35,13.35,13.57,-0.22,-1.6212,10771.46,14511.154
688396.SH,20240906,36.0,36.35,35.2,35.3,36.08,-0.78,-2.1619,18229.71,64839.149
920599.BJ,20240906,7.98,8.08,7.88,7.9,7.94,-0.04,-0.5038,6922.88,5520.153
002145.SZ,20240906,3.42,3.44,3.37,3.37,3.44,-0.07,-2.0349,249083.91,84585.347
300236.SZ,20240906,29.35,29.48,28.78,28.78,29.35,-0.57,-1.9421,11957.67,34687.873
300555.SZ,20240906,5.82,6.05,5.8,6.03,5.83,0.2,3.4305,9870.0,5833.881
002320.SZ,20240906,4.87,4.98,4.79,4.79,4.81,-0.02,-0.4158,112339.62,54535.599
000700.SZ,20240906,5.71,5.76,5.61,5.63,5.74,-0.11,-1.9164,83618.0,47483.962
603139.SH,20240906,11.96,11.96,11.66,11.66,11.89,-0.23,-1.9344,7633.0,8970.717
002542.SZ,20240906,1.43,1.5,1.42,1.44,1.42,0.02,1.4085,272153.0,39785.429
600622.SH,20240906,1.71,1.73,1.69,1.7,1.72,-0.02,-1.1628,110750.65,18921.364
000407.SZ,20240906,2.7,2.71,2.66,2.67,2.69,-0.02,-0.7435,53126.0,14275.623
605116.SH,20240906,22.3,22.91,22.19,22.65,22.34,0.31,1.3876,23406.0,53159.906
301256.SZ,20240906,6.0,6.04,5.8,5.84,6.02,-0.18,-2.99,19791.0,11726.615
300117.SZ,20240906,1.84,1.89,1.76,1.86,1.8,0.06,3.3333,269004.0,49189.491
600754.SH,20240906,24.02,24.18,23.57,23.6,24.0,-0.4,-1.6667,55369.85,131873.761
600528.SH,20240906,6.76,6.81,6.68,6.7,6.74,-0.04,-0.5935,84263.95,56847.735
601319.SH,20240906,6.15,6.25,6.1,6.12,6.16,-0.04,-0.6494,544731.3,336930.029
603811.SH,20240906,6.59,6.62,6.47,6.48,6.6,-0.12,-1.8182,30969.0,20248.629
002785.SZ,20240906,25.02,25.07,24.53,24.57,24.85,-0.28,-1.1268,22515.0,55874.456
002115.SZ,20240906,4.38,4.4,4.29,4.3,4.39,-0.09,-2.0501,184745.54,80060.148
920493.BJ,20240906,33.38,33.76,32.98,33.01,33.5,-0.49,-1.4627,1636.28,5437.752
301390.SZ,20240906,26.68,26.68,25.88,25.9,26.68,-0.78,-2.9235,3443.43,9039.805
001288.SZ,20240906,24.75,24.85,24.11,24.23,24.79,-0.56,-2.259,8302.0,20237.417
688399.SH,20240906,76.9,77.23,76.18,76.28,77.0,-0.72,-0.9351,2026.48,15527.044
300174.SZ,20240906,12.96,12.97,12.6,12.62,12.98,-0.36,-2.7735,17454.65,22285.708
603259.SH,20240906,39.66,39.72,38.78,38.8,39.66,-0.86,-2.1684,199393.77,779750.313
300112.SZ,20240906,7.09,7.1,6.75,6.86,7.1,-0.24,-3.3803,44849.57,31121.138
603790.SH,20240906,8.94,8.94,8.68,8.69,8.94,-0.25,-2.7964,10959.0,9628.686
603339.SH,20240906,9.62,9.7,9.48,9.49,9.61,-0.12,-1.2487,16749.0,16118.322
301297.SZ,20240906,19.0,19.12,18.37,18.39,19.01,-0.62,-3.2614,45015.0,84137.368
001368.SZ,20240906,18.17,18.28,17.75,17.79,18.15,-0.36,-1.9835,7747.51,13937.373
002398.SZ,20240906,3.43,3.44,3.37,3.37,3.43,-0.06,-1.7493,58307.14,19752.452
001318.SZ,20240906,9.97,10.05,9.89,9.99,10.05,-0.06,-0.597,35560.0,35532.77
301211.SZ,20240906,14.4,14.5,14.12,14.14,14.4,-0.26,-1.8056,12895.0,18350.133
688590.SH,20240906,10.34,10.36,9.9,9.9,10.33,-0.43,-4.1626,53145.06,53688.947
300385.SZ,20240906,3.49,3.5,3.41,3.42,3.49,-0.07,-2.0057,40744.2,14030.757
002346.SZ,20240906,7.21,7.24,7.09,7.11,7.22,-0.11,-1.5235,8782.98,6268.523
300620.SZ,20240906,32.68,32.87,31.51,31.51,32.56,-1.05,-3.2248,33159.0,105681.176
301009.SZ,20240906,7.56,7.56,7.32,7.34,7.57,-0.23,-3.0383,15014.0,11152.647
603721.SH,20240906,20.33,20.46,19.8,19.8,20.39,-0.59,-2.8936,39816.0,79646.535
301446.SZ,20240906,19.18,20.5,18.82,18.9,19.26,-0.36,-1.8692,30643.5,59725.761
600403.SH,20240906,2.39,2.39,2.33,2.35,2.39,-0.04,-1.6736,45112.0,10624.582
601096.SH,20240906,3.76,3.92,3.72,3.73,3.75,-0.02,-0.5333,437509.14,166748.508
301362.SZ,20240906,32.12,32.22,31.1,31.15,32.1,-0.95,-2.9595,3462.06,10913.119
688317.SH,20240906,14.86,14.86,14.46,14.69,14.8,-0.11,-0.7432,19841.38,29110.95
601133.SH,20240906,9.8,10.49,9.74,9.79,9.59,0.2,2.0855,68403.11,67777.791
688072.SH,20240906,124.94,124.94,118.38,118.8,124.55,-5.75,-4.6166,13492.06,162253.284
600600.SH,20240906,57.56,57.58,56.85,56.86,57.56,-0.7,-1.2161,30388.99,173289.451
002218.SZ,20240906,2.89,2.89,2.84,2.85,2.89,-0.04,-1.3841,108070.0,30877.719
301357.SZ,20240906,24.6,24.72,23.85,23.9,24.57,-0.67,-2.7269,10675.2,25792.079
300320.SZ,20240906,7.76,7.76,7.44,7.57,7.69,-0.12,-1.5605,53095.0,40200.107
600755.SH,20240906,5.81,5.83,5.7,5.71,5.81,-0.1,-1.7212,101776.75,58572.19
603869.SH,20240906,4.76,4.79,4.63,4.64,4.76,-0.12,-2.521,19890.2,9355.48
002811.SZ,20240906,6.58,6.69,6.55,6.55,6.65,-0.1,-1.5038,25468.0,16827.491
002653.SZ,20240906,32.61,32.97,32.05,32.13,32.6,-0.47,-1.4417,19502.0,63348.557
601860.SH,20240906,2.44,2.46,2.43,2.43,2.44,-0.01,-0.4098,288444.55,70483.134
605259.SH,20240906,12.64,12.71,12.35,12.38,12.68,-0.3,-2.3659,4403.8,5494.304
002221.SZ,20240906,8.27,8.37,8.25,8.3,8.32,-0.02,-0.2404,21473.0,17840.305
002847.SZ,20240906,40.99,40.99,39.96,39.97,41.11,-1.14,-2.773,13833.91,55898.414
920735.BJ,20240906,21.98,22.05,21.82,21.88,21.99,-0.11,-0.5002,332.16,728.07
002066.SZ,20240906,7.6,7.65,7.48,7.5,7.6,-0.1,-1.3158,20235.72,15283.36
301399.SZ,20240906,18.07,18.21,17.66,17.67,18.13,-0.46,-2.5372,9996.05,17837.017
002543.SZ,20240906,8.76,8.82,8.65,8.67,8.76,-0.09,-1.0274,17474.3,15248.337
003025.SZ,20240906,13.15,13.19,12.88,12.88,13.2,-0.32,-2.4242,33672.52,43774.297
002891.SZ,20240906,21.6,21.69,20.94,21.05,21.7,-0.65,-2.9954,40894.77,86824.068
000889.SZ,20240906,1.6,1.62,1.58,1.59,1.61,-0.02,-1.2422,69450.0,11068.517
301189.SZ,20240906,20.98,20.98,20.2,20.2,20.98,-0.78,-3.7178,11977.0,24471.127
688513.SH,20240906,35.9,36.43,34.85,35.55,36.12,-0.57,-1.5781,7420.77,26392.933
920680.BJ,20240906,10.5,10.74,10.44,10.46,10.59,-0.13,-1.2276,7107.6,7489.055
601238.SH,20240906,7.37,7.47,7.36,7.38,7.36,0.02,0.2717,95048.73,70477.978
603080.SH,20240906,13.96,13.99,13.31,13.32,13.97,-0.65,-4.6528,45595.0,62048.883
603023.SH,20240906,1.97,2.0,1.9,1.92,1.97,-0.05,-2.5381,83908.0,16337.397
300532.SZ,20240906,14.63,14.75,14.38,14.48,14.63,-0.15,-1.0253,72721.69,105731.991
603893.SH,20240906,51.24,51.56,50.04,50.07,51.26,-1.19,-2.3215,25185.0,127592.26
002530.SZ,20240906,6.24,6.33,6.2,6.21,6.28,-0.07,-1.1146,49731.32,31132.1
600007.SH,20240906,22.0,22.12,21.7,21.83,21.98,-0.15,-0.6824,11540.25,25275.416
603188.SH,20240906,2.42,2.45,2.39,2.39,2.43,-0.04,-1.6461,41412.0,9983.433
002674.SZ,20240906,7.99,8.03,7.86,7.86,7.98,-0.12,-1.5038,12822.0,10141.239
300541.SZ,20240906,8.95,8.96,8.55,8.57,9.0,-0.43,-4.7778,198187.77,172812.652
001319.SZ,20240906,18.1,18.4,17.1,17.4,18.4,-1.0,-5.4348,96631.07,170530.926
001229.SZ,20240906,23.91,23.99,22.86,22.86,23.97,-1.11,-4.6308,16811.0,39114.777
600343.SH,20240906,7.56,7.62,7.42,7.46,7.45,0.01,0.1342,89043.45,66816.071
600153.SH,20240906,7.38,7.57,7.32,7.52,7.36,0.16,2.1739,243281.0,182188.519
002482.SZ,20240906,1.51,1.52,1.5,1.5,1.52,-0.02,-1.3158,60443.1,9103.895
002056.SZ,20240906,12.15,12.2,11.92,11.94,12.18,-0.24,-1.9704,86205.0,103638.818
002029.SZ,20240906,5.05,5.07,4.99,4.99,5.03,-0.04,-0.7952,34819.01,17524.691
300533.SZ,20240906,13.8,13.86,13.42,13.46,13.81,-0.35,-2.5344,41077.04,55640.189
601966.SH,20240906,16.62,16.77,16.35,16.4,16.65,-0.25,-1.5015,76126.58,126051.939
002174.SZ,20240906,7.51,7.54,7.37,7.39,7.53,-0.14,-1.8592,95453.0,70955.272
000897.SZ,20240906,2.02,2.03,1.99,2.0,2.03,-0.03,-1.4778,165209.69,33155.216
000529.SZ,20240906,5.21,5.22,5.08,5.1,5.21,-0.11,-2.1113,43964.6,22579.635
920570.BJ,20240906,19.18,19.36,19.06,19.1,19.22,-0.12,-0.6243,2887.19,5540.262
600967.SH,20240906,6.67,6.71,6.63,6.65,6.66,-0.01,-0.1502,86111.28,57435.565
600993.SH,20240906,24.05,24.08,23.69,23.74,24.06,-0.32,-1.33,29266.5,69737.059
002412.SZ,20240906,5.3,5.33,5.18,5.18,5.3,-0.12,-2.2642,42708.0,22370.041
301120.SZ,20240906,8.03,8.06,7.73,7.74,7.99,-0.25,-3.1289,27581.0,21638.266
002955.SZ,20240906,22.46,22.5,21.84,21.9,22.43,-0.53,-2.3629,17574.7,38725.292
300556.SZ,20240906,17.4,18.19,17.0,17.28,17.64,-0.36,-2.0408,179892.47,316538.676
002742.SZ,20240906,2.72,2.72,2.67,2.7,2.72,-0.02,-0.7353,20099.0,5413.541
601398.SH,20240906,5.63,5.73,5.62,5.64,5.63,0.01,0.1776,2906968.12,1651910.319
000930.SZ,20240906,4.81,4.83,4.71,4.72,4.81,-0.09,-1.8711,97069.0,46326.429
688178.SH,20240906,8.88,8.89,8.62,8.63,8.84,-0.21,-2.3756,6339.67,5540.307
603877.SH,20240906,12.17,12.2,11.71,11.88,12.11,-0.23,-1.8993,14640.0,17443.106
688049.SH,20240906,22.05,22.21,21.6,21.79,22.12,-0.33,-1.4919,37219.05,81222.306
002157.SZ,20240906,2.6,2.61,2.58,2.58,2.6,-0.02,-0.7692,151538.23,39218.097
002226.SZ,20240906,3.96,3.96,3.89,3.9,3.94,-0.04,-1.0152,80881.51,31726.959
002388.SZ,20240906,5.78,6.2,5.41,6.01,5.64,0.37,6.5603,1777496.94,1053854.347
603337.SH,20240906,26.92,27.12,26.4,26.48,26.94,-0.46,-1.7075,23574.0,63073.751
688733.SH,20240906,14.34,14.52,14.06,14.06,14.47,-0.41,-2.8334,19925.01,28282.436
688036.SH,20240906,82.17,82.36,80.88,81.1,82.17,-1.07,-1.3022,39385.2,320511.196
600618.SH,20240906,7.65,7.67,7.53,7.55,7.66,-0.11,-1.436,31103.0,23593.433
688589.SH,20240906,19.9,19.99,19.05,19.08,19.99,-0.91,-4.5523,17721.87,34431.824
601083.SH,20240906,8.52,8.55,8.36,8.37,8.52,-0.15,-1.7606,24157.0,20392.637
002820.SZ,20240906,7.21,7.27,7.05,7.07,7.21,-0.14,-1.9417,31842.0,22662.265
603595.SH,20240906,15.88,15.89,15.08,15.15,15.87,-0.72,-4.5369,23548.0,36206.311
920190.BJ,20240906,12.49,12.49,11.9,11.94,12.4,-0.46,-3.7097,24908.19,30162.098
300773.SZ,20240906,12.0,12.26,11.75,11.8,11.96,-0.16,-1.3378,192309.81,230107.309
600657.SH,20240906,2.96,2.99,2.93,2.93,2.99,-0.06,-2.0067,145334.0,42965.785
688419.SH,20240906,23.32,23.4,22.26,22.4,22.98,-0.58,-2.5239,8425.38,18961.601
002262.SZ,20240906,26.18,26.27,25.49,25.49,26.12,-0.63,-2.4119,27062.07,69873.774
002149.SZ,20240906,12.77,12.84,12.51,12.52,12.84,-0.32,-2.4922,30173.73,38123.872
603816.SH,20240906,24.64,24.64,23.5,23.61,24.64,-1.03,-4.1802,51501.04,123197.535
600173.SH,20240906,3.62,3.66,3.59,3.61,3.63,-0.02,-0.551,31145.0,11281.198
002982.SZ,20240906,15.95,16.09,15.53,15.55,15.99,-0.44,-2.7517,15644.8,24575.457
920701.BJ,20240906,13.75,13.75,13.13,13.4,13.73,-0.33,-2.4035,18283.5,24447.963
001300.SZ,20240906,10.2,10.3,9.98,10.04,10.34,-0.3,-2.9014,59617.0,60300.806
002020.SZ,20240906,11.44,11.47,11.14,11.16,11.44,-0.28,-2.4476,92428.6,104261.516
301586.SZ,20240906,43.36,45.3,43.01,43.01,43.21,-0.2,-0.4629,62373.08,274313.212
002095.SZ,20240906,12.91,13.6,12.61,12.72,12.39,0.33,2.6634,209658.16,275902.885
002682.SZ,20240906,3.49,3.54,3.43,3.43,3.49,-0.06,-1.7192,151278.5,52643.558
603989.SH,20240906,12.49,12.49,12.06,12.07,12.51,-0.44,-3.5172,27151.0,33177.265
688601.SH,20240906,32.7,32.76,31.13,31.16,32.62,-1.46,-4.4758,21524.18,68206.744
000739.SZ,20240906,15.55,15.63,15.13,15.17,15.55,-0.38,-2.4437,39195.98,60131.206
002534.SZ,20240906,9.79,9.79,9.47,9.47,9.79,-0.32,-3.2686,35898.2,34354.783
002008.SZ,20240906,19.08,19.08,18.71,18.71,19.09,-0.38,-1.9906,75618.0,142475.264
300050.SZ,20240906,4.33,4.65,4.28,4.47,4.39,0.08,1.8223,1012906.01,456119.887
600136.SH,20240906,1.4,1.43,1.35,1.37,1.4,-0.03,-2.1429,57142.0,7905.784
300842.SZ,20240906,35.7,35.9,34.05,34.15,35.89,-1.74,-4.8481,57090.0,198510.534
603937.SH,20240906,8.02,8.04,7.62,7.7,7.93,-0.23,-2.9004,30318.76,23729.741
688819.SH,20240906,26.72,26.94,26.34,26.56,26.76,-0.2,-0.7474,25393.66,67669.892
002498.SZ,20240906,2.93,2.94,2.83,2.83,2.93,-0.1,-3.413,212903.19,61067.905
688563.SH,20240906,47.38,47.6,46.9,47.02,47.64,-0.62,-1.3014,3312.8,15621.213
300373.SZ,20240906,36.06,36.07,34.96,34.96,36.09,-1.13,-3.1311,46080.0,163093.413
002355.SZ,20240906,4.71,4.79,4.62,4.62,4.66,-0.04,-0.8584,301179.98,141708.272
301095.SZ,20240906,38.2,38.35,36.88,36.91,38.16,-1.25,-3.2757,18950.04,71002.002
002939.SZ,20240906,6.77,6.8,6.64,6.67,6.64,0.03,0.4518,231035.41,155150.832
301051.SZ,20240906,25.0,25.75,24.56,25.14,25.24,-0.1,-0.3962,17080.88,43120.406
002117.SZ,20240906,6.43,6.45,6.28,6.29,6.43,-0.14,-2.1773,25178.72,16008.77
002489.SZ,20240906,2.76,2.79,2.66,2.68,2.76,-0.08,-2.8986,317229.0,85791.364
600352.SH,20240906,9.21,9.26,9.15,9.16,9.21,-0.05,-0.5429,101138.23,93100.201
600983.SH,20240906,6.91,6.95,6.83,6.87,6.91,-0.04,-0.5789,7185.01,4938.883
600018.SH,20240906,6.17,6.27,6.13,6.14,6.16,-0.02,-0.3247,169925.01,105477.439
601100.SH,20240906,51.31,52.15,50.52,51.08,51.31,-0.23,-0.4483,32079.43,164622.499
301252.SZ,20240906,24.08,24.08,23.1,23.1,24.08,-0.98,-4.0698,11389.9,26714.501
300496.SZ,20240906,34.74,34.84,33.81,33.83,34.59,-0.76,-2.1972,51629.78,176283.999
002474.SZ,20240906,4.4,4.44,4.29,4.31,4.43,-0.12,-2.7088,91916.0,40064.27
000514.SZ,20240906,3.17,3.18,3.1,3.11,3.17,-0.06,-1.8927,99261.0,31083.211
300535.SZ,20240906,11.58,11.64,11.26,11.32,11.54,-0.22,-1.9064,9666.0,11045.69
688130.SH,20240906,17.5,17.53,17.15,17.27,17.5,-0.23,-1.3143,4768.13,8261.335
600787.SH,20240906,4.42,4.48,4.4,4.41,4.44,-0.03,-0.6757,70135.0,31129.556
301508.SZ,20240906,30.05,30.51,29.29,29.33,30.15,-0.82,-2.7197,25319.01,75888.376
688270.SH,20240906,22.2,22.31,21.0,21.12,22.12,-1.0,-4.5208,32091.43,68464.273
002671.SZ,20240906,3.57,3.6,3.52,3.53,3.57,-0.04,-1.1204,47197.0,16767.252
300298.SZ,20240906,24.8,25.1,24.14,24.6,24.77,-0.17,-0.6863,17793.08,43734.104
002586.SZ,20240906,1.81,1.83,1.71,1.72,1.75,-0.03,-1.7143,158041.84,27917.898
600682.SH,20240906,5.09,5.12,4.98,5.0,5.1,-0.1,-1.9608,84097.0,42314.218
600098.SH,20240906,5.76,5.82,5.67,5.69,5.75,-0.06,-1.0435,106185.0,60972.761
001389.SZ,20240906,37.55,38.22,36.51,36.8,37.69,-0.89,-2.3614,46500.16,172352.032
603500.SH,20240906,5.87,5.94,5.69,5.72,5.87,-0.15,-2.5554,20397.4,11770.873
603066.SH,20240906,9.22,9.28,9.08,9.1,9.28,-0.18,-1.9397,40593.0,37256.195
300332.SZ,20240906,4.69,4.7,4.54,4.55,4.64,-0.09,-1.9397,52488.0,24114.782
301577.SZ,20240906,48.51,48.51,46.8,46.86,48.59,-1.73,-3.5604,6568.0,31134.472
002378.SZ,20240906,5.67,5.69,5.54,5.54,5.66,-0.12,-2.1201,73625.47,41173.877
002565.SZ,20240906,2.52,2.55,2.46,2.47,2.54,-0.07,-2.7559,350127.0,87703.293
300483.SZ,20240906,6.98,7.03,6.79,6.8,6.95,-0.15,-2.1583,23059.0,15913.654
300195.SZ,20240906,4.37,4.37,4.19,4.21,4.36,-0.15,-3.4404,122184.07,52086.772
600177.SH,20240906,7.15,7.16,7.03,7.05,7.17,-0.12,-1.6736,107612.05,76468.565
000002.SZ,20240906,6.52,6.57,6.45,6.47,6.59,-0.12,-1.8209,870393.61,565444.151
688586.SH,20240906,7.93,7.96,7.73,7.75,7.92,-0.17,-2.1465,36731.79,28667.727
301320.SZ,20240906,13.5,13.57,13.02,13.06,13.58,-0.52,-3.8292,31369.32,41525.334
002736.SZ,20240906,8.8,8.83,8.47,8.49,8.59,-0.1,-1.1641,499918.72,428729.267
300747.SZ,20240906,14.31,14.43,14.02,14.02,14.36,-0.34,-2.3677,35126.8,49670.896
920152.BJ,20240906,7.96,8.14,7.95,7.95,8.0,-0.05,-0.625,3771.83,3029.125
603319.SH,20240906,15.66,15.82,15.28,15.3,15.68,-0.38,-2.4235,34079.0,52800.848
000893.SZ,20240906,16.45,16.52,16.0,16.01,16.49,-0.48,-2.9109,58643.63,95097.704
600346.SH,20240906,12.96,13.05,12.64,12.7,12.96,-0.26,-2.0062,136256.17,174484.032
300660.SZ,20240906,23.8,23.91,23.1,23.12,23.67,-0.55,-2.3236,22323.2,52256.53
603360.SH,20240906,12.96,13.05,12.72,12.8,12.88,-0.08,-0.6211,33783.8,43584.043
301141.SZ,20240906,27.36,27.47,26.18,26.25,27.31,-1.06,-3.8814,23420.61,62461.057
301072.SZ,20240906,17.43,17.54,16.9,16.91,17.37,-0.46,-2.6482,6646.0,11409.137
000597.SZ,20240906,4.24,4.25,4.16,4.16,4.25,-0.09,-2.1176,179825.65,75524.013
603176.SH,20240906,3.95,4.03,3.95,3.99,3.99,0.0,0.0,50999.0,20363.351
001283.SZ,20240906,35.33,35.39,34.31,34.38,35.38,-1.0,-2.8265,8116.0,28218.927
603301.SH,20240906,20.91,21.17,20.5,20.61,20.96,-0.35,-1.6698,9188.0,19074.118
000816.SZ,20240906,1.81,1.83,1.76,1.77,1.81,-0.04,-2.2099,126164.0,22571.419
600959.SH,20240906,2.78,2.79,2.74,2.75,2.78,-0.03,-1.0791,178008.56,49199.913
002135.SZ,20240906,3.68,3.68,3.6,3.61,3.68,-0.07,-1.9022,54730.03,19912.99
300079.SZ,20240906,4.25,4.27,4.14,4.15,4.27,-0.12,-2.8103,322660.0,135633.708
300103.SZ,20240906,4.88,4.95,4.81,4.89,4.9,-0.01,-0.2041,74707.17,36421.4
301022.SZ,20240906,18.17,18.33,17.42,17.47,18.11,-0.64,-3.534,9738.0,17251.428
300307.SZ,20240906,5.44,5.45,5.28,5.29,5.45,-0.16,-2.9358,93459.2,50012.965
605183.SH,20240906,16.23,16.56,16.05,16.05,16.22,-0.17,-1.0481,24195.98,39284.598
001336.SZ,20240906,15.81,15.88,15.21,15.33,15.8,-0.47,-2.9747,7463.0,11582.073
002452.SZ,20240906,7.18,7.22,7.03,7.08,7.18,-0.1,-1.3928,47633.0,33909.588
300791.SZ,20240906,24.7,24.82,24.01,24.12,24.75,-0.63,-2.5455,11199.13,27192.529
001306.SZ,20240906,45.61,45.61,44.0,44.11,45.55,-1.44,-3.1614,5967.18,26590.592
300451.SZ,20240906,3.33,3.36,3.22,3.24,3.31,-0.07,-2.1148,375503.08,123284.139
920207.BJ,20240906,6.7,6.78,6.53,6.56,6.69,-0.13,-1.9432,10929.85,7244.245
002343.SZ,20240906,5.13,5.15,5.0,5.01,5.13,-0.12,-2.3392,123192.8,62495.782
002080.SZ,20240906,9.85,9.87,9.68,9.69,9.85,-0.16,-1.6244,69882.31,67976.441
002929.SZ,20240906,25.04,25.15,24.43,24.48,25.08,-0.6,-2.3923,33745.28,83166.564
002244.SZ,20240906,8.21,8.3,8.02,8.11,8.29,-0.18,-2.1713,259016.75,210060.719
688016.SH,20240906,82.25,82.25,80.5,80.55,82.18,-1.63,-1.9835,11189.0,90827.303
000030.SZ,20240906,4.53,4.53,4.42,4.43,4.5,-0.07,-1.5556,60853.4,27208.808
002096.SZ,20240906,11.92,12.31,11.78,11.93,11.9,0.03,0.2521,60073.58,72163.001
300421.SZ,20240906,8.88,8.95,8.49,8.51,8.91,-0.4,-4.4893,137271.4,119078.47
601021.SH,20240906,50.35,50.65,49.68,49.71,50.53,-0.82,-1.6228,19995.2,100172.579
001301.SZ,20240906,41.64,41.86,40.15,40.35,41.64,-1.29,-3.098,16307.0,66478.358
002616.SZ,20240906,3.9,3.9,3.81,3.81,3.9,-0.09,-2.3077,33148.0,12752.071
301080.SZ,20240906,33.85,34.03,32.51,32.54,33.78,-1.24,-3.6708,10260.0,33837.206
920212.BJ,20240906,8.85,8.85,8.01,8.38,8.75,-0.37,-4.2286,60704.41,50277.7
300271.SZ,20240906,4.6,4.63,4.51,4.51,4.61,-0.1,-2.1692,75988.63,34589.001
920110.BJ,20240906,15.31,15.31,14.79,15.0,15.2,-0.2,-1.3158,936.3,1399.16
920266.BJ,20240906,7.72,7.72,7.55,7.58,7.64,-0.06,-0.7853,1158.85,884.21
920396.BJ,20240906,9.18,9.25,9.17,9.2,9.27,-0.07,-0.7551,1068.76,983.539
002701.SZ,20240906,4.35,4.38,4.32,4.33,4.37,-0.04,-0.9153,116225.0,50510.787
000538.SZ,20240906,53.86,53.97,52.95,53.2,53.87,-0.67,-1.2437,76743.48,408395.08
301281.SZ,20240906,20.32,20.62,19.86,19.86,20.52,-0.66,-3.2164,7597.84,15263.854
300350.SZ,20240906,4.55,4.65,4.5,4.5,4.56,-0.06,-1.3158,133801.0,61074.351
603927.SH,20240906,15.88,15.97,15.52,15.55,15.89,-0.34,-2.1397,47700.12,74905.051
301028.SZ,20240906,8.85,8.89,8.7,8.7,8.87,-0.17,-1.9166,31634.0,27771.773
688172.SH,20240906,12.85,12.85,12.3,12.31,12.77,-0.46,-3.6022,13652.61,17069.521
600272.SH,20240906,9.96,10.03,9.71,9.75,10.03,-0.28,-2.7916,180429.03,177079.849
605599.SH,20240906,10.29,10.29,10.11,10.12,10.27,-0.15,-1.4606,22015.9,22398.918
601399.SH,20240906,2.53,2.53,2.47,2.47,2.52,-0.05,-1.9841,184003.62,45832.697
002370.SZ,20240906,2.92,2.93,2.79,2.81,2.95,-0.14,-4.7458,455203.69,129693.075
300643.SZ,20240906,10.42,10.43,10.04,10.04,10.3,-0.26,-2.5243,37804.0,38492.314
002990.SZ,20240906,18.35,18.58,17.93,17.96,18.43,-0.47,-2.5502,19729.0,35781.003
601882.SH,20240906,19.48,19.67,18.93,18.97,19.48,-0.51,-2.6181,17137.0,32861.784
603239.SH,20240906,12.08,12.17,11.76,11.76,12.1,-0.34,-2.8099,18826.0,22466.91
002746.SZ,20240906,5.54,5.56,5.42,5.44,5.53,-0.09,-1.6275,26020.49,14266.561
688690.SH,20240906,14.88,14.92,13.8,13.86,14.88,-1.02,-6.8548,45469.95,64541.986
920092.BJ,20240906,15.09,16.58,15.05,16.51,15.09,1.42,9.4102,20637.9,33164.447
603878.SH,20240906,5.03,5.05,4.9,4.92,5.04,-0.12,-2.381,50263.32,24949.391
002497.SZ,20240906,8.61,8.67,8.4,8.42,8.75,-0.33,-3.7714,168599.38,143219.412
002881.SZ,20240906,21.65,21.66,20.7,20.73,21.7,-0.97,-4.47,66205.59,139319.702
301036.SZ,20240906,30.4,32.2,30.36,30.85,30.69,0.16,0.5213,130294.0,406207.594
300007.SZ,20240906,12.93,12.96,12.61,12.61,12.93,-0.32,-2.4749,44616.0,56975.627
601006.SH,20240906,6.16,6.26,6.15,6.15,6.17,-0.02,-0.3241,645540.14,400508.808
603488.SH,20240906,8.05,8.1,7.89,7.93,8.05,-0.12,-1.4907,14214.0,11328.313
002163.SZ,20240906,5.73,5.77,5.6,5.62,5.7,-0.08,-1.4035,43549.0,24697.005
603982.SH,20240906,7.46,7.58,7.29,7.3,7.51,-0.21,-2.7963,30966.0,22946.194
688591.SH,20240906,16.47,16.54,15.93,15.97,16.45,-0.48,-2.9179,17561.67,28313.601
300247.SZ,20240906,2.46,2.46,2.38,2.39,2.46,-0.07,-2.8455,102165.0,24643.532
688147.SH,20240906,20.9,21.12,19.54,19.58,20.96,-1.38,-6.584,29730.56,59577.472
920662.BJ,20240906,8.45,8.55,8.32,8.36,8.54,-0.18,-2.1077,2009.59,1688.483
000886.SZ,20240906,4.24,4.26,4.2,4.23,4.21,0.02,0.4751,67367.5,28492.197
002708.SZ,20240906,7.34,7.63,7.34,7.44,7.39,0.05,0.6766,251534.0,188114.283
002201.SZ,20240906,4.18,4.19,4.03,4.04,4.19,-0.15,-3.58,72622.88,29615.717
601101.SH,20240906,8.28,8.3,8.11,8.13,8.24,-0.11,-1.335,98798.8,80711.132
001230.SZ,20240906,14.37,14.44,14.05,14.29,14.37,-0.08,-0.5567,4427.6,6305.452
603777.SH,20240906,8.57,8.58,8.41,8.43,8.52,-0.09,-1.0563,10452.2,8844.93
603181.SH,20240906,9.04,9.07,8.84,8.85,9.04,-0.19,-2.1018,26252.45,23475.199
920263.BJ,20240906,3.84,3.84,3.81,3.83,3.84,-0.01,-0.2604,993.63,380.109
300263.SZ,20240906,5.58,5.62,5.48,5.48,5.59,-0.11,-1.9678,64214.0,35483.875
300006.SZ,20240906,2.56,2.6,2.51,2.51,2.56,-0.05,-1.9531,73449.04,18713.167
002578.SZ,20240906,2.43,2.45,2.4,2.4,2.44,-0.04,-1.6393,71825.0,17358.96
603282.SH,20240906,12.75,12.79,12.4,12.41,12.75,-0.34,-2.6667,8466.0,10614.053
603275.SH,20240906,27.1,27.1,26.28,26.3,27.09,-0.79,-2.9162,5812.0,15450.499
920139.BJ,20240906,7.17,7.17,6.87,6.87,7.1,-0.23,-3.2394,7138.85,4987.191
300517.SZ,20240906,8.6,8.6,8.23,8.3,8.55,-0.25,-2.924,25891.0,21683.897
301236.SZ,20240906,33.35,33.35,32.5,32.68,33.26,-0.58,-1.7438,181879.0,597386.858
300650.SZ,20240906,9.5,9.51,9.08,9.09,9.52,-0.43,-4.5168,73818.97,68067.423
920000.BJ,20240906,6.35,6.36,6.21,6.22,6.39,-0.17,-2.6604,3823.19,2396.717
920014.BJ,20240906,7.5,7.61,7.41,7.5,7.48,0.02,0.2674,647.95,486.614
300613.SZ,20240906,32.97,33.12,32.01,32.08,32.98,-0.9,-2.7289,30250.23,98184.494
300464.SZ,20240906,4.1,4.98,4.04,4.47,4.19,0.28,6.6826,779262.91,353015.935
301566.SZ,20240906,15.32,15.39,14.81,14.83,15.28,-0.45,-2.945,22000.74,33090.616
002536.SZ,20240906,8.8,8.82,8.67,8.69,8.81,-0.12,-1.3621,56817.04,49615.818
002188.SZ,20240906,4.0,4.06,3.94,3.94,4.05,-0.11,-2.716,45670.36,18205.78
600156.SH,20240906,3.6,3.61,3.38,3.45,3.75,-0.3,-8.0,384167.65,132515.906
603520.SH,20240906,8.43,8.49,8.22,8.22,8.43,-0.21,-2.4911,22637.2,18758.606
603105.SH,20240906,7.49,7.52,7.27,7.27,7.49,-0.22,-2.9372,49753.0,36541.207
002467.SZ,20240906,3.31,3.32,3.24,3.25,3.32,-0.07,-2.1084,138126.14,45247.116
300097.SZ,20240906,6.32,6.35,6.1,6.13,6.36,-0.23,-3.6164,182246.09,112533.63
000998.SZ,20240906,9.59,9.62,9.45,9.46,9.62,-0.16,-1.6632,74513.0,70976.571
603353.SH,20240906,11.47,11.55,11.3,11.34,11.49,-0.15,-1.3055,13077.0,14928.081
300557.SZ,20240906,22.14,22.25,21.52,21.53,22.22,-0.69,-3.1053,11587.0,25287.022
000797.SZ,20240906,2.57,2.58,2.51,2.52,2.58,-0.06,-2.3256,225732.0,57560.248
603310.SH,20240906,16.22,16.62,16.22,16.31,16.3,0.01,0.0613,72565.54,119021.426
688350.SH,20240906,10.2,10.25,9.82,9.88,10.12,-0.24,-2.3715,3966.51,3954.004
603005.SH,20240906,17.97,18.08,17.55,17.59,18.0,-0.41,-2.2778,140731.2,250177.411
920239.BJ,20240906,16.49,16.79,16.15,16.29,16.58,-0.29,-1.7491,8859.19,14573.247
300632.SZ,20240906,9.9,9.98,9.38,9.45,9.9,-0.45,-4.5455,87637.2,83815.687
600539.SH,20240906,3.82,3.86,3.77,3.78,3.83,-0.05,-1.3055,28195.0,10731.742
603299.SH,20240906,9.78,9.9,9.78,9.83,9.83,0.0,0.0,50746.0,49982.443
603369.SH,20240906,39.02,39.14,38.61,38.61,39.03,-0.42,-1.0761,28174.71,109703.706
601126.SH,20240906,16.59,16.76,16.37,16.65,16.64,0.01,0.0601,61351.08,101919.659
000035.SZ,20240906,4.39,4.42,4.24,4.27,4.4,-0.13,-2.9545,231708.0,99571.674
920779.BJ,20240906,17.78,18.0,17.2,17.35,17.83,-0.48,-2.6921,1277.95,2233.105
920924.BJ,20240906,8.1,8.27,7.96,8.0,8.02,-0.02,-0.2494,7667.92,6219.331
301333.SZ,20240906,40.88,41.08,38.7,38.8,40.88,-2.08,-5.0881,9613.0,37972.425
002679.SZ,20240906,6.65,6.69,6.45,6.48,6.66,-0.18,-2.7027,13506.0,8845.763
688058.SH,20240906,17.75,17.82,16.8,16.83,17.75,-0.92,-5.1831,7955.18,13655.128
603936.SH,20240906,7.1,7.14,6.92,6.94,7.08,-0.14,-1.9774,79962.87,55917.365
600079.SH,20240906,19.59,19.74,18.98,19.1,19.59,-0.49,-2.5013,163613.93,316475.111
688165.SH,20240906,7.4,7.43,7.25,7.28,7.4,-0.12,-1.6216,13896.67,10144.467
920033.BJ,20240906,15.78,16.07,15.5,15.5,15.66,-0.16,-1.0217,2143.95,3361.73
301321.SZ,20240906,12.28,12.36,11.88,12.03,12.28,-0.25,-2.0358,38100.4,45991.47
000402.SZ,20240906,2.14,2.18,2.13,2.14,2.16,-0.02,-0.9259,270418.12,58193.333
000547.SZ,20240906,6.21,6.23,6.11,6.11,6.21,-0.1,-1.6103,115509.01,71222.86
605166.SH,20240906,9.37,9.37,9.1,9.11,9.35,-0.24,-2.5668,24951.55,22921.055
603070.SH,20240906,10.7,10.72,10.35,10.37,10.7,-0.33,-3.0841,9110.0,9543.173
600888.SH,20240906,6.49,6.51,6.41,6.43,6.5,-0.07,-1.0769,71935.64,46436.734
688718.SH,20240906,8.26,8.26,7.88,7.92,8.15,-0.23,-2.8221,5903.42,4721.131
603297.SH,20240906,55.07,56.89,53.88,55.6,55.06,0.54,0.9807,17738.35,98370.763
600603.SH,20240906,4.72,4.85,4.7,4.79,4.77,0.02,0.4193,116886.46,55941.893
002054.SZ,20240906,4.7,4.7,4.58,4.59,4.7,-0.11,-2.3404,24692.0,11439.633
601199.SH,20240906,5.21,5.26,5.17,5.17,5.21,-0.04,-0.7678,33019.0,17208.828
301387.SZ,20240906,29.86,30.34,29.13,29.38,30.09,-0.71,-2.3596,21420.0,63295.297
300193.SZ,20240906,7.53,7.53,7.35,7.37,7.47,-0.1,-1.3387,35601.0,26430.399
300142.SZ,20240906,10.26,10.31,10.1,10.14,10.27,-0.13,-1.2658,93938.06,95405.613
000922.SZ,20240906,9.32,9.41,9.23,9.24,9.34,-0.1,-1.0707,38803.76,36089.67
600877.SH,20240906,10.12,10.18,9.91,9.95,10.11,-0.16,-1.5826,51515.0,51475.26
002229.SZ,20240906,8.97,9.09,8.78,8.79,9.04,-0.25,-2.7655,262050.19,233534.455
301168.SZ,20240906,25.64,25.79,24.66,24.72,25.63,-0.91,-3.5505,17799.81,44666.944
300566.SZ,20240906,15.24,15.27,14.34,14.39,15.26,-0.87,-5.7012,143722.63,210746.731
002292.SZ,20240906,5.67,5.7,5.53,5.55,5.65,-0.1,-1.7699,207345.0,115718.77
002799.SZ,20240906,6.28,6.34,6.16,6.16,6.27,-0.11,-1.7544,55190.0,34415.443
603993.SH,20240906,6.97,7.02,6.91,6.91,6.92,-0.01,-0.1445,573472.0,399046.751
300972.SZ,20240906,32.6,33.55,32.4,32.9,32.66,0.24,0.7348,13030.2,43064.65
301136.SZ,20240906,11.35,11.53,11.12,11.14,11.37,-0.23,-2.0229,83899.55,94805.171
000655.SZ,20240906,5.18,5.19,5.04,5.05,5.17,-0.12,-2.3211,31338.0,15951.001
688287.SH,20240906,4.08,4.08,3.87,3.88,4.06,-0.18,-4.4335,91909.23,36340.012
600779.SH,20240906,32.61,32.72,32.13,32.14,32.76,-0.62,-1.8926,13078.38,42329.299
300313.SZ,20240906,5.69,5.71,5.53,5.55,5.67,-0.12,-2.1164,33615.27,18791.192
300652.SZ,20240906,18.53,18.69,18.03,18.23,18.39,-0.16,-0.87,20507.93,37503.728
002426.SZ,20240906,1.79,1.81,1.71,1.72,1.8,-0.08,-4.4444,1380676.54,240820.019
920403.BJ,20240906,8.06,8.12,8.0,8.02,8.08,-0.06,-0.7426,3853.47,3110.944
002421.SZ,20240906,2.36,2.4,2.3,2.31,2.37,-0.06,-2.5316,348772.0,81440.181
688408.SH,20240906,64.2,64.7,61.59,62.06,63.67,-1.61,-2.5287,15070.41,93781.882
688679.SH,20240906,6.43,6.46,6.23,6.29,6.44,-0.15,-2.3292,8977.26,5656.941
300268.SZ,20240906,6.16,6.21,6.12,6.13,6.18,-0.05,-0.8091,6964.0,4291.729
601799.SH,20240906,124.4,128.5,124.21,126.3,124.33,1.97,1.5845,21794.0,276908.258
002456.SZ,20240906,8.14,8.98,8.03,8.85,8.16,0.69,8.4559,4299085.82,3754507.871
603086.SH,20240906,3.84,3.87,3.78,3.8,3.85,-0.05,-1.2987,26713.77,10215.573
688685.SH,20240906,25.5,26.61,25.11,26.26,25.17,1.09,4.3306,21640.5,56318.953
600594.SH,20240906,3.08,3.1,2.98,3.01,3.07,-0.06,-1.9544,51349.47,15573.968
600883.SH,20240906,5.47,5.48,5.3,5.3,5.46,-0.16,-2.9304,11605.0,6240.865
600740.SH,20240906,3.51,3.55,3.45,3.46,3.53,-0.07,-1.983,120660.54,42156.056
920476.BJ,20240906,6.09,6.12,6.05,6.07,6.11,-0.04,-0.6547,1555.35,946.659
688512.SH,20240906,6.98,7.06,6.74,6.78,6.91,-0.13,-1.8813,48006.39,32942.011
300137.SZ,20240906,3.88,3.89,3.79,3.79,3.9,-0.11,-2.8205,36370.8,13888.544
300840.SZ,20240906,9.13,9.19,8.55,8.58,9.15,-0.57,-6.2295,193209.0,169675.687
301099.SZ,20240906,31.34,31.48,30.3,30.33,31.37,-1.04,-3.3153,20077.9,61825.136
300741.SZ,20240906,16.32,16.89,15.21,15.3,16.36,-1.06,-6.4792,83022.19,133718.875
000506.SZ,20240906,1.55,1.55,1.47,1.55,1.48,0.07,4.7297,1610700.7,247343.59
688658.SH,20240906,19.19,19.3,18.56,18.69,19.14,-0.45,-2.3511,22310.94,41975.783
002208.SZ,20240906,4.78,5.19,4.77,5.03,4.75,0.28,5.8947,345089.39,173040.445
601005.SH,20240906,1.03,1.04,1.02,1.03,1.03,0.0,0.0,326451.0,33637.923
600075.SH,20240906,3.86,3.88,3.81,3.82,3.85,-0.03,-0.7792,49953.0,19177.837
002839.SZ,20240906,3.75,3.78,3.72,3.72,3.74,-0.02,-0.5348,142978.35,53660.657
300081.SZ,20240906,4.6,4.68,4.53,4.54,4.63,-0.09,-1.9438,163279.0,75010.256
002334.SZ,20240906,5.68,5.69,5.57,5.57,5.69,-0.12,-2.109,61140.0,34440.093
300084.SZ,20240906,5.02,5.02,4.88,4.95,5.1,-0.15,-2.9412,75755.65,37344.717
002028.SZ,20240906,66.94,68.2,66.53,66.85,67.08,-0.23,-0.3429,35017.82,235983.88
600425.SH,20240906,3.1,3.14,3.07,3.08,3.11,-0.03,-0.9646,58789.91,18216.035
300022.SZ,20240906,3.69,3.7,3.62,3.65,3.67,-0.02,-0.545,72637.0,26494.52
688285.SH,20240906,6.34,6.38,6.16,6.19,6.34,-0.15,-2.3659,7203.69,4521.766
000507.SZ,20240906,4.44,4.49,4.43,4.44,4.44,0.0,0.0,29372.05,13101.908
600690.SH,20240906,25.19,25.68,25.01,25.05,25.25,-0.2,-0.7921,204218.11,516328.325
603042.SH,20240906,9.93,10.1,9.65,9.68,9.87,-0.19,-1.925,55130.0,54020.311
002327.SZ,20240906,7.48,7.49,7.29,7.31,7.51,-0.2,-2.6631,45245.0,33320.994
600784.SH,20240906,4.7,4.73,4.63,4.67,4.72,-0.05,-1.0593,27929.0,13085.653
000531.SZ,20240906,4.48,4.49,4.4,4.41,4.48,-0.07,-1.5625,30832.6,13725.865
603967.SH,20240906,8.45,8.47,8.25,8.25,8.45,-0.2,-2.3669,15198.0,12684.843
000955.SZ,20240906,3.14,3.15,2.95,2.95,2.99,-0.04,-1.3378,131640.4,39925.521
300389.SZ,20240906,9.8,9.83,9.37,9.41,9.83,-0.42,-4.2726,54032.0,51572.815
688268.SH,20240906,43.89,44.3,42.52,42.63,43.8,-1.17,-2.6712,7652.75,32952.71
002065.SZ,20240906,4.57,4.6,4.51,4.51,4.57,-0.06,-1.3129,146729.0,66720.847
300398.SZ,20240906,11.14,11.19,10.85,10.91,11.13,-0.22,-1.9766,74311.12,81678.113
300077.SZ,20240906,9.4,10.73,9.27,10.04,9.39,0.65,6.9223,470608.27,469797.904
002217.SZ,20240906,1.5,1.53,1.43,1.46,1.46,0.0,0.0,1811421.75,270766.116
601177.SH,20240906,7.12,7.14,6.97,6.99,7.13,-0.14,-1.9635,24703.0,17423.234
300010.SZ,20240906,2.68,2.74,2.62,2.68,2.7,-0.02,-0.7407,331196.99,88488.168
688539.SH,20240906,20.83,20.84,19.81,19.83,20.82,-0.99,-4.755,8376.16,16867.257
300469.SZ,20240906,14.5,15.86,13.75,13.83,14.3,-0.47,-3.2867,526680.9,764463.966
002254.SZ,20240906,8.13,8.15,7.99,8.0,8.14,-0.14,-1.7199,45379.0,36585.996
603660.SH,20240906,5.01,5.13,4.85,4.85,5.02,-0.17,-3.3865,137359.0,68073.43
300750.SZ,20240906,186.12,188.5,185.4,185.95,186.8,-0.85,-0.455,75254.86,1404159.125
300223.SZ,20240906,46.17,46.29,45.14,45.26,46.17,-0.91,-1.971,30662.59,139549.076
301439.SZ,20240906,11.13,11.25,10.97,10.99,11.22,-0.23,-2.0499,10713.86,11867.459
688189.SH,20240906,5.9,5.93,5.68,5.7,5.83,-0.13,-2.2298,28503.44,16480.678
002851.SZ,20240906,23.88,24.0,23.52,23.56,23.9,-0.34,-1.4226,51433.57,121771.903
002067.SZ,20240906,2.73,2.74,2.68,2.68,2.72,-0.04,-1.4706,91971.0,24865.482
002659.SZ,20240906,4.07,4.09,3.88,4.0,4.01,-0.01,-0.2494,224148.0,89562.75
000960.SZ,20240906,13.25,13.32,13.13,13.17,13.23,-0.06,-0.4535,103095.3,136105.278
002247.SZ,20240906,1.53,1.57,1.51,1.52,1.54,-0.02,-1.2987,170102.0,26177.263
300056.SZ,20240906,7.48,7.58,7.36,7.57,7.49,0.08,1.0681,48628.89,36520.263
920149.BJ,20240906,5.81,5.85,5.63,5.64,5.85,-0.21,-3.5897,30033.95,17140.785
300805.SZ,20240906,6.78,6.98,6.73,6.75,6.79,-0.04,-0.5891,107257.42,73393.234
301207.SZ,20240906,18.07,18.09,17.55,17.62,18.09,-0.47,-2.5981,25487.03,45198.38
301559.SZ,20240906,14.46,14.62,14.33,14.33,14.53,-0.2,-1.3765,8132.52,11736.481
000633.SZ,20240906,4.51,4.69,4.33,4.67,4.65,0.02,0.4301,312731.0,140428.14
300612.SZ,20240906,13.79,13.82,13.41,13.47,13.72,-0.25,-1.8222,32629.0,44146.005
601696.SH,20240906,8.9,9.0,8.78,8.81,8.78,0.03,0.3417,236418.08,210096.146
301135.SZ,20240906,18.8,18.9,18.22,18.22,18.73,-0.51,-2.7229,6844.0,12639.347
920575.BJ,20240906,16.2,16.47,15.92,16.06,16.25,-0.19,-1.1692,5003.4,8058.865
688503.SH,20240906,28.5,28.8,26.6,26.85,28.6,-1.75,-6.1189,26076.9,71555.106
301016.SZ,20240906,22.0,22.86,19.9,19.97,20.9,-0.93,-4.4498,169877.51,365731.362
000852.SZ,20240906,5.13,5.13,5.03,5.05,5.12,-0.07,-1.3672,21906.29,11110.613
300662.SZ,20240906,13.6,14.3,13.49,13.64,13.69,-0.05,-0.3652,91506.55,126994.186
300387.SZ,20240906,6.59,6.65,6.37,6.38,6.65,-0.27,-4.0602,122415.0,79139.51
002059.SZ,20240906,5.04,5.24,5.0,5.09,5.02,0.07,1.3944,218496.02,111916.863
001211.SZ,20240906,14.87,14.94,14.41,14.46,14.86,-0.4,-2.6918,6763.0,9864.596
688625.SH,20240906,35.22,35.26,33.87,34.01,35.0,-0.99,-2.8286,1040.48,3566.707
000651.SZ,20240906,40.33,40.53,39.94,39.96,40.34,-0.38,-0.942,167399.43,673025.196
000997.SZ,20240906,12.76,12.9,12.38,12.39,12.78,-0.39,-3.0516,161405.0,203175.697
300558.SZ,20240906,37.24,38.42,37.1,37.34,37.34,0.0,0.0,98669.22,372573.001
688159.SH,20240906,25.78,26.0,24.62,24.66,25.99,-1.33,-5.1174,16238.41,40809.319
000539.SZ,20240906,4.32,4.32,4.25,4.26,4.3,-0.04,-0.9302,71927.49,30816.725
002347.SZ,20240906,3.62,3.63,3.51,3.52,3.61,-0.09,-2.4931,74007.0,26350.504
300501.SZ,20240906,11.79,11.9,11.54,11.56,11.78,-0.22,-1.8676,21932.05,25628.243
300425.SZ,20240906,3.9,3.92,3.86,3.87,3.91,-0.04,-1.023,37386.0,14551.839
688260.SH,20240906,13.17,13.21,12.43,12.92,13.21,-0.29,-2.1953,50573.26,65013.6
002690.SZ,20240906,12.78,12.78,12.58,12.61,12.73,-0.12,-0.9427,21054.4,26659.022
300931.SZ,20240906,5.11,5.15,4.98,4.98,5.14,-0.16,-3.1128,42884.12,21676.532
603095.SH,20240906,14.74,14.79,14.45,14.48,14.76,-0.28,-1.897,8657.4,12628.299
301499.SZ,20240906,20.97,21.1,20.24,20.24,20.97,-0.73,-3.4812,10021.13,20685.09
600529.SH,20240906,25.39,25.55,24.99,25.08,25.43,-0.35,-1.3763,47382.0,119225.281
002035.SZ,20240906,6.26,6.37,6.12,6.15,6.25,-0.1,-1.6,161702.67,101010.542
600992.SH,20240906,13.12,13.32,13.1,13.1,13.23,-0.13,-0.9826,32701.0,43157.254
603888.SH,20240906,19.71,19.83,19.41,19.43,19.78,-0.35,-1.7695,27803.06,54317.155
003001.SZ,20240906,22.56,23.8,22.1,22.6,22.78,-0.18,-0.7902,44263.99,100901.933
600206.SH,20240906,9.2,9.2,9.02,9.03,9.2,-0.17,-1.8478,51745.0,47062.805
300687.SZ,20240906,12.78,12.87,12.5,12.54,12.9,-0.36,-2.7907,121326.24,153413.765
605303.SH,20240906,6.19,6.21,5.98,6.0,6.15,-0.15,-2.439,21470.0,13067.577
300120.SZ,20240906,5.2,5.21,5.04,5.04,5.21,-0.17,-3.263,202486.69,103442.988
601231.SH,20240906,14.95,15.02,14.68,14.68,14.94,-0.26,-1.7403,65420.0,96464.661
688523.SH,20240906,16.51,16.55,15.81,15.88,16.39,-0.51,-3.1117,13495.74,21655.039
603800.SH,20240906,17.4,17.58,17.09,17.43,17.41,0.02,0.1149,8749.0,15148.376
605378.SH,20240906,15.01,15.22,14.85,14.92,15.15,-0.23,-1.5182,18123.2,27233.152
688065.SH,20240906,35.5,35.5,34.11,34.28,35.26,-0.98,-2.7794,8853.67,30550.267
600774.SH,20240906,6.53,6.55,6.34,6.35,6.51,-0.16,-2.4578,35925.0,23029.102
688181.SH,20240906,16.69,16.69,15.9,15.94,16.7,-0.76,-4.5509,17680.03,28616.768
002101.SZ,20240906,10.56,10.63,10.37,10.38,10.56,-0.18,-1.7045,47781.5,50059.439
300416.SZ,20240906,10.63,10.65,10.17,10.19,10.62,-0.43,-4.049,117115.19,121169.289
603825.SH,20240906,8.26,8.34,8.07,8.11,8.26,-0.15,-1.816,73811.0,60542.027
002636.SZ,20240906,6.94,6.97,6.66,6.68,6.84,-0.16,-2.3392,101976.1,68850.83
603341.SH,20240906,37.7,37.71,36.06,36.45,37.59,-1.14,-3.0327,44845.15,164138.11
688188.SH,20240906,160.94,169.14,159.91,165.65,160.65,5.0,3.1124,11023.56,183320.021
002630.SZ,20240906,2.5,2.55,2.47,2.49,2.48,0.01,0.4032,230732.02,57926.176
300720.SZ,20240906,12.95,13.02,12.46,12.5,12.95,-0.45,-3.4749,29274.4,37111.636
002506.SZ,20240906,1.86,1.87,1.82,1.83,1.86,-0.03,-1.6129,234501.0,43068.679
603559.SH,20240906,7.29,7.29,7.29,7.29,6.94,0.35,5.0432,27613.0,20129.877
600012.SH,20240906,16.0,16.25,15.76,16.03,16.04,-0.01,-0.0623,43453.0,69709.376
300886.SZ,20240906,17.25,17.35,16.78,16.8,17.22,-0.42,-2.439,8535.3,14541.981
000801.SZ,20240906,8.45,8.55,8.29,8.3,8.43,-0.13,-1.5421,179160.0,150944.214
600616.SH,20240906,4.45,4.46,4.41,4.42,4.46,-0.04,-0.8969,19419.0,8610.813
002409.SZ,20240906,53.0,53.24,50.56,50.73,53.14,-2.41,-4.5352,66829.83,343760.325
002172.SZ,20240906,2.37,2.38,2.3,2.32,2.37,-0.05,-2.1097,73282.16,17144.417
920914.BJ,20240906,7.71,7.72,7.64,7.67,7.73,-0.06,-0.7762,2554.67,1962.605
920208.BJ,20240906,18.4,18.48,18.05,18.11,18.53,-0.42,-2.2666,490.98,896.854
300334.SZ,20240906,5.01,5.05,4.86,4.88,5.02,-0.14,-2.7888,60411.0,29705.26
002261.SZ,20240906,12.2,12.35,11.77,11.79,12.41,-0.62,-4.996,977867.42,1165270.526
002639.SZ,20240906,5.47,5.48,5.19,5.19,5.47,-0.28,-5.1188,174626.44,92423.726
600363.SH,20240906,24.83,25.15,24.2,24.38,24.88,-0.5,-2.0096,27984.17,68644.017
600176.SH,20240906,9.43,9.46,9.19,9.19,9.43,-0.24,-2.5451,106308.16,98511.83
603336.SH,20240906,3.26,3.28,3.19,3.23,3.28,-0.05,-1.5244,141617.26,45805.839
002668.SZ,20240906,9.25,9.37,9.02,9.08,9.24,-0.16,-1.7316,171326.37,157184.572
300725.SZ,20240906,26.6,26.7,25.5,25.68,26.36,-0.68,-2.5797,25918.76,67470.199
002687.SZ,20240906,3.9,3.91,3.87,3.87,3.91,-0.04,-1.023,24512.28,9522.432
002123.SZ,20240906,6.2,6.2,6.0,6.0,6.21,-0.21,-3.3816,135916.0,82569.612
600739.SH,20240906,8.05,8.18,7.96,7.98,8.01,-0.03,-0.3745,150686.94,121455.311
002404.SZ,20240906,5.24,5.28,5.22,5.26,5.24,0.02,0.3817,41615.0,21866.62
688772.SH,20240906,14.78,14.81,14.38,14.39,14.78,-0.39,-2.6387,50180.5,73166.56
002376.SZ,20240906,5.52,5.61,5.45,5.47,5.55,-0.08,-1.4414,58006.12,32123.713
300663.SZ,20240906,10.19,10.72,10.12,10.36,10.45,-0.09,-0.8612,386606.23,401374.421
300304.SZ,20240906,5.84,5.88,5.74,5.76,5.84,-0.08,-1.3699,68431.8,39741.32
002266.SZ,20240906,2.83,2.83,2.77,2.78,2.82,-0.04,-1.4184,136816.0,38311.006
300601.SZ,20240906,14.14,14.17,13.56,13.61,14.1,-0.49,-3.4752,82847.75,114140.669
300410.SZ,20240906,5.1,5.11,4.78,4.79,5.17,-0.38,-7.3501,209779.81,103488.739
601089.SH,20240906,15.23,15.31,15.02,15.05,15.26,-0.21,-1.3761,15526.0,23543.874
002958.SZ,20240906,2.47,2.48,2.45,2.45,2.46,-0.01,-0.4065,318364.0,78503.936
300761.SZ,20240906,18.89,19.03,18.42,18.55,18.98,-0.43,-2.2655,25363.89,47265.811
300705.SZ,20240906,21.96,22.17,21.1,21.11,22.0,-0.89,-4.0455,37552.88,80258.304
600084.SH,20240906,4.71,4.77,4.67,4.69,4.76,-0.07,-1.4706,21725.0,10208.64
600085.SH,20240906,34.42,34.51,34.15,34.2,34.43,-0.23,-0.668,41097.18,140895.533
300505.SZ,20240906,11.44,11.6,11.21,11.22,11.44,-0.22,-1.9231,78011.32,89149.388
002185.SZ,20240906,7.8,7.85,7.62,7.62,7.8,-0.18,-2.3077,192199.14,148004.906
688529.SH,20240906,11.58,11.58,11.2,11.26,11.61,-0.35,-3.0146,11259.39,12764.257
603155.SH,20240906,12.26,12.27,11.6,11.63,12.34,-0.71,-5.7536,90963.56,107690.463
002774.SZ,20240906,5.63,5.63,5.48,5.49,5.63,-0.14,-2.4867,22291.25,12369.911
603599.SH,20240906,10.48,10.57,10.15,10.16,10.48,-0.32,-3.0534,52062.4,53408.466
002259.SZ,20240906,2.64,2.67,2.51,2.52,2.63,-0.11,-4.1825,41023.8,10589.639
600610.SH,20240906,3.58,3.6,3.48,3.49,3.58,-0.09,-2.514,71746.0,25236.393
300237.SZ,20240906,1.3,1.31,1.26,1.27,1.31,-0.04,-3.0534,187210.0,23967.306
000761.SZ,20240906,2.29,2.31,2.25,2.26,2.28,-0.02,-0.8772,67843.0,15465.588
301349.SZ,20240906,23.34,23.52,22.58,22.61,23.36,-0.75,-3.2106,12154.68,27857.02
300889.SZ,20240906,11.43,11.66,10.98,11.0,11.22,-0.22,-1.9608,41977.0,46867.964
002248.SZ,20240906,6.0,6.03,5.84,5.86,6.03,-0.17,-2.8192,76720.0,45358.273
603758.SH,20240906,6.72,6.78,6.63,6.63,6.76,-0.13,-1.9231,15231.0,10210.744
688013.SH,20240906,15.25,15.38,14.65,14.71,15.26,-0.55,-3.6042,4315.75,6435.314
601872.SH,20240906,6.88,6.96,6.63,6.67,6.91,-0.24,-3.4732,556032.69,375879.38
920892.BJ,20240906,7.31,7.38,7.23,7.26,7.3,-0.04,-0.5479,1152.13,838.246
603315.SH,20240906,9.17,9.17,8.85,8.85,9.13,-0.28,-3.0668,17504.0,15743.82
000625.SZ,20240906,11.93,12.36,11.91,12.05,11.98,0.07,0.5843,1465021.71,1779053.753
001213.SZ,20240906,3.75,3.87,3.75,3.76,3.77,-0.01,-0.2653,204415.5,78092.872
688357.SH,20240906,19.94,19.97,19.2,19.27,19.95,-0.68,-3.4085,6035.4,11700.753
688479.SH,20240906,14.68,14.68,14.12,14.16,14.63,-0.47,-3.2126,3202.13,4596.517
002010.SZ,20240906,3.68,3.69,3.61,3.61,3.69,-0.08,-2.168,92221.0,33621.027
002829.SZ,20240906,17.76,19.08,17.43,17.43,17.65,-0.22,-1.2465,244709.27,447218.351
000931.SZ,20240906,3.87,3.9,3.79,3.79,3.88,-0.09,-2.3196,42909.0,16441.828
600027.SH,20240906,5.44,5.48,5.38,5.39,5.44,-0.05,-0.9191,221386.1,120410.175
605177.SH,20240906,18.0,18.09,17.17,17.23,18.0,-0.77,-4.2778,16564.67,29019.019
301003.SZ,20240906,19.29,19.35,18.72,18.74,19.35,-0.61,-3.1525,5234.0,9914.11
300546.SZ,20240906,12.12,13.66,12.12,12.64,12.48,0.16,1.2821,279569.35,359481.773
688299.SH,20240906,12.63,12.64,12.2,12.26,12.57,-0.31,-2.4662,44072.88,54606.927
300098.SZ,20240906,4.02,4.26,3.96,3.98,3.88,0.1,2.5773,1733079.72,709154.164
301109.SZ,20240906,14.28,14.39,14.08,14.11,14.34,-0.23,-1.6039,9240.5,13144.46
300937.SZ,20240906,21.0,21.33,19.66,19.81,21.25,-1.44,-6.7765,42048.56,85375.91
002058.SZ,20240906,7.42,7.51,7.33,7.33,7.5,-0.17,-2.2667,16618.0,12278.455
002007.SZ,20240906,15.23,15.27,14.93,14.94,15.19,-0.25,-1.6458,39221.04,58978.503
300043.SZ,20240906,2.51,2.6,2.5,2.5,2.54,-0.04,-1.5748,541412.0,137351.453
002064.SZ,20240906,7.5,7.52,7.28,7.3,7.5,-0.2,-2.6667,125527.0,92397.923
603355.SH,20240906,20.77,20.81,20.38,20.38,20.77,-0.39,-1.8777,7413.9,15252.621
301046.SZ,20240906,18.24,18.31,17.6,17.6,18.24,-0.64,-3.5088,12743.0,22783.194
002763.SZ,20240906,6.06,6.1,6.0,6.01,6.08,-0.07,-1.1513,14894.0,9003.015
002448.SZ,20240906,5.48,5.52,5.38,5.39,5.5,-0.11,-2.0,49632.0,27056.359
688151.SH,20240906,13.29,13.57,12.75,12.83,13.33,-0.5,-3.7509,18520.44,24197.942
002733.SZ,20240906,11.12,11.15,10.74,10.76,11.0,-0.24,-2.1818,27882.59,30319.122
688535.SH,20240906,55.98,56.05,53.6,53.9,55.97,-2.07,-3.6984,8049.38,43921.861
300686.SZ,20240906,8.2,8.26,7.89,7.93,8.35,-0.42,-5.0299,306868.46,247068.461
300961.SZ,20240906,7.05,7.09,6.88,6.88,7.05,-0.17,-2.4113,24763.0,17189.993
600966.SH,20240906,4.01,4.01,3.94,3.95,4.0,-0.05,-1.25,57563.13,22815.667
600252.SH,20240906,1.95,1.97,1.94,1.94,1.96,-0.02,-1.0204,228755.83,44652.613
688631.SH,20240906,52.31,53.68,50.3,50.37,51.9,-1.53,-2.948,29770.73,155966.362
301048.SZ,20240906,7.69,7.7,7.4,7.41,7.6,-0.19,-2.5,20613.0,15505.05
300653.SZ,20240906,19.52,19.58,18.88,18.88,19.52,-0.64,-3.2787,10635.5,20409.539
301396.SZ,20240906,19.98,20.1,19.4,19.4,19.91,-0.51,-2.5615,16856.0,33268.757
002214.SZ,20240906,10.74,10.76,10.33,10.35,10.7,-0.35,-3.271,31142.79,32551.364
688798.SH,20240906,43.35,43.65,41.33,41.33,43.28,-1.95,-4.5055,20452.23,86036.056
300205.SZ,20240906,4.94,4.96,4.64,4.81,4.96,-0.15,-3.0242,116343.0,55773.804
688588.SH,20240906,6.86,7.02,6.72,6.76,6.84,-0.08,-1.1696,51763.96,35508.299
688237.SH,20240906,16.55,16.62,15.9,15.97,16.55,-0.58,-3.5045,3802.8,6162.105
002539.SZ,20240906,7.22,7.27,7.1,7.13,7.23,-0.1,-1.3831,78263.0,56204.135
920146.BJ,20240906,4.45,4.97,4.45,4.83,4.51,0.32,7.0953,200395.17,94676.943
000881.SZ,20240906,6.05,6.1,5.93,5.96,6.04,-0.08,-1.3245,44105.34,26480.65
300258.SZ,20240906,7.31,7.32,7.1,7.11,7.31,-0.2,-2.736,32763.0,23577.725
002981.SZ,20240906,19.71,19.76,18.92,18.95,19.62,-0.67,-3.4149,43558.0,83604.101
300803.SZ,20240906,36.46,37.0,34.58,34.62,35.36,-0.74,-2.0928,144943.24,518157.685
605398.SH,20240906,16.15,16.35,15.27,15.29,16.19,-0.9,-5.559,53946.37,85668.397
002050.SZ,20240906,17.9,18.17,17.62,17.68,17.94,-0.26,-1.4493,331239.66,591197.602
600936.SH,20240906,2.28,2.38,2.23,2.26,2.29,-0.03,-1.31,285880.0,65189.288
688081.SH,20240906,8.77,8.85,8.42,8.44,8.78,-0.34,-3.8724,5301.92,4534.934
600549.SH,20240906,16.85,16.93,16.57,16.61,16.88,-0.27,-1.5995,71872.49,120139.024
603810.SH,20240906,8.6,8.74,8.46,8.52,8.76,-0.24,-2.7397,72321.67,61889.671
688429.SH,20240906,15.45,15.5,15.2,15.29,15.56,-0.27,-1.7352,2745.15,4206.346
300702.SZ,20240906,15.07,15.19,14.63,14.71,14.86,-0.15,-1.0094,14711.71,21820.693
002154.SZ,20240906,3.57,3.58,3.41,3.43,3.58,-0.15,-4.1899,654052.52,226838.347
600885.SH,20240906,26.71,26.9,26.12,26.18,26.7,-0.52,-1.9476,33927.12,89533.346
002328.SZ,20240906,4.35,4.43,4.33,4.34,4.35,-0.01,-0.2299,51180.14,22383.845
300203.SZ,20240906,11.32,11.38,11.02,11.14,11.3,-0.16,-1.4159,40967.0,45744.686
688015.SH,20240906,15.36,15.5,14.86,14.88,15.4,-0.52,-3.3766,10890.33,16477.092
002153.SZ,20240906,5.67,5.8,5.58,5.62,5.69,-0.07,-1.2302,189043.7,106880.405
600497.SH,20240906,4.78,4.81,4.73,4.74,4.76,-0.02,-0.4202,325243.63,155242.696
000541.SZ,20240906,4.62,4.66,4.57,4.58,4.63,-0.05,-1.0799,75760.51,34945.159
920370.BJ,20240906,1.83,1.84,1.8,1.82,1.84,-0.02,-1.087,6612.21,1201.987
920837.BJ,20240906,5.03,5.05,4.92,4.93,5.02,-0.09,-1.7928,3929.55,1945.686
000009.SZ,20240906,7.82,7.86,7.7,7.72,7.83,-0.11,-1.4049,96950.4,75262.01
300169.SZ,20240906,5.87,6.6,5.57,5.68,5.51,0.17,3.0853,834117.35,493998.48
000031.SZ,20240906,2.4,2.42,2.36,2.37,2.39,-0.02,-0.8368,61415.0,14624.13
002992.SZ,20240906,48.5,49.57,46.08,46.64,47.67,-1.03,-2.1607,27096.0,129942.453
301089.SZ,20240906,28.83,29.39,27.96,27.96,29.08,-1.12,-3.8514,22504.0,63885.315
600724.SH,20240906,3.46,3.49,3.42,3.42,3.47,-0.05,-1.4409,29439.02,10161.37
600071.SH,20240906,16.81,16.81,16.32,16.73,16.78,-0.05,-0.298,29727.28,49271.209
300807.SZ,20240906,27.8,29.29,27.01,27.15,27.65,-0.5,-1.8083,96289.11,272622.362
603035.SH,20240906,12.99,13.08,12.83,12.85,13.04,-0.19,-1.4571,34274.0,44293.508
688617.SH,20240906,365.0,376.95,365.0,370.42,367.01,3.41,0.9291,7202.44,267006.549
600895.SH,20240906,16.9,17.09,16.73,16.74,16.94,-0.2,-1.1806,120297.02,203069.38
300823.SZ,20240906,11.0,11.1,10.79,10.8,11.04,-0.24,-2.1739,17517.0,19110.606
002479.SZ,20240906,3.81,3.86,3.76,3.78,3.81,-0.03,-0.7874,78322.26,29859.587
600123.SH,20240906,8.06,8.14,7.99,8.0,8.14,-0.14,-1.7199,81056.5,65252.753
300274.SZ,20240906,76.75,76.89,75.5,75.65,76.94,-1.29,-1.6766,106889.68,811872.881
600061.SH,20240906,5.88,5.9,5.73,5.75,5.76,-0.01,-0.1736,273223.24,158833.894
920685.BJ,20240906,7.55,7.55,7.2,7.21,7.53,-0.32,-4.2497,7704.83,5634.053
603097.SH,20240906,20.17,20.31,19.52,19.58,20.27,-0.69,-3.404,28445.77,56253.811
300865.SZ,20240906,13.85,14.2,13.62,13.62,13.83,-0.21,-1.5184,15300.0,21168.107
300270.SZ,20240906,5.43,5.5,5.24,5.24,5.41,-0.17,-3.1423,58708.0,31304.839
603997.SH,20240906,11.82,12.21,11.8,11.89,11.88,0.01,0.0842,87313.75,104637.52
603130.SH,20240906,17.78,17.83,17.43,17.47,17.77,-0.3,-1.6882,3526.0,6199.762
000570.SZ,20240906,4.51,4.52,4.38,4.45,4.63,-0.18,-3.8877,356436.1,157854.387
601838.SH,20240906,13.4,13.66,13.39,13.47,13.4,0.07,0.5224,188886.0,256034.977
688266.SH,20240906,58.86,59.04,57.94,58.08,58.86,-0.78,-1.3252,11590.08,67767.954
688312.SH,20240906,19.58,20.47,19.29,20.1,19.51,0.59,3.0241,16162.83,32267.339
300548.SZ,20240906,17.46,17.52,16.89,16.89,17.5,-0.61,-3.4857,44845.0,76695.739
688567.SH,20240906,9.34,9.34,9.05,9.08,9.3,-0.22,-2.3656,47111.01,43105.34
000705.SZ,20240906,7.22,7.25,7.03,7.03,7.23,-0.2,-2.7663,66333.0,47276.626
688184.SH,20240906,11.43,11.43,11.12,11.32,11.41,-0.09,-0.7888,3686.51,4142.275
300998.SZ,20240906,13.05,13.05,12.42,12.55,12.95,-0.4,-3.0888,19281.0,24381.877
301383.SZ,20240906,28.62,28.83,27.81,27.85,28.86,-1.01,-3.4997,42792.46,120744.36
688800.SH,20240906,21.52,21.57,20.56,20.56,21.59,-1.03,-4.7707,14210.19,29712.798
001207.SZ,20240906,13.5,13.55,13.14,13.15,13.55,-0.4,-2.952,17226.4,22864.535
300952.SZ,20240906,16.5,16.5,16.0,16.06,16.5,-0.44,-2.6667,4461.0,7195.915
002037.SZ,20240906,6.6,7.05,6.6,6.72,6.66,0.06,0.9009,249024.0,170535.268
002427.SZ,20240906,2.93,2.93,2.87,2.89,2.91,-0.02,-0.6873,23387.0,6751.401
301358.SZ,20240906,27.6,27.68,26.75,26.85,27.71,-0.86,-3.1036,37041.46,100499.814
300568.SZ,20240906,7.78,7.79,7.45,7.48,7.79,-0.31,-3.9795,348107.97,263546.798
000721.SZ,20240906,6.59,6.73,6.59,6.61,6.6,0.01,0.1515,84829.0,56396.341
600057.SH,20240906,5.14,5.14,4.98,4.99,5.12,-0.13,-2.5391,123142.37,62124.884
688209.SH,20240906,11.19,11.31,10.86,10.9,11.24,-0.34,-3.0249,35404.92,39092.862
000061.SZ,20240906,5.36,5.39,5.29,5.31,5.37,-0.06,-1.1173,57425.0,30585.147
920300.BJ,20240906,6.85,6.97,6.83,6.83,6.85,-0.02,-0.292,2979.86,2050.739
688622.SH,20240906,17.36,17.78,16.55,16.88,16.85,0.03,0.178,8362.36,14342.849
600033.SH,20240906,3.38,3.48,3.37,3.4,3.38,0.02,0.5917,231080.2,79399.47
603976.SH,20240906,14.54,14.55,14.1,14.1,14.38,-0.28,-1.9471,7057.0,10077.076
600025.SH,20240906,10.86,11.03,10.85,10.9,10.86,0.04,0.3683,181308.74,198780.156
603126.SH,20240906,4.92,4.96,4.88,4.88,4.94,-0.06,-1.2146,26549.0,13061.015
000917.SZ,20240906,4.86,4.89,4.8,4.81,4.88,-0.07,-1.4344,100281.0,48456.286
688239.SH,20240906,28.75,28.98,27.75,27.87,28.99,-1.12,-3.8634,20720.27,58401.046
002192.SZ,20240906,30.0,30.22,29.4,29.4,30.12,-0.72,-2.3904,58698.58,174018.548
000688.SZ,20240906,9.12,9.3,9.02,9.05,9.22,-0.17,-1.8438,22960.0,20959.343
301225.SZ,20240906,23.61,23.68,22.83,22.83,23.55,-0.72,-3.0573,3922.0,9078.771
688078.SH,20240906,22.03,22.18,21.31,21.4,22.14,-0.74,-3.3424,6203.64,13421.541
002368.SZ,20240906,14.66,14.72,14.22,14.24,14.66,-0.42,-2.8649,69052.0,99434.875
603156.SH,20240906,18.5,18.54,18.24,18.3,18.49,-0.19,-1.0276,19920.0,36565.385
300580.SZ,20240906,13.82,13.88,13.46,13.47,13.81,-0.34,-2.462,55440.39,75610.209
603238.SH,20240906,9.48,9.51,9.23,9.25,9.47,-0.22,-2.3231,10406.8,9729.899
300737.SZ,20240906,4.2,4.25,4.11,4.12,4.22,-0.1,-2.3697,125431.8,52100.07
301528.SZ,20240906,36.75,36.87,35.58,35.6,36.75,-1.15,-3.1293,6279.96,22601.517
300513.SZ,20240906,7.41,7.5,7.17,7.31,7.44,-0.13,-1.7473,55744.0,40887.692
000060.SZ,20240906,4.04,4.09,4.02,4.04,4.05,-0.01,-0.2469,248252.85,100627.876
688334.SH,20240906,14.29,14.29,13.94,13.95,14.28,-0.33,-2.3109,8195.56,11546.103
603797.SH,20240906,3.14,3.17,3.1,3.11,3.16,-0.05,-1.5823,31442.0,9842.118
603221.SH,20240906,8.82,8.83,8.48,8.49,8.8,-0.31,-3.5227,32602.0,28016.919
300087.SZ,20240906,6.13,6.15,6.0,6.0,6.14,-0.14,-2.2801,72738.31,44168.197
000537.SZ,20240906,8.3,8.31,8.16,8.17,8.27,-0.1,-1.2092,45036.01,37008.363
301234.SZ,20240906,22.17,22.42,21.4,21.5,22.17,-0.67,-3.0221,8073.87,17545.225
002531.SZ,20240906,7.04,7.06,6.87,6.88,7.05,-0.17,-2.4113,113306.67,78451.397
300929.SZ,20240906,7.14,7.15,6.96,6.98,7.14,-0.16,-2.2409,11413.59,8011.323
300408.SZ,20240906,30.45,30.46,29.74,29.79,30.43,-0.64,-2.1032,50860.0,152592.879
000680.SZ,20240906,6.67,6.78,6.65,6.66,6.65,0.01,0.1504,150209.08,100783.938
603920.SH,20240906,22.66,22.87,21.47,21.68,22.24,-0.56,-2.518,361073.52,792340.364
002380.SZ,20240906,15.85,15.93,15.47,15.52,15.85,-0.33,-2.082,36456.0,57129.491
300699.SZ,20240906,27.72,27.74,27.05,27.08,27.66,-0.58,-2.0969,34053.04,93109.202
603332.SH,20240906,7.15,7.21,7.0,7.01,7.15,-0.14,-1.958,20347.0,14355.374
600250.SH,20240906,7.58,7.8,7.53,7.56,7.58,-0.02,-0.2639,107523.0,82131.774
688031.SH,20240906,27.02,27.13,25.55,25.68,27.02,-1.34,-4.9593,12019.59,31490.228
002702.SZ,20240906,3.12,3.13,3.07,3.07,3.13,-0.06,-1.9169,61224.07,18978.947
920556.BJ,20240906,4.03,4.05,3.93,3.95,4.04,-0.09,-2.2277,4060.55,1615.285
603318.SH,20240906,5.57,5.59,5.46,5.49,5.56,-0.07,-1.259,27689.87,15277.41
301322.SZ,20240906,18.29,18.36,17.63,17.88,18.28,-0.4,-2.1882,6618.55,11920.018
002976.SZ,20240906,20.65,21.9,20.08,20.12,20.51,-0.39,-1.9015,29329.0,61480.705
000408.SZ,20240906,23.56,23.56,23.23,23.33,23.42,-0.09,-0.3843,38406.0,89749.272
002681.SZ,20240906,4.18,4.18,3.98,4.0,4.26,-0.26,-6.1033,1608846.01,651796.893
300901.SZ,20240906,7.31,7.37,7.13,7.2,7.31,-0.11,-1.5048,53897.16,39112.908
600480.SH,20240906,7.86,7.9,7.67,7.69,7.86,-0.17,-2.1628,85721.76,66687.464
300395.SZ,20240906,31.54,31.75,30.5,30.67,31.53,-0.86,-2.7276,37792.36,116805.342
603533.SH,20240906,15.97,16.15,15.67,15.69,16.02,-0.33,-2.0599,40990.0,64964.518
603050.SH,20240906,22.68,23.78,22.39,22.41,23.39,-0.98,-4.1898,25166.74,57479.028
603121.SH,20240906,7.13,7.16,6.91,6.92,7.13,-0.21,-2.9453,43716.6,30644.903
300145.SZ,20240906,2.27,2.27,2.23,2.24,2.27,-0.03,-1.3216,131538.0,29618.794
600503.SH,20240906,1.8,1.8,1.74,1.75,1.8,-0.05,-2.7778,366509.76,64690.886
920726.BJ,20240906,7.36,7.39,7.33,7.33,7.38,-0.05,-0.6775,2486.42,1825.15
601058.SH,20240906,13.28,13.41,12.85,12.91,13.22,-0.31,-2.3449,261569.93,341224.092
300360.SZ,20240906,14.03,14.13,13.78,13.8,14.12,-0.32,-2.2663,56066.0,78116.142
688717.SH,20240906,62.16,64.25,59.85,60.13,62.15,-2.02,-3.2502,16192.9,98364.197
301157.SZ,20240906,30.9,30.9,29.84,29.84,30.9,-1.06,-3.4304,4674.2,14135.531
600796.SH,20240906,4.16,4.18,4.07,4.08,4.16,-0.08,-1.9231,22227.01,9143.203
300018.SZ,20240906,4.92,4.93,4.81,4.83,4.92,-0.09,-1.8293,65247.9,31717.341
688118.SH,20240906,12.15,12.2,11.65,11.68,12.14,-0.46,-3.7891,16844.81,19929.906
301536.SZ,20240906,31.24,31.38,29.8,29.8,31.27,-1.47,-4.701,28297.02,86227.281
002093.SZ,20240906,5.98,6.02,5.89,5.91,6.0,-0.09,-1.5,53417.89,31728.552
002932.SZ,20240906,16.5,16.6,16.1,16.12,16.53,-0.41,-2.4803,12221.31,19830.559
300040.SZ,20240906,5.33,5.34,5.13,5.15,5.33,-0.18,-3.3771,207331.39,108051.478
603885.SH,20240906,10.73,10.78,10.46,10.5,10.71,-0.21,-1.9608,110858.0,117658.977
605208.SH,20240906,6.27,6.27,6.06,6.08,6.21,-0.13,-2.0934,32364.95,19826.448
300212.SZ,20240906,14.62,14.69,14.2,14.21,14.62,-0.41,-2.8044,78481.0,112789.777
002769.SZ,20240906,4.99,5.1,4.97,4.97,5.04,-0.07,-1.3889,55397.99,27872.517
688655.SH,20240906,8.8,8.91,8.6,8.68,8.85,-0.17,-1.9209,14477.36,12591.472
001313.SZ,20240906,6.84,6.98,6.75,6.77,6.87,-0.1,-1.4556,28001.0,19169.446
600062.SH,20240906,21.57,21.85,21.28,21.37,21.67,-0.3,-1.3844,96088.73,206386.33
920227.BJ,20240906,18.71,18.91,18.5,18.54,19.03,-0.49,-2.5749,973.79,1820.483
002998.SZ,20240906,5.22,5.22,5.14,5.17,5.22,-0.05,-0.9579,31473.0,16271.458
603007.SH,20240906,6.09,6.1,5.62,5.8,5.81,-0.01,-0.1721,95639.73,56006.804
688581.SH,20240906,51.06,51.32,49.55,49.75,51.1,-1.35,-2.6419,4657.73,23430.343
002243.SZ,20240906,5.7,5.77,5.59,5.74,5.69,0.05,0.8787,109519.99,61991.022
603307.SH,20240906,29.98,30.13,28.1,28.13,28.44,-0.31,-1.09,4423.0,12598.827
605268.SH,20240906,6.62,6.65,6.52,6.58,6.65,-0.07,-1.0526,16379.0,10767.621
605298.SH,20240906,7.8,7.85,7.66,7.66,7.83,-0.17,-2.1711,8266.5,6392.792
002358.SZ,20240906,3.07,3.08,3.0,3.0,3.07,-0.07,-2.2801,81190.03,24599.288
603895.SH,20240906,16.59,16.75,16.11,16.12,16.67,-0.55,-3.2993,10918.0,17873.171
603933.SH,20240906,12.6,12.64,12.27,12.3,12.63,-0.33,-2.6128,24577.6,30593.694
000951.SZ,20240906,14.04,14.43,14.0,14.02,14.01,0.01,0.0714,98881.86,140579.83
002816.SZ,20240906,7.46,7.68,7.4,7.41,7.51,-0.1,-1.3316,2804.0,2106.225
002329.SZ,20240906,2.77,2.79,2.73,2.73,2.77,-0.04,-1.444,79433.0,21863.297
600483.SH,20240906,9.75,9.79,9.63,9.65,9.75,-0.1,-1.0256,77527.91,75297.329
603113.SH,20240906,4.64,4.67,4.56,4.57,4.66,-0.09,-1.9313,60488.7,27809.158
301317.SZ,20240906,15.96,16.15,15.73,15.73,15.95,-0.22,-1.3793,2869.91,4559.996
688597.SH,20240906,7.92,7.95,7.62,7.66,7.94,-0.28,-3.5264,21988.43,17061.374
688345.SH,20240906,14.54,14.55,13.8,13.86,14.54,-0.68,-4.6768,5721.51,8046.171
000676.SZ,20240906,5.93,5.98,5.79,5.83,5.97,-0.14,-2.3451,390467.6,228904.446
002594.SZ,20240906,252.86,255.1,251.42,251.6,252.85,-1.25,-0.4944,78141.52,1982245.013
603171.SH,20240906,23.49,23.77,23.0,23.03,23.67,-0.64,-2.7038,28448.42,66258.133
603916.SH,20240906,6.88,6.88,6.63,6.66,6.88,-0.22,-3.1977,54095.19,36365.195
920415.BJ,20240906,5.5,5.68,5.47,5.47,5.51,-0.04,-0.726,36599.3,20400.301
300308.SZ,20240906,101.0,102.21,99.19,99.42,101.67,-2.25,-2.213,144856.06,1452842.458
603235.SH,20240906,26.37,26.63,26.35,26.59,26.47,0.12,0.4533,5278.0,13980.991
001215.SZ,20240906,24.4,24.4,23.74,23.75,24.4,-0.65,-2.6639,10005.14,24043.768
688478.SH,20240906,24.28,24.34,23.0,23.04,24.35,-1.31,-5.3799,16195.54,38149.878
301429.SZ,20240906,13.9,14.04,13.6,13.6,13.96,-0.36,-2.5788,8126.0,11169.255
600708.SH,20240906,1.8,1.81,1.78,1.78,1.81,-0.03,-1.6575,136878.77,24544.259
000860.SZ,20240906,15.0,15.0,14.55,14.57,14.95,-0.38,-2.5418,95612.19,140670.454
002251.SZ,20240906,2.6,2.61,2.51,2.53,2.6,-0.07,-2.6923,77172.64,19738.36
603115.SH,20240906,10.81,10.98,10.7,10.72,10.87,-0.15,-1.3799,11729.0,12705.795
601688.SH,20240906,12.89,13.05,12.75,12.85,12.6,0.25,1.9841,1015707.49,1312649.393
300170.SZ,20240906,6.5,6.56,6.37,6.39,6.48,-0.09,-1.3889,194200.0,125388.912
002125.SZ,20240906,8.81,8.85,8.61,8.62,8.86,-0.24,-2.7088,72327.09,62856.206
600375.SH,20240906,5.17,5.26,5.04,5.12,5.07,0.05,0.9862,61802.17,31769.515
603166.SH,20240906,4.81,4.86,4.71,4.72,4.79,-0.07,-1.4614,43517.4,20836.469
601827.SH,20240906,7.9,8.08,7.87,7.9,7.9,0.0,0.0,30136.65,23990.24
603421.SH,20240906,4.28,4.29,4.13,4.15,4.29,-0.14,-3.2634,56766.49,23801.851
600517.SH,20240906,4.26,4.29,4.2,4.23,4.23,0.0,0.0,114809.0,48816.749
000682.SZ,20240906,10.62,10.8,10.5,10.52,10.62,-0.1,-0.9416,72602.79,77242.482
688099.SH,20240906,54.11,54.11,51.76,51.9,53.6,-1.7,-3.1716,28820.64,151264.05
002074.SZ,20240906,18.8,18.82,18.49,18.51,18.85,-0.34,-1.8037,74157.61,138103.072
601009.SH,20240906,10.19,10.34,10.1,10.15,10.19,-0.04,-0.3925,284120.6,290900.617
300376.SZ,20240906,2.43,2.44,2.36,2.37,2.43,-0.06,-2.4691,172156.0,41258.409
601113.SH,20240906,2.97,3.0,2.95,2.97,2.99,-0.02,-0.6689,83358.2,24787.366
688048.SH,20240906,25.32,25.38,24.47,24.5,25.3,-0.8,-3.1621,15573.64,38640.753
002768.SZ,20240906,18.22,18.34,18.0,18.02,18.21,-0.19,-1.0434,11470.75,20767.503
002566.SZ,20240906,6.08,6.14,6.03,6.03,6.11,-0.08,-1.3093,26572.0,16161.811
688207.SH,20240906,10.54,10.56,10.13,10.18,10.5,-0.32,-3.0476,23736.54,24471.379
000099.SZ,20240906,14.57,15.45,14.57,14.76,14.74,0.02,0.1357,715082.01,1079335.772
603823.SH,20240906,9.66,10.48,9.5,9.87,9.77,0.1,1.0235,298998.7,294927.762
603159.SH,20240906,9.5,9.74,9.34,9.38,9.62,-0.24,-2.4948,11511.2,10921.837
688533.SH,20240906,23.18,23.39,22.42,22.52,23.33,-0.81,-3.4719,15078.21,34282.531
603167.SH,20240906,7.3,7.32,7.25,7.25,7.3,-0.05,-0.6849,22924.0,16678.14
000800.SZ,20240906,7.55,7.78,7.55,7.61,7.55,0.06,0.7947,88577.0,67976.051
920339.BJ,20240906,3.82,3.87,3.79,3.83,3.86,-0.03,-0.7772,856.32,326.068
300723.SZ,20240906,14.89,14.98,14.3,14.31,14.88,-0.57,-3.8306,35436.0,51330.911
601137.SH,20240906,14.25,14.26,13.65,13.69,14.18,-0.49,-3.4556,143523.0,198486.802
920808.BJ,20240906,27.5,27.5,26.28,26.45,27.2,-0.75,-2.7574,5199.88,13916.185
002024.SZ,20240906,1.38,1.42,1.36,1.37,1.39,-0.02,-1.4388,244214.17,33844.651
603279.SH,20240906,17.28,17.36,16.85,16.98,17.22,-0.24,-1.3937,16702.09,28414.282
301075.SZ,20240906,17.51,17.52,16.9,16.9,17.32,-0.42,-2.4249,14506.0,24794.064
000635.SZ,20240906,5.76,5.8,5.66,5.67,5.76,-0.09,-1.5625,20359.0,11618.568
920834.BJ,20240906,4.44,4.47,4.4,4.41,4.48,-0.07,-1.5625,1375.12,608.323
688376.SH,20240906,28.84,29.06,27.76,27.77,29.04,-1.27,-4.3733,8883.34,25095.529
301603.SZ,20240906,37.38,37.69,36.24,36.43,37.27,-0.84,-2.2538,26787.93,98970.126
920819.BJ,20240906,2.47,2.49,2.39,2.41,2.49,-0.08,-3.2129,30346.84,7388.085
600020.SH,20240906,3.94,3.98,3.89,3.9,3.93,-0.03,-0.7634,106768.58,42022.841
000723.SZ,20240906,4.03,4.05,3.96,3.97,4.04,-0.07,-1.7327,159794.66,63866.1
688663.SH,20240906,17.57,17.57,16.91,16.98,17.5,-0.52,-2.9714,14948.27,25582.262
688372.SH,20240906,40.38,40.75,38.73,38.94,40.63,-1.69,-4.1595,14544.87,57274.693
300402.SZ,20240906,12.33,12.4,12.09,12.1,12.32,-0.22,-1.7857,21646.0,26445.695
920807.BJ,20240906,4.5,4.5,4.46,4.46,4.5,-0.04,-0.8889,1570.71,702.349
002997.SZ,20240906,28.12,28.67,27.7,27.71,28.12,-0.41,-1.458,35469.95,99712.071
920978.BJ,20240906,8.6,8.69,8.43,8.47,8.61,-0.14,-1.626,4700.15,4011.028
301587.SZ,20240906,23.1,23.2,22.1,22.19,23.06,-0.87,-3.7728,21505.02,48466.844
002183.SZ,20240906,2.86,2.87,2.8,2.8,2.85,-0.05,-1.7544,141056.32,39955.145
605566.SH,20240906,14.35,14.44,14.02,14.03,14.4,-0.37,-2.5694,5777.0,8186.533
300590.SZ,20240906,10.41,10.5,10.17,10.18,10.42,-0.24,-2.3033,41184.5,42305.552
600802.SH,20240906,2.77,2.77,2.7,2.7,2.76,-0.06,-2.1739,35202.0,9575.95
000028.SZ,20240906,25.28,25.65,25.1,25.1,25.35,-0.25,-0.9862,40719.54,103349.825
002526.SZ,20240906,2.13,2.15,2.1,2.11,2.13,-0.02,-0.939,217800.39,46235.865
603311.SH,20240906,8.16,8.2,8.0,8.0,8.18,-0.18,-2.2005,9497.0,7677.51
688337.SH,20240906,26.42,27.27,26.31,26.44,26.66,-0.22,-0.8252,7427.43,19829.49
001255.SZ,20240906,21.77,22.5,20.27,20.37,21.4,-1.03,-4.8131,27586.0,58989.926
601616.SH,20240906,2.76,2.77,2.7,2.71,2.76,-0.05,-1.8116,70183.01,19158.633
920433.BJ,20240906,3.8,3.83,3.76,3.77,3.8,-0.03,-0.7895,7243.46,2735.474
002745.SZ,20240906,7.5,7.52,7.33,7.35,7.49,-0.14,-1.8692,73931.75,54596.171
001218.SZ,20240906,13.61,13.63,13.37,13.45,13.62,-0.17,-1.2482,8345.51,11256.695
002705.SZ,20240906,12.75,12.84,12.55,12.57,12.77,-0.2,-1.5662,45101.0,57167.223
002553.SZ,20240906,9.06,9.13,8.87,8.89,9.07,-0.18,-1.9846,70973.9,63628.368
300832.SZ,20240906,67.65,68.33,66.51,67.25,67.8,-0.55,-0.8112,13893.89,93530.379
600365.SH,20240906,2.71,2.76,2.57,2.6,2.7,-0.1,-3.7037,96320.0,25431.603
600525.SH,20240906,4.3,4.38,4.22,4.24,4.33,-0.09,-2.0785,78244.98,33523.03
605033.SH,20240906,10.96,10.96,10.58,10.6,10.93,-0.33,-3.0192,8614.46,9221.667
002637.SZ,20240906,8.19,8.19,8.04,8.12,8.17,-0.05,-0.612,10550.0,8549.643
301027.SZ,20240906,7.73,7.76,7.44,7.48,7.76,-0.28,-3.6082,97823.0,73999.027
301039.SZ,20240906,8.82,8.93,8.74,8.77,8.79,-0.02,-0.2275,69793.68,61601.261
301550.SZ,20240906,39.27,39.69,37.79,37.88,39.34,-1.46,-3.7112,28683.0,110437.34
603208.SH,20240906,16.5,16.64,16.2,16.25,16.63,-0.38,-2.285,5684.28,9317.966
603808.SH,20240906,6.28,6.3,6.08,6.11,6.27,-0.16,-2.5518,22381.05,13847.129
300994.SZ,20240906,9.44,9.5,9.11,9.14,9.43,-0.29,-3.0753,41575.97,38529.033
300289.SZ,20240906,4.0,4.05,3.95,3.95,4.0,-0.05,-1.25,33752.0,13489.922
600510.SH,20240906,3.54,3.56,3.5,3.51,3.54,-0.03,-0.8475,35462.0,12501.562
301380.SZ,20240906,32.9,32.98,31.88,31.9,32.88,-0.98,-2.9805,11439.0,37098.509
600645.SH,20240906,16.96,17.17,16.51,16.55,17.14,-0.59,-3.4422,97843.41,163777.742
688199.SH,20240906,11.72,11.72,11.55,11.55,11.71,-0.16,-1.3664,6620.7,7692.67
002731.SZ,20240906,7.56,7.57,7.42,7.42,7.55,-0.13,-1.7219,14526.0,10865.143
603021.SH,20240906,2.74,2.74,2.67,2.68,2.74,-0.06,-2.1898,51393.0,13828.243
688689.SH,20240906,17.5,17.56,16.78,16.78,17.49,-0.71,-4.0595,7994.79,13641.944
600199.SH,20240906,10.57,10.6,10.33,10.35,10.58,-0.23,-2.1739,55373.2,57804.635
002181.SZ,20240906,3.2,3.23,3.16,3.17,3.19,-0.02,-0.627,45794.0,14619.145
300849.SZ,20240906,12.99,12.99,12.6,12.66,12.95,-0.29,-2.2394,11551.0,14703.158
603078.SH,20240906,12.3,12.39,12.11,12.14,12.28,-0.14,-1.1401,33128.19,40531.485
603093.SH,20240906,9.59,9.8,9.5,9.5,9.58,-0.08,-0.8351,57934.0,55702.804
688596.SH,20240906,25.8,25.8,24.67,24.88,25.64,-0.76,-2.9641,29781.82,74996.516
601956.SH,20240906,4.4,4.41,4.28,4.28,4.39,-0.11,-2.5057,29628.16,12790.805
002666.SZ,20240906,3.62,3.62,3.52,3.53,3.6,-0.07,-1.9444,43492.0,15530.362
002508.SZ,20240906,17.99,18.05,17.8,17.83,18.0,-0.17,-0.9444,50477.39,90358.667
605088.SH,20240906,18.79,18.9,18.45,18.46,18.8,-0.34,-1.8085,18577.0,34726.573
301268.SZ,20240906,14.35,14.4,13.9,13.92,14.35,-0.43,-2.9965,13773.0,19351.635
002626.SZ,20240906,13.59,13.64,13.27,13.29,13.57,-0.28,-2.0634,27693.18,37044.713
301520.SZ,20240906,36.31,36.5,35.38,35.39,36.4,-1.01,-2.7747,5667.67,20285.155
688600.SH,20240906,12.44,12.44,12.01,12.15,12.44,-0.29,-2.3312,4631.77,5617.053
688722.SH,20240906,9.97,10.0,9.75,9.76,10.01,-0.25,-2.4975,11779.45,11615.326
002852.SZ,20240906,6.55,6.57,6.34,6.36,6.56,-0.2,-3.0488,46527.0,30006.957
920273.BJ,20240906,9.98,9.98,9.74,9.79,9.91,-0.12,-1.2109,530.25,519.108
600716.SH,20240906,2.58,2.6,2.55,2.55,2.57,-0.02,-0.7782,52372.1,13502.768
002512.SZ,20240906,3.32,3.33,3.23,3.25,3.32,-0.07,-2.1084,164399.0,53775.512
300800.SZ,20240906,8.91,8.95,8.53,8.55,9.0,-0.45,-5.0,21583.0,18716.416
000421.SZ,20240906,4.71,4.91,4.71,4.82,4.69,0.13,2.7719,349362.9,168263.131
002556.SZ,20240906,4.57,4.59,4.5,4.51,4.58,-0.07,-1.5284,50388.66,22907.152
600285.SH,20240906,23.59,23.63,22.85,22.88,23.52,-0.64,-2.7211,48891.5,113205.705
688018.SH,20240906,95.5,96.0,92.68,92.7,95.57,-2.87,-3.003,10982.09,103137.576
688047.SH,20240906,90.9,95.61,90.9,93.84,91.09,2.75,3.019,25885.86,243083.734
603215.SH,20240906,13.6,13.6,13.26,13.33,13.41,-0.08,-0.5966,13774.75,18449.371
688314.SH,20240906,24.38,24.38,23.0,23.21,24.38,-1.17,-4.799,10268.79,24124.605
920167.BJ,20240906,14.12,14.23,13.88,13.9,14.27,-0.37,-2.5929,14548.28,20317.456
688347.SH,20240906,30.13,30.16,29.15,29.2,30.06,-0.86,-2.8609,30236.57,89403.614
000063.SZ,20240906,24.47,24.49,24.04,24.09,24.45,-0.36,-1.4724,248578.65,602427.916
300063.SZ,20240906,4.44,4.44,4.27,4.29,4.5,-0.21,-4.6667,592442.68,257862.205
301336.SZ,20240906,27.49,27.63,26.7,26.78,27.53,-0.75,-2.7243,3553.0,9577.243
300138.SZ,20240906,7.32,7.33,7.1,7.14,7.31,-0.17,-2.3256,35093.0,25192.262
002256.SZ,20240906,1.85,1.98,1.82,1.91,1.87,0.04,2.139,908384.9,174164.36
600353.SH,20240906,5.33,5.34,5.18,5.18,5.33,-0.15,-2.8143,70461.42,36935.49
000825.SZ,20240906,3.2,3.22,3.17,3.21,3.2,0.01,0.3125,174128.52,55728.416
002045.SZ,20240906,11.58,11.62,11.26,11.29,11.64,-0.35,-3.0069,131012.81,149288.171
000564.SZ,20240906,1.62,1.64,1.6,1.61,1.62,-0.01,-0.6173,702670.71,113814.99
605369.SH,20240906,29.83,30.25,29.65,29.73,29.77,-0.04,-0.1344,7689.09,22973.769
600735.SH,20240906,3.71,3.71,3.59,3.6,3.72,-0.12,-3.2258,94772.68,34583.195
300999.SZ,20240906,25.71,25.85,25.5,25.53,25.7,-0.17,-0.6615,27650.01,71021.985
002564.SZ,20240906,2.74,2.8,2.62,2.7,2.75,-0.05,-1.8182,93940.33,25417.473
301469.SZ,20240906,21.15,21.19,20.46,20.52,21.03,-0.51,-2.4251,6506.43,13461.627
688201.SH,20240906,6.81,6.81,6.47,6.47,6.77,-0.3,-4.4313,60155.27,39764.562
301159.SZ,20240906,26.03,26.71,25.38,25.46,25.88,-0.42,-1.6229,15046.16,39047.934
002795.SZ,20240906,3.39,3.39,3.32,3.33,3.39,-0.06,-1.7699,67141.0,22481.157
603757.SH,20240906,19.05,19.24,18.4,18.46,19.07,-0.61,-3.1987,10543.36,19720.516
300448.SZ,20240906,4.78,4.82,4.57,4.59,4.82,-0.23,-4.7718,282765.94,131982.832
002160.SZ,20240906,3.02,3.04,2.95,2.96,3.01,-0.05,-1.6611,92637.0,27648.473
002485.SZ,20240906,2.98,3.0,2.97,3.0,3.01,-0.01,-0.3322,2442.74,730.099
300374.SZ,20240906,12.82,13.4,12.81,12.9,12.87,0.03,0.2331,106563.3,139850.043
300091.SZ,20240906,1.49,1.51,1.43,1.43,1.49,-0.06,-4.0268,201008.0,29328.513
601200.SH,20240906,7.35,7.38,7.21,7.23,7.32,-0.09,-1.2295,39186.51,28617.507
600785.SH,20240906,9.32,9.37,9.1,9.28,9.28,0.0,0.0,110573.0,102442.738
300610.SZ,20240906,8.48,8.49,8.19,8.22,8.43,-0.21,-2.4911,17203.06,14269.839
600422.SH,20240906,14.11,14.29,13.5,13.61,14.09,-0.48,-3.4067,104978.61,145468.473
002537.SZ,20240906,5.07,5.18,5.05,5.06,5.13,-0.07,-1.3645,134172.22,68541.36
001309.SZ,20240906,68.14,68.14,65.82,65.83,68.2,-2.37,-3.4751,32222.13,215026.571
688136.SH,20240906,14.84,15.01,14.51,14.54,14.93,-0.39,-2.6122,5292.8,7765.875
688222.SH,20240906,8.97,9.0,8.7,8.72,8.97,-0.25,-2.7871,35792.83,31474.24
600350.SH,20240906,9.57,9.71,9.35,9.39,9.6,-0.21,-2.1875,70921.83,67311.445
002518.SZ,20240906,16.6,16.65,16.0,16.03,16.45,-0.42,-2.5532,33864.0,54646.221
300265.SZ,20240906,6.54,6.55,6.38,6.41,6.53,-0.12,-1.8377,90204.81,58092.706
002387.SZ,20240906,6.94,6.96,6.53,6.65,7.07,-0.42,-5.9406,544486.78,365256.662
002026.SZ,20240906,7.92,7.97,7.7,7.72,7.89,-0.17,-2.1546,40323.0,31419.694
688291.SH,20240906,15.34,15.44,14.69,14.89,15.35,-0.46,-2.9967,3174.41,4769.848
920976.BJ,20240906,8.7,8.73,8.53,8.6,8.7,-0.1,-1.1494,3905.09,3371.12
002676.SZ,20240906,4.12,4.13,4.06,4.07,4.12,-0.05,-1.2136,76562.0,31359.986
300107.SZ,20240906,7.93,8.2,7.93,7.99,7.99,0.0,0.0,242082.0,195683.423
600256.SH,20240906,6.03,6.06,5.99,6.01,6.03,-0.02,-0.3317,260813.3,157261.468
600579.SH,20240906,5.03,5.04,4.95,4.97,5.03,-0.06,-1.1928,32500.0,16206.101
600398.SH,20240906,5.78,5.82,5.65,5.67,5.78,-0.11,-1.9031,205398.82,117658.397
002824.SZ,20240906,13.45,13.6,13.22,13.25,13.69,-0.44,-3.214,48126.53,64369.745
688056.SH,20240906,21.14,21.18,20.69,20.73,21.03,-0.3,-1.4265,2458.79,5125.479
688002.SH,20240906,27.0,27.56,26.71,26.88,26.84,0.04,0.149,54796.85,148514.726
301397.SZ,20240906,22.08,22.08,21.0,21.23,22.08,-0.85,-3.8496,10532.65,22652.258
601607.SH,20240906,19.43,19.51,19.25,19.25,19.38,-0.13,-0.6708,59942.48,116185.471
301365.SZ,20240906,10.41,10.51,10.17,10.22,10.49,-0.27,-2.5739,9522.5,9810.991
301369.SZ,20240906,43.03,44.23,42.5,42.85,43.04,-0.19,-0.4414,17708.5,76692.204
301372.SZ,20240906,19.34,19.4,18.52,18.59,19.3,-0.71,-3.6788,8546.38,16110.213
300036.SZ,20240906,13.25,13.75,13.15,13.33,13.3,0.03,0.2256,137007.76,183753.497
688316.SH,20240906,24.71,24.8,23.9,23.9,24.64,-0.74,-3.0032,9706.45,23478.937
002139.SZ,20240906,9.7,9.76,9.33,9.36,9.7,-0.34,-3.5052,180996.0,171486.26
600725.SH,20240906,2.31,2.32,2.29,2.3,2.3,0.0,0.0,55576.0,12798.871
601689.SH,20240906,35.38,35.69,34.64,34.96,34.95,0.01,0.0286,178931.48,630795.336
688789.SH,20240906,63.53,63.8,61.1,61.36,63.42,-2.06,-3.2482,8570.21,53020.484
002407.SZ,20240906,10.09,10.1,9.84,9.85,10.11,-0.26,-2.5717,84955.8,84488.061
688017.SH,20240906,65.6,65.6,62.62,62.66,65.04,-2.38,-3.6593,18432.9,117156.918
301161.SZ,20240906,14.61,14.77,14.03,14.16,14.62,-0.46,-3.1464,11940.38,17057.863
000905.SZ,20240906,5.52,5.58,5.52,5.53,5.52,0.01,0.1812,35716.33,19808.068
301303.SZ,20240906,10.89,10.9,10.6,10.61,10.84,-0.23,-2.1218,9791.8,10497.85
002570.SZ,20240906,2.48,2.48,2.42,2.43,2.47,-0.04,-1.6194,99994.0,24482.665
002678.SZ,20240906,3.61,3.69,3.55,3.6,3.62,-0.02,-0.5525,40108.2,14437.066
301300.SZ,20240906,21.98,22.0,21.42,21.46,22.02,-0.56,-2.5431,8825.0,19182.207
688570.SH,20240906,15.98,15.98,15.4,15.43,15.92,-0.49,-3.0779,6418.1,10007.498
002875.SZ,20240906,11.75,11.97,11.57,11.84,11.9,-0.06,-0.5042,115357.78,135954.705
688305.SH,20240906,60.57,60.57,58.69,58.81,60.36,-1.55,-2.5679,2809.35,16696.998
688211.SH,20240906,25.15,25.78,25.15,25.41,25.58,-0.17,-0.6646,2829.25,7218.653
600918.SH,20240906,5.74,5.76,5.66,5.66,5.65,0.01,0.177,180627.02,103226.441
601996.SH,20240906,1.67,1.67,1.64,1.65,1.67,-0.02,-1.1976,62693.02,10393.387
002908.SZ,20240906,7.28,7.35,7.06,7.09,7.35,-0.26,-3.5374,124024.15,89175.209
920950.BJ,20240906,10.3,10.39,10.02,10.15,10.33,-0.18,-1.7425,718.69,730.693
300099.SZ,20240906,4.74,4.75,4.55,4.58,4.69,-0.11,-2.3454,95221.0,44095.393
603950.SH,20240906,11.74,11.89,11.6,11.6,11.73,-0.13,-1.1083,16959.0,19907.187
688137.SH,20240906,29.99,30.11,29.34,29.57,29.96,-0.39,-1.3017,1338.93,3968.366
603015.SH,20240906,6.81,6.82,6.56,6.56,6.79,-0.23,-3.3873,42935.0,28547.337
002178.SZ,20240906,3.49,3.5,3.37,3.38,3.48,-0.1,-2.8736,226390.04,77550.23
000557.SZ,20240906,4.02,4.06,3.99,3.99,4.03,-0.04,-0.9926,107923.66,43369.628
000810.SZ,20240906,9.83,10.1,9.7,9.79,9.98,-0.19,-1.9038,690860.43,681126.896
000679.SZ,20240906,3.03,3.15,2.98,3.11,3.04,0.07,2.3026,231176.94,70877.97
605098.SH,20240906,32.82,33.0,31.71,31.79,32.91,-1.12,-3.4032,17943.0,57775.261
688728.SH,20240906,10.69,10.77,10.42,10.45,10.75,-0.3,-2.7907,42381.15,44684.504
003043.SZ,20240906,38.4,38.54,36.78,36.96,38.43,-1.47,-3.8251,18721.0,69932.852
920593.BJ,20240906,14.41,14.41,13.74,13.75,14.3,-0.55,-3.8462,11434.23,16002.318
000595.SZ,20240906,4.79,4.99,4.6,4.62,4.85,-0.23,-4.7423,531117.54,255112.637
600962.SH,20240906,11.03,11.15,10.8,10.84,11.03,-0.19,-1.7226,20160.0,22080.31
301127.SZ,20240906,7.96,8.12,7.84,7.84,7.89,-0.05,-0.6337,56635.2,45141.747
600337.SH,20240906,1.4,1.43,1.35,1.37,1.4,-0.03,-2.1429,212638.97,29364.775
601777.SH,20240906,3.88,3.98,3.8,3.81,3.88,-0.07,-1.8041,264353.0,101992.213
601279.SH,20240906,3.37,3.38,3.28,3.29,3.37,-0.08,-2.3739,74067.68,24667.632
301558.SZ,20240906,7.45,8.08,7.45,7.69,7.53,0.16,2.1248,169299.36,131880.115
000726.SZ,20240906,5.42,5.44,5.35,5.35,5.43,-0.08,-1.4733,23109.23,12450.765
600230.SH,20240906,9.62,9.74,9.52,9.52,9.68,-0.16,-1.6529,12893.4,12349.638
688336.SH,20240906,16.94,17.39,16.76,17.1,16.94,0.16,0.9445,21148.42,36073.661
301059.SZ,20240906,8.33,8.39,8.12,8.13,8.31,-0.18,-2.1661,9119.2,7474.417
000759.SZ,20240906,3.01,3.16,3.01,3.03,3.02,0.01,0.3311,274951.0,84509.992
002632.SZ,20240906,7.55,7.56,7.32,7.35,7.6,-0.25,-3.2895,204897.0,151781.068
300876.SZ,20240906,14.65,14.78,14.13,14.16,14.64,-0.48,-3.2787,4410.0,6335.071
603177.SH,20240906,7.07,7.07,6.78,6.8,6.97,-0.17,-2.439,18675.0,12869.447
300530.SZ,20240906,15.85,15.95,15.2,15.27,15.81,-0.54,-3.4156,19744.0,30533.871
002661.SZ,20240906,8.69,8.69,8.47,8.49,8.67,-0.18,-2.0761,29462.0,25265.516
920547.BJ,20240906,12.81,12.81,12.3,12.4,12.65,-0.25,-1.9763,1336.44,1663.721
600392.SH,20240906,7.95,7.98,7.78,7.8,7.94,-0.14,-1.7632,101665.2,79862.534
002519.SZ,20240906,4.46,4.47,4.36,4.37,4.46,-0.09,-2.0179,142496.7,62822.569
601998.SH,20240906,5.91,6.02,5.9,5.91,5.91,0.0,0.0,344901.41,205604.874
603116.SH,20240906,4.21,4.23,4.14,4.14,4.2,-0.06,-1.4286,20279.4,8456.819
301203.SZ,20240906,26.1,26.21,25.05,25.1,25.91,-0.81,-3.1262,2625.0,6697.511
000615.SZ,20240906,1.8,1.83,1.75,1.81,1.8,0.01,0.5556,171519.0,30664.851
001269.SZ,20240906,24.45,24.53,23.57,23.62,24.55,-0.93,-3.7882,25105.6,60060.215
300595.SZ,20240906,14.27,14.28,13.83,13.83,14.22,-0.39,-2.7426,45361.2,63457.568
600585.SH,20240906,20.93,21.0,20.75,20.79,20.94,-0.15,-0.7163,63801.07,133048.479
000929.SZ,20240906,5.8,6.17,5.8,5.85,5.81,0.04,0.6885,76210.0,45379.188
300321.SZ,20240906,14.36,14.39,14.1,14.11,14.36,-0.25,-1.7409,8365.0,11881.832
000712.SZ,20240906,10.13,10.51,9.79,10.04,9.55,0.49,5.1309,1035461.08,1058349.375
300390.SZ,20240906,16.78,16.8,16.31,16.32,16.74,-0.42,-2.509,74994.8,123612.022
002372.SZ,20240906,11.28,11.29,10.93,10.95,11.26,-0.31,-2.7531,101323.51,112136.623
603065.SH,20240906,7.28,7.31,7.11,7.11,7.28,-0.17,-2.3352,19633.0,14120.973
000050.SZ,20240906,6.88,6.9,6.67,6.67,6.93,-0.26,-3.7518,221630.0,149412.712
300861.SZ,20240906,18.06,18.12,17.48,17.49,18.07,-0.58,-3.2097,16213.32,28642.817
600619.SH,20240906,5.09,5.1,5.0,5.0,5.08,-0.08,-1.5748,51727.0,26086.516
688400.SH,20240906,17.42,17.85,16.78,17.0,17.67,-0.67,-3.7917,66012.25,113287.222
603185.SH,20240906,13.48,13.5,12.95,12.96,13.46,-0.5,-3.7147,61235.97,80277.16
688571.SH,20240906,4.96,4.97,4.81,4.82,4.97,-0.15,-3.0181,16985.06,8281.304
605358.SH,20240906,19.79,19.79,19.04,19.08,19.65,-0.57,-2.9008,43451.92,83794.402
601699.SH,20240906,13.66,13.69,13.45,13.47,13.69,-0.22,-1.607,109310.28,148063.056
000631.SZ,20240906,2.26,2.27,2.22,2.22,2.25,-0.03,-1.3333,41953.0,9382.759
920077.BJ,20240906,7.5,7.5,7.09,7.11,7.32,-0.21,-2.8689,10152.62,7327.015
300776.SZ,20240906,41.66,41.9,40.56,41.57,41.77,-0.2,-0.4788,18739.31,77063.322
301371.SZ,20240906,29.03,29.05,28.35,28.46,28.95,-0.49,-1.6926,4998.0,14335.733
688059.SH,20240906,42.58,42.68,41.05,41.16,42.58,-1.42,-3.3349,4783.42,19969.261
688455.SH,20240906,8.68,8.68,8.41,8.42,8.67,-0.25,-2.8835,4720.55,4036.334
003030.SZ,20240906,13.13,13.15,12.88,12.95,13.13,-0.18,-1.3709,6313.0,8203.527
300947.SZ,20240906,13.9,13.9,13.25,13.32,13.86,-0.54,-3.8961,70066.0,94617.661
002339.SZ,20240906,5.38,5.38,5.25,5.26,5.37,-0.11,-2.0484,79410.48,42031.892
002864.SZ,20240906,24.15,24.36,23.68,23.83,24.22,-0.39,-1.6102,13455.94,32206.014
688382.SH,20240906,7.3,7.41,7.06,7.09,7.33,-0.24,-3.2742,21463.07,15459.132
002965.SZ,20240906,25.98,25.98,25.27,25.34,25.89,-0.55,-2.1244,21184.43,54183.922
300047.SZ,20240906,9.12,9.3,8.61,8.7,9.81,-1.11,-11.315,1861258.53,1660063.008
601618.SH,20240906,2.75,2.77,2.73,2.74,2.75,-0.01,-0.3636,593886.61,163374.087
301156.SZ,20240906,11.37,11.48,11.13,11.14,11.38,-0.24,-2.109,8735.6,9808.694
601222.SH,20240906,7.1,7.2,7.04,7.04,7.12,-0.08,-1.1236,162321.0,115366.213
300424.SZ,20240906,11.33,11.51,11.1,11.1,11.42,-0.32,-2.8021,76116.85,85812.06
600692.SH,20240906,5.16,5.26,5.14,5.16,5.15,0.01,0.1942,122064.79,63541.797
301276.SZ,20240906,17.8,17.92,17.55,17.69,17.92,-0.23,-1.2835,4139.72,7334.929
300607.SZ,20240906,10.05,10.13,9.87,9.88,10.09,-0.21,-2.0813,28864.76,28772.203
688678.SH,20240906,9.54,9.71,9.37,9.41,9.53,-0.12,-1.2592,32488.48,30975.372
300993.SZ,20240906,8.4,8.45,8.27,8.27,8.4,-0.13,-1.5476,24012.77,20082.907
600475.SH,20240906,8.52,8.57,8.44,8.46,8.55,-0.09,-1.0526,30735.31,26060.396
300222.SZ,20240906,5.84,5.86,5.66,5.69,5.84,-0.15,-2.5685,65609.81,37664.316
300537.SZ,20240906,15.42,15.5,15.0,15.06,15.45,-0.39,-2.5243,59444.0,90485.519
688561.SH,20240906,21.54,21.58,20.82,20.84,21.41,-0.57,-2.6623,20732.23,43636.16
300573.SZ,20240906,82.3,82.3,78.96,78.98,81.49,-2.51,-3.0801,43688.12,349819.817
688283.SH,20240906,18.73,18.93,18.45,18.47,18.97,-0.5,-2.6357,2664.74,4964.235
002312.SZ,20240906,7.66,8.18,7.57,7.86,7.46,0.4,5.3619,1050131.99,831996.376
000524.SZ,20240906,8.69,8.87,8.67,8.69,8.74,-0.05,-0.5721,77831.0,68151.765
600158.SH,20240906,6.73,6.75,6.64,6.64,6.74,-0.1,-1.4837,53639.7,35847.072
600389.SH,20240906,13.29,13.4,13.09,13.13,13.4,-0.27,-2.0149,35552.85,46883.023
002102.SZ,20240906,2.4,2.41,2.36,2.36,2.4,-0.04,-1.6667,147983.0,35220.43
605580.SH,20240906,8.09,8.16,7.97,7.98,8.09,-0.11,-1.3597,10875.01,8757.823
600195.SH,20240906,6.0,6.03,5.83,5.84,6.0,-0.16,-2.6667,74577.0,43904.084
300053.SZ,20240906,9.54,9.72,9.35,9.37,9.53,-0.16,-1.6789,229923.2,218665.295
603031.SH,20240906,22.9,23.13,22.27,22.5,22.9,-0.4,-1.7467,6456.27,14536.698
600685.SH,20240906,24.52,24.68,24.21,24.38,24.55,-0.17,-0.6925,67807.13,165822.676
002696.SZ,20240906,3.85,3.85,3.75,3.77,3.83,-0.06,-1.5666,23517.0,8905.116
000725.SZ,20240906,3.86,3.88,3.82,3.82,3.85,-0.03,-0.7792,1637384.39,629387.568
688141.SH,20240906,14.48,14.97,14.38,14.45,14.6,-0.15,-1.0274,24463.74,35385.812
002394.SZ,20240906,6.0,6.03,5.93,5.93,6.0,-0.07,-1.1667,18530.0,11070.239
002911.SZ,20240906,10.1,10.49,10.06,10.22,10.12,0.1,0.9881,51384.52,53023.16
600050.SH,20240906,4.62,4.68,4.61,4.61,4.62,-0.01,-0.2165,865498.82,401402.12
600581.SH,20240906,2.52,2.52,2.48,2.49,2.5,-0.01,-0.4,33735.02,8420.533
600006.SH,20240906,5.98,6.12,5.97,5.98,5.97,0.01,0.1675,349974.0,211448.951
601698.SH,20240906,14.58,14.61,14.34,14.35,14.57,-0.22,-1.51,102819.0,148600.299
600191.SH,20240906,4.88,4.99,4.78,4.8,4.77,0.03,0.6289,56482.0,27611.096
002760.SZ,20240906,13.58,13.67,13.13,13.2,13.58,-0.38,-2.7982,9965.0,13269.348
000858.SZ,20240906,119.5,119.5,117.5,117.53,119.55,-2.02,-1.6897,77721.98,920196.138
920717.BJ,20240906,4.84,4.9,4.77,4.77,4.9,-0.13,-2.6531,2652.21,1280.487
002410.SZ,20240906,9.67,9.77,9.42,9.43,9.67,-0.24,-2.4819,210772.2,200331.918
300838.SZ,20240906,10.15,10.15,9.73,9.79,10.15,-0.36,-3.5468,11941.0,11834.46
603630.SH,20240906,9.65,9.66,9.42,9.42,9.63,-0.21,-2.1807,12016.0,11442.068
000017.SZ,20240906,5.69,5.86,5.61,5.61,5.72,-0.11,-1.9231,319097.65,181858.15
300449.SZ,20240906,4.65,4.75,4.5,4.51,4.68,-0.17,-3.6325,74980.8,34474.225
300333.SZ,20240906,5.49,5.89,5.25,5.64,5.61,0.03,0.5348,460467.92,256483.271
002393.SZ,20240906,15.22,15.24,14.97,14.97,15.2,-0.23,-1.5132,16206.0,24408.801
688039.SH,20240906,22.89,22.93,21.58,22.22,23.21,-0.99,-4.2654,58480.17,129214.8
002132.SZ,20240906,2.16,2.16,2.11,2.14,2.15,-0.01,-0.4651,123676.41,26473.29
688472.SH,20240906,11.03,11.11,10.56,10.61,11.13,-0.52,-4.6721,186267.55,200164.551
600847.SH,20240906,7.3,7.69,7.1,7.69,6.99,0.7,10.0143,55912.59,42279.509
605068.SH,20240906,11.9,11.9,11.52,11.56,11.87,-0.31,-2.6116,8138.0,9520.011
688067.SH,20240906,13.66,13.66,13.03,13.03,13.64,-0.61,-4.4721,4142.84,5485.564
000888.SZ,20240906,12.15,12.4,12.15,12.18,12.25,-0.07,-0.5714,182485.95,223456.04
600487.SH,20240906,14.53,14.57,14.1,14.16,14.49,-0.33,-2.2774,242194.69,346448.428
600871.SH,20240906,1.77,1.79,1.76,1.77,1.77,0.0,0.0,295816.48,52457.229
688187.SH,20240906,44.15,44.5,43.82,44.01,44.3,-0.29,-0.6546,19950.15,88036.024
600968.SH,20240906,4.13,4.18,4.1,4.11,4.14,-0.03,-0.7246,232991.21,96522.462
603119.SH,20240906,14.14,14.14,13.7,13.74,14.09,-0.35,-2.484,18637.64,25830.316
600509.SH,20240906,4.99,5.02,4.89,4.91,5.0,-0.09,-1.8,84022.15,41525.6
600963.SH,20240906,3.69,3.71,3.63,3.67,3.69,-0.02,-0.542,120718.36,44233.685
002223.SZ,20240906,31.7,32.39,31.33,31.35,31.7,-0.35,-1.1041,50732.5,161021.095
301193.SZ,20240906,13.69,13.7,13.37,13.41,13.68,-0.27,-1.9737,8483.0,11462.777
920242.BJ,20240906,13.93,14.01,13.73,13.74,14.0,-0.26,-1.8571,825.43,1144.846
002283.SZ,20240906,4.14,4.16,4.08,4.09,4.13,-0.04,-0.9685,77559.07,31906.648
920720.BJ,20240906,7.59,7.65,7.38,7.43,7.54,-0.11,-1.4589,8070.94,6060.042
002311.SZ,20240906,38.09,38.33,37.63,37.71,38.1,-0.39,-1.0236,22681.61,85883.698
000006.SZ,20240906,4.13,4.19,4.07,4.12,4.21,-0.09,-2.1378,392366.52,161625.507
002845.SZ,20240906,12.11,12.2,11.78,11.81,12.1,-0.29,-2.3967,89128.93,106007.767
600099.SH,20240906,7.35,7.52,7.12,7.13,7.69,-0.56,-7.2822,215274.24,156779.66
301223.SZ,20240906,14.11,14.26,14.08,14.16,14.11,0.05,0.3544,6644.78,9425.115
600056.SH,20240906,10.1,10.13,10.02,10.03,10.11,-0.08,-0.7913,41865.8,42116.279
002077.SZ,20240906,11.08,11.13,10.83,10.83,11.03,-0.2,-1.8132,74581.0,81766.791
000519.SZ,20240906,11.79,11.84,11.48,11.5,11.79,-0.29,-2.4597,119224.48,138498.207
688259.SH,20240906,31.99,31.99,30.0,30.27,31.79,-1.52,-4.7814,24690.27,75770.207
300748.SZ,20240906,10.69,10.74,10.35,10.36,10.69,-0.33,-3.087,85264.12,89237.472
301507.SZ,20240906,11.97,12.19,11.56,11.6,12.08,-0.48,-3.9735,84170.85,99142.271
603992.SH,20240906,17.16,18.18,16.96,17.5,17.0,0.5,2.9412,27831.85,48751.954
605123.SH,20240906,48.09,48.49,46.49,46.64,48.1,-1.46,-3.0353,7416.99,34886.093
002789.SZ,20240906,8.62,8.9,8.57,8.61,8.58,0.03,0.3497,23913.0,20859.477
003026.SZ,20240906,28.6,30.8,28.6,29.38,28.86,0.52,1.8018,120599.6,357816.54
300472.SZ,20240906,5.6,5.62,5.34,5.35,5.55,-0.2,-3.6036,113618.0,61474.007
603729.SH,20240906,12.3,12.3,11.81,11.84,12.31,-0.47,-3.818,23417.0,28145.232
600462.SH,20240906,1.59,1.67,1.56,1.58,1.59,-0.01,-0.6289,169601.0,27265.098
300836.SZ,20240906,38.9,39.9,38.21,39.0,38.88,0.12,0.3086,12175.9,47961.582
603983.SH,20240906,22.26,22.69,21.8,21.95,22.25,-0.3,-1.3483,17786.0,39446.229
603110.SH,20240906,9.27,9.29,8.98,9.0,9.27,-0.27,-2.9126,34991.0,31789.167
002105.SZ,20240906,4.09,4.09,3.96,3.97,4.06,-0.09,-2.2167,45597.0,18328.111
300618.SZ,20240906,22.62,22.7,22.06,22.07,22.62,-0.55,-2.4315,23507.64,52315.333
301010.SZ,20240906,11.5,11.5,11.05,11.08,11.42,-0.34,-2.9772,16112.0,18040.07
603693.SH,20240906,8.78,8.79,8.59,8.6,8.76,-0.16,-1.8265,30853.5,26711.42
300342.SZ,20240906,12.95,13.15,12.55,12.57,13.0,-0.43,-3.3077,216410.0,276914.942
002609.SZ,20240906,6.99,7.03,6.86,6.87,7.03,-0.16,-2.276,37401.0,25883.503
002282.SZ,20240906,6.08,6.15,6.02,6.04,6.12,-0.08,-1.3072,24413.64,14851.577
600225.SH,20240906,1.5,1.52,1.46,1.47,1.5,-0.03,-2.0,113700.0,16796.248
000987.SZ,20240906,4.89,4.95,4.81,4.83,4.82,0.01,0.2075,143932.86,70279.406
000862.SZ,20240906,4.28,4.28,4.16,4.17,4.25,-0.08,-1.8824,38194.21,16091.431
301311.SZ,20240906,17.36,18.05,16.8,16.84,17.88,-1.04,-5.8166,148269.12,254923.79
688577.SH,20240906,30.39,30.5,28.1,28.16,29.66,-1.5,-5.0573,6955.59,19985.092
920504.BJ,20240906,10.66,10.68,10.36,10.36,10.58,-0.22,-2.0794,1322.53,1381.199
300215.SZ,20240906,4.52,4.52,4.36,4.36,4.47,-0.11,-2.4609,74984.0,33072.62
605388.SH,20240906,4.79,4.81,4.68,4.7,4.8,-0.1,-2.0833,19504.2,9238.212
688083.SH,20240906,63.28,64.27,62.0,62.15,63.15,-1.0,-1.5835,5716.11,35924.362
300167.SZ,20240906,1.77,1.86,1.77,1.78,1.77,0.01,0.565,111298.0,20118.38
002867.SZ,20240906,10.78,10.85,10.56,10.58,10.83,-0.25,-2.3084,70320.0,75058.351
603378.SH,20240906,6.58,6.94,6.5,6.9,6.64,0.26,3.9157,132435.92,89488.569
002547.SZ,20240906,2.93,2.96,2.75,2.76,2.94,-0.18,-6.1224,579400.0,164442.597
300806.SZ,20240906,11.2,11.57,10.84,10.96,11.31,-0.35,-3.0946,180931.35,202129.923
603863.SH,20240906,25.93,26.5,25.55,26.28,25.95,0.33,1.2717,67680.0,176576.31
600988.SH,20240906,16.96,17.49,16.92,17.27,16.86,0.41,2.4318,346773.55,598825.658
300400.SZ,20240906,13.08,13.16,12.33,12.47,13.27,-0.8,-6.0286,207005.98,260772.615
002360.SZ,20240906,4.29,4.29,4.19,4.2,4.29,-0.09,-2.0979,21731.0,9200.481
603193.SH,20240906,18.02,18.24,17.53,17.59,18.15,-0.56,-3.0854,11218.09,20023.878
603321.SH,20240906,5.83,5.86,5.69,5.7,5.83,-0.13,-2.2298,19461.0,11182.349
001360.SZ,20240906,12.56,12.62,12.3,12.33,12.58,-0.25,-1.9873,15428.0,19170.496
603938.SH,20240906,10.15,10.18,9.88,9.92,10.15,-0.23,-2.266,13275.4,13248.274
601136.SH,20240906,19.4,19.74,18.78,18.8,18.81,-0.01,-0.0532,491718.03,947843.386
600491.SH,20240906,2.53,2.54,2.49,2.49,2.52,-0.03,-1.1905,108029.02,27094.011
300317.SZ,20240906,3.27,3.29,3.14,3.16,3.3,-0.14,-4.2424,143722.0,45985.169
300484.SZ,20240906,13.49,13.92,13.26,13.34,13.79,-0.45,-3.2632,183724.18,247938.591
605099.SH,20240906,18.44,18.58,17.9,17.9,18.5,-0.6,-3.2432,16680.0,30204.117
603515.SH,20240906,14.81,14.82,14.38,14.4,14.82,-0.42,-2.834,11195.01,16288.994
600023.SH,20240906,6.06,6.11,5.98,6.02,6.06,-0.04,-0.6601,318040.81,192212.977
000709.SZ,20240906,1.77,1.79,1.76,1.77,1.77,0.0,0.0,357796.78,63522.065
001231.SZ,20240906,13.99,14.02,13.61,13.64,13.84,-0.2,-1.4451,6746.0,9260.318
000869.SZ,20240906,20.6,20.65,20.24,20.26,20.51,-0.25,-1.2189,6211.0,12656.496
920751.BJ,20240906,7.98,7.98,7.78,7.85,7.93,-0.08,-1.0088,7858.08,6149.986
301389.SZ,20240906,13.04,13.1,12.52,12.56,13.09,-0.53,-4.0489,44478.9,56597.989
300703.SZ,20240906,7.44,7.45,7.27,7.3,7.45,-0.15,-2.0134,35780.0,26310.397
600666.SH,20240906,1.41,1.43,1.39,1.39,1.42,-0.03,-2.1127,193015.22,27153.212
600597.SH,20240906,7.66,7.68,7.56,7.57,7.63,-0.06,-0.7864,31974.0,24323.189
688638.SH,20240906,24.0,24.49,23.3,23.39,23.39,0.0,0.0,2437.73,5818.059
301097.SZ,20240906,33.87,34.45,33.55,33.77,34.08,-0.31,-0.9096,1410.0,4806.931
002968.SZ,20240906,8.63,8.74,8.54,8.57,8.67,-0.1,-1.1534,23626.0,20413.139
600605.SH,20240906,26.3,26.68,25.8,25.87,26.26,-0.39,-1.4851,16987.74,44326.677
688009.SH,20240906,5.1,5.1,4.99,5.0,5.08,-0.08,-1.5748,147237.95,74036.335
688300.SH,20240906,41.33,41.33,39.86,40.1,41.34,-1.24,-2.9995,18978.05,76408.425
300739.SZ,20240906,11.41,11.45,11.08,11.09,11.44,-0.35,-3.0594,45446.0,50959.517
688697.SH,20240906,13.84,13.84,13.25,13.29,13.77,-0.48,-3.4858,13132.19,17647.374
601108.SH,20240906,6.55,6.58,6.41,6.42,6.4,0.02,0.3125,549326.96,356670.143
600197.SH,20240906,14.82,14.85,14.55,14.56,14.82,-0.26,-1.7544,24362.0,35682.812
002162.SZ,20240906,2.86,2.88,2.77,2.78,2.84,-0.06,-2.1127,81169.9,22885.725
000711.SZ,20240906,1.65,1.65,1.62,1.64,1.65,-0.01,-0.6061,23472.4,3838.235
600361.SH,20240906,3.8,3.82,3.69,3.71,3.8,-0.09,-2.3684,188036.5,70249.412
300198.SZ,20240906,1.4,1.43,1.34,1.35,1.4,-0.05,-3.5714,315985.0,43545.364
601890.SH,20240906,6.69,7.39,6.64,7.16,6.72,0.44,6.5476,574333.4,413001.846
600694.SH,20240906,15.9,16.05,15.76,15.8,15.9,-0.1,-0.6289,20205.6,32116.138
688162.SH,20240906,16.96,17.06,16.45,16.48,16.99,-0.51,-3.0018,6327.19,10536.866
600960.SH,20240906,2.66,2.69,2.61,2.61,2.64,-0.03,-1.1364,60810.28,16098.845
300016.SZ,20240906,4.95,5.0,4.84,4.87,4.95,-0.08,-1.6162,72004.01,35324.882
600288.SH,20240906,6.91,6.95,6.74,6.76,6.92,-0.16,-2.3121,40417.21,27534.836
002270.SZ,20240906,18.25,18.35,17.92,17.92,18.21,-0.29,-1.5925,21659.0,39206.669
301175.SZ,20240906,4.4,4.43,4.33,4.33,4.42,-0.09,-2.0362,65400.89,28549.573
002726.SZ,20240906,6.62,6.68,6.53,6.55,6.61,-0.06,-0.9077,60046.71,39608.036
300859.SZ,20240906,24.38,24.98,24.24,24.58,24.45,0.13,0.5317,34553.0,85122.47
001696.SZ,20240906,11.59,12.78,11.55,12.45,11.62,0.83,7.1429,2085621.08,2618874.566
002209.SZ,20240906,7.88,7.88,7.63,7.65,7.8,-0.15,-1.9231,28026.0,21622.406
000863.SZ,20240906,3.26,3.32,3.25,3.29,3.29,0.0,0.0,53075.01,17454.622
300602.SZ,20240906,14.85,14.85,14.01,14.05,14.92,-0.87,-5.8311,228535.88,327323.289
301468.SZ,20240906,19.33,19.34,18.77,18.78,19.31,-0.53,-2.7447,4730.63,8978.349
300197.SZ,20240906,1.3,1.31,1.28,1.3,1.31,-0.01,-0.7634,220275.0,28558.483
000586.SZ,20240906,7.21,7.24,6.98,7.0,7.21,-0.21,-2.9126,30820.0,21862.172
300135.SZ,20240906,2.55,2.6,2.5,2.5,2.55,-0.05,-1.9608,177354.99,45078.044
603129.SH,20240906,134.55,135.29,132.7,132.89,134.53,-1.64,-1.2191,3795.0,50731.069
301548.SZ,20240906,41.05,41.32,40.23,40.23,41.35,-1.12,-2.7086,3906.66,15902.973
002902.SZ,20240906,19.5,19.51,18.52,18.54,19.73,-1.19,-6.0314,135082.5,256403.239
600262.SH,20240906,15.98,16.3,15.76,15.77,15.84,-0.07,-0.4419,49810.69,79648.05
688560.SH,20240906,10.54,10.54,10.22,10.32,10.54,-0.22,-2.0873,21037.95,21713.028
300241.SZ,20240906,4.1,4.14,3.99,4.01,4.11,-0.1,-2.4331,245283.0,98971.033
920252.BJ,20240906,7.18,7.23,7.06,7.1,7.26,-0.16,-2.2039,13318.59,9495.714
300482.SZ,20240906,21.24,21.33,20.71,20.75,21.2,-0.45,-2.1226,39741.0,83135.902
688557.SH,20240906,16.32,16.33,15.83,15.91,16.32,-0.41,-2.5123,3752.63,6024.334
920553.BJ,20240906,3.91,3.93,3.81,3.83,3.9,-0.07,-1.7949,9580.08,3695.626
002196.SZ,20240906,4.4,4.43,4.29,4.3,4.45,-0.15,-3.3708,181932.52,79162.106
301102.SZ,20240906,7.9,8.05,7.76,7.76,7.96,-0.2,-2.5126,14776.24,11580.213
003040.SZ,20240906,10.01,10.2,9.67,9.7,10.01,-0.31,-3.0969,96875.0,96731.211
600130.SH,20240906,3.34,3.35,3.23,3.25,3.35,-0.1,-2.9851,184351.0,60441.555
601515.SH,20240906,2.82,2.93,2.73,2.73,3.03,-0.3,-9.901,1156521.71,325274.334
600396.SH,20240906,2.21,2.23,2.16,2.16,2.23,-0.07,-3.139,119688.0,26221.065
000039.SZ,20240906,7.23,7.32,7.19,7.2,7.23,-0.03,-0.4149,160439.02,116187.728
600444.SH,20240906,11.28,11.7,11.18,11.34,11.28,0.06,0.5319,86443.0,99154.24
300824.SZ,20240906,7.22,7.25,7.02,7.05,7.23,-0.18,-2.4896,23353.0,16595.071
301259.SZ,20240906,27.42,28.99,27.18,27.74,27.23,0.51,1.8729,40976.4,115204.808
920179.BJ,20240906,14.07,14.3,13.89,14.0,14.19,-0.19,-1.339,2391.19,3374.893
600702.SH,20240906,43.02,43.04,42.02,42.03,43.03,-1.0,-2.324,42993.27,182171.798
920344.BJ,20240906,14.3,14.3,14.0,14.08,14.16,-0.08,-0.565,614.81,866.364
002428.SZ,20240906,12.22,12.4,12.02,12.32,12.21,0.11,0.9009,357872.62,437183.314
920792.BJ,20240906,5.4,5.68,5.31,5.33,5.35,-0.02,-0.3738,2214.37,1192.69
688508.SH,20240906,31.78,32.0,30.1,30.33,31.74,-1.41,-4.4423,13936.41,42954.948
603383.SH,20240906,26.88,27.75,25.68,25.71,26.41,-0.7,-2.6505,96907.7,259127.999
601968.SH,20240906,4.39,4.39,4.32,4.32,4.39,-0.07,-1.5945,26268.64,11414.494
000809.SZ,20240906,2.11,2.12,2.07,2.07,2.1,-0.03,-1.4286,7317.0,1527.731
300470.SZ,20240906,32.28,32.49,31.8,31.86,32.28,-0.42,-1.3011,5761.79,18431.13
603906.SH,20240906,7.01,7.02,6.8,6.81,6.98,-0.17,-2.4355,50747.0,34896.582
000701.SZ,20240906,3.51,3.54,3.42,3.42,3.52,-0.1,-2.8409,92810.0,32246.696
603676.SH,20240906,7.83,7.84,7.56,7.59,7.83,-0.24,-3.0651,25036.0,19250.561
001205.SZ,20240906,15.6,15.84,15.3,15.4,15.6,-0.2,-1.2821,16640.59,25902.537
002419.SZ,20240906,4.13,4.18,4.11,4.12,4.13,-0.01,-0.2421,79643.0,33023.067
002036.SZ,20240906,7.06,7.43,6.9,7.43,6.75,0.68,10.0741,1042545.94,765447.242
600438.SH,20240906,19.39,19.39,19.07,19.11,19.37,-0.26,-1.3423,123083.3,235652.48
603232.SH,20240906,10.85,10.93,10.15,10.4,10.85,-0.45,-4.1475,230312.09,238291.773
688459.SH,20240906,8.28,8.45,8.27,8.3,8.35,-0.05,-0.5988,6560.61,5500.729
000735.SZ,20240906,4.83,4.84,4.73,4.74,4.79,-0.05,-1.0438,113962.38,54338.063
688286.SH,20240906,35.36,36.3,33.18,33.2,34.83,-1.63,-4.6799,10673.34,36139.921
002337.SZ,20240906,3.89,3.89,3.81,3.81,3.87,-0.06,-1.5504,50953.0,19586.877
300264.SZ,20240906,4.49,4.59,4.35,4.37,4.53,-0.16,-3.532,216751.25,96544.514
002571.SZ,20240906,4.15,4.17,3.97,4.03,4.16,-0.13,-3.125,242300.81,97824.783
002017.SZ,20240906,8.07,8.21,8.0,8.02,8.12,-0.1,-1.2315,75951.29,61516.887
002281.SZ,20240906,27.32,27.55,26.31,26.36,27.39,-1.03,-3.7605,182725.0,490619.585
601888.SH,20240906,58.68,58.68,56.8,56.82,58.73,-1.91,-3.2522,185672.06,1066413.777
605122.SH,20240906,8.88,8.93,8.8,8.81,8.94,-0.13,-1.4541,9289.0,8215.65
002390.SZ,20240906,3.13,3.15,3.07,3.07,3.13,-0.06,-1.9169,102320.0,31679.328
300504.SZ,20240906,14.93,15.05,14.23,14.6,15.31,-0.71,-4.6375,161157.56,234742.598
300445.SZ,20240906,14.12,14.15,13.69,13.7,14.12,-0.42,-2.9745,13627.0,18877.936
301118.SZ,20240906,15.61,15.69,15.23,15.29,15.66,-0.37,-2.3627,13542.0,20851.231
603536.SH,20240906,7.3,7.32,7.13,7.14,7.28,-0.14,-1.9231,22694.4,16364.879
300584.SZ,20240906,21.11,21.11,19.69,19.9,21.71,-1.81,-8.3372,123656.5,250622.294
600688.SH,20240906,2.55,2.57,2.53,2.54,2.54,0.0,0.0,164548.37,41887.449
301166.SZ,20240906,27.56,27.75,26.26,26.3,27.42,-1.12,-4.0846,16103.0,43043.707
601811.SH,20240906,14.79,15.03,14.66,14.76,14.85,-0.09,-0.6061,35918.0,53440.594
920407.BJ,20240906,8.53,8.55,8.19,8.23,8.52,-0.29,-3.4038,3744.51,3109.116
300211.SZ,20240906,5.67,5.69,5.46,5.47,5.66,-0.19,-3.3569,89598.0,49592.53
688113.SH,20240906,24.86,25.11,24.11,24.16,25.06,-0.9,-3.5914,1427.64,3498.467
001330.SZ,20240906,4.1,4.13,4.06,4.07,4.12,-0.05,-1.2136,39150.0,15975.103
605289.SH,20240906,19.83,22.0,19.81,21.54,20.01,1.53,7.6462,79574.97,166614.055
300844.SZ,20240906,25.95,25.95,25.14,25.16,25.94,-0.78,-3.0069,8268.0,20997.157
688208.SH,20240906,24.06,24.17,23.5,23.6,24.06,-0.46,-1.9119,21911.06,52139.293
000727.SZ,20240906,1.96,1.97,1.91,1.92,1.96,-0.04,-2.0408,436335.0,84067.403
300129.SZ,20240906,6.71,6.71,6.45,6.48,6.7,-0.22,-3.2836,98589.0,64488.529
603486.SH,20240906,42.48,43.65,41.75,41.83,42.45,-0.62,-1.4605,78713.85,336657.043
300594.SZ,20240906,13.8,13.9,13.4,13.4,13.8,-0.4,-2.8986,18755.0,25615.505
603305.SH,20240906,9.26,9.32,9.0,9.01,9.23,-0.22,-2.3835,68452.23,62314.235
300173.SZ,20240906,3.39,3.39,3.26,3.26,3.39,-0.13,-3.8348,116011.0,38462.952
601156.SH,20240906,15.92,16.12,15.58,15.64,15.95,-0.31,-1.9436,60759.28,95987.375
301355.SZ,20240906,9.68,9.75,9.6,9.63,9.68,-0.05,-0.5165,13836.36,13345.615
002429.SZ,20240906,4.62,4.69,4.58,4.65,4.61,0.04,0.8677,296725.24,138032.742
603949.SH,20240906,10.15,10.16,9.94,9.95,10.15,-0.2,-1.9704,10578.0,10597.727
002253.SZ,20240906,9.85,9.96,9.68,9.69,9.85,-0.16,-1.6244,38671.3,37947.597
000546.SZ,20240906,4.6,4.62,4.42,4.43,4.63,-0.2,-4.3197,320296.36,143840.552
300067.SZ,20240906,3.27,3.32,3.19,3.19,3.28,-0.09,-2.7439,311795.9,100907.879
301192.SZ,20240906,15.47,15.51,14.97,14.97,15.44,-0.47,-3.044,4496.0,6837.077
002686.SZ,20240906,4.04,4.07,4.0,4.01,4.06,-0.05,-1.2315,45819.5,18474.482
603320.SH,20240906,13.08,13.34,12.73,12.78,13.14,-0.36,-2.7397,32909.0,42706.419
301302.SZ,20240906,13.85,13.98,13.34,13.34,13.88,-0.54,-3.8905,29244.26,39757.679
920427.BJ,20240906,8.2,8.49,8.12,8.3,8.21,0.09,1.0962,3791.18,3112.814
688234.SH,20240906,48.67,48.99,47.88,48.15,48.43,-0.28,-0.5782,14791.78,71543.626
000623.SZ,20240906,13.2,13.3,13.0,13.03,13.12,-0.09,-0.686,76675.95,100988.791
002925.SZ,20240906,11.82,11.85,11.51,11.54,11.88,-0.34,-2.862,48507.0,56347.067
001268.SZ,20240906,15.88,16.08,15.52,15.61,15.98,-0.37,-2.3154,5884.0,9277.293
000521.SZ,20240906,8.64,8.8,8.48,8.5,8.65,-0.15,-1.7341,236791.25,204071.998
000404.SZ,20240906,6.16,6.22,6.02,6.04,6.18,-0.14,-2.2654,101278.0,61833.417
301510.SZ,20240906,20.3,20.39,19.77,19.78,20.29,-0.51,-2.5136,22984.14,45907.869
603267.SH,20240906,31.9,31.96,30.92,30.92,31.81,-0.89,-2.7979,25748.0,80286.157
600875.SH,20240906,13.19,13.22,12.93,12.94,13.18,-0.24,-1.8209,135312.57,176747.084
002756.SZ,20240906,32.2,32.48,31.66,31.75,32.29,-0.54,-1.6723,37771.3,120412.424
002009.SZ,20240906,10.9,10.9,10.53,10.54,10.86,-0.32,-2.9466,58044.0,61908.357
002871.SZ,20240906,7.8,7.86,7.68,7.72,7.84,-0.12,-1.5306,23510.0,18242.504
301110.SZ,20240906,29.49,30.3,28.61,28.93,29.52,-0.59,-1.9986,13029.8,38495.959
603939.SH,20240906,20.09,20.33,19.01,19.08,20.0,-0.92,-4.6,161292.19,311699.044
603535.SH,20240906,9.19,9.19,8.91,8.96,9.15,-0.19,-2.0765,9586.66,8658.373
601166.SH,20240906,16.31,16.6,16.31,16.39,16.3,0.09,0.5521,404647.31,667442.013
300964.SZ,20240906,32.84,32.84,31.46,31.63,32.82,-1.19,-3.6258,18531.0,59298.406
600011.SH,20240906,6.75,6.86,6.66,6.67,6.76,-0.09,-1.3314,544738.38,368958.672
002909.SZ,20240906,3.96,3.98,3.88,3.89,3.97,-0.08,-2.0151,42414.0,16629.047
002582.SZ,20240906,4.73,4.75,4.64,4.67,4.71,-0.04,-0.8493,48237.0,22655.136
688526.SH,20240906,12.15,12.15,11.69,11.69,12.08,-0.39,-3.2285,10947.55,12933.236
920047.BJ,20240906,11.2,11.26,10.51,10.64,11.16,-0.52,-4.6595,13992.77,15088.62
300341.SZ,20240906,8.34,8.37,8.18,8.18,8.33,-0.15,-1.8007,24839.0,20585.397
002352.SZ,20240906,36.68,37.09,36.29,36.33,36.68,-0.35,-0.9542,88152.88,321820.666
000713.SZ,20240906,5.63,5.67,5.54,5.57,5.66,-0.09,-1.5901,58039.6,32527.738
688005.SH,20240906,20.95,21.49,20.71,20.77,20.98,-0.21,-1.001,65290.64,137379.889
002317.SZ,20240906,11.71,11.83,11.31,11.34,11.66,-0.32,-2.7444,135048.64,155296.6
300046.SZ,20240906,15.47,16.54,15.43,15.69,15.57,0.12,0.7707,273667.0,436954.423
603096.SH,20240906,15.75,15.75,15.23,15.24,15.5,-0.26,-1.6774,9913.0,15204.864
603662.SH,20240906,24.45,25.07,24.17,24.53,24.57,-0.04,-0.1628,123049.99,302766.378
301398.SZ,20240906,34.57,35.89,34.1,34.12,34.75,-0.63,-1.8129,19906.81,69394.407
300829.SZ,20240906,13.5,13.51,13.14,13.16,13.53,-0.37,-2.7347,12878.23,17126.161
002597.SZ,20240906,21.59,21.67,20.9,21.35,21.58,-0.23,-1.0658,53240.04,112939.331
300642.SZ,20240906,12.76,12.85,12.21,12.27,12.87,-0.6,-4.662,65037.82,80658.592
002141.SZ,20240906,1.34,1.4,1.33,1.38,1.33,0.05,3.7594,434500.0,59682.682
300619.SZ,20240906,23.09,26.48,22.9,24.16,22.86,1.3,5.6868,144403.64,355734.294
688023.SH,20240906,29.98,29.98,28.9,29.08,29.9,-0.82,-2.7425,13981.53,41045.107
600961.SH,20240906,6.97,6.98,6.84,6.85,6.92,-0.07,-1.0116,77650.46,53503.762
000668.SZ,20240906,6.21,6.24,6.02,6.08,6.18,-0.1,-1.6181,20323.0,12415.301
001226.SZ,20240906,21.11,21.22,20.62,20.64,21.11,-0.47,-2.2264,9002.0,18803.273
600819.SH,20240906,4.33,4.37,4.28,4.28,4.39,-0.11,-2.5057,81583.0,35198.268
600477.SH,20240906,2.2,2.21,2.15,2.16,2.2,-0.04,-1.8182,112536.56,24479.018
301210.SZ,20240906,27.24,27.28,26.49,26.58,27.16,-0.58,-2.1355,6145.94,16470.318
002889.SZ,20240906,15.93,15.96,15.54,15.57,16.01,-0.44,-2.7483,62609.36,98590.897
300327.SZ,20240906,17.83,18.0,17.48,17.49,17.97,-0.48,-2.6711,31386.28,55507.811
603073.SH,20240906,13.24,13.3,12.92,12.93,13.25,-0.32,-2.4151,5315.02,6937.246
301305.SZ,20240906,15.1,15.15,14.89,14.91,15.08,-0.17,-1.1273,6833.6,10261.715
001216.SZ,20240906,12.66,12.66,12.0,12.15,13.17,-1.02,-7.7449,126794.0,155850.048
600518.SH,20240906,1.77,1.78,1.76,1.76,1.77,-0.01,-0.565,478644.49,84649.16
600817.SH,20240906,10.25,10.75,10.05,10.1,10.09,0.01,0.0991,278411.7,288904.469
600999.SH,20240906,15.26,15.33,14.95,15.08,15.01,0.07,0.4664,315977.19,479542.72
920870.BJ,20240906,7.84,7.84,7.5,7.52,7.8,-0.28,-3.5897,14279.42,10876.708
000021.SZ,20240906,13.51,13.51,13.12,13.15,13.5,-0.35,-2.5926,241156.0,320772.434
600141.SH,20240906,19.03,19.2,18.9,18.96,19.09,-0.13,-0.681,83192.0,158278.443
002423.SZ,20240906,7.47,7.53,7.33,7.33,7.41,-0.08,-1.0796,158168.7,117563.28
605567.SH,20240906,7.72,7.76,7.55,7.56,7.72,-0.16,-2.0725,14560.0,11068.522
688236.SH,20240906,11.3,11.3,10.8,10.83,11.25,-0.42,-3.7333,15140.22,16566.227
300238.SZ,20240906,10.12,10.15,9.46,9.48,10.15,-0.67,-6.601,222033.82,215149.976
688115.SH,20240906,22.48,22.5,21.34,21.5,22.3,-0.8,-3.5874,8007.83,17423.151
301149.SZ,20240906,8.82,8.82,8.18,8.18,8.76,-0.58,-6.621,116212.33,97355.804
688486.SH,20240906,43.28,44.38,41.81,41.81,43.43,-1.62,-3.7301,4469.4,19020.233
002585.SZ,20240906,4.57,4.58,4.42,4.44,4.56,-0.12,-2.6316,88556.37,39686.669
002640.SZ,20240906,1.64,1.77,1.64,1.77,1.61,0.16,9.9379,983443.48,168355.961
600604.SH,20240906,3.5,3.56,3.46,3.51,3.48,0.03,0.8621,80409.2,28281.515
000062.SZ,20240906,38.76,41.55,38.5,41.55,37.77,3.78,10.0079,1121084.29,4546654.493
300184.SZ,20240906,6.84,7.12,6.6,6.6,6.96,-0.36,-5.1724,2517618.55,1714564.818
603496.SH,20240906,20.93,21.1,20.25,20.26,21.01,-0.75,-3.5697,94764.0,194547.541
600467.SH,20240906,1.54,1.55,1.48,1.5,1.56,-0.06,-3.8462,399030.0,60271.355
603209.SH,20240906,14.17,14.24,14.04,14.09,14.17,-0.08,-0.5646,15350.4,21697.884
605090.SH,20240906,26.0,26.15,25.65,25.72,26.05,-0.33,-1.2668,28445.8,73322.277
300545.SZ,20240906,24.0,24.26,23.36,23.51,24.14,-0.63,-2.6098,56452.0,133550.601
300261.SZ,20240906,5.33,5.39,5.26,5.26,5.36,-0.1,-1.8657,60856.0,32265.494
300786.SZ,20240906,10.6,11.1,10.54,10.79,10.85,-0.06,-0.553,164635.93,178450.291
603466.SH,20240906,8.02,8.35,7.75,7.75,8.12,-0.37,-4.5567,349725.85,280541.24
600300.SH,20240906,2.37,2.37,2.33,2.34,2.36,-0.02,-0.8475,103697.11,24386.203
600326.SH,20240906,5.09,5.6,5.09,5.31,5.13,0.18,3.5088,1722822.37,922404.007
688248.SH,20240906,26.07,26.11,25.61,25.69,26.07,-0.38,-1.4576,19846.29,51323.01
688356.SH,20240906,50.53,51.38,48.4,48.41,50.89,-2.48,-4.8733,3211.26,15826.373
601686.SH,20240906,5.3,5.35,5.3,5.3,5.32,-0.02,-0.3759,9391.0,5000.097
300124.SZ,20240906,42.6,42.74,42.03,42.1,42.58,-0.48,-1.1273,52758.66,223132.678
600841.SH,20240906,3.69,4.05,3.68,4.05,3.68,0.37,10.0543,117134.0,46490.571
300076.SZ,20240906,3.61,3.73,3.52,3.53,3.61,-0.08,-2.2161,188318.0,67951.896
300854.SZ,20240906,10.38,10.52,10.22,10.24,10.38,-0.14,-1.3487,18235.0,18815.626
603968.SH,20240906,8.71,8.77,8.45,8.46,8.69,-0.23,-2.6467,15220.0,13064.935
002081.SZ,20240906,2.94,2.95,2.91,2.92,2.95,-0.03,-1.0169,71059.0,20790.731
601877.SH,20240906,18.93,18.93,18.52,18.53,18.87,-0.34,-1.8018,74200.67,138618.38
601011.SH,20240906,1.68,1.71,1.64,1.65,1.65,0.0,0.0,186300.0,31125.086
688551.SH,20240906,25.87,25.87,24.75,24.82,25.84,-1.02,-3.9474,3699.46,9318.553
688068.SH,20240906,25.12,25.32,24.68,24.83,25.08,-0.25,-0.9968,6131.22,15279.544
300485.SZ,20240906,6.62,6.64,6.36,6.39,6.58,-0.19,-2.8875,23066.0,14949.218
301261.SZ,20240906,34.31,34.65,33.65,33.76,34.58,-0.82,-2.3713,9615.96,32676.621
300897.SZ,20240906,18.16,18.39,17.7,17.74,18.17,-0.43,-2.3665,13164.04,23633.216
301029.SZ,20240906,17.82,17.82,17.16,17.19,17.72,-0.53,-2.991,28616.4,49750.714
002350.SZ,20240906,4.86,4.87,4.75,4.76,4.86,-0.1,-2.0576,39209.59,18821.238
688273.SH,20240906,21.3,21.3,20.6,20.7,21.28,-0.58,-2.7256,5827.36,12166.055
600576.SH,20240906,4.98,5.49,4.9,5.28,4.99,0.29,5.8116,646001.71,340368.172
688573.SH,20240906,14.33,14.65,14.28,14.3,14.65,-0.35,-2.3891,10099.12,14578.865
603577.SH,20240906,6.83,6.9,6.69,6.69,6.86,-0.17,-2.4781,28622.0,19342.926
600561.SH,20240906,4.49,4.76,4.48,4.54,4.4,0.14,3.1818,257305.0,118275.648
603357.SH,20240906,7.89,8.3,7.87,7.95,7.92,0.03,0.3788,104438.68,84204.766
000690.SZ,20240906,3.98,4.0,3.92,3.93,3.98,-0.05,-1.2563,203456.45,80553.926
600076.SH,20240906,1.39,1.4,1.37,1.38,1.4,-0.02,-1.4286,77186.0,10693.495
603111.SH,20240906,5.19,5.2,5.07,5.07,5.19,-0.12,-2.3121,38734.26,19866.528
300913.SZ,20240906,27.31,27.5,26.44,26.45,27.28,-0.83,-3.0425,26634.83,71674.623
002186.SZ,20240906,8.71,8.86,8.61,8.64,8.71,-0.07,-0.8037,35945.99,31405.513
688355.SH,20240906,13.5,13.66,13.09,13.12,13.44,-0.32,-2.381,8685.04,11600.322
920006.BJ,20240906,8.96,9.15,8.87,8.93,8.93,0.0,0.0,6848.74,6149.759
600719.SH,20240906,4.95,4.99,4.81,4.82,4.94,-0.12,-2.4291,133620.59,65058.136
688275.SH,20240906,26.24,26.24,25.11,25.19,25.98,-0.79,-3.0408,5247.33,13361.358
688768.SH,20240906,22.95,23.0,22.1,22.22,22.95,-0.73,-3.1808,3672.81,8228.368
301198.SZ,20240906,8.28,8.35,7.86,7.9,8.21,-0.31,-3.7759,75513.45,60864.184
301219.SZ,20240906,36.1,36.12,34.79,34.79,35.99,-1.2,-3.3343,25064.19,88325.087
002402.SZ,20240906,9.52,9.52,9.17,9.19,9.5,-0.31,-3.2632,93584.95,87001.056
603955.SH,20240906,7.31,7.34,7.07,7.09,7.32,-0.23,-3.1421,44626.5,31950.23
000807.SZ,20240906,11.78,11.82,11.58,11.6,11.79,-0.19,-1.6115,181952.49,212465.465
600675.SH,20240906,2.52,2.53,2.47,2.48,2.51,-0.03,-1.1952,101861.77,25361.929
000750.SZ,20240906,3.19,3.19,3.19,3.19,2.9,0.29,10.0,1426192.74,454955.484
688550.SH,20240906,19.9,20.06,19.36,19.38,20.06,-0.68,-3.3898,21639.03,42449.423
000617.SZ,20240906,5.08,5.13,4.99,5.0,5.06,-0.06,-1.1858,319910.81,161975.766
000958.SZ,20240906,3.34,3.38,3.31,3.33,3.33,0.0,0.0,105793.0,35350.921
920368.BJ,20240906,19.56,19.56,18.75,18.76,19.52,-0.76,-3.8934,11254.61,21500.915
000785.SZ,20240906,2.4,2.44,2.37,2.38,2.41,-0.03,-1.2448,179930.88,43221.33
300139.SZ,20240906,12.29,12.69,12.17,12.63,12.19,0.44,3.6095,381950.11,475491.071
600644.SH,20240906,5.39,5.41,5.3,5.3,5.39,-0.09,-1.6698,27058.0,14445.819
002605.SZ,20240906,20.68,20.98,20.33,20.58,20.76,-0.18,-0.8671,78099.96,161526.877
603661.SH,20240906,31.5,31.62,30.67,30.69,31.63,-0.94,-2.9719,5295.18,16411.735
920942.BJ,20240906,8.04,8.2,7.99,8.01,8.06,-0.05,-0.6203,2567.81,2076.218
688409.SH,20240906,33.75,33.96,31.95,32.09,33.75,-1.66,-4.9185,23774.86,77697.261
600259.SH,20240906,24.99,25.04,24.49,24.52,24.97,-0.45,-1.8022,11768.14,29087.411
002210.SZ,20240906,1.47,1.48,1.45,1.46,1.47,-0.01,-0.6803,107100.0,15662.714
920061.BJ,20240906,10.23,10.34,10.03,10.03,10.25,-0.22,-2.1463,2935.3,3001.993
301263.SZ,20240906,13.19,13.33,12.73,12.8,13.17,-0.37,-2.8094,24115.2,31164.204
300287.SZ,20240906,2.27,2.72,2.26,2.72,2.27,0.45,19.8238,1599854.28,411124.568
920261.BJ,20240906,6.9,7.02,6.89,6.94,6.94,0.0,0.0,1598.53,1112.432
000890.SZ,20240906,2.58,2.6,2.51,2.51,2.55,-0.04,-1.5686,62517.0,15877.543
300554.SZ,20240906,19.3,19.33,18.41,18.41,19.1,-0.69,-3.6126,35385.0,65943.142
301123.SZ,20240906,16.35,16.59,15.85,15.87,16.42,-0.55,-3.3496,35079.0,56273.201
601606.SH,20240906,9.2,9.28,9.07,9.1,9.16,-0.06,-0.655,37586.0,34305.362
600880.SH,20240906,3.65,3.67,3.61,3.63,3.65,-0.02,-0.5479,93448.0,34026.404
600508.SH,20240906,11.25,11.28,11.12,11.14,11.25,-0.11,-0.9778,26356.0,29412.529
300386.SZ,20240906,9.91,11.42,9.83,10.58,9.52,1.06,11.1345,855355.74,923996.894
688210.SH,20240906,20.09,20.09,19.44,19.55,20.09,-0.54,-2.6879,21202.69,41665.505
300977.SZ,20240906,16.06,16.22,15.42,15.52,16.3,-0.78,-4.7853,72150.0,113971.344
002122.SZ,20240906,2.05,2.07,2.0,2.01,2.06,-0.05,-2.4272,207670.1,42156.113
600500.SH,20240906,3.8,3.81,3.72,3.74,3.79,-0.05,-1.3193,120269.72,45155.755
000333.SZ,20240906,63.6,64.55,62.9,63.02,63.59,-0.57,-0.8964,233201.64,1480652.837
003002.SZ,20240906,11.5,12.42,11.38,11.73,11.6,0.13,1.1207,111197.61,132287.622
601086.SH,20240906,3.74,3.99,3.68,3.86,3.63,0.23,6.3361,332649.0,130190.759
300908.SZ,20240906,23.76,23.9,23.23,23.28,23.9,-0.62,-2.5941,6170.4,14499.435
000993.SZ,20240906,7.81,7.84,7.67,7.69,7.81,-0.12,-1.5365,25027.0,19374.515
920017.BJ,20240906,10.7,10.7,10.46,10.51,10.62,-0.11,-1.0358,4262.14,4490.121
002832.SZ,20240906,17.98,18.03,17.62,17.65,17.95,-0.3,-1.6713,38112.1,67678.142
300110.SZ,20240906,3.1,3.12,3.05,3.05,3.1,-0.05,-1.6129,112788.0,34757.223
603009.SH,20240906,17.19,17.67,16.97,17.15,17.19,-0.04,-0.2327,149401.81,258774.349
002044.SZ,20240906,3.46,3.48,3.42,3.46,3.46,0.0,0.0,210810.64,72812.769
300085.SZ,20240906,9.0,9.15,8.48,8.6,8.64,-0.04,-0.463,230149.67,204391.382
603706.SH,20240906,13.81,13.9,13.55,13.56,13.81,-0.25,-1.8103,10208.0,14023.797
603669.SH,20240906,4.45,4.68,4.06,4.25,4.31,-0.06,-1.3921,59188.39,25854.958
920394.BJ,20240906,11.3,11.4,11.1,11.1,11.42,-0.32,-2.8021,4347.19,4873.0
605186.SH,20240906,18.48,18.52,18.04,18.06,18.46,-0.4,-2.1668,12913.57,23461.128
002643.SZ,20240906,8.47,8.53,8.12,8.15,8.51,-0.36,-4.2303,107007.0,88415.564
300290.SZ,20240906,8.9,9.18,8.78,8.91,8.93,-0.02,-0.224,305851.0,274126.294
600726.SH,20240906,1.98,1.99,1.96,1.98,1.98,0.0,0.0,75897.0,15002.989
688267.SH,20240906,19.04,19.04,18.62,18.84,19.18,-0.34,-1.7727,5422.29,10167.934
688322.SH,20240906,24.39,24.48,23.21,23.31,24.47,-1.16,-4.7405,35567.57,84258.35
603580.SH,20240906,18.14,18.48,18.0,18.11,18.3,-0.19,-1.0383,38570.23,70158.625
920169.BJ,20240906,6.24,6.4,6.07,6.12,6.27,-0.15,-2.3923,27809.56,17247.959
002988.SZ,20240906,14.11,14.12,13.73,13.73,14.03,-0.3,-2.1383,16476.0,22921.793
000592.SZ,20240906,1.46,1.48,1.43,1.43,1.47,-0.04,-2.7211,248802.34,36143.331
002977.SZ,20240906,25.1,25.81,24.59,24.65,25.28,-0.63,-2.4921,12100.07,30068.181
300694.SZ,20240906,8.06,8.14,7.96,7.96,8.06,-0.1,-1.2407,18184.45,14618.591
300679.SZ,20240906,32.93,32.93,31.9,32.29,32.94,-0.65,-1.9733,94325.63,305230.101
600970.SH,20240906,9.45,9.46,9.23,9.28,9.46,-0.18,-1.9027,114487.85,106484.971
300039.SZ,20240906,5.34,5.36,5.2,5.21,5.32,-0.11,-2.0677,79727.97,41949.126
688696.SH,20240906,56.47,56.47,54.54,54.73,56.4,-1.67,-2.961,6266.31,34625.928
300521.SZ,20240906,11.14,11.2,10.46,10.51,11.27,-0.76,-6.7436,61545.6,66842.869
002212.SZ,20240906,4.29,4.3,4.17,4.17,4.29,-0.12,-2.7972,149957.0,63192.071
002777.SZ,20240906,12.54,12.57,12.21,12.25,12.54,-0.29,-2.3126,48896.0,60404.916
000525.SZ,20240906,8.98,9.15,8.71,9.11,8.94,0.17,1.9016,114649.1,102460.089
301270.SZ,20240906,25.49,25.6,24.6,24.7,25.52,-0.82,-3.2132,23245.53,58156.155
603663.SH,20240906,15.0,15.25,14.4,14.45,15.0,-0.55,-3.6667,226145.23,336130.663
002275.SZ,20240906,13.65,13.72,13.55,13.57,13.69,-0.12,-0.8766,17119.0,23294.249
300130.SZ,20240906,16.57,16.83,15.99,16.03,16.6,-0.57,-3.4337,334709.02,546763.346
000058.SZ,20240906,6.75,7.85,6.43,7.43,7.14,0.29,4.0616,1160414.11,839593.671
688475.SH,20240906,26.52,26.52,25.83,25.91,26.43,-0.52,-1.9675,10156.61,26477.345
300893.SZ,20240906,28.03,28.28,27.5,27.64,28.1,-0.46,-1.637,5797.56,16131.493
601669.SH,20240906,4.56,4.62,4.55,4.57,4.57,0.0,0.0,842524.53,385926.344
601500.SH,20240906,4.37,4.39,4.28,4.29,4.37,-0.08,-1.8307,153520.72,66499.903
000880.SZ,20240906,8.64,8.79,8.45,8.5,8.57,-0.07,-0.8168,147520.4,127018.746
600563.SH,20240906,84.89,85.48,82.1,82.26,84.89,-2.63,-3.0981,15247.0,127033.91
603712.SH,20240906,15.85,16.03,15.46,15.49,15.88,-0.39,-2.4559,51098.0,80076.881
600368.SH,20240906,3.36,3.43,3.35,3.36,3.35,0.01,0.2985,143764.81,48842.794
600588.SH,20240906,8.62,8.68,8.43,8.45,8.61,-0.16,-1.8583,92162.95,78452.568
601598.SH,20240906,4.6,4.64,4.54,4.55,4.6,-0.05,-1.087,163794.0,75162.482
603032.SH,20240906,13.42,13.54,12.77,12.8,13.41,-0.61,-4.5488,80546.76,105690.252
600706.SH,20240906,8.55,8.7,8.48,8.54,8.55,-0.01,-0.117,41344.0,35474.712
300949.SZ,20240906,26.61,26.61,25.6,25.68,26.46,-0.78,-2.9478,12308.0,31982.127
603229.SH,20240906,6.9,6.91,6.7,6.71,6.88,-0.17,-2.4709,41291.06,27901.926
688038.SH,20240906,8.89,8.89,8.55,8.66,8.79,-0.13,-1.479,16316.5,14099.906
300303.SZ,20240906,5.1,5.13,4.96,4.98,5.17,-0.19,-3.675,501979.36,252370.283
920943.BJ,20240906,7.65,7.66,7.54,7.54,7.65,-0.11,-1.4379,2193.05,1663.201
300798.SZ,20240906,5.25,5.25,5.08,5.09,5.23,-0.14,-2.6769,46678.56,23948.163
688012.SH,20240906,128.84,129.8,127.2,127.41,128.58,-1.17,-0.9099,20376.72,261603.258
000628.SZ,20240906,36.35,36.45,35.6,35.73,36.35,-0.62,-1.7056,82622.51,296701.109
300094.SZ,20240906,2.8,2.83,2.77,2.77,2.83,-0.06,-2.1201,310024.0,86708.524
300870.SZ,20240906,40.1,40.15,38.74,38.9,39.95,-1.05,-2.6283,13006.04,50949.922
601702.SH,20240906,15.2,15.2,14.61,14.65,15.14,-0.49,-3.2365,60845.18,89787.232
688776.SH,20240906,40.35,41.0,38.2,38.57,40.3,-1.73,-4.2928,21737.55,85117.041
002330.SZ,20240906,3.72,3.72,3.64,3.65,3.71,-0.06,-1.6173,32175.0,11822.641
300508.SZ,20240906,20.4,20.4,19.6,19.62,20.3,-0.68,-3.3498,10781.0,21412.829
600783.SH,20240906,10.16,10.24,10.04,10.06,10.15,-0.09,-0.8867,23071.0,23335.873
600543.SH,20240906,5.06,5.17,4.77,4.9,5.06,-0.16,-3.1621,190095.11,93354.845
002255.SZ,20240906,4.33,4.35,4.25,4.27,4.34,-0.07,-1.6129,52692.0,22577.784
601003.SH,20240906,2.55,2.57,2.53,2.55,2.55,0.0,0.0,82187.0,20933.401
600738.SH,20240906,3.72,3.76,3.68,3.69,3.7,-0.01,-0.2703,69937.0,25973.176
605118.SH,20240906,14.52,14.59,14.05,14.05,14.5,-0.45,-3.1034,33178.0,47194.401
600493.SH,20240906,4.35,4.4,4.26,4.28,4.35,-0.07,-1.6092,53808.0,23295.193
002224.SZ,20240906,3.7,3.92,3.67,3.79,3.7,0.09,2.4324,74252.0,28026.095
002601.SZ,20240906,16.39,16.42,16.1,16.12,16.43,-0.31,-1.8868,98309.0,159931.852
600893.SH,20240906,35.21,35.35,34.89,35.0,35.25,-0.25,-0.7092,63765.59,223702.237
301515.SZ,20240906,16.8,17.75,16.55,16.65,16.77,-0.12,-0.7156,26746.42,45775.703
300194.SZ,20240906,3.88,3.89,3.81,3.82,3.87,-0.05,-1.292,140815.13,54156.018
600828.SH,20240906,2.4,2.66,2.4,2.66,2.42,0.24,9.9174,351011.21,91525.92
688536.SH,20240906,76.86,76.86,74.28,74.41,76.76,-2.35,-3.0615,6653.88,50019.823
601919.SH,20240906,11.97,12.03,11.82,11.85,11.96,-0.11,-0.9197,419430.49,500227.052
002897.SZ,20240906,34.77,34.77,33.6,33.72,34.82,-1.1,-3.1591,65539.39,222653.256
301105.SZ,20240906,24.13,24.2,23.36,23.36,24.13,-0.77,-3.191,3662.04,8676.159
600137.SH,20240906,11.78,11.81,11.58,11.58,11.77,-0.19,-1.6143,5499.0,6397.816
300749.SZ,20240906,5.3,5.33,5.15,5.16,5.3,-0.14,-2.6415,22851.0,11889.092
002104.SZ,20240906,6.38,6.38,6.38,6.38,5.8,0.58,10.0,158213.91,100940.475
603779.SH,20240906,8.03,8.03,7.88,7.88,7.98,-0.1,-1.2531,18428.8,14646.498
300583.SZ,20240906,13.31,13.59,12.79,12.81,13.2,-0.39,-2.9545,50387.8,66621.711
600052.SH,20240906,3.52,3.52,3.42,3.43,3.46,-0.03,-0.8671,41764.0,14403.925
000014.SZ,20240906,8.08,8.25,7.94,7.99,8.13,-0.14,-1.722,46869.0,37583.536
300430.SZ,20240906,11.15,11.18,10.6,10.65,11.15,-0.5,-4.4843,102868.01,111273.904
300762.SZ,20240906,13.79,13.86,13.23,13.28,13.78,-0.5,-3.6284,132171.0,177884.408
002461.SZ,20240906,8.81,8.81,8.61,8.63,8.81,-0.18,-2.0431,47233.0,41055.927
000601.SZ,20240906,3.54,3.55,3.48,3.5,3.53,-0.03,-0.8499,28204.7,9906.715
688105.SH,20240906,19.58,19.85,18.93,19.18,19.52,-0.34,-1.7418,8912.98,17038.929
002803.SZ,20240906,10.24,10.33,10.02,10.04,10.26,-0.22,-2.1442,33478.0,33980.21
603303.SH,20240906,10.55,10.55,10.23,10.25,10.5,-0.25,-2.381,7024.0,7271.438
603444.SH,20240906,203.99,204.5,199.19,199.58,203.84,-4.26,-2.0899,10049.43,202503.293
002085.SZ,20240906,12.7,13.56,12.66,12.75,12.72,0.03,0.2358,1895638.52,2487383.51
600055.SH,20240906,12.49,12.54,12.2,12.22,12.48,-0.26,-2.0833,21779.0,26786.655
601111.SH,20240906,6.79,6.81,6.74,6.75,6.79,-0.04,-0.5891,146566.1,99230.927
003029.SZ,20240906,17.49,17.8,17.07,17.1,17.68,-0.58,-3.2805,54905.0,94980.039
300121.SZ,20240906,6.97,6.98,6.85,6.85,7.0,-0.15,-2.1429,25190.69,17389.548
002469.SZ,20240906,4.83,4.84,4.72,4.72,4.78,-0.06,-1.2552,34855.79,16644.221
301526.SZ,20240906,3.0,3.03,2.95,2.95,3.02,-0.07,-2.3179,97913.0,29189.79
000738.SZ,20240906,18.91,19.0,18.49,18.53,18.91,-0.38,-2.0095,46620.0,87286.708
600559.SH,20240906,17.53,17.53,17.09,17.11,17.57,-0.46,-2.6181,126790.44,218631.442
605009.SH,20240906,33.29,33.46,32.2,32.33,33.29,-0.96,-2.8837,6354.27,20753.321
688126.SH,20240906,14.33,14.57,14.13,14.13,14.4,-0.27,-1.875,42537.86,60684.53
600862.SH,20240906,18.69,18.84,18.5,18.52,18.7,-0.18,-0.9626,38440.0,71548.145
600730.SH,20240906,4.64,4.76,4.61,4.64,4.77,-0.13,-2.7254,426762.43,199335.605
920833.BJ,20240906,7.35,7.48,7.35,7.41,7.38,0.03,0.4065,3359.5,2491.81
600639.SH,20240906,9.38,9.75,9.33,9.43,9.36,0.07,0.7479,65113.29,61910.832
601226.SH,20240906,4.75,4.75,4.64,4.65,4.73,-0.08,-1.6913,35027.93,16397.191
605319.SH,20240906,16.24,16.42,15.93,15.95,16.36,-0.41,-2.5061,8381.0,13522.038
002449.SZ,20240906,7.1,7.13,6.84,6.85,7.04,-0.19,-2.6989,110058.66,76333.704
002580.SZ,20240906,6.37,6.46,6.25,6.29,6.46,-0.17,-2.6316,135560.34,86166.171
603277.SH,20240906,24.4,24.41,23.92,24.3,24.29,0.01,0.0412,9160.5,22133.054
600830.SH,20240906,8.0,8.07,7.75,7.77,7.98,-0.21,-2.6316,145907.41,115533.94
603233.SH,20240906,13.8,13.9,13.36,13.42,13.8,-0.38,-2.7536,126210.47,171070.035
300628.SZ,20240906,33.81,33.98,32.52,32.6,33.69,-1.09,-3.2354,30846.1,101539.148
603755.SH,20240906,23.39,23.48,22.74,23.0,23.38,-0.38,-1.6253,3423.95,7876.238
300468.SZ,20240906,9.22,9.52,8.92,8.96,9.16,-0.2,-2.1834,459533.34,424882.207
301238.SZ,20240906,14.08,14.18,13.67,13.69,14.11,-0.42,-2.9766,115507.21,160713.354
600975.SH,20240906,5.5,5.51,5.36,5.36,5.48,-0.12,-2.1898,173701.63,93971.422
603928.SH,20240906,7.46,7.47,7.17,7.21,7.47,-0.26,-3.4806,34262.2,24938.354
300835.SZ,20240906,23.13,23.15,22.44,22.49,23.13,-0.64,-2.767,14379.1,32634.914
301606.SZ,20240906,28.24,28.56,27.28,27.31,28.34,-1.03,-3.6344,41132.39,114443.569
300019.SZ,20240906,10.98,11.1,10.87,10.89,11.06,-0.17,-1.5371,24067.0,26301.063
603313.SH,20240906,5.91,5.91,5.7,5.72,5.89,-0.17,-2.8862,51793.72,29874.187
600623.SH,20240906,5.94,5.95,5.88,5.89,5.93,-0.04,-0.6745,65095.01,38540.945
300942.SZ,20240906,6.61,6.68,6.37,6.39,6.65,-0.26,-3.9098,38818.0,25232.935
301196.SZ,20240906,28.84,29.09,28.61,28.61,28.82,-0.21,-0.7287,6264.34,18043.33
920895.BJ,20240906,7.02,7.02,6.82,6.84,7.01,-0.17,-2.4251,3762.83,2586.835
603527.SH,20240906,7.07,7.07,6.88,6.89,7.03,-0.14,-1.9915,28065.0,19489.724
601022.SH,20240906,7.6,7.62,7.42,7.43,7.6,-0.17,-2.2368,46716.0,35145.428
603607.SH,20240906,13.04,13.11,12.8,12.85,13.09,-0.24,-1.8335,41176.89,53233.549
920839.BJ,20240906,9.33,9.38,9.23,9.35,9.39,-0.04,-0.426,1468.36,1365.356
603333.SH,20240906,3.13,3.13,3.06,3.07,3.13,-0.06,-1.9169,51644.0,15949.724
600865.SH,20240906,6.49,6.52,6.35,6.37,6.45,-0.08,-1.2403,11728.05,7552.603
600789.SH,20240906,7.14,7.17,7.0,7.02,7.16,-0.14,-1.9553,314043.65,221824.878
301117.SZ,20240906,25.08,25.29,24.3,24.34,25.11,-0.77,-3.0665,29438.0,72556.517
300492.SZ,20240906,66.06,67.4,63.65,63.7,66.4,-2.7,-4.0663,9139.0,59722.701
600887.SH,20240906,22.52,22.66,22.26,22.26,22.52,-0.26,-1.1545,259589.69,583603.338
601963.SH,20240906,6.82,6.87,6.78,6.78,6.82,-0.04,-0.5865,44691.0,30514.67
002158.SZ,20240906,17.15,17.15,16.68,16.7,17.07,-0.37,-2.1675,28163.52,47492.251
603589.SH,20240906,35.77,36.04,35.55,35.58,35.96,-0.38,-1.0567,15991.0,57181.525
688102.SH,20240906,7.18,7.18,6.94,6.95,7.15,-0.2,-2.7972,31563.9,22243.085
603987.SH,20240906,6.2,6.24,6.05,6.07,6.21,-0.14,-2.2544,42467.0,26013.359
920964.BJ,20240906,2.72,2.74,2.69,2.71,2.74,-0.03,-1.0949,7128.39,1930.895
600722.SH,20240906,3.74,3.74,3.66,3.68,3.74,-0.06,-1.6043,28139.5,10418.759
000505.SZ,20240906,5.56,5.75,5.39,5.47,5.6,-0.13,-2.3214,257232.54,142917.721
002507.SZ,20240906,12.24,12.45,12.13,12.19,12.21,-0.02,-0.1638,128421.28,158034.736
301153.SZ,20240906,19.3,20.2,19.04,20.01,20.52,-0.51,-2.4854,209375.8,408259.132
301178.SZ,20240906,20.3,20.3,19.75,19.8,20.2,-0.4,-1.9802,14184.8,28373.431
600030.SH,20240906,19.44,19.58,19.04,19.06,19.11,-0.05,-0.2616,1176128.17,2270723.933
002389.SZ,20240906,13.24,13.27,12.92,12.95,13.2,-0.25,-1.8939,75076.5,98020.127
600188.SH,20240906,14.08,14.12,13.86,13.89,14.08,-0.19,-1.3494,183703.58,256293.255
301607.SZ,20240906,45.51,56.4,45.5,48.0,44.08,3.92,8.8929,177267.76,892118.442
300165.SZ,20240906,2.61,2.64,2.52,2.52,2.63,-0.11,-4.1825,184363.0,47380.878
600599.SH,20240906,11.31,11.62,11.16,11.62,11.07,0.55,4.9684,30111.64,34651.958
600094.SH,20240906,3.18,3.22,3.15,3.16,3.17,-0.01,-0.3155,92914.0,29531.925
601390.SH,20240906,5.3,5.33,5.25,5.25,5.29,-0.04,-0.7561,538777.67,284987.391
002890.SZ,20240906,8.31,8.4,8.15,8.17,8.33,-0.16,-1.9208,8874.9,7307.922
300146.SZ,20240906,11.09,11.11,10.86,10.87,11.08,-0.21,-1.8953,51289.88,56098.127
603016.SH,20240906,14.68,14.68,14.1,14.1,14.6,-0.5,-3.4247,9121.0,13037.236
300848.SZ,20240906,13.05,13.15,12.78,12.81,13.19,-0.38,-2.881,10807.15,13970.679
300278.SZ,20240906,3.05,3.05,2.94,2.96,3.05,-0.09,-2.9508,130412.89,38978.252
601212.SH,20240906,2.58,2.59,2.55,2.56,2.57,-0.01,-0.3891,246110.0,63208.27
603322.SH,20240906,26.27,26.49,25.87,26.0,26.28,-0.28,-1.0654,31674.0,82698.58
300349.SZ,20240906,11.13,11.18,10.62,10.63,11.18,-0.55,-4.9195,118249.4,128348.852
601061.SH,20240906,6.9,6.98,6.86,6.86,6.9,-0.04,-0.5797,60787.0,42077.289
002367.SZ,20240906,5.51,5.52,5.41,5.41,5.52,-0.11,-1.9928,32529.0,17729.28
600502.SH,20240906,4.0,4.03,3.95,3.95,3.99,-0.04,-1.0025,135236.86,54080.841
300963.SZ,20240906,7.41,7.44,7.13,7.14,7.4,-0.26,-3.5135,39069.72,28384.952
300493.SZ,20240906,8.87,8.88,8.48,8.51,8.88,-0.37,-4.1667,133793.04,115418.738
002747.SZ,20240906,12.2,12.28,11.91,11.93,12.21,-0.28,-2.2932,60409.82,72616.649
603809.SH,20240906,7.34,7.34,7.08,7.1,7.27,-0.17,-2.3384,42798.76,30618.173
003013.SZ,20240906,12.54,12.54,12.31,12.31,12.49,-0.18,-1.4412,9616.0,11933.828
603958.SH,20240906,8.68,8.78,8.5,8.53,8.75,-0.22,-2.5143,58259.0,50192.848
600227.SH,20240906,1.47,1.49,1.42,1.43,1.48,-0.05,-3.3784,123545.0,17856.616
601601.SH,20240906,30.25,31.41,30.12,30.99,30.25,0.74,2.4463,398540.09,1236312.505
301045.SZ,20240906,17.2,17.6,16.66,16.8,17.47,-0.67,-3.8351,36043.95,61412.095
002692.SZ,20240906,3.44,3.45,3.37,3.38,3.44,-0.06,-1.7442,33905.0,11559.203
601899.SH,20240906,14.84,15.01,14.7,14.76,14.68,0.08,0.545,981026.19,1456232.567
605011.SH,20240906,18.77,19.09,18.4,18.44,18.75,-0.31,-1.6533,23469.0,43684.441
002234.SZ,20240906,7.87,7.92,7.7,7.72,7.89,-0.17,-2.1546,23879.64,18558.396
002403.SZ,20240906,6.54,6.77,6.5,6.5,6.55,-0.05,-0.7634,142033.72,94121.828
002791.SZ,20240906,22.2,22.4,21.64,21.7,22.27,-0.57,-2.5595,26358.0,57624.33
600319.SH,20240906,3.37,3.38,3.27,3.29,3.37,-0.08,-2.3739,26316.0,8734.455
000533.SZ,20240906,3.19,3.21,3.14,3.15,3.2,-0.05,-1.5625,81227.95,25735.712
002046.SZ,20240906,9.49,9.5,9.28,9.28,9.48,-0.2,-2.1097,49485.0,46320.131
601366.SH,20240906,5.04,5.2,5.03,5.05,5.04,0.01,0.1984,32487.12,16486.946
600269.SH,20240906,4.4,4.47,4.39,4.42,4.4,0.02,0.4545,141075.95,62692.188
300957.SZ,20240906,42.17,42.3,41.0,41.2,42.17,-0.97,-2.3002,12687.0,52775.643
688125.SH,20240906,26.75,26.78,25.81,25.9,26.67,-0.77,-2.8871,1705.26,4454.195
300450.SZ,20240906,14.32,14.36,14.07,14.07,14.32,-0.25,-1.7458,119054.6,168931.071
300338.SZ,20240906,2.5,2.66,2.42,2.49,2.52,-0.03,-1.1905,303063.67,75459.327
600203.SH,20240906,6.3,6.32,6.08,6.21,6.31,-0.1,-1.5848,370206.0,228804.866
603639.SH,20240906,11.1,11.18,10.98,11.07,11.16,-0.09,-0.8065,15194.0,16822.305
688098.SH,20240906,3.86,3.88,3.78,3.79,3.86,-0.07,-1.8135,16242.26,6192.966
301488.SZ,20240906,48.9,49.74,47.47,47.53,48.66,-1.13,-2.3222,20603.14,100393.369
603836.SH,20240906,11.27,11.3,11.06,11.08,11.27,-0.19,-1.6859,5977.0,6680.555
002946.SZ,20240906,9.42,9.48,9.29,9.31,9.42,-0.11,-1.1677,47357.01,44394.054
300065.SZ,20240906,6.34,6.4,6.24,6.26,6.36,-0.1,-1.5723,112425.87,71080.187
600218.SH,20240906,6.55,6.58,6.44,6.45,6.54,-0.09,-1.3761,20094.0,13083.708
300227.SZ,20240906,5.32,5.35,5.17,5.19,5.35,-0.16,-2.9907,108718.0,56910.272
300397.SZ,20240906,7.9,7.95,7.76,7.77,7.89,-0.12,-1.5209,54523.01,42694.807
300035.SZ,20240906,8.2,8.21,8.08,8.09,8.19,-0.1,-1.221,69136.9,56259.533
000156.SZ,20240906,6.29,6.3,6.19,6.19,6.29,-0.1,-1.5898,51180.82,31885.374
601555.SH,20240906,6.23,6.26,6.09,6.12,6.11,0.01,0.1637,447984.73,275680.358
688538.SH,20240906,2.08,2.09,2.04,2.04,2.08,-0.04,-1.9231,219779.61,45375.633
000923.SZ,20240906,12.57,12.62,12.35,12.36,12.58,-0.22,-1.7488,74117.0,92199.289
000661.SZ,20240906,80.49,80.5,79.3,79.39,80.5,-1.11,-1.3789,22025.12,175762.435
301392.SZ,20240906,43.66,44.03,42.46,42.8,43.66,-0.86,-1.9698,15312.62,65986.11
002041.SZ,20240906,8.15,8.18,7.93,7.95,8.15,-0.2,-2.454,39353.95,31562.771
300452.SZ,20240906,10.97,11.02,10.62,10.69,10.92,-0.23,-2.1062,17921.79,19380.699
002884.SZ,20240906,17.97,18.21,17.71,18.0,17.92,0.08,0.4464,19172.67,34595.336
000090.SZ,20240906,3.39,3.4,3.33,3.34,3.4,-0.06,-1.7647,121288.84,40763.238
600478.SH,20240906,3.29,3.3,3.19,3.19,3.29,-0.1,-3.0395,145077.0,46764.394
002587.SZ,20240906,5.61,5.7,5.55,5.56,5.61,-0.05,-0.8913,130281.5,73353.213
603926.SH,20240906,7.89,7.92,7.66,7.67,7.87,-0.2,-2.5413,13935.0,10827.596
301169.SZ,20240906,29.9,29.95,28.2,28.2,29.9,-1.7,-5.6856,24702.93,71662.514
301348.SZ,20240906,21.88,21.96,21.2,21.2,21.88,-0.68,-3.1079,32972.99,70995.01
688220.SH,20240906,31.54,31.64,30.67,30.68,31.53,-0.85,-2.6958,14340.33,44444.946
003017.SZ,20240906,15.77,15.97,15.3,15.37,15.76,-0.39,-2.4746,6143.0,9520.762
300004.SZ,20240906,4.24,4.24,4.13,4.15,4.24,-0.09,-2.1226,73587.0,30781.883
601579.SH,20240906,9.37,9.37,9.19,9.19,9.36,-0.17,-1.8162,20708.0,19190.745
601988.SH,20240906,4.71,4.8,4.71,4.72,4.71,0.01,0.2123,1103782.6,525397.283
002592.SZ,20240906,4.29,4.29,4.12,4.14,4.27,-0.13,-3.0445,30875.44,12984.29
300427.SZ,20240906,4.25,4.26,4.13,4.22,4.25,-0.03,-0.7059,35329.0,14780.612
000059.SZ,20240906,3.81,3.83,3.75,3.76,3.82,-0.06,-1.5707,67284.0,25485.929
301065.SZ,20240906,17.62,17.66,17.23,17.3,17.65,-0.35,-1.983,9226.0,16073.371
600421.SH,20240906,5.93,6.02,5.8,5.85,6.02,-0.17,-2.8239,29174.0,17138.005
002137.SZ,20240906,5.06,5.09,4.9,4.92,5.07,-0.15,-2.9586,151091.04,75094.596
601088.SH,20240906,38.7,39.03,38.03,38.04,38.72,-0.68,-1.7562,169405.37,650242.653
301101.SZ,20240906,23.53,23.72,22.61,22.67,23.66,-0.99,-4.1843,61816.69,142019.281
300828.SZ,20240906,12.0,12.05,11.5,11.55,12.08,-0.53,-4.3874,40763.0,47804.753
300691.SZ,20240906,15.39,15.44,15.02,15.08,15.44,-0.36,-2.3316,39116.51,59384.304
601615.SH,20240906,8.73,8.75,8.46,8.5,8.74,-0.24,-2.746,226643.0,193707.204
002727.SZ,20240906,12.7,12.73,12.12,12.18,12.71,-0.53,-4.1699,207743.08,255964.723
688499.SH,20240906,18.98,19.02,18.32,18.5,19.09,-0.59,-3.0906,21781.29,40551.77
001326.SZ,20240906,30.86,30.95,29.88,29.96,30.86,-0.9,-2.9164,5593.31,16990.849
300630.SZ,20240906,8.83,9.25,8.7,8.71,8.57,0.14,1.6336,379650.04,338577.063
002527.SZ,20240906,6.15,6.18,5.91,5.91,6.11,-0.2,-3.2733,104618.0,62756.446
603698.SH,20240906,12.99,13.0,12.78,12.8,12.94,-0.14,-1.0819,23032.7,29652.353
603399.SH,20240906,6.25,6.25,6.03,6.06,6.19,-0.13,-2.1002,41462.0,25293.557
603060.SH,20240906,6.1,6.13,5.89,5.9,6.12,-0.22,-3.5948,159091.69,94974.314
002837.SZ,20240906,20.88,20.96,20.21,20.25,20.88,-0.63,-3.0172,96844.5,198173.304
300213.SZ,20240906,6.08,6.1,5.86,5.88,6.09,-0.21,-3.4483,144345.0,86175.087
300825.SZ,20240906,9.14,9.3,8.89,8.91,9.14,-0.23,-2.5164,93447.0,85269.11
600583.SH,20240906,5.16,5.17,5.08,5.09,5.14,-0.05,-0.9728,142513.0,72882.697
600540.SH,20240906,3.45,3.47,3.38,3.39,3.46,-0.07,-2.0231,34830.0,11904.882
920992.BJ,20240906,7.93,8.0,7.86,7.9,7.93,-0.03,-0.3783,2058.72,1633.185
002361.SZ,20240906,3.03,3.04,2.97,2.98,3.03,-0.05,-1.6502,65972.94,19781.055
600378.SH,20240906,26.48,26.56,26.02,26.1,26.4,-0.3,-1.1364,9694.28,25378.84
003041.SZ,20240906,10.65,10.91,10.59,10.6,11.03,-0.43,-3.8985,25011.8,26823.104
920414.BJ,20240906,5.96,6.12,5.92,5.99,6.06,-0.07,-1.1551,12856.72,7710.16
603709.SH,20240906,8.5,8.57,8.26,8.26,8.5,-0.24,-2.8235,11759.8,9819.236
603587.SH,20240906,10.76,10.79,10.59,10.6,10.77,-0.17,-1.5785,11845.35,12672.385
601002.SH,20240906,2.95,2.95,2.88,2.89,2.95,-0.06,-2.0339,35935.0,10484.061
002866.SZ,20240906,12.96,12.98,12.24,12.27,13.19,-0.92,-6.975,184857.13,230614.77
603680.SH,20240906,7.05,7.17,7.04,7.04,7.1,-0.06,-0.8451,20364.0,14445.875
000972.SZ,20240906,2.29,2.29,2.23,2.23,2.29,-0.06,-2.6201,89682.0,20254.658
603207.SH,20240906,26.58,28.86,26.24,26.24,26.24,0.0,0.0,248791.65,685200.945
300884.SZ,20240906,9.06,9.07,8.7,8.77,9.04,-0.27,-2.9867,53894.95,47737.477
603161.SH,20240906,8.92,9.69,8.8,9.23,8.81,0.42,4.7673,143953.48,134695.618
600185.SH,20240906,4.73,4.79,4.7,4.74,4.73,0.01,0.2114,121209.0,57339.292
002150.SZ,20240906,12.38,12.43,11.94,11.99,12.4,-0.41,-3.3065,39248.0,47495.655
300275.SZ,20240906,10.62,10.82,10.49,10.58,10.64,-0.06,-0.5639,50247.72,53462.796
300034.SZ,20240906,13.7,13.74,13.37,13.37,13.69,-0.32,-2.3375,58081.33,78358.555
300677.SZ,20240906,27.5,27.58,27.01,27.18,27.52,-0.34,-1.2355,52286.36,142732.742
300285.SZ,20240906,15.47,15.48,15.07,15.09,15.49,-0.4,-2.5823,49734.32,75601.244
688020.SH,20240906,29.2,29.36,28.28,28.42,29.16,-0.74,-2.5377,7900.99,22700.71
301309.SZ,20240906,21.72,21.85,21.11,21.11,21.63,-0.52,-2.4041,3930.0,8393.645
688593.SH,20240906,8.18,8.25,7.96,7.99,8.14,-0.15,-1.8428,11871.12,9547.513
688089.SH,20240906,15.15,15.25,14.53,14.59,15.13,-0.54,-3.5691,21303.82,31456.911
300637.SZ,20240906,8.58,8.95,8.34,8.67,8.6,0.07,0.814,195156.2,168972.634
002655.SZ,20240906,10.36,10.36,10.08,10.15,10.34,-0.19,-1.8375,79752.0,81076.373
301301.SZ,20240906,11.0,11.08,10.74,10.75,11.0,-0.25,-2.2727,119046.74,129132.409
300845.SZ,20240906,10.87,10.95,10.38,10.42,10.91,-0.49,-4.4913,45093.3,47868.429
002783.SZ,20240906,7.07,7.09,6.95,6.95,7.05,-0.1,-1.4184,33760.0,23705.14
000600.SZ,20240906,4.45,4.46,4.37,4.37,4.44,-0.07,-1.5766,124102.21,54706.472
600015.SH,20240906,6.46,6.58,6.45,6.52,6.47,0.05,0.7728,430107.8,281268.139
002385.SZ,20240906,4.0,4.02,3.93,3.93,4.01,-0.08,-1.995,206487.5,81766.378
002027.SZ,20240906,5.75,5.8,5.71,5.74,5.75,-0.01,-0.1739,493263.12,283551.429
300259.SZ,20240906,2.58,2.59,2.5,2.52,2.58,-0.06,-2.3256,70274.6,17859.721
600313.SH,20240906,5.37,5.4,5.27,5.27,5.38,-0.11,-2.0446,58749.0,31246.003
600795.SH,20240906,5.24,5.29,5.19,5.2,5.25,-0.05,-0.9524,566474.87,297083.367
000837.SZ,20240906,6.95,6.98,6.76,6.76,6.96,-0.2,-2.8736,77955.43,53230.504
300122.SZ,20240906,22.09,22.11,21.32,21.33,22.11,-0.78,-3.5278,190028.71,410533.346
688129.SH,20240906,12.22,12.22,11.68,11.72,12.16,-0.44,-3.6184,4747.75,5633.743
920663.BJ,20240906,9.76,10.41,9.74,10.19,9.73,0.46,4.7276,12105.58,12233.911
688219.SH,20240906,7.14,7.15,6.95,6.96,7.14,-0.18,-2.521,15152.74,10675.951
002169.SZ,20240906,4.23,4.24,4.12,4.13,4.23,-0.1,-2.3641,49169.0,20466.921
600523.SH,20240906,9.85,10.04,9.77,9.8,9.86,-0.06,-0.6085,33835.0,33505.072
688383.SH,20240906,44.4,44.7,42.73,42.79,44.12,-1.33,-3.0145,5326.74,23255.869
002039.SZ,20240906,15.99,16.11,15.65,15.68,15.95,-0.27,-1.6928,29110.0,46162.673
301269.SZ,20240906,72.5,73.13,71.34,71.59,72.8,-1.21,-1.6621,6244.6,45123.509
002434.SZ,20240906,4.89,4.9,4.79,4.79,4.87,-0.08,-1.6427,50884.0,24620.544
000736.SZ,20240906,7.33,7.44,7.24,7.25,7.39,-0.14,-1.8945,110113.0,80372.829
920195.BJ,20240906,6.72,6.75,6.61,6.68,6.7,-0.02,-0.2985,2126.46,1415.754
301329.SZ,20240906,16.45,16.59,15.91,15.91,16.53,-0.62,-3.7508,18585.16,29997.158
688218.SH,20240906,13.68,13.79,13.35,13.35,13.74,-0.39,-2.8384,11267.27,15182.011
000656.SZ,20240906,1.21,1.22,1.18,1.2,1.22,-0.02,-1.6393,1042188.5,124710.306
002371.SZ,20240906,302.0,304.96,298.0,298.1,302.66,-4.56,-1.5066,28373.59,853792.48
600320.SH,20240906,3.42,3.46,3.4,3.41,3.42,-0.01,-0.2924,197749.72,67791.038
601816.SH,20240906,5.49,5.55,5.41,5.42,5.48,-0.06,-1.0949,756356.77,415323.713
300930.SZ,20240906,20.7,20.7,19.9,20.05,20.75,-0.7,-3.3735,26288.97,53157.467
001236.SZ,20240906,7.48,8.23,7.33,7.64,7.48,0.16,2.139,371964.26,289203.159
688128.SH,20240906,16.16,16.17,15.75,15.82,16.15,-0.33,-2.0433,8041.21,12822.069
002813.SZ,20240906,26.0,26.51,25.4,25.46,25.86,-0.4,-1.5468,19804.2,51517.568
301408.SZ,20240906,11.15,11.29,10.54,10.59,11.35,-0.76,-6.696,101971.89,110131.248
603306.SH,20240906,19.88,22.66,19.88,22.66,20.6,2.06,10.0,554422.23,1232089.658
002737.SZ,20240906,21.6,21.76,21.12,21.15,21.6,-0.45,-2.0833,21009.34,44792.167
600429.SH,20240906,3.65,3.67,3.63,3.64,3.67,-0.03,-0.8174,23288.0,8493.188
603685.SH,20240906,10.92,10.97,10.69,10.71,10.91,-0.2,-1.8332,7982.09,8602.632
000056.SZ,20240906,1.73,1.75,1.7,1.71,1.73,-0.02,-1.1561,126311.0,21666.149
300768.SZ,20240906,12.09,12.23,11.9,11.94,12.42,-0.48,-3.8647,48441.0,58284.169
600448.SH,20240906,1.99,2.02,1.96,1.97,1.98,-0.01,-0.5051,72343.21,14359.658
603858.SH,20240906,14.84,14.87,14.61,14.61,14.81,-0.2,-1.3504,20896.44,30741.176
002635.SZ,20240906,13.35,13.4,12.86,12.89,13.35,-0.46,-3.4457,63354.0,82555.343
301005.SZ,20240906,23.66,23.9,22.81,23.03,23.68,-0.65,-2.7449,21032.23,48925.949
300787.SZ,20240906,11.31,11.35,10.84,10.88,11.31,-0.43,-3.8019,41311.0,45506.418
301363.SZ,20240906,28.84,29.17,28.0,28.24,28.95,-0.71,-2.4525,15021.72,42565.979
002878.SZ,20240906,10.35,10.37,10.14,10.15,10.37,-0.22,-2.1215,55552.0,56881.194
001201.SZ,20240906,14.91,14.98,14.64,14.7,14.91,-0.21,-1.4085,13125.22,19355.724
002662.SZ,20240906,2.68,2.71,2.64,2.65,2.69,-0.04,-1.487,95498.0,25519.649
603290.SH,20240906,73.28,73.66,71.3,71.36,73.27,-1.91,-2.6068,23331.8,168519.643
600538.SH,20240906,3.21,3.21,3.08,3.1,3.2,-0.1,-3.125,50297.0,15715.749
002694.SZ,20240906,3.41,3.41,3.32,3.35,3.42,-0.07,-2.0468,21087.0,7069.755
002356.SZ,20240906,2.83,2.83,2.73,2.75,2.81,-0.06,-2.1352,86293.4,23888.296
003004.SZ,20240906,20.74,20.9,20.2,20.2,20.91,-0.71,-3.3955,9669.0,19828.653
301229.SZ,20240906,18.64,18.68,17.95,18.03,18.69,-0.66,-3.5313,12357.0,22531.56
603351.SH,20240906,20.75,20.75,19.71,19.81,20.56,-0.75,-3.6479,8048.59,16154.417
000899.SZ,20240906,7.51,7.55,7.42,7.43,7.51,-0.08,-1.0652,51619.0,38523.399
603038.SH,20240906,7.71,7.77,7.29,7.33,7.81,-0.48,-6.146,127007.63,94386.524
301092.SZ,20240906,20.61,20.62,19.9,19.95,20.63,-0.68,-3.2962,6003.0,12113.816
920145.BJ,20240906,4.65,4.7,4.58,4.6,4.65,-0.05,-1.0753,2214.19,1023.609
603008.SH,20240906,14.64,14.8,13.96,14.0,14.74,-0.74,-5.0204,84075.12,120020.323
688510.SH,20240906,14.26,14.35,13.75,13.78,14.26,-0.48,-3.3661,17230.98,24030.934
603328.SH,20240906,7.83,7.88,7.66,7.72,7.85,-0.13,-1.6561,147003.0,113755.129
600400.SH,20240906,2.15,2.15,2.12,2.15,2.15,0.0,0.0,126151.31,26961.766
688156.SH,20240906,10.56,10.57,10.31,10.39,10.61,-0.22,-2.0735,7713.39,8021.927
688788.SH,20240906,22.54,22.58,21.8,21.8,22.62,-0.82,-3.6251,3080.86,6796.444
688612.SH,20240906,19.49,19.75,19.1,19.12,19.53,-0.41,-2.0993,15513.69,29986.83
002822.SZ,20240906,1.84,1.89,1.82,1.83,1.85,-0.02,-1.0811,99686.0,18453.244
000838.SZ,20240906,2.25,2.26,2.15,2.16,2.26,-0.1,-4.4248,340685.0,74780.021
000096.SZ,20240906,8.89,8.96,8.73,8.75,8.88,-0.13,-1.464,57167.01,50537.943
002321.SZ,20240906,1.7,1.86,1.65,1.75,1.69,0.06,3.5503,622179.43,108002.546
603618.SH,20240906,4.27,4.28,4.15,4.16,4.25,-0.09,-2.1176,51974.0,21824.315
600110.SH,20240906,3.06,3.08,3.01,3.02,3.08,-0.06,-1.9481,130590.0,39667.568
688387.SH,20240906,5.13,5.19,5.05,5.06,5.15,-0.09,-1.7476,69335.73,35300.828
001367.SZ,20240906,23.91,24.09,23.61,23.81,23.91,-0.1,-0.4182,6000.41,14271.267
300522.SZ,20240906,10.17,10.19,9.87,9.94,10.23,-0.29,-2.8348,37134.89,37066.481
002211.SZ,20240906,2.54,2.55,2.44,2.45,2.53,-0.08,-3.1621,101282.0,25053.292
300926.SZ,20240906,18.78,18.93,18.25,18.27,18.76,-0.49,-2.6119,23164.87,42902.013
300253.SZ,20240906,5.39,5.43,5.22,5.23,5.3,-0.07,-1.3208,170118.72,90124.713
600903.SH,20240906,6.29,6.35,6.25,6.27,6.3,-0.03,-0.4762,35335.4,22293.007
002100.SZ,20240906,6.3,6.32,6.2,6.22,6.29,-0.07,-1.1129,145679.02,90834.289
600089.SH,20240906,12.46,12.5,12.31,12.33,12.43,-0.1,-0.8045,114559.14,141864.407
300375.SZ,20240906,4.03,4.08,3.96,3.96,4.01,-0.05,-1.2469,132183.0,53144.624
300793.SZ,20240906,12.96,12.98,12.32,12.36,12.97,-0.61,-4.7032,114709.6,143918.588
600780.SH,20240906,5.15,5.17,5.0,5.03,5.15,-0.12,-2.3301,65673.58,33175.226
603266.SH,20240906,15.02,15.07,14.49,14.51,15.0,-0.49,-3.2667,33242.0,48877.748
688277.SH,20240906,6.88,6.91,6.55,6.59,6.88,-0.29,-4.2151,40426.7,27065.608
002940.SZ,20240906,13.58,13.66,13.25,13.29,13.58,-0.29,-2.1355,17631.95,23552.92
603822.SH,20240906,22.72,23.4,22.72,23.3,22.82,0.48,2.1034,7655.37,17762.973
301391.SZ,20240906,30.39,30.59,29.25,29.43,30.39,-0.96,-3.1589,11493.29,34138.341
002877.SZ,20240906,6.83,6.83,6.53,6.55,6.78,-0.23,-3.3923,31340.4,20838.298
002615.SZ,20240906,6.73,6.74,6.59,6.59,6.7,-0.11,-1.6418,73613.97,49062.126
600671.SH,20240906,6.21,6.37,6.07,6.14,6.25,-0.11,-1.76,10983.0,6808.544
600128.SH,20240906,6.42,6.54,6.39,6.41,6.43,-0.02,-0.311,33267.73,21503.883
688325.SH,20240906,33.14,33.37,31.64,31.65,33.03,-1.38,-4.178,8404.38,27031.362
002805.SZ,20240906,11.36,11.48,10.71,10.87,11.71,-0.84,-7.1734,293879.25,326732.141
601801.SH,20240906,6.71,6.8,6.66,6.7,6.75,-0.05,-0.7407,70017.0,47154.379
688182.SH,20240906,11.93,11.94,11.39,11.4,11.89,-0.49,-4.1211,29164.07,33806.832
600362.SH,20240906,19.11,19.27,18.98,18.98,19.06,-0.08,-0.4197,82670.14,157892.632
301113.SZ,20240906,19.7,19.83,19.19,19.23,19.79,-0.56,-2.8297,3317.0,6461.709
601099.SH,20240906,3.28,3.35,3.15,3.16,3.12,0.04,1.2821,3112136.52,1004030.375
000952.SZ,20240906,4.98,4.99,4.86,4.87,4.95,-0.08,-1.6162,27762.9,13648.292
301037.SZ,20240906,8.69,8.98,8.49,8.5,8.7,-0.2,-2.2989,13070.14,11305.53
002476.SZ,20240906,3.55,3.57,3.48,3.51,3.55,-0.04,-1.1268,48661.0,17076.014
000957.SZ,20240906,9.45,10.17,9.36,9.52,9.45,0.07,0.7407,565552.95,548830.998
603689.SH,20240906,8.15,8.23,7.99,8.01,8.19,-0.18,-2.1978,26642.0,21554.796
601121.SH,20240906,5.39,5.44,5.35,5.36,5.4,-0.04,-0.7407,24844.0,13421.594
300681.SZ,20240906,13.5,13.76,13.32,13.39,13.54,-0.15,-1.1078,46067.32,62313.462
603728.SH,20240906,36.3,36.85,35.33,35.37,36.34,-0.97,-2.6692,78513.99,282783.476
000066.SZ,20240906,8.1,8.15,7.95,7.97,8.11,-0.14,-1.7263,142403.0,114514.624
002119.SZ,20240906,10.78,10.82,10.49,10.57,10.78,-0.21,-1.9481,84506.0,89713.597
002969.SZ,20240906,2.79,2.81,2.72,2.73,2.79,-0.06,-2.1505,55981.0,15418.377
002562.SZ,20240906,3.26,3.27,3.17,3.18,3.27,-0.09,-2.7523,114273.0,36668.194
000720.SZ,20240906,2.26,2.28,2.23,2.23,2.26,-0.03,-1.3274,29583.0,6666.36
603278.SH,20240906,5.22,5.3,5.19,5.21,5.24,-0.03,-0.5725,87510.0,45862.279
300689.SZ,20240906,14.75,14.78,14.34,14.36,14.65,-0.29,-1.9795,13763.0,19877.081
300209.SZ,20240906,4.23,4.78,4.23,4.48,4.15,0.33,7.9518,250795.0,113398.414
603063.SH,20240906,12.19,12.19,11.68,11.7,12.13,-0.43,-3.5449,70882.5,83904.624
300037.SZ,20240906,32.61,32.94,32.1,32.17,32.81,-0.64,-1.9506,39734.0,128917.828
601991.SH,20240906,2.6,2.62,2.56,2.57,2.6,-0.03,-1.1538,538723.0,139555.165
002563.SZ,20240906,4.52,4.53,4.46,4.49,4.52,-0.03,-0.6637,191510.0,85983.183
002055.SZ,20240906,6.02,6.05,5.89,5.89,6.02,-0.13,-2.1595,110523.0,65730.49
301129.SZ,20240906,18.81,19.45,18.37,18.84,18.53,0.31,1.673,61273.3,116190.656
002967.SZ,20240906,13.13,13.13,12.59,12.62,13.12,-0.5,-3.811,110247.45,141384.635
002274.SZ,20240906,7.02,7.06,6.93,6.93,7.03,-0.1,-1.4225,61739.0,43048.538
301082.SZ,20240906,8.4,8.4,8.04,8.04,8.36,-0.32,-3.8278,42481.0,34758.067
688231.SH,20240906,11.92,12.08,11.45,11.53,11.92,-0.39,-3.2718,10988.18,12760.476
603655.SH,20240906,13.89,13.96,13.52,13.53,13.82,-0.29,-2.0984,5628.0,7692.57
000935.SZ,20240906,10.47,10.49,10.25,10.26,10.45,-0.19,-1.8182,21891.17,22625.159
920718.BJ,20240906,8.85,8.85,8.59,8.76,8.74,0.02,0.2288,2664.14,2308.241
600551.SH,20240906,8.01,8.14,8.0,8.1,8.05,0.05,0.6211,41954.2,33913.069
300907.SZ,20240906,17.58,17.68,17.18,17.2,17.58,-0.38,-2.1615,6443.0,11178.603
001217.SZ,20240906,9.02,9.08,8.75,8.77,9.02,-0.25,-2.7716,31291.83,27798.196
002552.SZ,20240906,10.72,10.74,10.51,10.52,10.7,-0.18,-1.6822,12243.0,12971.873
002922.SZ,20240906,18.54,18.61,18.04,18.23,18.58,-0.35,-1.8837,108933.42,198908.731
600938.SH,20240906,26.55,26.86,26.52,26.56,26.6,-0.04,-0.1504,230071.4,613721.15
920946.BJ,20240906,6.33,6.33,6.1,6.14,6.28,-0.14,-2.2293,9053.43,5618.761
300831.SZ,20240906,11.25,11.32,11.01,11.02,11.21,-0.19,-1.6949,36997.99,41261.018
000912.SZ,20240906,3.68,3.69,3.62,3.64,3.68,-0.04,-1.087,39816.0,14537.881
300422.SZ,20240906,3.88,3.89,3.77,3.79,3.89,-0.1,-2.5707,79413.0,30309.758
603606.SH,20240906,47.77,47.77,46.77,46.82,47.88,-1.06,-2.2139,26300.56,124052.127
002395.SZ,20240906,13.27,13.75,13.26,13.42,13.35,0.07,0.5243,101712.0,137412.799
688035.SH,20240906,25.68,25.87,24.9,25.0,25.89,-0.89,-3.4376,14622.94,37021.652
600386.SH,20240906,3.44,3.54,3.39,3.53,3.39,0.14,4.1298,587789.26,204303.938
600569.SH,20240906,1.36,1.37,1.35,1.35,1.36,-0.01,-0.7353,48113.49,6528.811
600289.SH,20240906,1.35,1.44,1.35,1.35,1.38,-0.03,-2.1739,81643.0,11342.624
603505.SH,20240906,23.28,23.33,22.4,22.55,23.19,-0.64,-2.7598,21109.4,47975.662
688349.SH,20240906,23.95,23.95,23.32,23.5,23.77,-0.27,-1.1359,5519.96,12979.573
600482.SH,20240906,21.54,21.84,21.3,21.61,21.44,0.17,0.7929,83663.62,180620.718
601311.SH,20240906,7.62,7.65,7.51,7.53,7.63,-0.1,-1.3106,92903.8,70222.806
002583.SZ,20240906,3.9,3.9,3.78,3.79,3.88,-0.09,-2.3196,241831.0,92239.992
300515.SZ,20240906,9.34,9.35,9.0,9.03,9.3,-0.27,-2.9032,16155.0,14765.798
000007.SZ,20240906,4.87,5.01,4.72,4.73,4.77,-0.04,-0.8386,33817.0,16331.009
300248.SZ,20240906,6.89,6.96,6.71,6.72,6.9,-0.18,-2.6087,78555.0,53721.81
300252.SZ,20240906,6.71,6.75,6.6,6.62,6.71,-0.09,-1.3413,122288.9,81458.3
300224.SZ,20240906,8.3,8.33,8.1,8.11,8.3,-0.19,-2.2892,28078.0,22935.123
603109.SH,20240906,12.4,12.41,12.0,12.1,12.4,-0.3,-2.4194,20762.0,25232.517
600446.SH,20240906,9.83,9.87,9.51,9.52,9.68,-0.16,-1.6529,83215.72,80444.758
600133.SH,20240906,7.26,7.28,7.1,7.13,7.24,-0.11,-1.5193,133259.77,95624.122
920627.BJ,20240906,11.5,12.07,11.2,11.47,11.67,-0.2,-1.7138,74725.65,86161.832
600351.SH,20240906,5.54,5.54,5.44,5.44,5.54,-0.1,-1.8051,76611.94,41964.189
688289.SH,20240906,17.89,17.89,17.21,17.21,17.78,-0.57,-3.2058,17810.68,30994.989
688671.SH,20240906,15.19,15.2,14.69,14.71,15.26,-0.55,-3.6042,4965.24,7407.524
920010.BJ,20240906,3.68,3.68,3.63,3.64,3.68,-0.04,-1.087,5443.84,1989.163
920425.BJ,20240906,9.29,9.39,9.08,9.08,9.3,-0.22,-2.3656,3328.75,3056.031
300858.SZ,20240906,14.32,14.38,14.02,14.02,14.32,-0.3,-2.095,4951.0,6993.414
301338.SZ,20240906,26.47,26.65,25.66,25.72,26.52,-0.8,-3.0166,9554.75,24956.937
688721.SH,20240906,28.29,28.73,27.5,27.72,28.3,-0.58,-2.0495,38272.22,107478.192
688366.SH,20240906,61.48,61.77,59.45,59.46,61.2,-1.74,-2.8431,2784.01,16714.058
002397.SZ,20240906,1.97,1.99,1.94,1.94,1.98,-0.04,-2.0202,80275.87,15708.033
600499.SH,20240906,7.19,7.21,7.02,7.03,7.19,-0.16,-2.2253,66135.0,46818.978
688367.SH,20240906,11.79,11.8,11.33,11.38,11.76,-0.38,-3.2313,4311.85,4947.014
300246.SZ,20240906,6.21,6.3,6.02,6.03,6.18,-0.15,-2.4272,39604.0,24349.519
002596.SZ,20240906,1.77,1.8,1.68,1.71,1.67,0.04,2.3952,894673.06,155430.675
600433.SH,20240906,2.61,2.62,2.56,2.58,2.63,-0.05,-1.9011,64702.0,16768.545
002316.SZ,20240906,2.68,2.7,2.66,2.69,2.68,0.01,0.3731,96934.0,25975.202
002052.SZ,20240906,2.15,2.37,2.15,2.16,2.26,-0.1,-4.4248,561248.74,123431.012
002650.SZ,20240906,2.17,2.22,2.12,2.12,2.12,0.0,0.0,80838.59,17518.608
600894.SH,20240906,10.48,10.6,10.41,10.46,10.48,-0.02,-0.1908,34182.0,35935.87
603379.SH,20240906,26.71,26.71,25.87,26.07,26.47,-0.4,-1.5111,44422.32,116289.902
920809.BJ,20240906,3.38,3.43,3.33,3.34,3.39,-0.05,-1.4749,6599.84,2231.688
300958.SZ,20240906,10.35,10.38,9.96,9.97,10.33,-0.36,-3.485,29236.89,29507.097
300412.SZ,20240906,3.29,3.37,3.21,3.24,3.33,-0.09,-2.7027,148594.5,48655.849
688602.SH,20240906,6.06,6.19,5.96,6.08,6.03,0.05,0.8292,52744.35,31976.255
300114.SZ,20240906,42.0,42.15,41.22,41.36,42.08,-0.72,-1.711,35232.55,146756.527
001266.SZ,20240906,19.32,19.32,18.55,18.58,19.16,-0.58,-3.0271,15141.0,28440.509
000898.SZ,20240906,1.99,2.0,1.95,1.95,1.99,-0.04,-2.0101,160463.61,31715.188
601019.SH,20240906,12.48,12.88,12.42,12.65,12.53,0.12,0.9577,60546.98,76787.719
300570.SZ,20240906,27.6,27.8,26.91,26.95,27.54,-0.59,-2.1423,48258.0,131322.963
603530.SH,20240906,21.53,21.8,21.01,21.08,21.6,-0.52,-2.4074,27260.9,57883.113
300576.SZ,20240906,32.73,33.09,31.87,32.34,32.81,-0.47,-1.4325,84419.13,273830.236
002047.SZ,20240906,1.6,1.61,1.44,1.51,1.6,-0.09,-5.625,283339.23,43289.75
301032.SZ,20240906,6.61,6.64,6.44,6.46,6.62,-0.16,-2.4169,21613.0,14085.812
300179.SZ,20240906,6.65,6.66,6.51,6.51,6.65,-0.14,-2.1053,23016.0,15134.893
688652.SH,20240906,39.67,39.98,37.67,38.16,39.65,-1.49,-3.7579,14858.13,57254.143
603025.SH,20240906,11.28,11.33,10.88,10.9,11.23,-0.33,-2.9386,43908.19,48306.866
600166.SH,20240906,2.32,2.39,2.32,2.35,2.32,0.03,1.2931,838741.8,197865.447
603890.SH,20240906,8.89,9.11,8.7,9.05,8.94,0.11,1.2304,299215.97,267064.352
002698.SZ,20240906,11.68,11.77,11.36,11.37,11.72,-0.35,-2.9863,55504.0,63884.59
600626.SH,20240906,2.99,3.06,2.94,2.94,2.99,-0.05,-1.6722,171408.96,51236.206
300758.SZ,20240906,10.4,11.99,10.31,11.3,10.49,0.81,7.7216,498451.36,555860.618
002846.SZ,20240906,6.73,6.73,6.56,6.56,6.74,-0.18,-2.6706,44683.0,29576.975
600486.SH,20240906,52.44,52.44,50.67,50.8,52.27,-1.47,-2.8123,11066.33,56801.903
688392.SH,20240906,32.41,32.44,31.15,31.89,32.36,-0.47,-1.4524,3752.58,11900.626
688247.SH,20240906,7.86,7.9,7.67,7.67,7.87,-0.2,-2.5413,13687.87,10636.881
603843.SH,20240906,2.56,2.57,2.46,2.46,2.56,-0.1,-3.9063,121872.56,30513.7
002625.SZ,20240906,17.35,17.46,17.07,17.12,17.28,-0.16,-0.9259,124796.0,215496.595
300938.SZ,20240906,17.8,17.8,17.1,17.13,17.7,-0.57,-3.2203,11196.6,19434.693
000010.SZ,20240906,1.7,1.7,1.67,1.68,1.69,-0.01,-0.5917,59966.16,10065.987
002532.SZ,20240906,6.44,6.44,6.32,6.33,6.43,-0.1,-1.5552,259676.0,165167.717
600371.SH,20240906,6.69,6.7,6.56,6.56,6.69,-0.13,-1.9432,16695.0,11029.135
301367.SZ,20240906,68.67,68.89,65.37,65.64,68.63,-2.99,-4.3567,6446.62,42930.466
603075.SH,20240906,17.47,17.53,17.11,17.13,17.45,-0.32,-1.8338,4827.0,8342.278
000707.SZ,20240906,6.55,6.6,6.41,6.41,6.57,-0.16,-2.4353,51439.0,33378.876
002559.SZ,20240906,7.12,7.14,6.96,6.97,7.13,-0.16,-2.244,82383.0,57827.972
688225.SH,20240906,10.79,10.85,10.37,10.4,10.85,-0.45,-4.1475,8290.84,8751.775
300894.SZ,20240906,11.41,11.54,11.22,11.22,11.54,-0.32,-2.773,60812.0,69250.108
300979.SZ,20240906,66.06,66.86,64.5,64.68,66.06,-1.38,-2.089,16405.0,107030.679
300267.SZ,20240906,2.26,2.28,2.2,2.21,2.26,-0.05,-2.2124,168853.0,37650.064
601012.SH,20240906,13.76,13.76,13.48,13.53,13.76,-0.23,-1.6715,450701.11,611884.045
601566.SH,20240906,7.0,7.01,6.87,6.88,7.0,-0.12,-1.7143,13574.0,9394.308
920454.BJ,20240906,7.18,7.18,7.05,7.06,7.09,-0.03,-0.4231,5662.55,4010.718
301058.SZ,20240906,7.78,7.88,7.65,7.67,7.92,-0.25,-3.1566,49473.0,38378.803
601868.SH,20240906,2.08,2.09,2.06,2.06,2.08,-0.02,-0.9615,1083717.96,224858.498
301220.SZ,20240906,23.78,23.86,23.3,23.36,23.78,-0.42,-1.7662,4656.0,10925.69
301339.SZ,20240906,18.4,18.62,18.07,18.16,18.4,-0.24,-1.3043,21682.7,39801.023
000401.SZ,20240906,4.46,4.46,4.36,4.38,4.42,-0.04,-0.905,61000.87,26881.589
002833.SZ,20240906,14.76,14.83,14.46,14.49,14.76,-0.27,-1.8293,17888.57,26088.64
920857.BJ,20240906,9.42,9.42,9.03,9.07,9.32,-0.25,-2.6824,3894.67,3569.452
600067.SH,20240906,1.81,1.82,1.77,1.79,1.81,-0.02,-1.105,94090.0,16909.96
600602.SH,20240906,9.54,9.58,9.33,9.34,9.52,-0.18,-1.8908,84293.22,79592.312
688683.SH,20240906,14.01,14.03,13.4,13.45,13.97,-0.52,-3.7223,4511.52,6148.501
000567.SZ,20240906,4.64,4.67,4.55,4.58,4.61,-0.03,-0.6508,75200.02,34667.066
688193.SH,20240906,24.87,24.94,24.0,24.0,24.75,-0.75,-3.0303,1999.95,4859.385
600207.SH,20240906,3.78,3.83,3.63,3.67,3.86,-0.19,-4.9223,494304.73,183482.512
300985.SZ,20240906,17.25,17.27,16.36,16.37,17.26,-0.89,-5.1564,49024.74,82271.983
002108.SZ,20240906,3.06,3.07,3.02,3.02,3.07,-0.05,-1.6287,72166.17,21943.099
600736.SH,20240906,4.03,4.05,3.99,3.99,4.02,-0.03,-0.7463,54806.58,22045.607
920971.BJ,20240906,8.51,8.54,8.3,8.34,8.58,-0.24,-2.7972,2496.32,2098.846
688401.SH,20240906,20.5,20.85,20.14,20.57,20.8,-0.23,-1.1058,37287.55,76349.052
920375.BJ,20240906,9.06,9.11,8.65,8.77,9.07,-0.3,-3.3076,4958.49,4381.419
301170.SZ,20240906,20.11,20.14,19.46,19.47,20.1,-0.63,-3.1343,7650.96,15037.791
000788.SZ,20240906,5.32,5.35,5.19,5.2,5.28,-0.08,-1.5152,51433.0,27074.759
603079.SH,20240906,10.71,10.84,10.55,10.56,10.76,-0.2,-1.8587,20752.0,22085.56
688377.SH,20240906,11.5,11.5,10.61,10.85,11.34,-0.49,-4.321,49802.08,54176.533
301533.SZ,20240906,23.4,23.6,22.64,22.75,23.49,-0.74,-3.1503,6425.43,14799.329
688150.SH,20240906,16.6,16.76,15.82,15.88,16.59,-0.71,-4.2797,42421.75,68056.951
301125.SZ,20240906,8.47,8.47,8.19,8.21,8.44,-0.23,-2.7251,18364.04,15196.606
300260.SZ,20240906,17.58,17.67,17.03,17.04,17.36,-0.32,-1.8433,57689.0,99635.746
600338.SH,20240906,9.05,9.14,9.0,9.0,9.09,-0.09,-0.9901,98688.86,89240.398
000777.SZ,20240906,13.5,13.52,13.0,13.02,13.46,-0.44,-3.2689,77105.0,101851.476
300736.SZ,20240906,8.07,9.71,8.06,8.85,8.09,0.76,9.3943,423663.23,393220.168
600552.SH,20240906,14.05,14.59,13.76,13.76,15.29,-1.53,-10.0065,1568035.19,2191233.649
600925.SH,20240906,5.03,5.04,4.96,4.96,5.02,-0.06,-1.1952,52277.14,26098.485
301086.SZ,20240906,42.12,42.3,40.68,41.7,42.12,-0.42,-0.9972,16048.0,66569.374
688507.SH,20240906,43.26,43.35,41.88,42.0,43.5,-1.5,-3.4483,2039.19,8654.364
002375.SZ,20240906,3.2,3.23,3.14,3.15,3.2,-0.05,-1.5625,45077.64,14371.277
300783.SZ,20240906,16.92,17.39,16.69,16.9,16.91,-0.01,-0.0591,86985.0,147909.232
002796.SZ,20240906,9.07,9.1,8.77,8.8,9.07,-0.27,-2.9768,127564.46,113405.453
300763.SZ,20240906,59.0,59.49,56.01,56.16,59.22,-3.06,-5.1672,80033.12,457319.546
000938.SZ,20240906,19.4,19.43,18.8,18.82,19.38,-0.56,-2.8896,314450.55,599530.858
000936.SZ,20240906,5.38,5.4,5.28,5.3,5.39,-0.09,-1.6698,98652.0,52544.653
300882.SZ,20240906,12.92,13.04,12.51,12.51,12.96,-0.45,-3.4722,24524.8,31109.103
002766.SZ,20240906,4.36,4.45,4.25,4.26,4.33,-0.07,-1.6166,189840.0,82168.352
600745.SH,20240906,25.98,26.02,25.21,25.24,25.83,-0.59,-2.2842,59894.29,152696.193
601717.SH,20240906,11.51,11.51,11.3,11.31,11.5,-0.19,-1.6522,171684.02,195341.451
600236.SH,20240906,6.35,6.47,6.26,6.26,6.35,-0.09,-1.4173,62680.3,39860.347
300869.SZ,20240906,13.11,13.16,12.78,12.78,13.12,-0.34,-2.5915,15305.98,19791.728
002130.SZ,20240906,11.89,12.04,11.45,11.51,12.0,-0.49,-4.0833,964402.75,1124242.089
603270.SH,20240906,16.59,16.66,16.25,16.27,16.65,-0.38,-2.2823,9124.53,14992.412
002432.SZ,20240906,43.15,43.27,42.51,42.62,43.13,-0.51,-1.1825,30538.25,130950.017
603051.SH,20240906,25.76,25.99,25.02,25.07,26.09,-1.02,-3.9095,53154.93,135150.909
600265.SH,20240906,13.24,13.3,13.07,13.18,13.24,-0.06,-0.4532,4728.0,6217.724
300801.SZ,20240906,13.6,13.6,13.1,13.13,13.6,-0.47,-3.4559,16551.93,22089.19
300014.SZ,20240906,33.55,33.65,32.78,32.86,33.55,-0.69,-2.0566,116019.14,384383.473
300280.SZ,20240906,14.41,14.8,14.23,14.26,14.48,-0.22,-1.5193,101598.14,147214.812
300057.SZ,20240906,4.21,4.23,4.09,4.11,4.23,-0.12,-2.8369,138393.4,57459.52
601677.SH,20240906,11.96,12.1,11.9,11.97,11.92,0.05,0.4195,155323.4,186571.685
300204.SZ,20240906,6.35,6.39,6.14,6.16,6.35,-0.19,-2.9921,77126.21,48015.577
300990.SZ,20240906,25.9,26.0,24.61,24.65,25.89,-1.24,-4.7895,13974.6,35096.268
600356.SH,20240906,6.26,6.28,6.14,6.16,6.26,-0.1,-1.5974,25189.15,15654.188
688488.SH,20240906,8.6,8.8,8.34,8.38,8.45,-0.07,-0.8284,44119.22,37748.003
603356.SH,20240906,11.96,12.11,11.76,11.77,11.98,-0.21,-1.7529,14702.0,17503.632
002980.SZ,20240906,22.25,22.25,21.54,21.54,22.0,-0.46,-2.0909,7996.0,17418.782
603956.SH,20240906,4.7,4.74,4.49,4.59,4.74,-0.15,-3.1646,82439.73,37867.607
600984.SH,20240906,2.24,2.25,2.2,2.2,2.25,-0.05,-2.2222,52159.6,11601.792
000639.SZ,20240906,2.35,2.35,2.3,2.31,2.35,-0.04,-1.7021,82113.25,19075.907
689009.SH,20240906,46.0,47.47,45.19,46.1,46.3,-0.2,-0.432,61246.25,284117.317
301382.SZ,20240906,20.0,20.2,18.53,18.73,20.4,-1.67,-8.1863,156326.68,299468.708
002719.SZ,20240906,5.79,5.82,5.66,5.68,5.79,-0.11,-1.8998,45232.0,25809.913
002927.SZ,20240906,10.58,10.58,10.1,10.15,10.59,-0.44,-4.1549,49789.22,51136.091
300997.SZ,20240906,12.77,12.85,11.4,11.7,11.88,-0.18,-1.5152,137874.57,167309.076
003027.SZ,20240906,12.34,12.34,12.0,12.06,12.33,-0.27,-2.1898,14318.0,17355.953
600721.SH,20240906,5.89,5.98,5.74,5.76,5.93,-0.17,-2.8668,154686.0,90139.433
688505.SH,20240906,6.77,6.78,6.63,6.63,6.74,-0.11,-1.632,13194.65,8805.858
002184.SZ,20240906,8.17,8.2,8.01,8.01,8.17,-0.16,-1.9584,20992.38,16958.585
601808.SH,20240906,14.0,14.05,13.7,13.72,13.99,-0.27,-1.9299,45093.49,62276.819
300708.SZ,20240906,8.38,8.4,8.15,8.18,8.38,-0.2,-2.3866,81909.6,67466.234
002827.SZ,20240906,24.1,26.4,23.86,25.46,24.0,1.46,6.0833,243362.03,624201.243
300134.SZ,20240906,8.0,8.0,7.3,7.37,8.01,-0.64,-7.99,378481.11,288477.654
688071.SH,20240906,17.52,17.67,16.5,16.66,17.62,-0.96,-5.4484,6447.79,10974.761
300809.SZ,20240906,19.0,19.0,18.41,18.52,18.99,-0.47,-2.475,21107.7,39370.323
000920.SZ,20240906,7.65,7.76,7.56,7.58,7.65,-0.07,-0.915,31014.24,23723.341
600279.SH,20240906,3.57,3.59,3.54,3.54,3.56,-0.02,-0.5618,24587.03,8775.029
600705.SH,20240906,2.27,2.33,2.26,2.28,2.24,0.04,1.7857,650667.66,148938.752
603611.SH,20240906,15.71,15.84,15.49,15.53,15.7,-0.17,-1.0828,19648.0,30681.598
688205.SH,20240906,30.08,30.59,28.65,28.79,30.29,-1.5,-4.9521,15389.24,45196.64
688060.SH,20240906,27.4,27.72,26.61,26.69,27.26,-0.57,-2.091,1775.82,4797.866
600879.SH,20240906,7.25,7.28,7.09,7.1,7.23,-0.13,-1.7981,219409.59,157534.082
002136.SZ,20240906,8.81,8.83,8.66,8.66,8.81,-0.15,-1.7026,10027.0,8766.992
301328.SZ,20240906,33.55,33.68,32.72,32.73,33.55,-0.82,-2.4441,5374.0,17839.705
688620.SH,20240906,6.7,6.83,6.54,6.54,6.68,-0.14,-2.0958,15565.09,10299.016
605389.SH,20240906,18.19,18.29,17.76,17.79,18.19,-0.4,-2.199,4330.8,7757.74
002915.SZ,20240906,9.72,9.72,9.22,9.25,9.83,-0.58,-5.9003,146360.61,137983.819
301487.SZ,20240906,17.18,17.6,16.53,16.59,17.29,-0.7,-4.0486,251293.55,429191.546
300772.SZ,20240906,10.18,10.22,9.91,9.92,10.21,-0.29,-2.8404,65666.0,65973.818
002501.SZ,20240906,1.04,1.04,1.03,1.04,1.04,0.0,0.0,206054.0,21341.345
301588.SZ,20240906,18.85,18.94,18.2,18.2,18.85,-0.65,-3.4483,11370.11,21007.285
002344.SZ,20240906,3.09,3.12,3.06,3.07,3.09,-0.02,-0.6472,57230.0,17670.464
000590.SZ,20240906,5.17,5.24,5.06,5.08,5.19,-0.11,-2.1195,40421.97,20698.302
688226.SH,20240906,15.38,15.47,14.76,14.8,15.39,-0.59,-3.8337,22623.94,34024.882
300161.SZ,20240906,20.6,20.6,19.9,19.9,20.53,-0.63,-3.0687,21806.85,43985.606
300082.SZ,20240906,5.27,5.32,5.04,5.08,5.26,-0.18,-3.4221,216646.28,111445.897
600973.SH,20240906,3.23,3.26,3.19,3.2,3.25,-0.05,-1.5385,62303.0,20041.407
300962.SZ,20240906,12.88,12.93,12.55,12.56,12.88,-0.32,-2.4845,10878.9,13816.303
000552.SZ,20240906,2.4,2.42,2.34,2.35,2.41,-0.06,-2.4896,512742.44,121695.49
000708.SZ,20240906,11.22,11.33,11.15,11.16,11.26,-0.1,-0.8881,37598.37,42198.64
300539.SZ,20240906,8.03,8.03,7.73,7.77,8.04,-0.27,-3.3582,29386.48,23141.909
603088.SH,20240906,6.1,6.11,5.98,5.98,6.07,-0.09,-1.4827,46399.96,27962.515
920275.BJ,20240906,3.14,3.14,3.05,3.13,3.13,0.0,0.0,4650.25,1431.062
300354.SZ,20240906,30.6,30.69,29.68,29.78,30.6,-0.82,-2.6797,8172.0,24579.561
301580.SZ,20240906,51.19,52.15,50.31,50.31,51.25,-0.94,-1.8341,10808.23,55267.493
600557.SH,20240906,13.22,13.23,12.87,12.88,13.1,-0.22,-1.6794,65045.0,84172.136
300567.SZ,20240906,54.21,54.99,50.78,50.82,54.21,-3.39,-6.2535,46003.33,241460.129
603138.SH,20240906,12.0,12.0,11.5,11.58,12.01,-0.43,-3.5803,94205.4,110308.395
920571.BJ,20240906,3.53,3.54,3.47,3.48,3.52,-0.04,-1.1364,28069.24,9824.325
301511.SZ,20240906,11.05,11.43,10.89,10.91,11.19,-0.28,-2.5022,147298.4,164128.703
688420.SH,20240906,19.31,19.42,18.76,18.86,19.31,-0.45,-2.3304,1152.65,2191.733
300511.SZ,20240906,3.01,3.09,2.93,2.95,2.98,-0.03,-1.0067,246165.95,74115.641
002276.SZ,20240906,6.62,6.67,6.48,6.49,6.64,-0.15,-2.259,76802.0,50248.355
605266.SH,20240906,23.54,23.6,21.26,22.19,22.99,-0.8,-3.4798,150402.54,333531.42
301373.SZ,20240906,21.77,21.81,21.17,21.27,21.73,-0.46,-2.1169,2346.77,5034.493
301172.SZ,20240906,24.11,24.3,23.55,23.61,24.08,-0.47,-1.9518,23253.7,55218.112
601059.SH,20240906,12.78,12.9,12.41,12.45,12.48,-0.03,-0.2404,215321.51,272011.048
301571.SZ,20240906,37.5,37.88,35.7,35.84,37.42,-1.58,-4.2223,100133.75,370544.635
920879.BJ,20240906,7.92,7.99,7.86,7.92,7.96,-0.04,-0.5025,632.75,500.84
002400.SZ,20240906,4.74,4.79,4.68,4.68,4.76,-0.08,-1.6807,164972.85,77894.596
301063.SZ,20240906,13.95,14.01,13.4,13.41,13.92,-0.51,-3.6638,20281.0,27597.092
300365.SZ,20240906,4.87,4.9,4.7,4.74,4.89,-0.15,-3.0675,218601.19,104609.047
300673.SZ,20240906,12.68,12.85,12.2,12.3,12.69,-0.39,-3.0733,24517.1,30412.702
002384.SZ,20240906,21.9,22.0,21.14,21.18,21.89,-0.71,-3.2435,333568.92,718050.959
002815.SZ,20240906,8.05,8.06,7.74,7.76,8.04,-0.28,-3.4826,104318.86,81851.806
300315.SZ,20240906,4.31,4.34,4.18,4.18,4.23,-0.05,-1.182,677216.02,287238.901
600728.SH,20240906,3.88,3.89,3.78,3.79,3.87,-0.08,-2.0672,139203.0,53207.216
002323.SZ,20240906,1.09,1.1,1.07,1.07,1.1,-0.03,-2.7273,255032.9,27566.874
600426.SH,20240906,22.35,22.38,20.81,20.97,22.35,-1.38,-6.1745,336930.34,722781.212
920392.BJ,20240906,10.16,10.3,9.9,9.95,10.34,-0.39,-3.7718,1677.5,1689.024
000703.SZ,20240906,5.92,5.93,5.82,5.86,5.92,-0.06,-1.0135,143366.5,84214.772
301202.SZ,20240906,25.74,25.92,25.23,25.3,25.74,-0.44,-1.7094,8878.89,22598.718
600511.SH,20240906,29.02,29.27,28.8,29.05,29.05,0.0,0.0,42447.04,123444.554
000513.SZ,20240906,36.6,36.93,36.4,36.56,36.62,-0.06,-0.1638,35362.51,129749.538
300368.SZ,20240906,2.6,2.77,2.59,2.63,2.58,0.05,1.938,251147.54,66950.84
688296.SH,20240906,8.38,8.38,8.05,8.06,8.34,-0.28,-3.3573,15431.74,12544.456
600053.SH,20240906,11.97,12.27,11.83,11.84,11.93,-0.09,-0.7544,37592.01,45304.119
600624.SH,20240906,2.97,3.09,2.96,3.02,2.97,0.05,1.6835,253631.51,77109.482
002825.SZ,20240906,6.41,6.44,6.3,6.32,6.42,-0.1,-1.5576,37584.74,23969.409
002840.SZ,20240906,11.18,11.2,10.77,10.78,11.19,-0.41,-3.664,84709.93,92603.317
688229.SH,20240906,37.38,37.38,34.99,36.35,36.85,-0.5,-1.3569,13183.36,47445.223
300724.SZ,20240906,46.98,47.35,46.01,46.37,47.12,-0.75,-1.5917,67648.5,314257.889
603312.SH,20240906,26.82,27.25,26.73,27.22,26.82,0.4,1.4914,11592.36,31423.883
001378.SZ,20240906,21.56,21.58,20.98,21.0,21.56,-0.56,-2.5974,5654.61,12017.293
920729.BJ,20240906,4.92,4.92,4.75,4.75,4.85,-0.1,-2.0619,2016.03,965.948
688343.SH,20240906,22.63,22.76,21.86,21.95,22.8,-0.85,-3.7281,27955.74,62080.418
301232.SZ,20240906,23.8,23.81,22.98,22.98,23.67,-0.69,-2.9151,12528.1,29175.693
300024.SZ,20240906,9.3,9.35,9.12,9.13,9.31,-0.18,-1.9334,91605.8,84386.023
603963.SH,20240906,3.26,3.38,3.18,3.24,3.31,-0.07,-2.1148,77585.06,25290.363
000989.SZ,20240906,6.61,6.61,6.52,6.53,6.59,-0.06,-0.9105,23692.6,15552.364
000831.SZ,20240906,22.2,22.26,21.9,21.92,22.21,-0.29,-1.3057,54993.0,121228.814
300379.SZ,20240906,9.72,9.84,9.15,9.21,10.01,-0.8,-7.992,575552.09,542086.396
920690.BJ,20240906,10.8,10.8,10.5,10.51,10.7,-0.19,-1.7757,1405.12,1483.703
601360.SH,20240906,6.99,7.01,6.86,6.87,6.96,-0.09,-1.2931,189640.52,131187.658
605337.SH,20240906,8.79,8.83,8.55,8.56,8.79,-0.23,-2.6166,17956.47,15540.149
000410.SZ,20240906,6.08,6.11,6.02,6.08,6.11,-0.03,-0.491,24876.0,15099.139
000812.SZ,20240906,3.61,3.63,3.5,3.55,3.62,-0.07,-1.9337,82881.64,29630.129
002749.SZ,20240906,12.95,12.99,12.62,12.74,13.04,-0.3,-2.3006,20938.64,26724.753
000767.SZ,20240906,2.26,2.28,2.21,2.22,2.27,-0.05,-2.2026,88103.0,19733.004
000426.SZ,20240906,10.67,10.74,10.4,10.45,10.61,-0.16,-1.508,190125.94,200193.216
688653.SH,20240906,10.18,10.3,9.99,10.01,10.21,-0.2,-1.9589,16463.21,16640.803
603391.SH,20240906,39.05,39.3,37.95,38.02,39.08,-1.06,-2.7124,18505.79,71490.208
688155.SH,20240906,32.8,32.99,31.8,31.91,32.81,-0.9,-2.7431,9366.51,30119.465
300553.SZ,20240906,19.34,19.34,18.6,18.7,19.25,-0.55,-2.8571,10039.6,18885.725
001965.SZ,20240906,12.5,12.75,12.35,12.38,12.58,-0.2,-1.5898,113214.22,141719.226
600689.SH,20240906,6.87,7.2,6.76,6.96,6.77,0.19,2.8065,101389.98,70679.726
600873.SH,20240906,9.56,9.6,9.38,9.39,9.56,-0.17,-1.7782,129612.19,122282.01
000049.SZ,20240906,22.67,22.67,21.95,21.95,22.68,-0.73,-3.2187,68711.77,152224.929
002581.SZ,20240906,8.57,8.65,8.33,8.33,8.6,-0.27,-3.1395,30753.0,25838.21
688710.SH,20240906,25.28,26.02,25.13,25.35,25.62,-0.27,-1.0539,69210.86,176648.75
603789.SH,20240906,6.65,6.65,6.45,6.45,6.59,-0.14,-2.1244,23369.0,15250.41
600790.SH,20240906,3.29,3.29,3.25,3.26,3.28,-0.02,-0.6098,32932.66,10760.587
600987.SH,20240906,6.7,6.75,6.66,6.66,6.73,-0.07,-1.0401,29851.83,19996.213
603856.SH,20240906,10.39,10.39,10.17,10.17,10.35,-0.18,-1.7391,10559.0,10854.485
920419.BJ,20240906,7.53,7.57,7.34,7.4,7.57,-0.17,-2.2457,1572.07,1174.961
688767.SH,20240906,24.71,24.83,24.35,24.48,24.75,-0.27,-1.0909,2921.77,7176.337
603082.SH,20240906,28.06,28.29,27.56,27.58,28.1,-0.52,-1.8505,13982.76,38986.522
002152.SZ,20240906,9.53,9.61,9.31,9.33,9.5,-0.17,-1.7895,143277.0,135572.761
000001.SZ,20240906,10.06,10.21,10.05,10.08,10.07,0.01,0.0993,878865.43,891507.834
300465.SZ,20240906,7.71,7.91,7.47,7.47,7.73,-0.26,-3.3635,313833.0,241626.229
600976.SH,20240906,43.88,44.1,42.38,42.47,43.87,-1.4,-3.1912,9233.0,39687.809
300438.SZ,20240906,24.88,25.55,24.5,24.85,24.95,-0.1,-0.4008,552008.97,1378103.89
605077.SH,20240906,13.02,13.14,12.93,13.09,13.02,0.07,0.5376,12084.31,15780.455
002478.SZ,20240906,4.58,4.59,4.5,4.5,4.58,-0.08,-1.7467,45477.0,20612.083
301327.SZ,20240906,72.38,72.7,70.03,70.11,72.38,-2.27,-3.1362,5749.72,40769.165
300921.SZ,20240906,19.69,19.69,18.44,18.48,19.55,-1.07,-5.4731,56931.0,107932.778
920021.BJ,20240906,3.0,3.0,2.92,2.92,2.98,-0.06,-2.0134,17073.82,5030.159
301231.SZ,20240906,15.45,15.53,15.06,15.12,15.45,-0.33,-2.1359,16759.11,25479.413
002082.SZ,20240906,4.2,4.22,4.09,4.1,4.21,-0.11,-2.6128,47033.0,19460.597
300506.SZ,20240906,1.87,1.92,1.85,1.91,1.88,0.03,1.5957,104121.52,19663.969
001324.SZ,20240906,15.55,15.6,15.28,15.34,15.6,-0.26,-1.6667,11496.19,17757.314
920247.BJ,20240906,11.56,12.0,11.36,11.67,11.5,0.17,1.4783,14554.62,17016.916
300880.SZ,20240906,18.48,18.57,17.72,17.75,18.48,-0.73,-3.9502,62037.44,111891.053
301043.SZ,20240906,23.61,23.74,23.04,23.12,23.66,-0.54,-2.2823,3305.0,7705.687
300857.SZ,20240906,47.85,48.01,46.62,46.62,47.74,-1.12,-2.346,50114.16,236593.201
601929.SH,20240906,1.05,1.08,1.03,1.07,1.05,0.02,1.9048,868024.47,92143.334
000503.SZ,20240906,6.81,6.88,6.68,6.69,6.82,-0.13,-1.9062,66006.0,44547.965
002437.SZ,20240906,1.89,1.9,1.85,1.86,1.88,-0.02,-1.0638,173156.0,32433.074
603100.SH,20240906,16.81,17.12,16.51,16.64,16.81,-0.17,-1.0113,34372.8,57726.171
300428.SZ,20240906,14.35,14.39,13.92,13.94,14.39,-0.45,-3.1272,38432.6,54297.373
300856.SZ,20240906,26.6,26.6,25.66,25.67,26.47,-0.8,-3.0223,26382.0,68591.961
000632.SZ,20240906,2.58,2.62,2.52,2.53,2.58,-0.05,-1.938,100328.0,25683.094
300855.SZ,20240906,22.27,22.27,21.49,21.49,22.16,-0.67,-3.0235,18879.7,40990.678
000906.SZ,20240906,4.94,4.95,4.82,4.85,4.95,-0.1,-2.0202,68609.5,33544.757
600958.SH,20240906,8.84,8.86,8.53,8.55,8.64,-0.09,-1.0417,693547.86,598620.098
600383.SH,20240906,3.75,3.79,3.6,3.62,3.86,-0.24,-6.2176,2403726.23,882077.529
002823.SZ,20240906,12.39,13.66,12.39,13.66,12.42,1.24,9.9839,337055.94,450926.226
603102.SH,20240906,30.06,30.25,29.55,29.57,30.13,-0.56,-1.8586,1886.0,5628.754
600481.SH,20240906,3.78,3.79,3.65,3.66,3.76,-0.1,-2.6596,161365.0,59522.467
688186.SH,20240906,9.5,9.5,9.17,9.17,9.44,-0.27,-2.8602,23868.04,22117.243
301195.SZ,20240906,26.38,26.44,25.48,25.59,26.41,-0.82,-3.1049,7217.0,18682.693
301381.SZ,20240906,22.81,23.22,22.6,22.71,22.92,-0.21,-0.9162,20409.01,46766.826
002269.SZ,20240906,1.38,1.39,1.33,1.36,1.38,-0.02,-1.4493,866736.0,117052.545
600118.SH,20240906,20.91,20.98,20.68,20.68,20.87,-0.19,-0.9104,38892.0,80883.951
301279.SZ,20240906,17.17,17.2,16.7,16.75,17.17,-0.42,-2.4461,9954.0,16841.745
301158.SZ,20240906,11.65,11.72,11.4,11.42,11.65,-0.23,-1.9742,9855.0,11382.326
920665.BJ,20240906,7.09,7.2,7.04,7.05,7.15,-0.1,-1.3986,3547.73,2518.953
002088.SZ,20240906,10.14,10.23,9.97,9.97,10.17,-0.2,-1.9666,15790.17,15852.516
301293.SZ,20240906,32.12,32.38,31.38,31.38,32.26,-0.88,-2.7278,19504.58,61817.975
600711.SH,20240906,3.64,3.65,3.55,3.58,3.63,-0.05,-1.3774,539381.0,194286.188
600339.SH,20240906,3.04,3.07,3.01,3.01,3.04,-0.03,-0.9868,224814.0,68272.65
688100.SH,20240906,35.02,35.13,33.85,33.99,34.87,-0.88,-2.5237,6070.18,20783.299
688107.SH,20240906,18.56,18.74,17.91,17.93,18.6,-0.67,-3.6022,16268.1,29506.671
301091.SZ,20240906,28.0,30.27,27.85,28.19,28.2,-0.01,-0.0355,236305.39,687127.226
300061.SZ,20240906,5.68,5.85,5.53,5.57,5.72,-0.15,-2.6224,560858.0,319194.601
603260.SH,20240906,49.81,49.98,49.28,49.69,49.8,-0.11,-0.2209,8132.42,40360.521
300306.SZ,20240906,9.57,9.67,9.34,9.43,9.6,-0.17,-1.7708,41854.2,39719.799
600562.SH,20240906,13.05,13.05,12.67,12.69,12.97,-0.28,-2.1588,36387.4,46589.204
600180.SH,20240906,3.57,3.6,3.54,3.55,3.57,-0.02,-0.5602,33262.0,11869.643
000983.SZ,20240906,7.56,7.57,7.43,7.44,7.58,-0.14,-1.847,189052.86,141394.317
688369.SH,20240906,13.08,13.13,12.39,12.42,13.08,-0.66,-5.0459,35684.42,45020.434
300143.SZ,20240906,7.46,7.49,7.26,7.27,7.42,-0.15,-2.0216,23008.37,16904.286
002648.SZ,20240906,15.25,15.25,14.87,14.9,15.21,-0.31,-2.0381,115297.62,173266.157
600149.SH,20240906,3.21,3.24,3.17,3.19,3.22,-0.03,-0.9317,28109.01,8995.446
300396.SZ,20240906,14.2,14.35,13.6,13.63,14.18,-0.55,-3.8787,53701.0,74474.857
000669.SZ,20240906,1.39,1.41,1.36,1.37,1.39,-0.02,-1.4388,35177.4,4854.029
002252.SZ,20240906,7.05,7.08,6.95,6.96,7.07,-0.11,-1.5559,157401.0,110428.427
300370.SZ,20240906,1.76,1.77,1.72,1.73,1.76,-0.03,-1.7045,91878.0,16041.983
600488.SH,20240906,3.88,3.91,3.86,3.87,3.88,-0.01,-0.2577,55331.44,21511.555
002215.SZ,20240906,7.63,7.87,7.56,7.59,7.54,0.05,0.6631,217410.44,167565.997
605258.SH,20240906,26.0,26.14,24.93,24.96,26.11,-1.15,-4.4044,28157.5,71367.77
688215.SH,20240906,16.08,16.08,15.44,15.56,15.97,-0.41,-2.5673,2505.45,3944.179
300636.SZ,20240906,7.46,7.49,7.13,7.16,7.46,-0.3,-4.0214,55839.0,40430.249
600333.SH,20240906,3.76,3.82,3.76,3.77,3.76,0.01,0.266,36511.0,13834.868
600986.SH,20240906,4.16,4.17,4.08,4.09,4.15,-0.06,-1.4458,111647.0,46028.604
002723.SZ,20240906,5.25,5.26,4.92,4.92,5.29,-0.37,-6.9943,209301.39,105927.497
601990.SH,20240906,7.5,7.57,7.37,7.38,7.4,-0.02,-0.2703,240780.48,179447.754
000758.SZ,20240906,4.04,4.06,3.99,4.0,4.04,-0.04,-0.9901,192710.22,77510.799
000868.SZ,20240906,4.45,4.79,4.44,4.58,4.42,0.16,3.6199,566873.39,261409.745
688329.SH,20240906,12.94,13.0,12.32,12.37,12.87,-0.5,-3.885,7859.84,9891.371
000159.SZ,20240906,6.4,6.5,6.26,6.31,6.42,-0.11,-1.7134,46458.0,29689.006
002049.SZ,20240906,47.83,47.96,46.46,46.46,47.82,-1.36,-2.844,66265.98,311557.566
920075.BJ,20240906,11.05,11.51,11.0,11.09,11.0,0.09,0.8182,3692.09,4167.928
002642.SZ,20240906,6.11,6.13,5.93,5.94,6.09,-0.15,-2.4631,257999.8,154767.146
003042.SZ,20240906,11.65,11.65,11.3,11.36,11.55,-0.19,-1.645,11855.8,13487.06
300045.SZ,20240906,16.45,16.73,16.02,16.03,16.59,-0.56,-3.3755,186628.49,303659.947
603786.SH,20240906,47.4,49.5,47.03,47.3,47.27,0.03,0.0635,47791.34,231030.531
300149.SZ,20240906,4.54,4.6,4.39,4.4,4.56,-0.16,-3.5088,131294.74,58274.771
000820.SZ,20240906,2.57,2.64,2.53,2.64,2.55,0.09,3.5294,173737.0,44772.082
002480.SZ,20240906,3.62,3.79,3.62,3.7,3.68,0.02,0.5435,162793.0,60387.98
000027.SZ,20240906,5.8,5.86,5.73,5.75,5.7,0.05,0.8772,266990.09,154692.408
300125.SZ,20240906,4.5,5.14,4.41,4.98,4.36,0.62,14.2202,529803.35,250302.734
001387.SZ,20240906,12.94,12.98,12.49,12.53,12.94,-0.41,-3.1685,20363.49,25839.436
603055.SH,20240906,10.37,10.37,10.1,10.15,10.32,-0.17,-1.6473,22150.0,22598.167
000498.SZ,20240906,4.98,5.02,4.95,4.95,4.97,-0.02,-0.4024,47929.62,23868.475
300692.SZ,20240906,4.3,4.31,4.2,4.21,4.3,-0.09,-2.093,16353.0,6942.463
603308.SH,20240906,10.0,10.11,9.78,9.79,10.0,-0.21,-2.1,56123.4,55609.773
600655.SH,20240906,5.12,5.19,5.1,5.11,5.11,0.0,0.0,98664.01,50814.681
000963.SZ,20240906,29.35,29.45,28.72,28.72,29.28,-0.56,-1.9126,47649.0,138060.03
002903.SZ,20240906,15.56,15.6,14.97,15.01,15.55,-0.54,-3.4727,42292.09,64280.662
688032.SH,20240906,132.89,132.89,125.36,126.33,131.59,-5.26,-3.9973,9441.91,120156.445
600822.SH,20240906,7.56,7.78,7.56,7.58,7.56,0.02,0.2646,71609.8,54936.834
301116.SZ,20240906,10.04,10.09,9.81,9.91,10.02,-0.11,-1.0978,26478.0,26374.941
600571.SH,20240906,9.41,9.96,9.15,9.19,9.41,-0.22,-2.3379,574346.52,545195.313
688168.SH,20240906,28.75,29.5,28.42,28.75,28.65,0.1,0.349,7994.01,23178.905
002099.SZ,20240906,5.58,5.61,5.32,5.33,5.57,-0.24,-4.3088,66088.0,35754.348
688062.SH,20240906,24.05,24.3,23.16,23.21,24.0,-0.79,-3.2917,15407.36,36473.528
002465.SZ,20240906,8.79,8.84,8.61,8.64,8.8,-0.16,-1.8182,199464.04,173366.49
301500.SZ,20240906,17.04,17.11,16.5,16.55,17.03,-0.48,-2.8186,15758.0,26383.484
300490.SZ,20240906,6.68,6.71,6.48,6.71,6.69,0.02,0.299,92239.0,60824.288
688092.SH,20240906,18.49,18.49,17.7,17.71,18.36,-0.65,-3.5403,6882.71,12346.874
002092.SZ,20240906,3.47,3.49,3.46,3.48,3.47,0.01,0.2882,86315.57,29948.857
000766.SZ,20240906,15.18,15.21,14.57,14.63,15.16,-0.53,-3.496,204151.59,301483.03
688388.SH,20240906,8.95,8.95,8.69,8.7,8.93,-0.23,-2.5756,47457.09,41664.217
920118.BJ,20240906,17.25,17.44,17.15,17.23,17.18,0.05,0.291,10895.2,18814.855
600340.SH,20240906,1.09,1.12,1.05,1.07,1.09,-0.02,-1.8349,649587.3,69573.101
300115.SZ,20240906,11.28,11.33,10.9,10.92,11.31,-0.39,-3.4483,285240.53,314606.655
600558.SH,20240906,3.32,3.36,3.26,3.27,3.32,-0.05,-1.506,120958.25,40007.688
002131.SZ,20240906,1.4,1.41,1.38,1.39,1.4,-0.01,-0.7143,263299.62,36564.453
600720.SH,20240906,8.1,8.15,7.92,7.92,8.09,-0.17,-2.1014,51996.75,41693.43
688093.SH,20240906,16.19,16.19,15.36,15.55,16.15,-0.6,-3.7152,11581.16,18140.02
603056.SH,20240906,13.11,13.13,12.8,12.86,13.11,-0.25,-1.9069,28510.0,36811.532
003011.SZ,20240906,12.11,12.21,11.81,11.85,12.12,-0.27,-2.2277,9146.11,10895.666
603866.SH,20240906,5.38,5.38,5.27,5.27,5.38,-0.11,-2.0446,65320.7,34709.447
600831.SH,20240906,2.06,2.09,2.01,2.02,2.06,-0.04,-1.9417,140542.63,28620.941
688321.SH,20240906,16.79,16.94,16.02,16.08,16.79,-0.71,-4.2287,25971.76,42402.371
300295.SZ,20240906,9.94,10.4,9.82,9.85,10.2,-0.35,-3.4314,244143.74,245085.179
002892.SZ,20240906,8.39,8.46,8.23,8.24,8.43,-0.19,-2.2539,109225.8,91097.619
002515.SZ,20240906,4.38,4.44,4.32,4.35,4.38,-0.03,-0.6849,81513.6,35674.194
002306.SZ,20240906,2.55,2.57,2.5,2.5,2.55,-0.05,-1.9608,71317.0,18024.38
600698.SH,20240906,4.08,4.2,3.91,3.94,3.89,0.05,1.2853,534171.54,216084.509
301376.SZ,20240906,17.29,17.4,16.65,16.68,17.32,-0.64,-3.6952,8967.12,15170.735
300910.SZ,20240906,38.25,38.8,37.69,37.76,38.65,-0.89,-2.3027,12120.0,46225.952
300598.SZ,20240906,30.08,31.48,29.43,30.16,30.03,0.13,0.4329,112512.14,342671.191
601588.SH,20240906,1.36,1.37,1.35,1.35,1.36,-0.01,-0.7353,65669.95,8906.141
300418.SZ,20240906,26.86,27.85,26.52,27.16,26.86,0.3,1.1169,517540.64,1410037.104
300323.SZ,20240906,4.29,4.3,4.18,4.19,4.3,-0.11,-2.5581,152018.0,64365.824
600776.SH,20240906,8.58,8.61,8.31,8.32,8.5,-0.18,-2.1176,55512.0,46566.862
601128.SH,20240906,6.31,6.37,6.27,6.27,6.32,-0.05,-0.7911,191097.86,120769.013
603613.SH,20240906,19.51,19.75,19.15,19.18,19.43,-0.25,-1.2867,69315.8,134711.927
688021.SH,20240906,7.88,7.88,7.47,7.52,7.78,-0.26,-3.3419,10488.7,7947.083
002238.SZ,20240906,7.4,7.4,7.09,7.09,7.29,-0.2,-2.7435,51332.0,36725.074
603168.SH,20240906,6.37,6.44,6.2,6.21,6.4,-0.19,-2.9688,33289.64,20927.983
603268.SH,20240906,12.79,13.12,12.39,13.12,12.84,0.28,2.1807,10244.0,12985.426
001359.SZ,20240906,20.93,20.93,20.12,20.14,20.88,-0.74,-3.5441,32233.09,65980.168
002204.SZ,20240906,3.95,3.97,3.9,3.91,3.96,-0.05,-1.2626,80418.0,31558.28
000158.SZ,20240906,7.08,7.68,6.97,7.4,7.09,0.31,4.3724,1510291.35,1096034.491
601916.SH,20240906,2.55,2.57,2.53,2.54,2.55,-0.01,-0.3922,667854.19,170566.177
300784.SZ,20240906,50.6,51.1,49.46,49.46,50.66,-1.2,-2.3687,9614.0,48020.144
301112.SZ,20240906,19.69,19.77,18.88,18.9,19.73,-0.83,-4.2068,16699.68,32033.478
002202.SZ,20240906,8.34,8.39,8.2,8.2,8.34,-0.14,-1.6787,265992.25,220274.818
002441.SZ,20240906,6.45,6.46,6.33,6.35,6.44,-0.09,-1.3975,37166.19,23708.147
301209.SZ,20240906,20.5,21.6,19.86,21.35,20.5,0.85,4.1463,35681.33,74491.74
001210.SZ,20240906,11.26,11.27,11.02,11.02,11.26,-0.24,-2.1314,9905.08,11032.7
000572.SZ,20240906,3.12,3.25,3.12,3.17,3.11,0.06,1.9293,522987.0,166847.703
688198.SH,20240906,98.87,98.87,95.9,97.82,98.24,-0.42,-0.4275,1068.28,10423.065
002265.SZ,20240906,8.22,8.49,8.2,8.2,8.2,0.0,0.0,64663.0,53853.559
920505.BJ,20240906,9.38,9.63,9.32,9.35,9.47,-0.12,-1.2672,3312.29,3131.569
002991.SZ,20240906,53.36,53.46,51.64,51.92,53.37,-1.45,-2.7169,7794.0,40883.377
002952.SZ,20240906,20.19,20.44,19.69,19.74,20.15,-0.41,-2.0347,54629.0,108740.378
603182.SH,20240906,10.62,10.65,10.37,10.39,10.57,-0.18,-1.7029,7261.0,7632.156
001331.SZ,20240906,9.75,9.81,9.51,9.74,9.76,-0.02,-0.2049,10636.12,10242.334
002572.SZ,20240906,13.73,13.76,13.42,13.45,13.73,-0.28,-2.0393,44447.0,60241.415
600196.SH,20240906,22.8,22.84,22.51,22.51,22.82,-0.31,-1.3585,47533.47,107745.89
002700.SZ,20240906,9.97,9.99,9.62,9.82,9.83,-0.01,-0.1017,16775.0,16413.938
688097.SH,20240906,20.88,20.88,20.0,20.06,20.61,-0.55,-2.6686,17879.67,36204.217
688228.SH,20240906,29.87,30.38,28.71,28.95,29.86,-0.91,-3.0476,9981.91,29152.962
300191.SZ,20240906,12.1,12.12,11.7,11.77,12.05,-0.28,-2.3237,12138.0,14456.749
000729.SZ,20240906,9.63,9.67,9.45,9.46,9.66,-0.2,-2.0704,69957.0,66690.242
301061.SZ,20240906,51.65,51.94,49.69,50.03,51.68,-1.65,-3.1927,8224.5,41544.818
000795.SZ,20240906,5.39,5.41,5.26,5.26,5.39,-0.13,-2.4119,86268.0,45838.323
603915.SH,20240906,8.18,8.27,7.94,7.95,8.23,-0.28,-3.4022,64172.66,51582.265
605577.SH,20240906,13.04,13.1,12.74,12.75,13.05,-0.3,-2.2989,24746.0,31781.577
605086.SH,20240906,14.93,15.02,14.68,14.7,14.93,-0.23,-1.5405,8512.6,12659.688
600111.SH,20240906,16.94,17.03,16.75,16.75,16.94,-0.19,-1.1216,77311.61,130288.22
603578.SH,20240906,11.21,11.21,10.69,10.7,10.98,-0.28,-2.5501,8874.0,9650.133
000523.SZ,20240906,2.52,2.52,2.46,2.47,2.52,-0.05,-1.9841,49236.0,12241.042
603276.SH,20240906,12.51,12.93,12.38,12.38,12.93,-0.55,-4.2537,31420.68,39546.49
300713.SZ,20240906,13.67,13.83,13.21,13.26,13.66,-0.4,-2.9283,40475.0,54465.818
002689.SZ,20240906,2.69,2.84,2.63,2.65,2.65,0.0,0.0,894725.31,243236.584
600138.SH,20240906,9.36,9.4,9.26,9.26,9.37,-0.11,-1.174,43816.0,40851.034
688385.SH,20240906,26.83,26.83,25.75,25.79,26.78,-0.99,-3.6968,35016.62,91388.876
002110.SZ,20240906,2.61,2.63,2.58,2.59,2.63,-0.04,-1.5209,49774.0,12957.324
000856.SZ,20240906,5.94,5.95,5.83,5.86,5.94,-0.08,-1.3468,23837.0,14006.387
301191.SZ,20240906,62.41,62.85,60.52,60.52,62.5,-1.98,-3.168,10119.97,62119.328
001379.SZ,20240906,24.19,24.65,23.46,23.52,23.84,-0.32,-1.3423,165420.27,396924.381
688148.SH,20240906,3.79,3.82,3.65,3.65,3.83,-0.18,-4.6997,61571.76,22934.489
002645.SZ,20240906,6.28,6.28,6.08,6.09,6.29,-0.2,-3.1797,55316.0,34005.766
301119.SZ,20240906,17.85,18.18,17.44,17.81,18.1,-0.29,-1.6022,29551.3,52780.811
002631.SZ,20240906,3.96,3.99,3.81,3.83,3.97,-0.14,-3.5264,83664.0,32435.585
603169.SH,20240906,4.39,4.42,4.33,4.33,4.4,-0.07,-1.5909,70584.0,30811.421
000859.SZ,20240906,3.44,3.52,3.31,3.33,3.53,-0.2,-5.6657,596015.77,202872.229
600519.SH,20240906,1405.0,1406.0,1398.0,1398.0,1404.88,-6.88,-0.4897,10321.04,1445537.257
300164.SZ,20240906,3.42,3.42,3.34,3.35,3.4,-0.05,-1.4706,119888.02,40392.47
300795.SZ,20240906,14.21,14.3,13.56,13.6,14.26,-0.66,-4.6283,20452.5,28327.89
605162.SH,20240906,6.24,6.27,6.07,6.07,6.26,-0.19,-3.0351,28547.0,17509.999
600746.SH,20240906,6.2,6.24,6.13,6.13,6.19,-0.06,-0.9693,16640.0,10275.864
920274.BJ,20240906,8.4,8.48,8.35,8.45,8.46,-0.01,-0.1182,1233.43,1038.888
600547.SH,20240906,25.6,25.86,25.45,25.67,25.54,0.13,0.509,171215.16,439685.433
603677.SH,20240906,10.4,10.52,10.18,10.28,10.47,-0.19,-1.8147,12531.0,12946.211
300459.SZ,20240906,3.48,3.53,3.45,3.46,3.5,-0.04,-1.1429,581076.22,202787.516
600718.SH,20240906,8.52,8.55,8.34,8.34,8.52,-0.18,-2.1127,102775.14,86575.634
688330.SH,20240906,21.28,21.4,20.89,20.89,21.27,-0.38,-1.7866,9254.63,19550.152
000999.SZ,20240906,46.12,46.35,45.28,45.4,46.12,-0.72,-1.5611,64861.21,296402.691
603214.SH,20240906,10.84,10.85,10.57,10.57,10.77,-0.2,-1.857,12712.0,13573.388
603048.SH,20240906,13.0,13.08,12.54,12.67,13.02,-0.35,-2.6882,11955.09,15244.92
300777.SZ,20240906,20.58,20.7,19.99,20.01,20.6,-0.59,-2.8641,25722.0,52066.908
601665.SH,20240906,4.49,4.49,4.38,4.39,4.46,-0.07,-1.5695,233848.0,104098.882
600160.SH,20240906,14.45,14.57,14.33,14.42,14.43,-0.01,-0.0693,240902.51,347878.304
002714.SZ,20240906,38.21,38.63,38.05,38.1,38.09,0.01,0.0263,131196.8,503277.519
603363.SH,20240906,3.98,4.18,3.98,4.06,3.99,0.07,1.7544,283643.19,115658.955
920527.BJ,20240906,7.1,7.1,6.72,6.77,7.0,-0.23,-3.2857,7208.29,4938.928
000949.SZ,20240906,3.69,3.69,3.47,3.5,3.69,-0.19,-5.1491,356909.94,127578.967
600596.SH,20240906,7.41,7.41,7.21,7.22,7.4,-0.18,-2.4324,52210.0,38001.102
300797.SZ,20240906,8.96,8.96,8.72,8.73,8.93,-0.2,-2.2396,14888.5,13163.756
301512.SZ,20240906,36.09,36.1,35.23,35.23,36.15,-0.92,-2.545,5581.15,19847.241
300171.SZ,20240906,10.46,10.52,10.12,10.12,10.47,-0.35,-3.3429,37961.81,38825.445
603813.SH,20240906,9.14,9.26,8.98,9.02,9.16,-0.14,-1.5284,8858.0,8055.594
300127.SZ,20240906,13.62,13.67,13.32,13.32,13.62,-0.3,-2.2026,12050.0,16184.546
301130.SZ,20240906,24.36,24.52,23.6,23.64,24.43,-0.79,-3.2337,7408.0,17737.498
603300.SH,20240906,4.57,4.57,4.43,4.46,4.56,-0.1,-2.193,136824.81,61255.402
601666.SH,20240906,8.84,8.88,8.58,8.61,8.88,-0.27,-3.0405,303218.1,264108.465
688351.SH,20240906,20.08,20.08,19.45,19.47,19.99,-0.52,-2.6013,11753.62,23112.702
688676.SH,20240906,31.93,32.57,30.69,30.85,32.05,-1.2,-3.7441,47042.91,146666.177
000509.SZ,20240906,2.5,2.5,2.44,2.45,2.5,-0.05,-2.0,118230.0,29128.664
300644.SZ,20240906,17.18,17.34,16.66,16.73,17.18,-0.45,-2.6193,29237.0,49592.017
600155.SH,20240906,6.1,6.14,5.93,5.94,5.94,0.0,0.0,353647.91,213329.268
300454.SZ,20240906,45.79,45.96,44.86,45.0,45.77,-0.77,-1.6823,14165.0,64124.304
002369.SZ,20240906,4.59,4.59,4.22,4.26,4.68,-0.42,-8.9744,1056960.25,460110.582
603291.SH,20240906,9.51,9.55,9.36,9.36,9.47,-0.11,-1.1616,8577.0,8101.035
002916.SZ,20240906,95.35,95.6,92.14,92.15,95.35,-3.2,-3.3561,41657.7,388317.644
002577.SZ,20240906,12.95,13.01,12.5,12.52,12.96,-0.44,-3.3951,94633.04,120174.174
000877.SZ,20240906,4.37,4.41,4.31,4.32,4.35,-0.03,-0.6897,97078.1,42310.023
600621.SH,20240906,12.86,12.92,12.42,12.49,12.45,0.04,0.3213,362217.21,457758.375
300883.SZ,20240906,4.31,4.31,4.08,4.12,4.27,-0.15,-3.5129,119515.0,49969.44
002175.SZ,20240906,1.73,1.74,1.69,1.7,1.74,-0.04,-2.2989,111301.89,19053.917
002011.SZ,20240906,10.69,10.75,10.4,10.42,10.7,-0.28,-2.6168,70873.29,74814.426
300255.SZ,20240906,10.18,10.29,10.03,10.04,10.18,-0.14,-1.3752,104709.32,106340.386
603612.SH,20240906,10.68,10.72,10.34,10.36,10.65,-0.29,-2.723,39030.5,40920.114
688279.SH,20240906,104.85,105.99,103.08,103.74,105.0,-1.26,-1.2,2384.78,24793.744
300435.SZ,20240906,9.89,9.94,9.65,9.84,9.91,-0.07,-0.7064,45917.0,45048.189
300701.SZ,20240906,7.91,7.92,7.6,7.63,7.92,-0.29,-3.6616,29152.75,22509.851
920163.BJ,20240906,15.07,15.18,15.02,15.18,15.14,0.04,0.2642,275.06,416.516
603231.SH,20240906,14.95,15.03,14.69,14.71,14.98,-0.27,-1.8024,8418.34,12482.363
920689.BJ,20240906,10.2,10.23,10.11,10.2,10.19,0.01,0.0981,1292.41,1315.745
600305.SH,20240906,7.02,7.09,6.97,6.98,7.07,-0.09,-1.273,22112.0,15519.294
603125.SH,20240906,15.9,16.09,15.72,15.85,15.93,-0.08,-0.5022,16921.65,26922.395
688328.SH,20240906,12.61,12.74,12.25,12.33,12.64,-0.31,-2.4525,18397.25,22852.92
603237.SH,20240906,17.29,17.6,16.81,16.86,17.32,-0.46,-2.6559,26012.47,44823.162
300518.SZ,20240906,8.37,9.08,8.32,8.83,8.35,0.48,5.7485,210191.8,182873.236
300812.SZ,20240906,19.64,19.67,18.5,18.51,19.64,-1.13,-5.7536,61390.61,116153.042
301421.SZ,20240906,31.71,31.88,30.58,30.78,31.79,-1.01,-3.1771,38420.92,119478.394
920799.BJ,20240906,9.63,10.17,9.47,9.55,9.68,-0.13,-1.343,56679.42,55477.212
688206.SH,20240906,13.98,14.0,13.3,13.35,13.67,-0.32,-2.3409,25655.34,34834.285
920873.BJ,20240906,2.91,2.92,2.84,2.85,2.91,-0.06,-2.0619,17460.94,5000.167
688692.SH,20240906,251.88,253.2,241.0,242.68,254.33,-11.65,-4.5807,8633.43,210832.909
600660.SH,20240906,48.1,49.2,48.1,48.53,48.18,0.35,0.7264,77961.53,380407.191
001227.SZ,20240906,2.18,2.2,2.17,2.17,2.19,-0.02,-0.9132,203048.86,44331.327
601138.SH,20240906,18.87,18.94,18.3,18.36,18.88,-0.52,-2.7542,918167.08,1702211.168
002809.SZ,20240906,6.75,6.81,6.61,6.61,6.74,-0.13,-1.9288,11780.0,7839.905
000782.SZ,20240906,4.05,4.06,4.02,4.02,4.05,-0.03,-0.7407,16862.53,6801.901
301255.SZ,20240906,26.57,26.71,25.77,25.83,26.57,-0.74,-2.7851,8664.0,22574.688
688639.SH,20240906,29.96,30.22,28.0,28.15,30.09,-1.94,-6.4473,37278.31,107157.127
300025.SZ,20240906,8.21,8.22,7.93,7.99,8.19,-0.2,-2.442,49409.03,39656.614
002715.SZ,20240906,9.7,9.84,9.45,9.51,9.77,-0.26,-2.6612,24301.0,23273.014
002533.SZ,20240906,8.31,8.32,8.16,8.17,8.29,-0.12,-1.4475,40490.0,33346.928
301519.SZ,20240906,12.02,12.24,11.78,11.83,12.02,-0.19,-1.5807,11669.35,13917.864
688719.SH,20240906,21.4,21.43,20.58,20.64,21.39,-0.75,-3.5063,4377.34,9141.152
300932.SZ,20240906,10.19,10.41,10.01,10.02,10.22,-0.2,-1.9569,43645.42,44294.098
603998.SH,20240906,12.0,12.01,11.45,11.52,11.95,-0.43,-3.5983,45823.63,53451.397
603368.SH,20240906,15.74,15.79,15.19,15.22,15.62,-0.4,-2.5608,80906.22,124348.577
920225.BJ,20240906,7.2,7.21,7.1,7.11,7.15,-0.04,-0.5594,1767.31,1259.866
002425.SZ,20240906,2.76,2.78,2.7,2.71,2.78,-0.07,-2.518,336793.0,92005.605
301067.SZ,20240906,23.23,23.24,21.3,21.34,23.15,-1.81,-7.8186,61717.08,135754.831
300900.SZ,20240906,16.0,16.13,15.36,15.41,15.94,-0.53,-3.325,84888.4,133542.337
301073.SZ,20240906,16.0,17.25,15.89,16.4,16.03,0.37,2.3082,82049.18,135199.695
002083.SZ,20240906,4.48,4.48,4.4,4.4,4.48,-0.08,-1.7857,47564.5,21117.637
301128.SZ,20240906,43.45,43.48,42.2,42.47,43.33,-0.86,-1.9848,25149.0,107367.74
002166.SZ,20240906,6.75,6.77,6.7,6.72,6.74,-0.02,-0.2967,40978.3,27554.581
601020.SH,20240906,10.73,10.78,10.53,10.54,10.73,-0.19,-1.7707,194582.4,206677.728
300231.SZ,20240906,7.67,7.71,7.44,7.52,7.73,-0.21,-2.7167,167083.05,126369.685
300154.SZ,20240906,5.12,5.12,4.94,4.95,5.11,-0.16,-3.1311,26535.0,13277.841
300254.SZ,20240906,8.02,8.09,7.78,7.78,8.01,-0.23,-2.8714,47218.96,37196.088
600898.SH,20240906,1.56,1.62,1.56,1.62,1.54,0.08,5.1948,103030.11,16629.072
688298.SH,20240906,29.41,29.47,28.91,28.96,29.17,-0.21,-0.7199,9715.14,28258.629
000921.SZ,20240906,25.9,26.64,25.76,25.99,26.01,-0.02,-0.0769,106139.79,278572.642
002291.SZ,20240906,4.39,4.42,4.28,4.3,4.41,-0.11,-2.4943,163622.2,70990.464
300909.SZ,20240906,19.27,19.4,18.68,18.79,19.25,-0.46,-2.3896,20054.0,37888.289
300132.SZ,20240906,3.78,3.78,3.65,3.65,3.77,-0.12,-3.183,41036.0,15191.012
688607.SH,20240906,10.69,10.73,10.21,10.26,10.71,-0.45,-4.2017,9321.17,9702.129
688246.SH,20240906,16.81,16.89,16.24,16.24,16.8,-0.56,-3.3333,7691.09,12650.559
300675.SZ,20240906,11.78,11.82,11.5,11.5,11.77,-0.27,-2.294,48954.17,56842.269
000420.SZ,20240906,2.87,2.88,2.81,2.81,2.87,-0.06,-2.0906,147653.0,41874.875
301208.SZ,20240906,27.97,28.24,26.57,26.57,27.43,-0.86,-3.1353,41116.6,112778.659
002574.SZ,20240906,4.03,4.06,3.97,3.98,4.04,-0.06,-1.4851,37306.0,14949.662
605198.SH,20240906,21.54,21.61,20.9,20.97,21.5,-0.53,-2.4651,8679.0,18334.91
001277.SZ,20240906,35.13,37.2,35.12,35.68,35.64,0.04,0.1122,79393.88,289103.109
300206.SZ,20240906,9.07,9.21,8.88,8.89,9.09,-0.2,-2.2002,49227.08,44371.121
300911.SZ,20240906,20.61,20.64,20.1,20.39,20.64,-0.25,-1.2112,16894.44,34336.546
002187.SZ,20240906,4.21,4.35,4.21,4.24,4.21,0.03,0.7126,78004.0,33415.256
600982.SH,20240906,3.31,3.32,3.28,3.28,3.31,-0.03,-0.9063,31121.01,10275.03
002295.SZ,20240906,5.04,5.15,4.94,4.99,5.05,-0.06,-1.1881,37298.0,18643.003
301098.SZ,20240906,7.4,7.45,7.22,7.24,7.4,-0.16,-2.1622,15168.5,11078.272
600059.SH,20240906,7.85,7.85,7.74,7.75,7.82,-0.07,-0.8951,38148.7,29704.815
002138.SZ,20240906,25.01,25.17,24.29,24.38,25.02,-0.64,-2.558,85725.0,210808.679
003016.SZ,20240906,6.64,6.66,6.51,6.54,6.63,-0.09,-1.3575,14981.0,9847.547
002233.SZ,20240906,6.76,6.79,6.67,6.69,6.76,-0.07,-1.0355,30784.0,20660.0
600717.SH,20240906,4.25,4.36,4.25,4.28,4.25,0.03,0.7059,223646.67,96544.847
605365.SH,20240906,13.99,14.0,13.7,13.73,13.96,-0.23,-1.6476,12991.54,17954.503
301056.SZ,20240906,6.45,6.51,6.25,6.26,6.46,-0.2,-3.096,20426.0,12948.203
300700.SZ,20240906,6.02,6.03,5.79,5.82,6.03,-0.21,-3.4826,50799.04,29793.814
002917.SZ,20240906,8.21,8.22,7.75,7.79,8.21,-0.42,-5.1157,94029.4,74336.763
002488.SZ,20240906,7.25,7.41,7.21,7.35,7.34,0.01,0.1362,270616.18,197815.894
603122.SH,20240906,6.09,6.19,5.84,5.87,6.13,-0.26,-4.2414,276040.7,164204.637
000913.SZ,20240906,16.1,16.19,15.45,15.49,16.15,-0.66,-4.0867,75905.0,119382.43
603995.SH,20240906,16.44,16.54,16.27,16.32,16.44,-0.12,-0.7299,21107.35,34552.595
300072.SZ,20240906,1.88,1.89,1.84,1.86,1.88,-0.02,-1.0638,120229.63,22332.893
002753.SZ,20240906,5.66,5.66,5.46,5.48,5.64,-0.16,-2.8369,26505.0,14691.468
688613.SH,20240906,14.91,14.98,14.23,14.28,14.88,-0.6,-4.0323,27314.42,39644.887
300108.SZ,20240906,2.05,2.07,2.0,2.01,2.05,-0.04,-1.9512,190637.5,38622.556
600193.SH,20240906,3.53,3.55,3.45,3.46,3.52,-0.06,-1.7045,18995.0,6603.195
301498.SZ,20240906,49.49,49.57,47.5,47.75,49.49,-1.74,-3.5159,10971.47,52961.503
301047.SZ,20240906,56.0,56.38,54.63,54.7,56.36,-1.66,-2.9454,9132.6,50339.124
688443.SH,20240906,28.27,28.49,27.26,27.76,28.5,-0.74,-2.5965,7570.89,21003.621
603170.SH,20240906,11.37,11.44,11.13,11.15,11.37,-0.22,-1.9349,7344.0,8241.447
300499.SZ,20240906,10.39,10.4,10.01,10.02,10.23,-0.21,-2.0528,52123.0,52831.542
000065.SZ,20240906,8.41,8.45,8.27,8.31,8.4,-0.09,-1.0714,64524.58,53826.394
600408.SH,20240906,1.51,1.52,1.47,1.48,1.51,-0.03,-1.9868,44033.0,6581.619
600022.SH,20240906,1.23,1.23,1.21,1.21,1.22,-0.01,-0.8197,175392.51,21374.019
002106.SZ,20240906,7.98,8.0,7.78,7.79,7.97,-0.18,-2.2585,109022.0,85727.399
688091.SH,20240906,27.23,27.45,25.91,26.04,27.18,-1.14,-4.1943,24299.63,64162.714
300529.SZ,20240906,25.43,25.45,24.39,24.42,25.35,-0.93,-3.6686,36612.9,90756.408
603711.SH,20240906,11.22,11.42,10.75,10.77,11.22,-0.45,-4.0107,22622.0,24655.163
920260.BJ,20240906,5.5,5.68,5.49,5.5,5.6,-0.1,-1.7857,3410.17,1881.587
300157.SZ,20240906,2.12,2.12,2.05,2.05,2.1,-0.05,-2.381,116546.0,24162.496
603557.SH,20240906,1.93,1.99,1.91,1.94,1.94,0.0,0.0,40639.0,7906.722
002457.SZ,20240906,8.55,8.93,8.45,8.69,8.53,0.16,1.8757,365381.86,320034.521
000925.SZ,20240906,5.6,5.66,5.5,5.56,5.62,-0.06,-1.0676,65694.0,36573.124
600395.SH,20240906,5.37,5.37,5.26,5.26,5.33,-0.07,-1.3133,36907.52,19532.86
300896.SZ,20240906,140.64,140.66,136.16,136.77,140.6,-3.83,-2.724,17068.19,235495.679
002353.SZ,20240906,27.61,27.8,26.78,27.12,27.74,-0.62,-2.235,59994.04,162856.917
688138.SH,20240906,17.97,18.28,17.3,17.38,17.92,-0.54,-3.0134,44686.67,79447.172
000526.SZ,20240906,53.04,53.38,51.37,51.99,53.05,-1.06,-1.9981,17879.52,93490.342
002466.SZ,20240906,26.6,26.9,26.03,26.05,26.7,-0.65,-2.4345,179290.26,470989.708
301078.SZ,20240906,5.3,5.35,5.2,5.23,5.3,-0.07,-1.3208,159376.22,83878.981
601187.SH,20240906,4.64,4.67,4.57,4.58,4.66,-0.08,-1.7167,230303.0,106396.677
002522.SZ,20240906,3.08,3.09,2.99,3.0,3.05,-0.05,-1.6393,58526.0,17747.529
002379.SZ,20240906,4.74,4.91,4.63,4.91,4.74,0.17,3.5865,108276.0,51459.077
000650.SZ,20240906,5.41,5.45,5.37,5.38,5.43,-0.05,-0.9208,95436.8,51560.991
301004.SZ,20240906,91.37,91.37,89.91,90.1,91.0,-0.9,-0.989,3218.0,29134.161
601878.SH,20240906,11.14,11.38,10.98,10.99,10.93,0.06,0.5489,800002.6,892330.725
300821.SZ,20240906,6.45,6.45,6.22,6.22,6.48,-0.26,-4.0123,59640.0,37632.698
600082.SH,20240906,2.0,2.02,1.97,1.99,2.0,-0.01,-0.5,59335.0,11826.535
002267.SZ,20240906,6.56,6.6,6.48,6.48,6.57,-0.09,-1.3699,95065.5,62221.23
688686.SH,20240906,48.99,48.99,47.15,47.19,48.7,-1.51,-3.1006,5471.15,26110.812
300058.SZ,20240906,5.42,5.43,5.31,5.31,5.41,-0.1,-1.8484,296633.0,159181.902
688006.SH,20240906,15.42,15.52,15.05,15.05,15.48,-0.43,-2.7778,18239.98,27762.33
688707.SH,20240906,8.89,8.95,8.63,8.66,8.88,-0.22,-2.4775,34099.38,29750.797
001287.SZ,20240906,17.73,17.75,17.11,17.33,17.97,-0.64,-3.5615,196962.82,342400.974
301308.SZ,20240906,68.7,68.97,66.24,66.3,68.84,-2.54,-3.6897,41167.8,276994.705
688682.SH,20240906,27.39,27.66,26.41,26.5,27.39,-0.89,-3.2494,6252.53,16694.595
601369.SH,20240906,7.56,7.58,7.44,7.44,7.54,-0.1,-1.3263,44298.0,33206.468
002304.SZ,20240906,76.5,76.63,75.57,75.59,76.63,-1.04,-1.3572,42565.0,323046.118
300405.SZ,20240906,3.72,3.75,3.62,3.63,3.76,-0.13,-3.4574,52355.0,19213.897
000636.SZ,20240906,13.69,13.76,13.24,13.26,13.73,-0.47,-3.4232,89123.0,119646.605
002656.SZ,20240906,1.52,1.54,1.43,1.44,1.5,-0.06,-4.0,66741.0,9759.809
688088.SH,20240906,24.8,25.15,23.92,23.96,24.79,-0.83,-3.3481,22456.02,54416.297
603325.SH,20240906,63.72,63.72,61.25,62.2,63.03,-0.83,-1.3168,2652.9,16491.36
603380.SH,20240906,20.37,20.57,19.97,20.07,20.47,-0.4,-1.9541,13737.0,27656.751
603697.SH,20240906,5.77,5.93,5.66,5.68,5.72,-0.04,-0.6993,39972.2,23079.898
601107.SH,20240906,4.69,4.73,4.64,4.65,4.7,-0.05,-1.0638,66562.48,31105.003
605305.SH,20240906,23.34,23.34,22.22,22.43,23.35,-0.92,-3.94,34149.84,77149.448
600811.SH,20240906,1.47,1.53,1.42,1.5,1.48,0.02,1.3514,2807791.46,413105.567
300136.SZ,20240906,18.01,18.06,17.27,17.37,17.95,-0.58,-3.2312,217569.0,381402.154
000715.SZ,20240906,4.86,4.96,4.81,4.85,4.83,0.02,0.4141,81547.9,39858.892
600460.SH,20240906,18.38,18.92,18.23,18.44,18.43,0.01,0.0543,245686.39,456599.634
000011.SZ,20240906,7.66,7.7,7.53,7.56,7.78,-0.22,-2.8278,60461.76,46019.117
601949.SH,20240906,5.87,5.87,5.75,5.75,5.83,-0.08,-1.3722,58555.45,33942.41
301026.SZ,20240906,24.71,24.74,23.9,24.03,24.71,-0.68,-2.7519,11181.0,27069.232
603568.SH,20240906,18.43,18.52,18.04,18.04,18.46,-0.42,-2.2752,22716.95,41417.226
000981.SZ,20240906,1.08,1.08,1.04,1.04,1.09,-0.05,-4.5872,1741990.32,183607.727
300429.SZ,20240906,10.01,10.19,9.85,10.08,10.05,0.03,0.2985,191721.44,192936.783
600284.SH,20240906,4.95,5.02,4.93,4.94,4.95,-0.01,-0.202,52275.3,25998.718
301353.SZ,20240906,23.21,23.21,22.56,22.61,23.18,-0.57,-2.459,3250.06,7395.914
688799.SH,20240906,38.39,38.39,37.1,37.11,38.3,-1.19,-3.107,3746.11,14081.649
002516.SZ,20240906,3.71,3.75,3.69,3.71,3.72,-0.01,-0.2688,71014.47,26408.829
603222.SH,20240906,6.29,6.29,5.9,5.9,5.72,0.18,3.1469,423675.28,261612.365
001225.SZ,20240906,27.82,28.15,27.62,27.72,27.81,-0.09,-0.3236,2068.0,5761.987
002128.SZ,20240906,16.42,16.43,15.94,15.99,16.4,-0.41,-2.5,94029.81,151923.179
688466.SH,20240906,10.86,10.94,10.51,10.54,10.83,-0.29,-2.6777,2845.58,3048.379
600663.SH,20240906,7.88,7.93,7.81,7.81,7.88,-0.07,-0.8883,29542.76,23224.3
300680.SZ,20240906,16.49,16.56,15.93,15.93,16.49,-0.56,-3.396,37153.0,60025.491
002647.SZ,20240906,4.68,4.89,4.39,4.44,4.57,-0.13,-2.8446,921310.97,428139.256
688522.SH,20240906,43.19,43.49,41.26,41.8,43.18,-1.38,-3.1959,17697.65,74520.278
920810.BJ,20240906,5.51,5.6,5.4,5.53,5.59,-0.06,-1.0733,1676.19,920.921
920001.BJ,20240906,8.08,8.08,7.6,7.61,8.02,-0.41,-5.1122,41946.16,32534.711
688170.SH,20240906,21.13,21.2,19.99,20.08,21.14,-1.06,-5.0142,15632.92,31931.67
000678.SZ,20240906,4.01,4.4,4.01,4.4,4.0,0.4,10.0,232513.94,100602.379
920267.BJ,20240906,11.51,11.64,11.2,11.39,11.53,-0.14,-1.2142,2189.37,2495.145
600035.SH,20240906,3.83,3.89,3.79,3.8,3.83,-0.03,-0.7833,127838.2,49104.119
000752.SZ,20240906,6.64,6.84,6.61,6.74,6.63,0.11,1.6591,18126.01,12268.079
002807.SZ,20240906,3.63,3.66,3.6,3.6,3.62,-0.02,-0.5525,188504.77,68499.803
002627.SZ,20240906,4.55,4.63,4.54,4.58,4.55,0.03,0.6593,36320.58,16681.998
300683.SZ,20240906,22.11,22.19,21.2,21.24,22.11,-0.87,-3.9349,8867.0,19170.586
688280.SH,20240906,3.75,3.77,3.62,3.64,3.75,-0.11,-2.9333,17856.19,6589.429
600545.SH,20240906,1.36,1.38,1.32,1.33,1.37,-0.04,-2.9197,119646.0,16149.93
002003.SZ,20240906,12.9,12.98,12.2,12.25,12.96,-0.71,-5.4784,110851.12,137759.667
300027.SZ,20240906,2.07,2.1,2.04,2.05,2.1,-0.05,-2.381,1139022.14,235161.448
601168.SH,20240906,14.65,14.77,14.47,14.5,14.55,-0.05,-0.3436,125790.72,183954.786
300789.SZ,20240906,12.5,12.63,12.15,12.17,12.58,-0.41,-3.2591,11626.9,14366.49
300582.SZ,20240906,9.13,9.26,8.91,8.92,9.13,-0.21,-2.3001,75829.25,68483.264
301137.SZ,20240906,13.44,13.52,13.12,13.13,13.39,-0.26,-1.9417,15419.0,20476.016
600295.SH,20240906,9.02,9.12,8.85,8.87,9.01,-0.14,-1.5538,63621.24,56967.229
002296.SZ,20240906,7.59,7.63,7.41,7.41,7.61,-0.2,-2.6281,73170.0,54838.357
300239.SZ,20240906,4.53,4.54,4.39,4.39,4.52,-0.13,-2.8761,35543.0,15775.906
000400.SZ,20240906,29.82,30.1,29.56,29.62,29.81,-0.19,-0.6374,52976.29,158052.444
920974.BJ,20240906,4.68,4.68,4.61,4.64,4.66,-0.02,-0.4292,2400.93,1113.56
300904.SZ,20240906,38.09,38.32,37.04,37.21,38.17,-0.96,-2.5151,7166.37,26938.554
605133.SH,20240906,17.9,17.9,17.12,17.2,17.73,-0.53,-2.9893,22641.0,39447.995
605089.SH,20240906,18.0,18.09,17.6,17.71,18.05,-0.34,-1.8837,5257.18,9386.897
003005.SZ,20240906,21.9,21.98,21.34,21.38,21.79,-0.41,-1.8816,20421.0,44170.063
920576.BJ,20240906,15.16,15.33,15.09,15.14,15.19,-0.05,-0.3292,1302.99,1975.051
603365.SH,20240906,11.29,11.29,11.01,11.01,11.27,-0.26,-2.307,25046.0,27818.865
920185.BJ,20240906,15.0,15.02,14.46,14.48,15.0,-0.52,-3.4667,17114.46,25225.279
688576.SH,20240906,51.73,51.73,50.22,50.22,51.73,-1.51,-2.919,2364.83,12037.069
600377.SH,20240906,14.39,14.72,14.12,14.54,14.27,0.27,1.8921,108790.75,156480.921
688108.SH,20240906,9.51,9.51,8.87,8.91,9.26,-0.35,-3.7797,75495.56,68460.756
301378.SZ,20240906,18.72,18.97,17.91,17.97,18.71,-0.74,-3.9551,9929.76,18135.764
603043.SH,20240906,14.5,14.59,14.27,14.29,14.51,-0.22,-1.5162,13135.79,18956.179
300616.SZ,20240906,9.88,9.97,9.66,9.66,9.92,-0.26,-2.621,23800.0,23220.754
603615.SH,20240906,13.7,13.8,13.33,13.47,13.69,-0.22,-1.607,18694.0,25270.189
000599.SZ,20240906,3.32,3.33,3.26,3.27,3.31,-0.04,-1.2085,38100.97,12576.661
300645.SZ,20240906,11.93,12.82,11.82,12.05,12.04,0.01,0.0831,155224.44,190590.327
002382.SZ,20240906,4.58,4.59,4.5,4.51,4.56,-0.05,-1.0965,39567.99,17978.604
688659.SH,20240906,5.4,5.4,5.23,5.23,5.38,-0.15,-2.7881,21244.76,11275.632
002987.SZ,20240906,10.79,11.08,10.45,10.55,10.93,-0.38,-3.4767,238467.32,256124.639
300377.SZ,20240906,6.07,6.31,5.93,5.97,6.1,-0.13,-2.1311,457324.74,278943.081
301190.SZ,20240906,13.16,13.21,12.74,12.74,13.15,-0.41,-3.1179,6188.0,7991.943
002663.SZ,20240906,1.35,1.36,1.32,1.33,1.35,-0.02,-1.4815,55531.92,7414.476
920533.BJ,20240906,8.83,9.24,8.78,9.06,8.79,0.27,3.0717,21338.87,19162.797
600818.SH,20240906,12.75,12.9,12.47,12.54,12.88,-0.34,-2.6398,82699.0,104822.662
605056.SH,20240906,9.8,9.86,9.49,9.55,9.82,-0.27,-2.7495,29348.0,28159.102
002463.SZ,20240906,33.0,33.27,30.61,30.7,33.27,-2.57,-7.7247,603798.73,1899454.275
300088.SZ,20240906,5.0,5.02,4.8,4.83,5.01,-0.18,-3.5928,1262834.68,616639.53
301167.SZ,20240906,11.0,11.11,10.75,10.81,11.0,-0.19,-1.7273,18744.8,20423.247
600010.SH,20240906,1.42,1.43,1.41,1.41,1.42,-0.01,-0.7042,641238.62,90703.802
603701.SH,20240906,11.22,11.8,11.22,11.31,11.16,0.15,1.3441,45689.28,52363.122
002956.SZ,20240906,11.32,11.32,11.04,11.05,11.32,-0.27,-2.3852,15920.0,17776.223
603703.SH,20240906,9.5,9.65,9.2,9.31,9.5,-0.19,-2.0,55774.0,52605.163
601033.SH,20240906,12.88,12.96,12.56,12.58,12.91,-0.33,-2.5562,35546.49,45163.345
600420.SH,20240906,10.8,10.85,10.43,10.44,10.79,-0.35,-3.2437,98957.0,104663.08
300291.SZ,20240906,4.06,4.09,3.97,3.99,4.07,-0.08,-1.9656,100029.04,40290.311
600643.SH,20240906,3.95,4.01,3.92,3.94,3.91,0.03,0.7673,88070.03,34927.167
000417.SZ,20240906,4.11,4.18,4.09,4.11,4.11,0.0,0.0,98258.03,40701.079
300475.SZ,20240906,25.22,25.33,24.2,24.37,25.2,-0.83,-3.2937,87344.0,214605.325
920171.BJ,20240906,5.84,5.93,5.81,5.89,5.89,0.0,0.0,9363.44,5484.964
002541.SZ,20240906,11.72,11.74,11.5,11.54,11.72,-0.18,-1.5358,39695.0,45877.488
300790.SZ,20240906,13.35,13.67,13.02,13.04,13.22,-0.18,-1.3616,93199.48,123996.086
000629.SZ,20240906,2.3,2.31,2.26,2.26,2.3,-0.04,-1.7391,347927.25,79271.207
601298.SH,20240906,8.83,8.9,8.66,8.67,8.81,-0.14,-1.5891,55729.0,48899.38
002721.SZ,20240906,2.45,2.57,2.43,2.51,2.45,0.06,2.449,111349.0,27886.509
301138.SZ,20240906,23.79,24.39,22.6,22.86,23.98,-1.12,-4.6706,27390.38,64195.294
605296.SH,20240906,27.32,27.44,26.72,26.85,27.31,-0.46,-1.6844,15809.98,42615.46
300866.SZ,20240906,66.55,66.55,64.74,64.86,66.89,-2.03,-3.0348,33640.16,220408.087
600372.SH,20240906,10.95,10.95,10.77,10.79,10.96,-0.17,-1.5511,137352.06,149053.962
301088.SZ,20240906,10.78,10.84,10.55,10.55,10.79,-0.24,-2.2243,8798.0,9435.544
000716.SZ,20240906,3.62,3.63,3.57,3.59,3.62,-0.03,-0.8287,67251.0,24223.044
603228.SH,20240906,26.3,26.5,25.05,25.17,26.63,-1.46,-5.4825,191653.5,489993.309
002762.SZ,20240906,5.36,5.4,5.15,5.15,5.37,-0.22,-4.0968,88726.0,46763.872
688626.SH,20240906,24.52,24.57,23.34,23.42,24.45,-1.03,-4.2127,5209.69,12354.242
688109.SH,20240906,25.89,25.89,25.19,25.42,25.66,-0.24,-0.9353,7351.16,18710.012
688661.SH,20240906,22.5,22.5,21.12,21.29,22.5,-1.21,-5.3778,19128.08,41290.372
688053.SH,20240906,19.7,19.7,18.24,18.28,19.5,-1.22,-6.2564,22092.06,41154.764
688030.SH,20240906,10.21,10.27,9.81,9.88,10.15,-0.27,-2.6601,7547.67,7526.446
002349.SZ,20240906,6.93,6.97,6.8,6.82,6.95,-0.13,-1.8705,64086.0,44013.913
002076.SZ,20240906,1.56,1.57,1.52,1.52,1.56,-0.04,-2.5641,100978.31,15505.908
002513.SZ,20240906,3.39,3.39,3.27,3.28,3.36,-0.08,-2.381,23255.0,7683.06
600741.SH,20240906,15.42,15.63,15.41,15.47,15.46,0.01,0.0647,109296.87,170010.458
688418.SH,20240906,15.0,15.05,14.61,14.61,15.01,-0.4,-2.6649,28606.17,42245.468
603819.SH,20240906,8.17,8.29,7.8,7.82,8.17,-0.35,-4.284,22587.5,18006.584
300337.SZ,20240906,8.28,8.39,7.95,7.99,8.2,-0.21,-2.561,529661.0,428654.72
300250.SZ,20240906,11.75,12.8,11.57,11.9,11.74,0.16,1.3629,252229.87,304038.328
920122.BJ,20240906,34.46,35.8,34.02,34.82,34.37,0.45,1.3093,12386.1,43318.524
300228.SZ,20240906,5.84,5.87,5.66,5.69,5.86,-0.17,-2.901,150534.0,86564.613
002307.SZ,20240906,2.92,2.98,2.9,2.92,2.94,-0.02,-0.6803,138085.6,40406.812
605376.SH,20240906,20.25,20.6,19.74,20.02,20.38,-0.36,-1.7664,44059.0,88299.644
002453.SZ,20240906,3.52,3.54,3.36,3.36,3.52,-0.16,-4.5455,86644.0,29720.541
300569.SZ,20240906,4.08,4.09,3.99,4.0,4.07,-0.07,-1.7199,60791.0,24479.837
920008.BJ,20240906,18.62,20.19,18.38,19.84,19.22,0.62,3.2258,55243.98,105744.976
600568.SH,20240906,1.3,1.31,1.29,1.3,1.31,-0.01,-0.7634,14292.0,1862.052
300054.SZ,20240906,19.47,19.54,18.83,18.94,19.47,-0.53,-2.7221,51630.0,98696.221
000565.SZ,20240906,4.12,4.14,4.04,4.05,4.11,-0.06,-1.4599,28240.0,11529.016
000830.SZ,20240906,10.35,10.39,10.2,10.2,10.35,-0.15,-1.4493,147474.28,151546.603
300593.SZ,20240906,9.54,9.61,9.23,9.24,9.55,-0.31,-3.2461,33404.1,31301.377
300563.SZ,20240906,28.56,28.99,27.61,27.84,29.24,-1.4,-4.788,235857.9,663363.208
001206.SZ,20240906,12.38,12.46,12.11,12.11,12.42,-0.31,-2.496,12310.96,15127.3
603217.SH,20240906,13.16,13.26,12.91,12.93,13.22,-0.29,-2.1936,9424.96,12256.864
605108.SH,20240906,17.08,17.43,16.88,16.91,17.16,-0.25,-1.4569,25124.0,42891.304
301152.SZ,20240906,25.56,25.87,24.91,25.0,25.73,-0.73,-2.8372,32319.26,81785.326
300759.SZ,20240906,19.81,19.86,19.27,19.37,19.8,-0.43,-2.1717,84017.28,163593.636
300946.SZ,20240906,23.22,23.32,22.42,22.45,22.9,-0.45,-1.9651,6064.0,13786.011
002963.SZ,20240906,9.85,9.85,9.55,9.55,9.86,-0.31,-3.144,17697.0,17075.333
600757.SH,20240906,8.83,9.03,8.76,8.96,8.85,0.11,1.2429,143395.02,128154.445
002245.SZ,20240906,7.39,7.39,7.22,7.22,7.38,-0.16,-2.168,134604.41,97940.958
002301.SZ,20240906,4.89,4.91,4.79,4.81,4.89,-0.08,-1.636,39522.0,19126.342
920357.BJ,20240906,14.25,14.25,13.68,13.75,14.24,-0.49,-3.441,11858.62,16509.876
600770.SH,20240906,2.36,2.38,2.31,2.32,2.34,-0.02,-0.8547,110210.0,25802.372
300651.SZ,20240906,11.33,11.33,11.02,11.04,11.31,-0.27,-2.3873,10521.0,11693.348
002381.SZ,20240906,6.39,6.39,6.22,6.23,6.37,-0.14,-2.1978,27986.0,17631.701
603725.SH,20240906,5.9,5.91,5.73,5.75,5.91,-0.16,-2.7073,19713.2,11469.805
002607.SZ,20240906,1.98,2.01,1.92,1.92,1.98,-0.06,-3.0303,4168080.49,814054.083
300885.SZ,20240906,8.7,9.67,8.53,9.1,8.69,0.41,4.7181,201353.8,183400.693
600103.SH,20240906,1.74,1.75,1.72,1.73,1.75,-0.02,-1.1429,113045.3,19605.268
301019.SZ,20240906,12.83,12.83,12.5,12.55,12.83,-0.28,-2.1824,3668.03,4631.059
000792.SZ,20240906,14.96,14.98,14.68,14.72,14.8,-0.08,-0.5405,181198.0,267902.589
002161.SZ,20240906,4.15,4.15,4.03,4.03,4.13,-0.1,-2.4213,58755.0,23942.696
688619.SH,20240906,6.09,6.13,5.85,5.86,6.06,-0.2,-3.3003,12259.13,7262.87
600163.SH,20240906,4.48,4.48,4.36,4.37,4.43,-0.06,-1.3544,88698.31,39096.186
002271.SZ,20240906,10.5,10.53,10.26,10.26,10.5,-0.24,-2.2857,241013.01,249302.574
300596.SZ,20240906,24.87,24.87,23.87,23.9,24.8,-0.9,-3.629,25862.39,62571.577
300328.SZ,20240906,6.0,6.0,5.49,5.52,6.07,-0.55,-9.061,622290.74,353611.363
300826.SZ,20240906,12.25,12.29,11.77,11.8,12.25,-0.45,-3.6735,46543.68,55565.032
600476.SH,20240906,11.99,12.29,11.86,11.9,12.08,-0.18,-1.4901,38278.0,46250.498
603203.SH,20240906,19.28,19.36,18.48,18.61,19.31,-0.7,-3.6251,28922.0,54211.918
600258.SH,20240906,11.95,12.01,11.72,11.76,11.91,-0.15,-1.2594,55115.92,65416.622
600235.SH,20240906,4.57,4.58,4.47,4.47,4.56,-0.09,-1.9737,36195.0,16312.218
300105.SZ,20240906,5.29,5.32,5.13,5.13,5.3,-0.17,-3.2075,52791.0,27481.654
601939.SH,20240906,7.19,7.3,7.17,7.18,7.2,-0.02,-0.2778,1022163.42,739691.556
601880.SH,20240906,1.23,1.23,1.22,1.22,1.22,0.0,0.0,201249.31,24627.488
603528.SH,20240906,6.23,6.31,6.15,6.16,6.26,-0.1,-1.5974,133596.78,83133.408
605589.SH,20240906,18.27,18.32,18.01,18.12,18.22,-0.1,-0.5488,32344.0,58669.533
300355.SZ,20240906,2.3,2.31,2.26,2.27,2.3,-0.03,-1.3043,77523.83,17719.071
300013.SZ,20240906,2.41,2.57,2.41,2.55,2.4,0.15,6.25,252487.16,63050.562
002861.SZ,20240906,10.55,10.6,10.15,10.18,10.72,-0.54,-5.0373,143069.2,147428.07
688657.SH,20240906,31.12,31.12,30.12,30.13,30.89,-0.76,-2.4603,1473.48,4480.325
002935.SZ,20240906,12.48,12.56,12.01,12.01,12.56,-0.55,-4.379,58612.66,71400.445
920429.BJ,20240906,9.65,9.73,9.6,9.7,9.72,-0.02,-0.2058,1952.84,1886.434
600556.SH,20240906,3.58,3.61,3.51,3.52,3.58,-0.06,-1.676,141578.0,50234.449
001289.SZ,20240906,14.67,14.8,14.37,14.37,14.66,-0.29,-1.9782,39932.94,58267.041
300707.SZ,20240906,11.03,11.07,10.57,10.6,10.99,-0.39,-3.5487,62025.47,66981.713
002246.SZ,20240906,8.48,8.69,8.32,8.58,8.47,0.11,1.2987,251809.26,214344.098
301235.SZ,20240906,16.98,17.08,16.58,16.58,16.99,-0.41,-2.4132,5439.0,9095.825
600664.SH,20240906,3.19,3.2,3.13,3.13,3.19,-0.06,-1.8809,219295.0,69451.556
300851.SZ,20240906,24.77,25.53,24.65,25.3,24.65,0.65,2.6369,22556.29,56729.843
301248.SZ,20240906,12.52,12.64,11.97,12.03,12.52,-0.49,-3.9137,30077.72,36686.66
300182.SZ,20240906,4.13,4.23,4.06,4.07,4.1,-0.03,-0.7317,1348975.97,555422.557
300032.SZ,20240906,3.39,3.44,3.27,3.3,3.41,-0.11,-3.2258,375378.02,125216.703
300769.SZ,20240906,24.66,24.79,23.91,23.95,24.72,-0.77,-3.1149,67761.81,164098.619
603358.SH,20240906,27.36,27.8,26.8,27.55,27.53,0.02,0.0726,28819.52,78929.007
600929.SH,20240906,5.23,5.24,5.11,5.13,5.22,-0.09,-1.7241,86258.69,44468.313
688001.SH,20240906,23.31,23.33,22.77,22.86,23.33,-0.47,-2.0146,10515.41,24156.011
688695.SH,20240906,26.75,26.97,25.48,25.49,26.66,-1.17,-4.3886,9595.47,24940.683
002942.SZ,20240906,11.99,12.09,11.74,11.81,11.99,-0.18,-1.5013,10539.6,12502.69
301291.SZ,20240906,30.86,30.86,29.37,29.4,30.87,-1.47,-4.7619,27688.52,82849.058
001222.SZ,20240906,10.68,10.73,10.36,10.45,10.71,-0.26,-2.4276,7598.8,7981.266
002765.SZ,20240906,5.03,5.03,4.91,4.92,5.0,-0.08,-1.6,88771.0,44113.344
600522.SH,20240906,13.22,13.37,12.96,12.98,13.21,-0.23,-1.7411,277332.0,365453.555
600710.SH,20240906,8.17,8.21,8.04,8.08,8.18,-0.1,-1.2225,86158.96,70047.844
001260.SZ,20240906,13.74,13.74,13.22,13.28,13.56,-0.28,-2.0649,8344.0,11216.2
600229.SH,20240906,6.56,6.56,6.44,6.46,6.54,-0.08,-1.2232,24817.01,16109.814
601599.SH,20240906,3.01,3.06,2.99,3.03,3.02,0.01,0.3311,122996.0,37203.291
002086.SZ,20240906,1.92,1.97,1.88,1.88,1.92,-0.04,-2.0833,42867.0,8195.456
603350.SH,20240906,28.64,29.15,27.86,27.86,28.88,-1.02,-3.5319,46234.0,131554.986
600521.SH,20240906,16.75,16.83,16.39,16.4,16.77,-0.37,-2.2063,67941.0,112353.553
001314.SZ,20240906,38.19,38.2,36.37,36.54,38.24,-1.7,-4.4456,62209.7,230395.968
600241.SH,20240906,5.45,5.69,5.4,5.6,5.5,0.1,1.8182,94067.44,52248.813
300688.SZ,20240906,22.7,22.98,22.13,22.16,22.98,-0.82,-3.5683,23409.0,52758.298
688391.SH,20240906,26.0,26.0,25.07,25.1,25.27,-0.17,-0.6727,4650.19,11803.324
000637.SZ,20240906,3.14,3.17,3.11,3.13,3.12,0.01,0.3205,16725.0,5242.863
601727.SH,20240906,3.73,3.78,3.72,3.72,3.73,-0.01,-0.2681,176052.0,65954.321
688073.SH,20240906,29.81,29.81,29.1,29.1,29.9,-0.8,-2.6756,4384.32,12842.313
300659.SZ,20240906,12.36,12.5,12.03,12.03,12.37,-0.34,-2.7486,24982.0,30496.441
603659.SH,20240906,11.8,11.81,11.35,11.36,11.7,-0.34,-2.906,147742.03,169351.89
920523.BJ,20240906,11.47,11.48,11.1,11.2,11.38,-0.18,-1.5817,9143.81,10273.614
605005.SH,20240906,15.29,15.29,14.86,14.86,15.2,-0.34,-2.2368,13811.0,20750.524
603226.SH,20240906,3.12,3.12,3.05,3.05,3.11,-0.06,-1.9293,18265.0,5608.554
600586.SH,20240906,5.14,5.17,5.04,5.06,5.16,-0.1,-1.938,90591.33,46091.145
002126.SZ,20240906,16.78,16.85,16.4,16.42,16.69,-0.27,-1.6177,51378.0,84901.536
603195.SH,20240906,63.59,64.25,62.89,62.91,63.43,-0.52,-0.8198,15667.35,99490.279
300196.SZ,20240906,9.39,9.44,9.27,9.41,9.39,0.02,0.213,15273.26,14284.078
300218.SZ,20240906,14.6,14.64,13.88,13.88,14.83,-0.95,-6.4059,62796.0,88750.738
300384.SZ,20240906,13.38,13.38,13.09,13.13,13.31,-0.18,-1.3524,34372.67,45518.879
000504.SZ,20240906,7.58,7.62,7.17,7.19,7.6,-0.41,-5.3947,158370.31,115863.634
002598.SZ,20240906,7.26,7.3,7.09,7.1,7.29,-0.19,-2.6063,45879.0,32947.094
920223.BJ,20240906,3.87,3.98,3.81,3.84,3.91,-0.07,-1.7903,47602.09,18470.613
688079.SH,20240906,6.61,6.63,6.36,6.38,6.59,-0.21,-3.1866,22946.62,14780.337
301359.SZ,20240906,19.0,19.1,18.41,18.41,19.0,-0.59,-3.1053,9122.0,17045.219
603696.SH,20240906,6.7,6.7,6.49,6.53,6.68,-0.15,-2.2455,17726.89,11628.839
920510.BJ,20240906,10.31,10.38,9.96,9.97,10.24,-0.27,-2.6367,11314.24,11436.719
603269.SH,20240906,7.5,7.54,7.12,7.19,7.52,-0.33,-4.3883,55141.2,40294.306
688580.SH,20240906,22.92,23.06,21.78,21.8,22.97,-1.17,-5.0936,5597.26,12379.531
688568.SH,20240906,27.6,27.79,26.83,26.83,27.67,-0.84,-3.0358,28837.27,78248.554
600860.SH,20240906,7.85,7.92,7.69,7.69,7.87,-0.18,-2.2872,39156.0,30414.357
002898.SZ,20240906,8.83,8.88,8.57,8.58,8.83,-0.25,-2.8313,23250.1,20207.032
301180.SZ,20240906,13.8,13.94,13.19,13.2,13.73,-0.53,-3.8602,41712.59,55831.63
300188.SZ,20240906,10.64,10.93,10.36,10.37,10.62,-0.25,-2.354,105661.06,112631.33
300514.SZ,20240906,12.19,12.2,11.73,11.75,12.21,-0.46,-3.7674,27915.0,33335.615
301021.SZ,20240906,17.17,17.28,16.48,16.51,17.29,-0.78,-4.5113,37304.19,62453.243
688793.SH,20240906,32.88,33.8,32.55,33.04,32.8,0.24,0.7317,19040.38,63152.442
300366.SZ,20240906,7.29,7.41,7.18,7.18,7.35,-0.17,-2.3129,116125.74,84279.991
301002.SZ,20240906,15.77,15.77,15.19,15.25,15.75,-0.5,-3.1746,10511.42,16151.25
301345.SZ,20240906,50.56,51.26,49.72,49.76,50.7,-0.94,-1.854,6015.0,30340.311
300528.SZ,20240906,6.75,6.83,6.57,6.59,6.88,-0.29,-4.2151,104658.0,70085.455
300447.SZ,20240906,11.02,11.06,10.63,10.64,11.02,-0.38,-3.4483,28601.0,30849.366
000988.SZ,20240906,29.14,30.04,29.05,29.21,29.13,0.08,0.2746,176776.0,521959.196
002755.SZ,20240906,10.88,11.22,10.79,10.81,10.92,-0.11,-1.0073,36100.5,39606.193
600908.SH,20240906,5.07,5.1,5.03,5.03,5.06,-0.03,-0.5929,116355.0,58996.79
301205.SZ,20240906,56.55,57.08,54.3,54.6,56.46,-1.86,-3.2944,25140.9,138881.965
688582.SH,20240906,32.36,32.98,32.26,32.7,32.36,0.34,1.0507,21716.17,70928.234
002493.SZ,20240906,8.62,8.65,8.54,8.54,8.62,-0.08,-0.9281,85538.3,73346.935
688127.SH,20240906,17.09,17.12,16.5,16.55,17.07,-0.52,-3.0463,39601.9,66233.475
600461.SH,20240906,9.63,9.79,9.47,9.48,9.58,-0.1,-1.0438,119353.21,114895.592
603507.SH,20240906,21.34,21.52,20.57,20.59,21.35,-0.76,-3.5597,28744.13,60249.959
603416.SH,20240906,30.35,30.56,29.4,29.47,30.3,-0.83,-2.7393,10819.0,32206.176
301239.SZ,20240906,31.12,31.13,29.86,29.91,31.02,-1.11,-3.5783,14815.04,44870.302
002895.SZ,20240906,18.07,18.3,17.96,18.08,18.18,-0.1,-0.5501,30749.0,55667.29
603988.SH,20240906,11.4,11.71,11.05,11.18,11.33,-0.15,-1.3239,143184.0,163365.828
688362.SH,20240906,18.4,18.44,17.1,17.19,18.27,-1.08,-5.9113,43743.14,76591.379
300899.SZ,20240906,17.32,17.4,16.88,16.92,17.33,-0.41,-2.3658,11008.54,18802.417
603137.SH,20240906,9.81,9.83,9.53,9.55,9.8,-0.25,-2.551,5376.55,5180.167
002094.SZ,20240906,2.23,2.24,2.18,2.19,2.23,-0.04,-1.7937,166796.0,36874.744
002015.SZ,20240906,6.95,7.0,6.83,6.84,6.95,-0.11,-1.5827,66319.0,45592.716
688269.SH,20240906,22.35,22.39,21.65,21.76,22.35,-0.59,-2.6398,4896.77,10743.23
300600.SZ,20240906,5.6,5.76,5.57,5.64,5.6,0.04,0.7143,40583.0,22998.84
600681.SH,20240906,3.24,3.25,3.23,3.24,3.23,0.01,0.3096,19572.0,6344.33
688618.SH,20240906,17.96,17.97,17.18,17.22,17.96,-0.74,-4.1203,7051.46,12294.868
600131.SH,20240906,16.83,17.19,16.75,16.82,16.81,0.01,0.0595,37340.03,63303.541
600749.SH,20240906,10.52,10.76,10.42,10.49,10.51,-0.02,-0.1903,63170.01,66710.03
300467.SZ,20240906,12.8,12.82,12.38,12.4,12.74,-0.34,-2.6688,28928.0,36284.798
603335.SH,20240906,4.05,4.07,3.95,3.96,4.03,-0.07,-1.737,22122.0,8853.415
605377.SH,20240906,11.55,11.59,11.35,11.36,11.53,-0.17,-1.4744,16928.46,19367.903
603882.SH,20240906,28.27,28.35,27.61,27.74,28.21,-0.47,-1.6661,41537.62,116103.239
920985.BJ,20240906,5.04,5.1,4.99,5.0,5.06,-0.06,-1.1858,11781.38,5914.792
301040.SZ,20240906,10.78,10.98,10.61,10.87,10.78,0.09,0.8349,40231.4,43396.336
300455.SZ,20240906,10.45,10.45,10.07,10.09,10.41,-0.32,-3.074,106668.2,109280.887
603052.SH,20240906,27.16,29.27,26.13,27.27,27.12,0.15,0.5531,34172.08,92741.034
605158.SH,20240906,6.6,6.62,6.39,6.44,6.6,-0.16,-2.4242,41121.1,26661.428
300955.SZ,20240906,11.9,11.93,11.5,11.59,11.85,-0.26,-2.1941,8269.0,9628.056
688176.SH,20240906,5.22,5.24,5.14,5.15,5.2,-0.05,-0.9615,24920.65,12900.354
300775.SZ,20240906,22.3,22.34,21.71,21.79,22.23,-0.44,-1.9793,65806.74,144387.881
301025.SZ,20240906,8.58,8.63,8.24,8.25,8.57,-0.32,-3.734,40290.0,33688.199
001258.SZ,20240906,5.82,5.82,5.68,5.68,5.8,-0.12,-2.069,23845.0,13656.839
603838.SH,20240906,4.0,4.02,3.82,3.85,3.94,-0.09,-2.2843,34800.0,13560.402
300442.SZ,20240906,22.62,22.81,22.05,22.11,22.66,-0.55,-2.4272,77984.6,174817.523
300980.SZ,20240906,15.3,15.36,14.5,14.51,15.42,-0.91,-5.9014,25185.5,37329.211
300860.SZ,20240906,22.81,22.81,21.93,21.98,22.82,-0.84,-3.681,24042.3,53567.221
300891.SZ,20240906,7.43,7.63,7.26,7.26,7.44,-0.18,-2.4194,80917.86,59751.32
603596.SH,20240906,38.95,40.2,38.41,38.53,38.73,-0.2,-0.5164,69495.52,273310.305
000977.SZ,20240906,31.7,31.9,31.08,31.12,31.69,-0.57,-1.7987,218517.52,686895.07
300817.SZ,20240906,10.8,11.01,10.38,10.42,10.95,-0.53,-4.8402,112888.89,119886.715
600768.SH,20240906,7.06,7.07,6.96,6.96,7.05,-0.09,-1.2766,15460.0,10830.539
600935.SH,20240906,2.1,2.1,2.04,2.05,2.09,-0.04,-1.9139,58389.0,12072.145
002735.SZ,20240906,8.33,8.42,8.09,8.1,8.38,-0.28,-3.3413,103564.0,85279.719
002858.SZ,20240906,9.68,9.74,9.43,9.48,9.68,-0.2,-2.0661,23557.0,22446.812
002614.SZ,20240906,5.48,5.5,5.38,5.39,5.48,-0.09,-1.6423,23264.0,12625.129
603511.SH,20240906,10.55,10.64,10.34,10.39,10.48,-0.09,-0.8588,9651.0,10107.713
601611.SH,20240906,6.94,6.98,6.86,6.87,6.94,-0.07,-1.0086,146186.32,101258.202
601065.SH,20240906,8.34,8.35,8.19,8.21,8.33,-0.12,-1.4406,22378.08,18493.296
600419.SH,20240906,7.31,7.31,7.16,7.16,7.31,-0.15,-2.052,23802.0,17180.422
605100.SH,20240906,12.11,12.24,11.6,11.8,12.62,-0.82,-6.4976,94103.96,111348.729
603678.SH,20240906,21.85,22.0,21.21,21.22,21.93,-0.71,-3.2376,19667.0,42237.752
000157.SZ,20240906,6.01,6.05,5.94,5.95,6.02,-0.07,-1.1628,292715.36,175291.703
300984.SZ,20240906,19.69,19.69,18.9,19.32,19.69,-0.37,-1.8791,4602.0,8867.334
603272.SH,20240906,8.71,8.74,8.44,8.48,8.74,-0.26,-2.9748,8661.0,7407.284
002882.SZ,20240906,14.44,14.44,14.05,14.06,14.43,-0.37,-2.5641,82532.0,117264.261
003023.SZ,20240906,15.51,15.59,15.32,15.36,15.57,-0.21,-1.3487,12934.3,20008.791
603069.SH,20240906,14.9,15.26,14.73,14.74,14.63,0.11,0.7519,55029.0,82505.449
688003.SH,20240906,31.48,31.7,30.95,31.17,31.48,-0.31,-0.9848,3700.61,11609.651
605255.SH,20240906,10.88,10.96,10.45,10.47,10.77,-0.3,-2.7855,14679.0,15604.351
920802.BJ,20240906,7.93,7.95,7.67,7.74,7.92,-0.18,-2.2727,5453.69,4276.053
300199.SZ,20240906,9.3,9.63,9.07,9.47,9.27,0.2,2.1575,230871.96,216138.72
600452.SH,20240906,9.35,9.43,8.97,8.97,9.35,-0.38,-4.0642,85451.38,78165.41
688381.SH,20240906,15.91,16.0,15.41,15.51,15.93,-0.42,-2.6365,12155.81,19005.324
002021.SZ,20240906,1.56,1.57,1.52,1.53,1.57,-0.04,-2.5478,213764.47,32987.22
603309.SH,20240906,10.98,11.0,10.58,10.61,10.9,-0.29,-2.6606,18423.8,19752.712
603327.SH,20240906,11.67,11.67,11.2,11.34,11.64,-0.3,-2.5773,74460.59,84824.081
000518.SZ,20240906,2.05,2.05,2.0,2.01,2.04,-0.03,-1.4706,131768.02,26593.916
300625.SZ,20240906,9.81,9.83,9.51,9.51,9.82,-0.31,-3.1568,16219.0,15603.206
000536.SZ,20240906,2.13,2.3,2.07,2.25,2.14,0.11,5.1402,1678619.22,368748.609
600979.SH,20240906,3.08,3.09,3.01,3.03,3.07,-0.04,-1.3029,152141.0,46328.06
300279.SZ,20240906,4.53,4.54,4.36,4.39,4.54,-0.15,-3.304,119527.0,52955.208
300639.SZ,20240906,5.37,5.39,5.22,5.24,5.36,-0.12,-2.2388,149685.5,79205.339
002560.SZ,20240906,5.26,5.29,5.15,5.16,5.27,-0.11,-2.0873,44455.0,23052.138
002484.SZ,20240906,12.81,12.87,12.4,12.45,12.84,-0.39,-3.0374,76171.68,95762.711
688518.SH,20240906,12.32,12.33,11.97,11.97,12.32,-0.35,-2.8409,31460.67,38045.194
300478.SZ,20240906,7.04,7.35,6.96,7.12,7.09,0.03,0.4231,55708.0,39673.431
301370.SZ,20240906,9.87,10.13,9.25,9.29,9.63,-0.34,-3.5306,102210.69,98703.16
603429.SH,20240906,3.91,3.94,3.73,3.74,3.95,-0.21,-5.3165,144726.47,54984.775
603598.SH,20240906,11.63,11.71,11.41,11.43,11.67,-0.24,-2.0566,43487.0,50205.128
300347.SZ,20240906,50.46,50.87,48.7,48.73,50.46,-1.73,-3.4285,40321.95,198769.504
688981.SH,20240906,46.02,46.08,45.08,45.08,45.97,-0.89,-1.936,103708.76,471332.179
603062.SH,20240906,29.54,29.66,29.06,29.13,29.59,-0.46,-1.5546,5815.04,16982.606
301323.SZ,20240906,28.7,28.7,27.75,27.83,28.65,-0.82,-2.8621,5906.0,16611.907
688319.SH,20240906,8.72,8.77,8.41,8.43,8.72,-0.29,-3.3257,7416.78,6364.96
301292.SZ,20240906,13.8,13.8,13.06,13.15,14.29,-1.14,-7.9776,100869.63,133854.48
688516.SH,20240906,35.55,35.55,33.72,33.86,35.53,-1.67,-4.7003,57045.04,195850.485
603966.SH,20240906,6.65,6.79,6.57,6.58,6.67,-0.09,-1.3493,73212.45,48726.585
301083.SZ,20240906,12.26,12.29,11.81,11.81,12.23,-0.42,-3.4342,23752.0,28484.125
000953.SZ,20240906,3.34,3.36,3.24,3.25,3.32,-0.07,-2.1084,121827.0,39934.256
603759.SH,20240906,5.67,5.71,5.62,5.62,5.67,-0.05,-0.8818,12868.2,7271.035
002006.SZ,20240906,11.29,11.3,10.84,10.85,11.27,-0.42,-3.7267,27793.0,30576.061
300730.SZ,20240906,9.07,9.24,8.91,8.93,9.11,-0.18,-1.9759,148068.0,134219.803
601318.SH,20240906,43.42,43.98,43.16,43.25,43.42,-0.17,-0.3915,390257.75,1699389.017
000422.SZ,20240906,12.03,12.65,12.03,12.43,12.1,0.33,2.7273,279604.07,346720.549
601008.SH,20240906,3.34,3.37,3.31,3.32,3.34,-0.02,-0.5988,52754.68,17630.684
688221.SH,20240906,4.89,4.92,4.74,4.76,4.87,-0.11,-2.2587,33021.24,15883.5
688416.SH,20240906,23.39,23.39,22.09,22.09,23.0,-0.91,-3.9565,9059.3,20409.691
002591.SZ,20240906,4.07,4.09,3.99,4.0,4.06,-0.06,-1.4778,59771.0,24049.945
301611.SZ,20240906,29.96,30.39,29.12,29.37,29.34,0.03,0.1022,132654.18,394611.507
300685.SZ,20240906,19.1,19.25,18.73,18.75,19.17,-0.42,-2.1909,22120.9,41778.522
603255.SH,20240906,25.66,25.85,25.46,25.57,25.67,-0.1,-0.3896,2056.0,5260.782
600859.SH,20240906,12.1,12.27,11.95,12.04,12.14,-0.1,-0.8237,165058.44,200180.151
000878.SZ,20240906,10.8,10.88,10.7,10.73,10.76,-0.03,-0.2788,169758.0,183089.039
603616.SH,20240906,2.88,2.9,2.81,2.81,2.87,-0.06,-2.0906,40680.0,11546.839
000520.SZ,20240906,2.07,2.12,2.05,2.06,2.07,-0.01,-0.4831,128290.01,26674.585
688448.SH,20240906,16.68,16.77,15.78,15.88,16.64,-0.76,-4.5673,11876.87,19139.937
920580.BJ,20240906,5.22,5.29,5.21,5.22,5.24,-0.02,-0.3817,4492.73,2350.475
002440.SZ,20240906,5.78,5.85,5.73,5.8,5.8,0.0,0.0,35673.5,20702.738
301133.SZ,20240906,20.77,20.91,20.1,20.12,20.77,-0.65,-3.1295,10895.6,22256.509
600535.SH,20240906,14.5,14.55,14.3,14.3,14.5,-0.2,-1.3793,106698.5,153724.639
003022.SZ,20240906,13.38,13.45,13.0,13.04,13.36,-0.32,-2.3952,37840.5,49697.846
300936.SZ,20240906,35.15,35.88,34.05,35.55,36.84,-1.29,-3.5016,83965.38,292677.518
002646.SZ,20240906,8.67,8.74,8.53,8.54,8.69,-0.15,-1.7261,29043.58,25002.297
000555.SZ,20240906,8.44,8.67,8.24,8.24,8.4,-0.16,-1.9048,127520.0,107444.651
603256.SH,20240906,7.3,7.4,7.05,7.09,7.35,-0.26,-3.5374,202153.0,144836.843
688028.SH,20240906,14.48,14.48,13.89,13.89,14.44,-0.55,-3.8089,16318.41,22926.432
000619.SZ,20240906,3.91,3.93,3.85,3.86,3.9,-0.04,-1.0256,25619.0,9945.861
600463.SH,20240906,8.06,8.2,8.0,8.08,8.04,0.04,0.4975,29656.0,23993.214
300697.SZ,20240906,9.38,9.45,9.15,9.18,9.37,-0.19,-2.0277,23486.0,21715.379
601886.SH,20240906,4.65,4.66,4.53,4.55,4.63,-0.08,-1.7279,60520.0,27628.329
601658.SH,20240906,4.63,4.77,4.62,4.73,4.62,0.11,2.381,1761420.51,832251.899
001228.SZ,20240906,17.77,18.57,17.53,17.63,17.84,-0.21,-1.1771,29082.0,52632.987
600595.SH,20240906,2.35,2.35,2.31,2.31,2.34,-0.03,-1.2821,202567.88,47063.626
002487.SZ,20240906,19.85,19.94,19.45,19.51,19.91,-0.4,-2.009,50062.97,98084.237
300423.SZ,20240906,5.11,5.12,4.92,4.93,5.11,-0.18,-3.5225,64576.0,32312.037
002293.SZ,20240906,6.81,6.94,6.73,6.86,6.83,0.03,0.4392,27545.7,18822.105
600376.SH,20240906,2.2,2.24,2.13,2.15,2.29,-0.14,-6.1135,336588.02,73226.999
300453.SZ,20240906,6.37,6.42,6.17,6.19,6.34,-0.15,-2.3659,28351.6,17813.962
002399.SZ,20240906,10.04,10.08,9.83,9.84,10.04,-0.2,-1.992,28762.0,28515.61
920471.BJ,20240906,8.75,8.98,8.63,8.75,8.71,0.04,0.4592,4052.5,3527.208
601866.SH,20240906,2.19,2.2,2.16,2.16,2.18,-0.02,-0.9174,326391.0,71112.039
600278.SH,20240906,5.58,5.75,5.57,5.6,5.56,0.04,0.7194,40203.3,22631.077
002576.SZ,20240906,11.41,11.45,11.15,11.16,11.41,-0.25,-2.1911,21833.0,24632.895
300155.SZ,20240906,3.81,3.95,3.67,3.76,3.96,-0.2,-5.0505,617855.27,231710.426
300348.SZ,20240906,7.64,7.73,7.44,7.46,7.69,-0.23,-2.9909,157931.0,119628.105
688195.SH,20240906,22.8,22.8,22.09,22.12,22.8,-0.68,-2.9825,19536.29,43659.126
301379.SZ,20240906,16.3,16.32,15.8,15.87,16.3,-0.43,-2.638,18518.6,29626.039
002242.SZ,20240906,9.52,9.54,9.28,9.3,9.5,-0.2,-2.1053,25824.74,24244.926
301052.SZ,20240906,19.2,19.34,18.72,18.79,19.32,-0.53,-2.7433,36953.36,70240.828
002634.SZ,20240906,2.93,2.95,2.8,2.81,2.95,-0.14,-4.7458,65010.98,18619.206
600693.SH,20240906,2.87,2.94,2.87,2.9,2.88,0.02,0.6944,149450.0,43456.814
301307.SZ,20240906,18.3,19.17,17.8,17.84,18.35,-0.51,-2.7793,44710.46,81768.912
920199.BJ,20240906,10.51,10.58,10.15,10.17,10.5,-0.33,-3.1429,6512.31,6713.384
605288.SH,20240906,30.66,30.86,30.39,30.39,30.66,-0.27,-0.8806,2411.0,7378.29
301388.SZ,20240906,18.07,18.1,17.49,17.55,18.07,-0.52,-2.8777,14521.2,25696.844
300881.SZ,20240906,23.3,23.42,22.73,22.77,23.31,-0.54,-2.3166,9022.0,20767.779
300331.SZ,20240906,16.3,16.39,15.69,15.81,16.44,-0.63,-3.8321,113181.59,180574.151
603026.SH,20240906,28.51,28.76,27.37,27.43,28.48,-1.05,-3.6868,21848.25,60760.072
002535.SZ,20240906,3.19,3.2,3.1,3.12,3.19,-0.07,-2.1944,94360.5,29665.891
003032.SZ,20240906,8.65,8.78,8.41,8.55,8.7,-0.15,-1.7241,100272.0,85558.887
600332.SH,20240906,26.44,26.52,26.26,26.29,26.44,-0.15,-0.5673,54559.34,143777.435
000551.SZ,20240906,8.86,8.86,8.58,8.59,8.82,-0.23,-2.6077,42519.0,36983.205
300235.SZ,20240906,8.15,8.6,8.01,8.4,8.24,0.16,1.9417,134519.32,111395.939
600255.SH,20240906,1.73,1.75,1.7,1.71,1.73,-0.02,-1.1561,124301.0,21472.794
688019.SH,20240906,108.9,108.9,105.56,106.0,108.38,-2.38,-2.196,5584.45,59646.412
600381.SH,20240906,2.92,2.92,2.77,2.8,2.91,-0.11,-3.7801,73054.92,20661.94
300635.SZ,20240906,7.6,7.64,7.36,7.4,7.57,-0.17,-2.2457,18059.0,13480.008
603087.SH,20240906,40.92,40.92,39.45,39.51,40.1,-0.59,-1.4713,39858.16,159624.961
600867.SH,20240906,7.73,7.8,7.53,7.58,7.72,-0.14,-1.8135,127949.0,97787.072
002962.SZ,20240906,13.5,13.83,13.04,13.21,13.53,-0.32,-2.3651,127385.84,169824.366
300486.SZ,20240906,5.03,5.08,4.87,4.9,5.04,-0.14,-2.7778,94073.0,46458.127
920682.BJ,20240906,4.51,4.53,4.45,4.45,4.52,-0.07,-1.5487,4594.99,2059.158
600257.SH,20240906,4.27,4.27,4.17,4.18,4.26,-0.08,-1.8779,81796.0,34469.128
002278.SZ,20240906,4.27,4.28,4.2,4.2,4.27,-0.07,-1.6393,59791.0,25319.249
600387.SH,20240906,2.57,2.63,2.57,2.63,2.59,0.04,1.5444,27946.0,7269.946
300841.SZ,20240906,49.5,49.87,47.59,48.09,49.57,-1.48,-2.9857,27987.5,135366.914
688203.SH,20240906,8.33,8.38,8.11,8.16,8.35,-0.19,-2.2754,7969.85,6562.169
601155.SH,20240906,10.41,10.51,10.25,10.35,10.48,-0.13,-1.2405,128908.15,133337.766
603258.SH,20240906,16.15,16.36,15.9,15.95,16.28,-0.33,-2.027,45622.0,73454.072
688558.SH,20240906,16.54,16.68,15.87,15.97,16.54,-0.57,-3.4462,4433.75,7178.541
002333.SZ,20240906,4.96,4.97,4.86,4.86,4.94,-0.08,-1.6194,23292.8,11404.806
603011.SH,20240906,5.59,5.61,5.42,5.42,5.58,-0.16,-2.8674,47533.0,26055.389
688230.SH,20240906,30.86,31.17,29.32,29.33,30.75,-1.42,-4.6179,5043.31,15110.966
603053.SH,20240906,8.25,8.29,8.2,8.23,8.26,-0.03,-0.3632,24260.0,20007.179
301503.SZ,20240906,27.31,27.61,26.5,26.52,27.66,-1.14,-4.1215,10500.0,28200.539
300491.SZ,20240906,13.75,13.75,13.2,13.24,13.66,-0.42,-3.0747,28202.0,37780.895
688662.SH,20240906,22.15,22.21,21.35,21.43,22.35,-0.92,-4.1163,6702.63,14539.889
300755.SZ,20240906,12.4,12.43,12.12,12.16,12.36,-0.2,-1.6181,13942.4,17062.354
301179.SZ,20240906,15.21,15.29,14.8,14.8,15.26,-0.46,-3.0144,17245.11,25875.7
300190.SZ,20240906,2.86,2.86,2.78,2.78,2.86,-0.08,-2.7972,32403.0,9125.668
000603.SZ,20240906,10.0,10.07,9.83,9.93,9.92,0.01,0.1008,55864.0,55574.503
600359.SH,20240906,5.8,5.86,5.72,5.73,5.84,-0.11,-1.8836,30810.01,17842.481
603296.SH,20240906,44.16,44.28,43.17,43.24,44.09,-0.85,-1.9279,20644.4,89838.749
002729.SZ,20240906,10.7,10.77,10.26,10.31,10.77,-0.46,-4.2711,101013.82,105637.819
300144.SZ,20240906,7.66,7.73,7.51,7.52,7.67,-0.15,-1.9557,245704.3,186991.876
300608.SZ,20240906,9.74,10.54,9.15,9.27,9.6,-0.33,-3.4375,288338.95,283090.356
000717.SZ,20240906,1.65,1.66,1.63,1.63,1.65,-0.02,-1.2121,65649.0,10797.366
600526.SH,20240906,3.74,3.75,3.68,3.69,3.74,-0.05,-1.3369,43972.0,16303.649
002033.SZ,20240906,8.57,8.63,8.47,8.47,8.55,-0.08,-0.9357,48025.08,40999.126
300839.SZ,20240906,6.15,6.16,5.97,5.97,6.17,-0.2,-3.2415,31037.6,18728.263
300126.SZ,20240906,4.35,4.35,4.22,4.24,4.34,-0.1,-2.3041,36589.0,15640.047
600824.SH,20240906,3.06,3.18,3.02,3.08,3.02,0.06,1.9868,197982.0,61283.802
000543.SZ,20240906,7.9,7.92,7.74,7.81,7.89,-0.08,-1.0139,220609.18,172667.01
688323.SH,20240906,10.7,10.7,10.11,10.13,10.51,-0.38,-3.6156,22358.46,22996.846
603196.SH,20240906,8.32,8.62,8.18,8.26,8.44,-0.18,-2.1327,69129.0,57440.469
601018.SH,20240906,3.36,3.4,3.35,3.35,3.36,-0.01,-0.2976,222199.74,75027.975
688433.SH,20240906,15.21,15.28,14.56,14.62,15.2,-0.58,-3.8158,6858.83,10169.887
920640.BJ,20240906,10.56,10.63,10.34,10.43,10.62,-0.19,-1.7891,3056.86,3199.932
002549.SZ,20240906,5.06,5.09,4.94,4.94,5.07,-0.13,-2.5641,43538.0,21762.31
603889.SH,20240906,6.55,6.55,6.27,6.32,6.5,-0.18,-2.7692,32874.94,20990.527
300049.SZ,20240906,40.11,40.48,37.28,37.72,40.11,-2.39,-5.9586,45895.0,177204.421
603558.SH,20240906,9.5,9.55,9.25,9.35,9.49,-0.14,-1.4752,40226.01,37800.137
000895.SZ,20240906,23.7,23.79,23.54,23.54,23.7,-0.16,-0.6751,33110.0,78347.998
002919.SZ,20240906,12.48,12.73,12.18,12.25,12.45,-0.2,-1.6064,218644.81,270792.422
601992.SH,20240906,1.37,1.39,1.37,1.37,1.38,-0.01,-0.7246,142065.17,19563.784
600108.SH,20240906,2.42,2.43,2.39,2.39,2.43,-0.04,-1.6461,82003.33,19782.841
600468.SH,20240906,3.85,3.86,3.77,3.78,3.86,-0.08,-2.0725,69590.2,26467.382
920249.BJ,20240906,4.01,4.08,3.9,3.94,4.07,-0.13,-3.1941,58568.99,23211.195
600572.SH,20240906,4.2,4.2,4.1,4.11,4.17,-0.06,-1.4388,175610.0,72534.802
605286.SH,20240906,22.09,22.09,21.6,21.77,22.1,-0.33,-1.4932,7778.0,16989.937
301076.SZ,20240906,16.68,16.83,16.05,16.08,16.79,-0.71,-4.2287,18625.0,30383.122
002436.SZ,20240906,9.16,9.21,8.91,8.91,9.16,-0.25,-2.7293,303052.0,272599.799
600028.SH,20240906,6.55,6.72,6.54,6.6,6.55,0.05,0.7634,857287.65,569645.556
002931.SZ,20240906,9.2,9.44,8.63,8.88,9.19,-0.31,-3.3732,255296.05,226992.976
920030.BJ,20240906,3.51,3.64,3.5,3.54,3.53,0.01,0.2833,44307.32,15828.23
603929.SH,20240906,21.15,21.27,20.55,20.56,21.15,-0.59,-2.7896,22674.0,47262.358
300516.SZ,20240906,27.39,27.54,27.05,27.15,27.26,-0.11,-0.4035,16530.0,45060.993
600358.SH,20240906,2.94,3.22,2.9,3.08,2.93,0.15,5.1195,755842.01,236390.616
688173.SH,20240906,8.67,8.75,8.29,8.29,8.65,-0.36,-4.1618,28293.68,23814.385
601198.SH,20240906,8.23,8.34,8.07,8.11,8.03,0.08,0.9963,471557.53,386081.7
300780.SZ,20240906,13.21,13.32,12.75,12.82,13.21,-0.39,-2.9523,68301.0,88778.19
300520.SZ,20240906,14.47,14.69,14.0,14.0,14.43,-0.43,-2.9799,73349.27,105306.255
920418.BJ,20240906,13.08,13.19,12.84,12.86,13.04,-0.18,-1.3804,6452.21,8358.376
688648.SH,20240906,18.5,18.68,17.94,18.0,18.5,-0.5,-2.7027,10285.47,18725.198
002802.SZ,20240906,8.3,8.36,8.2,8.24,8.27,-0.03,-0.3628,26561.3,21995.422
603085.SH,20240906,8.42,8.78,8.26,8.28,8.46,-0.18,-2.1277,219729.5,186713.6
601778.SH,20240906,2.41,2.42,2.34,2.35,2.41,-0.06,-2.4896,185464.0,43924.333
002772.SZ,20240906,6.05,6.06,5.94,5.97,6.02,-0.05,-0.8306,28999.01,17424.272
002593.SZ,20240906,2.66,2.68,2.61,2.61,2.66,-0.05,-1.8797,76843.0,20251.479
300371.SZ,20240906,8.61,8.95,8.42,8.8,8.71,0.09,1.0333,112350.13,97770.478
603556.SH,20240906,46.47,47.03,45.87,45.89,46.5,-0.61,-1.3118,13078.62,60599.387
000937.SZ,20240906,5.39,5.4,5.34,5.35,5.39,-0.04,-0.7421,162966.99,87516.994
688253.SH,20240906,37.99,38.48,35.93,36.12,37.93,-1.81,-4.7719,13316.97,48904.93
600198.SH,20240906,5.17,5.19,5.08,5.1,5.17,-0.07,-1.354,34848.01,17857.971
605339.SH,20240906,14.55,14.6,14.23,14.25,14.53,-0.28,-1.927,3306.0,4768.605
300153.SZ,20240906,6.02,6.09,5.82,5.88,6.02,-0.14,-2.3256,118436.0,69951.501
300346.SZ,20240906,27.16,27.57,26.48,26.48,27.17,-0.69,-2.5396,125078.92,337055.469
001338.SZ,20240906,9.11,9.19,9.0,9.01,9.12,-0.11,-1.2061,47707.0,43419.046
603017.SH,20240906,7.58,7.64,7.41,7.43,7.6,-0.17,-2.2368,27689.0,20778.26
601236.SH,20240906,6.78,6.82,6.65,6.66,6.66,0.0,0.0,196534.0,132152.436
000419.SZ,20240906,4.39,4.45,4.37,4.39,4.39,0.0,0.0,48167.01,21259.707
603717.SH,20240906,5.21,5.28,5.02,5.06,5.22,-0.16,-3.0651,22539.0,11561.761
000627.SZ,20240906,2.64,2.64,2.64,2.64,2.4,0.24,10.0,206893.62,54619.916
600995.SH,20240906,9.69,9.74,9.52,9.52,9.66,-0.14,-1.4493,40724.0,39149.383
301505.SZ,20240906,21.73,21.9,21.15,21.15,21.75,-0.6,-2.7586,11902.88,25524.773
000566.SZ,20240906,3.37,3.37,3.34,3.37,3.06,0.31,10.1307,500177.24,168525.312
600238.SH,20240906,6.74,6.8,6.67,6.71,6.74,-0.03,-0.4451,35041.01,23570.119
688599.SH,20240906,16.84,16.88,16.26,16.45,16.82,-0.37,-2.1998,171395.07,281633.463
603396.SH,20240906,25.1,25.7,24.43,24.49,25.45,-0.96,-3.7721,28850.0,71627.75
600281.SH,20240906,2.79,2.8,2.74,2.76,2.81,-0.05,-1.7794,61557.0,16998.411
002446.SZ,20240906,5.58,5.6,5.34,5.35,5.57,-0.22,-3.9497,213542.76,115815.613
300086.SZ,20240906,4.28,4.5,4.06,4.17,3.75,0.42,11.2,641642.24,278093.162
600997.SH,20240906,6.53,6.58,6.35,6.37,6.52,-0.15,-2.3006,55846.0,35926.261
600312.SH,20240906,18.23,18.3,17.81,17.84,18.09,-0.25,-1.382,132121.56,238032.188
002471.SZ,20240906,1.96,1.97,1.93,1.93,1.96,-0.03,-1.5306,108402.0,21111.36
600189.SH,20240906,6.83,6.89,6.75,6.77,6.84,-0.07,-1.0234,39765.0,27082.458
600575.SH,20240906,3.41,3.42,3.36,3.38,3.41,-0.03,-0.8798,191782.0,64898.299
300123.SZ,20240906,4.56,4.7,4.48,4.54,4.6,-0.06,-1.3043,272854.0,125047.93
002930.SZ,20240906,10.71,10.71,10.29,10.34,10.68,-0.34,-3.1835,23554.0,24675.693
002151.SZ,20240906,23.7,23.77,23.13,23.17,23.69,-0.52,-2.195,35941.5,83921.215
688506.SH,20240906,155.98,159.92,155.09,156.54,157.67,-1.13,-0.7167,8247.51,129808.69
603158.SH,20240906,6.81,6.96,6.65,6.68,6.82,-0.14,-2.0528,116152.69,79150.317
603393.SH,20240906,32.5,32.57,31.68,31.76,32.4,-0.64,-1.9753,20240.88,65027.393
002228.SZ,20240906,2.44,2.47,2.41,2.43,2.45,-0.02,-0.8163,46066.2,11233.467
603969.SH,20240906,4.18,4.2,4.11,4.12,4.19,-0.07,-1.6706,36635.02,15183.387
000875.SZ,20240906,4.56,4.59,4.47,4.47,4.57,-0.1,-2.1882,188587.0,85332.201
300538.SZ,20240906,14.6,15.3,14.14,15.07,14.56,0.51,3.5027,146899.06,218656.209
600584.SH,20240906,30.46,30.56,29.76,29.77,30.45,-0.68,-2.2332,191818.7,575319.998
688456.SH,20240906,28.3,28.35,27.81,27.89,28.38,-0.49,-1.7266,4123.89,11554.9
688578.SH,20240906,47.0,47.39,44.68,44.86,47.1,-2.24,-4.7558,39294.4,179667.163
688282.SH,20240906,22.5,22.63,22.16,22.33,22.5,-0.17,-0.7556,1589.04,3551.396
600590.SH,20240906,3.45,3.48,3.37,3.39,3.46,-0.07,-2.0231,59060.3,20206.732
600121.SH,20240906,3.01,3.03,3.01,3.01,3.03,-0.02,-0.6601,45614.21,13770.387
001311.SZ,20240906,20.99,21.27,20.47,20.54,21.03,-0.49,-2.33,13741.26,28615.938
301103.SZ,20240906,19.0,19.1,18.28,18.32,18.84,-0.52,-2.7601,8138.79,15162.718
605196.SH,20240906,7.86,7.87,7.63,7.65,7.86,-0.21,-2.6718,60901.0,47102.889
601336.SH,20240906,33.01,33.86,32.78,33.18,33.1,0.08,0.2417,161150.55,538902.402
000155.SZ,20240906,9.35,9.41,9.26,9.26,9.36,-0.1,-1.0684,80602.64,75331.219
301013.SZ,20240906,10.78,10.84,10.22,10.25,10.84,-0.59,-5.4428,145862.45,151817.407
603002.SH,20240906,4.51,4.61,4.42,4.44,4.66,-0.22,-4.721,515620.8,231776.098
300767.SZ,20240906,8.81,8.88,8.48,8.53,8.81,-0.28,-3.1782,69433.45,59931.224
000070.SZ,20240906,4.13,4.17,4.05,4.06,4.14,-0.08,-1.9324,113776.2,46718.104
688011.SH,20240906,12.16,12.19,11.56,11.59,12.16,-0.57,-4.6875,7462.56,8824.513
601388.SH,20240906,2.08,2.09,2.05,2.06,2.09,-0.03,-1.4354,108313.0,22373.14
300092.SZ,20240906,9.2,9.2,8.97,8.98,9.2,-0.22,-2.3913,42503.0,38481.974
688177.SH,20240906,20.2,20.2,19.45,19.71,20.13,-0.42,-2.0864,13186.4,26014.126
605588.SH,20240906,37.3,40.5,37.3,38.6,37.69,0.91,2.4144,69709.8,271902.722
600064.SH,20240906,5.75,5.79,5.71,5.71,5.75,-0.04,-0.6957,84118.2,48317.908
002310.SZ,20240906,1.45,1.49,1.41,1.44,1.45,-0.01,-0.6897,924084.9,133697.344
603901.SH,20240906,6.15,6.17,5.98,6.01,6.15,-0.14,-2.2764,39682.0,24033.168
920748.BJ,20240906,12.42,13.1,12.38,12.57,12.66,-0.09,-0.7109,6247.93,7948.132
002797.SZ,20240906,5.28,5.33,5.19,5.21,5.17,0.04,0.7737,710181.48,373625.969
600636.SH,20240906,7.74,7.78,7.6,7.61,7.76,-0.15,-1.933,45695.01,35066.434
920866.BJ,20240906,4.95,4.95,4.87,4.87,4.91,-0.04,-0.8147,2783.64,1362.776
000582.SZ,20240906,7.11,7.14,7.07,7.08,7.11,-0.03,-0.4219,70986.84,50427.233
600298.SH,20240906,31.61,32.76,31.58,31.77,31.63,0.14,0.4426,122174.98,394174.059
600119.SH,20240906,6.04,6.3,6.01,6.21,6.01,0.2,3.3278,133967.23,82543.1
002264.SZ,20240906,4.65,4.67,4.5,4.52,4.65,-0.13,-2.7957,73227.0,33535.573
000985.SZ,20240906,12.98,13.08,12.8,12.83,12.95,-0.12,-0.9266,35723.47,46168.081
300244.SZ,20240906,10.17,10.18,9.88,9.9,10.18,-0.28,-2.7505,77902.0,77707.688
300920.SZ,20240906,13.88,14.09,13.27,13.3,13.93,-0.63,-4.5226,14867.49,20100.171
300591.SZ,20240906,3.05,3.12,2.98,2.99,3.07,-0.08,-2.6059,168917.2,51199.665
603516.SH,20240906,27.11,27.5,26.0,26.02,26.75,-0.73,-2.729,70541.0,186926.844
603010.SH,20240906,8.54,8.63,8.48,8.6,8.54,0.06,0.7026,11207.0,9585.379
300160.SZ,20240906,4.66,4.76,4.54,4.57,4.83,-0.26,-5.383,235890.0,108942.134
301070.SZ,20240906,37.17,39.38,36.8,39.0,37.86,1.14,3.0111,13437.0,50912.802
002658.SZ,20240906,5.45,5.5,5.35,5.36,5.47,-0.11,-2.011,27164.25,14696.216
603128.SH,20240906,5.4,5.41,5.28,5.31,5.4,-0.09,-1.6667,104959.3,55976.871
300042.SZ,20240906,16.69,17.5,16.25,16.34,16.72,-0.38,-2.2727,60439.82,101196.656
002860.SZ,20240906,7.4,7.41,7.2,7.24,7.41,-0.17,-2.2942,21666.0,15780.738
600008.SH,20240906,2.87,2.91,2.86,2.87,2.87,0.0,0.0,529884.89,152848.861
300658.SZ,20240906,4.38,4.44,4.33,4.35,4.41,-0.06,-1.3605,30574.39,13394.566
002907.SZ,20240906,12.05,12.16,11.8,11.81,12.02,-0.21,-1.7471,19502.0,23187.801
000670.SZ,20240906,4.39,4.42,4.33,4.33,4.39,-0.06,-1.3667,92287.0,40280.623
002362.SZ,20240906,15.32,15.35,14.97,14.97,15.32,-0.35,-2.2846,23064.0,34871.018
002129.SZ,20240906,8.13,8.16,7.92,7.93,8.16,-0.23,-2.8186,401471.66,321183.098
300461.SZ,20240906,18.01,18.13,17.35,17.35,18.14,-0.79,-4.355,64164.2,113177.486
688565.SH,20240906,4.43,4.7,4.28,4.45,4.38,0.07,1.5982,44164.23,19786.273
600200.SH,20240906,8.46,8.49,8.23,8.28,8.44,-0.16,-1.8957,67621.0,56348.016
688566.SH,20240906,20.8,20.8,19.61,19.69,20.6,-0.91,-4.4175,9349.91,18705.997
688249.SH,20240906,14.46,14.49,14.2,14.22,14.46,-0.24,-1.6598,56682.68,80981.445
688439.SH,20240906,45.43,45.53,43.74,43.81,45.46,-1.65,-3.6296,15089.62,66808.267
603848.SH,20240906,12.69,12.75,11.88,12.01,12.76,-0.75,-5.8777,54619.05,66806.888
600933.SH,20240906,13.79,13.96,13.4,13.44,13.74,-0.3,-2.1834,76071.12,103611.838
300217.SZ,20240906,3.72,3.73,3.61,3.62,3.71,-0.09,-2.4259,162474.0,59378.925
300364.SZ,20240906,17.1,17.26,16.82,16.83,17.19,-0.36,-2.0942,188635.05,320339.254
603398.SH,20240906,15.23,15.39,14.6,14.71,15.22,-0.51,-3.3509,119912.25,178136.9
601339.SH,20240906,4.74,4.74,4.59,4.61,4.74,-0.13,-2.7426,36549.0,16948.831
300868.SZ,20240906,18.01,18.02,17.5,17.57,18.0,-0.43,-2.3889,47804.0,84569.719
002673.SZ,20240906,6.52,6.59,6.44,6.45,6.44,0.01,0.1553,641257.09,417864.401
002979.SZ,20240906,20.6,20.74,20.06,20.16,20.6,-0.44,-2.1359,84477.72,171777.98
688435.SH,20240906,20.22,20.33,19.48,19.52,20.29,-0.77,-3.795,5970.26,11802.65
688152.SH,20240906,33.98,34.1,32.67,32.85,33.93,-1.08,-3.183,6847.69,22839.698
002709.SZ,20240906,14.27,14.3,13.94,13.95,14.3,-0.35,-2.4476,156023.72,219361.466
688114.SH,20240906,38.79,38.79,37.3,37.45,38.59,-1.14,-2.9541,10290.03,38842.74
600791.SH,20240906,3.4,3.45,3.32,3.35,3.58,-0.23,-6.4246,432802.25,145893.586
002319.SZ,20240906,9.2,9.26,8.85,8.99,9.23,-0.24,-2.6002,28523.01,25732.59
002941.SZ,20240906,9.3,9.49,9.18,9.35,9.3,0.05,0.5376,136708.0,127549.112
920790.BJ,20240906,7.26,7.39,7.05,7.1,7.16,-0.06,-0.838,23048.13,16757.509
301093.SZ,20240906,20.26,20.52,20.06,20.1,20.35,-0.25,-1.2285,10030.0,20355.332
000530.SZ,20240906,3.74,3.82,3.67,3.67,3.67,0.0,0.0,198271.0,74251.966
002752.SZ,20240906,4.63,4.64,4.47,4.48,4.62,-0.14,-3.0303,50219.96,22767.884
603076.SH,20240906,20.21,20.25,19.66,19.77,20.21,-0.44,-2.1771,4209.0,8362.431
688677.SH,20240906,28.66,28.8,27.32,27.4,28.63,-1.23,-4.2962,7350.3,20490.41
601908.SH,20240906,2.28,2.29,2.22,2.23,2.28,-0.05,-2.193,129381.0,29076.814
300381.SZ,20240906,5.88,5.9,5.62,5.64,5.86,-0.22,-3.7543,77197.0,44177.302
002718.SZ,20240906,9.2,9.25,8.88,8.9,9.16,-0.26,-2.8384,9954.0,8948.147
920957.BJ,20240906,6.23,6.38,6.14,6.2,6.3,-0.1,-1.5873,1650.78,1024.04
300903.SZ,20240906,6.67,6.68,6.47,6.47,6.68,-0.21,-3.1437,78823.94,51592.227
301413.SZ,20240906,36.69,36.69,35.4,35.43,36.6,-1.17,-3.1967,8375.2,30068.592
603191.SH,20240906,10.4,10.4,10.1,10.1,10.39,-0.29,-2.7911,26771.0,27378.55
601628.SH,20240906,34.1,34.56,33.84,34.0,34.11,-0.11,-0.3225,60229.25,206209.262
603329.SH,20240906,10.89,10.92,10.67,10.68,10.83,-0.15,-1.385,10938.0,11811.571
301282.SZ,20240906,18.5,18.65,17.66,17.7,18.74,-1.04,-5.5496,56525.17,101927.149
001323.SZ,20240906,28.63,28.75,28.19,28.19,28.66,-0.47,-1.6399,3579.0,10153.085
002299.SZ,20240906,11.99,12.0,11.76,11.79,11.97,-0.18,-1.5038,49009.0,58049.843
301006.SZ,20240906,10.99,11.06,10.64,10.65,11.0,-0.35,-3.1818,8076.0,8741.402
601007.SH,20240906,6.23,6.34,6.22,6.27,6.27,0.0,0.0,26126.0,16408.752
002544.SZ,20240906,16.61,16.74,16.11,16.14,16.66,-0.52,-3.1212,44600.0,72732.34
000501.SZ,20240906,6.89,7.04,6.89,6.94,6.89,0.05,0.7257,57425.36,40041.49
603006.SH,20240906,9.05,9.12,8.84,8.87,9.04,-0.17,-1.8805,18743.0,16848.534
603569.SH,20240906,6.36,6.41,6.26,6.26,6.38,-0.12,-1.8809,37101.09,23497.698
603722.SH,20240906,36.77,36.84,35.31,35.57,36.48,-0.91,-2.4945,6353.0,22861.722
688720.SH,20240906,32.0,32.6,31.3,31.49,32.09,-0.6,-1.8697,7378.77,23465.967
601068.SH,20240906,3.77,3.8,3.72,3.75,3.77,-0.02,-0.5305,70248.0,26398.819
600673.SH,20240906,6.45,6.49,6.37,6.39,6.46,-0.07,-1.0836,52096.01,33446.685
688530.SH,20240906,15.23,15.47,14.83,14.86,15.26,-0.4,-2.6212,14880.68,22534.091
688117.SH,20240906,29.95,30.6,26.95,28.78,30.24,-1.46,-4.828,67969.57,192785.72
688111.SH,20240906,174.31,175.24,169.8,169.8,174.8,-5.0,-2.8604,20758.6,356600.399
301199.SZ,20240906,22.9,22.9,21.91,21.96,22.82,-0.86,-3.7686,15300.68,34099.567
000789.SZ,20240906,4.37,4.41,4.32,4.32,4.35,-0.03,-0.6897,33086.95,14439.119
002724.SZ,20240906,4.35,4.37,4.23,4.25,4.35,-0.1,-2.2989,32654.0,13986.47
002970.SZ,20240906,32.8,32.96,32.08,32.12,32.69,-0.57,-1.7437,19833.0,64388.93
601869.SH,20240906,23.0,23.0,22.51,22.56,22.94,-0.38,-1.6565,14185.0,32144.486
300830.SZ,20240906,5.82,5.87,5.62,5.63,5.78,-0.15,-2.5952,60944.0,34781.655
603387.SH,20240906,7.58,7.64,7.41,7.43,7.6,-0.17,-2.2368,14142.66,10595.613
000558.SZ,20240906,2.28,2.29,2.24,2.25,2.28,-0.03,-1.3158,102879.0,23319.88
600955.SH,20240906,13.23,13.23,12.94,12.94,13.17,-0.23,-1.7464,6585.0,8594.911
688212.SH,20240906,41.61,42.68,40.93,41.05,41.54,-0.49,-1.1796,5873.56,24526.221
000607.SZ,20240906,3.09,3.11,3.03,3.03,3.09,-0.06,-1.9417,49861.01,15317.623
002773.SZ,20240906,18.16,18.24,17.75,17.76,18.12,-0.36,-1.9868,39774.0,71160.738
600520.SH,20240906,18.19,18.2,17.62,17.77,18.43,-0.66,-3.5811,178949.0,320094.737
688033.SH,20240906,4.86,4.88,4.71,4.72,4.87,-0.15,-3.0801,76505.13,36444.148
688496.SH,20240906,7.18,7.25,6.9,6.91,7.22,-0.31,-4.2936,40360.77,28361.411
301030.SZ,20240906,23.55,23.81,23.15,23.24,23.68,-0.44,-1.8581,61302.0,143715.108
688057.SH,20240906,9.39,9.49,9.3,9.3,9.45,-0.15,-1.5873,3858.09,3620.963
002263.SZ,20240906,1.86,1.86,1.83,1.84,1.86,-0.02,-1.0753,51137.0,9423.685
688489.SH,20240906,26.17,26.26,25.2,25.54,25.88,-0.34,-1.3138,7871.68,20218.85
603788.SH,20240906,11.68,11.73,11.48,11.5,11.68,-0.18,-1.5411,10819.0,12558.266
002734.SZ,20240906,7.28,7.3,7.04,7.07,7.3,-0.23,-3.1507,51936.07,37187.877
300339.SZ,20240906,20.45,20.55,20.0,20.07,20.43,-0.36,-1.7621,217972.49,439926.361
688501.SH,20240906,11.53,11.61,11.06,11.14,11.58,-0.44,-3.7997,8335.92,9397.43
300257.SZ,20240906,7.95,7.97,7.62,7.66,7.95,-0.29,-3.6478,56708.49,43800.588
000753.SZ,20240906,2.69,2.69,2.64,2.64,2.68,-0.04,-1.4925,45560.77,12104.676
002879.SZ,20240906,12.47,12.48,12.22,12.29,12.47,-0.18,-1.4435,9968.0,12272.568
688179.SH,20240906,10.27,10.29,9.77,9.87,10.27,-0.4,-3.8948,29741.58,29738.789
688611.SH,20240906,25.6,26.33,24.39,25.72,25.95,-0.23,-0.8863,1902.39,4918.839
600573.SH,20240906,9.42,9.43,9.23,9.23,9.41,-0.18,-1.9129,12587.0,11738.091
300208.SZ,20240906,1.79,1.83,1.76,1.77,1.78,-0.01,-0.5618,136413.0,24379.487
600367.SH,20240906,9.14,9.14,8.93,8.93,9.16,-0.23,-2.5109,37507.0,33751.745
001376.SZ,20240906,15.4,15.47,14.85,14.86,15.4,-0.54,-3.5065,17663.0,26642.91
688426.SH,20240906,16.87,16.98,16.25,16.36,16.76,-0.4,-2.3866,6340.85,10446.816
300965.SZ,20240906,25.15,25.15,24.27,24.28,25.06,-0.78,-3.1125,4452.0,10990.5
301360.SZ,20240906,44.15,44.17,42.42,42.5,44.27,-1.77,-3.9982,18936.45,81633.451
300183.SZ,20240906,12.52,12.76,12.38,12.46,12.58,-0.12,-0.9539,79550.0,99812.795
002303.SZ,20240906,2.92,2.93,2.85,2.87,2.93,-0.06,-2.0478,139214.0,40053.601
603657.SH,20240906,10.37,10.38,10.1,10.16,10.34,-0.18,-1.7408,12133.4,12387.638
300940.SZ,20240906,12.85,12.9,12.3,12.48,12.8,-0.32,-2.5,15813.0,19912.732
002588.SZ,20240906,7.15,7.16,7.03,7.04,7.15,-0.11,-1.5385,69348.0,49158.15
002538.SZ,20240906,4.9,4.93,4.81,4.85,4.92,-0.07,-1.4228,47047.4,22960.187
605222.SH,20240906,14.93,15.04,14.75,14.78,14.99,-0.21,-1.4009,13900.0,20600.949
002936.SZ,20240906,1.68,1.7,1.67,1.68,1.68,0.0,0.0,447509.81,75453.609
301160.SZ,20240906,34.71,35.19,34.22,34.3,34.7,-0.4,-1.1527,9652.19,33422.483
002167.SZ,20240906,5.51,5.72,5.32,5.35,5.6,-0.25,-4.4643,567298.5,310787.677
001212.SZ,20240906,19.3,19.5,18.8,18.89,19.47,-0.58,-2.9789,19125.52,36517.451
688616.SH,20240906,7.89,7.89,7.62,7.64,7.86,-0.22,-2.799,11896.3,9152.627
603477.SH,20240906,17.75,17.88,17.47,17.52,17.75,-0.23,-1.2958,48580.0,85389.065
300837.SZ,20240906,17.93,17.99,17.5,17.52,18.0,-0.48,-2.6667,8022.0,14180.118
002060.SZ,20240906,3.27,3.27,3.21,3.22,3.27,-0.05,-1.5291,97814.42,31652.611
600668.SH,20240906,8.24,8.32,8.17,8.18,8.27,-0.09,-1.0883,13176.0,10835.26
300353.SZ,20240906,7.71,7.76,7.51,7.54,7.7,-0.16,-2.0779,77812.0,59310.964
000652.SZ,20240906,3.07,3.23,3.06,3.1,3.07,0.03,0.9772,182753.65,57488.247
000301.SZ,20240906,7.81,7.83,7.64,7.67,7.82,-0.15,-1.9182,52722.0,40704.541
002972.SZ,20240906,9.71,9.9,9.47,9.48,9.81,-0.33,-3.3639,46720.0,45054.44
600737.SH,20240906,8.22,8.26,8.14,8.15,8.22,-0.07,-0.8516,133364.0,109289.679
002841.SZ,20240906,32.46,32.46,31.78,31.98,32.37,-0.39,-1.2048,23588.8,75558.649
002127.SZ,20240906,2.65,2.78,2.65,2.66,2.67,-0.01,-0.3745,381132.06,102959.298
002869.SZ,20240906,23.58,23.86,22.85,22.85,23.28,-0.43,-1.8471,117251.0,272904.28
688163.SH,20240906,15.8,16.67,15.8,15.9,15.9,0.0,0.0,27424.34,44661.944
301115.SZ,20240906,13.1,13.1,12.54,12.55,13.06,-0.51,-3.9051,63502.97,81023.791
603719.SH,20240906,10.33,10.42,10.11,10.13,10.35,-0.22,-2.1256,28069.1,28758.055
300479.SZ,20240906,15.66,16.39,15.1,15.11,16.54,-1.43,-8.6457,307040.5,482552.023
002717.SZ,20240906,1.12,1.23,1.11,1.23,1.12,0.11,9.8214,2225154.39,260431.688
301326.SZ,20240906,33.76,33.76,32.61,32.7,33.76,-1.06,-3.1398,32072.4,106102.43
600566.SH,20240906,28.3,28.31,27.5,27.54,28.31,-0.77,-2.7199,53591.0,148361.29
002660.SZ,20240906,7.3,7.32,7.1,7.1,7.27,-0.17,-2.3384,44122.0,31632.108
603180.SH,20240906,16.23,16.24,15.91,15.94,16.23,-0.29,-1.7868,7425.49,11890.407
002873.SZ,20240906,7.96,7.98,7.74,7.77,7.96,-0.19,-2.3869,33557.16,26268.922
002019.SZ,20240906,10.7,10.74,10.45,10.45,10.67,-0.22,-2.0619,52081.0,54781.958
688197.SH,20240906,35.4,35.73,34.08,34.38,35.49,-1.11,-3.1276,3084.07,10739.524
688301.SH,20240906,96.04,96.04,92.6,93.28,95.75,-2.47,-2.5796,6821.13,63748.739
002937.SZ,20240906,17.98,18.1,17.38,17.44,18.05,-0.61,-3.3795,31459.59,55617.793
600223.SH,20240906,6.24,6.25,6.07,6.1,6.24,-0.14,-2.2436,68030.0,41769.615
600917.SH,20240906,5.27,5.32,5.23,5.24,5.27,-0.03,-0.5693,15579.0,8229.533
600373.SH,20240906,14.0,14.11,13.79,13.87,14.08,-0.21,-1.4915,84104.7,117403.127
605500.SH,20240906,6.29,6.29,6.08,6.11,6.25,-0.14,-2.24,6548.17,4041.394
301280.SZ,20240906,34.48,34.65,33.51,33.57,34.68,-1.11,-3.2007,7583.0,25744.345
300813.SZ,20240906,17.02,17.12,16.15,16.24,17.02,-0.78,-4.5828,30744.98,50725.7
920371.BJ,20240906,4.19,4.22,4.1,4.12,4.2,-0.08,-1.9048,6118.27,2536.126
002523.SZ,20240906,2.24,2.26,2.2,2.21,2.25,-0.04,-1.7778,127253.04,28345.239
688569.SH,20240906,18.7,18.79,18.37,18.37,18.7,-0.33,-1.7647,3684.08,6834.258
002857.SZ,20240906,10.04,10.14,9.88,9.89,10.08,-0.19,-1.8849,21393.0,21327.307
688553.SH,20240906,10.54,10.63,10.32,10.34,10.55,-0.21,-1.9905,6044.34,6306.46
002364.SZ,20240906,6.19,6.26,6.06,6.07,6.18,-0.11,-1.7799,64682.0,39792.089
688202.SH,20240906,25.27,25.56,24.08,24.19,25.21,-1.02,-4.046,19933.61,48886.87
300383.SZ,20240906,7.96,7.98,7.78,7.78,7.95,-0.17,-2.1384,90304.0,70938.681
688076.SH,20240906,60.58,60.98,58.67,59.22,61.03,-1.81,-2.9658,23325.86,138701.115
301555.SZ,20240906,24.11,24.18,23.23,23.32,24.12,-0.8,-3.3167,8106.24,19141.058
603077.SH,20240906,1.72,1.73,1.68,1.68,1.71,-0.03,-1.7544,311064.0,52770.614
300852.SZ,20240906,22.02,22.02,21.22,21.22,21.95,-0.73,-3.3257,11711.6,25176.335
600221.SH,20240906,1.05,1.06,1.04,1.05,1.05,0.0,0.0,589588.04,61926.761
002759.SZ,20240906,6.03,6.04,5.86,5.89,6.03,-0.14,-2.3217,38058.0,22598.833
603600.SH,20240906,9.87,9.91,9.46,9.51,9.87,-0.36,-3.6474,23890.0,23032.161
301260.SZ,20240906,12.4,12.44,12.02,12.04,12.4,-0.36,-2.9032,16394.0,19955.898
600533.SH,20240906,1.8,1.81,1.76,1.76,1.8,-0.04,-2.2222,57917.0,10331.86
603081.SH,20240906,9.57,9.69,9.34,9.38,9.63,-0.25,-2.5961,20472.03,19462.825
605069.SH,20240906,5.73,5.8,5.63,5.64,5.77,-0.13,-2.253,19589.0,11145.785
600151.SH,20240906,4.97,5.22,4.92,5.04,4.95,0.09,1.8182,304322.46,154151.369
688428.SH,20240906,10.94,11.11,10.48,10.57,10.87,-0.3,-2.7599,47299.34,50850.752
002850.SZ,20240906,81.0,81.79,78.75,78.93,81.0,-2.07,-2.5556,19576.71,156163.46
002109.SZ,20240906,2.49,2.49,2.41,2.42,2.48,-0.06,-2.4194,59573.0,14504.679
688146.SH,20240906,25.9,26.0,25.3,25.3,26.0,-0.7,-2.6923,9356.63,23887.266
000428.SZ,20240906,3.02,3.07,2.99,2.99,3.01,-0.02,-0.6645,120129.09,36301.498
603567.SH,20240906,10.76,10.81,10.46,10.51,10.79,-0.28,-2.595,26364.0,27899.682
600676.SH,20240906,3.32,3.61,3.32,3.61,3.28,0.33,10.061,613545.69,217949.11
300363.SZ,20240906,12.11,12.16,11.77,11.78,12.06,-0.28,-2.3217,42322.0,50308.977
002652.SZ,20240906,2.78,2.85,2.66,2.72,2.78,-0.06,-2.1583,81940.87,22265.299
301315.SZ,20240906,32.9,34.3,31.7,32.16,31.96,0.2,0.6258,50082.52,164410.628
300051.SZ,20240906,6.9,7.15,6.65,7.07,7.42,-0.35,-4.717,314974.58,215478.591
688352.SH,20240906,8.93,8.93,8.57,8.6,8.93,-0.33,-3.6954,56884.84,49447.177
300991.SZ,20240906,14.2,14.3,13.73,13.76,14.27,-0.51,-3.5739,32341.0,45007.122
688084.SH,20240906,35.25,35.25,34.34,34.45,35.38,-0.93,-2.6286,1645.07,5699.447
300417.SZ,20240906,8.34,8.45,8.2,8.21,8.4,-0.19,-2.2619,29264.0,24238.376
300753.SZ,20240906,11.91,11.96,11.25,11.29,11.89,-0.6,-5.0463,30313.0,34864.811
002828.SZ,20240906,7.4,7.48,7.3,7.31,7.41,-0.1,-1.3495,26228.0,19296.889
300953.SZ,20240906,47.9,47.9,46.83,46.96,47.64,-0.68,-1.4274,4875.0,22957.821
001208.SZ,20240906,8.23,8.23,8.01,8.02,8.15,-0.13,-1.5951,61877.23,50164.948
002207.SZ,20240906,4.23,4.28,4.17,4.19,4.25,-0.06,-1.4118,50228.0,21123.313
000559.SZ,20240906,4.63,4.72,4.63,4.65,4.65,0.0,0.0,159720.68,74690.073
600763.SH,20240906,42.22,42.68,41.23,41.36,42.33,-0.97,-2.2915,34047.25,142487.787
600280.SH,20240906,2.65,2.78,2.6,2.64,2.72,-0.08,-2.9412,804555.99,215394.894
002332.SZ,20240906,12.03,12.08,11.69,11.71,11.95,-0.24,-2.0084,60625.86,72023.301
301201.SZ,20240906,17.95,18.17,17.33,17.35,18.01,-0.66,-3.6646,11219.2,19795.8
603112.SH,20240906,11.49,11.59,11.37,11.41,11.49,-0.08,-0.6963,22332.5,25583.956
603101.SH,20240906,4.44,4.51,4.4,4.41,4.44,-0.03,-0.6757,23898.92,10645.036
603985.SH,20240906,9.54,9.6,9.32,9.32,9.57,-0.25,-2.6123,47893.59,44940.466
002528.SZ,20240906,2.33,2.43,2.28,2.43,2.31,0.12,5.1948,617973.97,146509.721
920278.BJ,20240906,4.57,4.63,4.49,4.51,4.57,-0.06,-1.3129,6111.77,2770.189
600679.SH,20240906,9.51,9.7,9.33,9.44,9.51,-0.07,-0.7361,103563.0,98433.49
002798.SZ,20240906,3.25,3.26,3.12,3.14,3.2,-0.06,-1.875,52070.2,16516.995
600696.SH,20240906,7.78,7.81,7.57,7.61,7.85,-0.24,-3.0573,79839.0,61215.135
603815.SH,20240906,5.5,5.63,5.48,5.5,5.5,0.0,0.0,64378.0,35773.569
920026.BJ,20240906,15.17,15.17,14.8,14.97,15.05,-0.08,-0.5316,1965.83,2947.556
601519.SH,20240906,5.87,5.94,5.69,5.69,5.73,-0.04,-0.6981,195934.5,113654.121
002197.SZ,20240906,3.65,3.65,3.48,3.5,3.48,0.02,0.5747,313042.32,112268.579
300080.SZ,20240906,2.75,2.78,2.69,2.7,2.77,-0.07,-2.5271,87550.0,23813.779
300096.SZ,20240906,3.01,3.14,2.93,3.04,3.02,0.02,0.6623,286062.0,86316.693
688380.SH,20240906,18.12,18.16,17.2,17.34,18.0,-0.66,-3.6667,57837.03,100974.051
000638.SZ,20240906,3.68,3.72,3.62,3.62,3.69,-0.07,-1.897,72087.0,26322.282
002510.SZ,20240906,3.78,3.78,3.7,3.71,3.76,-0.05,-1.3298,98785.01,36985.659
603131.SH,20240906,13.33,13.43,13.07,13.11,13.28,-0.17,-1.2801,73219.06,96848.175
002611.SZ,20240906,5.33,5.35,5.19,5.22,5.34,-0.12,-2.2472,206764.47,109002.088
002767.SZ,20240906,12.2,12.28,11.66,11.66,12.16,-0.5,-4.1118,56243.51,67225.228
603886.SH,20240906,12.66,12.66,12.3,12.35,12.63,-0.28,-2.2169,9529.0,11853.554
300604.SZ,20240906,29.53,29.79,28.7,28.78,29.54,-0.76,-2.5728,77980.0,227354.017
600315.SH,20240906,14.77,14.77,14.48,14.49,14.74,-0.25,-1.6961,34029.11,49677.485
301568.SZ,20240906,28.36,28.36,27.21,27.3,28.44,-1.14,-4.0084,19522.87,54003.625
603608.SH,20240906,2.9,2.97,2.9,2.94,2.93,0.01,0.3413,16574.0,4861.861
600808.SH,20240906,1.83,1.84,1.81,1.81,1.83,-0.02,-1.0929,142943.0,26026.39
688082.SH,20240906,83.43,84.85,82.2,82.26,83.43,-1.17,-1.4024,6232.94,51961.418
300751.SZ,20240906,81.99,82.34,79.52,79.72,82.18,-2.46,-2.9934,14679.86,118301.744
688609.SH,20240906,8.14,8.14,7.83,7.9,8.11,-0.21,-2.5894,108711.93,86424.109
300611.SZ,20240906,8.42,8.48,8.12,8.15,8.42,-0.27,-3.2067,51004.0,42206.652
002623.SZ,20240906,14.85,14.99,14.58,14.6,15.06,-0.46,-3.0544,18379.14,27109.607
002888.SZ,20240906,16.29,17.51,16.01,16.95,16.29,0.66,4.0516,144311.75,242093.11
600980.SH,20240906,13.13,13.13,12.74,12.76,13.12,-0.36,-2.7439,13772.0,17775.303
301366.SZ,20240906,31.26,31.41,30.37,30.44,31.77,-1.33,-4.1863,56055.0,172532.603
002758.SZ,20240906,7.34,7.34,7.19,7.19,7.31,-0.12,-1.6416,17980.33,13030.906
600868.SH,20240906,1.77,1.78,1.74,1.75,1.78,-0.03,-1.6854,156710.91,27537.879
600615.SH,20240906,9.0,9.01,8.68,8.76,9.0,-0.24,-2.6667,29879.0,26271.552
603381.SH,20240906,21.6,21.73,20.8,20.8,21.73,-0.93,-4.2798,40762.93,86305.441
300359.SZ,20240906,4.82,4.96,4.72,4.8,4.86,-0.06,-1.2346,244678.0,117844.273
300503.SZ,20240906,13.1,13.16,12.7,12.73,13.11,-0.38,-2.8986,100326.0,129229.277
002554.SZ,20240906,2.13,2.16,2.12,2.13,2.15,-0.02,-0.9302,58298.57,12484.977
600287.SH,20240906,3.03,3.04,2.93,2.95,3.03,-0.08,-2.6403,99192.83,29469.408
688627.SH,20240906,43.0,43.0,40.76,40.83,42.6,-1.77,-4.1549,6959.52,28794.057
002481.SZ,20240906,4.09,4.09,4.03,4.03,4.07,-0.04,-0.9828,48954.02,19856.883
601619.SH,20240906,2.78,2.8,2.75,2.75,2.79,-0.04,-1.4337,95044.0,26317.757
002455.SZ,20240906,6.78,6.89,6.6,6.74,6.98,-0.24,-3.4384,365987.57,245668.943
603160.SH,20240906,61.59,61.83,60.0,60.01,61.58,-1.57,-2.5495,21447.68,129943.911
002179.SZ,20240906,37.69,38.0,37.2,37.37,37.72,-0.35,-0.9279,43987.72,165328.558
002959.SZ,20240906,38.53,38.57,37.37,37.37,38.44,-1.07,-2.7836,13420.0,50729.373
603718.SH,20240906,6.48,6.55,6.38,6.4,6.51,-0.11,-1.6897,25161.0,16175.814
603123.SH,20240906,6.88,7.0,6.71,7.0,6.36,0.64,10.0629,466050.52,324175.815
603089.SH,20240906,7.42,7.45,7.22,7.24,7.4,-0.16,-2.1622,17492.0,12782.134
001270.SZ,20240906,29.55,29.68,28.51,28.54,29.52,-0.98,-3.3198,23883.0,69096.855
603103.SH,20240906,10.42,10.48,10.19,10.2,10.4,-0.2,-1.9231,25658.2,26379.901
300827.SZ,20240906,33.96,34.69,33.11,33.45,34.43,-0.98,-2.8464,96134.91,323215.946
002205.SZ,20240906,6.33,6.57,6.27,6.38,6.33,0.05,0.7899,107437.0,69160.063
600019.SH,20240906,5.82,5.91,5.8,5.81,5.83,-0.02,-0.3431,444413.39,260228.75
000610.SZ,20240906,11.07,11.3,11.05,11.18,11.07,0.11,0.9937,76860.53,86111.421
000950.SZ,20240906,4.86,4.95,4.75,4.76,4.85,-0.09,-1.8557,101689.45,49040.486
688160.SH,20240906,35.5,35.61,34.2,34.26,35.47,-1.21,-3.4113,8591.77,29889.454
600744.SH,20240906,2.85,2.86,2.82,2.82,2.85,-0.03,-1.0526,63367.0,17950.979
000626.SZ,20240906,4.2,4.21,4.1,4.11,4.19,-0.08,-1.9093,42159.0,17512.004
002213.SZ,20240906,9.32,9.36,9.01,9.01,9.3,-0.29,-3.1183,33103.0,30207.463
920057.BJ,20240906,3.11,3.12,3.04,3.11,3.1,0.01,0.3226,4817.53,1481.979
688623.SH,20240906,47.83,47.83,45.96,46.05,47.4,-1.35,-2.8481,938.07,4377.003
300382.SZ,20240906,6.4,6.86,6.35,6.41,6.43,-0.02,-0.311,536528.5,352185.337
301251.SZ,20240906,26.7,26.73,25.78,25.82,26.49,-0.67,-2.5293,22246.07,58015.058
300771.SZ,20240906,8.81,8.81,8.51,8.55,8.79,-0.24,-2.7304,37674.0,32581.765
920508.BJ,20240906,12.89,13.38,12.58,12.66,12.82,-0.16,-1.248,12434.87,16093.791
300118.SZ,20240906,9.7,9.85,9.4,9.41,9.76,-0.35,-3.5861,211826.5,202164.182
301188.SZ,20240906,11.81,11.84,11.34,11.44,11.86,-0.42,-3.5413,44933.0,52089.382
301042.SZ,20240906,31.23,31.35,30.26,30.27,31.26,-0.99,-3.167,8527.48,26159.193
300898.SZ,20240906,16.2,16.2,15.75,15.82,16.18,-0.36,-2.225,13663.0,21832.367
300401.SZ,20240906,12.66,12.69,12.15,12.21,12.63,-0.42,-3.3254,146149.0,180856.359
603681.SH,20240906,10.49,10.49,10.15,10.16,10.46,-0.3,-2.8681,29555.0,30279.477
601608.SH,20240906,3.41,3.42,3.35,3.37,3.4,-0.03,-0.8824,161801.51,54703.99
688276.SH,20240906,23.82,23.84,22.55,22.55,23.42,-0.87,-3.7148,25527.18,58587.645
300251.SZ,20240906,6.85,6.86,6.73,6.75,6.85,-0.1,-1.4599,138978.0,94259.292
600649.SH,20240906,3.16,3.19,3.13,3.15,3.17,-0.02,-0.6309,121316.73,38296.217
603619.SH,20240906,18.62,18.66,18.29,18.34,18.57,-0.23,-1.2386,41157.0,76077.919
301011.SZ,20240906,16.14,16.19,15.34,15.43,16.22,-0.79,-4.8705,56868.78,88952.924
000411.SZ,20240906,9.35,9.49,9.23,9.26,9.35,-0.09,-0.9626,31468.22,29364.859
300671.SZ,20240906,26.8,27.17,26.13,26.13,26.67,-0.54,-2.0247,40369.66,107100.389
002462.SZ,20240906,10.98,11.09,10.66,10.69,11.03,-0.34,-3.0825,39490.0,42715.544
601208.SH,20240906,6.81,7.01,6.73,6.91,6.88,0.03,0.436,210291.68,144313.314
000786.SZ,20240906,24.85,24.9,24.22,24.24,24.92,-0.68,-2.7287,69309.68,169565.715
002444.SZ,20240906,27.86,27.88,26.7,26.78,27.79,-1.01,-3.6344,140993.33,382195.603
688502.SH,20240906,77.95,77.99,74.66,74.83,76.77,-1.94,-2.527,3824.31,29047.295
600815.SH,20240906,1.92,1.94,1.9,1.9,1.92,-0.02,-1.0417,35732.0,6843.171
002856.SZ,20240906,6.64,6.65,6.4,6.42,6.62,-0.2,-3.0211,23464.71,15213.124
000848.SZ,20240906,7.14,7.16,7.06,7.07,7.16,-0.09,-1.257,63540.08,45107.056
603317.SH,20240906,9.25,9.3,9.06,9.08,9.25,-0.17,-1.8378,54163.42,49497.195
002219.SZ,20240906,1.78,1.78,1.72,1.72,1.77,-0.05,-2.8249,210554.84,36594.378
688353.SH,20240906,15.55,15.55,14.99,15.01,15.55,-0.54,-3.4727,4096.64,6213.47
300310.SZ,20240906,5.63,6.01,5.22,5.44,5.46,-0.02,-0.3663,2669899.56,1512451.734
300439.SZ,20240906,9.35,9.45,9.11,9.14,9.38,-0.24,-2.5586,26286.0,24302.713
300718.SZ,20240906,13.71,14.11,13.27,13.39,13.51,-0.12,-0.8882,146003.0,200320.942
000851.SZ,20240906,3.23,3.23,3.2,3.23,3.08,0.15,4.8701,705931.17,227978.365
300437.SZ,20240906,8.19,8.29,8.01,8.01,8.24,-0.23,-2.7913,23205.0,18806.972
002016.SZ,20240906,6.18,6.19,6.18,6.19,6.19,0.0,0.0,72622.0,44927.927
603909.SH,20240906,7.17,7.23,6.97,6.98,7.21,-0.23,-3.19,37610.0,26508.67
600233.SH,20240906,15.91,16.1,15.74,15.79,15.92,-0.13,-0.8166,137853.0,219250.917
300599.SZ,20240906,4.96,5.15,4.91,4.98,4.96,0.02,0.4032,66854.0,33541.516
600261.SH,20240906,2.46,2.47,2.42,2.42,2.46,-0.04,-1.626,64870.0,15842.924
603667.SH,20240906,13.45,13.58,13.1,13.27,13.47,-0.2,-1.4848,39247.6,52100.227
601225.SH,20240906,22.9,23.54,22.66,22.8,24.07,-1.27,-5.2763,419574.93,966049.965
688386.SH,20240906,26.03,26.17,25.07,25.23,26.02,-0.79,-3.0361,2170.44,5530.773
603359.SH,20240906,3.44,3.44,3.34,3.35,3.42,-0.07,-2.0468,42588.6,14397.79
600816.SH,20240906,2.44,2.47,2.4,2.4,2.44,-0.04,-1.6393,190619.0,46391.032
300959.SZ,20240906,24.9,24.96,24.32,24.37,24.9,-0.53,-2.1285,9058.77,22280.926
002273.SZ,20240906,16.47,16.58,16.0,16.06,16.51,-0.45,-2.7256,274573.64,444042.342
920706.BJ,20240906,8.24,8.29,8.08,8.1,8.26,-0.16,-1.937,3889.66,3171.5
002171.SZ,20240906,5.55,5.72,5.47,5.48,5.54,-0.06,-1.083,168198.07,93550.844
001234.SZ,20240906,15.01,15.08,14.5,14.63,15.01,-0.38,-2.5316,12767.0,18821.47
603273.SH,20240906,15.65,15.65,14.94,14.95,15.6,-0.65,-4.1667,18785.24,28500.192
600399.SH,20240906,5.21,5.25,5.15,5.16,5.19,-0.03,-0.578,191306.91,99014.202
300927.SZ,20240906,13.99,13.99,13.19,13.2,13.83,-0.63,-4.5553,38105.6,51369.868
688562.SH,20240906,12.95,12.95,12.47,12.56,12.9,-0.34,-2.6357,10872.9,13790.518
603057.SH,20240906,15.76,15.84,15.23,15.27,15.84,-0.57,-3.5985,16968.0,26341.672
002258.SZ,20240906,7.18,7.2,7.04,7.05,7.19,-0.14,-1.9471,33603.6,23859.613
603189.SH,20240906,13.12,13.19,12.3,12.3,13.58,-1.28,-9.4256,315481.69,398932.878
300774.SZ,20240906,7.37,7.39,7.04,7.06,7.38,-0.32,-4.336,52895.0,37999.026
300456.SZ,20240906,15.0,15.12,14.62,14.63,15.07,-0.44,-2.9197,119050.0,176634.613
300820.SZ,20240906,38.63,38.9,36.23,36.36,38.63,-2.27,-5.8763,27373.0,101693.557
300722.SZ,20240906,19.36,19.49,18.93,19.08,19.27,-0.19,-0.986,48422.43,93199.328
001339.SZ,20240906,28.63,28.88,27.9,28.0,28.78,-0.78,-2.7102,77469.2,219161.382
300571.SZ,20240906,20.14,20.29,19.37,19.38,20.22,-0.84,-4.1543,22024.78,43461.2
600210.SH,20240906,5.15,5.16,5.09,5.09,5.14,-0.05,-0.9728,120977.01,61845.467
600704.SH,20240906,4.22,4.3,4.21,4.23,4.21,0.02,0.4751,305696.14,130156.948
600794.SH,20240906,2.97,3.0,2.95,2.96,2.98,-0.02,-0.6711,63161.69,18766.516
003038.SZ,20240906,12.88,12.89,12.4,12.45,12.88,-0.43,-3.3385,33348.4,41960.488
600845.SH,20240906,29.51,29.7,28.85,29.1,29.54,-0.44,-1.4895,48914.76,142674.09
002575.SZ,20240906,4.33,4.35,4.17,4.19,4.27,-0.08,-1.8735,32602.0,13756.447
605050.SH,20240906,8.0,8.07,7.91,7.95,8.05,-0.1,-1.2422,10217.0,8143.079
300847.SZ,20240906,13.85,14.3,13.83,13.93,13.92,0.01,0.0718,83268.0,116861.708
301215.SZ,20240906,5.16,5.2,5.07,5.08,5.16,-0.08,-1.5504,53377.0,27420.275
603456.SH,20240906,12.81,12.81,12.42,12.44,12.72,-0.28,-2.2013,63756.84,80046.36
301155.SZ,20240906,40.47,40.48,39.18,39.33,40.48,-1.15,-2.8409,10248.0,40660.492
688101.SH,20240906,11.68,11.68,11.22,11.25,11.53,-0.28,-2.4284,8099.6,9224.848
301316.SZ,20240906,15.72,15.88,14.82,14.87,15.71,-0.84,-5.3469,135276.97,205808.171
300656.SZ,20240906,18.1,18.78,17.85,17.85,18.21,-0.36,-1.9769,31652.74,57729.769
002978.SZ,20240906,24.97,25.0,24.36,24.4,24.94,-0.54,-2.1652,9209.0,22655.613
920174.BJ,20240906,16.08,16.64,15.94,16.23,15.95,0.28,1.7555,14333.78,23487.452
300995.SZ,20240906,13.48,13.5,13.07,13.07,13.43,-0.36,-2.6806,8621.0,11406.914
688670.SH,20240906,10.83,11.15,10.35,10.4,10.9,-0.5,-4.5872,13635.07,14543.11
603986.SH,20240906,69.44,69.59,67.88,67.88,69.39,-1.51,-2.1761,74284.4,508285.972
002159.SZ,20240906,13.88,14.04,13.75,13.79,13.9,-0.11,-0.7914,30036.0,41727.84
300357.SZ,20240906,17.66,17.68,17.11,17.2,17.55,-0.35,-1.9943,29127.0,50345.439
920578.BJ,20240906,10.72,10.96,10.55,10.55,10.72,-0.17,-1.5858,3730.45,4003.026
603027.SH,20240906,11.3,11.31,11.06,11.06,11.3,-0.24,-2.1239,110102.15,122822.53
300710.SZ,20240906,15.85,15.89,15.49,15.54,15.88,-0.34,-2.1411,18494.0,28930.919
601116.SH,20240906,7.51,7.71,7.48,7.52,7.56,-0.04,-0.5291,45535.3,34508.306
688485.SH,20240906,7.58,7.67,7.44,7.48,7.56,-0.08,-1.0582,4875.85,3689.894
002491.SZ,20240906,3.22,3.22,3.14,3.15,3.22,-0.07,-2.1739,76117.98,24085.977
920765.BJ,20240906,6.05,6.09,5.95,5.99,6.06,-0.07,-1.1551,1414.99,848.966
300770.SZ,20240906,34.62,34.75,34.16,34.3,34.6,-0.3,-0.8671,14588.6,50076.942
300411.SZ,20240906,10.11,10.35,9.96,9.99,10.1,-0.11,-1.0891,196408.6,199786.16
301031.SZ,20240906,76.67,77.22,73.05,73.34,76.66,-3.32,-4.3308,6387.0,47739.706
300887.SZ,20240906,6.46,6.46,6.13,6.16,6.44,-0.28,-4.3478,114007.32,71434.959
603605.SH,20240906,93.0,93.0,89.7,89.72,93.0,-3.28,-3.5269,17386.85,158074.568
002144.SZ,20240906,8.61,8.62,8.37,8.39,8.58,-0.19,-2.2145,38570.0,32768.673
003039.SZ,20240906,11.38,11.79,10.94,10.94,11.23,-0.29,-2.5824,66983.0,75744.174
600916.SH,20240906,8.27,8.28,8.19,8.2,8.29,-0.09,-1.0856,114860.0,94532.417
300941.SZ,20240906,20.17,20.17,17.78,17.85,17.52,0.33,1.8836,334379.38,632920.591
920367.BJ,20240906,10.31,10.48,9.87,9.95,10.3,-0.35,-3.3981,19528.56,19653.617
603367.SH,20240906,12.53,12.61,12.36,12.37,12.58,-0.21,-1.6693,20353.0,25332.647
002900.SZ,20240906,8.35,8.39,8.16,8.17,8.35,-0.18,-2.1557,19739.0,16204.866
688169.SH,20240906,238.95,244.48,233.48,233.5,238.98,-5.48,-2.2931,16053.19,381893.683
600379.SH,20240906,7.98,8.01,7.87,7.9,8.0,-0.1,-1.25,21774.0,17280.78
688055.SH,20240906,2.7,2.7,2.64,2.65,2.7,-0.05,-1.8519,37116.37,9888.349
002345.SZ,20240906,4.6,4.64,4.54,4.55,4.62,-0.07,-1.5152,88436.0,40536.706
600120.SH,20240906,3.45,3.51,3.44,3.46,3.44,0.02,0.5814,143103.83,49762.708
603980.SH,20240906,3.43,3.43,3.32,3.33,3.43,-0.1,-2.9155,68393.6,23042.951
300665.SZ,20240906,5.01,5.27,4.92,5.15,5.02,0.13,2.5896,114256.52,58639.122
600370.SH,20240906,1.23,1.23,1.19,1.2,1.22,-0.02,-1.6393,57897.0,6991.248
603186.SH,20240906,24.1,24.59,23.6,23.66,24.95,-1.29,-5.1703,108057.0,259362.206
600857.SH,20240906,5.4,5.46,5.31,5.32,5.41,-0.09,-1.6636,15355.0,8267.99
300873.SZ,20240906,13.89,13.98,13.69,13.7,13.89,-0.19,-1.3679,16245.0,22462.922
002748.SZ,20240906,5.91,6.0,5.88,5.9,5.92,-0.02,-0.3378,10162.0,6021.259
000657.SZ,20240906,7.63,7.7,7.53,7.53,7.66,-0.13,-1.6971,91750.42,69543.227
600807.SH,20240906,2.65,2.67,2.62,2.63,2.65,-0.02,-0.7547,41267.0,10916.726
301000.SZ,20240906,12.85,12.96,12.31,12.33,12.85,-0.52,-4.0467,26904.47,33887.14
300527.SZ,20240906,6.51,6.71,6.51,6.55,6.49,0.06,0.9245,170160.9,112375.521
300633.SZ,20240906,30.86,31.05,29.39,29.48,30.8,-1.32,-4.2857,36757.43,110134.461
603867.SH,20240906,20.58,20.65,20.12,20.16,20.58,-0.42,-2.0408,5811.1,11804.457
002622.SZ,20240906,1.45,1.47,1.4,1.42,1.45,-0.03,-2.069,141374.0,20214.33
300335.SZ,20240906,3.89,3.9,3.76,3.79,3.88,-0.09,-2.3196,54691.0,20836.241
688403.SH,20240906,6.89,6.91,6.73,6.75,6.89,-0.14,-2.0319,39086.48,26545.165
300864.SZ,20240906,19.21,19.37,18.87,18.9,19.27,-0.37,-1.9201,4750.0,9016.639
002091.SZ,20240906,6.67,6.67,6.54,6.58,6.65,-0.07,-1.0526,68212.0,45026.06
300500.SZ,20240906,9.8,9.89,9.62,9.66,9.87,-0.21,-2.1277,33211.5,32247.29
001979.SZ,20240906,8.97,9.05,8.9,8.93,9.03,-0.1,-1.1074,253387.89,227125.397
301286.SZ,20240906,28.08,28.19,27.42,27.9,27.88,0.02,0.0717,2227.39,6198.262
600455.SH,20240906,15.93,16.02,15.56,15.6,15.93,-0.33,-2.0716,21575.0,33899.614
301163.SZ,20240906,18.4,18.47,17.81,17.85,18.48,-0.63,-3.4091,11002.05,19888.574
600215.SH,20240906,5.58,5.61,5.4,5.41,5.58,-0.17,-3.0466,55198.51,30297.391
301081.SZ,20240906,6.94,6.96,6.7,6.72,6.93,-0.21,-3.0303,20345.6,13807.084
002225.SZ,20240906,3.2,3.44,3.19,3.32,3.19,0.13,4.0752,450811.01,149281.089
603285.SH,20240906,20.25,20.25,19.59,19.6,20.25,-0.65,-3.2099,27265.43,54071.632
688699.SH,20240906,25.94,25.94,24.57,24.59,25.65,-1.06,-4.1326,6847.97,17097.883
000068.SZ,20240906,2.98,3.03,2.88,2.89,3.03,-0.14,-4.6205,357130.0,104575.256
600168.SH,20240906,3.77,3.79,3.73,3.74,3.76,-0.02,-0.5319,20210.0,7597.906
688709.SH,20240906,14.72,14.72,14.2,14.2,14.72,-0.52,-3.5326,29395.47,42368.249
300166.SZ,20240906,6.39,6.4,6.2,6.21,6.37,-0.16,-2.5118,154945.23,97586.774
002216.SZ,20240906,10.18,10.2,9.76,9.83,10.14,-0.31,-3.0572,46849.3,46517.029
600100.SH,20240906,5.01,5.01,4.88,4.89,4.99,-0.1,-2.004,177030.8,87368.76
600282.SH,20240906,4.27,4.33,4.21,4.22,4.26,-0.04,-0.939,170959.0,73026.87
300547.SZ,20240906,14.67,14.86,13.93,14.0,14.72,-0.72,-4.8913,95628.0,136409.095
002961.SZ,20240906,10.77,11.0,10.61,10.63,10.72,-0.09,-0.8396,41951.25,45215.564
002971.SZ,20240906,15.46,15.49,14.9,14.96,15.46,-0.5,-3.2342,11274.1,17000.141
600714.SH,20240906,7.01,7.04,6.82,6.83,7.0,-0.17,-2.4286,21428.0,14770.316
000691.SZ,20240906,4.01,4.04,3.97,4.02,4.0,0.02,0.5,56348.5,22526.245
300721.SZ,20240906,11.21,11.21,10.82,10.9,11.14,-0.24,-2.1544,38067.6,41668.501
601106.SH,20240906,2.29,2.29,2.25,2.25,2.28,-0.03,-1.3158,155652.08,35271.538
600132.SH,20240906,54.26,54.29,53.17,53.18,54.25,-1.07,-1.9724,16755.0,89830.651
002164.SZ,20240906,3.94,4.01,3.86,3.87,3.92,-0.05,-1.2755,101671.0,39912.09
688131.SH,20240906,24.98,25.18,23.97,24.03,25.13,-1.1,-4.3772,29367.91,71994.385
688252.SH,20240906,16.29,16.44,15.77,15.79,16.27,-0.48,-2.9502,22131.29,35531.132
600439.SH,20240906,2.19,2.23,2.15,2.17,2.22,-0.05,-2.2523,161688.12,35325.164
600869.SH,20240906,3.77,3.77,3.72,3.75,3.76,-0.01,-0.266,168047.0,62809.653
000089.SZ,20240906,6.13,6.15,6.1,6.1,6.13,-0.03,-0.4894,38969.0,23846.894
002121.SZ,20240906,3.52,3.52,3.42,3.43,3.51,-0.08,-2.2792,63072.0,21778.531
000719.SZ,20240906,10.99,11.09,10.84,10.86,10.99,-0.13,-1.1829,60777.11,66551.365
002199.SZ,20240906,6.79,6.88,6.23,6.3,6.88,-0.58,-8.4302,278875.25,180511.408
600506.SH,20240906,11.36,12.3,11.25,11.62,11.2,0.42,3.75,135075.0,158430.27
603978.SH,20240906,11.04,11.16,10.19,10.21,11.32,-1.11,-9.8057,143608.89,151813.468
301050.SZ,20240906,44.18,44.28,42.85,42.94,44.13,-1.19,-2.6966,20329.18,88191.862
000919.SZ,20240906,5.91,5.93,5.82,5.83,5.9,-0.07,-1.1864,27624.02,16209.557
002012.SZ,20240906,3.45,3.45,3.34,3.35,3.45,-0.1,-2.8986,57613.0,19424.787
603798.SH,20240906,7.3,7.35,7.18,7.19,7.3,-0.11,-1.5068,22394.0,16186.603
001296.SZ,20240906,14.06,14.13,13.65,13.76,14.06,-0.3,-2.1337,12190.4,16859.598
603583.SH,20240906,16.18,16.18,15.44,15.47,16.08,-0.61,-3.7935,42476.74,66545.214
300641.SZ,20240906,17.85,20.85,17.85,19.41,17.95,1.46,8.1337,679150.03,1304550.466
301226.SZ,20240906,18.27,18.3,17.56,17.6,18.3,-0.7,-3.8251,27143.2,48540.783
002230.SZ,20240906,34.35,34.76,33.89,34.0,34.25,-0.25,-0.7299,194245.74,667682.294
002322.SZ,20240906,15.11,15.24,14.66,14.69,15.21,-0.52,-3.4188,49048.0,73122.06
002786.SZ,20240906,7.23,7.46,7.05,7.05,7.28,-0.23,-3.1593,443611.52,320079.957
600598.SH,20240906,13.04,13.33,12.99,13.14,13.05,0.09,0.6897,116886.05,153899.045
300002.SZ,20240906,9.17,9.2,8.99,9.01,9.18,-0.17,-1.8519,447231.26,405677.002
600066.SH,20240906,21.01,21.65,20.91,21.16,20.86,0.3,1.4382,178408.11,380168.4
688373.SH,20240906,4.0,4.03,3.9,3.93,4.01,-0.08,-1.995,17359.41,6846.022
002249.SZ,20240906,4.79,4.81,4.72,4.73,4.8,-0.07,-1.4583,161987.2,77023.135
688509.SH,20240906,2.87,2.88,2.78,2.79,2.87,-0.08,-2.7875,48965.08,13808.952
601216.SH,20240906,3.65,3.68,3.62,3.63,3.65,-0.02,-0.5479,332291.0,121225.55
600231.SH,20240906,1.41,1.44,1.41,1.44,1.42,0.02,1.4085,47145.78,6729.268
688608.SH,20240906,144.8,146.84,142.35,143.03,145.6,-2.57,-1.7651,6880.28,98951.957
688787.SH,20240906,43.85,44.6,42.0,42.08,43.87,-1.79,-4.0802,10592.53,45310.827
300810.SZ,20240906,16.09,16.49,15.79,15.86,16.09,-0.23,-1.4295,24897.5,39843.648
688310.SH,20240906,10.73,10.73,9.88,9.95,10.54,-0.59,-5.5977,35080.81,35544.982
300446.SZ,20240906,12.31,12.38,12.03,12.06,12.37,-0.31,-2.5061,82942.0,100984.442
300756.SZ,20240906,12.2,12.2,11.81,11.87,12.05,-0.18,-1.4938,11106.39,13314.65
603408.SH,20240906,11.5,11.56,11.14,11.16,11.53,-0.37,-3.209,25453.86,28817.332
605499.SH,20240906,232.17,233.53,228.5,228.69,232.17,-3.48,-1.4989,5032.0,116193.957
601933.SH,20240906,2.28,2.34,2.27,2.28,2.3,-0.02,-0.8696,1054041.98,242131.981
301265.SZ,20240906,7.9,7.94,7.76,7.76,7.87,-0.11,-1.3977,9881.81,7745.419
601162.SH,20240906,2.5,2.63,2.43,2.63,2.39,0.24,10.0418,8448713.35,2183337.041
603861.SH,20240906,7.68,7.75,7.5,7.52,7.69,-0.17,-2.2107,22148.0,16809.013
300324.SZ,20240906,2.22,2.45,2.2,2.29,2.25,0.04,1.7778,1345719.03,311330.883
000151.SZ,20240906,9.08,9.98,9.01,9.33,9.09,0.24,2.6403,162524.71,152616.362
603190.SH,20240906,19.94,20.41,19.19,19.26,19.89,-0.63,-3.1674,24920.11,49037.434
603601.SH,20240906,2.71,2.72,2.65,2.66,2.71,-0.05,-1.845,70142.6,18786.719
920526.BJ,20240906,16.78,16.95,16.54,16.67,16.78,-0.11,-0.6555,7498.44,12526.697
600114.SH,20240906,15.5,15.78,14.9,14.93,15.5,-0.57,-3.6774,511520.87,779084.698
600127.SH,20240906,6.33,6.36,6.18,6.23,6.37,-0.14,-2.1978,235731.13,147341.35
000813.SZ,20240906,2.54,2.55,2.47,2.47,2.54,-0.07,-2.7559,179104.5,44773.49
000560.SZ,20240906,2.48,2.53,2.43,2.45,2.52,-0.07,-2.7778,1722933.7,425713.251
688777.SH,20240906,39.67,39.79,38.22,38.25,39.67,-1.42,-3.5795,64356.72,250254.064
300419.SZ,20240906,4.85,5.08,4.73,4.74,4.83,-0.09,-1.8634,341030.0,167856.52
600456.SH,20240906,26.48,26.48,25.91,25.91,26.36,-0.45,-1.7071,33834.18,88414.058
601788.SH,20240906,14.88,14.95,14.52,14.54,14.53,0.01,0.0688,244648.46,360020.671
600861.SH,20240906,13.8,13.93,13.49,13.56,13.89,-0.33,-2.3758,22680.0,31027.624
688271.SH,20240906,103.96,105.22,102.75,102.75,103.95,-1.2,-1.1544,12888.66,133854.943
300655.SZ,20240906,6.53,6.62,6.4,6.46,6.54,-0.08,-1.2232,134846.17,87718.8
002148.SZ,20240906,4.67,4.68,4.55,4.56,4.68,-0.12,-2.5641,112928.0,51914.6
603375.SH,20240906,33.53,33.97,32.71,32.77,33.23,-0.46,-1.3843,16816.95,55766.531
000826.SZ,20240906,1.49,1.5,1.44,1.45,1.49,-0.04,-2.6846,132899.0,19466.178
002654.SZ,20240906,9.36,9.39,9.1,9.1,9.38,-0.28,-2.9851,182549.48,168059.911
001333.SZ,20240906,16.12,16.18,15.77,15.79,16.04,-0.25,-1.5586,2993.0,4776.296
301001.SZ,20240906,18.74,19.81,18.74,18.99,19.16,-0.17,-0.8873,42886.07,82422.099
000790.SZ,20240906,3.48,3.58,3.4,3.4,3.46,-0.06,-1.7341,98271.15,34175.444
300029.SZ,20240906,4.04,4.12,3.95,3.96,4.07,-0.11,-2.7027,26111.49,10566.981
688255.SH,20240906,18.19,18.3,17.57,17.61,18.11,-0.5,-2.7609,3403.79,6086.826
601328.SH,20240906,6.8,6.92,6.79,6.8,6.8,0.0,0.0,1256434.56,860377.167
601997.SH,20240906,4.91,4.95,4.87,4.88,4.9,-0.02,-0.4082,223888.09,110009.373
301057.SZ,20240906,11.83,12.02,11.55,11.98,11.84,0.14,1.1824,51519.88,61002.208
605318.SH,20240906,16.36,16.71,16.1,16.12,16.48,-0.36,-2.1845,9471.0,15536.413
688370.SH,20240906,15.81,15.87,15.64,15.65,15.87,-0.22,-1.3863,1425.37,2245.362
301278.SZ,20240906,34.18,34.7,32.75,33.05,34.83,-1.78,-5.1105,41555.76,139320.024
688548.SH,20240906,7.18,7.18,7.08,7.08,7.17,-0.09,-1.2552,23018.28,16363.26
002599.SZ,20240906,4.89,4.9,4.76,4.78,4.87,-0.09,-1.848,76745.0,36887.82
601901.SH,20240906,7.08,7.14,6.91,6.91,6.87,0.04,0.5822,1022890.48,717165.218
688217.SH,20240906,14.41,14.41,13.82,13.84,14.22,-0.38,-2.6723,7936.79,11109.753
000803.SZ,20240906,3.23,3.26,3.15,3.15,3.23,-0.08,-2.4768,26528.0,8463.89
002140.SZ,20240906,6.6,6.62,6.51,6.52,6.61,-0.09,-1.3616,29872.0,19607.925
600496.SH,20240906,2.44,2.47,2.41,2.42,2.43,-0.01,-0.4115,113763.64,27724.762
301106.SZ,20240906,28.89,28.89,27.93,28.04,28.46,-0.42,-1.4758,10504.2,29582.677
300441.SZ,20240906,6.29,6.3,6.13,6.13,6.3,-0.17,-2.6984,67473.0,41850.347
920931.BJ,20240906,6.73,6.73,6.6,6.6,6.69,-0.09,-1.3453,3830.75,2547.684
300928.SZ,20240906,30.1,30.92,29.41,29.51,30.1,-0.59,-1.9601,15381.75,46223.235
600348.SH,20240906,6.98,6.99,6.9,6.9,7.0,-0.1,-1.4286,179016.34,124076.037
300622.SZ,20240906,25.1,25.62,24.37,24.45,25.25,-0.8,-3.1683,180607.44,448499.886
300351.SZ,20240906,14.42,14.57,13.95,13.98,14.46,-0.48,-3.3195,80460.0,114455.419
688786.SH,20240906,20.58,20.61,19.91,19.92,20.58,-0.66,-3.207,4372.2,8819.328
300031.SZ,20240906,15.25,15.38,15.03,15.1,15.25,-0.15,-0.9836,103346.5,156842.278
300816.SZ,20240906,18.86,18.86,18.12,18.12,18.75,-0.63,-3.36,16650.0,30686.508
920455.BJ,20240906,3.86,3.86,3.79,3.79,3.85,-0.06,-1.5584,2192.68,835.553
600977.SH,20240906,9.97,9.97,9.76,9.81,9.85,-0.04,-0.4061,46696.0,45880.191
002290.SZ,20240906,11.63,11.68,11.21,11.25,11.67,-0.42,-3.599,15971.0,18173.025
300498.SZ,20240906,16.8,16.92,16.6,16.66,16.83,-0.17,-1.0101,148347.63,248515.914
688167.SH,20240906,44.0,44.0,41.82,41.93,43.99,-2.06,-4.6829,13935.81,59414.976
600612.SH,20240906,52.36,52.36,51.2,51.29,52.33,-1.04,-1.9874,8607.42,44414.898
600327.SH,20240906,3.3,3.31,3.23,3.25,3.3,-0.05,-1.5152,58853.2,19248.022
301310.SZ,20240906,22.19,22.24,21.39,21.45,22.25,-0.8,-3.5955,13588.22,29515.89
603716.SH,20240906,6.0,6.04,5.81,5.85,6.03,-0.18,-2.9851,101965.0,60070.21
002422.SZ,20240906,31.6,32.37,31.45,31.55,31.63,-0.08,-0.2529,58831.28,187923.893
300226.SZ,20240906,15.9,16.07,15.41,15.5,15.82,-0.32,-2.0228,62719.45,98604.51
603679.SH,20240906,11.14,11.22,10.69,10.72,11.14,-0.42,-3.7702,56104.0,61095.705
688196.SH,20240906,20.2,20.29,19.56,19.59,20.2,-0.61,-3.0198,4539.98,8986.97
688333.SH,20240906,43.51,44.38,42.0,42.47,43.54,-1.07,-2.4575,15945.9,68248.372
688010.SH,20240906,14.17,14.26,13.7,13.75,14.29,-0.54,-3.7789,5026.26,6978.549
002075.SZ,20240906,5.03,5.03,4.89,4.94,5.05,-0.11,-2.1782,494337.0,244540.436
002134.SZ,20240906,8.07,8.12,7.74,7.74,8.07,-0.33,-4.0892,76083.0,59777.115
600884.SH,20240906,7.31,7.35,7.15,7.15,7.34,-0.19,-2.5886,104798.7,75605.903
003020.SZ,20240906,18.7,18.94,18.22,18.29,18.7,-0.41,-2.1925,6002.26,11095.749
688133.SH,20240906,16.14,16.15,15.68,15.68,16.15,-0.47,-2.9102,10032.39,15916.362
300597.SZ,20240906,7.3,7.3,7.04,7.06,7.32,-0.26,-3.5519,71739.0,51302.902
002298.SZ,20240906,3.76,3.77,3.63,3.64,3.74,-0.1,-2.6738,120620.0,44489.4
600881.SH,20240906,1.03,1.05,1.02,1.04,1.03,0.01,0.9709,253444.51,26263.448
002374.SZ,20240906,1.78,1.79,1.74,1.75,1.78,-0.03,-1.6854,73688.2,13006.362
688389.SH,20240906,13.53,13.57,12.7,12.72,13.44,-0.72,-5.3571,49535.16,64087.324
002326.SZ,20240906,7.82,7.88,7.72,7.73,7.85,-0.12,-1.5287,40247.0,31401.72
300481.SZ,20240906,13.12,13.49,12.74,13.29,13.14,0.15,1.1416,131175.05,172045.056
603881.SH,20240906,13.02,13.1,12.8,12.94,13.02,-0.08,-0.6144,49326.11,63761.117
300005.SZ,20240906,5.21,5.27,5.02,5.04,5.22,-0.18,-3.4483,187244.0,95601.108
300588.SZ,20240906,8.52,8.82,8.43,8.57,8.57,0.0,0.0,150966.56,130440.48
603699.SH,20240906,18.85,18.97,18.51,18.84,18.87,-0.03,-0.159,31304.0,58674.626
603817.SH,20240906,4.64,4.69,4.6,4.62,4.65,-0.03,-0.6452,32263.0,14965.759
002649.SZ,20240906,8.17,8.17,7.98,8.03,8.16,-0.13,-1.5931,73673.0,59395.156
002999.SZ,20240906,5.05,5.07,4.98,4.99,5.05,-0.06,-1.1881,26102.0,13090.398
002040.SZ,20240906,5.43,5.51,5.4,5.44,5.42,0.02,0.369,27746.0,15154.711
002420.SZ,20240906,4.8,4.83,4.67,4.67,4.78,-0.11,-2.3013,75095.0,35476.838
300052.SZ,20240906,10.95,11.04,10.75,10.78,10.94,-0.16,-1.4625,49617.0,53788.973
300369.SZ,20240906,5.33,5.39,5.16,5.18,5.35,-0.17,-3.1776,320056.9,167712.441
688500.SH,20240906,32.51,33.0,32.26,32.45,32.51,-0.06,-0.1846,5206.56,16946.731
300113.SZ,20240906,10.65,10.77,10.36,10.4,10.7,-0.3,-2.8037,114482.0,120342.434
002043.SZ,20240906,9.76,9.85,9.62,9.64,9.85,-0.21,-2.132,46435.0,45181.955
002989.SZ,20240906,19.0,19.95,17.78,17.81,18.14,-0.33,-1.8192,197690.4,378809.839
603219.SH,20240906,14.5,14.6,14.18,14.38,14.45,-0.07,-0.4844,27266.89,39190.898
688251.SH,20240906,14.5,14.56,13.8,13.88,14.56,-0.68,-4.6703,19084.98,27043.41
003000.SZ,20240906,11.18,11.21,10.87,10.9,11.23,-0.33,-2.9386,34231.0,37712.004
605179.SH,20240906,8.93,8.95,8.71,8.72,8.9,-0.18,-2.0225,13337.32,11738.177
301325.SZ,20240906,37.55,38.09,34.8,34.88,35.84,-0.96,-2.6786,41787.09,149226.762
603529.SH,20240906,32.41,32.68,31.4,31.46,32.33,-0.87,-2.691,48553.35,154815.708
688257.SH,20240906,14.14,14.39,13.72,13.72,14.1,-0.38,-2.695,5513.62,7689.431
688331.SH,20240906,25.55,25.78,24.5,24.55,25.55,-1.0,-3.9139,25734.14,64182.7
300808.SZ,20240906,15.95,16.02,15.61,15.62,15.95,-0.33,-2.069,6358.0,10029.799
300988.SZ,20240906,16.23,16.27,15.68,15.68,16.24,-0.56,-3.4483,21635.0,34387.496
300960.SZ,20240906,18.76,19.15,18.31,18.31,18.76,-0.45,-2.3987,29885.0,55918.929
600182.SH,20240906,13.16,13.16,12.95,12.95,13.12,-0.17,-1.2957,6199.0,8098.027
300698.SZ,20240906,32.6,32.6,31.09,31.09,32.2,-1.11,-3.4472,8376.0,26393.106
600760.SH,20240906,41.15,41.36,40.66,40.8,41.11,-0.31,-0.7541,40665.75,166489.155
920522.BJ,20240906,13.7,13.79,13.26,13.37,13.68,-0.31,-2.2661,15039.75,20267.708
002383.SZ,20240906,6.99,7.21,6.6,6.68,6.55,0.13,1.9847,1084996.25,757404.99
300968.SZ,20240906,9.35,9.36,9.0,9.02,9.38,-0.36,-3.838,103987.05,94941.279
003035.SZ,20240906,4.05,4.06,4.01,4.02,4.05,-0.03,-0.7407,43318.0,17467.292
688450.SH,20240906,18.19,18.45,17.73,17.75,18.39,-0.64,-3.4802,1865.17,3358.612
920885.BJ,20240906,5.33,5.41,5.27,5.32,5.33,-0.01,-0.1876,8296.03,4412.125
920719.BJ,20240906,6.84,6.9,6.73,6.73,6.81,-0.08,-1.1747,8938.09,6104.513
600606.SH,20240906,1.4,1.41,1.36,1.38,1.4,-0.02,-1.4286,401292.14,55464.917
300457.SZ,20240906,14.25,14.34,13.9,13.9,14.34,-0.44,-3.0683,125183.3,176019.881
002286.SZ,20240906,5.95,6.02,5.8,5.83,5.99,-0.16,-2.6711,43466.5,25580.627
002014.SZ,20240906,8.54,8.54,8.31,8.33,8.53,-0.2,-2.3447,26369.0,22078.743
688288.SH,20240906,12.65,12.78,12.15,12.24,12.65,-0.41,-3.2411,13686.41,16959.6
301509.SZ,20240906,26.53,26.73,25.72,25.72,26.72,-1.0,-3.7425,16274.67,42532.579
600505.SH,20240906,8.23,8.24,8.05,8.06,8.22,-0.16,-1.9465,50597.0,41116.309
002996.SZ,20240906,5.14,5.24,5.1,5.11,5.22,-0.11,-2.1073,37150.74,19165.298
920639.BJ,20240906,3.84,3.84,3.77,3.78,3.8,-0.02,-0.5263,1515.14,573.492
603799.SH,20240906,23.18,23.18,22.55,22.57,22.9,-0.33,-1.441,154458.68,350601.795
600809.SH,20240906,167.62,168.2,163.8,163.99,168.2,-4.21,-2.503,25023.8,414467.977
300003.SZ,20240906,9.74,9.76,9.46,9.47,9.74,-0.27,-2.7721,199858.0,191376.109
300981.SZ,20240906,10.21,10.33,10.0,10.04,10.22,-0.18,-1.7613,28401.2,28740.755
002540.SZ,20240906,4.92,4.95,4.86,4.87,4.94,-0.07,-1.417,57414.66,28110.429
600748.SH,20240906,2.45,2.48,2.44,2.45,2.46,-0.01,-0.4065,41350.0,10175.1
603899.SH,20240906,26.4,26.65,26.08,26.11,26.39,-0.28,-1.061,22008.59,57949.843
600459.SH,20240906,12.17,12.17,12.0,12.01,12.12,-0.11,-0.9076,30773.24,37071.694
600769.SH,20240906,6.42,6.99,6.37,6.8,6.42,0.38,5.919,102476.0,67419.284
603324.SH,20240906,23.31,23.49,22.74,22.92,23.53,-0.61,-2.5924,41517.2,95479.228
002855.SZ,20240906,18.87,19.18,18.35,18.52,18.84,-0.32,-1.6985,110471.81,207394.183
300344.SZ,20240906,3.31,3.31,3.21,3.21,3.3,-0.09,-2.7273,84972.0,27708.481
600498.SH,20240906,14.27,14.41,14.0,14.0,14.32,-0.32,-2.2346,76917.5,108545.313
002451.SZ,20240906,5.03,5.08,4.93,4.93,5.05,-0.12,-2.3762,43116.0,21479.54
600293.SH,20240906,2.41,2.41,2.37,2.39,2.4,-0.01,-0.4167,46229.0,11040.639
300466.SZ,20240906,6.1,6.14,6.01,6.02,6.12,-0.1,-1.634,76199.93,46172.758
000802.SZ,20240906,4.86,4.92,4.85,4.86,4.88,-0.02,-0.4098,24084.02,11752.218
301200.SZ,20240906,28.95,28.95,28.26,28.28,28.93,-0.65,-2.2468,3729.0,10614.077
603637.SH,20240906,6.02,6.04,5.86,5.87,6.0,-0.13,-2.1667,13604.0,8079.501
002514.SZ,20240906,4.89,4.89,4.48,4.52,4.9,-0.38,-7.7551,845108.64,388814.866
002558.SZ,20240906,9.39,9.52,9.2,9.33,9.4,-0.07,-0.7447,279785.55,261745.523
600169.SH,20240906,1.82,1.82,1.78,1.79,1.81,-0.02,-1.105,122897.0,22152.388
002133.SZ,20240906,2.09,2.11,2.04,2.05,2.09,-0.04,-1.9139,86294.0,17867.471
002107.SZ,20240906,3.87,3.91,3.8,3.81,3.88,-0.07,-1.8041,28092.0,10805.894
300925.SZ,20240906,10.88,11.2,10.33,10.4,10.59,-0.19,-1.7941,355861.08,383992.131
688175.SH,20240906,11.76,11.79,11.41,11.46,11.76,-0.3,-2.551,5410.86,6243.185
920405.BJ,20240906,9.55,9.55,9.0,9.35,9.58,-0.23,-2.4008,4040.26,3714.64
301314.SZ,20240906,30.55,30.65,29.56,29.56,30.57,-1.01,-3.3039,8666.1,26015.919
605180.SH,20240906,11.21,11.22,10.81,10.82,11.2,-0.38,-3.3929,14989.0,16403.676
603683.SH,20240906,8.04,8.04,7.55,7.58,8.04,-0.46,-5.7214,158987.77,123624.689
301055.SZ,20240906,11.33,11.33,10.93,11.1,11.35,-0.25,-2.2026,13459.0,14907.24
688656.SH,20240906,23.49,23.5,22.22,22.26,23.04,-0.78,-3.3854,2192.92,5000.606
000751.SZ,20240906,2.5,2.52,2.48,2.49,2.5,-0.01,-0.4,61010.67,15258.71
601038.SH,20240906,15.65,15.68,15.32,15.32,15.64,-0.32,-2.046,27247.6,42096.102
002285.SZ,20240906,1.89,1.95,1.87,1.89,1.95,-0.06,-3.0769,944303.36,179380.254
600303.SH,20240906,2.45,2.53,2.44,2.47,2.46,0.01,0.4065,106398.0,26425.044
002750.SZ,20240906,2.24,2.35,2.16,2.17,2.27,-0.1,-4.4053,188573.76,42102.791
603040.SH,20240906,20.07,20.39,19.7,19.81,20.22,-0.41,-2.0277,10306.21,20604.35
688468.SH,20240906,5.83,5.87,5.69,5.7,5.84,-0.14,-2.3973,32067.03,18437.381
300614.SZ,20240906,8.66,8.8,8.48,8.58,8.67,-0.09,-1.0381,17826.0,15351.387
301087.SZ,20240906,33.1,33.1,31.9,31.95,32.94,-0.99,-3.0055,12340.8,39820.983
000338.SZ,20240906,12.74,12.81,12.49,12.5,12.76,-0.26,-2.0376,459335.19,579730.381
002173.SZ,20240906,6.23,6.24,6.0,6.06,6.19,-0.13,-2.1002,74376.0,45322.045
300731.SZ,20240906,14.54,14.54,14.0,14.0,14.55,-0.55,-3.7801,32867.0,46639.587
600513.SH,20240906,8.3,8.35,8.15,8.16,8.34,-0.18,-2.1583,23944.04,19729.687
000965.SZ,20240906,2.56,2.57,2.52,2.53,2.56,-0.03,-1.1719,100224.0,25442.841
603230.SH,20240906,10.25,10.45,10.19,10.24,10.29,-0.05,-0.4859,19417.0,20028.102
603551.SH,20240906,9.52,9.6,9.37,9.4,9.5,-0.1,-1.0526,5498.0,5185.607
301176.SZ,20240906,17.55,17.65,16.59,16.66,17.5,-0.84,-4.8,48295.31,81665.552
002602.SZ,20240906,3.37,3.39,3.31,3.34,3.38,-0.04,-1.1834,807359.06,269523.518
603061.SH,20240906,60.6,60.79,58.75,59.0,60.6,-1.6,-2.6403,8287.0,49250.967
688680.SH,20240906,26.38,26.38,25.18,25.26,26.43,-1.17,-4.4268,12134.65,31061.779
603136.SH,20240906,10.34,10.55,10.26,10.28,10.4,-0.12,-1.1538,41458.06,42983.384
688185.SH,20240906,40.23,40.39,39.01,39.11,40.18,-1.07,-2.663,8049.95,31774.17
002097.SZ,20240906,5.56,5.6,5.45,5.45,5.58,-0.13,-2.3297,84243.0,46557.382
000885.SZ,20240906,10.56,10.6,10.48,10.48,10.58,-0.1,-0.9452,13126.0,13824.068
002947.SZ,20240906,33.23,33.7,32.5,32.72,33.16,-0.44,-1.3269,61653.57,203890.262
603565.SH,20240906,7.93,7.93,7.71,7.75,7.92,-0.17,-2.1465,86126.99,67279.319
688045.SH,20240906,23.38,23.39,22.11,22.18,23.38,-1.2,-5.1326,9457.22,21388.973
002438.SZ,20240906,10.16,10.16,9.94,9.95,10.09,-0.14,-1.3875,25193.0,25199.412
001223.SZ,20240906,31.9,32.05,30.97,30.97,32.06,-1.09,-3.3999,4915.0,15424.413
002414.SZ,20240906,6.1,6.1,5.95,5.95,6.08,-0.13,-2.1382,170027.45,102020.596
301552.SZ,20240906,44.66,47.18,44.42,45.44,44.16,1.28,2.8986,45441.47,208546.904
002445.SZ,20240906,1.64,1.65,1.63,1.64,1.63,0.01,0.6135,93180.0,15274.424
300403.SZ,20240906,6.45,6.47,6.32,6.32,6.44,-0.12,-1.8634,65558.0,41810.51
603730.SH,20240906,9.35,9.51,9.25,9.3,9.35,-0.05,-0.5348,42695.22,40077.598
600237.SH,20240906,4.76,4.77,4.63,4.63,4.75,-0.12,-2.5263,100021.0,46792.001
920981.BJ,20240906,15.01,15.09,14.14,14.4,15.24,-0.84,-5.5118,44083.59,63937.73
300627.SZ,20240906,29.18,29.34,28.78,28.92,29.19,-0.27,-0.925,42884.03,124550.882
300578.SZ,20240906,13.61,13.73,13.17,13.23,13.52,-0.29,-2.145,33253.0,44422.114
300696.SZ,20240906,12.81,12.88,12.26,12.3,12.73,-0.43,-3.3778,34961.0,43554.921
600115.SH,20240906,3.75,3.77,3.72,3.73,3.75,-0.02,-0.5333,238680.61,89335.635
600797.SH,20240906,4.74,4.75,4.64,4.65,4.72,-0.07,-1.4831,66265.0,31095.133
600299.SH,20240906,10.17,10.31,10.14,10.15,10.18,-0.03,-0.2947,57745.0,59064.485
300917.SZ,20240906,30.3,31.3,30.05,30.43,30.99,-0.56,-1.807,101015.1,307572.809
600048.SH,20240906,7.74,7.76,7.68,7.69,7.79,-0.1,-1.2837,705935.44,544099.439
301428.SZ,20240906,25.5,26.53,25.5,25.58,26.04,-0.46,-1.7665,24676.9,64174.903
601000.SH,20240906,5.0,5.08,4.87,4.88,5.0,-0.12,-2.4,206081.28,102321.977
002859.SZ,20240906,16.86,17.0,16.31,16.36,16.85,-0.49,-2.908,29778.0,49281.204
600405.SH,20240906,3.52,3.53,3.44,3.44,3.51,-0.07,-1.9943,35146.0,12204.37
001299.SZ,20240906,11.17,11.27,11.0,11.02,11.2,-0.18,-1.6071,9110.27,10112.201
002983.SZ,20240906,17.0,17.0,16.11,16.32,17.05,-0.73,-4.2815,59116.48,96857.874
300669.SZ,20240906,12.55,12.57,12.21,12.47,12.55,-0.08,-0.6375,5914.5,7312.835
301395.SZ,20240906,9.54,9.54,9.2,9.24,9.45,-0.21,-2.2222,10582.21,9873.415
002612.SZ,20240906,13.05,13.14,12.84,12.85,13.05,-0.2,-1.5326,23224.0,30003.404
688410.SH,20240906,8.68,8.68,8.14,8.18,8.61,-0.43,-4.9942,53374.06,44375.393
002431.SZ,20240906,1.52,1.53,1.48,1.5,1.52,-0.02,-1.3158,78495.0,11819.257
300586.SZ,20240906,6.17,6.21,6.1,6.14,6.18,-0.04,-0.6472,75610.3,46481.666
300740.SZ,20240906,10.57,10.59,10.24,10.28,10.54,-0.26,-2.4668,40985.0,42546.868
301230.SZ,20240906,20.32,20.41,19.64,19.64,20.3,-0.66,-3.2512,14534.87,28928.238
000980.SZ,20240906,1.55,1.69,1.54,1.61,1.57,0.04,2.5478,2445484.92,396016.055
300314.SZ,20240906,9.73,9.79,9.35,9.38,9.71,-0.33,-3.3986,23253.0,22129.137
601858.SH,20240906,17.04,17.18,16.8,16.84,17.16,-0.32,-1.8648,29915.3,50841.127
002475.SZ,20240906,37.21,37.23,35.9,35.9,37.23,-1.33,-3.5724,542165.5,1966184.557
600712.SH,20240906,3.42,3.52,3.42,3.48,3.42,0.06,1.7544,146657.8,51060.164
603876.SH,20240906,9.0,9.07,8.78,8.8,9.01,-0.21,-2.3307,46099.2,40868.958
600329.SH,20240906,28.23,28.58,27.95,27.97,28.22,-0.25,-0.8859,25831.0,72761.249
000008.SZ,20240906,1.95,1.98,1.94,1.96,1.94,0.02,1.0309,152935.0,29963.588
688552.SH,20240906,13.13,13.13,12.78,12.8,13.13,-0.33,-2.5133,9956.26,12856.204
001322.SZ,20240906,7.22,7.27,7.03,7.05,7.24,-0.19,-2.6243,18844.02,13416.201
000887.SZ,20240906,11.88,11.96,11.7,11.71,11.87,-0.16,-1.3479,96062.35,113659.016
920198.BJ,20240906,4.93,5.03,4.87,4.92,4.95,-0.03,-0.6061,6971.09,3451.706
002408.SZ,20240906,5.13,5.17,5.03,5.04,5.15,-0.11,-2.1359,81952.14,41669.392
002053.SZ,20240906,10.4,10.48,10.33,10.34,10.4,-0.06,-0.5769,39203.09,40681.771
688766.SH,20240906,64.3,64.72,61.16,61.34,64.3,-2.96,-4.6034,13258.25,82438.12
301257.SZ,20240906,25.19,25.3,23.9,24.0,25.19,-1.19,-4.7241,14187.9,34572.755
300540.SZ,20240906,18.67,18.67,18.24,18.29,18.66,-0.37,-1.9829,9275.0,17078.85
001914.SZ,20240906,8.65,8.72,8.53,8.58,8.71,-0.13,-1.4925,51329.0,44086.599
601567.SH,20240906,32.92,33.07,32.15,32.3,32.92,-0.62,-1.8834,61082.15,198454.99
688621.SH,20240906,32.4,32.45,30.68,30.7,32.45,-1.75,-5.3929,27794.83,86884.519
002031.SZ,20240906,2.3,2.32,2.28,2.29,2.3,-0.01,-0.4348,261977.0,60216.765
002120.SZ,20240906,7.58,7.6,7.33,7.36,7.56,-0.2,-2.6455,246838.0,183999.123
600021.SH,20240906,8.47,8.53,8.4,8.4,8.49,-0.09,-1.0601,86716.47,73374.126
002545.SZ,20240906,6.01,6.04,5.93,5.94,6.02,-0.08,-1.3289,50245.0,30017.901
301017.SZ,20240906,14.55,15.23,12.68,13.56,13.98,-0.42,-3.0043,325113.38,443609.348
600731.SH,20240906,4.65,4.72,4.63,4.64,4.68,-0.04,-0.8547,25656.0,11983.259
688630.SH,20240906,52.68,52.8,51.58,51.68,52.7,-1.02,-1.9355,8543.21,44459.041
688606.SH,20240906,57.88,58.54,57.08,57.96,57.91,0.05,0.0863,3998.26,23254.505
300388.SZ,20240906,5.5,5.56,5.48,5.49,5.51,-0.02,-0.363,20963.39,11588.988
920002.BJ,20240906,41.97,42.48,41.33,41.39,41.87,-0.48,-1.1464,2339.07,9785.883
600109.SH,20240906,7.29,7.34,7.12,7.13,7.13,0.0,0.0,289204.53,208593.448
300879.SZ,20240906,14.11,14.19,13.42,13.49,14.2,-0.71,-5.0,97074.94,133623.865
000697.SZ,20240906,5.5,5.53,5.41,5.41,5.5,-0.09,-1.6364,46648.0,25482.16
600793.SH,20240906,8.92,8.99,8.78,8.78,8.92,-0.14,-1.5695,4164.0,3681.753
605111.SH,20240906,28.42,28.75,27.68,27.68,28.44,-0.76,-2.6723,86085.4,241754.664
301285.SZ,20240906,22.62,22.8,22.3,22.45,22.58,-0.13,-0.5757,12695.94,28586.326
301182.SZ,20240906,21.3,21.31,20.3,20.47,21.51,-1.04,-4.835,60798.9,125920.626
601179.SH,20240906,6.99,7.03,6.91,6.92,6.99,-0.07,-1.0014,226401.0,157570.299
002025.SZ,20240906,46.69,47.0,46.5,46.55,46.78,-0.23,-0.4917,11814.72,55134.008
920670.BJ,20240906,9.19,9.26,9.05,9.06,9.19,-0.13,-1.4146,4862.53,4433.129
688687.SH,20240906,20.98,20.98,20.1,20.35,20.78,-0.43,-2.0693,24582.83,50296.103
300189.SZ,20240906,2.16,2.23,2.14,2.14,2.17,-0.03,-1.3825,419379.0,91435.516
600322.SH,20240906,1.31,1.32,1.28,1.3,1.31,-0.01,-0.7634,209339.82,27209.43
600981.SH,20240906,1.64,1.69,1.63,1.64,1.64,0.0,0.0,93037.1,15454.631
000020.SZ,20240906,11.68,11.94,11.29,11.32,12.07,-0.75,-6.2138,175360.0,201892.654
301217.SZ,20240906,9.06,9.06,8.85,8.85,9.06,-0.21,-2.3179,40532.03,36256.029
300420.SZ,20240906,2.18,2.18,2.12,2.14,2.17,-0.03,-1.3825,73034.4,15686.752
600798.SH,20240906,2.64,2.65,2.62,2.62,2.63,-0.01,-0.3802,30226.0,7962.317
688681.SH,20240906,8.97,9.01,8.73,8.75,8.93,-0.18,-2.0157,13405.87,11842.644
300440.SZ,20240906,5.19,5.2,5.05,5.06,5.18,-0.12,-2.3166,45340.0,23177.801
688521.SH,20240906,27.39,27.45,26.51,26.51,27.35,-0.84,-3.0713,30963.7,82985.482
600309.SH,20240906,70.8,71.53,70.42,70.6,70.8,-0.2,-0.2825,75826.45,537838.98
000799.SZ,20240906,35.97,36.25,35.55,35.59,36.0,-0.41,-1.1389,25710.01,92350.627
002392.SZ,20240906,3.15,3.18,3.09,3.1,3.16,-0.06,-1.8987,96564.0,30169.588
002239.SZ,20240906,2.36,2.37,2.33,2.34,2.37,-0.03,-1.2658,221131.11,51919.45
603373.SH,20240906,26.85,26.89,25.79,25.8,26.54,-0.74,-2.7882,16820.66,44224.039
601528.SH,20240906,4.55,4.59,4.54,4.55,4.55,0.0,0.0,110458.9,50452.165
300971.SZ,20240906,18.5,18.52,17.56,17.61,18.47,-0.86,-4.6562,31278.5,56052.767
300343.SZ,20240906,4.63,4.67,4.55,4.56,4.67,-0.11,-2.3555,222428.8,102218.647
601066.SH,20240906,19.58,19.98,19.24,19.28,19.1,0.18,0.9424,203975.22,400019.882
300766.SZ,20240906,9.92,9.99,9.68,9.76,10.03,-0.27,-2.6919,137151.21,134677.506
000975.SZ,20240906,15.43,15.84,15.38,15.76,15.44,0.32,2.0725,239288.69,375745.936
300033.SZ,20240906,102.5,103.5,99.46,99.6,100.94,-1.34,-1.3275,65754.62,667032.214
603213.SH,20240906,7.54,7.57,7.45,7.47,7.53,-0.06,-0.7968,15435.0,11592.311
300640.SZ,20240906,4.11,4.11,3.97,3.98,4.11,-0.13,-3.163,40433.0,16247.503
600495.SH,20240906,3.12,3.18,3.12,3.15,3.14,0.01,0.3185,85843.98,27052.085
300477.SZ,20240906,2.38,2.4,2.3,2.3,2.39,-0.09,-3.7657,207515.0,48486.414
920592.BJ,20240906,18.0,19.5,16.9,17.06,16.66,0.4,2.401,64356.69,115880.213
600172.SH,20240906,2.0,2.0,1.97,1.97,2.0,-0.03,-1.5,89675.48,17782.477
000040.SZ,20240906,1.35,1.43,1.35,1.4,1.36,0.04,2.9412,1237394.43,171601.973
301079.SZ,20240906,14.65,15.19,14.34,14.38,14.43,-0.05,-0.3465,97226.34,143107.923
600577.SH,20240906,4.23,4.24,4.06,4.07,4.23,-0.16,-3.7825,436402.62,179411.102
603020.SH,20240906,6.41,6.41,6.29,6.31,6.41,-0.1,-1.5601,15837.0,10050.963
000710.SZ,20240906,7.14,7.19,6.95,6.96,7.13,-0.17,-2.3843,56846.99,40002.534
600458.SH,20240906,8.9,8.91,8.72,8.73,8.89,-0.16,-1.7998,52004.83,45631.662
600941.SH,20240906,101.67,102.5,101.45,101.9,101.66,0.24,0.2361,60265.42,615477.718
600638.SH,20240906,3.85,3.93,3.82,3.83,3.85,-0.02,-0.5195,62812.8,24293.858
603517.SH,20240906,12.65,12.65,12.32,12.34,12.61,-0.27,-2.1412,71645.0,89190.619
600135.SH,20240906,5.5,5.78,5.27,5.35,5.62,-0.27,-4.8043,369782.75,202699.903
688037.SH,20240906,59.35,59.35,56.83,56.93,59.33,-2.4,-4.0452,31051.05,179363.575
603199.SH,20240906,34.03,34.99,33.82,34.19,33.76,0.43,1.2737,19831.03,68407.724
000933.SZ,20240906,13.97,13.98,13.5,13.52,13.97,-0.45,-3.2212,329638.11,449761.592
603585.SH,20240906,10.8,10.86,10.65,10.69,10.87,-0.18,-1.6559,5194.6,5576.082
300735.SZ,20240906,18.12,18.62,17.55,17.81,18.19,-0.38,-2.0891,306789.35,553632.188
002819.SZ,20240906,22.91,23.45,22.8,23.43,23.17,0.26,1.1221,108912.0,252404.201
600886.SH,20240906,15.79,16.1,15.73,15.79,15.72,0.07,0.4453,185733.39,296462.159
002600.SZ,20240906,7.39,7.53,7.17,7.21,7.38,-0.17,-2.3035,2557756.94,1869510.018
002042.SZ,20240906,3.03,3.04,2.95,2.96,3.04,-0.08,-2.6316,145780.0,43567.169
301273.SZ,20240906,14.81,14.82,14.15,14.27,14.73,-0.46,-3.1229,7032.61,10159.077
002957.SZ,20240906,13.01,13.1,12.8,12.81,13.11,-0.3,-2.2883,36943.0,47691.731
300587.SZ,20240906,3.73,3.76,3.62,3.62,3.73,-0.11,-2.9491,85316.61,31215.396
688025.SH,20240906,34.9,35.29,33.55,33.65,34.87,-1.22,-3.4987,13057.85,44303.446
002887.SZ,20240906,5.65,5.66,5.55,5.56,5.65,-0.09,-1.5929,25642.7,14339.475
603118.SH,20240906,6.96,6.99,6.52,6.56,7.03,-0.47,-6.6856,425396.9,284202.541
002561.SZ,20240906,7.25,7.8,7.2,7.37,7.26,0.11,1.5152,214891.22,160318.566
301177.SZ,20240906,18.65,18.88,18.34,18.4,18.83,-0.43,-2.2836,6397.0,11876.049
600267.SH,20240906,7.37,7.41,7.21,7.22,7.36,-0.14,-1.9022,57770.0,41946.481
001337.SZ,20240906,21.39,21.58,21.3,21.45,21.39,0.06,0.2805,20214.66,43348.638
920089.BJ,20240906,8.46,8.55,8.37,8.44,8.47,-0.03,-0.3542,1215.92,1030.149
920087.BJ,20240906,5.55,5.58,5.29,5.3,5.54,-0.24,-4.3321,24957.35,13427.71
600909.SH,20240906,4.46,4.48,4.34,4.36,4.34,0.02,0.4608,368357.65,162012.674
002670.SZ,20240906,9.36,9.56,9.05,9.06,9.1,-0.04,-0.4396,626361.16,580600.168
601139.SH,20240906,6.62,6.73,6.61,6.62,6.63,-0.01,-0.1508,80729.66,53841.219
300301.SZ,20240906,1.25,1.26,1.22,1.23,1.26,-0.03,-2.381,80208.0,9950.231
001373.SZ,20240906,25.81,26.1,24.78,25.04,26.32,-1.28,-4.8632,26865.54,67992.163
002771.SZ,20240906,17.26,17.3,16.7,16.74,17.3,-0.56,-3.237,149603.25,253341.16
920634.BJ,20240906,9.42,9.46,9.31,9.34,9.44,-0.1,-1.0593,4317.51,4040.658
603970.SH,20240906,12.84,12.84,12.45,12.47,12.8,-0.33,-2.5781,13193.0,16608.886
300648.SZ,20240906,17.92,17.95,17.2,17.23,17.72,-0.49,-2.7652,29741.9,51817.13
002315.SZ,20240906,24.9,25.06,24.29,24.31,24.85,-0.54,-2.173,39947.0,98175.797
002548.SZ,20240906,3.72,3.72,3.62,3.63,3.7,-0.07,-1.8919,59381.3,21722.038
600336.SH,20240906,4.56,4.61,4.5,4.52,4.6,-0.08,-1.7391,80894.0,36797.952
600489.SH,20240906,12.56,12.77,12.55,12.58,12.55,0.03,0.239,467172.8,590541.536
301318.SZ,20240906,25.17,25.24,24.2,24.22,25.19,-0.97,-3.8507,15001.72,36783.474
002155.SZ,20240906,14.9,15.25,14.9,15.05,14.89,0.16,1.0745,207518.73,313175.651
688022.SH,20240906,9.17,9.17,8.76,8.78,9.15,-0.37,-4.0437,39801.56,35391.14
003031.SZ,20240906,37.34,37.36,36.43,36.55,37.34,-0.79,-2.1157,24991.38,91477.175
000100.SZ,20240906,3.87,3.89,3.83,3.84,3.87,-0.03,-0.7752,870383.1,335962.796
600301.SH,20240906,14.77,14.86,14.56,14.6,14.79,-0.19,-1.2847,37438.0,54966.278
003033.SZ,20240906,22.47,22.57,21.8,21.86,22.47,-0.61,-2.7147,4855.0,10760.045
600397.SH,20240906,1.87,1.89,1.83,1.84,1.88,-0.04,-2.1277,52881.0,9814.752
688308.SH,20240906,15.68,15.77,15.12,15.15,15.71,-0.56,-3.5646,11555.7,17689.494
603931.SH,20240906,18.2,18.8,17.79,18.66,18.3,0.36,1.9672,80275.15,147103.376
603225.SH,20240906,10.37,10.37,10.01,10.03,10.37,-0.34,-3.2787,113545.0,115516.419
301246.SZ,20240906,11.97,12.01,11.6,11.6,11.97,-0.37,-3.0911,26759.0,31440.252
300471.SZ,20240906,8.8,8.86,8.29,8.31,8.85,-0.54,-6.1017,94171.0,79904.293
002843.SZ,20240906,13.07,13.57,12.81,13.54,13.07,0.47,3.596,187775.35,249192.441
688008.SH,20240906,52.05,52.86,51.73,51.74,52.0,-0.26,-0.5,79126.63,413424.609
300100.SZ,20240906,11.9,12.44,11.84,12.18,11.89,0.29,2.439,162305.5,197819.994
301068.SZ,20240906,18.05,18.18,17.65,17.65,18.05,-0.4,-2.2161,3159.03,5655.145
600901.SH,20240906,4.52,4.58,4.49,4.53,4.51,0.02,0.4435,388168.98,176623.989
600410.SH,20240906,4.02,4.05,3.93,3.95,4.01,-0.06,-1.4963,175344.25,70009.136
002620.SZ,20240906,2.58,2.6,2.48,2.48,2.54,-0.06,-2.3622,61867.0,15498.872
603323.SH,20240906,4.51,4.53,4.43,4.44,4.5,-0.06,-1.3333,247673.68,111187.697
000928.SZ,20240906,5.34,5.38,5.28,5.28,5.34,-0.06,-1.1236,113534.48,60426.883
002778.SZ,20240906,9.5,9.53,9.17,9.26,9.5,-0.24,-2.5263,10042.0,9354.83
300693.SZ,20240906,20.12,20.15,19.57,19.59,20.08,-0.49,-2.4402,43795.24,86653.721
000532.SZ,20240906,10.93,11.0,10.57,10.61,10.7,-0.09,-0.8411,131433.86,141027.931
920351.BJ,20240906,5.52,5.62,5.41,5.41,5.54,-0.13,-2.3466,4135.71,2264.61
300172.SZ,20240906,4.39,4.42,4.33,4.33,4.42,-0.09,-2.0362,85035.0,37111.109
688327.SH,20240906,7.89,7.92,7.56,7.6,7.86,-0.26,-3.3079,108643.48,83516.757
600592.SH,20240906,8.11,8.14,8.03,8.03,8.1,-0.07,-0.8642,27736.0,22354.374
300757.SZ,20240906,76.39,76.81,72.0,72.2,76.6,-4.4,-5.7441,55099.63,405405.6
301213.SZ,20240906,28.53,28.86,28.09,28.14,28.52,-0.38,-1.3324,12731.0,36177.814
603610.SH,20240906,8.17,8.2,7.98,7.99,8.15,-0.16,-1.9632,20641.32,16609.703
603826.SH,20240906,32.06,32.19,31.1,31.3,32.06,-0.76,-2.3706,31520.2,99284.194
688525.SH,20240906,43.8,43.9,42.48,42.55,43.49,-0.94,-2.1614,82189.46,353754.975
688292.SH,20240906,13.5,13.5,12.92,12.93,13.5,-0.57,-4.2222,17277.58,22729.44
301012.SZ,20240906,18.88,18.98,18.25,18.26,18.88,-0.62,-3.2839,27990.0,51807.978
300062.SZ,20240906,4.84,4.84,4.68,4.68,4.84,-0.16,-3.3058,56055.87,26581.576
301122.SZ,20240906,16.45,16.45,15.92,16.11,16.36,-0.25,-1.5281,16658.0,26802.59
002363.SZ,20240906,5.82,5.89,5.75,5.77,5.81,-0.04,-0.6885,59136.0,34546.285
600113.SH,20240906,7.91,7.99,7.85,7.87,7.9,-0.03,-0.3797,33000.0,26146.377
300462.SZ,20240906,9.11,9.3,8.97,8.98,9.17,-0.19,-2.072,112565.0,102627.633
300711.SZ,20240906,14.3,14.7,13.94,13.96,14.29,-0.33,-2.3093,87265.4,125383.468
300232.SZ,20240906,5.32,5.37,5.19,5.21,5.35,-0.14,-2.6168,111741.01,58734.348
300192.SZ,20240906,11.45,11.47,10.89,10.97,11.4,-0.43,-3.7719,195342.0,215805.389
600105.SH,20240906,3.63,3.64,3.55,3.57,3.64,-0.07,-1.9231,170381.92,61133.693
300229.SZ,20240906,11.48,11.51,11.19,11.21,11.46,-0.25,-2.1815,79298.5,89722.685
002780.SZ,20240906,9.14,9.16,8.92,8.94,9.12,-0.18,-1.9737,35118.6,31719.947
002573.SZ,20240906,3.34,3.34,3.29,3.32,3.32,0.0,0.0,34103.42,11311.399
605155.SH,20240906,8.4,8.4,8.17,8.18,8.37,-0.19,-2.27,11162.8,9230.103
603768.SH,20240906,12.05,12.05,11.6,11.61,12.06,-0.45,-3.7313,45463.91,53438.437
600567.SH,20240906,1.42,1.43,1.4,1.4,1.42,-0.02,-1.4085,112825.0,15946.933
002495.SZ,20240906,1.48,1.49,1.43,1.44,1.48,-0.04,-2.7027,127334.8,18538.959
603900.SH,20240906,5.0,5.1,4.95,5.05,4.99,0.06,1.2024,169825.3,85365.158
000016.SZ,20240906,2.59,2.61,2.47,2.5,2.6,-0.1,-3.8462,497373.84,124840.653
920564.BJ,20240906,8.56,9.18,8.56,8.81,8.63,0.18,2.0857,21388.07,19070.197
300073.SZ,20240906,32.15,34.33,32.0,32.69,32.15,0.54,1.6796,404075.17,1339387.764
002424.SZ,20240906,3.44,3.44,3.37,3.37,3.44,-0.07,-2.0349,117910.84,40075.726
601218.SH,20240906,2.69,2.7,2.65,2.65,2.69,-0.04,-1.487,59292.0,15827.36
600331.SH,20240906,6.24,6.33,5.78,5.8,6.13,-0.33,-5.3834,367606.11,219535.623
600814.SH,20240906,5.76,5.87,5.74,5.83,5.76,0.07,1.2153,50530.0,29486.151
605055.SH,20240906,4.3,4.37,4.28,4.32,4.31,0.01,0.232,50348.4,21800.563
300579.SZ,20240906,19.55,21.38,19.36,20.23,19.6,0.63,3.2143,104983.1,213152.57
688318.SH,20240906,93.7,99.46,88.01,88.59,90.47,-1.88,-2.078,69245.86,643350.057
600864.SH,20240906,4.82,4.86,4.7,4.7,4.71,-0.01,-0.2123,277670.0,132610.488
002921.SZ,20240906,9.38,9.44,9.11,9.15,9.4,-0.25,-2.6596,11969.0,11049.354
000969.SZ,20240906,8.23,8.29,8.07,8.08,8.26,-0.18,-2.1792,74195.0,60505.329
300256.SZ,20240906,2.56,2.63,2.47,2.48,2.59,-0.11,-4.2471,1601398.03,406399.58
300409.SZ,20240906,9.56,9.56,9.28,9.3,9.52,-0.22,-2.3109,112418.0,105376.956
000025.SZ,20240906,14.05,14.21,13.79,13.8,14.0,-0.2,-1.4286,29214.9,40803.126
000737.SZ,20240906,7.91,7.94,7.74,7.77,7.82,-0.05,-0.6394,225071.0,175778.742
002657.SZ,20240906,10.92,11.19,10.86,10.87,11.04,-0.17,-1.5399,81497.3,89942.725
301331.SZ,20240906,22.77,22.99,22.05,22.15,22.77,-0.62,-2.7229,8044.36,17991.403
688135.SH,20240906,13.78,13.78,13.21,13.21,13.72,-0.51,-3.7172,14887.22,19928.181
300443.SZ,20240906,15.98,15.98,15.3,15.33,15.93,-0.6,-3.7665,41542.8,64567.757
600038.SH,20240906,36.67,37.0,36.2,36.3,36.78,-0.48,-1.3051,28911.87,105665.274
600161.SH,20240906,23.95,23.98,23.7,23.74,23.94,-0.2,-0.8354,30761.05,73221.138
300074.SZ,20240906,3.16,3.21,3.09,3.1,3.15,-0.05,-1.5873,84956.0,26773.927
603201.SH,20240906,14.03,14.03,13.35,13.64,13.73,-0.09,-0.6555,15500.93,21002.013
600080.SH,20240906,6.06,6.07,5.93,5.93,6.0,-0.07,-1.1667,12530.8,7492.172
688339.SH,20240906,21.35,21.35,20.67,20.7,21.13,-0.43,-2.035,13429.91,27992.644
300629.SZ,20240906,15.86,15.89,15.58,15.78,15.86,-0.08,-0.5044,23273.8,36541.988
920395.BJ,20240906,7.0,7.0,6.8,6.83,6.91,-0.08,-1.1577,4414.68,3039.529
301108.SZ,20240906,24.0,24.43,22.76,22.94,23.73,-0.79,-3.3291,17024.95,39828.792
600662.SH,20240906,3.93,3.99,3.88,3.89,3.93,-0.04,-1.0178,90717.0,35718.163
000409.SZ,20240906,7.24,7.3,7.11,7.13,7.25,-0.12,-1.6552,36602.14,26263.539
688290.SH,20240906,28.27,28.34,26.75,27.24,28.12,-0.88,-3.1294,4640.6,12722.204
300095.SZ,20240906,5.62,5.7,5.49,5.5,5.63,-0.13,-2.3091,29367.0,16315.287
600088.SH,20240906,13.88,13.9,13.5,13.51,13.81,-0.3,-2.1723,32523.86,44378.987
000659.SZ,20240906,2.04,2.09,2.0,2.01,2.03,-0.02,-0.9852,150730.0,30804.219
002993.SZ,20240906,24.96,24.98,24.18,24.22,24.92,-0.7,-2.809,28252.0,68946.27
600355.SH,20240906,3.13,3.14,3.06,3.06,3.11,-0.05,-1.6077,169328.0,52371.199
300151.SZ,20240906,14.92,15.11,14.51,14.67,15.07,-0.4,-2.6543,27755.0,40920.546
688192.SH,20240906,37.65,37.79,35.52,35.78,37.59,-1.81,-4.8151,19561.02,71191.445
601995.SH,20240906,29.28,30.11,28.5,28.5,27.89,0.61,2.1872,322807.83,942127.637
603030.SH,20240906,1.77,1.78,1.73,1.73,1.76,-0.03,-1.7045,45686.0,7998.504
605366.SH,20240906,5.25,5.25,5.12,5.13,5.24,-0.11,-2.0992,19012.84,9817.943
688531.SH,20240906,38.56,38.79,36.89,37.0,38.75,-1.75,-4.5161,7859.89,29567.497
301377.SZ,20240906,16.9,16.92,16.18,16.21,16.94,-0.73,-4.3093,29401.4,48282.241
000698.SZ,20240906,2.63,2.63,2.55,2.55,2.61,-0.06,-2.2989,50327.0,12941.05
002194.SZ,20240906,8.48,8.52,8.09,8.1,8.47,-0.37,-4.3684,287353.2,236460.871
600217.SH,20240906,4.5,4.54,4.4,4.44,4.49,-0.05,-1.1136,66200.0,29715.443
600801.SH,20240906,11.09,11.14,10.66,10.67,11.1,-0.43,-3.8739,110228.44,119753.845
000821.SZ,20240906,10.2,10.23,9.97,9.98,10.22,-0.24,-2.3483,93071.0,93556.208
300715.SZ,20240906,6.68,6.73,6.46,6.48,6.71,-0.23,-3.4277,21776.0,14215.671
601158.SH,20240906,4.41,4.45,4.38,4.38,4.4,-0.02,-0.4545,99124.17,43791.245
000554.SZ,20240906,4.95,4.96,4.86,4.86,4.95,-0.09,-1.8182,51852.0,25404.768
300406.SZ,20240906,12.65,12.83,12.18,12.26,12.77,-0.51,-3.9937,46287.88,57227.22
300463.SZ,20240906,11.97,12.04,11.69,11.7,11.97,-0.27,-2.2556,40317.0,47673.503
600083.SH,20240906,2.33,2.42,2.26,2.31,2.34,-0.03,-1.2821,111500.0,26092.491
688737.SH,20240906,13.25,13.25,12.77,12.82,13.18,-0.36,-2.7314,13868.44,17985.651
688358.SH,20240906,21.18,21.44,20.49,20.6,21.24,-0.64,-3.0132,8670.54,18027.481
002443.SZ,20240906,5.21,5.26,5.16,5.21,5.2,0.01,0.1923,29815.67,15512.475
688480.SH,20240906,23.81,23.84,23.23,23.37,23.81,-0.44,-1.848,2362.66,5557.53
920062.BJ,20240906,4.52,4.55,4.44,4.49,4.49,0.0,0.0,7730.65,3471.382
688520.SH,20240906,33.25,33.5,32.7,32.71,33.28,-0.57,-1.7127,10344.18,34153.534
002550.SZ,20240906,5.29,5.3,5.14,5.14,5.26,-0.12,-2.2814,77687.02,40283.053
000528.SZ,20240906,9.31,9.5,9.28,9.37,9.33,0.04,0.4287,175149.85,164656.616
300269.SZ,20240906,2.95,3.01,2.86,2.89,2.97,-0.08,-2.6936,320549.0,93609.792
688432.SH,20240906,9.07,9.11,8.85,8.94,9.07,-0.13,-1.4333,24444.6,21911.006
300565.SZ,20240906,10.83,10.86,10.27,10.28,10.82,-0.54,-4.9908,56689.0,59517.39
300510.SZ,20240906,3.32,3.34,3.21,3.24,3.32,-0.08,-2.4096,77036.12,25138.843
605066.SH,20240906,5.18,5.18,5.06,5.07,5.16,-0.09,-1.7442,28400.0,14471.175
300497.SZ,20240906,7.99,8.03,7.76,7.77,7.97,-0.2,-2.5094,25639.0,20121.244
600249.SH,20240906,3.81,3.82,3.73,3.75,3.78,-0.03,-0.7937,42359.0,15981.738
001896.SZ,20240906,3.45,3.46,3.37,3.37,3.45,-0.08,-2.3188,82118.55,27961.168
688095.SH,20240906,48.97,49.6,47.44,48.3,48.88,-0.58,-1.1866,20988.23,101706.277
300785.SZ,20240906,16.33,16.47,16.09,16.15,16.38,-0.23,-1.4042,21502.5,34997.369
600283.SH,20240906,7.66,7.73,7.58,7.62,7.75,-0.13,-1.6774,29777.4,22789.292
002391.SZ,20240906,4.57,4.59,4.49,4.51,4.57,-0.06,-1.3129,11042.34,4998.338
300159.SZ,20240906,2.22,2.28,2.22,2.23,2.22,0.01,0.4505,590115.35,132521.275
688335.SH,20240906,7.66,7.76,7.46,7.51,7.72,-0.21,-2.7202,2295.42,1749.66
300415.SZ,20240906,17.46,17.58,17.16,17.23,17.4,-0.17,-0.977,30228.0,52346.613
300242.SZ,20240906,2.3,2.49,2.25,2.28,2.28,0.0,0.0,700649.0,163785.386
600848.SH,20240906,8.44,8.5,8.38,8.4,8.46,-0.06,-0.7092,21521.4,18161.709
920090.BJ,20240906,2.72,2.75,2.69,2.69,2.73,-0.04,-1.4652,15752.01,4286.304
002062.SZ,20240906,3.33,3.34,3.29,3.29,3.33,-0.04,-1.2012,30777.7,10190.997
002617.SZ,20240906,5.7,5.74,5.61,5.62,5.72,-0.1,-1.7483,158440.0,89976.077
600996.SH,20240906,7.57,7.6,7.48,7.49,7.58,-0.09,-1.1873,67997.85,51142.466
000818.SZ,20240906,14.99,15.02,14.33,14.41,14.97,-0.56,-3.7408,93256.87,136117.252
688484.SH,20240906,27.8,27.8,26.81,26.84,27.67,-0.83,-2.9996,31110.04,84579.491
002948.SZ,20240906,3.15,3.19,3.14,3.14,3.15,-0.01,-0.3175,179797.26,56913.432
688278.SH,20240906,55.87,55.87,53.73,53.82,55.37,-1.55,-2.7993,13308.66,72354.615
002606.SZ,20240906,8.11,8.23,8.0,8.01,8.16,-0.15,-1.8382,65502.0,53028.252
920130.BJ,20240906,11.55,12.8,11.4,12.13,11.05,1.08,9.7738,87944.28,106371.595
688238.SH,20240906,4.21,4.22,4.0,4.02,4.18,-0.16,-3.8278,62235.9,25298.722
603331.SH,20240906,8.48,8.48,8.23,8.24,8.42,-0.18,-2.1378,11351.0,9437.978
002494.SZ,20240906,3.0,3.01,2.92,2.92,2.99,-0.07,-2.3411,58139.94,17195.434
002237.SZ,20240906,9.1,9.2,9.07,9.11,9.1,0.01,0.1099,78933.46,72058.291
300726.SZ,20240906,23.28,23.32,22.55,22.64,23.38,-0.74,-3.1651,53274.0,121818.486
605287.SH,20240906,11.38,11.43,10.92,10.97,11.45,-0.48,-4.1921,33950.0,37825.036
920541.BJ,20240906,5.76,5.77,5.57,5.59,5.67,-0.08,-1.4109,17419.22,9861.352
920970.BJ,20240906,3.41,3.43,3.32,3.37,3.41,-0.04,-1.173,22259.21,7515.329
002810.SZ,20240906,12.02,12.04,11.61,11.68,12.02,-0.34,-2.8286,33890.79,39887.343
300617.SZ,20240906,22.84,22.84,22.29,22.36,22.84,-0.48,-2.1016,4112.0,9249.46
600208.SH,20240906,1.86,1.87,1.78,1.79,1.88,-0.09,-4.7872,1068509.0,194104.875
002801.SZ,20240906,19.23,19.63,19.0,19.25,19.35,-0.1,-0.5168,21180.88,40772.089
002901.SZ,20240906,24.7,24.88,24.26,24.26,24.69,-0.43,-1.7416,11200.0,27401.541
600148.SH,20240906,12.29,13.59,12.29,13.59,12.35,1.24,10.0405,101911.42,135930.05
603022.SH,20240906,6.43,6.45,6.23,6.24,6.43,-0.19,-2.9549,17812.0,11261.972
601921.SH,20240906,7.66,7.77,7.59,7.62,7.69,-0.07,-0.9103,313412.0,240334.216
300732.SZ,20240906,6.57,6.76,6.57,6.62,6.59,0.03,0.4552,68221.47,45477.154
002240.SZ,20240906,11.61,11.67,11.25,11.26,11.66,-0.4,-3.4305,105763.0,120412.817
688779.SH,20240906,4.52,4.55,4.41,4.41,4.53,-0.12,-2.649,79082.56,35289.405
002354.SZ,20240906,2.69,2.74,2.63,2.64,2.7,-0.06,-2.2222,615325.0,164192.925
603083.SH,20240906,26.6,26.83,25.72,25.75,26.84,-1.09,-4.0611,77564.68,202563.067
920058.BJ,20240906,16.28,16.28,15.33,15.55,15.7,-0.15,-0.9554,4073.6,6375.573
600536.SH,20240906,30.85,31.22,30.32,30.37,30.97,-0.6,-1.9374,99529.4,305691.392
600648.SH,20240906,8.82,8.84,8.7,8.71,8.8,-0.09,-1.0227,29569.0,25916.218
300577.SZ,20240906,20.3,20.32,19.85,19.96,20.2,-0.24,-1.1881,9004.0,18066.805
605006.SH,20240906,4.21,4.27,4.15,4.27,4.21,0.06,1.4252,23958.6,10106.315
600171.SH,20240906,19.74,21.49,19.69,20.34,19.82,0.52,2.6236,1033108.54,2126915.431
002950.SZ,20240906,7.24,7.35,7.04,7.05,7.23,-0.18,-2.4896,102067.66,72871.233
300716.SZ,20240906,8.58,8.7,8.27,8.36,8.77,-0.41,-4.675,140808.5,118004.541
300717.SZ,20240906,13.15,13.25,12.74,12.99,13.24,-0.25,-1.8882,11986.0,15524.202
601985.SH,20240906,10.3,10.41,10.07,10.09,10.29,-0.2,-1.9436,939753.52,964000.948
002005.SZ,20240906,1.25,1.31,1.25,1.31,1.25,0.06,4.8,192632.13,24916.17
600812.SH,20240906,4.73,4.76,4.63,4.64,4.75,-0.11,-2.3158,61832.01,28882.601
600846.SH,20240906,6.84,6.88,6.77,6.78,6.84,-0.06,-0.8772,26969.2,18406.623
002975.SZ,20240906,27.0,27.3,26.4,26.4,27.01,-0.61,-2.2584,10998.0,29490.42
000756.SZ,20240906,14.71,14.75,14.35,14.36,14.71,-0.35,-2.3793,58748.0,85092.566
000034.SZ,20240906,25.02,25.12,24.47,24.58,25.12,-0.54,-2.1497,210608.38,520311.743
603629.SH,20240906,15.2,15.3,14.8,14.85,15.21,-0.36,-2.3669,34241.0,51305.487
000915.SZ,20240906,26.23,26.33,25.77,25.79,26.22,-0.43,-1.64,16632.0,43153.418
688227.SH,20240906,11.01,11.01,10.43,10.45,10.9,-0.45,-4.1284,5064.54,5393.791
688123.SH,20240906,46.68,46.72,44.88,44.9,46.6,-1.7,-3.6481,20353.57,92850.716
300572.SZ,20240906,12.86,12.93,12.29,12.35,12.86,-0.51,-3.9658,46994.17,58829.18
601825.SH,20240906,6.63,6.7,6.59,6.59,6.63,-0.04,-0.6033,136627.0,90789.199
601609.SH,20240906,4.82,4.82,4.73,4.74,4.81,-0.07,-1.4553,45694.0,21756.218
601163.SH,20240906,13.52,13.64,13.32,13.33,13.53,-0.2,-1.4782,37078.0,49856.231
601633.SH,20240906,23.33,23.65,23.15,23.27,23.27,0.0,0.0,131869.71,308664.584
300234.SZ,20240906,3.7,3.75,3.64,3.64,3.71,-0.07,-1.8868,20010.0,7361.961
600882.SH,20240906,12.4,12.52,12.22,12.22,12.47,-0.25,-2.0048,24798.94,30634.817
002090.SZ,20240906,7.15,7.22,7.0,7.0,7.18,-0.18,-2.507,37416.0,26487.75
603179.SH,20240906,39.05,40.15,38.55,38.94,39.1,-0.16,-0.4092,33071.15,129497.082
002790.SZ,20240906,6.7,6.73,6.56,6.59,6.73,-0.14,-2.0802,45812.0,30371.949
600764.SH,20240906,20.21,20.31,19.82,19.85,20.26,-0.41,-2.0237,28010.0,56180.989
600665.SH,20240906,2.39,2.48,2.35,2.37,2.39,-0.02,-0.8368,277768.0,66511.144
688575.SH,20240906,21.46,21.66,20.83,20.89,21.37,-0.48,-2.2461,12132.98,25558.487
002568.SZ,20240906,16.5,16.52,16.02,16.04,16.48,-0.44,-2.6699,29627.36,48065.517
688041.SH,20240906,75.2,78.27,74.0,76.18,74.7,1.48,1.9813,112578.18,865599.166
000612.SZ,20240906,5.17,5.19,5.11,5.11,5.17,-0.06,-1.1605,131939.2,67750.208
600642.SH,20240906,7.86,7.96,7.75,7.75,7.82,-0.07,-0.8951,150820.99,118425.907
300562.SZ,20240906,11.8,11.9,11.1,11.13,12.08,-0.95,-7.8642,423512.65,481959.75
603067.SH,20240906,10.73,10.82,10.3,10.33,10.72,-0.39,-3.6381,131085.58,137497.79
600833.SH,20240906,11.01,11.02,10.82,10.83,11.02,-0.19,-1.7241,16437.0,17903.406
300666.SZ,20240906,49.8,49.93,48.03,48.06,49.68,-1.62,-3.2609,25914.18,126336.861
920475.BJ,20240906,6.43,6.43,6.3,6.3,6.35,-0.05,-0.7874,1569.1,994.099
603458.SH,20240906,5.21,5.3,5.12,5.12,5.2,-0.08,-1.5385,103376.31,53747.179
688216.SH,20240906,16.09,16.09,15.32,15.36,15.84,-0.48,-3.0303,12076.56,18863.324
300394.SZ,20240906,71.6,72.87,70.73,70.75,71.81,-1.06,-1.4761,81074.51,580599.1
603666.SH,20240906,16.43,16.89,15.91,15.95,16.44,-0.49,-2.9805,109198.64,178980.358
301023.SZ,20240906,34.28,35.1,33.72,33.95,34.28,-0.33,-0.9627,11371.5,39060.785
002567.SZ,20240906,4.96,4.97,4.86,4.86,4.94,-0.08,-1.6194,191585.25,93719.901
688293.SH,20240906,27.44,27.45,25.9,26.02,27.26,-1.24,-4.5488,3271.47,8656.485
603197.SH,20240906,31.66,33.5,31.66,32.15,31.58,0.57,1.8049,88431.86,288081.029
300733.SZ,20240906,9.75,9.84,9.45,9.46,9.72,-0.26,-2.6749,26348.2,25299.819
300326.SZ,20240906,4.18,4.2,4.1,4.12,4.18,-0.06,-1.4354,52853.0,21940.506
603004.SH,20240906,17.75,18.69,16.77,16.88,17.95,-1.07,-5.961,141643.08,249984.704
002912.SZ,20240906,15.76,15.87,15.23,15.26,15.76,-0.5,-3.1726,15889.94,24587.851
002675.SZ,20240906,11.92,11.99,11.67,11.7,11.92,-0.22,-1.8456,32516.0,38219.77
000685.SZ,20240906,7.43,7.49,7.35,7.38,7.41,-0.03,-0.4049,72461.83,53861.396
600366.SH,20240906,5.63,5.69,5.52,5.53,5.66,-0.13,-2.2968,81225.0,45257.002
301608.SZ,20240906,52.3,54.0,50.75,50.85,52.77,-1.92,-3.6384,39033.04,204219.71
002023.SZ,20240906,8.39,8.48,8.24,8.25,8.4,-0.15,-1.7857,79263.0,66213.333
300575.SZ,20240906,5.69,5.7,5.53,5.55,5.7,-0.15,-2.6316,25373.5,14220.783
600318.SH,20240906,5.42,5.52,5.28,5.29,5.34,-0.05,-0.9363,191603.72,103621.304
301121.SZ,20240906,35.41,35.73,34.08,34.11,35.76,-1.65,-4.6141,23607.98,81749.69
603127.SH,20240906,13.61,13.71,13.2,13.2,13.6,-0.4,-2.9412,68321.77,91178.166
603151.SH,20240906,8.91,8.95,8.71,8.71,8.91,-0.2,-2.2447,11875.0,10438.27
600805.SH,20240906,3.39,3.44,3.36,3.36,3.39,-0.03,-0.885,39689.01,13476.532
688365.SH,20240906,5.8,5.8,5.51,5.52,5.76,-0.24,-4.1667,41708.83,23381.949
300550.SZ,20240906,10.15,10.35,9.98,10.11,10.14,-0.03,-0.2959,25715.11,26095.401
600759.SH,20240906,2.13,2.16,2.13,2.13,2.13,0.0,0.0,142356.2,30520.768
002314.SZ,20240906,2.0,2.01,1.97,1.97,1.99,-0.02,-1.005,83820.0,16627.249
600081.SH,20240906,8.34,8.42,8.25,8.27,8.33,-0.06,-0.7203,16862.4,14051.795
002517.SZ,20240906,9.41,9.78,9.28,9.58,9.36,0.22,2.3504,863707.77,826166.609
002876.SZ,20240906,20.14,20.26,19.42,19.47,20.22,-0.75,-3.7092,33652.82,66195.989
300407.SZ,20240906,8.05,8.12,7.71,7.75,7.93,-0.18,-2.2699,47728.0,37447.103
300605.SZ,20240906,9.38,9.41,8.96,9.01,9.38,-0.37,-3.9446,34077.0,31217.265
688375.SH,20240906,37.77,37.77,36.37,36.46,37.38,-0.92,-2.4612,4614.72,16972.686
300906.SZ,20240906,19.37,19.42,18.6,18.66,19.36,-0.7,-3.6157,7372.0,13941.693
002739.SZ,20240906,9.44,9.52,9.3,9.32,9.45,-0.13,-1.3757,103905.92,97776.209
002920.SZ,20240906,97.38,101.53,97.0,97.26,97.38,-0.12,-0.1232,81209.11,804417.478
300996.SZ,20240906,16.46,16.78,16.0,16.12,16.55,-0.43,-2.5982,59951.95,98022.088
301008.SZ,20240906,15.84,15.84,15.11,15.13,15.82,-0.69,-4.3616,11075.6,17044.535
002555.SZ,20240906,13.73,14.16,13.57,13.82,13.8,0.02,0.1449,675615.73,936052.429
002116.SZ,20240906,8.44,8.62,8.34,8.37,8.44,-0.07,-0.8294,53225.37,45000.058
000430.SZ,20240906,5.61,5.71,5.58,5.6,5.62,-0.02,-0.3559,35052.0,19752.342
301181.SZ,20240906,19.35,19.46,18.72,18.8,19.34,-0.54,-2.7921,10380.0,19802.75
300682.SZ,20240906,8.54,9.26,8.54,8.84,8.59,0.25,2.9104,275262.84,244959.956
002842.SZ,20240906,5.16,5.18,5.0,5.0,5.16,-0.16,-3.1008,25278.0,12801.556
603690.SH,20240906,18.43,18.56,17.62,17.68,18.43,-0.75,-4.0695,51969.74,93059.691
600162.SH,20240906,1.3,1.31,1.28,1.29,1.31,-0.02,-1.5267,101407.0,13099.677
688628.SH,20240906,28.88,29.1,28.35,28.48,28.87,-0.39,-1.3509,4907.48,14073.211
600939.SH,20240906,2.21,2.22,2.19,2.19,2.21,-0.02,-0.905,42181.88,9277.947
601288.SH,20240906,4.51,4.57,4.5,4.51,4.5,0.01,0.2222,2823346.97,1282641.618
600850.SH,20240906,17.91,18.0,17.33,17.48,17.19,0.29,1.687,142800.01,253260.863
002960.SZ,20240906,9.49,9.5,9.18,9.24,9.46,-0.22,-2.3256,48052.02,44775.381
300207.SZ,20240906,16.49,16.49,15.91,15.96,16.49,-0.53,-3.2141,316080.65,510487.151
000622.SZ,20240906,1.94,1.94,1.91,1.94,1.85,0.09,4.8649,166415.8,32186.934
600691.SH,20240906,1.54,1.56,1.52,1.55,1.55,0.0,0.0,140612.45,21689.145
300531.SZ,20240906,11.88,11.99,11.3,11.35,12.18,-0.83,-6.8144,233283.99,270215.699
002706.SZ,20240906,5.9,6.05,5.8,5.8,5.89,-0.09,-1.528,170764.1,100690.187
300414.SZ,20240906,6.71,6.73,6.36,6.37,6.69,-0.32,-4.7833,91357.69,59353.876
688610.SH,20240906,27.2,27.2,26.27,26.27,27.21,-0.94,-3.4546,2289.1,6098.468
000568.SZ,20240906,113.46,113.57,110.55,110.6,113.4,-2.8,-2.4691,67505.4,755045.041
300041.SZ,20240906,7.72,7.72,7.46,7.49,7.77,-0.28,-3.6036,96750.52,73249.143
600825.SH,20240906,3.83,3.86,3.8,3.81,3.83,-0.02,-0.5222,63850.56,24452.202
300299.SZ,20240906,4.15,4.19,4.0,4.0,4.07,-0.07,-1.7199,364344.95,147997.914
605555.SH,20240906,16.67,16.68,16.21,16.3,16.65,-0.35,-2.1021,30150.8,49440.746
301393.SZ,20240906,37.07,37.23,35.66,35.72,36.97,-1.25,-3.3811,7971.19,28866.947
000045.SZ,20240906,8.41,8.55,8.19,8.2,8.52,-0.32,-3.7559,185068.77,154036.631
688223.SH,20240906,7.04,7.04,6.85,6.85,7.03,-0.18,-2.5605,197418.33,136402.102
300987.SZ,20240906,12.17,12.32,11.96,11.96,12.26,-0.3,-2.447,12219.8,14808.924
603068.SH,20240906,18.42,18.46,17.88,17.88,18.36,-0.48,-2.6144,18059.0,32627.394
688262.SH,20240906,15.22,15.25,14.66,14.73,15.15,-0.42,-2.7723,27485.08,40831.358
001209.SZ,20240906,13.67,13.71,13.38,13.5,13.71,-0.21,-1.5317,10106.0,13707.981
301139.SZ,20240906,19.5,19.55,18.86,18.87,19.47,-0.6,-3.0817,24929.0,47782.992
920305.BJ,20240906,9.89,9.98,9.52,9.64,9.81,-0.17,-1.7329,8472.91,8229.915
300678.SZ,20240906,21.34,21.44,20.75,20.75,21.35,-0.6,-2.8103,32668.0,68706.524
600143.SH,20240906,7.45,7.49,7.28,7.28,7.44,-0.16,-2.1505,152785.0,112665.379
300243.SZ,20240906,7.78,7.78,7.43,7.45,7.75,-0.3,-3.871,66819.0,50319.462
300474.SZ,20240906,55.52,55.98,54.63,54.73,55.69,-0.96,-1.7238,32743.77,181026.987
000012.SZ,20240906,4.96,4.99,4.87,4.88,4.98,-0.1,-2.008,91016.0,44742.265
603648.SH,20240906,7.65,7.72,7.57,7.59,7.65,-0.06,-0.7843,23398.0,17909.445
003006.SZ,20240906,22.88,23.05,22.65,22.71,22.88,-0.17,-0.743,12686.75,28995.17
001239.SZ,20240906,14.6,15.21,14.5,14.74,14.54,0.2,1.3755,83154.86,123198.413
000850.SZ,20240906,3.48,3.48,3.41,3.48,3.16,0.32,10.1266,737782.92,256471.439
300240.SZ,20240906,5.85,6.14,5.85,5.91,5.88,0.03,0.5102,336453.0,200695.947
603633.SH,20240906,6.31,6.31,6.1,6.11,6.31,-0.2,-3.1696,49634.3,30748.812
002973.SZ,20240906,8.36,8.42,8.28,8.28,8.39,-0.11,-1.3111,8910.8,7421.931
920496.BJ,20240906,4.36,4.4,4.26,4.31,4.38,-0.07,-1.5982,7379.98,3197.371
688085.SH,20240906,18.49,18.76,18.1,18.18,18.45,-0.27,-1.4634,10932.95,20164.683
603917.SH,20240906,11.1,11.44,11.02,11.16,11.08,0.08,0.722,35614.59,39844.73
002483.SZ,20240906,4.25,4.27,4.15,4.17,4.24,-0.07,-1.6509,62105.4,26097.741
600116.SH,20240906,6.89,6.91,6.81,6.81,6.88,-0.07,-1.0174,45272.0,30944.67
300834.SZ,20240906,17.42,17.54,17.04,17.07,17.38,-0.31,-1.7837,4078.35,7006.248
000683.SZ,20240906,5.54,5.56,5.32,5.33,5.58,-0.25,-4.4803,520715.0,281353.259
002401.SZ,20240906,12.85,12.96,12.66,12.67,12.87,-0.2,-1.554,19861.55,25416.358
301289.SZ,20240906,36.81,37.05,35.81,35.87,36.99,-1.12,-3.0278,6736.02,24497.427
603707.SH,20240906,12.6,12.61,12.33,12.39,12.63,-0.24,-1.9002,62200.83,77468.214
600248.SH,20240906,3.48,3.5,3.44,3.44,3.47,-0.03,-0.8646,101098.61,35112.36
002853.SZ,20240906,7.1,7.14,6.9,6.91,7.12,-0.21,-2.9494,21871.0,15305.83
920679.BJ,20240906,10.8,10.82,10.5,10.5,10.8,-0.3,-2.7778,2301.77,2452.965
001328.SZ,20240906,22.89,22.94,22.35,22.4,22.92,-0.52,-2.2688,8836.0,19974.936
000692.SZ,20240906,2.85,2.86,2.8,2.8,2.85,-0.05,-1.7544,23548.0,6657.578
000029.SZ,20240906,11.12,11.28,11.1,11.18,11.19,-0.01,-0.0894,22465.25,25142.747
002910.SZ,20240906,6.13,6.16,5.96,5.97,6.08,-0.11,-1.8092,16068.0,9706.918
300822.SZ,20240906,9.78,9.84,9.53,9.54,9.84,-0.3,-3.0488,37874.5,36532.713
002800.SZ,20240906,9.15,9.35,8.83,8.83,9.26,-0.43,-4.6436,58547.55,52744.296
600667.SH,20240906,5.28,5.29,5.14,5.14,5.28,-0.14,-2.6515,128710.0,66859.046
601377.SH,20240906,5.23,5.27,5.15,5.16,5.15,0.01,0.1942,436561.72,227372.398
301459.SZ,20240906,34.5,34.58,33.07,33.17,34.39,-1.22,-3.5475,4018.19,13531.567
688517.SH,20240906,12.26,12.28,11.87,11.9,12.29,-0.39,-3.1733,11479.29,13846.891
688378.SH,20240906,14.88,14.97,14.14,14.17,14.88,-0.71,-4.7715,30225.82,43482.347
600184.SH,20240906,8.26,8.29,8.13,8.16,8.22,-0.06,-0.7299,24035.0,19638.071
688213.SH,20240906,46.3,46.83,44.85,44.86,46.6,-1.74,-3.7339,21967.06,99833.956
300661.SZ,20240906,71.88,72.35,70.2,70.53,71.89,-1.36,-1.8918,15329.65,108460.737
688669.SH,20240906,10.38,10.4,9.76,9.85,10.32,-0.47,-4.5543,17032.66,17065.328
002030.SZ,20240906,5.22,5.33,5.13,5.14,5.21,-0.07,-1.3436,183525.16,95563.746
000032.SZ,20240906,12.82,12.87,12.51,12.54,12.82,-0.28,-2.1841,83825.0,106138.966
603132.SH,20240906,10.76,11.13,10.51,10.53,10.73,-0.2,-1.8639,23961.0,25615.479
920132.BJ,20240906,7.1,7.1,6.89,6.94,7.01,-0.07,-0.9986,1002.37,695.308
600251.SH,20240906,6.37,6.37,6.31,6.32,6.36,-0.04,-0.6289,36815.66,23308.583
600117.SH,20240906,2.05,2.07,1.99,2.0,2.05,-0.05,-2.439,32204.0,6502.9
300030.SZ,20240906,4.2,4.25,4.04,4.05,4.16,-0.11,-2.6442,43528.02,17856.464
920579.BJ,20240906,10.56,10.82,10.51,10.82,10.57,0.25,2.3652,10785.49,11495.671
301233.SZ,20240906,34.92,35.18,34.0,34.11,35.06,-0.95,-2.7096,6586.58,22724.017
003003.SZ,20240906,7.6,7.63,7.38,7.38,7.6,-0.22,-2.8947,21438.0,16040.615
300168.SZ,20240906,5.11,5.24,5.06,5.1,5.11,-0.01,-0.1957,146416.47,75216.891
000811.SZ,20240906,8.15,8.21,8.02,8.04,8.16,-0.12,-1.4706,48162.0,38987.696
000908.SZ,20240906,4.58,4.58,4.58,4.58,4.36,0.22,5.0459,255303.01,116928.779
920402.BJ,20240906,5.9,6.02,5.87,5.9,5.86,0.04,0.6826,15507.84,9211.343
003816.SZ,20240906,4.35,4.41,4.2,4.24,4.36,-0.12,-2.7523,1268909.24,545127.541
300592.SZ,20240906,11.62,11.81,11.38,11.43,11.75,-0.32,-2.7234,42005.73,48507.131
688363.SH,20240906,49.0,49.39,48.72,48.72,49.2,-0.48,-0.9756,6819.44,33373.129
300128.SZ,20240906,3.34,3.39,3.24,3.26,3.38,-0.12,-3.5503,404060.42,132894.446
605368.SH,20240906,13.52,13.71,13.52,13.7,13.62,0.08,0.5874,25783.15,35269.512
002034.SZ,20240906,13.62,13.65,13.45,13.48,13.62,-0.14,-1.0279,16945.0,22948.899
300489.SZ,20240906,17.54,17.73,17.16,17.17,17.53,-0.36,-2.0536,10126.15,17564.698
601700.SH,20240906,3.72,3.73,3.64,3.64,3.72,-0.08,-2.1505,61065.0,22507.017
688046.SH,20240906,11.32,11.48,10.78,10.81,11.41,-0.6,-5.2585,22959.8,25231.667
600078.SH,20240906,5.37,5.38,5.2,5.22,5.37,-0.15,-2.7933,72216.01,38045.009
002342.SZ,20240906,2.93,3.04,2.9,2.96,2.93,0.03,1.0239,163822.2,48626.736
000573.SZ,20240906,2.23,2.24,2.18,2.18,2.23,-0.05,-2.2422,74505.0,16425.402
000927.SZ,20240906,2.35,2.36,2.31,2.31,2.35,-0.04,-1.7021,168580.01,39343.241
300606.SZ,20240906,19.1,19.17,18.33,18.51,19.24,-0.73,-3.7942,83338.0,155657.714
600858.SH,20240906,3.8,3.85,3.78,3.79,3.8,-0.01,-0.2632,53715.0,20477.206
600835.SH,20240906,10.95,11.02,10.81,10.84,10.96,-0.12,-1.0949,39025.0,42570.178
688425.SH,20240906,3.46,3.49,3.41,3.42,3.45,-0.03,-0.8696,116506.87,40265.324
301578.SZ,20240906,38.25,38.44,36.8,36.96,38.68,-1.72,-4.4467,29462.96,109968.195
601512.SH,20240906,6.55,6.55,6.45,6.47,6.55,-0.08,-1.2214,17075.0,11090.06
920299.BJ,20240906,6.33,6.33,6.18,6.19,6.28,-0.09,-1.4331,7542.74,4696.222
301221.SZ,20240906,32.35,32.63,31.05,31.2,31.97,-0.77,-2.4085,16164.0,51356.547
600073.SH,20240906,6.11,6.15,6.05,6.07,6.11,-0.04,-0.6547,64510.73,39359.461
600697.SH,20240906,9.63,9.72,9.57,9.6,9.63,-0.03,-0.3115,16930.0,16330.116
300729.SZ,20240906,14.04,14.11,13.8,13.83,14.11,-0.28,-1.9844,16789.5,23341.941
605488.SH,20240906,12.26,12.26,11.9,11.94,12.24,-0.3,-2.451,29080.28,35016.8
300378.SZ,20240906,16.63,16.67,16.1,16.12,16.64,-0.52,-3.125,52697.01,86227.284
300552.SZ,20240906,29.2,29.61,27.95,28.02,28.75,-0.73,-2.5391,106789.6,306854.04
002277.SZ,20240906,2.24,2.28,2.22,2.23,2.24,-0.01,-0.4464,305057.88,68488.237
600851.SH,20240906,4.81,4.85,4.76,4.76,4.81,-0.05,-1.0395,32622.01,15605.043
001267.SZ,20240906,6.1,6.16,5.96,5.99,6.1,-0.11,-1.8033,69624.0,42034.771
300933.SZ,20240906,5.47,5.49,5.39,5.44,5.47,-0.03,-0.5484,54966.0,29903.088
600707.SH,20240906,6.6,6.63,6.41,6.44,6.6,-0.16,-2.4242,149386.0,97090.888
600202.SH,20240906,3.65,3.66,3.59,3.6,3.66,-0.06,-1.6393,38077.01,13787.838
300811.SZ,20240906,39.12,39.21,37.31,37.43,39.12,-1.69,-4.32,33451.57,127043.329
600470.SH,20240906,4.24,4.3,4.19,4.2,4.26,-0.06,-1.4085,41467.0,17558.9
920608.BJ,20240906,7.3,7.3,7.13,7.13,7.22,-0.09,-1.2465,1294.86,930.628
600239.SH,20240906,1.87,1.89,1.85,1.85,1.88,-0.03,-1.5957,103731.14,19404.708
688360.SH,20240906,12.81,12.81,12.39,12.4,12.67,-0.27,-2.131,13149.48,16520.816
688458.SH,20240906,22.41,22.41,21.3,21.3,22.35,-1.05,-4.698,6586.65,14295.423
603991.SH,20240906,41.12,43.31,41.12,42.34,41.53,0.81,1.9504,17505.0,74403.588
601228.SH,20240906,3.1,3.15,3.09,3.11,3.1,0.01,0.3226,149272.0,46700.525
002806.SZ,20240906,9.73,9.88,9.42,9.47,9.77,-0.3,-3.0706,146135.88,140568.379
600729.SH,20240906,17.83,18.43,17.82,18.21,17.81,0.4,2.2459,74902.0,136597.32
000978.SZ,20240906,5.78,5.84,5.74,5.77,5.77,0.0,0.0,31783.72,18406.509
603489.SH,20240906,18.76,18.76,18.0,18.06,18.75,-0.69,-3.68,15670.56,28694.937
601069.SH,20240906,10.47,10.52,10.38,10.42,10.44,-0.02,-0.1916,39665.0,41407.65
300502.SZ,20240906,89.9,90.85,87.95,88.61,90.27,-1.66,-1.8389,130729.32,1164787.839
920806.BJ,20240906,7.27,7.46,7.27,7.34,7.31,0.03,0.4104,37442.19,27613.709
600167.SH,20240906,5.06,5.09,5.01,5.06,5.08,-0.02,-0.3937,56750.6,28663.245
603390.SH,20240906,7.92,8.05,7.77,7.8,7.91,-0.11,-1.3906,145476.05,115138.609
000037.SZ,20240906,7.1,7.18,7.03,7.04,7.13,-0.09,-1.2623,46387.0,32924.404
002595.SZ,20240906,41.6,41.84,41.04,41.18,41.6,-0.42,-1.0096,13600.35,56268.294
000968.SZ,20240906,5.56,5.64,5.5,5.51,5.58,-0.07,-1.2545,45755.96,25416.219
603499.SH,20240906,13.81,14.06,13.26,13.5,13.78,-0.28,-2.0319,29604.51,39913.662
605001.SH,20240906,5.16,5.19,5.04,5.05,5.07,-0.02,-0.3945,125704.6,64312.875
002793.SZ,20240906,3.6,3.65,3.48,3.49,3.6,-0.11,-3.0556,85115.0,30164.155
600310.SH,20240906,3.48,3.59,3.48,3.5,3.48,0.02,0.5747,90352.73,31710.092
002335.SZ,20240906,19.65,19.7,19.08,19.11,19.8,-0.69,-3.4848,103395.7,199626.317
600129.SH,20240906,22.85,23.1,22.34,22.4,23.01,-0.61,-2.651,78268.86,177113.193
000672.SZ,20240906,6.33,6.33,6.25,6.27,6.31,-0.04,-0.6339,27226.8,17093.66
600773.SH,20240906,11.05,11.11,10.95,11.04,11.07,-0.03,-0.271,33867.0,37398.622
300509.SZ,20240906,4.84,4.89,4.76,4.78,4.86,-0.08,-1.6461,34451.0,16615.597
002182.SZ,20240906,9.09,9.11,8.92,8.95,9.08,-0.13,-1.4317,70185.26,63168.492
300905.SZ,20240906,22.74,27.64,22.25,27.64,23.03,4.61,20.0174,333541.66,829142.189
002170.SZ,20240906,6.0,6.1,5.91,5.92,5.97,-0.05,-0.8375,86925.0,52097.076
300970.SZ,20240906,11.0,11.03,10.75,10.77,11.0,-0.23,-2.0909,13024.0,14159.422
600927.SH,20240906,11.74,11.91,11.67,11.72,11.71,0.01,0.0854,42057.5,49619.144
601001.SH,20240906,13.83,13.95,13.7,13.83,13.83,0.0,0.0,82713.0,114268.897
300147.SZ,20240906,7.18,7.5,7.0,7.07,7.26,-0.19,-2.6171,1214064.97,876831.051
688646.SH,20240906,25.0,25.01,24.14,24.25,25.0,-0.75,-3.0,3667.02,9000.752
603439.SH,20240906,12.08,12.19,11.82,12.1,12.08,0.02,0.1656,55373.47,66425.397
920438.BJ,20240906,11.02,11.08,10.8,10.81,11.02,-0.21,-1.9056,12890.8,14068.972
001238.SZ,20240906,21.41,21.6,21.01,21.18,21.57,-0.39,-1.8081,5895.0,12580.694
688120.SH,20240906,131.02,132.0,125.9,125.91,131.78,-5.87,-4.4544,10628.9,136163.666
002365.SZ,20240906,7.03,7.05,6.88,6.9,7.03,-0.13,-1.8492,27130.52,18859.093
600742.SH,20240906,7.41,7.47,7.35,7.36,7.44,-0.08,-1.0753,37856.78,28075.792
002899.SZ,20240906,12.69,12.7,12.13,12.2,12.66,-0.46,-3.6335,21580.0,26717.985
002817.SZ,20240906,5.3,5.31,5.16,5.16,5.3,-0.14,-2.6415,23450.4,12226.444
300219.SZ,20240906,5.76,5.84,5.61,5.62,5.81,-0.19,-3.2702,96910.0,54995.547
600782.SH,20240906,3.0,3.02,2.91,2.92,2.99,-0.07,-2.3411,230351.56,68060.091
920221.BJ,20240906,10.88,11.08,10.7,10.8,10.94,-0.14,-1.2797,4051.22,4383.451
300316.SZ,20240906,23.19,23.23,22.61,22.67,23.26,-0.59,-2.5365,78394.0,178840.405
002492.SZ,20240906,4.24,4.28,4.19,4.19,4.25,-0.06,-1.4118,21108.0,8949.874
000078.SZ,20240906,2.24,2.26,2.2,2.21,2.25,-0.04,-1.7778,99363.0,22102.23
001358.SZ,20240906,20.18,20.22,19.38,19.4,20.18,-0.78,-3.8652,14651.26,28896.827
000681.SZ,20240906,11.06,11.1,10.85,10.86,11.06,-0.2,-1.8083,45778.0,49998.243
301018.SZ,20240906,19.2,19.34,18.6,18.6,19.16,-0.56,-2.9228,17489.25,32965.25
920982.BJ,20240906,172.8,172.95,170.32,171.09,172.68,-1.59,-0.9208,1561.57,26741.082
002072.SZ,20240906,4.7,4.85,4.41,4.64,4.7,-0.06,-1.2766,124344.0,57520.99
603738.SH,20240906,12.66,12.7,12.46,12.49,12.69,-0.2,-1.576,64625.21,80982.008
300668.SZ,20240906,16.15,16.15,15.53,15.57,15.94,-0.37,-2.3212,3929.0,6178.475
002078.SZ,20240906,12.09,12.11,11.81,11.83,12.1,-0.27,-2.2314,87314.0,104101.062
300667.SZ,20240906,14.06,14.14,13.7,13.72,14.15,-0.43,-3.0389,42168.0,58474.885
002377.SZ,20240906,1.73,1.75,1.69,1.69,1.73,-0.04,-2.3121,77795.0,13340.705
301332.SZ,20240906,8.63,8.66,8.41,8.45,8.62,-0.17,-1.9722,18293.99,15617.192
301306.SZ,20240906,31.3,31.41,30.11,30.15,31.3,-1.15,-3.6741,21214.15,64834.507
605018.SH,20240906,7.35,7.4,7.22,7.24,7.36,-0.12,-1.6304,15205.86,11098.778
603871.SH,20240906,17.5,17.55,17.14,17.45,17.5,-0.05,-0.2857,40588.32,70550.492
002732.SZ,20240906,13.77,13.98,13.53,13.53,13.77,-0.24,-1.7429,6169.8,8426.809
300078.SZ,20240906,2.47,2.5,2.38,2.39,2.45,-0.06,-2.449,270504.42,65726.699
688368.SH,20240906,51.18,51.18,48.79,49.23,50.82,-1.59,-3.1287,4260.33,21130.804
300230.SZ,20240906,3.27,3.28,3.18,3.19,3.27,-0.08,-2.4465,55595.0,17936.885
920855.BJ,20240906,7.11,7.22,7.06,7.17,7.23,-0.06,-0.8299,625.78,446.439
600872.SH,20240906,17.1,17.15,16.75,16.76,17.07,-0.31,-1.8161,63708.11,107532.186
600271.SH,20240906,8.02,8.08,7.89,7.91,8.02,-0.11,-1.3716,85238.0,68059.065
300846.SZ,20240906,9.35,9.48,9.18,9.21,9.34,-0.13,-1.3919,60911.0,56702.731
301071.SZ,20240906,24.21,24.22,22.95,23.16,24.05,-0.89,-3.7006,31216.8,73229.725
301033.SZ,20240906,42.15,42.71,40.57,40.79,42.47,-1.68,-3.9557,6754.0,27831.52
688559.SH,20240906,27.94,28.05,27.2,27.3,28.01,-0.71,-2.5348,22152.28,61065.803
301516.SZ,20240906,14.62,15.0,14.31,14.32,14.68,-0.36,-2.4523,31163.0,45623.487
600017.SH,20240906,2.68,2.73,2.67,2.67,2.67,0.0,0.0,224689.0,60629.817
002951.SZ,20240906,5.46,5.57,5.21,5.23,5.3,-0.07,-1.3208,30204.36,16271.798
601127.SH,20240906,76.82,78.5,75.57,75.68,76.82,-1.14,-1.484,354126.63,2722928.515
002883.SZ,20240906,8.5,8.57,8.32,8.32,8.49,-0.17,-2.0024,23544.92,19748.129
603298.SH,20240906,17.42,17.61,17.18,17.2,17.31,-0.11,-0.6355,33248.6,57743.228
603887.SH,20240906,6.13,6.13,5.95,5.97,6.17,-0.2,-3.2415,114375.8,68726.786
920469.BJ,20240906,6.3,6.3,5.9,6.02,6.27,-0.25,-3.9872,14496.55,8735.73
300543.SZ,20240906,7.65,7.67,7.42,7.48,7.69,-0.21,-2.7308,38934.2,29298.834
603162.SH,20240906,8.1,8.18,7.98,7.98,8.13,-0.15,-1.845,22412.41,18010.718
000967.SZ,20240906,3.89,3.94,3.84,3.85,3.87,-0.02,-0.5168,125830.71,48945.26
301085.SZ,20240906,43.58,43.96,41.1,41.44,42.62,-1.18,-2.7687,41530.38,175996.74
301024.SZ,20240906,19.31,19.31,18.69,18.72,19.21,-0.49,-2.5508,7076.5,13378.138
688598.SH,20240906,15.6,15.77,15.17,15.18,15.77,-0.59,-3.7413,41017.68,62909.084
300480.SZ,20240906,12.18,12.21,11.88,11.88,12.18,-0.3,-2.4631,26295.0,31479.663
300329.SZ,20240906,4.3,4.49,4.17,4.36,4.36,0.0,0.0,209223.0,89931.588
603602.SH,20240906,12.34,12.38,12.09,12.19,12.31,-0.12,-0.9748,22893.0,27890.9
603135.SH,20240906,8.26,8.28,8.07,8.09,8.24,-0.15,-1.8204,9983.8,8136.865
002472.SZ,20240906,21.36,21.64,21.02,21.04,21.41,-0.37,-1.7282,70436.2,149496.463
002103.SZ,20240906,5.2,5.24,5.06,5.09,5.21,-0.12,-2.3033,100304.0,51709.355
600228.SH,20240906,4.88,5.03,4.83,4.87,4.93,-0.06,-1.217,182456.99,89882.546
920642.BJ,20240906,6.36,6.42,6.27,6.36,6.35,0.01,0.1575,7845.03,4973.279
300877.SZ,20240906,10.84,10.88,10.5,10.55,10.83,-0.28,-2.5854,7043.0,7505.852
605178.SH,20240906,14.93,15.14,14.38,14.42,15.22,-0.8,-5.2562,88565.7,129433.144
301283.SZ,20240906,22.67,22.69,21.93,21.93,22.68,-0.75,-3.3069,7602.7,16872.931
600501.SH,20240906,14.92,15.33,14.7,15.07,14.92,0.15,1.0054,376954.62,566405.821
300296.SZ,20240906,4.15,4.16,4.06,4.06,4.15,-0.09,-2.1687,305274.0,124943.091
000909.SZ,20240906,3.32,3.33,3.2,3.22,3.31,-0.09,-2.719,54457.0,17823.776
002098.SZ,20240906,7.15,7.2,6.92,6.95,7.16,-0.21,-2.933,27092.0,18997.769
300560.SZ,20240906,11.61,11.63,11.22,11.26,11.83,-0.57,-4.8183,137741.5,156804.699
300131.SZ,20240906,5.54,5.7,5.39,5.4,5.64,-0.24,-4.2553,1042010.55,573620.386
600601.SH,20240906,2.79,2.8,2.7,2.7,2.79,-0.09,-3.2258,645337.41,175787.121
600106.SH,20240906,3.72,3.73,3.65,3.68,3.72,-0.04,-1.0753,100976.36,37242.895
600635.SH,20240906,3.2,3.4,3.15,3.4,3.09,0.31,10.0324,1654530.09,548056.845
603737.SH,20240906,28.65,28.78,27.78,27.88,28.81,-0.93,-3.228,34029.32,95966.996
002297.SZ,20240906,5.58,5.61,5.48,5.48,5.57,-0.09,-1.6158,53160.48,29372.896
002613.SZ,20240906,3.35,3.38,3.32,3.32,3.38,-0.06,-1.7751,72567.5,24231.404
001316.SZ,20240906,27.55,27.66,26.48,26.55,27.28,-0.73,-2.676,10010.0,26987.044
600611.SH,20240906,11.44,11.44,11.44,11.44,10.4,1.04,10.0,172777.12,197657.025
300819.SZ,20240906,10.85,10.9,10.45,10.5,10.85,-0.35,-3.2258,11855.5,12552.425
002836.SZ,20240906,6.3,6.34,6.08,6.13,6.28,-0.15,-2.3885,22831.44,14149.083
603223.SH,20240906,8.65,8.7,8.64,8.69,8.67,0.02,0.2307,27177.47,23584.759
300487.SZ,20240906,41.7,42.19,41.15,41.26,41.57,-0.31,-0.7457,17570.46,73159.64
688338.SH,20240906,21.39,21.53,20.75,20.78,21.5,-0.72,-3.3488,5781.07,12160.095
002868.SZ,20240906,12.34,12.46,11.92,11.92,12.35,-0.43,-3.4818,15515.0,18725.08
600771.SH,20240906,17.2,17.29,16.81,16.84,17.2,-0.36,-2.093,26507.99,45002.013
600550.SH,20240906,6.01,6.35,5.73,6.02,5.77,0.25,4.3328,2138857.23,1306982.237
603348.SH,20240906,22.44,22.44,21.61,21.65,22.68,-1.03,-4.5414,76805.28,168546.119
002688.SZ,20240906,3.63,3.64,3.53,3.54,3.62,-0.08,-2.2099,53227.0,18995.417
300670.SZ,20240906,4.99,4.99,4.84,4.84,4.98,-0.14,-2.8112,42348.0,20711.593
002918.SZ,20240906,7.39,7.4,7.23,7.25,7.39,-0.14,-1.8945,30486.69,22218.125
300021.SZ,20240906,3.29,3.3,3.22,3.22,3.29,-0.07,-2.1277,53573.0,17427.657
000731.SZ,20240906,6.64,6.66,6.58,6.61,6.62,-0.01,-0.1511,21550.0,14260.674
300890.SZ,20240906,26.9,27.8,26.36,27.37,27.09,0.28,1.0336,122203.52,333382.833
600072.SH,20240906,12.55,13.1,12.31,12.64,12.54,0.1,0.7974,489779.4,620779.124
603778.SH,20240906,2.82,2.86,2.73,2.74,2.9,-0.16,-5.5172,396496.0,109774.422
002849.SZ,20240906,10.5,11.22,9.86,10.03,10.38,-0.35,-3.3719,130553.6,136858.047
300476.SZ,20240906,27.95,28.23,27.1,27.14,28.23,-1.09,-3.8611,286660.47,789355.243
002633.SZ,20240906,7.73,7.82,7.52,7.68,7.8,-0.12,-1.5385,28736.0,21975.232
300975.SZ,20240906,8.01,8.2,7.83,7.85,8.04,-0.19,-2.3632,229275.29,183866.248
002524.SZ,20240906,3.29,3.32,3.2,3.22,3.31,-0.09,-2.719,49133.01,15985.53
000166.SZ,20240906,4.37,4.47,4.32,4.41,4.31,0.1,2.3202,1029039.79,453524.847
002691.SZ,20240906,4.88,4.97,4.75,4.78,4.88,-0.1,-2.0492,87420.0,42285.601
688395.SH,20240906,13.51,13.59,13.04,13.1,13.53,-0.43,-3.1781,3435.86,4551.915
688515.SH,20240906,55.99,56.5,54.12,54.58,55.86,-1.28,-2.2914,6637.21,36581.663
600919.SH,20240906,7.83,7.98,7.83,7.86,7.83,0.03,0.3831,817839.49,647627.528
603588.SH,20240906,4.83,4.84,4.7,4.71,4.8,-0.09,-1.875,106145.04,50309.341
603392.SH,20240906,69.22,69.4,68.41,68.47,69.22,-0.75,-1.0835,12172.23,83682.8
601028.SH,20240906,11.95,12.39,11.92,12.2,11.91,0.29,2.4349,170593.66,207575.989
688090.SH,20240906,39.5,39.58,38.21,38.3,39.59,-1.29,-3.2584,11532.33,44711.853
600325.SH,20240906,5.62,5.64,5.44,5.47,5.66,-0.19,-3.3569,225254.96,124613.812
600107.SH,20240906,3.4,3.42,3.23,3.26,3.38,-0.12,-3.5503,72524.0,23881.138
002644.SZ,20240906,6.64,6.64,6.47,6.47,6.61,-0.14,-2.118,26303.0,17207.718
688106.SH,20240906,16.21,16.33,15.4,15.45,16.21,-0.76,-4.6885,37676.88,59118.98
300850.SZ,20240906,15.5,15.51,14.82,14.84,15.48,-0.64,-4.1344,87504.32,131384.724
600302.SH,20240906,3.6,3.62,3.51,3.52,3.6,-0.08,-2.2222,44034.0,15646.01
000973.SZ,20240906,3.76,3.76,3.69,3.69,3.76,-0.07,-1.8617,48370.1,18013.991
603041.SH,20240906,9.19,9.2,8.96,9.0,9.18,-0.18,-1.9608,11975.0,10831.112
301185.SZ,20240906,14.28,14.39,13.92,13.96,14.36,-0.4,-2.7855,26123.0,36860.848
603018.SH,20240906,6.57,6.62,6.45,6.45,6.57,-0.12,-1.8265,130051.0,84943.459
300654.SZ,20240906,8.01,8.07,7.82,7.84,8.03,-0.19,-2.3661,54940.4,43439.353
600578.SH,20240906,3.27,3.3,3.22,3.23,3.27,-0.04,-1.2232,190743.41,62212.475
605336.SH,20240906,10.08,10.09,9.88,9.9,10.08,-0.18,-1.7857,8442.6,8409.979
603658.SH,20240906,40.74,40.81,39.81,40.0,40.7,-0.7,-1.7199,20539.47,82416.43
300875.SZ,20240906,24.66,24.66,22.3,22.47,24.63,-2.16,-8.7698,75202.43,175324.211
920694.BJ,20240906,10.16,10.28,9.97,10.06,10.19,-0.13,-1.2758,2513.78,2545.188
300564.SZ,20240906,8.55,8.99,8.39,8.43,8.57,-0.14,-1.6336,63091.0,54530.79
000516.SZ,20240906,4.3,4.31,4.21,4.21,4.3,-0.09,-2.093,78017.0,33077.615
688701.SH,20240906,4.31,4.31,4.18,4.23,4.29,-0.06,-1.3986,13718.94,5797.275
300488.SZ,20240906,19.25,19.3,18.85,18.85,19.3,-0.45,-2.3316,3953.0,7514.127
603918.SH,20240906,9.03,9.87,8.84,9.25,8.97,0.28,3.1215,280395.02,264701.265
002430.SZ,20240906,17.75,17.8,17.1,17.27,17.75,-0.48,-2.7042,62013.26,107100.907
600570.SH,20240906,16.56,16.56,16.09,16.1,16.33,-0.23,-1.4085,99705.35,162257.849
600232.SH,20240906,4.51,4.54,4.44,4.46,4.52,-0.06,-1.3274,27201.0,12209.353
688390.SH,20240906,47.47,47.68,44.66,44.78,47.47,-2.69,-5.6667,63993.18,292152.698
300982.SZ,20240906,15.99,16.05,15.6,15.6,16.02,-0.42,-2.6217,13892.51,21939.853
000948.SZ,20240906,13.02,13.15,12.87,13.07,13.22,-0.15,-1.1346,177155.65,230562.653
002022.SZ,20240906,5.48,5.5,5.36,5.37,5.48,-0.11,-2.0073,34136.0,18557.249
300523.SZ,20240906,14.57,14.8,14.1,14.15,14.49,-0.34,-2.3464,9550.0,13676.095
603803.SH,20240906,5.54,5.54,5.31,5.31,5.51,-0.2,-3.6298,70199.26,37794.271
301319.SZ,20240906,25.52,25.9,24.82,24.9,25.78,-0.88,-3.4135,8580.07,21638.163
002603.SZ,20240906,15.36,15.47,15.15,15.17,15.38,-0.21,-1.3654,72615.0,110675.909
688063.SH,20240906,40.38,40.4,38.29,38.34,40.4,-2.06,-5.099,36232.04,141318.395
600855.SH,20240906,8.94,9.04,8.76,8.77,8.99,-0.22,-2.4472,79072.0,70472.727
300233.SZ,20240906,11.44,11.46,11.16,11.19,11.39,-0.2,-1.7559,35177.0,39608.895
603739.SH,20240906,10.73,10.76,10.38,10.4,10.73,-0.33,-3.0755,43678.0,45976.416
300966.SZ,20240906,14.53,14.83,14.13,14.21,14.55,-0.34,-2.3368,14447.0,20817.441
600874.SH,20240906,4.87,4.9,4.83,4.83,4.89,-0.06,-1.227,57457.22,27943.348
301258.SZ,20240906,21.69,22.07,21.05,21.08,21.91,-0.83,-3.7882,16870.0,36140.53
600058.SH,20240906,6.11,6.18,6.08,6.09,6.15,-0.06,-0.9756,25338.0,15504.566
002114.SZ,20240906,4.61,4.65,4.53,4.55,4.63,-0.08,-1.7279,50931.24,23321.021
600187.SH,20240906,2.44,2.5,2.33,2.35,2.47,-0.12,-4.8583,1588345.96,380989.008
301148.SZ,20240906,16.07,16.08,15.61,15.62,16.05,-0.43,-2.6791,6040.0,9512.008
688691.SH,20240906,38.17,38.17,36.68,36.68,38.19,-1.51,-3.9539,10614.92,39501.784
605333.SH,20240906,24.55,25.66,24.31,24.88,24.78,0.1,0.4036,50830.0,127313.64
000153.SZ,20240906,5.27,5.28,5.13,5.15,5.27,-0.12,-2.277,37595.6,19536.589
002848.SZ,20240906,7.0,7.17,6.69,6.71,7.08,-0.37,-5.226,85489.95,58866.794
300163.SZ,20240906,1.64,1.7,1.61,1.68,1.66,0.02,1.2048,355874.0,58746.816
603236.SH,20240906,43.58,43.8,42.98,43.06,43.67,-0.61,-1.3968,27654.3,119657.64
301015.SZ,20240906,23.58,23.93,22.78,22.97,23.36,-0.39,-1.6695,29040.0,67329.15
300358.SZ,20240906,6.72,6.72,6.43,6.43,6.67,-0.24,-3.5982,35953.6,23436.012
601518.SH,20240906,2.4,2.42,2.37,2.38,2.39,-0.01,-0.4184,105747.91,25401.28
600436.SH,20240906,204.0,204.75,202.21,202.47,204.0,-1.53,-0.75,6770.67,137367.074
301183.SZ,20240906,37.95,39.5,35.43,37.18,37.19,-0.01,-0.0269,67092.45,250020.281
600906.SH,20240906,5.71,5.76,5.59,5.62,5.62,0.0,0.0,235644.0,133698.706
605169.SH,20240906,8.75,8.75,8.47,8.52,8.7,-0.18,-2.069,33714.44,28970.328
600650.SH,20240906,12.0,12.39,11.82,12.39,11.26,1.13,10.0355,349226.09,429756.549
300615.SZ,20240906,9.85,9.92,9.57,9.6,9.86,-0.26,-2.6369,54700.3,52993.353
920925.BJ,20240906,10.58,10.7,10.55,10.66,10.69,-0.03,-0.2806,689.53,732.25
003007.SZ,20240906,23.97,24.08,23.28,23.39,23.96,-0.57,-2.379,19937.0,47062.043
600165.SH,20240906,2.54,2.54,2.34,2.39,2.42,-0.03,-1.2397,612589.65,151770.664
002057.SZ,20240906,6.06,6.1,5.97,5.97,6.08,-0.11,-1.8092,47060.0,28264.743
301295.SZ,20240906,17.88,18.15,17.59,17.64,17.78,-0.14,-0.7874,12427.0,22103.163
002886.SZ,20240906,13.08,13.2,12.88,12.92,13.19,-0.27,-2.047,32222.0,41830.211
600530.SH,20240906,2.69,2.76,2.6,2.62,2.51,0.11,4.3825,201798.5,54286.448
300536.SZ,20240906,5.78,5.85,5.52,5.54,5.78,-0.24,-4.1522,79275.0,44913.866
002231.SZ,20240906,4.51,4.61,4.34,4.35,4.57,-0.22,-4.814,259861.82,115452.065
600843.SH,20240906,7.26,7.62,7.26,7.46,7.29,0.17,2.332,578589.01,432882.673
300878.SZ,20240906,14.99,15.06,14.16,14.22,14.78,-0.56,-3.7889,13252.2,19113.326
301150.SZ,20240906,18.15,18.36,17.45,17.56,18.41,-0.85,-4.6171,28561.11,50727.185
600345.SH,20240906,15.45,15.56,14.9,14.97,15.45,-0.48,-3.1068,40577.99,61528.655
301518.SZ,20240906,14.23,14.28,13.79,13.8,14.02,-0.22,-1.5692,7523.2,10446.343
300706.SZ,20240906,18.03,18.03,17.46,17.52,18.0,-0.48,-2.6667,15407.0,27325.993
688778.SH,20240906,27.78,28.05,27.08,27.09,27.91,-0.82,-2.938,10976.83,30090.272
002677.SZ,20240906,6.74,6.83,6.7,6.72,6.76,-0.04,-0.5917,13766.0,9313.915
300284.SZ,20240906,6.55,6.82,6.47,6.48,6.5,-0.02,-0.3077,502228.81,333861.539
920509.BJ,20240906,7.03,7.07,6.95,6.96,7.03,-0.07,-0.9957,2459.32,1718.248
688232.SH,20240906,20.28,20.46,19.52,19.57,20.26,-0.69,-3.4057,9855.22,19493.322
300672.SZ,20240906,45.24,45.49,43.98,44.02,45.25,-1.23,-2.7182,28801.0,128575.621
600765.SH,20240906,17.29,17.36,16.78,16.8,17.3,-0.5,-2.8902,91668.8,155623.761
603833.SH,20240906,43.02,43.08,42.0,42.0,43.25,-1.25,-2.8902,14094.79,59764.954
002826.SZ,20240906,8.18,8.23,8.03,8.06,8.21,-0.15,-1.827,29678.0,24030.645
688592.SH,20240906,30.0,30.06,28.38,28.6,29.9,-1.3,-4.3478,4607.47,13428.065
300141.SZ,20240906,7.68,7.68,7.45,7.46,7.62,-0.16,-2.0997,26735.0,20136.122
300026.SZ,20240906,3.26,3.29,3.2,3.21,3.27,-0.06,-1.8349,203250.0,65666.913
603897.SH,20240906,18.14,18.62,18.0,18.16,18.16,0.0,0.0,37451.34,68825.249
300814.SZ,20240906,24.02,24.15,23.23,23.28,24.19,-0.91,-3.7619,20080.0,47485.213
300009.SZ,20240906,7.87,7.89,7.73,7.78,7.86,-0.08,-1.0178,76274.64,59369.483
920856.BJ,20240906,4.38,4.39,4.29,4.34,4.35,-0.01,-0.2299,751.65,325.935
601577.SH,20240906,6.97,7.04,6.91,6.94,6.97,-0.03,-0.4304,173664.81,121251.762
002165.SZ,20240906,3.32,3.34,3.28,3.28,3.34,-0.06,-1.7964,66410.0,21926.42
000593.SZ,20240906,4.64,4.64,4.54,4.55,4.62,-0.07,-1.5152,37040.0,16968.276
603280.SH,20240906,18.97,19.09,18.6,18.61,19.0,-0.39,-2.0526,7335.0,13796.462
300433.SZ,20240906,16.27,16.29,15.74,15.8,16.18,-0.38,-2.3486,297441.72,475147.708
300432.SZ,20240906,6.79,7.12,6.64,6.89,6.77,0.12,1.7725,340215.83,233139.933
301041.SZ,20240906,20.17,21.32,20.0,21.32,20.46,0.86,4.2033,87709.61,183166.685
600063.SH,20240906,3.27,3.28,3.21,3.22,3.28,-0.06,-1.8293,81200.0,26308.2
300187.SZ,20240906,4.21,4.24,4.15,4.15,4.22,-0.07,-1.6588,36531.0,15299.796
920926.BJ,20240906,9.97,10.07,9.72,9.87,9.96,-0.09,-0.9036,7516.63,7401.619
600778.SH,20240906,4.38,4.5,4.32,4.4,4.41,-0.01,-0.2268,73867.19,32591.392
920378.BJ,20240906,4.2,4.2,4.09,4.09,4.18,-0.09,-2.1531,11028.48,4565.838
000970.SZ,20240906,8.17,8.19,8.08,8.08,8.19,-0.11,-1.3431,43651.0,35467.98
920832.BJ,20240906,4.01,4.02,3.95,3.99,4.02,-0.03,-0.7463,1429.16,568.061
605199.SH,20240906,11.26,11.3,10.34,10.36,10.58,-0.22,-2.0794,90855.0,98217.204
002928.SZ,20240906,5.65,5.72,5.58,5.58,5.66,-0.08,-1.4134,71783.0,40597.08
300559.SZ,20240906,8.35,8.42,8.18,8.23,8.35,-0.12,-1.4371,68622.54,56775.362
688595.SH,20240906,24.65,24.67,23.69,23.75,24.6,-0.85,-3.4553,14190.23,34177.596
603183.SH,20240906,3.19,3.2,3.11,3.12,3.19,-0.07,-2.1944,115026.84,36214.488
002757.SZ,20240906,11.47,11.5,11.17,11.17,11.48,-0.31,-2.7003,28603.0,32351.08
300158.SZ,20240906,3.99,4.02,3.9,3.9,4.0,-0.1,-2.5,111927.0,44185.497
003010.SZ,20240906,12.09,12.5,11.83,11.87,12.12,-0.25,-2.0627,74273.8,90168.702
688320.SH,20240906,22.81,23.09,22.12,22.16,22.91,-0.75,-3.2737,21056.92,47272.012
301038.SZ,20240906,13.97,14.99,13.87,14.6,14.02,0.58,4.1369,93213.23,134793.987
301361.SZ,20240906,21.95,21.95,20.88,20.92,21.78,-0.86,-3.9486,20720.69,43959.14
920876.BJ,20240906,8.85,8.85,8.36,8.42,8.76,-0.34,-3.8813,9074.03,7791.444
002241.SZ,20240906,19.35,19.41,18.98,18.98,19.35,-0.37,-1.9121,387783.85,741344.208
002146.SZ,20240906,1.2,1.21,1.17,1.17,1.2,-0.03,-2.5,532581.0,63080.964
600435.SH,20240906,8.53,8.54,8.21,8.28,8.5,-0.22,-2.5882,133687.0,111749.477
600219.SH,20240906,3.63,3.64,3.57,3.58,3.61,-0.03,-0.831,616010.75,221819.221
920478.BJ,20240906,11.86,11.88,11.48,11.52,11.82,-0.3,-2.5381,5638.23,6561.697
300293.SZ,20240906,15.3,16.35,15.12,15.81,15.37,0.44,2.8627,357023.44,560204.426
920284.BJ,20240906,5.26,5.26,5.15,5.16,5.22,-0.06,-1.1494,7568.22,3923.108
603106.SH,20240906,4.52,4.76,4.49,4.51,4.53,-0.02,-0.4415,256275.72,118013.857
600183.SH,20240906,17.8,17.9,17.27,17.31,17.83,-0.52,-2.9164,138595.5,242218.012
601169.SH,20240906,5.22,5.32,5.21,5.22,5.21,0.01,0.1919,675200.55,356129.029
600036.SH,20240906,31.25,31.74,31.2,31.25,31.2,0.05,0.1603,383182.14,1206615.762
300286.SZ,20240906,16.11,16.14,15.51,15.55,16.1,-0.55,-3.4161,23766.03,37320.045
300434.SZ,20240906,7.25,7.31,6.97,7.02,7.18,-0.16,-2.2284,51912.66,36681.454
600775.SH,20240906,7.44,7.48,7.34,7.35,7.44,-0.09,-1.2097,95704.0,70671.44
001380.SZ,20240906,16.19,16.19,15.72,15.77,16.08,-0.31,-1.9279,8845.02,14060.089
000901.SZ,20240906,9.32,9.68,9.28,9.32,9.31,0.01,0.1074,675697.89,639486.035
603059.SH,20240906,19.74,20.01,19.42,19.49,19.87,-0.38,-1.9124,5279.0,10350.783
601233.SH,20240906,11.37,11.43,11.09,11.1,11.42,-0.32,-2.8021,214689.1,241320.35
688166.SH,20240906,25.59,25.75,23.5,24.99,25.76,-0.77,-2.9891,127728.14,312179.288
302132.SZ,20240906,42.0,42.15,41.22,41.36,42.08,-0.72,-1.711,35232.55,146756.527
