ts_code,trade_date,open,high,low,close,pre_close,change,pct_chg,vol,amount
002625.SZ,20240105,14.36,14.43,13.96,14.02,14.37,-0.35,-2.4356,131748.22,186338.585
002512.SZ,20240105,6.07,6.1,5.76,5.84,6.15,-0.31,-5.0407,1109825.01,657696.255
300922.SZ,20240105,17.49,17.59,16.8,16.96,17.49,-0.53,-3.0303,19352.0,33151.242
300871.SZ,20240105,14.53,14.56,14.16,14.21,14.5,-0.29,-2.0,10893.79,15609.379
002870.SZ,20240105,35.47,35.55,33.77,33.98,35.4,-1.42,-4.0113,25154.14,87062.837
600248.SH,20240105,4.03,4.09,4.01,4.02,4.04,-0.02,-0.495,233306.9,94590.034
300192.SZ,20240105,9.79,9.84,9.43,9.48,9.85,-0.37,-3.7563,119390.02,114869.308
002696.SZ,20240105,6.79,6.85,6.71,6.73,6.78,-0.05,-0.7375,71533.02,48523.619
000610.SZ,20240105,13.94,14.61,13.87,13.9,13.99,-0.09,-0.6433,164288.0,233443.215
300418.SZ,20240105,34.0,34.3,32.82,33.18,34.4,-1.22,-3.5465,459158.37,1537286.973
002830.SZ,20240105,15.3,15.34,14.78,14.89,15.3,-0.41,-2.6797,17548.0,26352.275
300854.SZ,20240105,17.95,18.28,17.67,17.82,17.96,-0.14,-0.7795,12430.0,22270.588
300720.SZ,20240105,13.79,13.87,13.37,13.45,13.68,-0.23,-1.6813,14697.6,19979.094
001228.SZ,20240105,31.6,31.81,30.83,31.02,31.59,-0.57,-1.8044,4620.13,14425.944
600155.SH,20240105,8.24,8.3,8.09,8.11,8.25,-0.14,-1.697,275695.38,225806.58
300626.SZ,20240105,10.99,11.17,10.81,10.9,11.0,-0.1,-0.9091,28480.0,31231.822
000042.SZ,20240105,5.71,5.88,5.71,5.76,5.7,0.06,1.0526,76474.24,44428.443
000507.SZ,20240105,5.42,5.47,5.33,5.39,5.43,-0.04,-0.7366,63212.95,34321.094
600989.SH,20240105,14.72,14.81,14.5,14.6,14.73,-0.13,-0.8826,147788.97,216685.645
301503.SZ,20240105,36.2,39.66,35.51,39.66,33.05,6.61,20.0,48874.82,187488.578
300214.SZ,20240105,6.45,6.5,6.29,6.32,6.43,-0.11,-1.7107,67718.0,43210.438
920092.BJ,20240105,39.6,39.6,35.16,36.0,40.0,-4.0,-10.0,32500.48,121472.606
300447.SZ,20240105,14.37,14.46,13.96,14.04,14.39,-0.35,-2.4322,21724.0,30793.615
002192.SZ,20240105,52.38,53.81,51.68,51.89,52.3,-0.41,-0.7839,72590.17,383318.752
000711.SZ,20240105,2.06,2.08,2.01,2.03,2.06,-0.03,-1.4563,108555.0,22202.741
601088.SH,20240105,33.33,33.8,33.08,33.45,33.43,0.02,0.0598,316555.86,1060931.502
600851.SH,20240105,6.84,6.87,6.66,6.68,6.86,-0.18,-2.6239,27418.0,18530.734
002903.SZ,20240105,25.35,26.6,22.59,22.59,25.1,-2.51,-10.0,215797.39,519090.731
600879.SH,20240105,7.75,7.8,7.46,7.51,7.79,-0.28,-3.5944,309633.02,234740.825
301032.SZ,20240105,10.1,10.21,9.85,9.91,10.02,-0.11,-1.0978,58209.26,58357.761
920790.BJ,20240105,13.08,13.38,11.76,12.0,13.3,-1.3,-9.7744,58604.1,73258.467
000830.SZ,20240105,10.0,10.05,9.88,9.94,10.04,-0.1,-0.996,85305.0,85153.126
301070.SZ,20240105,41.78,42.22,40.5,40.8,41.78,-0.98,-2.3456,7408.0,30415.25
001366.SZ,20240105,16.05,16.24,15.41,15.48,16.05,-0.57,-3.5514,73681.31,116022.743
001314.SZ,20240105,61.17,62.6,57.35,57.9,61.64,-3.74,-6.0675,107850.39,642055.98
600848.SH,20240105,10.03,10.09,9.95,10.01,10.02,-0.01,-0.0998,36303.34,36347.572
300960.SZ,20240105,22.95,22.95,22.05,22.15,22.52,-0.37,-1.643,8541.0,19032.157
002515.SZ,20240105,5.71,5.75,5.59,5.62,5.71,-0.09,-1.5762,87835.92,49794.251
601696.SH,20240105,10.14,10.22,10.01,10.04,10.15,-0.11,-1.0837,120694.49,122146.834
301306.SZ,20240105,37.36,37.6,35.51,35.94,37.41,-1.47,-3.9294,10857.78,39544.335
600684.SH,20240105,3.45,3.52,3.42,3.43,3.46,-0.03,-0.8671,134658.38,46761.724
002679.SZ,20240105,13.51,13.82,13.2,13.29,13.65,-0.36,-2.6374,117285.0,158026.76
600623.SH,20240105,6.58,6.59,6.43,6.45,6.56,-0.11,-1.6768,128922.9,84030.073
300758.SZ,20240105,10.15,10.22,9.9,9.96,10.14,-0.18,-1.7751,23252.4,23324.659
002289.SZ,20240105,5.8,5.8,5.58,5.6,5.76,-0.16,-2.7778,15297.0,8657.885
002501.SZ,20240105,1.43,1.45,1.39,1.39,1.42,-0.03,-2.1127,226825.0,32072.103
920826.BJ,20240105,11.65,12.26,11.51,12.17,11.54,0.63,5.4593,170015.43,202719.346
000410.SZ,20240105,7.16,7.17,6.92,6.95,7.1,-0.15,-2.1127,54733.01,38421.279
002992.SZ,20240105,70.6,71.82,68.68,69.3,70.54,-1.24,-1.7579,13365.88,93359.084
301281.SZ,20240105,34.18,34.18,33.12,33.38,34.1,-0.72,-2.1114,14956.26,50246.802
601818.SH,20240105,2.95,3.0,2.94,2.98,2.94,0.04,1.3605,2084583.39,621017.908
002344.SZ,20240105,4.16,4.19,4.06,4.08,4.16,-0.08,-1.9231,136864.26,56341.433
002670.SZ,20240105,9.13,9.26,9.05,9.09,9.17,-0.08,-0.8724,139637.1,127741.278
300589.SZ,20240105,14.05,14.17,13.77,13.89,14.08,-0.19,-1.3494,72201.3,100547.47
300836.SZ,20240105,28.56,28.85,27.91,28.02,28.56,-0.54,-1.8908,7187.7,20283.99
920946.BJ,20240105,10.37,10.43,9.79,9.91,10.27,-0.36,-3.5054,65783.1,66253.123
300483.SZ,20240105,11.73,11.77,11.48,11.51,11.75,-0.24,-2.0426,26823.6,31191.45
300488.SZ,20240105,26.32,27.78,25.33,25.61,26.6,-0.99,-3.7218,94069.35,247488.131
002884.SZ,20240105,18.13,18.6,17.9,18.02,18.27,-0.25,-1.3684,29928.77,54647.372
300386.SZ,20240105,10.57,10.6,10.29,10.37,10.56,-0.19,-1.7992,26685.0,27829.25
002019.SZ,20240105,14.8,14.93,14.5,14.54,14.8,-0.26,-1.7568,68685.62,100879.132
000560.SZ,20240105,2.19,2.22,2.17,2.18,2.19,-0.01,-0.4566,244098.31,53629.307
002424.SZ,20240105,8.08,8.11,7.87,7.89,8.1,-0.21,-2.5926,178997.0,142893.805
002149.SZ,20240105,16.24,16.45,15.79,15.87,16.26,-0.39,-2.3985,74792.0,119804.61
002355.SZ,20240105,5.41,5.44,5.08,5.11,5.31,-0.2,-3.7665,380342.86,196638.081
920627.BJ,20240105,13.51,16.73,13.33,16.73,12.87,3.86,29.9922,188845.39,296385.156
002920.SZ,20240105,115.1,117.55,113.35,114.19,115.1,-0.91,-0.7906,33259.77,383639.682
002321.SZ,20240105,2.36,2.37,2.3,2.31,2.37,-0.06,-2.5316,124856.0,29080.289
300144.SZ,20240105,9.88,10.01,9.77,9.82,9.92,-0.1,-1.0081,133865.63,132467.347
600815.SH,20240105,2.73,2.75,2.68,2.69,2.72,-0.03,-1.1029,90914.0,24650.524
601128.SH,20240105,6.28,6.49,6.25,6.4,6.28,0.12,1.9108,362952.89,232283.598
002255.SZ,20240105,5.85,5.93,5.58,5.63,6.07,-0.44,-7.2488,1007568.63,576761.524
601665.SH,20240105,3.92,4.0,3.91,3.95,3.92,0.03,0.7653,237453.45,93973.501
002248.SZ,20240105,8.05,8.14,7.87,7.9,8.08,-0.18,-2.2277,60214.0,48109.796
600726.SH,20240105,2.21,2.23,2.18,2.19,2.22,-0.03,-1.3514,102658.0,22673.571
920414.BJ,20240105,16.35,16.79,15.09,15.13,16.17,-1.04,-6.4317,46562.49,74420.051
600277.SH,20240105,2.66,2.68,2.61,2.62,2.66,-0.04,-1.5038,180628.6,47765.985
002027.SZ,20240105,6.14,6.25,6.08,6.19,6.16,0.03,0.487,1013665.11,627911.359
300752.SZ,20240105,17.28,17.49,16.79,16.9,17.29,-0.39,-2.2556,26692.78,45634.502
600195.SH,20240105,12.1,12.28,11.92,11.98,12.12,-0.14,-1.1551,72649.85,87959.956
600775.SH,20240105,11.87,11.96,10.68,10.79,11.81,-1.02,-8.6367,685698.06,768862.062
600718.SH,20240105,9.05,9.08,8.8,8.89,9.03,-0.14,-1.5504,120226.0,107154.056
002154.SZ,20240105,5.83,5.95,5.78,5.82,5.82,0.0,0.0,140526.88,82169.61
301031.SZ,20240105,130.85,131.49,125.71,126.5,130.82,-4.32,-3.3022,4132.0,52987.958
301073.SZ,20240105,23.27,23.88,22.6,22.7,23.09,-0.39,-1.689,49602.34,115320.369
600733.SH,20240105,5.84,5.88,5.64,5.66,5.82,-0.16,-2.7491,818735.18,471491.366
002737.SZ,20240105,26.7,26.75,25.58,25.75,26.76,-1.01,-3.7743,97653.25,254690.762
300668.SZ,20240105,24.8,25.0,24.1,24.2,24.63,-0.43,-1.7458,13407.0,32829.292
002607.SZ,20240105,4.02,4.03,3.91,3.92,4.02,-0.1,-2.4876,893620.28,354352.309
002224.SZ,20240105,5.14,5.17,5.0,5.04,5.13,-0.09,-1.7544,101163.0,51405.498
300962.SZ,20240105,15.31,15.53,15.04,15.13,15.35,-0.22,-1.4332,11487.54,17604.301
300887.SZ,20240105,11.38,11.46,11.14,11.19,11.37,-0.18,-1.5831,58428.61,66071.072
300669.SZ,20240105,15.74,15.74,15.3,15.45,15.55,-0.1,-0.6431,16048.11,24770.315
300082.SZ,20240105,7.03,7.17,6.92,6.96,7.08,-0.12,-1.6949,32870.0,23162.634
000004.SZ,20240105,16.58,17.49,16.04,16.36,16.88,-0.52,-3.0806,129763.88,216743.557
600054.SH,20240105,11.52,11.71,11.27,11.33,11.51,-0.18,-1.5639,80667.0,92711.54
300740.SZ,20240105,16.72,16.76,16.16,16.2,16.75,-0.55,-3.2836,74023.7,121468.904
600818.SH,20240105,11.86,12.04,11.67,11.78,11.85,-0.07,-0.5907,36441.0,43249.344
300927.SZ,20240105,17.2,17.24,16.63,16.76,17.17,-0.41,-2.3879,13422.6,22654.801
000419.SZ,20240105,5.95,5.99,5.83,5.85,5.95,-0.1,-1.6807,61891.0,36612.069
300959.SZ,20240105,35.07,35.3,33.93,34.15,35.0,-0.85,-2.4286,10004.0,34577.311
002818.SZ,20240105,13.0,13.12,12.74,12.8,12.98,-0.18,-1.3867,34490.97,44550.924
300904.SZ,20240105,61.6,62.79,60.25,60.56,61.85,-1.29,-2.0857,10137.47,62108.176
000070.SZ,20240105,7.84,7.86,7.59,7.62,7.81,-0.19,-2.4328,109927.13,84583.328
002668.SZ,20240105,6.65,6.77,6.62,6.65,6.68,-0.03,-0.4491,83576.43,55914.586
300847.SZ,20240105,16.77,16.85,16.23,16.34,16.78,-0.44,-2.6222,39807.5,65626.479
000957.SZ,20240105,8.88,8.94,8.68,8.72,8.86,-0.14,-1.5801,69708.0,61479.432
000592.SZ,20240105,2.55,2.55,2.46,2.51,2.54,-0.03,-1.1811,358505.0,90053.882
002653.SZ,20240105,24.0,24.09,23.5,23.61,24.03,-0.42,-1.7478,29672.0,70317.607
000812.SZ,20240105,5.1,5.35,5.09,5.2,5.13,0.07,1.3645,362980.08,190133.295
002307.SZ,20240105,4.28,4.38,4.26,4.29,4.29,0.0,0.0,107103.92,46436.394
000825.SZ,20240105,3.83,3.89,3.81,3.84,3.84,0.0,0.0,233708.01,90164.136
600033.SH,20240105,3.26,3.29,3.24,3.26,3.27,-0.01,-0.3058,239162.04,78164.493
002122.SZ,20240105,4.11,4.13,3.92,3.94,4.1,-0.16,-3.9024,474863.0,190667.063
920058.BJ,20240105,24.7,30.0,23.75,26.4,24.55,1.85,7.5356,41702.33,109180.769
600608.SH,20240105,4.28,4.31,4.28,4.28,4.5,-0.22,-4.8889,29776.0,12747.293
000995.SZ,20240105,16.85,17.17,16.23,16.28,16.85,-0.57,-3.3828,59889.0,99410.563
301160.SZ,20240105,41.34,41.87,40.41,40.65,41.34,-0.69,-1.6691,10505.84,43315.362
002909.SZ,20240105,7.82,7.91,7.67,7.71,7.81,-0.1,-1.2804,43001.72,33436.26
600226.SH,20240105,2.59,2.63,2.59,2.61,2.59,0.02,0.7722,105063.18,27367.645
002568.SZ,20240105,22.89,22.98,22.5,22.59,23.1,-0.51,-2.2078,57376.1,130402.464
002326.SZ,20240105,11.15,11.39,10.94,10.97,11.15,-0.18,-1.6143,85182.48,95064.615
300869.SZ,20240105,20.24,20.41,19.96,20.03,20.37,-0.34,-1.6691,21013.55,42388.911
002419.SZ,20240105,5.47,5.55,5.46,5.51,5.49,0.02,0.3643,147494.52,81223.465
301137.SZ,20240105,18.59,18.71,18.08,18.19,18.5,-0.31,-1.6757,20683.0,37899.609
002718.SZ,20240105,17.3,17.51,16.98,17.14,17.3,-0.16,-0.9249,8443.0,14535.014
002967.SZ,20240105,14.64,14.64,14.19,14.22,14.67,-0.45,-3.0675,40299.86,58044.896
000757.SZ,20240105,4.81,4.88,4.71,4.73,4.81,-0.08,-1.6632,81690.0,39079.011
600722.SH,20240105,5.48,5.52,5.21,5.28,5.6,-0.32,-5.7143,401470.84,214631.473
002915.SZ,20240105,16.53,17.35,16.21,16.67,16.53,0.14,0.8469,404244.52,680730.014
002022.SZ,20240105,10.6,10.68,10.34,10.41,10.61,-0.2,-1.885,92019.0,96687.101
601699.SH,20240105,23.08,23.43,22.92,23.19,23.06,0.13,0.5637,228026.39,529293.084
300346.SZ,20240105,26.69,26.98,26.06,26.18,26.78,-0.6,-2.2405,48589.85,128727.875
002407.SZ,20240105,14.45,14.97,14.37,14.45,14.55,-0.1,-0.6873,108118.2,158387.091
002392.SZ,20240105,3.85,3.89,3.81,3.83,3.87,-0.04,-1.0336,62667.1,24113.264
000707.SZ,20240105,8.15,8.16,7.97,8.0,8.14,-0.14,-1.7199,56652.0,45631.875
002259.SZ,20240105,3.39,3.41,3.36,3.37,3.4,-0.03,-0.8824,24146.0,8156.7
600692.SH,20240105,6.34,6.41,6.22,6.26,6.33,-0.07,-1.1058,108751.82,68751.781
600271.SH,20240105,10.3,10.32,10.05,10.1,10.3,-0.2,-1.9417,120233.38,122451.822
600178.SH,20240105,13.59,13.75,12.74,12.85,13.8,-0.95,-6.8841,445504.99,585898.904
601137.SH,20240105,15.04,15.29,14.72,14.81,15.12,-0.31,-2.0503,76252.18,114231.713
601717.SH,20240105,13.09,13.35,13.0,13.16,13.09,0.07,0.5348,191604.97,253173.905
300218.SZ,20240105,12.92,13.1,12.61,12.66,12.88,-0.22,-1.7081,31258.0,40164.327
601108.SH,20240105,7.7,7.75,7.61,7.65,7.7,-0.05,-0.6494,238365.41,183182.126
002080.SZ,20240105,15.64,15.7,15.19,15.25,15.5,-0.25,-1.6129,85108.64,131510.948
002161.SZ,20240105,5.43,5.5,5.3,5.33,5.47,-0.14,-2.5594,93862.05,50634.6
600297.SH,20240105,1.68,1.7,1.67,1.67,1.68,-0.01,-0.5952,413231.0,69580.28
002600.SZ,20240105,6.16,6.33,6.05,6.1,6.15,-0.05,-0.813,614940.69,379413.469
002960.SZ,20240105,13.47,13.55,13.14,13.19,13.48,-0.29,-2.1513,34934.64,46451.42
002130.SZ,20240105,7.56,7.58,7.35,7.38,7.57,-0.19,-2.5099,128042.82,95364.319
002632.SZ,20240105,8.95,9.16,8.36,8.37,9.29,-0.92,-9.9031,862252.49,746949.486
300079.SZ,20240105,5.53,5.54,5.36,5.37,5.5,-0.13,-2.3636,194108.58,105453.716
002265.SZ,20240105,11.45,11.48,11.06,11.11,11.55,-0.44,-3.8095,73575.33,82912.24
002166.SZ,20240105,7.6,7.6,7.32,7.35,7.48,-0.13,-1.738,63561.83,47230.876
002287.SZ,20240105,22.47,22.47,22.06,22.11,22.41,-0.3,-1.3387,8359.38,18571.806
600058.SH,20240105,9.49,9.57,9.4,9.44,9.48,-0.04,-0.4219,25652.0,24342.639
601860.SH,20240105,2.54,2.62,2.53,2.57,2.55,0.02,0.7843,864944.75,223752.991
920152.BJ,20240105,17.58,17.74,16.29,16.39,17.57,-1.18,-6.716,13309.48,22428.968
002729.SZ,20240105,22.77,22.95,22.0,22.21,22.66,-0.45,-1.9859,23007.5,51686.326
000659.SZ,20240105,2.41,2.44,2.36,2.38,2.41,-0.03,-1.2448,83386.35,19943.139
002349.SZ,20240105,8.85,8.88,8.68,8.69,8.85,-0.16,-1.8079,87768.48,76986.01
300271.SZ,20240105,7.77,7.81,7.56,7.62,7.77,-0.15,-1.9305,77850.57,59847.47
002799.SZ,20240105,11.79,11.93,11.25,11.28,11.77,-0.49,-4.1631,126538.2,145119.271
920833.BJ,20240105,15.54,15.54,14.51,14.7,15.4,-0.7,-4.5455,22192.06,33309.037
920075.BJ,20240105,15.97,16.08,14.5,14.75,15.99,-1.24,-7.7548,34037.02,51595.641
002576.SZ,20240105,17.15,17.35,16.55,16.67,17.24,-0.57,-3.3063,61936.0,104923.791
300010.SZ,20240105,2.6,2.64,2.45,2.5,2.59,-0.09,-3.4749,192117.67,48453.974
000893.SZ,20240105,24.7,24.89,24.47,24.52,24.81,-0.29,-1.1689,38059.49,93861.937
300537.SZ,20240105,19.15,19.17,18.11,18.25,19.07,-0.82,-4.2999,60470.2,112219.94
300238.SZ,20240105,13.65,13.65,13.21,13.33,13.69,-0.36,-2.6297,26877.81,36126.433
300414.SZ,20240105,9.66,9.72,9.38,9.41,9.66,-0.25,-2.588,39315.0,37466.794
300077.SZ,20240105,10.8,10.92,10.55,10.59,10.82,-0.23,-2.1257,65715.12,70376.896
920564.BJ,20240105,18.4,19.0,16.53,17.09,17.43,-0.34,-1.9507,65279.33,117359.499
301086.SZ,20240105,44.73,45.57,43.94,44.08,44.99,-0.91,-2.0227,3711.5,16579.515
300807.SZ,20240105,31.33,31.45,30.43,30.63,31.22,-0.59,-1.8898,10743.94,33112.897
920556.BJ,20240105,6.86,6.92,6.21,6.36,6.8,-0.44,-6.4706,51354.6,33881.545
300279.SZ,20240105,6.45,6.47,6.23,6.27,6.43,-0.16,-2.4883,54460.0,34525.205
000615.SZ,20240105,4.23,4.39,4.15,4.39,4.2,0.19,4.5238,375624.39,159797.296
002886.SZ,20240105,19.97,20.1,19.22,19.27,19.91,-0.64,-3.2145,55713.0,108894.878
600149.SH,20240105,5.77,5.82,5.64,5.68,5.78,-0.1,-1.7301,69079.81,39558.154
601000.SH,20240105,3.8,3.9,3.78,3.81,3.8,0.01,0.2632,546779.63,210155.484
002497.SZ,20240105,12.48,12.88,12.35,12.4,12.56,-0.16,-1.2739,150067.76,189353.733
300369.SZ,20240105,9.3,9.36,9.07,9.16,9.28,-0.12,-1.2931,75662.85,69666.599
300627.SZ,20240105,29.11,29.29,28.45,28.58,29.11,-0.53,-1.8207,29904.0,86321.758
600004.SH,20240105,9.23,9.38,9.19,9.22,9.27,-0.05,-0.5394,188377.53,175014.8
000869.SZ,20240105,23.33,23.43,23.01,23.07,23.34,-0.27,-1.1568,14463.08,33589.286
601399.SH,20240105,2.85,2.87,2.8,2.81,2.86,-0.05,-1.7483,205011.48,58250.013
000633.SZ,20240105,7.17,7.18,6.94,6.99,7.13,-0.14,-1.9635,47786.0,33698.847
002638.SZ,20240105,2.65,2.67,2.6,2.61,2.66,-0.05,-1.8797,125311.0,32988.27
000996.SZ,20240105,4.23,4.26,4.12,4.14,4.24,-0.1,-2.3585,25077.5,10507.278
002187.SZ,20240105,6.43,6.48,6.32,6.34,6.45,-0.11,-1.7054,54146.6,34629.268
000552.SZ,20240105,3.19,3.23,3.15,3.18,3.2,-0.02,-0.625,389986.0,124498.209
600640.SH,20240105,11.44,11.44,10.88,10.97,11.36,-0.39,-3.4331,84116.01,93225.683
300540.SZ,20240105,25.26,25.8,24.4,24.57,24.95,-0.38,-1.523,21878.0,54814.263
300332.SZ,20240105,7.91,8.08,7.83,8.04,7.91,0.13,1.6435,153004.15,122195.506
002159.SZ,20240105,16.59,16.7,16.13,16.29,16.62,-0.33,-1.9856,63143.0,103525.002
300300.SZ,20240105,4.08,4.09,3.97,3.99,4.05,-0.06,-1.4815,98267.09,39577.004
300126.SZ,20240105,7.23,7.32,7.08,7.13,7.27,-0.14,-1.9257,31057.0,22310.131
301312.SZ,20240105,96.0,99.95,94.92,96.0,96.24,-0.24,-0.2494,7676.0,74457.837
300779.SZ,20240105,50.33,50.77,49.35,49.53,50.33,-0.8,-1.5895,8941.59,44799.209
600210.SH,20240105,4.73,4.86,4.68,4.69,4.71,-0.02,-0.4246,133304.1,63487.529
000723.SZ,20240105,6.7,6.73,6.58,6.61,6.7,-0.09,-1.3433,179565.0,119493.655
600802.SH,20240105,5.35,5.43,5.29,5.33,5.35,-0.02,-0.3738,54012.0,28960.495
002290.SZ,20240105,14.29,14.52,14.15,14.22,14.28,-0.06,-0.4202,46482.74,66460.633
300706.SZ,20240105,25.25,25.4,24.23,24.3,25.19,-0.89,-3.5331,20571.8,50869.824
002472.SZ,20240105,24.48,25.15,24.36,24.59,24.45,0.14,0.5726,121245.06,300567.285
000488.SZ,20240105,3.91,3.94,3.88,3.9,3.92,-0.02,-0.5102,91860.65,35953.436
920981.BJ,20240105,20.8,21.0,18.58,18.86,21.19,-2.33,-10.9958,40874.43,80748.129
301216.SZ,20240105,14.13,14.24,13.97,14.0,14.16,-0.16,-1.1299,25429.23,35847.987
301205.SZ,20240105,96.98,97.2,91.6,92.19,97.0,-4.81,-4.9588,33853.0,317092.731
600157.SH,20240105,1.39,1.4,1.37,1.38,1.39,-0.01,-0.7194,2254966.05,312293.251
301107.SZ,20240105,32.67,32.67,30.93,31.07,31.62,-0.55,-1.7394,5944.0,18731.137
003035.SZ,20240105,5.23,5.27,5.16,5.18,5.23,-0.05,-0.956,81330.39,42401.914
920892.BJ,20240105,13.72,13.72,12.63,12.91,13.42,-0.51,-3.8003,13478.03,17735.961
000021.SZ,20240105,15.23,15.29,14.78,14.86,15.27,-0.41,-2.685,195279.07,292884.836
002933.SZ,20240105,35.44,36.38,34.69,34.84,34.85,-0.01,-0.0287,86080.9,305777.474
002376.SZ,20240105,7.59,7.64,7.44,7.46,7.59,-0.13,-1.7128,54575.29,41136.421
002320.SZ,20240105,5.89,5.94,5.83,5.87,5.89,-0.02,-0.3396,99305.37,58483.449
001209.SZ,20240105,18.38,18.5,17.9,18.0,18.38,-0.38,-2.0675,19328.85,35038.634
301318.SZ,20240105,35.2,35.21,33.65,33.89,35.5,-1.61,-4.5352,31041.46,106650.865
920799.BJ,20240105,13.82,14.25,13.13,13.25,14.1,-0.85,-6.0284,97111.68,132661.01
002421.SZ,20240105,3.14,3.45,3.13,3.31,3.14,0.17,5.414,1117841.49,366267.363
002479.SZ,20240105,5.06,5.1,5.0,5.04,5.02,0.02,0.3984,241726.32,122125.931
002892.SZ,20240105,15.5,15.7,14.9,15.02,15.37,-0.35,-2.2772,153599.36,234309.542
300851.SZ,20240105,30.65,31.17,30.4,30.65,30.76,-0.11,-0.3576,8732.41,26954.428
600779.SH,20240105,56.0,56.83,55.54,55.67,56.45,-0.78,-1.3818,25761.42,144606.663
000831.SZ,20240105,26.8,27.18,26.3,26.43,26.93,-0.5,-1.8567,74382.66,198786.012
600129.SH,20240105,47.02,47.5,45.68,45.98,47.6,-1.62,-3.4034,77702.35,360728.149
601089.SH,20240105,17.7,18.12,17.42,17.65,17.61,0.04,0.2271,50659.31,90101.87
300803.SZ,20240105,57.7,59.65,57.5,58.04,58.11,-0.07,-0.1205,69864.32,408307.42
002648.SZ,20240105,15.05,15.42,14.92,15.19,15.1,0.09,0.596,199956.35,305193.684
301236.SZ,20240105,46.01,47.59,45.21,46.41,45.89,0.52,1.1331,654338.18,3030806.3
300062.SZ,20240105,6.28,6.32,6.13,6.15,6.25,-0.1,-1.6,67905.1,42151.402
601669.SH,20240105,4.88,4.95,4.86,4.87,4.89,-0.02,-0.409,619825.03,304304.507
300061.SZ,20240105,5.82,5.83,5.64,5.66,5.8,-0.14,-2.4138,90838.0,51867.512
003025.SZ,20240105,15.99,15.99,14.71,15.99,14.54,1.45,9.9725,574759.46,898191.364
600261.SH,20240105,3.26,3.29,3.21,3.24,3.26,-0.02,-0.6135,124080.0,40434.336
002163.SZ,20240105,8.91,8.97,8.81,8.84,8.94,-0.1,-1.1186,38036.0,33831.19
300872.SZ,20240105,13.7,13.79,13.44,13.54,13.68,-0.14,-1.0234,26428.06,35975.841
001338.SZ,20240105,11.97,11.97,11.68,11.7,11.86,-0.16,-1.3491,46137.0,54389.685
002863.SZ,20240105,6.18,6.24,6.04,6.09,6.16,-0.07,-1.1364,86642.1,53273.054
300800.SZ,20240105,13.78,13.88,13.5,13.57,13.77,-0.2,-1.4524,10058.0,13786.524
301002.SZ,20240105,20.75,20.95,20.32,20.42,20.69,-0.27,-1.305,12302.32,25282.258
000895.SZ,20240105,26.63,26.95,26.48,26.7,26.63,0.07,0.2629,126431.34,338169.248
601866.SH,20240105,2.43,2.47,2.42,2.44,2.43,0.01,0.4115,459976.4,112464.459
301046.SZ,20240105,26.85,27.26,26.25,26.43,26.91,-0.48,-1.7837,11871.0,31675.58
301019.SZ,20240105,24.18,24.18,23.32,23.5,24.04,-0.54,-2.2463,9876.0,23360.816
300230.SZ,20240105,4.1,4.14,4.03,4.05,4.11,-0.06,-1.4599,62755.0,25565.703
002179.SZ,20240105,38.01,38.01,36.41,36.8,38.1,-1.3,-3.4121,114509.63,422847.104
301446.SZ,20240105,31.88,32.13,31.11,31.27,31.54,-0.27,-0.8561,5893.0,18615.641
002941.SZ,20240105,12.79,12.98,12.68,12.72,12.83,-0.11,-0.8574,57785.57,74168.734
300768.SZ,20240105,14.05,14.09,13.71,13.81,14.02,-0.21,-1.4979,21355.5,29644.157
002231.SZ,20240105,6.58,6.62,6.39,6.42,6.59,-0.17,-2.5797,58871.0,38211.317
002032.SZ,20240105,53.15,54.55,52.66,54.01,53.36,0.65,1.2181,24552.74,132598.428
002772.SZ,20240105,8.06,8.07,7.88,7.93,8.06,-0.13,-1.6129,30511.0,24336.608
002734.SZ,20240105,8.2,8.39,8.13,8.17,8.17,0.0,0.0,47921.05,39717.249
301111.SZ,20240105,24.99,25.31,23.88,23.98,24.79,-0.81,-3.2674,80254.72,196601.698
000620.SZ,20240105,1.86,1.88,1.82,1.83,1.86,-0.03,-1.6129,242744.2,44897.034
002351.SZ,20240105,16.62,16.82,16.02,16.06,16.67,-0.61,-3.6593,169203.88,277233.029
300844.SZ,20240105,34.06,34.28,33.45,33.62,34.02,-0.4,-1.1758,5712.52,19331.916
300229.SZ,20240105,15.88,15.9,15.08,15.22,15.77,-0.55,-3.4876,237311.27,367601.111
301168.SZ,20240105,44.87,46.32,41.07,41.65,46.04,-4.39,-9.5352,82320.0,358884.117
600847.SH,20240105,11.96,11.99,11.61,11.7,11.87,-0.17,-1.4322,28261.0,33380.99
000800.SZ,20240105,8.36,8.45,8.23,8.25,8.36,-0.11,-1.3158,105780.71,88259.467
002879.SZ,20240105,16.2,16.28,15.69,15.76,16.14,-0.38,-2.3544,22863.08,36557.712
301367.SZ,20240105,113.5,114.65,111.02,111.74,114.38,-2.64,-2.3081,4288.43,48491.029
600106.SH,20240105,6.6,6.77,6.42,6.55,6.58,-0.03,-0.4559,284622.87,188302.357
301439.SZ,20240105,15.05,15.21,14.77,14.8,14.93,-0.13,-0.8707,26866.92,40172.234
002079.SZ,20240105,10.83,10.93,10.49,10.56,10.82,-0.26,-2.403,87663.0,93637.209
600985.SH,20240105,17.85,18.05,17.63,17.72,17.91,-0.19,-1.0609,215470.56,383282.734
600030.SH,20240105,19.95,20.18,19.66,19.79,20.0,-0.21,-1.05,696147.77,1387740.195
300092.SZ,20240105,13.44,13.52,12.96,13.02,13.45,-0.43,-3.197,21771.0,28742.518
301330.SZ,20240105,31.48,31.56,30.48,30.78,31.42,-0.64,-2.0369,24061.54,74457.818
300181.SZ,20240105,10.95,11.47,10.95,11.16,10.91,0.25,2.2915,299509.07,334886.648
600986.SH,20240105,5.37,5.37,5.15,5.18,5.37,-0.19,-3.5382,442272.73,231677.013
002738.SZ,20240105,35.49,37.28,35.46,36.14,35.77,0.37,1.0344,203698.13,746246.005
301326.SZ,20240105,38.66,39.52,37.63,37.89,38.45,-0.56,-1.4564,10064.65,38634.511
000050.SZ,20240105,10.2,10.33,10.11,10.12,10.18,-0.06,-0.5894,104439.89,106590.669
920663.BJ,20240105,15.38,15.73,14.16,14.4,15.81,-1.41,-8.9184,49222.12,73606.583
002367.SZ,20240105,7.55,7.61,7.46,7.47,7.57,-0.1,-1.321,45357.37,34186.876
000890.SZ,20240105,5.4,5.44,5.11,5.16,5.52,-0.36,-6.5217,478820.01,251170.788
920039.BJ,20240105,9.67,9.9,8.61,8.74,9.31,-0.57,-6.1224,51779.17,48125.816
300868.SZ,20240105,21.39,21.8,21.03,21.19,21.44,-0.25,-1.166,12025.0,25742.62
002310.SZ,20240105,1.9,1.91,1.85,1.86,1.9,-0.04,-2.1053,333587.0,62657.465
002883.SZ,20240105,12.55,12.74,12.43,12.49,12.58,-0.09,-0.7154,33825.64,42523.95
000927.SZ,20240105,2.73,2.73,2.67,2.68,2.73,-0.05,-1.8315,292016.0,78935.206
300612.SZ,20240105,18.38,18.47,17.76,17.91,18.37,-0.46,-2.5041,50374.0,91061.808
600766.SH,20240105,18.1,18.22,17.23,17.63,18.12,-0.49,-2.7042,25213.0,45089.527
300675.SZ,20240105,15.5,15.8,15.14,15.26,15.47,-0.21,-1.3575,16880.0,25899.827
002431.SZ,20240105,2.49,2.51,2.44,2.46,2.49,-0.03,-1.2048,145485.5,35959.381
000959.SZ,20240105,3.49,3.53,3.47,3.48,3.48,0.0,0.0,227722.33,79781.555
002164.SZ,20240105,6.63,6.9,6.26,6.34,6.71,-0.37,-5.5142,635410.9,418732.979
002616.SZ,20240105,5.42,5.46,5.35,5.38,5.41,-0.03,-0.5545,62835.0,33992.088
002303.SZ,20240105,3.58,3.6,3.51,3.54,3.57,-0.03,-0.8403,98207.0,34918.698
600967.SH,20240105,8.37,8.41,8.2,8.26,8.37,-0.11,-1.3142,57955.05,48103.13
301229.SZ,20240105,32.34,32.88,31.7,31.96,32.16,-0.2,-0.6219,10293.33,33138.566
920509.BJ,20240105,11.71,12.57,11.1,11.28,12.03,-0.75,-6.2344,57047.68,67650.907
600805.SH,20240105,6.28,6.6,5.8,5.82,6.14,-0.32,-5.2117,1636859.77,1011350.925
000422.SZ,20240105,10.67,10.75,10.29,10.39,10.8,-0.41,-3.7963,427098.99,448374.925
601166.SH,20240105,14.58,14.98,14.55,14.81,14.62,0.19,1.2996,1033392.37,1529703.912
300570.SZ,20240105,39.31,39.6,35.5,35.92,40.08,-4.16,-10.3792,247816.57,914823.195
002590.SZ,20240105,11.27,11.32,10.9,10.95,11.27,-0.32,-2.8394,83985.42,93290.871
300355.SZ,20240105,3.71,3.73,3.65,3.66,3.71,-0.05,-1.3477,196891.9,72654.717
301288.SZ,20240105,19.4,19.62,19.05,19.16,19.44,-0.28,-1.4403,7275.73,14037.036
301081.SZ,20240105,11.27,11.39,11.03,11.08,11.25,-0.17,-1.5111,15223.4,17011.685
000698.SZ,20240105,4.72,5.07,4.72,5.01,4.78,0.23,4.8117,1191446.83,587074.154
600278.SH,20240105,7.06,7.1,6.88,6.9,7.1,-0.2,-2.8169,45574.96,31818.34
000793.SZ,20240105,2.19,2.22,2.13,2.14,2.2,-0.06,-2.7273,391370.0,84805.341
300751.SZ,20240105,120.71,122.2,116.88,117.7,120.57,-2.87,-2.3804,33229.82,395939.167
600693.SH,20240105,4.13,4.18,4.04,4.08,4.11,-0.03,-0.7299,70807.0,29141.932
300117.SZ,20240105,2.91,2.92,2.84,2.86,2.9,-0.04,-1.3793,84897.0,24385.932
600642.SH,20240105,6.75,6.85,6.72,6.76,6.75,0.01,0.1481,244107.19,165855.542
002318.SZ,20240105,20.44,21.0,20.4,20.59,20.5,0.09,0.439,78597.0,163389.971
301011.SZ,20240105,22.66,22.69,21.69,21.9,22.66,-0.76,-3.3539,35847.84,79375.893
600610.SH,20240105,9.2,9.52,8.44,8.73,9.35,-0.62,-6.631,726337.23,652165.872
002136.SZ,20240105,11.82,11.86,11.57,11.62,11.82,-0.2,-1.692,17693.2,20675.029
301376.SZ,20240105,25.03,25.25,24.28,24.51,25.09,-0.58,-2.3117,35520.84,87798.57
002098.SZ,20240105,7.0,7.03,6.79,6.82,6.95,-0.13,-1.8705,59428.01,41085.599
002749.SZ,20240105,12.23,12.38,11.9,12.06,12.26,-0.2,-1.6313,41176.03,49944.005
300034.SZ,20240105,20.32,20.48,19.21,19.37,20.51,-1.14,-5.5583,190898.48,375173.739
300826.SZ,20240105,18.46,18.68,17.46,17.5,17.74,-0.24,-1.3529,66315.14,119463.422
300640.SZ,20240105,6.55,6.66,6.44,6.48,6.54,-0.06,-0.9174,91702.9,60015.449
300215.SZ,20240105,5.39,5.39,5.22,5.24,5.33,-0.09,-1.6886,37078.0,19587.569
002646.SZ,20240105,13.3,13.37,13.05,13.09,13.33,-0.24,-1.8005,33147.15,43758.382
920932.BJ,20240105,20.32,20.74,18.18,18.2,20.32,-2.12,-10.4331,50422.69,97361.567
600061.SH,20240105,6.59,6.66,6.53,6.55,6.59,-0.04,-0.607,197620.03,130407.828
002531.SZ,20240105,11.16,11.32,10.82,10.89,11.2,-0.31,-2.7679,163111.99,179480.068
300897.SZ,20240105,34.46,34.73,33.7,33.82,34.46,-0.64,-1.8572,4631.0,15796.119
000541.SZ,20240105,6.38,6.43,6.26,6.29,6.4,-0.11,-1.7188,91315.52,57918.234
002517.SZ,20240105,10.89,10.95,10.56,10.65,11.0,-0.35,-3.1818,514059.93,551555.799
002173.SZ,20240105,8.68,8.69,8.38,8.4,8.67,-0.27,-3.1142,118776.0,100975.176
600198.SH,20240105,6.44,6.48,6.29,6.3,6.46,-0.16,-2.4768,53109.0,33873.878
002543.SZ,20240105,9.38,9.38,8.96,9.02,9.37,-0.35,-3.7353,144921.59,132176.371
300737.SZ,20240105,6.06,6.15,5.99,6.01,6.08,-0.07,-1.1513,71294.63,43360.605
600655.SH,20240105,6.21,6.24,6.15,6.18,6.18,0.0,0.0,96348.3,59765.578
600712.SH,20240105,5.05,5.08,4.89,4.93,5.05,-0.12,-2.3762,286038.0,142129.524
601005.SH,20240105,1.38,1.4,1.37,1.37,1.38,-0.01,-0.7246,379762.9,52503.121
002162.SZ,20240105,4.55,4.67,4.48,4.52,4.55,-0.03,-0.6593,407137.39,186254.721
301258.SZ,20240105,32.1,32.36,31.21,31.45,32.16,-0.71,-2.2077,11172.19,35508.461
920870.BJ,20240105,16.99,16.99,14.5,14.5,16.15,-1.65,-10.2167,68559.9,106175.936
300505.SZ,20240105,17.35,17.94,16.37,16.8,18.14,-1.34,-7.387,271816.53,461701.316
301003.SZ,20240105,25.43,25.69,24.81,25.0,25.45,-0.45,-1.7682,9354.1,23506.486
601633.SH,20240105,23.84,24.23,23.45,23.64,23.84,-0.2,-0.8389,151424.55,360513.572
600966.SH,20240105,6.25,6.32,6.15,6.17,6.25,-0.08,-1.28,66210.02,41299.851
000025.SZ,20240105,15.9,15.95,15.56,15.6,15.86,-0.26,-1.6393,27790.0,43774.605
601061.SH,20240105,7.71,7.81,7.65,7.7,7.71,-0.01,-0.1297,84387.62,65270.126
601898.SH,20240105,10.41,10.7,10.36,10.56,10.49,0.07,0.6673,584345.02,614539.206
001283.SZ,20240105,52.79,55.58,51.45,51.86,51.77,0.09,0.1738,18468.16,99087.607
002785.SZ,20240105,28.47,28.77,27.09,27.35,28.52,-1.17,-4.1024,74765.0,207864.283
601339.SH,20240105,4.88,5.07,4.88,4.97,4.91,0.06,1.222,181072.65,90725.372
301528.SZ,20240105,71.0,71.84,68.83,69.3,70.88,-1.58,-2.2291,6613.99,46523.271
600785.SH,20240105,14.95,15.25,14.61,14.73,15.0,-0.27,-1.8,51088.27,76292.868
920961.BJ,20240105,15.0,15.16,13.74,13.81,15.16,-1.35,-8.905,63951.35,91428.544
600970.SH,20240105,9.9,10.27,9.85,9.93,9.94,-0.01,-0.1006,257028.18,257745.172
920748.BJ,20240105,22.0,23.0,21.7,22.22,22.33,-0.11,-0.4926,25345.37,56620.411
300031.SZ,20240105,17.7,17.77,16.68,16.9,17.86,-0.96,-5.3751,307481.64,525551.522
000301.SZ,20240105,9.51,9.61,9.38,9.42,9.53,-0.11,-1.1542,130380.87,123705.197
300611.SZ,20240105,11.42,11.57,11.1,11.16,11.4,-0.24,-2.1053,30727.74,34762.689
002614.SZ,20240105,7.8,7.8,7.65,7.69,7.73,-0.04,-0.5175,68641.98,53098.007
601369.SH,20240105,7.98,8.1,7.79,7.86,8.01,-0.15,-1.8727,83628.82,66361.572
300876.SZ,20240105,25.48,25.59,24.96,25.05,25.37,-0.32,-1.2613,3395.8,8558.134
000807.SZ,20240105,11.74,11.97,11.67,11.83,11.79,0.04,0.3393,337391.54,399406.755
002736.SZ,20240105,8.37,8.43,8.27,8.33,8.37,-0.04,-0.4779,248874.23,208198.722
002747.SZ,20240105,17.49,17.54,16.87,16.99,17.39,-0.4,-2.3002,115232.94,198135.646
000816.SZ,20240105,3.0,3.02,2.94,2.95,3.01,-0.06,-1.9934,191379.0,56964.604
300680.SZ,20240105,17.98,18.1,17.56,17.82,17.97,-0.15,-0.8347,23537.24,41874.992
600662.SH,20240105,4.89,4.92,4.8,4.82,4.9,-0.08,-1.6327,68658.76,33402.634
301269.SZ,20240105,102.45,103.17,100.4,100.81,102.46,-1.65,-1.6104,11023.05,111987.955
920346.BJ,20240105,16.05,16.47,14.81,14.81,16.19,-1.38,-8.5238,38970.04,61069.532
002298.SZ,20240105,5.69,5.71,5.46,5.53,5.67,-0.14,-2.4691,168069.14,93387.647
300211.SZ,20240105,9.93,9.93,9.58,9.66,9.86,-0.2,-2.0284,26802.0,26020.468
002733.SZ,20240105,15.01,15.33,14.81,14.88,14.97,-0.09,-0.6012,63007.0,94893.685
601107.SH,20240105,4.52,4.6,4.48,4.51,4.55,-0.04,-0.8791,103429.66,46856.276
601666.SH,20240105,12.29,12.32,11.9,12.06,12.29,-0.23,-1.8714,476002.94,576515.253
001289.SZ,20240105,19.59,19.9,19.38,19.55,19.63,-0.08,-0.4075,19250.54,37822.415
000766.SZ,20240105,19.75,20.2,19.37,19.49,19.8,-0.31,-1.5657,443895.53,879762.845
000039.SZ,20240105,7.9,8.32,7.87,7.95,7.89,0.06,0.7605,432107.36,351132.031
301515.SZ,20240105,28.43,30.97,28.29,29.67,28.45,1.22,4.2882,43760.1,129333.769
300569.SZ,20240105,7.03,7.1,6.86,6.89,7.03,-0.14,-1.9915,56754.84,39516.127
600257.SH,20240105,6.53,6.58,6.3,6.34,6.53,-0.19,-2.9096,293274.53,188067.324
301202.SZ,20240105,31.67,31.69,30.61,30.94,31.33,-0.39,-1.2448,25712.77,79823.139
000912.SZ,20240105,4.66,4.71,4.6,4.63,4.7,-0.07,-1.4894,133124.53,61903.944
600056.SH,20240105,11.16,11.19,11.01,11.03,11.15,-0.12,-1.0762,66106.31,73367.977
002046.SZ,20240105,11.34,11.43,10.98,11.05,11.35,-0.3,-2.6432,67054.0,74929.018
301101.SZ,20240105,38.49,38.95,37.88,37.88,38.69,-0.81,-2.0936,6413.0,24518.878
000826.SZ,20240105,2.95,2.95,2.85,2.87,2.95,-0.08,-2.7119,222843.13,64516.242
600887.SH,20240105,25.98,26.45,25.91,26.12,25.97,0.15,0.5776,387187.66,1016121.754
300432.SZ,20240105,10.13,10.28,9.87,9.93,10.12,-0.19,-1.8775,115023.42,115934.89
000878.SZ,20240105,10.92,11.11,10.85,10.92,10.93,-0.01,-0.0915,258011.17,283540.34
300617.SZ,20240105,29.85,30.1,29.36,29.5,29.78,-0.28,-0.9402,8325.15,24711.836
300011.SZ,20240105,7.98,8.13,7.82,7.86,7.99,-0.13,-1.627,103619.0,82537.963
002276.SZ,20240105,9.99,10.07,9.74,9.8,9.99,-0.19,-1.9019,105110.63,103960.2
301161.SZ,20240105,19.97,20.19,19.62,19.67,19.97,-0.3,-1.5023,6912.09,13703.746
002821.SZ,20240105,110.5,111.19,106.9,107.36,110.45,-3.09,-2.7976,44075.96,478901.837
300347.SZ,20240105,50.14,50.83,49.51,49.83,50.42,-0.59,-1.1702,87048.52,436335.74
300793.SZ,20240105,20.16,21.07,19.73,20.23,20.14,0.09,0.4469,237850.57,485486.33
000055.SZ,20240105,4.57,4.59,4.5,4.53,4.56,-0.03,-0.6579,51229.0,23311.515
600301.SH,20240105,12.42,12.54,12.15,12.23,12.46,-0.23,-1.8459,39043.44,48065.515
002851.SZ,20240105,24.5,24.5,23.83,23.96,24.08,-0.12,-0.4983,36139.04,87486.39
000417.SZ,20240105,5.1,5.16,5.03,5.06,5.1,-0.04,-0.7843,155760.86,79427.193
300525.SZ,20240105,15.03,15.23,14.63,14.73,15.0,-0.27,-1.8,68946.61,102942.814
600710.SH,20240105,7.23,7.47,7.2,7.37,7.25,0.12,1.6552,168046.37,124094.814
002826.SZ,20240105,12.22,12.28,11.82,11.88,12.23,-0.35,-2.8618,36111.0,43411.232
300935.SZ,20240105,27.6,27.66,26.7,26.97,27.42,-0.45,-1.6411,6598.4,17966.942
003021.SZ,20240105,82.05,84.93,80.2,80.88,82.52,-1.64,-1.9874,24117.06,199107.839
301361.SZ,20240105,23.79,24.12,23.41,23.59,23.83,-0.24,-1.0071,8175.62,19400.292
301297.SZ,20240105,25.64,25.74,24.82,25.02,25.58,-0.56,-2.1892,46078.92,116525.538
600191.SH,20240105,6.23,6.25,6.1,6.11,6.23,-0.12,-1.9262,38686.0,23862.657
002040.SZ,20240105,7.4,7.43,7.27,7.31,7.43,-0.12,-1.6151,56052.5,41178.083
301115.SZ,20240105,17.88,17.91,17.5,17.7,17.79,-0.09,-0.5059,10482.44,18631.953
600939.SH,20240105,3.34,3.37,3.31,3.33,3.33,0.0,0.0,90134.0,30151.709
600735.SH,20240105,6.65,6.69,6.55,6.6,6.68,-0.08,-1.1976,45618.0,30213.897
600741.SH,20240105,15.92,16.34,15.81,16.08,15.92,0.16,1.005,140625.96,227147.691
300666.SZ,20240105,55.93,56.25,51.2,52.56,55.92,-3.36,-6.0086,52374.67,279543.057
002235.SZ,20240105,7.4,7.5,7.16,7.24,7.31,-0.07,-0.9576,269880.13,197694.935
002566.SZ,20240105,9.3,9.3,9.02,9.08,9.28,-0.2,-2.1552,119139.0,108960.792
301371.SZ,20240105,39.8,40.28,38.29,38.85,40.09,-1.24,-3.093,31793.89,124880.468
002030.SZ,20240105,9.73,9.76,9.63,9.65,9.74,-0.09,-0.924,101198.7,98026.492
300623.SZ,20240105,15.29,15.39,14.97,15.02,15.32,-0.3,-1.9582,34641.13,52541.32
002923.SZ,20240105,12.34,12.41,12.11,12.15,12.35,-0.2,-1.6194,24276.44,29720.654
600683.SH,20240105,4.73,4.82,4.69,4.72,4.74,-0.02,-0.4219,94818.56,45147.848
000333.SZ,20240105,55.2,56.08,54.85,55.6,55.25,0.35,0.6335,300428.77,1669357.551
000976.SZ,20240105,1.64,1.66,1.59,1.6,1.65,-0.05,-3.0303,176750.8,28599.481
300068.SZ,20240105,12.88,13.24,12.64,12.69,12.76,-0.07,-0.5486,218362.63,282422.864
002043.SZ,20240105,8.91,8.99,8.81,8.84,8.88,-0.04,-0.4505,75645.0,67456.526
301486.SZ,20240105,45.12,45.75,43.88,44.12,45.0,-0.88,-1.9556,23397.41,104235.732
002385.SZ,20240105,5.8,5.8,5.68,5.69,5.8,-0.11,-1.8966,391483.88,224544.401
601689.SH,20240105,69.0,69.23,66.31,66.68,68.1,-1.42,-2.0852,86812.75,586394.314
002029.SZ,20240105,5.83,5.86,5.73,5.75,5.83,-0.08,-1.3722,73339.0,42544.119
601212.SH,20240105,2.7,2.73,2.68,2.69,2.7,-0.01,-0.3704,189555.0,51250.882
301290.SZ,20240105,27.82,27.85,27.12,27.25,27.68,-0.43,-1.5535,5017.12,13786.874
301186.SZ,20240105,38.92,39.3,37.93,38.19,38.9,-0.71,-1.8252,5362.0,20699.434
000686.SZ,20240105,6.98,7.05,6.91,6.93,6.99,-0.06,-0.8584,78982.48,55131.012
300595.SZ,20240105,21.38,21.56,20.87,20.94,21.41,-0.47,-2.1952,59029.5,124857.12
002532.SZ,20240105,5.97,6.02,5.89,5.9,5.99,-0.09,-1.5025,191726.52,114077.549
301289.SZ,20240105,54.67,54.75,51.56,52.18,55.44,-3.26,-5.8802,24099.23,127582.532
300520.SZ,20240105,21.39,21.39,20.49,20.56,21.14,-0.58,-2.7436,39989.8,83532.959
920924.BJ,20240105,12.13,12.39,11.35,11.46,12.29,-0.83,-6.7535,27373.82,32366.262
301357.SZ,20240105,50.8,51.04,49.6,50.5,50.94,-0.44,-0.8638,16464.38,82673.598
300690.SZ,20240105,18.22,18.3,17.29,17.39,18.05,-0.66,-3.6565,51696.2,91192.62
000685.SZ,20240105,7.59,7.64,7.52,7.53,7.59,-0.06,-0.7905,87177.79,66124.919
920726.BJ,20240105,12.08,14.29,12.0,12.96,11.78,1.18,10.017,57808.66,75449.149
000920.SZ,20240105,10.03,10.13,9.87,9.94,10.02,-0.08,-0.7984,60944.14,60973.517
001218.SZ,20240105,22.38,22.5,22.05,22.1,22.38,-0.28,-1.2511,7182.0,16002.45
300503.SZ,20240105,17.59,17.75,16.41,16.47,17.33,-0.86,-4.9625,199122.0,339446.381
002467.SZ,20240105,4.6,4.6,4.46,4.49,4.59,-0.1,-2.1786,184895.83,83676.503
000908.SZ,20240105,3.29,3.29,3.21,3.22,3.28,-0.06,-1.8293,110558.77,35920.831
300430.SZ,20240105,14.18,14.28,13.71,13.86,14.14,-0.28,-1.9802,25106.0,35056.717
300342.SZ,20240105,14.64,14.64,13.72,13.87,14.66,-0.79,-5.3888,207294.56,293134.213
920866.BJ,20240105,8.34,8.43,7.68,7.91,8.29,-0.38,-4.5838,40460.31,32364.26
300719.SZ,20240105,13.56,13.69,13.23,13.31,13.57,-0.26,-1.916,37054.52,49789.29
600050.SH,20240105,4.27,4.32,4.23,4.25,4.28,-0.03,-0.7009,1419313.94,606476.282
002756.SZ,20240105,50.16,52.99,50.16,51.1,50.3,0.8,1.5905,134275.82,694470.592
002054.SZ,20240105,7.0,7.03,6.88,6.9,6.99,-0.09,-1.2876,22412.0,15587.427
000785.SZ,20240105,3.11,3.15,3.07,3.08,3.13,-0.05,-1.5974,339916.93,105967.462
301339.SZ,20240105,19.84,20.0,19.34,19.41,19.79,-0.38,-1.9202,22775.92,44819.664
300195.SZ,20240105,6.79,6.88,6.63,6.7,6.8,-0.1,-1.4706,121872.0,82150.144
601727.SH,20240105,4.18,4.22,4.13,4.14,4.18,-0.04,-0.9569,244174.0,101922.352
301191.SZ,20240105,86.75,87.11,83.05,84.18,86.9,-2.72,-3.13,15255.72,129462.593
002466.SZ,20240105,53.25,55.85,53.25,54.0,53.66,0.34,0.6336,352907.7,1933976.027
601368.SH,20240105,5.57,5.61,5.51,5.54,5.57,-0.03,-0.5386,77916.99,43407.079
000925.SZ,20240105,8.92,8.99,8.49,8.54,8.9,-0.36,-4.0449,382487.0,332922.458
301282.SZ,20240105,24.11,24.52,23.66,23.81,24.29,-0.48,-1.9761,10340.11,24853.278
600794.SH,20240105,4.14,4.17,4.05,4.07,4.16,-0.09,-2.1635,137022.61,56177.759
600188.SH,20240105,21.8,22.1,21.59,21.9,21.76,0.14,0.6434,478811.73,1048157.502
300843.SZ,20240105,22.8,23.05,22.06,22.18,22.65,-0.47,-2.0751,11259.0,25260.073
301448.SZ,20240105,37.48,39.49,36.81,38.69,37.2,1.49,4.0054,79940.98,307501.057
601077.SH,20240105,4.22,4.32,4.21,4.24,4.2,0.04,0.9524,748193.11,319035.058
600067.SH,20240105,2.53,2.57,2.49,2.51,2.53,-0.02,-0.7905,97309.0,24633.456
300472.SZ,20240105,9.21,9.3,8.9,8.95,9.22,-0.27,-2.9284,30775.88,27893.77
601598.SH,20240105,5.34,5.37,5.23,5.28,5.36,-0.08,-1.4925,239746.4,126877.858
300767.SZ,20240105,16.9,17.3,16.7,16.74,16.96,-0.22,-1.2972,27635.27,46882.893
600737.SH,20240105,8.43,8.45,8.31,8.34,8.46,-0.12,-1.4184,111854.78,93767.007
002111.SZ,20240105,9.29,9.34,9.04,9.1,9.28,-0.18,-1.9397,31695.0,29124.444
300285.SZ,20240105,21.49,21.52,21.0,21.18,21.49,-0.31,-1.4425,60119.93,127718.961
300411.SZ,20240105,7.19,7.23,6.96,7.0,7.14,-0.14,-1.9608,45824.2,32384.393
300858.SZ,20240105,18.75,19.01,18.13,18.3,18.76,-0.46,-2.452,12244.04,22685.157
000563.SZ,20240105,3.04,3.07,3.01,3.03,3.03,0.0,0.0,262924.2,79984.557
601011.SH,20240105,3.53,3.54,3.45,3.47,3.52,-0.05,-1.4205,191618.0,67029.143
001207.SZ,20240105,17.24,17.33,17.0,17.09,17.27,-0.18,-1.0423,13917.0,23887.749
300118.SZ,20240105,16.71,17.06,16.25,16.4,16.79,-0.39,-2.3228,235337.51,392063.432
600211.SH,20240105,48.08,48.16,46.41,46.51,48.1,-1.59,-3.3056,31522.89,148444.316
600115.SH,20240105,3.76,3.79,3.73,3.74,3.76,-0.02,-0.5319,396101.08,148789.272
600829.SH,20240105,8.07,8.07,7.86,7.86,8.16,-0.3,-3.6765,81052.0,64525.673
002833.SZ,20240105,17.5,17.76,17.23,17.31,17.47,-0.16,-0.9159,18886.62,32996.371
001339.SZ,20240105,40.87,43.36,37.94,39.8,39.42,0.38,0.964,447714.54,1821949.336
300997.SZ,20240105,13.8,13.9,13.45,13.51,13.88,-0.37,-2.6657,15434.0,21019.6
300587.SZ,20240105,5.66,5.74,5.51,5.53,5.64,-0.11,-1.9504,123875.43,69607.377
002121.SZ,20240105,5.45,5.53,5.34,5.36,5.47,-0.11,-2.011,130982.0,71111.526
600019.SH,20240105,6.16,6.27,6.13,6.18,6.15,0.03,0.4878,789233.8,490291.871
002398.SZ,20240105,4.85,4.89,4.79,4.81,4.86,-0.05,-1.0288,48356.0,23467.653
600012.SH,20240105,11.72,11.9,11.57,11.61,11.76,-0.15,-1.2755,52238.6,61303.397
600009.SH,20240105,31.62,32.05,31.37,31.45,31.67,-0.22,-0.6947,71675.29,227099.22
300152.SZ,20240105,3.14,3.21,3.07,3.09,3.14,-0.05,-1.5924,150957.03,47200.565
601111.SH,20240105,7.08,7.13,6.99,7.02,7.1,-0.08,-1.1268,564916.96,397920.458
002041.SZ,20240105,12.99,13.0,12.58,12.61,13.01,-0.4,-3.0746,65670.79,83763.335
600615.SH,20240105,12.26,13.16,12.26,12.56,12.26,0.3,2.447,125831.0,159337.126
300567.SZ,20240105,80.06,80.49,76.55,77.28,79.69,-2.41,-3.0242,27826.83,218854.068
600732.SH,20240105,16.75,16.98,15.98,16.16,16.79,-0.63,-3.7522,465723.76,765390.561
300929.SZ,20240105,12.63,12.68,12.33,12.4,12.52,-0.12,-0.9585,22237.0,27720.103
301287.SZ,20240105,36.02,36.98,35.82,36.38,36.01,0.37,1.0275,12178.0,44297.2
002667.SZ,20240105,11.05,11.31,10.79,10.85,11.07,-0.22,-1.9874,41994.21,46389.319
000987.SZ,20240105,5.92,6.01,5.89,5.92,5.93,-0.01,-0.1686,141789.54,84440.716
600119.SH,20240105,6.98,7.05,6.81,6.82,6.98,-0.16,-2.2923,48226.13,33320.776
002439.SZ,20240105,25.71,25.96,24.96,25.16,25.6,-0.44,-1.7188,57199.9,145688.301
601615.SH,20240105,12.13,12.31,11.75,11.83,12.12,-0.29,-2.3927,210009.32,252287.644
300282.SZ,20240105,2.7,2.77,2.59,2.65,2.72,-0.07,-2.5735,116303.2,31017.9
003020.SZ,20240105,27.64,27.74,27.1,27.26,27.71,-0.45,-1.624,8054.0,22104.483
601179.SH,20240105,5.09,5.19,5.03,5.05,5.1,-0.05,-0.9804,202936.05,103399.789
002409.SZ,20240105,50.29,50.56,48.67,49.01,50.25,-1.24,-2.4677,66078.53,327072.115
002999.SZ,20240105,7.74,7.77,7.42,7.49,7.77,-0.28,-3.6036,149863.0,113443.202
002432.SZ,20240105,42.2,45.55,41.2,43.43,42.3,1.13,2.6714,584503.95,2514464.481
601599.SH,20240105,3.91,3.93,3.82,3.84,3.91,-0.07,-1.7903,322232.0,124533.577
300311.SZ,20240105,6.15,6.16,5.97,6.01,6.12,-0.11,-1.7974,80359.98,48851.911
601187.SH,20240105,5.1,5.24,5.09,5.18,5.1,0.08,1.5686,216727.45,112209.823
920717.BJ,20240105,10.18,10.18,9.0,9.18,10.13,-0.95,-9.3781,38609.33,37163.196
300224.SZ,20240105,11.55,11.65,11.32,11.37,11.52,-0.15,-1.3021,39682.0,45577.563
000761.SZ,20240105,3.73,3.76,3.68,3.69,3.73,-0.04,-1.0724,95152.0,35421.164
301016.SZ,20240105,21.97,22.01,21.24,21.36,21.86,-0.5,-2.2873,7607.0,16428.588
600697.SH,20240105,13.49,13.9,13.23,13.28,13.58,-0.3,-2.2091,122889.0,166512.838
002665.SZ,20240105,2.53,2.56,2.47,2.49,2.54,-0.05,-1.9685,226967.67,57046.757
301381.SZ,20240105,29.05,29.59,28.72,28.95,29.18,-0.23,-0.7882,14461.39,42204.837
300731.SZ,20240105,19.57,19.88,19.11,19.21,19.57,-0.36,-1.8396,28315.0,55180.014
600113.SH,20240105,8.41,8.47,8.27,8.27,8.45,-0.18,-2.1302,39493.62,33061.844
002074.SZ,20240105,20.94,21.54,20.45,20.55,20.64,-0.09,-0.436,167956.78,353131.735
300633.SZ,20240105,44.82,45.02,43.12,43.28,44.8,-1.52,-3.3929,36496.87,158981.88
000069.SZ,20240105,2.95,2.99,2.92,2.95,2.95,0.0,0.0,477644.84,141387.728
601366.SH,20240105,5.53,5.56,5.46,5.48,5.54,-0.06,-1.083,30533.0,16812.961
300429.SZ,20240105,12.32,12.34,11.84,11.93,12.3,-0.37,-3.0081,108970.9,131372.71
002242.SZ,20240105,12.33,12.49,12.23,12.29,12.34,-0.05,-0.4052,31185.85,38582.442
600265.SH,20240105,17.86,18.16,17.86,18.08,17.96,0.12,0.6682,2158.0,3880.497
002676.SZ,20240105,4.78,4.8,4.65,4.67,4.76,-0.09,-1.8908,87192.0,41161.642
301211.SZ,20240105,21.79,22.2,21.1,21.34,21.67,-0.33,-1.5228,59453.39,128360.988
002323.SZ,20240105,2.38,2.63,2.23,2.63,2.39,0.24,10.0418,2394567.2,589675.672
600167.SH,20240105,5.94,6.02,5.9,5.93,5.94,-0.01,-0.1684,51266.9,30586.149
300051.SZ,20240105,11.1,11.16,10.65,10.7,11.1,-0.4,-3.6036,38694.01,42009.003
001324.SZ,20240105,25.37,26.8,24.75,25.07,25.07,0.0,0.0,79196.62,203828.174
300837.SZ,20240105,30.5,30.68,29.6,29.74,30.57,-0.83,-2.7151,9838.28,29579.012
002768.SZ,20240105,21.18,21.45,20.88,20.96,21.19,-0.23,-1.0854,25560.03,54105.964
002686.SZ,20240105,6.78,6.85,6.62,6.65,6.77,-0.12,-1.7725,58831.0,39542.173
300513.SZ,20240105,11.54,11.59,11.16,11.27,11.57,-0.3,-2.5929,58345.59,66243.973
002951.SZ,20240105,8.35,8.35,8.17,8.22,8.32,-0.1,-1.2019,10330.0,8496.262
002319.SZ,20240105,14.13,14.44,13.58,13.86,14.02,-0.16,-1.1412,61220.0,85953.39
300384.SZ,20240105,15.96,16.0,15.15,15.23,15.8,-0.57,-3.6076,39419.0,61186.714
002240.SZ,20240105,21.92,22.68,21.68,21.78,21.99,-0.21,-0.955,143088.26,318403.938
301283.SZ,20240105,33.2,33.48,32.31,32.46,33.12,-0.66,-1.9928,5901.94,19380.767
301353.SZ,20240105,31.98,32.78,31.79,32.34,31.95,0.39,1.2207,10142.26,32849.236
601619.SH,20240105,3.52,3.56,3.48,3.5,3.54,-0.04,-1.1299,186635.0,65737.165
002270.SZ,20240105,14.55,14.99,14.23,14.35,14.61,-0.26,-1.7796,147237.61,215021.02
002726.SZ,20240105,8.11,8.14,8.04,8.08,8.12,-0.04,-0.4926,45359.0,36711.763
600111.SH,20240105,18.76,18.98,18.38,18.47,18.76,-0.29,-1.5458,197136.08,367906.985
000823.SZ,20240105,9.53,9.58,9.3,9.36,9.52,-0.16,-1.6807,42931.66,40474.236
301335.SZ,20240105,21.56,21.81,21.31,21.38,21.67,-0.29,-1.3383,3845.6,8292.63
002820.SZ,20240105,11.51,11.58,11.26,11.3,11.51,-0.21,-1.8245,48203.2,55056.79
600765.SH,20240105,18.15,18.26,16.44,16.6,18.25,-1.65,-9.0411,640013.95,1078215.175
301109.SZ,20240105,15.78,16.25,15.78,15.93,15.88,0.05,0.3149,26820.55,43006.588
920267.BJ,20240105,18.58,18.8,16.98,17.13,18.5,-1.37,-7.4054,18248.22,32154.157
300742.SZ,20240105,8.08,8.99,7.8,8.33,7.7,0.63,8.1818,292738.73,242211.543
002905.SZ,20240105,11.0,11.34,10.94,11.21,11.04,0.17,1.5399,71108.0,79416.982
002455.SZ,20240105,7.39,7.65,7.21,7.27,7.42,-0.15,-2.0216,115214.0,85664.325
300915.SZ,20240105,32.51,32.59,31.93,31.95,32.48,-0.53,-1.6318,3867.94,12444.925
301096.SZ,20240105,68.36,70.77,67.79,69.0,68.09,0.91,1.3365,41501.29,289561.751
300167.SZ,20240105,2.97,2.98,2.82,2.84,2.98,-0.14,-4.698,93611.0,27000.499
600114.SH,20240105,14.34,14.5,13.65,13.69,14.37,-0.68,-4.7321,189568.96,264705.469
300552.SZ,20240105,28.24,28.27,27.06,27.22,27.69,-0.47,-1.6974,61667.0,169864.298
300684.SZ,20240105,19.85,20.03,19.05,19.2,19.8,-0.6,-3.0303,72426.0,141037.482
300203.SZ,20240105,15.14,15.25,14.76,15.02,15.15,-0.13,-0.8581,50518.0,75416.685
002559.SZ,20240105,10.88,10.94,10.37,10.41,10.92,-0.51,-4.6703,538234.11,568418.378
300451.SZ,20240105,6.27,6.31,6.09,6.13,6.27,-0.14,-2.2329,188690.43,116600.601
920122.BJ,20240105,29.79,30.99,28.52,29.85,29.62,0.23,0.7765,27680.98,81999.517
002072.SZ,20240105,6.36,6.47,6.28,6.32,6.37,-0.05,-0.7849,49674.01,31722.909
000917.SZ,20240105,5.51,5.51,5.36,5.38,5.51,-0.13,-2.3593,200896.0,109074.942
600273.SH,20240105,8.62,8.73,8.55,8.58,8.65,-0.07,-0.8092,128129.0,110930.524
600780.SH,20240105,8.32,8.44,8.26,8.3,8.3,0.0,0.0,92786.42,77518.028
301207.SZ,20240105,26.98,27.0,26.0,26.25,26.92,-0.67,-2.4889,38030.95,100827.211
600807.SH,20240105,3.5,3.53,3.43,3.46,3.5,-0.04,-1.1429,126786.0,44071.892
300301.SZ,20240105,1.74,1.78,1.69,1.7,1.75,-0.05,-2.8571,109929.0,18991.836
301421.SZ,20240105,60.0,60.34,57.78,58.31,60.2,-1.89,-3.1395,23739.2,139560.218
002180.SZ,20240105,20.77,21.02,20.26,20.48,20.77,-0.29,-1.3962,89205.21,184042.352
002673.SZ,20240105,6.23,6.31,6.2,6.23,6.25,-0.02,-0.32,167134.38,104565.122
300085.SZ,20240105,13.92,14.29,13.44,13.54,13.81,-0.27,-1.9551,203615.02,281626.341
000901.SZ,20240105,9.26,9.3,8.99,9.03,9.28,-0.25,-2.694,104882.97,95683.45
002487.SZ,20240105,25.06,25.28,23.58,23.75,25.02,-1.27,-5.0759,207701.88,503700.568
920199.BJ,20240105,22.6,29.87,21.72,25.8,23.79,2.01,8.4489,114199.59,285215.229
002085.SZ,20240105,4.79,4.85,4.73,4.77,4.8,-0.03,-0.625,148361.5,71225.556
301072.SZ,20240105,25.15,25.3,24.45,24.63,24.92,-0.29,-1.1637,9113.0,22701.694
301315.SZ,20240105,51.99,56.49,51.4,53.69,51.52,2.17,4.212,38059.8,204868.389
601718.SH,20240105,2.9,2.91,2.85,2.86,2.9,-0.04,-1.3793,220544.19,63498.314
002105.SZ,20240105,6.81,7.54,6.81,7.06,6.85,0.21,3.0657,491158.0,347036.195
000900.SZ,20240105,3.99,4.01,3.95,3.96,3.97,-0.01,-0.2519,97844.1,38979.724
300841.SZ,20240105,77.73,78.5,74.2,74.36,77.08,-2.72,-3.5288,18208.1,137404.665
300464.SZ,20240105,6.16,6.16,6.0,6.03,6.11,-0.08,-1.3093,25824.5,15669.452
600130.SH,20240105,4.66,4.72,4.56,4.59,4.68,-0.09,-1.9231,147546.88,68414.665
301276.SZ,20240105,24.54,24.69,24.1,24.3,24.54,-0.24,-0.978,11260.88,27449.307
002683.SZ,20240105,19.66,19.89,19.21,19.32,19.79,-0.47,-2.3749,40471.0,78945.386
600636.SH,20240105,10.68,10.75,10.3,10.37,10.61,-0.24,-2.262,158397.01,166500.049
600811.SH,20240105,1.99,2.0,1.96,1.97,1.99,-0.02,-1.005,214538.0,42501.412
301169.SZ,20240105,53.2,53.72,50.18,50.28,50.88,-0.6,-1.1792,37454.31,194448.692
300335.SZ,20240105,5.89,5.92,5.73,5.77,5.9,-0.13,-2.2034,137861.0,80228.019
002086.SZ,20240105,2.79,2.81,2.72,2.73,2.79,-0.06,-2.1505,67705.0,18676.58
002373.SZ,20240105,10.99,11.03,10.74,10.8,10.98,-0.18,-1.6393,63830.0,69524.102
600685.SH,20240105,25.82,26.45,25.41,25.68,25.93,-0.25,-0.9641,70760.62,183089.057
300501.SZ,20240105,14.93,15.72,14.75,14.77,14.65,0.12,0.8191,94221.47,143806.083
601858.SH,20240105,24.0,24.09,22.88,23.04,23.83,-0.79,-3.3151,95798.09,223716.81
003039.SZ,20240105,15.15,15.33,15.02,15.09,15.22,-0.13,-0.8541,34067.36,51743.406
002462.SZ,20240105,14.87,14.96,14.58,14.66,14.92,-0.26,-1.7426,44487.0,65770.719
002842.SZ,20240105,8.8,8.89,8.66,8.73,8.8,-0.07,-0.7955,28246.0,24851.82
600298.SH,20240105,34.23,34.74,34.04,34.26,34.22,0.04,0.1169,32008.12,109965.179
600979.SH,20240105,3.64,3.68,3.58,3.61,3.64,-0.03,-0.8242,231038.3,83851.917
003037.SZ,20240105,11.35,11.35,11.08,11.11,11.33,-0.22,-1.9417,9523.0,10678.245
002984.SZ,20240105,28.77,28.81,28.18,28.31,28.75,-0.44,-1.5304,22892.0,65277.497
301022.SZ,20240105,26.64,27.04,26.11,26.25,26.64,-0.39,-1.464,8436.14,22416.897
300969.SZ,20240105,84.36,86.7,82.21,82.82,84.36,-1.54,-1.8255,10910.84,91615.336
002420.SZ,20240105,6.34,6.35,6.16,6.19,6.31,-0.12,-1.9017,49986.0,31319.948
002526.SZ,20240105,2.91,2.95,2.83,2.83,2.91,-0.08,-2.7491,775729.6,222767.626
920670.BJ,20240105,17.01,17.39,16.0,16.27,16.95,-0.68,-4.0118,57500.13,96090.08
000712.SZ,20240105,14.01,14.13,13.71,13.77,14.03,-0.26,-1.8532,189544.14,263689.673
920504.BJ,20240105,21.0,21.28,19.19,19.65,20.75,-1.1,-5.3012,17656.86,35648.282
003010.SZ,20240105,20.32,20.39,19.61,19.72,20.38,-0.66,-3.2385,34882.0,69784.184
002308.SZ,20240105,3.5,3.52,3.4,3.42,3.53,-0.11,-3.1161,460471.75,158168.941
002866.SZ,20240105,21.4,21.85,20.1,20.25,20.45,-0.2,-0.978,102315.69,213606.113
300708.SZ,20240105,11.54,11.68,11.18,11.29,11.62,-0.33,-2.8399,181449.83,206786.551
600839.SH,20240105,5.08,5.12,4.98,5.0,5.1,-0.1,-1.9608,1039322.27,523998.644
600269.SH,20240105,4.28,4.29,4.22,4.25,4.28,-0.03,-0.7009,145604.0,62058.925
300650.SZ,20240105,13.21,13.3,12.49,12.56,13.33,-0.77,-5.7764,135392.0,173393.498
920368.BJ,20240105,41.13,41.98,39.66,39.66,41.15,-1.49,-3.6209,15066.09,61618.692
300975.SZ,20240105,7.94,8.1,7.71,7.79,7.94,-0.15,-1.8892,121342.09,95898.457
002707.SZ,20240105,7.42,7.53,7.3,7.31,7.45,-0.14,-1.8792,149484.77,110571.409
300261.SZ,20240105,7.51,7.56,7.36,7.38,7.55,-0.17,-2.2517,105274.36,78467.182
002957.SZ,20240105,18.26,18.49,17.55,17.66,18.25,-0.59,-3.2329,118787.89,213565.362
301193.SZ,20240105,16.77,17.08,16.58,16.65,16.85,-0.2,-1.1869,10252.35,17154.537
600645.SH,20240105,19.77,19.88,19.22,19.34,19.8,-0.46,-2.3232,42154.74,82295.384
000547.SZ,20240105,8.24,8.25,8.0,8.03,8.25,-0.22,-2.6667,162067.0,131285.603
002374.SZ,20240105,3.68,3.69,3.59,3.62,3.68,-0.06,-1.6304,112040.0,40803.111
601865.SH,20240105,26.38,26.39,25.25,25.52,26.22,-0.7,-2.6697,54249.9,139910.175
300536.SZ,20240105,22.23,22.39,21.85,21.9,22.21,-0.31,-1.3958,31928.0,70409.869
600098.SH,20240105,5.52,5.55,5.46,5.48,5.5,-0.02,-0.3636,121407.1,66909.287
300913.SZ,20240105,28.85,28.85,27.56,27.67,28.85,-1.18,-4.0901,36427.36,101952.408
920476.BJ,20240105,15.05,15.2,13.92,14.03,15.08,-1.05,-6.9629,23927.17,34415.26
300440.SZ,20240105,7.44,7.44,7.24,7.27,7.4,-0.13,-1.7568,36222.0,26558.448
002202.SZ,20240105,7.78,7.85,7.63,7.67,7.79,-0.12,-1.5404,149936.86,116152.012
300012.SZ,20240105,14.04,14.18,13.94,14.01,14.03,-0.02,-0.1426,72674.75,102197.083
601515.SH,20240105,4.1,4.22,4.09,4.12,4.1,0.02,0.4878,250267.98,103781.814
600984.SH,20240105,3.68,3.71,3.6,3.62,3.67,-0.05,-1.3624,96181.52,35083.174
002302.SZ,20240105,6.48,6.55,6.45,6.49,6.5,-0.01,-0.1538,50442.07,32838.699
920239.BJ,20240105,18.0,19.22,18.0,18.03,17.93,0.1,0.5577,52358.88,97286.711
601177.SH,20240105,10.1,10.27,9.79,9.9,10.07,-0.17,-1.6882,120055.0,120255.373
600663.SH,20240105,8.85,8.88,8.73,8.87,8.86,0.01,0.1129,58145.0,51224.592
002712.SZ,20240105,5.74,5.74,5.5,5.55,5.73,-0.18,-3.1414,233114.98,130578.124
002780.SZ,20240105,14.95,15.87,14.3,14.53,14.43,0.1,0.693,385771.38,584013.436
601567.SH,20240105,21.02,22.02,20.92,21.15,21.12,0.03,0.142,130670.43,278576.429
000950.SZ,20240105,5.01,5.04,4.95,4.97,5.03,-0.06,-1.1928,135148.09,67563.521
002144.SZ,20240105,11.97,12.08,11.83,11.92,12.0,-0.08,-0.6667,28232.1,33733.254
300492.SZ,20240105,88.38,92.0,87.5,89.01,87.99,1.02,1.1592,17917.31,161126.679
000782.SZ,20240105,5.64,5.65,5.48,5.53,5.63,-0.1,-1.7762,48861.01,27153.998
002430.SZ,20240105,27.57,28.2,27.18,27.27,27.64,-0.37,-1.3386,37758.17,104156.341
002221.SZ,20240105,10.18,10.2,10.0,10.03,10.18,-0.15,-1.4735,40649.0,41065.201
300448.SZ,20240105,5.36,5.41,5.22,5.26,5.37,-0.11,-2.0484,58928.0,31318.422
301029.SZ,20240105,24.87,25.17,24.22,24.4,24.8,-0.4,-1.6129,34063.56,83967.747
600282.SH,20240105,3.87,3.92,3.84,3.86,3.86,0.0,0.0,1133577.94,439993.035
002524.SZ,20240105,6.57,6.58,6.43,6.45,6.54,-0.09,-1.3761,34111.0,22175.141
002190.SZ,20240105,18.81,18.84,18.28,18.39,18.77,-0.38,-2.0245,24024.21,44528.747
600935.SH,20240105,3.29,3.3,3.24,3.25,3.29,-0.04,-1.2158,90173.2,29525.605
600192.SH,20240105,6.22,6.27,6.07,6.11,6.25,-0.14,-2.24,93470.66,57507.954
300310.SZ,20240105,4.42,4.47,4.32,4.35,4.42,-0.07,-1.5837,159698.68,70180.13
000810.SZ,20240105,14.61,14.9,14.0,14.17,14.54,-0.37,-2.5447,354669.97,511438.657
920395.BJ,20240105,13.18,13.34,11.5,11.82,13.18,-1.36,-10.3187,40909.47,50494.214
600622.SH,20240105,2.57,2.62,2.55,2.56,2.58,-0.02,-0.7752,115156.0,29810.933
002928.SZ,20240105,6.99,7.11,6.97,7.01,6.98,0.03,0.4298,152248.0,107269.527
000888.SZ,20240105,9.5,9.69,9.31,9.36,9.55,-0.19,-1.9895,119461.0,113203.616
002767.SZ,20240105,15.91,16.12,15.49,15.57,15.9,-0.33,-2.0755,27069.5,42751.377
002342.SZ,20240105,4.38,4.39,4.27,4.29,4.36,-0.07,-1.6055,128134.5,55441.622
300555.SZ,20240105,7.09,7.12,6.93,7.0,7.11,-0.11,-1.5471,11903.0,8335.504
920779.BJ,20240105,35.28,37.8,34.31,34.35,35.02,-0.67,-1.9132,21551.22,78600.931
000776.SZ,20240105,14.09,14.24,13.99,14.11,14.1,0.01,0.0709,212500.56,300103.607
002090.SZ,20240105,10.0,10.12,9.72,9.79,10.08,-0.29,-2.877,59046.0,58451.442
002695.SZ,20240105,10.41,10.41,10.18,10.24,10.36,-0.12,-1.1583,20979.0,21594.22
000016.SZ,20240105,3.92,3.94,3.8,3.86,3.94,-0.08,-2.0305,295674.0,114709.78
000554.SZ,20240105,5.94,5.98,5.86,5.9,5.94,-0.04,-0.6734,96306.02,57065.949
002959.SZ,20240105,50.34,53.34,49.8,52.6,50.35,2.25,4.4687,30377.93,158762.636
002490.SZ,20240105,4.45,4.51,4.42,4.45,4.46,-0.01,-0.2242,126482.01,56434.292
600081.SH,20240105,10.97,11.04,10.62,10.67,11.0,-0.33,-3.0,53259.3,57527.828
300521.SZ,20240105,14.18,14.18,13.62,13.67,14.07,-0.4,-2.8429,21821.0,30219.562
301215.SZ,20240105,6.07,6.13,5.95,5.97,6.08,-0.11,-1.8092,106879.64,64594.274
300234.SZ,20240105,5.38,5.43,5.29,5.31,5.37,-0.06,-1.1173,39644.06,21220.81
301498.SZ,20240105,40.58,42.29,40.17,41.22,40.76,0.46,1.1286,22720.0,94140.345
600917.SH,20240105,6.54,6.57,6.48,6.5,6.54,-0.04,-0.6116,28913.36,18865.884
601677.SH,20240105,11.3,11.39,11.04,11.1,11.2,-0.1,-0.8929,170986.69,191789.899
301373.SZ,20240105,29.62,29.97,29.15,29.27,29.76,-0.49,-1.6465,4041.0,11934.53
600698.SH,20240105,5.52,5.6,5.39,5.42,5.52,-0.1,-1.8116,104792.75,57618.664
000718.SZ,20240105,2.59,2.64,2.58,2.59,2.59,0.0,0.0,92605.11,24169.434
300149.SZ,20240105,7.49,7.55,7.3,7.32,7.5,-0.18,-2.4,43388.45,32061.424
300558.SZ,20240105,50.49,50.53,49.0,49.5,50.22,-0.72,-1.4337,42084.3,208568.845
301018.SZ,20240105,25.43,25.58,24.45,24.63,25.34,-0.71,-2.8019,28984.25,72178.872
600612.SH,20240105,69.3,69.95,68.95,69.35,69.31,0.04,0.0577,13095.34,90800.063
002268.SZ,20240105,21.42,21.49,20.6,20.71,21.4,-0.69,-3.2243,95941.89,201402.637
301320.SZ,20240105,18.38,19.35,18.23,19.25,18.43,0.82,4.4493,94449.4,179303.925
600279.SH,20240105,4.61,4.63,4.55,4.57,4.64,-0.07,-1.5086,74454.0,34191.376
002955.SZ,20240105,30.98,30.98,29.6,29.68,30.97,-1.29,-4.1653,37376.0,112491.205
601208.SH,20240105,11.63,11.95,11.4,11.51,11.63,-0.12,-1.0318,87665.26,102177.813
301026.SZ,20240105,29.25,29.79,28.51,28.56,29.25,-0.69,-2.359,21224.27,61799.542
601890.SH,20240105,9.86,10.1,9.69,9.76,9.96,-0.2,-2.008,195610.61,192867.728
300219.SZ,20240105,8.13,8.7,8.06,8.61,8.13,0.48,5.9041,517391.85,437140.708
600162.SH,20240105,1.75,1.77,1.74,1.74,1.75,-0.01,-0.5714,129054.86,22648.796
300796.SZ,20240105,16.8,17.16,16.43,16.6,16.82,-0.22,-1.308,60112.48,100606.597
301222.SZ,20240105,29.82,30.55,29.36,29.46,29.97,-0.51,-1.7017,12721.32,37969.357
002470.SZ,20240105,1.78,1.8,1.73,1.74,1.78,-0.04,-2.2472,289043.0,50901.441
600825.SH,20240105,4.83,4.85,4.63,4.66,4.83,-0.17,-3.5197,353272.35,165902.358
002572.SZ,20240105,15.35,15.5,15.22,15.33,15.33,0.0,0.0,57371.03,88098.813
002940.SZ,20240105,21.2,21.3,20.67,20.79,21.35,-0.56,-2.623,8297.31,17401.894
002837.SZ,20240105,26.68,26.73,25.64,25.81,26.67,-0.86,-3.2246,48380.19,126200.867
002829.SZ,20240105,26.68,26.68,25.75,25.93,26.68,-0.75,-2.8111,21613.8,56570.177
002250.SZ,20240105,6.95,7.01,6.78,6.8,6.96,-0.16,-2.2989,113460.0,77998.971
301256.SZ,20240105,8.33,8.42,8.25,8.28,8.35,-0.07,-0.8383,24926.0,20757.193
600230.SH,20240105,13.66,13.78,13.41,13.51,13.69,-0.18,-1.3148,21948.89,29856.218
300013.SZ,20240105,3.79,3.83,3.72,3.74,3.79,-0.05,-1.3193,89937.5,33891.978
002961.SZ,20240105,14.86,15.02,14.73,14.8,14.89,-0.09,-0.6044,21913.0,32594.155
301179.SZ,20240105,25.48,25.96,25.08,25.25,25.48,-0.23,-0.9027,11565.4,29435.251
600258.SH,20240105,15.49,15.69,15.01,15.11,15.52,-0.41,-2.6418,96981.88,148435.691
000637.SZ,20240105,3.37,3.37,3.29,3.3,3.37,-0.07,-2.0772,36853.0,12287.438
300556.SZ,20240105,30.0,31.1,29.31,29.63,30.8,-1.17,-3.7987,151778.35,455961.934
920770.BJ,20240105,11.25,11.99,10.43,10.56,11.33,-0.77,-6.7961,147721.76,166956.18
600626.SH,20240105,4.05,4.07,3.74,3.75,4.04,-0.29,-7.1782,442894.54,171151.162
002461.SZ,20240105,7.8,7.83,7.7,7.73,7.8,-0.07,-0.8974,35882.0,27861.798
000762.SZ,20240105,27.27,28.09,26.8,26.96,27.51,-0.55,-1.9993,193491.42,531338.79
002713.SZ,20240105,6.58,6.65,6.37,6.48,6.57,-0.09,-1.3699,80599.0,52610.083
920906.BJ,20240105,23.7,23.9,20.52,20.55,23.21,-2.66,-11.4606,64325.86,140833.105
300043.SZ,20240105,3.76,3.76,3.62,3.66,3.74,-0.08,-2.139,297740.2,109546.383
300098.SZ,20240105,4.04,4.05,3.9,3.91,4.03,-0.12,-2.9777,216976.34,85936.19
600017.SH,20240105,2.76,2.78,2.74,2.75,2.76,-0.01,-0.3623,200337.72,55346.125
301210.SZ,20240105,44.4,45.47,43.67,44.02,44.45,-0.43,-0.9674,12956.73,57827.816
000892.SZ,20240105,4.09,4.13,3.93,3.95,4.1,-0.15,-3.6585,239828.0,95936.002
301176.SZ,20240105,16.61,16.71,16.15,16.27,16.46,-0.19,-1.1543,11476.46,18777.857
300410.SZ,20240105,9.15,9.25,8.28,8.37,8.58,-0.21,-2.4476,147654.91,127178.647
003015.SZ,20240105,14.83,16.35,13.37,16.35,14.86,1.49,10.0269,1242869.43,1859787.852
300724.SZ,20240105,71.15,72.18,68.9,69.34,71.24,-1.9,-2.667,65233.48,459232.09
300153.SZ,20240105,8.08,8.16,7.94,7.98,8.06,-0.08,-0.9926,41997.01,33832.131
300688.SZ,20240105,28.38,28.38,27.42,27.58,28.29,-0.71,-2.5097,30700.74,85338.702
002723.SZ,20240105,10.34,10.5,10.26,10.43,10.32,0.11,1.0659,43680.22,45259.486
300673.SZ,20240105,13.55,13.77,13.4,13.62,13.47,0.15,1.1136,31167.5,42377.96
002835.SZ,20240105,17.84,17.88,17.38,17.49,17.84,-0.35,-1.9619,22612.38,39785.997
300852.SZ,20240105,37.42,37.72,36.26,36.55,37.42,-0.87,-2.325,9926.2,36642.409
000048.SZ,20240105,18.08,18.18,17.44,17.53,18.09,-0.56,-3.0956,43457.0,77123.519
300598.SZ,20240105,42.9,43.27,41.72,42.02,43.46,-1.44,-3.3134,36923.66,156803.646
600927.SH,20240105,15.55,15.7,15.38,15.43,15.53,-0.1,-0.6439,22111.21,34347.48
600138.SH,20240105,10.84,11.03,10.61,10.66,10.89,-0.23,-2.112,181117.13,195752.237
000155.SZ,20240105,13.5,13.8,13.03,13.3,13.62,-0.32,-2.3495,308709.16,414780.911
300867.SZ,20240105,15.98,16.03,15.74,15.76,15.97,-0.21,-1.315,12380.5,19648.275
002428.SZ,20240105,11.93,12.1,11.67,11.72,11.97,-0.25,-2.0886,84012.39,99794.09
920718.BJ,20240105,12.77,12.99,11.99,12.13,12.87,-0.74,-5.7498,28274.1,35207.937
000980.SZ,20240105,2.88,2.93,2.83,2.84,2.88,-0.04,-1.3889,638081.27,183953.948
301388.SZ,20240105,24.1,24.43,23.7,23.79,24.2,-0.41,-1.6942,5733.92,13772.471
600638.SH,20240105,5.27,5.37,5.22,5.25,5.24,0.01,0.1908,75094.8,39798.808
002052.SZ,20240105,1.98,2.07,1.96,2.07,1.97,0.1,5.0761,144777.42,29672.846
300241.SZ,20240105,5.42,5.48,5.24,5.29,5.44,-0.15,-2.7574,192950.0,103202.28
002330.SZ,20240105,5.56,5.6,5.44,5.48,5.58,-0.1,-1.7921,86194.0,47552.135
600821.SH,20240105,6.13,6.13,5.99,6.02,6.11,-0.09,-1.473,74050.0,44929.843
002856.SZ,20240105,14.72,14.78,14.45,14.7,14.7,0.0,0.0,44595.2,65138.702
300713.SZ,20240105,17.95,18.16,17.51,17.64,18.02,-0.38,-2.1088,19725.2,35178.839
002819.SZ,20240105,33.51,33.51,32.2,33.51,30.46,3.05,10.0131,201081.23,672694.64
600968.SH,20240105,2.93,2.95,2.89,2.91,2.94,-0.03,-1.0204,268190.57,78401.289
920527.BJ,20240105,11.58,11.63,10.62,10.81,11.58,-0.77,-6.6494,21151.33,23388.896
002946.SZ,20240105,11.36,11.37,11.15,11.21,11.35,-0.14,-1.2335,39279.0,44235.669
300635.SZ,20240105,13.06,13.06,12.65,12.7,12.92,-0.22,-1.7028,21233.38,27190.882
000837.SZ,20240105,10.3,10.38,9.89,9.9,10.29,-0.39,-3.7901,149162.78,150647.6
300374.SZ,20240105,12.17,12.36,11.93,12.01,12.17,-0.16,-1.3147,29216.0,35417.688
300221.SZ,20240105,5.95,6.04,5.83,5.86,5.96,-0.1,-1.6779,118305.0,69971.97
301100.SZ,20240105,19.62,19.67,19.16,19.26,19.52,-0.26,-1.332,15505.0,30051.73
300097.SZ,20240105,8.83,8.89,8.55,8.63,8.84,-0.21,-2.3756,121416.09,105633.853
001896.SZ,20240105,4.45,4.53,4.39,4.41,4.47,-0.06,-1.3423,146508.67,65416.646
601702.SH,20240105,17.21,17.32,17.0,17.07,17.26,-0.19,-1.1008,43610.32,74766.655
000597.SZ,20240105,5.38,5.38,5.24,5.27,5.37,-0.1,-1.8622,71174.47,37810.527
301112.SZ,20240105,29.79,30.3,29.35,29.49,29.4,0.09,0.3061,20182.76,60150.161
301159.SZ,20240105,45.21,45.98,44.29,44.8,44.48,0.32,0.7194,20702.28,93554.005
300018.SZ,20240105,6.18,6.22,6.06,6.1,6.19,-0.09,-1.454,47776.0,29352.598
000430.SZ,20240105,6.87,7.01,6.74,6.79,6.88,-0.09,-1.3081,89905.47,61787.636
002651.SZ,20240105,6.93,6.94,6.73,6.78,6.91,-0.13,-1.8813,43841.78,29949.664
300528.SZ,20240105,10.72,10.73,10.41,10.54,10.69,-0.15,-1.4032,68075.0,71934.157
002861.SZ,20240105,14.43,14.65,13.89,13.99,14.28,-0.29,-2.0308,64234.86,90716.309
002655.SZ,20240105,13.24,13.43,12.87,13.0,13.32,-0.32,-2.4024,138177.04,180694.766
000056.SZ,20240105,3.56,3.6,3.47,3.5,3.56,-0.06,-1.6854,295783.0,104716.173
000609.SZ,20240105,6.29,6.39,6.25,6.31,6.29,0.02,0.318,173971.72,109822.246
002719.SZ,20240105,11.2,11.33,10.97,11.06,11.23,-0.17,-1.5138,34267.0,38134.851
003005.SZ,20240105,30.53,30.58,29.58,29.71,30.52,-0.81,-2.654,30111.0,90151.736
300582.SZ,20240105,11.81,11.96,11.55,11.6,11.81,-0.21,-1.7782,19190.0,22529.214
920839.BJ,20240105,14.16,14.8,13.33,14.0,14.15,-0.15,-1.0601,26933.82,37639.281
300884.SZ,20240105,13.49,13.84,13.1,13.27,13.58,-0.31,-2.2828,224720.76,300127.238
920436.BJ,20240105,11.64,11.79,10.69,10.89,11.63,-0.74,-6.3629,26962.29,30232.757
601138.SH,20240105,13.45,13.62,13.2,13.3,13.47,-0.17,-1.2621,633968.97,850023.499
301260.SZ,20240105,16.67,16.97,16.44,16.55,16.64,-0.09,-0.5409,24814.57,41494.102
920026.BJ,20240105,46.0,47.37,41.8,43.95,46.75,-2.8,-5.9893,29825.82,133578.722
002611.SZ,20240105,4.99,5.04,4.86,4.88,4.97,-0.09,-1.8109,143983.61,71279.794
002023.SZ,20240105,9.01,9.06,8.79,8.83,9.05,-0.22,-2.4309,61513.63,54795.7
002089.SZ,20240105,1.02,1.02,0.97,0.98,1.02,-0.04,-3.9216,258680.0,25768.826
300402.SZ,20240105,21.89,22.98,21.61,22.11,22.68,-0.57,-2.5132,110894.02,245618.979
001308.SZ,20240105,27.36,27.54,26.45,26.55,27.5,-0.95,-3.4545,28423.84,76409.252
300396.SZ,20240105,30.2,30.23,28.79,29.0,30.2,-1.2,-3.9735,16626.0,48716.805
600255.SH,20240105,2.16,2.19,2.11,2.12,2.17,-0.05,-2.3041,333896.17,71615.829
600903.SH,20240105,7.79,7.85,7.68,7.7,7.83,-0.13,-1.6603,44099.99,34201.396
600754.SH,20240105,30.01,30.62,29.3,29.47,30.22,-0.75,-2.4818,86842.33,259896.94
000089.SZ,20240105,6.42,6.44,6.36,6.37,6.41,-0.04,-0.624,54373.0,34830.646
301050.SZ,20240105,56.61,56.98,55.16,55.5,56.95,-1.45,-2.5461,17280.52,96930.624
300762.SZ,20240105,14.02,14.03,13.0,13.05,14.06,-1.01,-7.1835,286340.31,383067.107
000555.SZ,20240105,11.05,11.09,10.79,10.85,11.03,-0.18,-1.6319,80771.56,88416.252
002896.SZ,20240105,35.11,35.58,34.03,34.25,34.93,-0.68,-1.9468,32461.72,112801.162
920000.BJ,20240105,10.72,11.0,9.95,10.11,10.75,-0.64,-5.9535,33254.23,34584.83
300978.SZ,20240105,13.5,13.63,13.09,13.17,13.49,-0.32,-2.3721,40015.0,53418.982
002901.SZ,20240105,38.64,38.64,36.87,37.12,38.78,-1.66,-4.2806,12149.0,45496.575
300199.SZ,20240105,13.78,13.84,13.07,13.16,13.71,-0.55,-4.0117,335102.63,448374.601
300977.SZ,20240105,19.07,19.1,18.71,18.75,18.95,-0.2,-1.0554,9479.22,17871.344
000570.SZ,20240105,5.66,5.74,5.59,5.62,5.67,-0.05,-0.8818,111163.0,62916.402
600919.SH,20240105,6.72,6.89,6.69,6.81,6.71,0.1,1.4903,1806793.52,1230372.675
000338.SZ,20240105,14.15,14.45,14.07,14.15,14.12,0.03,0.2125,515047.83,735846.448
000779.SZ,20240105,10.91,10.95,10.53,10.58,10.94,-0.36,-3.2907,71669.0,76929.564
002537.SZ,20240105,6.64,6.67,6.52,6.53,6.64,-0.11,-1.6566,76696.6,50530.834
300048.SZ,20240105,5.0,5.03,4.89,4.91,5.0,-0.09,-1.8,72071.0,35680.456
002283.SZ,20240105,5.82,5.84,5.67,5.71,5.82,-0.11,-1.89,89056.96,51375.811
300417.SZ,20240105,12.69,12.85,12.28,12.37,12.63,-0.26,-2.0586,21780.0,27322.382
002160.SZ,20240105,4.17,4.2,4.07,4.09,4.16,-0.07,-1.6827,180211.69,74258.03
002059.SZ,20240105,5.81,5.9,5.7,5.75,5.83,-0.08,-1.3722,80328.0,46424.77
300035.SZ,20240105,10.2,10.35,9.97,10.0,10.14,-0.14,-1.3807,88414.08,89451.399
002486.SZ,20240105,3.06,3.07,2.97,2.99,3.06,-0.07,-2.2876,175455.86,52937.421
002212.SZ,20240105,9.36,9.38,9.05,9.15,9.33,-0.18,-1.9293,87673.12,80643.418
000938.SZ,20240105,18.21,18.24,17.56,17.69,18.22,-0.53,-2.9089,377647.02,676602.335
300657.SZ,20240105,18.65,18.66,17.96,18.07,18.6,-0.53,-2.8495,92678.44,169144.367
300998.SZ,20240105,23.27,23.78,23.27,23.45,23.47,-0.02,-0.0852,14298.59,33660.843
600796.SH,20240105,5.93,6.0,5.79,5.84,5.96,-0.12,-2.0134,82189.12,48270.216
001282.SZ,20240105,37.49,38.05,36.78,37.65,37.05,0.6,1.6194,70377.11,264744.74
002943.SZ,20240105,27.38,27.59,26.21,26.29,27.21,-0.92,-3.3811,18803.65,50347.182
002400.SZ,20240105,5.53,5.55,5.28,5.31,5.54,-0.23,-4.1516,725190.76,390679.16
300745.SZ,20240105,26.38,26.74,25.45,25.55,26.37,-0.82,-3.1096,24529.75,63392.459
000008.SZ,20240105,2.36,2.37,2.32,2.33,2.35,-0.02,-0.8511,207957.0,48813.495
002628.SZ,20240105,3.4,3.43,3.36,3.38,3.4,-0.02,-0.5882,126707.0,42997.371
600285.SH,20240105,17.76,17.88,17.5,17.56,17.75,-0.19,-1.0704,61106.0,108003.213
000683.SZ,20240105,5.92,5.96,5.8,5.82,5.96,-0.14,-2.349,252535.0,148453.436
300950.SZ,20240105,16.05,16.15,15.65,15.78,16.01,-0.23,-1.4366,13231.0,21010.286
601225.SH,20240105,21.98,22.36,21.89,22.12,22.03,0.09,0.4085,572692.23,1266580.436
001208.SZ,20240105,9.45,9.46,9.13,9.19,9.36,-0.17,-1.8162,58947.49,54520.987
300718.SZ,20240105,18.45,19.9,18.43,18.6,18.35,0.25,1.3624,74903.5,142206.639
920087.BJ,20240105,12.6,12.6,11.41,11.65,12.38,-0.73,-5.8966,62913.09,75579.455
300496.SZ,20240105,73.68,74.35,71.0,71.82,73.24,-1.42,-1.9388,55777.2,405349.852
300564.SZ,20240105,13.81,13.84,13.53,13.6,13.8,-0.2,-1.4493,14648.0,20032.197
300258.SZ,20240105,12.5,12.59,12.02,12.1,12.58,-0.48,-3.8156,80703.3,99064.686
300662.SZ,20240105,25.98,26.17,25.15,25.33,25.99,-0.66,-2.5394,19855.38,50775.788
600686.SH,20240105,7.46,7.53,7.28,7.34,7.47,-0.13,-1.7403,211346.98,156482.17
600971.SH,20240105,11.6,11.8,11.51,11.62,11.63,-0.01,-0.086,166345.43,194073.772
600231.SH,20240105,2.17,2.21,2.16,2.18,2.17,0.01,0.4608,111265.02,24393.895
002441.SZ,20240105,9.52,9.68,9.38,9.42,9.54,-0.12,-1.2579,46764.37,44504.697
301121.SZ,20240105,43.39,43.39,40.3,40.45,41.03,-0.58,-1.4136,19267.0,79881.059
920575.BJ,20240105,24.88,26.52,23.8,25.3,25.11,0.19,0.7567,93320.68,237383.426
300547.SZ,20240105,16.18,16.55,15.8,16.04,16.43,-0.39,-2.3737,26228.4,42191.716
920252.BJ,20240105,12.0,13.33,12.0,12.1,11.81,0.29,2.4555,159669.18,200803.954
600133.SH,20240105,10.43,10.47,9.9,9.92,10.54,-0.62,-5.8824,436745.82,440387.231
002557.SZ,20240105,32.42,32.63,32.05,32.15,32.53,-0.38,-1.1682,39704.21,128315.092
300550.SZ,20240105,15.21,15.48,14.65,14.74,15.16,-0.42,-2.7704,23536.74,35111.861
300078.SZ,20240105,4.25,4.26,4.14,4.17,4.25,-0.08,-1.8824,91289.84,38314.31
920547.BJ,20240105,32.5,32.52,29.88,30.13,32.32,-2.19,-6.776,27512.23,84659.292
300639.SZ,20240105,9.28,9.29,9.01,9.03,9.25,-0.22,-2.3784,38033.08,34735.375
301008.SZ,20240105,30.06,30.29,29.37,29.61,30.07,-0.46,-1.5298,9252.0,27545.018
300873.SZ,20240105,23.29,23.42,22.36,22.4,23.29,-0.89,-3.8214,19818.9,45162.759
920407.BJ,20240105,15.55,15.88,13.93,14.24,15.69,-1.45,-9.2416,25195.27,37434.153
300949.SZ,20240105,57.5,57.5,54.41,54.5,57.55,-3.05,-5.2997,30765.41,170135.252
002913.SZ,20240105,29.26,29.35,27.7,27.88,29.26,-1.38,-4.7163,44966.74,127019.319
002010.SZ,20240105,4.7,4.72,4.62,4.66,4.71,-0.05,-1.0616,83699.0,39220.944
002536.SZ,20240105,13.68,14.25,13.58,13.77,13.32,0.45,3.3784,345980.97,480742.124
300283.SZ,20240105,6.39,6.52,6.23,6.26,6.33,-0.07,-1.1058,67397.5,42810.868
600707.SH,20240105,6.72,6.77,6.62,6.64,6.72,-0.08,-1.1905,266927.0,177839.591
600072.SH,20240105,18.2,18.29,17.49,17.7,18.31,-0.61,-3.3315,203820.78,364216.881
300861.SZ,20240105,32.05,32.44,31.42,31.57,32.08,-0.51,-1.5898,31757.39,101378.548
000759.SZ,20240105,4.45,4.48,4.37,4.39,4.44,-0.05,-1.1261,207104.03,91730.957
300529.SZ,20240105,21.65,21.71,21.17,21.2,21.6,-0.4,-1.8519,27229.3,58235.331
600736.SH,20240105,4.77,4.84,4.71,4.74,4.78,-0.04,-0.8368,92632.15,44284.833
002172.SZ,20240105,3.92,4.31,3.88,4.31,3.92,0.39,9.949,498925.1,207565.042
001258.SZ,20240105,7.9,7.96,7.62,7.65,7.93,-0.28,-3.5309,94473.1,73604.046
000720.SZ,20240105,4.29,4.35,4.23,4.25,4.27,-0.02,-0.4684,45672.0,19597.129
301139.SZ,20240105,33.56,33.56,31.86,31.88,33.48,-1.6,-4.779,30101.24,97254.891
600083.SH,20240105,7.99,7.99,7.71,7.73,7.95,-0.22,-2.7673,86476.0,67564.541
002728.SZ,20240105,18.0,18.0,17.42,17.47,18.0,-0.53,-2.9444,190603.14,337434.827
920300.BJ,20240105,15.7,15.79,14.05,14.5,15.62,-1.12,-7.1703,52128.88,78001.094
300242.SZ,20240105,3.94,3.94,3.82,3.85,3.94,-0.09,-2.2843,170008.0,65743.913
920553.BJ,20240105,6.09,6.14,5.55,5.63,6.07,-0.44,-7.2488,33964.54,19689.494
002864.SZ,20240105,39.59,39.85,38.14,38.27,39.7,-1.43,-3.602,22091.27,85644.194
601117.SH,20240105,6.34,6.46,6.31,6.34,6.36,-0.02,-0.3145,459575.63,293843.087
000668.SZ,20240105,12.99,13.0,12.57,12.71,12.87,-0.16,-1.2432,66750.54,85573.637
920339.BJ,20240105,6.92,6.94,6.51,6.77,6.91,-0.14,-2.026,22560.99,15163.409
301087.SZ,20240105,37.34,37.34,35.72,35.97,37.36,-1.39,-3.7206,11042.84,40227.704
002872.SZ,20240105,5.72,5.97,5.72,5.94,5.7,0.24,4.2105,113995.51,66750.094
600668.SH,20240105,11.13,11.24,10.98,11.05,11.13,-0.08,-0.7188,34553.57,38429.629
300171.SZ,20240105,17.6,17.73,17.17,17.25,17.66,-0.41,-2.3216,33758.0,58702.922
003032.SZ,20240105,15.12,15.83,15.02,15.32,15.9,-0.58,-3.6478,570249.72,876861.979
301270.SZ,20240105,39.74,41.96,39.32,40.4,39.04,1.36,3.4836,91202.01,369574.573
300262.SZ,20240105,3.27,3.28,3.12,3.15,3.25,-0.1,-3.0769,313610.5,99663.166
600186.SH,20240105,6.1,6.1,5.76,5.81,6.16,-0.35,-5.6818,1040070.02,619255.825
002110.SZ,20240105,4.06,4.11,4.02,4.04,4.06,-0.02,-0.4926,181206.65,73724.519
300965.SZ,20240105,53.64,53.65,51.35,51.39,53.68,-2.29,-4.266,3819.0,19907.577
920599.BJ,20240105,11.0,11.1,10.5,10.52,11.02,-0.5,-4.5372,76585.41,82247.508
601236.SH,20240105,7.46,7.51,7.35,7.37,7.46,-0.09,-1.2064,111032.8,82529.459
301298.SZ,20240105,17.11,17.22,16.62,16.71,17.0,-0.29,-1.7059,15089.0,25495.999
300376.SZ,20240105,6.3,6.37,6.17,6.2,6.28,-0.08,-1.2739,107455.78,67288.013
301175.SZ,20240105,5.08,5.1,5.0,5.02,5.09,-0.07,-1.3752,82630.26,41713.215
000838.SZ,20240105,3.69,3.73,3.6,3.62,3.68,-0.06,-1.6304,178360.13,65346.278
002263.SZ,20240105,2.52,2.54,2.47,2.49,2.52,-0.03,-1.1905,85128.0,21303.367
601568.SH,20240105,4.85,4.93,4.85,4.86,4.89,-0.03,-0.6135,103663.76,50717.911
000963.SZ,20240105,38.9,38.91,36.3,36.69,38.93,-2.24,-5.7539,329237.05,1218856.074
301310.SZ,20240105,48.68,49.6,47.85,47.95,48.68,-0.73,-1.4996,12566.9,61022.911
300886.SZ,20240105,25.01,25.35,24.56,24.75,25.01,-0.26,-1.0396,6011.16,14954.978
300135.SZ,20240105,3.16,3.17,3.06,3.07,3.16,-0.09,-2.8481,277635.0,86270.883
300586.SZ,20240105,7.82,8.19,7.78,7.8,7.85,-0.05,-0.6369,117902.5,93927.401
002727.SZ,20240105,23.93,23.93,23.23,23.35,23.89,-0.54,-2.2604,53958.31,126527.616
300616.SZ,20240105,17.96,18.25,17.7,17.76,18.0,-0.24,-1.3333,19137.0,34387.996
300225.SZ,20240105,9.97,10.06,9.62,9.68,9.97,-0.29,-2.9087,104104.0,102167.612
000788.SZ,20240105,6.85,6.86,6.71,6.76,6.87,-0.11,-1.6012,49227.0,33404.644
300681.SZ,20240105,18.58,18.79,18.18,18.27,18.49,-0.22,-1.1898,23675.5,43705.051
002533.SZ,20240105,8.25,8.31,8.07,8.14,8.24,-0.1,-1.2136,120641.87,98837.359
002375.SZ,20240105,4.57,4.61,4.51,4.53,4.57,-0.04,-0.8753,75755.0,34536.832
300608.SZ,20240105,15.95,17.42,15.49,16.8,16.55,0.25,1.5106,512635.57,840826.485
600962.SH,20240105,11.85,11.94,11.5,11.62,11.91,-0.29,-2.4349,20566.0,24103.959
300306.SZ,20240105,11.97,12.02,11.69,11.79,11.96,-0.17,-1.4214,21874.18,25944.74
920855.BJ,20240105,14.2,14.2,12.85,12.92,13.94,-1.02,-7.3171,25935.01,34708.873
002771.SZ,20240105,29.25,30.61,28.69,29.08,29.81,-0.73,-2.4488,486075.71,1432796.035
301195.SZ,20240105,39.89,40.27,39.52,40.14,40.09,0.05,0.1247,11139.0,44446.088
300963.SZ,20240105,13.49,13.6,13.02,13.16,13.45,-0.29,-2.1561,28307.27,37479.677
300449.SZ,20240105,6.62,6.72,6.47,6.5,6.62,-0.12,-1.8127,79672.94,52319.48
920195.BJ,20240105,17.01,17.16,15.58,15.9,16.98,-1.08,-6.3604,43400.14,70801.393
600867.SH,20240105,10.62,10.65,10.29,10.36,10.66,-0.3,-2.8143,207904.24,216657.688
601069.SH,20240105,12.14,12.28,11.99,12.01,12.14,-0.13,-1.0708,44055.81,53515.134
000670.SZ,20240105,6.57,6.72,6.45,6.47,6.6,-0.13,-1.9697,149634.0,98372.998
002034.SZ,20240105,15.51,15.88,15.41,15.76,15.54,0.22,1.4157,43934.35,69106.437
300074.SZ,20240105,4.68,4.71,4.54,4.57,4.69,-0.12,-2.5586,97474.0,45048.529
000883.SZ,20240105,4.4,4.45,4.37,4.39,4.4,-0.01,-0.2273,154039.44,67994.595
600619.SH,20240105,6.68,6.76,6.54,6.56,6.73,-0.17,-2.526,115855.95,76891.547
300596.SZ,20240105,31.19,32.22,30.44,30.95,30.69,0.26,0.8472,62576.62,195040.764
002778.SZ,20240105,15.7,15.75,15.17,15.4,15.84,-0.44,-2.7778,84287.45,129744.21
002593.SZ,20240105,4.27,4.35,4.1,4.12,4.28,-0.16,-3.7383,648306.79,270385.201
002388.SZ,20240105,6.2,6.27,6.04,6.07,6.2,-0.13,-2.0968,39084.1,24051.788
300133.SZ,20240105,5.92,5.94,5.72,5.76,5.92,-0.16,-2.7027,284781.36,165333.397
002288.SZ,20240105,4.21,4.3,4.14,4.16,4.23,-0.07,-1.6548,124243.14,52319.693
002832.SZ,20240105,31.89,31.89,31.31,31.47,31.89,-0.42,-1.317,18013.97,56763.139
002312.SZ,20240105,7.03,7.08,6.88,6.9,7.06,-0.16,-2.2663,131737.59,91779.903
301359.SZ,20240105,26.36,26.78,25.83,26.04,26.47,-0.43,-1.6245,6822.1,17907.203
301550.SZ,20240105,45.92,47.52,45.37,45.65,46.28,-0.63,-1.3613,10315.44,47875.615
601388.SH,20240105,2.65,2.68,2.62,2.62,2.65,-0.03,-1.1321,154379.0,40921.007
002927.SZ,20240105,15.56,16.09,15.4,15.46,15.55,-0.09,-0.5788,91965.03,144660.88
002014.SZ,20240105,8.92,8.92,8.66,8.7,9.02,-0.32,-3.5477,77019.19,67536.555
002488.SZ,20240105,7.13,7.19,6.93,6.98,7.15,-0.17,-2.3776,99774.33,70291.048
000639.SZ,20240105,4.39,4.44,4.31,4.33,4.42,-0.09,-2.0362,60133.92,26264.971
003042.SZ,20240105,19.7,20.18,18.86,18.95,19.7,-0.75,-3.8071,74292.6,143929.869
300281.SZ,20240105,6.04,6.06,5.86,5.89,6.02,-0.13,-2.1595,51330.0,30423.225
300358.SZ,20240105,10.58,10.64,10.32,10.36,10.57,-0.21,-1.9868,36784.45,38484.646
000068.SZ,20240105,3.67,3.67,3.54,3.55,3.63,-0.08,-2.2039,56581.0,20384.726
300694.SZ,20240105,12.44,12.53,12.12,12.18,12.46,-0.28,-2.2472,46704.0,57597.642
001288.SZ,20240105,17.01,17.25,16.7,16.85,17.04,-0.19,-1.115,11323.0,19183.836
000935.SZ,20240105,17.93,18.02,17.55,17.62,18.03,-0.41,-2.274,42549.93,75495.859
601106.SH,20240105,2.89,2.9,2.86,2.87,2.89,-0.02,-0.692,122829.94,35398.836
000933.SZ,20240105,17.1,17.38,17.02,17.2,17.15,0.05,0.2915,265409.91,456864.092
300093.SZ,20240105,26.0,28.43,25.98,26.79,26.65,0.14,0.5253,466054.09,1268212.987
000796.SZ,20240105,3.95,3.95,3.82,3.84,3.93,-0.09,-2.2901,69124.0,26834.437
000969.SZ,20240105,9.08,9.1,8.73,8.8,9.08,-0.28,-3.0837,181889.09,161973.625
300515.SZ,20240105,11.53,11.61,11.14,11.23,11.49,-0.26,-2.2628,27881.0,31596.556
002952.SZ,20240105,38.88,41.0,37.88,40.59,39.1,1.49,3.8107,312617.5,1234804.522
000902.SZ,20240105,11.47,11.49,11.29,11.31,11.47,-0.16,-1.3949,73123.99,83136.819
600239.SH,20240105,2.69,2.93,2.68,2.93,2.66,0.27,10.1504,989071.2,284294.772
300653.SZ,20240105,28.03,28.16,27.07,27.12,28.26,-1.14,-4.034,18190.5,50175.815
000836.SZ,20240105,2.71,2.72,2.63,2.65,2.7,-0.05,-1.8519,166840.3,44677.711
002060.SZ,20240105,4.88,4.88,4.51,4.59,4.91,-0.32,-6.5173,801348.42,371744.843
300848.SZ,20240105,18.78,18.87,17.89,18.06,18.62,-0.56,-3.0075,20945.43,38338.413
002104.SZ,20240105,7.73,7.74,7.51,7.55,7.71,-0.16,-2.0752,94129.75,71642.165
600159.SH,20240105,3.61,3.7,3.52,3.56,3.62,-0.06,-1.6575,571577.37,206733.244
300201.SZ,20240105,4.97,4.99,4.86,4.89,4.94,-0.05,-1.0121,127331.2,62596.255
300703.SZ,20240105,11.45,11.49,11.24,11.3,11.4,-0.1,-0.8772,31708.0,36000.383
601611.SH,20240105,7.06,7.09,6.98,7.01,7.06,-0.05,-0.7082,131172.0,92213.857
002256.SZ,20240105,2.75,2.77,2.6,2.62,2.76,-0.14,-5.0725,837845.15,223692.061
300806.SZ,20240105,12.89,13.1,12.61,12.66,12.91,-0.25,-1.9365,28532.86,36581.066
300274.SZ,20240105,82.1,84.04,79.5,80.15,82.66,-2.51,-3.0365,186945.22,1523001.07
300923.SZ,20240105,24.87,25.12,24.32,24.5,24.85,-0.35,-1.4085,6867.0,16931.506
600909.SH,20240105,4.76,4.81,4.69,4.73,4.77,-0.04,-0.8386,221633.6,105350.131
002033.SZ,20240105,8.35,8.47,8.16,8.22,8.39,-0.17,-2.0262,128161.16,106611.81
300127.SZ,20240105,16.98,17.12,16.52,16.62,16.9,-0.28,-1.6568,27150.18,45550.01
301302.SZ,20240105,23.68,23.84,22.96,23.12,23.7,-0.58,-2.4473,27593.63,64601.584
002049.SZ,20240105,62.31,63.65,61.23,61.6,62.37,-0.77,-1.2346,87324.29,544023.267
301321.SZ,20240105,18.11,18.78,17.46,17.62,18.08,-0.46,-2.5442,52673.66,94865.622
300937.SZ,20240105,31.13,31.44,30.49,30.63,31.27,-0.64,-2.0467,9804.81,30310.834
600861.SH,20240105,18.56,19.02,18.45,18.52,18.6,-0.08,-0.4301,20856.06,39073.322
600143.SH,20240105,7.6,7.68,7.49,7.51,7.62,-0.11,-1.4436,160202.0,121342.88
002721.SZ,20240105,2.81,2.81,2.76,2.76,2.8,-0.04,-1.4286,25625.0,7134.708
920768.BJ,20240105,7.1,7.22,6.5,6.72,7.28,-0.56,-7.6923,48240.38,33381.011
002078.SZ,20240105,12.5,12.54,12.38,12.44,12.5,-0.06,-0.48,97512.75,121529.139
301516.SZ,20240105,21.2,22.2,20.55,21.5,20.91,0.59,2.8216,202930.26,435006.331
002127.SZ,20240105,4.0,4.04,3.81,3.83,4.02,-0.19,-4.7264,648790.83,254054.08
301368.SZ,20240105,45.8,45.93,42.5,43.03,44.72,-1.69,-3.7791,42408.07,186097.958
000975.SZ,20240105,15.05,15.23,14.88,14.9,15.13,-0.23,-1.5202,112892.92,169780.618
002953.SZ,20240105,12.91,13.03,12.72,12.77,12.91,-0.14,-1.0844,39857.3,51252.179
300345.SZ,20240105,7.48,7.49,7.19,7.27,7.44,-0.17,-2.2849,34728.0,25261.193
600928.SH,20240105,3.36,3.45,3.35,3.4,3.37,0.03,0.8902,335328.2,114250.036
300493.SZ,20240105,8.29,8.39,8.03,8.09,8.25,-0.16,-1.9394,62077.44,50887.506
300108.SZ,20240105,3.26,3.31,3.24,3.3,3.27,0.03,0.9174,71077.0,23327.446
600778.SH,20240105,6.48,6.51,6.26,6.31,6.46,-0.15,-2.322,40828.0,25964.259
001376.SZ,20240105,23.24,23.44,22.6,22.89,23.37,-0.48,-2.0539,62949.0,145108.881
600696.SH,20240105,17.32,17.45,16.84,16.95,17.34,-0.39,-2.2491,35351.51,60514.056
300548.SZ,20240105,26.03,26.09,24.44,24.61,26.12,-1.51,-5.781,135268.36,339533.418
600276.SH,20240105,43.31,43.5,41.28,41.95,43.79,-1.84,-4.2019,495226.87,2085701.637
301232.SZ,20240105,47.37,48.3,46.68,47.03,47.4,-0.37,-0.7806,5725.1,27172.26
301182.SZ,20240105,23.24,23.6,22.88,23.04,23.27,-0.23,-0.9884,10002.85,23203.001
001226.SZ,20240105,35.32,36.12,34.36,34.65,35.0,-0.35,-1.0,54026.0,191612.719
600730.SH,20240105,5.82,5.83,5.65,5.68,5.8,-0.12,-2.069,116879.05,66932.101
301558.SZ,20240105,14.74,14.8,14.11,14.25,14.89,-0.64,-4.2982,156308.11,225765.035
002862.SZ,20240105,22.8,24.7,22.05,23.74,23.02,0.72,3.1277,334525.93,782161.043
300095.SZ,20240105,8.19,8.31,8.05,8.08,8.22,-0.14,-1.7032,28411.97,23208.346
002601.SZ,20240105,16.93,17.02,16.54,16.64,16.96,-0.32,-1.8868,96086.39,161339.438
000978.SZ,20240105,7.58,7.72,7.39,7.53,7.59,-0.06,-0.7905,165951.0,125396.776
001313.SZ,20240105,8.63,8.7,8.49,8.51,8.63,-0.12,-1.3905,27025.99,23235.36
002511.SZ,20240105,9.6,9.66,9.45,9.49,9.6,-0.11,-1.1458,51945.33,49630.298
300932.SZ,20240105,16.27,16.35,15.91,15.95,16.2,-0.25,-1.5432,15035.2,24181.424
601101.SH,20240105,6.71,6.87,6.71,6.75,6.77,-0.02,-0.2954,138240.6,93823.582
300828.SZ,20240105,15.22,15.36,14.75,14.87,15.23,-0.36,-2.3638,24905.5,37426.116
601126.SH,20240105,14.48,14.5,14.02,14.1,14.26,-0.16,-1.122,61869.01,88235.319
301408.SZ,20240105,15.93,16.18,15.72,15.85,15.95,-0.1,-0.627,26301.58,41958.955
300642.SZ,20240105,17.64,17.7,17.15,17.22,17.68,-0.46,-2.6018,11503.1,20061.567
002381.SZ,20240105,7.87,8.04,7.75,7.8,7.83,-0.03,-0.3831,82188.03,64536.213
000603.SZ,20240105,11.0,11.04,10.59,10.65,11.04,-0.39,-3.5326,103223.69,111650.985
300523.SZ,20240105,20.03,20.18,19.58,19.63,20.02,-0.39,-1.9481,10457.5,20761.265
300936.SZ,20240105,41.13,41.34,39.7,40.07,40.96,-0.89,-2.1729,11823.67,47783.55
002476.SZ,20240105,6.56,6.66,6.31,6.36,6.53,-0.17,-2.6034,198658.43,128987.025
600022.SH,20240105,1.38,1.39,1.37,1.38,1.38,0.0,0.0,455591.79,62896.484
600032.SH,20240105,8.11,8.2,7.97,8.04,8.14,-0.1,-1.2285,56753.0,45941.374
002971.SZ,20240105,27.4,28.08,26.5,26.61,27.47,-0.86,-3.1307,21856.0,59013.221
002165.SZ,20240105,4.4,4.41,4.28,4.31,4.37,-0.06,-1.373,124818.0,54233.321
300088.SZ,20240105,6.17,6.27,6.05,6.08,6.16,-0.08,-1.2987,389801.35,239721.102
600018.SH,20240105,5.1,5.17,5.07,5.1,5.08,0.02,0.3937,285024.0,146199.737
002838.SZ,20240105,12.83,12.87,12.6,12.64,12.84,-0.2,-1.5576,21631.02,27535.773
003012.SZ,20240105,8.36,8.42,8.22,8.25,8.37,-0.12,-1.4337,62766.99,52317.834
002135.SZ,20240105,5.43,5.53,5.42,5.46,5.41,0.05,0.9242,98441.48,53768.886
600651.SH,20240105,3.65,3.68,3.55,3.58,3.66,-0.08,-2.1858,157527.0,56792.097
002309.SZ,20240105,2.82,2.88,2.69,2.69,2.83,-0.14,-4.947,161030.5,44498.237
002980.SZ,20240105,27.78,27.78,27.16,27.33,27.79,-0.46,-1.6553,8132.0,22371.638
920765.BJ,20240105,9.84,9.88,9.0,9.13,9.83,-0.7,-7.1211,8484.63,8004.98
600639.SH,20240105,10.02,10.18,10.02,10.08,10.05,0.03,0.2985,42118.76,42590.863
300291.SZ,20240105,6.32,6.37,6.18,6.23,6.29,-0.06,-0.9539,222011.0,139248.123
600624.SH,20240105,5.85,5.85,5.7,5.73,5.83,-0.1,-1.7153,35628.04,20582.797
300518.SZ,20240105,16.86,16.9,16.47,16.55,16.91,-0.36,-2.1289,11269.2,18821.954
002414.SZ,20240105,7.15,7.17,6.99,7.02,7.16,-0.14,-1.9553,146697.53,103705.952
301308.SZ,20240105,81.99,83.46,81.35,81.97,82.3,-0.33,-0.401,26085.33,215054.975
300748.SZ,20240105,19.2,19.63,18.97,19.06,19.16,-0.1,-0.5219,108054.14,208431.512
300484.SZ,20240105,12.52,12.62,12.24,12.33,12.5,-0.17,-1.36,20621.0,25658.364
920405.BJ,20240105,12.45,12.66,11.61,11.73,12.45,-0.72,-5.7831,20203.81,24348.904
002368.SZ,20240105,27.88,27.92,26.79,26.98,27.67,-0.69,-2.4937,72442.26,197759.273
600235.SH,20240105,6.3,6.41,6.22,6.25,6.35,-0.1,-1.5748,51126.0,32324.861
301040.SZ,20240105,18.99,19.06,18.49,18.61,18.85,-0.24,-1.2732,9963.0,18628.366
300305.SZ,20240105,9.8,9.96,9.64,9.68,9.86,-0.18,-1.8256,20003.0,19545.969
300989.SZ,20240105,19.0,19.0,18.31,18.41,18.76,-0.35,-1.8657,15447.0,28724.692
601838.SH,20240105,11.13,11.72,11.08,11.41,11.11,0.3,2.7003,577212.1,660342.897
003031.SZ,20240105,80.0,80.56,77.6,78.11,79.75,-1.64,-2.0564,19924.2,157407.019
600755.SH,20240105,7.06,7.28,7.02,7.2,7.05,0.15,2.1277,331414.88,238390.385
600112.SH,20240105,2.65,2.65,2.59,2.62,2.65,-0.03,-1.1321,34217.0,8956.822
000156.SZ,20240105,7.6,7.66,7.44,7.49,7.62,-0.13,-1.706,79784.08,60306.675
300928.SZ,20240105,48.17,49.4,47.32,47.6,48.02,-0.42,-0.8746,20162.0,97135.947
300102.SZ,20240105,7.05,7.12,6.9,6.94,7.05,-0.11,-1.5603,119609.95,83756.644
000971.SZ,20240105,1.78,1.79,1.74,1.74,1.76,-0.02,-1.1364,46157.0,8146.239
600100.SH,20240105,7.13,7.14,6.93,6.96,7.12,-0.16,-2.2472,324681.71,227911.395
002947.SZ,20240105,30.5,30.58,29.43,29.71,30.31,-0.6,-1.9795,17476.14,52245.747
000790.SZ,20240105,5.16,5.19,5.04,5.06,5.16,-0.1,-1.938,101115.76,51633.447
000886.SZ,20240105,4.17,4.21,4.1,4.12,4.16,-0.04,-0.9615,93941.91,39096.606
300183.SZ,20240105,14.64,14.79,14.2,14.32,14.64,-0.32,-2.1858,24896.0,36050.285
300165.SZ,20240105,6.74,6.82,6.33,6.4,6.78,-0.38,-5.6047,273094.0,178109.21
003003.SZ,20240105,11.77,11.89,11.64,11.7,11.77,-0.07,-0.5947,23528.0,27677.15
600877.SH,20240105,13.53,13.61,13.1,13.19,13.52,-0.33,-2.4408,72545.0,96693.957
002277.SZ,20240105,4.04,4.08,3.95,3.96,4.06,-0.1,-2.4631,172959.0,69352.577
300232.SZ,20240105,8.04,8.29,7.83,7.99,8.31,-0.32,-3.8508,807309.97,649463.977
002495.SZ,20240105,3.35,3.35,3.13,3.16,3.39,-0.23,-6.7847,958839.57,308141.407
002051.SZ,20240105,8.12,8.22,8.03,8.03,8.12,-0.09,-1.1084,73996.67,60200.857
002550.SZ,20240105,6.0,6.06,5.83,5.93,6.0,-0.07,-1.1667,222820.0,133037.156
000538.SZ,20240105,49.28,49.33,48.64,48.82,49.28,-0.46,-0.9334,38390.56,188151.576
000576.SZ,20240105,9.25,9.29,9.03,9.06,9.24,-0.18,-1.9481,27313.03,24996.668
600959.SH,20240105,3.16,3.16,3.09,3.1,3.15,-0.05,-1.5873,343837.3,107492.917
300349.SZ,20240105,12.52,12.77,12.27,12.34,12.51,-0.17,-1.3589,32794.6,40965.87
002183.SZ,20240105,4.4,4.41,4.29,4.31,4.4,-0.09,-2.0455,192778.0,83746.969
600066.SH,20240105,13.55,13.55,13.24,13.34,13.48,-0.14,-1.0386,148957.29,198547.098
300109.SZ,20240105,18.04,18.04,17.47,17.53,18.05,-0.52,-2.8809,34049.61,60361.48
300535.SZ,20240105,17.93,18.08,17.4,17.52,17.99,-0.47,-2.6126,19732.04,34882.723
301049.SZ,20240105,23.79,24.02,23.31,23.43,23.79,-0.36,-1.5132,7588.0,17919.026
300296.SZ,20240105,5.78,5.83,5.65,5.67,5.76,-0.09,-1.5625,219818.23,125850.62
601199.SH,20240105,5.09,5.15,5.0,5.05,5.1,-0.05,-0.9804,103194.04,52350.811
000930.SZ,20240105,6.78,6.8,6.68,6.72,6.79,-0.07,-1.0309,37509.0,25312.776
300560.SZ,20240105,17.87,17.91,16.9,17.03,17.97,-0.94,-5.2309,97766.23,169119.765
300749.SZ,20240105,9.54,9.66,9.47,9.52,9.54,-0.02,-0.2096,29231.0,27906.605
600750.SH,20240105,21.96,22.58,21.75,21.98,21.91,0.07,0.3195,125207.17,278121.949
300654.SZ,20240105,11.4,11.42,10.75,10.83,11.36,-0.53,-4.6655,194370.14,213209.656
001328.SZ,20240105,27.91,28.07,27.25,27.33,27.97,-0.64,-2.2882,9886.02,27346.425
920425.BJ,20240105,28.88,29.14,26.22,26.26,28.87,-2.61,-9.0405,32557.48,88972.505
300125.SZ,20240105,12.31,12.36,11.86,11.93,12.29,-0.36,-2.9292,40041.18,48348.143
300787.SZ,20240105,16.44,16.61,16.01,16.1,16.36,-0.26,-1.5892,13664.8,22186.151
000403.SZ,20240105,27.11,27.45,26.68,26.85,27.09,-0.24,-0.8859,47801.83,129346.223
300189.SZ,20240105,3.25,3.28,3.18,3.19,3.27,-0.08,-2.4465,150750.0,48629.645
002615.SZ,20240105,7.4,7.42,7.17,7.19,7.4,-0.21,-2.8378,105422.5,76766.225
002889.SZ,20240105,25.1,25.36,24.5,24.74,25.39,-0.65,-2.5601,42950.2,106676.128
600228.SH,20240105,7.63,7.68,7.39,7.45,7.65,-0.2,-2.6144,101725.0,76290.37
600791.SH,20240105,4.92,5.24,4.92,5.04,4.92,0.12,2.439,199962.01,101312.257
002950.SZ,20240105,9.57,9.58,9.35,9.39,9.54,-0.15,-1.5723,18230.0,17224.485
301166.SZ,20240105,38.2,38.49,37.46,37.72,38.29,-0.57,-1.4886,4494.53,17061.183
002516.SZ,20240105,4.92,4.98,4.82,4.85,4.92,-0.07,-1.4228,95340.0,46773.817
002134.SZ,20240105,10.93,11.02,10.7,10.78,10.92,-0.14,-1.2821,36151.0,39286.749
301051.SZ,20240105,61.5,62.48,59.7,60.15,61.62,-1.47,-2.3856,11886.0,72456.764
300139.SZ,20240105,10.05,10.14,9.79,9.85,10.06,-0.21,-2.0875,49852.0,49636.441
002705.SZ,20240105,14.2,14.4,14.1,14.14,14.23,-0.09,-0.6325,41668.43,59391.312
000672.SZ,20240105,8.01,8.16,7.97,8.04,8.05,-0.01,-0.1242,53333.23,43122.636
002294.SZ,20240105,31.49,31.49,30.68,31.08,31.44,-0.36,-1.145,38542.84,119372.448
002413.SZ,20240105,5.36,5.38,5.21,5.24,5.38,-0.14,-2.6022,221456.0,117036.19
600180.SH,20240105,6.33,6.41,6.23,6.27,6.32,-0.05,-0.7911,89138.68,56353.855
601113.SH,20240105,3.59,3.6,3.51,3.53,3.56,-0.03,-0.8427,74591.0,26511.828
002075.SZ,20240105,3.84,3.86,3.77,3.79,3.83,-0.04,-1.0444,92047.4,35127.014
000931.SZ,20240105,6.0,6.02,5.88,5.91,6.01,-0.1,-1.6639,54540.07,32407.131
300166.SZ,20240105,9.16,9.2,8.86,8.93,9.16,-0.23,-2.5109,179209.02,161323.321
600618.SH,20240105,9.23,9.3,9.1,9.15,9.24,-0.09,-0.974,34389.89,31643.687
600883.SH,20240105,8.65,8.73,8.5,8.53,8.68,-0.15,-1.7281,28654.0,24660.249
002262.SZ,20240105,28.0,28.05,27.17,27.37,27.99,-0.62,-2.2151,42161.25,115709.346
920198.BJ,20240105,11.26,11.3,10.02,10.12,11.23,-1.11,-9.8842,78880.77,83522.315
300270.SZ,20240105,7.75,7.77,7.53,7.56,7.7,-0.14,-1.8182,37074.0,28346.905
300527.SZ,20240105,7.75,7.8,7.58,7.62,7.73,-0.11,-1.423,59000.1,45305.292
920149.BJ,20240105,8.78,8.86,7.9,7.97,8.75,-0.78,-8.9143,41080.39,34179.311
300252.SZ,20240105,8.88,8.92,8.54,8.58,8.91,-0.33,-3.7037,141592.2,123184.392
600961.SH,20240105,8.13,8.3,8.07,8.09,8.15,-0.06,-0.7362,126803.78,103784.368
601008.SH,20240105,4.1,4.12,4.05,4.07,4.11,-0.04,-0.9732,82494.16,33717.862
000034.SZ,20240105,28.66,28.69,27.71,27.83,28.9,-1.07,-3.7024,177023.11,497856.649
600866.SH,20240105,4.66,4.69,4.6,4.63,4.67,-0.04,-0.8565,68520.81,31817.765
002073.SZ,20240105,6.47,6.51,6.2,6.25,6.47,-0.22,-3.4003,175767.98,111279.584
000567.SZ,20240105,10.77,10.8,10.62,10.7,10.83,-0.13,-1.2004,31598.09,33852.476
300251.SZ,20240105,8.14,8.16,7.96,8.0,8.17,-0.17,-2.0808,191633.53,154459.016
600830.SH,20240105,7.05,7.08,6.91,6.96,7.06,-0.1,-1.4164,61399.01,42934.24
600689.SH,20240105,12.02,12.2,11.28,11.39,12.39,-1.0,-8.071,153494.62,179018.275
301153.SZ,20240105,75.49,75.69,71.76,71.9,74.89,-2.99,-3.9925,18110.85,132384.184
002313.SZ,20240105,10.99,11.01,10.36,10.46,10.87,-0.41,-3.7718,175736.0,185589.166
600787.SH,20240105,5.2,5.23,5.14,5.17,5.21,-0.04,-0.7678,67076.57,34777.777
001256.SZ,20240105,18.53,18.7,18.46,18.52,18.54,-0.02,-0.1079,13157.0,24392.237
300741.SZ,20240105,20.98,21.15,20.7,20.7,20.93,-0.23,-1.0989,16344.0,34121.206
920237.BJ,20240105,17.6,19.28,17.19,17.56,17.57,-0.01,-0.0569,30249.74,55671.049
300702.SZ,20240105,20.93,20.93,20.24,20.34,20.94,-0.6,-2.8653,18464.86,37762.273
600251.SH,20240105,8.79,8.84,8.64,8.66,8.83,-0.17,-1.9253,63865.28,55710.729
600172.SH,20240105,3.63,3.64,3.5,3.51,3.62,-0.11,-3.0387,207812.79,73963.55
920519.BJ,20240105,11.68,11.68,10.9,11.15,11.77,-0.62,-5.2676,33597.54,37955.045
301131.SZ,20240105,46.2,46.7,44.51,44.8,46.34,-1.54,-3.3233,24798.2,112578.034
002701.SZ,20240105,4.18,4.22,4.11,4.13,4.16,-0.03,-0.7212,180063.59,75121.586
002069.SZ,20240105,4.48,4.53,4.4,4.45,4.49,-0.04,-0.8909,77589.5,34682.136
600827.SH,20240105,9.4,9.45,9.28,9.31,9.41,-0.1,-1.0627,46902.22,43966.619
002583.SZ,20240105,5.95,6.0,5.84,5.84,5.95,-0.11,-1.8487,210078.23,124597.728
002620.SZ,20240105,5.35,5.49,5.29,5.33,5.42,-0.09,-1.6605,63383.5,34042.857
002200.SZ,20240105,9.43,9.43,8.91,8.92,9.38,-0.46,-4.9041,37393.0,33852.374
002875.SZ,20240105,14.4,14.48,13.93,14.05,14.34,-0.29,-2.0223,55825.07,78923.709
300604.SZ,20240105,37.41,38.8,36.3,36.48,37.41,-0.93,-2.486,65701.0,246322.784
601233.SH,20240105,15.06,15.25,14.9,14.99,15.15,-0.16,-1.0561,148565.51,223816.315
601877.SH,20240105,21.15,21.46,20.83,20.99,21.18,-0.19,-0.8971,70015.72,148362.822
000006.SZ,20240105,4.48,4.63,4.47,4.52,4.45,0.07,1.573,352649.73,160744.077
300298.SZ,20240105,30.15,30.18,29.41,29.46,30.09,-0.63,-2.0937,20436.01,60653.508
300326.SZ,20240105,6.41,6.41,6.23,6.27,6.4,-0.13,-2.0313,34237.0,21600.481
600727.SH,20240105,6.68,6.7,6.54,6.58,6.69,-0.11,-1.6442,79817.01,52668.996
600841.SH,20240105,5.9,5.91,5.71,5.74,5.84,-0.1,-1.7123,59965.39,34907.838
301263.SZ,20240105,16.13,16.28,15.8,15.88,16.16,-0.28,-1.7327,20871.2,33456.084
600719.SH,20240105,8.21,8.41,8.14,8.19,8.3,-0.11,-1.3253,109486.0,90440.037
920371.BJ,20240105,6.18,6.3,5.73,5.8,6.21,-0.41,-6.6023,67380.13,40522.659
300200.SZ,20240105,8.7,8.7,8.46,8.48,8.67,-0.19,-2.1915,50488.6,43218.968
300613.SZ,20240105,40.5,40.74,39.0,39.1,40.54,-1.44,-3.552,24816.38,98540.801
002530.SZ,20240105,8.88,8.91,8.65,8.74,8.88,-0.14,-1.5766,116340.0,102362.247
920204.BJ,20240105,17.1,17.3,15.11,15.12,17.12,-2.0,-11.6822,53012.73,86865.168
300070.SZ,20240105,5.03,5.05,4.97,4.99,5.04,-0.05,-0.9921,128995.08,64731.207
300809.SZ,20240105,29.16,29.43,27.92,28.2,28.99,-0.79,-2.7251,68289.97,193740.459
920415.BJ,20240105,6.8,6.97,6.28,6.45,6.83,-0.38,-5.5637,61931.66,40765.517
920964.BJ,20240105,4.5,4.53,4.16,4.24,4.52,-0.28,-6.1947,122761.05,53262.22
002664.SZ,20240105,16.05,16.26,15.7,15.74,15.94,-0.2,-1.2547,28155.58,45044.462
601002.SH,20240105,4.97,5.02,4.89,4.9,4.95,-0.05,-1.0101,71202.94,35213.399
002634.SZ,20240105,6.85,6.91,6.53,6.6,6.91,-0.31,-4.4863,115624.23,77250.567
300685.SZ,20240105,21.11,21.11,20.52,20.59,21.03,-0.44,-2.0922,17506.4,36251.953
002843.SZ,20240105,26.13,26.65,24.99,25.62,26.2,-0.58,-2.2137,18901.77,48397.343
600249.SH,20240105,5.95,5.97,5.8,5.84,5.94,-0.1,-1.6835,126969.8,74632.407
600288.SH,20240105,11.18,11.31,10.85,10.91,11.21,-0.3,-2.6762,77504.0,85717.183
920950.BJ,20240105,23.15,23.36,21.21,21.67,23.16,-1.49,-6.4335,7157.1,15907.524
000936.SZ,20240105,7.87,7.87,7.6,7.64,7.86,-0.22,-2.799,144892.49,111831.382
000533.SZ,20240105,4.77,4.81,4.65,4.68,4.77,-0.09,-1.8868,159920.0,75337.448
600824.SH,20240105,4.01,4.05,3.91,3.94,4.04,-0.1,-2.4752,262689.68,104259.82
301378.SZ,20240105,47.26,47.68,46.58,46.99,47.1,-0.11,-0.2335,4716.0,22263.136
002453.SZ,20240105,10.65,10.8,10.45,10.59,10.69,-0.1,-0.9355,53362.58,56577.49
300480.SZ,20240105,20.33,20.69,19.81,20.0,20.39,-0.39,-1.9127,27997.72,56424.802
301512.SZ,20240105,62.85,66.57,62.35,64.29,63.62,0.67,1.0531,21729.45,141221.223
001311.SZ,20240105,46.77,47.26,45.91,46.26,46.75,-0.49,-1.0481,12614.89,58644.354
920579.BJ,20240105,22.11,22.63,21.2,21.55,21.76,-0.21,-0.9651,70575.42,154857.166
002598.SZ,20240105,10.68,10.98,10.21,10.26,10.32,-0.06,-0.5814,140570.62,146718.354
601162.SH,20240105,3.0,3.04,2.98,3.0,3.01,-0.01,-0.3322,910413.2,273969.02
601200.SH,20240105,9.16,9.19,9.09,9.12,9.14,-0.02,-0.2188,39862.1,36458.612
600613.SH,20240105,7.62,7.62,7.43,7.47,7.61,-0.14,-1.8397,56318.0,42421.22
002239.SZ,20240105,3.07,3.09,2.97,2.99,3.07,-0.08,-2.6059,843800.0,255719.362
300957.SZ,20240105,63.99,65.05,63.2,63.65,64.06,-0.41,-0.64,24015.15,153689.388
600679.SH,20240105,9.95,10.05,9.56,9.6,10.01,-0.41,-4.0959,112424.34,109629.157
000599.SZ,20240105,4.8,4.81,4.63,4.67,4.78,-0.11,-2.3013,144137.0,67844.818
300405.SZ,20240105,6.94,7.19,6.66,6.75,6.93,-0.18,-2.5974,283663.81,196619.664
300921.SZ,20240105,24.24,24.24,23.41,23.56,24.28,-0.72,-2.9654,16808.79,40096.901
300239.SZ,20240105,6.26,6.31,6.16,6.19,6.27,-0.08,-1.2759,43611.0,27160.086
002613.SZ,20240105,4.78,4.81,4.63,4.66,4.81,-0.15,-3.1185,257545.14,121206.518
920641.BJ,20240105,13.31,13.59,11.81,12.07,13.32,-1.25,-9.3844,44166.08,55513.407
601211.SH,20240105,14.82,15.02,14.75,14.89,14.89,0.0,0.0,228828.65,340880.144
300620.SZ,20240105,43.65,43.65,41.18,41.43,43.99,-2.56,-5.8195,76716.3,323382.384
300439.SZ,20240105,11.78,11.83,11.54,11.58,11.82,-0.24,-2.0305,27476.43,32048.287
300083.SZ,20240105,5.9,5.93,5.62,5.67,5.89,-0.22,-3.7351,268528.83,154758.94
000636.SZ,20240105,13.2,13.36,12.83,12.9,13.22,-0.32,-2.4206,83648.68,109283.782
002226.SZ,20240105,4.4,4.43,4.34,4.36,4.43,-0.07,-1.5801,94367.93,41459.139
002898.SZ,20240105,14.15,14.18,13.85,13.87,14.15,-0.28,-1.9788,22782.3,31832.688
002989.SZ,20240105,17.32,18.1,17.27,17.61,17.32,0.29,1.6744,67426.92,119024.114
300579.SZ,20240105,25.35,25.56,24.62,24.72,25.25,-0.53,-2.099,13751.5,34318.059
002025.SZ,20240105,47.6,47.6,44.71,45.05,47.25,-2.2,-4.6561,47240.52,215676.713
300821.SZ,20240105,8.21,8.34,8.09,8.15,8.24,-0.09,-1.0922,31792.0,26090.379
002004.SZ,20240105,4.72,4.73,4.66,4.69,4.71,-0.02,-0.4246,99425.0,46721.143
002552.SZ,20240105,14.07,14.12,13.71,13.84,14.07,-0.23,-1.6347,19343.71,26948.52
301209.SZ,20240105,25.28,25.59,24.62,24.79,25.28,-0.49,-1.9383,9523.99,23801.705
002146.SZ,20240105,1.67,1.71,1.66,1.67,1.68,-0.01,-0.5952,762521.68,128402.959
300888.SZ,20240105,37.49,37.58,36.95,37.1,37.48,-0.38,-1.0139,11325.2,42117.621
300539.SZ,20240105,12.34,12.38,11.93,12.0,12.25,-0.25,-2.0408,19538.0,23696.304
300877.SZ,20240105,17.92,17.95,17.48,17.67,17.91,-0.24,-1.34,12151.37,21537.585
002938.SZ,20240105,21.25,21.51,20.57,20.7,21.25,-0.55,-2.5882,107287.04,224812.219
920090.BJ,20240105,5.96,6.12,5.41,5.62,6.08,-0.46,-7.5658,243772.07,140453.609
600763.SH,20240105,72.08,72.17,67.78,67.9,72.17,-4.27,-5.9166,113772.24,784561.621
300467.SZ,20240105,16.91,16.99,16.41,16.51,16.87,-0.36,-2.134,53752.0,89264.005
300404.SZ,20240105,9.06,9.08,8.8,8.86,9.05,-0.19,-2.0994,39340.4,35164.762
301126.SZ,20240105,13.44,13.5,13.19,13.28,13.42,-0.14,-1.0432,17124.62,22859.105
000813.SZ,20240105,3.25,3.29,3.17,3.19,3.27,-0.08,-2.4465,236596.02,76317.694
002440.SZ,20240105,6.16,6.17,6.08,6.1,6.16,-0.06,-0.974,33412.85,20509.534
920576.BJ,20240105,27.69,27.69,25.52,25.55,28.0,-2.45,-8.75,42331.15,111646.266
002174.SZ,20240105,12.31,12.32,11.69,11.83,12.29,-0.46,-3.7429,369362.61,439948.715
002324.SZ,20240105,12.86,13.11,12.65,12.71,12.78,-0.07,-0.5477,65122.69,83741.783
002485.SZ,20240105,4.25,4.26,4.13,4.16,4.26,-0.1,-2.3474,19827.0,8288.364
002496.SZ,20240105,1.96,1.97,1.92,1.92,1.96,-0.04,-2.0408,129460.0,25077.901
300304.SZ,20240105,6.52,6.55,6.28,6.32,6.53,-0.21,-3.2159,205224.0,131407.836
600643.SH,20240105,5.2,5.28,5.17,5.2,5.2,0.0,0.0,88511.61,46239.897
002910.SZ,20240105,11.22,11.26,10.97,11.02,11.21,-0.19,-1.6949,18899.0,20963.777
301305.SZ,20240105,17.96,18.16,17.72,17.75,17.91,-0.16,-0.8934,11053.01,19849.305
001336.SZ,20240105,29.38,29.74,28.5,28.66,29.16,-0.5,-1.7147,8018.0,23331.646
301349.SZ,20240105,44.09,45.99,42.99,43.15,44.09,-0.94,-2.132,14582.34,64892.782
002379.SZ,20240105,4.59,4.6,4.49,4.54,4.59,-0.05,-1.0893,96364.88,43763.228
002217.SZ,20240105,2.56,2.58,2.45,2.47,2.57,-0.1,-3.8911,662013.07,166077.612
002930.SZ,20240105,19.34,19.35,19.02,19.08,19.24,-0.16,-0.8316,5127.56,9827.452
002912.SZ,20240105,27.16,27.16,26.3,26.38,26.82,-0.44,-1.6406,22190.53,59248.143
301248.SZ,20240105,17.24,17.36,16.82,16.95,17.24,-0.29,-1.6821,18294.0,31266.076
601886.SH,20240105,6.66,6.67,6.55,6.6,6.67,-0.07,-1.0495,45432.0,29999.862
002869.SZ,20240105,20.49,20.58,19.61,19.78,20.38,-0.6,-2.9441,46745.5,93746.606
002024.SZ,20240105,1.85,1.86,1.79,1.8,1.87,-0.07,-3.7433,458687.36,83833.344
002761.SZ,20240105,10.08,10.19,9.9,9.93,10.07,-0.14,-1.3903,141192.65,141721.555
600221.SH,20240105,1.35,1.37,1.34,1.35,1.35,0.0,0.0,492381.75,66757.58
600938.SH,20240105,21.42,21.6,21.06,21.18,21.33,-0.15,-0.7032,274837.23,585946.154
300925.SZ,20240105,11.83,12.59,11.66,12.42,11.92,0.5,4.1946,480622.07,586217.144
301295.SZ,20240105,32.67,33.66,32.58,32.73,32.68,0.05,0.153,11173.45,36935.795
002540.SZ,20240105,6.65,6.65,6.47,6.51,6.62,-0.11,-1.6616,100257.91,65716.532
002426.SZ,20240105,2.28,2.31,2.22,2.24,2.28,-0.04,-1.7544,343276.65,77755.735
301529.SZ,20240105,39.68,40.55,39.24,39.55,39.67,-0.12,-0.3025,8284.43,33076.471
000738.SZ,20240105,19.28,19.28,18.74,19.0,19.23,-0.23,-1.196,68208.48,128995.036
600153.SH,20240105,9.79,10.08,9.75,9.89,9.75,0.14,1.4359,374484.9,372023.681
601326.SH,20240105,2.94,2.97,2.91,2.93,2.93,0.0,0.0,165179.0,48639.654
300670.SZ,20240105,7.98,8.06,7.8,7.86,7.95,-0.09,-1.1321,29741.5,23528.968
000833.SZ,20240105,6.25,6.25,6.11,6.13,6.25,-0.12,-1.92,42233.4,26045.931
601298.SH,20240105,6.46,6.56,6.44,6.48,6.47,0.01,0.1546,117533.49,76412.496
001269.SZ,20240105,48.88,49.89,47.05,47.5,49.51,-2.01,-4.0598,86191.14,415729.308
600760.SH,20240105,41.07,41.16,39.55,40.0,41.28,-1.28,-3.1008,170619.43,683407.254
301509.SZ,20240105,62.58,64.31,61.66,62.17,62.71,-0.54,-0.8611,17234.03,108936.009
601816.SH,20240105,4.81,4.83,4.75,4.76,4.81,-0.05,-1.0395,866378.25,415185.66
002798.SZ,20240105,6.76,6.83,6.65,6.69,6.73,-0.04,-0.5944,31800.0,21446.323
002658.SZ,20240105,8.4,8.45,8.23,8.3,8.43,-0.13,-1.5421,73015.16,60830.486
300971.SZ,20240105,25.0,25.12,24.22,24.39,24.86,-0.47,-1.8906,11345.07,27926.511
600189.SH,20240105,10.39,10.62,9.97,9.99,10.28,-0.29,-2.821,181733.3,186396.796
300134.SZ,20240105,9.9,9.9,9.51,9.55,9.86,-0.31,-3.144,68860.0,66563.816
600121.SH,20240105,4.34,4.48,4.25,4.28,4.38,-0.1,-2.2831,544887.79,236618.676
003002.SZ,20240105,15.22,15.27,14.54,14.69,15.08,-0.39,-2.5862,89077.04,132149.209
600016.SH,20240105,3.76,3.85,3.75,3.81,3.76,0.05,1.3298,1511593.54,575570.329
002108.SZ,20240105,4.04,4.07,3.97,3.99,4.04,-0.05,-1.2376,201632.97,81117.094
000960.SZ,20240105,14.35,14.46,14.11,14.2,14.36,-0.16,-1.1142,92709.69,132434.643
600676.SH,20240105,4.55,4.55,4.39,4.4,4.53,-0.13,-2.8698,100296.45,44753.342
600868.SH,20240105,2.55,2.56,2.51,2.52,2.55,-0.03,-1.1765,85664.38,21726.816
600833.SH,20240105,12.2,12.31,11.9,11.99,12.23,-0.24,-1.9624,25396.0,30644.757
920942.BJ,20240105,13.72,13.87,12.77,13.07,13.71,-0.64,-4.6681,15508.71,20597.34
000027.SZ,20240105,6.29,6.4,6.26,6.31,6.29,0.02,0.318,299917.83,190061.91
002564.SZ,20240105,4.22,4.28,4.08,4.12,4.27,-0.15,-3.5129,288471.39,120472.534
920992.BJ,20240105,13.91,13.96,12.6,12.97,13.91,-0.94,-6.7577,30143.14,39823.051
000881.SZ,20240105,7.28,7.29,7.09,7.14,7.27,-0.13,-1.7882,85746.0,61621.792
300198.SZ,20240105,2.73,2.77,2.69,2.71,2.74,-0.03,-1.0949,101749.2,27798.82
300385.SZ,20240105,6.97,7.04,6.87,6.91,6.96,-0.05,-0.7184,29699.0,20618.844
002897.SZ,20240105,34.79,35.33,33.5,33.92,34.9,-0.98,-2.808,37101.87,127174.323
300121.SZ,20240105,8.8,8.87,8.62,8.67,8.82,-0.15,-1.7007,38763.0,33819.356
300157.SZ,20240105,3.54,3.54,3.43,3.45,3.52,-0.07,-1.9886,80267.0,27972.675
002858.SZ,20240105,18.0,18.13,17.12,17.35,18.01,-0.66,-3.6646,86816.0,152922.384
000923.SZ,20240105,17.22,17.22,16.7,16.85,17.1,-0.25,-1.462,61830.18,104645.143
002416.SZ,20240105,9.54,9.71,9.43,9.49,9.63,-0.14,-1.4538,138063.04,132106.02
002786.SZ,20240105,16.41,16.97,15.18,15.27,16.42,-1.15,-7.0037,1200924.56,1922142.249
601216.SH,20240105,3.75,3.8,3.73,3.75,3.75,0.0,0.0,265626.74,100029.651
300911.SZ,20240105,35.85,36.9,35.46,35.79,36.02,-0.23,-0.6385,16194.94,58616.205
002053.SZ,20240105,10.1,11.0,10.1,10.49,10.16,0.33,3.248,324607.93,342538.637
000619.SZ,20240105,6.94,7.07,6.78,6.81,7.02,-0.21,-2.9915,251694.77,173947.066
000504.SZ,20240105,11.63,11.7,11.24,11.3,11.63,-0.33,-2.8375,20986.0,23992.042
920510.BJ,20240105,27.94,28.2,25.0,25.89,27.27,-1.38,-5.0605,58320.53,153790.975
300813.SZ,20240105,24.84,24.84,23.8,24.06,24.53,-0.47,-1.916,5823.74,14148.924
002081.SZ,20240105,3.74,3.78,3.7,3.72,3.74,-0.02,-0.5348,92811.54,34736.43
301099.SZ,20240105,47.99,48.7,46.93,47.2,47.99,-0.79,-1.6462,5833.0,27840.098
600148.SH,20240105,16.76,16.9,16.28,16.33,16.8,-0.47,-2.7976,26971.0,44599.852
001319.SZ,20240105,25.0,25.36,24.43,24.52,25.0,-0.48,-1.92,21985.0,54593.24
601700.SH,20240105,5.05,5.1,4.94,4.99,5.08,-0.09,-1.7717,86430.0,43273.642
300976.SZ,20240105,50.94,51.7,49.03,49.3,50.94,-1.64,-3.2195,12569.87,63045.785
002484.SZ,20240105,15.03,15.13,14.53,14.61,15.0,-0.39,-2.6,61310.3,90571.872
301152.SZ,20240105,34.92,36.53,34.53,35.28,34.9,0.38,1.0888,53728.58,191884.422
002871.SZ,20240105,11.42,11.55,11.19,11.26,11.41,-0.15,-1.3146,15322.04,17395.544
002523.SZ,20240105,2.84,2.84,2.76,2.78,2.83,-0.05,-1.7668,152081.44,42596.661
300316.SZ,20240105,40.87,41.66,39.58,39.61,41.06,-1.45,-3.5314,113542.29,459345.893
300689.SZ,20240105,19.13,19.32,18.61,18.77,19.05,-0.28,-1.4698,9817.9,18548.348
600127.SH,20240105,7.22,7.26,7.11,7.14,7.26,-0.12,-1.6529,79084.0,56746.713
300105.SZ,20240105,6.97,6.98,6.74,6.78,6.92,-0.14,-2.0231,111237.0,76007.054
301167.SZ,20240105,17.25,17.37,17.06,17.13,17.25,-0.12,-0.6957,9654.0,16597.977
002145.SZ,20240105,4.45,4.49,4.36,4.38,4.46,-0.08,-1.7937,216496.43,95599.714
000589.SZ,20240105,6.14,6.14,5.97,6.0,6.12,-0.12,-1.9608,180965.12,109333.427
300988.SZ,20240105,20.8,20.89,20.01,20.1,20.82,-0.72,-3.4582,41218.22,84144.145
300511.SZ,20240105,5.34,5.37,5.23,5.26,5.34,-0.08,-1.4981,52745.2,27914.756
002177.SZ,20240105,5.01,5.2,4.72,4.79,5.24,-0.45,-8.5878,1400151.99,692490.994
003040.SZ,20240105,19.42,19.53,18.28,18.37,19.78,-1.41,-7.1284,322495.76,606332.033
601788.SH,20240105,15.2,15.32,14.91,15.05,15.2,-0.15,-0.9868,207747.12,314225.644
301246.SZ,20240105,25.9,25.92,25.5,25.56,25.87,-0.31,-1.1983,4749.27,12220.685
002181.SZ,20240105,4.64,4.66,4.55,4.57,4.66,-0.09,-1.9313,118415.5,54553.598
920208.BJ,20240105,44.38,44.77,42.0,42.02,44.33,-2.31,-5.2109,6320.27,27097.403
601198.SH,20240105,8.1,8.21,8.03,8.06,8.1,-0.04,-0.4938,125492.0,101858.623
002422.SZ,20240105,28.42,28.42,27.5,27.6,28.53,-0.93,-3.2597,131301.91,366204.888
600117.SH,20240105,3.18,3.18,3.07,3.1,3.19,-0.09,-2.8213,52221.0,16267.107
003023.SZ,20240105,20.98,21.02,20.55,20.69,20.73,-0.04,-0.193,16408.0,34091.58
002083.SZ,20240105,5.1,5.12,4.9,4.98,5.09,-0.11,-2.1611,165155.0,82782.064
000600.SZ,20240105,5.31,5.42,5.24,5.28,5.35,-0.07,-1.3084,202845.0,108198.937
002762.SZ,20240105,8.93,9.1,8.74,8.78,8.95,-0.17,-1.8994,51431.0,45703.887
000017.SZ,20240105,4.59,4.6,4.44,4.46,4.57,-0.11,-2.407,59058.0,26621.505
600222.SH,20240105,6.18,6.21,6.01,6.03,6.17,-0.14,-2.269,184902.0,112519.682
600876.SH,20240105,13.87,14.09,13.65,13.7,13.94,-0.24,-1.7217,15126.0,20972.686
002853.SZ,20240105,13.2,13.38,12.95,13.02,13.21,-0.19,-1.4383,20336.0,26759.841
000665.SZ,20240105,4.79,4.79,4.67,4.69,4.78,-0.09,-1.8828,114920.0,54325.034
600088.SH,20240105,15.66,16.24,14.93,15.35,16.02,-0.67,-4.1823,360264.98,556383.418
600771.SH,20240105,27.0,27.2,26.35,26.55,27.0,-0.45,-1.6667,47238.47,126289.974
300973.SZ,20240105,46.77,46.79,45.56,45.87,46.77,-0.9,-1.9243,9509.0,43796.507
600150.SH,20240105,29.66,30.09,29.29,29.52,29.8,-0.28,-0.9396,312920.74,928770.693
001255.SZ,20240105,35.89,36.09,34.45,34.7,36.25,-1.55,-4.2759,22730.94,79890.211
002401.SZ,20240105,18.24,18.29,17.37,17.48,17.93,-0.45,-2.5098,69328.75,122686.969
600617.SH,20240105,3.97,4.02,3.93,3.95,3.98,-0.03,-0.7538,71433.0,28418.851
600080.SH,20240105,7.87,7.92,7.63,7.66,7.84,-0.18,-2.2959,32072.02,24848.76
000498.SZ,20240105,5.6,5.67,5.53,5.55,5.59,-0.04,-0.7156,154938.0,86965.757
600678.SH,20240105,7.42,7.47,7.12,7.17,7.45,-0.28,-3.7584,356713.5,258718.857
002852.SZ,20240105,10.96,10.98,10.69,10.73,10.98,-0.25,-2.2769,28064.55,30349.805
600831.SH,20240105,5.32,5.34,5.16,5.21,5.35,-0.14,-2.6168,124556.18,65467.067
000880.SZ,20240105,10.8,10.81,10.48,10.57,10.79,-0.22,-2.0389,40336.8,42902.264
000722.SZ,20240105,10.1,10.27,9.95,10.0,10.24,-0.24,-2.3438,135144.83,136556.289
002333.SZ,20240105,6.41,6.41,6.21,6.24,6.42,-0.18,-2.8037,116945.0,73474.34
300427.SZ,20240105,6.54,6.55,6.33,6.38,6.55,-0.17,-2.5954,36870.0,23641.813
000528.SZ,20240105,6.85,6.9,6.74,6.77,6.85,-0.08,-1.1679,128104.61,87354.128
920971.BJ,20240105,17.51,17.88,16.2,16.2,17.9,-1.7,-9.4972,39894.73,68089.173
600769.SH,20240105,10.52,10.91,10.11,10.15,10.69,-0.54,-5.0514,384049.69,403931.909
000726.SZ,20240105,6.59,6.65,6.53,6.54,6.58,-0.04,-0.6079,30864.01,20375.022
301303.SZ,20240105,19.79,19.79,19.35,19.47,19.69,-0.22,-1.1173,8495.53,16611.33
000688.SZ,20240105,10.61,10.81,10.45,10.53,10.71,-0.18,-1.6807,73413.67,77916.962
601098.SH,20240105,10.9,10.93,10.6,10.67,10.86,-0.19,-1.7495,136445.0,146950.113
002364.SZ,20240105,7.76,7.76,7.46,7.51,7.71,-0.2,-2.594,73947.0,56280.94
300698.SZ,20240105,35.06,35.1,33.61,33.9,35.01,-1.11,-3.1705,12025.0,41227.21
920640.BJ,20240105,19.91,20.06,18.91,19.34,20.05,-0.71,-3.5411,26424.58,51181.903
300179.SZ,20240105,8.69,8.8,8.44,8.47,8.69,-0.22,-2.5316,52316.71,45025.393
002451.SZ,20240105,7.13,7.2,6.98,7.02,7.13,-0.11,-1.5428,141600.0,100303.055
301015.SZ,20240105,34.99,35.5,34.27,34.4,35.13,-0.73,-2.078,19866.53,69030.838
002769.SZ,20240105,8.47,8.52,8.26,8.31,8.52,-0.21,-2.4648,38075.0,31966.347
300320.SZ,20240105,7.68,7.81,7.51,7.55,7.71,-0.16,-2.0752,37294.0,28535.736
600977.SH,20240105,12.06,12.14,11.87,11.9,12.08,-0.18,-1.4901,97951.68,117603.813
002860.SZ,20240105,12.99,13.09,12.76,12.85,13.05,-0.2,-1.5326,40219.08,51921.024
301519.SZ,20240105,20.88,20.88,20.44,20.52,20.75,-0.23,-1.1084,20302.89,42020.525
920344.BJ,20240105,21.68,21.89,20.84,21.06,21.68,-0.62,-2.8598,9466.46,20185.773
300495.SZ,20240105,1.48,1.57,1.42,1.53,1.5,0.03,2.0,268012.0,40271.068
000568.SZ,20240105,164.0,166.8,162.98,163.1,165.0,-1.9,-1.1515,80598.37,1329231.479
000735.SZ,20240105,5.75,5.8,5.68,5.7,5.78,-0.08,-1.3841,64731.16,37122.449
600757.SH,20240105,7.7,7.73,7.49,7.53,7.68,-0.15,-1.9531,134659.6,102737.865
600101.SH,20240105,8.66,8.79,8.55,8.59,8.71,-0.12,-1.3777,58689.46,50874.179
002363.SZ,20240105,7.91,7.99,7.68,7.73,7.95,-0.22,-2.7673,76261.0,59612.548
600798.SH,20240105,3.83,3.87,3.74,3.75,3.86,-0.11,-2.8497,168392.0,63978.903
002443.SZ,20240105,6.99,7.06,6.91,6.94,7.0,-0.06,-0.8571,68927.35,48215.381
002817.SZ,20240105,8.89,8.97,8.74,8.79,8.89,-0.1,-1.1249,35561.83,31528.269
301118.SZ,20240105,24.0,24.08,22.65,22.85,23.79,-0.94,-3.9512,36388.93,84431.343
300421.SZ,20240105,11.89,12.13,11.66,11.8,11.92,-0.12,-1.0067,95282.0,113291.509
600857.SH,20240105,9.75,9.84,9.57,9.63,9.75,-0.12,-1.2308,16694.0,16173.313
920570.BJ,20240105,65.45,65.87,58.98,59.01,63.3,-4.29,-6.7773,17637.29,109038.108
002581.SZ,20240105,14.5,14.61,14.11,14.18,14.55,-0.37,-2.543,27611.0,39529.296
300169.SZ,20240105,6.83,7.09,6.74,6.91,6.83,0.08,1.1713,198547.0,136614.187
002171.SZ,20240105,7.52,7.54,7.35,7.4,7.5,-0.1,-1.3333,74784.0,55774.116
600052.SH,20240105,4.8,4.81,4.65,4.69,4.79,-0.1,-2.0877,72737.31,34377.937
300016.SZ,20240105,7.16,7.16,6.94,6.97,7.13,-0.16,-2.244,41455.5,29182.077
920729.BJ,20240105,9.23,9.43,8.78,8.83,9.27,-0.44,-4.7465,23726.79,21378.811
002935.SZ,20240105,19.55,19.69,19.0,19.18,19.26,-0.08,-0.4154,63755.44,123066.159
301088.SZ,20240105,15.69,15.69,15.16,15.28,15.53,-0.25,-1.6098,14474.0,22252.316
600773.SH,20240105,10.61,10.84,10.42,10.48,10.62,-0.14,-1.3183,46760.62,49711.791
003816.SZ,20240105,3.29,3.32,3.26,3.28,3.29,-0.01,-0.304,1087595.76,357515.662
301132.SZ,20240105,28.08,28.26,27.28,27.4,28.17,-0.77,-2.7334,14090.92,39048.564
002937.SZ,20240105,24.88,25.45,24.42,24.62,24.98,-0.36,-1.4412,24475.65,60752.222
002796.SZ,20240105,11.3,11.36,10.97,11.04,11.33,-0.29,-2.5596,44438.0,49568.332
300237.SZ,20240105,2.15,2.15,2.08,2.1,2.14,-0.04,-1.8692,172193.0,36277.156
300206.SZ,20240105,10.15,10.19,9.95,10.02,10.16,-0.14,-1.378,45209.0,45476.127
000558.SZ,20240105,3.07,3.32,3.06,3.18,3.11,0.07,2.2508,1108644.75,355373.888
300636.SZ,20240105,10.48,10.49,10.13,10.18,10.45,-0.27,-2.5837,17282.0,17762.081
002700.SZ,20240105,4.94,4.95,4.88,4.91,4.93,-0.02,-0.4057,12012.0,5897.376
920690.BJ,20240105,20.5,24.78,20.5,21.01,9.34,11.67,124.9465,140731.18,314108.357
920061.BJ,20240105,27.9,27.99,25.29,25.84,28.0,-2.16,-7.7143,31604.17,84317.52
600845.SH,20240105,46.87,47.16,46.3,46.64,46.8,-0.16,-0.3419,40468.49,189323.931
920230.BJ,20240105,14.6,14.65,13.37,13.8,14.53,-0.73,-5.0241,28899.66,40212.737
300896.SZ,20240105,276.0,280.33,269.65,271.39,276.35,-4.96,-1.7948,21548.84,590136.667
000526.SZ,20240105,49.16,49.49,48.06,48.47,49.16,-0.69,-1.4036,20982.0,102259.301
301377.SZ,20240105,22.39,23.55,22.13,22.49,22.36,0.13,0.5814,74671.54,170616.554
300435.SZ,20240105,14.34,14.4,14.06,14.1,14.32,-0.22,-1.5363,40485.0,57493.175
300176.SZ,20240105,6.88,6.95,6.75,6.78,6.86,-0.08,-1.1662,36741.0,25176.745
300771.SZ,20240105,11.02,11.06,10.76,10.84,11.0,-0.16,-1.4545,17911.01,19538.666
300645.SZ,20240105,18.08,18.2,17.68,17.8,18.06,-0.26,-1.4396,20479.0,36798.714
000910.SZ,20240105,8.28,8.32,8.16,8.18,8.22,-0.04,-0.4866,36814.21,30350.428
300910.SZ,20240105,43.3,43.3,41.48,41.97,41.52,0.45,1.0838,32463.62,137601.067
000088.SZ,20240105,4.98,5.01,4.94,4.96,4.99,-0.03,-0.6012,68688.14,34178.845
601288.SH,20240105,3.77,3.78,3.72,3.73,3.77,-0.04,-1.061,4927900.67,1847519.653
002184.SZ,20240105,15.2,15.33,14.46,14.59,15.2,-0.61,-4.0132,95100.78,141153.04
301299.SZ,20240105,58.51,58.85,56.7,56.94,57.77,-0.83,-1.4367,11574.0,66763.75
601800.SH,20240105,7.55,7.81,7.51,7.67,7.58,0.09,1.1873,687975.19,528960.769
300967.SZ,20240105,14.4,14.4,13.93,13.99,14.21,-0.22,-1.5482,10647.0,15026.508
600621.SH,20240105,13.35,13.81,13.23,13.32,13.46,-0.14,-1.0401,497078.91,670251.467
000993.SZ,20240105,11.17,12.27,11.06,11.78,11.35,0.43,3.7885,746554.01,867384.32
000543.SZ,20240105,6.97,7.2,6.93,7.07,7.02,0.05,0.7123,482454.28,341940.27
300267.SZ,20240105,3.19,3.2,3.14,3.15,3.2,-0.05,-1.5625,165786.5,52609.676
300377.SZ,20240105,7.75,7.78,7.52,7.56,7.72,-0.16,-2.0725,105800.7,80778.667
600926.SH,20240105,9.74,10.17,9.68,10.12,9.76,0.36,3.6885,528215.44,530141.271
600850.SH,20240105,21.34,21.44,20.89,21.0,21.27,-0.27,-1.2694,30484.6,64525.286
002709.SZ,20240105,23.66,24.2,22.8,22.94,23.66,-0.72,-3.0431,239815.51,563313.726
002755.SZ,20240105,10.88,11.01,10.67,10.76,10.95,-0.19,-1.7352,27199.1,29496.032
300561.SZ,20240105,11.75,11.82,11.47,11.53,11.73,-0.2,-1.705,27504.58,32061.27
600888.SH,20240105,7.33,7.37,7.24,7.27,7.33,-0.06,-0.8186,97108.86,71043.412
601628.SH,20240105,26.8,27.32,26.58,26.8,26.85,-0.05,-0.1862,199601.82,538828.373
000510.SZ,20240105,5.6,5.63,5.42,5.44,5.62,-0.18,-3.2028,123958.01,68097.747
002895.SZ,20240105,19.11,19.2,18.72,18.84,19.3,-0.46,-2.3834,55162.0,104500.926
301021.SZ,20240105,25.27,25.45,24.26,24.44,25.21,-0.77,-3.0543,18854.0,46616.849
002868.SZ,20240105,20.81,20.81,19.92,20.02,20.81,-0.79,-3.7963,12854.0,26106.003
300546.SZ,20240105,15.44,15.55,15.12,15.18,15.44,-0.26,-1.6839,14064.9,21560.115
002542.SZ,20240105,2.67,2.68,2.61,2.62,2.67,-0.05,-1.8727,250007.43,66100.522
300019.SZ,20240105,16.35,16.46,15.95,16.02,16.35,-0.33,-2.0183,21341.02,34519.708
600268.SH,20240105,7.09,7.13,6.93,6.97,7.07,-0.1,-1.4144,103793.89,72872.405
300733.SZ,20240105,11.87,12.1,11.63,11.7,11.87,-0.17,-1.4322,17718.6,20945.663
300622.SZ,20240105,21.39,21.43,20.5,20.81,21.39,-0.58,-2.7115,81850.01,170840.304
920185.BJ,20240105,24.0,25.18,23.36,23.62,22.92,0.7,3.0541,91323.4,220935.058
601238.SH,20240105,8.55,8.62,8.49,8.51,8.54,-0.03,-0.3513,173032.31,148053.323
002587.SZ,20240105,7.4,7.68,7.2,7.3,7.34,-0.04,-0.545,581513.86,430668.409
920146.BJ,20240105,6.17,6.25,5.62,5.69,6.16,-0.47,-7.6299,77348.12,45755.397
000937.SZ,20240105,7.51,7.71,7.48,7.6,7.5,0.1,1.3333,529159.81,402397.765
002393.SZ,20240105,26.99,27.1,26.46,26.54,27.02,-0.48,-1.7765,14750.0,39506.449
300554.SZ,20240105,24.97,25.13,23.81,24.05,25.15,-1.1,-4.3738,50209.87,122466.533
600070.SH,20240105,2.68,2.69,2.61,2.63,2.68,-0.05,-1.8657,38174.0,10074.835
002929.SZ,20240105,40.07,40.07,37.7,38.12,39.85,-1.73,-4.3413,88202.25,339377.865
002932.SZ,20240105,22.94,23.33,22.65,22.9,22.94,-0.04,-0.1744,40054.98,92168.048
002641.SZ,20240105,5.0,5.02,4.94,4.96,5.01,-0.05,-0.998,67676.0,33705.321
002580.SZ,20240105,8.69,8.8,8.43,8.5,8.68,-0.18,-2.0737,88268.0,76081.713
300663.SZ,20240105,14.69,15.78,14.65,15.44,15.16,0.28,1.847,573877.2,877838.871
002037.SZ,20240105,8.28,8.46,8.08,8.12,8.4,-0.28,-3.3333,108001.0,88829.311
920493.BJ,20240105,56.61,57.0,52.6,52.7,56.65,-3.95,-6.9726,22261.04,120545.132
300001.SZ,20240105,21.13,21.26,20.63,20.75,20.92,-0.17,-0.8126,118043.67,247321.881
300268.SZ,20240105,13.2,13.33,12.95,13.04,13.31,-0.27,-2.0285,14108.2,18447.176
301317.SZ,20240105,19.42,19.53,18.93,19.1,19.35,-0.25,-1.292,4600.83,8844.096
920375.BJ,20240105,24.2,24.3,22.12,22.49,23.81,-1.32,-5.5439,48825.4,113258.028
002091.SZ,20240105,7.77,7.85,7.72,7.75,7.74,0.01,0.1292,102872.34,80176.661
000638.SZ,20240105,6.89,6.95,6.66,6.68,6.92,-0.24,-3.4682,72476.01,49115.437
002410.SZ,20240105,15.74,16.13,15.65,15.69,15.8,-0.11,-0.6962,194488.25,308821.249
002574.SZ,20240105,6.13,6.13,5.97,6.01,6.14,-0.13,-2.1173,58369.0,35319.633
600889.SH,20240105,5.93,5.96,5.75,5.78,5.89,-0.11,-1.8676,59134.0,34675.097
002207.SZ,20240105,7.23,7.27,7.09,7.15,7.23,-0.08,-1.1065,44539.02,32016.031
002045.SZ,20240105,15.56,15.8,14.92,15.13,15.56,-0.43,-2.7635,140259.57,215139.486
301428.SZ,20240105,37.51,39.27,37.08,38.11,36.97,1.14,3.0836,42283.57,161414.83
600731.SH,20240105,6.69,6.73,6.56,6.6,6.69,-0.09,-1.3453,42442.04,28174.913
000426.SZ,20240105,9.3,9.73,9.29,9.54,9.36,0.18,1.9231,252120.22,240972.461
300597.SZ,20240105,9.19,9.2,8.94,9.01,9.19,-0.18,-1.9587,64429.0,58423.731
600990.SH,20240105,19.63,19.68,18.7,18.8,19.59,-0.79,-4.0327,43483.91,83009.054
300244.SZ,20240105,23.0,23.02,22.38,22.53,22.83,-0.3,-1.3141,41471.23,93805.923
000703.SZ,20240105,6.77,6.8,6.71,6.73,6.76,-0.03,-0.4438,77762.3,52572.738
002983.SZ,20240105,30.23,30.76,29.83,30.02,30.22,-0.2,-0.6618,15966.1,48384.554
300964.SZ,20240105,38.3,38.57,37.0,37.12,38.25,-1.13,-2.9542,7956.0,29955.411
002812.SZ,20240105,53.1,55.05,52.01,52.39,53.29,-0.9,-1.6889,137099.54,733544.044
300324.SZ,20240105,3.3,3.31,3.2,3.22,3.31,-0.09,-2.719,268063.55,87102.391
002577.SZ,20240105,17.7,18.67,17.5,18.67,16.97,1.7,10.0177,145954.99,268482.716
000049.SZ,20240105,26.34,26.91,25.75,25.88,26.3,-0.42,-1.597,33936.81,89298.575
002805.SZ,20240105,15.6,16.19,14.91,14.93,15.21,-0.28,-1.8409,104569.48,161601.263
000802.SZ,20240105,6.65,6.72,6.61,6.63,6.64,-0.01,-0.1506,122644.0,81654.641
601778.SH,20240105,3.52,3.57,3.49,3.51,3.53,-0.02,-0.5666,360761.0,127572.002
300775.SZ,20240105,28.39,28.58,27.45,27.61,28.6,-0.99,-3.4615,78313.21,219033.93
600809.SH,20240105,216.98,217.82,214.13,215.22,217.5,-2.28,-1.0483,32365.43,699167.419
300364.SZ,20240105,25.24,25.24,23.35,23.67,25.82,-2.15,-8.3269,1046309.3,2526363.686
000011.SZ,20240105,8.92,9.1,8.82,8.87,8.85,0.02,0.226,33365.5,29852.893
300047.SZ,20240105,8.65,8.66,8.31,8.38,8.65,-0.27,-3.1214,194152.0,164528.861
000005.SZ,20240105,1.16,1.17,1.11,1.11,1.17,-0.06,-5.1282,151984.57,17158.063
002545.SZ,20240105,7.43,7.44,7.29,7.33,7.44,-0.11,-1.4785,92455.96,68027.436
001260.SZ,20240105,22.1,22.3,21.61,21.79,22.14,-0.35,-1.5808,12620.84,27700.664
601872.SH,20240105,6.4,6.58,6.39,6.46,6.46,0.0,0.0,658645.06,427837.048
000809.SZ,20240105,3.25,3.26,3.16,3.18,3.24,-0.06,-1.8519,65842.5,21123.555
300486.SZ,20240105,6.85,6.9,6.64,6.7,6.83,-0.13,-1.9034,40321.0,27227.426
301013.SZ,20240105,14.98,15.08,14.44,14.58,14.94,-0.36,-2.4096,73839.58,108567.801
301273.SZ,20240105,27.58,28.06,26.84,27.02,27.58,-0.56,-2.0305,6463.38,17668.844
002985.SZ,20240105,34.62,34.67,33.18,33.5,34.75,-1.25,-3.5971,28252.04,95642.123
301036.SZ,20240105,22.49,22.63,21.9,22.03,22.5,-0.47,-2.0889,10871.0,24157.236
002714.SZ,20240105,41.0,41.0,40.2,40.44,40.96,-0.52,-1.2695,161090.95,654743.945
002158.SZ,20240105,21.69,21.86,21.11,21.23,21.68,-0.45,-2.0756,27019.91,58060.743
300955.SZ,20240105,22.4,22.58,21.85,22.05,22.38,-0.33,-1.4745,8803.0,19513.635
000905.SZ,20240105,7.3,7.36,7.22,7.27,7.3,-0.03,-0.411,101557.1,74189.782
300394.SZ,20240105,87.2,87.6,83.52,84.25,87.3,-3.05,-3.4937,84718.67,720557.203
002922.SZ,20240105,14.66,15.08,14.45,14.54,14.83,-0.29,-1.9555,57771.53,85343.122
300466.SZ,20240105,7.04,7.18,6.86,6.91,7.03,-0.12,-1.707,117500.0,82297.817
601222.SH,20240105,6.34,6.39,6.2,6.24,6.33,-0.09,-1.4218,108024.34,68049.082
002269.SZ,20240105,1.67,1.69,1.64,1.65,1.67,-0.02,-1.1976,361535.0,59986.373
301488.SZ,20240105,67.18,69.27,66.81,67.06,67.8,-0.74,-1.0914,11476.4,77944.341
300682.SZ,20240105,14.8,15.02,14.42,14.58,14.76,-0.18,-1.2195,152984.12,225418.002
002603.SZ,20240105,23.35,23.54,23.03,23.12,23.33,-0.21,-0.9001,149057.71,347168.268
300479.SZ,20240105,19.4,19.46,18.77,18.84,19.41,-0.57,-2.9366,28972.61,55247.464
301080.SZ,20240105,56.33,56.33,54.9,55.16,56.2,-1.04,-1.8505,13227.91,73363.329
600664.SH,20240105,3.42,3.45,3.35,3.36,3.43,-0.07,-2.0408,269073.8,91269.74
601016.SH,20240105,3.03,3.05,2.98,3.0,3.02,-0.02,-0.6623,256455.36,77439.945
600774.SH,20240105,10.04,10.14,9.86,9.91,10.06,-0.15,-1.4911,18418.3,18449.828
002106.SZ,20240105,10.4,10.49,10.11,10.17,10.38,-0.21,-2.0231,90250.0,92779.914
000859.SZ,20240105,5.4,5.96,5.33,5.6,5.42,0.18,3.321,401034.93,225336.299
600283.SH,20240105,12.95,12.95,12.62,12.76,12.94,-0.18,-1.391,26240.0,33469.368
300776.SZ,20240105,58.59,59.34,57.6,57.89,58.58,-0.69,-1.1779,29295.37,171169.052
002084.SZ,20240105,4.07,4.11,4.01,4.02,4.07,-0.05,-1.2285,72649.91,29506.692
300155.SZ,20240105,5.95,5.98,5.83,5.87,5.94,-0.07,-1.1785,42099.0,24832.875
002038.SZ,20240105,10.13,10.24,9.85,9.88,10.13,-0.25,-2.4679,173662.27,174166.758
600225.SH,20240105,3.66,3.67,3.56,3.58,3.66,-0.08,-2.1858,154133.91,55655.588
002214.SZ,20240105,11.36,11.51,10.92,11.03,11.46,-0.43,-3.7522,50960.0,56758.58
000571.SZ,20240105,2.93,2.95,2.86,2.87,2.92,-0.05,-1.7123,129530.44,37572.504
300049.SZ,20240105,42.02,42.52,41.15,41.17,42.1,-0.93,-2.209,37914.45,158412.773
300534.SZ,20240105,10.49,10.52,10.02,10.09,10.54,-0.45,-4.2694,268345.0,274267.169
300644.SZ,20240105,20.88,20.95,20.13,20.24,20.69,-0.45,-2.175,29285.1,59671.168
600201.SH,20240105,10.68,10.74,10.43,10.5,10.68,-0.18,-1.6854,94215.56,99567.886
300603.SZ,20240105,10.24,10.27,9.7,9.83,10.35,-0.52,-5.0242,196142.01,195911.556
000970.SZ,20240105,10.19,10.28,9.98,10.02,10.19,-0.17,-1.6683,67567.17,68342.019
001979.SZ,20240105,8.73,8.87,8.63,8.67,8.77,-0.1,-1.1403,631755.09,552245.806
002189.SZ,20240105,19.22,19.33,18.02,18.2,19.35,-1.15,-5.9432,217967.26,402656.811
002386.SZ,20240105,5.17,5.2,5.08,5.1,5.17,-0.07,-1.354,72037.39,37028.561
000628.SZ,20240105,45.2,45.37,43.49,44.78,45.3,-0.52,-1.1479,225445.78,999880.813
301045.SZ,20240105,27.36,27.38,26.22,26.41,27.3,-0.89,-3.2601,32627.59,87026.58
300390.SZ,20240105,24.58,25.39,24.38,24.49,24.63,-0.14,-0.5684,117990.03,294310.418
300017.SZ,20240105,8.03,8.08,7.82,7.87,8.08,-0.21,-2.599,650988.64,516608.164
600826.SH,20240105,9.09,9.1,8.84,8.91,9.06,-0.15,-1.6556,31382.92,28196.216
002444.SZ,20240105,22.18,22.33,21.37,21.54,22.1,-0.56,-2.5339,96463.84,209691.299
920001.BJ,20240105,15.29,15.65,13.8,14.2,15.69,-1.49,-9.4965,117983.61,172050.57
300409.SZ,20240105,10.89,11.16,10.74,10.79,10.9,-0.11,-1.0092,53005.12,58051.16
600250.SH,20240105,11.18,11.19,10.67,10.75,11.19,-0.44,-3.9321,172572.0,187689.036
002857.SZ,20240105,16.49,16.72,16.22,16.27,16.48,-0.21,-1.2743,10319.0,16940.165
000998.SZ,20240105,13.7,13.79,13.41,13.5,13.73,-0.23,-1.6752,139564.46,189571.387
601600.SH,20240105,5.57,5.64,5.53,5.56,5.6,-0.04,-0.7143,839431.21,468886.537
300269.SZ,20240105,5.71,5.77,5.19,5.29,5.83,-0.54,-9.2624,1244673.88,677502.094
002956.SZ,20240105,14.34,14.39,14.03,14.08,14.31,-0.23,-1.6073,15727.2,22353.909
001367.SZ,20240105,44.64,44.89,43.93,44.15,44.64,-0.49,-1.0977,5162.59,22950.763
002647.SZ,20240105,6.77,6.83,6.6,6.64,6.77,-0.13,-1.9202,127562.0,85455.466
300746.SZ,20240105,10.32,10.46,10.2,10.23,10.41,-0.18,-1.7291,16196.0,16704.174
300695.SZ,20240105,52.05,52.75,50.85,51.0,51.99,-0.99,-1.9042,3394.0,17547.451
002093.SZ,20240105,7.47,7.53,7.3,7.34,7.56,-0.22,-2.9101,123878.99,91900.377
002194.SZ,20240105,9.7,9.71,9.33,9.4,9.67,-0.27,-2.7921,96701.84,91948.607
300191.SZ,20240105,15.52,15.58,15.16,15.22,15.46,-0.24,-1.5524,10324.5,15889.154
300573.SZ,20240105,173.1,174.32,167.2,168.08,173.68,-5.6,-3.2243,15353.11,259749.857
002203.SZ,20240105,10.91,10.92,10.58,10.63,10.87,-0.24,-2.2079,54936.93,59130.522
600882.SH,20240105,15.5,15.75,15.21,15.27,15.55,-0.28,-1.8006,26941.16,41655.756
003030.SZ,20240105,21.9,22.12,21.5,21.63,21.87,-0.24,-1.0974,5533.29,12028.833
301071.SZ,20240105,31.5,31.86,30.5,30.65,31.46,-0.81,-2.5747,26471.4,82352.331
002341.SZ,20240105,3.83,3.83,3.83,3.83,3.48,0.35,10.0575,272955.05,104541.784
600925.SH,20240105,5.58,5.6,5.52,5.53,5.57,-0.04,-0.7181,68476.35,38072.921
000607.SZ,20240105,4.63,4.68,4.56,4.6,4.65,-0.05,-1.0753,100400.19,46506.584
300055.SZ,20240105,6.19,6.25,6.09,6.11,6.19,-0.08,-1.2924,28827.0,17761.46
600227.SH,20240105,2.76,2.76,2.65,2.65,2.73,-0.08,-2.9304,116374.0,31380.382
600060.SH,20240105,21.23,21.66,21.13,21.46,21.31,0.15,0.7039,71316.19,153060.401
301239.SZ,20240105,80.0,80.39,77.2,77.55,80.37,-2.82,-3.5088,15790.92,123743.989
300517.SZ,20240105,14.19,14.2,13.53,13.72,14.2,-0.48,-3.3803,30120.0,41657.265
600103.SH,20240105,2.39,2.4,2.35,2.36,2.39,-0.03,-1.2552,150017.9,35671.951
002456.SZ,20240105,8.23,8.35,7.94,8.0,8.23,-0.23,-2.7947,1528178.81,1239676.442
600206.SH,20240105,12.07,12.17,11.77,11.87,12.1,-0.23,-1.9008,87698.0,104800.488
300343.SZ,20240105,6.65,6.86,6.58,6.6,6.69,-0.09,-1.3453,168351.7,112961.999
301399.SZ,20240105,37.38,37.77,36.53,36.78,37.18,-0.4,-1.0758,6118.05,22704.837
000885.SZ,20240105,11.45,11.62,11.39,11.41,11.5,-0.09,-0.7826,53100.76,60891.903
601328.SH,20240105,5.89,5.98,5.88,5.91,5.9,0.01,0.1695,1362115.74,808284.867
300428.SZ,20240105,20.05,20.3,19.8,19.86,20.12,-0.26,-1.2922,50670.52,101293.005
002991.SZ,20240105,71.16,71.6,70.43,70.6,71.21,-0.61,-0.8566,5380.0,38174.779
002222.SZ,20240105,29.05,29.08,27.31,27.51,29.05,-1.54,-5.3012,195172.37,544588.15
002087.SZ,20240105,2.03,2.09,1.93,1.96,2.03,-0.07,-3.4483,135770.0,27166.583
920163.BJ,20240105,9.46,9.49,8.91,9.18,9.48,-0.3,-3.1646,16378.99,15026.994
002753.SZ,20240105,8.36,8.38,8.13,8.2,8.35,-0.15,-1.7964,41774.0,34416.616
920247.BJ,20240105,24.56,26.24,24.31,24.6,24.55,0.05,0.2037,50570.27,128287.191
301548.SZ,20240105,59.62,60.47,58.5,58.87,59.62,-0.75,-1.258,6240.42,37078.156
301117.SZ,20240105,51.67,51.95,49.36,49.8,51.67,-1.87,-3.6191,19825.55,100120.8
301197.SZ,20240105,18.83,19.08,18.53,18.63,18.82,-0.19,-1.0096,7831.26,14685.514
600995.SH,20240105,9.74,9.76,9.5,9.53,9.75,-0.22,-2.2564,63191.0,60745.782
002044.SZ,20240105,6.0,6.0,5.85,5.87,5.96,-0.09,-1.5101,231671.86,137132.335
300380.SZ,20240105,20.85,20.97,20.28,20.4,20.77,-0.37,-1.7814,24838.0,51133.166
002995.SZ,20240105,22.21,22.27,21.28,21.44,22.21,-0.77,-3.4669,66361.49,144010.482
600267.SH,20240105,9.65,9.7,9.47,9.52,9.68,-0.16,-1.6529,98650.35,94658.947
300209.SZ,20240105,2.81,2.83,2.66,2.67,2.81,-0.14,-4.9822,62305.0,17031.802
601607.SH,20240105,17.05,17.09,16.72,16.77,17.06,-0.29,-1.6999,84769.24,143290.248
920832.BJ,20240105,6.48,6.53,6.0,6.05,6.53,-0.48,-7.3507,55815.1,34562.143
000513.SZ,20240105,36.1,36.1,35.43,35.51,36.11,-0.6,-1.6616,43091.59,153893.651
002009.SZ,20240105,13.37,13.62,12.84,12.95,13.4,-0.45,-3.3582,140390.44,184959.361
002206.SZ,20240105,4.99,5.04,4.92,4.95,5.03,-0.08,-1.5905,88183.65,43929.244
000501.SZ,20240105,8.39,8.44,8.25,8.3,8.41,-0.11,-1.308,39268.76,32741.199
600810.SH,20240105,7.63,7.64,7.47,7.51,7.61,-0.1,-1.3141,46763.5,35300.899
300357.SZ,20240105,27.88,27.88,26.7,26.75,27.79,-1.04,-3.7424,30756.72,83380.927
600120.SH,20240105,3.63,3.65,3.59,3.6,3.62,-0.02,-0.5525,109957.81,39785.955
300757.SZ,20240105,71.24,71.24,67.31,67.74,71.23,-3.49,-4.8996,24229.11,167442.192
002329.SZ,20240105,6.2,6.28,6.05,6.07,6.24,-0.17,-2.7244,179330.86,110065.935
002500.SZ,20240105,5.31,5.36,5.27,5.29,5.32,-0.03,-0.5639,113623.58,60389.617
000566.SZ,20240105,4.61,4.62,4.48,4.5,4.6,-0.1,-2.1739,102909.53,46779.083
600893.SH,20240105,36.55,36.58,34.81,35.13,36.43,-1.3,-3.5685,145065.79,515504.161
300037.SZ,20240105,47.5,48.08,45.5,45.97,47.89,-1.92,-4.0092,58761.38,273875.664
002735.SZ,20240105,13.0,13.15,12.71,12.78,13.07,-0.29,-2.2188,52465.42,67743.647
301149.SZ,20240105,12.59,12.59,12.23,12.3,12.54,-0.24,-1.9139,27999.34,34685.27
300145.SZ,20240105,3.13,3.14,3.06,3.08,3.14,-0.06,-1.9108,241868.8,75124.939
600900.SH,20240105,23.78,23.95,23.66,23.74,23.8,-0.06,-0.2521,705631.21,1680566.823
300835.SZ,20240105,28.18,28.59,27.04,27.16,28.15,-0.99,-3.5169,29030.6,80355.284
000727.SZ,20240105,2.56,2.56,2.45,2.45,2.56,-0.11,-4.2969,841874.8,210260.515
002178.SZ,20240105,6.2,6.2,5.93,6.2,5.64,0.56,9.9291,825244.0,508375.44
600039.SH,20240105,7.59,7.68,7.54,7.59,7.58,0.01,0.1319,175451.37,133770.984
920275.BJ,20240105,4.99,5.02,4.7,4.84,4.98,-0.14,-2.8112,54730.62,26640.833
300530.SZ,20240105,24.37,27.99,24.37,25.93,23.85,2.08,8.7212,157259.77,410194.606
300553.SZ,20240105,35.5,35.5,34.03,34.16,35.34,-1.18,-3.339,7766.0,26884.525
920857.BJ,20240105,18.58,19.19,16.8,17.3,18.8,-1.5,-7.9787,38821.95,69123.463
300908.SZ,20240105,41.7,42.05,40.72,40.85,41.97,-1.12,-2.6686,6037.68,24905.15
600229.SH,20240105,7.85,7.88,7.62,7.66,7.85,-0.19,-2.4204,87775.0,67795.999
000517.SZ,20240105,2.42,2.47,2.41,2.44,2.42,0.02,0.8264,249571.0,61021.695
002774.SZ,20240105,8.56,8.83,8.47,8.53,8.62,-0.09,-1.0441,44126.01,37980.573
600983.SH,20240105,9.37,9.5,9.22,9.28,9.39,-0.11,-1.1715,41694.0,38902.534
002039.SZ,20240105,14.21,14.32,14.1,14.13,14.23,-0.1,-0.7027,24818.71,35297.132
002234.SZ,20240105,11.96,12.0,11.51,11.6,12.01,-0.41,-3.4138,41293.59,48566.294
300370.SZ,20240105,2.46,2.48,2.4,2.42,2.47,-0.05,-2.0243,109225.4,26563.968
301348.SZ,20240105,45.1,45.65,43.33,43.65,45.22,-1.57,-3.4719,34072.11,150892.429
300450.SZ,20240105,24.56,25.26,24.09,24.23,24.55,-0.32,-1.3035,199383.75,491940.345
002800.SZ,20240105,16.65,16.76,15.94,16.14,16.66,-0.52,-3.1212,12132.0,19742.305
600797.SH,20240105,6.48,6.48,6.26,6.29,6.46,-0.17,-2.6316,112284.0,71578.537
600744.SH,20240105,3.38,3.43,3.36,3.38,3.39,-0.01,-0.295,166911.0,56698.027
002877.SZ,20240105,10.55,10.61,10.24,10.3,10.49,-0.19,-1.8112,64095.44,66743.537
300280.SZ,20240105,41.22,41.33,39.08,39.17,41.21,-2.04,-4.9503,95150.37,379476.863
300111.SZ,20240105,3.09,3.11,3.02,3.04,3.1,-0.06,-1.9355,113968.0,34959.938
301322.SZ,20240105,42.05,43.45,41.25,41.77,41.68,0.09,0.2159,17326.2,73535.243
920895.BJ,20240105,15.62,15.95,14.25,14.54,16.17,-1.63,-10.0804,42840.94,65204.966
002836.SZ,20240105,9.05,9.16,8.85,8.9,9.06,-0.16,-1.766,25320.8,22738.45
600132.SH,20240105,61.97,62.81,60.89,61.08,62.37,-1.29,-2.0683,29591.39,182933.14
300050.SZ,20240105,4.77,4.77,4.58,4.61,4.74,-0.13,-2.7426,95709.0,44590.202
002102.SZ,20240105,2.7,2.71,2.64,2.66,2.7,-0.04,-1.4815,63002.0,16878.625
600062.SH,20240105,18.81,18.81,18.23,18.27,18.85,-0.58,-3.0769,58293.62,107571.649
000551.SZ,20240105,10.62,10.74,10.35,10.4,10.67,-0.27,-2.5305,38390.86,40389.836
300039.SZ,20240105,6.6,6.62,6.47,6.49,6.6,-0.11,-1.6667,143127.43,93643.633
002042.SZ,20240105,4.25,4.32,4.07,4.12,4.26,-0.14,-3.2864,209695.03,87827.02
600706.SH,20240105,15.55,16.2,15.27,15.33,15.55,-0.22,-1.4148,177365.6,277696.542
002529.SZ,20240105,13.66,13.66,12.46,12.6,13.81,-1.21,-8.7618,315863.61,410943.474
300253.SZ,20240105,6.93,6.95,6.74,6.78,6.91,-0.13,-1.8813,205718.93,140591.261
300002.SZ,20240105,9.1,9.1,8.6,8.68,9.12,-0.44,-4.8246,775534.59,681273.661
300141.SZ,20240105,10.57,10.6,10.23,10.31,10.54,-0.23,-2.1822,23141.5,24032.41
301327.SZ,20240105,73.0,74.0,70.81,71.39,72.93,-1.54,-2.1116,7852.58,56763.074
920242.BJ,20240105,23.13,23.2,20.6,21.56,23.31,-1.75,-7.5075,27891.1,61753.097
301156.SZ,20240105,19.6,19.6,18.94,19.0,19.45,-0.45,-2.3136,11614.6,22307.567
920030.BJ,20240105,4.75,4.82,4.35,4.49,4.76,-0.27,-5.6723,102683.53,46911.601
001298.SZ,20240105,31.85,32.0,30.58,31.41,33.45,-2.04,-6.0987,112790.05,353156.656
002698.SZ,20240105,15.09,15.12,14.36,14.48,14.92,-0.44,-2.9491,100465.83,147406.171
002997.SZ,20240105,31.82,32.24,31.1,31.3,31.82,-0.52,-1.6342,33715.33,106302.184
000777.SZ,20240105,14.94,15.77,14.68,15.09,14.98,0.11,0.7343,207917.26,317128.526
300302.SZ,20240105,12.86,12.92,12.45,12.56,12.83,-0.27,-2.1044,77439.08,97995.263
002666.SZ,20240105,5.42,5.46,5.23,5.27,5.5,-0.23,-4.1818,385142.12,204915.109
002549.SZ,20240105,9.45,9.54,9.25,9.3,9.47,-0.17,-1.7951,32154.3,30126.114
920491.BJ,20240105,19.11,19.28,17.2,17.5,18.97,-1.47,-7.7491,68398.34,124161.967
301150.SZ,20240105,32.24,32.89,31.58,31.68,32.24,-0.56,-1.737,7957.55,25629.241
000972.SZ,20240105,3.63,3.63,3.47,3.49,3.61,-0.12,-3.3241,70113.0,24824.422
002008.SZ,20240105,19.92,20.08,19.5,19.57,19.89,-0.32,-1.6088,122422.75,241911.881
601068.SH,20240105,4.66,4.69,4.58,4.61,4.65,-0.04,-0.8602,57612.0,26724.871
002337.SZ,20240105,5.7,5.7,5.5,5.53,5.66,-0.13,-2.2968,54037.0,30165.48
300314.SZ,20240105,15.1,15.17,14.56,14.63,15.2,-0.57,-3.75,40107.0,59450.381
601766.SH,20240105,5.23,5.28,5.18,5.21,5.24,-0.03,-0.5725,499512.51,261625.725
600822.SH,20240105,10.0,10.0,9.68,9.74,9.98,-0.24,-2.4048,59243.94,58122.318
600792.SH,20240105,5.57,5.84,5.36,5.6,5.68,-0.08,-1.4085,1082246.68,600139.632
000815.SZ,20240105,10.78,10.82,10.4,10.48,10.75,-0.27,-2.5116,121378.84,128762.38
601096.SH,20240105,5.9,6.17,5.84,6.17,5.61,0.56,9.9822,1677562.33,1008793.718
300625.SZ,20240105,14.9,15.07,14.63,14.73,14.93,-0.2,-1.3396,21026.0,31196.556
301328.SZ,20240105,47.6,48.33,45.85,46.29,47.3,-1.01,-2.1353,11705.89,55076.994
002563.SZ,20240105,5.91,5.96,5.84,5.88,5.89,-0.01,-0.1698,91484.9,54030.2
002561.SZ,20240105,10.45,10.71,10.42,10.6,10.56,0.04,0.3788,228383.23,241365.125
920508.BJ,20240105,15.8,16.97,14.46,14.67,14.92,-0.25,-1.6756,59428.34,95189.68
300231.SZ,20240105,10.16,10.18,9.85,9.92,10.11,-0.19,-1.8793,66903.0,66895.816
600027.SH,20240105,5.49,5.7,5.49,5.53,5.53,0.0,0.0,759168.42,425047.436
003000.SZ,20240105,11.47,11.58,11.3,11.38,11.46,-0.08,-0.6981,27744.46,31763.427
002586.SZ,20240105,3.87,3.95,3.83,3.85,3.88,-0.03,-0.7732,54995.0,21320.343
301345.SZ,20240105,60.81,61.15,59.4,59.91,60.8,-0.89,-1.4638,5263.69,31786.266
300159.SZ,20240105,2.55,2.58,2.48,2.5,2.56,-0.06,-2.3438,163966.0,41419.668
002148.SZ,20240105,6.13,6.13,5.93,5.96,6.11,-0.15,-2.455,70358.89,42429.132
601608.SH,20240105,3.88,3.9,3.82,3.84,3.88,-0.04,-1.0309,133013.5,51320.765
600880.SH,20240105,5.01,5.04,4.88,4.9,5.01,-0.11,-2.1956,119735.0,59245.621
002908.SZ,20240105,13.71,13.82,12.61,12.93,13.46,-0.53,-3.9376,230334.07,304420.152
301418.SZ,20240105,51.28,52.2,50.9,51.16,51.29,-0.13,-0.2535,10132.93,52300.856
300406.SZ,20240105,20.13,20.48,19.93,20.03,20.26,-0.23,-1.1352,52967.82,106634.776
301190.SZ,20240105,18.81,19.05,18.54,18.66,18.93,-0.27,-1.4263,6687.0,12563.21
600864.SH,20240105,5.64,5.71,5.56,5.58,5.66,-0.08,-1.4134,235510.0,132860.599
600702.SH,20240105,88.9,89.84,86.8,87.36,89.54,-2.18,-2.4347,70849.55,625037.226
000058.SZ,20240105,7.16,7.16,6.98,7.02,7.16,-0.14,-1.9553,62766.47,44403.621
000681.SZ,20240105,14.54,14.64,14.02,14.13,14.37,-0.24,-1.6701,182633.28,261801.176
002578.SZ,20240105,4.28,4.32,3.99,4.03,4.3,-0.27,-6.2791,1262407.74,519753.828
600758.SH,20240105,3.76,3.81,3.72,3.73,3.78,-0.05,-1.3228,128795.0,48570.748
300106.SZ,20240105,9.33,9.39,9.04,9.06,9.3,-0.24,-2.5806,70266.0,64398.677
300494.SZ,20240105,16.3,16.4,15.55,15.6,16.61,-1.01,-6.0807,521120.39,828461.318
002352.SZ,20240105,38.16,38.74,37.95,38.24,38.25,-0.01,-0.0261,149371.6,573661.212
002336.SZ,20240105,13.6,13.73,13.18,13.26,13.66,-0.4,-2.9283,40065.1,53784.659
300672.SZ,20240105,67.81,69.99,66.33,68.04,69.18,-1.14,-1.6479,104547.6,710573.192
002633.SZ,20240105,11.46,11.61,11.08,11.15,11.51,-0.36,-3.1277,48839.91,55175.932
600721.SH,20240105,7.9,7.9,7.51,7.59,7.86,-0.27,-3.4351,124027.0,95396.964
002196.SZ,20240105,7.13,7.22,6.96,6.99,7.14,-0.15,-2.1008,62663.47,44430.34
301047.SZ,20240105,82.0,82.83,81.06,81.42,82.03,-0.61,-0.7436,5297.92,43331.77
300063.SZ,20240105,6.19,6.23,5.73,5.78,6.21,-0.43,-6.9243,827317.62,486691.395
300571.SZ,20240105,34.78,35.06,33.67,33.88,34.59,-0.71,-2.0526,23194.29,79330.537
300042.SZ,20240105,33.0,33.3,31.5,31.89,33.07,-1.18,-3.5682,58228.0,187170.026
920608.BJ,20240105,13.75,13.79,12.48,12.53,13.77,-1.24,-9.0051,24620.36,32080.206
002011.SZ,20240105,13.22,13.47,13.12,13.22,13.29,-0.07,-0.5267,93453.31,124218.62
300716.SZ,20240105,11.67,11.72,11.34,11.39,11.64,-0.25,-2.1478,20022.0,23004.756
300423.SZ,20240105,9.93,9.96,9.41,9.52,9.95,-0.43,-4.3216,135614.66,130511.649
600715.SH,20240105,2.66,2.68,2.55,2.57,2.64,-0.07,-2.6515,811030.55,211586.944
300365.SZ,20240105,6.82,6.85,6.61,6.66,6.81,-0.15,-2.2026,71149.0,47845.652
001205.SZ,20240105,16.96,16.96,16.42,16.48,17.0,-0.52,-3.0588,20621.2,34330.421
002791.SZ,20240105,38.74,39.66,38.18,38.34,38.84,-0.5,-1.2873,25767.19,100420.784
301228.SZ,20240105,16.82,16.92,16.27,16.33,16.79,-0.46,-2.7397,18827.3,31214.592
920475.BJ,20240105,13.95,13.95,10.92,10.93,11.84,-0.91,-7.6858,60814.6,72996.16
300400.SZ,20240105,15.56,15.66,15.0,15.1,15.6,-0.5,-3.2051,31936.0,48870.638
600219.SH,20240105,2.99,3.02,2.95,2.97,3.0,-0.03,-1.0,534897.08,159693.248
002328.SZ,20240105,5.81,5.85,5.7,5.71,5.82,-0.11,-1.89,105039.46,60632.158
000948.SZ,20240105,15.15,15.18,14.68,14.76,15.08,-0.32,-2.122,38679.02,57687.486
002839.SZ,20240105,3.9,3.99,3.88,3.94,3.9,0.04,1.0256,399177.8,157825.101
301255.SZ,20240105,40.65,41.3,39.38,39.63,40.46,-0.83,-2.0514,12575.15,50670.642
001360.SZ,20240105,17.67,18.22,17.46,17.7,17.67,0.03,0.1698,57188.37,102142.193
300399.SZ,20240105,13.74,13.74,13.25,13.34,13.74,-0.4,-2.9112,29337.26,39476.279
301189.SZ,20240105,28.39,28.79,27.78,27.88,28.38,-0.5,-1.7618,6658.0,18800.24
301555.SZ,20240105,45.3,45.85,43.2,43.85,46.08,-2.23,-4.8394,53553.94,238939.813
601226.SH,20240105,6.58,6.58,6.35,6.4,6.6,-0.2,-3.0303,207907.72,134234.554
920132.BJ,20240105,21.21,22.8,20.03,22.8,22.04,0.76,3.4483,49742.18,107512.714
001368.SZ,20240105,25.74,26.28,25.51,25.8,25.69,0.11,0.4282,33902.38,87791.302
600233.SH,20240105,12.1,12.21,11.9,12.0,12.1,-0.1,-0.8264,71492.21,86100.747
301059.SZ,20240105,12.05,12.14,11.72,11.79,12.03,-0.24,-1.995,13424.1,15981.703
300143.SZ,20240105,10.22,10.3,9.96,10.01,10.24,-0.23,-2.2461,39547.04,40049.536
002157.SZ,20240105,2.57,2.58,2.55,2.55,2.58,-0.03,-1.1628,162484.3,41597.717
002057.SZ,20240105,7.85,7.92,7.69,7.73,7.85,-0.12,-1.5287,59285.0,46177.007
002520.SZ,20240105,6.34,6.38,6.05,6.08,6.39,-0.31,-4.8513,230941.51,142702.68
300817.SZ,20240105,16.95,17.44,16.61,16.72,16.88,-0.16,-0.9479,47034.42,79883.997
600941.SH,20240105,99.2,99.7,97.37,98.25,99.19,-0.94,-0.9477,88021.63,863024.849
300058.SZ,20240105,6.96,6.98,6.75,6.8,6.98,-0.18,-2.5788,586532.19,402495.597
002759.SZ,20240105,10.62,10.83,10.49,10.53,10.61,-0.08,-0.754,36929.0,39393.945
000932.SZ,20240105,5.61,5.72,5.55,5.6,5.63,-0.03,-0.5329,728263.67,410578.604
300290.SZ,20240105,6.11,6.5,6.0,6.28,6.18,0.1,1.6181,718525.0,448743.343
300389.SZ,20240105,16.88,17.0,16.54,16.76,16.98,-0.22,-1.2956,58709.01,98526.49
002790.SZ,20240105,10.43,10.57,10.23,10.28,10.43,-0.15,-1.4382,16348.29,16955.911
301183.SZ,20240105,40.57,40.77,38.0,38.98,40.57,-1.59,-3.9192,18439.41,72845.116
000921.SZ,20240105,21.65,22.11,21.36,21.84,21.69,0.15,0.6916,105297.58,229745.737
300476.SZ,20240105,17.44,17.55,16.8,16.89,17.43,-0.54,-3.0981,132426.91,226734.06
920571.BJ,20240105,5.99,5.99,5.65,5.7,6.12,-0.42,-6.8627,381815.84,221071.735
002452.SZ,20240105,7.22,7.26,7.04,7.08,7.21,-0.13,-1.8031,85736.03,61224.582
920699.BJ,20240105,19.59,19.59,17.6,17.75,19.73,-1.98,-10.0355,22791.55,42262.91
000401.SZ,20240105,6.34,6.45,6.31,6.33,6.37,-0.04,-0.6279,87944.44,56073.811
300665.SZ,20240105,8.81,8.88,8.57,8.63,8.8,-0.17,-1.9318,42196.47,36733.327
601015.SH,20240105,4.55,4.55,4.41,4.43,4.52,-0.09,-1.9912,156814.6,70110.882
301230.SZ,20240105,34.97,35.38,33.95,34.2,35.0,-0.8,-2.2857,8349.46,28875.735
300667.SZ,20240105,16.95,16.95,16.26,16.38,16.75,-0.37,-2.209,20295.0,33475.567
920976.BJ,20240105,19.12,19.45,17.51,17.52,19.13,-1.61,-8.4161,20307.96,37202.035
301075.SZ,20240105,27.06,27.25,26.6,26.68,27.1,-0.42,-1.5498,7886.0,21243.882
600783.SH,20240105,11.6,11.65,11.47,11.53,11.56,-0.03,-0.2595,19788.01,22872.601
301033.SZ,20240105,44.12,44.12,42.49,42.67,43.41,-0.74,-1.7047,4888.0,21182.814
301265.SZ,20240105,10.19,10.29,10.1,10.14,10.23,-0.09,-0.8798,14030.0,14300.033
301319.SZ,20240105,54.56,55.37,53.55,53.75,54.63,-0.88,-1.6108,5276.45,28775.013
300687.SZ,20240105,20.73,21.46,20.33,20.54,20.72,-0.18,-0.8687,113185.58,236144.971
601636.SH,20240105,6.66,6.74,6.48,6.53,6.69,-0.16,-2.3916,363585.77,240277.396
920370.BJ,20240105,3.75,3.79,3.5,3.56,3.79,-0.23,-6.0686,106322.73,38583.38
300783.SZ,20240105,17.39,17.47,17.04,17.11,17.42,-0.31,-1.7796,35526.33,61295.922
300073.SZ,20240105,36.9,38.28,36.57,36.72,36.8,-0.08,-0.2174,80325.98,301214.335
600079.SH,20240105,25.21,25.21,23.98,24.15,25.08,-0.93,-3.7081,143941.7,350607.977
002408.SZ,20240105,5.28,5.28,5.17,5.19,5.28,-0.09,-1.7045,94672.0,49538.332
600681.SH,20240105,3.98,4.01,3.93,3.95,3.98,-0.03,-0.7538,73723.5,29313.906
600743.SH,20240105,1.52,1.55,1.51,1.52,1.52,0.0,0.0,277487.87,42544.768
000028.SZ,20240105,29.84,29.95,28.96,29.13,29.93,-0.8,-2.6729,38817.2,114077.472
300146.SZ,20240105,16.65,16.75,16.5,16.56,16.63,-0.07,-0.4209,60441.0,100559.921
601798.SH,20240105,7.86,8.04,7.66,7.75,7.93,-0.18,-2.2699,75607.0,59319.818
600756.SH,20240105,13.59,13.63,13.27,13.33,13.59,-0.26,-1.9132,29917.69,40186.929
300970.SZ,20240105,17.4,17.42,16.97,17.09,17.37,-0.28,-1.612,9897.0,16984.736
300563.SZ,20240105,15.93,16.06,15.39,15.46,15.97,-0.51,-3.1935,33830.0,53082.046
002881.SZ,20240105,27.6,28.36,27.3,27.69,27.46,0.23,0.8376,68854.11,191771.872
600084.SH,20240105,7.86,7.88,7.68,7.7,7.86,-0.16,-2.0356,20085.0,15605.225
600853.SH,20240105,4.4,4.52,4.34,4.38,4.38,0.0,0.0,624319.76,275447.725
300885.SZ,20240105,10.49,10.57,10.2,10.29,10.46,-0.17,-1.6252,32035.8,33209.991
300864.SZ,20240105,22.45,22.56,22.01,22.16,22.45,-0.29,-1.2918,6781.0,15105.163
000530.SZ,20240105,5.56,5.72,5.36,5.4,5.54,-0.14,-2.5271,288476.44,158580.294
301292.SZ,20240105,19.45,19.9,19.31,19.51,19.44,0.07,0.3601,31955.08,62861.343
002246.SZ,20240105,8.38,8.41,8.13,8.16,8.39,-0.23,-2.7414,51099.99,42192.184
000598.SZ,20240105,5.96,6.04,5.94,5.95,5.94,0.01,0.1684,231098.34,138451.133
300481.SZ,20240105,16.88,17.15,16.62,16.7,16.91,-0.21,-1.2419,26529.79,44746.344
002209.SZ,20240105,11.08,11.09,10.74,10.81,10.95,-0.14,-1.2785,69070.0,75139.502
300984.SZ,20240105,27.97,28.31,27.02,27.23,27.75,-0.52,-1.8739,10200.31,28093.192
300938.SZ,20240105,35.7,35.7,33.72,34.02,35.59,-1.57,-4.4114,18137.7,62420.428
300618.SZ,20240105,27.52,28.15,27.13,27.25,27.52,-0.27,-0.9811,28593.16,78981.314
002395.SZ,20240105,18.26,20.37,18.13,19.56,18.52,1.04,5.6156,633629.24,1258582.946
002725.SZ,20240105,11.07,11.29,10.84,10.92,11.22,-0.3,-2.6738,94921.0,104955.025
301060.SZ,20240105,13.01,13.13,12.8,12.81,13.06,-0.25,-1.9142,20105.0,26022.026
300951.SZ,20240105,60.02,60.36,57.81,58.25,59.4,-1.15,-1.936,16865.51,99035.557
002489.SZ,20240105,3.13,3.13,3.02,3.03,3.13,-0.1,-3.1949,222358.21,68230.643
300753.SZ,20240105,17.6,17.77,17.17,17.28,17.65,-0.37,-2.0963,12323.3,21527.786
001322.SZ,20240105,11.68,12.47,11.68,12.03,11.76,0.27,2.2959,103394.44,125524.847
300785.SZ,20240105,21.33,21.4,20.61,20.75,21.32,-0.57,-2.6735,36558.04,76563.538
300459.SZ,20240105,4.81,4.83,4.68,4.71,4.81,-0.1,-2.079,881275.78,418723.947
002990.SZ,20240105,33.03,33.29,31.85,31.99,32.93,-0.94,-2.8545,21423.0,69319.502
002558.SZ,20240105,11.6,11.63,11.16,11.27,11.61,-0.34,-2.9285,539054.53,611996.901
600059.SH,20240105,9.12,9.18,9.02,9.05,9.15,-0.1,-1.0929,50399.0,45835.995
600987.SH,20240105,8.53,8.57,8.3,8.34,8.47,-0.13,-1.5348,76706.5,64735.948
002331.SZ,20240105,8.47,8.5,8.08,8.16,8.45,-0.29,-3.432,184375.2,151747.696
300866.SZ,20240105,81.97,84.5,81.25,82.09,82.5,-0.41,-0.497,20650.82,171544.414
000153.SZ,20240105,9.5,9.53,9.41,9.43,9.52,-0.09,-0.9454,58690.0,55629.931
002498.SZ,20240105,4.08,4.08,3.98,4.0,4.08,-0.08,-1.9608,198428.89,79832.614
300862.SZ,20240105,39.6,40.09,38.88,39.4,39.6,-0.2,-0.5051,29161.44,114790.023
600828.SH,20240105,3.84,3.86,3.76,3.8,3.84,-0.04,-1.0417,46451.86,17731.629
300812.SZ,20240105,36.8,37.8,34.64,35.0,37.35,-2.35,-6.2918,186893.22,672843.061
002077.SZ,20240105,14.87,14.96,14.4,14.5,14.86,-0.36,-2.4226,85105.1,124500.505
000926.SZ,20240105,4.18,4.25,4.14,4.16,4.19,-0.03,-0.716,204634.0,85863.798
301093.SZ,20240105,31.94,31.94,30.96,31.13,31.83,-0.7,-2.1992,6154.88,19321.9
601333.SH,20240105,2.74,2.78,2.7,2.72,2.74,-0.02,-0.7299,425461.0,116845.98
600846.SH,20240105,9.31,9.35,9.02,9.1,9.31,-0.21,-2.2556,87627.94,80231.22
300197.SZ,20240105,2.02,2.02,1.97,1.98,2.02,-0.04,-1.9802,314963.35,62678.864
600688.SH,20240105,2.9,2.92,2.86,2.87,2.91,-0.04,-1.3746,191299.77,55302.83
000958.SZ,20240105,3.99,4.03,3.95,3.97,4.01,-0.04,-0.9975,74637.02,29782.137
600156.SH,20240105,5.12,5.21,4.98,5.02,5.12,-0.1,-1.9531,76213.0,38694.554
002745.SZ,20240105,8.35,8.4,8.13,8.18,8.37,-0.19,-2.27,112036.16,92463.256
002988.SZ,20240105,23.61,23.9,22.94,23.07,23.73,-0.66,-2.7813,56775.49,132769.718
600653.SH,20240105,1.83,1.84,1.79,1.8,1.84,-0.04,-2.1739,292532.0,53018.548
002606.SZ,20240105,7.94,8.32,7.94,8.02,8.03,-0.01,-0.1245,120623.6,98080.941
002138.SZ,20240105,25.7,26.06,24.78,25.02,25.76,-0.74,-2.8727,98054.72,247833.242
300791.SZ,20240105,33.3,33.86,32.9,33.0,33.26,-0.26,-0.7817,6756.0,22542.071
301360.SZ,20240105,81.46,82.89,78.55,79.39,81.3,-1.91,-2.3493,8808.77,70649.876
300789.SZ,20240105,22.74,22.84,22.38,22.46,22.58,-0.12,-0.5314,10565.7,23854.205
601007.SH,20240105,8.34,8.54,8.16,8.21,8.39,-0.18,-2.1454,72869.0,60896.113
600965.SH,20240105,6.3,6.37,6.23,6.23,6.31,-0.08,-1.2678,43238.3,27213.452
002296.SZ,20240105,8.43,8.43,8.21,8.26,8.38,-0.12,-1.432,47246.0,39390.471
000721.SZ,20240105,10.91,11.11,10.65,10.71,10.87,-0.16,-1.4719,163611.0,178555.573
300175.SZ,20240105,5.84,5.91,5.75,5.85,5.86,-0.01,-0.1706,95553.0,55787.136
601566.SH,20240105,10.39,10.39,9.93,9.94,10.35,-0.41,-3.9614,23681.0,23920.351
300510.SZ,20240105,5.84,5.85,5.64,5.67,5.85,-0.18,-3.0769,120952.71,69471.831
300321.SZ,20240105,19.81,19.99,19.25,19.4,19.83,-0.43,-2.1684,15764.0,30864.529
300275.SZ,20240105,11.28,11.29,10.94,11.04,11.25,-0.21,-1.8667,22417.6,24880.741
920974.BJ,20240105,10.5,11.01,9.75,9.75,10.38,-0.63,-6.0694,103505.82,107905.131
000710.SZ,20240105,11.32,11.35,10.95,11.02,11.29,-0.27,-2.3915,85361.0,94863.442
300994.SZ,20240105,14.68,14.82,14.23,14.35,14.64,-0.29,-1.9809,11325.11,16425.339
300999.SZ,20240105,32.15,32.3,31.63,31.74,32.25,-0.51,-1.5814,46967.32,150101.761
002142.SZ,20240105,19.0,19.82,18.8,19.5,19.08,0.42,2.2013,561300.83,1094835.114
300138.SZ,20240105,13.04,13.13,12.91,12.97,13.09,-0.12,-0.9167,29272.0,38021.79
300983.SZ,20240105,30.52,30.84,30.15,30.25,30.52,-0.27,-0.8847,5017.6,15293.902
301338.SZ,20240105,38.71,39.29,37.75,38.02,38.71,-0.69,-1.7825,7828.71,30034.167
000036.SZ,20240105,3.73,3.77,3.67,3.69,3.73,-0.04,-1.0724,103669.0,38542.169
920526.BJ,20240105,30.0,30.69,27.52,28.3,30.33,-2.03,-6.693,71131.49,206241.792
301025.SZ,20240105,11.53,11.53,10.97,11.04,11.44,-0.4,-3.4965,44778.16,49931.792
920879.BJ,20240105,12.7,12.89,11.58,11.58,12.93,-1.35,-10.4408,37959.2,46501.593
920802.BJ,20240105,14.11,14.96,12.72,13.0,14.2,-1.2,-8.4507,27474.75,37349.135
301076.SZ,20240105,30.18,31.25,29.4,29.77,30.15,-0.38,-1.2604,114700.29,347152.829
000753.SZ,20240105,4.3,4.34,4.21,4.22,4.3,-0.08,-1.8605,83156.0,35487.666
002649.SZ,20240105,12.0,12.28,11.69,11.75,11.99,-0.24,-2.0017,136781.98,163027.675
000728.SZ,20240105,6.78,6.83,6.68,6.73,6.78,-0.05,-0.7375,215297.31,145621.322
300992.SZ,20240105,22.0,22.36,21.48,21.65,22.08,-0.43,-1.9475,14447.0,31516.942
301332.SZ,20240105,12.19,12.4,12.15,12.21,12.22,-0.01,-0.0818,41494.19,51032.942
600085.SH,20240105,54.65,55.1,53.43,53.8,54.9,-1.1,-2.0036,72413.63,392881.235
002469.SZ,20240105,6.41,6.44,6.24,6.27,6.4,-0.13,-2.0313,109622.58,69323.564
002840.SZ,20240105,20.44,20.57,19.9,20.11,20.44,-0.33,-1.6145,46404.62,93768.931
600236.SH,20240105,5.74,5.84,5.7,5.76,5.73,0.03,0.5236,111643.26,64478.637
301358.SZ,20240105,32.08,33.0,31.74,32.2,32.05,0.15,0.468,47096.61,152626.16
920010.BJ,20240105,6.24,6.36,5.83,5.91,6.35,-0.44,-6.9291,87395.37,53235.952
601099.SH,20240105,3.59,3.62,3.55,3.57,3.6,-0.03,-0.8333,1332382.26,477789.962
300592.SZ,20240105,23.34,23.59,22.6,22.77,23.34,-0.57,-2.4422,27545.0,63451.717
301063.SZ,20240105,22.81,22.99,22.19,22.3,22.7,-0.4,-1.7621,11654.04,26262.746
000750.SZ,20240105,3.47,3.52,3.44,3.46,3.48,-0.02,-0.5747,296260.4,103185.503
300318.SZ,20240105,6.26,6.26,6.11,6.13,6.26,-0.13,-2.0767,54934.37,33948.471
920454.BJ,20240105,9.45,9.58,8.7,8.88,9.4,-0.52,-5.5319,45979.76,41924.886
001217.SZ,20240105,16.81,17.71,15.48,15.8,17.2,-1.4,-8.1395,514972.59,834244.939
002717.SZ,20240105,3.14,3.15,3.04,3.05,3.12,-0.07,-2.2436,335516.0,103514.32
000020.SZ,20240105,12.97,13.06,12.54,12.61,12.97,-0.36,-2.7756,21088.0,26875.662
301136.SZ,20240105,12.61,12.69,12.4,12.47,12.66,-0.19,-1.5008,17056.32,21394.917
300818.SZ,20240105,32.15,32.65,31.39,31.64,32.07,-0.43,-1.3408,9423.0,30125.517
600674.SH,20240105,15.2,15.27,15.06,15.1,15.25,-0.15,-0.9836,215323.39,327023.007
000559.SZ,20240105,5.04,5.11,4.95,4.99,5.02,-0.03,-0.5976,200905.68,101065.201
000909.SZ,20240105,6.66,6.72,6.48,6.55,6.66,-0.11,-1.6517,63290.0,41688.997
300649.SZ,20240105,16.94,17.06,16.58,16.65,16.87,-0.22,-1.3041,14942.0,25138.067
601028.SH,20240105,10.93,11.04,10.81,10.86,10.92,-0.06,-0.5495,80233.91,87658.209
000961.SZ,20240105,1.27,1.29,1.26,1.27,1.27,0.0,0.0,648663.09,82754.773
301180.SZ,20240105,17.51,17.73,17.09,17.22,17.52,-0.3,-1.7123,12570.0,21855.579
601319.SH,20240105,4.78,4.89,4.76,4.81,4.79,0.02,0.4175,712444.37,344031.66
920685.BJ,20240105,14.08,14.25,13.02,13.31,14.05,-0.74,-5.2669,26983.88,36505.058
002906.SZ,20240105,30.42,30.54,29.4,29.56,30.33,-0.77,-2.5387,81575.68,244581.071
300337.SZ,20240105,7.77,7.87,7.53,7.58,7.79,-0.21,-2.6958,188248.31,144479.489
300344.SZ,20240105,5.74,5.74,5.46,5.5,5.71,-0.21,-3.6778,121741.0,67604.689
600026.SH,20240105,12.88,13.24,12.68,12.78,13.03,-0.25,-1.9186,244702.05,317385.027
600844.SH,20240105,3.52,3.7,3.36,3.37,3.73,-0.36,-9.6515,1363194.18,473202.98
920703.BJ,20240105,38.84,42.57,38.81,40.0,38.75,1.25,3.2258,43694.81,176670.664
600131.SH,20240105,15.11,15.25,14.6,14.79,15.1,-0.31,-2.053,74200.86,110575.749
600988.SH,20240105,14.58,14.95,14.58,14.74,14.68,0.06,0.4087,277213.05,410608.529
000402.SZ,20240105,3.56,3.63,3.54,3.57,3.56,0.01,0.2809,204491.18,73394.208
300030.SZ,20240105,7.79,7.87,7.63,7.7,7.8,-0.1,-1.2821,44589.0,34611.146
600694.SH,20240105,17.45,17.7,17.41,17.52,17.45,0.07,0.4011,34708.44,60929.647
002741.SZ,20240105,14.35,14.48,13.97,14.03,14.34,-0.31,-2.1618,20401.61,28961.716
600862.SH,20240105,22.01,22.01,20.96,21.13,22.01,-0.88,-3.9982,102273.6,218269.812
002415.SZ,20240105,32.36,32.94,32.14,32.43,32.58,-0.15,-0.4604,234765.88,763550.815
002740.SZ,20240105,0.62,0.62,0.62,0.62,0.65,-0.03,-4.6154,14304.0,886.848
300187.SZ,20240105,5.58,5.64,5.51,5.54,5.6,-0.06,-1.0714,28958.0,16177.156
002635.SZ,20240105,15.45,15.78,14.88,14.99,15.57,-0.58,-3.7251,257432.11,392068.262
600933.SH,20240105,21.26,21.48,20.45,20.59,21.31,-0.72,-3.3787,75385.55,156490.953
002623.SZ,20240105,26.41,26.68,25.81,25.95,26.42,-0.47,-1.779,14814.0,38851.562
300499.SZ,20240105,14.43,14.51,13.91,13.93,14.36,-0.43,-2.9944,70712.74,100164.839
001301.SZ,20240105,34.26,35.4,34.01,34.08,34.27,-0.19,-0.5544,33943.0,117815.231
600768.SH,20240105,12.06,12.15,11.72,11.78,12.1,-0.32,-2.6446,40398.0,47927.738
002095.SZ,20240105,20.26,20.31,18.32,18.45,20.14,-1.69,-8.3913,129883.8,246365.538
300114.SZ,20240105,43.15,43.33,42.1,42.54,43.13,-0.59,-1.368,42390.86,180934.627
002522.SZ,20240105,5.12,5.13,4.9,4.93,5.15,-0.22,-4.2718,647085.74,322852.942
300549.SZ,20240105,18.81,19.06,18.31,18.44,18.79,-0.35,-1.8627,12932.0,24094.776
001222.SZ,20240105,15.2,15.27,14.9,15.0,15.21,-0.21,-1.3807,10411.0,15687.616
300782.SZ,20240105,127.0,128.03,125.51,126.5,127.29,-0.79,-0.6206,32048.61,407181.419
002335.SZ,20240105,26.57,26.76,25.61,25.73,26.49,-0.76,-2.869,62745.32,163869.484
601021.SH,20240105,50.5,51.27,50.2,50.99,50.69,0.3,0.5918,34110.0,173960.183
300947.SZ,20240105,15.82,16.0,15.67,15.78,15.85,-0.07,-0.4416,13756.0,21775.56
000630.SZ,20240105,3.26,3.3,3.22,3.25,3.27,-0.02,-0.6116,997193.16,325426.298
600982.SH,20240105,4.2,4.27,4.17,4.18,4.22,-0.04,-0.9479,98795.73,41719.517
300769.SZ,20240105,56.14,57.34,54.36,54.84,56.18,-1.34,-2.3852,97615.96,545846.836
600884.SH,20240105,13.18,13.31,12.84,12.89,13.13,-0.24,-1.8279,125104.14,163457.902
002021.SZ,20240105,2.17,2.17,2.17,2.17,2.28,-0.11,-4.8246,353233.0,76651.561
600035.SH,20240105,4.02,4.05,3.98,4.0,4.02,-0.02,-0.4975,148934.77,59743.294
002945.SZ,20240105,14.75,14.89,14.28,14.39,14.82,-0.43,-2.9015,315330.01,458197.689
920169.BJ,20240105,11.03,11.32,10.03,10.62,11.28,-0.66,-5.8511,83276.69,87857.737
600238.SH,20240105,10.0,10.05,9.76,9.8,10.0,-0.2,-2.0,38927.45,38484.608
301301.SZ,20240105,8.45,8.53,8.37,8.4,8.47,-0.07,-0.8264,59290.74,50159.029
301030.SZ,20240105,38.87,39.79,37.31,37.72,39.0,-1.28,-3.2821,31782.32,122194.724
000059.SZ,20240105,5.75,5.83,5.69,5.73,5.79,-0.06,-1.0363,111216.18,64040.968
002841.SZ,20240105,42.39,42.47,41.2,41.42,42.3,-0.88,-2.0804,23325.41,97418.896
002377.SZ,20240105,2.65,2.67,2.59,2.61,2.63,-0.02,-0.7605,123308.0,32458.067
000695.SZ,20240105,10.58,11.59,10.58,11.38,10.54,0.84,7.9696,131354.9,149930.256
000863.SZ,20240105,3.9,3.99,3.84,3.87,3.92,-0.05,-1.2755,211351.0,82751.366
600165.SH,20240105,3.41,3.42,3.29,3.31,3.39,-0.08,-2.3599,95753.46,31965.322
301069.SZ,20240105,20.28,20.65,19.38,19.48,20.37,-0.89,-4.3692,53093.26,105803.243
002507.SZ,20240105,13.77,13.84,13.3,13.37,13.74,-0.37,-2.6929,156887.24,212302.606
000537.SZ,20240105,9.85,10.03,9.8,9.89,9.86,0.03,0.3043,58463.2,57889.614
300254.SZ,20240105,9.83,9.98,9.55,9.58,9.83,-0.25,-2.5432,35735.0,34652.202
600650.SH,20240105,9.86,9.98,9.7,9.72,9.9,-0.18,-1.8182,21065.0,20744.11
002846.SZ,20240105,10.78,10.87,10.24,10.27,10.46,-0.19,-1.8164,62508.21,65757.277
002677.SZ,20240105,10.23,10.32,10.1,10.21,10.23,-0.02,-0.1955,32983.0,33837.241
000758.SZ,20240105,4.49,4.54,4.43,4.44,4.5,-0.06,-1.3333,122102.08,54793.495
002048.SZ,20240105,12.94,13.09,12.86,12.88,12.91,-0.03,-0.2324,44401.3,57579.912
600996.SH,20240105,8.9,8.92,8.7,8.74,8.94,-0.2,-2.2371,82088.89,72426.919
002279.SZ,20240105,6.52,6.52,6.29,6.31,6.47,-0.16,-2.473,152183.0,97398.783
301043.SZ,20240105,33.24,33.63,32.48,32.66,33.3,-0.64,-1.9219,5184.0,17059.453
601579.SH,20240105,10.73,10.77,10.58,10.61,10.73,-0.12,-1.1184,26146.98,27867.172
002731.SZ,20240105,11.16,11.22,10.98,11.04,11.11,-0.07,-0.6301,16968.0,18828.837
601318.SH,20240105,38.85,39.58,38.68,38.97,38.9,0.07,0.1799,499201.87,1955115.16
002562.SZ,20240105,4.06,4.08,3.96,3.98,4.08,-0.1,-2.451,84688.88,34041.218
002766.SZ,20240105,5.41,5.42,5.25,5.28,5.43,-0.15,-2.7624,110140.0,58699.787
000651.SZ,20240105,32.05,33.29,31.62,32.98,31.95,1.03,3.2238,832156.75,2738167.636
301257.SZ,20240105,61.23,61.34,59.7,60.1,61.23,-1.13,-1.8455,7598.0,45847.29
000690.SZ,20240105,4.67,4.84,4.63,4.65,4.68,-0.03,-0.641,727890.45,345059.547
300173.SZ,20240105,4.82,4.89,4.7,4.73,4.81,-0.08,-1.6632,119854.0,57509.531
000608.SZ,20240105,3.1,3.17,3.06,3.1,3.1,0.0,0.0,194283.55,60510.476
002278.SZ,20240105,6.07,6.1,5.96,5.99,6.05,-0.06,-0.9917,62392.0,37595.154
000565.SZ,20240105,6.43,6.47,6.27,6.33,6.43,-0.1,-1.5552,41838.25,26673.255
301158.SZ,20240105,16.09,16.24,15.79,15.86,16.1,-0.24,-1.4907,16211.0,25978.537
002656.SZ,20240105,1.85,1.86,1.82,1.84,1.85,-0.01,-0.5405,22898.0,4206.597
300277.SZ,20240105,8.84,8.84,8.41,8.5,8.78,-0.28,-3.1891,88238.09,75629.556
300452.SZ,20240105,14.25,14.33,14.01,14.06,14.26,-0.2,-1.4025,21678.2,30671.091
300522.SZ,20240105,13.3,13.47,12.75,12.91,13.34,-0.43,-3.2234,52141.54,67823.718
300940.SZ,20240105,18.65,18.67,18.01,18.11,18.45,-0.34,-1.8428,15399.2,28158.469
600753.SH,20240105,10.45,10.45,10.13,10.2,10.44,-0.24,-2.2989,20074.0,20627.441
300982.SZ,20240105,31.3,31.8,29.61,29.84,31.27,-1.43,-4.5731,37820.5,115358.302
300444.SZ,20240105,6.82,6.92,6.64,6.76,6.81,-0.05,-0.7342,192567.59,130498.617
001333.SZ,20240105,22.6,22.78,22.3,22.38,22.51,-0.13,-0.5775,7862.26,17734.969
301382.SZ,20240105,35.36,35.81,34.94,35.46,35.27,0.19,0.5387,24076.6,85326.809
601512.SH,20240105,7.66,7.78,7.63,7.7,7.65,0.05,0.6536,47265.55,36518.527
300293.SZ,20240105,14.23,14.38,13.82,13.95,14.33,-0.38,-2.6518,79455.42,111742.0
300341.SZ,20240105,11.45,11.55,11.06,11.1,11.47,-0.37,-3.2258,43922.0,49373.503
300160.SZ,20240105,5.86,5.91,5.77,5.8,5.87,-0.07,-1.1925,53482.0,31201.876
000420.SZ,20240105,2.94,2.98,2.91,2.92,2.93,-0.01,-0.3413,235474.0,69419.947
300677.SZ,20240105,24.74,24.79,23.95,24.15,24.74,-0.59,-2.3848,121786.43,296178.656
920167.BJ,20240105,24.31,26.36,23.01,23.1,25.12,-2.02,-8.0414,75427.95,185668.895
000065.SZ,20240105,11.2,11.53,11.03,11.12,11.22,-0.1,-0.8913,159479.1,180372.298
000158.SZ,20240105,9.02,9.26,8.82,9.05,9.23,-0.18,-1.9502,1015153.35,916774.729
600898.SH,20240105,2.64,2.67,2.51,2.51,2.64,-0.13,-4.9242,49217.0,12652.075
600208.SH,20240105,2.14,2.17,2.13,2.13,2.14,-0.01,-0.4673,276693.49,59491.677
300777.SZ,20240105,28.77,28.95,27.52,27.68,28.76,-1.08,-3.7552,39592.35,111234.339
600063.SH,20240105,4.31,4.33,4.21,4.24,4.31,-0.07,-1.6241,86432.01,36914.399
300804.SZ,20240105,30.94,31.23,30.65,30.8,30.87,-0.07,-0.2268,5862.05,18144.536
300100.SZ,20240105,11.24,11.58,10.6,10.72,11.25,-0.53,-4.7111,289729.0,320503.576
301133.SZ,20240105,28.0,28.0,26.73,27.0,28.25,-1.25,-4.4248,27992.33,76984.658
920914.BJ,20240105,13.43,13.47,12.32,12.69,13.3,-0.61,-4.5865,36506.97,47177.156
301293.SZ,20240105,60.98,61.39,59.47,59.81,61.19,-1.38,-2.2553,10115.43,61021.748
000691.SZ,20240105,6.12,6.4,5.86,5.9,5.82,0.08,1.3746,288186.52,180407.105
001230.SZ,20240105,24.04,24.19,23.68,23.8,24.04,-0.24,-0.9983,4435.0,10635.301
920021.BJ,20240105,6.04,6.07,5.54,5.58,6.05,-0.47,-7.7686,228500.61,130969.11
601158.SH,20240105,5.92,6.08,5.87,5.94,5.91,0.03,0.5076,209551.74,125312.481
600658.SH,20240105,4.4,4.46,4.34,4.36,4.41,-0.05,-1.1338,126281.0,55634.368
002327.SZ,20240105,9.25,9.38,9.13,9.19,9.24,-0.05,-0.5411,66118.03,61267.162
920429.BJ,20240105,13.55,13.65,12.48,12.6,13.61,-1.01,-7.421,35383.75,46027.473
002126.SZ,20240105,17.34,17.71,17.21,17.45,17.39,0.06,0.345,104310.82,182124.143
600036.SH,20240105,27.75,28.78,27.62,28.29,27.81,0.48,1.726,1190633.15,3376466.447
600956.SH,20240105,8.4,8.41,8.19,8.23,8.36,-0.13,-1.555,52354.0,43378.602
600855.SH,20240105,10.95,11.03,10.75,10.78,10.97,-0.19,-1.732,30167.61,32735.477
002434.SZ,20240105,7.14,7.22,6.95,6.98,7.17,-0.19,-2.6499,125784.67,88914.217
002103.SZ,20240105,8.25,8.36,7.86,7.96,8.31,-0.35,-4.2118,476847.48,384721.513
300408.SZ,20240105,28.4,28.88,28.01,28.22,28.43,-0.21,-0.7387,85992.95,244156.877
300562.SZ,20240105,11.59,11.99,11.46,11.49,11.58,-0.09,-0.7772,88477.72,103006.744
600281.SH,20240105,4.69,4.79,4.64,4.68,4.73,-0.05,-1.0571,73320.0,34679.503
600800.SH,20240105,3.84,3.88,3.75,3.77,3.86,-0.09,-2.3316,108113.32,41277.776
002458.SZ,20240105,10.36,10.4,10.16,10.19,10.38,-0.19,-1.8304,76508.0,78506.719
300918.SZ,20240105,10.4,10.45,10.18,10.25,10.36,-0.11,-1.0618,17332.0,17882.329
300898.SZ,20240105,24.03,24.31,23.44,23.58,24.1,-0.52,-2.1577,17028.0,40583.289
002300.SZ,20240105,8.51,8.63,8.2,8.27,8.5,-0.23,-2.7059,231317.16,193496.312
001211.SZ,20240105,25.12,25.23,24.54,24.7,24.97,-0.27,-1.0813,9364.13,23268.303
002802.SZ,20240105,12.65,12.84,12.31,12.38,12.66,-0.28,-2.2117,24690.8,30926.691
301372.SZ,20240105,43.92,44.44,43.52,44.15,43.91,0.24,0.5466,9500.42,41851.963
300393.SZ,20240105,10.05,10.23,9.81,9.9,10.07,-0.17,-1.6882,144215.3,144360.408
002185.SZ,20240105,8.15,8.22,8.02,8.05,8.17,-0.12,-1.4688,139977.69,113400.049
000411.SZ,20240105,11.49,11.5,11.22,11.3,11.48,-0.18,-1.5679,33186.08,37728.475
002251.SZ,20240105,4.04,4.16,4.02,4.07,4.04,0.03,0.7426,134294.0,54792.11
301090.SZ,20240105,10.83,10.89,10.74,10.8,10.9,-0.1,-0.9174,15634.0,16904.239
300943.SZ,20240105,14.18,14.32,13.86,13.94,14.25,-0.31,-2.1754,13283.0,18689.741
301212.SZ,20240105,27.0,27.28,26.43,26.52,26.9,-0.38,-1.4126,3774.58,10103.747
301004.SZ,20240105,47.2,47.69,46.28,46.68,46.97,-0.29,-0.6174,7833.52,36784.47
301172.SZ,20240105,38.87,43.06,38.85,41.81,39.02,2.79,7.1502,111269.52,460227.913
601577.SH,20240105,6.82,7.01,6.79,6.9,6.82,0.08,1.173,234210.57,162201.229
002316.SZ,20240105,5.22,5.28,5.12,5.15,5.22,-0.07,-1.341,111305.64,57665.037
002028.SZ,20240105,52.98,54.0,52.61,52.91,52.8,0.11,0.2083,43771.63,232804.182
920665.BJ,20240105,11.87,11.97,11.0,11.4,11.86,-0.46,-3.8786,33814.96,38893.119
600770.SH,20240105,4.79,4.8,4.65,4.68,4.78,-0.1,-2.0921,71363.29,33681.258
600746.SH,20240105,7.38,7.45,7.23,7.3,7.39,-0.09,-1.2179,33105.09,24346.292
301057.SZ,20240105,17.23,17.23,16.82,16.9,17.08,-0.18,-1.0539,15716.0,26665.034
301259.SZ,20240105,16.63,16.73,16.23,16.4,16.55,-0.15,-0.9063,15675.94,25812.842
601156.SH,20240105,14.74,14.81,14.34,14.46,14.78,-0.32,-2.1651,114467.26,166391.447
002602.SZ,20240105,5.1,5.14,4.98,5.02,5.12,-0.1,-1.9531,639667.33,323942.021
002369.SZ,20240105,5.59,5.64,5.4,5.43,5.59,-0.16,-2.8623,135843.0,74976.637
600837.SH,20240105,9.2,9.32,9.14,9.17,9.23,-0.06,-0.6501,239006.73,220674.498
002942.SZ,20240105,19.41,19.41,18.54,18.68,19.33,-0.65,-3.3626,32648.5,61716.165
600220.SH,20240105,2.02,2.03,1.97,1.98,2.01,-0.03,-1.4925,98047.25,19567.137
300948.SZ,20240105,14.88,14.91,14.5,14.71,14.8,-0.09,-0.6081,18589.84,27353.386
300648.SZ,20240105,26.2,26.43,25.15,25.35,25.84,-0.49,-1.8963,16167.35,41654.236
300137.SZ,20240105,5.83,6.03,5.73,5.78,5.84,-0.06,-1.0274,147659.21,86613.937
000536.SZ,20240105,3.76,3.76,3.38,3.46,3.75,-0.29,-7.7333,1577549.47,563282.669
600141.SH,20240105,18.7,18.7,18.1,18.21,18.76,-0.55,-2.9318,194828.03,357426.849
002475.SZ,20240105,32.8,33.33,32.2,32.5,32.5,0.0,0.0,386302.91,1265820.915
002630.SZ,20240105,2.64,2.64,2.52,2.55,2.64,-0.09,-3.4091,478130.65,122874.443
601086.SH,20240105,5.53,5.53,5.35,5.37,5.48,-0.11,-2.0073,53773.0,29172.78
002282.SZ,20240105,8.01,8.04,7.62,7.67,8.01,-0.34,-4.2447,198961.05,155195.534
300188.SZ,20240105,15.19,15.24,14.48,14.56,15.09,-0.53,-3.5123,111428.08,165197.332
300148.SZ,20240105,3.76,3.76,3.64,3.67,3.77,-0.1,-2.6525,294855.0,108963.253
001203.SZ,20240105,10.29,10.4,10.19,10.24,10.31,-0.07,-0.679,37805.0,38962.907
601012.SH,20240105,21.86,22.25,21.37,21.58,21.98,-0.4,-1.8198,1134271.61,2472077.498
002585.SZ,20240105,7.95,8.06,7.78,7.82,7.96,-0.14,-1.7588,75920.0,60017.755
002213.SZ,20240105,13.99,15.33,13.98,14.28,13.94,0.34,2.439,166124.92,241708.895
002899.SZ,20240105,17.1,17.38,16.74,16.85,17.1,-0.25,-1.462,26881.32,45777.687
002949.SZ,20240105,14.25,14.39,14.03,14.13,14.36,-0.23,-1.6017,17617.0,25019.487
601127.SH,20240105,70.75,71.52,68.9,70.14,69.52,0.62,0.8918,454306.93,3193113.006
002919.SZ,20240105,26.38,26.38,25.02,25.29,26.34,-1.05,-3.9863,36383.0,92929.657
300580.SZ,20240105,28.12,28.81,27.78,27.9,28.41,-0.51,-1.7951,40355.47,114072.267
000548.SZ,20240105,5.72,5.76,5.6,5.66,5.74,-0.08,-1.3937,103023.07,58494.13
002232.SZ,20240105,16.59,16.7,16.1,16.19,16.6,-0.41,-2.4699,79041.81,129439.607
600647.SH,20240105,11.25,11.59,11.15,11.22,11.15,0.07,0.6278,20289.0,23047.723
300833.SZ,20240105,99.83,100.25,93.81,94.26,99.85,-5.59,-5.5984,3654.58,35190.826
000625.SZ,20240105,15.3,15.41,14.81,14.89,15.29,-0.4,-2.6161,1733854.49,2622284.536
000887.SZ,20240105,12.06,12.14,11.79,11.84,12.06,-0.22,-1.8242,101380.0,121265.902
000792.SZ,20240105,15.46,15.73,15.3,15.41,15.51,-0.1,-0.6447,199646.66,310111.975
301066.SZ,20240105,12.93,13.17,12.64,12.73,12.97,-0.24,-1.8504,16379.0,21125.548
000626.SZ,20240105,7.45,7.46,7.26,7.29,7.41,-0.12,-1.6194,36341.2,26785.206
000990.SZ,20240105,8.58,8.62,8.44,8.48,8.55,-0.07,-0.8187,67393.0,57535.719
000159.SZ,20240105,6.58,6.62,6.45,6.48,6.56,-0.08,-1.2195,42822.87,28047.607
002968.SZ,20240105,12.7,12.95,12.56,12.66,12.69,-0.03,-0.2364,21220.75,27169.443
300842.SZ,20240105,70.01,73.43,69.5,69.74,70.24,-0.5,-0.7118,49037.17,351276.311
301356.SZ,20240105,18.17,18.27,17.85,17.9,18.16,-0.26,-1.4317,3856.6,6955.558
002792.SZ,20240105,16.48,16.49,15.71,15.81,16.47,-0.66,-4.0073,79043.27,126665.383
000820.SZ,20240105,5.49,5.75,4.71,4.71,5.23,-0.52,-9.9426,1053641.44,546239.163
002782.SZ,20240105,13.81,13.87,13.28,13.37,13.86,-0.49,-3.5354,67934.75,92087.216
600817.SH,20240105,9.46,9.55,9.28,9.31,9.48,-0.17,-1.7932,14945.0,14044.61
601377.SH,20240105,5.74,5.81,5.7,5.72,5.77,-0.05,-0.8666,289433.45,166708.399
600661.SH,20240105,10.63,10.8,10.41,10.46,11.11,-0.65,-5.8506,208187.46,220262.209
002724.SZ,20240105,8.08,8.14,7.85,7.9,8.08,-0.18,-2.2277,32802.0,26186.751
920639.BJ,20240105,5.95,6.02,5.53,5.61,6.02,-0.41,-6.8106,97811.33,56142.018
000719.SZ,20240105,10.0,10.08,9.65,9.74,9.97,-0.23,-2.3069,125633.84,123594.627
301024.SZ,20240105,31.1,31.1,30.0,30.1,30.86,-0.76,-2.4627,5120.03,15618.418
601360.SH,20240105,8.36,8.37,8.04,8.1,8.37,-0.27,-3.2258,1235675.58,1012508.729
002654.SZ,20240105,13.06,13.17,12.45,12.75,13.35,-0.6,-4.4944,660163.83,842743.796
000506.SZ,20240105,4.1,4.13,3.98,4.01,4.1,-0.09,-2.1951,190491.43,77144.999
920396.BJ,20240105,18.9,18.9,16.18,16.39,19.13,-2.74,-14.3231,56765.48,98997.617
002595.SZ,20240105,29.32,29.33,28.94,29.05,29.33,-0.28,-0.9547,20880.0,60739.413
300798.SZ,20240105,10.6,10.85,10.07,10.16,10.77,-0.61,-5.6639,311219.64,323669.657
600292.SH,20240105,6.37,6.41,6.24,6.27,6.36,-0.09,-1.4151,67834.0,42905.171
300381.SZ,20240105,7.36,7.38,7.15,7.18,7.35,-0.17,-2.3129,43301.0,31324.35
301578.SZ,20240105,73.93,77.99,71.01,71.04,75.5,-4.46,-5.9073,53473.51,394281.859
600691.SH,20240105,3.32,3.32,3.24,3.25,3.31,-0.06,-1.8127,104464.0,34250.716
301226.SZ,20240105,22.51,22.89,22.02,22.15,22.51,-0.36,-1.5993,6531.0,14633.993
300395.SZ,20240105,35.29,35.38,33.5,33.69,35.41,-1.72,-4.8574,72597.24,248308.224
002815.SZ,20240105,9.29,9.35,9.04,9.09,9.29,-0.2,-2.1529,94974.0,87098.526
000627.SZ,20240105,2.84,2.88,2.81,2.83,2.83,0.0,0.0,209870.06,59709.113
002403.SZ,20240105,8.76,9.71,8.73,9.71,8.83,0.88,9.966,137199.05,130133.7
000861.SZ,20240105,2.01,2.02,1.98,1.99,2.01,-0.02,-0.995,173724.0,34681.945
000725.SZ,20240105,3.8,3.85,3.77,3.79,3.8,-0.01,-0.2632,2825272.2,1078996.758
600814.SH,20240105,7.0,7.06,6.88,6.97,6.97,0.0,0.0,98754.25,68896.151
002280.SZ,20240105,2.62,2.63,2.52,2.52,2.63,-0.11,-4.1825,382728.66,98081.166
301042.SZ,20240105,38.3,38.88,37.52,37.67,38.32,-0.65,-1.6962,9803.0,37463.937
301083.SZ,20240105,17.21,17.44,16.62,16.8,17.2,-0.4,-2.3256,31199.28,53068.104
002972.SZ,20240105,12.73,12.8,12.1,12.27,12.78,-0.51,-3.9906,70525.6,87763.43
000534.SZ,20240105,12.69,12.79,12.35,12.5,12.72,-0.22,-1.7296,22723.06,28537.794
600055.SH,20240105,17.68,17.88,17.53,17.63,17.84,-0.21,-1.1771,40211.0,71091.61
300359.SZ,20240105,5.45,5.48,5.3,5.32,5.46,-0.14,-2.5641,85960.5,46265.508
002827.SZ,20240105,16.64,16.79,16.3,16.42,16.75,-0.33,-1.9701,43814.0,72329.074
000898.SZ,20240105,2.53,2.56,2.51,2.53,2.53,0.0,0.0,273905.75,69543.541
002494.SZ,20240105,5.56,5.63,5.36,5.39,5.56,-0.17,-3.0576,172790.0,94151.46
301398.SZ,20240105,46.98,48.42,46.18,46.51,47.15,-0.64,-1.3574,9629.25,45647.825
002694.SZ,20240105,6.14,6.2,6.05,6.08,6.15,-0.07,-1.1382,21829.0,13351.592
003029.SZ,20240105,21.6,21.95,20.73,20.9,21.59,-0.69,-3.1959,142359.97,302172.287
600641.SH,20240105,16.9,17.07,16.41,16.48,16.9,-0.42,-2.4852,57325.03,95547.451
002659.SZ,20240105,4.76,4.8,4.55,4.58,4.72,-0.14,-2.9661,222979.0,103614.457
301291.SZ,20240105,27.92,30.88,27.78,29.3,27.81,1.49,5.3578,109961.49,326076.542
002210.SZ,20240105,1.77,1.78,1.75,1.75,1.77,-0.02,-1.1299,101693.6,17919.625
002970.SZ,20240105,30.1,30.52,29.44,29.54,30.23,-0.69,-2.2825,15337.9,45870.881
920471.BJ,20240105,14.46,14.47,13.0,13.68,14.45,-0.77,-5.3287,44260.17,60289.942
003004.SZ,20240105,30.5,30.55,29.3,29.41,30.76,-1.35,-4.3888,22772.0,67967.107
920394.BJ,20240105,20.03,20.21,18.16,18.69,20.03,-1.34,-6.69,37741.66,71428.027
000010.SZ,20240105,3.1,3.16,3.07,3.08,3.12,-0.04,-1.2821,110185.0,34271.049
001202.SZ,20240105,18.41,18.45,17.96,18.06,18.41,-0.35,-1.9011,12333.0,22382.783
301178.SZ,20240105,31.81,32.05,31.0,31.25,31.81,-0.56,-1.7605,8750.2,27640.476
000692.SZ,20240105,3.23,3.25,3.11,3.2,3.23,-0.03,-0.9288,79628.0,25353.587
301517.SZ,20240105,55.05,56.15,53.76,54.3,55.35,-1.05,-1.897,13842.64,75816.684
300514.SZ,20240105,16.37,16.53,15.93,16.08,16.37,-0.29,-1.7715,54810.0,88655.317
002437.SZ,20240105,2.52,2.53,2.45,2.45,2.53,-0.08,-3.1621,393870.0,97814.831
002730.SZ,20240105,9.62,9.77,9.47,9.54,9.71,-0.17,-1.7508,38207.0,36711.534
600675.SH,20240105,3.06,3.12,3.03,3.06,3.06,0.0,0.0,186429.81,57586.009
002358.SZ,20240105,4.55,4.71,4.46,4.47,4.76,-0.29,-6.0924,922313.35,421239.075
002175.SZ,20240105,2.78,2.78,2.69,2.72,2.78,-0.06,-2.1583,134677.8,36836.989
002521.SZ,20240105,8.34,8.43,8.17,8.21,8.34,-0.13,-1.5588,96674.01,80159.247
920925.BJ,20240105,13.8,13.8,12.94,12.98,13.99,-1.01,-7.2194,45586.74,60820.593
300454.SZ,20240105,66.79,67.17,66.11,66.6,66.66,-0.06,-0.09,35729.54,237809.025
920089.BJ,20240105,18.18,18.18,17.45,17.53,18.09,-0.56,-3.0956,14771.32,26261.131
300968.SZ,20240105,11.2,13.0,11.17,12.07,11.22,0.85,7.5758,417442.95,509999.107
300894.SZ,20240105,16.1,16.3,15.94,16.05,16.08,-0.03,-0.1866,29200.39,47156.814
920675.BJ,20240105,8.66,8.74,7.5,7.72,8.4,-0.68,-8.0952,71980.32,57681.975
002394.SZ,20240105,8.59,8.63,8.39,8.43,8.59,-0.16,-1.8626,33435.0,28441.476
301559.SZ,20240105,18.91,19.2,18.76,18.82,18.99,-0.17,-0.8952,29682.83,56357.105
000019.SZ,20240105,7.63,7.65,7.51,7.57,7.62,-0.05,-0.6562,41792.2,31656.899
002334.SZ,20240105,8.5,8.57,8.25,8.3,8.52,-0.22,-2.5822,119998.35,100848.688
920261.BJ,20240105,9.96,10.15,9.43,9.52,9.97,-0.45,-4.5135,25260.45,24589.265
002693.SZ,20240105,7.33,7.35,7.02,7.07,7.37,-0.3,-4.0706,144304.0,103444.643
002849.SZ,20240105,18.35,18.88,17.95,18.12,18.51,-0.39,-2.107,36097.8,66013.241
300463.SZ,20240105,14.99,15.0,14.68,14.74,15.03,-0.29,-1.9295,37806.0,56119.637
920522.BJ,20240105,23.6,25.44,22.8,22.81,22.91,-0.1,-0.4365,56174.01,134606.497
600128.SH,20240105,9.5,9.59,9.32,9.35,9.48,-0.13,-1.3713,97185.0,91520.622
002345.SZ,20240105,6.72,6.96,6.7,6.78,6.73,0.05,0.7429,129689.0,88813.548
601065.SH,20240105,11.6,11.62,11.36,11.4,11.54,-0.14,-1.2132,59365.52,68097.009
600648.SH,20240105,9.8,9.86,9.73,9.77,9.8,-0.03,-0.3061,23004.72,22538.996
002150.SZ,20240105,17.4,17.65,16.55,16.66,17.53,-0.87,-4.9629,112338.55,189825.465
600118.SH,20240105,25.37,25.55,24.89,24.99,25.5,-0.51,-2.0,60974.09,153322.497
000035.SZ,20240105,4.99,5.03,4.87,4.9,4.99,-0.09,-1.8036,177295.0,87635.165
002346.SZ,20240105,11.11,11.25,10.99,11.03,11.11,-0.08,-0.7201,12912.0,14351.318
000151.SZ,20240105,11.26,11.52,11.13,11.17,11.29,-0.12,-1.0629,80276.83,90626.921
920249.BJ,20240105,7.68,7.7,6.86,6.96,7.61,-0.65,-8.5414,135977.33,97741.621
000751.SZ,20240105,3.28,3.31,3.23,3.25,3.28,-0.03,-0.9146,115835.4,37924.295
300747.SZ,20240105,22.69,22.84,21.55,21.62,22.72,-1.1,-4.8415,85805.17,189180.024
301103.SZ,20240105,29.45,29.63,28.73,28.94,29.6,-0.66,-2.2297,8523.79,24887.833
301272.SZ,20240105,52.37,55.8,52.04,55.0,52.37,2.63,5.022,22603.9,123229.558
300101.SZ,20240105,21.3,21.3,19.3,20.2,21.24,-1.04,-4.8964,208967.52,418500.716
300307.SZ,20240105,6.34,6.39,6.17,6.2,6.34,-0.14,-2.2082,54455.0,34155.531
300091.SZ,20240105,2.68,2.7,2.6,2.62,2.68,-0.06,-2.2388,153638.02,40548.097
002902.SZ,20240105,21.88,21.9,20.88,21.02,21.96,-0.94,-4.2805,66161.48,141074.024
300322.SZ,20240105,10.4,10.52,10.0,10.07,10.44,-0.37,-3.5441,176985.41,180609.21
920190.BJ,20240105,26.3,27.88,25.68,26.06,25.67,0.39,1.5193,117857.5,318375.387
000063.SZ,20240105,25.02,25.33,24.38,24.55,24.94,-0.39,-1.5638,961239.17,2385200.566
002547.SZ,20240105,4.53,4.6,4.45,4.47,4.56,-0.09,-1.9737,188314.0,85026.536
300500.SZ,20240105,14.54,14.62,14.22,14.31,14.5,-0.19,-1.3103,12784.9,18427.038
002779.SZ,20240105,26.8,26.98,26.12,26.4,26.4,0.0,0.0,24384.0,64503.802
300660.SZ,20240105,28.7,29.18,27.85,28.04,28.67,-0.63,-2.1974,40057.04,114003.13
300246.SZ,20240105,10.3,10.56,10.15,10.19,10.39,-0.2,-1.9249,34579.7,35662.115
002573.SZ,20240105,5.1,5.11,5.02,5.04,5.09,-0.05,-0.9823,50785.97,25739.769
002176.SZ,20240105,12.53,13.14,12.32,12.53,12.62,-0.09,-0.7132,1178519.84,1499649.421
300066.SZ,20240105,4.81,4.85,4.66,4.7,4.82,-0.12,-2.4896,166342.72,79028.42
920566.BJ,20240105,10.1,10.25,9.43,9.56,10.13,-0.57,-5.6269,69360.64,68080.987
600284.SH,20240105,6.37,6.43,6.33,6.35,6.36,-0.01,-0.1572,70091.44,44740.054
301035.SZ,20240105,68.54,69.76,67.88,69.0,68.53,0.47,0.6858,6578.04,45532.207
002567.SZ,20240105,7.46,7.55,7.35,7.42,7.5,-0.08,-1.0667,271652.07,202729.842
300441.SZ,20240105,7.05,7.11,6.87,6.92,7.02,-0.1,-1.4245,63439.0,44380.957
300995.SZ,20240105,21.61,22.19,21.21,21.32,21.68,-0.36,-1.6605,11044.05,23831.273
300288.SZ,20240105,16.1,16.14,15.42,15.5,16.05,-0.55,-3.4268,89996.0,141535.956
601001.SH,20240105,13.06,13.35,12.88,12.97,13.07,-0.1,-0.7651,173176.19,227192.644
000701.SZ,20240105,5.53,5.56,5.35,5.36,5.53,-0.17,-3.0741,317896.69,172329.242
301395.SZ,20240105,18.78,19.29,18.7,18.88,18.79,0.09,0.479,19630.51,37235.41
300340.SZ,20240105,11.86,12.12,11.58,11.65,11.87,-0.22,-1.8534,38875.0,46025.545
002975.SZ,20240105,41.0,41.87,38.7,39.78,43.0,-3.22,-7.4884,102352.75,405233.367
301307.SZ,20240105,33.88,33.94,32.81,33.05,33.5,-0.45,-1.3433,13502.8,45037.357
300840.SZ,20240105,18.8,18.8,18.15,18.66,18.65,0.01,0.0536,32692.86,60106.595
002338.SZ,20240105,32.24,32.24,29.86,30.09,32.23,-2.14,-6.6398,86916.6,266131.045
000783.SZ,20240105,5.32,5.38,5.28,5.3,5.33,-0.03,-0.5629,176836.0,94308.161
002402.SZ,20240105,14.14,14.27,13.84,13.93,14.15,-0.22,-1.5548,89402.43,125631.914
300025.SZ,20240105,9.47,9.47,8.96,9.03,9.42,-0.39,-4.1401,130228.64,118432.414
002544.SZ,20240105,19.65,19.75,19.24,19.32,19.66,-0.34,-1.7294,87402.37,169990.485
300196.SZ,20240105,10.9,11.09,10.73,10.81,10.94,-0.13,-1.1883,20734.0,22643.88
300433.SZ,20240105,12.65,12.86,12.37,12.43,12.64,-0.21,-1.6614,184104.05,232184.47
600152.SH,20240105,7.24,7.39,7.07,7.1,7.25,-0.15,-2.069,82651.0,59628.221
300658.SZ,20240105,7.05,7.08,6.93,6.96,7.04,-0.08,-1.1364,34433.0,24147.221
300674.SZ,20240105,15.97,16.0,15.43,15.53,15.93,-0.4,-2.511,91681.14,143941.822
300220.SZ,20240105,7.72,7.81,7.52,7.6,7.8,-0.2,-2.5641,9790.0,7472.13
300212.SZ,20240105,30.45,30.66,28.98,29.27,29.86,-0.59,-1.9759,146604.38,436244.91
301129.SZ,20240105,25.98,26.18,25.05,25.28,25.78,-0.5,-1.9395,7652.6,19588.3
301379.SZ,20240105,28.98,29.21,28.03,28.33,28.86,-0.53,-1.8365,10910.49,31211.84
002663.SZ,20240105,1.85,1.87,1.81,1.82,1.85,-0.03,-1.6216,207439.19,38193.946
600168.SH,20240105,6.63,6.79,6.54,6.6,6.66,-0.06,-0.9009,146000.17,97369.834
300180.SZ,20240105,4.25,4.26,4.14,4.16,4.25,-0.09,-2.1176,283823.1,118769.745
301313.SZ,20240105,31.31,31.43,29.13,29.4,31.5,-2.1,-6.6667,83231.34,250616.298
300816.SZ,20240105,25.5,25.8,24.85,25.1,25.89,-0.79,-3.0514,22034.01,56024.753
600628.SH,20240105,7.17,7.22,7.06,7.09,7.16,-0.07,-0.9777,36508.82,26102.484
000985.SZ,20240105,16.88,17.16,16.6,16.71,17.05,-0.34,-1.9941,20515.0,34601.625
002026.SZ,20240105,10.11,10.21,9.75,9.82,10.04,-0.22,-2.1912,59955.0,59700.577
300709.SZ,20240105,30.36,30.61,29.2,29.38,30.2,-0.82,-2.7152,46435.77,137956.988
301369.SZ,20240105,55.9,56.59,54.17,54.6,55.88,-1.28,-2.2906,6252.5,34518.065
002976.SZ,20240105,31.11,31.75,30.08,30.27,31.99,-1.72,-5.3767,69965.1,215623.792
300638.SZ,20240105,18.04,18.16,17.33,17.46,18.05,-0.59,-3.2687,117112.75,207197.852
001278.SZ,20240105,25.29,25.4,23.85,24.08,25.29,-1.21,-4.7845,35454.0,86707.798
300729.SZ,20240105,19.58,19.86,18.99,19.2,19.94,-0.74,-3.7111,187174.66,363913.782
300129.SZ,20240105,9.7,9.72,8.89,8.96,9.72,-0.76,-7.8189,494068.12,454595.75
002650.SZ,20240105,4.05,4.07,3.97,4.02,4.05,-0.03,-0.7407,72573.0,29139.387
301020.SZ,20240105,21.54,22.0,21.14,21.2,21.49,-0.29,-1.3495,16926.0,36537.972
920062.BJ,20240105,7.63,7.7,6.95,7.13,7.65,-0.52,-6.7974,96450.57,70330.646
300334.SZ,20240105,8.06,8.08,7.81,7.86,8.0,-0.14,-1.75,36045.0,28543.754
600751.SH,20240105,2.63,2.64,2.56,2.57,2.63,-0.06,-2.2814,205909.17,53506.45
002629.SZ,20240105,4.14,4.15,4.03,4.06,4.14,-0.08,-1.9324,89783.0,36646.899
300781.SZ,20240105,42.59,42.59,39.6,39.95,42.79,-2.84,-6.6371,123800.5,502962.517
000677.SZ,20240105,3.2,3.28,3.1,3.14,3.23,-0.09,-2.7864,353798.61,112028.531
000876.SZ,20240105,9.15,9.15,8.96,9.0,9.18,-0.18,-1.9608,165977.82,150306.869
300122.SZ,20240105,57.89,57.89,56.08,56.46,57.96,-1.5,-2.588,104448.6,591588.676
920145.BJ,20240105,9.21,9.36,8.32,8.4,9.38,-0.98,-10.4478,39212.07,34392.407
002035.SZ,20240105,6.29,6.36,6.21,6.24,6.27,-0.03,-0.4785,121632.0,76508.438
000601.SZ,20240105,4.4,4.41,4.31,4.33,4.38,-0.05,-1.1416,67579.45,29517.097
920402.BJ,20240105,15.27,15.4,14.79,14.82,15.27,-0.45,-2.947,51443.54,77139.092
301171.SZ,20240105,18.17,18.2,17.53,17.66,18.17,-0.51,-2.8068,74051.37,131911.258
301039.SZ,20240105,9.33,9.57,9.12,9.17,9.39,-0.22,-2.3429,220817.0,206803.886
600182.SH,20240105,14.85,14.95,14.56,14.58,14.87,-0.29,-1.9502,9542.0,14082.701
002047.SZ,20240105,2.95,2.97,2.84,2.87,2.96,-0.09,-3.0405,358580.54,103791.975
301233.SZ,20240105,44.16,44.94,43.18,43.47,44.17,-0.7,-1.5848,5523.64,24274.612
300838.SZ,20240105,16.4,16.51,16.07,16.13,16.43,-0.3,-1.8259,12297.22,20008.848
001267.SZ,20240105,5.27,5.35,5.24,5.26,5.28,-0.02,-0.3788,50471.5,26736.582
002001.SZ,20240105,17.16,17.5,17.03,17.09,17.15,-0.06,-0.3499,151965.04,262393.351
301268.SZ,20240105,28.97,29.28,28.02,28.23,29.17,-0.94,-3.2225,16455.32,47215.541
301266.SZ,20240105,49.68,50.85,46.91,47.58,50.08,-2.5,-4.992,60999.76,296699.799
000999.SZ,20240105,51.66,51.72,50.26,50.52,51.58,-1.06,-2.0551,46409.7,235802.329
000503.SZ,20240105,12.68,12.79,12.05,12.17,12.53,-0.36,-2.8731,149876.66,184832.741
002612.SZ,20240105,18.78,19.07,18.58,18.6,18.79,-0.19,-1.0112,27726.11,52191.273
301138.SZ,20240105,28.79,29.13,28.09,28.27,28.76,-0.49,-1.7038,8152.0,23365.329
000635.SZ,20240105,10.16,10.16,9.17,9.21,10.16,-0.95,-9.3504,365911.15,345952.117
600299.SH,20240105,8.27,8.3,8.15,8.18,8.24,-0.06,-0.7282,34202.55,28133.997
600724.SH,20240105,4.11,4.14,4.05,4.07,4.1,-0.03,-0.7317,126705.09,51836.411
300985.SZ,20240105,35.1,35.86,34.61,34.84,35.16,-0.32,-0.9101,16824.89,59299.08
002058.SZ,20240105,14.12,14.19,13.37,13.49,14.24,-0.75,-5.2669,100626.0,137648.605
920418.BJ,20240105,27.05,27.95,24.4,25.5,26.67,-1.17,-4.387,61405.24,160222.368
300170.SZ,20240105,8.14,8.14,7.92,7.97,8.09,-0.12,-1.4833,107987.9,86797.83
300172.SZ,20240105,6.02,6.06,5.77,5.84,6.12,-0.28,-4.5752,854446.91,503458.62
001914.SZ,20240105,11.66,11.9,11.55,11.58,11.69,-0.11,-0.941,51930.0,60843.928
600808.SH,20240105,2.8,2.85,2.79,2.81,2.82,-0.01,-0.3546,295372.35,83528.814
300205.SZ,20240105,10.87,10.91,10.63,10.67,10.87,-0.2,-1.8399,31833.0,34172.567
300707.SZ,20240105,17.99,19.17,17.9,18.7,17.85,0.85,4.7619,180445.79,337207.485
301252.SZ,20240105,41.39,41.68,40.87,41.0,41.23,-0.23,-0.5578,6496.19,26806.67
002911.SZ,20240105,11.75,11.78,11.58,11.6,11.72,-0.12,-1.0239,21513.4,25102.029
301213.SZ,20240105,40.98,40.99,39.23,39.46,40.41,-0.95,-2.3509,6480.02,25839.97
002987.SZ,20240105,18.2,18.24,17.7,17.82,18.14,-0.32,-1.7641,33539.63,60305.125
000617.SZ,20240105,5.39,5.53,5.36,5.45,5.42,0.03,0.5535,551061.62,301522.582
300509.SZ,20240105,7.34,7.44,7.17,7.21,7.35,-0.14,-1.9048,48476.45,35322.679
002560.SZ,20240105,7.4,7.48,7.22,7.24,7.42,-0.18,-2.4259,106799.52,78149.975
300891.SZ,20240105,9.98,10.0,9.77,9.86,9.97,-0.11,-1.1033,20921.0,20687.278
600999.SH,20240105,13.47,13.63,13.39,13.47,13.48,-0.01,-0.0742,106554.42,144021.261
920262.BJ,20240105,18.9,19.12,17.23,17.4,19.13,-1.73,-9.0434,23362.53,42431.763
002350.SZ,20240105,6.79,6.84,6.6,6.65,6.78,-0.13,-1.9174,69240.0,46444.281
001326.SZ,20240105,53.75,56.66,53.53,55.04,53.5,1.54,2.8785,31954.26,176695.128
600104.SH,20240105,13.42,13.53,13.27,13.34,13.42,-0.08,-0.5961,175748.01,236069.405
002890.SZ,20240105,15.66,15.68,15.02,15.07,15.68,-0.61,-3.8903,58952.2,89977.151
002306.SZ,20240105,5.4,5.88,5.3,5.36,5.65,-0.29,-5.1327,1439285.17,799057.753
600728.SH,20240105,5.57,5.6,5.48,5.5,5.58,-0.08,-1.4337,196019.99,108512.808
002362.SZ,20240105,26.07,26.09,24.2,25.0,26.24,-1.24,-4.7256,208933.9,528200.369
600053.SH,20240105,14.08,14.08,13.62,13.67,13.97,-0.3,-2.1475,47837.7,65908.027
301007.SZ,20240105,16.36,16.59,16.07,16.16,16.36,-0.2,-1.2225,38804.13,63346.053
002645.SZ,20240105,11.38,11.56,11.3,11.38,11.4,-0.02,-0.1754,99902.0,114056.357
300194.SZ,20240105,4.4,4.4,4.28,4.3,4.37,-0.07,-1.6018,148437.0,64344.861
920719.BJ,20240105,16.05,16.17,14.78,14.9,15.83,-0.93,-5.8749,52164.86,80070.785
300778.SZ,20240105,13.45,13.58,13.2,13.21,13.39,-0.18,-1.3443,20815.71,27902.978
000544.SZ,20240105,7.22,7.27,7.16,7.2,7.22,-0.02,-0.277,61804.0,44637.43
600212.SH,20240105,7.04,7.05,6.78,6.83,6.99,-0.16,-2.289,68928.73,47578.693
601116.SH,20240105,10.84,10.97,10.68,10.73,10.93,-0.2,-1.8298,35503.0,38463.586
002888.SZ,20240105,28.7,30.95,26.97,27.75,28.14,-0.39,-1.3859,396372.88,1161858.98
300656.SZ,20240105,23.95,24.27,23.16,23.25,23.92,-0.67,-2.801,11526.1,27251.184
000030.SZ,20240105,5.35,5.42,5.26,5.28,5.34,-0.06,-1.1236,67289.0,35949.401
002109.SZ,20240105,4.95,4.98,4.84,4.86,4.97,-0.11,-2.2133,72766.02,35696.63
600006.SH,20240105,5.75,5.78,5.62,5.67,5.74,-0.07,-1.2195,141634.75,80717.348
001270.SZ,20240105,62.66,63.21,60.58,61.06,62.6,-1.54,-2.4601,23142.2,142658.553
300286.SZ,20240105,25.28,25.4,24.58,24.75,25.18,-0.43,-1.7077,14030.0,35059.315
300182.SZ,20240105,4.96,4.97,4.81,4.83,4.96,-0.13,-2.621,575495.73,280913.981
300453.SZ,20240105,7.89,7.91,7.72,7.76,7.91,-0.15,-1.8963,34857.4,27223.093
000408.SZ,20240105,27.0,27.4,26.56,26.69,26.95,-0.26,-0.9647,134191.92,362310.245
300893.SZ,20240105,28.49,28.49,27.67,27.79,28.23,-0.44,-1.5586,6623.36,18553.216
600666.SH,20240105,2.15,2.15,2.13,2.13,2.15,-0.02,-0.9302,32342.6,6917.416
001299.SZ,20240105,15.62,15.74,15.35,15.56,15.68,-0.12,-0.7653,23613.0,36659.181
002017.SZ,20240105,10.42,10.44,10.09,10.15,10.41,-0.26,-2.4976,55821.26,57220.828
002115.SZ,20240105,7.23,7.23,6.98,7.02,7.2,-0.18,-2.5,157259.97,111519.936
300810.SZ,20240105,21.22,21.47,20.38,20.58,21.41,-0.83,-3.8767,23505.5,48892.34
000023.SZ,20240105,6.41,6.44,6.28,6.32,6.35,-0.03,-0.4724,11194.0,7127.174
300131.SZ,20240105,5.91,5.98,5.7,5.75,5.93,-0.18,-3.0354,472320.59,275496.866
600886.SH,20240105,13.44,13.59,13.4,13.47,13.47,0.0,0.0,250520.81,337963.313
300926.SZ,20240105,27.61,28.5,27.0,27.78,27.49,0.29,1.0549,46637.46,130429.311
300607.SZ,20240105,15.04,15.13,14.46,14.56,14.95,-0.39,-2.6087,53010.73,78208.286
920679.BJ,20240105,24.89,25.99,23.88,24.43,25.09,-0.66,-2.6305,27771.23,69075.852
300158.SZ,20240105,6.55,6.56,6.32,6.37,6.54,-0.17,-2.5994,176604.92,113530.416
002094.SZ,20240105,3.91,3.95,3.83,3.86,3.92,-0.06,-1.5306,96816.81,37637.206
300788.SZ,20240105,29.04,29.04,27.8,28.01,29.04,-1.03,-3.5468,28238.0,79810.74
002554.SZ,20240105,3.18,3.22,3.15,3.17,3.19,-0.02,-0.627,111143.0,35389.588
300132.SZ,20240105,5.24,5.26,5.11,5.14,5.23,-0.09,-1.7208,53988.48,27925.9
001212.SZ,20240105,24.17,24.48,23.86,23.94,24.17,-0.23,-0.9516,8636.0,20869.618
300857.SZ,20240105,50.88,52.43,49.36,50.15,50.52,-0.37,-0.7324,62863.0,317208.972
002690.SZ,20240105,18.96,19.05,18.58,18.67,18.95,-0.28,-1.4776,25491.56,47873.71
920662.BJ,20240105,18.08,18.29,16.31,16.59,18.05,-1.46,-8.0886,33331.14,56587.589
300339.SZ,20240105,25.75,26.37,25.01,25.43,26.08,-0.65,-2.4923,473486.45,1218979.838
300575.SZ,20240105,7.64,7.7,7.49,7.53,7.67,-0.14,-1.8253,34607.0,26210.992
300543.SZ,20240105,10.73,10.86,10.51,10.56,10.71,-0.15,-1.4006,42096.49,44751.714
600029.SH,20240105,5.62,5.65,5.56,5.58,5.62,-0.04,-0.7117,355807.83,199350.262
920225.BJ,20240105,22.43,22.93,21.02,22.07,22.66,-0.59,-2.6037,29751.98,65515.257
920270.BJ,20240105,15.68,15.81,14.35,14.7,15.67,-0.97,-6.1902,27266.19,40447.978
601606.SH,20240105,12.29,12.41,12.13,12.24,12.43,-0.19,-1.5286,72583.75,88825.214
300228.SZ,20240105,7.2,7.32,7.01,7.06,7.2,-0.14,-1.9444,107806.0,77187.673
300081.SZ,20240105,10.52,10.63,9.85,9.99,10.53,-0.54,-5.1282,520414.49,525543.923
601519.SH,20240105,7.18,7.25,7.05,7.09,7.19,-0.1,-1.3908,164670.19,117753.9
002506.SZ,20240105,2.67,2.71,2.63,2.64,2.67,-0.03,-1.1236,354210.72,94579.137
000913.SZ,20240105,12.28,12.43,11.99,12.05,12.28,-0.23,-1.873,37007.01,45180.291
301280.SZ,20240105,38.29,38.88,37.21,37.58,38.17,-0.59,-1.5457,26083.93,99263.457
601789.SH,20240105,4.15,4.19,4.09,4.12,4.15,-0.03,-0.7229,118919.0,49321.048
300686.SZ,20240105,10.34,10.42,9.98,10.06,10.28,-0.22,-2.1401,25529.0,25953.24
300465.SZ,20240105,9.92,9.94,9.65,9.7,9.92,-0.22,-2.2177,64625.0,63294.157
600690.SH,20240105,20.7,21.74,20.61,21.41,20.8,0.61,2.9327,514856.81,1104639.939
600171.SH,20240105,13.72,13.84,13.38,13.45,13.74,-0.29,-2.1106,50574.04,68667.546
001380.SZ,20240105,33.43,33.85,32.75,33.12,33.57,-0.45,-1.3405,10854.16,36034.274
600795.SH,20240105,4.34,4.4,4.32,4.34,4.35,-0.01,-0.2299,1066413.03,464582.167
300738.SZ,20240105,10.88,11.1,10.3,10.39,10.76,-0.37,-3.4387,678027.4,722690.747
300407.SZ,20240105,9.53,9.57,9.26,9.32,9.52,-0.2,-2.1008,67263.66,63301.275
002382.SZ,20240105,6.75,7.29,6.67,6.73,6.77,-0.04,-0.5908,313202.36,216310.854
300583.SZ,20240105,20.3,20.45,19.39,19.44,20.3,-0.86,-4.2365,20693.14,41117.414
300162.SZ,20240105,7.9,7.92,7.49,7.57,7.92,-0.35,-4.4192,145374.42,111286.147
300255.SZ,20240105,13.72,14.23,13.22,13.5,13.82,-0.32,-2.3155,677250.01,925497.244
300880.SZ,20240105,19.62,19.82,19.06,19.17,19.59,-0.42,-2.144,16181.68,31388.031
001330.SZ,20240105,7.28,7.34,7.22,7.23,7.3,-0.07,-0.9589,51400.87,37370.087
300130.SZ,20240105,23.8,23.83,22.38,22.57,23.83,-1.26,-5.2875,100825.6,232283.266
300151.SZ,20240105,17.36,17.47,16.98,17.2,17.36,-0.16,-0.9217,23137.74,39674.985
300890.SZ,20240105,35.5,36.0,33.86,33.98,33.78,0.2,0.5921,41905.15,146590.989
600916.SH,20240105,9.77,9.83,9.67,9.7,9.78,-0.08,-0.818,52885.79,51660.918
300790.SZ,20240105,15.28,15.42,14.92,15.02,15.23,-0.21,-1.3789,35079.68,53133.66
601231.SH,20240105,14.66,14.88,14.35,14.42,14.68,-0.26,-1.7711,47274.49,68991.755
300739.SZ,20240105,15.0,15.2,14.67,14.75,15.03,-0.28,-1.8629,23380.42,34851.52
600108.SH,20240105,2.79,2.81,2.76,2.76,2.8,-0.04,-1.4286,122072.0,34004.37
600973.SH,20240105,4.74,4.82,4.68,4.69,4.78,-0.09,-1.8828,108311.76,51395.808
301390.SZ,20240105,42.96,44.14,42.66,42.87,42.67,0.2,0.4687,11691.66,50777.475
300683.SZ,20240105,33.99,34.32,33.39,33.45,34.03,-0.58,-1.7044,9467.0,31971.758
600637.SH,20240105,7.58,7.61,7.42,7.46,7.57,-0.11,-1.4531,175537.27,132072.149
300128.SZ,20240105,4.29,4.32,4.14,4.17,4.3,-0.13,-3.0233,174337.3,73426.384
920363.BJ,20240105,20.18,20.39,18.89,19.43,20.62,-1.19,-5.7711,61751.16,121619.354
000505.SZ,20240105,6.93,6.95,6.8,6.84,6.96,-0.12,-1.7241,32519.6,22334.914
002253.SZ,20240105,14.45,14.55,14.0,14.1,14.51,-0.41,-2.8256,56321.93,80320.092
301489.SZ,20240105,73.01,76.05,70.7,71.97,72.5,-0.53,-0.731,16360.66,119558.101
003017.SZ,20240105,24.03,24.28,23.48,23.66,24.12,-0.46,-1.9071,28920.6,68666.511
300727.SZ,20240105,28.03,29.99,28.0,29.86,28.19,1.67,5.9241,73049.3,215468.585
002238.SZ,20240105,13.23,13.3,12.3,12.44,13.44,-1.0,-7.4405,578671.27,736734.021
002510.SZ,20240105,4.65,4.69,4.48,4.52,4.66,-0.14,-3.0043,469561.96,214407.19
002446.SZ,20240105,8.17,8.17,7.78,7.82,8.17,-0.35,-4.284,256941.31,204124.398
300442.SZ,20240105,24.19,24.32,23.44,23.7,24.18,-0.48,-1.9851,59335.91,141462.251
601827.SH,20240105,7.83,7.97,7.79,7.88,7.8,0.08,1.0256,96905.05,76622.126
600213.SH,20240105,9.48,9.65,9.27,9.31,9.4,-0.09,-0.9574,62988.38,59769.196
600232.SH,20240105,6.21,6.23,6.05,6.09,6.19,-0.1,-1.6155,79888.0,48905.803
920469.BJ,20240105,17.75,18.34,16.1,16.84,17.73,-0.89,-5.0197,61144.43,106655.664
300980.SZ,20240105,23.16,23.16,22.2,22.34,22.88,-0.54,-2.3601,14296.61,32302.16
002252.SZ,20240105,7.84,7.98,7.75,7.81,7.83,-0.02,-0.2554,523633.78,410872.823
001373.SZ,20240105,44.07,44.15,42.55,43.24,43.72,-0.48,-1.0979,14133.52,61072.781
000700.SZ,20240105,6.67,6.74,6.57,6.6,6.66,-0.06,-0.9009,157167.02,104527.962
301017.SZ,20240105,20.1,20.32,19.74,19.82,20.05,-0.23,-1.1471,9190.07,18421.511
600703.SH,20240105,13.29,13.46,13.14,13.33,13.34,-0.01,-0.075,229988.14,305499.398
301220.SZ,20240105,32.62,32.75,31.75,31.8,32.49,-0.69,-2.1237,4085.7,13145.333
600819.SH,20240105,5.15,5.19,5.04,5.07,5.12,-0.05,-0.9766,66341.0,33962.987
000929.SZ,20240105,9.92,9.99,9.69,9.75,9.92,-0.17,-1.7137,25977.0,25533.455
300750.SZ,20240105,150.99,154.73,149.49,150.9,151.2,-0.3,-0.1984,210353.18,3195235.677
002809.SZ,20240105,11.1,11.2,10.92,11.0,11.13,-0.13,-1.168,22517.8,24854.148
600200.SH,20240105,8.67,9.24,8.67,9.2,8.77,0.43,4.9031,629511.98,571870.675
600630.SH,20240105,13.52,13.6,12.36,12.41,13.73,-1.32,-9.614,919517.66,1179158.217
300565.SZ,20240105,14.86,14.92,14.44,14.56,14.8,-0.24,-1.6216,34995.56,51237.651
000679.SZ,20240105,6.02,6.23,5.9,5.94,6.02,-0.08,-1.3289,142402.0,85707.697
600176.SH,20240105,9.57,9.75,9.44,9.46,9.58,-0.12,-1.2526,211830.15,203395.556
301085.SZ,20240105,55.7,56.09,54.2,54.7,55.85,-1.15,-2.0591,14624.75,80601.166
300585.SZ,20240105,15.86,16.16,15.47,15.59,15.91,-0.32,-2.0113,32147.72,50719.068
600262.SH,20240105,19.7,19.7,19.18,19.32,19.65,-0.33,-1.6794,17625.1,34276.746
002063.SZ,20240105,6.08,6.09,5.91,5.96,6.09,-0.13,-2.1346,179987.3,107922.099
920693.BJ,20240105,44.67,45.2,41.8,42.49,44.67,-2.18,-4.8802,15748.75,68247.202
002958.SZ,20240105,2.62,2.68,2.62,2.66,2.63,0.03,1.1407,547194.51,145465.716
002492.SZ,20240105,6.27,6.3,6.16,6.21,6.26,-0.05,-0.7987,56212.0,35057.946
600243.SH,20240105,4.85,4.86,4.69,4.72,4.83,-0.11,-2.2774,92785.0,44089.464
920223.BJ,20240105,5.99,5.99,5.31,5.5,5.96,-0.46,-7.7181,79639.77,44535.593
002406.SZ,20240105,6.51,6.57,6.3,6.35,6.62,-0.27,-4.0785,390940.3,252184.943
002541.SZ,20240105,21.29,21.54,20.81,20.93,21.32,-0.39,-1.8293,20129.6,42531.911
600011.SH,20240105,8.35,8.55,8.28,8.35,8.42,-0.07,-0.8314,663481.33,558303.405
002348.SZ,20240105,4.06,4.18,3.85,3.88,3.91,-0.03,-0.7673,195158.0,77399.693
301058.SZ,20240105,10.23,10.37,10.03,10.06,10.23,-0.17,-1.6618,68039.03,69343.816
301079.SZ,20240105,17.42,17.54,16.99,17.05,17.39,-0.34,-1.9551,11422.65,19699.527
600955.SH,20240105,18.14,18.23,17.89,17.93,18.13,-0.2,-1.1031,10098.12,18221.202
000001.SZ,20240105,9.1,9.44,9.07,9.27,9.11,0.16,1.7563,1991622.16,1852659.692
002228.SZ,20240105,3.52,3.53,3.45,3.47,3.52,-0.05,-1.4205,84279.74,29474.308
301500.SZ,20240105,22.66,22.67,21.5,21.62,22.47,-0.85,-3.7828,42440.86,93136.201
300317.SZ,20240105,5.32,5.42,4.96,5.0,5.1,-0.1,-1.9608,230766.8,118302.097
002639.SZ,20240105,7.9,8.11,7.68,7.73,7.83,-0.1,-1.2771,340170.25,267981.59
600105.SH,20240105,5.58,5.59,5.3,5.34,5.56,-0.22,-3.9568,284331.87,153724.11
600894.SH,20240105,7.56,7.63,7.43,7.5,7.56,-0.06,-0.7937,47287.86,35667.39
002748.SZ,20240105,10.7,10.73,10.05,10.15,10.75,-0.6,-5.5814,213963.0,221293.009
601136.SH,20240105,17.09,17.33,16.77,16.89,17.09,-0.2,-1.1703,228049.31,387114.79
002370.SZ,20240105,4.28,4.33,4.21,4.23,4.3,-0.07,-1.6279,105563.55,45144.127
600682.SH,20240105,7.57,7.58,7.43,7.46,7.59,-0.13,-1.7128,62810.05,47219.352
002621.SZ,20240105,3.18,3.22,3.12,3.13,3.2,-0.07,-2.1875,96456.0,30552.631
300009.SZ,20240105,10.31,10.34,10.07,10.13,10.34,-0.21,-2.0309,76585.05,78078.35
300696.SZ,20240105,17.49,17.66,16.95,17.0,17.5,-0.5,-2.8571,30150.65,52078.472
002891.SZ,20240105,25.9,26.24,25.7,25.81,25.96,-0.15,-0.5778,24673.85,63996.72
600836.SH,20240105,4.22,4.22,4.07,4.08,4.18,-0.1,-2.3923,204118.72,84245.017
600720.SH,20240105,9.36,9.66,9.31,9.46,9.39,0.07,0.7455,90219.83,85695.353
920305.BJ,20240105,19.26,19.69,17.45,17.58,18.68,-1.1,-5.8887,45963.16,85423.025
003019.SZ,20240105,22.35,22.43,21.67,21.98,22.35,-0.37,-1.6555,43081.69,94895.073
002140.SZ,20240105,8.72,8.79,8.59,8.62,8.7,-0.08,-0.9195,23261.66,20203.193
300046.SZ,20240105,15.51,15.71,15.17,15.26,15.59,-0.33,-2.1167,19847.0,30535.442
600901.SH,20240105,5.15,5.28,5.12,5.19,5.16,0.03,0.5814,459595.37,239632.85
600025.SH,20240105,8.87,8.95,8.82,8.84,8.9,-0.06,-0.6742,247949.75,220391.063
300123.SZ,20240105,7.21,7.22,6.96,6.99,7.25,-0.26,-3.5862,253231.86,179156.945
601168.SH,20240105,14.76,14.97,14.52,14.56,14.77,-0.21,-1.4218,293876.11,433875.119
301362.SZ,20240105,38.85,40.4,38.68,39.2,38.66,0.54,1.3968,21945.71,86945.69
000882.SZ,20240105,1.69,1.7,1.66,1.67,1.69,-0.02,-1.1834,256322.0,43075.684
002274.SZ,20240105,7.99,8.0,7.84,7.88,8.01,-0.13,-1.623,96649.83,76545.721
600854.SH,20240105,5.38,5.42,5.31,5.34,5.41,-0.07,-1.2939,58809.01,31549.329
000949.SZ,20240105,3.32,3.35,3.27,3.29,3.33,-0.04,-1.2012,68316.0,22621.683
000509.SZ,20240105,4.04,4.1,3.96,3.99,4.03,-0.04,-0.9926,107812.0,43411.658
600051.SH,20240105,7.51,7.58,7.37,7.42,7.51,-0.09,-1.1984,28734.0,21473.391
002305.SZ,20240105,2.04,2.06,2.02,2.04,2.04,0.0,0.0,203175.0,41434.785
002597.SZ,20240105,21.58,21.8,21.3,21.39,21.66,-0.27,-1.2465,21633.45,46611.782
002643.SZ,20240105,16.15,16.28,15.82,15.86,16.26,-0.4,-2.46,65254.31,104508.156
300889.SZ,20240105,16.76,16.87,16.31,16.45,16.65,-0.2,-1.2012,23120.0,38210.189
300895.SZ,20240105,32.98,33.07,31.21,31.4,32.49,-1.09,-3.3549,30402.96,97189.402
300107.SZ,20240105,5.29,5.37,5.19,5.21,5.29,-0.08,-1.5123,99131.0,52238.261
300541.SZ,20240105,15.23,15.25,14.79,14.84,15.14,-0.3,-1.9815,65709.13,98476.222
600918.SH,20240105,6.72,6.78,6.67,6.7,6.72,-0.02,-0.2976,162698.42,109460.543
301314.SZ,20240105,43.09,43.8,42.33,42.61,43.14,-0.53,-1.2286,4732.1,20399.431
002626.SZ,20240105,16.28,16.37,15.97,16.0,16.3,-0.3,-1.8405,22238.83,35897.349
300920.SZ,20240105,21.37,21.37,20.74,20.88,21.1,-0.22,-1.0427,14522.33,30477.012
600166.SH,20240105,2.66,2.71,2.63,2.65,2.65,0.0,0.0,902161.28,240989.359
920047.BJ,20240105,17.88,17.9,16.6,17.02,17.88,-0.86,-4.8098,31736.27,54846.376
920130.BJ,20240105,17.19,17.3,16.3,16.48,17.16,-0.68,-3.9627,32908.89,54977.611
001201.SZ,20240105,24.04,24.06,23.41,23.45,24.03,-0.58,-2.4136,9823.1,23251.588
002241.SZ,20240105,19.67,20.55,19.64,19.78,19.67,0.11,0.5592,1432466.66,2880844.175
300491.SZ,20240105,22.0,22.32,21.42,21.55,22.11,-0.56,-2.5328,32941.0,71590.408
002518.SZ,20240105,26.34,26.6,25.12,25.26,26.38,-1.12,-4.2456,151738.62,391183.308
002006.SZ,20240105,14.69,14.91,14.31,14.38,14.76,-0.38,-2.5745,29109.14,42387.192
001317.SZ,20240105,35.16,35.36,34.37,34.55,35.16,-0.61,-1.7349,13652.88,47576.98
002627.SZ,20240105,5.48,5.5,5.31,5.33,5.47,-0.14,-2.5594,109942.73,59235.822
600259.SH,20240105,32.88,33.3,32.41,32.51,32.97,-0.46,-1.3952,28919.07,95065.507
300593.SZ,20240105,13.88,14.03,13.56,13.62,13.91,-0.29,-2.0848,67340.76,92645.039
301023.SZ,20240105,41.49,42.57,40.78,41.01,41.56,-0.55,-1.3234,5530.0,22962.395
002442.SZ,20240105,6.38,6.48,5.89,6.04,6.54,-0.5,-7.6453,740339.31,453898.345
002847.SZ,20240105,68.0,68.79,66.8,67.61,68.0,-0.39,-0.5735,11052.73,74597.558
600793.SH,20240105,11.96,12.15,11.76,11.82,11.98,-0.16,-1.3356,23251.0,27773.979
601218.SH,20240105,4.05,4.08,3.98,4.0,4.06,-0.06,-1.4778,86719.0,34849.678
300403.SZ,20240105,8.38,8.56,8.15,8.22,8.38,-0.16,-1.9093,225545.06,188190.573
000678.SZ,20240105,7.02,7.12,6.84,6.9,7.01,-0.11,-1.5692,292010.04,203875.569
300333.SZ,20240105,7.46,7.52,7.3,7.33,7.48,-0.15,-2.0053,52286.0,38662.847
301363.SZ,20240105,36.29,36.97,35.5,35.75,36.4,-0.65,-1.7857,17680.77,64338.453
300391.SZ,20240105,7.85,7.85,7.6,7.64,7.77,-0.13,-1.6731,31027.25,23928.885
300996.SZ,20240105,22.21,22.3,21.62,21.86,22.15,-0.29,-1.3093,18025.68,39608.939
002449.SZ,20240105,9.04,9.08,8.74,8.81,9.08,-0.27,-2.9736,227556.74,202556.39
300693.SZ,20240105,28.4,28.92,27.35,27.5,28.36,-0.86,-3.0324,115460.4,324850.497
920139.BJ,20240105,14.98,15.15,13.98,14.1,15.12,-1.02,-6.746,46818.22,67304.274
920578.BJ,20240105,21.87,21.9,19.7,19.7,20.92,-1.22,-5.8317,46106.5,96756.85
002258.SZ,20240105,11.92,11.98,11.72,11.75,11.93,-0.18,-1.5088,27306.0,32295.588
301325.SZ,20240105,74.77,76.65,73.91,74.24,75.06,-0.82,-1.0925,9798.84,73709.021
600023.SH,20240105,5.04,5.17,5.01,5.05,5.04,0.01,0.1984,759420.04,387143.77
300577.SZ,20240105,14.71,14.88,14.57,14.62,14.71,-0.09,-0.6118,13657.71,20128.368
300504.SZ,20240105,17.95,17.96,17.31,17.38,17.95,-0.57,-3.1755,22368.0,39416.136
300814.SZ,20240105,32.26,32.31,30.91,31.16,31.88,-0.72,-2.2585,29024.42,91469.103
301141.SZ,20240105,45.01,45.91,44.05,44.13,45.01,-0.88,-1.9551,12140.62,54424.069
300822.SZ,20240105,14.5,14.63,14.11,14.2,14.54,-0.34,-2.3384,29083.75,41573.504
600076.SH,20240105,2.69,2.76,2.68,2.69,2.7,-0.01,-0.3704,90705.0,24670.851
600031.SH,20240105,13.49,13.63,13.32,13.41,13.49,-0.08,-0.593,298888.81,403333.628
002418.SZ,20240105,2.82,2.88,2.77,2.79,2.81,-0.02,-0.7117,159852.0,45189.537
000009.SZ,20240105,11.65,11.97,11.64,11.78,11.64,0.14,1.2027,191617.5,226544.734
601528.SH,20240105,4.98,5.48,4.95,5.46,4.98,0.48,9.6386,1397618.32,751902.159
300289.SZ,20240105,6.33,6.38,6.19,6.22,6.28,-0.06,-0.9554,44997.0,28239.077
002637.SZ,20240105,10.98,11.05,10.82,10.87,10.98,-0.11,-1.0018,13778.0,15025.357
002314.SZ,20240105,2.86,2.9,2.84,2.85,2.86,-0.01,-0.3497,132222.0,37947.145
002973.SZ,20240105,11.24,11.44,11.2,11.27,11.3,-0.03,-0.2655,22795.0,25828.5
300412.SZ,20240105,5.76,5.78,5.61,5.64,5.77,-0.13,-2.253,51751.1,29431.889
301237.SZ,20240105,30.59,30.81,29.6,29.81,30.56,-0.75,-2.4542,5235.53,15795.396
301188.SZ,20240105,17.2,17.5,16.97,17.13,17.16,-0.03,-0.1748,20929.0,36012.709
002986.SZ,20240105,15.84,15.86,15.47,15.52,15.84,-0.32,-2.0202,16147.33,25260.852
002640.SZ,20240105,3.64,3.69,3.55,3.57,3.67,-0.1,-2.7248,528489.0,191259.949
300601.SZ,20240105,25.86,25.96,25.06,25.23,25.94,-0.71,-2.7371,97956.62,249454.052
000014.SZ,20240105,11.36,11.61,11.28,11.36,11.38,-0.02,-0.1757,59793.0,68500.311
600300.SH,20240105,3.16,3.17,3.08,3.09,3.16,-0.07,-2.2152,149365.2,46622.073
600073.SH,20240105,6.82,6.82,6.69,6.7,6.81,-0.11,-1.6153,59337.09,40071.554
300208.SZ,20240105,6.72,6.78,6.56,6.6,6.7,-0.1,-1.4925,41986.86,27942.13
300315.SZ,20240105,5.11,5.2,4.99,5.02,5.13,-0.11,-2.1442,1849498.95,937788.045
002101.SZ,20240105,14.75,14.97,14.45,14.51,14.76,-0.25,-1.6938,51843.0,76097.23
002505.SZ,20240105,1.56,1.57,1.52,1.53,1.56,-0.03,-1.9231,537002.61,82865.372
600266.SH,20240105,4.64,4.74,4.59,4.63,4.64,-0.01,-0.2155,443900.86,206680.254
600609.SH,20240105,4.92,5.0,4.77,4.81,4.92,-0.11,-2.2358,243185.15,118602.21
002599.SZ,20240105,6.93,7.59,6.9,7.36,7.09,0.27,3.8082,669423.79,488159.615
300532.SZ,20240105,15.96,16.06,15.47,15.56,15.97,-0.41,-2.5673,38682.0,60910.423
300276.SZ,20240105,3.91,3.96,3.8,3.82,3.9,-0.08,-2.0513,164430.08,63579.673
000983.SZ,20240105,10.73,10.92,10.67,10.74,10.77,-0.03,-0.2786,508444.24,548187.28
301053.SZ,20240105,27.23,27.46,26.6,26.9,27.29,-0.39,-1.4291,13524.0,36379.727
001331.SZ,20240105,17.61,17.96,17.43,17.6,17.77,-0.17,-0.9567,23646.8,41635.599
300415.SZ,20240105,17.28,17.49,16.88,17.01,17.28,-0.27,-1.5625,36664.35,62847.287
300099.SZ,20240105,6.17,6.23,6.07,6.11,6.17,-0.06,-0.9724,88317.0,54304.297
301279.SZ,20240105,24.59,24.94,24.18,24.24,24.73,-0.49,-1.9814,4378.96,10743.334
001309.SZ,20240105,87.86,88.25,84.4,85.98,88.38,-2.4,-2.7155,14713.4,126817.082
002546.SZ,20240105,5.06,5.08,4.92,4.96,5.06,-0.1,-1.9763,93147.0,46490.701
301092.SZ,20240105,26.98,27.21,26.1,26.15,27.08,-0.93,-3.4343,12946.54,34440.606
000988.SZ,20240105,28.98,28.98,27.69,27.92,29.18,-1.26,-4.318,265783.11,752180.687
000850.SZ,20240105,3.95,3.98,3.87,3.9,3.95,-0.05,-1.2658,79053.0,31017.656
000166.SZ,20240105,4.35,4.45,4.33,4.37,4.34,0.03,0.6912,719905.24,316500.289
300069.SZ,20240105,16.23,16.46,15.75,15.85,16.23,-0.38,-2.3413,14850.0,23830.701
002801.SZ,20240105,21.44,21.74,21.1,21.16,21.45,-0.29,-1.352,5229.4,11176.569
002579.SZ,20240105,8.55,8.6,8.32,8.37,8.56,-0.19,-2.2196,65764.32,55522.155
002295.SZ,20240105,8.29,8.35,8.07,8.12,8.31,-0.19,-2.2864,38816.0,31807.304
002977.SZ,20240105,34.68,34.71,33.21,33.38,34.71,-1.33,-3.8317,13514.72,45762.727
601799.SH,20240105,124.0,125.49,122.2,122.74,123.89,-1.15,-0.9282,7727.25,95843.055
002757.SZ,20240105,15.53,15.58,15.03,15.13,15.57,-0.44,-2.8259,60132.89,91915.92
002366.SZ,20240105,5.44,5.45,5.18,5.19,5.49,-0.3,-5.4645,538148.0,285417.653
300272.SZ,20240105,6.26,6.3,6.18,6.22,6.25,-0.03,-0.48,60719.13,37907.777
301077.SZ,20240105,20.68,20.84,20.23,20.32,20.68,-0.36,-1.7408,5652.0,11554.418
002570.SZ,20240105,3.91,3.93,3.83,3.85,3.91,-0.06,-1.5345,111430.0,43208.271
301127.SZ,20240105,11.2,11.26,11.03,11.06,11.18,-0.12,-1.0733,36009.59,40139.316
601857.SH,20240105,7.39,7.59,7.35,7.49,7.43,0.06,0.8075,1529002.32,1149424.617
300426.SZ,20240105,11.03,11.6,10.89,11.15,11.08,0.07,0.6318,128904.0,144133.169
000586.SZ,20240105,12.66,12.68,12.24,12.32,12.6,-0.28,-2.2222,13900.0,17317.868
002412.SZ,20240105,7.01,7.06,6.84,6.87,7.01,-0.14,-1.9971,62424.0,43325.129
300425.SZ,20240105,4.87,4.9,4.81,4.83,4.87,-0.04,-0.8214,62049.93,30156.082
301106.SZ,20240105,39.9,40.6,38.98,39.53,39.9,-0.37,-0.9273,5596.0,22185.689
601868.SH,20240105,2.09,2.11,2.08,2.09,2.09,0.0,0.0,1349172.09,282685.224
300820.SZ,20240105,55.7,56.35,52.6,53.03,55.35,-2.32,-4.1915,25188.5,136148.026
300815.SZ,20240105,15.25,15.4,15.09,15.16,15.31,-0.15,-0.9798,34970.36,53331.192
002088.SZ,20240105,14.0,14.2,13.76,13.88,14.05,-0.17,-1.21,24154.0,33712.854
000661.SZ,20240105,144.48,144.5,139.45,139.82,145.32,-5.5,-3.7848,41902.28,591987.497
000705.SZ,20240105,10.46,11.42,10.4,10.67,10.46,0.21,2.0076,634747.69,689579.199
002788.SZ,20240105,9.24,9.26,9.05,9.1,9.22,-0.12,-1.3015,34518.83,31558.901
301119.SZ,20240105,25.83,26.38,25.51,25.71,26.35,-0.64,-2.4288,17136.8,44417.43
000716.SZ,20240105,5.95,5.98,5.82,5.84,5.93,-0.09,-1.5177,102252.57,60251.031
600976.SH,20240105,67.17,67.66,65.55,65.76,67.5,-1.74,-2.5778,10604.01,70454.472
000709.SZ,20240105,2.15,2.18,2.14,2.14,2.16,-0.02,-0.9259,494301.41,106862.052
000906.SZ,20240105,7.45,7.59,7.41,7.42,7.44,-0.02,-0.2688,60898.51,45681.972
003001.SZ,20240105,18.64,18.64,18.03,18.28,18.58,-0.3,-1.6146,13953.0,25591.805
300161.SZ,20240105,33.55,33.55,31.95,32.16,33.55,-1.39,-4.1431,35910.03,116698.404
600875.SH,20240105,14.95,14.95,14.3,14.36,14.77,-0.41,-2.7759,148981.52,216537.462
300477.SZ,20240105,3.74,3.79,3.64,3.66,3.72,-0.06,-1.6129,123506.0,45745.768
300726.SZ,20240105,28.21,28.62,27.66,27.81,28.21,-0.4,-1.4179,30110.72,84665.499
000797.SZ,20240105,2.98,3.05,2.98,2.99,2.99,0.0,0.0,255167.2,76926.673
301511.SZ,20240105,23.82,27.13,23.08,27.13,22.61,4.52,19.9912,133740.52,341917.564
920227.BJ,20240105,31.84,32.36,29.11,29.32,32.1,-2.78,-8.6604,12162.68,37014.856
601038.SH,20240105,14.46,14.46,13.96,14.05,14.46,-0.41,-2.8354,59492.4,84396.962
301078.SZ,20240105,8.06,8.12,7.9,7.94,8.09,-0.15,-1.8541,62767.0,50270.646
000811.SZ,20240105,13.84,13.92,13.48,13.53,13.8,-0.27,-1.9565,58848.01,80613.837
000801.SZ,20240105,8.47,8.47,7.98,8.18,7.7,0.48,6.2338,973994.66,810904.026
300863.SZ,20240105,48.71,49.56,47.81,48.06,48.69,-0.63,-1.2939,6447.48,31333.331
300825.SZ,20240105,13.18,13.18,12.64,12.69,13.1,-0.41,-3.1298,73399.86,94194.675
300163.SZ,20240105,3.91,3.94,3.83,3.85,3.9,-0.05,-1.2821,111848.0,43321.753
301397.SZ,20240105,43.62,44.16,42.88,43.19,43.61,-0.42,-0.9631,8250.18,35895.614
002100.SZ,20240105,8.55,8.65,8.43,8.5,8.58,-0.08,-0.9324,217906.22,186033.749
002480.SZ,20240105,5.09,5.11,4.96,5.0,5.09,-0.09,-1.7682,72771.0,36683.881
002739.SZ,20240105,13.23,13.5,13.13,13.24,13.3,-0.06,-0.4511,184619.38,245552.362
600790.SH,20240105,4.07,4.09,4.02,4.04,4.07,-0.03,-0.7371,57643.83,23421.413
000591.SZ,20240105,5.56,5.63,5.5,5.52,5.59,-0.07,-1.2522,246374.6,137211.033
600606.SH,20240105,2.26,2.32,2.26,2.27,2.27,0.0,0.0,376039.56,86128.399
002678.SZ,20240105,5.82,5.82,5.66,5.7,5.82,-0.12,-2.0619,53105.23,30451.469
300065.SZ,20240105,9.86,9.88,9.48,9.52,9.86,-0.34,-3.4483,141930.04,136984.048
000702.SZ,20240105,6.24,6.34,6.12,6.16,6.31,-0.15,-2.3772,58497.98,36375.3
300712.SZ,20240105,25.86,26.07,25.11,25.22,25.85,-0.63,-2.4371,12761.04,32647.614
301038.SZ,20240105,19.21,19.23,18.39,18.56,19.24,-0.68,-3.5343,21536.0,40463.539
601118.SH,20240105,4.23,4.28,4.2,4.22,4.24,-0.02,-0.4717,111422.0,47304.412
000622.SZ,20240105,4.53,4.53,4.37,4.39,4.54,-0.15,-3.304,92303.48,40919.653
600936.SH,20240105,3.66,3.66,3.54,3.56,3.66,-0.1,-2.7322,121432.0,43624.251
300308.SZ,20240105,103.62,104.5,99.2,100.03,104.0,-3.97,-3.8173,175520.9,1773515.105
300849.SZ,20240105,13.42,13.42,13.12,13.2,13.37,-0.17,-1.2715,26488.0,35106.472
002551.SZ,20240105,4.14,4.14,4.02,4.05,4.13,-0.08,-1.937,82515.5,33592.579
300631.SZ,20240105,29.02,29.29,28.38,28.56,29.05,-0.49,-1.6867,6494.0,18681.048
600169.SH,20240105,2.4,2.43,2.37,2.38,2.41,-0.03,-1.2448,142196.96,34111.543
300900.SZ,20240105,24.62,24.89,24.08,24.18,24.72,-0.54,-2.1845,23915.0,58497.477
002291.SZ,20240105,9.08,9.08,8.74,8.76,9.09,-0.33,-3.6304,310520.33,275252.68
001213.SZ,20240105,4.28,4.29,4.22,4.24,4.28,-0.04,-0.9346,158975.0,67667.392
300953.SZ,20240105,53.33,54.36,51.72,51.98,53.27,-1.29,-2.4216,6066.0,32068.501
600725.SH,20240105,3.01,3.14,3.01,3.02,3.06,-0.04,-1.3072,546380.02,166945.11
300906.SZ,20240105,25.35,25.67,24.82,24.96,25.43,-0.47,-1.8482,5312.0,13370.619
601003.SH,20240105,3.22,3.29,3.2,3.24,3.22,0.02,0.6211,116798.63,38105.121
301520.SZ,20240105,56.95,60.48,56.87,58.29,56.08,2.21,3.9408,34603.68,204131.588
002245.SZ,20240105,8.33,8.54,8.24,8.25,8.35,-0.1,-1.1976,97663.96,81787.753
300264.SZ,20240105,8.34,8.53,7.76,7.93,8.3,-0.37,-4.4578,796195.96,643675.214
002119.SZ,20240105,13.07,13.14,12.6,12.69,13.07,-0.38,-2.9074,66454.11,85270.383
300845.SZ,20240105,18.34,18.38,17.87,18.02,18.34,-0.32,-1.7448,15730.8,28497.013
001223.SZ,20240105,59.5,60.45,58.06,58.71,59.5,-0.79,-1.3277,3688.1,21800.708
002644.SZ,20240105,9.83,9.92,9.69,9.73,9.88,-0.15,-1.5182,27387.0,26903.519
300119.SZ,20240105,16.0,16.0,15.66,15.68,15.98,-0.3,-1.8773,23749.12,37596.907
002893.SZ,20240105,11.25,11.43,11.0,11.09,11.26,-0.17,-1.5098,149656.04,167844.614
000982.SZ,20240105,1.45,1.47,1.43,1.43,1.45,-0.02,-1.3793,417556.06,60508.671
300678.SZ,20240105,28.55,28.78,27.69,27.88,28.53,-0.65,-2.2783,59246.5,166962.847
601869.SH,20240105,27.13,27.18,26.6,26.7,27.14,-0.44,-1.6212,12731.96,34295.22
000007.SZ,20240105,4.96,4.97,4.87,4.9,4.9,0.0,0.0,9100.0,4467.906
002065.SZ,20240105,6.1,6.1,5.93,5.95,6.06,-0.11,-1.8152,190668.9,114543.922
002216.SZ,20240105,13.19,13.31,13.07,13.11,13.19,-0.08,-0.6065,27833.69,36680.957
301277.SZ,20240105,20.87,20.9,20.47,20.52,20.88,-0.36,-1.7241,15278.83,31609.411
000066.SZ,20240105,9.85,9.9,9.65,9.72,9.86,-0.14,-1.4199,240000.76,234987.274
000755.SZ,20240105,4.62,4.71,4.59,4.63,4.66,-0.03,-0.6438,79919.35,37271.787
002493.SZ,20240105,10.3,10.49,10.19,10.28,10.29,-0.01,-0.0972,415073.81,429039.144
000096.SZ,20240105,11.67,11.94,11.58,11.66,11.69,-0.03,-0.2566,46246.0,54334.249
002186.SZ,20240105,11.93,12.13,11.72,11.76,11.98,-0.22,-1.8364,47057.0,56115.478
300338.SZ,20240105,4.44,4.48,4.31,4.33,4.45,-0.12,-2.6966,81760.0,35908.354
300115.SZ,20240105,12.13,12.42,11.75,11.84,12.06,-0.22,-1.8242,223582.92,269424.391
600078.SH,20240105,8.38,8.39,8.24,8.26,8.36,-0.1,-1.1962,36951.26,30708.722
300498.SZ,20240105,19.77,20.0,19.64,19.83,19.8,0.03,0.1515,184594.73,365909.873
000803.SZ,20240105,6.08,6.11,5.93,5.96,6.08,-0.12,-1.9737,46128.96,27688.924
002708.SZ,20240105,7.82,8.1,7.69,7.75,7.87,-0.12,-1.5248,149103.0,117463.888
002254.SZ,20240105,14.35,14.46,13.82,13.86,14.43,-0.57,-3.9501,83185.26,116958.892
002299.SZ,20240105,16.88,16.9,16.57,16.64,16.92,-0.28,-1.6548,42140.34,70522.052
600217.SH,20240105,4.6,4.62,4.46,4.48,4.68,-0.2,-4.2735,210366.13,94994.929
002463.SZ,20240105,21.5,21.5,20.43,20.55,21.47,-0.92,-4.285,252433.96,524494.102
920014.BJ,20240105,12.43,12.66,11.53,11.64,12.43,-0.79,-6.3556,35044.81,42657.576
600020.SH,20240105,3.79,3.8,3.75,3.78,3.79,-0.01,-0.2639,105523.17,39836.307
600714.SH,20240105,9.62,9.87,9.56,9.63,9.67,-0.04,-0.4137,28011.0,27156.846
000612.SZ,20240105,5.78,5.82,5.69,5.72,5.78,-0.06,-1.0381,76725.97,44192.804
002064.SZ,20240105,6.75,6.8,6.68,6.72,6.77,-0.05,-0.7386,96539.0,65132.335
600739.SH,20240105,11.63,11.73,11.54,11.6,11.67,-0.07,-0.5998,69746.99,81237.271
002474.SZ,20240105,6.56,6.62,6.43,6.46,6.57,-0.11,-1.6743,59300.0,38608.96
300247.SZ,20240105,3.74,3.83,3.71,3.73,3.74,-0.01,-0.2674,165478.25,62438.718
002391.SZ,20240105,6.38,6.39,6.28,6.31,6.38,-0.07,-1.0972,40800.89,25795.564
002591.SZ,20240105,7.15,7.15,6.88,6.94,7.11,-0.17,-2.391,120305.27,83989.754
920876.BJ,20240105,19.34,19.61,16.96,17.0,19.42,-2.42,-12.4614,75433.42,138039.454
300956.SZ,20240105,18.3,18.81,18.13,18.21,18.29,-0.08,-0.4374,31609.51,58067.938
000590.SZ,20240105,9.35,10.23,9.26,10.23,9.3,0.93,10.0,114609.34,115042.515
301091.SZ,20240105,22.76,22.76,21.65,21.78,22.54,-0.76,-3.3718,42956.07,94586.735
920953.BJ,20240105,19.83,21.88,19.04,19.95,19.99,-0.04,-0.2001,60180.97,123088.623
000407.SZ,20240105,3.8,3.81,3.73,3.73,3.8,-0.07,-1.8421,97503.0,36807.527
300348.SZ,20240105,10.02,10.07,9.76,9.81,10.04,-0.23,-2.2908,64151.5,63552.755
300240.SZ,20240105,6.82,6.82,6.63,6.67,6.82,-0.15,-2.1994,46985.0,31519.322
600071.SH,20240105,22.71,22.89,21.83,22.01,23.15,-1.14,-4.9244,130039.89,290617.985
300824.SZ,20240105,9.07,9.24,9.06,9.1,9.08,0.02,0.2203,22649.81,20760.805
300916.SZ,20240105,24.97,25.3,24.36,24.55,24.97,-0.42,-1.682,9619.5,23763.035
002007.SZ,20240105,21.68,21.72,21.21,21.28,21.71,-0.43,-1.9807,80514.87,172720.239
001872.SZ,20240105,15.95,16.17,15.87,16.01,15.92,0.09,0.5653,32618.36,52270.96
002107.SZ,20240105,6.35,6.37,6.21,6.24,6.34,-0.1,-1.5773,49894.8,31429.402
002806.SZ,20240105,13.34,13.58,13.02,13.12,13.41,-0.29,-2.1626,68825.0,91233.127
600223.SH,20240105,9.27,9.38,9.16,9.28,9.35,-0.07,-0.7487,51148.57,47372.17
300732.SZ,20240105,9.2,9.2,9.01,9.03,9.14,-0.11,-1.2035,20975.3,19084.736
301333.SZ,20240105,61.87,62.25,59.85,60.13,61.99,-1.86,-3.0005,5622.0,34133.847
600895.SH,20240105,19.02,19.08,18.4,18.52,19.14,-0.62,-3.2393,338797.53,634244.804
002502.SZ,20240105,2.57,2.57,2.42,2.43,2.5,-0.07,-2.8,197939.0,49292.746
601006.SH,20240105,7.36,7.41,7.34,7.37,7.38,-0.01,-0.1355,1396097.81,1030845.511
301123.SZ,20240105,22.44,22.91,21.86,22.0,22.47,-0.47,-2.0917,14582.77,32532.024
600929.SH,20240105,6.5,6.54,6.4,6.43,6.52,-0.09,-1.3804,53198.0,34367.865
300497.SZ,20240105,9.26,9.26,9.03,9.09,9.23,-0.14,-1.5168,52124.35,47650.556
002752.SZ,20240105,5.15,5.19,5.07,5.11,5.16,-0.05,-0.969,60245.0,30883.456
300725.SZ,20240105,37.86,38.16,36.97,37.11,37.88,-0.77,-2.0327,21154.48,79458.53
301151.SZ,20240105,19.11,19.29,18.72,18.87,19.23,-0.36,-1.8721,31709.79,59974.351
301419.SZ,20240105,36.08,36.2,34.8,34.95,36.09,-1.14,-3.1588,10224.42,36257.854
920926.BJ,20240105,21.85,22.39,20.48,20.48,22.4,-1.92,-8.5714,16985.56,36067.415
920792.BJ,20240105,9.28,9.42,8.34,8.5,8.95,-0.45,-5.0279,51262.2,45623.39
600616.SH,20240105,6.23,6.27,6.1,6.13,6.24,-0.11,-1.7628,39219.2,24204.83
000631.SZ,20240105,3.33,3.36,3.26,3.29,3.32,-0.03,-0.9036,176052.0,58466.235
301206.SZ,20240105,28.34,28.43,27.85,27.93,28.34,-0.41,-1.4467,5585.95,15729.764
002998.SZ,20240105,8.25,8.27,8.05,8.09,8.22,-0.13,-1.5815,40559.66,33120.894
600135.SH,20240105,7.92,8.0,7.74,7.79,7.93,-0.14,-1.7654,60248.0,47383.442
000822.SZ,20240105,6.87,6.9,6.79,6.8,6.87,-0.07,-1.0189,59644.0,40817.417
300363.SZ,20240105,24.2,24.25,23.5,23.62,24.15,-0.53,-2.1946,52384.89,124750.905
601019.SH,20240105,9.67,9.77,9.5,9.57,9.65,-0.08,-0.829,81954.67,78915.159
301203.SZ,20240105,38.8,38.98,37.82,38.11,38.84,-0.73,-1.8795,4969.16,19074.546
601777.SH,20240105,3.43,3.47,3.36,3.38,3.43,-0.05,-1.4577,162460.3,55426.389
300379.SZ,20240105,18.65,18.65,17.83,18.04,18.55,-0.51,-2.7493,108245.46,197514.723
000029.SZ,20240105,11.57,11.59,11.32,11.38,11.5,-0.12,-1.0435,23524.51,26936.07
600874.SH,20240105,5.63,5.67,5.6,5.62,5.64,-0.02,-0.3546,60299.76,34014.769
002880.SZ,20240105,34.3,34.38,33.41,33.49,34.09,-0.6,-1.76,8412.97,28459.492
000656.SZ,20240105,1.79,1.82,1.75,1.82,1.79,0.03,1.676,2837727.8,507269.932
002610.SZ,20240105,2.09,2.11,2.04,2.05,2.1,-0.05,-2.381,743953.0,154167.35
300057.SZ,20240105,6.05,6.14,5.93,5.96,6.03,-0.07,-1.1609,64305.43,38824.842
300124.SZ,20240105,60.0,60.9,59.59,60.0,60.45,-0.45,-0.7444,78643.73,472482.179
300795.SZ,20240105,37.34,37.57,36.6,36.64,37.34,-0.7,-1.8747,6008.5,22248.815
300907.SZ,20240105,22.75,22.75,22.16,22.25,22.45,-0.2,-0.8909,7583.0,16963.717
300328.SZ,20240105,6.79,6.88,6.65,6.7,6.78,-0.08,-1.1799,56254.39,37957.353
000756.SZ,20240105,20.17,20.18,19.55,19.66,20.17,-0.51,-2.5285,99266.9,196888.732
000099.SZ,20240105,8.58,8.67,8.35,8.41,8.6,-0.19,-2.2093,154691.87,131466.471
300294.SZ,20240105,33.21,33.39,32.2,32.33,33.21,-0.88,-2.6498,40113.06,131412.019
300676.SZ,20240105,46.8,47.05,45.72,45.87,46.81,-0.94,-2.0081,19527.21,90374.401
600740.SH,20240105,5.25,5.25,5.15,5.17,5.24,-0.07,-1.3359,197045.75,102609.579
600997.SH,20240105,8.03,8.25,7.99,8.05,8.03,0.02,0.2491,159866.03,129572.824
002548.SZ,20240105,5.48,5.48,5.25,5.27,5.47,-0.2,-3.6563,186067.0,99384.746
002789.SZ,20240105,14.14,14.21,13.85,13.93,14.09,-0.16,-1.1356,13171.2,18454.197
300774.SZ,20240105,10.36,10.55,10.19,10.24,10.35,-0.11,-1.0628,21463.5,22237.609
600708.SH,20240105,2.14,2.18,2.12,2.14,2.14,0.0,0.0,214583.43,46181.468
002460.SZ,20240105,41.52,43.66,40.35,41.98,40.72,1.26,3.0943,502631.29,2137063.705
300150.SZ,20240105,4.91,4.93,4.77,4.8,4.9,-0.1,-2.0408,49026.18,23733.807
000973.SZ,20240105,5.05,5.09,4.93,4.97,5.05,-0.08,-1.5842,175678.41,88033.852
002777.SZ,20240105,24.5,24.7,23.42,23.54,24.0,-0.46,-1.9167,67807.4,161636.108
002050.SZ,20240105,27.14,27.88,26.82,27.0,27.05,-0.05,-0.1848,284874.38,777596.283
300052.SZ,20240105,17.01,17.01,16.55,16.6,17.02,-0.42,-2.4677,50264.39,84128.652
600869.SH,20240105,4.38,4.41,4.26,4.28,4.37,-0.09,-2.0595,106070.0,45835.19
300084.SZ,20240105,7.66,7.74,7.48,7.5,7.69,-0.19,-2.4707,52836.0,40048.258
600699.SH,20240105,17.05,17.16,16.51,16.66,17.0,-0.34,-2.0,185078.82,311994.175
300054.SZ,20240105,22.44,22.44,21.67,21.82,22.44,-0.62,-2.7629,61457.59,134930.383
002775.SZ,20240105,4.1,4.18,4.07,4.08,4.12,-0.04,-0.9709,54934.44,22648.486
600173.SH,20240105,4.85,4.93,4.82,4.83,4.85,-0.02,-0.4124,47425.0,23142.326
301027.SZ,20240105,12.71,12.78,12.39,12.48,12.71,-0.23,-1.8096,16384.62,20575.142
300799.SZ,20240105,31.75,33.05,30.23,31.3,31.44,-0.14,-0.4453,73718.22,233993.164
301061.SZ,20240105,52.58,55.0,51.67,54.99,52.24,2.75,5.2642,15944.79,85993.583
301329.SZ,20240105,21.8,23.66,21.8,23.03,21.66,1.37,6.325,111450.84,255854.178
301108.SZ,20240105,35.4,35.55,34.74,34.82,35.4,-0.58,-1.6384,2162.0,7588.903
300329.SZ,20240105,7.58,7.62,7.46,7.49,7.55,-0.06,-0.7947,39456.8,29742.92
920720.BJ,20240105,15.59,15.66,14.23,14.45,15.5,-1.05,-6.7742,81398.21,119956.564
000518.SZ,20240105,3.33,3.34,3.22,3.24,3.35,-0.11,-3.2836,412297.79,135154.096
601616.SH,20240105,3.58,3.6,3.5,3.51,3.58,-0.07,-1.9553,146423.94,51864.585
300659.SZ,20240105,21.77,22.67,21.49,22.17,21.77,0.4,1.8374,67329.5,148283.788
002339.SZ,20240105,7.31,7.38,7.15,7.17,7.35,-0.18,-2.449,67833.5,49210.108
300966.SZ,20240105,23.17,23.34,22.6,22.76,23.22,-0.46,-1.9811,9997.09,23002.012
601020.SH,20240105,10.01,10.14,9.76,9.85,10.03,-0.18,-1.7946,172432.76,171223.619
300981.SZ,20240105,16.04,16.19,15.6,15.74,16.18,-0.44,-2.7194,28279.85,44807.653
002605.SZ,20240105,22.32,22.38,21.53,21.69,22.52,-0.83,-3.6856,113965.37,249375.947
301097.SZ,20240105,51.68,52.4,49.23,50.41,51.38,-0.97,-1.8879,4426.81,22402.2
001239.SZ,20240105,22.3,23.18,21.6,22.43,22.53,-0.1,-0.4439,171206.03,383750.254
002807.SZ,20240105,3.6,3.68,3.59,3.64,3.6,0.04,1.1111,417471.6,152295.466
002124.SZ,20240105,3.56,3.56,3.44,3.46,3.56,-0.1,-2.809,270693.2,94552.473
300471.SZ,20240105,13.47,13.63,13.08,13.13,13.49,-0.36,-2.6686,41909.56,55929.062
300942.SZ,20240105,11.7,11.81,11.38,11.46,11.67,-0.21,-1.7995,15488.13,17880.171
002223.SZ,20240105,35.23,35.45,34.66,34.83,35.36,-0.53,-1.4989,54520.28,190905.092
002182.SZ,20240105,19.21,19.21,18.46,18.55,19.15,-0.6,-3.1332,85649.08,160570.918
300860.SZ,20240105,54.25,54.52,52.42,52.71,53.96,-1.25,-2.3165,9275.72,49540.683
002116.SZ,20240105,10.56,10.59,10.35,10.4,10.55,-0.15,-1.4218,23035.0,24101.557
002969.SZ,20240105,4.22,4.25,4.17,4.18,4.21,-0.03,-0.7126,102776.92,43217.843
600010.SH,20240105,1.44,1.46,1.43,1.43,1.44,-0.01,-0.6944,1922311.65,277478.606
920110.BJ,20240105,23.14,23.27,20.92,21.36,22.85,-1.49,-6.5208,6954.78,15218.304
000729.SZ,20240105,8.45,8.58,8.39,8.48,8.46,0.02,0.2364,178774.49,152087.144
002153.SZ,20240105,9.38,9.38,9.08,9.14,9.35,-0.21,-2.246,89988.63,82792.06
300679.SZ,20240105,38.68,39.27,38.06,38.37,38.86,-0.49,-1.2609,24312.45,93966.663
300717.SZ,20240105,17.35,17.51,16.96,16.97,17.35,-0.38,-2.1902,9123.6,15665.839
000581.SZ,20240105,15.26,15.68,15.2,15.4,15.22,0.18,1.1827,119052.96,184541.769
300243.SZ,20240105,10.09,10.09,9.85,9.91,10.04,-0.13,-1.2948,22388.0,22333.299
300637.SZ,20240105,9.97,9.99,9.31,9.38,10.0,-0.62,-6.2,165159.5,158226.077
003018.SZ,20240105,10.87,11.0,10.79,10.93,10.89,0.04,0.3673,34151.0,37199.787
002114.SZ,20240105,7.6,7.64,7.4,7.46,7.61,-0.15,-1.9711,88007.0,66102.855
300759.SZ,20240105,27.56,28.02,27.16,27.35,27.57,-0.22,-0.798,129008.24,355528.468
300263.SZ,20240105,6.93,6.99,6.77,6.81,6.95,-0.14,-2.0144,52337.0,35968.561
300424.SZ,20240105,13.21,13.32,12.89,12.94,13.24,-0.3,-2.2659,23093.39,30247.057
003013.SZ,20240105,16.77,17.53,16.77,17.35,16.76,0.59,3.5203,66778.44,115360.404
002195.SZ,20240105,2.98,2.99,2.81,2.89,2.98,-0.09,-3.0201,1164958.46,340816.051
301198.SZ,20240105,12.17,12.27,12.0,12.04,12.2,-0.16,-1.3115,19847.38,24092.248
600110.SH,20240105,5.46,5.56,5.35,5.37,5.46,-0.09,-1.6484,98077.2,53459.835
002702.SZ,20240105,6.12,6.14,5.8,5.84,6.12,-0.28,-4.5752,170789.0,101491.75
000423.SZ,20240105,51.5,52.08,49.5,49.98,51.41,-1.43,-2.7816,83178.31,420133.918
300711.SZ,20240105,13.32,13.35,12.91,12.97,13.31,-0.34,-2.5545,17689.6,23234.917
002584.SZ,20240105,9.65,10.38,9.12,9.42,10.01,-0.59,-5.8941,1174146.43,1160314.655
300760.SZ,20240105,286.74,288.86,282.5,283.69,285.81,-2.12,-0.7418,32231.27,918897.781
002688.SZ,20240105,4.9,4.92,4.82,4.84,4.91,-0.07,-1.4257,52244.0,25439.756
920957.BJ,20240105,9.91,10.06,9.13,9.42,9.98,-0.56,-5.6112,15654.17,14859.008
300032.SZ,20240105,5.95,6.05,5.68,5.73,5.95,-0.22,-3.6975,197464.2,115475.016
600179.SH,20240105,2.51,2.52,2.48,2.49,2.51,-0.02,-0.7968,184053.0,45996.242
002962.SZ,20240105,19.45,20.24,18.93,19.21,20.02,-0.81,-4.046,512293.76,997614.887
920245.BJ,20240105,14.8,15.23,13.56,14.0,14.8,-0.8,-5.4054,7942.27,11368.621
000967.SZ,20240105,4.93,4.95,4.85,4.87,4.91,-0.04,-0.8147,87963.35,43114.736
600816.SH,20240105,2.81,2.83,2.76,2.78,2.81,-0.03,-1.0676,177809.2,49749.736
601828.SH,20240105,3.88,3.9,3.83,3.85,3.87,-0.02,-0.5168,95998.1,37165.272
920433.BJ,20240105,6.65,7.1,6.56,6.73,6.73,0.0,0.0,171427.56,116591.395
300909.SZ,20240105,29.27,30.34,28.89,29.29,29.12,0.17,0.5838,38473.68,114015.473
600704.SH,20240105,4.4,4.45,4.39,4.4,4.4,0.0,0.0,311138.47,137420.852
301261.SZ,20240105,50.4,52.91,50.4,51.98,50.95,1.03,2.0216,36077.39,186733.058
002390.SZ,20240105,4.53,4.55,4.45,4.46,4.54,-0.08,-1.7621,145469.0,65401.554
002828.SZ,20240105,10.78,10.83,10.36,10.48,10.86,-0.38,-3.4991,124334.7,132107.302
002264.SZ,20240105,5.68,5.68,5.5,5.54,5.66,-0.12,-2.1201,48324.0,26966.952
301468.SZ,20240105,30.31,30.69,30.06,30.22,30.33,-0.11,-0.3627,6778.79,20633.793
301510.SZ,20240105,34.41,35.11,33.91,34.2,34.36,-0.16,-0.4657,16947.61,58587.531
600759.SH,20240105,2.49,2.5,2.45,2.47,2.49,-0.02,-0.8032,96109.01,23845.306
301196.SZ,20240105,34.55,34.71,33.87,34.04,34.54,-0.5,-1.4476,3853.0,13208.509
300610.SZ,20240105,11.36,11.52,11.17,11.2,11.39,-0.19,-1.6681,29080.0,32984.9
002128.SZ,20240105,15.02,15.14,14.86,14.9,14.99,-0.09,-0.6004,146177.0,219398.653
002188.SZ,20240105,6.73,6.73,6.55,6.56,6.73,-0.17,-2.526,45923.0,30482.348
600908.SH,20240105,4.97,5.1,4.93,5.05,4.97,0.08,1.6097,296764.78,149890.279
600635.SH,20240105,3.01,3.03,2.98,2.99,3.01,-0.02,-0.6645,127878.3,38498.068
920735.BJ,20240105,33.67,34.66,32.98,33.13,33.67,-0.54,-1.6038,8272.73,27760.014
301311.SZ,20240105,24.1,24.49,23.4,23.84,24.19,-0.35,-1.4469,61573.67,147274.398
920533.BJ,20240105,21.31,21.52,19.3,19.91,21.32,-1.41,-6.6135,21959.78,44795.423
300506.SZ,20240105,4.78,4.89,4.67,4.69,4.79,-0.1,-2.0877,53188.05,25306.43
300614.SZ,20240105,19.22,19.48,18.85,19.01,19.43,-0.42,-2.1616,25573.0,48849.529
000078.SZ,20240105,3.46,3.47,3.27,3.29,3.51,-0.22,-6.2678,1241603.01,414327.919
600094.SH,20240105,2.98,3.01,2.97,2.99,2.99,0.0,0.0,131314.27,39246.223
920174.BJ,20240105,22.99,23.9,21.48,22.34,22.75,-0.41,-1.8022,51753.34,115971.465
300856.SZ,20240105,64.66,67.17,64.21,65.93,64.95,0.98,1.5089,27120.99,177707.283
300422.SZ,20240105,6.23,6.23,6.08,6.12,6.21,-0.09,-1.4493,30325.32,18654.978
300033.SZ,20240105,152.83,153.87,148.38,148.9,152.8,-3.9,-2.5524,42749.54,645477.368
301105.SZ,20240105,37.77,38.12,37.3,37.45,37.8,-0.35,-0.9259,2223.0,8360.941
300846.SZ,20240105,14.37,14.37,13.65,13.75,14.45,-0.7,-4.8443,200403.0,280139.967
300945.SZ,20240105,13.84,13.97,13.52,13.57,13.82,-0.25,-1.809,19891.59,27309.56
601698.SH,20240105,16.65,16.73,16.0,16.14,16.66,-0.52,-3.1212,172137.6,280975.878
301095.SZ,20240105,67.93,69.22,67.13,67.26,67.39,-0.13,-0.1929,14243.06,96747.701
300140.SZ,20240105,7.49,7.58,7.36,7.39,7.52,-0.13,-1.7287,39314.0,29355.387
002575.SZ,20240105,5.69,6.24,5.61,6.11,5.67,0.44,7.7601,331268.0,195984.171
600125.SH,20240105,6.3,6.32,6.14,6.17,6.32,-0.15,-2.3734,167249.2,104137.693
600234.SH,20240105,8.35,8.37,7.64,7.68,8.39,-0.71,-8.4625,119330.13,94317.864
002167.SZ,20240105,6.83,7.03,6.51,6.61,6.39,0.22,3.4429,1055828.39,726160.981
300831.SZ,20240105,12.05,12.17,11.7,11.76,12.08,-0.32,-2.649,20750.0,24723.908
000953.SZ,20240105,5.88,5.9,5.68,5.74,5.89,-0.15,-2.5467,369787.16,212540.386
001965.SZ,20240105,10.06,10.08,9.96,9.99,10.1,-0.11,-1.0891,177771.75,178227.541
601229.SH,20240105,6.07,6.16,6.05,6.1,6.06,0.04,0.6601,453288.45,277315.247
600838.SH,20240105,7.91,7.92,7.58,7.62,7.9,-0.28,-3.5443,107658.19,83155.332
300249.SZ,20240105,8.67,8.68,8.28,8.38,8.64,-0.26,-3.0093,70520.25,59694.594
601811.SH,20240105,13.81,13.99,13.61,13.73,13.91,-0.18,-1.294,28068.0,38683.247
920781.BJ,20240105,7.2,7.29,6.41,6.51,7.18,-0.67,-9.3315,89574.84,60935.309
301055.SZ,20240105,14.64,14.84,14.49,14.55,14.69,-0.14,-0.953,9410.0,13762.699
002133.SZ,20240105,3.6,3.69,3.58,3.6,3.6,0.0,0.0,148851.1,54068.494
301456.SZ,20240105,29.93,31.82,29.93,30.95,30.03,0.92,3.0636,27259.44,84774.996
000421.SZ,20240105,6.64,6.74,6.5,6.54,6.71,-0.17,-2.5335,222699.62,146748.806
301052.SZ,20240105,45.05,45.4,43.11,43.53,45.91,-2.38,-5.1841,44104.91,193949.599
300223.SZ,20240105,60.28,60.88,59.05,59.63,60.37,-0.74,-1.2258,40309.89,242447.045
300260.SZ,20240105,28.11,28.19,26.86,27.04,27.95,-0.91,-3.2558,48129.31,131753.419
600151.SH,20240105,6.62,6.68,6.39,6.45,6.67,-0.22,-3.2984,115223.02,74979.264
301199.SZ,20240105,25.59,26.09,25.04,25.12,25.59,-0.47,-1.8367,10153.0,25838.131
002722.SZ,20240105,15.6,15.67,15.28,15.36,15.6,-0.24,-1.5385,24012.72,37112.665
300233.SZ,20240105,16.5,16.67,16.18,16.24,16.5,-0.26,-1.5758,22618.04,37068.787
600620.SH,20240105,9.38,9.47,9.18,9.23,9.35,-0.12,-1.2834,21557.66,20055.202
000669.SZ,20240105,2.28,2.31,2.21,2.23,2.28,-0.05,-2.193,180816.0,40719.191
002692.SZ,20240105,4.91,5.02,4.75,4.8,5.06,-0.26,-5.1383,307181.48,149423.036
300473.SZ,20240105,19.09,20.22,18.57,18.6,17.9,0.7,3.9106,191225.0,370250.319
601336.SH,20240105,30.71,31.55,30.68,30.88,30.95,-0.07,-0.2262,121010.6,376442.709
000915.SZ,20240105,30.15,30.67,29.6,29.73,30.22,-0.49,-1.6214,27085.53,81683.429
001332.SZ,20240105,36.85,37.1,34.8,35.13,37.5,-2.37,-6.32,47499.6,169827.635
600980.SH,20240105,17.52,17.64,17.07,17.17,17.43,-0.26,-1.4917,47979.0,82930.125
300383.SZ,20240105,9.6,9.64,9.3,9.35,9.59,-0.24,-2.5026,126982.73,120064.844
003041.SZ,20240105,16.99,17.27,16.79,16.89,17.08,-0.19,-1.1124,14050.91,23927.085
002508.SZ,20240105,21.3,21.84,21.18,21.48,21.3,0.18,0.8451,85363.94,184692.201
300005.SZ,20240105,6.53,6.77,6.3,6.33,6.67,-0.34,-5.0975,313159.0,203898.711
300177.SZ,20240105,6.99,7.01,6.78,6.82,6.97,-0.15,-2.1521,93303.0,64270.487
601588.SH,20240105,1.9,1.92,1.88,1.9,1.9,0.0,0.0,222031.0,42249.255
000429.SZ,20240105,8.85,8.92,8.77,8.82,8.84,-0.02,-0.2262,102159.31,90311.546
000968.SZ,20240105,7.22,7.24,7.08,7.1,7.22,-0.12,-1.662,73914.48,52965.375
002622.SZ,20240105,3.37,3.39,3.33,3.34,3.38,-0.04,-1.1834,96573.02,32414.646
002230.SZ,20240105,41.87,41.91,40.65,40.94,41.7,-0.76,-1.8225,367019.74,1515018.364
001259.SZ,20240105,30.12,30.67,29.87,30.2,30.14,0.06,0.1991,30488.19,92297.691
300986.SZ,20240105,12.47,12.64,12.18,12.22,12.37,-0.15,-1.2126,27354.69,33824.204
600671.SH,20240105,11.13,11.27,10.85,11.09,11.19,-0.1,-0.8937,12258.0,13521.837
000799.SZ,20240105,69.01,69.98,66.82,67.2,69.28,-2.08,-3.0023,60546.67,412812.476
600777.SH,20240105,3.06,3.11,3.01,3.02,3.05,-0.03,-0.9836,1156258.97,353137.967
300120.SZ,20240105,7.17,7.25,7.02,7.07,7.18,-0.11,-1.532,43240.0,30768.059
301337.SZ,20240105,41.61,46.97,40.72,46.97,39.14,7.83,20.0051,154984.63,671316.851
600885.SH,20240105,25.39,26.03,25.2,25.46,25.9,-0.44,-1.6988,47496.01,121603.036
300902.SZ,20240105,33.83,33.83,32.0,32.24,33.17,-0.93,-2.8037,16017.0,52185.636
002191.SZ,20240105,5.39,5.46,5.32,5.34,5.41,-0.07,-1.2939,79207.4,42661.246
300015.SZ,20240105,14.65,14.78,14.37,14.43,14.78,-0.35,-2.3681,617506.56,897759.598
301238.SZ,20240105,18.18,20.33,17.87,19.19,17.17,2.02,11.7647,273848.77,524169.363
920212.BJ,20240105,11.85,11.98,10.8,11.12,12.07,-0.95,-7.8708,62720.73,70895.214
300116.SZ,20240105,1.43,1.45,1.41,1.41,1.43,-0.02,-1.3986,417709.25,59583.151
000520.SZ,20240105,2.83,2.83,2.74,2.75,2.84,-0.09,-3.169,193725.76,53875.718
002137.SZ,20240105,7.0,7.03,6.77,6.81,6.97,-0.16,-2.2956,174160.0,119783.644
300375.SZ,20240105,5.04,5.14,4.95,4.99,5.07,-0.08,-1.5779,221050.67,111489.724
600109.SH,20240105,8.89,8.99,8.81,8.84,8.9,-0.06,-0.6742,173112.58,154087.974
601375.SH,20240105,3.77,3.79,3.72,3.73,3.77,-0.04,-1.061,203878.4,76655.922
300881.SZ,20240105,25.88,25.9,25.05,25.22,25.9,-0.68,-2.6255,10748.42,27326.67
000708.SZ,20240105,14.25,14.39,14.09,14.17,14.32,-0.15,-1.0475,66808.0,95082.878
300705.SZ,20240105,32.94,33.0,32.01,32.1,32.93,-0.83,-2.5205,19011.4,61694.887
601801.SH,20240105,7.18,7.19,7.03,7.08,7.21,-0.13,-1.8031,149765.0,106419.561
600190.SH,20240105,2.88,2.93,2.87,2.87,2.89,-0.02,-0.692,148274.4,42986.083
002811.SZ,20240105,9.89,9.96,9.72,9.77,9.9,-0.13,-1.3131,21264.5,20941.788
002468.SZ,20240105,7.64,7.7,7.51,7.57,7.67,-0.1,-1.3038,72967.79,55541.564
920680.BJ,20240105,26.71,28.35,24.22,24.47,24.88,-0.41,-1.6479,79136.55,209390.193
300917.SZ,20240105,24.81,25.56,24.7,25.07,24.9,0.17,0.6827,40104.96,101249.159
300401.SZ,20240105,11.41,11.46,11.23,11.26,11.44,-0.18,-1.5734,52621.95,59648.145
000875.SZ,20240105,4.36,4.41,4.3,4.32,4.37,-0.05,-1.1442,225756.31,98535.678
002343.SZ,20240105,6.61,6.61,6.38,6.45,6.6,-0.15,-2.2727,154719.0,100390.93
300474.SZ,20240105,69.35,70.42,67.91,68.08,69.96,-1.88,-2.6872,41859.47,288576.949
300723.SZ,20240105,29.53,29.77,28.58,28.79,29.52,-0.73,-2.4729,22078.07,63821.396
300004.SZ,20240105,6.33,6.38,6.21,6.23,6.33,-0.1,-1.5798,57652.0,36254.805
002589.SZ,20240105,3.27,3.28,3.2,3.21,3.27,-0.06,-1.8349,150080.0,48582.161
300071.SZ,20240105,3.44,3.45,3.31,3.33,3.43,-0.1,-2.9155,125912.0,42393.455
920207.BJ,20240105,14.6,14.9,13.36,13.69,14.11,-0.42,-2.9766,66834.69,94095.943
600729.SH,20240105,27.94,28.06,27.5,27.66,27.94,-0.28,-1.0021,12456.89,34604.136
001287.SZ,20240105,20.19,20.4,19.86,19.96,20.25,-0.29,-1.4321,31178.6,62780.007
002031.SZ,20240105,4.08,4.11,3.9,3.94,4.05,-0.11,-2.716,1442049.38,575543.388
002211.SZ,20240105,4.14,4.15,4.02,4.05,4.11,-0.06,-1.4599,59757.1,24365.133
600099.SH,20240105,10.18,10.34,9.91,9.98,10.18,-0.2,-1.9646,44997.01,45428.66
002448.SZ,20240105,6.63,6.69,6.51,6.57,6.63,-0.06,-0.905,115044.73,75989.492
600177.SH,20240105,6.56,6.73,6.55,6.65,6.58,0.07,1.0638,172396.91,114779.985
600097.SH,20240105,10.84,10.92,10.62,10.67,10.85,-0.18,-1.659,24255.0,26090.858
301331.SZ,20240105,41.47,41.69,40.27,40.63,41.46,-0.83,-2.0019,4652.0,19050.146
001306.SZ,20240105,90.8,90.98,85.49,86.63,87.19,-0.56,-0.6423,13370.01,117730.983
301386.SZ,20240105,25.45,25.56,24.69,24.87,25.28,-0.41,-1.6218,12920.78,32424.759
002675.SZ,20240105,18.37,18.43,17.6,17.72,18.42,-0.7,-3.8002,74590.0,133217.8
300993.SZ,20240105,11.19,11.26,11.01,11.08,11.18,-0.1,-0.8945,32320.0,36017.863
002433.SZ,20240105,2.59,2.63,2.52,2.52,2.65,-0.13,-4.9057,233556.96,59973.475
001231.SZ,20240105,21.5,21.77,21.23,21.34,21.59,-0.25,-1.1579,7249.12,15581.935
300207.SZ,20240105,14.15,14.47,13.83,13.92,14.07,-0.15,-1.0661,262574.35,371500.914
300602.SZ,20240105,17.03,17.15,16.51,16.66,16.98,-0.32,-1.8846,64887.51,108859.365
301128.SZ,20240105,42.7,43.68,41.89,42.22,42.89,-0.67,-1.5621,12295.0,52493.665
300931.SZ,20240105,8.52,8.6,8.38,8.42,8.52,-0.1,-1.1737,28499.42,24139.819
300588.SZ,20240105,12.54,12.57,12.02,12.11,12.48,-0.37,-2.9647,55880.51,68198.565
600906.SH,20240105,7.37,7.42,7.29,7.32,7.37,-0.05,-0.6784,150447.0,110747.407
300761.SZ,20240105,19.78,20.0,19.45,19.62,19.89,-0.27,-1.3575,25957.21,51064.642
920819.BJ,20240105,4.66,4.71,4.48,4.51,4.69,-0.18,-3.838,106313.82,48625.983
920273.BJ,20240105,16.33,16.67,15.45,15.8,16.41,-0.61,-3.7172,12044.82,19389.821
301065.SZ,20240105,23.36,23.41,22.7,22.8,23.33,-0.53,-2.2718,10138.05,23295.379
920982.BJ,20240105,254.5,254.51,237.0,241.21,254.54,-13.33,-5.2369,3705.29,90575.674
300351.SZ,20240105,20.8,21.57,20.4,20.95,20.7,0.25,1.2077,306891.61,648153.009
600803.SH,20240105,16.88,17.25,16.88,17.07,16.98,0.09,0.53,87880.01,150181.056
300641.SZ,20240105,5.74,5.82,5.66,5.7,5.76,-0.06,-1.0417,31719.7,18202.022
002266.SZ,20240105,3.46,3.48,3.41,3.43,3.48,-0.05,-1.4368,152652.7,52556.036
000852.SZ,20240105,6.77,6.82,6.46,6.51,6.5,0.01,0.1538,298715.21,198523.452
300295.SZ,20240105,12.42,12.42,12.0,12.07,12.33,-0.26,-2.1087,48655.0,59333.558
600193.SH,20240105,5.27,5.37,5.23,5.27,5.27,0.0,0.0,73850.07,39188.296
002315.SZ,20240105,32.1,32.14,30.93,31.07,32.14,-1.07,-3.3292,41649.0,131235.891
600008.SH,20240105,2.75,2.78,2.73,2.75,2.75,0.0,0.0,532480.49,146828.331
002513.SZ,20240105,6.74,6.75,6.45,6.5,6.74,-0.24,-3.5608,53100.0,34934.359
300154.SZ,20240105,7.44,7.5,7.29,7.34,7.47,-0.13,-1.7403,32044.0,23657.336
920427.BJ,20240105,10.47,10.66,9.75,10.56,10.35,0.21,2.029,33050.36,33748.216
301526.SZ,20240105,5.44,5.96,5.4,5.66,5.33,0.33,6.1914,2495608.07,1423018.789
600015.SH,20240105,5.8,5.98,5.78,5.9,5.8,0.1,1.7241,597221.61,352315.745
301323.SZ,20240105,37.14,37.28,36.26,36.44,36.84,-0.4,-1.0858,7282.14,26746.342
300006.SZ,20240105,3.76,3.78,3.67,3.69,3.77,-0.08,-2.122,103050.04,38469.532
300531.SZ,20240105,15.76,16.28,15.43,16.14,15.9,0.24,1.5094,204741.5,326601.217
001215.SZ,20240105,49.81,49.88,47.66,47.9,49.89,-1.99,-3.9888,11622.0,56322.999
002787.SZ,20240105,9.19,9.26,8.88,8.95,9.16,-0.21,-2.2926,52759.36,47935.727
002218.SZ,20240105,4.48,4.51,4.33,4.37,4.48,-0.11,-2.4554,125270.0,55324.889
002925.SZ,20240105,18.93,19.16,18.4,18.54,18.93,-0.39,-2.0602,51185.65,96059.028
000545.SZ,20240105,3.11,3.13,3.06,3.07,3.11,-0.04,-1.2862,67700.4,20940.052
003011.SZ,20240105,21.44,21.63,21.06,21.17,21.41,-0.24,-1.121,13834.0,29580.523
600881.SH,20240105,1.95,1.96,1.92,1.93,1.97,-0.04,-2.0305,204131.85,39636.14
000858.SZ,20240105,132.0,133.3,130.78,131.24,132.32,-1.08,-0.8162,156303.69,2062827.516
000531.SZ,20240105,6.92,6.99,6.8,6.83,6.92,-0.09,-1.3006,64286.72,44359.029
920023.BJ,20240105,4.01,4.05,3.67,3.76,4.04,-0.28,-6.9307,248779.0,95437.324
300584.SZ,20240105,23.35,23.48,22.82,22.91,23.4,-0.49,-2.094,16941.0,39182.704
600241.SH,20240105,9.21,9.54,8.93,9.02,9.05,-0.03,-0.3315,99863.0,91115.48
300930.SZ,20240105,23.61,24.0,23.26,23.38,23.62,-0.24,-1.0161,6338.35,14943.015
300248.SZ,20240105,9.77,9.83,9.42,9.46,9.76,-0.3,-3.0738,115393.27,110638.252
600611.SH,20240105,3.01,3.03,2.96,2.98,3.01,-0.03,-0.9967,117702.35,35270.331
301037.SZ,20240105,20.45,20.7,20.11,20.24,20.45,-0.21,-1.0269,7259.4,14783.251
002208.SZ,20240105,6.57,6.7,6.51,6.54,6.49,0.05,0.7704,82456.91,54502.524
300755.SZ,20240105,18.0,18.13,17.64,17.73,18.03,-0.3,-1.6639,15686.8,28083.883
600028.SH,20240105,5.67,5.72,5.59,5.62,5.69,-0.07,-1.2302,1547802.8,875016.476
600717.SH,20240105,4.22,4.24,4.18,4.2,4.21,-0.01,-0.2375,119244.28,50240.102
000404.SZ,20240105,6.08,6.11,5.98,6.02,6.07,-0.05,-0.8237,88561.0,53577.19
000919.SZ,20240105,8.18,8.18,8.01,8.03,8.16,-0.13,-1.5931,96812.0,78426.395
600038.SH,20240105,38.03,38.44,37.28,37.5,38.03,-0.53,-1.3936,39931.6,151091.163
002478.SZ,20240105,5.63,5.69,5.58,5.6,5.62,-0.02,-0.3559,111921.0,63014.866
920837.BJ,20240105,9.88,9.95,9.0,9.15,9.8,-0.65,-6.6327,55580.72,52400.629
002743.SZ,20240105,6.09,6.13,5.96,6.01,6.09,-0.08,-1.3136,43172.0,26083.044
300805.SZ,20240105,10.36,10.43,9.94,10.04,10.4,-0.36,-3.4615,131335.0,133110.152
300287.SZ,20240105,3.98,3.99,3.85,3.88,3.97,-0.09,-2.267,221288.0,86778.763
920985.BJ,20240105,9.0,9.41,8.57,8.73,8.65,0.08,0.9249,195131.51,174867.76
002900.SZ,20240105,13.76,13.78,13.26,13.31,13.77,-0.46,-3.3406,19435.0,26174.887
600161.SH,20240105,30.47,30.6,29.8,30.05,30.4,-0.35,-1.1513,80746.91,243289.708
301041.SZ,20240105,26.47,26.51,25.46,25.68,26.4,-0.72,-2.7273,11402.0,29555.919
002703.SZ,20240105,12.93,13.05,12.73,12.8,12.91,-0.11,-0.8521,103852.9,133841.36
600196.SH,20240105,24.96,24.99,24.47,24.55,24.95,-0.4,-1.6032,74742.58,184740.335
001236.SZ,20240105,11.07,11.08,10.75,10.84,11.03,-0.19,-1.7226,60547.51,66100.524
300086.SZ,20240105,5.85,5.94,5.74,5.78,5.89,-0.11,-1.8676,71948.0,42052.173
920033.BJ,20240105,46.85,47.26,42.68,43.46,47.47,-4.01,-8.4474,10512.72,47094.95
000061.SZ,20240105,6.57,6.58,6.4,6.42,6.52,-0.1,-1.5337,57743.03,37401.237
301185.SZ,20240105,20.0,20.03,19.11,19.27,19.9,-0.63,-3.1658,29214.9,57073.92
920419.BJ,20240105,12.23,12.5,11.04,11.25,12.23,-0.98,-8.0131,25731.44,29918.104
002197.SZ,20240105,10.39,10.4,9.98,10.04,10.42,-0.38,-3.6468,195861.77,198902.626
301062.SZ,20240105,10.7,10.77,10.52,10.58,10.69,-0.11,-1.029,24068.0,25563.698
920873.BJ,20240105,4.66,4.79,4.4,4.47,4.7,-0.23,-4.8936,76572.1,35127.358
920357.BJ,20240105,26.4,26.9,23.89,24.59,27.66,-3.07,-11.0991,98875.97,251078.577
300801.SZ,20240105,16.67,16.85,16.22,16.3,16.72,-0.42,-2.512,41145.0,67836.621
920489.BJ,20240105,8.83,8.93,8.01,8.23,8.87,-0.64,-7.2153,87602.15,73805.201
300259.SZ,20240105,3.7,3.7,3.62,3.63,3.68,-0.05,-1.3587,73698.22,26965.857
920810.BJ,20240105,11.4,12.13,10.52,10.85,11.41,-0.56,-4.908,38567.68,43500.962
300557.SZ,20240105,34.88,35.35,34.06,34.2,34.93,-0.73,-2.0899,4767.0,16431.27
300485.SZ,20240105,10.59,10.59,10.27,10.34,10.6,-0.26,-2.4528,32598.0,34015.332
002233.SZ,20240105,7.11,7.23,7.09,7.12,7.14,-0.02,-0.2801,178971.4,128006.343
002582.SZ,20240105,7.72,7.79,7.56,7.6,7.74,-0.14,-1.8088,104556.0,80216.977
000733.SZ,20240105,53.95,54.34,52.31,52.71,54.12,-1.41,-2.6053,95696.72,509482.181
300136.SZ,20240105,21.85,22.15,21.4,21.55,21.88,-0.33,-1.5082,135129.22,293809.357
600667.SH,20240105,6.85,6.9,6.7,6.73,6.86,-0.13,-1.895,199437.46,135545.325
301068.SZ,20240105,30.25,30.58,29.37,29.5,30.25,-0.75,-2.4793,3922.0,11746.815
300765.SZ,20240105,36.0,37.5,35.6,35.86,36.1,-0.24,-0.6648,182140.86,662306.137
000550.SZ,20240105,19.2,19.65,18.95,19.12,18.95,0.17,0.8971,150179.44,289649.898
000012.SZ,20240105,5.56,5.6,5.51,5.53,5.58,-0.05,-0.8961,89880.1,49946.173
601121.SH,20240105,7.38,7.95,7.32,7.49,7.39,0.1,1.3532,339184.09,256302.787
002917.SZ,20240105,9.99,10.06,9.6,9.66,9.87,-0.21,-2.1277,67367.5,66173.778
301177.SZ,20240105,29.02,29.32,28.53,28.73,29.03,-0.3,-1.0334,6687.0,19364.854
002916.SZ,20240105,67.08,68.2,66.38,66.56,67.0,-0.44,-0.6567,13673.12,91813.095
300036.SZ,20240105,19.89,19.93,19.05,19.17,19.82,-0.65,-3.2795,86341.86,167471.671
000752.SZ,20240105,7.29,7.55,7.27,7.37,7.33,0.04,0.5457,54950.0,40602.505
300056.SZ,20240105,8.45,8.83,8.3,8.62,8.41,0.21,2.497,114622.57,98615.894
600764.SH,20240105,26.0,26.19,24.67,25.03,26.23,-1.2,-4.5749,118606.42,299627.84
002979.SZ,20240105,20.25,20.83,19.72,19.81,20.33,-0.52,-2.5578,65984.22,132744.513
002225.SZ,20240105,3.84,3.87,3.79,3.81,3.83,-0.02,-0.5222,74549.1,28589.988
002783.SZ,20240105,10.49,10.59,9.72,9.81,10.76,-0.95,-8.829,564689.63,571576.68
300174.SZ,20240105,16.13,16.44,16.05,16.31,16.05,0.26,1.6199,58237.0,95009.67
002491.SZ,20240105,5.23,5.23,5.08,5.11,5.19,-0.08,-1.5414,81768.0,42105.107
000582.SZ,20240105,7.63,7.8,7.61,7.71,7.63,0.08,1.0485,190244.31,147229.894
300961.SZ,20240105,11.58,11.71,11.26,11.36,11.69,-0.33,-2.8229,46970.0,53774.383
300883.SZ,20240105,7.25,7.29,6.98,7.0,7.27,-0.27,-3.7139,117328.88,83382.917
002876.SZ,20240105,33.86,34.25,31.51,31.93,34.3,-2.37,-6.9096,143559.13,467755.956
920642.BJ,20240105,13.75,13.88,12.51,13.18,13.97,-0.79,-5.655,81813.39,107471.957
300213.SZ,20240105,7.07,7.09,6.8,6.83,7.06,-0.23,-3.2578,179416.68,124331.532
300901.SZ,20240105,10.35,10.38,10.0,10.17,10.37,-0.2,-1.9286,25999.69,26528.481
300715.SZ,20240105,11.64,11.77,11.49,11.55,11.65,-0.1,-0.8584,8820.96,10272.357
300609.SZ,20240105,26.78,27.05,25.8,25.91,26.88,-0.97,-3.6086,39341.06,103362.309
000868.SZ,20240105,5.09,5.21,5.03,5.05,5.07,-0.02,-0.3945,227232.01,116345.56
002865.SZ,20240105,74.67,76.65,71.65,72.15,75.11,-2.96,-3.9409,112269.6,829755.52
600872.SH,20240105,27.18,27.54,26.21,26.33,27.35,-1.02,-3.7294,108713.58,290635.529
300434.SZ,20240105,10.98,11.0,10.69,10.76,10.98,-0.22,-2.0036,26215.6,28407.159
002097.SZ,20240105,6.16,6.19,6.04,6.07,6.16,-0.09,-1.461,68644.0,41988.722
002594.SZ,20240105,192.47,197.5,191.13,192.68,193.02,-0.34,-0.1761,112401.88,2187835.615
300080.SZ,20240105,4.83,4.89,4.74,4.77,4.81,-0.04,-0.8316,70095.68,33708.93
300468.SZ,20240105,10.72,10.72,10.35,10.4,10.69,-0.29,-2.7128,79299.22,83414.158
300512.SZ,20240105,8.65,8.72,8.26,8.39,8.79,-0.4,-4.5506,117789.0,99619.824
920634.BJ,20240105,15.62,15.96,13.95,14.38,15.99,-1.61,-10.0688,40447.49,59953.317
002671.SZ,20240105,5.75,5.75,5.5,5.54,5.71,-0.17,-2.9772,264275.0,148174.513
300701.SZ,20240105,11.21,11.29,10.85,10.9,11.19,-0.29,-2.5916,25528.75,28222.342
301393.SZ,20240105,59.95,60.18,58.53,58.69,60.2,-1.51,-2.5083,9300.12,55183.02
300142.SZ,20240105,22.68,22.91,22.31,22.48,22.6,-0.12,-0.531,121528.66,275364.228
300939.SZ,20240105,36.2,36.4,34.71,35.11,36.19,-1.08,-2.9842,26325.67,93335.259
300850.SZ,20240105,30.21,30.47,29.03,29.16,30.15,-0.99,-3.2836,39527.41,117416.137
600745.SH,20240105,40.44,41.07,39.11,39.49,40.52,-1.03,-2.542,162866.97,650707.131
600207.SH,20240105,4.73,4.78,4.64,4.67,4.74,-0.07,-1.4768,62391.53,29364.485
003027.SZ,20240105,18.85,19.05,18.36,18.46,18.94,-0.48,-2.5343,23815.5,44321.635
300446.SZ,20240105,15.32,15.33,14.79,14.89,15.2,-0.31,-2.0395,39729.0,59706.293
300455.SZ,20240105,11.71,11.83,11.32,11.38,11.67,-0.29,-2.485,68249.0,78901.665
300507.SZ,20240105,6.64,6.68,6.38,6.41,6.64,-0.23,-3.4639,180063.03,116923.252
300461.SZ,20240105,23.34,24.17,23.06,23.34,23.35,-0.01,-0.0428,47836.0,112274.368
301278.SZ,20240105,56.25,57.36,53.29,54.07,56.2,-2.13,-3.79,37093.57,203542.876
301181.SZ,20240105,27.6,27.89,26.88,27.0,27.42,-0.42,-1.5317,8538.5,23363.05
600776.SH,20240105,11.24,11.24,10.81,10.86,11.18,-0.32,-2.8623,71937.63,79103.934
301148.SZ,20240105,22.2,22.3,21.78,21.85,22.13,-0.28,-1.2653,10534.18,23216.613
300024.SZ,20240105,11.36,11.5,11.12,11.17,11.32,-0.15,-1.3251,163349.06,184635.072
002389.SZ,20240105,18.43,18.68,17.89,18.12,18.62,-0.5,-2.6853,83855.34,152955.384
300147.SZ,20240105,5.21,5.27,5.08,5.12,5.2,-0.08,-1.5385,110721.43,57094.151
002076.SZ,20240105,2.24,2.26,2.18,2.19,2.23,-0.04,-1.7937,158943.0,35211.444
600197.SH,20240105,21.07,21.29,20.91,20.99,21.18,-0.19,-0.8971,25199.72,53196.512
002168.SZ,20240105,4.61,4.61,4.48,4.53,4.59,-0.06,-1.3072,109065.01,49547.223
300299.SZ,20240105,5.71,5.71,5.52,5.55,5.71,-0.16,-2.8021,154938.71,86775.82
002662.SZ,20240105,3.5,3.55,3.43,3.45,3.51,-0.06,-1.7094,172359.0,60129.395
301525.SZ,20240105,81.56,82.71,79.5,79.8,81.31,-1.51,-1.8571,8296.5,67065.611
300072.SZ,20240105,3.5,3.53,3.4,3.43,3.5,-0.07,-2.0,113924.59,39312.203
300743.SZ,20240105,13.9,13.97,13.63,13.68,13.9,-0.22,-1.5827,13952.99,19273.454
301223.SZ,20240105,18.36,18.42,18.16,18.24,18.35,-0.11,-0.5995,4883.19,8931.965
300373.SZ,20240105,34.45,35.18,34.4,34.79,34.48,0.31,0.8991,39195.48,136305.724
000031.SZ,20240105,2.9,2.98,2.88,2.93,2.9,0.03,1.0345,187278.0,55071.139
000839.SZ,20240105,2.29,2.33,2.26,2.28,2.29,-0.01,-0.4367,134574.58,30923.392
002716.SZ,20240105,2.78,2.79,2.7,2.72,2.77,-0.05,-1.8051,226882.89,62255.495
301155.SZ,20240105,55.31,55.49,51.0,51.54,55.3,-3.76,-6.7993,48445.33,253142.526
300236.SZ,20240105,34.03,34.18,32.6,32.72,33.98,-1.26,-3.7081,29571.94,98398.472
301116.SZ,20240105,12.69,12.8,12.45,12.51,12.7,-0.19,-1.4961,24629.0,31104.612
600237.SH,20240105,7.35,7.47,7.17,7.22,7.34,-0.12,-1.6349,120404.69,87751.115
000572.SZ,20240105,4.87,4.99,4.71,4.73,4.84,-0.11,-2.2727,557324.0,268407.315
600969.SH,20240105,6.8,6.8,6.66,6.69,6.76,-0.07,-1.0355,32211.4,21688.113
301120.SZ,20240105,11.48,11.55,11.2,11.24,11.54,-0.3,-2.5997,31503.0,35769.499
002061.SZ,20240105,3.7,3.73,3.68,3.7,3.7,0.0,0.0,136688.35,50698.493
002066.SZ,20240105,11.33,11.5,11.24,11.28,11.39,-0.11,-0.9658,27667.76,31429.585
920351.BJ,20240105,9.95,9.96,9.0,9.13,9.8,-0.67,-6.8367,48209.86,45595.981
002156.SZ,20240105,21.4,21.61,20.91,21.05,21.35,-0.3,-1.4052,139369.68,296026.507
301499.SZ,20240105,28.97,31.0,28.72,30.95,28.89,2.06,7.1305,57793.51,172585.077
000828.SZ,20240105,10.78,10.87,10.57,10.63,10.73,-0.1,-0.932,130742.12,140527.112
300443.SZ,20240105,25.67,25.71,23.87,24.11,25.51,-1.4,-5.488,107522.85,263721.71
601518.SH,20240105,2.73,2.77,2.71,2.72,2.75,-0.03,-1.0909,216801.8,59446.631
301355.SZ,20240105,15.1,15.3,15.03,15.21,15.16,0.05,0.3298,17842.1,27117.905
300256.SZ,20240105,2.88,2.91,2.82,2.84,2.89,-0.05,-1.7301,231580.38,66192.178
000157.SZ,20240105,6.65,6.71,6.59,6.62,6.66,-0.04,-0.6006,227565.3,151568.198
001318.SZ,20240105,14.7,14.77,13.98,14.08,14.76,-0.68,-4.607,75566.0,108070.193
002301.SZ,20240105,7.2,7.21,6.99,7.04,7.14,-0.1,-1.4006,55005.62,38984.022
002978.SZ,20240105,32.0,32.38,31.82,31.87,32.07,-0.2,-0.6236,9717.0,31193.871
920523.BJ,20240105,15.54,16.95,15.54,15.81,15.52,0.29,1.8686,78632.35,128833.35
600633.SH,20240105,11.23,11.25,10.88,10.97,11.13,-0.16,-1.4376,242338.0,268167.939
002383.SZ,20240105,7.42,7.48,7.24,7.3,7.46,-0.16,-2.1448,97039.04,71329.267
300113.SZ,20240105,13.98,13.98,13.53,13.63,13.93,-0.3,-2.1536,61764.86,84972.28
600782.SH,20240105,3.53,3.61,3.51,3.52,3.54,-0.02,-0.565,528795.74,188295.111
002356.SZ,20240105,4.91,4.93,4.76,4.81,4.9,-0.09,-1.8367,65639.0,31638.295
000731.SZ,20240105,7.54,7.57,7.42,7.43,7.53,-0.1,-1.328,69989.99,52369.206
301383.SZ,20240105,61.98,62.34,56.12,57.0,60.0,-3.0,-5.0,54638.17,323172.024
301568.SZ,20240105,43.58,44.06,42.36,42.78,43.35,-0.57,-1.3149,28397.33,122887.549
301262.SZ,20240105,30.63,30.77,29.84,29.99,30.6,-0.61,-1.9935,30268.71,91731.86
002760.SZ,20240105,23.01,23.45,21.5,21.69,23.01,-1.32,-5.7366,33549.0,75225.185
601009.SH,20240105,7.45,7.62,7.43,7.53,7.46,0.07,0.9383,249669.6,188426.673
002824.SZ,20240105,19.38,20.0,19.07,19.22,19.53,-0.31,-1.5873,31305.26,61045.245
600738.SH,20240105,5.35,5.39,5.26,5.28,5.36,-0.08,-1.4925,90081.0,47971.353
002311.SZ,20240105,42.53,42.8,41.99,42.48,42.53,-0.05,-0.1176,33092.49,140121.715
300905.SZ,20240105,19.2,19.2,16.93,17.11,19.2,-2.09,-10.8854,84742.17,149171.73
300003.SZ,20240105,15.7,15.74,15.35,15.39,15.7,-0.31,-1.9745,129045.15,200405.849
920834.BJ,20240105,8.81,8.94,7.92,8.2,8.79,-0.59,-6.7122,38282.86,32319.465
301429.SZ,20240105,20.49,20.67,20.13,20.28,20.47,-0.19,-0.9282,7125.99,14532.353
002873.SZ,20240105,12.63,12.73,12.39,12.48,12.65,-0.17,-1.3439,23494.26,29556.099
003016.SZ,20240105,8.36,8.38,8.13,8.17,8.35,-0.18,-2.1557,31622.0,26101.249
600136.SH,20240105,2.25,2.27,2.2,2.21,2.25,-0.04,-1.7778,42114.0,9424.586
300594.SZ,20240105,21.46,21.57,21.0,21.07,21.46,-0.39,-1.8173,14847.0,31446.077
002571.SZ,20240105,6.8,6.87,6.65,6.68,6.78,-0.1,-1.4749,53191.0,35932.383
002797.SZ,20240105,5.69,5.75,5.63,5.65,5.7,-0.05,-0.8772,275700.0,156873.039
920378.BJ,20240105,6.75,6.93,5.92,6.09,6.75,-0.66,-9.7778,85083.97,53831.418
002055.SZ,20240105,9.41,9.57,9.17,9.21,9.49,-0.28,-2.9505,87212.36,81538.96
002396.SZ,20240105,17.71,17.75,17.35,17.38,17.72,-0.34,-1.9187,34800.56,61061.683
300257.SZ,20240105,15.84,16.17,15.61,15.69,15.85,-0.16,-1.0095,38130.02,60525.466
002855.SZ,20240105,38.66,38.8,35.97,36.02,39.23,-3.21,-8.1825,276216.87,1024427.189
600184.SH,20240105,11.34,11.43,11.07,11.14,11.45,-0.31,-2.7074,43979.0,49338.309
300628.SZ,20240105,28.06,28.25,27.31,27.46,28.06,-0.6,-2.1383,29571.64,82156.755
300643.SZ,20240105,12.34,12.44,12.01,12.08,12.33,-0.25,-2.0276,26226.0,32091.762
002219.SZ,20240105,2.96,2.98,2.91,2.92,2.97,-0.05,-1.6835,111449.0,32831.956
601686.SH,20240105,6.36,6.47,6.35,6.39,6.4,-0.01,-0.1563,49440.0,31709.838
301048.SZ,20240105,10.44,10.55,10.25,10.32,10.44,-0.12,-1.1494,23972.14,24927.403
001210.SZ,20240105,20.82,21.0,20.45,20.58,20.86,-0.28,-1.3423,15689.4,32534.379
301010.SZ,20240105,19.08,19.18,17.88,18.08,19.39,-1.31,-6.7561,47782.29,87549.229
002948.SZ,20240105,3.05,3.12,3.04,3.08,3.05,0.03,0.9836,340409.3,105160.11
920701.BJ,20240105,19.1,19.5,16.61,17.9,18.41,-0.51,-2.7702,67190.11,120556.343
300368.SZ,20240105,6.79,6.83,6.65,6.69,6.77,-0.08,-1.1817,60051.4,40555.027
600183.SH,20240105,17.1,17.3,16.85,16.98,17.25,-0.27,-1.5652,115432.17,197064.982
300190.SZ,20240105,4.48,4.48,4.35,4.36,4.43,-0.07,-1.5801,60684.0,26734.526
300691.SZ,20240105,21.1,21.72,20.81,21.55,21.2,0.35,1.6509,144931.75,307846.417
002229.SZ,20240105,25.52,25.68,24.48,24.69,25.36,-0.67,-2.642,264334.62,657824.963
002699.SZ,20240105,1.54,1.56,1.51,1.51,1.55,-0.04,-2.5806,173273.0,26516.271
300007.SZ,20240105,19.45,19.68,18.53,18.7,19.29,-0.59,-3.0586,139120.24,264072.401
002272.SZ,20240105,6.6,6.79,6.45,6.57,6.84,-0.27,-3.9474,216530.13,144088.379
300832.SZ,20240105,76.0,76.87,73.3,74.15,76.15,-2.0,-2.6264,32198.78,240274.325
600057.SH,20240105,6.88,7.13,6.83,7.02,6.88,0.14,2.0349,268889.2,188936.147
601139.SH,20240105,7.03,7.07,6.92,6.96,7.03,-0.07,-0.9957,92644.45,64827.601
301413.SZ,20240105,70.52,71.97,67.05,67.26,71.46,-4.2,-5.8774,28401.72,196292.922
600126.SH,20240105,5.33,5.36,5.2,5.22,5.32,-0.1,-1.8797,186168.0,98114.972
600975.SH,20240105,10.35,10.47,10.0,10.05,10.33,-0.28,-2.7106,167861.28,171016.032
301122.SZ,20240105,34.31,34.5,32.93,33.14,33.64,-0.5,-1.4863,8290.98,27741.263
300075.SZ,20240105,17.65,17.69,16.96,16.97,17.62,-0.65,-3.689,90625.61,156449.613
002514.SZ,20240105,8.25,8.37,8.09,8.12,8.26,-0.14,-1.6949,159904.0,131259.106
000524.SZ,20240105,9.37,9.49,9.09,9.15,9.37,-0.22,-2.3479,99304.22,92172.141
002539.SZ,20240105,8.4,8.43,8.26,8.28,8.39,-0.11,-1.3111,47428.62,39569.039
301113.SZ,20240105,32.09,32.75,31.57,31.88,32.38,-0.5,-1.5442,8720.28,28073.918
300882.SZ,20240105,23.99,24.2,23.46,23.63,23.93,-0.3,-1.2537,18820.39,44813.821
300067.SZ,20240105,3.17,3.18,3.09,3.11,3.16,-0.05,-1.5823,64353.0,20136.199
301012.SZ,20240105,21.62,22.08,21.2,21.59,21.41,0.18,0.8407,37404.68,81094.464
600892.SH,20240105,6.62,6.69,6.03,6.1,6.69,-0.59,-8.8191,750870.45,473304.862
920017.BJ,20240105,16.44,16.7,15.44,15.79,16.39,-0.6,-3.6608,57814.3,93405.483
000037.SZ,20240105,8.68,8.68,8.42,8.45,8.59,-0.14,-1.6298,47226.0,40203.602
000596.SZ,20240105,210.33,214.98,209.52,212.77,211.55,1.22,0.5767,15557.16,332273.437
920274.BJ,20240105,15.94,15.97,14.45,15.03,16.2,-1.17,-7.2222,32772.78,50487.207
300185.SZ,20240105,2.43,2.44,2.38,2.39,2.42,-0.03,-1.2397,219641.0,52927.747
002125.SZ,20240105,10.59,11.15,10.47,10.53,10.6,-0.07,-0.6604,130492.45,140477.758
002169.SZ,20240105,6.84,6.88,6.67,6.7,6.83,-0.13,-1.9034,46084.48,31181.913
002773.SZ,20240105,18.31,18.36,17.81,17.9,18.36,-0.46,-2.5054,46868.45,84623.443
601825.SH,20240105,5.87,5.98,5.84,5.97,5.87,0.1,1.7036,426526.99,253798.081
300502.SZ,20240105,47.29,47.29,44.44,44.72,47.58,-2.86,-6.0109,382784.73,1737404.332
003026.SZ,20240105,35.38,35.63,34.43,34.52,35.2,-0.68,-1.9318,5568.0,19456.41
600007.SH,20240105,18.89,19.17,18.77,19.1,18.79,0.31,1.6498,25375.88,48338.861
000632.SZ,20240105,4.61,4.68,4.51,4.54,4.6,-0.06,-1.3043,152905.0,70200.996
000713.SZ,20240105,7.76,7.77,7.57,7.6,7.74,-0.14,-1.8088,47404.15,36290.893
000060.SZ,20240105,4.37,4.43,4.32,4.34,4.38,-0.04,-0.9132,260259.27,114005.285
600158.SH,20240105,7.93,8.05,7.78,7.83,7.95,-0.12,-1.5094,74474.17,58954.732
000848.SZ,20240105,7.9,7.94,7.81,7.84,7.93,-0.09,-1.1349,53959.2,42475.448
000737.SZ,20240105,5.95,5.97,5.85,5.9,5.93,-0.03,-0.5059,94862.0,56149.24
002155.SZ,20240105,11.17,11.33,10.99,11.03,11.2,-0.17,-1.5179,140939.79,157199.458
002588.SZ,20240105,6.54,6.56,6.4,6.43,6.53,-0.1,-1.5314,75531.97,48962.6
002199.SZ,20240105,9.18,9.26,8.87,8.93,9.18,-0.25,-2.7233,49726.01,44957.303
002674.SZ,20240105,12.26,12.35,11.99,12.06,12.21,-0.15,-1.2285,18857.0,22884.905
002056.SZ,20240105,13.23,13.38,12.96,13.05,13.17,-0.12,-0.9112,104650.19,137847.922
002816.SZ,20240105,12.03,12.03,11.72,11.79,12.03,-0.24,-1.995,5888.0,6962.507
600185.SH,20240105,7.08,7.35,7.0,7.21,7.06,0.15,2.1246,281395.34,202591.676
002405.SZ,20240105,8.47,8.49,8.27,8.29,8.46,-0.17,-2.0095,244998.3,205031.195
300946.SZ,20240105,31.13,31.5,30.37,30.58,31.12,-0.54,-1.7352,7669.0,23654.034
002354.SZ,20240105,5.48,5.97,5.36,5.97,5.43,0.54,9.9448,2410729.9,1392787.931
002036.SZ,20240105,9.68,9.77,9.37,9.45,9.68,-0.23,-2.376,198445.4,189653.94
000516.SZ,20240105,7.9,8.2,7.88,7.96,7.88,0.08,1.0152,360209.33,289880.907
000584.SZ,20240105,3.87,3.92,3.73,3.77,3.86,-0.09,-2.3316,92488.0,35351.528
000415.SZ,20240105,2.1,2.12,2.07,2.08,2.1,-0.02,-0.9524,435702.24,91156.598
300979.SZ,20240105,51.96,52.69,51.55,51.75,52.0,-0.25,-0.4808,9785.31,50880.348
601059.SH,20240105,17.31,17.58,16.96,17.01,17.39,-0.38,-2.1852,226395.81,388982.772
300581.SZ,20240105,9.6,9.68,9.38,9.45,9.65,-0.2,-2.0725,38996.73,37072.701
600202.SH,20240105,6.4,6.47,6.22,6.25,6.42,-0.17,-2.648,85704.0,54173.383
300436.SZ,20240105,26.15,26.15,25.3,25.39,25.92,-0.53,-2.0448,11222.0,28799.774
001227.SZ,20240105,2.64,2.72,2.62,2.67,2.64,0.03,1.1364,835232.84,223840.425
600199.SH,20240105,17.51,17.85,17.28,17.36,17.76,-0.4,-2.2523,82390.02,144767.528
600820.SH,20240105,5.93,6.1,5.89,5.97,5.9,0.07,1.1864,431459.73,259262.058
000595.SZ,20240105,5.99,6.7,5.54,6.4,6.15,0.25,4.065,1698963.43,1017205.116
300808.SZ,20240105,16.3,16.68,16.07,16.22,16.35,-0.13,-0.7951,41584.05,68084.455
000650.SZ,20240105,6.72,6.75,6.6,6.63,6.74,-0.11,-1.632,145954.55,97300.022
001266.SZ,20240105,29.27,29.52,28.13,28.5,29.08,-0.58,-1.9945,19367.0,55752.096
002831.SZ,20240105,27.06,27.52,26.83,27.22,27.14,0.08,0.2948,27229.62,74245.95
001323.SZ,20240105,29.62,30.2,29.56,29.83,29.81,0.02,0.0671,10653.53,31870.345
001300.SZ,20240105,20.76,20.96,19.51,19.66,20.42,-0.76,-3.7218,161373.48,326550.895
000546.SZ,20240105,8.58,8.89,8.48,8.56,8.72,-0.16,-1.8349,410405.89,355885.49
920260.BJ,20240105,9.99,10.07,9.17,9.44,9.92,-0.48,-4.8387,29987.5,28860.779
002170.SZ,20240105,5.67,5.7,5.57,5.59,5.69,-0.1,-1.7575,105390.55,59255.856
600629.SH,20240105,5.17,5.21,5.06,5.07,5.18,-0.11,-2.1236,168861.2,86944.301
002293.SZ,20240105,9.18,9.39,9.18,9.33,9.18,0.15,1.634,42623.86,39704.079
002281.SZ,20240105,27.86,27.86,26.12,26.36,28.02,-1.66,-5.9243,342253.36,920688.811
920374.BJ,20240105,15.6,15.76,13.93,14.1,15.36,-1.26,-8.2031,37294.96,54678.738
301370.SZ,20240105,16.1,16.44,15.89,16.0,16.03,-0.03,-0.1871,39044.83,63028.26
000529.SZ,20240105,7.32,7.38,7.09,7.12,7.35,-0.23,-3.1293,164974.65,119127.927
002850.SZ,20240105,79.02,81.16,75.29,76.11,79.17,-3.06,-3.8651,31181.4,243668.989
300020.SZ,20240105,8.25,8.29,8.0,8.05,8.23,-0.18,-2.1871,108487.0,88236.435
300572.SZ,20240105,16.99,17.16,16.5,16.62,16.78,-0.16,-0.9535,38872.0,65289.506
300021.SZ,20240105,4.81,4.87,4.76,4.78,4.83,-0.05,-1.0352,66075.9,31873.025
301001.SZ,20240105,25.71,25.94,25.13,25.39,25.65,-0.26,-1.0136,13696.91,35014.808
300786.SZ,20240105,17.9,17.94,17.3,17.35,17.89,-0.54,-3.0184,20702.73,36313.472
600287.SH,20240105,6.32,6.35,6.13,6.17,6.29,-0.12,-1.9078,85193.12,53054.019
300634.SZ,20240105,19.87,19.91,19.14,19.25,19.94,-0.69,-3.4604,88057.68,171679.137
000100.SZ,20240105,4.19,4.28,4.16,4.23,4.18,0.05,1.1962,2882375.48,1221277.058
001296.SZ,20240105,23.98,24.15,23.66,23.77,23.99,-0.22,-0.917,16099.1,38500.492
002750.SZ,20240105,10.72,11.23,10.66,11.05,10.83,0.22,2.0314,328156.87,358823.565
300566.SZ,20240105,17.7,18.01,17.14,17.28,17.86,-0.58,-3.2475,77160.28,135081.435
300819.SZ,20240105,15.92,16.27,15.55,15.61,15.81,-0.2,-1.265,22394.5,35615.594
600187.SH,20240105,2.65,2.67,2.6,2.61,2.66,-0.05,-1.8797,216636.0,56953.266
000981.SZ,20240105,1.54,1.55,1.51,1.52,1.54,-0.02,-1.2987,545318.58,83555.37
300487.SZ,20240105,51.51,52.19,49.51,49.89,51.5,-1.61,-3.1262,20216.24,102418.73
920725.BJ,20240105,18.6,18.77,17.15,17.24,18.75,-1.51,-8.0533,26585.67,47386.124
001219.SZ,20240105,23.0,23.15,22.6,23.0,22.99,0.01,0.0435,48271.24,110727.59
600000.SH,20240105,6.6,6.76,6.59,6.68,6.62,0.06,0.9063,444213.87,296976.886
600252.SH,20240105,2.55,2.57,2.5,2.51,2.55,-0.04,-1.5686,287320.01,72899.799
301098.SZ,20240105,11.88,11.98,11.77,11.82,11.93,-0.11,-0.922,16079.5,19095.497
601188.SH,20240105,4.57,4.8,4.46,4.54,4.36,0.18,4.1284,1447187.31,670230.847
000428.SZ,20240105,4.16,4.24,4.07,4.09,4.18,-0.09,-2.1531,136510.0,56814.291
002292.SZ,20240105,8.58,8.66,8.29,8.33,8.59,-0.26,-3.0268,1008525.43,847969.599
002808.SZ,20240105,4.99,5.02,4.88,4.89,5.03,-0.14,-2.7833,40535.0,20042.898
000789.SZ,20240105,6.99,7.06,6.93,6.95,7.0,-0.05,-0.7143,36866.0,25808.196
920871.BJ,20240105,10.13,10.15,9.0,9.01,9.93,-0.92,-9.2649,28990.71,27379.032
300470.SZ,20240105,37.54,37.98,37.2,37.39,37.74,-0.35,-0.9274,5131.49,19277.282
300350.SZ,20240105,5.22,5.27,5.14,5.17,5.24,-0.07,-1.3359,96377.8,50128.282
002297.SZ,20240105,8.0,8.03,7.82,7.87,8.01,-0.14,-1.7478,71159.07,56411.993
000062.SZ,20240105,11.08,11.15,10.87,10.93,11.07,-0.14,-1.2647,25938.47,28539.271
920278.BJ,20240105,9.39,9.53,8.8,8.95,9.65,-0.7,-7.2539,79283.11,72851.528
920179.BJ,20240105,22.84,23.06,21.2,21.3,22.96,-1.66,-7.23,20097.6,44007.107
300797.SZ,20240105,12.45,12.55,12.14,12.22,12.47,-0.25,-2.0048,31798.0,39147.035
002384.SZ,20240105,16.57,17.04,16.23,16.32,16.6,-0.28,-1.6867,286840.09,475284.364
000965.SZ,20240105,3.14,3.22,3.13,3.16,3.13,0.03,0.9585,212161.5,67647.51
002617.SZ,20240105,6.08,6.13,5.95,5.97,6.07,-0.1,-1.6474,149659.07,90175.748
920682.BJ,20240105,9.22,9.35,8.57,8.58,9.22,-0.64,-6.9414,80545.29,71907.575
300469.SZ,20240105,14.36,14.38,13.87,13.96,14.3,-0.34,-2.3776,36296.47,50901.383
300059.SZ,20240105,13.44,13.61,13.22,13.28,13.46,-0.18,-1.3373,1433098.89,1922418.19
002661.SZ,20240105,9.65,9.71,9.53,9.54,9.67,-0.13,-1.3444,17619.6,16922.345
603367.SH,20240105,14.93,15.19,14.77,14.93,14.97,-0.04,-0.2672,71729.0,107598.289
688484.SH,20240105,37.78,38.33,36.9,37.06,38.02,-0.96,-2.525,12424.32,46693.348
605133.SH,20240105,25.7,26.03,25.28,25.38,25.3,0.08,0.3162,36124.67,92507.384
603555.SH,20240105,1.61,1.62,1.56,1.57,1.62,-0.05,-3.0864,274311.0,43610.102
688262.SH,20240105,27.2,27.66,26.26,26.47,27.34,-0.87,-3.1822,30615.6,82222.556
688619.SH,20240105,13.89,13.89,13.33,13.46,13.68,-0.22,-1.6082,18306.15,24844.953
605299.SH,20240105,10.09,10.09,9.8,9.84,10.1,-0.26,-2.5743,26335.0,26212.774
688628.SH,20240105,36.92,37.15,35.85,36.15,36.74,-0.59,-1.6059,3731.41,13567.771
603324.SH,20240105,29.66,29.85,28.75,29.01,29.63,-0.62,-2.0925,6395.0,18692.696
688115.SH,20240105,32.35,32.72,31.61,31.86,32.24,-0.38,-1.1787,5816.83,18665.53
688520.SH,20240105,53.4,54.26,52.13,52.36,54.1,-1.74,-3.2163,13032.21,69006.338
605369.SH,20240105,51.71,52.21,50.05,50.61,52.15,-1.54,-2.953,5065.92,25813.038
688105.SH,20240105,31.16,31.42,30.11,30.31,31.04,-0.73,-2.3518,12165.06,37145.483
688173.SH,20240105,16.35,16.54,15.71,15.85,16.33,-0.48,-2.9394,22677.52,36545.617
603757.SH,20240105,24.63,24.63,24.0,24.2,24.37,-0.17,-0.6976,9802.0,23754.889
605398.SH,20240105,29.96,30.1,28.94,29.12,29.94,-0.82,-2.7388,9981.16,29372.575
603863.SH,20240105,34.65,35.88,34.47,35.6,34.83,0.77,2.2107,58733.0,208282.297
688289.SH,20240105,19.57,19.7,19.18,19.28,19.56,-0.28,-1.4315,41140.79,80010.378
603880.SH,20240105,5.16,5.22,5.03,5.05,5.16,-0.11,-2.1318,23020.31,11795.972
688013.SH,20240105,21.6,21.68,21.33,21.4,21.51,-0.11,-0.5114,7495.74,16097.864
688196.SH,20240105,33.55,33.92,33.0,33.3,33.4,-0.1,-0.2994,6120.04,20436.164
603579.SH,20240105,21.82,22.8,21.77,21.92,21.81,0.11,0.5044,24896.5,55358.745
603348.SH,20240105,36.3,36.4,34.56,34.8,36.32,-1.52,-4.185,44732.05,158013.821
603303.SH,20240105,12.95,13.08,12.68,12.74,12.95,-0.21,-1.6216,14194.8,18242.845
688472.SH,20240105,12.46,12.59,12.1,12.21,12.44,-0.23,-1.8489,226374.93,278794.359
605100.SH,20240105,16.06,16.26,15.66,15.8,16.01,-0.21,-1.3117,12495.68,19932.066
603527.SH,20240105,10.8,10.94,10.58,10.64,10.72,-0.08,-0.7463,20030.8,21593.325
603889.SH,20240105,7.6,7.65,7.44,7.5,7.65,-0.15,-1.9608,43935.66,33085.406
688257.SH,20240105,24.9,25.19,24.5,24.64,24.9,-0.26,-1.0442,6569.61,16251.64
603598.SH,20240105,19.45,19.9,18.77,18.99,19.5,-0.51,-2.6154,288762.01,557633.887
605218.SH,20240105,27.0,27.48,25.03,25.03,27.81,-2.78,-9.9964,215956.89,550580.559
605388.SH,20240105,12.16,12.19,11.9,11.95,12.17,-0.22,-1.8077,24115.32,29002.267
603170.SH,20240105,16.43,16.47,15.93,16.02,16.43,-0.41,-2.4954,20222.93,32681.262
688668.SH,20240105,50.77,50.97,47.78,49.1,50.9,-1.8,-3.5363,20180.9,98936.48
688100.SH,20240105,28.95,29.14,28.39,28.6,28.95,-0.35,-1.209,9883.46,28417.444
688222.SH,20240105,17.06,17.29,16.7,17.1,17.06,0.04,0.2345,130072.18,221217.437
603520.SH,20240105,13.99,14.0,13.56,13.64,13.9,-0.26,-1.8705,26987.87,37191.872
603086.SH,20240105,5.97,5.97,5.81,5.85,5.95,-0.1,-1.6807,28424.0,16735.696
603529.SH,20240105,24.85,25.19,24.74,24.84,24.98,-0.14,-0.5604,14763.61,36842.961
603677.SH,20240105,14.95,15.35,14.65,14.75,15.14,-0.39,-2.576,38277.0,57370.922
603517.SH,20240105,25.04,25.2,24.41,24.53,25.16,-0.63,-2.504,86208.93,212978.779
603676.SH,20240105,10.42,10.43,10.21,10.23,10.38,-0.15,-1.4451,22637.0,23363.215
601990.SH,20240105,7.86,7.92,7.8,7.83,7.87,-0.04,-0.5083,94973.33,74595.209
688080.SH,20240105,40.15,40.31,38.61,38.85,40.0,-1.15,-2.875,8103.75,31824.23
605169.SH,20240105,11.68,11.73,11.49,11.54,11.67,-0.13,-1.114,21191.49,24580.772
603236.SH,20240105,51.74,51.74,47.22,47.62,51.61,-3.99,-7.7311,84399.08,413431.329
605088.SH,20240105,24.25,25.66,23.97,24.38,23.33,1.05,4.5006,187634.41,467267.696
601996.SH,20240105,2.86,2.88,2.8,2.82,2.84,-0.02,-0.7042,203668.6,57914.544
605365.SH,20240105,20.01,20.99,19.63,20.13,20.78,-0.65,-3.128,137627.43,277276.911
603277.SH,20240105,27.89,27.89,25.5,25.71,25.82,-0.11,-0.426,15047.44,39125.255
688626.SH,20240105,50.83,51.5,49.81,50.35,50.91,-0.56,-1.1,5119.12,25822.023
688233.SH,20240105,31.87,32.48,31.31,31.49,32.0,-0.51,-1.5938,11995.04,38110.639
688469.SH,20240105,5.03,5.1,5.02,5.05,5.03,0.02,0.3976,138875.78,70369.083
688090.SH,20240105,31.86,31.95,30.95,31.14,31.65,-0.51,-1.6114,8317.36,26035.275
605305.SH,20240105,32.33,33.08,32.17,32.44,32.55,-0.11,-0.3379,15859.66,52111.194
688550.SH,20240105,38.84,39.3,38.1,38.58,38.83,-0.25,-0.6438,12134.45,46997.073
688981.SH,20240105,51.75,52.48,50.19,50.58,51.88,-1.3,-2.5058,194368.93,998406.765
603238.SH,20240105,14.4,14.6,14.1,14.2,14.43,-0.23,-1.5939,16960.1,24252.699
688073.SH,20240105,54.7,54.79,51.79,51.86,55.09,-3.23,-5.8631,9968.7,52730.331
603291.SH,20240105,15.15,15.34,14.81,14.88,15.35,-0.47,-3.0619,36375.96,54673.799
603159.SH,20240105,16.93,17.07,16.48,16.58,17.0,-0.42,-2.4706,10301.6,17225.114
603696.SH,20240105,10.55,10.64,10.16,10.24,10.47,-0.23,-2.1968,87522.84,90735.305
603916.SH,20240105,10.19,10.36,10.04,10.05,10.23,-0.18,-1.7595,52364.04,53387.741
605389.SH,20240105,26.47,26.77,25.7,25.9,26.52,-0.62,-2.3379,19241.8,50399.456
688489.SH,20240105,45.29,46.12,43.63,43.94,45.45,-1.51,-3.3223,10586.44,47306.3
603601.SH,20240105,4.28,4.34,4.21,4.23,4.3,-0.07,-1.6279,79640.0,34030.711
688019.SH,20240105,149.56,150.13,145.02,145.55,149.56,-4.01,-2.6812,8719.98,128060.928
603297.SH,20240105,90.7,93.47,90.0,90.66,92.4,-1.74,-1.8831,5664.74,51567.532
603657.SH,20240105,16.34,16.62,16.2,16.31,16.4,-0.09,-0.5488,10877.0,17809.44
603682.SH,20240105,6.0,6.1,5.97,6.0,6.0,0.0,0.0,83359.0,50330.938
603648.SH,20240105,10.01,10.08,9.72,9.78,10.09,-0.31,-3.0723,82372.0,81456.415
603995.SH,20240105,18.5,18.72,18.14,18.2,18.55,-0.35,-1.8868,30990.56,57009.245
603004.SH,20240105,44.72,45.6,37.91,37.91,42.12,-4.21,-9.9953,338138.26,1352484.482
688056.SH,20240105,32.9,33.36,31.9,32.21,32.9,-0.69,-2.0973,3103.87,10081.665
688659.SH,20240105,12.09,12.35,11.79,11.85,12.16,-0.31,-2.5493,23047.34,27699.659
603868.SH,20240105,48.02,49.25,47.89,48.7,48.01,0.69,1.4372,12197.24,59351.956
603167.SH,20240105,9.35,9.73,9.28,9.4,9.33,0.07,0.7503,113102.21,107564.062
688028.SH,20240105,23.77,24.05,23.2,23.36,23.84,-0.48,-2.0134,21882.8,51764.263
603161.SH,20240105,15.96,16.26,15.73,15.77,16.0,-0.23,-1.4375,23125.0,36917.313
688297.SH,20240105,37.53,37.53,36.66,36.76,37.48,-0.72,-1.921,27162.35,100418.68
688766.SH,20240105,90.5,91.4,88.84,88.88,90.58,-1.7,-1.8768,6835.79,61645.279
603777.SH,20240105,13.3,13.35,13.02,13.14,13.32,-0.18,-1.3514,22879.4,30130.365
688298.SH,20240105,37.16,37.38,36.54,36.73,37.15,-0.42,-1.1306,24453.53,90206.878
603617.SH,20240105,9.33,9.39,9.01,9.07,9.27,-0.2,-2.1575,54867.34,50375.366
601933.SH,20240105,2.78,2.79,2.74,2.76,2.78,-0.02,-0.7194,288795.62,79786.335
603928.SH,20240105,13.43,13.47,12.9,12.99,13.39,-0.4,-2.9873,30759.0,40445.106
688391.SH,20240105,47.63,48.05,46.22,46.45,47.8,-1.35,-2.8243,4647.03,21790.427
603103.SH,20240105,17.64,17.93,17.19,17.3,17.65,-0.35,-1.983,50706.42,88288.901
603260.SH,20240105,50.38,50.95,48.75,49.15,50.48,-1.33,-2.6347,43294.86,214841.214
688720.SH,20240105,54.3,55.28,51.67,51.77,54.18,-2.41,-4.4481,12241.49,65121.993
688798.SH,20240105,62.68,65.26,62.1,62.44,63.34,-0.9,-1.4209,11412.48,72627.404
688551.SH,20240105,57.13,59.59,57.13,58.5,57.8,0.7,1.2111,6459.27,37994.07
601988.SH,20240105,4.14,4.19,4.1,4.12,4.14,-0.02,-0.4831,2148800.85,890404.786
688106.SH,20240105,22.98,23.14,22.47,22.58,23.01,-0.43,-1.8688,18933.95,43221.941
605399.SH,20240105,13.17,13.36,12.8,12.91,13.2,-0.29,-2.197,22671.9,29524.219
688069.SH,20240105,20.23,20.26,19.79,19.93,20.18,-0.25,-1.2389,1882.52,3760.063
603317.SH,20240105,13.15,13.22,12.94,13.03,13.18,-0.15,-1.1381,35021.71,45850.695
605598.SH,20240105,25.03,25.2,24.21,24.45,25.03,-0.58,-2.3172,11465.2,28225.725
688392.SH,20240105,78.49,79.44,74.01,75.9,79.13,-3.23,-4.0819,10314.83,78383.636
605001.SH,20240105,6.83,6.85,6.62,6.66,6.78,-0.12,-1.7699,25710.4,17293.634
605566.SH,20240105,23.4,23.58,22.13,22.13,23.59,-1.46,-6.1891,26439.35,60120.025
688287.SH,20240105,9.97,10.0,9.78,9.81,9.95,-0.14,-1.407,33391.54,32964.995
688352.SH,20240105,13.6,13.84,13.26,13.37,13.56,-0.19,-1.4012,53356.88,72424.171
688025.SH,20240105,83.55,85.33,81.0,81.89,82.86,-0.97,-1.1706,13448.81,111831.298
603983.SH,20240105,27.35,28.19,27.25,27.44,27.5,-0.06,-0.2182,28393.85,78879.483
603089.SH,20240105,11.5,11.54,11.22,11.32,11.46,-0.14,-1.2216,22119.73,25171.97
603073.SH,20240105,20.5,20.51,20.11,20.22,20.39,-0.17,-0.8337,11544.93,23390.971
605009.SH,20240105,38.21,38.49,37.65,37.65,38.69,-1.04,-2.688,10712.14,40732.983
688370.SH,20240105,24.63,24.84,24.36,24.53,24.6,-0.07,-0.2846,2010.79,4950.366
688226.SH,20240105,18.31,18.36,17.67,17.87,18.2,-0.33,-1.8132,24263.1,43578.572
603416.SH,20240105,35.91,36.47,34.56,34.9,35.91,-1.01,-2.8126,19014.32,67115.374
603776.SH,20240105,14.08,14.26,13.81,13.87,14.11,-0.24,-1.7009,22840.0,32006.584
688129.SH,20240105,16.98,17.1,16.64,16.7,16.97,-0.27,-1.591,9245.64,15565.331
688023.SH,20240105,99.38,100.85,96.99,98.19,98.29,-0.1,-0.1017,12832.78,127288.483
603232.SH,20240105,13.89,13.94,13.53,13.64,13.83,-0.19,-1.3738,19747.0,27139.148
603989.SH,20240105,20.76,21.12,20.41,20.52,20.97,-0.45,-2.1459,22962.0,47428.013
603980.SH,20240105,4.78,4.86,4.74,4.75,4.8,-0.05,-1.0417,33771.8,16228.006
605008.SH,20240105,15.68,15.85,15.21,15.33,15.65,-0.32,-2.0447,16818.6,26064.578
603127.SH,20240105,22.85,23.06,22.26,22.37,22.91,-0.54,-2.357,81842.8,184775.957
603030.SH,20240105,2.82,2.85,2.74,2.77,2.84,-0.07,-2.4648,123295.87,34376.419
688118.SH,20240105,29.55,30.33,28.3,28.46,29.55,-1.09,-3.6887,28577.54,83090.519
688151.SH,20240105,18.9,18.92,18.54,18.65,18.85,-0.2,-1.061,5849.81,10973.823
603901.SH,20240105,11.75,12.0,11.11,11.16,11.54,-0.38,-3.2929,39974.24,45488.049
605333.SH,20240105,19.24,19.24,18.65,18.85,19.14,-0.29,-1.5152,25221.0,47825.771
688371.SH,20240105,16.3,16.42,15.57,15.65,16.25,-0.6,-3.6923,27982.44,44608.179
601919.SH,20240105,10.11,10.16,9.96,10.01,10.07,-0.06,-0.5958,843040.26,848524.181
603439.SH,20240105,19.58,19.85,19.18,19.28,19.75,-0.47,-2.3797,37602.0,73295.006
603992.SH,20240105,18.39,19.65,18.24,18.4,18.53,-0.13,-0.7016,43634.16,81770.011
603198.SH,20240105,61.88,62.37,60.69,60.99,62.09,-1.1,-1.7716,26723.16,164260.625
603011.SH,20240105,7.89,8.02,7.51,7.55,8.02,-0.47,-5.8603,425849.22,328666.033
603012.SH,20240105,6.04,6.07,5.93,5.96,6.05,-0.09,-1.4876,81536.0,48858.287
603033.SH,20240105,15.41,15.52,15.17,15.28,15.41,-0.13,-0.8436,24360.12,37309.466
603869.SH,20240105,9.48,9.53,9.27,9.33,9.51,-0.18,-1.8927,60816.88,57147.148
603080.SH,20240105,17.19,17.23,16.84,16.95,17.11,-0.16,-0.9351,25304.0,43179.455
688293.SH,20240105,56.08,56.08,51.5,51.8,53.49,-1.69,-3.1595,7281.71,38138.626
605289.SH,20240105,52.35,53.77,51.05,52.0,52.36,-0.36,-0.6875,25042.25,131127.798
688117.SH,20240105,27.01,27.37,26.09,26.19,27.45,-1.26,-4.5902,17393.8,46401.406
688139.SH,20240105,39.99,40.08,38.55,38.62,39.7,-1.08,-2.7204,13306.61,52217.102
603895.SH,20240105,26.01,27.32,25.78,27.02,26.05,0.97,3.7236,41089.33,109888.388
688408.SH,20240105,67.53,68.87,65.05,65.7,68.17,-2.47,-3.6233,23393.57,155582.653
603223.SH,20240105,9.78,9.93,9.6,9.72,9.76,-0.04,-0.4098,36137.65,35292.349
688361.SH,20240105,68.59,68.77,65.65,66.44,67.66,-1.22,-1.8031,16096.55,108152.764
688256.SH,20240105,127.89,128.72,123.8,125.1,127.6,-2.5,-1.9592,44137.51,554913.435
688286.SH,20240105,66.99,66.99,62.37,63.28,66.59,-3.31,-4.9707,11392.19,73144.369
688111.SH,20240105,271.5,273.87,266.0,269.95,271.75,-1.8,-0.6624,29583.29,796854.105
603488.SH,20240105,10.58,10.79,10.2,10.24,10.68,-0.44,-4.1199,136375.0,141505.642
688037.SH,20240105,124.3,125.25,121.21,122.0,123.6,-1.6,-1.2945,15189.21,187091.263
688200.SH,20240105,108.6,110.47,105.02,105.53,108.65,-3.12,-2.8716,6010.08,64362.49
603351.SH,20240105,26.53,26.76,26.06,26.16,26.53,-0.37,-1.3946,3758.52,9948.048
688146.SH,20240105,32.75,33.05,31.98,32.11,32.8,-0.69,-2.1037,11692.38,37980.831
603982.SH,20240105,14.0,14.17,13.65,13.71,14.02,-0.31,-2.2111,34584.6,47985.441
688167.SH,20240105,105.0,106.49,102.55,103.49,104.2,-0.71,-0.6814,17054.25,178350.054
603387.SH,20240105,11.12,11.12,10.84,10.89,11.06,-0.17,-1.5371,21621.92,23657.71
603058.SH,20240105,9.35,9.56,9.17,9.25,9.36,-0.11,-1.1752,50678.0,47379.536
603267.SH,20240105,48.78,48.89,46.23,46.63,48.71,-2.08,-4.2702,40227.72,190417.968
603187.SH,20240105,14.99,15.2,14.73,14.79,14.97,-0.18,-1.2024,26778.09,40121.379
688507.SH,20240105,127.67,128.63,123.18,125.27,127.7,-2.43,-1.9029,2962.77,37173.17
603298.SH,20240105,24.96,25.48,24.93,25.3,25.03,0.27,1.0787,44104.25,111531.462
603125.SH,20240105,29.5,29.7,29.08,29.23,29.49,-0.26,-0.8817,11050.12,32449.774
688005.SH,20240105,37.75,39.1,36.75,37.0,37.5,-0.5,-1.3333,50289.89,190896.557
688305.SH,20240105,75.39,75.77,72.62,73.47,75.43,-1.96,-2.5984,4742.37,35284.907
603578.SH,20240105,14.45,14.55,14.08,14.16,14.46,-0.3,-2.0747,19999.22,28615.808
688315.SH,20240105,22.19,22.19,21.22,21.32,21.94,-0.62,-2.8259,11772.46,25496.694
688020.SH,20240105,47.92,47.92,46.5,46.81,47.56,-0.75,-1.577,8427.58,39707.053
688015.SH,20240105,18.44,18.64,18.1,18.15,18.44,-0.29,-1.5727,4220.99,7761.4
605186.SH,20240105,39.0,39.35,37.57,37.67,39.0,-1.33,-3.4103,8019.0,30626.444
688150.SH,20240105,20.07,20.7,19.78,20.0,20.0,0.0,0.0,35414.0,71708.875
688107.SH,20240105,34.35,34.73,33.43,33.51,34.18,-0.67,-1.9602,10088.44,34289.537
688671.SH,20240105,33.95,34.05,33.03,33.15,33.69,-0.54,-1.6028,6550.96,21994.207
603759.SH,20240105,8.44,8.48,8.26,8.27,8.44,-0.17,-2.0142,52174.95,43594.478
603043.SH,20240105,19.18,19.27,18.91,18.99,19.26,-0.27,-1.4019,14729.77,28117.472
688685.SH,20240105,28.29,29.0,27.8,28.36,28.33,0.03,0.1059,31120.69,88488.986
603006.SH,20240105,12.89,13.04,12.52,12.61,12.85,-0.24,-1.8677,36870.0,47046.323
688535.SH,20240105,82.69,83.0,76.81,77.87,82.16,-4.29,-5.2215,21500.25,169693.931
605589.SH,20240105,22.39,22.39,21.6,21.81,22.31,-0.5,-2.2411,64014.26,139928.019
688381.SH,20240105,24.65,24.9,24.1,24.26,24.63,-0.37,-1.5022,12291.29,30063.568
603444.SH,20240105,238.7,238.7,230.69,232.7,237.32,-4.62,-1.9467,9655.72,226102.616
605011.SH,20240105,28.02,28.21,26.65,27.0,28.02,-1.02,-3.6403,106281.0,291656.535
603963.SH,20240105,11.88,12.2,11.82,11.88,11.99,-0.11,-0.9174,38334.0,45933.315
605300.SH,20240105,16.23,16.42,15.6,15.61,16.09,-0.48,-2.9832,44299.99,70465.712
603536.SH,20240105,14.08,14.55,12.83,13.15,14.19,-1.04,-7.3291,254084.36,346311.076
603959.SH,20240105,8.87,8.93,8.46,8.51,8.87,-0.36,-4.0586,94861.6,82145.373
603389.SH,20240105,6.92,7.12,6.87,6.92,6.89,0.03,0.4354,122530.6,85426.036
603396.SH,20240105,56.46,57.75,53.0,54.44,57.55,-3.11,-5.404,112372.95,618788.152
603612.SH,20240105,14.99,15.25,14.63,14.7,15.05,-0.35,-2.3256,37682.27,56249.379
605255.SH,20240105,17.64,17.92,17.29,17.37,17.63,-0.26,-1.4748,17473.0,30727.361
688201.SH,20240105,18.74,19.01,18.43,18.49,18.84,-0.35,-1.8577,13726.72,25689.435
603890.SH,20240105,11.85,12.27,11.39,11.73,11.62,0.11,0.9466,270088.89,318713.822
603225.SH,20240105,14.32,14.4,14.22,14.29,14.3,-0.01,-0.0699,49012.92,70106.615
688001.SH,20240105,31.56,32.2,30.93,31.2,31.76,-0.56,-1.7632,14032.24,44205.242
605108.SH,20240105,30.45,30.7,29.76,29.84,30.45,-0.61,-2.0033,5704.0,17203.48
688067.SH,20240105,24.07,24.18,23.66,23.69,24.03,-0.34,-1.4149,7099.9,16966.525
688026.SH,20240105,17.25,17.28,16.5,16.72,17.25,-0.53,-3.0725,15255.68,25768.554
688101.SH,20240105,13.58,13.75,13.4,13.47,13.61,-0.14,-1.0287,10414.51,14069.421
688786.SH,20240105,44.11,45.2,43.51,43.8,44.23,-0.43,-0.9722,4124.02,18268.187
603866.SH,20240105,7.49,7.52,7.37,7.39,7.5,-0.11,-1.4667,68800.7,51257.452
688113.SH,20240105,45.76,45.87,43.8,43.92,44.87,-0.95,-2.1172,1201.11,5353.532
603113.SH,20240105,8.28,8.37,8.18,8.24,8.28,-0.04,-0.4831,41606.16,34471.156
688662.SH,20240105,34.96,37.49,34.96,35.19,34.42,0.77,2.2371,31169.59,112695.765
603272.SH,20240105,17.45,17.68,17.26,17.31,17.45,-0.14,-0.8023,12242.9,21311.014
688657.SH,20240105,83.0,84.87,81.84,82.04,83.5,-1.46,-1.7485,6720.33,55983.325
603112.SH,20240105,12.24,12.4,12.0,12.02,12.16,-0.14,-1.1513,17570.0,21330.503
603160.SH,20240105,65.5,66.35,64.42,64.71,65.9,-1.19,-1.8058,24055.18,156937.928
603630.SH,20240105,15.64,15.86,15.35,15.46,15.71,-0.25,-1.5913,17992.36,28094.603
603055.SH,20240105,11.55,11.7,11.34,11.39,11.65,-0.26,-2.2318,74020.0,84935.096
603799.SH,20240105,31.08,32.07,30.5,30.73,31.26,-0.53,-1.6955,216956.54,678832.567
605006.SH,20240105,6.97,7.04,6.89,6.92,6.99,-0.07,-1.0014,15157.6,10562.921
603193.SH,20240105,18.03,18.25,17.46,17.54,18.19,-0.65,-3.5734,68338.1,121807.063
603662.SH,20240105,33.2,33.62,32.01,32.29,32.9,-0.61,-1.8541,78840.79,257383.218
603931.SH,20240105,24.6,24.74,23.91,24.08,24.62,-0.54,-2.1933,8812.08,21404.728
603506.SH,20240105,11.23,11.36,11.1,11.13,11.19,-0.06,-0.5362,20754.54,23322.093
688217.SH,20240105,35.93,36.06,35.0,35.24,35.77,-0.53,-1.4817,4204.44,14935.745
688478.SH,20240105,45.86,46.88,45.26,45.6,45.76,-0.16,-0.3497,9358.32,43214.07
605123.SH,20240105,90.99,91.0,83.63,84.1,91.03,-6.93,-7.6129,22423.0,193911.118
603915.SH,20240105,15.45,15.7,14.97,15.06,15.52,-0.46,-2.9639,35595.12,54267.454
603500.SH,20240105,12.47,12.72,12.37,12.41,12.47,-0.06,-0.4812,26679.4,33427.992
603596.SH,20240105,64.1,64.5,62.35,62.87,64.18,-1.31,-2.0411,31546.23,199649.266
603390.SH,20240105,11.16,11.35,10.56,10.7,10.98,-0.28,-2.5501,482304.69,528543.048
688009.SH,20240105,4.35,4.39,4.32,4.34,4.35,-0.01,-0.2299,233834.15,101759.332
688396.SH,20240105,43.29,43.6,42.66,42.94,43.2,-0.26,-0.6019,24169.63,104370.174
688313.SH,20240105,12.0,12.03,11.48,11.58,12.03,-0.45,-3.7406,72898.15,85385.525
603583.SH,20240105,19.8,20.39,19.58,19.83,19.76,0.07,0.3543,44825.49,89153.242
688631.SH,20240105,33.0,33.28,32.0,32.23,32.99,-0.76,-2.3037,8033.59,26105.19
603200.SH,20240105,23.34,23.34,21.92,22.12,21.22,0.9,4.2413,173864.56,397852.305
603986.SH,20240105,80.65,82.25,78.39,79.7,81.3,-1.6,-1.968,171855.08,1378582.749
603075.SH,20240105,23.79,26.49,23.79,26.49,24.08,2.41,10.0083,103695.12,268921.671
688070.SH,20240105,33.08,33.5,32.1,32.23,33.0,-0.77,-2.3333,2464.29,8041.027
688084.SH,20240105,75.79,76.0,71.61,72.6,74.35,-1.75,-2.3537,2328.57,17021.155
603097.SH,20240105,26.82,28.3,24.5,27.58,25.73,1.85,7.1901,261387.99,711818.254
603499.SH,20240105,10.86,11.07,10.67,10.75,10.9,-0.15,-1.3761,21514.0,23337.506
603220.SH,20240105,31.1,31.16,29.88,30.15,31.1,-0.95,-3.0547,190431.48,579729.283
688252.SH,20240105,18.31,18.4,17.44,17.68,18.31,-0.63,-3.4407,29823.71,53237.751
688698.SH,20240105,34.05,34.94,33.82,34.16,34.05,0.11,0.3231,12761.45,43876.981
603216.SH,20240105,13.31,13.4,13.16,13.23,13.3,-0.07,-0.5263,11861.18,15750.991
603580.SH,20240105,15.2,15.3,14.84,14.99,15.2,-0.21,-1.3816,27124.0,40753.563
688089.SH,20240105,17.39,17.53,17.06,17.1,17.44,-0.34,-1.9495,19510.47,33646.606
603685.SH,20240105,15.54,15.82,15.28,15.4,15.54,-0.14,-0.9009,12953.0,20146.026
603045.SH,20240105,16.25,16.87,15.8,15.86,16.08,-0.22,-1.3682,63222.38,102746.476
605128.SH,20240105,57.16,58.48,56.13,56.3,57.49,-1.19,-2.0699,7027.86,40141.809
688651.SH,20240105,45.26,45.7,44.5,44.66,45.25,-0.59,-1.3039,3521.84,15896.624
688367.SH,20240105,18.1,18.22,17.78,17.84,18.01,-0.17,-0.9439,6879.5,12368.648
603222.SH,20240105,7.97,8.03,7.85,7.87,8.01,-0.14,-1.7478,39510.02,31366.95
688309.SH,20240105,20.66,20.66,19.96,20.04,20.46,-0.42,-2.0528,3891.39,7879.585
688623.SH,20240105,69.6,69.92,68.93,69.11,69.57,-0.46,-0.6612,3601.01,25040.662
603129.SH,20240105,103.0,104.15,101.0,101.61,103.86,-2.25,-2.1664,13889.16,142486.814
688209.SH,20240105,16.54,16.7,15.98,16.06,16.61,-0.55,-3.3113,35427.44,57693.437
688071.SH,20240105,47.26,48.25,45.13,45.7,47.02,-1.32,-2.8073,9635.05,44802.11
603101.SH,20240105,6.91,6.91,6.74,6.76,6.86,-0.1,-1.4577,36439.56,24784.489
603326.SH,20240105,9.65,9.77,9.49,9.52,9.67,-0.15,-1.5512,63663.0,61297.596
688235.SH,20240105,133.0,133.8,128.88,129.55,134.9,-5.35,-3.9659,20140.73,263531.173
603121.SH,20240105,10.53,10.64,10.08,10.17,10.44,-0.27,-2.5862,139732.83,143261.758
688007.SH,20240105,24.59,24.92,23.98,24.23,24.59,-0.36,-1.464,50563.66,123239.872
603345.SH,20240105,98.23,98.23,94.49,94.75,98.3,-3.55,-3.6114,41644.43,398339.308
605081.SH,20240105,14.16,14.21,13.8,13.84,14.16,-0.32,-2.2599,18026.3,25142.863
603273.SH,20240105,26.51,28.1,26.13,26.92,26.51,0.41,1.5466,308766.6,839473.578
688075.SH,20240105,40.33,40.33,39.52,39.53,40.21,-0.68,-1.6911,3450.24,13737.575
603319.SH,20240105,17.36,17.39,16.75,16.83,17.25,-0.42,-2.4348,29791.36,50721.983
688066.SH,20240105,33.51,33.51,31.13,31.56,33.36,-1.8,-5.3957,107364.21,345008.232
688479.SH,20240105,22.46,22.7,22.1,22.2,22.46,-0.26,-1.1576,5546.2,12434.013
601929.SH,20240105,1.86,1.86,1.8,1.82,1.86,-0.04,-2.1505,1035307.78,189499.742
688379.SH,20240105,20.27,20.43,19.7,19.81,20.17,-0.36,-1.7848,9666.78,19371.152
688439.SH,20240105,85.76,86.75,82.4,82.82,85.95,-3.13,-3.6417,8622.96,72556.582
605086.SH,20240105,26.5,26.6,25.19,25.32,26.4,-1.08,-4.0909,50109.02,128554.279
603876.SH,20240105,11.39,11.81,11.29,11.34,11.42,-0.08,-0.7005,130921.3,151131.706
688248.SH,20240105,24.22,24.63,23.61,23.8,24.38,-0.58,-2.379,19944.84,48050.197
605058.SH,20240105,22.5,22.78,22.19,22.3,22.53,-0.23,-1.0209,11787.5,26483.526
688448.SH,20240105,35.92,37.07,35.65,35.87,36.2,-0.33,-0.9116,4328.95,15679.034
603458.SH,20240105,8.92,8.97,8.8,8.84,8.89,-0.05,-0.5624,30928.17,27531.391
603505.SH,20240105,26.92,27.19,26.16,26.38,26.84,-0.46,-1.7139,23320.25,61890.392
688529.SH,20240105,23.05,23.14,22.34,22.41,22.79,-0.38,-1.6674,5906.8,13433.497
688048.SH,20240105,57.4,57.87,55.3,55.76,57.53,-1.77,-3.0767,17992.22,101832.15
603858.SH,20240105,17.07,17.13,16.84,16.93,17.07,-0.14,-0.8202,41696.02,70907.075
688208.SH,20240105,22.57,23.04,22.31,22.41,22.69,-0.28,-1.234,35474.57,80429.799
688108.SH,20240105,11.68,11.72,10.94,11.08,11.71,-0.63,-5.38,69404.91,78110.87
603088.SH,20240105,8.23,8.29,8.03,8.09,8.25,-0.16,-1.9394,78552.5,64038.011
605376.SH,20240105,26.83,27.45,26.13,26.3,27.01,-0.71,-2.6287,15837.0,42220.812
603059.SH,20240105,23.36,24.63,23.36,23.58,23.57,0.01,0.0424,17818.26,42710.499
603568.SH,20240105,16.38,16.85,16.35,16.82,16.47,0.35,2.1251,54303.45,91009.438
603165.SH,20240105,12.17,12.36,12.07,12.16,12.22,-0.06,-0.491,43379.0,53014.31
601995.SH,20240105,36.8,37.14,36.28,36.44,36.85,-0.41,-1.1126,122636.38,450578.837
688548.SH,20240105,12.57,12.71,12.24,12.29,12.65,-0.36,-2.8458,45458.89,56530.447
688450.SH,20240105,36.2,36.6,35.67,35.87,36.15,-0.28,-0.7746,2530.01,9118.37
603613.SH,20240105,23.74,23.88,23.27,23.39,23.74,-0.35,-1.4743,210906.46,495411.634
603191.SH,20240105,16.59,16.6,15.96,16.03,16.68,-0.65,-3.8969,106992.61,174046.108
688006.SH,20240105,22.77,23.39,22.23,22.29,22.83,-0.54,-2.3653,32679.25,74451.557
688260.SH,20240105,27.5,27.77,26.0,26.21,27.3,-1.09,-3.9927,24615.49,65337.936
688234.SH,20240105,64.88,65.31,62.1,62.49,65.2,-2.71,-4.1564,32645.92,206905.21
603063.SH,20240105,23.79,24.2,23.43,23.62,23.72,-0.1,-0.4216,42839.98,101972.794
688700.SH,20240105,53.96,55.25,51.2,51.55,54.5,-2.95,-5.4128,29046.18,152937.423
605507.SH,20240105,17.62,17.68,17.33,17.41,17.66,-0.25,-1.4156,13048.59,22840.816
603638.SH,20240105,15.7,15.77,15.2,15.25,15.67,-0.42,-2.6803,18016.0,27864.95
688135.SH,20240105,21.73,21.8,20.6,20.78,21.73,-0.95,-4.3718,24112.47,50808.375
603559.SH,20240105,7.95,8.04,7.73,7.82,7.96,-0.14,-1.7588,4234.0,3336.374
603116.SH,20240105,6.44,6.55,6.34,6.37,6.44,-0.07,-1.087,42788.6,27538.243
689009.SH,20240105,27.55,28.06,26.86,26.93,27.48,-0.55,-2.0015,38003.81,103936.492
603056.SH,20240105,14.79,14.83,14.6,14.74,14.79,-0.05,-0.3381,25881.48,38126.248
688237.SH,20240105,36.24,37.0,35.69,36.12,36.79,-0.67,-1.8211,3123.24,11315.183
605179.SH,20240105,14.6,16.13,14.55,14.96,14.66,0.3,2.0464,213939.0,331184.723
688772.SH,20240105,20.79,21.0,17.71,18.48,21.0,-2.52,-12.0,447170.16,838006.95
603379.SH,20240105,34.98,36.36,34.15,34.5,34.8,-0.3,-0.8621,64806.99,227713.194
688021.SH,20240105,20.65,20.7,20.1,20.25,20.45,-0.2,-0.978,10569.51,21527.686
688403.SH,20240105,9.9,10.06,9.73,9.83,9.92,-0.09,-0.9073,49427.53,48922.805
688091.SH,20240105,65.36,65.58,63.3,63.62,65.22,-1.6,-2.4532,6634.23,42583.817
688515.SH,20240105,89.19,89.76,84.9,85.52,89.19,-3.67,-4.1148,4763.46,41379.519
688312.SH,20240105,20.8,21.3,20.69,20.84,20.75,0.09,0.4337,16266.0,34059.516
603993.SH,20240105,5.3,5.44,5.23,5.27,5.2,0.07,1.3462,1905776.16,1014811.282
688707.SH,20240105,19.45,20.04,18.98,19.11,19.46,-0.35,-1.7986,26954.33,52398.513
688127.SH,20240105,22.15,22.6,21.66,21.89,22.14,-0.25,-1.1292,37680.78,82809.113
603032.SH,20240105,19.64,19.95,18.94,19.05,19.42,-0.37,-1.9053,65147.54,126627.984
603779.SH,20240105,9.7,9.83,9.37,9.45,9.81,-0.36,-3.6697,269303.27,258242.189
688292.SH,20240105,26.13,26.2,24.95,25.24,25.83,-0.59,-2.2842,24385.12,62247.291
605050.SH,20240105,12.46,12.68,12.09,12.12,12.41,-0.29,-2.3368,51101.0,62959.191
603330.SH,20240105,7.5,7.59,7.26,7.31,7.46,-0.15,-2.0107,44287.1,32818.213
603115.SH,20240105,14.67,14.9,14.42,14.54,14.77,-0.23,-1.5572,17550.0,25659.835
603203.SH,20240105,27.5,27.67,26.4,26.66,27.53,-0.87,-3.1602,9324.87,25115.356
688053.SH,20240105,47.35,47.87,46.6,47.14,47.74,-0.6,-1.2568,2972.48,14028.654
605287.SH,20240105,17.0,17.64,16.93,17.0,17.06,-0.06,-0.3517,50928.79,87479.831
603368.SH,20240105,19.59,19.61,19.27,19.4,19.64,-0.24,-1.222,41107.91,79938.601
603186.SH,20240105,32.62,33.28,31.67,31.97,32.39,-0.42,-1.2967,21712.0,70351.602
688539.SH,20240105,43.65,44.58,42.35,42.9,43.62,-0.72,-1.6506,11262.58,48860.427
603998.SH,20240105,11.48,11.53,11.14,11.18,11.47,-0.29,-2.5283,50727.0,57152.983
688552.SH,20240105,22.8,22.86,21.99,22.13,22.76,-0.63,-2.768,28324.71,63419.42
605199.SH,20240105,15.2,15.2,14.88,14.95,15.18,-0.23,-1.5152,27925.38,42043.533
603281.SH,20240105,25.71,26.06,25.11,25.36,25.73,-0.37,-1.438,11617.6,29711.214
603008.SH,20240105,16.94,17.2,16.84,16.94,17.04,-0.1,-0.5869,30114.0,51230.143
603041.SH,20240105,13.72,13.74,13.36,13.4,13.67,-0.27,-1.9751,25900.0,34979.239
603009.SH,20240105,14.65,14.93,13.99,14.1,14.65,-0.55,-3.7543,111895.5,160837.168
603697.SH,20240105,9.06,9.18,8.96,9.0,9.07,-0.07,-0.7718,33649.6,30481.382
603331.SH,20240105,13.2,13.35,12.92,13.02,13.24,-0.22,-1.6616,13134.01,17208.936
603629.SH,20240105,30.18,30.26,28.91,29.16,30.2,-1.04,-3.4437,78964.44,232999.333
603919.SH,20240105,23.45,23.78,23.26,23.48,23.49,-0.01,-0.0426,23470.9,55320.204
603939.SH,20240105,41.25,41.77,40.61,41.02,41.19,-0.17,-0.4127,73642.67,303529.113
603800.SH,20240105,25.85,26.27,25.65,25.72,26.01,-0.29,-1.115,8092.02,20934.085
688389.SH,20240105,21.5,21.5,20.5,20.61,21.59,-0.98,-4.5391,43999.08,91437.619
688485.SH,20240105,13.83,13.99,13.66,13.74,13.87,-0.13,-0.9373,6015.85,8305.646
688496.SH,20240105,21.68,22.26,20.23,20.58,21.46,-0.88,-4.1007,104325.85,219736.563
688303.SH,20240105,28.87,29.27,28.68,28.85,29.0,-0.15,-0.5172,37772.58,109491.939
603683.SH,20240105,11.42,11.51,11.05,11.13,11.42,-0.29,-2.5394,31648.8,35583.81
603053.SH,20240105,10.7,10.73,10.5,10.56,10.65,-0.09,-0.8451,28368.0,30086.007
603486.SH,20240105,38.71,39.92,38.5,38.9,38.8,0.1,0.2577,57478.22,225934.628
688279.SH,20240105,111.02,112.8,108.0,109.0,113.0,-4.0,-3.5398,8080.46,88464.297
603786.SH,20240105,66.58,67.0,64.91,65.31,66.44,-1.13,-1.7008,6761.0,44371.94
603081.SH,20240105,13.95,14.6,13.52,13.53,13.56,-0.03,-0.2212,261911.13,367942.788
688267.SH,20240105,19.15,19.37,18.87,18.93,19.14,-0.21,-1.0972,4557.74,8691.894
603182.SH,20240105,15.0,15.2,14.81,14.9,15.07,-0.17,-1.1281,12205.63,18349.639
603151.SH,20240105,15.11,15.23,14.87,14.96,15.12,-0.16,-1.0582,8781.95,13200.509
688055.SH,20240105,4.74,4.79,4.67,4.7,4.75,-0.05,-1.0526,46858.95,22154.293
603185.SH,20240105,31.79,32.32,30.7,31.08,31.82,-0.74,-2.3256,55575.49,174968.238
688138.SH,20240105,21.22,21.56,20.19,20.46,21.37,-0.91,-4.2583,29687.52,61749.849
603599.SH,20240105,14.51,14.58,14.24,14.27,14.48,-0.21,-1.4503,44123.99,63704.344
603233.SH,20240105,25.6,25.81,25.4,25.6,25.65,-0.05,-0.1949,41699.79,106696.612
688060.SH,20240105,45.98,46.68,44.5,44.76,45.95,-1.19,-2.5898,2941.26,13330.938
603176.SH,20240105,6.36,6.41,6.27,6.29,6.36,-0.07,-1.1006,19309.01,12242.071
688177.SH,20240105,39.85,39.85,38.1,38.4,39.9,-1.5,-3.7594,16717.59,64592.736
688380.SH,20240105,22.66,22.88,21.79,21.95,22.57,-0.62,-2.747,20246.72,45199.766
603069.SH,20240105,17.27,17.28,16.81,16.83,17.33,-0.5,-2.8852,34239.43,58327.918
603787.SH,20240105,13.05,13.11,12.68,12.75,12.98,-0.23,-1.772,24898.68,32009.081
688170.SH,20240105,35.64,35.84,34.33,34.57,35.78,-1.21,-3.3818,13980.53,48953.746
603020.SH,20240105,8.32,8.4,8.21,8.22,8.35,-0.13,-1.5569,23504.0,19522.152
603183.SH,20240105,4.86,4.87,4.76,4.78,4.83,-0.05,-1.0352,54371.84,26180.682
688099.SH,20240105,56.0,57.69,55.42,55.5,56.84,-1.34,-2.3575,29161.65,163193.998
603338.SH,20240105,50.4,51.05,50.05,50.29,50.74,-0.45,-0.8869,16817.64,85183.474
688787.SH,20240105,69.39,69.83,66.1,66.56,68.9,-2.34,-3.3962,12547.8,85061.963
603226.SH,20240105,7.23,7.24,6.47,6.75,7.19,-0.44,-6.1196,140215.29,96227.696
603106.SH,20240105,8.65,8.78,8.24,8.36,8.65,-0.29,-3.3526,377958.5,319132.228
688137.SH,20240105,53.13,53.59,51.64,52.0,53.12,-1.12,-2.1084,3862.33,20301.503
603131.SH,20240105,14.64,14.64,13.96,14.02,14.46,-0.44,-3.0429,42379.4,60288.758
603937.SH,20240105,13.0,13.08,12.67,12.73,12.99,-0.26,-2.0015,28250.0,36185.994
603108.SH,20240105,19.48,19.63,18.43,18.69,19.75,-1.06,-5.3671,320235.05,606407.021
603687.SH,20240105,11.64,11.84,11.54,11.66,11.7,-0.04,-0.3419,71971.69,84346.191
688052.SH,20240105,159.4,160.35,155.2,156.71,160.05,-3.34,-2.0868,7439.9,117110.254
603656.SH,20240105,15.49,15.79,14.95,15.05,15.37,-0.32,-2.082,76624.64,117154.911
605277.SH,20240105,14.54,14.82,14.21,14.34,14.6,-0.26,-1.7808,37514.45,54503.777
688382.SH,20240105,14.25,14.31,13.83,13.88,14.28,-0.4,-2.8011,32675.73,45759.887
603655.SH,20240105,21.34,21.72,20.83,20.96,21.3,-0.34,-1.5962,8835.0,18716.775
688031.SH,20240105,61.79,62.39,58.06,59.32,60.3,-0.98,-1.6252,23568.9,142079.005
603508.SH,20240105,15.75,15.75,15.33,15.39,15.62,-0.23,-1.4725,19822.56,30761.293
688549.SH,20240105,8.06,8.16,7.9,7.97,8.07,-0.1,-1.2392,74024.86,59461.885
603090.SH,20240105,23.06,23.3,22.5,22.59,23.04,-0.45,-1.9531,19807.0,45185.138
603235.SH,20240105,23.7,23.93,23.45,23.5,23.7,-0.2,-0.8439,8207.0,19463.527
603639.SH,20240105,16.08,16.09,15.75,15.83,16.05,-0.22,-1.3707,16015.28,25504.001
688653.SH,20240105,19.03,19.17,18.34,18.47,18.91,-0.44,-2.3268,19640.97,36863.786
605266.SH,20240105,61.0,62.38,60.62,61.08,61.06,0.02,0.0328,6158.13,38024.24
603778.SH,20240105,5.45,5.48,5.19,5.22,5.47,-0.25,-4.5704,186825.0,99189.263
688270.SH,20240105,64.9,64.9,61.68,62.0,64.95,-2.95,-4.542,22599.04,141337.642
603666.SH,20240105,30.3,30.37,28.87,29.13,30.06,-0.93,-3.0938,20742.0,61217.305
688158.SH,20240105,15.7,15.82,15.04,15.19,15.69,-0.5,-3.1867,77675.95,119266.377
603616.SH,20240105,5.64,5.7,5.54,5.57,5.67,-0.1,-1.7637,60609.0,34113.038
688162.SH,20240105,30.66,31.17,30.09,30.16,30.7,-0.54,-1.759,4322.55,13174.75
688625.SH,20240105,36.2,36.92,35.7,36.6,36.6,0.0,0.0,7424.55,26867.021
688130.SH,20240105,40.67,40.67,39.67,39.96,40.17,-0.21,-0.5228,2985.74,11957.732
603538.SH,20240105,19.06,19.13,18.64,18.71,19.12,-0.41,-2.1444,18941.72,35722.304
605296.SH,20240105,30.73,31.58,30.45,30.65,31.06,-0.41,-1.32,19242.29,59463.721
688393.SH,20240105,25.35,25.35,24.67,24.76,25.3,-0.54,-2.1344,9748.3,24357.447
605068.SH,20240105,21.74,21.8,21.0,21.08,21.65,-0.57,-2.6328,9928.0,21153.227
605033.SH,20240105,18.84,19.07,17.85,17.89,18.79,-0.9,-4.7898,44399.22,82402.197
603290.SH,20240105,167.0,170.3,164.08,166.19,167.25,-1.06,-0.6338,13558.66,227025.629
605599.SH,20240105,14.84,15.03,14.61,14.68,14.84,-0.16,-1.0782,23156.0,34207.506
603062.SH,20240105,59.28,60.28,59.09,59.4,59.28,0.12,0.2024,8184.68,48763.846
688008.SH,20240105,56.0,56.7,55.22,55.66,55.89,-0.23,-0.4115,65363.37,366165.293
688207.SH,20240105,19.66,19.7,18.9,19.02,19.58,-0.56,-2.8601,47732.15,91970.306
603028.SH,20240105,11.2,11.34,10.86,10.95,11.24,-0.29,-2.5801,49815.5,55038.727
603970.SH,20240105,15.99,16.06,15.51,15.75,16.07,-0.32,-1.9913,23310.51,36710.223
603122.SH,20240105,8.29,8.29,8.04,8.08,8.26,-0.18,-2.1792,39607.0,32283.463
688198.SH,20240105,121.66,122.58,116.02,116.28,121.06,-4.78,-3.9485,2636.31,31130.859
603173.SH,20240105,22.42,22.62,22.17,22.3,22.63,-0.33,-1.4582,18065.67,40467.585
603218.SH,20240105,11.94,12.08,11.59,11.64,12.0,-0.36,-3.0,96039.84,113298.786
688409.SH,20240105,70.93,71.3,69.52,70.4,70.89,-0.49,-0.6912,8066.64,56815.913
605258.SH,20240105,27.32,27.9,26.64,26.79,27.34,-0.55,-2.0117,11950.0,32597.653
601921.SH,20240105,7.87,7.88,7.66,7.72,7.88,-0.16,-2.0305,135236.0,105057.495
688190.SH,20240105,68.08,68.48,63.81,64.51,68.45,-3.94,-5.756,9862.13,64982.423
603893.SH,20240105,59.78,60.55,58.05,58.44,59.78,-1.34,-2.2416,18977.92,112218.809
688468.SH,20240105,10.58,10.58,10.22,10.28,10.59,-0.31,-2.9273,21210.28,22038.941
603156.SH,20240105,20.85,21.27,20.84,21.01,20.82,0.19,0.9126,46744.13,98773.318
688126.SH,20240105,16.8,17.2,16.64,16.8,16.77,0.03,0.1789,104399.22,176974.535
688687.SH,20240105,34.83,34.83,31.08,31.27,34.74,-3.47,-9.9885,82751.61,268318.342
603316.SH,20240105,7.11,7.19,6.98,7.08,7.13,-0.05,-0.7013,53947.0,38199.57
603507.SH,20240105,25.49,25.89,24.42,24.62,25.59,-0.97,-3.7905,43856.44,109806.586
603258.SH,20240105,23.25,23.29,22.8,22.92,23.31,-0.39,-1.6731,29922.0,68898.269
603949.SH,20240105,19.62,19.78,19.24,19.32,19.62,-0.3,-1.5291,51127.0,99384.098
688296.SH,20240105,17.91,17.91,16.9,17.1,17.19,-0.09,-0.5236,13074.95,22398.1
605358.SH,20240105,26.47,26.81,25.82,25.96,26.54,-0.58,-2.1854,50869.77,133456.886
603466.SH,20240105,14.56,14.7,13.93,14.15,14.82,-0.67,-4.5209,459650.85,657390.021
688696.SH,20240105,104.12,106.5,102.01,102.55,104.2,-1.65,-1.5835,5060.63,52838.722
688682.SH,20240105,45.01,45.58,43.91,44.21,45.74,-1.53,-3.345,3491.28,15593.088
603701.SH,20240105,15.61,15.75,15.15,15.21,15.65,-0.44,-2.8115,42623.1,65744.459
688311.SH,20240105,48.74,48.9,46.3,46.68,48.74,-2.06,-4.2265,36852.06,173645.016
688160.SH,20240105,54.7,55.49,53.24,54.41,54.7,-0.29,-0.5302,11102.32,60146.168
603888.SH,20240105,24.58,24.58,23.82,23.99,24.35,-0.36,-1.4784,58894.62,142527.419
603211.SH,20240105,19.58,20.3,18.93,19.26,20.02,-0.76,-3.7962,175099.02,340575.598
603988.SH,20240105,11.58,11.58,11.15,11.23,11.49,-0.26,-2.2628,31863.34,36055.499
688131.SH,20240105,47.48,48.18,46.5,46.6,47.48,-0.88,-1.8534,10779.5,50937.912
688230.SH,20240105,40.87,41.48,40.02,40.22,40.83,-0.61,-1.494,3430.49,13961.996
603990.SH,20240105,12.39,12.46,11.97,12.04,12.4,-0.36,-2.9032,37966.62,46307.73
688679.SH,20240105,13.4,13.58,13.16,13.23,13.35,-0.12,-0.8989,12062.27,16037.214
688081.SH,20240105,17.13,17.26,15.41,15.63,17.13,-1.5,-8.7566,36125.67,58354.28
688155.SH,20240105,53.95,54.8,52.6,52.87,54.2,-1.33,-2.4539,2889.82,15521.112
688163.SH,20240105,20.3,20.37,19.71,19.83,20.14,-0.31,-1.5392,6466.9,12924.392
688630.SH,20240105,78.94,79.45,76.36,76.68,79.18,-2.5,-3.1574,7597.23,59054.855
688369.SH,20240105,31.92,32.3,31.2,31.44,31.92,-0.48,-1.5038,17212.93,54542.25
605136.SH,20240105,9.96,10.02,9.73,9.78,9.94,-0.16,-1.6097,34055.0,33684.311
688316.SH,20240105,51.5,51.53,48.88,49.18,51.18,-2.0,-3.9078,12861.01,64404.472
605151.SH,20240105,19.26,19.35,18.72,18.85,19.26,-0.41,-2.1288,12350.0,23509.987
603096.SH,20240105,20.18,20.2,19.56,19.75,20.3,-0.55,-2.7094,17641.0,35051.714
603421.SH,20240105,9.21,9.24,8.98,9.04,9.19,-0.15,-1.6322,19891.4,18071.479
603801.SH,20240105,16.02,16.45,15.9,16.06,16.16,-0.1,-0.6188,43988.76,71145.273
688038.SH,20240105,14.1,14.29,13.9,14.0,14.05,-0.05,-0.3559,20252.21,28514.709
688508.SH,20240105,45.76,46.45,44.69,44.95,45.8,-0.85,-1.8559,11268.45,51273.972
603029.SH,20240105,23.0,23.38,21.58,21.72,22.79,-1.07,-4.695,172544.96,384766.675
688788.SH,20240105,37.8,38.39,36.9,37.04,37.9,-0.86,-2.2691,3265.91,12228.447
688187.SH,20240105,35.21,35.29,34.3,34.39,35.11,-0.72,-2.0507,35551.02,123719.279
603628.SH,20240105,21.2,23.87,21.0,23.44,21.7,1.74,8.0184,842729.52,1937821.854
605028.SH,20240105,19.61,19.96,19.53,19.61,19.67,-0.06,-0.305,18301.0,36137.979
301389.SZ,20240105,18.21,18.66,17.84,17.87,18.17,-0.3,-1.6511,35090.0,63833.376
300319.SZ,20240105,9.25,9.32,9.02,9.07,9.26,-0.19,-2.0518,103960.83,95189.937
300168.SZ,20240105,8.38,8.41,8.12,8.15,8.35,-0.2,-2.3952,88753.06,73256.233
600048.SH,20240105,9.12,9.37,9.06,9.17,9.15,0.02,0.2186,1018851.81,939879.23
301125.SZ,20240105,18.53,19.03,18.3,18.43,18.65,-0.22,-1.1796,13391.81,24912.919
920392.BJ,20240105,14.88,15.48,14.12,14.31,15.5,-1.19,-7.6774,24403.83,35853.65
300437.SZ,20240105,13.2,13.48,12.46,12.57,13.3,-0.73,-5.4887,131190.82,168334.35
601880.SH,20240105,1.45,1.46,1.44,1.44,1.46,-0.02,-1.3699,312242.94,45253.559
300576.SZ,20240105,38.21,38.52,37.11,37.36,38.35,-0.99,-2.5815,43719.75,164860.689
002151.SZ,20240105,31.1,31.1,30.27,30.45,30.97,-0.52,-1.679,42232.12,129331.946
920943.BJ,20240105,15.6,15.6,14.11,14.29,15.4,-1.11,-7.2078,18955.87,28064.455
300353.SZ,20240105,9.38,9.43,9.17,9.2,9.37,-0.17,-1.8143,41151.92,38208.588
000629.SZ,20240105,3.28,3.31,3.23,3.25,3.29,-0.04,-1.2158,345873.78,113275.331
600272.SH,20240105,12.91,13.17,12.35,12.55,13.18,-0.63,-4.78,271789.43,346014.596
600256.SH,20240105,7.72,7.85,7.6,7.65,7.73,-0.08,-1.0349,1208822.83,937251.448
002569.SZ,20240105,7.44,7.46,7.24,7.27,7.4,-0.13,-1.7568,7734.0,5685.823
002519.SZ,20240105,6.05,6.08,5.83,5.89,6.07,-0.18,-2.9654,169283.25,100723.729
002215.SZ,20240105,8.33,8.35,8.13,8.17,8.31,-0.14,-1.6847,97993.0,80578.495
300278.SZ,20240105,3.77,3.8,3.65,3.68,3.77,-0.09,-2.3873,147742.0,54858.507
600993.SH,20240105,24.52,24.65,24.08,24.19,24.56,-0.37,-1.5065,19863.23,48348.324
002261.SZ,20240105,15.0,15.03,14.51,14.65,15.17,-0.52,-3.4278,394155.04,582917.657
002380.SZ,20240105,17.14,17.15,16.62,16.69,17.05,-0.36,-2.1114,19438.0,32818.744
600863.SH,20240105,4.13,4.22,4.11,4.13,4.1,0.03,0.7317,1343219.28,558015.144
600748.SH,20240105,3.56,3.66,3.53,3.56,3.61,-0.05,-1.385,298912.61,107620.854
300802.SZ,20240105,18.34,18.45,17.69,17.78,18.22,-0.44,-2.4149,15295.5,27510.302
301518.SZ,20240105,23.2,23.85,23.09,23.8,23.16,0.64,2.7634,27725.55,65469.251
600170.SH,20240105,2.35,2.39,2.34,2.36,2.35,0.01,0.4255,749929.22,177575.543
600218.SH,20240105,9.38,9.41,9.12,9.17,9.35,-0.18,-1.9251,77910.4,72063.9
000553.SZ,20240105,6.99,7.03,6.84,6.85,6.99,-0.14,-2.0029,41412.0,28637.857
300878.SZ,20240105,25.55,25.58,24.8,24.9,25.55,-0.65,-2.544,17193.35,43232.013
002285.SZ,20240105,2.37,2.41,2.35,2.36,2.37,-0.01,-0.4219,212676.6,50719.847
002141.SZ,20240105,3.14,3.14,3.02,3.03,3.13,-0.1,-3.1949,128709.81,39513.727
601601.SH,20240105,24.09,24.58,23.91,24.23,24.18,0.05,0.2068,287076.04,697548.713
002982.SZ,20240105,21.07,21.09,20.61,20.72,20.99,-0.27,-1.2863,8660.0,18008.774
300014.SZ,20240105,39.43,41.51,39.2,39.49,39.6,-0.11,-0.2778,246251.97,993189.01
000040.SZ,20240105,3.76,3.79,3.69,3.72,3.76,-0.04,-1.0638,129633.01,48422.041
001378.SZ,20240105,39.25,40.0,38.53,38.66,39.45,-0.79,-2.0025,34435.0,135339.736
300578.SZ,20240105,18.15,18.15,17.31,17.43,18.01,-0.58,-3.2204,21051.0,37055.974
600163.SH,20240105,4.49,4.51,4.4,4.42,4.45,-0.03,-0.6742,72427.28,32298.71
300076.SZ,20240105,5.45,5.48,5.28,5.33,5.44,-0.11,-2.0221,69135.86,37181.165
688095.SH,20240105,65.05,65.05,62.4,63.05,64.4,-1.35,-2.0963,13059.54,83070.121
688022.SH,20240105,20.97,21.4,20.4,20.5,20.87,-0.37,-1.7729,22246.16,46307.275
688528.SH,20240105,11.34,11.47,11.15,11.2,11.33,-0.13,-1.1474,11617.71,13080.066
688136.SH,20240105,21.34,22.74,21.12,22.16,21.28,0.88,4.1353,52390.08,116859.871
603380.SH,20240105,25.0,25.5,24.33,24.65,24.97,-0.32,-1.2815,44060.97,109438.625
603848.SH,20240105,15.93,15.94,15.68,15.79,16.04,-0.25,-1.5586,30602.78,48368.637
688509.SH,20240105,4.87,4.88,4.74,4.78,4.87,-0.09,-1.848,63872.71,30670.317
688310.SH,20240105,31.93,31.93,29.56,29.71,31.38,-1.67,-5.3219,11300.34,34246.587
603256.SH,20240105,8.02,8.12,7.85,7.89,8.0,-0.11,-1.375,24666.0,19689.838
601939.SH,20240105,6.66,6.73,6.62,6.65,6.67,-0.02,-0.2999,1016254.48,678667.788
688258.SH,20240105,49.16,49.16,46.44,46.75,48.85,-2.1,-4.2989,12512.6,59494.628
603658.SH,20240105,55.6,55.92,54.7,55.31,55.56,-0.25,-0.45,18269.84,100848.534
688728.SH,20240105,19.84,20.31,19.76,20.21,19.86,0.35,1.7623,64740.4,130328.515
603680.SH,20240105,9.57,9.74,9.54,9.57,9.69,-0.12,-1.2384,18337.74,17649.125
603565.SH,20240105,8.03,8.08,7.83,7.85,8.02,-0.17,-2.1197,77722.3,61908.219
603877.SH,20240105,16.33,16.5,15.99,16.1,16.37,-0.27,-1.6494,23405.7,37896.167
603398.SH,20240105,18.4,18.8,17.7,17.73,18.47,-0.74,-4.0065,46678.32,85142.746
601998.SH,20240105,5.43,5.83,5.42,5.67,5.43,0.24,4.4199,1100122.12,622225.843
603660.SH,20240105,8.61,8.66,8.18,8.27,8.55,-0.28,-3.2749,410177.71,342664.92
605198.SH,20240105,25.16,25.31,24.63,24.84,25.29,-0.45,-1.7794,12522.0,31286.927
688120.SH,20240105,188.0,191.87,187.51,189.95,188.96,0.99,0.5239,10766.05,204697.919
603363.SH,20240105,5.86,5.92,5.75,5.78,5.89,-0.11,-1.8676,113952.5,66320.889
688176.SH,20240105,10.57,10.58,10.22,10.25,10.56,-0.31,-2.9356,52313.49,54305.86
688302.SH,20240105,51.9,51.91,50.08,50.5,51.94,-1.44,-2.7724,2762.77,14036.279
605090.SH,20240105,28.49,28.49,27.5,27.83,28.51,-0.68,-2.3851,54805.0,153472.657
688178.SH,20240105,18.84,18.87,18.47,18.53,18.84,-0.31,-1.6454,5636.71,10512.816
603900.SH,20240105,6.89,6.96,6.75,6.8,6.91,-0.11,-1.5919,30448.0,20806.894
603991.SH,20240105,45.78,45.87,44.7,44.79,45.54,-0.75,-1.6469,13447.0,60691.956
603766.SH,20240105,5.21,5.25,5.11,5.14,5.23,-0.09,-1.7208,108778.0,56386.267
688244.SH,20240105,52.81,53.03,51.81,52.0,52.82,-0.82,-1.5524,4226.6,22173.113
688266.SH,20240105,52.22,52.47,49.11,49.16,52.54,-3.38,-6.4332,31716.84,159306.942
688521.SH,20240105,45.6,46.46,44.72,45.16,45.7,-0.54,-1.1816,26013.76,118552.804
688202.SH,20240105,66.97,67.3,64.93,65.08,67.03,-1.95,-2.9091,9240.4,60817.165
688029.SH,20240105,93.5,94.23,89.1,89.47,93.87,-4.4,-4.6873,10151.16,92070.285
688199.SH,20240105,27.1,27.17,26.36,26.5,26.98,-0.48,-1.7791,4913.12,13156.467
603678.SH,20240105,25.48,25.59,24.38,24.58,25.48,-0.9,-3.5322,29318.53,72996.656
605500.SH,20240105,8.19,8.25,8.05,8.12,8.19,-0.07,-0.8547,15685.27,12776.764
688432.SH,20240105,11.85,12.06,11.7,11.74,11.9,-0.16,-1.3445,17856.57,21158.465
688165.SH,20240105,11.19,11.22,10.83,10.89,11.09,-0.2,-1.8034,40995.45,45041.325
688677.SH,20240105,51.92,52.23,49.81,50.21,52.08,-1.87,-3.5906,14276.24,72389.113
688526.SH,20240105,20.15,20.38,19.51,19.64,20.18,-0.54,-2.6759,29261.49,58303.6
688543.SH,20240105,56.49,56.86,54.5,54.85,56.83,-1.98,-3.4841,22807.38,126667.173
603938.SH,20240105,17.4,17.57,16.79,16.89,17.41,-0.52,-2.9868,30227.28,51769.542
603017.SH,20240105,10.24,10.37,10.06,10.1,10.2,-0.1,-0.9804,20674.0,21064.385
601949.SH,20240105,8.09,8.1,7.83,7.88,8.04,-0.16,-1.99,108471.28,86194.449
688636.SH,20240105,62.83,63.28,58.5,58.87,63.12,-4.25,-6.7332,13010.42,77878.871
603215.SH,20240105,17.15,17.55,16.83,16.91,17.11,-0.2,-1.1689,39524.0,67998.157
603738.SH,20240105,15.92,16.09,15.51,15.62,15.99,-0.37,-2.3139,52485.0,82553.844
688435.SH,20240105,45.88,46.15,44.5,44.77,45.58,-0.81,-1.7771,8363.6,37855.38
603119.SH,20240105,24.66,25.4,24.56,24.82,24.65,0.17,0.6897,32634.28,81666.585
688273.SH,20240105,32.44,32.69,31.65,31.69,32.55,-0.86,-2.6421,5699.32,18263.707
688076.SH,20240105,44.98,45.5,43.09,43.4,45.04,-1.64,-3.6412,36520.28,161884.288
603773.SH,20240105,31.2,31.84,30.8,31.08,31.34,-0.26,-0.8296,26370.97,82508.845
603839.SH,20240105,8.12,8.69,7.87,7.95,8.15,-0.2,-2.454,173102.28,142020.222
603067.SH,20240105,10.4,10.44,10.11,10.18,10.38,-0.2,-1.9268,43284.3,44362.374
688236.SH,20240105,23.98,24.42,23.54,23.71,23.98,-0.27,-1.1259,11623.11,27736.5
603087.SH,20240105,51.36,51.38,48.81,48.99,51.41,-2.42,-4.7073,102652.95,512114.657
688192.SH,20240105,44.87,45.22,42.9,43.5,45.08,-1.58,-3.5049,17047.23,74261.553
605066.SH,20240105,9.43,9.47,9.17,9.22,9.36,-0.14,-1.4957,42933.0,39913.449
603689.SH,20240105,9.14,9.21,8.94,8.99,9.09,-0.1,-1.1001,64677.6,58645.78
603013.SH,20240105,17.24,17.45,16.69,16.77,17.26,-0.49,-2.8389,51349.0,87603.689
603328.SH,20240105,7.89,7.99,7.73,7.78,7.91,-0.13,-1.6435,91469.0,71962.222
603192.SH,20240105,20.16,20.3,19.73,19.85,20.11,-0.26,-1.2929,5488.7,10976.5
603855.SH,20240105,20.09,20.09,18.78,18.85,19.62,-0.77,-3.9246,20771.89,39818.405
603768.SH,20240105,17.83,18.15,17.52,17.56,17.75,-0.19,-1.0704,28479.0,50686.603
688661.SH,20240105,43.58,43.97,41.61,41.85,43.43,-1.58,-3.638,10464.88,44427.282
603860.SH,20240105,30.94,31.3,30.27,30.46,30.86,-0.4,-1.2962,17329.0,53351.708
603519.SH,20240105,13.28,13.4,13.17,13.23,13.31,-0.08,-0.6011,25177.0,33476.98
688690.SH,20240105,25.4,25.69,24.0,24.28,25.5,-1.22,-4.7843,38537.25,95238.126
603897.SH,20240105,20.79,20.79,19.88,19.94,20.7,-0.76,-3.6715,84330.16,170253.118
603408.SH,20240105,13.1,13.8,12.86,12.95,13.04,-0.09,-0.6902,67215.4,89260.949
603489.SH,20240105,52.0,52.98,51.04,51.31,51.98,-0.67,-1.289,9536.83,49549.658
603209.SH,20240105,18.27,18.27,17.22,17.4,18.35,-0.95,-5.1771,88053.5,154595.225
601918.SH,20240105,5.91,5.95,5.81,5.86,5.91,-0.05,-0.846,521265.6,305806.602
688308.SH,20240105,25.7,26.08,25.03,25.12,25.74,-0.62,-2.4087,12969.51,33053.824
603169.SH,20240105,6.17,6.21,6.02,6.05,6.19,-0.14,-2.2617,91756.0,55968.542
688295.SH,20240105,30.5,30.53,29.71,30.2,30.65,-0.45,-1.4682,12363.98,37169.069
605069.SH,20240105,10.28,10.38,9.96,10.1,10.22,-0.12,-1.1742,31368.7,31783.671
688516.SH,20240105,83.16,85.38,81.59,81.93,83.23,-1.3,-1.5619,16025.64,133910.721
603107.SH,20240105,23.26,24.2,23.12,23.21,23.37,-0.16,-0.6846,80631.04,190173.551
603369.SH,20240105,45.88,46.83,45.54,45.75,46.01,-0.26,-0.5651,62752.75,289179.874
688686.SH,20240105,105.55,106.94,101.55,102.0,104.54,-2.54,-2.4297,4085.63,42292.342
603214.SH,20240105,16.73,16.87,16.57,16.65,16.83,-0.18,-1.0695,15984.0,26709.803
603626.SH,20240105,9.23,9.36,8.6,8.66,9.18,-0.52,-5.6645,238172.76,211725.804
605166.SH,20240105,9.91,10.09,9.78,9.85,10.0,-0.15,-1.5,27516.0,27354.806
603399.SH,20240105,9.95,10.17,9.72,9.77,9.97,-0.2,-2.006,124576.44,124053.749
688456.SH,20240105,28.06,28.65,27.24,27.6,28.03,-0.43,-1.5341,9610.08,26936.007
603667.SH,20240105,20.86,21.23,20.36,20.63,20.61,0.02,0.097,65656.61,137274.325
688767.SH,20240105,30.9,30.9,29.77,29.86,30.73,-0.87,-2.8311,6069.26,18352.177
603016.SH,20240105,22.68,22.68,21.8,21.97,22.62,-0.65,-2.8736,11396.0,25308.27
605003.SH,20240105,20.13,20.35,19.91,20.0,20.14,-0.14,-0.6951,10143.0,20355.865
688779.SH,20240105,7.04,7.2,6.95,6.98,7.01,-0.03,-0.428,148528.5,105133.231
603798.SH,20240105,10.25,10.35,9.95,10.02,10.25,-0.23,-2.2439,62375.65,63220.978
688459.SH,20240105,9.51,9.58,9.39,9.41,9.54,-0.13,-1.3627,12106.1,11486.363
603637.SH,20240105,9.17,9.25,8.97,9.02,9.23,-0.21,-2.2752,45084.0,40975.706
603296.SH,20240105,75.22,76.61,73.68,74.3,74.99,-0.69,-0.9201,18604.84,139338.145
688161.SH,20240105,38.72,38.8,37.2,37.33,38.72,-1.39,-3.5899,6774.25,25701.872
603283.SH,20240105,66.9,67.16,65.7,66.13,66.91,-0.78,-1.1657,33655.6,223194.687
603393.SH,20240105,30.78,31.52,30.58,30.95,30.77,0.18,0.585,46027.84,143684.696
603806.SH,20240105,24.01,24.31,23.15,23.35,24.09,-0.74,-3.0718,169905.99,401344.992
603261.SH,20240105,35.91,36.1,34.88,35.13,36.43,-1.3,-3.5685,30551.27,108016.609
605158.SH,20240105,7.74,8.55,7.7,8.55,7.77,0.78,10.0386,242267.78,202784.58
603278.SH,20240105,12.15,12.34,11.78,11.85,12.13,-0.28,-2.3083,58288.13,69988.524
688617.SH,20240105,378.66,380.6,365.6,365.85,378.0,-12.15,-3.2143,2920.8,108296.791
688156.SH,20240105,23.87,23.87,23.08,23.55,23.6,-0.05,-0.2119,7116.74,16649.685
688386.SH,20240105,37.36,38.2,36.81,36.9,37.41,-0.51,-1.3633,13455.76,50417.789
688265.SH,20240105,38.33,38.46,37.21,37.51,38.14,-0.63,-1.6518,1405.69,5310.555
688425.SH,20240105,4.0,4.02,3.94,3.96,4.0,-0.04,-1.0,115111.45,45851.521
688123.SH,20240105,57.5,58.8,56.2,56.58,57.57,-0.99,-1.7196,16870.17,96820.789
688152.SH,20240105,66.87,67.6,64.91,65.27,66.68,-1.41,-2.1146,8883.58,58546.452
603755.SH,20240105,26.51,26.82,26.03,26.03,26.51,-0.48,-1.8106,6667.0,17637.388
603636.SH,20240105,12.42,12.48,12.05,12.12,12.4,-0.28,-2.2581,72093.19,88426.314
688210.SH,20240105,25.17,26.01,24.61,24.94,24.8,0.14,0.5645,17216.97,43381.374
603076.SH,20240105,26.5,26.81,25.69,25.97,26.6,-0.63,-2.3684,10243.0,26814.482
688072.SH,20240105,219.02,221.98,215.33,216.5,219.5,-3.0,-1.3667,10295.84,224821.701
603530.SH,20240105,20.32,21.4,20.32,20.45,22.58,-2.13,-9.4331,402429.21,825890.559
603070.SH,20240105,15.97,16.18,15.7,15.78,15.95,-0.17,-1.0658,14665.08,23339.899
603788.SH,20240105,14.89,15.0,14.42,14.57,14.78,-0.21,-1.4208,27718.0,40807.32
603077.SH,20240105,2.37,2.37,2.33,2.34,2.37,-0.03,-1.2658,490693.0,115337.543
603270.SH,20240105,29.42,29.43,27.75,27.84,29.38,-1.54,-5.2417,70389.62,199635.941
605377.SH,20240105,19.0,19.28,18.83,18.98,19.11,-0.13,-0.6803,9398.74,17898.067
688646.SH,20240105,35.89,36.16,35.41,35.58,35.69,-0.11,-0.3082,4717.12,16862.083
603360.SH,20240105,10.91,10.97,10.62,10.74,10.91,-0.17,-1.5582,63652.23,68691.792
688110.SH,20240105,32.53,32.95,31.75,31.98,32.8,-0.82,-2.5,45616.38,147677.194
603305.SH,20240105,18.63,18.82,18.08,18.2,18.62,-0.42,-2.2556,80028.64,147157.65
603903.SH,20240105,10.33,10.5,10.17,10.21,10.39,-0.18,-1.7324,46849.44,48334.592
603960.SH,20240105,14.25,14.48,13.93,14.0,14.25,-0.25,-1.7544,41765.76,59235.642
605228.SH,20240105,11.46,11.58,11.17,11.27,11.46,-0.19,-1.6579,31213.0,35492.836
603586.SH,20240105,17.6,17.66,16.69,16.87,17.88,-1.01,-5.6488,116271.0,198851.195
688512.SH,20240105,17.93,18.3,17.72,17.9,18.0,-0.1,-0.5556,15235.8,27337.708
688062.SH,20240105,31.08,31.08,30.0,30.45,31.08,-0.63,-2.027,38915.96,118592.324
603681.SH,20240105,14.99,15.11,14.63,14.72,14.97,-0.25,-1.67,23662.0,35116.235
603178.SH,20240105,43.0,43.0,40.0,40.63,43.57,-2.94,-6.7478,178463.0,740945.869
603608.SH,20240105,5.66,5.72,5.44,5.45,5.61,-0.16,-2.852,186878.0,103660.885
688553.SH,20240105,15.08,15.11,14.72,14.81,15.11,-0.3,-1.9854,14590.86,21752.049
603809.SH,20240105,11.43,11.57,11.17,11.23,11.43,-0.2,-1.7498,23557.2,26735.042
603078.SH,20240105,15.67,15.78,15.22,15.3,15.63,-0.33,-2.1113,38901.05,60177.286
605111.SH,20240105,37.52,37.85,36.01,36.31,37.53,-1.22,-3.2507,58890.59,216573.336
603279.SH,20240105,20.38,20.52,20.03,20.16,20.49,-0.33,-1.6105,33717.44,68390.75
603015.SH,20240105,9.96,10.34,9.62,9.75,10.0,-0.25,-2.5,203654.9,202536.573
603789.SH,20240105,10.58,10.65,10.04,10.09,10.53,-0.44,-4.1785,185627.46,190068.091
603197.SH,20240105,53.0,53.61,51.93,52.3,52.67,-0.37,-0.7025,19164.1,101072.867
688225.SH,20240105,17.6,17.97,17.2,17.36,17.7,-0.34,-1.9209,6931.64,12121.582
603022.SH,20240105,10.43,10.53,10.23,10.31,10.41,-0.1,-0.9606,20148.0,20905.247
605580.SH,20240105,11.87,12.0,11.62,11.68,11.87,-0.19,-1.6007,29196.4,34391.664
605055.SH,20240105,7.37,7.46,7.17,7.21,7.39,-0.18,-2.4357,33262.0,24287.328
603659.SH,20240105,19.92,20.26,19.17,19.27,19.91,-0.64,-3.2145,139616.3,274444.314
603329.SH,20240105,16.25,16.87,16.2,16.36,16.63,-0.27,-1.6236,105778.39,175038.245
605338.SH,20240105,21.24,21.24,20.43,20.5,21.28,-0.78,-3.6654,16895.0,35112.016
605208.SH,20240105,9.65,9.81,9.44,9.48,9.68,-0.2,-2.0661,52517.65,50571.784
603228.SH,20240105,21.52,21.74,20.99,21.11,21.61,-0.5,-2.3137,34395.26,73348.127
605177.SH,20240105,26.54,27.12,26.48,26.57,26.6,-0.03,-0.1128,13907.0,37220.88
688660.SH,20240105,5.06,5.11,4.92,4.98,5.06,-0.08,-1.581,45281.44,22702.184
688505.SH,20240105,9.19,9.19,8.93,8.95,9.15,-0.2,-2.1858,21972.19,19813.614
688281.SH,20240105,135.5,137.0,130.18,130.91,135.2,-4.29,-3.1731,10305.99,136602.144
603018.SH,20240105,7.41,7.43,7.27,7.3,7.39,-0.09,-1.2179,81017.8,59541.613
688097.SH,20240105,30.32,30.84,29.31,29.97,30.2,-0.23,-0.7616,15149.57,45296.84
688179.SH,20240105,18.65,18.84,18.0,18.06,18.63,-0.57,-3.0596,16626.99,30491.566
688531.SH,20240105,94.0,95.75,91.9,92.4,94.17,-1.77,-1.8796,4840.42,45383.89
603927.SH,20240105,28.5,28.68,27.75,28.09,28.63,-0.54,-1.8861,49602.12,140068.12
603700.SH,20240105,14.61,14.69,14.32,14.4,14.51,-0.11,-0.7581,26875.0,39072.528
688011.SH,20240105,23.69,23.82,22.88,23.05,23.67,-0.62,-2.6193,5579.66,12965.75
601966.SH,20240105,18.84,19.11,18.7,18.85,18.9,-0.05,-0.2646,68282.93,129246.587
688536.SH,20240105,134.75,136.32,132.0,132.5,135.28,-2.78,-2.055,7242.03,96760.372
603968.SH,20240105,14.44,14.55,14.23,14.28,14.44,-0.16,-1.108,8577.0,12334.26
603918.SH,20240105,17.66,17.68,16.85,16.98,17.54,-0.56,-3.1927,153533.03,263872.152
688195.SH,20240105,34.0,34.0,31.53,31.9,33.78,-1.88,-5.5654,52009.31,168536.033
603668.SH,20240105,18.22,18.32,17.51,17.61,18.22,-0.61,-3.348,68543.44,122563.172
688189.SH,20240105,9.43,9.56,9.28,9.31,9.52,-0.21,-2.2059,22308.01,20974.89
603061.SH,20240105,88.71,90.72,84.5,85.1,88.8,-3.7,-4.1667,9250.76,80594.285
688719.SH,20240105,61.72,63.5,60.5,60.75,61.88,-1.13,-1.8261,7401.34,45580.781
688276.SH,20240105,54.45,55.23,53.0,53.26,54.75,-1.49,-2.7215,17126.19,92598.141
688621.SH,20240105,69.38,72.48,69.38,70.61,69.17,1.44,2.0818,20501.18,146144.063
688433.SH,20240105,29.4,29.91,28.41,28.56,29.4,-0.84,-2.8571,11612.97,33681.877
688010.SH,20240105,28.02,30.0,26.55,26.76,27.45,-0.69,-2.5137,56955.97,159740.285
605168.SH,20240105,60.85,63.62,60.28,62.08,60.86,1.22,2.0046,23780.82,147493.075
605268.SH,20240105,10.33,10.41,10.12,10.18,10.31,-0.13,-1.2609,26699.0,27393.1
603001.SH,20240105,5.84,5.85,5.78,5.8,5.84,-0.04,-0.6849,11076.0,6443.922
688538.SH,20240105,2.43,2.44,2.41,2.43,2.42,0.01,0.4132,207098.95,50254.756
603268.SH,20240105,17.75,18.05,17.4,17.54,17.81,-0.27,-1.516,14350.0,25477.459
688277.SH,20240105,13.07,13.12,12.58,12.66,13.02,-0.36,-2.765,26795.85,34274.481
688059.SH,20240105,72.11,73.79,72.11,73.05,72.9,0.15,0.2058,4768.55,34803.535
688215.SH,20240105,36.34,36.64,35.57,35.69,36.34,-0.65,-1.7887,2714.99,9770.773
603163.SH,20240105,32.72,33.15,32.1,32.27,32.72,-0.45,-1.3753,6881.0,22460.301
688395.SH,20240105,23.08,23.25,22.31,22.47,23.03,-0.56,-2.4316,8227.08,18658.405
688502.SH,20240105,182.0,182.25,165.0,179.22,184.2,-4.98,-2.7036,13578.98,233690.767
603496.SH,20240105,28.75,29.08,27.91,28.17,28.61,-0.44,-1.5379,140833.35,400899.724
688205.SH,20240105,47.32,48.4,46.8,47.29,47.77,-0.48,-1.0048,10691.07,50975.966
688098.SH,20240105,7.37,7.41,7.19,7.22,7.39,-0.17,-2.3004,27988.24,20384.194
688365.SH,20240105,10.26,10.33,10.01,10.06,10.26,-0.2,-1.9493,39035.39,39621.427
688223.SH,20240105,8.5,8.61,8.36,8.4,8.52,-0.12,-1.4085,284741.44,241798.322
688219.SH,20240105,10.79,10.89,10.44,10.55,10.8,-0.25,-2.3148,23962.36,25511.107
605098.SH,20240105,39.69,39.69,38.3,38.5,39.42,-0.92,-2.3338,7221.8,28164.237
688122.SH,20240105,52.6,52.96,49.36,49.76,52.83,-3.07,-5.8111,92240.92,464948.389
605188.SH,20240105,9.08,9.18,8.78,8.81,9.04,-0.23,-2.5442,68099.0,60901.696
688175.SH,20240105,27.43,27.65,26.83,26.99,27.38,-0.39,-1.4244,3933.08,10694.692
688387.SH,20240105,6.91,6.95,6.77,6.8,6.91,-0.11,-1.5919,64981.99,44508.15
688197.SH,20240105,51.64,52.12,51.01,51.49,52.59,-1.1,-2.0917,2180.73,11212.373
603102.SH,20240105,39.13,39.25,38.53,38.65,39.05,-0.4,-1.0243,4452.0,17318.356
603929.SH,20240105,23.55,24.44,23.13,23.23,23.63,-0.4,-1.6928,58025.0,137791.099
603162.SH,20240105,19.0,19.3,18.5,18.69,19.38,-0.69,-3.5604,185630.58,348181.745
688517.SH,20240105,15.7,15.86,15.4,15.48,15.68,-0.2,-1.2755,20344.07,31765.207
603843.SH,20240105,3.58,3.65,3.56,3.58,3.58,0.0,0.0,94460.0,34083.632
688513.SH,20240105,60.1,60.19,57.86,58.33,60.22,-1.89,-3.1385,3403.21,20047.084
603095.SH,20240105,17.03,18.7,16.7,17.5,17.11,0.39,2.2794,139614.29,247125.956
688057.SH,20240105,14.27,14.27,13.94,13.99,14.21,-0.22,-1.5482,4912.43,6922.523
688191.SH,20240105,18.25,18.44,17.59,17.71,18.06,-0.35,-1.938,20559.53,36940.312
688629.SH,20240105,21.5,21.5,20.26,20.44,21.26,-0.82,-3.857,30046.76,62188.728
688356.SH,20240105,100.05,101.19,98.03,99.5,100.0,-0.5,-0.5,4382.76,43659.518
603693.SH,20240105,11.32,11.44,11.09,11.15,11.33,-0.18,-1.5887,31012.0,34924.48
688272.SH,20240105,19.2,19.3,19.0,19.05,19.31,-0.26,-1.3465,3337.03,6378.348
688398.SH,20240105,32.01,32.1,31.09,31.46,31.91,-0.45,-1.4102,5285.86,16687.537
603698.SH,20240105,14.63,14.81,14.31,14.4,14.75,-0.35,-2.3729,28610.4,41553.483
603066.SH,20240105,11.39,11.43,11.05,11.12,11.35,-0.23,-2.0264,93740.0,104941.852
603212.SH,20240105,17.5,18.18,16.75,16.94,17.72,-0.78,-4.4018,358136.05,625408.029
688109.SH,20240105,28.31,28.61,27.81,27.92,28.32,-0.4,-1.4124,5552.06,15601.411
603111.SH,20240105,5.82,5.83,5.65,5.69,5.79,-0.1,-1.7271,116943.0,66993.289
603137.SH,20240105,19.7,19.84,19.18,19.21,19.76,-0.55,-2.7834,29154.56,56595.61
603318.SH,20240105,7.52,7.55,7.34,7.39,7.53,-0.14,-1.8592,39006.0,29053.918
688213.SH,20240105,57.5,57.5,52.81,53.38,56.98,-3.6,-6.318,31262.94,170270.372
688032.SH,20240105,275.75,294.01,274.0,278.4,282.5,-4.1,-1.4513,17341.89,494168.222
603429.SH,20240105,8.21,8.26,8.11,8.16,8.22,-0.06,-0.7299,26951.8,22075.298
603023.SH,20240105,5.21,5.21,5.04,5.06,5.18,-0.12,-2.3166,137964.76,70624.169
603068.SH,20240105,28.0,28.57,27.41,27.55,28.17,-0.62,-2.2009,15503.55,43286.069
603906.SH,20240105,12.06,12.26,11.76,11.83,12.03,-0.2,-1.6625,71434.28,85686.575
601999.SH,20240105,7.62,7.66,7.32,7.38,7.62,-0.24,-3.1496,155300.95,115665.456
688475.SH,20240105,45.48,45.5,43.06,43.38,45.16,-1.78,-3.9415,16517.59,72404.003
688017.SH,20240105,139.5,142.2,136.0,137.0,138.71,-1.71,-1.2328,14207.66,197802.631
605288.SH,20240105,47.0,48.92,46.89,47.65,47.3,0.35,0.74,8989.2,43151.303
688701.SH,20240105,9.57,9.64,9.31,9.37,9.53,-0.16,-1.6789,12878.57,12171.397
605005.SH,20240105,17.08,17.19,16.7,16.77,17.04,-0.27,-1.5845,20434.0,34521.165
688004.SH,20240105,29.2,29.23,28.21,28.5,29.15,-0.65,-2.2298,8446.55,24251.099
603603.SH,20240105,1.24,1.24,1.24,1.24,1.3,-0.06,-4.6154,12477.0,1547.148
603881.SH,20240105,19.58,19.78,18.8,18.91,19.25,-0.34,-1.7662,68522.52,131538.899
605122.SH,20240105,16.57,16.74,16.3,16.37,16.58,-0.21,-1.2666,10715.4,17679.344
688317.SH,20240105,20.89,20.89,20.45,20.48,20.82,-0.34,-1.633,11503.91,23737.588
603501.SH,20240105,97.8,100.26,96.9,97.66,98.17,-0.51,-0.5195,69403.16,681617.856
603060.SH,20240105,8.28,8.32,8.1,8.13,8.29,-0.16,-1.93,22988.82,18824.743
688428.SH,20240105,10.92,10.94,10.66,10.72,11.0,-0.28,-2.5455,29413.86,31667.428
688360.SH,20240105,20.42,20.54,19.97,20.05,20.51,-0.46,-2.2428,11732.89,23668.82
688058.SH,20240105,47.48,47.9,46.51,46.63,47.13,-0.5,-1.0609,6035.92,28463.57
688088.SH,20240105,37.6,38.0,36.47,36.8,37.6,-0.8,-2.1277,37074.25,137941.426
688669.SH,20240105,18.87,19.04,18.52,18.63,18.85,-0.22,-1.1671,8353.85,15690.497
605488.SH,20240105,17.77,18.12,16.49,16.49,18.32,-1.83,-9.9891,206385.11,354437.684
603618.SH,20240105,6.43,6.48,6.25,6.28,6.4,-0.12,-1.875,84531.32,53502.635
603339.SH,20240105,12.0,12.09,11.75,11.81,12.05,-0.24,-1.9917,16782.16,19978.619
688426.SH,20240105,31.26,31.26,29.68,29.84,30.79,-0.95,-3.0854,3970.54,11972.453
603758.SH,20240105,11.45,11.55,11.04,11.11,11.41,-0.3,-2.6293,45883.0,51818.887
603365.SH,20240105,14.3,14.52,14.2,14.26,14.29,-0.03,-0.2099,19348.0,27798.736
688039.SH,20240105,34.14,34.14,32.72,32.97,34.14,-1.17,-3.4271,24653.83,82143.416
605298.SH,20240105,15.94,16.1,15.62,15.73,15.92,-0.19,-1.1935,9070.0,14334.986
603219.SH,20240105,13.55,13.61,13.2,13.28,13.48,-0.2,-1.4837,27686.0,37066.96
688420.SH,20240105,26.2,26.3,25.56,25.64,26.09,-0.45,-1.7248,3767.73,9748.948
688676.SH,20240105,38.6,39.5,38.38,38.57,39.0,-0.43,-1.1026,47453.94,184338.381
688121.SH,20240105,21.06,21.35,19.98,20.18,21.39,-1.21,-5.6568,33255.18,68450.738
688681.SH,20240105,15.74,15.74,15.23,15.31,15.6,-0.29,-1.859,8602.47,13312.288
601928.SH,20240105,9.34,9.44,9.14,9.2,9.37,-0.17,-1.8143,217524.34,201911.678
688012.SH,20240105,144.0,146.38,143.2,144.2,144.9,-0.7,-0.4831,48303.63,699000.166
603199.SH,20240105,27.25,27.47,26.49,26.66,27.2,-0.54,-1.9853,32410.0,87509.332
603567.SH,20240105,12.35,12.5,12.12,12.19,12.4,-0.21,-1.6935,45681.0,56266.064
688077.SH,20240105,23.29,23.7,22.56,22.7,23.37,-0.67,-2.8669,9331.78,21529.091
605183.SH,20240105,14.81,14.87,14.53,14.6,14.81,-0.21,-1.418,13704.0,20131.28
603557.SH,20240105,2.34,2.34,2.23,2.26,2.31,-0.05,-2.1645,91543.0,20980.639
603585.SH,20240105,14.75,14.9,14.53,14.64,14.76,-0.12,-0.813,7265.0,10708.791
688079.SH,20240105,11.58,11.98,11.02,11.1,11.79,-0.69,-5.8524,120449.04,137561.32
688307.SH,20240105,29.51,30.4,29.1,29.37,29.6,-0.23,-0.777,12310.67,36736.924
688141.SH,20240105,25.45,25.52,24.8,24.89,25.52,-0.63,-2.4687,34955.01,88151.41
688618.SH,20240105,55.0,55.19,52.58,52.82,54.82,-2.0,-3.6483,3647.59,19537.606
688358.SH,20240105,35.99,36.12,34.4,34.5,35.71,-1.21,-3.3884,7507.1,26317.572
603600.SH,20240105,11.28,11.37,11.15,11.28,11.28,0.0,0.0,66501.87,74682.322
603337.SH,20240105,21.55,21.9,21.28,21.51,21.65,-0.14,-0.6467,14069.56,30356.915
605286.SH,20240105,28.19,28.2,25.9,26.26,28.11,-1.85,-6.5813,72295.99,193045.851
688652.SH,20240105,56.6,58.49,56.01,56.33,56.59,-0.26,-0.4594,25155.22,144342.877
603790.SH,20240105,14.19,14.3,13.93,13.98,14.17,-0.19,-1.3409,10830.0,15253.386
603003.SH,20240105,12.58,12.65,11.44,11.45,12.71,-1.26,-9.9135,450133.0,538527.435
688499.SH,20240105,35.75,36.99,35.18,35.43,35.79,-0.36,-1.0059,18259.2,65913.227
688500.SH,20240105,25.8,26.08,25.07,25.49,25.95,-0.46,-1.7726,3159.19,8059.953
605303.SH,20240105,12.46,12.68,12.3,12.38,12.46,-0.08,-0.6421,17759.0,22111.615
688399.SH,20240105,55.93,56.18,54.0,55.08,55.96,-0.88,-1.5726,10715.24,59075.062
688793.SH,20240105,36.11,36.11,34.74,35.04,35.01,0.03,0.0857,9094.25,31858.854
603286.SH,20240105,24.49,24.89,23.82,23.96,24.55,-0.59,-2.4033,39751.2,96656.484
603861.SH,20240105,9.96,10.05,9.63,9.72,9.91,-0.19,-1.9173,65542.0,64316.409
688768.SH,20240105,33.17,34.85,32.85,33.1,32.92,0.18,0.5468,21736.54,73034.217
603093.SH,20240105,11.34,11.59,11.2,11.41,11.35,0.06,0.5286,80463.0,91943.407
688620.SH,20240105,11.38,11.51,11.12,11.2,11.35,-0.15,-1.3216,22117.86,25021.181
688159.SH,20240105,39.0,40.33,38.71,38.91,39.24,-0.33,-0.841,12506.42,49433.906
603926.SH,20240105,12.36,12.4,11.95,12.0,12.28,-0.28,-2.2801,48048.05,58159.678
688087.SH,20240105,24.13,24.33,23.47,23.63,24.06,-0.43,-1.7872,6110.93,14575.041
605089.SH,20240105,35.5,35.79,34.97,35.16,35.51,-0.35,-0.9856,4272.94,15086.952
688016.SH,20240105,189.05,190.89,182.39,182.55,189.52,-6.97,-3.6777,6633.43,122681.289
688247.SH,20240105,10.97,10.98,10.58,10.67,10.93,-0.26,-2.3788,21089.6,22731.068
601916.SH,20240105,2.56,2.62,2.55,2.58,2.56,0.02,0.7813,2186206.13,565566.507
688678.SH,20240105,18.1,18.2,17.47,17.62,18.18,-0.56,-3.0803,11779.49,20948.156
605588.SH,20240105,54.0,54.2,50.46,51.4,54.79,-3.39,-6.1873,37803.0,198136.426
605060.SH,20240105,18.66,18.66,18.0,18.18,18.51,-0.33,-1.7828,12002.0,21957.149
605336.SH,20240105,15.33,15.54,15.1,15.17,15.33,-0.16,-1.0437,14439.7,22118.783
688299.SH,20240105,13.35,13.62,13.1,13.14,13.42,-0.28,-2.0864,25831.98,34366.156
688231.SH,20240105,21.69,21.86,20.91,21.0,21.69,-0.69,-3.1812,9829.29,20900.586
605138.SH,20240105,7.88,8.07,7.72,7.8,7.92,-0.12,-1.5152,29277.0,23039.415
603039.SH,20240105,43.16,43.97,42.7,42.98,42.95,0.03,0.0698,11441.0,49461.952
688211.SH,20240105,36.84,37.15,36.01,36.2,36.8,-0.6,-1.6304,2170.58,7950.717
688259.SH,20240105,70.5,74.8,69.56,71.0,71.47,-0.47,-0.6576,29945.11,215327.244
605339.SH,20240105,18.82,18.89,18.34,18.42,18.77,-0.35,-1.8647,8870.0,16499.19
601991.SH,20240105,2.56,2.61,2.55,2.57,2.58,-0.01,-0.3876,939950.36,242565.328
688488.SH,20240105,12.16,12.6,12.03,12.09,12.22,-0.13,-1.0638,29913.5,36810.03
688268.SH,20240105,63.52,64.14,62.22,62.41,63.72,-1.31,-2.0559,5175.14,32635.936
688212.SH,20240105,58.56,59.0,57.1,57.5,58.99,-1.49,-2.5259,9571.15,55350.389
688063.SH,20240105,100.89,103.6,98.13,99.42,101.11,-1.69,-1.6714,30338.2,307045.532
603168.SH,20240105,12.6,12.69,12.03,12.12,12.45,-0.33,-2.6506,200618.89,246397.287
605366.SH,20240105,8.26,8.32,8.1,8.13,8.26,-0.13,-1.5738,16903.6,13870.545
688501.SH,20240105,16.8,17.17,16.5,16.65,16.8,-0.15,-0.8929,17814.41,30032.006
603189.SH,20240105,16.9,17.04,16.17,16.33,16.84,-0.51,-3.0285,118841.0,196081.086
603300.SH,20240105,6.42,6.55,6.32,6.37,6.41,-0.04,-0.624,159923.68,103097.142
601975.SH,20240105,2.99,3.02,2.94,3.01,3.03,-0.02,-0.6601,1083084.61,324319.4
603967.SH,20240105,10.52,10.76,10.28,10.32,10.63,-0.31,-2.9163,117495.7,122624.918
605499.SH,20240105,182.0,183.99,180.0,180.45,182.46,-2.01,-1.1016,4119.96,75043.881
603098.SH,20240105,12.87,12.99,12.48,12.55,12.85,-0.3,-2.3346,43208.4,54828.496
603307.SH,20240105,45.67,47.06,44.5,44.72,46.2,-1.48,-3.2035,11576.0,52857.177
688285.SH,20240105,9.0,9.07,8.82,8.87,8.98,-0.11,-1.2249,14713.77,13140.825
603255.SH,20240105,35.69,35.96,35.27,35.61,35.91,-0.3,-0.8354,4517.52,16043.12
603005.SH,20240105,21.0,21.28,20.4,20.51,21.01,-0.5,-2.3798,124065.28,257859.891
688102.SH,20240105,12.83,12.94,12.49,12.55,12.88,-0.33,-2.5621,24449.53,30925.52
603383.SH,20240105,45.04,45.63,44.51,44.85,45.09,-0.24,-0.5323,30360.6,137022.19
603977.SH,20240105,10.22,10.5,9.92,10.0,10.36,-0.36,-3.4749,238180.6,241432.914
605118.SH,20240105,23.71,24.95,23.71,23.71,26.34,-2.63,-9.9848,276814.8,663952.22
603026.SH,20240105,43.31,44.61,42.73,42.89,43.45,-0.56,-1.2888,13909.4,60581.238
688283.SH,20240105,65.12,65.66,62.0,63.19,65.22,-2.03,-3.1125,1504.53,9621.771
601952.SH,20240105,10.2,10.23,10.03,10.07,10.2,-0.13,-1.2745,45372.18,45890.077
603126.SH,20240105,6.9,6.98,6.78,6.81,6.99,-0.18,-2.5751,51773.0,35613.064
603589.SH,20240105,42.95,43.23,42.33,42.52,42.98,-0.46,-1.0703,41881.38,179403.074
603533.SH,20240105,19.8,19.8,19.08,19.18,19.75,-0.57,-2.8861,62106.0,120394.056
605178.SH,20240105,23.8,23.99,22.55,22.84,24.71,-1.87,-7.5678,106485.04,247029.682
688246.SH,20240105,32.16,32.5,31.31,31.6,32.17,-0.57,-1.7718,4396.76,14054.583
688078.SH,20240105,38.05,38.7,36.95,37.3,38.03,-0.73,-1.9195,11934.48,44986.006
688143.SH,20240105,33.94,34.25,32.08,32.35,34.01,-1.66,-4.8809,13824.36,45593.273
688523.SH,20240105,25.37,25.37,24.11,24.22,25.21,-0.99,-3.927,19523.55,48058.411
688278.SH,20240105,50.98,51.48,49.99,50.32,51.3,-0.98,-1.9103,17322.21,87628.464
688717.SH,20240105,91.8,95.5,85.5,85.61,92.41,-6.8,-7.3585,65765.95,593732.095
603908.SH,20240105,40.3,41.4,38.26,38.81,39.63,-0.82,-2.0691,46535.86,185537.251
603109.SH,20240105,16.66,16.66,16.23,16.29,16.62,-0.33,-1.9856,20678.4,33977.062
603883.SH,20240105,32.18,32.37,31.49,31.75,32.2,-0.45,-1.3975,66013.28,210807.964
603177.SH,20240105,12.62,13.73,12.44,13.73,12.48,1.25,10.016,140438.0,186873.119
688443.SH,20240105,38.0,38.02,36.18,36.54,37.46,-0.92,-2.456,14597.82,53338.064
688486.SH,20240105,106.25,106.95,101.5,102.94,106.25,-3.31,-3.1153,3219.8,33304.59
603179.SH,20240105,48.89,49.22,47.51,47.87,48.88,-1.01,-2.0663,16720.27,80625.393
688525.SH,20240105,44.58,44.66,42.64,43.19,44.22,-1.03,-2.3293,98424.47,426877.225
603587.SH,20240105,13.58,13.73,13.53,13.6,13.57,0.03,0.2211,26613.0,36297.374
603353.SH,20240105,25.82,25.84,24.91,25.15,25.83,-0.68,-2.6326,27471.47,69551.639
688203.SH,20240105,13.06,13.12,12.59,12.73,13.05,-0.32,-2.4521,19376.29,24775.693
688737.SH,20240105,34.9,34.9,32.54,32.92,32.88,0.04,0.1217,17940.11,60271.323
603606.SH,20240105,40.12,40.16,37.1,37.57,40.2,-2.63,-6.5423,144372.34,555129.784
603797.SH,20240105,5.8,5.81,5.69,5.72,5.8,-0.08,-1.3793,34373.32,19777.076
688375.SH,20240105,78.0,78.42,76.04,77.0,78.35,-1.35,-1.723,5287.95,40638.325
603477.SH,20240105,36.17,36.6,35.4,35.63,36.6,-0.97,-2.6503,27669.42,99062.594
603153.SH,20240105,20.02,20.19,19.46,19.59,20.01,-0.42,-2.099,64179.07,126965.943
688357.SH,20240105,51.32,51.64,49.36,49.77,51.18,-1.41,-2.755,4087.83,20562.004
688092.SH,20240105,31.0,31.39,30.52,30.66,31.02,-0.36,-1.1605,7287.57,22587.907
605080.SH,20240105,23.11,24.8,22.5,23.64,22.98,0.66,2.8721,108135.28,255526.64
603299.SH,20240105,8.9,8.98,8.66,8.7,8.72,-0.02,-0.2294,118811.2,104907.98
603978.SH,20240105,16.3,16.7,15.99,16.16,16.41,-0.25,-1.5235,10174.0,16612.343
688220.SH,20240105,63.1,64.47,62.06,62.54,63.15,-0.61,-0.966,16181.15,102042.613
688181.SH,20240105,26.96,27.16,26.19,26.3,27.03,-0.73,-2.7007,11867.69,31557.026
601997.SH,20240105,5.17,5.32,5.15,5.27,5.17,0.1,1.9342,699068.26,367826.598
603085.SH,20240105,10.15,10.36,9.98,10.03,10.21,-0.18,-1.763,19236.0,19517.142
688280.SH,20240105,7.53,7.61,7.34,7.38,7.53,-0.15,-1.992,26261.0,19589.04
688232.SH,20240105,32.37,33.2,31.6,31.85,32.32,-0.47,-1.4542,20647.34,66413.013
688458.SH,20240105,68.0,68.47,65.0,66.62,68.13,-1.51,-2.2164,5893.14,39167.846
603633.SH,20240105,9.4,9.49,9.2,9.24,9.46,-0.22,-2.3256,41741.5,38896.396
603071.SH,20240105,15.5,15.6,15.34,15.39,15.5,-0.11,-0.7097,23526.12,36438.262
688193.SH,20240105,46.35,46.73,45.19,45.56,46.35,-0.79,-1.7044,1475.78,6786.763
603515.SH,20240105,17.16,17.37,17.07,17.17,17.17,0.0,0.0,12977.0,22384.122
603871.SH,20240105,16.85,17.39,16.76,17.09,16.9,0.19,1.1243,56651.96,97425.763
605007.SH,20240105,14.68,14.84,14.41,14.42,14.69,-0.27,-1.838,12064.0,17631.219
603196.SH,20240105,13.49,13.65,13.14,13.18,13.49,-0.31,-2.298,22067.0,29471.875
603280.SH,20240105,28.66,28.69,26.74,27.12,28.66,-1.54,-5.3733,121171.67,331125.396
688401.SH,20240105,29.22,29.45,28.52,28.69,29.3,-0.61,-2.0819,15826.84,45873.065
603327.SH,20240105,12.77,12.96,12.54,12.63,12.87,-0.24,-1.8648,33248.24,42403.665
603002.SH,20240105,6.17,6.25,6.01,6.07,6.19,-0.12,-1.9386,80353.96,49345.167
605368.SH,20240105,11.62,11.8,11.47,11.6,11.64,-0.04,-0.3436,86916.77,101258.23
605117.SH,20240105,77.76,79.06,75.5,76.46,78.0,-1.54,-1.9744,131724.83,1017241.584
688227.SH,20240105,18.79,18.82,18.33,18.43,18.7,-0.27,-1.4439,8539.85,15840.574
603936.SH,20240105,10.1,10.19,9.82,9.9,10.1,-0.2,-1.9802,96791.41,96674.164
603558.SH,20240105,10.0,10.05,9.81,9.85,10.0,-0.15,-1.5,31447.0,31142.98
603355.SH,20240105,21.76,22.16,21.66,21.8,21.81,-0.01,-0.0459,9309.05,20420.542
688218.SH,20240105,19.26,19.34,18.5,18.66,19.13,-0.47,-2.4569,26162.48,49227.017
688418.SH,20240105,18.18,18.48,17.46,17.64,18.25,-0.61,-3.3425,55598.05,99283.42
688049.SH,20240105,35.98,36.18,34.68,34.88,35.82,-0.94,-2.6242,16144.98,56791.706
603306.SH,20240105,25.06,25.09,24.34,24.49,24.96,-0.47,-1.883,47599.33,117752.293
603985.SH,20240105,22.9,23.11,22.21,22.39,22.92,-0.53,-2.3124,119408.5,269431.11
688711.SH,20240105,39.01,39.5,37.45,37.73,39.01,-1.28,-3.2812,22566.66,86559.79
603231.SH,20240105,23.38,25.3,23.18,24.59,23.7,0.89,3.7553,140027.69,338191.852
688778.SH,20240105,38.88,39.81,38.66,38.9,38.87,0.03,0.0772,11231.83,43959.954
603010.SH,20240105,10.87,10.89,10.63,10.67,10.85,-0.18,-1.659,17709.0,19049.745
688522.SH,20240105,53.44,53.44,50.8,51.25,52.85,-1.6,-3.0274,8236.52,42688.228
605222.SH,20240105,18.87,18.98,18.23,18.38,18.81,-0.43,-2.286,29779.0,55263.268
603661.SH,20240105,44.1,45.55,44.07,44.68,44.33,0.35,0.7895,9033.74,40421.775
603171.SH,20240105,34.33,34.38,33.25,33.6,34.35,-0.75,-2.1834,11318.39,38323.296
603021.SH,20240105,6.52,6.68,6.34,6.36,6.56,-0.2,-3.0488,188294.4,121220.116
603997.SH,20240105,12.57,12.82,12.39,12.53,12.52,0.01,0.0799,91089.43,114560.641
688112.SH,20240105,38.01,38.23,36.89,37.05,38.0,-0.95,-2.5,4375.1,16360.704
603322.SH,20240105,36.85,36.85,35.12,35.31,36.5,-1.19,-3.2603,39494.0,140845.719
688275.SH,20240105,60.91,62.45,60.41,60.58,60.9,-0.32,-0.5255,4240.99,26068.481
603688.SH,20240105,85.89,86.16,81.52,81.81,86.43,-4.62,-5.3454,115342.6,964494.304
688627.SH,20240105,79.4,80.5,77.18,77.4,80.34,-2.94,-3.6594,4627.12,36342.94
688306.SH,20240105,5.4,5.46,5.28,5.31,5.41,-0.1,-1.8484,45614.85,24434.094
603516.SH,20240105,20.5,21.4,20.31,20.86,20.5,0.36,1.7561,77621.63,163203.602
603551.SH,20240105,10.57,10.72,10.45,10.54,10.63,-0.09,-0.8467,19883.0,21002.561
688506.SH,20240105,135.1,138.83,128.35,128.35,136.82,-8.47,-6.1906,21811.6,286391.609
603239.SH,20240105,15.02,15.21,14.75,14.8,15.07,-0.27,-1.7916,18750.0,28012.407
603065.SH,20240105,13.88,15.27,13.74,15.27,13.88,1.39,10.0144,115050.44,171873.14
688376.SH,20240105,37.2,37.35,35.56,35.95,37.22,-1.27,-3.4121,10248.42,37108.447
688041.SH,20240105,74.11,74.97,70.58,71.73,74.9,-3.17,-4.2323,167217.88,1216569.64
603266.SH,20240105,26.08,26.12,24.5,24.68,26.08,-1.4,-5.3681,112710.16,284478.086
688047.SH,20240105,107.52,108.41,104.0,104.88,108.11,-3.23,-2.9877,28314.15,299783.587
603686.SH,20240105,10.51,10.69,10.29,10.33,10.58,-0.25,-2.3629,110403.0,115711.005
688068.SH,20240105,41.2,41.68,40.41,40.83,41.25,-0.42,-1.0182,12491.47,51162.518
603665.SH,20240105,28.34,28.84,27.0,27.16,28.82,-1.66,-5.7599,34509.0,96318.264
688114.SH,20240105,84.99,85.64,81.0,81.93,85.55,-3.62,-4.2314,26386.06,216953.696
605337.SH,20240105,13.83,13.9,13.54,13.61,13.83,-0.22,-1.5907,15076.87,20669.297
688739.SH,20240105,32.27,32.39,31.83,31.91,32.29,-0.38,-1.1768,11975.98,38444.445
605155.SH,20240105,15.81,16.17,15.29,15.45,15.86,-0.41,-2.5851,25506.9,40070.325
605077.SH,20240105,21.66,21.87,21.32,21.51,21.68,-0.17,-0.7841,7678.68,16602.559
688083.SH,20240105,95.11,95.97,91.06,92.07,95.98,-3.91,-4.0738,10174.74,94786.852
601985.SH,20240105,7.96,8.03,7.85,7.93,7.97,-0.04,-0.5019,1075550.62,854900.773
603195.SH,20240105,94.18,95.37,93.18,93.43,94.4,-0.97,-1.0275,8979.68,84509.063
688221.SH,20240105,9.95,9.95,9.61,9.63,9.88,-0.25,-2.5304,22442.83,21850.942
688229.SH,20240105,45.93,46.44,45.01,45.19,45.67,-0.48,-1.051,5838.54,26630.723
603767.SH,20240105,14.8,15.03,14.3,14.35,14.81,-0.46,-3.106,77715.6,113433.333
688419.SH,20240105,32.98,33.5,32.23,32.48,33.11,-0.63,-1.9027,6051.2,19811.963
603577.SH,20240105,10.85,12.88,10.85,10.85,12.05,-1.2,-9.9585,597886.54,690664.506
688186.SH,20240105,18.16,18.43,17.75,17.83,18.25,-0.42,-2.3014,27944.36,50341.143
688722.SH,20240105,14.71,15.14,14.39,14.39,14.62,-0.23,-1.5732,38494.99,56959.046
603276.SH,20240105,25.68,26.33,24.69,24.75,25.81,-1.06,-4.1069,64438.4,164179.832
688132.SH,20240105,21.07,21.26,20.52,20.82,21.26,-0.44,-2.0696,11038.37,22904.82
688689.SH,20240105,27.2,27.31,26.15,26.51,26.97,-0.46,-1.7056,8520.88,22822.515
603377.SH,20240105,4.4,4.41,4.27,4.29,4.38,-0.09,-2.0548,143473.54,62191.773
603803.SH,20240105,8.03,8.03,7.7,7.74,8.02,-0.28,-3.4913,83635.32,65461.735
603155.SH,20240105,23.82,23.95,23.32,23.38,23.81,-0.43,-1.806,2355.5,5555.15
603535.SH,20240105,18.12,18.46,17.83,17.91,18.16,-0.25,-1.3767,15164.0,27523.776
688638.SH,20240105,59.3,59.97,58.62,58.77,59.25,-0.48,-0.8101,955.89,5663.099
688362.SH,20240105,24.43,24.61,23.44,23.59,24.37,-0.78,-3.2007,40598.06,96841.415
603188.SH,20240105,4.25,4.26,4.11,4.14,4.27,-0.13,-3.0445,225257.0,93872.615
603611.SH,20240105,18.81,19.02,18.25,18.38,18.89,-0.51,-2.6998,34949.21,64894.187
603150.SH,20240105,29.32,29.6,28.81,28.89,29.32,-0.43,-1.4666,11808.0,34430.215
603378.SH,20240105,8.55,8.62,8.34,8.39,8.54,-0.15,-1.7564,32303.33,27375.502
688251.SH,20240105,29.57,29.87,29.03,29.2,29.54,-0.34,-1.151,3486.94,10228.833
601901.SH,20240105,7.75,7.82,7.65,7.69,7.75,-0.06,-0.7742,532739.94,412379.417
688147.SH,20240105,36.68,36.72,35.23,35.58,36.58,-1.0,-2.7337,15605.41,56079.096
603229.SH,20240105,12.96,12.98,12.6,12.61,12.89,-0.28,-2.1722,43910.52,55920.007
688183.SH,20240105,10.66,10.69,10.15,10.21,10.7,-0.49,-4.5794,44470.06,46118.676
603135.SH,20240105,16.13,16.37,15.87,15.94,16.13,-0.19,-1.1779,16230.51,26137.117
688480.SH,20240105,37.89,38.03,36.7,37.0,38.08,-1.08,-2.8361,4206.52,15675.016
603042.SH,20240105,15.06,15.19,14.57,14.69,15.13,-0.44,-2.9081,42233.0,62780.857
688385.SH,20240105,36.48,36.78,35.4,35.67,36.66,-0.99,-2.7005,49928.66,179696.837
603979.SH,20240105,39.08,39.09,37.9,38.22,38.8,-0.58,-1.4948,36228.72,138928.537
603669.SH,20240105,5.82,5.82,5.68,5.7,5.8,-0.1,-1.7241,22508.46,12951.259
603282.SH,20240105,25.83,28.57,25.83,27.8,25.97,1.83,7.0466,67591.51,189145.007
603922.SH,20240105,25.8,26.0,25.41,25.7,25.8,-0.1,-0.3876,3058.0,7835.605
603956.SH,20240105,8.08,8.17,7.9,7.96,8.12,-0.16,-1.9704,38543.52,30944.079
688655.SH,20240105,14.96,15.14,14.51,14.64,14.88,-0.24,-1.6129,13296.97,19672.282
603356.SH,20240105,16.23,16.88,15.03,15.08,16.15,-1.07,-6.6254,304100.37,485218.972
688819.SH,20240105,27.27,28.06,27.23,27.36,27.49,-0.13,-0.4729,20681.7,57170.687
603289.SH,20240105,10.85,10.89,10.47,10.61,10.92,-0.31,-2.8388,83342.0,88792.925
688184.SH,20240105,19.22,19.64,19.03,19.16,19.19,-0.03,-0.1563,6887.91,13361.786
603172.SH,20240105,17.8,18.06,17.66,17.93,17.75,0.18,1.0141,41656.65,74444.083
688036.SH,20240105,132.17,135.17,131.0,131.85,133.41,-1.56,-1.1693,35836.49,476626.969
688116.SH,20240105,27.3,28.48,27.05,27.22,27.42,-0.2,-0.7294,61081.47,169427.619
603569.SH,20240105,11.99,11.99,11.36,11.42,11.9,-0.48,-4.0336,114888.71,132981.027
603373.SH,20240105,49.0,49.99,47.21,48.42,48.6,-0.18,-0.3704,93479.24,454505.262
603607.SH,20240105,17.29,17.4,16.45,16.58,17.38,-0.8,-4.603,94270.0,159109.222
603259.SH,20240105,69.4,69.55,67.5,68.11,69.16,-1.05,-1.5182,177232.89,1214808.634
603690.SH,20240105,25.3,25.63,24.9,25.08,25.38,-0.3,-1.182,33586.22,84719.574
603920.SH,20240105,17.52,17.74,17.07,17.18,17.53,-0.35,-1.9966,52185.2,90596.515
688255.SH,20240105,23.18,23.41,22.31,22.41,23.18,-0.77,-3.3218,7219.43,16442.596
688096.SH,20240105,9.71,9.85,9.57,9.65,9.71,-0.06,-0.6179,14863.54,14410.38
688519.SH,20240105,24.61,24.7,24.0,24.1,24.25,-0.15,-0.6186,7012.17,17076.762
603969.SH,20240105,5.78,5.79,5.58,5.66,5.82,-0.16,-2.7491,188347.55,106777.673
688622.SH,20240105,34.42,34.81,32.93,33.17,34.5,-1.33,-3.8551,5009.92,16846.317
603036.SH,20240105,14.36,14.46,14.02,14.1,14.34,-0.24,-1.6736,24691.0,35143.971
605189.SH,20240105,16.68,17.0,16.52,16.63,16.83,-0.2,-1.1884,14357.4,24030.408
603007.SH,20240105,5.83,6.01,5.81,5.9,5.82,0.08,1.3746,151727.67,89559.428
603051.SH,20240105,33.39,34.17,32.5,32.73,33.58,-0.85,-2.5313,23208.13,77254.292
601992.SH,20240105,1.94,1.97,1.92,1.93,1.93,0.0,0.0,395541.45,77135.953
603037.SH,20240105,19.67,19.77,18.93,19.06,19.6,-0.54,-2.7551,56247.2,108733.253
688518.SH,20240105,18.72,18.93,18.26,18.3,18.73,-0.43,-2.2958,51758.79,96043.0
603031.SH,20240105,46.88,47.57,46.65,47.21,47.45,-0.24,-0.5058,4415.38,20783.39
688372.SH,20240105,72.68,73.58,70.4,71.66,73.18,-1.52,-2.0771,8383.02,60050.109
603456.SH,20240105,22.48,22.71,21.73,21.92,22.48,-0.56,-2.4911,99889.81,221284.587
603385.SH,20240105,8.22,8.35,8.18,8.23,8.21,0.02,0.2436,18427.7,15243.789
603511.SH,20240105,15.72,15.83,15.38,15.46,15.7,-0.24,-1.5287,8732.0,13587.049
603099.SH,20240105,21.37,21.93,20.99,21.93,19.94,1.99,9.9799,370884.42,808158.857
688003.SH,20240105,35.02,35.45,34.29,34.53,34.96,-0.43,-1.23,8567.92,29797.114
688429.SH,20240105,21.35,21.78,20.24,20.43,21.2,-0.77,-3.6321,38245.33,80177.592
688400.SH,20240105,25.11,25.57,24.59,24.64,25.29,-0.65,-2.5702,39801.84,99704.458
688082.SH,20240105,100.98,101.2,98.5,98.8,100.21,-1.41,-1.407,6123.41,61026.758
603052.SH,20240105,53.5,53.5,48.31,48.31,53.68,-5.37,-10.0037,138571.72,677992.821
688239.SH,20240105,43.95,44.33,41.67,41.79,44.1,-2.31,-5.2381,31780.69,135764.576
688359.SH,20240105,66.02,67.01,64.64,66.0,67.37,-1.37,-2.0335,6741.62,44162.448
688288.SH,20240105,23.88,23.88,23.2,23.3,23.53,-0.23,-0.9775,10541.39,24813.477
688045.SH,20240105,40.33,40.98,39.07,39.44,40.36,-0.92,-2.2795,3642.24,14567.58
605180.SH,20240105,14.43,14.46,14.04,14.15,14.39,-0.24,-1.6678,11099.53,15816.603
688153.SH,20240105,62.58,62.99,61.28,61.95,62.65,-0.7,-1.1173,5318.67,33103.248
603358.SH,20240105,24.35,24.4,23.7,24.18,24.21,-0.03,-0.1239,41489.73,99586.631
605016.SH,20240105,29.84,30.33,28.88,29.43,29.72,-0.29,-0.9758,17731.13,52466.504
603987.SH,20240105,9.48,9.5,9.21,9.28,9.49,-0.21,-2.2129,45564.0,42668.995
605116.SH,20240105,25.65,25.79,25.39,25.41,25.69,-0.28,-1.0899,10914.0,27909.23
603275.SH,20240105,40.06,40.71,39.88,40.39,40.03,0.36,0.8993,15622.1,62973.384
603392.SH,20240105,74.16,82.1,73.7,80.35,74.8,5.55,7.4198,254562.48,2009672.21
605167.SH,20240105,12.38,13.89,11.37,11.94,12.63,-0.69,-5.4632,981163.95,1191728.169
688018.SH,20240105,98.35,99.5,97.09,97.62,98.45,-0.83,-0.8431,7979.42,78199.766
688680.SH,20240105,61.5,64.75,59.99,60.95,61.5,-0.55,-0.8943,29882.1,185794.987
603311.SH,20240105,10.61,10.77,10.47,10.53,10.61,-0.08,-0.754,12751.0,13549.101
603588.SH,20240105,6.46,6.5,6.31,6.32,6.45,-0.13,-2.0155,113181.36,72450.998
688733.SH,20240105,28.2,28.57,27.17,27.36,28.18,-0.82,-2.9099,18794.54,52173.051
688656.SH,20240105,35.46,35.46,34.34,34.54,34.87,-0.33,-0.9464,3202.97,11090.268
688639.SH,20240105,115.08,116.0,112.34,113.12,115.26,-2.14,-1.8567,5440.05,62172.721
688390.SH,20240105,125.3,130.3,120.0,122.62,127.33,-4.71,-3.699,52794.98,656549.706
688368.SH,20240105,96.9,98.91,94.77,95.25,97.26,-2.01,-2.0666,5115.78,49499.069
603366.SH,20240105,6.3,6.35,6.18,6.22,6.29,-0.07,-1.1129,108707.05,68173.777
688002.SH,20240105,42.11,42.32,40.82,40.95,42.13,-1.18,-2.8009,38060.76,157893.551
688716.SH,20240105,35.23,36.2,34.35,34.49,35.23,-0.74,-2.1005,24395.63,85791.955
603201.SH,20240105,27.14,27.47,26.72,26.87,27.22,-0.35,-1.2858,10436.86,28175.596
688185.SH,20240105,71.44,71.97,70.09,70.39,71.44,-1.05,-1.4698,9466.73,67304.514
605196.SH,20240105,7.87,7.96,7.7,7.75,7.88,-0.13,-1.6497,95986.0,75012.855
688511.SH,20240105,31.61,31.79,30.9,31.0,31.63,-0.63,-1.9918,4512.75,14110.169
603158.SH,20240105,8.93,9.02,8.65,8.7,8.93,-0.23,-2.5756,199120.6,175535.039
688169.SH,20240105,266.51,277.3,266.51,272.97,268.0,4.97,1.8545,8194.27,224318.269
603208.SH,20240105,29.58,30.22,29.18,30.1,29.34,0.76,2.5903,17769.29,53061.658
603887.SH,20240105,8.06,8.09,7.82,7.86,8.05,-0.19,-2.3602,47487.4,37766.877
688699.SH,20240105,38.55,38.82,37.01,37.26,38.23,-0.97,-2.5373,7236.67,27325.792
688050.SH,20240105,163.03,164.89,159.46,162.65,163.84,-1.19,-0.7263,7322.19,119064.27
603100.SH,20240105,26.59,26.63,25.62,25.76,26.6,-0.84,-3.1579,17885.16,46575.612
603079.SH,20240105,14.87,14.91,14.24,14.41,14.91,-0.5,-3.3535,85205.52,123108.736
688035.SH,20240105,50.5,50.95,49.1,49.3,50.65,-1.35,-2.6654,11904.28,59375.587
603269.SH,20240105,13.65,13.76,13.39,13.45,13.72,-0.27,-1.9679,17717.74,24062.804
688269.SH,20240105,35.09,36.05,34.4,34.5,35.15,-0.65,-1.8492,7771.85,27224.444
688188.SH,20240105,253.51,255.91,243.5,247.95,255.01,-7.06,-2.7685,6528.67,162456.769
601965.SH,20240105,21.47,22.15,21.16,21.3,21.39,-0.09,-0.4208,77638.62,168825.188
688228.SH,20240105,65.57,66.16,62.0,62.85,66.2,-3.35,-5.0604,21643.71,137572.37
603556.SH,20240105,29.43,30.75,29.43,30.0,29.7,0.3,1.0101,48809.86,147577.549
688410.SH,20240105,29.6,29.74,28.28,28.45,29.75,-1.3,-4.3697,24450.77,70314.943
605099.SH,20240105,20.25,20.42,19.99,20.05,20.27,-0.22,-1.0853,5063.03,10237.13
688503.SH,20240105,51.1,52.01,49.7,50.12,51.15,-1.03,-2.0137,20792.6,105569.033
688051.SH,20240105,32.8,33.23,31.9,32.12,32.15,-0.03,-0.0933,5568.74,18047.949
605259.SH,20240105,23.1,23.59,22.55,23.1,23.22,-0.12,-0.5168,16658.4,38601.194
603227.SH,20240105,6.99,6.99,6.8,6.83,6.97,-0.14,-2.0086,77605.0,53459.798
603110.SH,20240105,24.4,24.68,23.9,24.07,24.46,-0.39,-1.5944,21511.85,52195.754
603117.SH,20240105,3.35,3.35,3.3,3.32,3.34,-0.02,-0.5988,12322.0,4086.134
688271.SH,20240105,145.0,145.95,139.09,139.73,145.81,-6.08,-4.1698,36763.5,522322.859
603118.SH,20240105,8.65,8.65,8.3,8.37,8.64,-0.27,-3.125,123520.4,104428.387
603139.SH,20240105,19.41,19.72,19.03,19.07,19.41,-0.34,-1.7517,16205.0,31298.125
688373.SH,20240105,6.61,6.61,6.35,6.38,6.59,-0.21,-3.1866,44137.22,28507.214
603386.SH,20240105,13.41,13.62,13.06,13.16,13.38,-0.22,-1.6442,42356.0,56388.643
605020.SH,20240105,25.2,27.7,25.19,26.71,25.46,1.25,4.9097,85856.4,230261.851
688363.SH,20240105,64.43,65.0,62.88,63.06,64.41,-1.35,-2.0959,16705.29,106699.461
603885.SH,20240105,12.12,12.22,11.9,11.91,12.21,-0.3,-2.457,92962.44,111863.195
688249.SH,20240105,17.18,17.37,17.03,17.17,17.14,0.03,0.175,54983.78,94704.345
603610.SH,20240105,12.19,12.5,12.13,12.25,12.45,-0.2,-1.6064,62386.6,76680.999
603221.SH,20240105,10.5,11.1,10.5,10.6,10.55,0.05,0.4739,46242.35,49705.72
688216.SH,20240105,26.7,27.3,26.1,26.16,26.85,-0.69,-2.5698,5914.54,15694.058
688498.SH,20240105,145.98,147.3,137.74,139.0,147.03,-8.03,-5.4615,17373.14,244393.313
603909.SH,20240105,11.7,11.74,11.39,11.42,11.61,-0.19,-1.6365,8014.0,9240.71
603856.SH,20240105,11.83,11.98,11.81,11.84,11.82,0.02,0.1692,26983.85,32134.567
601989.SH,20240105,4.16,4.19,4.09,4.11,4.16,-0.05,-1.2019,676987.68,280511.613
603181.SH,20240105,10.83,11.0,10.67,10.73,10.82,-0.09,-0.8318,15630.84,16977.763
603132.SH,20240105,13.49,13.64,13.29,13.38,13.5,-0.12,-0.8889,29936.0,40316.989
688253.SH,20240105,25.1,25.13,23.8,24.06,25.43,-1.37,-5.3873,40603.79,99394.316
603237.SH,20240105,28.85,29.26,28.6,28.66,28.85,-0.19,-0.6586,6944.2,20114.448
688667.SH,20240105,77.4,78.87,74.97,75.69,77.5,-1.81,-2.3355,4263.8,32645.796
603320.SH,20240105,16.21,16.35,15.83,15.95,16.19,-0.24,-1.4824,26798.6,43014.419
603966.SH,20240105,8.31,8.31,8.03,8.07,8.27,-0.2,-2.4184,45168.68,36778.588
603357.SH,20240105,8.96,9.09,8.9,8.97,8.98,-0.01,-0.1114,44302.22,39940.418
603309.SH,20240105,14.15,14.17,13.53,13.63,14.11,-0.48,-3.4018,28897.0,39900.913
603896.SH,20240105,31.62,31.74,30.82,30.87,31.62,-0.75,-2.3719,12380.64,38680.96
603955.SH,20240105,15.18,15.35,14.92,14.99,15.18,-0.19,-1.2516,9838.0,14871.787
688061.SH,20240105,38.48,38.6,37.15,37.38,38.35,-0.97,-2.5293,6938.12,26189.309
603333.SH,20240105,5.6,5.72,5.6,5.6,6.22,-0.62,-9.9678,816560.51,458460.71
603590.SH,20240105,37.46,37.76,36.52,36.63,37.55,-0.92,-2.4501,14595.53,54167.181
688697.SH,20240105,18.14,18.39,17.69,17.83,18.16,-0.33,-1.8172,17552.03,31649.958
605056.SH,20240105,14.84,15.38,14.57,15.3,14.84,0.46,3.0997,185131.63,279013.743
605319.SH,20240105,23.26,23.89,22.77,23.0,23.25,-0.25,-1.0753,32946.63,76490.999
688663.SH,20240105,27.28,27.59,26.32,26.52,27.04,-0.52,-1.9231,20556.21,55313.64
688290.SH,20240105,49.65,50.0,47.06,47.6,49.6,-2.0,-4.0323,8849.9,42452.062
603000.SH,20240105,27.19,27.33,26.3,26.56,26.99,-0.43,-1.5932,149594.84,400448.347
688800.SH,20240105,39.7,40.38,37.11,37.47,39.64,-2.17,-5.4743,19806.13,75735.248
688125.SH,20240105,37.98,38.34,36.61,36.8,37.98,-1.18,-3.1069,4057.16,15133.557
603899.SH,20240105,34.5,34.63,33.9,34.08,34.46,-0.38,-1.1027,22678.28,77611.431
688093.SH,20240105,18.01,18.1,17.4,17.5,17.94,-0.44,-2.4526,6857.23,12149.108
603050.SH,20240105,18.2,18.65,17.95,18.02,18.11,-0.09,-0.497,57419.2,104480.656
688718.SH,20240105,14.67,14.8,14.09,14.19,14.67,-0.48,-3.272,13767.25,19867.074
603518.SH,20240105,10.38,10.42,9.86,9.92,10.47,-0.55,-5.2531,135250.0,135854.776
605555.SH,20240105,21.48,21.81,21.0,21.15,21.51,-0.36,-1.6736,23697.05,50631.806
688103.SH,20240105,45.32,45.96,44.59,44.69,45.33,-0.64,-1.4119,7437.87,33612.538
603663.SH,20240105,11.43,11.92,11.13,11.53,10.84,0.69,6.3653,470592.52,547559.898
688466.SH,20240105,18.23,18.42,18.02,18.18,18.23,-0.05,-0.2743,7402.45,13508.51
605577.SH,20240105,22.88,23.13,21.46,21.63,22.99,-1.36,-5.9156,194883.78,428021.029
603739.SH,20240105,14.25,14.46,14.13,14.22,14.25,-0.03,-0.2105,91821.4,131271.842
603025.SH,20240105,12.6,12.75,12.23,12.35,12.63,-0.28,-2.2169,49364.34,61542.86
688702.SH,20240105,46.74,47.7,45.5,45.8,46.26,-0.46,-0.9944,15146.62,70226.138
603308.SH,20240105,13.5,13.73,13.2,13.56,13.62,-0.06,-0.4405,72242.62,96566.137
605318.SH,20240105,16.44,16.58,16.06,16.19,16.32,-0.13,-0.7966,14303.0,23397.892
603867.SH,20240105,31.7,32.88,31.37,31.94,31.67,0.27,0.8525,18536.74,59431.959
688119.SH,20240105,4.89,4.91,4.77,4.8,4.88,-0.08,-1.6393,26583.62,12845.785
603948.SH,20240105,23.0,23.11,22.61,22.74,23.05,-0.31,-1.3449,8225.0,18791.633
601958.SH,20240105,9.75,9.83,9.64,9.68,9.75,-0.07,-0.7179,220921.4,215577.616
603917.SH,20240105,17.2,17.52,16.84,16.99,17.18,-0.19,-1.1059,17248.2,29586.767
688383.SH,20240105,98.0,100.99,96.86,97.41,98.9,-1.49,-1.5066,7271.52,71478.605
688665.SH,20240105,65.79,66.19,63.64,64.12,65.84,-1.72,-2.6124,3316.91,21387.271
603859.SH,20240105,37.5,39.08,37.38,37.76,37.34,0.42,1.1248,37397.06,142271.771
603217.SH,20240105,17.74,17.77,17.08,17.16,17.74,-0.58,-3.2694,26272.92,45765.79
688046.SH,20240105,19.12,19.26,18.6,18.7,19.07,-0.37,-1.9402,9296.48,17532.806
603605.SH,20240105,96.3,96.3,93.3,93.42,96.42,-3.0,-3.1114,18987.79,178713.68
603898.SH,20240105,11.23,11.35,11.04,11.13,11.29,-0.16,-1.4172,20794.27,23286.278
688314.SH,20240105,32.56,32.77,31.62,31.79,32.72,-0.93,-2.8423,3144.59,10105.611
603332.SH,20240105,11.48,12.16,11.47,11.83,12.48,-0.65,-5.2083,300680.68,354713.942
688133.SH,20240105,45.3,45.8,43.95,44.06,45.33,-1.27,-2.8017,10726.77,48026.601
603323.SH,20240105,4.22,4.32,4.2,4.25,4.21,0.04,0.9501,311981.39,133191.6
688282.SH,20240105,36.99,37.06,35.71,35.9,37.0,-1.1,-2.973,11688.25,42576.162
603038.SH,20240105,12.49,13.43,12.4,12.52,12.42,0.1,0.8052,286166.23,370689.982
688206.SH,20240105,20.86,21.04,20.25,20.3,20.86,-0.56,-2.6846,12205.51,25083.905
603602.SH,20240105,14.78,14.88,14.38,14.49,14.71,-0.22,-1.4956,20813.44,30469.389
603288.SH,20240105,35.81,36.01,34.72,34.95,35.81,-0.86,-2.4016,130886.9,460755.408
688168.SH,20240105,36.76,37.43,36.55,36.84,36.69,0.15,0.4088,9860.81,36373.94
603619.SH,20240105,19.29,19.29,18.77,18.81,19.13,-0.32,-1.6728,66996.47,127006.634
603699.SH,20240105,14.67,14.7,14.28,14.34,14.67,-0.33,-2.2495,38300.31,55443.402
688030.SH,20240105,19.43,19.74,19.09,19.21,19.52,-0.31,-1.5881,10700.76,20765.716
688670.SH,20240105,27.67,27.9,25.6,25.89,27.73,-1.84,-6.6354,19101.78,50462.351
601899.SH,20240105,12.46,12.68,12.37,12.47,12.51,-0.04,-0.3197,1097526.52,1377692.738
603138.SH,20240105,17.27,17.28,16.51,16.62,17.01,-0.39,-2.2928,45449.0,76635.424
688776.SH,20240105,96.97,97.8,91.1,92.0,97.8,-5.8,-5.9305,17683.38,164724.861
603019.SH,20240105,38.68,38.75,37.0,37.23,38.94,-1.71,-4.3914,342918.45,1293427.515
603136.SH,20240105,20.31,20.5,19.6,19.74,20.69,-0.95,-4.5916,76768.62,153775.469
688455.SH,20240105,12.76,12.86,12.45,12.53,12.73,-0.2,-1.5711,6036.42,7630.179
688301.SH,20240105,304.81,309.39,285.01,290.45,305.68,-15.23,-4.9823,16749.7,491754.936
603615.SH,20240105,17.9,18.18,17.65,17.66,17.75,-0.09,-0.507,24831.0,44254.224
688148.SH,20240105,7.25,7.47,7.11,7.17,7.3,-0.13,-1.7808,57052.32,41522.217
688238.SH,20240105,8.65,8.69,8.41,8.47,8.66,-0.19,-2.194,51035.64,43552.282
603128.SH,20240105,7.64,7.64,7.42,7.46,7.65,-0.19,-2.4837,149142.21,112213.228
605018.SH,20240105,11.01,11.17,10.81,10.87,11.0,-0.13,-1.1818,27152.0,29840.109
688355.SH,20240105,18.94,19.27,18.26,18.4,19.02,-0.62,-3.2597,9795.59,18225.124
603808.SH,20240105,9.17,9.26,9.06,9.09,9.18,-0.09,-0.9804,34011.1,31152.18
688291.SH,20240105,27.63,27.79,26.91,27.02,27.68,-0.66,-2.3844,6271.2,17125.897
603336.SH,20240105,5.26,5.26,5.14,5.16,5.23,-0.07,-1.3384,90808.87,47206.367
603528.SH,20240105,8.93,9.0,8.68,8.73,8.94,-0.21,-2.349,121487.08,107358.521
603083.SH,20240105,35.73,35.81,33.2,33.34,35.92,-2.58,-7.1826,222443.33,756899.307
603879.SH,20240105,6.51,6.51,6.27,6.3,6.44,-0.14,-2.1739,33518.55,21344.757
688777.SH,20240105,42.0,42.45,40.78,41.01,42.25,-1.24,-2.9349,88066.44,365462.935
603313.SH,20240105,11.09,11.57,10.88,11.16,11.08,0.08,0.722,108157.39,121480.921
688366.SH,20240105,101.83,102.82,100.4,100.55,101.81,-1.26,-1.2376,2940.44,29736.276
688378.SH,20240105,44.0,44.88,43.25,43.65,44.07,-0.42,-0.953,14247.16,62704.931
688027.SH,20240105,122.88,123.81,119.0,119.42,123.18,-3.76,-3.0524,5381.63,65160.766
688182.SH,20240105,16.71,16.78,16.13,16.24,16.63,-0.39,-2.3452,22371.71,36769.369
603190.SH,20240105,29.88,30.13,29.38,29.64,29.64,0.0,0.0,9339.0,27801.439
603133.SH,20240105,7.07,7.12,6.9,6.96,7.1,-0.14,-1.9718,15554.0,10927.76
688658.SH,20240105,21.08,21.08,19.62,19.74,20.98,-1.24,-5.9104,40472.92,81469.25
605567.SH,20240105,12.6,12.71,12.16,12.23,12.6,-0.37,-2.9365,67764.0,83738.516
603886.SH,20240105,18.62,18.75,18.3,18.42,18.47,-0.05,-0.2707,17623.0,32688.819
688683.SH,20240105,24.26,24.44,23.78,23.84,24.4,-0.56,-2.2951,4548.3,10907.753
603737.SH,20240105,44.0,44.89,43.21,43.59,44.11,-0.52,-1.1789,26068.0,115219.802
688180.SH,20240105,40.81,41.49,40.38,40.61,41.23,-0.62,-1.5038,32860.38,133760.152
688065.SH,20240105,52.3,52.83,50.36,50.66,52.46,-1.8,-3.4312,18157.66,93096.124
601956.SH,20240105,6.06,6.09,5.94,5.98,6.04,-0.06,-0.9934,61036.72,36740.904
603679.SH,20240105,14.88,15.01,14.47,14.55,14.88,-0.33,-2.2177,20109.0,29591.74
688300.SH,20240105,49.2,50.35,48.36,48.52,49.35,-0.83,-1.6819,13923.62,68684.773
601900.SH,20240105,13.17,13.17,12.72,12.8,13.18,-0.38,-2.8832,107054.9,138071.111
688693.SH,20240105,42.53,43.47,41.97,42.19,42.64,-0.45,-1.0553,4981.58,21309.791
603609.SH,20240105,8.56,8.56,8.33,8.37,8.47,-0.1,-1.1806,31215.0,26219.843
603650.SH,20240105,31.52,31.68,30.64,30.85,31.58,-0.73,-2.3116,45024.07,139892.251
603057.SH,20240105,21.61,22.46,21.52,22.03,21.61,0.42,1.9435,23648.82,52330.443
605162.SH,20240105,9.43,9.48,9.23,9.28,9.36,-0.08,-0.8547,31933.18,29847.25
688533.SH,20240105,37.42,37.64,36.24,36.46,37.39,-0.93,-2.4873,10458.08,38585.49
605378.SH,20240105,29.19,30.86,27.06,27.21,29.16,-1.95,-6.6872,164750.95,473818.286
603595.SH,20240105,35.32,35.94,34.7,34.93,35.68,-0.75,-2.102,13522.59,47579.861
688128.SH,20240105,19.85,19.93,19.36,19.48,19.86,-0.38,-1.9134,13142.19,25815.396
688799.SH,20240105,48.52,48.62,46.5,46.96,48.55,-1.59,-3.275,12206.53,57841.413
688085.SH,20240105,18.19,18.21,17.66,17.76,18.14,-0.38,-2.0948,15238.88,27206.312
603027.SH,20240105,15.39,15.59,15.13,15.2,15.44,-0.24,-1.5544,77560.85,118616.377
688033.SH,20240105,16.01,16.21,15.58,15.61,16.06,-0.45,-2.802,53353.19,84486.974
688648.SH,20240105,25.82,26.08,25.3,25.45,25.92,-0.47,-1.8133,13388.03,34392.109
688171.SH,20240105,22.24,22.52,21.82,21.92,22.23,-0.31,-1.3945,8933.91,19806.991
603048.SH,20240105,21.0,21.39,19.25,19.78,20.31,-0.53,-2.6096,149495.65,302624.483
603388.SH,20240105,8.54,8.57,8.09,8.16,8.41,-0.25,-2.9727,188486.0,156448.477
603950.SH,20240105,15.62,15.65,15.24,15.3,15.6,-0.3,-1.9231,16564.0,25562.622
603335.SH,20240105,6.59,6.96,6.59,6.66,6.7,-0.04,-0.597,89287.0,60583.492
603566.SH,20240105,21.62,21.78,21.2,21.32,21.72,-0.4,-1.8416,30531.0,65524.0
603315.SH,20240105,14.33,14.44,13.83,14.15,14.5,-0.35,-2.4138,89938.91,126473.124
603933.SH,20240105,15.34,15.49,14.96,15.03,15.35,-0.32,-2.0847,15739.73,23907.283
688261.SH,20240105,79.69,80.87,77.52,78.0,79.69,-1.69,-2.1207,7224.82,57000.52
603912.SH,20240105,8.74,8.79,8.47,8.53,8.75,-0.22,-2.5143,80585.72,69302.789
603878.SH,20240105,7.74,7.79,7.61,7.67,7.69,-0.02,-0.2601,35844.1,27663.793
688166.SH,20240105,33.49,34.9,32.48,32.66,33.3,-0.64,-1.9219,91593.51,308220.73
603123.SH,20240105,10.41,10.42,10.11,10.14,10.38,-0.24,-2.3121,122980.63,126254.174
688157.SH,20240105,50.7,51.39,50.3,50.55,50.7,-0.15,-0.2959,3602.46,18301.939
603882.SH,20240105,57.96,58.21,55.9,56.59,58.1,-1.51,-2.599,41741.8,236065.282
603999.SH,20240105,7.0,7.02,6.75,6.83,7.0,-0.17,-2.4286,142696.0,98145.164
688172.SH,20240105,17.72,17.77,17.19,17.31,17.7,-0.39,-2.2034,26148.88,45755.781
603213.SH,20240105,11.33,11.5,11.05,11.09,11.46,-0.37,-3.2286,51144.98,57636.545
603359.SH,20240105,7.86,7.92,7.67,7.78,7.86,-0.08,-1.0178,57966.64,45084.492
688416.SH,20240105,53.44,53.73,51.19,51.75,53.78,-2.03,-3.7746,7312.95,38366.542
603976.SH,20240105,20.33,20.44,19.86,20.02,20.22,-0.2,-0.9891,5681.0,11453.459
601908.SH,20240105,4.54,4.59,4.45,4.48,4.56,-0.08,-1.7544,129562.13,58480.511
601963.SH,20240105,6.99,7.21,6.94,7.09,7.0,0.09,1.2857,99373.91,70675.341
603321.SH,20240105,8.78,8.92,8.62,8.66,8.81,-0.15,-1.7026,28681.0,25128.186
601969.SH,20240105,6.66,6.68,6.57,6.59,6.64,-0.05,-0.753,69855.0,46356.365
603040.SH,20240105,28.78,29.9,27.28,27.64,28.55,-0.91,-3.1874,100732.6,285758.002
688388.SH,20240105,19.19,19.65,18.7,18.82,19.15,-0.33,-1.7232,36011.05,68783.572
002099.SZ,20240105,7.28,7.29,7.09,7.13,7.29,-0.16,-2.1948,73372.17,52643.452
002275.SZ,20240105,14.72,14.75,14.48,14.56,14.72,-0.16,-1.087,44957.0,65841.928
600037.SH,20240105,7.79,7.79,7.61,7.65,7.79,-0.14,-1.7972,97362.39,75070.571
300387.SZ,20240105,8.11,8.16,7.77,7.84,8.12,-0.28,-3.4483,163786.6,129884.075
301217.SZ,20240105,11.72,11.82,11.47,11.53,11.72,-0.19,-1.6212,25090.92,29173.023
002457.SZ,20240105,8.7,8.7,8.35,8.39,8.67,-0.28,-3.2295,184581.0,157059.009
000795.SZ,20240105,6.12,6.2,5.98,6.01,6.13,-0.12,-1.9576,116406.2,70753.955
600858.SH,20240105,5.52,5.6,5.43,5.46,5.52,-0.06,-1.087,85761.0,47338.666
002471.SZ,20240105,3.1,3.12,3.0,3.02,3.08,-0.06,-1.9481,508859.45,155207.182
300568.SZ,20240105,14.5,14.98,14.34,14.4,14.61,-0.21,-1.4374,161228.9,235676.587
300870.SZ,20240105,43.8,44.45,42.52,42.72,43.86,-1.14,-2.5992,7134.6,30842.777
301009.SZ,20240105,10.74,11.0,10.6,10.68,10.72,-0.04,-0.3731,39281.6,42394.429
000026.SZ,20240105,10.99,11.06,10.71,10.82,11.0,-0.18,-1.6364,38641.0,42199.934
002247.SZ,20240105,2.38,2.39,2.35,2.37,2.38,-0.01,-0.4202,175500.0,41441.068
002062.SZ,20240105,4.48,4.52,4.43,4.44,4.49,-0.05,-1.1136,51905.0,23237.79
002129.SZ,20240105,14.48,14.76,14.08,14.18,14.58,-0.4,-2.7435,754618.3,1087996.506
000682.SZ,20240105,8.16,8.24,8.0,8.05,8.18,-0.13,-1.5892,87960.05,71421.61
920970.BJ,20240105,6.86,6.98,6.43,6.62,6.88,-0.26,-3.7791,34343.13,22893.265
002981.SZ,20240105,37.34,40.92,36.66,39.07,37.6,1.47,3.9096,123308.28,474246.648
002236.SZ,20240105,17.42,17.59,16.89,17.01,17.51,-0.5,-2.8555,311399.02,536538.738
002687.SZ,20240105,5.58,5.62,5.45,5.48,5.56,-0.08,-1.4388,72336.9,40037.625
002387.SZ,20240105,10.23,10.39,10.05,10.11,10.23,-0.12,-1.173,128872.27,131226.661
301006.SZ,20240105,18.0,18.13,17.47,17.61,18.0,-0.39,-2.1667,6522.74,11590.245
601022.SH,20240105,12.01,12.22,11.51,11.64,12.32,-0.68,-5.5195,375508.94,442426.76
601186.SH,20240105,7.59,7.76,7.51,7.65,7.59,0.06,0.7905,702955.19,539245.237
000561.SZ,20240105,8.88,9.14,8.45,8.67,8.49,0.18,2.1201,293142.89,256376.54
000564.SZ,20240105,1.66,1.66,1.66,1.66,1.58,0.08,5.0633,65591.04,10888.113
920809.BJ,20240105,7.03,7.4,6.84,6.85,7.0,-0.15,-2.1429,189353.68,135754.255
000557.SZ,20240105,4.85,4.86,4.73,4.75,4.84,-0.09,-1.8595,82896.69,39662.302
300651.SZ,20240105,20.29,20.59,19.94,20.08,20.38,-0.3,-1.472,13671.0,27681.343
002427.SZ,20240105,5.04,5.11,4.92,4.95,5.03,-0.08,-1.5905,63878.77,32036.657
000856.SZ,20240105,9.73,9.74,9.49,9.54,9.78,-0.24,-2.454,86205.0,82673.443
002867.SZ,20240105,15.37,15.88,15.37,15.59,15.38,0.21,1.3654,76110.95,118941.435
300226.SZ,20240105,27.37,27.49,25.85,25.97,26.9,-0.93,-3.4572,94500.06,251034.772
300416.SZ,20240105,16.89,17.09,16.5,16.61,16.92,-0.31,-1.8322,45748.3,76364.171
002117.SZ,20240105,8.49,8.58,8.33,8.36,8.51,-0.15,-1.7626,43909.0,37079.645
600897.SH,20240105,12.72,12.86,12.64,12.71,12.72,-0.01,-0.0786,18771.6,23959.061
003036.SZ,20240105,12.65,12.87,12.39,12.47,12.65,-0.18,-1.4229,33295.0,42031.643
600246.SH,20240105,6.48,6.52,6.21,6.25,6.48,-0.23,-3.5494,195247.0,123540.234
002795.SZ,20240105,7.57,7.63,7.35,7.39,7.57,-0.18,-2.3778,61159.24,45719.926
600843.SH,20240105,5.82,5.85,5.65,5.7,5.81,-0.11,-1.8933,59880.0,34478.181
000655.SZ,20240105,7.47,7.59,7.39,7.39,7.48,-0.09,-1.2032,79062.93,59145.931
300382.SZ,20240105,9.5,9.65,9.29,9.35,9.5,-0.15,-1.5789,35585.23,33601.736
002689.SZ,20240105,4.44,4.5,4.32,4.36,4.45,-0.09,-2.0225,104091.11,45873.187
600804.SH,20240105,4.76,4.81,4.53,4.56,4.77,-0.21,-4.4025,210151.41,97487.531
002378.SZ,20240105,5.62,5.7,5.56,5.59,5.63,-0.04,-0.7105,54500.1,30683.759
600834.SH,20240105,8.49,8.64,8.41,8.44,8.5,-0.06,-0.7059,40766.0,34702.596
300445.SZ,20240105,16.83,17.68,16.7,17.05,16.75,0.3,1.791,94364.8,162345.004
920304.BJ,20240105,9.52,9.8,8.6,8.6,9.98,-1.38,-13.8277,155180.33,143439.078
300823.SZ,20240105,21.71,22.39,21.21,21.32,21.51,-0.19,-0.8833,26251.47,56735.678
600075.SH,20240105,4.37,4.39,4.3,4.33,4.37,-0.04,-0.9153,40428.19,17579.721
002131.SZ,20240105,2.25,2.27,2.21,2.23,2.25,-0.02,-0.8889,851298.83,190574.683
002425.SZ,20240105,4.48,4.49,4.33,4.38,4.48,-0.1,-2.2321,194969.21,86122.563
300827.SZ,20240105,28.34,28.88,27.4,27.55,28.44,-0.89,-3.1294,82158.3,230569.472
301219.SZ,20240105,38.11,38.8,37.71,37.85,38.18,-0.33,-0.8643,17188.24,65789.993
600859.SH,20240105,15.6,15.72,15.3,15.37,15.62,-0.25,-1.6005,82821.03,128634.449
002361.SZ,20240105,3.97,3.98,3.87,3.9,3.96,-0.06,-1.5152,74477.0,29257.678
000778.SZ,20240105,3.85,3.88,3.82,3.83,3.85,-0.02,-0.5195,244243.99,94151.611
002201.SZ,20240105,7.05,7.13,6.87,6.9,7.09,-0.19,-2.6798,70549.44,49256.595
920284.BJ,20240105,14.29,14.79,13.86,14.05,13.97,0.08,0.5727,84004.06,121121.202
002885.SZ,20240105,17.4,17.5,16.7,16.82,17.4,-0.58,-3.3333,70418.78,120067.209
301200.SZ,20240105,37.3,37.45,36.45,36.58,37.26,-0.68,-1.825,4777.13,17677.63
003038.SZ,20240105,33.6,33.87,32.68,32.88,33.7,-0.82,-2.4332,10691.0,35587.434
601888.SH,20240105,78.49,79.28,76.71,77.02,78.6,-1.58,-2.0102,171114.23,1333555.411
300457.SZ,20240105,18.1,18.34,17.74,17.83,18.04,-0.21,-1.1641,92769.64,167258.081
002198.SZ,20240105,7.32,7.33,7.14,7.21,7.31,-0.1,-1.368,55855.28,40373.608
300600.SZ,20240105,11.4,11.55,11.12,11.23,11.4,-0.17,-1.4912,82353.0,93190.705
002459.SZ,20240105,19.34,19.64,18.7,18.85,19.37,-0.52,-2.6846,451420.23,865565.992
002672.SZ,20240105,5.33,5.41,5.29,5.3,5.33,-0.03,-0.5629,44987.01,24076.127
600998.SH,20240105,7.28,7.35,7.15,7.28,7.33,-0.05,-0.6821,135466.57,98773.318
920651.BJ,20240105,20.13,20.4,18.77,19.2,20.19,-0.99,-4.9034,8941.32,17443.026
301566.SZ,20240105,27.45,29.63,26.08,28.43,27.01,1.42,5.2573,237539.72,668559.919
920786.BJ,20240105,8.27,8.48,7.77,7.87,8.33,-0.46,-5.5222,79426.26,64546.668
000663.SZ,20240105,8.58,8.65,8.3,8.38,8.62,-0.24,-2.7842,75913.0,64319.541
300958.SZ,20240105,17.8,17.89,17.39,17.52,17.85,-0.33,-1.8487,20133.0,35478.344
300621.SZ,20240105,11.62,11.62,11.25,11.32,11.61,-0.29,-2.4978,17933.5,20428.661
301130.SZ,20240105,28.45,28.45,27.78,27.93,28.2,-0.27,-0.9574,6137.0,17261.068
300420.SZ,20240105,3.02,3.03,2.94,2.97,3.02,-0.05,-1.6556,134216.84,40015.897
300378.SZ,20240105,20.25,20.44,19.72,19.88,20.28,-0.4,-1.9724,53445.18,107374.545
000676.SZ,20240105,8.69,8.75,8.15,8.28,8.82,-0.54,-6.1224,1293615.8,1088298.625
300478.SZ,20240105,13.64,13.79,12.97,13.11,13.75,-0.64,-4.6545,137545.3,182002.701
000818.SZ,20240105,30.86,30.93,29.66,29.73,30.84,-1.11,-3.5992,57112.42,171991.748
300912.SZ,20240105,17.87,17.95,17.37,17.56,17.78,-0.22,-1.2373,16732.0,29503.668
600021.SH,20240105,8.59,8.68,8.5,8.54,8.62,-0.08,-0.9281,171495.56,147577.946
300026.SZ,20240105,4.25,4.27,4.17,4.18,4.25,-0.07,-1.6471,303290.0,127919.129
600064.SH,20240105,6.05,6.17,6.04,6.08,6.06,0.02,0.33,171510.71,104895.495
002931.SZ,20240105,13.78,13.8,13.12,13.21,13.69,-0.48,-3.5062,95635.55,128370.922
000798.SZ,20240105,8.9,8.98,8.7,8.72,8.94,-0.22,-2.4609,47336.79,41792.453
601688.SH,20240105,13.8,14.03,13.73,13.82,13.84,-0.02,-0.1445,521818.1,726182.78
300022.SZ,20240105,5.02,5.04,4.9,4.94,5.0,-0.06,-1.2,83675.0,41629.79
300103.SZ,20240105,6.45,6.54,6.35,6.38,6.46,-0.08,-1.2384,38946.0,25062.262
300661.SZ,20240105,78.0,79.1,76.8,78.36,78.07,0.29,0.3715,29322.62,228951.813
002012.SZ,20240105,5.64,5.68,5.54,5.58,5.64,-0.06,-1.0638,66034.57,37108.006
300615.SZ,20240105,15.68,15.68,15.1,15.19,15.6,-0.41,-2.6282,22382.7,34317.342
002016.SZ,20240105,6.29,6.35,6.25,6.28,6.3,-0.02,-0.3175,32881.0,20720.225
000911.SZ,20240105,8.15,8.18,7.98,8.03,8.15,-0.12,-1.4724,31804.01,25651.041
002822.SZ,20240105,4.41,4.44,4.31,4.34,4.41,-0.07,-1.5873,92350.0,40481.015
920299.BJ,20240105,9.64,9.78,8.8,8.85,9.72,-0.87,-8.9506,38896.91,35828.7
920807.BJ,20240105,8.18,8.31,7.5,7.71,8.32,-0.61,-7.3317,45592.64,36095.937
601658.SH,20240105,4.38,4.51,4.37,4.46,4.39,0.07,1.5945,2061394.81,918420.599
300008.SZ,20240105,4.08,4.09,3.96,3.99,4.07,-0.08,-1.9656,261733.62,105192.171
301459.SZ,20240105,46.55,47.25,45.15,45.4,46.72,-1.32,-2.8253,23278.12,107453.625
601618.SH,20240105,3.06,3.12,3.05,3.07,3.06,0.01,0.3268,902335.53,278108.266
601728.SH,20240105,5.33,5.38,5.3,5.34,5.34,0.0,0.0,949006.9,506470.096
920751.BJ,20240105,11.6,11.95,10.6,10.61,11.84,-1.23,-10.3885,75349.15,83908.382
300029.SZ,20240105,6.99,7.23,6.98,6.99,7.04,-0.05,-0.7102,30529.1,21667.053
301366.SZ,20240105,32.28,32.28,30.89,31.05,32.26,-1.21,-3.7508,12182.8,38407.826
300193.SZ,20240105,7.79,7.83,7.62,7.67,7.76,-0.09,-1.1598,45038.0,34778.607
000903.SZ,20240105,2.78,2.8,2.7,2.71,2.79,-0.08,-2.8674,453571.99,124441.002
600216.SH,20240105,10.88,10.93,10.74,10.77,10.88,-0.11,-1.011,37317.0,40502.653
002325.SZ,20240105,1.74,1.77,1.71,1.73,1.75,-0.02,-1.1429,1013932.57,176063.457
002965.SZ,20240105,38.9,39.45,38.31,38.48,38.85,-0.37,-0.9524,21541.0,83808.745
600711.SH,20240105,4.28,4.32,4.19,4.21,4.27,-0.06,-1.4052,208582.0,88843.932
000032.SZ,20240105,20.38,20.47,19.1,19.28,20.09,-0.81,-4.0319,226766.25,445167.681
000400.SZ,20240105,22.5,22.92,21.98,22.08,22.68,-0.6,-2.6455,103177.58,230964.559
000521.SZ,20240105,5.92,6.11,5.89,6.03,5.94,0.09,1.5152,302085.14,182357.829
002243.SZ,20240105,7.89,7.95,7.77,7.8,7.87,-0.07,-0.8895,53247.39,41812.617
300671.SZ,20240105,30.57,30.88,29.58,29.75,30.59,-0.84,-2.746,17891.32,53902.223
301234.SZ,20240105,33.85,34.35,33.34,33.59,34.04,-0.45,-1.322,6285.04,21276.206
001696.SZ,20240105,6.71,6.74,6.64,6.66,6.71,-0.05,-0.7452,95627.5,63923.064
300460.SZ,20240105,12.14,12.29,11.65,11.71,12.19,-0.48,-3.9377,55831.0,66328.607
002697.SZ,20240105,5.08,5.1,4.98,5.0,5.1,-0.1,-1.9608,144746.12,73081.609
600295.SH,20240105,10.11,10.47,10.02,10.26,10.12,0.14,1.3834,151715.66,155970.043
301218.SZ,20240105,31.52,31.62,30.54,30.75,31.31,-0.56,-1.7886,14113.63,43832.71
920006.BJ,20240105,19.6,20.93,18.56,20.82,19.8,1.02,5.1515,74632.84,148423.977
601330.SH,20240105,6.82,6.92,6.82,6.85,6.85,0.0,0.0,31346.0,21520.913
002534.SZ,20240105,12.47,12.57,12.2,12.31,12.48,-0.17,-1.3622,24287.73,30025.148
300952.SZ,20240105,21.9,22.26,21.28,21.28,21.76,-0.48,-2.2059,24031.53,52293.992
300096.SZ,20240105,4.45,4.47,4.29,4.34,4.51,-0.17,-3.7694,446052.65,195134.998
300629.SZ,20240105,21.75,21.82,20.5,20.9,21.81,-0.91,-4.1724,95200.08,200458.631
002631.SZ,20240105,6.45,6.81,6.36,6.49,6.47,0.02,0.3091,363008.26,238007.047
300323.SZ,20240105,6.78,6.86,6.56,6.6,6.8,-0.2,-2.9412,166924.74,111553.42
002284.SZ,20240105,8.45,8.51,8.17,8.22,8.44,-0.22,-2.6066,118937.8,98990.247
300710.SZ,20240105,23.92,24.25,23.25,23.47,23.92,-0.45,-1.8813,12414.75,29396.09
300516.SZ,20240105,32.65,32.8,30.8,30.97,32.56,-1.59,-4.8833,36273.87,114562.008
601066.SH,20240105,22.65,22.89,22.39,22.46,22.68,-0.22,-0.97,95452.8,216084.333
600981.SH,20240105,3.0,3.0,2.91,2.92,3.0,-0.08,-2.6667,262399.0,77202.651
001216.SZ,20240105,13.3,13.33,13.13,13.19,13.28,-0.09,-0.6777,11694.0,15463.599
301487.SZ,20240105,39.91,40.8,39.18,39.42,39.66,-0.24,-0.6051,36865.49,147710.274
300413.SZ,20240105,24.91,24.92,24.01,24.16,25.01,-0.85,-3.3986,182345.58,445874.411
000955.SZ,20240105,5.0,5.01,4.85,4.88,4.99,-0.11,-2.2044,113087.01,55645.394
920580.BJ,20240105,8.76,8.84,8.0,8.15,8.75,-0.6,-6.8571,28469.14,23775.735
300590.SZ,20240105,11.85,11.9,11.47,11.52,11.91,-0.39,-3.2746,52123.23,60796.649
002347.SZ,20240105,6.3,6.93,6.1,6.11,6.3,-0.19,-3.0159,893173.8,578746.331
002963.SZ,20240105,15.88,15.88,15.35,15.42,15.73,-0.31,-1.9708,14284.0,22270.018
001229.SZ,20240105,35.7,35.82,34.65,35.13,35.7,-0.57,-1.5966,17501.0,61465.772
600095.SH,20240105,7.32,7.38,7.24,7.26,7.33,-0.07,-0.955,116280.87,85156.298
600280.SH,20240105,3.79,3.83,3.69,3.73,3.78,-0.05,-1.3228,259778.94,97799.571
301391.SZ,20240105,116.23,116.62,109.46,110.55,116.75,-6.2,-5.3105,7932.0,89418.659
000623.SZ,20240105,15.19,15.27,15.01,15.08,15.2,-0.12,-0.7895,70698.3,107206.559
300772.SZ,20240105,10.74,10.88,10.47,10.53,10.75,-0.22,-2.0465,63881.38,68056.823
300941.SZ,20240105,24.0,25.72,23.7,25.08,24.24,0.84,3.4653,175125.22,434036.054
600082.SH,20240105,3.56,3.62,3.53,3.54,3.55,-0.01,-0.2817,78275.0,27988.947
301163.SZ,20240105,27.09,27.32,26.46,26.58,26.98,-0.4,-1.4826,4618.84,12369.988
000680.SZ,20240105,4.98,5.04,4.93,4.94,4.95,-0.01,-0.202,183255.63,91390.194
000786.SZ,20240105,25.1,26.24,24.8,25.78,25.1,0.68,2.7092,253395.52,654050.094
000928.SZ,20240105,5.84,5.94,5.78,5.81,5.87,-0.06,-1.0221,151312.18,88867.915
300354.SZ,20240105,48.14,49.0,46.91,47.34,47.6,-0.26,-0.5462,17724.38,84512.066
000523.SZ,20240105,3.1,3.11,3.03,3.05,3.1,-0.05,-1.6129,190051.0,58386.568
301187.SZ,20240105,19.78,19.97,19.35,19.48,19.78,-0.3,-1.5167,17012.55,33412.678
600865.SH,20240105,8.42,8.49,8.24,8.25,8.37,-0.12,-1.4337,13349.0,11161.27
920592.BJ,20240105,24.58,25.5,22.6,23.12,24.29,-1.17,-4.8168,46842.15,113044.436
001234.SZ,20240105,24.16,24.23,23.37,23.47,24.16,-0.69,-2.856,27400.0,65078.304
002848.SZ,20240105,11.8,11.86,11.36,11.46,11.76,-0.3,-2.551,61768.0,71461.764
002592.SZ,20240105,6.28,6.34,6.03,6.1,6.27,-0.17,-2.7113,57067.0,35289.802
002538.SZ,20240105,6.16,6.2,6.07,6.09,6.18,-0.09,-1.4563,63724.0,39099.705
002445.SZ,20240105,2.35,2.35,2.26,2.27,2.36,-0.09,-3.8136,774221.8,178038.609
001225.SZ,20240105,41.55,41.89,40.69,40.7,41.82,-1.12,-2.6781,9205.54,37954.418
920077.BJ,20240105,16.55,16.73,15.83,15.84,16.63,-0.79,-4.7505,36616.87,59344.543
000045.SZ,20240105,11.43,11.54,11.16,11.23,11.52,-0.29,-2.5174,59141.0,66977.461
300366.SZ,20240105,12.77,12.82,12.12,12.24,12.74,-0.5,-3.9246,197219.88,244401.375
300462.SZ,20240105,11.86,11.95,11.55,11.62,11.82,-0.2,-1.692,36721.0,43098.53
920422.BJ,20240105,9.56,9.77,9.01,9.17,9.59,-0.42,-4.3796,32413.64,30334.657
300284.SZ,20240105,5.5,5.55,5.43,5.46,5.49,-0.03,-0.5464,66012.72,36244.292
600289.SH,20240105,2.42,2.44,2.37,2.39,2.42,-0.03,-1.2397,12443.7,3002.269
920171.BJ,20240105,13.46,14.4,12.49,13.95,13.29,0.66,4.9661,149687.55,201648.356
601398.SH,20240105,4.89,4.94,4.86,4.87,4.89,-0.02,-0.409,2860747.2,1403610.998
300830.SZ,20240105,8.34,8.42,7.91,7.98,8.3,-0.32,-3.8554,195298.58,157650.58
600963.SH,20240105,6.15,6.25,6.04,6.08,6.16,-0.08,-1.2987,147570.98,90704.98
000819.SZ,20240105,17.95,18.01,17.42,17.5,17.87,-0.37,-2.0705,12250.86,21640.979
301102.SZ,20240105,18.78,18.89,18.3,18.41,18.77,-0.36,-1.918,12737.71,23614.251
002465.SZ,20240105,12.25,12.33,11.75,11.89,12.26,-0.37,-3.0179,327506.73,394009.397
002482.SZ,20240105,2.11,2.11,2.05,2.06,2.09,-0.03,-1.4354,58040.0,11995.177
000951.SZ,20240105,13.97,14.6,13.93,14.01,14.0,0.01,0.0714,211669.96,302486.958
920175.BJ,20240105,12.7,12.81,11.9,12.15,12.43,-0.28,-2.2526,46450.86,57660.021
002813.SZ,20240105,34.52,35.1,33.62,33.86,34.53,-0.67,-1.9403,9408.0,32229.345
600107.SH,20240105,6.37,6.51,6.28,6.39,6.32,0.07,1.1076,131785.02,84407.53
300730.SZ,20240105,13.2,13.26,12.71,12.81,13.12,-0.31,-2.3628,63932.0,82732.827
600565.SH,20240105,1.46,1.5,1.45,1.47,1.47,0.0,0.0,287808.5,42495.592
600546.SH,20240105,18.27,18.64,18.18,18.26,18.29,-0.03,-0.164,234439.79,430784.575
688330.SH,20240105,27.61,28.1,27.36,27.43,27.77,-0.34,-1.2243,7963.79,22059.794
688510.SH,20240105,17.65,17.66,16.94,17.14,17.6,-0.46,-2.6136,16701.66,28927.799
603722.SH,20240105,50.28,51.39,48.41,48.63,50.53,-1.9,-3.7601,44993.5,225048.383
600426.SH,20240105,27.3,27.51,27.03,27.2,27.43,-0.23,-0.8385,85465.76,233273.651
688570.SH,20240105,26.45,26.76,25.84,25.93,26.64,-0.71,-2.6652,11886.09,31253.287
688593.SH,20240105,13.8,13.88,13.31,13.36,13.8,-0.44,-3.1884,27696.06,37564.049
688576.SH,20240105,96.6,96.64,92.29,92.66,96.31,-3.65,-3.7898,5492.45,51514.694
688633.SH,20240105,30.99,31.34,30.54,30.74,31.1,-0.36,-1.1576,3437.76,10639.604
600602.SH,20240105,11.41,11.44,10.98,11.01,11.34,-0.33,-2.9101,117716.5,131369.388
603729.SH,20240105,32.0,32.0,29.27,29.27,32.52,-3.25,-9.9938,183429.4,556350.395
600448.SH,20240105,3.42,3.46,3.36,3.37,3.42,-0.05,-1.462,119849.2,40785.015
688326.SH,20240105,103.12,103.52,91.98,94.57,103.12,-8.55,-8.2913,34794.97,337135.733
600367.SH,20240105,12.79,13.56,12.63,13.08,12.8,0.28,2.1875,114075.29,149657.764
688575.SH,20240105,23.02,23.52,22.8,22.87,23.3,-0.43,-1.8455,33501.55,77565.532
600533.SH,20240105,2.95,3.0,2.93,2.94,2.95,-0.01,-0.339,80779.0,23966.507
600506.SH,20240105,14.5,15.43,14.43,15.11,14.51,0.6,4.1351,349690.49,523213.325
600345.SH,20240105,19.01,19.21,18.4,18.48,19.09,-0.61,-3.1954,21126.01,39620.55
600370.SH,20240105,2.41,2.44,2.39,2.4,2.42,-0.02,-0.8264,62281.25,15058.827
603815.SH,20240105,8.28,8.37,8.2,8.21,8.32,-0.11,-1.3221,26941.8,22312.632
603707.SH,20240105,14.7,14.75,13.36,13.96,14.64,-0.68,-4.6448,310238.76,428193.834
688567.SH,20240105,15.38,15.75,15.19,15.23,15.38,-0.15,-0.9753,55573.89,85883.327
603817.SH,20240105,6.67,7.03,6.57,6.61,6.63,-0.02,-0.3017,209250.0,141210.292
600319.SH,20240105,5.87,5.89,5.63,5.65,5.87,-0.22,-3.7479,168477.0,96042.37
688589.SH,20240105,39.08,39.47,37.89,38.19,39.05,-0.86,-2.2023,9704.91,37501.918
600523.SH,20240105,13.51,13.61,13.12,13.17,13.54,-0.37,-2.7326,60231.2,80397.934
600388.SH,20240105,12.6,12.75,12.28,12.35,12.62,-0.27,-2.1395,45108.76,56464.445
600575.SH,20240105,2.45,2.48,2.43,2.44,2.46,-0.02,-0.813,211589.54,51961.482
603718.SH,20240105,10.45,10.49,10.12,10.15,10.46,-0.31,-2.9637,39397.71,40467.389
603810.SH,20240105,13.99,14.06,13.3,13.43,13.53,-0.1,-0.7391,20168.4,27320.267
603733.SH,20240105,15.83,16.01,15.55,15.65,15.86,-0.21,-1.3241,20710.0,32692.803
600368.SH,20240105,4.23,4.26,4.16,4.17,4.23,-0.06,-1.4184,199191.56,83851.751
600582.SH,20240105,5.75,5.81,5.69,5.72,5.76,-0.04,-0.6944,403385.81,232035.436
600456.SH,20240105,31.56,31.66,30.28,30.52,31.56,-1.04,-3.2953,39840.55,122850.215
600343.SH,20240105,10.72,10.93,10.45,10.53,10.73,-0.2,-1.8639,166103.38,176261.352
688322.SH,20240105,33.49,34.32,32.38,32.47,33.83,-1.36,-4.0201,50782.04,169253.857
600571.SH,20240105,13.39,13.45,12.73,12.89,13.39,-0.5,-3.7341,430070.57,561040.47
600483.SH,20240105,8.72,8.84,8.56,8.59,8.7,-0.11,-1.2644,156708.06,136401.364
600379.SH,20240105,10.19,10.22,9.96,10.02,10.16,-0.14,-1.378,30907.08,31130.679
688320.SH,20240105,37.51,37.85,36.22,36.62,37.52,-0.9,-2.3987,24402.41,89755.16
688566.SH,20240105,32.26,32.41,31.24,31.58,31.98,-0.4,-1.2508,19038.85,60470.528
688318.SH,20240105,120.99,123.65,118.53,119.9,120.68,-0.78,-0.6463,16489.49,199546.309
600346.SH,20240105,13.2,13.21,12.99,13.07,13.18,-0.11,-0.8346,89429.02,117114.262
600522.SH,20240105,12.11,12.16,11.69,11.73,12.11,-0.38,-3.1379,424510.3,503787.154
688613.SH,20240105,22.05,22.08,21.32,21.41,21.95,-0.54,-2.4601,9438.36,20463.987
600333.SH,20240105,5.27,5.32,5.15,5.19,5.27,-0.08,-1.518,98015.91,51369.407
600309.SH,20240105,75.0,76.08,74.54,75.2,75.16,0.04,0.0532,79455.31,598183.119
600599.SH,20240105,15.5,16.16,15.03,16.16,15.39,0.77,5.0032,176478.14,279703.721
688351.SH,20240105,25.11,25.11,23.07,23.48,24.65,-1.17,-4.7465,28508.86,67081.315
600502.SH,20240105,4.72,4.85,4.72,4.76,4.75,0.01,0.2105,289821.99,138709.563
600329.SH,20240105,35.63,36.07,34.92,35.08,35.81,-0.73,-2.0385,62711.42,222889.381
600538.SH,20240105,4.92,4.97,4.84,4.88,4.9,-0.02,-0.4082,139291.97,68216.107
600505.SH,20240105,8.85,8.86,8.61,8.63,8.88,-0.25,-2.8153,195122.94,169753.546
603706.SH,20240105,17.04,17.04,16.54,16.63,16.96,-0.33,-1.9458,13594.0,22801.78
600352.SH,20240105,8.44,8.5,8.37,8.41,8.48,-0.07,-0.8255,63130.75,53320.814
603833.SH,20240105,66.58,67.66,66.3,67.12,66.46,0.66,0.9931,24058.51,161545.558
600356.SH,20240105,8.45,8.55,8.2,8.25,8.5,-0.25,-2.9412,74228.03,61893.55
600509.SH,20240105,6.68,6.69,6.45,6.45,6.67,-0.22,-3.2984,130882.0,85691.189
600307.SH,20240105,1.49,1.51,1.49,1.49,1.49,0.0,0.0,262664.0,39360.033
603711.SH,20240105,16.54,16.89,16.33,16.4,16.73,-0.33,-1.9725,42128.94,69869.732
603728.SH,20240105,58.0,58.96,56.0,57.52,58.0,-0.48,-0.8276,21022.0,121684.328
600491.SH,20240105,3.77,3.85,3.74,3.8,3.78,0.02,0.5291,258815.41,98162.975
603719.SH,20240105,20.16,20.3,19.61,19.74,20.17,-0.43,-2.1319,53161.79,105876.068
603130.SH,20240105,21.9,21.98,21.28,21.29,21.91,-0.62,-2.8298,12093.0,26081.605
600363.SH,20240105,33.3,33.64,30.39,30.74,33.38,-2.64,-7.9089,144512.33,459148.307
600478.SH,20240105,4.8,4.89,4.68,4.71,4.76,-0.05,-1.0504,125004.0,59882.216
600455.SH,20240105,26.0,26.0,25.14,25.3,26.07,-0.77,-2.9536,28178.0,71964.442
600594.SH,20240105,5.88,5.89,5.74,5.76,5.88,-0.12,-2.0408,79954.07,46557.117
600325.SH,20240105,6.77,7.1,6.75,6.96,6.76,0.2,2.9586,406798.25,284112.356
603811.SH,20240105,10.4,10.4,10.03,10.1,10.31,-0.21,-2.0369,33170.92,33792.319
600499.SH,20240105,10.55,11.07,10.55,10.76,10.56,0.2,1.8939,334465.87,364064.007
600459.SH,20240105,14.3,14.42,14.22,14.28,14.33,-0.05,-0.3489,43821.82,62809.435
600436.SH,20240105,232.4,232.7,229.52,231.9,232.4,-0.5,-0.2151,17076.77,394920.81
600476.SH,20240105,17.14,17.14,16.35,16.52,17.0,-0.48,-2.8235,69328.0,115724.351
603712.SH,20240105,31.33,31.33,30.4,30.58,31.17,-0.59,-1.8928,49293.58,151412.312
600387.SH,20240105,6.25,6.27,6.05,6.09,6.26,-0.17,-2.7157,54054.0,33211.377
603813.SH,20240105,16.77,17.37,16.5,16.61,16.99,-0.38,-2.2366,14416.0,24251.713
600481.SH,20240105,8.12,8.27,7.96,8.02,8.16,-0.14,-1.7157,149599.67,121300.268
600516.SH,20240105,5.19,5.24,5.09,5.1,5.17,-0.07,-1.354,210649.17,108701.629
600583.SH,20240105,6.23,6.28,6.18,6.2,6.23,-0.03,-0.4815,243576.67,151734.471
600386.SH,20240105,4.46,4.46,4.31,4.34,4.45,-0.11,-2.4719,154616.52,67516.111
600389.SH,20240105,17.32,17.32,16.63,16.7,17.27,-0.57,-3.3005,33482.49,56749.335
688349.SH,20240105,27.8,28.06,27.44,27.45,27.82,-0.37,-1.33,13491.48,37262.755
600423.SH,20240105,3.8,3.8,3.65,3.67,3.77,-0.1,-2.6525,108996.0,40286.872
600539.SH,20240105,7.44,7.47,7.27,7.3,7.43,-0.13,-1.7497,32305.61,23812.043
600320.SH,20240105,3.35,3.36,3.3,3.32,3.35,-0.03,-0.8955,120407.49,40167.357
600398.SH,20240105,7.64,7.73,7.57,7.61,7.63,-0.02,-0.2621,160719.23,123222.5
603206.SH,20240105,18.65,19.08,18.31,18.48,18.71,-0.23,-1.2293,103801.05,194454.512
600362.SH,20240105,18.1,18.27,17.92,17.97,18.13,-0.16,-0.8825,148570.93,268960.182
688569.SH,20240105,27.3,27.59,26.76,26.92,27.41,-0.49,-1.7877,7924.06,21516.795
688565.SH,20240105,8.77,8.87,8.53,8.58,8.77,-0.19,-2.1665,15012.98,13030.617
603828.SH,20240105,3.89,3.9,3.83,3.85,3.89,-0.04,-1.0283,85078.55,32866.029
603180.SH,20240105,25.29,25.63,24.89,25.1,25.21,-0.11,-0.4363,8638.24,21867.372
688602.SH,20240105,10.73,10.85,10.6,10.67,10.72,-0.05,-0.4664,29928.95,32129.925
600561.SH,20240105,6.6,6.74,6.55,6.58,6.59,-0.01,-0.1517,63982.0,42448.304
600396.SH,20240105,2.59,2.64,2.57,2.6,2.59,0.01,0.3861,89796.0,23401.675
600600.SH,20240105,70.14,71.02,69.5,70.0,70.6,-0.6,-0.8499,31310.56,219724.155
001316.SZ,20240105,35.57,35.92,34.77,34.95,35.55,-0.6,-1.6878,6804.0,24068.16
002317.SZ,20240105,15.52,15.65,15.08,15.13,15.66,-0.53,-3.3844,258920.29,395025.462
300792.SZ,20240105,23.15,23.34,22.51,22.62,23.16,-0.54,-2.3316,33406.0,76409.92
601133.SH,20240105,12.91,13.06,12.66,12.72,12.95,-0.23,-1.7761,25804.36,33124.176
002399.SZ,20240105,11.64,11.67,11.4,11.42,11.66,-0.24,-2.0583,31486.5,36275.545
601808.SH,20240105,14.91,14.97,14.73,14.83,14.91,-0.08,-0.5366,51654.32,76884.698
920593.BJ,20240105,39.11,40.99,39.11,39.6,38.84,0.76,1.9567,37642.94,150833.056
920689.BJ,20240105,16.8,17.28,15.82,15.96,17.07,-1.11,-6.5026,21750.81,35857.008
600203.SH,20240105,7.23,7.23,6.85,6.94,7.21,-0.27,-3.7448,249212.0,174835.311
002067.SZ,20240105,3.47,3.5,3.43,3.44,3.48,-0.04,-1.1494,91616.0,31793.984
300313.SZ,20240105,9.53,9.72,9.26,9.3,9.64,-0.34,-3.527,69737.0,65664.974
002371.SZ,20240105,236.0,239.95,231.97,234.13,236.25,-2.12,-0.8974,33082.89,779153.664
601163.SH,20240105,14.72,14.78,14.44,14.5,14.67,-0.17,-1.1588,32010.0,46764.846
920753.BJ,20240105,18.97,19.39,18.13,18.23,18.82,-0.59,-3.135,32013.72,59637.982
003007.SZ,20240105,33.73,33.76,31.88,32.41,34.06,-1.65,-4.8444,71986.8,235108.288
300352.SZ,20240105,4.66,4.69,4.58,4.6,4.68,-0.08,-1.7094,139177.42,64469.437
002429.SZ,20240105,5.36,5.46,5.29,5.31,5.36,-0.05,-0.9328,221666.5,118843.859
002993.SZ,20240105,36.14,36.47,35.1,35.32,36.14,-0.82,-2.269,12400.55,44244.426
301533.SZ,20240105,33.94,34.55,33.55,33.92,34.14,-0.22,-0.6444,12075.18,41106.023
000519.SZ,20240105,13.83,13.93,13.48,13.56,13.88,-0.32,-2.3055,128567.38,175582.383
600801.SH,20240105,12.48,13.18,12.4,12.82,12.56,0.26,2.0701,130344.48,168290.791
000593.SZ,20240105,7.55,7.58,7.3,7.35,7.55,-0.2,-2.649,68599.78,50890.127
920184.BJ,20240105,10.17,10.72,9.47,9.68,9.96,-0.28,-2.8112,95727.16,96757.865
600665.SH,20240105,3.84,3.92,3.82,3.84,3.83,0.01,0.2611,74296.0,28771.934
300859.SZ,20240105,27.98,28.5,27.27,27.52,28.05,-0.53,-1.8895,32522.59,90404.484
920057.BJ,20240105,5.49,5.54,5.05,5.06,5.49,-0.43,-7.8324,64714.62,33879.104
601878.SH,20240105,10.18,10.29,10.06,10.1,10.18,-0.08,-0.7859,263269.44,267768.109
301067.SZ,20240105,31.15,32.47,30.35,30.69,31.18,-0.49,-1.5715,28369.0,88473.095
300041.SZ,20240105,9.7,9.84,9.5,9.54,9.71,-0.17,-1.7508,77236.73,74872.465
002966.SZ,20240105,6.29,6.68,6.27,6.67,6.29,0.38,6.0413,914194.06,598043.488
003022.SZ,20240105,17.79,18.03,17.33,17.42,17.78,-0.36,-2.0247,43735.9,77247.806
600123.SH,20240105,11.7,11.88,11.55,11.62,11.66,-0.04,-0.3431,317286.48,371250.756
300829.SZ,20240105,20.77,21.04,20.47,20.57,20.87,-0.3,-1.4375,8064.6,16759.684
920455.BJ,20240105,6.07,6.16,5.65,5.76,6.07,-0.31,-5.1071,63398.04,37487.834
002921.SZ,20240105,16.66,16.86,16.18,16.26,16.58,-0.32,-1.93,32843.6,54125.718
002423.SZ,20240105,6.71,6.84,6.68,6.71,6.71,0.0,0.0,128467.05,86891.623
301227.SZ,20240105,27.6,28.06,27.36,27.4,27.66,-0.26,-0.94,5795.0,16038.559
300919.SZ,20240105,47.94,49.14,46.79,47.0,47.93,-0.93,-1.9403,33525.46,159984.712
301000.SZ,20240105,19.38,19.59,18.98,19.09,19.4,-0.31,-1.5979,25038.44,48186.675
000739.SZ,20240105,15.28,15.38,14.89,14.97,15.31,-0.34,-2.2208,57725.24,87055.326
002120.SZ,20240105,6.94,7.07,6.92,6.94,6.98,-0.04,-0.5731,291924.36,204333.583
688588.SH,20240105,11.61,11.61,11.17,11.21,11.51,-0.3,-2.6064,21382.63,24255.533
688612.SH,20240105,36.45,36.97,36.06,36.2,36.34,-0.14,-0.3853,7992.1,29200.021
600536.SH,20240105,34.32,34.85,33.66,33.86,34.77,-0.91,-2.6172,148345.56,507570.002
600353.SH,20240105,8.85,8.91,8.52,8.6,8.87,-0.27,-3.044,87932.11,76364.767
600497.SH,20240105,5.11,5.12,5.04,5.06,5.11,-0.05,-0.9785,354860.05,180102.462
600358.SH,20240105,5.4,5.53,5.24,5.28,5.35,-0.07,-1.3084,231498.01,124252.787
600336.SH,20240105,6.07,6.35,5.99,6.32,6.12,0.2,3.268,543479.72,339341.978
600468.SH,20240105,6.32,6.4,6.06,6.14,6.39,-0.25,-3.9124,457122.34,284220.425
600350.SH,20240105,7.3,7.55,7.29,7.41,7.37,0.04,0.5427,177953.0,132213.538
600408.SH,20240105,2.52,2.54,2.43,2.45,2.51,-0.06,-2.3904,223460.0,55223.45
600420.SH,20240105,9.8,9.8,9.61,9.65,9.81,-0.16,-1.631,75293.98,73171.576
600475.SH,20240105,11.22,11.5,10.96,11.02,11.3,-0.28,-2.4779,128806.63,143674.275
600418.SH,20240105,15.05,15.2,14.63,14.75,15.05,-0.3,-1.9934,498619.55,742838.24
600339.SH,20240105,3.09,3.13,3.06,3.08,3.1,-0.02,-0.6452,309818.51,96017.802
600490.SH,20240105,2.96,2.99,2.9,2.92,2.97,-0.05,-1.6835,160314.58,47293.615
600521.SH,20240105,14.48,14.49,14.12,14.17,14.51,-0.34,-2.3432,100599.76,143833.834
600515.SH,20240105,3.63,3.68,3.6,3.61,3.64,-0.03,-0.8242,261567.04,95128.645
600501.SH,20240105,14.76,14.92,14.0,14.14,14.98,-0.84,-5.6075,176616.5,254915.688
600428.SH,20240105,5.45,5.48,5.31,5.34,5.47,-0.13,-2.3766,278268.83,150059.723
600603.SH,20240105,7.89,7.91,7.49,7.6,7.75,-0.15,-1.9355,139590.29,107132.392
600306.SH,20240105,12.04,12.04,11.71,12.04,11.47,0.57,4.9695,48932.56,58859.014
600584.SH,20240105,26.99,27.39,26.56,26.73,27.08,-0.35,-1.2925,166680.22,448974.706
688573.SH,20240105,28.07,28.4,27.55,27.74,27.93,-0.19,-0.6803,7700.96,21597.336
600540.SH,20240105,4.92,4.96,4.81,4.84,4.95,-0.11,-2.2222,103289.01,50412.633
600359.SH,20240105,7.46,7.48,7.33,7.37,7.48,-0.11,-1.4706,41569.4,30801.469
600569.SH,20240105,2.18,2.23,2.18,2.19,2.18,0.01,0.4587,215190.87,47484.693
600355.SH,20240105,4.63,4.66,4.44,4.48,4.64,-0.16,-3.4483,375896.0,169945.667
688606.SH,20240105,69.6,69.99,67.41,67.78,68.98,-1.2,-1.7396,4236.24,29079.896
600312.SH,20240105,12.85,13.41,12.8,12.88,12.92,-0.04,-0.3096,205921.75,269863.772
600560.SH,20240105,14.47,14.6,14.1,14.16,14.5,-0.34,-2.3448,62968.5,90151.478
688577.SH,20240105,83.0,86.19,82.49,82.72,84.53,-1.81,-2.1413,3327.7,27972.311
600500.SH,20240105,4.44,4.47,4.38,4.4,4.44,-0.04,-0.9009,96986.71,42967.472
688323.SH,20240105,21.1,21.26,20.41,20.63,20.94,-0.31,-1.4804,9094.15,18905.85
603730.SH,20240105,14.04,14.09,13.77,13.85,14.06,-0.21,-1.4936,29660.66,41302.068
600376.SH,20240105,2.95,3.02,2.93,2.96,2.94,0.02,0.6803,239180.21,71279.644
600470.SH,20240105,5.8,5.92,5.69,5.71,5.88,-0.17,-2.8912,134591.39,77571.927
600322.SH,20240105,2.17,2.39,2.16,2.36,2.17,0.19,8.7558,1332732.9,311723.26
600550.SH,20240105,4.91,4.93,4.79,4.82,4.9,-0.08,-1.6327,100846.7,48970.65
688599.SH,20240105,27.3,27.84,26.4,26.61,27.48,-0.87,-3.1659,159953.91,432849.337
600439.SH,20240105,2.71,2.73,2.65,2.67,2.71,-0.04,-1.476,102228.0,27492.061
600369.SH,20240105,3.97,3.99,3.9,3.92,3.97,-0.05,-1.2594,380015.0,149934.806
003033.SZ,20240105,35.0,35.35,33.2,33.52,34.94,-1.42,-4.0641,7562.22,25847.502
002681.SZ,20240105,4.79,4.85,4.71,4.73,4.8,-0.07,-1.4583,212474.0,101179.748
301387.SZ,20240105,67.87,70.77,65.3,65.45,65.9,-0.45,-0.6829,26628.63,180413.167
300110.SZ,20240105,4.26,4.27,4.13,4.2,4.26,-0.06,-1.4085,108849.61,45953.309
002758.SZ,20240105,11.36,11.36,10.88,10.89,11.45,-0.56,-4.8908,248004.36,274920.836
300721.SZ,20240105,15.24,15.27,14.73,14.87,15.21,-0.34,-2.2354,19478.0,29196.096
002996.SZ,20240105,11.07,11.15,10.79,10.85,11.07,-0.22,-1.9874,23786.0,26090.963
002685.SZ,20240105,3.56,3.58,3.45,3.45,3.55,-0.1,-2.8169,115291.0,40394.744
000413.SZ,20240105,2.14,2.15,2.06,2.08,2.13,-0.05,-2.3474,638912.0,134154.964
002887.SZ,20240105,8.92,8.97,8.76,8.81,8.91,-0.1,-1.1223,22200.0,19687.139
300456.SZ,20240105,23.3,23.65,21.87,22.07,23.47,-1.4,-5.9651,303196.59,680512.712
300112.SZ,20240105,11.4,11.45,10.8,10.95,11.4,-0.45,-3.9474,198588.32,219292.337
002092.SZ,20240105,6.12,6.18,6.08,6.1,6.14,-0.04,-0.6515,113439.6,69656.5
300303.SZ,20240105,5.67,5.72,5.49,5.53,5.68,-0.15,-2.6408,226794.4,126885.558
002193.SZ,20240105,6.78,6.93,6.72,6.76,6.85,-0.09,-1.3139,55911.39,38142.435
301135.SZ,20240105,24.34,24.57,23.53,23.63,24.15,-0.52,-2.1532,11397.88,27319.822
002340.SZ,20240105,5.35,5.45,5.31,5.33,5.35,-0.02,-0.3738,320050.32,172344.083
002732.SZ,20240105,19.2,19.31,18.8,18.91,19.22,-0.31,-1.6129,16300.0,31024.354
300490.SZ,20240105,11.28,11.44,11.06,11.08,11.28,-0.2,-1.773,54347.98,60975.678
601456.SH,20240105,10.58,11.13,10.53,10.84,10.57,0.27,2.5544,785327.76,853088.036
600835.SH,20240105,11.9,11.97,11.69,11.74,11.91,-0.17,-1.4274,61159.0,72465.045
000791.SZ,20240105,5.79,5.82,5.72,5.73,5.8,-0.07,-1.2069,87785.39,50646.031
300865.SZ,20240105,22.84,22.87,22.17,22.34,22.67,-0.33,-1.4557,6278.0,14120.176
002742.SZ,20240105,3.5,3.57,3.42,3.44,3.51,-0.07,-1.9943,52247.0,18331.832
000573.SZ,20240105,3.47,3.51,3.43,3.44,3.47,-0.03,-0.8646,94134.0,32740.884
600160.SH,20240105,16.48,17.34,16.45,16.7,16.39,0.31,1.8914,320069.17,541574.158
300045.SZ,20240105,21.94,21.95,20.38,20.38,22.04,-1.66,-7.5318,522487.67,1093514.322
300853.SZ,20240105,28.0,28.26,26.36,26.66,27.09,-0.43,-1.5873,78565.12,214775.188
002357.SZ,20240105,7.74,8.19,7.68,7.79,7.74,0.05,0.646,238483.12,187479.736
920694.BJ,20240105,21.08,21.86,20.38,20.45,21.25,-0.8,-3.7647,20345.18,42963.379
000090.SZ,20240105,4.49,4.64,4.47,4.53,4.49,0.04,0.8909,353563.68,161342.741
002596.SZ,20240105,2.73,2.76,2.68,2.69,2.74,-0.05,-1.8248,134994.56,36619.292
301235.SZ,20240105,25.85,25.85,25.03,25.19,25.74,-0.55,-2.1368,7840.8,19931.084
300699.SZ,20240105,26.98,27.19,26.11,26.38,27.01,-0.63,-2.3325,113494.8,301021.023
000922.SZ,20240105,10.55,10.61,10.28,10.41,10.63,-0.22,-2.0696,90971.27,94741.038
300811.SZ,20240105,48.53,48.73,46.91,47.23,48.66,-1.43,-2.9388,17200.87,81992.232
301208.SZ,20240105,37.78,38.26,37.0,37.22,37.78,-0.56,-1.4823,8335.16,31370.497
601228.SH,20240105,3.17,3.18,3.11,3.13,3.17,-0.04,-1.2618,212433.93,66817.971
301316.SZ,20240105,23.0,23.06,22.26,22.47,22.75,-0.28,-1.2308,34557.49,78472.08
301286.SZ,20240105,29.04,29.12,28.79,29.04,29.07,-0.03,-0.1032,6334.0,18340.851
301508.SZ,20240105,33.58,34.61,32.8,33.15,33.81,-0.66,-1.9521,69848.01,236053.321
688353.SH,20240105,26.5,27.92,26.29,26.6,26.44,0.16,0.6051,12995.96,35305.842
688789.SH,20240105,94.39,98.29,94.01,95.2,94.38,0.82,0.8688,7455.03,72160.685
600588.SH,20240105,16.91,17.0,16.38,16.49,16.91,-0.42,-2.4837,149897.69,249433.229
600480.SH,20240105,9.08,9.34,8.98,9.16,9.13,0.03,0.3286,234424.2,214891.435
600406.SH,20240105,22.29,22.52,22.02,22.19,22.38,-0.19,-0.849,182252.88,406379.728
600410.SH,20240105,6.58,6.62,6.42,6.45,6.59,-0.14,-2.1244,119322.02,77798.24
600323.SH,20240105,17.36,17.56,17.22,17.39,17.33,0.06,0.3462,35738.0,62282.003
603713.SH,20240105,50.67,50.72,49.05,49.11,50.64,-1.53,-3.0213,14724.11,73127.211
603725.SH,20240105,11.05,11.08,10.68,10.75,11.0,-0.25,-2.2727,46658.6,50709.662
688585.SH,20240105,8.8,8.8,8.55,8.6,8.68,-0.08,-0.9217,16593.68,14334.44
600507.SH,20240105,4.67,4.7,4.61,4.63,4.66,-0.03,-0.6438,85695.49,39958.953
688345.SH,20240105,29.48,30.25,28.78,28.96,29.51,-0.55,-1.8638,8047.37,23679.499
600585.SH,20240105,22.32,22.83,21.92,22.49,22.36,0.13,0.5814,183035.5,414000.185
688559.SH,20240105,33.51,34.13,32.53,32.67,33.52,-0.85,-2.5358,27263.77,90644.525
603829.SH,20240105,16.38,16.38,15.89,15.9,16.38,-0.48,-2.9304,45032.0,72388.462
688343.SH,20240105,47.6,47.7,45.96,46.2,47.34,-1.14,-2.4081,12520.68,58587.114
600513.SH,20240105,11.1,11.13,10.79,10.82,11.12,-0.3,-2.6978,82743.14,90508.214
600378.SH,20240105,29.02,29.48,28.54,28.65,29.03,-0.38,-1.309,13886.01,40184.173
600403.SH,20240105,3.98,4.09,3.97,4.0,3.99,0.01,0.2506,140684.0,56703.053
600543.SH,20240105,6.15,6.2,5.97,6.03,6.14,-0.11,-1.7915,49602.0,30114.086
600321.SH,20240105,1.77,1.79,1.71,1.72,1.77,-0.05,-2.8249,257920.2,45049.183
600315.SH,20240105,20.48,20.65,20.27,20.31,20.59,-0.28,-1.3599,36770.0,75213.894
600380.SH,20240105,12.78,12.79,12.52,12.56,12.78,-0.22,-1.7214,68851.08,86941.934
600511.SH,20240105,29.95,29.98,29.21,29.34,29.95,-0.61,-2.0367,42593.9,126029.998
600303.SH,20240105,4.25,4.34,4.11,4.16,4.29,-0.13,-3.0303,86245.0,36436.93
688328.SH,20240105,37.0,39.08,35.51,36.1,37.25,-1.15,-3.0872,66139.09,246791.3
600326.SH,20240105,4.72,4.74,4.56,4.6,4.71,-0.11,-2.3355,196896.94,91392.052
603709.SH,20240105,18.92,20.81,18.8,20.81,18.92,1.89,9.9894,57678.2,116629.635
688611.SH,20240105,31.87,32.32,31.0,31.2,32.02,-0.82,-2.5609,3629.46,11466.319
600433.SH,20240105,3.51,3.52,3.44,3.46,3.5,-0.04,-1.1429,71434.82,24922.866
603230.SH,20240105,15.45,15.54,14.91,15.05,15.53,-0.48,-3.0908,160062.2,243083.834
600531.SH,20240105,6.19,6.22,6.08,6.13,6.19,-0.06,-0.9693,177008.41,108883.235
600479.SH,20240105,10.95,11.08,10.73,10.8,10.99,-0.19,-1.7288,67110.6,73368.137
603818.SH,20240105,5.43,5.49,5.36,5.41,5.46,-0.05,-0.9158,72690.3,39446.378
600605.SH,20240105,27.5,28.3,27.25,28.03,27.23,0.8,2.9379,35628.3,99287.405
603708.SH,20240105,13.39,13.47,13.11,13.15,13.41,-0.26,-1.9389,26055.39,34509.392
600405.SH,20240105,5.82,5.85,5.62,5.73,5.78,-0.05,-0.8651,175856.95,100095.088
600512.SH,20240105,2.53,2.55,2.5,2.51,2.53,-0.02,-0.7905,107191.2,27085.465
600452.SH,20240105,13.02,13.16,12.69,12.82,13.14,-0.32,-2.4353,121960.62,157203.807
600495.SH,20240105,4.29,4.29,4.17,4.19,4.29,-0.1,-2.331,152714.28,64485.221
600331.SH,20240105,5.03,5.03,4.8,4.82,4.96,-0.14,-2.8226,311655.91,151571.703
000525.SZ,20240105,8.36,8.58,8.35,8.42,8.39,0.03,0.3576,27153.0,22936.501
600654.SH,20240105,2.5,2.52,2.43,2.45,2.5,-0.05,-2.0,59248.36,14628.83
002878.SZ,20240105,18.08,18.1,17.38,17.49,18.09,-0.6,-3.3167,84902.3,150070.714
301165.SZ,20240105,37.11,37.2,35.93,36.2,37.14,-0.94,-2.531,20534.98,75011.854
002404.SZ,20240105,6.15,6.19,6.06,6.09,6.13,-0.04,-0.6525,38872.99,23841.887
920541.BJ,20240105,7.77,7.81,7.1,7.27,7.72,-0.45,-5.829,44336.99,32965.806
300647.SZ,20240105,6.27,6.33,6.14,6.2,6.27,-0.07,-1.1164,53341.0,33219.941
002936.SZ,20240105,2.0,2.05,2.0,2.03,2.0,0.03,1.5,698280.41,141659.09
920978.BJ,20240105,15.9,15.99,14.31,14.47,15.78,-1.31,-8.3016,69806.67,104564.235
002020.SZ,20240105,12.56,12.56,12.05,12.12,12.51,-0.39,-3.1175,116894.57,143340.57
002691.SZ,20240105,7.48,7.53,7.37,7.44,7.48,-0.04,-0.5348,50987.0,37871.818
301309.SZ,20240105,28.03,28.2,27.5,27.64,28.03,-0.39,-1.3914,3793.43,10536.221
300545.SZ,20240105,31.86,32.13,28.84,28.96,31.85,-2.89,-9.0738,118274.52,355946.04
001358.SZ,20240105,46.96,48.32,46.05,46.31,47.31,-1.0,-2.1137,38648.54,182111.543
000899.SZ,20240105,7.87,7.97,7.76,7.78,7.89,-0.11,-1.3942,51218.81,40274.035
002882.SZ,20240105,16.14,16.14,16.14,16.14,14.67,1.47,10.0204,129861.83,209596.994
002652.SZ,20240105,3.3,3.33,3.22,3.24,3.31,-0.07,-2.1148,134372.0,43877.664
002454.SZ,20240105,7.35,7.42,7.15,7.21,7.35,-0.14,-1.9048,88042.42,63960.884
300222.SZ,20240105,7.39,7.43,7.15,7.19,7.32,-0.13,-1.776,54062.81,39324.052
000652.SZ,20240105,3.91,4.31,3.9,4.07,3.92,0.15,3.8265,584001.0,239489.552
920478.BJ,20240105,27.65,28.5,26.5,26.93,27.68,-0.75,-2.7095,31802.46,87401.502
300599.SZ,20240105,8.18,8.25,8.08,8.11,8.2,-0.09,-1.0976,19019.0,15524.296
300624.SZ,20240105,86.1,86.8,83.01,84.15,86.1,-1.95,-2.2648,64597.94,546260.968
002015.SZ,20240105,11.86,11.97,11.6,11.67,11.94,-0.27,-2.2613,96977.8,114309.01
002360.SZ,20240105,7.3,7.35,7.16,7.2,7.31,-0.11,-1.5048,70273.56,51029.15
300044.SZ,20240105,5.73,5.77,5.51,5.55,5.67,-0.12,-2.1164,338967.4,190672.809
600823.SH,20240105,1.14,1.15,1.1,1.12,1.14,-0.02,-1.7544,270987.2,30550.372
002682.SZ,20240105,6.6,6.85,6.4,6.47,6.97,-0.5,-7.1736,1153199.6,762302.627
002660.SZ,20240105,11.38,11.42,10.51,10.64,11.67,-1.03,-8.826,576720.61,630023.711
300265.SZ,20240105,9.27,9.29,9.03,9.05,9.3,-0.25,-2.6882,29201.0,26714.033
002706.SZ,20240105,8.58,8.74,8.35,8.38,8.59,-0.21,-2.4447,98112.17,83537.465
000539.SZ,20240105,5.18,5.33,5.15,5.17,5.2,-0.03,-0.5769,418335.6,219192.269
002068.SZ,20240105,11.1,11.41,10.79,10.89,11.17,-0.28,-2.5067,148926.21,165206.137
300692.SZ,20240105,6.35,6.39,6.26,6.3,6.35,-0.05,-0.7874,26946.72,17057.237
002227.SZ,20240105,13.46,13.6,13.22,13.26,13.48,-0.22,-1.632,25474.0,34085.131
002763.SZ,20240105,8.78,8.85,8.62,8.67,8.78,-0.11,-1.2528,33101.4,28887.53
300475.SZ,20240105,32.5,32.65,31.3,31.73,32.68,-0.95,-2.907,104366.78,332292.328
301336.SZ,20240105,44.55,45.17,43.9,44.22,44.74,-0.52,-1.1623,5177.0,22996.158
002859.SZ,20240105,23.83,23.96,23.35,23.46,23.72,-0.26,-1.0961,27841.64,65877.009
300630.SZ,20240105,23.11,23.2,22.08,22.23,23.28,-1.05,-4.5103,149829.03,337746.877
600337.SH,20240105,2.72,2.77,2.69,2.74,2.72,0.02,0.7353,103034.0,28101.156
603838.SH,20240105,7.29,7.38,7.13,7.18,7.29,-0.11,-1.5089,51349.0,37209.481
600327.SH,20240105,5.07,5.09,4.98,5.01,5.06,-0.05,-0.9881,161320.8,81320.666
600545.SH,20240105,2.69,2.71,2.62,2.64,2.7,-0.06,-2.2222,91650.0,24443.753
600529.SH,20240105,26.22,26.22,25.7,25.79,26.22,-0.43,-1.64,33772.18,87706.773
688377.SH,20240105,26.23,27.27,24.8,25.27,26.23,-0.96,-3.6599,19251.77,49629.856
688556.SH,20240105,36.84,37.13,34.88,35.0,36.62,-1.62,-4.4238,59414.09,212599.471
600383.SH,20240105,4.22,4.32,4.21,4.23,4.23,0.0,0.0,826739.42,352883.911
688347.SH,20240105,41.12,41.49,40.83,41.07,41.14,-0.07,-0.1702,20351.41,83847.96
603721.SH,20240105,26.98,27.1,25.85,25.95,27.15,-1.2,-4.4199,111725.57,293685.372
688561.SH,20240105,37.49,38.18,36.54,36.81,37.4,-0.59,-1.5775,39214.72,145951.269
600595.SH,20240105,3.46,3.51,3.42,3.43,3.44,-0.01,-0.2907,240785.15,83300.506
600498.SH,20240105,15.96,16.01,15.58,15.65,15.91,-0.26,-1.6342,112261.97,176710.116
600548.SH,20240105,9.43,9.63,9.39,9.47,9.4,0.07,0.7447,70153.17,66621.476
600365.SH,20240105,3.68,3.7,3.52,3.54,3.7,-0.16,-4.3243,56081.0,20188.81
688616.SH,20240105,13.83,13.96,13.59,13.69,13.85,-0.16,-1.1552,11103.77,15266.824
600572.SH,20240105,5.17,5.23,5.1,5.12,5.17,-0.05,-0.9671,342957.64,177025.531
688327.SH,20240105,16.1,16.29,15.53,15.58,15.97,-0.39,-2.4421,219508.95,348659.468
600467.SH,20240105,2.41,2.42,2.36,2.37,2.42,-0.05,-2.0661,196917.0,47128.35
600581.SH,20240105,3.61,3.65,3.56,3.58,3.61,-0.03,-0.831,140899.67,50956.608
600551.SH,20240105,11.29,11.36,10.99,11.19,11.31,-0.12,-1.061,54830.0,61367.102
688571.SH,20240105,7.54,7.61,7.44,7.48,7.56,-0.08,-1.0582,24132.33,18140.965
600390.SH,20240105,4.72,4.79,4.67,4.7,4.74,-0.04,-0.8439,190609.06,90153.033
688592.SH,20240105,50.08,50.39,48.3,48.71,50.08,-1.37,-2.7356,4943.22,24347.112
600438.SH,20240105,24.3,24.84,23.86,24.0,24.3,-0.3,-1.2346,269145.76,653862.574
600399.SH,20240105,9.46,9.5,8.95,9.03,9.5,-0.47,-4.9474,271652.37,248912.966
600526.SH,20240105,5.07,5.13,5.01,5.04,5.1,-0.06,-1.1765,46417.0,23592.055
600361.SH,20240105,4.85,4.89,4.75,4.8,4.88,-0.08,-1.6393,70154.5,33820.415
600351.SH,20240105,6.97,7.02,6.85,6.88,6.98,-0.1,-1.4327,131268.65,90868.038
688608.SH,20240105,140.26,144.8,137.26,140.22,141.5,-1.28,-0.9046,9138.47,127623.65
600435.SH,20240105,11.41,11.57,10.47,10.62,11.63,-1.01,-8.6844,695132.74,755571.831
600527.SH,20240105,2.0,2.01,1.96,1.97,2.0,-0.03,-1.5,120116.89,23863.348
600528.SH,20240105,7.47,7.55,7.4,7.43,7.47,-0.04,-0.5355,100904.41,75571.304
600547.SH,20240105,22.83,23.2,22.75,22.85,22.9,-0.05,-0.2183,139740.79,321036.399
688590.SH,20240105,20.7,20.87,20.06,20.23,20.68,-0.45,-2.176,36650.0,74735.403
688339.SH,20240105,44.17,44.73,42.8,43.07,44.4,-1.33,-2.9955,11901.96,52032.912
688348.SH,20240105,121.78,126.2,120.13,121.1,124.09,-2.99,-2.4095,17258.7,212558.871
600597.SH,20240105,8.67,8.69,8.54,8.58,8.67,-0.09,-1.0381,42418.24,36557.085
600469.SH,20240105,6.26,6.3,6.11,6.16,6.26,-0.1,-1.5974,65820.0,40764.023
603819.SH,20240105,15.13,15.25,14.81,15.05,14.98,0.07,0.4673,26180.3,39451.396
600593.SH,20240105,27.41,27.41,27.41,27.41,24.92,2.49,9.992,18816.82,51576.904
600905.SH,20240105,4.37,4.42,4.33,4.35,4.38,-0.03,-0.6849,679321.98,297429.889
600657.SH,20240105,3.56,3.66,3.56,3.57,3.58,-0.01,-0.2793,120183.0,43422.739
002845.SZ,20240105,16.94,17.07,16.41,16.46,16.95,-0.49,-2.8909,63802.8,106309.225
300697.SZ,20240105,12.46,12.6,12.19,12.3,12.48,-0.18,-1.4423,42298.8,52333.133
601881.SH,20240105,11.82,12.05,11.68,11.74,11.83,-0.09,-0.7608,565320.13,670405.429
002907.SZ,20240105,16.54,17.35,16.34,16.71,16.54,0.17,1.0278,146847.67,245875.686
601390.SH,20240105,5.69,5.89,5.67,5.77,5.71,0.06,1.0508,1525296.63,883802.924
002810.SZ,20240105,20.69,20.85,20.16,20.31,20.72,-0.41,-1.9788,27570.59,56317.552
300763.SZ,20240105,66.15,67.99,64.5,65.09,66.65,-1.56,-2.3406,71029.61,470238.601
300780.SZ,20240105,19.13,19.32,18.42,18.59,19.07,-0.48,-2.517,49822.0,93721.241
600713.SH,20240105,4.97,4.97,4.88,4.9,4.95,-0.05,-1.0101,106868.0,52701.588
600137.SH,20240105,18.54,18.8,18.05,18.13,18.57,-0.44,-2.3694,16123.01,29630.136
002609.SZ,20240105,10.86,10.94,10.53,10.58,10.83,-0.25,-2.3084,80944.77,86664.201
300087.SZ,20240105,8.32,8.37,8.12,8.16,8.33,-0.17,-2.0408,60094.37,49461.203
000851.SZ,20240105,5.81,5.81,5.57,5.6,5.8,-0.2,-3.4483,319959.01,181519.787
601882.SH,20240105,25.97,26.14,25.6,25.8,26.02,-0.22,-0.8455,16118.69,41720.723
301296.SZ,20240105,10.21,10.35,10.13,10.18,10.25,-0.07,-0.6829,28445.56,29132.724
002322.SZ,20240105,12.67,12.69,12.18,12.27,12.64,-0.37,-2.9272,47673.12,59145.433
920896.BJ,20240105,12.55,12.65,11.01,11.36,12.55,-1.19,-9.4821,45717.48,53376.862
300388.SZ,20240105,6.73,6.75,6.6,6.63,6.69,-0.06,-0.8969,28630.78,19139.165
920367.BJ,20240105,17.63,19.0,17.15,17.36,17.93,-0.57,-3.179,64678.4,115135.964
003043.SZ,20240105,49.46,50.49,48.81,48.95,49.63,-0.68,-1.3701,4351.0,21542.35
600812.SH,20240105,5.63,5.64,5.51,5.52,5.63,-0.11,-1.9538,89279.0,49691.633
300040.SZ,20240105,5.64,5.68,5.53,5.58,5.64,-0.06,-1.0638,48518.74,27172.595
300371.SZ,20240105,12.27,12.37,11.99,12.07,12.25,-0.18,-1.4694,12669.4,15396.864
301192.SZ,20240105,22.84,23.16,22.3,22.44,22.81,-0.37,-1.6221,5959.5,13511.482
002397.SZ,20240105,4.03,4.04,3.83,3.85,4.05,-0.2,-4.9383,539660.27,211374.193
301110.SZ,20240105,39.99,41.77,39.72,40.99,39.99,1.0,2.5006,21862.09,89710.192
002823.SZ,20240105,12.75,12.82,12.42,12.56,12.69,-0.13,-1.0244,27843.0,35059.046
000962.SZ,20240105,12.56,12.87,12.34,12.44,12.6,-0.16,-1.2698,96124.0,121213.955
600705.SH,20240105,3.08,3.12,3.06,3.08,3.08,0.0,0.0,391746.0,121048.002
002636.SZ,20240105,8.76,8.82,8.51,8.57,8.78,-0.21,-2.3918,39131.0,33831.68
300327.SZ,20240105,21.99,22.22,21.2,21.38,21.92,-0.54,-2.4635,41421.95,89571.421
000829.SZ,20240105,10.15,10.18,9.78,9.83,10.31,-0.48,-4.6557,809461.94,806246.063
301005.SZ,20240105,30.07,30.18,29.47,30.0,29.99,0.01,0.0333,7677.15,22884.4
002527.SZ,20240105,9.62,9.71,9.28,9.33,9.53,-0.2,-2.0986,111231.25,105367.961
002565.SZ,20240105,3.44,3.49,3.39,3.41,3.44,-0.03,-0.8721,113548.5,39177.246
300292.SZ,20240105,3.73,3.73,3.62,3.63,3.71,-0.08,-2.1563,192597.0,70716.213
300508.SZ,20240105,27.36,27.8,26.83,27.04,27.53,-0.49,-1.7799,9245.84,25204.089
002332.SZ,20240105,12.75,12.75,12.15,12.2,12.66,-0.46,-3.6335,112473.28,138302.886
300027.SZ,20240105,2.5,2.51,2.44,2.47,2.51,-0.04,-1.5936,400051.12,99137.562
688603.SH,20240105,68.15,69.66,66.98,67.29,68.18,-0.89,-1.3054,2613.68,17824.292
600338.SH,20240105,11.88,12.13,11.57,11.66,11.9,-0.24,-2.0168,119196.1,141480.449
688582.SH,20240105,36.92,37.2,34.93,35.25,36.92,-1.67,-4.5233,21837.78,78364.086
688596.SH,20240105,36.95,37.2,35.5,35.67,37.01,-1.34,-3.6206,34972.48,126570.259
603035.SH,20240105,18.02,18.2,17.64,17.76,18.06,-0.3,-1.6611,30738.43,54971.856
688560.SH,20240105,17.52,18.22,17.23,17.31,17.53,-0.22,-1.255,72158.71,128116.615
600460.SH,20240105,21.67,21.91,21.13,21.21,21.66,-0.45,-2.0776,80299.45,172446.531
600596.SH,20240105,9.08,9.17,8.96,8.99,9.11,-0.12,-1.3172,56453.2,51134.883
600530.SH,20240105,2.66,2.68,2.61,2.64,2.67,-0.03,-1.1236,30708.68,8084.724
600371.SH,20240105,10.81,10.91,10.61,10.64,10.84,-0.2,-1.845,15527.0,16727.073
688336.SH,20240105,22.11,22.49,21.36,21.53,22.14,-0.61,-2.7552,20841.85,45244.436
603717.SH,20240105,8.08,8.25,7.82,7.95,8.0,-0.05,-0.625,122524.99,97954.868
688595.SH,20240105,43.65,44.9,41.61,42.1,43.69,-1.59,-3.6393,50779.71,218599.849
600335.SH,20240105,8.78,8.85,8.65,8.81,8.76,0.05,0.5708,113902.71,99762.897
688579.SH,20240105,12.1,12.28,11.5,11.57,11.78,-0.21,-1.7827,60555.54,71259.626
688591.SH,20240105,27.74,27.74,26.62,26.77,27.46,-0.69,-2.5127,23909.64,64737.971
688597.SH,20240105,9.29,9.29,8.98,9.08,9.18,-0.1,-1.0893,20013.05,18245.432
600461.SH,20240105,9.68,9.88,9.55,9.63,9.65,-0.02,-0.2073,164053.54,159213.482
603716.SH,20240105,11.3,11.31,10.94,11.01,11.31,-0.3,-2.6525,56214.0,62580.565
600587.SH,20240105,25.46,25.57,24.6,24.71,25.46,-0.75,-2.9458,51939.25,130099.707
600366.SH,20240105,7.45,7.57,7.26,7.28,7.45,-0.17,-2.2819,73760.62,54618.716
603703.SH,20240105,12.44,12.49,12.13,12.23,12.44,-0.21,-1.6881,27134.4,33277.422
600518.SH,20240105,1.87,1.88,1.85,1.85,1.88,-0.03,-1.5957,746852.86,138925.379
600354.SH,20240105,6.2,6.25,6.08,6.12,6.23,-0.11,-1.7657,87357.0,53768.794
688563.SH,20240105,60.94,60.94,60.1,60.41,60.9,-0.49,-0.8046,6396.74,38652.941
600409.SH,20240105,5.57,5.65,5.51,5.54,5.58,-0.04,-0.7168,163957.0,91757.358
688600.SH,20240105,19.81,19.82,18.72,18.86,19.41,-0.55,-2.8336,11519.68,22098.451
600375.SH,20240105,6.32,6.54,6.16,6.18,6.26,-0.08,-1.278,246263.07,156562.732
688568.SH,20240105,45.75,45.84,44.6,44.76,45.73,-0.97,-2.1211,15794.16,71240.895
600340.SH,20240105,1.68,1.7,1.65,1.66,1.68,-0.02,-1.1905,364838.33,61236.051
688601.SH,20240105,50.02,51.21,48.67,48.95,50.5,-1.55,-3.0693,17076.7,84876.869
600330.SH,20240105,8.4,8.45,8.17,8.19,8.41,-0.22,-2.6159,130346.51,107902.61
600487.SH,20240105,11.56,11.6,11.31,11.38,11.55,-0.17,-1.4719,263683.03,301606.986
600567.SH,20240105,1.92,1.95,1.91,1.91,1.92,-0.01,-0.5208,277140.08,53519.883
600377.SH,20240105,10.94,11.15,10.86,11.04,10.94,0.1,0.9141,116089.9,127903.57
600601.SH,20240105,3.01,3.04,2.87,2.88,2.85,0.03,1.0526,536959.37,158570.672
603166.SH,20240105,6.97,7.03,6.78,6.81,6.94,-0.13,-1.8732,52819.4,36444.666
600446.SH,20240105,11.06,11.14,10.87,10.9,11.1,-0.2,-1.8018,83277.41,91627.093
600382.SH,20240105,4.72,4.8,4.67,4.71,4.72,-0.01,-0.2119,61675.0,29260.403
600563.SH,20240105,86.04,88.3,83.88,84.39,86.1,-1.71,-1.9861,17419.44,149557.024
600537.SH,20240105,5.51,5.6,5.27,5.32,5.56,-0.24,-4.3165,850421.8,458685.705
300245.SZ,20240105,8.91,8.91,8.61,8.68,8.85,-0.17,-1.9209,44863.0,39281.192
300235.SZ,20240105,11.56,11.56,11.1,11.18,11.5,-0.32,-2.7826,80489.0,90860.187
002555.SZ,20240105,19.05,19.21,18.65,18.77,19.2,-0.43,-2.2396,411793.2,777878.282
300397.SZ,20240105,10.25,10.27,9.95,9.98,10.28,-0.3,-2.9183,57503.79,57872.064
002483.SZ,20240105,5.22,5.27,5.14,5.15,5.25,-0.1,-1.9048,82854.0,43021.186
000877.SZ,20240105,6.49,6.63,6.43,6.49,6.53,-0.04,-0.6126,117185.08,76807.47
300489.SZ,20240105,20.0,20.17,19.3,19.45,20.0,-0.55,-2.75,18588.0,36577.582
600716.SH,20240105,4.03,4.05,3.88,3.93,4.03,-0.1,-2.4814,382038.0,150786.694
300991.SZ,20240105,17.1,17.27,16.77,16.9,17.1,-0.2,-1.1696,20360.0,34602.504
300664.SZ,20240105,5.41,5.41,5.32,5.35,5.4,-0.05,-0.9259,37306.0,20065.555
002528.SZ,20240105,7.99,8.03,7.68,7.77,7.99,-0.22,-2.7534,181022.51,142041.249
003008.SZ,20240105,28.41,28.45,27.58,27.78,28.31,-0.53,-1.8721,5201.0,14569.511
600873.SH,20240105,9.73,9.8,9.65,9.7,9.73,-0.03,-0.3083,151706.0,147917.293
002249.SZ,20240105,4.94,4.99,4.88,4.9,4.95,-0.05,-1.0101,140959.3,69601.321
600293.SH,20240105,3.51,3.52,3.35,3.38,3.52,-0.14,-3.9773,310956.24,106466.908
002793.SZ,20240105,5.32,5.33,5.18,5.21,5.31,-0.1,-1.8832,60320.0,31632.811
300987.SZ,20240105,18.08,18.08,17.4,17.5,17.97,-0.47,-2.6155,31076.75,54782.666
002123.SZ,20240105,11.08,11.12,10.78,10.8,11.08,-0.28,-2.5271,144621.51,157978.564
000821.SZ,20240105,15.15,15.45,14.65,14.77,15.24,-0.47,-3.084,259931.77,390746.086
000409.SZ,20240105,9.16,9.24,8.78,8.8,9.16,-0.36,-3.9301,367771.06,329871.428
300533.SZ,20240105,27.91,28.05,27.07,27.27,27.91,-0.64,-2.2931,82868.25,227358.66
002642.SZ,20240105,8.14,8.2,7.8,7.85,8.25,-0.4,-4.8485,375289.0,299246.955
300700.SZ,20240105,16.26,16.47,15.75,15.81,16.3,-0.49,-3.0061,41614.66,66756.764
003006.SZ,20240105,15.18,15.44,14.91,15.1,15.16,-0.06,-0.3958,28418.91,43121.696
002553.SZ,20240105,12.18,12.3,11.8,11.89,12.18,-0.29,-2.381,88959.02,107067.369
300903.SZ,20240105,9.83,9.99,9.6,9.63,9.84,-0.21,-2.1341,40471.06,39520.307
000717.SZ,20240105,2.57,2.6,2.54,2.55,2.57,-0.02,-0.7782,165207.0,42439.92
002152.SZ,20240105,11.85,11.85,11.48,11.51,11.79,-0.28,-2.3749,200291.33,233417.875
301396.SZ,20240105,30.17,30.67,29.5,29.74,30.18,-0.44,-1.4579,35288.4,106377.695
300053.SZ,20240105,11.85,11.94,11.48,11.54,11.91,-0.37,-3.1066,126047.99,147294.034
300538.SZ,20240105,18.2,18.26,16.86,17.02,18.2,-1.18,-6.4835,109236.0,190155.774
601668.SH,20240105,4.74,4.84,4.73,4.77,4.74,0.03,0.6329,2702055.62,1295905.454
002005.SZ,20240105,1.38,1.4,1.37,1.37,1.39,-0.02,-1.4388,39165.0,5409.801
000605.SZ,20240105,6.9,6.96,6.68,6.74,6.9,-0.16,-2.3188,202713.6,137420.499
000952.SZ,20240105,8.24,8.25,8.01,8.06,8.24,-0.18,-2.1845,32457.6,26348.912
600960.SH,20240105,3.98,3.99,3.87,3.89,3.98,-0.09,-2.2613,159079.0,62400.374
601083.SH,20240105,12.7,12.89,12.5,12.53,12.91,-0.38,-2.9435,268690.01,340022.747
601678.SH,20240105,4.2,4.23,4.15,4.17,4.22,-0.05,-1.1848,87121.34,36472.94
300419.SZ,20240105,5.95,6.01,5.83,5.88,5.93,-0.05,-0.8432,103703.0,61465.732
600673.SH,20240105,6.97,7.06,6.85,6.85,6.97,-0.12,-1.7217,64360.0,44570.321
301028.SZ,20240105,11.7,12.15,11.62,11.62,11.8,-0.18,-1.5254,120882.32,143821.646
603822.SH,20240105,27.7,28.12,27.35,27.51,27.7,-0.19,-0.6859,6956.0,19249.317
688332.SH,20240105,69.29,70.48,68.4,68.88,69.0,-0.12,-0.1739,10236.13,71038.302
688598.SH,20240105,65.56,66.97,62.5,63.0,65.9,-2.9,-4.4006,26450.85,169946.052
600535.SH,20240105,17.15,17.2,16.66,16.76,17.28,-0.52,-3.0093,191222.86,323828.24
688610.SH,20240105,50.18,50.33,48.33,48.83,49.88,-1.05,-2.1051,1264.65,6220.916
688580.SH,20240105,61.78,61.98,59.64,59.87,61.5,-1.63,-2.6504,2915.39,17725.895
600558.SH,20240105,4.2,4.29,4.12,4.2,4.19,0.01,0.2387,276780.25,115845.271
603836.SH,20240105,16.95,17.0,16.2,16.42,17.19,-0.77,-4.4793,94825.12,156675.031
600570.SH,20240105,25.97,26.29,25.62,25.84,25.98,-0.14,-0.5389,247274.11,642962.365
688586.SH,20240105,10.99,11.14,10.73,10.81,11.05,-0.24,-2.1719,41067.85,44777.614
600576.SH,20240105,7.56,7.61,7.4,7.47,7.59,-0.12,-1.581,49931.0,37577.089
603816.SH,20240105,33.79,34.4,33.56,33.97,33.84,0.13,0.3842,39433.9,134135.393
600578.SH,20240105,3.07,3.12,3.04,3.06,3.07,-0.01,-0.3257,255417.08,78706.262
603726.SH,20240105,15.16,15.36,14.8,14.92,15.23,-0.31,-2.0355,27977.42,42155.187
600489.SH,20240105,10.05,10.2,9.89,9.92,10.07,-0.15,-1.4896,351151.39,352287.66
600381.SH,20240105,7.8,7.84,7.62,7.65,7.8,-0.15,-1.9231,28682.0,22090.758
600488.SH,20240105,5.04,5.05,4.93,4.95,5.05,-0.1,-1.9802,50723.0,25306.828
688335.SH,20240105,13.08,13.15,12.8,12.9,13.01,-0.11,-0.8455,9258.73,12020.468
600421.SH,20240105,11.14,11.32,10.79,10.86,11.14,-0.28,-2.5135,25310.5,27812.637
600586.SH,20240105,6.59,6.63,6.4,6.44,6.58,-0.14,-2.1277,116841.0,75877.344
600348.SH,20240105,10.36,10.48,10.2,10.25,10.37,-0.12,-1.1572,586359.33,605334.368
600557.SH,20240105,21.72,22.1,21.21,21.39,21.72,-0.33,-1.5193,70687.96,152859.212
600463.SH,20240105,9.78,9.84,9.52,9.58,9.77,-0.19,-1.9447,22921.0,22248.237
600391.SH,20240105,19.08,19.08,18.44,18.52,19.02,-0.5,-2.6288,37025.0,69245.562
600520.SH,20240105,23.66,23.78,22.44,22.56,23.65,-1.09,-4.6089,175091.0,402067.167
600422.SH,20240105,21.71,21.71,20.66,20.85,21.22,-0.37,-1.7436,64366.11,134516.51
600517.SH,20240105,4.78,4.81,4.73,4.75,4.78,-0.03,-0.6276,90717.55,43267.352
688607.SH,20240105,20.53,20.79,19.88,19.98,20.43,-0.45,-2.2026,17153.17,34628.674
600592.SH,20240105,12.4,12.5,11.16,11.22,12.4,-1.18,-9.5161,464460.33,540751.457
600493.SH,20240105,7.04,7.09,6.81,6.86,7.01,-0.15,-2.1398,84173.94,58412.517
600568.SH,20240105,1.71,1.72,1.69,1.69,1.7,-0.01,-0.5882,27431.0,4666.39
688325.SH,20240105,37.28,37.45,34.41,34.82,37.31,-2.49,-6.6738,23302.61,82189.716
600310.SH,20240105,3.88,4.0,3.8,3.82,3.87,-0.05,-1.292,373301.02,145263.151
600552.SH,20240105,12.58,12.86,12.07,12.19,12.41,-0.22,-1.7728,155659.78,193151.141
688319.SH,20240105,15.21,15.46,14.67,14.7,15.25,-0.55,-3.6066,26818.94,40022.972
600573.SH,20240105,10.41,10.57,10.36,10.4,10.44,-0.04,-0.3831,43660.0,45727.473
601968.SH,20240105,5.27,5.27,5.16,5.18,5.26,-0.08,-1.5209,58939.0,30732.363
688562.SH,20240105,23.18,23.18,22.12,22.18,23.07,-0.89,-3.8578,19063.62,42984.201
600510.SH,20240105,5.74,5.76,5.64,5.68,5.72,-0.04,-0.6993,69134.0,39410.395
600416.SH,20240105,15.92,16.06,15.38,15.5,16.02,-0.52,-3.2459,123990.01,193771.578
600549.SH,20240105,17.04,17.26,16.87,16.95,17.15,-0.2,-1.1662,47985.11,81878.421
600789.SH,20240105,7.13,7.19,7.01,7.03,7.17,-0.14,-1.9526,180772.06,128236.007
300770.SZ,20240105,37.85,37.97,36.73,37.04,37.84,-0.8,-2.1142,27529.28,102663.574
301300.SZ,20240105,31.82,32.15,31.2,31.45,31.95,-0.5,-1.5649,4929.64,15606.136
000966.SZ,20240105,4.56,4.63,4.51,4.53,4.58,-0.05,-1.0917,137667.36,62936.369
300542.SZ,20240105,13.15,13.2,12.73,12.9,13.06,-0.16,-1.2251,44409.93,57442.736
002271.SZ,20240105,18.2,18.48,17.85,17.93,18.33,-0.4,-2.1822,393329.21,713311.334
000860.SZ,20240105,19.78,20.13,19.52,19.76,19.8,-0.04,-0.202,99648.65,197554.151
000862.SZ,20240105,6.19,6.26,6.11,6.12,6.21,-0.09,-1.4493,43666.01,26982.13
600734.SH,20240105,3.51,3.53,3.47,3.47,3.5,-0.03,-0.8571,47050.0,16419.206
002204.SZ,20240105,4.64,4.64,4.53,4.56,4.63,-0.07,-1.5119,88794.0,40696.272
600660.SH,20240105,38.21,38.85,38.06,38.31,38.1,0.21,0.5512,122886.98,473399.683
000997.SZ,20240105,19.89,20.02,19.36,19.55,19.98,-0.43,-2.1522,100064.81,196971.859
300250.SZ,20240105,17.6,18.08,16.85,17.03,17.76,-0.73,-4.1104,135256.57,236164.034
002096.SZ,20240105,10.75,11.27,10.65,10.93,10.76,0.17,1.5799,150066.58,165706.264
002535.SZ,20240105,4.88,4.88,4.66,4.69,4.85,-0.16,-3.299,267732.9,127037.492
002132.SZ,20240105,3.11,3.14,3.04,3.05,3.11,-0.06,-1.9293,118707.0,36585.692
300559.SZ,20240105,15.14,15.19,14.4,14.48,15.09,-0.61,-4.0424,66318.41,97599.227
601595.SH,20240105,24.31,26.12,23.92,25.0,24.68,0.32,1.2966,272670.12,686501.29
002624.SZ,20240105,11.78,11.84,11.47,11.54,11.82,-0.28,-2.3689,284249.29,330466.23
300606.SZ,20240105,32.83,33.48,31.78,32.12,33.07,-0.95,-2.8727,30350.0,98595.41
300482.SZ,20240105,31.0,31.0,29.85,30.06,30.15,-0.09,-0.2985,42661.84,128859.999
000697.SZ,20240105,6.66,6.68,6.35,6.38,6.68,-0.3,-4.491,98921.39,64042.807
301231.SZ,20240105,25.43,25.45,24.6,24.94,25.47,-0.53,-2.0809,22330.69,56134.388
000514.SZ,20240105,4.17,4.34,4.16,4.21,4.17,0.04,0.9592,170668.6,72730.294
301507.SZ,20240105,16.37,16.67,16.33,16.6,16.41,0.19,1.1578,49519.69,81872.24
300551.SZ,20240105,17.91,17.91,16.88,17.1,17.82,-0.72,-4.0404,92607.25,160177.31
300519.SZ,20240105,16.9,16.96,16.45,16.56,16.95,-0.39,-2.3009,26441.0,44119.959
601500.SH,20240105,4.17,4.22,4.1,4.12,4.2,-0.08,-1.9048,174337.97,72255.242
300227.SZ,20240105,7.74,7.76,7.37,7.42,7.69,-0.27,-3.5111,80647.9,60758.259
600958.SH,20240105,8.51,8.56,8.39,8.44,8.54,-0.1,-1.171,293849.3,248927.002
002205.SZ,20240105,10.81,10.86,10.51,10.57,10.76,-0.19,-1.7658,63608.8,67994.654
002139.SZ,20240105,9.42,9.57,9.2,9.26,9.42,-0.16,-1.6985,139119.58,130521.986
300438.SZ,20240105,27.28,28.42,26.83,26.97,27.06,-0.09,-0.3326,224698.18,620187.991
600089.SH,20240105,13.97,14.09,13.86,13.92,13.98,-0.06,-0.4292,318108.02,444168.196
600215.SH,20240105,8.88,9.12,8.65,9.05,8.88,0.17,1.9144,109388.51,97338.875
601155.SH,20240105,10.91,11.2,10.87,10.98,10.95,0.03,0.274,118775.62,131026.633
000977.SZ,20240105,31.05,31.25,29.88,30.16,31.17,-1.01,-3.2403,447629.08,1364705.463
300773.SZ,20240105,15.74,15.75,15.37,15.44,15.66,-0.22,-1.4049,49676.0,77425.827
300094.SZ,20240105,4.68,4.73,4.54,4.57,4.7,-0.13,-2.766,513390.87,237275.389
601311.SH,20240105,8.06,8.11,7.95,7.98,8.03,-0.05,-0.6227,59389.62,47739.846
002082.SZ,20240105,6.53,6.55,6.37,6.41,6.53,-0.12,-1.8377,29745.21,19232.086
688334.SH,20240105,17.22,17.27,16.79,16.9,17.22,-0.32,-1.8583,16203.09,27541.762
603727.SH,20240105,12.91,13.08,12.65,12.72,12.94,-0.22,-1.7002,48765.0,62814.361
603301.SH,20240105,25.17,25.25,24.3,24.46,25.14,-0.68,-2.7049,19420.65,47916.489
688558.SH,20240105,27.81,28.16,27.02,27.2,27.88,-0.68,-2.439,5632.11,15475.847
600400.SH,20240105,2.79,2.86,2.74,2.77,2.77,0.0,0.0,189175.57,52979.806
688329.SH,20240105,24.33,24.48,23.85,23.9,24.28,-0.38,-1.5651,12360.69,29858.033
600525.SH,20240105,5.29,5.32,5.15,5.18,5.29,-0.11,-2.0794,115076.04,60236.323
688557.SH,20240105,36.38,36.84,35.67,35.76,36.35,-0.59,-1.6231,4496.04,16275.597
600589.SH,20240105,3.89,3.89,3.85,3.89,3.7,0.19,5.1351,196501.51,76421.963
600477.SH,20240105,3.23,3.26,3.18,3.19,3.25,-0.06,-1.8462,131802.7,42385.52
600604.SH,20240105,4.62,4.65,4.55,4.57,4.6,-0.03,-0.6522,74183.51,34151.823
600458.SH,20240105,9.11,9.17,8.92,8.97,9.13,-0.16,-1.7525,47007.13,42485.385
600372.SH,20240105,12.89,12.98,12.41,12.48,12.92,-0.44,-3.4056,261855.45,331217.62
600519.SH,20240105,1661.33,1678.66,1652.11,1663.36,1669.0,-5.64,-0.3379,20242.86,3373155.627
600598.SH,20240105,12.04,12.04,11.9,11.94,12.02,-0.08,-0.6656,53695.88,64248.843
688338.SH,20240105,33.72,33.88,32.54,32.65,33.75,-1.1,-3.2593,7895.35,26102.704
603826.SH,20240105,57.84,58.5,57.02,57.15,57.64,-0.49,-0.8501,11338.5,65238.874
600556.SH,20240105,5.84,5.87,5.67,5.71,5.83,-0.12,-2.0583,160200.0,92264.768
600577.SH,20240105,4.17,4.2,4.09,4.11,4.15,-0.04,-0.9639,186034.0,77142.106
600318.SH,20240105,7.03,7.47,6.93,7.17,7.11,0.06,0.8439,402739.18,289122.491
603825.SH,20240105,11.52,11.52,11.15,11.22,11.54,-0.32,-2.773,130770.91,148020.793
600308.SH,20240105,3.54,3.58,3.51,3.53,3.53,0.0,0.0,86419.52,30673.39
688321.SH,20240105,21.59,21.59,21.03,21.14,21.54,-0.4,-1.857,18889.97,40239.172
600392.SH,20240105,9.87,10.01,9.69,9.75,9.91,-0.16,-1.6145,97499.0,96035.521
688333.SH,20240105,108.68,109.18,104.76,105.55,108.68,-3.13,-2.88,13419.42,142523.614
603105.SH,20240105,11.36,11.51,11.06,11.14,11.36,-0.22,-1.9366,61715.0,69636.289
688609.SH,20240105,13.53,14.5,13.25,13.8,13.65,0.15,1.0989,574971.03,795300.929
600360.SH,20240105,7.14,7.14,6.95,6.98,7.12,-0.14,-1.9663,123303.67,86700.277
688350.SH,20240105,16.79,16.93,16.6,16.78,16.7,0.08,0.479,12058.18,20200.026
600316.SH,20240105,20.72,20.84,19.87,19.99,20.76,-0.77,-3.7091,68786.32,138917.041
600496.SH,20240105,3.06,3.07,3.02,3.03,3.05,-0.02,-0.6557,123568.69,37710.01
600313.SH,20240105,7.38,7.4,7.23,7.25,7.37,-0.12,-1.6282,91465.12,66781.31
600328.SH,20240105,7.89,7.91,7.76,7.78,7.88,-0.1,-1.269,109008.4,85483.687
600508.SH,20240105,14.85,14.96,14.59,14.67,14.81,-0.14,-0.9453,90007.63,133100.915
603823.SH,20240105,9.82,10.01,9.68,9.74,9.86,-0.12,-1.217,15776.1,15519.672
600419.SH,20240105,11.75,11.76,11.56,11.58,11.71,-0.13,-1.1102,26881.0,31329.997
600397.SH,20240105,3.39,3.4,3.24,3.27,3.37,-0.1,-2.9674,361346.73,119357.033
688581.SH,20240105,124.66,125.79,118.02,119.0,125.18,-6.18,-4.9369,2675.02,32353.587
600444.SH,20240105,15.4,15.46,14.77,14.87,15.26,-0.39,-2.5557,72409.0,109389.044
600462.SH,20240105,2.84,2.91,2.72,2.72,2.86,-0.14,-4.8951,172140.03,48340.257
600332.SH,20240105,29.2,29.25,28.81,28.89,29.19,-0.3,-1.0277,50153.4,145733.394
002918.SZ,20240105,13.38,13.68,13.24,13.34,13.45,-0.11,-0.8178,32553.0,43958.743
601555.SH,20240105,7.13,7.23,7.08,7.1,7.13,-0.03,-0.4208,301834.5,216024.552
002244.SZ,20240105,6.88,6.99,6.81,6.87,6.88,-0.01,-0.1453,176266.0,121913.798
300736.SZ,20240105,13.3,13.33,12.7,12.77,13.26,-0.49,-3.6953,25802.35,33414.158
300972.SZ,20240105,35.7,35.95,34.8,35.08,35.89,-0.81,-2.2569,14150.87,49735.331
300217.SZ,20240105,5.34,5.4,5.29,5.32,5.35,-0.03,-0.5607,113168.05,60533.505
000897.SZ,20240105,2.35,2.44,2.34,2.36,2.32,0.04,1.7241,1148316.75,273283.896
000989.SZ,20240105,10.21,10.24,9.98,10.06,10.2,-0.14,-1.3725,80151.0,81034.749
920046.BJ,20240105,9.6,9.64,8.67,8.87,9.56,-0.69,-7.2176,39420.92,36057.716
600992.SH,20240105,16.21,16.55,15.91,15.99,16.29,-0.3,-1.8416,51107.0,82700.767
601100.SH,20240105,54.0,54.71,53.6,53.91,54.16,-0.25,-0.4616,39315.98,213056.662
300652.SZ,20240105,27.31,27.85,26.48,26.65,27.31,-0.66,-2.4167,18741.0,50831.092
920821.BJ,20240105,19.6,19.79,18.03,18.14,19.7,-1.56,-7.9188,36740.4,68897.325
000768.SZ,20240105,21.57,21.62,20.78,20.88,21.59,-0.71,-3.2886,134730.8,284351.2
920221.BJ,20240105,18.8,18.93,16.69,16.89,19.0,-2.11,-11.1053,64486.27,115185.163
300875.SZ,20240105,34.77,35.06,32.43,32.69,35.47,-2.78,-7.8376,116105.0,387553.149
600644.SH,20240105,7.28,7.31,7.12,7.15,7.23,-0.08,-1.1065,50472.12,36487.227
300899.SZ,20240105,27.97,28.27,27.51,27.56,27.97,-0.41,-1.4659,6076.0,16896.974
300360.SZ,20240105,13.88,14.58,13.77,14.04,13.86,0.18,1.2987,176087.26,249228.214
301170.SZ,20240105,29.87,30.28,29.58,29.7,29.9,-0.2,-0.6689,8525.95,25516.425
920808.BJ,20240105,36.7,37.18,34.24,34.65,36.82,-2.17,-5.8935,22576.68,80168.093
002926.SZ,20240105,7.6,7.7,7.55,7.59,7.63,-0.04,-0.5242,71748.0,54749.53
300839.SZ,20240105,10.44,10.53,10.22,10.29,10.45,-0.16,-1.5311,18904.65,19588.84
300458.SZ,20240105,20.89,21.12,20.5,20.56,20.9,-0.34,-1.6268,73057.65,152056.059
001286.SZ,20240105,8.68,8.88,8.65,8.77,8.68,0.09,1.0369,254338.9,223964.841
000416.SZ,20240105,2.1,2.22,2.1,2.14,2.11,0.03,1.4218,238860.0,52023.583
301162.SZ,20240105,49.18,49.39,46.74,47.32,49.14,-1.82,-3.7037,9201.19,44218.587
920445.BJ,20240105,8.58,8.67,7.87,8.02,8.61,-0.59,-6.8525,51984.85,42511.864
003009.SZ,20240105,45.55,45.55,44.2,44.43,45.59,-1.16,-2.5444,9145.23,40930.585
920271.BJ,20240105,18.1,18.1,16.15,16.66,17.95,-1.29,-7.1866,23652.23,40582.967
002436.SZ,20240105,13.98,14.01,13.4,13.54,13.98,-0.44,-3.1474,259283.39,354632.22
301225.SZ,20240105,34.58,34.95,33.58,33.8,34.58,-0.78,-2.2556,17985.03,61412.103
920266.BJ,20240105,11.75,13.8,11.17,13.0,12.0,1.0,8.3333,143343.32,180574.405
002556.SZ,20240105,5.86,5.86,5.68,5.72,5.89,-0.17,-2.8862,87401.98,50446.187
300605.SZ,20240105,15.37,15.37,14.98,15.14,15.35,-0.21,-1.3681,37620.0,56997.093
600649.SH,20240105,3.71,3.78,3.69,3.7,3.71,-0.01,-0.2695,144131.0,53879.563
000715.SZ,20240105,7.76,7.98,7.54,7.61,7.72,-0.11,-1.4249,174450.93,134582.286
001337.SZ,20240105,27.36,27.53,26.92,27.01,27.43,-0.42,-1.5312,25625.21,69559.07
601609.SH,20240105,6.86,6.89,6.77,6.8,6.85,-0.05,-0.7299,69686.0,47651.838
301505.SZ,20240105,35.19,35.48,34.6,34.81,35.21,-0.4,-1.136,7439.4,26048.458
001268.SZ,20240105,25.33,25.35,24.5,24.66,25.2,-0.54,-2.1429,9449.09,23541.281
600503.SH,20240105,2.61,2.63,2.55,2.57,2.6,-0.03,-1.1538,279790.95,72650.316
600395.SH,20240105,6.48,6.63,6.45,6.51,6.49,0.02,0.3082,275098.0,180433.29
600590.SH,20240105,6.6,6.64,6.39,6.42,6.63,-0.21,-3.1674,106665.6,69361.685
600373.SH,20240105,13.69,13.86,13.32,13.45,13.66,-0.21,-1.5373,183744.06,248818.878
600415.SH,20240105,7.17,7.26,7.06,7.1,7.21,-0.11,-1.5257,184659.92,132181.703
600305.SH,20240105,8.98,9.01,8.9,8.93,8.98,-0.05,-0.5568,33139.02,29660.098
688578.SH,20240105,41.2,41.73,40.68,40.81,41.28,-0.47,-1.1386,28169.41,116079.879
600579.SH,20240105,7.52,7.52,7.23,7.27,7.47,-0.2,-2.6774,96867.0,71085.932
600482.SH,20240105,17.86,18.0,17.32,17.62,17.86,-0.24,-1.3438,107008.01,188999.508
600429.SH,20240105,4.47,4.49,4.4,4.42,4.46,-0.04,-0.8969,56386.0,25068.115
600559.SH,20240105,21.4,21.56,21.11,21.25,21.43,-0.18,-0.8399,96587.81,206251.923
688331.SH,20240105,59.07,59.8,57.57,57.67,59.42,-1.75,-2.9451,21451.67,125497.584
600449.SH,20240105,18.07,18.15,17.43,17.54,17.98,-0.44,-2.4472,75257.15,133676.353
600302.SH,20240105,5.95,5.95,5.77,5.81,5.89,-0.08,-1.3582,117273.0,68478.667
600562.SH,20240105,13.54,13.6,13.26,13.31,13.58,-0.27,-1.9882,42761.98,57361.292
600580.SH,20240105,11.48,11.58,11.19,11.26,11.47,-0.21,-1.8309,132055.8,149885.871
600425.SH,20240105,3.92,3.94,3.87,3.89,3.92,-0.03,-0.7653,190241.0,74482.582
600486.SH,20240105,62.65,63.0,61.74,61.8,62.82,-1.02,-1.6237,7944.79,49410.644
600566.SH,20240105,32.96,33.45,32.51,32.77,32.84,-0.07,-0.2132,80643.15,266206.585
600116.SH,20240105,7.57,7.63,7.53,7.56,7.61,-0.05,-0.657,46846.58,35554.998
300164.SZ,20240105,4.78,4.82,4.67,4.69,4.82,-0.13,-2.6971,222429.75,105528.549
301469.SZ,20240105,33.51,38.83,33.26,35.24,33.68,1.56,4.6318,34516.27,122907.442
300632.SZ,20240105,12.48,12.57,12.17,12.26,12.43,-0.17,-1.3677,30705.3,37991.508
601169.SH,20240105,4.62,4.69,4.6,4.65,4.61,0.04,0.8677,1156712.95,538842.429
301082.SZ,20240105,18.32,18.59,17.92,18.04,18.36,-0.32,-1.7429,21240.0,38726.697
600749.SH,20240105,12.38,12.47,12.04,12.1,12.28,-0.18,-1.4658,42955.0,52641.209
920856.BJ,20240105,8.92,9.17,8.21,8.4,8.8,-0.4,-4.5455,34977.75,29965.812
002304.SZ,20240105,102.05,102.66,101.0,101.7,102.39,-0.69,-0.6739,45502.48,463809.777
300655.SZ,20240105,9.32,9.4,9.1,9.15,9.32,-0.17,-1.824,97156.98,89779.359
002939.SZ,20240105,7.85,7.92,7.72,7.83,7.85,-0.02,-0.2548,199269.58,155836.952
000002.SZ,20240105,9.92,10.13,9.88,9.99,9.93,0.06,0.6042,739604.01,741466.026
600742.SH,20240105,9.26,9.33,9.12,9.14,9.27,-0.13,-1.4024,160352.66,147998.495
000425.SZ,20240105,5.54,5.59,5.46,5.52,5.56,-0.04,-0.7194,462543.24,256217.372
300855.SZ,20240105,28.17,28.17,27.03,27.24,28.18,-0.94,-3.3357,28302.23,77848.913
600784.SH,20240105,6.29,6.32,6.16,6.21,6.28,-0.07,-1.1146,57870.0,36077.082
300266.SZ,20240105,2.69,2.71,2.64,2.66,2.68,-0.02,-0.7463,117688.0,31550.011
300204.SZ,20240105,10.13,10.2,9.86,9.9,10.15,-0.25,-2.4631,63725.82,63669.765
002438.SZ,20240105,11.64,11.79,11.4,11.54,11.75,-0.21,-1.7872,97343.13,112654.543
300331.SZ,20240105,26.0,26.85,24.86,25.1,26.55,-1.45,-5.4614,174102.95,448728.521
600871.SH,20240105,1.84,1.87,1.83,1.84,1.85,-0.01,-0.5405,533016.0,98544.051
002112.SZ,20240105,10.6,10.72,10.32,10.43,10.57,-0.14,-1.3245,58558.0,61495.491
002715.SZ,20240105,16.15,16.41,16.06,16.08,16.2,-0.12,-0.7407,11596.51,18746.03
920885.BJ,20240105,9.6,9.87,8.81,9.08,9.78,-0.7,-7.1575,60809.78,56292.832
301089.SZ,20240105,55.49,57.45,54.36,56.3,55.5,0.8,1.4414,78108.47,438012.189
300834.SZ,20240105,21.6,21.81,21.44,21.5,21.71,-0.21,-0.9673,4534.0,9804.784
300735.SZ,20240105,21.38,21.66,20.73,20.88,21.33,-0.45,-2.1097,230132.6,485361.881
002237.SZ,20240105,11.07,11.15,10.91,10.92,11.07,-0.15,-1.355,87320.59,96092.704
301267.SZ,20240105,30.34,30.61,30.05,30.12,30.52,-0.4,-1.3106,23657.04,71735.41
002365.SZ,20240105,10.13,10.18,9.88,9.95,10.13,-0.18,-1.7769,26958.5,26940.752
300756.SZ,20240105,16.25,16.53,16.02,16.1,16.21,-0.11,-0.6786,20078.6,32641.617
301285.SZ,20240105,15.65,15.92,15.36,15.48,15.68,-0.2,-1.2755,31848.54,49736.483
003028.SZ,20240105,45.01,45.33,41.91,42.92,44.97,-2.05,-4.5586,46229.75,200778.531
301201.SZ,20240105,25.41,25.55,24.7,24.82,25.35,-0.53,-2.0907,9807.74,24603.216
301221.SZ,20240105,55.25,55.74,52.85,53.31,55.39,-2.08,-3.7552,22237.55,120300.432
300892.SZ,20240105,24.67,24.72,23.88,23.93,24.55,-0.62,-2.5255,7415.66,17969.595
300210.SZ,20240105,9.36,9.49,8.89,9.05,9.37,-0.32,-3.4152,310574.8,281884.563
002002.SZ,20240105,0.92,0.95,0.92,0.92,0.97,-0.05,-5.1546,1902658.06,175539.844
300184.SZ,20240105,5.76,5.79,5.57,5.6,5.75,-0.15,-2.6087,264925.4,150036.5
002669.SZ,20240105,11.87,11.96,11.57,11.63,11.89,-0.26,-2.1867,28899.89,33959.717
600096.SH,20240105,16.14,16.43,16.01,16.1,16.33,-0.23,-1.4085,334552.93,541441.643
000767.SZ,20240105,3.01,3.04,2.98,2.99,3.03,-0.04,-1.3201,138826.0,41838.062
002765.SZ,20240105,6.53,6.6,6.37,6.39,6.53,-0.14,-2.144,79598.0,51615.774
601058.SH,20240105,11.51,11.69,11.47,11.6,11.51,0.09,0.7819,154411.68,179185.89
301251.SZ,20240105,35.19,35.88,34.69,35.11,35.05,0.06,0.1712,19684.0,69602.516
002273.SZ,20240105,13.1,13.4,12.85,12.95,13.19,-0.24,-1.8196,197607.17,258860.91
300933.SZ,20240105,9.23,9.23,8.94,9.01,9.22,-0.21,-2.2777,73636.0,66817.275
301380.SZ,20240105,45.75,46.09,45.08,45.26,45.75,-0.49,-1.071,6680.44,30451.289
301056.SZ,20240105,10.4,10.45,10.06,10.14,10.31,-0.17,-1.6489,19046.0,19476.282
002825.SZ,20240105,8.4,8.54,8.24,8.3,8.51,-0.21,-2.4677,36867.4,30879.324
001238.SZ,20240105,23.89,24.21,23.59,23.96,23.94,0.02,0.0835,41923.0,100296.076
002372.SZ,20240105,13.98,14.26,13.82,14.02,14.07,-0.05,-0.3554,68610.09,96686.389
002657.SZ,20240105,18.14,18.21,17.5,17.6,18.14,-0.54,-2.9768,108631.0,193213.939
300879.SZ,20240105,17.21,17.4,16.7,16.88,17.23,-0.35,-2.0313,12431.0,21208.848
301157.SZ,20240105,42.85,43.29,41.75,42.1,42.59,-0.49,-1.1505,4431.0,18820.993
002481.SZ,20240105,4.4,4.41,4.27,4.29,4.4,-0.11,-2.5,121756.91,52807.379
300722.SZ,20240105,25.8,25.95,25.21,25.42,25.88,-0.46,-1.7774,24448.72,62491.426
002435.SZ,20240105,4.2,4.21,4.07,4.1,4.2,-0.1,-2.381,180379.0,74714.024
002286.SZ,20240105,8.22,8.29,8.09,8.14,8.22,-0.08,-0.9732,33778.0,27722.056
300766.SZ,20240105,15.05,15.19,14.55,14.65,14.88,-0.23,-1.5457,74520.0,110952.679
002746.SZ,20240105,6.92,6.93,6.78,6.81,6.92,-0.11,-1.5896,80854.32,55439.555
002353.SZ,20240105,28.6,29.52,28.6,29.14,28.7,0.44,1.5331,83893.94,245267.178
920263.BJ,20240105,8.36,8.49,7.63,7.92,8.35,-0.43,-5.1497,47693.17,38394.811
300398.SZ,20240105,15.0,15.12,14.6,14.73,14.94,-0.21,-1.4056,72005.92,107045.89
601010.SH,20240105,2.48,2.48,2.43,2.44,2.48,-0.04,-1.6129,83401.5,20479.348
000532.SZ,20240105,12.05,13.31,11.8,12.75,12.1,0.65,5.3719,432283.22,556366.064
601279.SH,20240105,5.75,5.79,5.61,5.65,5.74,-0.09,-1.5679,52790.0,30053.705
300990.SZ,20240105,42.22,42.58,40.72,41.02,42.02,-1.0,-2.3798,10773.11,44859.767
300591.SZ,20240105,6.08,6.14,5.9,5.94,6.08,-0.14,-2.3026,80357.9,48317.852
601018.SH,20240105,3.63,3.65,3.59,3.6,3.62,-0.02,-0.5525,159042.01,57598.88
920505.BJ,20240105,22.55,22.55,19.9,20.35,22.32,-1.97,-8.8262,15966.97,33782.825
000736.SZ,20240105,9.51,9.98,9.43,9.6,9.51,0.09,0.9464,162024.78,156921.666
300619.SZ,20240105,54.58,55.4,53.57,53.96,54.76,-0.8,-1.4609,4541.52,24665.567
002608.SZ,20240105,6.91,7.06,6.91,6.93,6.94,-0.01,-0.1441,94448.0,65949.79
600761.SH,20240105,18.35,18.42,17.99,18.11,18.42,-0.31,-1.683,54894.02,99689.511
301365.SZ,20240105,15.18,15.33,15.08,15.15,15.22,-0.07,-0.4599,10243.0,15554.74
600860.SH,20240105,13.17,13.59,13.01,13.05,13.4,-0.35,-2.6119,67385.49,89158.517
001206.SZ,20240105,16.13,16.27,15.82,15.91,16.19,-0.28,-1.7295,16545.79,26528.466
002267.SZ,20240105,7.57,7.63,7.52,7.54,7.57,-0.03,-0.3963,50027.01,37883.286
002003.SZ,20240105,10.72,10.75,10.54,10.57,10.75,-0.18,-1.6744,44303.27,47078.542
002803.SZ,20240105,20.53,20.58,19.98,20.08,20.58,-0.5,-2.4295,64395.0,130586.136
000889.SZ,20240105,2.2,2.21,2.13,2.15,2.21,-0.06,-2.7149,241570.61,52317.358
302132.SZ,20240105,43.15,43.33,42.1,42.54,43.13,-0.59,-1.368,42390.86,180934.627
